status_source,stamp_s,accepted,reason,points,fitness,rmse,processing_ms,profile_preprocess_ms,profile_deskew_ms,profile_icp_ms,profile_icp_calls,estimated_dropped_scans,pending_lidar_queue_drops,preprocess_ms,icp_ms,primary_icp_ms,prediction_icp_ms,recovery_icp_ms,recovery_prepare_ms,mapping_ms,publish_ms,other_ms,icp_calls,scan_dt_sec,dropped_scans_estimated_last,dropped_scans_estimated_total,icp_target,keyframe_added,local_map_frames,local_map_points,consecutive_rejections,recovery_active,recovery_attempted,recovery_success,recovery_provisional,recovery_confirmed,recovery_confirmations,recovery_reason,recovery_seed_yaw_offset_deg,recovery_imu_error_deg,pose_graph_nodes,pose_graph_edges,loop_closures,loop_detection_ms,optimization_ms,map_publish_ms,backend,optimized
front_end,,True,kiss_icp_odometry,,,,,,,,,,,,,,,,,,,,,,,,,,,0,,,,,,,,,,,,,,,,,,
optimized_backend,,,,,,,,,,,,,,,,,,,,,,,,,,,,,,,,,,,,,,,,,1,0,0,,,,pose_graph,False
front_end,,True,kiss_icp_odometry,,,,,,,,,,,,,,,,,,,,,,,,,,,3746,,,,,,,,,,,,,,,,,,
front_end,,True,kiss_icp_odometry,,,,,,,,,,,,,,,,,,,,,,,,,,,5915,,,,,,,,,,,,,,,,,,
front_end,,True,kiss_icp_odometry,,,,,,,,,,,,,,,,,,,,,,,,,,,7516,,,,,,,,,,,,,,,,,,
front_end,,True,kiss_icp_odometry,,,,,,,,,,,,,,,,,,,,,,,,,,,8607,,,,,,,,,,,,,,,,,,
front_end,,True,kiss_icp_odometry,,,,,,,,,,,,,,,,,,,,,,,,,,,9634,,,,,,,,,,,,,,,,,,
front_end,,True,kiss_icp_odometry,,,,,,,,,,,,,,,,,,,,,,,,,,,10461,,,,,,,,,,,,,,,,,,
front_end,,True,kiss_icp_odometry,,,,,,,,,,,,,,,,,,,,,,,,,,,11142,,,,,,,,,,,,,,,,,,
front_end,,True,kiss_icp_odometry,,,,,,,,,,,,,,,,,,,,,,,,,,,11658,,,,,,,,,,,,,,,,,,
front_end,,True,kiss_icp_odometry,,,,,,,,,,,,,,,,,,,,,,,,,,,12010,,,,,,,,,,,,,,,,,,
front_end,,True,kiss_icp_odometry,,,,,,,,,,,,,,,,,,,,,,,,,,,12436,,,,,,,,,,,,,,,,,,
front_end,,True,kiss_icp_odometry,,,,,,,,,,,,,,,,,,,,,,,,,,,12875,,,,,,,,,,,,,,,,,,
front_end,,True,kiss_icp_odometry,,,,,,,,,,,,,,,,,,,,,,,,,,,13303,,,,,,,,,,,,,,,,,,
front_end,,True,kiss_icp_odometry,,,,,,,,,,,,,,,,,,,,,,,,,,,13749,,,,,,,,,,,,,,,,,,
front_end,,True,kiss_icp_odometry,,,,,,,,,,,,,,,,,,,,,,,,,,,14123,,,,,,,,,,,,,,,,,,
front_end,,True,kiss_icp_odometry,,,,,,,,,,,,,,,,,,,,,,,,,,,14457,,,,,,,,,,,,,,,,,,
front_end,,True,kiss_icp_odometry,,,,,,,,,,,,,,,,,,,,,,,,,,,14763,,,,,,,,,,,,,,,,,,
front_end,,True,kiss_icp_odometry,,,,,,,,,,,,,,,,,,,,,,,,,,,15039,,,,,,,,,,,,,,,,,,
front_end,,True,kiss_icp_odometry,,,,,,,,,,,,,,,,,,,,,,,,,,,15258,,,,,,,,,,,,,,,,,,
front_end,,True,kiss_icp_odometry,,,,,,,,,,,,,,,,,,,,,,,,,,,15521,,,,,,,,,,,,,,,,,,
front_end,,True,kiss_icp_odometry,,,,,,,,,,,,,,,,,,,,,,,,,,,15743,,,,,,,,,,,,,,,,,,
front_end,,True,kiss_icp_odometry,,,,,,,,,,,,,,,,,,,,,,,,,,,16027,,,,,,,,,,,,,,,,,,
front_end,,True,kiss_icp_odometry,,,,,,,,,,,,,,,,,,,,,,,,,,,16269,,,,,,,,,,,,,,,,,,
front_end,,True,kiss_icp_odometry,,,,,,,,,,,,,,,,,,,,,,,,,,,16503,,,,,,,,,,,,,,,,,,
front_end,,True,kiss_icp_odometry,,,,,,,,,,,,,,,,,,,,,,,,,,,16738,,,,,,,,,,,,,,,,,,
front_end,,True,kiss_icp_odometry,,,,,,,,,,,,,,,,,,,,,,,,,,,16995,,,,,,,,,,,,,,,,,,
front_end,,True,kiss_icp_odometry,,,,,,,,,,,,,,,,,,,,,,,,,,,17223,,,,,,,,,,,,,,,,,,
front_end,,True,kiss_icp_odometry,,,,,,,,,,,,,,,,,,,,,,,,,,,17415,,,,,,,,,,,,,,,,,,
front_end,,True,kiss_icp_odometry,,,,,,,,,,,,,,,,,,,,,,,,,,,17675,,,,,,,,,,,,,,,,,,
front_end,,True,kiss_icp_odometry,,,,,,,,,,,,,,,,,,,,,,,,,,,17876,,,,,,,,,,,,,,,,,,
front_end,,True,kiss_icp_odometry,,,,,,,,,,,,,,,,,,,,,,,,,,,18080,,,,,,,,,,,,,,,,,,
front_end,,True,kiss_icp_odometry,,,,,,,,,,,,,,,,,,,,,,,,,,,18298,,,,,,,,,,,,,,,,,,
front_end,,True,kiss_icp_odometry,,,,,,,,,,,,,,,,,,,,,,,,,,,18470,,,,,,,,,,,,,,,,,,
front_end,,True,kiss_icp_odometry,,,,,,,,,,,,,,,,,,,,,,,,,,,18658,,,,,,,,,,,,,,,,,,
front_end,,True,kiss_icp_odometry,,,,,,,,,,,,,,,,,,,,,,,,,,,18820,,,,,,,,,,,,,,,,,,
front_end,,True,kiss_icp_odometry,,,,,,,,,,,,,,,,,,,,,,,,,,,18923,,,,,,,,,,,,,,,,,,
front_end,,True,kiss_icp_odometry,,,,,,,,,,,,,,,,,,,,,,,,,,,19046,,,,,,,,,,,,,,,,,,
front_end,,True,kiss_icp_odometry,,,,,,,,,,,,,,,,,,,,,,,,,,,19160,,,,,,,,,,,,,,,,,,
front_end,,True,kiss_icp_odometry,,,,,,,,,,,,,,,,,,,,,,,,,,,19269,,,,,,,,,,,,,,,,,,
front_end,,True,kiss_icp_odometry,,,,,,,,,,,,,,,,,,,,,,,,,,,19413,,,,,,,,,,,,,,,,,,
front_end,,True,kiss_icp_odometry,,,,,,,,,,,,,,,,,,,,,,,,,,,19557,,,,,,,,,,,,,,,,,,
front_end,,True,kiss_icp_odometry,,,,,,,,,,,,,,,,,,,,,,,,,,,19668,,,,,,,,,,,,,,,,,,
front_end,,True,kiss_icp_odometry,,,,,,,,,,,,,,,,,,,,,,,,,,,19804,,,,,,,,,,,,,,,,,,
front_end,,True,kiss_icp_odometry,,,,,,,,,,,,,,,,,,,,,,,,,,,19919,,,,,,,,,,,,,,,,,,
front_end,,True,kiss_icp_odometry,,,,,,,,,,,,,,,,,,,,,,,,,,,20011,,,,,,,,,,,,,,,,,,
front_end,,True,kiss_icp_odometry,,,,,,,,,,,,,,,,,,,,,,,,,,,20146,,,,,,,,,,,,,,,,,,
front_end,,True,kiss_icp_odometry,,,,,,,,,,,,,,,,,,,,,,,,,,,20257,,,,,,,,,,,,,,,,,,
front_end,,True,kiss_icp_odometry,,,,,,,,,,,,,,,,,,,,,,,,,,,20382,,,,,,,,,,,,,,,,,,
front_end,,True,kiss_icp_odometry,,,,,,,,,,,,,,,,,,,,,,,,,,,20498,,,,,,,,,,,,,,,,,,
front_end,,True,kiss_icp_odometry,,,,,,,,,,,,,,,,,,,,,,,,,,,20623,,,,,,,,,,,,,,,,,,
front_end,,True,kiss_icp_odometry,,,,,,,,,,,,,,,,,,,,,,,,,,,20749,,,,,,,,,,,,,,,,,,
front_end,,True,kiss_icp_odometry,,,,,,,,,,,,,,,,,,,,,,,,,,,20864,,,,,,,,,,,,,,,,,,
front_end,,True,kiss_icp_odometry,,,,,,,,,,,,,,,,,,,,,,,,,,,20993,,,,,,,,,,,,,,,,,,
front_end,,True,kiss_icp_odometry,,,,,,,,,,,,,,,,,,,,,,,,,,,21116,,,,,,,,,,,,,,,,,,
front_end,,True,kiss_icp_odometry,,,,,,,,,,,,,,,,,,,,,,,,,,,21246,,,,,,,,,,,,,,,,,,
front_end,,True,kiss_icp_odometry,,,,,,,,,,,,,,,,,,,,,,,,,,,21359,,,,,,,,,,,,,,,,,,
front_end,,True,kiss_icp_odometry,,,,,,,,,,,,,,,,,,,,,,,,,,,21487,,,,,,,,,,,,,,,,,,
front_end,,True,kiss_icp_odometry,,,,,,,,,,,,,,,,,,,,,,,,,,,21581,,,,,,,,,,,,,,,,,,
front_end,,True,kiss_icp_odometry,,,,,,,,,,,,,,,,,,,,,,,,,,,21673,,,,,,,,,,,,,,,,,,
front_end,,True,kiss_icp_odometry,,,,,,,,,,,,,,,,,,,,,,,,,,,21770,,,,,,,,,,,,,,,,,,
front_end,,True,kiss_icp_odometry,,,,,,,,,,,,,,,,,,,,,,,,,,,21849,,,,,,,,,,,,,,,,,,
front_end,,True,kiss_icp_odometry,,,,,,,,,,,,,,,,,,,,,,,,,,,21929,,,,,,,,,,,,,,,,,,
front_end,,True,kiss_icp_odometry,,,,,,,,,,,,,,,,,,,,,,,,,,,22004,,,,,,,,,,,,,,,,,,
front_end,,True,kiss_icp_odometry,,,,,,,,,,,,,,,,,,,,,,,,,,,22056,,,,,,,,,,,,,,,,,,
front_end,,True,kiss_icp_odometry,,,,,,,,,,,,,,,,,,,,,,,,,,,22138,,,,,,,,,,,,,,,,,,
front_end,,True,kiss_icp_odometry,,,,,,,,,,,,,,,,,,,,,,,,,,,22210,,,,,,,,,,,,,,,,,,
front_end,,True,kiss_icp_odometry,,,,,,,,,,,,,,,,,,,,,,,,,,,22307,,,,,,,,,,,,,,,,,,
front_end,,True,kiss_icp_odometry,,,,,,,,,,,,,,,,,,,,,,,,,,,22357,,,,,,,,,,,,,,,,,,
front_end,,True,kiss_icp_odometry,,,,,,,,,,,,,,,,,,,,,,,,,,,22418,,,,,,,,,,,,,,,,,,
front_end,,True,kiss_icp_odometry,,,,,,,,,,,,,,,,,,,,,,,,,,,22475,,,,,,,,,,,,,,,,,,
front_end,,True,kiss_icp_odometry,,,,,,,,,,,,,,,,,,,,,,,,,,,22541,,,,,,,,,,,,,,,,,,
front_end,,True,kiss_icp_odometry,,,,,,,,,,,,,,,,,,,,,,,,,,,22620,,,,,,,,,,,,,,,,,,
front_end,,True,kiss_icp_odometry,,,,,,,,,,,,,,,,,,,,,,,,,,,22686,,,,,,,,,,,,,,,,,,
front_end,,True,kiss_icp_odometry,,,,,,,,,,,,,,,,,,,,,,,,,,,22734,,,,,,,,,,,,,,,,,,
front_end,,True,kiss_icp_odometry,,,,,,,,,,,,,,,,,,,,,,,,,,,22912,,,,,,,,,,,,,,,,,,
front_end,,True,kiss_icp_odometry,,,,,,,,,,,,,,,,,,,,,,,,,,,23080,,,,,,,,,,,,,,,,,,
front_end,,True,kiss_icp_odometry,,,,,,,,,,,,,,,,,,,,,,,,,,,23257,,,,,,,,,,,,,,,,,,
front_end,,True,kiss_icp_odometry,,,,,,,,,,,,,,,,,,,,,,,,,,,23529,,,,,,,,,,,,,,,,,,
front_end,,True,kiss_icp_odometry,,,,,,,,,,,,,,,,,,,,,,,,,,,23920,,,,,,,,,,,,,,,,,,
front_end,,True,kiss_icp_odometry,,,,,,,,,,,,,,,,,,,,,,,,,,,24262,,,,,,,,,,,,,,,,,,
front_end,,True,kiss_icp_odometry,,,,,,,,,,,,,,,,,,,,,,,,,,,24666,,,,,,,,,,,,,,,,,,
front_end,,True,kiss_icp_odometry,,,,,,,,,,,,,,,,,,,,,,,,,,,24945,,,,,,,,,,,,,,,,,,
front_end,,True,kiss_icp_odometry,,,,,,,,,,,,,,,,,,,,,,,,,,,25183,,,,,,,,,,,,,,,,,,
front_end,,True,kiss_icp_odometry,,,,,,,,,,,,,,,,,,,,,,,,,,,25486,,,,,,,,,,,,,,,,,,
front_end,,True,kiss_icp_odometry,,,,,,,,,,,,,,,,,,,,,,,,,,,25712,,,,,,,,,,,,,,,,,,
front_end,,True,kiss_icp_odometry,,,,,,,,,,,,,,,,,,,,,,,,,,,26014,,,,,,,,,,,,,,,,,,
front_end,,True,kiss_icp_odometry,,,,,,,,,,,,,,,,,,,,,,,,,,,26289,,,,,,,,,,,,,,,,,,
front_end,,True,kiss_icp_odometry,,,,,,,,,,,,,,,,,,,,,,,,,,,26625,,,,,,,,,,,,,,,,,,
front_end,,True,kiss_icp_odometry,,,,,,,,,,,,,,,,,,,,,,,,,,,26854,,,,,,,,,,,,,,,,,,
front_end,,True,kiss_icp_odometry,,,,,,,,,,,,,,,,,,,,,,,,,,,27161,,,,,,,,,,,,,,,,,,
front_end,,True,kiss_icp_odometry,,,,,,,,,,,,,,,,,,,,,,,,,,,27438,,,,,,,,,,,,,,,,,,
front_end,,True,kiss_icp_odometry,,,,,,,,,,,,,,,,,,,,,,,,,,,27669,,,,,,,,,,,,,,,,,,
front_end,,True,kiss_icp_odometry,,,,,,,,,,,,,,,,,,,,,,,,,,,27894,,,,,,,,,,,,,,,,,,
front_end,,True,kiss_icp_odometry,,,,,,,,,,,,,,,,,,,,,,,,,,,28112,,,,,,,,,,,,,,,,,,
front_end,,True,kiss_icp_odometry,,,,,,,,,,,,,,,,,,,,,,,,,,,28381,,,,,,,,,,,,,,,,,,
front_end,,True,kiss_icp_odometry,,,,,,,,,,,,,,,,,,,,,,,,,,,28639,,,,,,,,,,,,,,,,,,
front_end,,True,kiss_icp_odometry,,,,,,,,,,,,,,,,,,,,,,,,,,,28903,,,,,,,,,,,,,,,,,,
front_end,,True,kiss_icp_odometry,,,,,,,,,,,,,,,,,,,,,,,,,,,34680,,,,,,,,,,,,,,,,,,
optimized_backend,,,,,,,,,,,,,,,,,,,,,,,,,,,,,,,,,,,,,,,,,2,1,0,,,,pose_graph,False
front_end,,True,kiss_icp_odometry,,,,,,,,,,,,,,,,,,,,,,,,,,,34952,,,,,,,,,,,,,,,,,,
front_end,,True,kiss_icp_odometry,,,,,,,,,,,,,,,,,,,,,,,,,,,35193,,,,,,,,,,,,,,,,,,
front_end,,True,kiss_icp_odometry,,,,,,,,,,,,,,,,,,,,,,,,,,,35430,,,,,,,,,,,,,,,,,,
front_end,,True,kiss_icp_odometry,,,,,,,,,,,,,,,,,,,,,,,,,,,35784,,,,,,,,,,,,,,,,,,
front_end,,True,kiss_icp_odometry,,,,,,,,,,,,,,,,,,,,,,,,,,,36015,,,,,,,,,,,,,,,,,,
front_end,,True,kiss_icp_odometry,,,,,,,,,,,,,,,,,,,,,,,,,,,36327,,,,,,,,,,,,,,,,,,
front_end,,True,kiss_icp_odometry,,,,,,,,,,,,,,,,,,,,,,,,,,,36595,,,,,,,,,,,,,,,,,,
front_end,,True,kiss_icp_odometry,,,,,,,,,,,,,,,,,,,,,,,,,,,36927,,,,,,,,,,,,,,,,,,
front_end,,True,kiss_icp_odometry,,,,,,,,,,,,,,,,,,,,,,,,,,,37391,,,,,,,,,,,,,,,,,,
front_end,,True,kiss_icp_odometry,,,,,,,,,,,,,,,,,,,,,,,,,,,37720,,,,,,,,,,,,,,,,,,
front_end,,True,kiss_icp_odometry,,,,,,,,,,,,,,,,,,,,,,,,,,,37970,,,,,,,,,,,,,,,,,,
front_end,,True,kiss_icp_odometry,,,,,,,,,,,,,,,,,,,,,,,,,,,38210,,,,,,,,,,,,,,,,,,
front_end,,True,kiss_icp_odometry,,,,,,,,,,,,,,,,,,,,,,,,,,,38423,,,,,,,,,,,,,,,,,,
front_end,,True,kiss_icp_odometry,,,,,,,,,,,,,,,,,,,,,,,,,,,38635,,,,,,,,,,,,,,,,,,
front_end,,True,kiss_icp_odometry,,,,,,,,,,,,,,,,,,,,,,,,,,,38882,,,,,,,,,,,,,,,,,,
front_end,,True,kiss_icp_odometry,,,,,,,,,,,,,,,,,,,,,,,,,,,39178,,,,,,,,,,,,,,,,,,
front_end,,True,kiss_icp_odometry,,,,,,,,,,,,,,,,,,,,,,,,,,,39397,,,,,,,,,,,,,,,,,,
front_end,,True,kiss_icp_odometry,,,,,,,,,,,,,,,,,,,,,,,,,,,39973,,,,,,,,,,,,,,,,,,
front_end,,True,kiss_icp_odometry,,,,,,,,,,,,,,,,,,,,,,,,,,,40270,,,,,,,,,,,,,,,,,,
front_end,,True,kiss_icp_odometry,,,,,,,,,,,,,,,,,,,,,,,,,,,40476,,,,,,,,,,,,,,,,,,
front_end,,True,kiss_icp_odometry,,,,,,,,,,,,,,,,,,,,,,,,,,,40664,,,,,,,,,,,,,,,,,,
front_end,,True,kiss_icp_odometry,,,,,,,,,,,,,,,,,,,,,,,,,,,40844,,,,,,,,,,,,,,,,,,
front_end,,True,kiss_icp_odometry,,,,,,,,,,,,,,,,,,,,,,,,,,,41143,,,,,,,,,,,,,,,,,,
front_end,,True,kiss_icp_odometry,,,,,,,,,,,,,,,,,,,,,,,,,,,41350,,,,,,,,,,,,,,,,,,
front_end,,True,kiss_icp_odometry,,,,,,,,,,,,,,,,,,,,,,,,,,,41566,,,,,,,,,,,,,,,,,,
front_end,,True,kiss_icp_odometry,,,,,,,,,,,,,,,,,,,,,,,,,,,41765,,,,,,,,,,,,,,,,,,
front_end,,True,kiss_icp_odometry,,,,,,,,,,,,,,,,,,,,,,,,,,,41973,,,,,,,,,,,,,,,,,,
front_end,,True,kiss_icp_odometry,,,,,,,,,,,,,,,,,,,,,,,,,,,42323,,,,,,,,,,,,,,,,,,
optimized_backend,,,,,,,,,,,,,,,,,,,,,,,,,,,,,,,,,,,,,,,,,3,2,0,,,,pose_graph,False
front_end,,True,kiss_icp_odometry,,,,,,,,,,,,,,,,,,,,,,,,,,,42570,,,,,,,,,,,,,,,,,,
front_end,,True,kiss_icp_odometry,,,,,,,,,,,,,,,,,,,,,,,,,,,42855,,,,,,,,,,,,,,,,,,
front_end,,True,kiss_icp_odometry,,,,,,,,,,,,,,,,,,,,,,,,,,,43120,,,,,,,,,,,,,,,,,,
front_end,,True,kiss_icp_odometry,,,,,,,,,,,,,,,,,,,,,,,,,,,43283,,,,,,,,,,,,,,,,,,
front_end,,True,kiss_icp_odometry,,,,,,,,,,,,,,,,,,,,,,,,,,,43501,,,,,,,,,,,,,,,,,,
front_end,,True,kiss_icp_odometry,,,,,,,,,,,,,,,,,,,,,,,,,,,43673,,,,,,,,,,,,,,,,,,
front_end,,True,kiss_icp_odometry,,,,,,,,,,,,,,,,,,,,,,,,,,,43807,,,,,,,,,,,,,,,,,,
front_end,,True,kiss_icp_odometry,,,,,,,,,,,,,,,,,,,,,,,,,,,43937,,,,,,,,,,,,,,,,,,
front_end,,True,kiss_icp_odometry,,,,,,,,,,,,,,,,,,,,,,,,,,,44074,,,,,,,,,,,,,,,,,,
front_end,,True,kiss_icp_odometry,,,,,,,,,,,,,,,,,,,,,,,,,,,44205,,,,,,,,,,,,,,,,,,
front_end,,True,kiss_icp_odometry,,,,,,,,,,,,,,,,,,,,,,,,,,,44352,,,,,,,,,,,,,,,,,,
front_end,,True,kiss_icp_odometry,,,,,,,,,,,,,,,,,,,,,,,,,,,44468,,,,,,,,,,,,,,,,,,
front_end,,True,kiss_icp_odometry,,,,,,,,,,,,,,,,,,,,,,,,,,,44576,,,,,,,,,,,,,,,,,,
front_end,,True,kiss_icp_odometry,,,,,,,,,,,,,,,,,,,,,,,,,,,44700,,,,,,,,,,,,,,,,,,
front_end,,True,kiss_icp_odometry,,,,,,,,,,,,,,,,,,,,,,,,,,,44831,,,,,,,,,,,,,,,,,,
front_end,,True,kiss_icp_odometry,,,,,,,,,,,,,,,,,,,,,,,,,,,44943,,,,,,,,,,,,,,,,,,
front_end,,True,kiss_icp_odometry,,,,,,,,,,,,,,,,,,,,,,,,,,,45046,,,,,,,,,,,,,,,,,,
front_end,,True,kiss_icp_odometry,,,,,,,,,,,,,,,,,,,,,,,,,,,45156,,,,,,,,,,,,,,,,,,
front_end,,True,kiss_icp_odometry,,,,,,,,,,,,,,,,,,,,,,,,,,,45255,,,,,,,,,,,,,,,,,,
front_end,,True,kiss_icp_odometry,,,,,,,,,,,,,,,,,,,,,,,,,,,45328,,,,,,,,,,,,,,,,,,
front_end,,True,kiss_icp_odometry,,,,,,,,,,,,,,,,,,,,,,,,,,,45738,,,,,,,,,,,,,,,,,,
front_end,,True,kiss_icp_odometry,,,,,,,,,,,,,,,,,,,,,,,,,,,45935,,,,,,,,,,,,,,,,,,
front_end,,True,kiss_icp_odometry,,,,,,,,,,,,,,,,,,,,,,,,,,,46378,,,,,,,,,,,,,,,,,,
front_end,,True,kiss_icp_odometry,,,,,,,,,,,,,,,,,,,,,,,,,,,46440,,,,,,,,,,,,,,,,,,
front_end,,True,kiss_icp_odometry,,,,,,,,,,,,,,,,,,,,,,,,,,,46508,,,,,,,,,,,,,,,,,,
front_end,,True,kiss_icp_odometry,,,,,,,,,,,,,,,,,,,,,,,,,,,46583,,,,,,,,,,,,,,,,,,
front_end,,True,kiss_icp_odometry,,,,,,,,,,,,,,,,,,,,,,,,,,,46637,,,,,,,,,,,,,,,,,,
optimized_backend,,,,,,,,,,,,,,,,,,,,,,,,,,,,,,,,,,,,,,,,,4,3,0,,,,pose_graph,False
front_end,,True,kiss_icp_odometry,,,,,,,,,,,,,,,,,,,,,,,,,,,46694,,,,,,,,,,,,,,,,,,
front_end,,True,kiss_icp_odometry,,,,,,,,,,,,,,,,,,,,,,,,,,,46977,,,,,,,,,,,,,,,,,,
front_end,,True,kiss_icp_odometry,,,,,,,,,,,,,,,,,,,,,,,,,,,47224,,,,,,,,,,,,,,,,,,
front_end,,True,kiss_icp_odometry,,,,,,,,,,,,,,,,,,,,,,,,,,,47327,,,,,,,,,,,,,,,,,,
front_end,,True,kiss_icp_odometry,,,,,,,,,,,,,,,,,,,,,,,,,,,47393,,,,,,,,,,,,,,,,,,
front_end,,True,kiss_icp_odometry,,,,,,,,,,,,,,,,,,,,,,,,,,,47472,,,,,,,,,,,,,,,,,,
optimized_backend,,,,,,,,,,,,,,,,,,,,,,,,,,,,,,,,,,,,,,,,,5,4,0,,,,pose_graph,False
front_end,,True,kiss_icp_odometry,,,,,,,,,,,,,,,,,,,,,,,,,,,47546,,,,,,,,,,,,,,,,,,
front_end,,True,kiss_icp_odometry,,,,,,,,,,,,,,,,,,,,,,,,,,,47627,,,,,,,,,,,,,,,,,,
front_end,,True,kiss_icp_odometry,,,,,,,,,,,,,,,,,,,,,,,,,,,47768,,,,,,,,,,,,,,,,,,
front_end,,True,kiss_icp_odometry,,,,,,,,,,,,,,,,,,,,,,,,,,,48163,,,,,,,,,,,,,,,,,,
front_end,,True,kiss_icp_odometry,,,,,,,,,,,,,,,,,,,,,,,,,,,48402,,,,,,,,,,,,,,,,,,
front_end,,True,kiss_icp_odometry,,,,,,,,,,,,,,,,,,,,,,,,,,,48588,,,,,,,,,,,,,,,,,,
front_end,,True,kiss_icp_odometry,,,,,,,,,,,,,,,,,,,,,,,,,,,48707,,,,,,,,,,,,,,,,,,
front_end,,True,kiss_icp_odometry,,,,,,,,,,,,,,,,,,,,,,,,,,,48800,,,,,,,,,,,,,,,,,,
front_end,,True,kiss_icp_odometry,,,,,,,,,,,,,,,,,,,,,,,,,,,48879,,,,,,,,,,,,,,,,,,
front_end,,True,kiss_icp_odometry,,,,,,,,,,,,,,,,,,,,,,,,,,,48977,,,,,,,,,,,,,,,,,,
front_end,,True,kiss_icp_odometry,,,,,,,,,,,,,,,,,,,,,,,,,,,49053,,,,,,,,,,,,,,,,,,
front_end,,True,kiss_icp_odometry,,,,,,,,,,,,,,,,,,,,,,,,,,,49141,,,,,,,,,,,,,,,,,,
front_end,,True,kiss_icp_odometry,,,,,,,,,,,,,,,,,,,,,,,,,,,49204,,,,,,,,,,,,,,,,,,
front_end,,True,kiss_icp_odometry,,,,,,,,,,,,,,,,,,,,,,,,,,,49271,,,,,,,,,,,,,,,,,,
front_end,,True,kiss_icp_odometry,,,,,,,,,,,,,,,,,,,,,,,,,,,49334,,,,,,,,,,,,,,,,,,
front_end,,True,kiss_icp_odometry,,,,,,,,,,,,,,,,,,,,,,,,,,,49386,,,,,,,,,,,,,,,,,,
front_end,,True,kiss_icp_odometry,,,,,,,,,,,,,,,,,,,,,,,,,,,49447,,,,,,,,,,,,,,,,,,
front_end,,True,kiss_icp_odometry,,,,,,,,,,,,,,,,,,,,,,,,,,,49489,,,,,,,,,,,,,,,,,,
front_end,,True,kiss_icp_odometry,,,,,,,,,,,,,,,,,,,,,,,,,,,49516,,,,,,,,,,,,,,,,,,
front_end,,True,kiss_icp_odometry,,,,,,,,,,,,,,,,,,,,,,,,,,,49554,,,,,,,,,,,,,,,,,,
front_end,,True,kiss_icp_odometry,,,,,,,,,,,,,,,,,,,,,,,,,,,49595,,,,,,,,,,,,,,,,,,
front_end,,True,kiss_icp_odometry,,,,,,,,,,,,,,,,,,,,,,,,,,,49643,,,,,,,,,,,,,,,,,,
front_end,,True,kiss_icp_odometry,,,,,,,,,,,,,,,,,,,,,,,,,,,49687,,,,,,,,,,,,,,,,,,
front_end,,True,kiss_icp_odometry,,,,,,,,,,,,,,,,,,,,,,,,,,,49732,,,,,,,,,,,,,,,,,,
front_end,,True,kiss_icp_odometry,,,,,,,,,,,,,,,,,,,,,,,,,,,49760,,,,,,,,,,,,,,,,,,
front_end,,True,kiss_icp_odometry,,,,,,,,,,,,,,,,,,,,,,,,,,,49787,,,,,,,,,,,,,,,,,,
front_end,,True,kiss_icp_odometry,,,,,,,,,,,,,,,,,,,,,,,,,,,49820,,,,,,,,,,,,,,,,,,
front_end,,True,kiss_icp_odometry,,,,,,,,,,,,,,,,,,,,,,,,,,,49846,,,,,,,,,,,,,,,,,,
front_end,,True,kiss_icp_odometry,,,,,,,,,,,,,,,,,,,,,,,,,,,49884,,,,,,,,,,,,,,,,,,
front_end,,True,kiss_icp_odometry,,,,,,,,,,,,,,,,,,,,,,,,,,,49920,,,,,,,,,,,,,,,,,,
front_end,,True,kiss_icp_odometry,,,,,,,,,,,,,,,,,,,,,,,,,,,50050,,,,,,,,,,,,,,,,,,
front_end,,True,kiss_icp_odometry,,,,,,,,,,,,,,,,,,,,,,,,,,,50189,,,,,,,,,,,,,,,,,,
front_end,,True,kiss_icp_odometry,,,,,,,,,,,,,,,,,,,,,,,,,,,50235,,,,,,,,,,,,,,,,,,
front_end,,True,kiss_icp_odometry,,,,,,,,,,,,,,,,,,,,,,,,,,,50387,,,,,,,,,,,,,,,,,,
front_end,,True,kiss_icp_odometry,,,,,,,,,,,,,,,,,,,,,,,,,,,50482,,,,,,,,,,,,,,,,,,
front_end,,True,kiss_icp_odometry,,,,,,,,,,,,,,,,,,,,,,,,,,,50670,,,,,,,,,,,,,,,,,,
front_end,,True,kiss_icp_odometry,,,,,,,,,,,,,,,,,,,,,,,,,,,50766,,,,,,,,,,,,,,,,,,
front_end,,True,kiss_icp_odometry,,,,,,,,,,,,,,,,,,,,,,,,,,,50861,,,,,,,,,,,,,,,,,,
front_end,,True,kiss_icp_odometry,,,,,,,,,,,,,,,,,,,,,,,,,,,51179,,,,,,,,,,,,,,,,,,
front_end,,True,kiss_icp_odometry,,,,,,,,,,,,,,,,,,,,,,,,,,,51292,,,,,,,,,,,,,,,,,,
front_end,,True,kiss_icp_odometry,,,,,,,,,,,,,,,,,,,,,,,,,,,51508,,,,,,,,,,,,,,,,,,
front_end,,True,kiss_icp_odometry,,,,,,,,,,,,,,,,,,,,,,,,,,,51704,,,,,,,,,,,,,,,,,,
front_end,,True,kiss_icp_odometry,,,,,,,,,,,,,,,,,,,,,,,,,,,51943,,,,,,,,,,,,,,,,,,
front_end,,True,kiss_icp_odometry,,,,,,,,,,,,,,,,,,,,,,,,,,,52083,,,,,,,,,,,,,,,,,,
front_end,,True,kiss_icp_odometry,,,,,,,,,,,,,,,,,,,,,,,,,,,52197,,,,,,,,,,,,,,,,,,
front_end,,True,kiss_icp_odometry,,,,,,,,,,,,,,,,,,,,,,,,,,,52316,,,,,,,,,,,,,,,,,,
front_end,,True,kiss_icp_odometry,,,,,,,,,,,,,,,,,,,,,,,,,,,52426,,,,,,,,,,,,,,,,,,
front_end,,True,kiss_icp_odometry,,,,,,,,,,,,,,,,,,,,,,,,,,,52535,,,,,,,,,,,,,,,,,,
front_end,,True,kiss_icp_odometry,,,,,,,,,,,,,,,,,,,,,,,,,,,52695,,,,,,,,,,,,,,,,,,
front_end,,True,kiss_icp_odometry,,,,,,,,,,,,,,,,,,,,,,,,,,,52874,,,,,,,,,,,,,,,,,,
front_end,,True,kiss_icp_odometry,,,,,,,,,,,,,,,,,,,,,,,,,,,53159,,,,,,,,,,,,,,,,,,
front_end,,True,kiss_icp_odometry,,,,,,,,,,,,,,,,,,,,,,,,,,,53475,,,,,,,,,,,,,,,,,,
front_end,,True,kiss_icp_odometry,,,,,,,,,,,,,,,,,,,,,,,,,,,53710,,,,,,,,,,,,,,,,,,
front_end,,True,kiss_icp_odometry,,,,,,,,,,,,,,,,,,,,,,,,,,,53924,,,,,,,,,,,,,,,,,,
front_end,,True,kiss_icp_odometry,,,,,,,,,,,,,,,,,,,,,,,,,,,54185,,,,,,,,,,,,,,,,,,
front_end,,True,kiss_icp_odometry,,,,,,,,,,,,,,,,,,,,,,,,,,,54393,,,,,,,,,,,,,,,,,,
front_end,,True,kiss_icp_odometry,,,,,,,,,,,,,,,,,,,,,,,,,,,54580,,,,,,,,,,,,,,,,,,
front_end,,True,kiss_icp_odometry,,,,,,,,,,,,,,,,,,,,,,,,,,,54822,,,,,,,,,,,,,,,,,,
front_end,,True,kiss_icp_odometry,,,,,,,,,,,,,,,,,,,,,,,,,,,55083,,,,,,,,,,,,,,,,,,
front_end,,True,kiss_icp_odometry,,,,,,,,,,,,,,,,,,,,,,,,,,,55413,,,,,,,,,,,,,,,,,,
front_end,,True,kiss_icp_odometry,,,,,,,,,,,,,,,,,,,,,,,,,,,55806,,,,,,,,,,,,,,,,,,
front_end,,True,kiss_icp_odometry,,,,,,,,,,,,,,,,,,,,,,,,,,,56200,,,,,,,,,,,,,,,,,,
front_end,,True,kiss_icp_odometry,,,,,,,,,,,,,,,,,,,,,,,,,,,56505,,,,,,,,,,,,,,,,,,
front_end,,True,kiss_icp_odometry,,,,,,,,,,,,,,,,,,,,,,,,,,,56747,,,,,,,,,,,,,,,,,,
optimized_backend,,,,,,,,,,,,,,,,,,,,,,,,,,,,,,,,,,,,,,,,,6,5,0,,,,pose_graph,False
front_end,,True,kiss_icp_odometry,,,,,,,,,,,,,,,,,,,,,,,,,,,57051,,,,,,,,,,,,,,,,,,
front_end,,True,kiss_icp_odometry,,,,,,,,,,,,,,,,,,,,,,,,,,,57295,,,,,,,,,,,,,,,,,,
front_end,,True,kiss_icp_odometry,,,,,,,,,,,,,,,,,,,,,,,,,,,57596,,,,,,,,,,,,,,,,,,
front_end,,True,kiss_icp_odometry,,,,,,,,,,,,,,,,,,,,,,,,,,,57927,,,,,,,,,,,,,,,,,,
front_end,,True,kiss_icp_odometry,,,,,,,,,,,,,,,,,,,,,,,,,,,58221,,,,,,,,,,,,,,,,,,
front_end,,True,kiss_icp_odometry,,,,,,,,,,,,,,,,,,,,,,,,,,,58518,,,,,,,,,,,,,,,,,,
front_end,,True,kiss_icp_odometry,,,,,,,,,,,,,,,,,,,,,,,,,,,59272,,,,,,,,,,,,,,,,,,
front_end,,True,kiss_icp_odometry,,,,,,,,,,,,,,,,,,,,,,,,,,,59595,,,,,,,,,,,,,,,,,,
front_end,,True,kiss_icp_odometry,,,,,,,,,,,,,,,,,,,,,,,,,,,59889,,,,,,,,,,,,,,,,,,
front_end,,True,kiss_icp_odometry,,,,,,,,,,,,,,,,,,,,,,,,,,,60280,,,,,,,,,,,,,,,,,,
front_end,,True,kiss_icp_odometry,,,,,,,,,,,,,,,,,,,,,,,,,,,60546,,,,,,,,,,,,,,,,,,
front_end,,True,kiss_icp_odometry,,,,,,,,,,,,,,,,,,,,,,,,,,,60838,,,,,,,,,,,,,,,,,,
front_end,,True,kiss_icp_odometry,,,,,,,,,,,,,,,,,,,,,,,,,,,61136,,,,,,,,,,,,,,,,,,
front_end,,True,kiss_icp_odometry,,,,,,,,,,,,,,,,,,,,,,,,,,,61461,,,,,,,,,,,,,,,,,,
front_end,,True,kiss_icp_odometry,,,,,,,,,,,,,,,,,,,,,,,,,,,61779,,,,,,,,,,,,,,,,,,
front_end,,True,kiss_icp_odometry,,,,,,,,,,,,,,,,,,,,,,,,,,,62130,,,,,,,,,,,,,,,,,,
front_end,,True,kiss_icp_odometry,,,,,,,,,,,,,,,,,,,,,,,,,,,62776,,,,,,,,,,,,,,,,,,
front_end,,True,kiss_icp_odometry,,,,,,,,,,,,,,,,,,,,,,,,,,,63048,,,,,,,,,,,,,,,,,,
front_end,,True,kiss_icp_odometry,,,,,,,,,,,,,,,,,,,,,,,,,,,63439,,,,,,,,,,,,,,,,,,
front_end,,True,kiss_icp_odometry,,,,,,,,,,,,,,,,,,,,,,,,,,,63753,,,,,,,,,,,,,,,,,,
front_end,,True,kiss_icp_odometry,,,,,,,,,,,,,,,,,,,,,,,,,,,64053,,,,,,,,,,,,,,,,,,
front_end,,True,kiss_icp_odometry,,,,,,,,,,,,,,,,,,,,,,,,,,,64419,,,,,,,,,,,,,,,,,,
front_end,,True,kiss_icp_odometry,,,,,,,,,,,,,,,,,,,,,,,,,,,64784,,,,,,,,,,,,,,,,,,
front_end,,True,kiss_icp_odometry,,,,,,,,,,,,,,,,,,,,,,,,,,,65087,,,,,,,,,,,,,,,,,,
optimized_backend,,,,,,,,,,,,,,,,,,,,,,,,,,,,,,,,,,,,,,,,,7,6,0,,,,pose_graph,False
front_end,,True,kiss_icp_odometry,,,,,,,,,,,,,,,,,,,,,,,,,,,65440,,,,,,,,,,,,,,,,,,
front_end,,True,kiss_icp_odometry,,,,,,,,,,,,,,,,,,,,,,,,,,,66106,,,,,,,,,,,,,,,,,,
front_end,,True,kiss_icp_odometry,,,,,,,,,,,,,,,,,,,,,,,,,,,66352,,,,,,,,,,,,,,,,,,
front_end,,True,kiss_icp_odometry,,,,,,,,,,,,,,,,,,,,,,,,,,,66750,,,,,,,,,,,,,,,,,,
front_end,,True,kiss_icp_odometry,,,,,,,,,,,,,,,,,,,,,,,,,,,67014,,,,,,,,,,,,,,,,,,
front_end,,True,kiss_icp_odometry,,,,,,,,,,,,,,,,,,,,,,,,,,,67252,,,,,,,,,,,,,,,,,,
front_end,,True,kiss_icp_odometry,,,,,,,,,,,,,,,,,,,,,,,,,,,67582,,,,,,,,,,,,,,,,,,
front_end,,True,kiss_icp_odometry,,,,,,,,,,,,,,,,,,,,,,,,,,,67903,,,,,,,,,,,,,,,,,,
front_end,,True,kiss_icp_odometry,,,,,,,,,,,,,,,,,,,,,,,,,,,68166,,,,,,,,,,,,,,,,,,
front_end,,True,kiss_icp_odometry,,,,,,,,,,,,,,,,,,,,,,,,,,,68463,,,,,,,,,,,,,,,,,,
front_end,,True,kiss_icp_odometry,,,,,,,,,,,,,,,,,,,,,,,,,,,68810,,,,,,,,,,,,,,,,,,
front_end,,True,kiss_icp_odometry,,,,,,,,,,,,,,,,,,,,,,,,,,,69102,,,,,,,,,,,,,,,,,,
front_end,,True,kiss_icp_odometry,,,,,,,,,,,,,,,,,,,,,,,,,,,69340,,,,,,,,,,,,,,,,,,
front_end,,True,kiss_icp_odometry,,,,,,,,,,,,,,,,,,,,,,,,,,,69654,,,,,,,,,,,,,,,,,,
front_end,,True,kiss_icp_odometry,,,,,,,,,,,,,,,,,,,,,,,,,,,69900,,,,,,,,,,,,,,,,,,
front_end,,True,kiss_icp_odometry,,,,,,,,,,,,,,,,,,,,,,,,,,,70155,,,,,,,,,,,,,,,,,,
front_end,,True,kiss_icp_odometry,,,,,,,,,,,,,,,,,,,,,,,,,,,70442,,,,,,,,,,,,,,,,,,
front_end,,True,kiss_icp_odometry,,,,,,,,,,,,,,,,,,,,,,,,,,,70733,,,,,,,,,,,,,,,,,,
front_end,,True,kiss_icp_odometry,,,,,,,,,,,,,,,,,,,,,,,,,,,70972,,,,,,,,,,,,,,,,,,
front_end,,True,kiss_icp_odometry,,,,,,,,,,,,,,,,,,,,,,,,,,,71275,,,,,,,,,,,,,,,,,,
front_end,,True,kiss_icp_odometry,,,,,,,,,,,,,,,,,,,,,,,,,,,71503,,,,,,,,,,,,,,,,,,
front_end,,True,kiss_icp_odometry,,,,,,,,,,,,,,,,,,,,,,,,,,,71736,,,,,,,,,,,,,,,,,,
front_end,,True,kiss_icp_odometry,,,,,,,,,,,,,,,,,,,,,,,,,,,71949,,,,,,,,,,,,,,,,,,
front_end,,True,kiss_icp_odometry,,,,,,,,,,,,,,,,,,,,,,,,,,,72229,,,,,,,,,,,,,,,,,,
front_end,,True,kiss_icp_odometry,,,,,,,,,,,,,,,,,,,,,,,,,,,72407,,,,,,,,,,,,,,,,,,
front_end,,True,kiss_icp_odometry,,,,,,,,,,,,,,,,,,,,,,,,,,,72585,,,,,,,,,,,,,,,,,,
front_end,,True,kiss_icp_odometry,,,,,,,,,,,,,,,,,,,,,,,,,,,72763,,,,,,,,,,,,,,,,,,
front_end,,True,kiss_icp_odometry,,,,,,,,,,,,,,,,,,,,,,,,,,,72975,,,,,,,,,,,,,,,,,,
front_end,,True,kiss_icp_odometry,,,,,,,,,,,,,,,,,,,,,,,,,,,73116,,,,,,,,,,,,,,,,,,
front_end,,True,kiss_icp_odometry,,,,,,,,,,,,,,,,,,,,,,,,,,,73283,,,,,,,,,,,,,,,,,,
front_end,,True,kiss_icp_odometry,,,,,,,,,,,,,,,,,,,,,,,,,,,73497,,,,,,,,,,,,,,,,,,
front_end,,True,kiss_icp_odometry,,,,,,,,,,,,,,,,,,,,,,,,,,,73666,,,,,,,,,,,,,,,,,,
front_end,,True,kiss_icp_odometry,,,,,,,,,,,,,,,,,,,,,,,,,,,73854,,,,,,,,,,,,,,,,,,
front_end,,True,kiss_icp_odometry,,,,,,,,,,,,,,,,,,,,,,,,,,,74048,,,,,,,,,,,,,,,,,,
front_end,,True,kiss_icp_odometry,,,,,,,,,,,,,,,,,,,,,,,,,,,74545,,,,,,,,,,,,,,,,,,
front_end,,True,kiss_icp_odometry,,,,,,,,,,,,,,,,,,,,,,,,,,,74716,,,,,,,,,,,,,,,,,,
front_end,,True,kiss_icp_odometry,,,,,,,,,,,,,,,,,,,,,,,,,,,74967,,,,,,,,,,,,,,,,,,
front_end,,True,kiss_icp_odometry,,,,,,,,,,,,,,,,,,,,,,,,,,,75101,,,,,,,,,,,,,,,,,,
front_end,,True,kiss_icp_odometry,,,,,,,,,,,,,,,,,,,,,,,,,,,75232,,,,,,,,,,,,,,,,,,
front_end,,True,kiss_icp_odometry,,,,,,,,,,,,,,,,,,,,,,,,,,,75341,,,,,,,,,,,,,,,,,,
front_end,,True,kiss_icp_odometry,,,,,,,,,,,,,,,,,,,,,,,,,,,75421,,,,,,,,,,,,,,,,,,
front_end,,True,kiss_icp_odometry,,,,,,,,,,,,,,,,,,,,,,,,,,,75509,,,,,,,,,,,,,,,,,,
front_end,,True,kiss_icp_odometry,,,,,,,,,,,,,,,,,,,,,,,,,,,75794,,,,,,,,,,,,,,,,,,
front_end,,True,kiss_icp_odometry,,,,,,,,,,,,,,,,,,,,,,,,,,,75898,,,,,,,,,,,,,,,,,,
front_end,,True,kiss_icp_odometry,,,,,,,,,,,,,,,,,,,,,,,,,,,76022,,,,,,,,,,,,,,,,,,
front_end,,True,kiss_icp_odometry,,,,,,,,,,,,,,,,,,,,,,,,,,,76146,,,,,,,,,,,,,,,,,,
front_end,,True,kiss_icp_odometry,,,,,,,,,,,,,,,,,,,,,,,,,,,76579,,,,,,,,,,,,,,,,,,
front_end,,True,kiss_icp_odometry,,,,,,,,,,,,,,,,,,,,,,,,,,,76579,,,,,,,,,,,,,,,,,,
front_end,,True,kiss_icp_odometry,,,,,,,,,,,,,,,,,,,,,,,,,,,76784,,,,,,,,,,,,,,,,,,
front_end,,True,kiss_icp_odometry,,,,,,,,,,,,,,,,,,,,,,,,,,,77014,,,,,,,,,,,,,,,,,,
optimized_backend,,,,,,,,,,,,,,,,,,,,,,,,,,,,,,,,,,,,,,,,,8,7,0,,,,pose_graph,False
front_end,,True,kiss_icp_odometry,,,,,,,,,,,,,,,,,,,,,,,,,,,77213,,,,,,,,,,,,,,,,,,
front_end,,True,kiss_icp_odometry,,,,,,,,,,,,,,,,,,,,,,,,,,,77418,,,,,,,,,,,,,,,,,,
front_end,,True,kiss_icp_odometry,,,,,,,,,,,,,,,,,,,,,,,,,,,77664,,,,,,,,,,,,,,,,,,
front_end,,True,kiss_icp_odometry,,,,,,,,,,,,,,,,,,,,,,,,,,,77827,,,,,,,,,,,,,,,,,,
optimized_backend,,,,,,,,,,,,,,,,,,,,,,,,,,,,,,,,,,,,,,,,,9,8,0,,,,pose_graph,False
front_end,,True,kiss_icp_odometry,,,,,,,,,,,,,,,,,,,,,,,,,,,78137,,,,,,,,,,,,,,,,,,
front_end,,True,kiss_icp_odometry,,,,,,,,,,,,,,,,,,,,,,,,,,,78242,,,,,,,,,,,,,,,,,,
front_end,,True,kiss_icp_odometry,,,,,,,,,,,,,,,,,,,,,,,,,,,78337,,,,,,,,,,,,,,,,,,
front_end,,True,kiss_icp_odometry,,,,,,,,,,,,,,,,,,,,,,,,,,,78462,,,,,,,,,,,,,,,,,,
front_end,,True,kiss_icp_odometry,,,,,,,,,,,,,,,,,,,,,,,,,,,78638,,,,,,,,,,,,,,,,,,
optimized_backend,,,,,,,,,,,,,,,,,,,,,,,,,,,,,,,,,,,,,,,,,10,9,0,,,,pose_graph,False
front_end,,True,kiss_icp_odometry,,,,,,,,,,,,,,,,,,,,,,,,,,,78751,,,,,,,,,,,,,,,,,,
front_end,,True,kiss_icp_odometry,,,,,,,,,,,,,,,,,,,,,,,,,,,78955,,,,,,,,,,,,,,,,,,
front_end,,True,kiss_icp_odometry,,,,,,,,,,,,,,,,,,,,,,,,,,,79161,,,,,,,,,,,,,,,,,,
optimized_backend,,,,,,,,,,,,,,,,,,,,,,,,,,,,,,,,,,,,,,,,,11,10,0,,,,pose_graph,False
front_end,,True,kiss_icp_odometry,,,,,,,,,,,,,,,,,,,,,,,,,,,79262,,,,,,,,,,,,,,,,,,
front_end,,True,kiss_icp_odometry,,,,,,,,,,,,,,,,,,,,,,,,,,,79370,,,,,,,,,,,,,,,,,,
front_end,,True,kiss_icp_odometry,,,,,,,,,,,,,,,,,,,,,,,,,,,79428,,,,,,,,,,,,,,,,,,
front_end,,True,kiss_icp_odometry,,,,,,,,,,,,,,,,,,,,,,,,,,,79513,,,,,,,,,,,,,,,,,,
front_end,,True,kiss_icp_odometry,,,,,,,,,,,,,,,,,,,,,,,,,,,79651,,,,,,,,,,,,,,,,,,
optimized_backend,,,,,,,,,,,,,,,,,,,,,,,,,,,,,,,,,,,,,,,,,12,11,0,,,,pose_graph,False
front_end,,True,kiss_icp_odometry,,,,,,,,,,,,,,,,,,,,,,,,,,,79731,,,,,,,,,,,,,,,,,,
front_end,,True,kiss_icp_odometry,,,,,,,,,,,,,,,,,,,,,,,,,,,79847,,,,,,,,,,,,,,,,,,
front_end,,True,kiss_icp_odometry,,,,,,,,,,,,,,,,,,,,,,,,,,,79948,,,,,,,,,,,,,,,,,,
front_end,,True,kiss_icp_odometry,,,,,,,,,,,,,,,,,,,,,,,,,,,80037,,,,,,,,,,,,,,,,,,
optimized_backend,,,,,,,,,,,,,,,,,,,,,,,,,,,,,,,,,,,,,,,,,13,12,0,,,,pose_graph,False
front_end,,True,kiss_icp_odometry,,,,,,,,,,,,,,,,,,,,,,,,,,,80130,,,,,,,,,,,,,,,,,,
front_end,,True,kiss_icp_odometry,,,,,,,,,,,,,,,,,,,,,,,,,,,80254,,,,,,,,,,,,,,,,,,
front_end,,True,kiss_icp_odometry,,,,,,,,,,,,,,,,,,,,,,,,,,,80391,,,,,,,,,,,,,,,,,,
front_end,,True,kiss_icp_odometry,,,,,,,,,,,,,,,,,,,,,,,,,,,80496,,,,,,,,,,,,,,,,,,
front_end,,True,kiss_icp_odometry,,,,,,,,,,,,,,,,,,,,,,,,,,,80818,,,,,,,,,,,,,,,,,,
front_end,,True,kiss_icp_odometry,,,,,,,,,,,,,,,,,,,,,,,,,,,80953,,,,,,,,,,,,,,,,,,
optimized_backend,,,,,,,,,,,,,,,,,,,,,,,,,,,,,,,,,,,,,,,,,14,13,0,,,,pose_graph,False
front_end,,True,kiss_icp_odometry,,,,,,,,,,,,,,,,,,,,,,,,,,,81080,,,,,,,,,,,,,,,,,,
front_end,,True,kiss_icp_odometry,,,,,,,,,,,,,,,,,,,,,,,,,,,81195,,,,,,,,,,,,,,,,,,
front_end,,True,kiss_icp_odometry,,,,,,,,,,,,,,,,,,,,,,,,,,,81417,,,,,,,,,,,,,,,,,,
front_end,,True,kiss_icp_odometry,,,,,,,,,,,,,,,,,,,,,,,,,,,81530,,,,,,,,,,,,,,,,,,
front_end,,True,kiss_icp_odometry,,,,,,,,,,,,,,,,,,,,,,,,,,,81696,,,,,,,,,,,,,,,,,,
front_end,,True,kiss_icp_odometry,,,,,,,,,,,,,,,,,,,,,,,,,,,81797,,,,,,,,,,,,,,,,,,
front_end,,True,kiss_icp_odometry,,,,,,,,,,,,,,,,,,,,,,,,,,,81914,,,,,,,,,,,,,,,,,,
front_end,,True,kiss_icp_odometry,,,,,,,,,,,,,,,,,,,,,,,,,,,82064,,,,,,,,,,,,,,,,,,
front_end,,True,kiss_icp_odometry,,,,,,,,,,,,,,,,,,,,,,,,,,,82161,,,,,,,,,,,,,,,,,,
front_end,,True,kiss_icp_odometry,,,,,,,,,,,,,,,,,,,,,,,,,,,82286,,,,,,,,,,,,,,,,,,
front_end,,True,kiss_icp_odometry,,,,,,,,,,,,,,,,,,,,,,,,,,,82412,,,,,,,,,,,,,,,,,,
front_end,,True,kiss_icp_odometry,,,,,,,,,,,,,,,,,,,,,,,,,,,82517,,,,,,,,,,,,,,,,,,
front_end,,True,kiss_icp_odometry,,,,,,,,,,,,,,,,,,,,,,,,,,,82638,,,,,,,,,,,,,,,,,,
front_end,,True,kiss_icp_odometry,,,,,,,,,,,,,,,,,,,,,,,,,,,82744,,,,,,,,,,,,,,,,,,
front_end,,True,kiss_icp_odometry,,,,,,,,,,,,,,,,,,,,,,,,,,,82857,,,,,,,,,,,,,,,,,,
front_end,,True,kiss_icp_odometry,,,,,,,,,,,,,,,,,,,,,,,,,,,82955,,,,,,,,,,,,,,,,,,
front_end,,True,kiss_icp_odometry,,,,,,,,,,,,,,,,,,,,,,,,,,,83050,,,,,,,,,,,,,,,,,,
front_end,,True,kiss_icp_odometry,,,,,,,,,,,,,,,,,,,,,,,,,,,83160,,,,,,,,,,,,,,,,,,
front_end,,True,kiss_icp_odometry,,,,,,,,,,,,,,,,,,,,,,,,,,,83258,,,,,,,,,,,,,,,,,,
front_end,,True,kiss_icp_odometry,,,,,,,,,,,,,,,,,,,,,,,,,,,83400,,,,,,,,,,,,,,,,,,
optimized_backend,,,,,,,,,,,,,,,,,,,,,,,,,,,,,,,,,,,,,,,,,15,14,0,,,,pose_graph,False
front_end,,True,kiss_icp_odometry,,,,,,,,,,,,,,,,,,,,,,,,,,,83531,,,,,,,,,,,,,,,,,,
front_end,,True,kiss_icp_odometry,,,,,,,,,,,,,,,,,,,,,,,,,,,83642,,,,,,,,,,,,,,,,,,
front_end,,True,kiss_icp_odometry,,,,,,,,,,,,,,,,,,,,,,,,,,,83731,,,,,,,,,,,,,,,,,,
front_end,,True,kiss_icp_odometry,,,,,,,,,,,,,,,,,,,,,,,,,,,83820,,,,,,,,,,,,,,,,,,
front_end,,True,kiss_icp_odometry,,,,,,,,,,,,,,,,,,,,,,,,,,,83935,,,,,,,,,,,,,,,,,,
front_end,,True,kiss_icp_odometry,,,,,,,,,,,,,,,,,,,,,,,,,,,84022,,,,,,,,,,,,,,,,,,
front_end,,True,kiss_icp_odometry,,,,,,,,,,,,,,,,,,,,,,,,,,,84093,,,,,,,,,,,,,,,,,,
front_end,,True,kiss_icp_odometry,,,,,,,,,,,,,,,,,,,,,,,,,,,84186,,,,,,,,,,,,,,,,,,
front_end,,True,kiss_icp_odometry,,,,,,,,,,,,,,,,,,,,,,,,,,,84285,,,,,,,,,,,,,,,,,,
front_end,,True,kiss_icp_odometry,,,,,,,,,,,,,,,,,,,,,,,,,,,84357,,,,,,,,,,,,,,,,,,
front_end,,True,kiss_icp_odometry,,,,,,,,,,,,,,,,,,,,,,,,,,,84427,,,,,,,,,,,,,,,,,,
front_end,,True,kiss_icp_odometry,,,,,,,,,,,,,,,,,,,,,,,,,,,84547,,,,,,,,,,,,,,,,,,
front_end,,True,kiss_icp_odometry,,,,,,,,,,,,,,,,,,,,,,,,,,,84597,,,,,,,,,,,,,,,,,,
front_end,,True,kiss_icp_odometry,,,,,,,,,,,,,,,,,,,,,,,,,,,84637,,,,,,,,,,,,,,,,,,
front_end,,True,kiss_icp_odometry,,,,,,,,,,,,,,,,,,,,,,,,,,,84690,,,,,,,,,,,,,,,,,,
front_end,,True,kiss_icp_odometry,,,,,,,,,,,,,,,,,,,,,,,,,,,84720,,,,,,,,,,,,,,,,,,
front_end,,True,kiss_icp_odometry,,,,,,,,,,,,,,,,,,,,,,,,,,,84779,,,,,,,,,,,,,,,,,,
front_end,,True,kiss_icp_odometry,,,,,,,,,,,,,,,,,,,,,,,,,,,84838,,,,,,,,,,,,,,,,,,
front_end,,True,kiss_icp_odometry,,,,,,,,,,,,,,,,,,,,,,,,,,,84898,,,,,,,,,,,,,,,,,,
front_end,,True,kiss_icp_odometry,,,,,,,,,,,,,,,,,,,,,,,,,,,84973,,,,,,,,,,,,,,,,,,
front_end,,True,kiss_icp_odometry,,,,,,,,,,,,,,,,,,,,,,,,,,,85034,,,,,,,,,,,,,,,,,,
front_end,,True,kiss_icp_odometry,,,,,,,,,,,,,,,,,,,,,,,,,,,85132,,,,,,,,,,,,,,,,,,
front_end,,True,kiss_icp_odometry,,,,,,,,,,,,,,,,,,,,,,,,,,,85227,,,,,,,,,,,,,,,,,,
front_end,,True,kiss_icp_odometry,,,,,,,,,,,,,,,,,,,,,,,,,,,85316,,,,,,,,,,,,,,,,,,
front_end,,True,kiss_icp_odometry,,,,,,,,,,,,,,,,,,,,,,,,,,,85430,,,,,,,,,,,,,,,,,,
front_end,,True,kiss_icp_odometry,,,,,,,,,,,,,,,,,,,,,,,,,,,85511,,,,,,,,,,,,,,,,,,
front_end,,True,kiss_icp_odometry,,,,,,,,,,,,,,,,,,,,,,,,,,,85676,,,,,,,,,,,,,,,,,,
front_end,,True,kiss_icp_odometry,,,,,,,,,,,,,,,,,,,,,,,,,,,85723,,,,,,,,,,,,,,,,,,
front_end,,True,kiss_icp_odometry,,,,,,,,,,,,,,,,,,,,,,,,,,,85792,,,,,,,,,,,,,,,,,,
front_end,,True,kiss_icp_odometry,,,,,,,,,,,,,,,,,,,,,,,,,,,85846,,,,,,,,,,,,,,,,,,
front_end,,True,kiss_icp_odometry,,,,,,,,,,,,,,,,,,,,,,,,,,,85932,,,,,,,,,,,,,,,,,,
front_end,,True,kiss_icp_odometry,,,,,,,,,,,,,,,,,,,,,,,,,,,85986,,,,,,,,,,,,,,,,,,
front_end,,True,kiss_icp_odometry,,,,,,,,,,,,,,,,,,,,,,,,,,,86056,,,,,,,,,,,,,,,,,,
front_end,,True,kiss_icp_odometry,,,,,,,,,,,,,,,,,,,,,,,,,,,86291,,,,,,,,,,,,,,,,,,
front_end,,True,kiss_icp_odometry,,,,,,,,,,,,,,,,,,,,,,,,,,,86500,,,,,,,,,,,,,,,,,,
front_end,,True,kiss_icp_odometry,,,,,,,,,,,,,,,,,,,,,,,,,,,86653,,,,,,,,,,,,,,,,,,
front_end,,True,kiss_icp_odometry,,,,,,,,,,,,,,,,,,,,,,,,,,,86764,,,,,,,,,,,,,,,,,,
front_end,,True,kiss_icp_odometry,,,,,,,,,,,,,,,,,,,,,,,,,,,86951,,,,,,,,,,,,,,,,,,
front_end,,True,kiss_icp_odometry,,,,,,,,,,,,,,,,,,,,,,,,,,,87191,,,,,,,,,,,,,,,,,,
front_end,,True,kiss_icp_odometry,,,,,,,,,,,,,,,,,,,,,,,,,,,87317,,,,,,,,,,,,,,,,,,
front_end,,True,kiss_icp_odometry,,,,,,,,,,,,,,,,,,,,,,,,,,,87459,,,,,,,,,,,,,,,,,,
front_end,,True,kiss_icp_odometry,,,,,,,,,,,,,,,,,,,,,,,,,,,87635,,,,,,,,,,,,,,,,,,
optimized_backend,,,,,,,,,,,,,,,,,,,,,,,,,,,,,,,,,,,,,,,,,16,15,0,,,,pose_graph,False
front_end,,True,kiss_icp_odometry,,,,,,,,,,,,,,,,,,,,,,,,,,,87931,,,,,,,,,,,,,,,,,,
front_end,,True,kiss_icp_odometry,,,,,,,,,,,,,,,,,,,,,,,,,,,88120,,,,,,,,,,,,,,,,,,
front_end,,True,kiss_icp_odometry,,,,,,,,,,,,,,,,,,,,,,,,,,,88275,,,,,,,,,,,,,,,,,,
front_end,,True,kiss_icp_odometry,,,,,,,,,,,,,,,,,,,,,,,,,,,88531,,,,,,,,,,,,,,,,,,
front_end,,True,kiss_icp_odometry,,,,,,,,,,,,,,,,,,,,,,,,,,,88902,,,,,,,,,,,,,,,,,,
front_end,,True,kiss_icp_odometry,,,,,,,,,,,,,,,,,,,,,,,,,,,89070,,,,,,,,,,,,,,,,,,
front_end,,True,kiss_icp_odometry,,,,,,,,,,,,,,,,,,,,,,,,,,,89224,,,,,,,,,,,,,,,,,,
front_end,,True,kiss_icp_odometry,,,,,,,,,,,,,,,,,,,,,,,,,,,89401,,,,,,,,,,,,,,,,,,
front_end,,True,kiss_icp_odometry,,,,,,,,,,,,,,,,,,,,,,,,,,,89574,,,,,,,,,,,,,,,,,,
front_end,,True,kiss_icp_odometry,,,,,,,,,,,,,,,,,,,,,,,,,,,89748,,,,,,,,,,,,,,,,,,
front_end,,True,kiss_icp_odometry,,,,,,,,,,,,,,,,,,,,,,,,,,,90008,,,,,,,,,,,,,,,,,,
front_end,,True,kiss_icp_odometry,,,,,,,,,,,,,,,,,,,,,,,,,,,90174,,,,,,,,,,,,,,,,,,
front_end,,True,kiss_icp_odometry,,,,,,,,,,,,,,,,,,,,,,,,,,,90434,,,,,,,,,,,,,,,,,,
front_end,,True,kiss_icp_odometry,,,,,,,,,,,,,,,,,,,,,,,,,,,90654,,,,,,,,,,,,,,,,,,
front_end,,True,kiss_icp_odometry,,,,,,,,,,,,,,,,,,,,,,,,,,,90872,,,,,,,,,,,,,,,,,,
front_end,,True,kiss_icp_odometry,,,,,,,,,,,,,,,,,,,,,,,,,,,91040,,,,,,,,,,,,,,,,,,
front_end,,True,kiss_icp_odometry,,,,,,,,,,,,,,,,,,,,,,,,,,,91227,,,,,,,,,,,,,,,,,,
front_end,,True,kiss_icp_odometry,,,,,,,,,,,,,,,,,,,,,,,,,,,91412,,,,,,,,,,,,,,,,,,
optimized_backend,,,,,,,,,,,,,,,,,,,,,,,,,,,,,,,,,,,,,,,,,17,16,0,,,,pose_graph,False
front_end,,True,kiss_icp_odometry,,,,,,,,,,,,,,,,,,,,,,,,,,,91615,,,,,,,,,,,,,,,,,,
front_end,,True,kiss_icp_odometry,,,,,,,,,,,,,,,,,,,,,,,,,,,91864,,,,,,,,,,,,,,,,,,
front_end,,True,kiss_icp_odometry,,,,,,,,,,,,,,,,,,,,,,,,,,,92124,,,,,,,,,,,,,,,,,,
front_end,,True,kiss_icp_odometry,,,,,,,,,,,,,,,,,,,,,,,,,,,92612,,,,,,,,,,,,,,,,,,
front_end,,True,kiss_icp_odometry,,,,,,,,,,,,,,,,,,,,,,,,,,,92850,,,,,,,,,,,,,,,,,,
front_end,,True,kiss_icp_odometry,,,,,,,,,,,,,,,,,,,,,,,,,,,93049,,,,,,,,,,,,,,,,,,
front_end,,True,kiss_icp_odometry,,,,,,,,,,,,,,,,,,,,,,,,,,,93313,,,,,,,,,,,,,,,,,,
front_end,,True,kiss_icp_odometry,,,,,,,,,,,,,,,,,,,,,,,,,,,93502,,,,,,,,,,,,,,,,,,
front_end,,True,kiss_icp_odometry,,,,,,,,,,,,,,,,,,,,,,,,,,,93696,,,,,,,,,,,,,,,,,,
front_end,,True,kiss_icp_odometry,,,,,,,,,,,,,,,,,,,,,,,,,,,94150,,,,,,,,,,,,,,,,,,
front_end,,True,kiss_icp_odometry,,,,,,,,,,,,,,,,,,,,,,,,,,,94375,,,,,,,,,,,,,,,,,,
front_end,,True,kiss_icp_odometry,,,,,,,,,,,,,,,,,,,,,,,,,,,94606,,,,,,,,,,,,,,,,,,
front_end,,True,kiss_icp_odometry,,,,,,,,,,,,,,,,,,,,,,,,,,,95092,,,,,,,,,,,,,,,,,,
front_end,,True,kiss_icp_odometry,,,,,,,,,,,,,,,,,,,,,,,,,,,95286,,,,,,,,,,,,,,,,,,
front_end,,True,kiss_icp_odometry,,,,,,,,,,,,,,,,,,,,,,,,,,,95476,,,,,,,,,,,,,,,,,,
front_end,,True,kiss_icp_odometry,,,,,,,,,,,,,,,,,,,,,,,,,,,95654,,,,,,,,,,,,,,,,,,
front_end,,True,kiss_icp_odometry,,,,,,,,,,,,,,,,,,,,,,,,,,,95851,,,,,,,,,,,,,,,,,,
front_end,,True,kiss_icp_odometry,,,,,,,,,,,,,,,,,,,,,,,,,,,96043,,,,,,,,,,,,,,,,,,
optimized_backend,,,,,,,,,,,,,,,,,,,,,,,,,,,,,,,,,,,,,,,,,18,17,0,,,,pose_graph,False
front_end,,True,kiss_icp_odometry,,,,,,,,,,,,,,,,,,,,,,,,,,,96218,,,,,,,,,,,,,,,,,,
front_end,,True,kiss_icp_odometry,,,,,,,,,,,,,,,,,,,,,,,,,,,96418,,,,,,,,,,,,,,,,,,
front_end,,True,kiss_icp_odometry,,,,,,,,,,,,,,,,,,,,,,,,,,,96613,,,,,,,,,,,,,,,,,,
front_end,,True,kiss_icp_odometry,,,,,,,,,,,,,,,,,,,,,,,,,,,96792,,,,,,,,,,,,,,,,,,
front_end,,True,kiss_icp_odometry,,,,,,,,,,,,,,,,,,,,,,,,,,,96994,,,,,,,,,,,,,,,,,,
front_end,,True,kiss_icp_odometry,,,,,,,,,,,,,,,,,,,,,,,,,,,97195,,,,,,,,,,,,,,,,,,
front_end,,True,kiss_icp_odometry,,,,,,,,,,,,,,,,,,,,,,,,,,,97334,,,,,,,,,,,,,,,,,,
front_end,,True,kiss_icp_odometry,,,,,,,,,,,,,,,,,,,,,,,,,,,97636,,,,,,,,,,,,,,,,,,
front_end,,True,kiss_icp_odometry,,,,,,,,,,,,,,,,,,,,,,,,,,,97817,,,,,,,,,,,,,,,,,,
front_end,,True,kiss_icp_odometry,,,,,,,,,,,,,,,,,,,,,,,,,,,98004,,,,,,,,,,,,,,,,,,
front_end,,True,kiss_icp_odometry,,,,,,,,,,,,,,,,,,,,,,,,,,,98220,,,,,,,,,,,,,,,,,,
front_end,,True,kiss_icp_odometry,,,,,,,,,,,,,,,,,,,,,,,,,,,98405,,,,,,,,,,,,,,,,,,
front_end,,True,kiss_icp_odometry,,,,,,,,,,,,,,,,,,,,,,,,,,,98605,,,,,,,,,,,,,,,,,,
front_end,,True,kiss_icp_odometry,,,,,,,,,,,,,,,,,,,,,,,,,,,98833,,,,,,,,,,,,,,,,,,
front_end,,True,kiss_icp_odometry,,,,,,,,,,,,,,,,,,,,,,,,,,,99037,,,,,,,,,,,,,,,,,,
front_end,,True,kiss_icp_odometry,,,,,,,,,,,,,,,,,,,,,,,,,,,99206,,,,,,,,,,,,,,,,,,
front_end,,True,kiss_icp_odometry,,,,,,,,,,,,,,,,,,,,,,,,,,,99370,,,,,,,,,,,,,,,,,,
front_end,,True,kiss_icp_odometry,,,,,,,,,,,,,,,,,,,,,,,,,,,99770,,,,,,,,,,,,,,,,,,
front_end,,True,kiss_icp_odometry,,,,,,,,,,,,,,,,,,,,,,,,,,,99957,,,,,,,,,,,,,,,,,,
front_end,,True,kiss_icp_odometry,,,,,,,,,,,,,,,,,,,,,,,,,,,100161,,,,,,,,,,,,,,,,,,
optimized_backend,,,,,,,,,,,,,,,,,,,,,,,,,,,,,,,,,,,,,,,,,19,18,0,,,,pose_graph,False
front_end,,True,kiss_icp_odometry,,,,,,,,,,,,,,,,,,,,,,,,,,,100424,,,,,,,,,,,,,,,,,,
front_end,,True,kiss_icp_odometry,,,,,,,,,,,,,,,,,,,,,,,,,,,101801,,,,,,,,,,,,,,,,,,
front_end,,True,kiss_icp_odometry,,,,,,,,,,,,,,,,,,,,,,,,,,,102170,,,,,,,,,,,,,,,,,,
front_end,,True,kiss_icp_odometry,,,,,,,,,,,,,,,,,,,,,,,,,,,102522,,,,,,,,,,,,,,,,,,
front_end,,True,kiss_icp_odometry,,,,,,,,,,,,,,,,,,,,,,,,,,,102852,,,,,,,,,,,,,,,,,,
front_end,,True,kiss_icp_odometry,,,,,,,,,,,,,,,,,,,,,,,,,,,103167,,,,,,,,,,,,,,,,,,
front_end,,True,kiss_icp_odometry,,,,,,,,,,,,,,,,,,,,,,,,,,,103538,,,,,,,,,,,,,,,,,,
front_end,,True,kiss_icp_odometry,,,,,,,,,,,,,,,,,,,,,,,,,,,103917,,,,,,,,,,,,,,,,,,
front_end,,True,kiss_icp_odometry,,,,,,,,,,,,,,,,,,,,,,,,,,,104246,,,,,,,,,,,,,,,,,,
front_end,,True,kiss_icp_odometry,,,,,,,,,,,,,,,,,,,,,,,,,,,104574,,,,,,,,,,,,,,,,,,
front_end,,True,kiss_icp_odometry,,,,,,,,,,,,,,,,,,,,,,,,,,,104919,,,,,,,,,,,,,,,,,,
front_end,,True,kiss_icp_odometry,,,,,,,,,,,,,,,,,,,,,,,,,,,105173,,,,,,,,,,,,,,,,,,
front_end,,True,kiss_icp_odometry,,,,,,,,,,,,,,,,,,,,,,,,,,,105480,,,,,,,,,,,,,,,,,,
front_end,,True,kiss_icp_odometry,,,,,,,,,,,,,,,,,,,,,,,,,,,105820,,,,,,,,,,,,,,,,,,
front_end,,True,kiss_icp_odometry,,,,,,,,,,,,,,,,,,,,,,,,,,,106180,,,,,,,,,,,,,,,,,,
front_end,,True,kiss_icp_odometry,,,,,,,,,,,,,,,,,,,,,,,,,,,106441,,,,,,,,,,,,,,,,,,
front_end,,True,kiss_icp_odometry,,,,,,,,,,,,,,,,,,,,,,,,,,,106833,,,,,,,,,,,,,,,,,,
optimized_backend,,,,,,,,,,,,,,,,,,,,,,,,,,,,,,,,,,,,,,,,,20,19,0,,,,pose_graph,False
front_end,,True,kiss_icp_odometry,,,,,,,,,,,,,,,,,,,,,,,,,,,107134,,,,,,,,,,,,,,,,,,
front_end,,True,kiss_icp_odometry,,,,,,,,,,,,,,,,,,,,,,,,,,,107527,,,,,,,,,,,,,,,,,,
front_end,,True,kiss_icp_odometry,,,,,,,,,,,,,,,,,,,,,,,,,,,107817,,,,,,,,,,,,,,,,,,
front_end,,True,kiss_icp_odometry,,,,,,,,,,,,,,,,,,,,,,,,,,,108082,,,,,,,,,,,,,,,,,,
front_end,,True,kiss_icp_odometry,,,,,,,,,,,,,,,,,,,,,,,,,,,108348,,,,,,,,,,,,,,,,,,
front_end,,True,kiss_icp_odometry,,,,,,,,,,,,,,,,,,,,,,,,,,,108689,,,,,,,,,,,,,,,,,,
front_end,,True,kiss_icp_odometry,,,,,,,,,,,,,,,,,,,,,,,,,,,109034,,,,,,,,,,,,,,,,,,
front_end,,True,kiss_icp_odometry,,,,,,,,,,,,,,,,,,,,,,,,,,,109286,,,,,,,,,,,,,,,,,,
front_end,,True,kiss_icp_odometry,,,,,,,,,,,,,,,,,,,,,,,,,,,109519,,,,,,,,,,,,,,,,,,
front_end,,True,kiss_icp_odometry,,,,,,,,,,,,,,,,,,,,,,,,,,,109838,,,,,,,,,,,,,,,,,,
front_end,,True,kiss_icp_odometry,,,,,,,,,,,,,,,,,,,,,,,,,,,110082,,,,,,,,,,,,,,,,,,
front_end,,True,kiss_icp_odometry,,,,,,,,,,,,,,,,,,,,,,,,,,,110483,,,,,,,,,,,,,,,,,,
front_end,,True,kiss_icp_odometry,,,,,,,,,,,,,,,,,,,,,,,,,,,110723,,,,,,,,,,,,,,,,,,
front_end,,True,kiss_icp_odometry,,,,,,,,,,,,,,,,,,,,,,,,,,,111004,,,,,,,,,,,,,,,,,,
front_end,,True,kiss_icp_odometry,,,,,,,,,,,,,,,,,,,,,,,,,,,111219,,,,,,,,,,,,,,,,,,
front_end,,True,kiss_icp_odometry,,,,,,,,,,,,,,,,,,,,,,,,,,,111833,,,,,,,,,,,,,,,,,,
front_end,,True,kiss_icp_odometry,,,,,,,,,,,,,,,,,,,,,,,,,,,112068,,,,,,,,,,,,,,,,,,
front_end,,True,kiss_icp_odometry,,,,,,,,,,,,,,,,,,,,,,,,,,,112293,,,,,,,,,,,,,,,,,,
optimized_backend,,,,,,,,,,,,,,,,,,,,,,,,,,,,,,,,,,,,,,,,,21,20,0,,,,pose_graph,False
front_end,,True,kiss_icp_odometry,,,,,,,,,,,,,,,,,,,,,,,,,,,112500,,,,,,,,,,,,,,,,,,
front_end,,True,kiss_icp_odometry,,,,,,,,,,,,,,,,,,,,,,,,,,,112691,,,,,,,,,,,,,,,,,,
front_end,,True,kiss_icp_odometry,,,,,,,,,,,,,,,,,,,,,,,,,,,113091,,,,,,,,,,,,,,,,,,
front_end,,True,kiss_icp_odometry,,,,,,,,,,,,,,,,,,,,,,,,,,,113294,,,,,,,,,,,,,,,,,,
front_end,,True,kiss_icp_odometry,,,,,,,,,,,,,,,,,,,,,,,,,,,113565,,,,,,,,,,,,,,,,,,
front_end,,True,kiss_icp_odometry,,,,,,,,,,,,,,,,,,,,,,,,,,,114105,,,,,,,,,,,,,,,,,,
front_end,,True,kiss_icp_odometry,,,,,,,,,,,,,,,,,,,,,,,,,,,114306,,,,,,,,,,,,,,,,,,
front_end,,True,kiss_icp_odometry,,,,,,,,,,,,,,,,,,,,,,,,,,,114494,,,,,,,,,,,,,,,,,,
front_end,,True,kiss_icp_odometry,,,,,,,,,,,,,,,,,,,,,,,,,,,114701,,,,,,,,,,,,,,,,,,
front_end,,True,kiss_icp_odometry,,,,,,,,,,,,,,,,,,,,,,,,,,,114907,,,,,,,,,,,,,,,,,,
front_end,,True,kiss_icp_odometry,,,,,,,,,,,,,,,,,,,,,,,,,,,115108,,,,,,,,,,,,,,,,,,
front_end,,True,kiss_icp_odometry,,,,,,,,,,,,,,,,,,,,,,,,,,,115292,,,,,,,,,,,,,,,,,,
front_end,,True,kiss_icp_odometry,,,,,,,,,,,,,,,,,,,,,,,,,,,115508,,,,,,,,,,,,,,,,,,
front_end,,True,kiss_icp_odometry,,,,,,,,,,,,,,,,,,,,,,,,,,,115666,,,,,,,,,,,,,,,,,,
front_end,,True,kiss_icp_odometry,,,,,,,,,,,,,,,,,,,,,,,,,,,115809,,,,,,,,,,,,,,,,,,
front_end,,True,kiss_icp_odometry,,,,,,,,,,,,,,,,,,,,,,,,,,,116146,,,,,,,,,,,,,,,,,,
front_end,,True,kiss_icp_odometry,,,,,,,,,,,,,,,,,,,,,,,,,,,116428,,,,,,,,,,,,,,,,,,
front_end,,True,kiss_icp_odometry,,,,,,,,,,,,,,,,,,,,,,,,,,,116607,,,,,,,,,,,,,,,,,,
front_end,,True,kiss_icp_odometry,,,,,,,,,,,,,,,,,,,,,,,,,,,116800,,,,,,,,,,,,,,,,,,
front_end,,True,kiss_icp_odometry,,,,,,,,,,,,,,,,,,,,,,,,,,,116957,,,,,,,,,,,,,,,,,,
front_end,,True,kiss_icp_odometry,,,,,,,,,,,,,,,,,,,,,,,,,,,117093,,,,,,,,,,,,,,,,,,
front_end,,True,kiss_icp_odometry,,,,,,,,,,,,,,,,,,,,,,,,,,,117170,,,,,,,,,,,,,,,,,,
front_end,,True,kiss_icp_odometry,,,,,,,,,,,,,,,,,,,,,,,,,,,117270,,,,,,,,,,,,,,,,,,
front_end,,True,kiss_icp_odometry,,,,,,,,,,,,,,,,,,,,,,,,,,,117358,,,,,,,,,,,,,,,,,,
front_end,,True,kiss_icp_odometry,,,,,,,,,,,,,,,,,,,,,,,,,,,117435,,,,,,,,,,,,,,,,,,
front_end,,True,kiss_icp_odometry,,,,,,,,,,,,,,,,,,,,,,,,,,,117513,,,,,,,,,,,,,,,,,,
front_end,,True,kiss_icp_odometry,,,,,,,,,,,,,,,,,,,,,,,,,,,117571,,,,,,,,,,,,,,,,,,
front_end,,True,kiss_icp_odometry,,,,,,,,,,,,,,,,,,,,,,,,,,,117628,,,,,,,,,,,,,,,,,,
front_end,,True,kiss_icp_odometry,,,,,,,,,,,,,,,,,,,,,,,,,,,117688,,,,,,,,,,,,,,,,,,
front_end,,True,kiss_icp_odometry,,,,,,,,,,,,,,,,,,,,,,,,,,,117813,,,,,,,,,,,,,,,,,,
front_end,,True,kiss_icp_odometry,,,,,,,,,,,,,,,,,,,,,,,,,,,117855,,,,,,,,,,,,,,,,,,
front_end,,True,kiss_icp_odometry,,,,,,,,,,,,,,,,,,,,,,,,,,,117905,,,,,,,,,,,,,,,,,,
front_end,,True,kiss_icp_odometry,,,,,,,,,,,,,,,,,,,,,,,,,,,117955,,,,,,,,,,,,,,,,,,
front_end,,True,kiss_icp_odometry,,,,,,,,,,,,,,,,,,,,,,,,,,,118008,,,,,,,,,,,,,,,,,,
front_end,,True,kiss_icp_odometry,,,,,,,,,,,,,,,,,,,,,,,,,,,118073,,,,,,,,,,,,,,,,,,
front_end,,True,kiss_icp_odometry,,,,,,,,,,,,,,,,,,,,,,,,,,,118134,,,,,,,,,,,,,,,,,,
front_end,,True,kiss_icp_odometry,,,,,,,,,,,,,,,,,,,,,,,,,,,118190,,,,,,,,,,,,,,,,,,
front_end,,True,kiss_icp_odometry,,,,,,,,,,,,,,,,,,,,,,,,,,,118350,,,,,,,,,,,,,,,,,,
front_end,,True,kiss_icp_odometry,,,,,,,,,,,,,,,,,,,,,,,,,,,118456,,,,,,,,,,,,,,,,,,
front_end,,True,kiss_icp_odometry,,,,,,,,,,,,,,,,,,,,,,,,,,,118587,,,,,,,,,,,,,,,,,,
front_end,,True,kiss_icp_odometry,,,,,,,,,,,,,,,,,,,,,,,,,,,118707,,,,,,,,,,,,,,,,,,
front_end,,True,kiss_icp_odometry,,,,,,,,,,,,,,,,,,,,,,,,,,,118822,,,,,,,,,,,,,,,,,,
optimized_backend,,,,,,,,,,,,,,,,,,,,,,,,,,,,,,,,,,,,,,,,,22,21,0,,,,pose_graph,False
front_end,,True,kiss_icp_odometry,,,,,,,,,,,,,,,,,,,,,,,,,,,118909,,,,,,,,,,,,,,,,,,
front_end,,True,kiss_icp_odometry,,,,,,,,,,,,,,,,,,,,,,,,,,,118994,,,,,,,,,,,,,,,,,,
front_end,,True,kiss_icp_odometry,,,,,,,,,,,,,,,,,,,,,,,,,,,119073,,,,,,,,,,,,,,,,,,
front_end,,True,kiss_icp_odometry,,,,,,,,,,,,,,,,,,,,,,,,,,,119145,,,,,,,,,,,,,,,,,,
front_end,,True,kiss_icp_odometry,,,,,,,,,,,,,,,,,,,,,,,,,,,119192,,,,,,,,,,,,,,,,,,
front_end,,True,kiss_icp_odometry,,,,,,,,,,,,,,,,,,,,,,,,,,,119263,,,,,,,,,,,,,,,,,,
front_end,,True,kiss_icp_odometry,,,,,,,,,,,,,,,,,,,,,,,,,,,119338,,,,,,,,,,,,,,,,,,
optimized_backend,,,,,,,,,,,,,,,,,,,,,,,,,,,,,,,,,,,,,,,,,23,22,0,,,,pose_graph,False
front_end,,True,kiss_icp_odometry,,,,,,,,,,,,,,,,,,,,,,,,,,,119412,,,,,,,,,,,,,,,,,,
front_end,,True,kiss_icp_odometry,,,,,,,,,,,,,,,,,,,,,,,,,,,119477,,,,,,,,,,,,,,,,,,
front_end,,True,kiss_icp_odometry,,,,,,,,,,,,,,,,,,,,,,,,,,,119545,,,,,,,,,,,,,,,,,,
front_end,,True,kiss_icp_odometry,,,,,,,,,,,,,,,,,,,,,,,,,,,119611,,,,,,,,,,,,,,,,,,
front_end,,True,kiss_icp_odometry,,,,,,,,,,,,,,,,,,,,,,,,,,,119676,,,,,,,,,,,,,,,,,,
front_end,,True,kiss_icp_odometry,,,,,,,,,,,,,,,,,,,,,,,,,,,119730,,,,,,,,,,,,,,,,,,
optimized_backend,,,,,,,,,,,,,,,,,,,,,,,,,,,,,,,,,,,,,,,,,24,23,0,,,,pose_graph,False
front_end,,True,kiss_icp_odometry,,,,,,,,,,,,,,,,,,,,,,,,,,,119787,,,,,,,,,,,,,,,,,,
front_end,,True,kiss_icp_odometry,,,,,,,,,,,,,,,,,,,,,,,,,,,119858,,,,,,,,,,,,,,,,,,
front_end,,True,kiss_icp_odometry,,,,,,,,,,,,,,,,,,,,,,,,,,,119942,,,,,,,,,,,,,,,,,,
front_end,,True,kiss_icp_odometry,,,,,,,,,,,,,,,,,,,,,,,,,,,120038,,,,,,,,,,,,,,,,,,
front_end,,True,kiss_icp_odometry,,,,,,,,,,,,,,,,,,,,,,,,,,,120122,,,,,,,,,,,,,,,,,,
front_end,,True,kiss_icp_odometry,,,,,,,,,,,,,,,,,,,,,,,,,,,120189,,,,,,,,,,,,,,,,,,
front_end,,True,kiss_icp_odometry,,,,,,,,,,,,,,,,,,,,,,,,,,,120268,,,,,,,,,,,,,,,,,,
front_end,,True,kiss_icp_odometry,,,,,,,,,,,,,,,,,,,,,,,,,,,120332,,,,,,,,,,,,,,,,,,
optimized_backend,,,,,,,,,,,,,,,,,,,,,,,,,,,,,,,,,,,,,,,,,25,24,0,,,,pose_graph,False
front_end,,True,kiss_icp_odometry,,,,,,,,,,,,,,,,,,,,,,,,,,,120410,,,,,,,,,,,,,,,,,,
front_end,,True,kiss_icp_odometry,,,,,,,,,,,,,,,,,,,,,,,,,,,120470,,,,,,,,,,,,,,,,,,
front_end,,True,kiss_icp_odometry,,,,,,,,,,,,,,,,,,,,,,,,,,,120519,,,,,,,,,,,,,,,,,,
front_end,,True,kiss_icp_odometry,,,,,,,,,,,,,,,,,,,,,,,,,,,120576,,,,,,,,,,,,,,,,,,
front_end,,True,kiss_icp_odometry,,,,,,,,,,,,,,,,,,,,,,,,,,,120688,,,,,,,,,,,,,,,,,,
front_end,,True,kiss_icp_odometry,,,,,,,,,,,,,,,,,,,,,,,,,,,120733,,,,,,,,,,,,,,,,,,
front_end,,True,kiss_icp_odometry,,,,,,,,,,,,,,,,,,,,,,,,,,,120786,,,,,,,,,,,,,,,,,,
front_end,,True,kiss_icp_odometry,,,,,,,,,,,,,,,,,,,,,,,,,,,120857,,,,,,,,,,,,,,,,,,
optimized_backend,,,,,,,,,,,,,,,,,,,,,,,,,,,,,,,,,,,,,,,,,26,25,0,,,,pose_graph,False
front_end,,True,kiss_icp_odometry,,,,,,,,,,,,,,,,,,,,,,,,,,,120934,,,,,,,,,,,,,,,,,,
front_end,,True,kiss_icp_odometry,,,,,,,,,,,,,,,,,,,,,,,,,,,120999,,,,,,,,,,,,,,,,,,
front_end,,True,kiss_icp_odometry,,,,,,,,,,,,,,,,,,,,,,,,,,,121110,,,,,,,,,,,,,,,,,,
front_end,,True,kiss_icp_odometry,,,,,,,,,,,,,,,,,,,,,,,,,,,121227,,,,,,,,,,,,,,,,,,
front_end,,True,kiss_icp_odometry,,,,,,,,,,,,,,,,,,,,,,,,,,,121325,,,,,,,,,,,,,,,,,,
optimized_backend,,,,,,,,,,,,,,,,,,,,,,,,,,,,,,,,,,,,,,,,,27,26,0,,,,pose_graph,False
front_end,,True,kiss_icp_odometry,,,,,,,,,,,,,,,,,,,,,,,,,,,121397,,,,,,,,,,,,,,,,,,
front_end,,True,kiss_icp_odometry,,,,,,,,,,,,,,,,,,,,,,,,,,,121469,,,,,,,,,,,,,,,,,,
front_end,,True,kiss_icp_odometry,,,,,,,,,,,,,,,,,,,,,,,,,,,121546,,,,,,,,,,,,,,,,,,
front_end,,True,kiss_icp_odometry,,,,,,,,,,,,,,,,,,,,,,,,,,,122052,,,,,,,,,,,,,,,,,,
optimized_backend,,,,,,,,,,,,,,,,,,,,,,,,,,,,,,,,,,,,,,,,,28,27,0,,,,pose_graph,False
front_end,,True,kiss_icp_odometry,,,,,,,,,,,,,,,,,,,,,,,,,,,122200,,,,,,,,,,,,,,,,,,
front_end,,True,kiss_icp_odometry,,,,,,,,,,,,,,,,,,,,,,,,,,,122234,,,,,,,,,,,,,,,,,,
front_end,,True,kiss_icp_odometry,,,,,,,,,,,,,,,,,,,,,,,,,,,122295,,,,,,,,,,,,,,,,,,
front_end,,True,kiss_icp_odometry,,,,,,,,,,,,,,,,,,,,,,,,,,,122366,,,,,,,,,,,,,,,,,,
front_end,,True,kiss_icp_odometry,,,,,,,,,,,,,,,,,,,,,,,,,,,122409,,,,,,,,,,,,,,,,,,
front_end,,True,kiss_icp_odometry,,,,,,,,,,,,,,,,,,,,,,,,,,,122601,,,,,,,,,,,,,,,,,,
front_end,,True,kiss_icp_odometry,,,,,,,,,,,,,,,,,,,,,,,,,,,122645,,,,,,,,,,,,,,,,,,
front_end,,True,kiss_icp_odometry,,,,,,,,,,,,,,,,,,,,,,,,,,,122675,,,,,,,,,,,,,,,,,,
front_end,,True,kiss_icp_odometry,,,,,,,,,,,,,,,,,,,,,,,,,,,122734,,,,,,,,,,,,,,,,,,
front_end,,True,kiss_icp_odometry,,,,,,,,,,,,,,,,,,,,,,,,,,,122788,,,,,,,,,,,,,,,,,,
front_end,,True,kiss_icp_odometry,,,,,,,,,,,,,,,,,,,,,,,,,,,122820,,,,,,,,,,,,,,,,,,
front_end,,True,kiss_icp_odometry,,,,,,,,,,,,,,,,,,,,,,,,,,,122877,,,,,,,,,,,,,,,,,,
front_end,,True,kiss_icp_odometry,,,,,,,,,,,,,,,,,,,,,,,,,,,122903,,,,,,,,,,,,,,,,,,
front_end,,True,kiss_icp_odometry,,,,,,,,,,,,,,,,,,,,,,,,,,,122965,,,,,,,,,,,,,,,,,,
front_end,,True,kiss_icp_odometry,,,,,,,,,,,,,,,,,,,,,,,,,,,123002,,,,,,,,,,,,,,,,,,
front_end,,True,kiss_icp_odometry,,,,,,,,,,,,,,,,,,,,,,,,,,,123084,,,,,,,,,,,,,,,,,,
optimized_backend,,,,,,,,,,,,,,,,,,,,,,,,,,,,,,,,,,,,,,,,,29,28,0,,,,pose_graph,False
front_end,,True,kiss_icp_odometry,,,,,,,,,,,,,,,,,,,,,,,,,,,123145,,,,,,,,,,,,,,,,,,
front_end,,True,kiss_icp_odometry,,,,,,,,,,,,,,,,,,,,,,,,,,,123175,,,,,,,,,,,,,,,,,,
front_end,,True,kiss_icp_odometry,,,,,,,,,,,,,,,,,,,,,,,,,,,123217,,,,,,,,,,,,,,,,,,
front_end,,True,kiss_icp_odometry,,,,,,,,,,,,,,,,,,,,,,,,,,,123308,,,,,,,,,,,,,,,,,,
front_end,,True,kiss_icp_odometry,,,,,,,,,,,,,,,,,,,,,,,,,,,123346,,,,,,,,,,,,,,,,,,
front_end,,True,kiss_icp_odometry,,,,,,,,,,,,,,,,,,,,,,,,,,,123380,,,,,,,,,,,,,,,,,,
front_end,,True,kiss_icp_odometry,,,,,,,,,,,,,,,,,,,,,,,,,,,123455,,,,,,,,,,,,,,,,,,
front_end,,True,kiss_icp_odometry,,,,,,,,,,,,,,,,,,,,,,,,,,,123483,,,,,,,,,,,,,,,,,,
front_end,,True,kiss_icp_odometry,,,,,,,,,,,,,,,,,,,,,,,,,,,123513,,,,,,,,,,,,,,,,,,
front_end,,True,kiss_icp_odometry,,,,,,,,,,,,,,,,,,,,,,,,,,,123537,,,,,,,,,,,,,,,,,,
front_end,,True,kiss_icp_odometry,,,,,,,,,,,,,,,,,,,,,,,,,,,123552,,,,,,,,,,,,,,,,,,
front_end,,True,kiss_icp_odometry,,,,,,,,,,,,,,,,,,,,,,,,,,,123562,,,,,,,,,,,,,,,,,,
front_end,,True,kiss_icp_odometry,,,,,,,,,,,,,,,,,,,,,,,,,,,123613,,,,,,,,,,,,,,,,,,
front_end,,True,kiss_icp_odometry,,,,,,,,,,,,,,,,,,,,,,,,,,,123633,,,,,,,,,,,,,,,,,,
front_end,,True,kiss_icp_odometry,,,,,,,,,,,,,,,,,,,,,,,,,,,123660,,,,,,,,,,,,,,,,,,
front_end,,True,kiss_icp_odometry,,,,,,,,,,,,,,,,,,,,,,,,,,,123671,,,,,,,,,,,,,,,,,,
front_end,,True,kiss_icp_odometry,,,,,,,,,,,,,,,,,,,,,,,,,,,123702,,,,,,,,,,,,,,,,,,
front_end,,True,kiss_icp_odometry,,,,,,,,,,,,,,,,,,,,,,,,,,,123731,,,,,,,,,,,,,,,,,,
front_end,,True,kiss_icp_odometry,,,,,,,,,,,,,,,,,,,,,,,,,,,123859,,,,,,,,,,,,,,,,,,
front_end,,True,kiss_icp_odometry,,,,,,,,,,,,,,,,,,,,,,,,,,,123932,,,,,,,,,,,,,,,,,,
front_end,,True,kiss_icp_odometry,,,,,,,,,,,,,,,,,,,,,,,,,,,124027,,,,,,,,,,,,,,,,,,
front_end,,True,kiss_icp_odometry,,,,,,,,,,,,,,,,,,,,,,,,,,,124064,,,,,,,,,,,,,,,,,,
front_end,,True,kiss_icp_odometry,,,,,,,,,,,,,,,,,,,,,,,,,,,124114,,,,,,,,,,,,,,,,,,
front_end,,True,kiss_icp_odometry,,,,,,,,,,,,,,,,,,,,,,,,,,,124160,,,,,,,,,,,,,,,,,,
front_end,,True,kiss_icp_odometry,,,,,,,,,,,,,,,,,,,,,,,,,,,124188,,,,,,,,,,,,,,,,,,
front_end,,True,kiss_icp_odometry,,,,,,,,,,,,,,,,,,,,,,,,,,,124237,,,,,,,,,,,,,,,,,,
front_end,,True,kiss_icp_odometry,,,,,,,,,,,,,,,,,,,,,,,,,,,124293,,,,,,,,,,,,,,,,,,
front_end,,True,kiss_icp_odometry,,,,,,,,,,,,,,,,,,,,,,,,,,,124354,,,,,,,,,,,,,,,,,,
front_end,,True,kiss_icp_odometry,,,,,,,,,,,,,,,,,,,,,,,,,,,124396,,,,,,,,,,,,,,,,,,
front_end,,True,kiss_icp_odometry,,,,,,,,,,,,,,,,,,,,,,,,,,,124449,,,,,,,,,,,,,,,,,,
front_end,,True,kiss_icp_odometry,,,,,,,,,,,,,,,,,,,,,,,,,,,124510,,,,,,,,,,,,,,,,,,
front_end,,True,kiss_icp_odometry,,,,,,,,,,,,,,,,,,,,,,,,,,,124583,,,,,,,,,,,,,,,,,,
front_end,,True,kiss_icp_odometry,,,,,,,,,,,,,,,,,,,,,,,,,,,124646,,,,,,,,,,,,,,,,,,
front_end,,True,kiss_icp_odometry,,,,,,,,,,,,,,,,,,,,,,,,,,,124722,,,,,,,,,,,,,,,,,,
front_end,,True,kiss_icp_odometry,,,,,,,,,,,,,,,,,,,,,,,,,,,124819,,,,,,,,,,,,,,,,,,
front_end,,True,kiss_icp_odometry,,,,,,,,,,,,,,,,,,,,,,,,,,,124894,,,,,,,,,,,,,,,,,,
front_end,,True,kiss_icp_odometry,,,,,,,,,,,,,,,,,,,,,,,,,,,124957,,,,,,,,,,,,,,,,,,
optimized_backend,,,,,,,,,,,,,,,,,,,,,,,,,,,,,,,,,,,,,,,,,30,29,0,,,,pose_graph,False
front_end,,True,kiss_icp_odometry,,,,,,,,,,,,,,,,,,,,,,,,,,,125039,,,,,,,,,,,,,,,,,,
front_end,,True,kiss_icp_odometry,,,,,,,,,,,,,,,,,,,,,,,,,,,125093,,,,,,,,,,,,,,,,,,
front_end,,True,kiss_icp_odometry,,,,,,,,,,,,,,,,,,,,,,,,,,,125219,,,,,,,,,,,,,,,,,,
front_end,,True,kiss_icp_odometry,,,,,,,,,,,,,,,,,,,,,,,,,,,125295,,,,,,,,,,,,,,,,,,
front_end,,True,kiss_icp_odometry,,,,,,,,,,,,,,,,,,,,,,,,,,,125386,,,,,,,,,,,,,,,,,,
front_end,,True,kiss_icp_odometry,,,,,,,,,,,,,,,,,,,,,,,,,,,125457,,,,,,,,,,,,,,,,,,
front_end,,True,kiss_icp_odometry,,,,,,,,,,,,,,,,,,,,,,,,,,,125544,,,,,,,,,,,,,,,,,,
front_end,,True,kiss_icp_odometry,,,,,,,,,,,,,,,,,,,,,,,,,,,125636,,,,,,,,,,,,,,,,,,
front_end,,True,kiss_icp_odometry,,,,,,,,,,,,,,,,,,,,,,,,,,,125724,,,,,,,,,,,,,,,,,,
front_end,,True,kiss_icp_odometry,,,,,,,,,,,,,,,,,,,,,,,,,,,125785,,,,,,,,,,,,,,,,,,
front_end,,True,kiss_icp_odometry,,,,,,,,,,,,,,,,,,,,,,,,,,,125857,,,,,,,,,,,,,,,,,,
front_end,,True,kiss_icp_odometry,,,,,,,,,,,,,,,,,,,,,,,,,,,125924,,,,,,,,,,,,,,,,,,
front_end,,True,kiss_icp_odometry,,,,,,,,,,,,,,,,,,,,,,,,,,,126019,,,,,,,,,,,,,,,,,,
front_end,,True,kiss_icp_odometry,,,,,,,,,,,,,,,,,,,,,,,,,,,126143,,,,,,,,,,,,,,,,,,
front_end,,True,kiss_icp_odometry,,,,,,,,,,,,,,,,,,,,,,,,,,,126274,,,,,,,,,,,,,,,,,,
front_end,,True,kiss_icp_odometry,,,,,,,,,,,,,,,,,,,,,,,,,,,126378,,,,,,,,,,,,,,,,,,
optimized_backend,,,,,,,,,,,,,,,,,,,,,,,,,,,,,,,,,,,,,,,,,31,30,0,,,,pose_graph,False
front_end,,True,kiss_icp_odometry,,,,,,,,,,,,,,,,,,,,,,,,,,,126491,,,,,,,,,,,,,,,,,,
front_end,,True,kiss_icp_odometry,,,,,,,,,,,,,,,,,,,,,,,,,,,126592,,,,,,,,,,,,,,,,,,
front_end,,True,kiss_icp_odometry,,,,,,,,,,,,,,,,,,,,,,,,,,,126681,,,,,,,,,,,,,,,,,,
front_end,,True,kiss_icp_odometry,,,,,,,,,,,,,,,,,,,,,,,,,,,126781,,,,,,,,,,,,,,,,,,
front_end,,True,kiss_icp_odometry,,,,,,,,,,,,,,,,,,,,,,,,,,,126875,,,,,,,,,,,,,,,,,,
front_end,,True,kiss_icp_odometry,,,,,,,,,,,,,,,,,,,,,,,,,,,127081,,,,,,,,,,,,,,,,,,
front_end,,True,kiss_icp_odometry,,,,,,,,,,,,,,,,,,,,,,,,,,,127198,,,,,,,,,,,,,,,,,,
front_end,,True,kiss_icp_odometry,,,,,,,,,,,,,,,,,,,,,,,,,,,127324,,,,,,,,,,,,,,,,,,
front_end,,True,kiss_icp_odometry,,,,,,,,,,,,,,,,,,,,,,,,,,,127471,,,,,,,,,,,,,,,,,,
front_end,,True,kiss_icp_odometry,,,,,,,,,,,,,,,,,,,,,,,,,,,127629,,,,,,,,,,,,,,,,,,
front_end,,True,kiss_icp_odometry,,,,,,,,,,,,,,,,,,,,,,,,,,,127758,,,,,,,,,,,,,,,,,,
front_end,,True,kiss_icp_odometry,,,,,,,,,,,,,,,,,,,,,,,,,,,127866,,,,,,,,,,,,,,,,,,
front_end,,True,kiss_icp_odometry,,,,,,,,,,,,,,,,,,,,,,,,,,,127983,,,,,,,,,,,,,,,,,,
front_end,,True,kiss_icp_odometry,,,,,,,,,,,,,,,,,,,,,,,,,,,128141,,,,,,,,,,,,,,,,,,
front_end,,True,kiss_icp_odometry,,,,,,,,,,,,,,,,,,,,,,,,,,,128341,,,,,,,,,,,,,,,,,,
front_end,,True,kiss_icp_odometry,,,,,,,,,,,,,,,,,,,,,,,,,,,128522,,,,,,,,,,,,,,,,,,
optimized_backend,,,,,,,,,,,,,,,,,,,,,,,,,,,,,,,,,,,,,,,,,32,31,0,,,,pose_graph,False
front_end,,True,kiss_icp_odometry,,,,,,,,,,,,,,,,,,,,,,,,,,,128691,,,,,,,,,,,,,,,,,,
front_end,,True,kiss_icp_odometry,,,,,,,,,,,,,,,,,,,,,,,,,,,128905,,,,,,,,,,,,,,,,,,
front_end,,True,kiss_icp_odometry,,,,,,,,,,,,,,,,,,,,,,,,,,,129086,,,,,,,,,,,,,,,,,,
front_end,,True,kiss_icp_odometry,,,,,,,,,,,,,,,,,,,,,,,,,,,129237,,,,,,,,,,,,,,,,,,
front_end,,True,kiss_icp_odometry,,,,,,,,,,,,,,,,,,,,,,,,,,,129461,,,,,,,,,,,,,,,,,,
front_end,,True,kiss_icp_odometry,,,,,,,,,,,,,,,,,,,,,,,,,,,129589,,,,,,,,,,,,,,,,,,
front_end,,True,kiss_icp_odometry,,,,,,,,,,,,,,,,,,,,,,,,,,,129705,,,,,,,,,,,,,,,,,,
front_end,,True,kiss_icp_odometry,,,,,,,,,,,,,,,,,,,,,,,,,,,129881,,,,,,,,,,,,,,,,,,
front_end,,True,kiss_icp_odometry,,,,,,,,,,,,,,,,,,,,,,,,,,,130085,,,,,,,,,,,,,,,,,,
front_end,,True,kiss_icp_odometry,,,,,,,,,,,,,,,,,,,,,,,,,,,130242,,,,,,,,,,,,,,,,,,
front_end,,True,kiss_icp_odometry,,,,,,,,,,,,,,,,,,,,,,,,,,,130383,,,,,,,,,,,,,,,,,,
front_end,,True,kiss_icp_odometry,,,,,,,,,,,,,,,,,,,,,,,,,,,130531,,,,,,,,,,,,,,,,,,
front_end,,True,kiss_icp_odometry,,,,,,,,,,,,,,,,,,,,,,,,,,,130697,,,,,,,,,,,,,,,,,,
front_end,,True,kiss_icp_odometry,,,,,,,,,,,,,,,,,,,,,,,,,,,130821,,,,,,,,,,,,,,,,,,
front_end,,True,kiss_icp_odometry,,,,,,,,,,,,,,,,,,,,,,,,,,,131012,,,,,,,,,,,,,,,,,,
front_end,,True,kiss_icp_odometry,,,,,,,,,,,,,,,,,,,,,,,,,,,131174,,,,,,,,,,,,,,,,,,
optimized_backend,,,,,,,,,,,,,,,,,,,,,,,,,,,,,,,,,,,,,,,,,33,32,0,,,,pose_graph,False
front_end,,True,kiss_icp_odometry,,,,,,,,,,,,,,,,,,,,,,,,,,,131306,,,,,,,,,,,,,,,,,,
front_end,,True,kiss_icp_odometry,,,,,,,,,,,,,,,,,,,,,,,,,,,131438,,,,,,,,,,,,,,,,,,
front_end,,True,kiss_icp_odometry,,,,,,,,,,,,,,,,,,,,,,,,,,,131632,,,,,,,,,,,,,,,,,,
front_end,,True,kiss_icp_odometry,,,,,,,,,,,,,,,,,,,,,,,,,,,131812,,,,,,,,,,,,,,,,,,
front_end,,True,kiss_icp_odometry,,,,,,,,,,,,,,,,,,,,,,,,,,,131965,,,,,,,,,,,,,,,,,,
front_end,,True,kiss_icp_odometry,,,,,,,,,,,,,,,,,,,,,,,,,,,132084,,,,,,,,,,,,,,,,,,
front_end,,True,kiss_icp_odometry,,,,,,,,,,,,,,,,,,,,,,,,,,,132247,,,,,,,,,,,,,,,,,,
front_end,,True,kiss_icp_odometry,,,,,,,,,,,,,,,,,,,,,,,,,,,132390,,,,,,,,,,,,,,,,,,
front_end,,True,kiss_icp_odometry,,,,,,,,,,,,,,,,,,,,,,,,,,,132580,,,,,,,,,,,,,,,,,,
front_end,,True,kiss_icp_odometry,,,,,,,,,,,,,,,,,,,,,,,,,,,132715,,,,,,,,,,,,,,,,,,
front_end,,True,kiss_icp_odometry,,,,,,,,,,,,,,,,,,,,,,,,,,,132843,,,,,,,,,,,,,,,,,,
front_end,,True,kiss_icp_odometry,,,,,,,,,,,,,,,,,,,,,,,,,,,132984,,,,,,,,,,,,,,,,,,
front_end,,True,kiss_icp_odometry,,,,,,,,,,,,,,,,,,,,,,,,,,,133128,,,,,,,,,,,,,,,,,,
front_end,,True,kiss_icp_odometry,,,,,,,,,,,,,,,,,,,,,,,,,,,133259,,,,,,,,,,,,,,,,,,
front_end,,True,kiss_icp_odometry,,,,,,,,,,,,,,,,,,,,,,,,,,,133378,,,,,,,,,,,,,,,,,,
front_end,,True,kiss_icp_odometry,,,,,,,,,,,,,,,,,,,,,,,,,,,133493,,,,,,,,,,,,,,,,,,
front_end,,True,kiss_icp_odometry,,,,,,,,,,,,,,,,,,,,,,,,,,,133651,,,,,,,,,,,,,,,,,,
optimized_backend,,,,,,,,,,,,,,,,,,,,,,,,,,,,,,,,,,,,,,,,,34,33,0,,,,pose_graph,False
front_end,,True,kiss_icp_odometry,,,,,,,,,,,,,,,,,,,,,,,,,,,133754,,,,,,,,,,,,,,,,,,
front_end,,True,kiss_icp_odometry,,,,,,,,,,,,,,,,,,,,,,,,,,,133907,,,,,,,,,,,,,,,,,,
front_end,,True,kiss_icp_odometry,,,,,,,,,,,,,,,,,,,,,,,,,,,134035,,,,,,,,,,,,,,,,,,
front_end,,True,kiss_icp_odometry,,,,,,,,,,,,,,,,,,,,,,,,,,,134164,,,,,,,,,,,,,,,,,,
front_end,,True,kiss_icp_odometry,,,,,,,,,,,,,,,,,,,,,,,,,,,134262,,,,,,,,,,,,,,,,,,
front_end,,True,kiss_icp_odometry,,,,,,,,,,,,,,,,,,,,,,,,,,,134404,,,,,,,,,,,,,,,,,,
front_end,,True,kiss_icp_odometry,,,,,,,,,,,,,,,,,,,,,,,,,,,134523,,,,,,,,,,,,,,,,,,
front_end,,True,kiss_icp_odometry,,,,,,,,,,,,,,,,,,,,,,,,,,,134643,,,,,,,,,,,,,,,,,,
front_end,,True,kiss_icp_odometry,,,,,,,,,,,,,,,,,,,,,,,,,,,134740,,,,,,,,,,,,,,,,,,
front_end,,True,kiss_icp_odometry,,,,,,,,,,,,,,,,,,,,,,,,,,,134895,,,,,,,,,,,,,,,,,,
front_end,,True,kiss_icp_odometry,,,,,,,,,,,,,,,,,,,,,,,,,,,135007,,,,,,,,,,,,,,,,,,
front_end,,True,kiss_icp_odometry,,,,,,,,,,,,,,,,,,,,,,,,,,,135151,,,,,,,,,,,,,,,,,,
front_end,,True,kiss_icp_odometry,,,,,,,,,,,,,,,,,,,,,,,,,,,135283,,,,,,,,,,,,,,,,,,
front_end,,True,kiss_icp_odometry,,,,,,,,,,,,,,,,,,,,,,,,,,,135421,,,,,,,,,,,,,,,,,,
front_end,,True,kiss_icp_odometry,,,,,,,,,,,,,,,,,,,,,,,,,,,135563,,,,,,,,,,,,,,,,,,
front_end,,True,kiss_icp_odometry,,,,,,,,,,,,,,,,,,,,,,,,,,,135726,,,,,,,,,,,,,,,,,,
front_end,,True,kiss_icp_odometry,,,,,,,,,,,,,,,,,,,,,,,,,,,135868,,,,,,,,,,,,,,,,,,
optimized_backend,,,,,,,,,,,,,,,,,,,,,,,,,,,,,,,,,,,,,,,,,35,34,0,,,,pose_graph,False
front_end,,True,kiss_icp_odometry,,,,,,,,,,,,,,,,,,,,,,,,,,,136016,,,,,,,,,,,,,,,,,,
front_end,,True,kiss_icp_odometry,,,,,,,,,,,,,,,,,,,,,,,,,,,136190,,,,,,,,,,,,,,,,,,
front_end,,True,kiss_icp_odometry,,,,,,,,,,,,,,,,,,,,,,,,,,,136373,,,,,,,,,,,,,,,,,,
front_end,,True,kiss_icp_odometry,,,,,,,,,,,,,,,,,,,,,,,,,,,136563,,,,,,,,,,,,,,,,,,
front_end,,True,kiss_icp_odometry,,,,,,,,,,,,,,,,,,,,,,,,,,,136755,,,,,,,,,,,,,,,,,,
front_end,,True,kiss_icp_odometry,,,,,,,,,,,,,,,,,,,,,,,,,,,136938,,,,,,,,,,,,,,,,,,
front_end,,True,kiss_icp_odometry,,,,,,,,,,,,,,,,,,,,,,,,,,,137103,,,,,,,,,,,,,,,,,,
front_end,,True,kiss_icp_odometry,,,,,,,,,,,,,,,,,,,,,,,,,,,137273,,,,,,,,,,,,,,,,,,
front_end,,True,kiss_icp_odometry,,,,,,,,,,,,,,,,,,,,,,,,,,,137466,,,,,,,,,,,,,,,,,,
front_end,,True,kiss_icp_odometry,,,,,,,,,,,,,,,,,,,,,,,,,,,137640,,,,,,,,,,,,,,,,,,
front_end,,True,kiss_icp_odometry,,,,,,,,,,,,,,,,,,,,,,,,,,,137857,,,,,,,,,,,,,,,,,,
front_end,,True,kiss_icp_odometry,,,,,,,,,,,,,,,,,,,,,,,,,,,138064,,,,,,,,,,,,,,,,,,
front_end,,True,kiss_icp_odometry,,,,,,,,,,,,,,,,,,,,,,,,,,,138257,,,,,,,,,,,,,,,,,,
front_end,,True,kiss_icp_odometry,,,,,,,,,,,,,,,,,,,,,,,,,,,138449,,,,,,,,,,,,,,,,,,
front_end,,True,kiss_icp_odometry,,,,,,,,,,,,,,,,,,,,,,,,,,,138658,,,,,,,,,,,,,,,,,,
front_end,,True,kiss_icp_odometry,,,,,,,,,,,,,,,,,,,,,,,,,,,138870,,,,,,,,,,,,,,,,,,
front_end,,True,kiss_icp_odometry,,,,,,,,,,,,,,,,,,,,,,,,,,,139082,,,,,,,,,,,,,,,,,,
front_end,,True,kiss_icp_odometry,,,,,,,,,,,,,,,,,,,,,,,,,,,139377,,,,,,,,,,,,,,,,,,
front_end,,True,kiss_icp_odometry,,,,,,,,,,,,,,,,,,,,,,,,,,,139502,,,,,,,,,,,,,,,,,,
front_end,,True,kiss_icp_odometry,,,,,,,,,,,,,,,,,,,,,,,,,,,139647,,,,,,,,,,,,,,,,,,
front_end,,True,kiss_icp_odometry,,,,,,,,,,,,,,,,,,,,,,,,,,,139777,,,,,,,,,,,,,,,,,,
optimized_backend,,,,,,,,,,,,,,,,,,,,,,,,,,,,,,,,,,,,,,,,,36,35,0,,,,pose_graph,False
front_end,,True,kiss_icp_odometry,,,,,,,,,,,,,,,,,,,,,,,,,,,139918,,,,,,,,,,,,,,,,,,
front_end,,True,kiss_icp_odometry,,,,,,,,,,,,,,,,,,,,,,,,,,,140054,,,,,,,,,,,,,,,,,,
front_end,,True,kiss_icp_odometry,,,,,,,,,,,,,,,,,,,,,,,,,,,140166,,,,,,,,,,,,,,,,,,
front_end,,True,kiss_icp_odometry,,,,,,,,,,,,,,,,,,,,,,,,,,,140371,,,,,,,,,,,,,,,,,,
front_end,,True,kiss_icp_odometry,,,,,,,,,,,,,,,,,,,,,,,,,,,140453,,,,,,,,,,,,,,,,,,
front_end,,True,kiss_icp_odometry,,,,,,,,,,,,,,,,,,,,,,,,,,,140563,,,,,,,,,,,,,,,,,,
front_end,,True,kiss_icp_odometry,,,,,,,,,,,,,,,,,,,,,,,,,,,140668,,,,,,,,,,,,,,,,,,
front_end,,True,kiss_icp_odometry,,,,,,,,,,,,,,,,,,,,,,,,,,,140753,,,,,,,,,,,,,,,,,,
front_end,,True,kiss_icp_odometry,,,,,,,,,,,,,,,,,,,,,,,,,,,140839,,,,,,,,,,,,,,,,,,
front_end,,True,kiss_icp_odometry,,,,,,,,,,,,,,,,,,,,,,,,,,,140932,,,,,,,,,,,,,,,,,,
front_end,,True,kiss_icp_odometry,,,,,,,,,,,,,,,,,,,,,,,,,,,140998,,,,,,,,,,,,,,,,,,
front_end,,True,kiss_icp_odometry,,,,,,,,,,,,,,,,,,,,,,,,,,,141056,,,,,,,,,,,,,,,,,,
front_end,,True,kiss_icp_odometry,,,,,,,,,,,,,,,,,,,,,,,,,,,141111,,,,,,,,,,,,,,,,,,
front_end,,True,kiss_icp_odometry,,,,,,,,,,,,,,,,,,,,,,,,,,,141160,,,,,,,,,,,,,,,,,,
front_end,,True,kiss_icp_odometry,,,,,,,,,,,,,,,,,,,,,,,,,,,141210,,,,,,,,,,,,,,,,,,
front_end,,True,kiss_icp_odometry,,,,,,,,,,,,,,,,,,,,,,,,,,,141263,,,,,,,,,,,,,,,,,,
front_end,,True,kiss_icp_odometry,,,,,,,,,,,,,,,,,,,,,,,,,,,141304,,,,,,,,,,,,,,,,,,
front_end,,True,kiss_icp_odometry,,,,,,,,,,,,,,,,,,,,,,,,,,,141344,,,,,,,,,,,,,,,,,,
front_end,,True,kiss_icp_odometry,,,,,,,,,,,,,,,,,,,,,,,,,,,141408,,,,,,,,,,,,,,,,,,
front_end,,True,kiss_icp_odometry,,,,,,,,,,,,,,,,,,,,,,,,,,,141515,,,,,,,,,,,,,,,,,,
front_end,,True,kiss_icp_odometry,,,,,,,,,,,,,,,,,,,,,,,,,,,141573,,,,,,,,,,,,,,,,,,
front_end,,True,kiss_icp_odometry,,,,,,,,,,,,,,,,,,,,,,,,,,,141667,,,,,,,,,,,,,,,,,,
front_end,,True,kiss_icp_odometry,,,,,,,,,,,,,,,,,,,,,,,,,,,141719,,,,,,,,,,,,,,,,,,
front_end,,True,kiss_icp_odometry,,,,,,,,,,,,,,,,,,,,,,,,,,,141769,,,,,,,,,,,,,,,,,,
front_end,,True,kiss_icp_odometry,,,,,,,,,,,,,,,,,,,,,,,,,,,141814,,,,,,,,,,,,,,,,,,
front_end,,True,kiss_icp_odometry,,,,,,,,,,,,,,,,,,,,,,,,,,,141878,,,,,,,,,,,,,,,,,,
front_end,,True,kiss_icp_odometry,,,,,,,,,,,,,,,,,,,,,,,,,,,141904,,,,,,,,,,,,,,,,,,
front_end,,True,kiss_icp_odometry,,,,,,,,,,,,,,,,,,,,,,,,,,,141980,,,,,,,,,,,,,,,,,,
front_end,,True,kiss_icp_odometry,,,,,,,,,,,,,,,,,,,,,,,,,,,142021,,,,,,,,,,,,,,,,,,
front_end,,True,kiss_icp_odometry,,,,,,,,,,,,,,,,,,,,,,,,,,,142153,,,,,,,,,,,,,,,,,,
front_end,,True,kiss_icp_odometry,,,,,,,,,,,,,,,,,,,,,,,,,,,142224,,,,,,,,,,,,,,,,,,
front_end,,True,kiss_icp_odometry,,,,,,,,,,,,,,,,,,,,,,,,,,,142343,,,,,,,,,,,,,,,,,,
front_end,,True,kiss_icp_odometry,,,,,,,,,,,,,,,,,,,,,,,,,,,142389,,,,,,,,,,,,,,,,,,
front_end,,True,kiss_icp_odometry,,,,,,,,,,,,,,,,,,,,,,,,,,,142603,,,,,,,,,,,,,,,,,,
front_end,,True,kiss_icp_odometry,,,,,,,,,,,,,,,,,,,,,,,,,,,142760,,,,,,,,,,,,,,,,,,
front_end,,True,kiss_icp_odometry,,,,,,,,,,,,,,,,,,,,,,,,,,,142824,,,,,,,,,,,,,,,,,,
front_end,,True,kiss_icp_odometry,,,,,,,,,,,,,,,,,,,,,,,,,,,142907,,,,,,,,,,,,,,,,,,
front_end,,True,kiss_icp_odometry,,,,,,,,,,,,,,,,,,,,,,,,,,,143039,,,,,,,,,,,,,,,,,,
front_end,,True,kiss_icp_odometry,,,,,,,,,,,,,,,,,,,,,,,,,,,143079,,,,,,,,,,,,,,,,,,
front_end,,True,kiss_icp_odometry,,,,,,,,,,,,,,,,,,,,,,,,,,,143131,,,,,,,,,,,,,,,,,,
front_end,,True,kiss_icp_odometry,,,,,,,,,,,,,,,,,,,,,,,,,,,143214,,,,,,,,,,,,,,,,,,
optimized_backend,,,,,,,,,,,,,,,,,,,,,,,,,,,,,,,,,,,,,,,,,37,36,0,,,,pose_graph,False
front_end,,True,kiss_icp_odometry,,,,,,,,,,,,,,,,,,,,,,,,,,,143264,,,,,,,,,,,,,,,,,,
front_end,,True,kiss_icp_odometry,,,,,,,,,,,,,,,,,,,,,,,,,,,143341,,,,,,,,,,,,,,,,,,
front_end,,True,kiss_icp_odometry,,,,,,,,,,,,,,,,,,,,,,,,,,,143375,,,,,,,,,,,,,,,,,,
front_end,,True,kiss_icp_odometry,,,,,,,,,,,,,,,,,,,,,,,,,,,143423,,,,,,,,,,,,,,,,,,
front_end,,True,kiss_icp_odometry,,,,,,,,,,,,,,,,,,,,,,,,,,,143454,,,,,,,,,,,,,,,,,,
front_end,,True,kiss_icp_odometry,,,,,,,,,,,,,,,,,,,,,,,,,,,143483,,,,,,,,,,,,,,,,,,
front_end,,True,kiss_icp_odometry,,,,,,,,,,,,,,,,,,,,,,,,,,,143579,,,,,,,,,,,,,,,,,,
front_end,,True,kiss_icp_odometry,,,,,,,,,,,,,,,,,,,,,,,,,,,143631,,,,,,,,,,,,,,,,,,
front_end,,True,kiss_icp_odometry,,,,,,,,,,,,,,,,,,,,,,,,,,,143660,,,,,,,,,,,,,,,,,,
front_end,,True,kiss_icp_odometry,,,,,,,,,,,,,,,,,,,,,,,,,,,143740,,,,,,,,,,,,,,,,,,
front_end,,True,kiss_icp_odometry,,,,,,,,,,,,,,,,,,,,,,,,,,,143892,,,,,,,,,,,,,,,,,,
front_end,,True,kiss_icp_odometry,,,,,,,,,,,,,,,,,,,,,,,,,,,143931,,,,,,,,,,,,,,,,,,
front_end,,True,kiss_icp_odometry,,,,,,,,,,,,,,,,,,,,,,,,,,,143986,,,,,,,,,,,,,,,,,,
front_end,,True,kiss_icp_odometry,,,,,,,,,,,,,,,,,,,,,,,,,,,144060,,,,,,,,,,,,,,,,,,
front_end,,True,kiss_icp_odometry,,,,,,,,,,,,,,,,,,,,,,,,,,,144084,,,,,,,,,,,,,,,,,,
front_end,,True,kiss_icp_odometry,,,,,,,,,,,,,,,,,,,,,,,,,,,144118,,,,,,,,,,,,,,,,,,
front_end,,True,kiss_icp_odometry,,,,,,,,,,,,,,,,,,,,,,,,,,,144154,,,,,,,,,,,,,,,,,,
front_end,,True,kiss_icp_odometry,,,,,,,,,,,,,,,,,,,,,,,,,,,144176,,,,,,,,,,,,,,,,,,
front_end,,True,kiss_icp_odometry,,,,,,,,,,,,,,,,,,,,,,,,,,,144206,,,,,,,,,,,,,,,,,,
front_end,,True,kiss_icp_odometry,,,,,,,,,,,,,,,,,,,,,,,,,,,144247,,,,,,,,,,,,,,,,,,
front_end,,True,kiss_icp_odometry,,,,,,,,,,,,,,,,,,,,,,,,,,,144271,,,,,,,,,,,,,,,,,,
front_end,,True,kiss_icp_odometry,,,,,,,,,,,,,,,,,,,,,,,,,,,144303,,,,,,,,,,,,,,,,,,
front_end,,True,kiss_icp_odometry,,,,,,,,,,,,,,,,,,,,,,,,,,,144330,,,,,,,,,,,,,,,,,,
front_end,,True,kiss_icp_odometry,,,,,,,,,,,,,,,,,,,,,,,,,,,144359,,,,,,,,,,,,,,,,,,
front_end,,True,kiss_icp_odometry,,,,,,,,,,,,,,,,,,,,,,,,,,,144387,,,,,,,,,,,,,,,,,,
front_end,,True,kiss_icp_odometry,,,,,,,,,,,,,,,,,,,,,,,,,,,144408,,,,,,,,,,,,,,,,,,
front_end,,True,kiss_icp_odometry,,,,,,,,,,,,,,,,,,,,,,,,,,,144438,,,,,,,,,,,,,,,,,,
front_end,,True,kiss_icp_odometry,,,,,,,,,,,,,,,,,,,,,,,,,,,144474,,,,,,,,,,,,,,,,,,
front_end,,True,kiss_icp_odometry,,,,,,,,,,,,,,,,,,,,,,,,,,,144515,,,,,,,,,,,,,,,,,,
front_end,,True,kiss_icp_odometry,,,,,,,,,,,,,,,,,,,,,,,,,,,144560,,,,,,,,,,,,,,,,,,
front_end,,True,kiss_icp_odometry,,,,,,,,,,,,,,,,,,,,,,,,,,,144605,,,,,,,,,,,,,,,,,,
front_end,,True,kiss_icp_odometry,,,,,,,,,,,,,,,,,,,,,,,,,,,144667,,,,,,,,,,,,,,,,,,
front_end,,True,kiss_icp_odometry,,,,,,,,,,,,,,,,,,,,,,,,,,,144725,,,,,,,,,,,,,,,,,,
front_end,,True,kiss_icp_odometry,,,,,,,,,,,,,,,,,,,,,,,,,,,144789,,,,,,,,,,,,,,,,,,
front_end,,True,kiss_icp_odometry,,,,,,,,,,,,,,,,,,,,,,,,,,,144860,,,,,,,,,,,,,,,,,,
front_end,,True,kiss_icp_odometry,,,,,,,,,,,,,,,,,,,,,,,,,,,144910,,,,,,,,,,,,,,,,,,
front_end,,True,kiss_icp_odometry,,,,,,,,,,,,,,,,,,,,,,,,,,,144969,,,,,,,,,,,,,,,,,,
front_end,,True,kiss_icp_odometry,,,,,,,,,,,,,,,,,,,,,,,,,,,145015,,,,,,,,,,,,,,,,,,
front_end,,True,kiss_icp_odometry,,,,,,,,,,,,,,,,,,,,,,,,,,,145055,,,,,,,,,,,,,,,,,,
optimized_backend,,,,,,,,,,,,,,,,,,,,,,,,,,,,,,,,,,,,,,,,,38,37,0,,,,pose_graph,False
front_end,,True,kiss_icp_odometry,,,,,,,,,,,,,,,,,,,,,,,,,,,145099,,,,,,,,,,,,,,,,,,
front_end,,True,kiss_icp_odometry,,,,,,,,,,,,,,,,,,,,,,,,,,,145134,,,,,,,,,,,,,,,,,,
front_end,,True,kiss_icp_odometry,,,,,,,,,,,,,,,,,,,,,,,,,,,145155,,,,,,,,,,,,,,,,,,
front_end,,True,kiss_icp_odometry,,,,,,,,,,,,,,,,,,,,,,,,,,,145168,,,,,,,,,,,,,,,,,,
front_end,,True,kiss_icp_odometry,,,,,,,,,,,,,,,,,,,,,,,,,,,145202,,,,,,,,,,,,,,,,,,
front_end,,True,kiss_icp_odometry,,,,,,,,,,,,,,,,,,,,,,,,,,,145225,,,,,,,,,,,,,,,,,,
front_end,,True,kiss_icp_odometry,,,,,,,,,,,,,,,,,,,,,,,,,,,145260,,,,,,,,,,,,,,,,,,
front_end,,True,kiss_icp_odometry,,,,,,,,,,,,,,,,,,,,,,,,,,,145284,,,,,,,,,,,,,,,,,,
front_end,,True,kiss_icp_odometry,,,,,,,,,,,,,,,,,,,,,,,,,,,145323,,,,,,,,,,,,,,,,,,
front_end,,True,kiss_icp_odometry,,,,,,,,,,,,,,,,,,,,,,,,,,,145357,,,,,,,,,,,,,,,,,,
front_end,,True,kiss_icp_odometry,,,,,,,,,,,,,,,,,,,,,,,,,,,145370,,,,,,,,,,,,,,,,,,
front_end,,True,kiss_icp_odometry,,,,,,,,,,,,,,,,,,,,,,,,,,,145394,,,,,,,,,,,,,,,,,,
front_end,,True,kiss_icp_odometry,,,,,,,,,,,,,,,,,,,,,,,,,,,145410,,,,,,,,,,,,,,,,,,
front_end,,True,kiss_icp_odometry,,,,,,,,,,,,,,,,,,,,,,,,,,,145441,,,,,,,,,,,,,,,,,,
front_end,,True,kiss_icp_odometry,,,,,,,,,,,,,,,,,,,,,,,,,,,145488,,,,,,,,,,,,,,,,,,
front_end,,True,kiss_icp_odometry,,,,,,,,,,,,,,,,,,,,,,,,,,,145512,,,,,,,,,,,,,,,,,,
front_end,,True,kiss_icp_odometry,,,,,,,,,,,,,,,,,,,,,,,,,,,145539,,,,,,,,,,,,,,,,,,
front_end,,True,kiss_icp_odometry,,,,,,,,,,,,,,,,,,,,,,,,,,,145582,,,,,,,,,,,,,,,,,,
front_end,,True,kiss_icp_odometry,,,,,,,,,,,,,,,,,,,,,,,,,,,145594,,,,,,,,,,,,,,,,,,
front_end,,True,kiss_icp_odometry,,,,,,,,,,,,,,,,,,,,,,,,,,,145608,,,,,,,,,,,,,,,,,,
front_end,,True,kiss_icp_odometry,,,,,,,,,,,,,,,,,,,,,,,,,,,145632,,,,,,,,,,,,,,,,,,
front_end,,True,kiss_icp_odometry,,,,,,,,,,,,,,,,,,,,,,,,,,,145664,,,,,,,,,,,,,,,,,,
front_end,,True,kiss_icp_odometry,,,,,,,,,,,,,,,,,,,,,,,,,,,145694,,,,,,,,,,,,,,,,,,
front_end,,True,kiss_icp_odometry,,,,,,,,,,,,,,,,,,,,,,,,,,,145741,,,,,,,,,,,,,,,,,,
front_end,,True,kiss_icp_odometry,,,,,,,,,,,,,,,,,,,,,,,,,,,145796,,,,,,,,,,,,,,,,,,
front_end,,True,kiss_icp_odometry,,,,,,,,,,,,,,,,,,,,,,,,,,,145878,,,,,,,,,,,,,,,,,,
front_end,,True,kiss_icp_odometry,,,,,,,,,,,,,,,,,,,,,,,,,,,145899,,,,,,,,,,,,,,,,,,
front_end,,True,kiss_icp_odometry,,,,,,,,,,,,,,,,,,,,,,,,,,,145926,,,,,,,,,,,,,,,,,,
front_end,,True,kiss_icp_odometry,,,,,,,,,,,,,,,,,,,,,,,,,,,145940,,,,,,,,,,,,,,,,,,
front_end,,True,kiss_icp_odometry,,,,,,,,,,,,,,,,,,,,,,,,,,,145954,,,,,,,,,,,,,,,,,,
front_end,,True,kiss_icp_odometry,,,,,,,,,,,,,,,,,,,,,,,,,,,145975,,,,,,,,,,,,,,,,,,
front_end,,True,kiss_icp_odometry,,,,,,,,,,,,,,,,,,,,,,,,,,,146013,,,,,,,,,,,,,,,,,,
front_end,,True,kiss_icp_odometry,,,,,,,,,,,,,,,,,,,,,,,,,,,146049,,,,,,,,,,,,,,,,,,
front_end,,True,kiss_icp_odometry,,,,,,,,,,,,,,,,,,,,,,,,,,,146076,,,,,,,,,,,,,,,,,,
front_end,,True,kiss_icp_odometry,,,,,,,,,,,,,,,,,,,,,,,,,,,146107,,,,,,,,,,,,,,,,,,
front_end,,True,kiss_icp_odometry,,,,,,,,,,,,,,,,,,,,,,,,,,,146127,,,,,,,,,,,,,,,,,,
front_end,,True,kiss_icp_odometry,,,,,,,,,,,,,,,,,,,,,,,,,,,146149,,,,,,,,,,,,,,,,,,
front_end,,True,kiss_icp_odometry,,,,,,,,,,,,,,,,,,,,,,,,,,,146176,,,,,,,,,,,,,,,,,,
front_end,,True,kiss_icp_odometry,,,,,,,,,,,,,,,,,,,,,,,,,,,146192,,,,,,,,,,,,,,,,,,
front_end,,True,kiss_icp_odometry,,,,,,,,,,,,,,,,,,,,,,,,,,,146204,,,,,,,,,,,,,,,,,,
front_end,,True,kiss_icp_odometry,,,,,,,,,,,,,,,,,,,,,,,,,,,146223,,,,,,,,,,,,,,,,,,
front_end,,True,kiss_icp_odometry,,,,,,,,,,,,,,,,,,,,,,,,,,,146235,,,,,,,,,,,,,,,,,,
front_end,,True,kiss_icp_odometry,,,,,,,,,,,,,,,,,,,,,,,,,,,146246,,,,,,,,,,,,,,,,,,
front_end,,True,kiss_icp_odometry,,,,,,,,,,,,,,,,,,,,,,,,,,,146262,,,,,,,,,,,,,,,,,,
front_end,,True,kiss_icp_odometry,,,,,,,,,,,,,,,,,,,,,,,,,,,146273,,,,,,,,,,,,,,,,,,
front_end,,True,kiss_icp_odometry,,,,,,,,,,,,,,,,,,,,,,,,,,,146281,,,,,,,,,,,,,,,,,,
front_end,,True,kiss_icp_odometry,,,,,,,,,,,,,,,,,,,,,,,,,,,146293,,,,,,,,,,,,,,,,,,
front_end,,True,kiss_icp_odometry,,,,,,,,,,,,,,,,,,,,,,,,,,,146300,,,,,,,,,,,,,,,,,,
front_end,,True,kiss_icp_odometry,,,,,,,,,,,,,,,,,,,,,,,,,,,146310,,,,,,,,,,,,,,,,,,
front_end,,True,kiss_icp_odometry,,,,,,,,,,,,,,,,,,,,,,,,,,,146321,,,,,,,,,,,,,,,,,,
front_end,,True,kiss_icp_odometry,,,,,,,,,,,,,,,,,,,,,,,,,,,146328,,,,,,,,,,,,,,,,,,
front_end,,True,kiss_icp_odometry,,,,,,,,,,,,,,,,,,,,,,,,,,,146343,,,,,,,,,,,,,,,,,,
front_end,,True,kiss_icp_odometry,,,,,,,,,,,,,,,,,,,,,,,,,,,146353,,,,,,,,,,,,,,,,,,
front_end,,True,kiss_icp_odometry,,,,,,,,,,,,,,,,,,,,,,,,,,,146431,,,,,,,,,,,,,,,,,,
front_end,,True,kiss_icp_odometry,,,,,,,,,,,,,,,,,,,,,,,,,,,146452,,,,,,,,,,,,,,,,,,
front_end,,True,kiss_icp_odometry,,,,,,,,,,,,,,,,,,,,,,,,,,,146471,,,,,,,,,,,,,,,,,,
front_end,,True,kiss_icp_odometry,,,,,,,,,,,,,,,,,,,,,,,,,,,146572,,,,,,,,,,,,,,,,,,
front_end,,True,kiss_icp_odometry,,,,,,,,,,,,,,,,,,,,,,,,,,,146589,,,,,,,,,,,,,,,,,,
front_end,,True,kiss_icp_odometry,,,,,,,,,,,,,,,,,,,,,,,,,,,146657,,,,,,,,,,,,,,,,,,
front_end,,True,kiss_icp_odometry,,,,,,,,,,,,,,,,,,,,,,,,,,,146718,,,,,,,,,,,,,,,,,,
front_end,,True,kiss_icp_odometry,,,,,,,,,,,,,,,,,,,,,,,,,,,146739,,,,,,,,,,,,,,,,,,
front_end,,True,kiss_icp_odometry,,,,,,,,,,,,,,,,,,,,,,,,,,,146753,,,,,,,,,,,,,,,,,,
front_end,,True,kiss_icp_odometry,,,,,,,,,,,,,,,,,,,,,,,,,,,147055,,,,,,,,,,,,,,,,,,
front_end,,True,kiss_icp_odometry,,,,,,,,,,,,,,,,,,,,,,,,,,,147099,,,,,,,,,,,,,,,,,,
front_end,,True,kiss_icp_odometry,,,,,,,,,,,,,,,,,,,,,,,,,,,147115,,,,,,,,,,,,,,,,,,
front_end,,True,kiss_icp_odometry,,,,,,,,,,,,,,,,,,,,,,,,,,,147336,,,,,,,,,,,,,,,,,,
front_end,,True,kiss_icp_odometry,,,,,,,,,,,,,,,,,,,,,,,,,,,147388,,,,,,,,,,,,,,,,,,
front_end,,True,kiss_icp_odometry,,,,,,,,,,,,,,,,,,,,,,,,,,,147414,,,,,,,,,,,,,,,,,,
front_end,,True,kiss_icp_odometry,,,,,,,,,,,,,,,,,,,,,,,,,,,147490,,,,,,,,,,,,,,,,,,
front_end,,True,kiss_icp_odometry,,,,,,,,,,,,,,,,,,,,,,,,,,,147514,,,,,,,,,,,,,,,,,,
front_end,,True,kiss_icp_odometry,,,,,,,,,,,,,,,,,,,,,,,,,,,147525,,,,,,,,,,,,,,,,,,
front_end,,True,kiss_icp_odometry,,,,,,,,,,,,,,,,,,,,,,,,,,,147570,,,,,,,,,,,,,,,,,,
front_end,,True,kiss_icp_odometry,,,,,,,,,,,,,,,,,,,,,,,,,,,147583,,,,,,,,,,,,,,,,,,
front_end,,True,kiss_icp_odometry,,,,,,,,,,,,,,,,,,,,,,,,,,,147611,,,,,,,,,,,,,,,,,,
front_end,,True,kiss_icp_odometry,,,,,,,,,,,,,,,,,,,,,,,,,,,147635,,,,,,,,,,,,,,,,,,
front_end,,True,kiss_icp_odometry,,,,,,,,,,,,,,,,,,,,,,,,,,,147660,,,,,,,,,,,,,,,,,,
front_end,,True,kiss_icp_odometry,,,,,,,,,,,,,,,,,,,,,,,,,,,147743,,,,,,,,,,,,,,,,,,
optimized_backend,,,,,,,,,,,,,,,,,,,,,,,,,,,,,,,,,,,,,,,,,39,38,0,,,,pose_graph,False
front_end,,True,kiss_icp_odometry,,,,,,,,,,,,,,,,,,,,,,,,,,,147775,,,,,,,,,,,,,,,,,,
front_end,,True,kiss_icp_odometry,,,,,,,,,,,,,,,,,,,,,,,,,,,147797,,,,,,,,,,,,,,,,,,
front_end,,True,kiss_icp_odometry,,,,,,,,,,,,,,,,,,,,,,,,,,,147817,,,,,,,,,,,,,,,,,,
front_end,,True,kiss_icp_odometry,,,,,,,,,,,,,,,,,,,,,,,,,,,147876,,,,,,,,,,,,,,,,,,
front_end,,True,kiss_icp_odometry,,,,,,,,,,,,,,,,,,,,,,,,,,,148065,,,,,,,,,,,,,,,,,,
front_end,,True,kiss_icp_odometry,,,,,,,,,,,,,,,,,,,,,,,,,,,148115,,,,,,,,,,,,,,,,,,
front_end,,True,kiss_icp_odometry,,,,,,,,,,,,,,,,,,,,,,,,,,,148150,,,,,,,,,,,,,,,,,,
front_end,,True,kiss_icp_odometry,,,,,,,,,,,,,,,,,,,,,,,,,,,148184,,,,,,,,,,,,,,,,,,
front_end,,True,kiss_icp_odometry,,,,,,,,,,,,,,,,,,,,,,,,,,,148221,,,,,,,,,,,,,,,,,,
front_end,,True,kiss_icp_odometry,,,,,,,,,,,,,,,,,,,,,,,,,,,148262,,,,,,,,,,,,,,,,,,
front_end,,True,kiss_icp_odometry,,,,,,,,,,,,,,,,,,,,,,,,,,,148305,,,,,,,,,,,,,,,,,,
front_end,,True,kiss_icp_odometry,,,,,,,,,,,,,,,,,,,,,,,,,,,148353,,,,,,,,,,,,,,,,,,
front_end,,True,kiss_icp_odometry,,,,,,,,,,,,,,,,,,,,,,,,,,,148384,,,,,,,,,,,,,,,,,,
front_end,,True,kiss_icp_odometry,,,,,,,,,,,,,,,,,,,,,,,,,,,148416,,,,,,,,,,,,,,,,,,
front_end,,True,kiss_icp_odometry,,,,,,,,,,,,,,,,,,,,,,,,,,,148449,,,,,,,,,,,,,,,,,,
front_end,,True,kiss_icp_odometry,,,,,,,,,,,,,,,,,,,,,,,,,,,148481,,,,,,,,,,,,,,,,,,
front_end,,True,kiss_icp_odometry,,,,,,,,,,,,,,,,,,,,,,,,,,,148520,,,,,,,,,,,,,,,,,,
front_end,,True,kiss_icp_odometry,,,,,,,,,,,,,,,,,,,,,,,,,,,148563,,,,,,,,,,,,,,,,,,
front_end,,True,kiss_icp_odometry,,,,,,,,,,,,,,,,,,,,,,,,,,,148616,,,,,,,,,,,,,,,,,,
front_end,,True,kiss_icp_odometry,,,,,,,,,,,,,,,,,,,,,,,,,,,148669,,,,,,,,,,,,,,,,,,
front_end,,True,kiss_icp_odometry,,,,,,,,,,,,,,,,,,,,,,,,,,,148714,,,,,,,,,,,,,,,,,,
front_end,,True,kiss_icp_odometry,,,,,,,,,,,,,,,,,,,,,,,,,,,148759,,,,,,,,,,,,,,,,,,
front_end,,True,kiss_icp_odometry,,,,,,,,,,,,,,,,,,,,,,,,,,,148803,,,,,,,,,,,,,,,,,,
front_end,,True,kiss_icp_odometry,,,,,,,,,,,,,,,,,,,,,,,,,,,148826,,,,,,,,,,,,,,,,,,
front_end,,True,kiss_icp_odometry,,,,,,,,,,,,,,,,,,,,,,,,,,,148858,,,,,,,,,,,,,,,,,,
front_end,,True,kiss_icp_odometry,,,,,,,,,,,,,,,,,,,,,,,,,,,148950,,,,,,,,,,,,,,,,,,
front_end,,True,kiss_icp_odometry,,,,,,,,,,,,,,,,,,,,,,,,,,,148997,,,,,,,,,,,,,,,,,,
front_end,,True,kiss_icp_odometry,,,,,,,,,,,,,,,,,,,,,,,,,,,149013,,,,,,,,,,,,,,,,,,
front_end,,True,kiss_icp_odometry,,,,,,,,,,,,,,,,,,,,,,,,,,,149039,,,,,,,,,,,,,,,,,,
front_end,,True,kiss_icp_odometry,,,,,,,,,,,,,,,,,,,,,,,,,,,149075,,,,,,,,,,,,,,,,,,
front_end,,True,kiss_icp_odometry,,,,,,,,,,,,,,,,,,,,,,,,,,,149098,,,,,,,,,,,,,,,,,,
optimized_backend,,,,,,,,,,,,,,,,,,,,,,,,,,,,,,,,,,,,,,,,,40,39,0,,,,pose_graph,False
front_end,,True,kiss_icp_odometry,,,,,,,,,,,,,,,,,,,,,,,,,,,149124,,,,,,,,,,,,,,,,,,
front_end,,True,kiss_icp_odometry,,,,,,,,,,,,,,,,,,,,,,,,,,,149144,,,,,,,,,,,,,,,,,,
front_end,,True,kiss_icp_odometry,,,,,,,,,,,,,,,,,,,,,,,,,,,149175,,,,,,,,,,,,,,,,,,
front_end,,True,kiss_icp_odometry,,,,,,,,,,,,,,,,,,,,,,,,,,,149196,,,,,,,,,,,,,,,,,,
front_end,,True,kiss_icp_odometry,,,,,,,,,,,,,,,,,,,,,,,,,,,149227,,,,,,,,,,,,,,,,,,
front_end,,True,kiss_icp_odometry,,,,,,,,,,,,,,,,,,,,,,,,,,,149265,,,,,,,,,,,,,,,,,,
front_end,,True,kiss_icp_odometry,,,,,,,,,,,,,,,,,,,,,,,,,,,149292,,,,,,,,,,,,,,,,,,
front_end,,True,kiss_icp_odometry,,,,,,,,,,,,,,,,,,,,,,,,,,,149325,,,,,,,,,,,,,,,,,,
front_end,,True,kiss_icp_odometry,,,,,,,,,,,,,,,,,,,,,,,,,,,149369,,,,,,,,,,,,,,,,,,
front_end,,True,kiss_icp_odometry,,,,,,,,,,,,,,,,,,,,,,,,,,,149407,,,,,,,,,,,,,,,,,,
front_end,,True,kiss_icp_odometry,,,,,,,,,,,,,,,,,,,,,,,,,,,149461,,,,,,,,,,,,,,,,,,
front_end,,True,kiss_icp_odometry,,,,,,,,,,,,,,,,,,,,,,,,,,,149513,,,,,,,,,,,,,,,,,,
optimized_backend,,,,,,,,,,,,,,,,,,,,,,,,,,,,,,,,,,,,,,,,,41,40,0,,,,pose_graph,False
front_end,,True,kiss_icp_odometry,,,,,,,,,,,,,,,,,,,,,,,,,,,149556,,,,,,,,,,,,,,,,,,
front_end,,True,kiss_icp_odometry,,,,,,,,,,,,,,,,,,,,,,,,,,,149583,,,,,,,,,,,,,,,,,,
front_end,,True,kiss_icp_odometry,,,,,,,,,,,,,,,,,,,,,,,,,,,149619,,,,,,,,,,,,,,,,,,
front_end,,True,kiss_icp_odometry,,,,,,,,,,,,,,,,,,,,,,,,,,,149661,,,,,,,,,,,,,,,,,,
front_end,,True,kiss_icp_odometry,,,,,,,,,,,,,,,,,,,,,,,,,,,149694,,,,,,,,,,,,,,,,,,
front_end,,True,kiss_icp_odometry,,,,,,,,,,,,,,,,,,,,,,,,,,,149733,,,,,,,,,,,,,,,,,,
front_end,,True,kiss_icp_odometry,,,,,,,,,,,,,,,,,,,,,,,,,,,149773,,,,,,,,,,,,,,,,,,
front_end,,True,kiss_icp_odometry,,,,,,,,,,,,,,,,,,,,,,,,,,,149794,,,,,,,,,,,,,,,,,,
optimized_backend,,,,,,,,,,,,,,,,,,,,,,,,,,,,,,,,,,,,,,,,,42,41,0,,,,pose_graph,False
front_end,,True,kiss_icp_odometry,,,,,,,,,,,,,,,,,,,,,,,,,,,149834,,,,,,,,,,,,,,,,,,
front_end,,True,kiss_icp_odometry,,,,,,,,,,,,,,,,,,,,,,,,,,,149871,,,,,,,,,,,,,,,,,,
front_end,,True,kiss_icp_odometry,,,,,,,,,,,,,,,,,,,,,,,,,,,149930,,,,,,,,,,,,,,,,,,
optimized_backend,,,,,,,,,,,,,,,,,,,,,,,,,,,,,,,,,,,,,,,,,43,42,0,,,,pose_graph,False
front_end,,True,kiss_icp_odometry,,,,,,,,,,,,,,,,,,,,,,,,,,,149957,,,,,,,,,,,,,,,,,,
front_end,,True,kiss_icp_odometry,,,,,,,,,,,,,,,,,,,,,,,,,,,149992,,,,,,,,,,,,,,,,,,
front_end,,True,kiss_icp_odometry,,,,,,,,,,,,,,,,,,,,,,,,,,,150039,,,,,,,,,,,,,,,,,,
front_end,,True,kiss_icp_odometry,,,,,,,,,,,,,,,,,,,,,,,,,,,150061,,,,,,,,,,,,,,,,,,
front_end,,True,kiss_icp_odometry,,,,,,,,,,,,,,,,,,,,,,,,,,,150097,,,,,,,,,,,,,,,,,,
optimized_backend,,,,,,,,,,,,,,,,,,,,,,,,,,,,,,,,,,,,,,,,,44,43,0,,,,pose_graph,False
front_end,,True,kiss_icp_odometry,,,,,,,,,,,,,,,,,,,,,,,,,,,150137,,,,,,,,,,,,,,,,,,
front_end,,True,kiss_icp_odometry,,,,,,,,,,,,,,,,,,,,,,,,,,,150185,,,,,,,,,,,,,,,,,,
front_end,,True,kiss_icp_odometry,,,,,,,,,,,,,,,,,,,,,,,,,,,150220,,,,,,,,,,,,,,,,,,
front_end,,True,kiss_icp_odometry,,,,,,,,,,,,,,,,,,,,,,,,,,,150272,,,,,,,,,,,,,,,,,,
optimized_backend,,,,,,,,,,,,,,,,,,,,,,,,,,,,,,,,,,,,,,,,,45,44,0,,,,pose_graph,False
front_end,,True,kiss_icp_odometry,,,,,,,,,,,,,,,,,,,,,,,,,,,150305,,,,,,,,,,,,,,,,,,
front_end,,True,kiss_icp_odometry,,,,,,,,,,,,,,,,,,,,,,,,,,,150340,,,,,,,,,,,,,,,,,,
front_end,,True,kiss_icp_odometry,,,,,,,,,,,,,,,,,,,,,,,,,,,150375,,,,,,,,,,,,,,,,,,
front_end,,True,kiss_icp_odometry,,,,,,,,,,,,,,,,,,,,,,,,,,,150427,,,,,,,,,,,,,,,,,,
front_end,,True,kiss_icp_odometry,,,,,,,,,,,,,,,,,,,,,,,,,,,150474,,,,,,,,,,,,,,,,,,
front_end,,True,kiss_icp_odometry,,,,,,,,,,,,,,,,,,,,,,,,,,,150527,,,,,,,,,,,,,,,,,,
optimized_backend,,,,,,,,,,,,,,,,,,,,,,,,,,,,,,,,,,,,,,,,,46,45,0,,,,pose_graph,False
front_end,,True,kiss_icp_odometry,,,,,,,,,,,,,,,,,,,,,,,,,,,150564,,,,,,,,,,,,,,,,,,
front_end,,True,kiss_icp_odometry,,,,,,,,,,,,,,,,,,,,,,,,,,,150623,,,,,,,,,,,,,,,,,,
front_end,,True,kiss_icp_odometry,,,,,,,,,,,,,,,,,,,,,,,,,,,150665,,,,,,,,,,,,,,,,,,
front_end,,True,kiss_icp_odometry,,,,,,,,,,,,,,,,,,,,,,,,,,,150689,,,,,,,,,,,,,,,,,,
front_end,,True,kiss_icp_odometry,,,,,,,,,,,,,,,,,,,,,,,,,,,150735,,,,,,,,,,,,,,,,,,
optimized_backend,,,,,,,,,,,,,,,,,,,,,,,,,,,,,,,,,,,,,,,,,47,46,0,,,,pose_graph,False
front_end,,True,kiss_icp_odometry,,,,,,,,,,,,,,,,,,,,,,,,,,,150777,,,,,,,,,,,,,,,,,,
front_end,,True,kiss_icp_odometry,,,,,,,,,,,,,,,,,,,,,,,,,,,150807,,,,,,,,,,,,,,,,,,
front_end,,True,kiss_icp_odometry,,,,,,,,,,,,,,,,,,,,,,,,,,,150844,,,,,,,,,,,,,,,,,,
front_end,,True,kiss_icp_odometry,,,,,,,,,,,,,,,,,,,,,,,,,,,150888,,,,,,,,,,,,,,,,,,
front_end,,True,kiss_icp_odometry,,,,,,,,,,,,,,,,,,,,,,,,,,,150918,,,,,,,,,,,,,,,,,,
optimized_backend,,,,,,,,,,,,,,,,,,,,,,,,,,,,,,,,,,,,,,,,,48,47,0,,,,pose_graph,False
front_end,,True,kiss_icp_odometry,,,,,,,,,,,,,,,,,,,,,,,,,,,150993,,,,,,,,,,,,,,,,,,
front_end,,True,kiss_icp_odometry,,,,,,,,,,,,,,,,,,,,,,,,,,,151032,,,,,,,,,,,,,,,,,,
front_end,,True,kiss_icp_odometry,,,,,,,,,,,,,,,,,,,,,,,,,,,151076,,,,,,,,,,,,,,,,,,
front_end,,True,kiss_icp_odometry,,,,,,,,,,,,,,,,,,,,,,,,,,,151099,,,,,,,,,,,,,,,,,,
optimized_backend,,,,,,,,,,,,,,,,,,,,,,,,,,,,,,,,,,,,,,,,,49,48,0,,,,pose_graph,False
front_end,,True,kiss_icp_odometry,,,,,,,,,,,,,,,,,,,,,,,,,,,151136,,,,,,,,,,,,,,,,,,
front_end,,True,kiss_icp_odometry,,,,,,,,,,,,,,,,,,,,,,,,,,,151176,,,,,,,,,,,,,,,,,,
front_end,,True,kiss_icp_odometry,,,,,,,,,,,,,,,,,,,,,,,,,,,151196,,,,,,,,,,,,,,,,,,
front_end,,True,kiss_icp_odometry,,,,,,,,,,,,,,,,,,,,,,,,,,,151227,,,,,,,,,,,,,,,,,,
front_end,,True,kiss_icp_odometry,,,,,,,,,,,,,,,,,,,,,,,,,,,151272,,,,,,,,,,,,,,,,,,
optimized_backend,,,,,,,,,,,,,,,,,,,,,,,,,,,,,,,,,,,,,,,,,50,49,0,,,,pose_graph,False
front_end,,True,kiss_icp_odometry,,,,,,,,,,,,,,,,,,,,,,,,,,,151290,,,,,,,,,,,,,,,,,,
front_end,,True,kiss_icp_odometry,,,,,,,,,,,,,,,,,,,,,,,,,,,151332,,,,,,,,,,,,,,,,,,
front_end,,True,kiss_icp_odometry,,,,,,,,,,,,,,,,,,,,,,,,,,,151350,,,,,,,,,,,,,,,,,,
front_end,,True,kiss_icp_odometry,,,,,,,,,,,,,,,,,,,,,,,,,,,151369,,,,,,,,,,,,,,,,,,
optimized_backend,,,,,,,,,,,,,,,,,,,,,,,,,,,,,,,,,,,,,,,,,51,50,0,,,,pose_graph,False
front_end,,True,kiss_icp_odometry,,,,,,,,,,,,,,,,,,,,,,,,,,,151398,,,,,,,,,,,,,,,,,,
front_end,,True,kiss_icp_odometry,,,,,,,,,,,,,,,,,,,,,,,,,,,151418,,,,,,,,,,,,,,,,,,
front_end,,True,kiss_icp_odometry,,,,,,,,,,,,,,,,,,,,,,,,,,,151445,,,,,,,,,,,,,,,,,,
front_end,,True,kiss_icp_odometry,,,,,,,,,,,,,,,,,,,,,,,,,,,151476,,,,,,,,,,,,,,,,,,
front_end,,True,kiss_icp_odometry,,,,,,,,,,,,,,,,,,,,,,,,,,,151487,,,,,,,,,,,,,,,,,,
front_end,,True,kiss_icp_odometry,,,,,,,,,,,,,,,,,,,,,,,,,,,151507,,,,,,,,,,,,,,,,,,
optimized_backend,,,,,,,,,,,,,,,,,,,,,,,,,,,,,,,,,,,,,,,,,52,51,0,,,,pose_graph,False
front_end,,True,kiss_icp_odometry,,,,,,,,,,,,,,,,,,,,,,,,,,,151529,,,,,,,,,,,,,,,,,,
front_end,,True,kiss_icp_odometry,,,,,,,,,,,,,,,,,,,,,,,,,,,151544,,,,,,,,,,,,,,,,,,
front_end,,True,kiss_icp_odometry,,,,,,,,,,,,,,,,,,,,,,,,,,,151563,,,,,,,,,,,,,,,,,,
front_end,,True,kiss_icp_odometry,,,,,,,,,,,,,,,,,,,,,,,,,,,151574,,,,,,,,,,,,,,,,,,
front_end,,True,kiss_icp_odometry,,,,,,,,,,,,,,,,,,,,,,,,,,,151588,,,,,,,,,,,,,,,,,,
front_end,,True,kiss_icp_odometry,,,,,,,,,,,,,,,,,,,,,,,,,,,151599,,,,,,,,,,,,,,,,,,
front_end,,True,kiss_icp_odometry,,,,,,,,,,,,,,,,,,,,,,,,,,,151608,,,,,,,,,,,,,,,,,,
front_end,,True,kiss_icp_odometry,,,,,,,,,,,,,,,,,,,,,,,,,,,151614,,,,,,,,,,,,,,,,,,
front_end,,True,kiss_icp_odometry,,,,,,,,,,,,,,,,,,,,,,,,,,,151618,,,,,,,,,,,,,,,,,,
front_end,,True,kiss_icp_odometry,,,,,,,,,,,,,,,,,,,,,,,,,,,151633,,,,,,,,,,,,,,,,,,
front_end,,True,kiss_icp_odometry,,,,,,,,,,,,,,,,,,,,,,,,,,,151644,,,,,,,,,,,,,,,,,,
optimized_backend,,,,,,,,,,,,,,,,,,,,,,,,,,,,,,,,,,,,,,,,,53,52,0,,,,pose_graph,False
front_end,,True,kiss_icp_odometry,,,,,,,,,,,,,,,,,,,,,,,,,,,151655,,,,,,,,,,,,,,,,,,
front_end,,True,kiss_icp_odometry,,,,,,,,,,,,,,,,,,,,,,,,,,,151661,,,,,,,,,,,,,,,,,,
front_end,,True,kiss_icp_odometry,,,,,,,,,,,,,,,,,,,,,,,,,,,151664,,,,,,,,,,,,,,,,,,
front_end,,True,kiss_icp_odometry,,,,,,,,,,,,,,,,,,,,,,,,,,,151678,,,,,,,,,,,,,,,,,,
front_end,,True,kiss_icp_odometry,,,,,,,,,,,,,,,,,,,,,,,,,,,151684,,,,,,,,,,,,,,,,,,
front_end,,True,kiss_icp_odometry,,,,,,,,,,,,,,,,,,,,,,,,,,,151697,,,,,,,,,,,,,,,,,,
front_end,,True,kiss_icp_odometry,,,,,,,,,,,,,,,,,,,,,,,,,,,151709,,,,,,,,,,,,,,,,,,
front_end,,True,kiss_icp_odometry,,,,,,,,,,,,,,,,,,,,,,,,,,,151716,,,,,,,,,,,,,,,,,,
front_end,,True,kiss_icp_odometry,,,,,,,,,,,,,,,,,,,,,,,,,,,151728,,,,,,,,,,,,,,,,,,
front_end,,True,kiss_icp_odometry,,,,,,,,,,,,,,,,,,,,,,,,,,,151734,,,,,,,,,,,,,,,,,,
front_end,,True,kiss_icp_odometry,,,,,,,,,,,,,,,,,,,,,,,,,,,151753,,,,,,,,,,,,,,,,,,
front_end,,True,kiss_icp_odometry,,,,,,,,,,,,,,,,,,,,,,,,,,,151760,,,,,,,,,,,,,,,,,,
front_end,,True,kiss_icp_odometry,,,,,,,,,,,,,,,,,,,,,,,,,,,151768,,,,,,,,,,,,,,,,,,
front_end,,True,kiss_icp_odometry,,,,,,,,,,,,,,,,,,,,,,,,,,,151785,,,,,,,,,,,,,,,,,,
front_end,,True,kiss_icp_odometry,,,,,,,,,,,,,,,,,,,,,,,,,,,151793,,,,,,,,,,,,,,,,,,
front_end,,True,kiss_icp_odometry,,,,,,,,,,,,,,,,,,,,,,,,,,,151804,,,,,,,,,,,,,,,,,,
front_end,,True,kiss_icp_odometry,,,,,,,,,,,,,,,,,,,,,,,,,,,151815,,,,,,,,,,,,,,,,,,
front_end,,True,kiss_icp_odometry,,,,,,,,,,,,,,,,,,,,,,,,,,,151819,,,,,,,,,,,,,,,,,,
front_end,,True,kiss_icp_odometry,,,,,,,,,,,,,,,,,,,,,,,,,,,151836,,,,,,,,,,,,,,,,,,
optimized_backend,,,,,,,,,,,,,,,,,,,,,,,,,,,,,,,,,,,,,,,,,54,53,0,,,,pose_graph,False
front_end,,True,kiss_icp_odometry,,,,,,,,,,,,,,,,,,,,,,,,,,,151844,,,,,,,,,,,,,,,,,,
front_end,,True,kiss_icp_odometry,,,,,,,,,,,,,,,,,,,,,,,,,,,151858,,,,,,,,,,,,,,,,,,
front_end,,True,kiss_icp_odometry,,,,,,,,,,,,,,,,,,,,,,,,,,,151863,,,,,,,,,,,,,,,,,,
front_end,,True,kiss_icp_odometry,,,,,,,,,,,,,,,,,,,,,,,,,,,151872,,,,,,,,,,,,,,,,,,
front_end,,True,kiss_icp_odometry,,,,,,,,,,,,,,,,,,,,,,,,,,,151880,,,,,,,,,,,,,,,,,,
front_end,,True,kiss_icp_odometry,,,,,,,,,,,,,,,,,,,,,,,,,,,151888,,,,,,,,,,,,,,,,,,
front_end,,True,kiss_icp_odometry,,,,,,,,,,,,,,,,,,,,,,,,,,,151892,,,,,,,,,,,,,,,,,,
front_end,,True,kiss_icp_odometry,,,,,,,,,,,,,,,,,,,,,,,,,,,151898,,,,,,,,,,,,,,,,,,
front_end,,True,kiss_icp_odometry,,,,,,,,,,,,,,,,,,,,,,,,,,,151904,,,,,,,,,,,,,,,,,,
front_end,,True,kiss_icp_odometry,,,,,,,,,,,,,,,,,,,,,,,,,,,151914,,,,,,,,,,,,,,,,,,
optimized_backend,,,,,,,,,,,,,,,,,,,,,,,,,,,,,,,,,,,,,,,,,55,54,0,,,,pose_graph,False
front_end,,True,kiss_icp_odometry,,,,,,,,,,,,,,,,,,,,,,,,,,,151925,,,,,,,,,,,,,,,,,,
front_end,,True,kiss_icp_odometry,,,,,,,,,,,,,,,,,,,,,,,,,,,151933,,,,,,,,,,,,,,,,,,
front_end,,True,kiss_icp_odometry,,,,,,,,,,,,,,,,,,,,,,,,,,,151939,,,,,,,,,,,,,,,,,,
front_end,,True,kiss_icp_odometry,,,,,,,,,,,,,,,,,,,,,,,,,,,151945,,,,,,,,,,,,,,,,,,
front_end,,True,kiss_icp_odometry,,,,,,,,,,,,,,,,,,,,,,,,,,,151951,,,,,,,,,,,,,,,,,,
front_end,,True,kiss_icp_odometry,,,,,,,,,,,,,,,,,,,,,,,,,,,151960,,,,,,,,,,,,,,,,,,
front_end,,True,kiss_icp_odometry,,,,,,,,,,,,,,,,,,,,,,,,,,,151967,,,,,,,,,,,,,,,,,,
front_end,,True,kiss_icp_odometry,,,,,,,,,,,,,,,,,,,,,,,,,,,151973,,,,,,,,,,,,,,,,,,
front_end,,True,kiss_icp_odometry,,,,,,,,,,,,,,,,,,,,,,,,,,,151982,,,,,,,,,,,,,,,,,,
front_end,,True,kiss_icp_odometry,,,,,,,,,,,,,,,,,,,,,,,,,,,152015,,,,,,,,,,,,,,,,,,
front_end,,True,kiss_icp_odometry,,,,,,,,,,,,,,,,,,,,,,,,,,,152053,,,,,,,,,,,,,,,,,,
front_end,,True,kiss_icp_odometry,,,,,,,,,,,,,,,,,,,,,,,,,,,152064,,,,,,,,,,,,,,,,,,
front_end,,True,kiss_icp_odometry,,,,,,,,,,,,,,,,,,,,,,,,,,,152069,,,,,,,,,,,,,,,,,,
front_end,,True,kiss_icp_odometry,,,,,,,,,,,,,,,,,,,,,,,,,,,152080,,,,,,,,,,,,,,,,,,
front_end,,True,kiss_icp_odometry,,,,,,,,,,,,,,,,,,,,,,,,,,,152082,,,,,,,,,,,,,,,,,,
front_end,,True,kiss_icp_odometry,,,,,,,,,,,,,,,,,,,,,,,,,,,152087,,,,,,,,,,,,,,,,,,
front_end,,True,kiss_icp_odometry,,,,,,,,,,,,,,,,,,,,,,,,,,,152093,,,,,,,,,,,,,,,,,,
front_end,,True,kiss_icp_odometry,,,,,,,,,,,,,,,,,,,,,,,,,,,152098,,,,,,,,,,,,,,,,,,
front_end,,True,kiss_icp_odometry,,,,,,,,,,,,,,,,,,,,,,,,,,,152105,,,,,,,,,,,,,,,,,,
front_end,,True,kiss_icp_odometry,,,,,,,,,,,,,,,,,,,,,,,,,,,152108,,,,,,,,,,,,,,,,,,
front_end,,True,kiss_icp_odometry,,,,,,,,,,,,,,,,,,,,,,,,,,,152109,,,,,,,,,,,,,,,,,,
front_end,,True,kiss_icp_odometry,,,,,,,,,,,,,,,,,,,,,,,,,,,152115,,,,,,,,,,,,,,,,,,
front_end,,True,kiss_icp_odometry,,,,,,,,,,,,,,,,,,,,,,,,,,,152117,,,,,,,,,,,,,,,,,,
front_end,,True,kiss_icp_odometry,,,,,,,,,,,,,,,,,,,,,,,,,,,152124,,,,,,,,,,,,,,,,,,
front_end,,True,kiss_icp_odometry,,,,,,,,,,,,,,,,,,,,,,,,,,,152127,,,,,,,,,,,,,,,,,,
front_end,,True,kiss_icp_odometry,,,,,,,,,,,,,,,,,,,,,,,,,,,152131,,,,,,,,,,,,,,,,,,
front_end,,True,kiss_icp_odometry,,,,,,,,,,,,,,,,,,,,,,,,,,,152134,,,,,,,,,,,,,,,,,,
front_end,,True,kiss_icp_odometry,,,,,,,,,,,,,,,,,,,,,,,,,,,152138,,,,,,,,,,,,,,,,,,
front_end,,True,kiss_icp_odometry,,,,,,,,,,,,,,,,,,,,,,,,,,,152140,,,,,,,,,,,,,,,,,,
front_end,,True,kiss_icp_odometry,,,,,,,,,,,,,,,,,,,,,,,,,,,152144,,,,,,,,,,,,,,,,,,
front_end,,True,kiss_icp_odometry,,,,,,,,,,,,,,,,,,,,,,,,,,,152146,,,,,,,,,,,,,,,,,,
front_end,,True,kiss_icp_odometry,,,,,,,,,,,,,,,,,,,,,,,,,,,152147,,,,,,,,,,,,,,,,,,
front_end,,True,kiss_icp_odometry,,,,,,,,,,,,,,,,,,,,,,,,,,,152150,,,,,,,,,,,,,,,,,,
front_end,,True,kiss_icp_odometry,,,,,,,,,,,,,,,,,,,,,,,,,,,152153,,,,,,,,,,,,,,,,,,
front_end,,True,kiss_icp_odometry,,,,,,,,,,,,,,,,,,,,,,,,,,,152158,,,,,,,,,,,,,,,,,,
front_end,,True,kiss_icp_odometry,,,,,,,,,,,,,,,,,,,,,,,,,,,152163,,,,,,,,,,,,,,,,,,
front_end,,True,kiss_icp_odometry,,,,,,,,,,,,,,,,,,,,,,,,,,,152163,,,,,,,,,,,,,,,,,,
front_end,,True,kiss_icp_odometry,,,,,,,,,,,,,,,,,,,,,,,,,,,152166,,,,,,,,,,,,,,,,,,
front_end,,True,kiss_icp_odometry,,,,,,,,,,,,,,,,,,,,,,,,,,,152168,,,,,,,,,,,,,,,,,,
front_end,,True,kiss_icp_odometry,,,,,,,,,,,,,,,,,,,,,,,,,,,152171,,,,,,,,,,,,,,,,,,
front_end,,True,kiss_icp_odometry,,,,,,,,,,,,,,,,,,,,,,,,,,,152173,,,,,,,,,,,,,,,,,,
front_end,,True,kiss_icp_odometry,,,,,,,,,,,,,,,,,,,,,,,,,,,152176,,,,,,,,,,,,,,,,,,
front_end,,True,kiss_icp_odometry,,,,,,,,,,,,,,,,,,,,,,,,,,,152177,,,,,,,,,,,,,,,,,,
front_end,,True,kiss_icp_odometry,,,,,,,,,,,,,,,,,,,,,,,,,,,152178,,,,,,,,,,,,,,,,,,
front_end,,True,kiss_icp_odometry,,,,,,,,,,,,,,,,,,,,,,,,,,,152182,,,,,,,,,,,,,,,,,,
front_end,,True,kiss_icp_odometry,,,,,,,,,,,,,,,,,,,,,,,,,,,152184,,,,,,,,,,,,,,,,,,
front_end,,True,kiss_icp_odometry,,,,,,,,,,,,,,,,,,,,,,,,,,,152191,,,,,,,,,,,,,,,,,,
front_end,,True,kiss_icp_odometry,,,,,,,,,,,,,,,,,,,,,,,,,,,152196,,,,,,,,,,,,,,,,,,
front_end,,True,kiss_icp_odometry,,,,,,,,,,,,,,,,,,,,,,,,,,,152198,,,,,,,,,,,,,,,,,,
front_end,,True,kiss_icp_odometry,,,,,,,,,,,,,,,,,,,,,,,,,,,152225,,,,,,,,,,,,,,,,,,
front_end,,True,kiss_icp_odometry,,,,,,,,,,,,,,,,,,,,,,,,,,,152233,,,,,,,,,,,,,,,,,,
front_end,,True,kiss_icp_odometry,,,,,,,,,,,,,,,,,,,,,,,,,,,152244,,,,,,,,,,,,,,,,,,
front_end,,True,kiss_icp_odometry,,,,,,,,,,,,,,,,,,,,,,,,,,,152276,,,,,,,,,,,,,,,,,,
front_end,,True,kiss_icp_odometry,,,,,,,,,,,,,,,,,,,,,,,,,,,152286,,,,,,,,,,,,,,,,,,
front_end,,True,kiss_icp_odometry,,,,,,,,,,,,,,,,,,,,,,,,,,,152336,,,,,,,,,,,,,,,,,,
front_end,,True,kiss_icp_odometry,,,,,,,,,,,,,,,,,,,,,,,,,,,152347,,,,,,,,,,,,,,,,,,
front_end,,True,kiss_icp_odometry,,,,,,,,,,,,,,,,,,,,,,,,,,,152394,,,,,,,,,,,,,,,,,,
front_end,,True,kiss_icp_odometry,,,,,,,,,,,,,,,,,,,,,,,,,,,152415,,,,,,,,,,,,,,,,,,
front_end,,True,kiss_icp_odometry,,,,,,,,,,,,,,,,,,,,,,,,,,,152436,,,,,,,,,,,,,,,,,,
front_end,,True,kiss_icp_odometry,,,,,,,,,,,,,,,,,,,,,,,,,,,152445,,,,,,,,,,,,,,,,,,
front_end,,True,kiss_icp_odometry,,,,,,,,,,,,,,,,,,,,,,,,,,,152455,,,,,,,,,,,,,,,,,,
front_end,,True,kiss_icp_odometry,,,,,,,,,,,,,,,,,,,,,,,,,,,152458,,,,,,,,,,,,,,,,,,
front_end,,True,kiss_icp_odometry,,,,,,,,,,,,,,,,,,,,,,,,,,,152463,,,,,,,,,,,,,,,,,,
front_end,,True,kiss_icp_odometry,,,,,,,,,,,,,,,,,,,,,,,,,,,152464,,,,,,,,,,,,,,,,,,
front_end,,True,kiss_icp_odometry,,,,,,,,,,,,,,,,,,,,,,,,,,,152467,,,,,,,,,,,,,,,,,,
front_end,,True,kiss_icp_odometry,,,,,,,,,,,,,,,,,,,,,,,,,,,152467,,,,,,,,,,,,,,,,,,
front_end,,True,kiss_icp_odometry,,,,,,,,,,,,,,,,,,,,,,,,,,,152471,,,,,,,,,,,,,,,,,,
front_end,,True,kiss_icp_odometry,,,,,,,,,,,,,,,,,,,,,,,,,,,152478,,,,,,,,,,,,,,,,,,
front_end,,True,kiss_icp_odometry,,,,,,,,,,,,,,,,,,,,,,,,,,,152481,,,,,,,,,,,,,,,,,,
front_end,,True,kiss_icp_odometry,,,,,,,,,,,,,,,,,,,,,,,,,,,152485,,,,,,,,,,,,,,,,,,
front_end,,True,kiss_icp_odometry,,,,,,,,,,,,,,,,,,,,,,,,,,,152487,,,,,,,,,,,,,,,,,,
front_end,,True,kiss_icp_odometry,,,,,,,,,,,,,,,,,,,,,,,,,,,152491,,,,,,,,,,,,,,,,,,
front_end,,True,kiss_icp_odometry,,,,,,,,,,,,,,,,,,,,,,,,,,,152494,,,,,,,,,,,,,,,,,,
front_end,,True,kiss_icp_odometry,,,,,,,,,,,,,,,,,,,,,,,,,,,152498,,,,,,,,,,,,,,,,,,
front_end,,True,kiss_icp_odometry,,,,,,,,,,,,,,,,,,,,,,,,,,,152499,,,,,,,,,,,,,,,,,,
front_end,,True,kiss_icp_odometry,,,,,,,,,,,,,,,,,,,,,,,,,,,152502,,,,,,,,,,,,,,,,,,
front_end,,True,kiss_icp_odometry,,,,,,,,,,,,,,,,,,,,,,,,,,,152505,,,,,,,,,,,,,,,,,,
front_end,,True,kiss_icp_odometry,,,,,,,,,,,,,,,,,,,,,,,,,,,152511,,,,,,,,,,,,,,,,,,
front_end,,True,kiss_icp_odometry,,,,,,,,,,,,,,,,,,,,,,,,,,,152512,,,,,,,,,,,,,,,,,,
front_end,,True,kiss_icp_odometry,,,,,,,,,,,,,,,,,,,,,,,,,,,152514,,,,,,,,,,,,,,,,,,
front_end,,True,kiss_icp_odometry,,,,,,,,,,,,,,,,,,,,,,,,,,,152515,,,,,,,,,,,,,,,,,,
front_end,,True,kiss_icp_odometry,,,,,,,,,,,,,,,,,,,,,,,,,,,152524,,,,,,,,,,,,,,,,,,
front_end,,True,kiss_icp_odometry,,,,,,,,,,,,,,,,,,,,,,,,,,,152524,,,,,,,,,,,,,,,,,,
front_end,,True,kiss_icp_odometry,,,,,,,,,,,,,,,,,,,,,,,,,,,152534,,,,,,,,,,,,,,,,,,
front_end,,True,kiss_icp_odometry,,,,,,,,,,,,,,,,,,,,,,,,,,,152577,,,,,,,,,,,,,,,,,,
front_end,,True,kiss_icp_odometry,,,,,,,,,,,,,,,,,,,,,,,,,,,152594,,,,,,,,,,,,,,,,,,
front_end,,True,kiss_icp_odometry,,,,,,,,,,,,,,,,,,,,,,,,,,,152604,,,,,,,,,,,,,,,,,,
front_end,,True,kiss_icp_odometry,,,,,,,,,,,,,,,,,,,,,,,,,,,152620,,,,,,,,,,,,,,,,,,
front_end,,True,kiss_icp_odometry,,,,,,,,,,,,,,,,,,,,,,,,,,,152643,,,,,,,,,,,,,,,,,,
front_end,,True,kiss_icp_odometry,,,,,,,,,,,,,,,,,,,,,,,,,,,152654,,,,,,,,,,,,,,,,,,
front_end,,True,kiss_icp_odometry,,,,,,,,,,,,,,,,,,,,,,,,,,,152658,,,,,,,,,,,,,,,,,,
front_end,,True,kiss_icp_odometry,,,,,,,,,,,,,,,,,,,,,,,,,,,152669,,,,,,,,,,,,,,,,,,
front_end,,True,kiss_icp_odometry,,,,,,,,,,,,,,,,,,,,,,,,,,,152679,,,,,,,,,,,,,,,,,,
front_end,,True,kiss_icp_odometry,,,,,,,,,,,,,,,,,,,,,,,,,,,152689,,,,,,,,,,,,,,,,,,
front_end,,True,kiss_icp_odometry,,,,,,,,,,,,,,,,,,,,,,,,,,,152703,,,,,,,,,,,,,,,,,,
front_end,,True,kiss_icp_odometry,,,,,,,,,,,,,,,,,,,,,,,,,,,152728,,,,,,,,,,,,,,,,,,
front_end,,True,kiss_icp_odometry,,,,,,,,,,,,,,,,,,,,,,,,,,,152747,,,,,,,,,,,,,,,,,,
front_end,,True,kiss_icp_odometry,,,,,,,,,,,,,,,,,,,,,,,,,,,152761,,,,,,,,,,,,,,,,,,
front_end,,True,kiss_icp_odometry,,,,,,,,,,,,,,,,,,,,,,,,,,,152779,,,,,,,,,,,,,,,,,,
front_end,,True,kiss_icp_odometry,,,,,,,,,,,,,,,,,,,,,,,,,,,152804,,,,,,,,,,,,,,,,,,
front_end,,True,kiss_icp_odometry,,,,,,,,,,,,,,,,,,,,,,,,,,,152836,,,,,,,,,,,,,,,,,,
front_end,,True,kiss_icp_odometry,,,,,,,,,,,,,,,,,,,,,,,,,,,152870,,,,,,,,,,,,,,,,,,
front_end,,True,kiss_icp_odometry,,,,,,,,,,,,,,,,,,,,,,,,,,,152881,,,,,,,,,,,,,,,,,,
front_end,,True,kiss_icp_odometry,,,,,,,,,,,,,,,,,,,,,,,,,,,152910,,,,,,,,,,,,,,,,,,
front_end,,True,kiss_icp_odometry,,,,,,,,,,,,,,,,,,,,,,,,,,,152946,,,,,,,,,,,,,,,,,,
front_end,,True,kiss_icp_odometry,,,,,,,,,,,,,,,,,,,,,,,,,,,152967,,,,,,,,,,,,,,,,,,
front_end,,True,kiss_icp_odometry,,,,,,,,,,,,,,,,,,,,,,,,,,,152991,,,,,,,,,,,,,,,,,,
front_end,,True,kiss_icp_odometry,,,,,,,,,,,,,,,,,,,,,,,,,,,153048,,,,,,,,,,,,,,,,,,
front_end,,True,kiss_icp_odometry,,,,,,,,,,,,,,,,,,,,,,,,,,,153078,,,,,,,,,,,,,,,,,,
front_end,,True,kiss_icp_odometry,,,,,,,,,,,,,,,,,,,,,,,,,,,153130,,,,,,,,,,,,,,,,,,
optimized_backend,,,,,,,,,,,,,,,,,,,,,,,,,,,,,,,,,,,,,,,,,56,56,1,,,,pose_graph,True
front_end,,True,kiss_icp_odometry,,,,,,,,,,,,,,,,,,,,,,,,,,,153153,,,,,,,,,,,,,,,,,,
front_end,,True,kiss_icp_odometry,,,,,,,,,,,,,,,,,,,,,,,,,,,153179,,,,,,,,,,,,,,,,,,
front_end,,True,kiss_icp_odometry,,,,,,,,,,,,,,,,,,,,,,,,,,,153217,,,,,,,,,,,,,,,,,,
front_end,,True,kiss_icp_odometry,,,,,,,,,,,,,,,,,,,,,,,,,,,153242,,,,,,,,,,,,,,,,,,
front_end,,True,kiss_icp_odometry,,,,,,,,,,,,,,,,,,,,,,,,,,,153263,,,,,,,,,,,,,,,,,,
front_end,,True,kiss_icp_odometry,,,,,,,,,,,,,,,,,,,,,,,,,,,153286,,,,,,,,,,,,,,,,,,
front_end,,True,kiss_icp_odometry,,,,,,,,,,,,,,,,,,,,,,,,,,,153322,,,,,,,,,,,,,,,,,,
front_end,,True,kiss_icp_odometry,,,,,,,,,,,,,,,,,,,,,,,,,,,153345,,,,,,,,,,,,,,,,,,
front_end,,True,kiss_icp_odometry,,,,,,,,,,,,,,,,,,,,,,,,,,,153393,,,,,,,,,,,,,,,,,,
front_end,,True,kiss_icp_odometry,,,,,,,,,,,,,,,,,,,,,,,,,,,153420,,,,,,,,,,,,,,,,,,
front_end,,True,kiss_icp_odometry,,,,,,,,,,,,,,,,,,,,,,,,,,,153438,,,,,,,,,,,,,,,,,,
front_end,,True,kiss_icp_odometry,,,,,,,,,,,,,,,,,,,,,,,,,,,153448,,,,,,,,,,,,,,,,,,
front_end,,True,kiss_icp_odometry,,,,,,,,,,,,,,,,,,,,,,,,,,,153467,,,,,,,,,,,,,,,,,,
front_end,,True,kiss_icp_odometry,,,,,,,,,,,,,,,,,,,,,,,,,,,153504,,,,,,,,,,,,,,,,,,
front_end,,True,kiss_icp_odometry,,,,,,,,,,,,,,,,,,,,,,,,,,,153535,,,,,,,,,,,,,,,,,,
front_end,,True,kiss_icp_odometry,,,,,,,,,,,,,,,,,,,,,,,,,,,153549,,,,,,,,,,,,,,,,,,
front_end,,True,kiss_icp_odometry,,,,,,,,,,,,,,,,,,,,,,,,,,,153576,,,,,,,,,,,,,,,,,,
front_end,,True,kiss_icp_odometry,,,,,,,,,,,,,,,,,,,,,,,,,,,153587,,,,,,,,,,,,,,,,,,
front_end,,True,kiss_icp_odometry,,,,,,,,,,,,,,,,,,,,,,,,,,,153621,,,,,,,,,,,,,,,,,,
front_end,,True,kiss_icp_odometry,,,,,,,,,,,,,,,,,,,,,,,,,,,153660,,,,,,,,,,,,,,,,,,
front_end,,True,kiss_icp_odometry,,,,,,,,,,,,,,,,,,,,,,,,,,,153679,,,,,,,,,,,,,,,,,,
front_end,,True,kiss_icp_odometry,,,,,,,,,,,,,,,,,,,,,,,,,,,153704,,,,,,,,,,,,,,,,,,
front_end,,True,kiss_icp_odometry,,,,,,,,,,,,,,,,,,,,,,,,,,,153723,,,,,,,,,,,,,,,,,,
front_end,,True,kiss_icp_odometry,,,,,,,,,,,,,,,,,,,,,,,,,,,153752,,,,,,,,,,,,,,,,,,
front_end,,True,kiss_icp_odometry,,,,,,,,,,,,,,,,,,,,,,,,,,,153780,,,,,,,,,,,,,,,,,,
front_end,,True,kiss_icp_odometry,,,,,,,,,,,,,,,,,,,,,,,,,,,153806,,,,,,,,,,,,,,,,,,
front_end,,True,kiss_icp_odometry,,,,,,,,,,,,,,,,,,,,,,,,,,,153837,,,,,,,,,,,,,,,,,,
front_end,,True,kiss_icp_odometry,,,,,,,,,,,,,,,,,,,,,,,,,,,153863,,,,,,,,,,,,,,,,,,
optimized_backend,,,,,,,,,,,,,,,,,,,,,,,,,,,,,,,,,,,,,,,,,57,58,2,,,,pose_graph,True
front_end,,True,kiss_icp_odometry,,,,,,,,,,,,,,,,,,,,,,,,,,,153906,,,,,,,,,,,,,,,,,,
front_end,,True,kiss_icp_odometry,,,,,,,,,,,,,,,,,,,,,,,,,,,153940,,,,,,,,,,,,,,,,,,
front_end,,True,kiss_icp_odometry,,,,,,,,,,,,,,,,,,,,,,,,,,,153981,,,,,,,,,,,,,,,,,,
front_end,,True,kiss_icp_odometry,,,,,,,,,,,,,,,,,,,,,,,,,,,154007,,,,,,,,,,,,,,,,,,
front_end,,True,kiss_icp_odometry,,,,,,,,,,,,,,,,,,,,,,,,,,,154048,,,,,,,,,,,,,,,,,,
front_end,,True,kiss_icp_odometry,,,,,,,,,,,,,,,,,,,,,,,,,,,154081,,,,,,,,,,,,,,,,,,
front_end,,True,kiss_icp_odometry,,,,,,,,,,,,,,,,,,,,,,,,,,,154110,,,,,,,,,,,,,,,,,,
front_end,,True,kiss_icp_odometry,,,,,,,,,,,,,,,,,,,,,,,,,,,154133,,,,,,,,,,,,,,,,,,
front_end,,True,kiss_icp_odometry,,,,,,,,,,,,,,,,,,,,,,,,,,,154157,,,,,,,,,,,,,,,,,,
front_end,,True,kiss_icp_odometry,,,,,,,,,,,,,,,,,,,,,,,,,,,154178,,,,,,,,,,,,,,,,,,
front_end,,True,kiss_icp_odometry,,,,,,,,,,,,,,,,,,,,,,,,,,,154209,,,,,,,,,,,,,,,,,,
front_end,,True,kiss_icp_odometry,,,,,,,,,,,,,,,,,,,,,,,,,,,154241,,,,,,,,,,,,,,,,,,
front_end,,True,kiss_icp_odometry,,,,,,,,,,,,,,,,,,,,,,,,,,,154272,,,,,,,,,,,,,,,,,,
front_end,,True,kiss_icp_odometry,,,,,,,,,,,,,,,,,,,,,,,,,,,154301,,,,,,,,,,,,,,,,,,
front_end,,True,kiss_icp_odometry,,,,,,,,,,,,,,,,,,,,,,,,,,,154336,,,,,,,,,,,,,,,,,,
front_end,,True,kiss_icp_odometry,,,,,,,,,,,,,,,,,,,,,,,,,,,154369,,,,,,,,,,,,,,,,,,
front_end,,True,kiss_icp_odometry,,,,,,,,,,,,,,,,,,,,,,,,,,,154391,,,,,,,,,,,,,,,,,,
front_end,,True,kiss_icp_odometry,,,,,,,,,,,,,,,,,,,,,,,,,,,154420,,,,,,,,,,,,,,,,,,
front_end,,True,kiss_icp_odometry,,,,,,,,,,,,,,,,,,,,,,,,,,,154457,,,,,,,,,,,,,,,,,,
front_end,,True,kiss_icp_odometry,,,,,,,,,,,,,,,,,,,,,,,,,,,154482,,,,,,,,,,,,,,,,,,
front_end,,True,kiss_icp_odometry,,,,,,,,,,,,,,,,,,,,,,,,,,,154516,,,,,,,,,,,,,,,,,,
front_end,,True,kiss_icp_odometry,,,,,,,,,,,,,,,,,,,,,,,,,,,154549,,,,,,,,,,,,,,,,,,
front_end,,True,kiss_icp_odometry,,,,,,,,,,,,,,,,,,,,,,,,,,,154651,,,,,,,,,,,,,,,,,,
front_end,,True,kiss_icp_odometry,,,,,,,,,,,,,,,,,,,,,,,,,,,154686,,,,,,,,,,,,,,,,,,
optimized_backend,,,,,,,,,,,,,,,,,,,,,,,,,,,,,,,,,,,,,,,,,58,60,3,,,,pose_graph,True
front_end,,True,kiss_icp_odometry,,,,,,,,,,,,,,,,,,,,,,,,,,,154712,,,,,,,,,,,,,,,,,,
front_end,,True,kiss_icp_odometry,,,,,,,,,,,,,,,,,,,,,,,,,,,154736,,,,,,,,,,,,,,,,,,
front_end,,True,kiss_icp_odometry,,,,,,,,,,,,,,,,,,,,,,,,,,,154771,,,,,,,,,,,,,,,,,,
front_end,,True,kiss_icp_odometry,,,,,,,,,,,,,,,,,,,,,,,,,,,154809,,,,,,,,,,,,,,,,,,
front_end,,True,kiss_icp_odometry,,,,,,,,,,,,,,,,,,,,,,,,,,,154853,,,,,,,,,,,,,,,,,,
front_end,,True,kiss_icp_odometry,,,,,,,,,,,,,,,,,,,,,,,,,,,154906,,,,,,,,,,,,,,,,,,
front_end,,True,kiss_icp_odometry,,,,,,,,,,,,,,,,,,,,,,,,,,,154950,,,,,,,,,,,,,,,,,,
front_end,,True,kiss_icp_odometry,,,,,,,,,,,,,,,,,,,,,,,,,,,154989,,,,,,,,,,,,,,,,,,
front_end,,True,kiss_icp_odometry,,,,,,,,,,,,,,,,,,,,,,,,,,,155031,,,,,,,,,,,,,,,,,,
front_end,,True,kiss_icp_odometry,,,,,,,,,,,,,,,,,,,,,,,,,,,155083,,,,,,,,,,,,,,,,,,
front_end,,True,kiss_icp_odometry,,,,,,,,,,,,,,,,,,,,,,,,,,,155120,,,,,,,,,,,,,,,,,,
front_end,,True,kiss_icp_odometry,,,,,,,,,,,,,,,,,,,,,,,,,,,155159,,,,,,,,,,,,,,,,,,
front_end,,True,kiss_icp_odometry,,,,,,,,,,,,,,,,,,,,,,,,,,,155235,,,,,,,,,,,,,,,,,,
front_end,,True,kiss_icp_odometry,,,,,,,,,,,,,,,,,,,,,,,,,,,155287,,,,,,,,,,,,,,,,,,
front_end,,True,kiss_icp_odometry,,,,,,,,,,,,,,,,,,,,,,,,,,,155340,,,,,,,,,,,,,,,,,,
front_end,,True,kiss_icp_odometry,,,,,,,,,,,,,,,,,,,,,,,,,,,155389,,,,,,,,,,,,,,,,,,
front_end,,True,kiss_icp_odometry,,,,,,,,,,,,,,,,,,,,,,,,,,,155440,,,,,,,,,,,,,,,,,,
front_end,,True,kiss_icp_odometry,,,,,,,,,,,,,,,,,,,,,,,,,,,155496,,,,,,,,,,,,,,,,,,
front_end,,True,kiss_icp_odometry,,,,,,,,,,,,,,,,,,,,,,,,,,,155533,,,,,,,,,,,,,,,,,,
front_end,,True,kiss_icp_odometry,,,,,,,,,,,,,,,,,,,,,,,,,,,155573,,,,,,,,,,,,,,,,,,
front_end,,True,kiss_icp_odometry,,,,,,,,,,,,,,,,,,,,,,,,,,,155652,,,,,,,,,,,,,,,,,,
front_end,,True,kiss_icp_odometry,,,,,,,,,,,,,,,,,,,,,,,,,,,155712,,,,,,,,,,,,,,,,,,
optimized_backend,,,,,,,,,,,,,,,,,,,,,,,,,,,,,,,,,,,,,,,,,59,62,4,,,,pose_graph,True
front_end,,True,kiss_icp_odometry,,,,,,,,,,,,,,,,,,,,,,,,,,,155765,,,,,,,,,,,,,,,,,,
front_end,,True,kiss_icp_odometry,,,,,,,,,,,,,,,,,,,,,,,,,,,155823,,,,,,,,,,,,,,,,,,
front_end,,True,kiss_icp_odometry,,,,,,,,,,,,,,,,,,,,,,,,,,,155867,,,,,,,,,,,,,,,,,,
front_end,,True,kiss_icp_odometry,,,,,,,,,,,,,,,,,,,,,,,,,,,155917,,,,,,,,,,,,,,,,,,
front_end,,True,kiss_icp_odometry,,,,,,,,,,,,,,,,,,,,,,,,,,,155970,,,,,,,,,,,,,,,,,,
front_end,,True,kiss_icp_odometry,,,,,,,,,,,,,,,,,,,,,,,,,,,156019,,,,,,,,,,,,,,,,,,
front_end,,True,kiss_icp_odometry,,,,,,,,,,,,,,,,,,,,,,,,,,,156073,,,,,,,,,,,,,,,,,,
front_end,,True,kiss_icp_odometry,,,,,,,,,,,,,,,,,,,,,,,,,,,156117,,,,,,,,,,,,,,,,,,
front_end,,True,kiss_icp_odometry,,,,,,,,,,,,,,,,,,,,,,,,,,,156166,,,,,,,,,,,,,,,,,,
front_end,,True,kiss_icp_odometry,,,,,,,,,,,,,,,,,,,,,,,,,,,156223,,,,,,,,,,,,,,,,,,
front_end,,True,kiss_icp_odometry,,,,,,,,,,,,,,,,,,,,,,,,,,,156298,,,,,,,,,,,,,,,,,,
front_end,,True,kiss_icp_odometry,,,,,,,,,,,,,,,,,,,,,,,,,,,156363,,,,,,,,,,,,,,,,,,
front_end,,True,kiss_icp_odometry,,,,,,,,,,,,,,,,,,,,,,,,,,,156421,,,,,,,,,,,,,,,,,,
front_end,,True,kiss_icp_odometry,,,,,,,,,,,,,,,,,,,,,,,,,,,156482,,,,,,,,,,,,,,,,,,
front_end,,True,kiss_icp_odometry,,,,,,,,,,,,,,,,,,,,,,,,,,,156541,,,,,,,,,,,,,,,,,,
front_end,,True,kiss_icp_odometry,,,,,,,,,,,,,,,,,,,,,,,,,,,156580,,,,,,,,,,,,,,,,,,
front_end,,True,kiss_icp_odometry,,,,,,,,,,,,,,,,,,,,,,,,,,,156644,,,,,,,,,,,,,,,,,,
optimized_backend,,,,,,,,,,,,,,,,,,,,,,,,,,,,,,,,,,,,,,,,,60,64,5,,,,pose_graph,True
front_end,,True,kiss_icp_odometry,,,,,,,,,,,,,,,,,,,,,,,,,,,156705,,,,,,,,,,,,,,,,,,
front_end,,True,kiss_icp_odometry,,,,,,,,,,,,,,,,,,,,,,,,,,,156755,,,,,,,,,,,,,,,,,,
front_end,,True,kiss_icp_odometry,,,,,,,,,,,,,,,,,,,,,,,,,,,156801,,,,,,,,,,,,,,,,,,
front_end,,True,kiss_icp_odometry,,,,,,,,,,,,,,,,,,,,,,,,,,,156870,,,,,,,,,,,,,,,,,,
front_end,,True,kiss_icp_odometry,,,,,,,,,,,,,,,,,,,,,,,,,,,156920,,,,,,,,,,,,,,,,,,
front_end,,True,kiss_icp_odometry,,,,,,,,,,,,,,,,,,,,,,,,,,,156982,,,,,,,,,,,,,,,,,,
front_end,,True,kiss_icp_odometry,,,,,,,,,,,,,,,,,,,,,,,,,,,157041,,,,,,,,,,,,,,,,,,
front_end,,True,kiss_icp_odometry,,,,,,,,,,,,,,,,,,,,,,,,,,,157089,,,,,,,,,,,,,,,,,,
front_end,,True,kiss_icp_odometry,,,,,,,,,,,,,,,,,,,,,,,,,,,157138,,,,,,,,,,,,,,,,,,
front_end,,True,kiss_icp_odometry,,,,,,,,,,,,,,,,,,,,,,,,,,,157206,,,,,,,,,,,,,,,,,,
front_end,,True,kiss_icp_odometry,,,,,,,,,,,,,,,,,,,,,,,,,,,157282,,,,,,,,,,,,,,,,,,
front_end,,True,kiss_icp_odometry,,,,,,,,,,,,,,,,,,,,,,,,,,,157325,,,,,,,,,,,,,,,,,,
front_end,,True,kiss_icp_odometry,,,,,,,,,,,,,,,,,,,,,,,,,,,157400,,,,,,,,,,,,,,,,,,
front_end,,True,kiss_icp_odometry,,,,,,,,,,,,,,,,,,,,,,,,,,,157496,,,,,,,,,,,,,,,,,,
front_end,,True,kiss_icp_odometry,,,,,,,,,,,,,,,,,,,,,,,,,,,157564,,,,,,,,,,,,,,,,,,
front_end,,True,kiss_icp_odometry,,,,,,,,,,,,,,,,,,,,,,,,,,,157625,,,,,,,,,,,,,,,,,,
front_end,,True,kiss_icp_odometry,,,,,,,,,,,,,,,,,,,,,,,,,,,157675,,,,,,,,,,,,,,,,,,
front_end,,True,kiss_icp_odometry,,,,,,,,,,,,,,,,,,,,,,,,,,,157728,,,,,,,,,,,,,,,,,,
front_end,,True,kiss_icp_odometry,,,,,,,,,,,,,,,,,,,,,,,,,,,157767,,,,,,,,,,,,,,,,,,
front_end,,True,kiss_icp_odometry,,,,,,,,,,,,,,,,,,,,,,,,,,,157871,,,,,,,,,,,,,,,,,,
front_end,,True,kiss_icp_odometry,,,,,,,,,,,,,,,,,,,,,,,,,,,157949,,,,,,,,,,,,,,,,,,
front_end,,True,kiss_icp_odometry,,,,,,,,,,,,,,,,,,,,,,,,,,,157998,,,,,,,,,,,,,,,,,,
front_end,,True,kiss_icp_odometry,,,,,,,,,,,,,,,,,,,,,,,,,,,158054,,,,,,,,,,,,,,,,,,
front_end,,True,kiss_icp_odometry,,,,,,,,,,,,,,,,,,,,,,,,,,,158114,,,,,,,,,,,,,,,,,,
optimized_backend,,,,,,,,,,,,,,,,,,,,,,,,,,,,,,,,,,,,,,,,,61,66,6,,,,pose_graph,True
front_end,,True,kiss_icp_odometry,,,,,,,,,,,,,,,,,,,,,,,,,,,158166,,,,,,,,,,,,,,,,,,
front_end,,True,kiss_icp_odometry,,,,,,,,,,,,,,,,,,,,,,,,,,,158240,,,,,,,,,,,,,,,,,,
front_end,,True,kiss_icp_odometry,,,,,,,,,,,,,,,,,,,,,,,,,,,158269,,,,,,,,,,,,,,,,,,
front_end,,True,kiss_icp_odometry,,,,,,,,,,,,,,,,,,,,,,,,,,,158302,,,,,,,,,,,,,,,,,,
front_end,,True,kiss_icp_odometry,,,,,,,,,,,,,,,,,,,,,,,,,,,158345,,,,,,,,,,,,,,,,,,
front_end,,True,kiss_icp_odometry,,,,,,,,,,,,,,,,,,,,,,,,,,,158385,,,,,,,,,,,,,,,,,,
front_end,,True,kiss_icp_odometry,,,,,,,,,,,,,,,,,,,,,,,,,,,158456,,,,,,,,,,,,,,,,,,
front_end,,True,kiss_icp_odometry,,,,,,,,,,,,,,,,,,,,,,,,,,,158517,,,,,,,,,,,,,,,,,,
front_end,,True,kiss_icp_odometry,,,,,,,,,,,,,,,,,,,,,,,,,,,158596,,,,,,,,,,,,,,,,,,
front_end,,True,kiss_icp_odometry,,,,,,,,,,,,,,,,,,,,,,,,,,,158737,,,,,,,,,,,,,,,,,,
front_end,,True,kiss_icp_odometry,,,,,,,,,,,,,,,,,,,,,,,,,,,158807,,,,,,,,,,,,,,,,,,
front_end,,True,kiss_icp_odometry,,,,,,,,,,,,,,,,,,,,,,,,,,,158868,,,,,,,,,,,,,,,,,,
front_end,,True,kiss_icp_odometry,,,,,,,,,,,,,,,,,,,,,,,,,,,158909,,,,,,,,,,,,,,,,,,
front_end,,True,kiss_icp_odometry,,,,,,,,,,,,,,,,,,,,,,,,,,,158965,,,,,,,,,,,,,,,,,,
front_end,,True,kiss_icp_odometry,,,,,,,,,,,,,,,,,,,,,,,,,,,159037,,,,,,,,,,,,,,,,,,
front_end,,True,kiss_icp_odometry,,,,,,,,,,,,,,,,,,,,,,,,,,,159099,,,,,,,,,,,,,,,,,,
front_end,,True,kiss_icp_odometry,,,,,,,,,,,,,,,,,,,,,,,,,,,159197,,,,,,,,,,,,,,,,,,
front_end,,True,kiss_icp_odometry,,,,,,,,,,,,,,,,,,,,,,,,,,,159230,,,,,,,,,,,,,,,,,,
front_end,,True,kiss_icp_odometry,,,,,,,,,,,,,,,,,,,,,,,,,,,159265,,,,,,,,,,,,,,,,,,
front_end,,True,kiss_icp_odometry,,,,,,,,,,,,,,,,,,,,,,,,,,,159283,,,,,,,,,,,,,,,,,,
optimized_backend,,,,,,,,,,,,,,,,,,,,,,,,,,,,,,,,,,,,,,,,,62,68,7,,,,pose_graph,True
front_end,,True,kiss_icp_odometry,,,,,,,,,,,,,,,,,,,,,,,,,,,159297,,,,,,,,,,,,,,,,,,
front_end,,True,kiss_icp_odometry,,,,,,,,,,,,,,,,,,,,,,,,,,,159318,,,,,,,,,,,,,,,,,,
front_end,,True,kiss_icp_odometry,,,,,,,,,,,,,,,,,,,,,,,,,,,159332,,,,,,,,,,,,,,,,,,
front_end,,True,kiss_icp_odometry,,,,,,,,,,,,,,,,,,,,,,,,,,,159341,,,,,,,,,,,,,,,,,,
front_end,,True,kiss_icp_odometry,,,,,,,,,,,,,,,,,,,,,,,,,,,159355,,,,,,,,,,,,,,,,,,
front_end,,True,kiss_icp_odometry,,,,,,,,,,,,,,,,,,,,,,,,,,,159365,,,,,,,,,,,,,,,,,,
front_end,,True,kiss_icp_odometry,,,,,,,,,,,,,,,,,,,,,,,,,,,159369,,,,,,,,,,,,,,,,,,
front_end,,True,kiss_icp_odometry,,,,,,,,,,,,,,,,,,,,,,,,,,,159377,,,,,,,,,,,,,,,,,,
front_end,,True,kiss_icp_odometry,,,,,,,,,,,,,,,,,,,,,,,,,,,159380,,,,,,,,,,,,,,,,,,
front_end,,True,kiss_icp_odometry,,,,,,,,,,,,,,,,,,,,,,,,,,,159389,,,,,,,,,,,,,,,,,,
front_end,,True,kiss_icp_odometry,,,,,,,,,,,,,,,,,,,,,,,,,,,159396,,,,,,,,,,,,,,,,,,
front_end,,True,kiss_icp_odometry,,,,,,,,,,,,,,,,,,,,,,,,,,,159406,,,,,,,,,,,,,,,,,,
front_end,,True,kiss_icp_odometry,,,,,,,,,,,,,,,,,,,,,,,,,,,159409,,,,,,,,,,,,,,,,,,
front_end,,True,kiss_icp_odometry,,,,,,,,,,,,,,,,,,,,,,,,,,,159421,,,,,,,,,,,,,,,,,,
front_end,,True,kiss_icp_odometry,,,,,,,,,,,,,,,,,,,,,,,,,,,159452,,,,,,,,,,,,,,,,,,
front_end,,True,kiss_icp_odometry,,,,,,,,,,,,,,,,,,,,,,,,,,,159463,,,,,,,,,,,,,,,,,,
front_end,,True,kiss_icp_odometry,,,,,,,,,,,,,,,,,,,,,,,,,,,159473,,,,,,,,,,,,,,,,,,
front_end,,True,kiss_icp_odometry,,,,,,,,,,,,,,,,,,,,,,,,,,,159481,,,,,,,,,,,,,,,,,,
front_end,,True,kiss_icp_odometry,,,,,,,,,,,,,,,,,,,,,,,,,,,159498,,,,,,,,,,,,,,,,,,
front_end,,True,kiss_icp_odometry,,,,,,,,,,,,,,,,,,,,,,,,,,,159510,,,,,,,,,,,,,,,,,,
front_end,,True,kiss_icp_odometry,,,,,,,,,,,,,,,,,,,,,,,,,,,159519,,,,,,,,,,,,,,,,,,
front_end,,True,kiss_icp_odometry,,,,,,,,,,,,,,,,,,,,,,,,,,,159538,,,,,,,,,,,,,,,,,,
front_end,,True,kiss_icp_odometry,,,,,,,,,,,,,,,,,,,,,,,,,,,159551,,,,,,,,,,,,,,,,,,
front_end,,True,kiss_icp_odometry,,,,,,,,,,,,,,,,,,,,,,,,,,,159573,,,,,,,,,,,,,,,,,,
front_end,,True,kiss_icp_odometry,,,,,,,,,,,,,,,,,,,,,,,,,,,159600,,,,,,,,,,,,,,,,,,
front_end,,True,kiss_icp_odometry,,,,,,,,,,,,,,,,,,,,,,,,,,,159623,,,,,,,,,,,,,,,,,,
optimized_backend,,,,,,,,,,,,,,,,,,,,,,,,,,,,,,,,,,,,,,,,,63,70,8,,,,pose_graph,True
front_end,,True,kiss_icp_odometry,,,,,,,,,,,,,,,,,,,,,,,,,,,159651,,,,,,,,,,,,,,,,,,
front_end,,True,kiss_icp_odometry,,,,,,,,,,,,,,,,,,,,,,,,,,,159680,,,,,,,,,,,,,,,,,,
front_end,,True,kiss_icp_odometry,,,,,,,,,,,,,,,,,,,,,,,,,,,159705,,,,,,,,,,,,,,,,,,
front_end,,True,kiss_icp_odometry,,,,,,,,,,,,,,,,,,,,,,,,,,,159764,,,,,,,,,,,,,,,,,,
front_end,,True,kiss_icp_odometry,,,,,,,,,,,,,,,,,,,,,,,,,,,159816,,,,,,,,,,,,,,,,,,
front_end,,True,kiss_icp_odometry,,,,,,,,,,,,,,,,,,,,,,,,,,,159865,,,,,,,,,,,,,,,,,,
front_end,,True,kiss_icp_odometry,,,,,,,,,,,,,,,,,,,,,,,,,,,159919,,,,,,,,,,,,,,,,,,
front_end,,True,kiss_icp_odometry,,,,,,,,,,,,,,,,,,,,,,,,,,,159972,,,,,,,,,,,,,,,,,,
optimized_backend,,,,,,,,,,,,,,,,,,,,,,,,,,,,,,,,,,,,,,,,,64,72,9,,,,pose_graph,True
front_end,,True,kiss_icp_odometry,,,,,,,,,,,,,,,,,,,,,,,,,,,160023,,,,,,,,,,,,,,,,,,
front_end,,True,kiss_icp_odometry,,,,,,,,,,,,,,,,,,,,,,,,,,,160074,,,,,,,,,,,,,,,,,,
front_end,,True,kiss_icp_odometry,,,,,,,,,,,,,,,,,,,,,,,,,,,160118,,,,,,,,,,,,,,,,,,
front_end,,True,kiss_icp_odometry,,,,,,,,,,,,,,,,,,,,,,,,,,,160151,,,,,,,,,,,,,,,,,,
front_end,,True,kiss_icp_odometry,,,,,,,,,,,,,,,,,,,,,,,,,,,160192,,,,,,,,,,,,,,,,,,
front_end,,True,kiss_icp_odometry,,,,,,,,,,,,,,,,,,,,,,,,,,,160235,,,,,,,,,,,,,,,,,,
front_end,,True,kiss_icp_odometry,,,,,,,,,,,,,,,,,,,,,,,,,,,160280,,,,,,,,,,,,,,,,,,
front_end,,True,kiss_icp_odometry,,,,,,,,,,,,,,,,,,,,,,,,,,,160321,,,,,,,,,,,,,,,,,,
optimized_backend,,,,,,,,,,,,,,,,,,,,,,,,,,,,,,,,,,,,,,,,,65,74,10,,,,pose_graph,True
front_end,,True,kiss_icp_odometry,,,,,,,,,,,,,,,,,,,,,,,,,,,160362,,,,,,,,,,,,,,,,,,
front_end,,True,kiss_icp_odometry,,,,,,,,,,,,,,,,,,,,,,,,,,,160394,,,,,,,,,,,,,,,,,,
front_end,,True,kiss_icp_odometry,,,,,,,,,,,,,,,,,,,,,,,,,,,160425,,,,,,,,,,,,,,,,,,
front_end,,True,kiss_icp_odometry,,,,,,,,,,,,,,,,,,,,,,,,,,,160451,,,,,,,,,,,,,,,,,,
front_end,,True,kiss_icp_odometry,,,,,,,,,,,,,,,,,,,,,,,,,,,160489,,,,,,,,,,,,,,,,,,
front_end,,True,kiss_icp_odometry,,,,,,,,,,,,,,,,,,,,,,,,,,,160514,,,,,,,,,,,,,,,,,,
front_end,,True,kiss_icp_odometry,,,,,,,,,,,,,,,,,,,,,,,,,,,160539,,,,,,,,,,,,,,,,,,
front_end,,True,kiss_icp_odometry,,,,,,,,,,,,,,,,,,,,,,,,,,,160557,,,,,,,,,,,,,,,,,,
front_end,,True,kiss_icp_odometry,,,,,,,,,,,,,,,,,,,,,,,,,,,160586,,,,,,,,,,,,,,,,,,
front_end,,True,kiss_icp_odometry,,,,,,,,,,,,,,,,,,,,,,,,,,,160606,,,,,,,,,,,,,,,,,,
front_end,,True,kiss_icp_odometry,,,,,,,,,,,,,,,,,,,,,,,,,,,160620,,,,,,,,,,,,,,,,,,
optimized_backend,,,,,,,,,,,,,,,,,,,,,,,,,,,,,,,,,,,,,,,,,66,76,11,,,,pose_graph,True
front_end,,True,kiss_icp_odometry,,,,,,,,,,,,,,,,,,,,,,,,,,,160637,,,,,,,,,,,,,,,,,,
front_end,,True,kiss_icp_odometry,,,,,,,,,,,,,,,,,,,,,,,,,,,160647,,,,,,,,,,,,,,,,,,
front_end,,True,kiss_icp_odometry,,,,,,,,,,,,,,,,,,,,,,,,,,,160662,,,,,,,,,,,,,,,,,,
front_end,,True,kiss_icp_odometry,,,,,,,,,,,,,,,,,,,,,,,,,,,160672,,,,,,,,,,,,,,,,,,
front_end,,True,kiss_icp_odometry,,,,,,,,,,,,,,,,,,,,,,,,,,,160685,,,,,,,,,,,,,,,,,,
front_end,,True,kiss_icp_odometry,,,,,,,,,,,,,,,,,,,,,,,,,,,160690,,,,,,,,,,,,,,,,,,
front_end,,True,kiss_icp_odometry,,,,,,,,,,,,,,,,,,,,,,,,,,,160709,,,,,,,,,,,,,,,,,,
front_end,,True,kiss_icp_odometry,,,,,,,,,,,,,,,,,,,,,,,,,,,160717,,,,,,,,,,,,,,,,,,
optimized_backend,,,,,,,,,,,,,,,,,,,,,,,,,,,,,,,,,,,,,,,,,67,78,12,,,,pose_graph,True
front_end,,True,kiss_icp_odometry,,,,,,,,,,,,,,,,,,,,,,,,,,,160732,,,,,,,,,,,,,,,,,,
front_end,,True,kiss_icp_odometry,,,,,,,,,,,,,,,,,,,,,,,,,,,160745,,,,,,,,,,,,,,,,,,
front_end,,True,kiss_icp_odometry,,,,,,,,,,,,,,,,,,,,,,,,,,,160764,,,,,,,,,,,,,,,,,,
front_end,,True,kiss_icp_odometry,,,,,,,,,,,,,,,,,,,,,,,,,,,160771,,,,,,,,,,,,,,,,,,
front_end,,True,kiss_icp_odometry,,,,,,,,,,,,,,,,,,,,,,,,,,,160772,,,,,,,,,,,,,,,,,,
front_end,,True,kiss_icp_odometry,,,,,,,,,,,,,,,,,,,,,,,,,,,160836,,,,,,,,,,,,,,,,,,
front_end,,True,kiss_icp_odometry,,,,,,,,,,,,,,,,,,,,,,,,,,,160863,,,,,,,,,,,,,,,,,,
optimized_backend,,,,,,,,,,,,,,,,,,,,,,,,,,,,,,,,,,,,,,,,,68,80,13,,,,pose_graph,True
front_end,,True,kiss_icp_odometry,,,,,,,,,,,,,,,,,,,,,,,,,,,160875,,,,,,,,,,,,,,,,,,
front_end,,True,kiss_icp_odometry,,,,,,,,,,,,,,,,,,,,,,,,,,,160886,,,,,,,,,,,,,,,,,,
front_end,,True,kiss_icp_odometry,,,,,,,,,,,,,,,,,,,,,,,,,,,160946,,,,,,,,,,,,,,,,,,
front_end,,True,kiss_icp_odometry,,,,,,,,,,,,,,,,,,,,,,,,,,,160969,,,,,,,,,,,,,,,,,,
front_end,,True,kiss_icp_odometry,,,,,,,,,,,,,,,,,,,,,,,,,,,160988,,,,,,,,,,,,,,,,,,
front_end,,True,kiss_icp_odometry,,,,,,,,,,,,,,,,,,,,,,,,,,,161017,,,,,,,,,,,,,,,,,,
front_end,,True,kiss_icp_odometry,,,,,,,,,,,,,,,,,,,,,,,,,,,161035,,,,,,,,,,,,,,,,,,
front_end,,True,kiss_icp_odometry,,,,,,,,,,,,,,,,,,,,,,,,,,,161049,,,,,,,,,,,,,,,,,,
optimized_backend,,,,,,,,,,,,,,,,,,,,,,,,,,,,,,,,,,,,,,,,,69,82,14,,,,pose_graph,True
front_end,,True,kiss_icp_odometry,,,,,,,,,,,,,,,,,,,,,,,,,,,161069,,,,,,,,,,,,,,,,,,
front_end,,True,kiss_icp_odometry,,,,,,,,,,,,,,,,,,,,,,,,,,,161084,,,,,,,,,,,,,,,,,,
front_end,,True,kiss_icp_odometry,,,,,,,,,,,,,,,,,,,,,,,,,,,161090,,,,,,,,,,,,,,,,,,
front_end,,True,kiss_icp_odometry,,,,,,,,,,,,,,,,,,,,,,,,,,,161103,,,,,,,,,,,,,,,,,,
front_end,,True,kiss_icp_odometry,,,,,,,,,,,,,,,,,,,,,,,,,,,161113,,,,,,,,,,,,,,,,,,
front_end,,True,kiss_icp_odometry,,,,,,,,,,,,,,,,,,,,,,,,,,,161120,,,,,,,,,,,,,,,,,,
front_end,,True,kiss_icp_odometry,,,,,,,,,,,,,,,,,,,,,,,,,,,161134,,,,,,,,,,,,,,,,,,
front_end,,True,kiss_icp_odometry,,,,,,,,,,,,,,,,,,,,,,,,,,,161143,,,,,,,,,,,,,,,,,,
front_end,,True,kiss_icp_odometry,,,,,,,,,,,,,,,,,,,,,,,,,,,161146,,,,,,,,,,,,,,,,,,
front_end,,True,kiss_icp_odometry,,,,,,,,,,,,,,,,,,,,,,,,,,,161155,,,,,,,,,,,,,,,,,,
optimized_backend,,,,,,,,,,,,,,,,,,,,,,,,,,,,,,,,,,,,,,,,,70,84,15,,,,pose_graph,True
front_end,,True,kiss_icp_odometry,,,,,,,,,,,,,,,,,,,,,,,,,,,161191,,,,,,,,,,,,,,,,,,
front_end,,True,kiss_icp_odometry,,,,,,,,,,,,,,,,,,,,,,,,,,,161197,,,,,,,,,,,,,,,,,,
front_end,,True,kiss_icp_odometry,,,,,,,,,,,,,,,,,,,,,,,,,,,161209,,,,,,,,,,,,,,,,,,
front_end,,True,kiss_icp_odometry,,,,,,,,,,,,,,,,,,,,,,,,,,,161252,,,,,,,,,,,,,,,,,,
front_end,,True,kiss_icp_odometry,,,,,,,,,,,,,,,,,,,,,,,,,,,161274,,,,,,,,,,,,,,,,,,
front_end,,True,kiss_icp_odometry,,,,,,,,,,,,,,,,,,,,,,,,,,,161279,,,,,,,,,,,,,,,,,,
front_end,,True,kiss_icp_odometry,,,,,,,,,,,,,,,,,,,,,,,,,,,161317,,,,,,,,,,,,,,,,,,
front_end,,True,kiss_icp_odometry,,,,,,,,,,,,,,,,,,,,,,,,,,,161323,,,,,,,,,,,,,,,,,,
front_end,,True,kiss_icp_odometry,,,,,,,,,,,,,,,,,,,,,,,,,,,161329,,,,,,,,,,,,,,,,,,
front_end,,True,kiss_icp_odometry,,,,,,,,,,,,,,,,,,,,,,,,,,,161333,,,,,,,,,,,,,,,,,,
front_end,,True,kiss_icp_odometry,,,,,,,,,,,,,,,,,,,,,,,,,,,161345,,,,,,,,,,,,,,,,,,
front_end,,True,kiss_icp_odometry,,,,,,,,,,,,,,,,,,,,,,,,,,,161351,,,,,,,,,,,,,,,,,,
front_end,,True,kiss_icp_odometry,,,,,,,,,,,,,,,,,,,,,,,,,,,161357,,,,,,,,,,,,,,,,,,
front_end,,True,kiss_icp_odometry,,,,,,,,,,,,,,,,,,,,,,,,,,,161366,,,,,,,,,,,,,,,,,,
front_end,,True,kiss_icp_odometry,,,,,,,,,,,,,,,,,,,,,,,,,,,161371,,,,,,,,,,,,,,,,,,
front_end,,True,kiss_icp_odometry,,,,,,,,,,,,,,,,,,,,,,,,,,,161381,,,,,,,,,,,,,,,,,,
front_end,,True,kiss_icp_odometry,,,,,,,,,,,,,,,,,,,,,,,,,,,161385,,,,,,,,,,,,,,,,,,
front_end,,True,kiss_icp_odometry,,,,,,,,,,,,,,,,,,,,,,,,,,,161393,,,,,,,,,,,,,,,,,,
front_end,,True,kiss_icp_odometry,,,,,,,,,,,,,,,,,,,,,,,,,,,161394,,,,,,,,,,,,,,,,,,
front_end,,True,kiss_icp_odometry,,,,,,,,,,,,,,,,,,,,,,,,,,,161405,,,,,,,,,,,,,,,,,,
front_end,,True,kiss_icp_odometry,,,,,,,,,,,,,,,,,,,,,,,,,,,161413,,,,,,,,,,,,,,,,,,
front_end,,True,kiss_icp_odometry,,,,,,,,,,,,,,,,,,,,,,,,,,,161419,,,,,,,,,,,,,,,,,,
front_end,,True,kiss_icp_odometry,,,,,,,,,,,,,,,,,,,,,,,,,,,161427,,,,,,,,,,,,,,,,,,
front_end,,True,kiss_icp_odometry,,,,,,,,,,,,,,,,,,,,,,,,,,,161435,,,,,,,,,,,,,,,,,,
front_end,,True,kiss_icp_odometry,,,,,,,,,,,,,,,,,,,,,,,,,,,161451,,,,,,,,,,,,,,,,,,
front_end,,True,kiss_icp_odometry,,,,,,,,,,,,,,,,,,,,,,,,,,,161462,,,,,,,,,,,,,,,,,,
front_end,,True,kiss_icp_odometry,,,,,,,,,,,,,,,,,,,,,,,,,,,161474,,,,,,,,,,,,,,,,,,
front_end,,True,kiss_icp_odometry,,,,,,,,,,,,,,,,,,,,,,,,,,,161484,,,,,,,,,,,,,,,,,,
front_end,,True,kiss_icp_odometry,,,,,,,,,,,,,,,,,,,,,,,,,,,161492,,,,,,,,,,,,,,,,,,
front_end,,True,kiss_icp_odometry,,,,,,,,,,,,,,,,,,,,,,,,,,,161503,,,,,,,,,,,,,,,,,,
front_end,,True,kiss_icp_odometry,,,,,,,,,,,,,,,,,,,,,,,,,,,161519,,,,,,,,,,,,,,,,,,
front_end,,True,kiss_icp_odometry,,,,,,,,,,,,,,,,,,,,,,,,,,,161538,,,,,,,,,,,,,,,,,,
front_end,,True,kiss_icp_odometry,,,,,,,,,,,,,,,,,,,,,,,,,,,161561,,,,,,,,,,,,,,,,,,
front_end,,True,kiss_icp_odometry,,,,,,,,,,,,,,,,,,,,,,,,,,,161583,,,,,,,,,,,,,,,,,,
front_end,,True,kiss_icp_odometry,,,,,,,,,,,,,,,,,,,,,,,,,,,161607,,,,,,,,,,,,,,,,,,
front_end,,True,kiss_icp_odometry,,,,,,,,,,,,,,,,,,,,,,,,,,,161647,,,,,,,,,,,,,,,,,,
front_end,,True,kiss_icp_odometry,,,,,,,,,,,,,,,,,,,,,,,,,,,161667,,,,,,,,,,,,,,,,,,
front_end,,True,kiss_icp_odometry,,,,,,,,,,,,,,,,,,,,,,,,,,,161707,,,,,,,,,,,,,,,,,,
front_end,,True,kiss_icp_odometry,,,,,,,,,,,,,,,,,,,,,,,,,,,161742,,,,,,,,,,,,,,,,,,
front_end,,True,kiss_icp_odometry,,,,,,,,,,,,,,,,,,,,,,,,,,,161766,,,,,,,,,,,,,,,,,,
front_end,,True,kiss_icp_odometry,,,,,,,,,,,,,,,,,,,,,,,,,,,161794,,,,,,,,,,,,,,,,,,
front_end,,True,kiss_icp_odometry,,,,,,,,,,,,,,,,,,,,,,,,,,,161819,,,,,,,,,,,,,,,,,,
front_end,,True,kiss_icp_odometry,,,,,,,,,,,,,,,,,,,,,,,,,,,161860,,,,,,,,,,,,,,,,,,
front_end,,True,kiss_icp_odometry,,,,,,,,,,,,,,,,,,,,,,,,,,,161980,,,,,,,,,,,,,,,,,,
front_end,,True,kiss_icp_odometry,,,,,,,,,,,,,,,,,,,,,,,,,,,162017,,,,,,,,,,,,,,,,,,
front_end,,True,kiss_icp_odometry,,,,,,,,,,,,,,,,,,,,,,,,,,,162118,,,,,,,,,,,,,,,,,,
front_end,,True,kiss_icp_odometry,,,,,,,,,,,,,,,,,,,,,,,,,,,162160,,,,,,,,,,,,,,,,,,
front_end,,True,kiss_icp_odometry,,,,,,,,,,,,,,,,,,,,,,,,,,,162214,,,,,,,,,,,,,,,,,,
front_end,,True,kiss_icp_odometry,,,,,,,,,,,,,,,,,,,,,,,,,,,162260,,,,,,,,,,,,,,,,,,
front_end,,True,kiss_icp_odometry,,,,,,,,,,,,,,,,,,,,,,,,,,,162327,,,,,,,,,,,,,,,,,,
front_end,,True,kiss_icp_odometry,,,,,,,,,,,,,,,,,,,,,,,,,,,162389,,,,,,,,,,,,,,,,,,
front_end,,True,kiss_icp_odometry,,,,,,,,,,,,,,,,,,,,,,,,,,,162452,,,,,,,,,,,,,,,,,,
front_end,,True,kiss_icp_odometry,,,,,,,,,,,,,,,,,,,,,,,,,,,162512,,,,,,,,,,,,,,,,,,
front_end,,True,kiss_icp_odometry,,,,,,,,,,,,,,,,,,,,,,,,,,,162562,,,,,,,,,,,,,,,,,,
optimized_backend,,,,,,,,,,,,,,,,,,,,,,,,,,,,,,,,,,,,,,,,,71,86,16,,,,pose_graph,True
front_end,,True,kiss_icp_odometry,,,,,,,,,,,,,,,,,,,,,,,,,,,162650,,,,,,,,,,,,,,,,,,
front_end,,True,kiss_icp_odometry,,,,,,,,,,,,,,,,,,,,,,,,,,,162704,,,,,,,,,,,,,,,,,,
front_end,,True,kiss_icp_odometry,,,,,,,,,,,,,,,,,,,,,,,,,,,162763,,,,,,,,,,,,,,,,,,
front_end,,True,kiss_icp_odometry,,,,,,,,,,,,,,,,,,,,,,,,,,,162830,,,,,,,,,,,,,,,,,,
front_end,,True,kiss_icp_odometry,,,,,,,,,,,,,,,,,,,,,,,,,,,162922,,,,,,,,,,,,,,,,,,
front_end,,True,kiss_icp_odometry,,,,,,,,,,,,,,,,,,,,,,,,,,,163023,,,,,,,,,,,,,,,,,,
front_end,,True,kiss_icp_odometry,,,,,,,,,,,,,,,,,,,,,,,,,,,163120,,,,,,,,,,,,,,,,,,
front_end,,True,kiss_icp_odometry,,,,,,,,,,,,,,,,,,,,,,,,,,,163180,,,,,,,,,,,,,,,,,,
front_end,,True,kiss_icp_odometry,,,,,,,,,,,,,,,,,,,,,,,,,,,163238,,,,,,,,,,,,,,,,,,
front_end,,True,kiss_icp_odometry,,,,,,,,,,,,,,,,,,,,,,,,,,,163305,,,,,,,,,,,,,,,,,,
front_end,,True,kiss_icp_odometry,,,,,,,,,,,,,,,,,,,,,,,,,,,163405,,,,,,,,,,,,,,,,,,
front_end,,True,kiss_icp_odometry,,,,,,,,,,,,,,,,,,,,,,,,,,,163461,,,,,,,,,,,,,,,,,,
front_end,,True,kiss_icp_odometry,,,,,,,,,,,,,,,,,,,,,,,,,,,163525,,,,,,,,,,,,,,,,,,
front_end,,True,kiss_icp_odometry,,,,,,,,,,,,,,,,,,,,,,,,,,,163587,,,,,,,,,,,,,,,,,,
front_end,,True,kiss_icp_odometry,,,,,,,,,,,,,,,,,,,,,,,,,,,163683,,,,,,,,,,,,,,,,,,
front_end,,True,kiss_icp_odometry,,,,,,,,,,,,,,,,,,,,,,,,,,,163738,,,,,,,,,,,,,,,,,,
front_end,,True,kiss_icp_odometry,,,,,,,,,,,,,,,,,,,,,,,,,,,163875,,,,,,,,,,,,,,,,,,
optimized_backend,,,,,,,,,,,,,,,,,,,,,,,,,,,,,,,,,,,,,,,,,72,88,17,,,,pose_graph,True
front_end,,True,kiss_icp_odometry,,,,,,,,,,,,,,,,,,,,,,,,,,,163985,,,,,,,,,,,,,,,,,,
front_end,,True,kiss_icp_odometry,,,,,,,,,,,,,,,,,,,,,,,,,,,164053,,,,,,,,,,,,,,,,,,
front_end,,True,kiss_icp_odometry,,,,,,,,,,,,,,,,,,,,,,,,,,,164141,,,,,,,,,,,,,,,,,,
front_end,,True,kiss_icp_odometry,,,,,,,,,,,,,,,,,,,,,,,,,,,164214,,,,,,,,,,,,,,,,,,
front_end,,True,kiss_icp_odometry,,,,,,,,,,,,,,,,,,,,,,,,,,,164471,,,,,,,,,,,,,,,,,,
front_end,,True,kiss_icp_odometry,,,,,,,,,,,,,,,,,,,,,,,,,,,164561,,,,,,,,,,,,,,,,,,
front_end,,True,kiss_icp_odometry,,,,,,,,,,,,,,,,,,,,,,,,,,,164677,,,,,,,,,,,,,,,,,,
front_end,,True,kiss_icp_odometry,,,,,,,,,,,,,,,,,,,,,,,,,,,164732,,,,,,,,,,,,,,,,,,
front_end,,True,kiss_icp_odometry,,,,,,,,,,,,,,,,,,,,,,,,,,,164778,,,,,,,,,,,,,,,,,,
front_end,,True,kiss_icp_odometry,,,,,,,,,,,,,,,,,,,,,,,,,,,164826,,,,,,,,,,,,,,,,,,
front_end,,True,kiss_icp_odometry,,,,,,,,,,,,,,,,,,,,,,,,,,,164871,,,,,,,,,,,,,,,,,,
front_end,,True,kiss_icp_odometry,,,,,,,,,,,,,,,,,,,,,,,,,,,164924,,,,,,,,,,,,,,,,,,
front_end,,True,kiss_icp_odometry,,,,,,,,,,,,,,,,,,,,,,,,,,,164982,,,,,,,,,,,,,,,,,,
front_end,,True,kiss_icp_odometry,,,,,,,,,,,,,,,,,,,,,,,,,,,165033,,,,,,,,,,,,,,,,,,
front_end,,True,kiss_icp_odometry,,,,,,,,,,,,,,,,,,,,,,,,,,,165102,,,,,,,,,,,,,,,,,,
front_end,,True,kiss_icp_odometry,,,,,,,,,,,,,,,,,,,,,,,,,,,165147,,,,,,,,,,,,,,,,,,
optimized_backend,,,,,,,,,,,,,,,,,,,,,,,,,,,,,,,,,,,,,,,,,73,90,18,,,,pose_graph,True
front_end,,True,kiss_icp_odometry,,,,,,,,,,,,,,,,,,,,,,,,,,,165219,,,,,,,,,,,,,,,,,,
front_end,,True,kiss_icp_odometry,,,,,,,,,,,,,,,,,,,,,,,,,,,165271,,,,,,,,,,,,,,,,,,
front_end,,True,kiss_icp_odometry,,,,,,,,,,,,,,,,,,,,,,,,,,,165305,,,,,,,,,,,,,,,,,,
front_end,,True,kiss_icp_odometry,,,,,,,,,,,,,,,,,,,,,,,,,,,165347,,,,,,,,,,,,,,,,,,
front_end,,True,kiss_icp_odometry,,,,,,,,,,,,,,,,,,,,,,,,,,,165392,,,,,,,,,,,,,,,,,,
front_end,,True,kiss_icp_odometry,,,,,,,,,,,,,,,,,,,,,,,,,,,165474,,,,,,,,,,,,,,,,,,
front_end,,True,kiss_icp_odometry,,,,,,,,,,,,,,,,,,,,,,,,,,,165782,,,,,,,,,,,,,,,,,,
front_end,,True,kiss_icp_odometry,,,,,,,,,,,,,,,,,,,,,,,,,,,165870,,,,,,,,,,,,,,,,,,
front_end,,True,kiss_icp_odometry,,,,,,,,,,,,,,,,,,,,,,,,,,,165923,,,,,,,,,,,,,,,,,,
front_end,,True,kiss_icp_odometry,,,,,,,,,,,,,,,,,,,,,,,,,,,165960,,,,,,,,,,,,,,,,,,
front_end,,True,kiss_icp_odometry,,,,,,,,,,,,,,,,,,,,,,,,,,,166013,,,,,,,,,,,,,,,,,,
front_end,,True,kiss_icp_odometry,,,,,,,,,,,,,,,,,,,,,,,,,,,166079,,,,,,,,,,,,,,,,,,
front_end,,True,kiss_icp_odometry,,,,,,,,,,,,,,,,,,,,,,,,,,,166180,,,,,,,,,,,,,,,,,,
front_end,,True,kiss_icp_odometry,,,,,,,,,,,,,,,,,,,,,,,,,,,166233,,,,,,,,,,,,,,,,,,
optimized_backend,,,,,,,,,,,,,,,,,,,,,,,,,,,,,,,,,,,,,,,,,74,92,19,,,,pose_graph,True
front_end,,True,kiss_icp_odometry,,,,,,,,,,,,,,,,,,,,,,,,,,,166417,,,,,,,,,,,,,,,,,,
front_end,,True,kiss_icp_odometry,,,,,,,,,,,,,,,,,,,,,,,,,,,166499,,,,,,,,,,,,,,,,,,
front_end,,True,kiss_icp_odometry,,,,,,,,,,,,,,,,,,,,,,,,,,,166571,,,,,,,,,,,,,,,,,,
front_end,,True,kiss_icp_odometry,,,,,,,,,,,,,,,,,,,,,,,,,,,166636,,,,,,,,,,,,,,,,,,
front_end,,True,kiss_icp_odometry,,,,,,,,,,,,,,,,,,,,,,,,,,,166688,,,,,,,,,,,,,,,,,,
front_end,,True,kiss_icp_odometry,,,,,,,,,,,,,,,,,,,,,,,,,,,166747,,,,,,,,,,,,,,,,,,
front_end,,True,kiss_icp_odometry,,,,,,,,,,,,,,,,,,,,,,,,,,,166805,,,,,,,,,,,,,,,,,,
front_end,,True,kiss_icp_odometry,,,,,,,,,,,,,,,,,,,,,,,,,,,166877,,,,,,,,,,,,,,,,,,
front_end,,True,kiss_icp_odometry,,,,,,,,,,,,,,,,,,,,,,,,,,,166929,,,,,,,,,,,,,,,,,,
front_end,,True,kiss_icp_odometry,,,,,,,,,,,,,,,,,,,,,,,,,,,166987,,,,,,,,,,,,,,,,,,
front_end,,True,kiss_icp_odometry,,,,,,,,,,,,,,,,,,,,,,,,,,,167059,,,,,,,,,,,,,,,,,,
front_end,,True,kiss_icp_odometry,,,,,,,,,,,,,,,,,,,,,,,,,,,167125,,,,,,,,,,,,,,,,,,
front_end,,True,kiss_icp_odometry,,,,,,,,,,,,,,,,,,,,,,,,,,,167164,,,,,,,,,,,,,,,,,,
front_end,,True,kiss_icp_odometry,,,,,,,,,,,,,,,,,,,,,,,,,,,167206,,,,,,,,,,,,,,,,,,
front_end,,True,kiss_icp_odometry,,,,,,,,,,,,,,,,,,,,,,,,,,,167243,,,,,,,,,,,,,,,,,,
front_end,,True,kiss_icp_odometry,,,,,,,,,,,,,,,,,,,,,,,,,,,167278,,,,,,,,,,,,,,,,,,
front_end,,True,kiss_icp_odometry,,,,,,,,,,,,,,,,,,,,,,,,,,,167309,,,,,,,,,,,,,,,,,,
front_end,,True,kiss_icp_odometry,,,,,,,,,,,,,,,,,,,,,,,,,,,167333,,,,,,,,,,,,,,,,,,
front_end,,True,kiss_icp_odometry,,,,,,,,,,,,,,,,,,,,,,,,,,,167365,,,,,,,,,,,,,,,,,,
front_end,,True,kiss_icp_odometry,,,,,,,,,,,,,,,,,,,,,,,,,,,167415,,,,,,,,,,,,,,,,,,
front_end,,True,kiss_icp_odometry,,,,,,,,,,,,,,,,,,,,,,,,,,,167451,,,,,,,,,,,,,,,,,,
front_end,,True,kiss_icp_odometry,,,,,,,,,,,,,,,,,,,,,,,,,,,167532,,,,,,,,,,,,,,,,,,
front_end,,True,kiss_icp_odometry,,,,,,,,,,,,,,,,,,,,,,,,,,,167598,,,,,,,,,,,,,,,,,,
front_end,,True,kiss_icp_odometry,,,,,,,,,,,,,,,,,,,,,,,,,,,167648,,,,,,,,,,,,,,,,,,
front_end,,True,kiss_icp_odometry,,,,,,,,,,,,,,,,,,,,,,,,,,,167663,,,,,,,,,,,,,,,,,,
front_end,,True,kiss_icp_odometry,,,,,,,,,,,,,,,,,,,,,,,,,,,167704,,,,,,,,,,,,,,,,,,
optimized_backend,,,,,,,,,,,,,,,,,,,,,,,,,,,,,,,,,,,,,,,,,75,94,20,,,,pose_graph,True
front_end,,True,kiss_icp_odometry,,,,,,,,,,,,,,,,,,,,,,,,,,,167721,,,,,,,,,,,,,,,,,,
front_end,,True,kiss_icp_odometry,,,,,,,,,,,,,,,,,,,,,,,,,,,167738,,,,,,,,,,,,,,,,,,
front_end,,True,kiss_icp_odometry,,,,,,,,,,,,,,,,,,,,,,,,,,,167747,,,,,,,,,,,,,,,,,,
front_end,,True,kiss_icp_odometry,,,,,,,,,,,,,,,,,,,,,,,,,,,167762,,,,,,,,,,,,,,,,,,
front_end,,True,kiss_icp_odometry,,,,,,,,,,,,,,,,,,,,,,,,,,,167769,,,,,,,,,,,,,,,,,,
front_end,,True,kiss_icp_odometry,,,,,,,,,,,,,,,,,,,,,,,,,,,167785,,,,,,,,,,,,,,,,,,
front_end,,True,kiss_icp_odometry,,,,,,,,,,,,,,,,,,,,,,,,,,,167794,,,,,,,,,,,,,,,,,,
front_end,,True,kiss_icp_odometry,,,,,,,,,,,,,,,,,,,,,,,,,,,167811,,,,,,,,,,,,,,,,,,
front_end,,True,kiss_icp_odometry,,,,,,,,,,,,,,,,,,,,,,,,,,,167833,,,,,,,,,,,,,,,,,,
front_end,,True,kiss_icp_odometry,,,,,,,,,,,,,,,,,,,,,,,,,,,167841,,,,,,,,,,,,,,,,,,
front_end,,True,kiss_icp_odometry,,,,,,,,,,,,,,,,,,,,,,,,,,,167852,,,,,,,,,,,,,,,,,,
front_end,,True,kiss_icp_odometry,,,,,,,,,,,,,,,,,,,,,,,,,,,167868,,,,,,,,,,,,,,,,,,
front_end,,True,kiss_icp_odometry,,,,,,,,,,,,,,,,,,,,,,,,,,,167877,,,,,,,,,,,,,,,,,,
optimized_backend,,,,,,,,,,,,,,,,,,,,,,,,,,,,,,,,,,,,,,,,,76,96,21,,,,pose_graph,True
front_end,,True,kiss_icp_odometry,,,,,,,,,,,,,,,,,,,,,,,,,,,167882,,,,,,,,,,,,,,,,,,
front_end,,True,kiss_icp_odometry,,,,,,,,,,,,,,,,,,,,,,,,,,,167888,,,,,,,,,,,,,,,,,,
front_end,,True,kiss_icp_odometry,,,,,,,,,,,,,,,,,,,,,,,,,,,167899,,,,,,,,,,,,,,,,,,
front_end,,True,kiss_icp_odometry,,,,,,,,,,,,,,,,,,,,,,,,,,,167913,,,,,,,,,,,,,,,,,,
front_end,,True,kiss_icp_odometry,,,,,,,,,,,,,,,,,,,,,,,,,,,167919,,,,,,,,,,,,,,,,,,
front_end,,True,kiss_icp_odometry,,,,,,,,,,,,,,,,,,,,,,,,,,,167931,,,,,,,,,,,,,,,,,,
front_end,,True,kiss_icp_odometry,,,,,,,,,,,,,,,,,,,,,,,,,,,167946,,,,,,,,,,,,,,,,,,
front_end,,True,kiss_icp_odometry,,,,,,,,,,,,,,,,,,,,,,,,,,,167960,,,,,,,,,,,,,,,,,,
front_end,,True,kiss_icp_odometry,,,,,,,,,,,,,,,,,,,,,,,,,,,167972,,,,,,,,,,,,,,,,,,
front_end,,True,kiss_icp_odometry,,,,,,,,,,,,,,,,,,,,,,,,,,,167979,,,,,,,,,,,,,,,,,,
front_end,,True,kiss_icp_odometry,,,,,,,,,,,,,,,,,,,,,,,,,,,167988,,,,,,,,,,,,,,,,,,
front_end,,True,kiss_icp_odometry,,,,,,,,,,,,,,,,,,,,,,,,,,,167993,,,,,,,,,,,,,,,,,,
front_end,,True,kiss_icp_odometry,,,,,,,,,,,,,,,,,,,,,,,,,,,168004,,,,,,,,,,,,,,,,,,
front_end,,True,kiss_icp_odometry,,,,,,,,,,,,,,,,,,,,,,,,,,,168018,,,,,,,,,,,,,,,,,,
front_end,,True,kiss_icp_odometry,,,,,,,,,,,,,,,,,,,,,,,,,,,168024,,,,,,,,,,,,,,,,,,
front_end,,True,kiss_icp_odometry,,,,,,,,,,,,,,,,,,,,,,,,,,,168037,,,,,,,,,,,,,,,,,,
front_end,,True,kiss_icp_odometry,,,,,,,,,,,,,,,,,,,,,,,,,,,168049,,,,,,,,,,,,,,,,,,
front_end,,True,kiss_icp_odometry,,,,,,,,,,,,,,,,,,,,,,,,,,,168055,,,,,,,,,,,,,,,,,,
front_end,,True,kiss_icp_odometry,,,,,,,,,,,,,,,,,,,,,,,,,,,168061,,,,,,,,,,,,,,,,,,
front_end,,True,kiss_icp_odometry,,,,,,,,,,,,,,,,,,,,,,,,,,,168067,,,,,,,,,,,,,,,,,,
front_end,,True,kiss_icp_odometry,,,,,,,,,,,,,,,,,,,,,,,,,,,168073,,,,,,,,,,,,,,,,,,
front_end,,True,kiss_icp_odometry,,,,,,,,,,,,,,,,,,,,,,,,,,,168077,,,,,,,,,,,,,,,,,,
front_end,,True,kiss_icp_odometry,,,,,,,,,,,,,,,,,,,,,,,,,,,168085,,,,,,,,,,,,,,,,,,
front_end,,True,kiss_icp_odometry,,,,,,,,,,,,,,,,,,,,,,,,,,,168090,,,,,,,,,,,,,,,,,,
front_end,,True,kiss_icp_odometry,,,,,,,,,,,,,,,,,,,,,,,,,,,168096,,,,,,,,,,,,,,,,,,
front_end,,True,kiss_icp_odometry,,,,,,,,,,,,,,,,,,,,,,,,,,,168101,,,,,,,,,,,,,,,,,,
front_end,,True,kiss_icp_odometry,,,,,,,,,,,,,,,,,,,,,,,,,,,168105,,,,,,,,,,,,,,,,,,
front_end,,True,kiss_icp_odometry,,,,,,,,,,,,,,,,,,,,,,,,,,,168105,,,,,,,,,,,,,,,,,,
front_end,,True,kiss_icp_odometry,,,,,,,,,,,,,,,,,,,,,,,,,,,168112,,,,,,,,,,,,,,,,,,
front_end,,True,kiss_icp_odometry,,,,,,,,,,,,,,,,,,,,,,,,,,,168116,,,,,,,,,,,,,,,,,,
front_end,,True,kiss_icp_odometry,,,,,,,,,,,,,,,,,,,,,,,,,,,168138,,,,,,,,,,,,,,,,,,
front_end,,True,kiss_icp_odometry,,,,,,,,,,,,,,,,,,,,,,,,,,,168141,,,,,,,,,,,,,,,,,,
front_end,,True,kiss_icp_odometry,,,,,,,,,,,,,,,,,,,,,,,,,,,168189,,,,,,,,,,,,,,,,,,
front_end,,True,kiss_icp_odometry,,,,,,,,,,,,,,,,,,,,,,,,,,,168204,,,,,,,,,,,,,,,,,,
front_end,,True,kiss_icp_odometry,,,,,,,,,,,,,,,,,,,,,,,,,,,168209,,,,,,,,,,,,,,,,,,
front_end,,True,kiss_icp_odometry,,,,,,,,,,,,,,,,,,,,,,,,,,,168232,,,,,,,,,,,,,,,,,,
front_end,,True,kiss_icp_odometry,,,,,,,,,,,,,,,,,,,,,,,,,,,168238,,,,,,,,,,,,,,,,,,
front_end,,True,kiss_icp_odometry,,,,,,,,,,,,,,,,,,,,,,,,,,,168258,,,,,,,,,,,,,,,,,,
front_end,,True,kiss_icp_odometry,,,,,,,,,,,,,,,,,,,,,,,,,,,168283,,,,,,,,,,,,,,,,,,
front_end,,True,kiss_icp_odometry,,,,,,,,,,,,,,,,,,,,,,,,,,,168289,,,,,,,,,,,,,,,,,,
front_end,,True,kiss_icp_odometry,,,,,,,,,,,,,,,,,,,,,,,,,,,168292,,,,,,,,,,,,,,,,,,
front_end,,True,kiss_icp_odometry,,,,,,,,,,,,,,,,,,,,,,,,,,,168456,,,,,,,,,,,,,,,,,,
front_end,,True,kiss_icp_odometry,,,,,,,,,,,,,,,,,,,,,,,,,,,168465,,,,,,,,,,,,,,,,,,
front_end,,True,kiss_icp_odometry,,,,,,,,,,,,,,,,,,,,,,,,,,,168467,,,,,,,,,,,,,,,,,,
front_end,,True,kiss_icp_odometry,,,,,,,,,,,,,,,,,,,,,,,,,,,168545,,,,,,,,,,,,,,,,,,
front_end,,True,kiss_icp_odometry,,,,,,,,,,,,,,,,,,,,,,,,,,,168553,,,,,,,,,,,,,,,,,,
front_end,,True,kiss_icp_odometry,,,,,,,,,,,,,,,,,,,,,,,,,,,168570,,,,,,,,,,,,,,,,,,
front_end,,True,kiss_icp_odometry,,,,,,,,,,,,,,,,,,,,,,,,,,,168600,,,,,,,,,,,,,,,,,,
front_end,,True,kiss_icp_odometry,,,,,,,,,,,,,,,,,,,,,,,,,,,168603,,,,,,,,,,,,,,,,,,
front_end,,True,kiss_icp_odometry,,,,,,,,,,,,,,,,,,,,,,,,,,,168610,,,,,,,,,,,,,,,,,,
front_end,,True,kiss_icp_odometry,,,,,,,,,,,,,,,,,,,,,,,,,,,168617,,,,,,,,,,,,,,,,,,
front_end,,True,kiss_icp_odometry,,,,,,,,,,,,,,,,,,,,,,,,,,,168626,,,,,,,,,,,,,,,,,,
front_end,,True,kiss_icp_odometry,,,,,,,,,,,,,,,,,,,,,,,,,,,168634,,,,,,,,,,,,,,,,,,
front_end,,True,kiss_icp_odometry,,,,,,,,,,,,,,,,,,,,,,,,,,,168646,,,,,,,,,,,,,,,,,,
front_end,,True,kiss_icp_odometry,,,,,,,,,,,,,,,,,,,,,,,,,,,168652,,,,,,,,,,,,,,,,,,
front_end,,True,kiss_icp_odometry,,,,,,,,,,,,,,,,,,,,,,,,,,,168691,,,,,,,,,,,,,,,,,,
front_end,,True,kiss_icp_odometry,,,,,,,,,,,,,,,,,,,,,,,,,,,168709,,,,,,,,,,,,,,,,,,
front_end,,True,kiss_icp_odometry,,,,,,,,,,,,,,,,,,,,,,,,,,,168717,,,,,,,,,,,,,,,,,,
front_end,,True,kiss_icp_odometry,,,,,,,,,,,,,,,,,,,,,,,,,,,168786,,,,,,,,,,,,,,,,,,
front_end,,True,kiss_icp_odometry,,,,,,,,,,,,,,,,,,,,,,,,,,,168830,,,,,,,,,,,,,,,,,,
front_end,,True,kiss_icp_odometry,,,,,,,,,,,,,,,,,,,,,,,,,,,168841,,,,,,,,,,,,,,,,,,
front_end,,True,kiss_icp_odometry,,,,,,,,,,,,,,,,,,,,,,,,,,,168862,,,,,,,,,,,,,,,,,,
front_end,,True,kiss_icp_odometry,,,,,,,,,,,,,,,,,,,,,,,,,,,168900,,,,,,,,,,,,,,,,,,
front_end,,True,kiss_icp_odometry,,,,,,,,,,,,,,,,,,,,,,,,,,,168925,,,,,,,,,,,,,,,,,,
front_end,,True,kiss_icp_odometry,,,,,,,,,,,,,,,,,,,,,,,,,,,168957,,,,,,,,,,,,,,,,,,
front_end,,True,kiss_icp_odometry,,,,,,,,,,,,,,,,,,,,,,,,,,,168993,,,,,,,,,,,,,,,,,,
front_end,,True,kiss_icp_odometry,,,,,,,,,,,,,,,,,,,,,,,,,,,169038,,,,,,,,,,,,,,,,,,
front_end,,True,kiss_icp_odometry,,,,,,,,,,,,,,,,,,,,,,,,,,,169078,,,,,,,,,,,,,,,,,,
front_end,,True,kiss_icp_odometry,,,,,,,,,,,,,,,,,,,,,,,,,,,169135,,,,,,,,,,,,,,,,,,
front_end,,True,kiss_icp_odometry,,,,,,,,,,,,,,,,,,,,,,,,,,,169196,,,,,,,,,,,,,,,,,,
front_end,,True,kiss_icp_odometry,,,,,,,,,,,,,,,,,,,,,,,,,,,169225,,,,,,,,,,,,,,,,,,
front_end,,True,kiss_icp_odometry,,,,,,,,,,,,,,,,,,,,,,,,,,,169259,,,,,,,,,,,,,,,,,,
front_end,,True,kiss_icp_odometry,,,,,,,,,,,,,,,,,,,,,,,,,,,169310,,,,,,,,,,,,,,,,,,
front_end,,True,kiss_icp_odometry,,,,,,,,,,,,,,,,,,,,,,,,,,,169361,,,,,,,,,,,,,,,,,,
front_end,,True,kiss_icp_odometry,,,,,,,,,,,,,,,,,,,,,,,,,,,169409,,,,,,,,,,,,,,,,,,
front_end,,True,kiss_icp_odometry,,,,,,,,,,,,,,,,,,,,,,,,,,,169466,,,,,,,,,,,,,,,,,,
front_end,,True,kiss_icp_odometry,,,,,,,,,,,,,,,,,,,,,,,,,,,169561,,,,,,,,,,,,,,,,,,
front_end,,True,kiss_icp_odometry,,,,,,,,,,,,,,,,,,,,,,,,,,,169684,,,,,,,,,,,,,,,,,,
front_end,,True,kiss_icp_odometry,,,,,,,,,,,,,,,,,,,,,,,,,,,169758,,,,,,,,,,,,,,,,,,
front_end,,True,kiss_icp_odometry,,,,,,,,,,,,,,,,,,,,,,,,,,,169817,,,,,,,,,,,,,,,,,,
front_end,,True,kiss_icp_odometry,,,,,,,,,,,,,,,,,,,,,,,,,,,169886,,,,,,,,,,,,,,,,,,
front_end,,True,kiss_icp_odometry,,,,,,,,,,,,,,,,,,,,,,,,,,,169937,,,,,,,,,,,,,,,,,,
front_end,,True,kiss_icp_odometry,,,,,,,,,,,,,,,,,,,,,,,,,,,170036,,,,,,,,,,,,,,,,,,
front_end,,True,kiss_icp_odometry,,,,,,,,,,,,,,,,,,,,,,,,,,,170093,,,,,,,,,,,,,,,,,,
optimized_backend,,,,,,,,,,,,,,,,,,,,,,,,,,,,,,,,,,,,,,,,,77,98,22,,,,pose_graph,True
front_end,,True,kiss_icp_odometry,,,,,,,,,,,,,,,,,,,,,,,,,,,170152,,,,,,,,,,,,,,,,,,
front_end,,True,kiss_icp_odometry,,,,,,,,,,,,,,,,,,,,,,,,,,,170241,,,,,,,,,,,,,,,,,,
front_end,,True,kiss_icp_odometry,,,,,,,,,,,,,,,,,,,,,,,,,,,170308,,,,,,,,,,,,,,,,,,
front_end,,True,kiss_icp_odometry,,,,,,,,,,,,,,,,,,,,,,,,,,,170379,,,,,,,,,,,,,,,,,,
front_end,,True,kiss_icp_odometry,,,,,,,,,,,,,,,,,,,,,,,,,,,170444,,,,,,,,,,,,,,,,,,
front_end,,True,kiss_icp_odometry,,,,,,,,,,,,,,,,,,,,,,,,,,,170510,,,,,,,,,,,,,,,,,,
front_end,,True,kiss_icp_odometry,,,,,,,,,,,,,,,,,,,,,,,,,,,170590,,,,,,,,,,,,,,,,,,
front_end,,True,kiss_icp_odometry,,,,,,,,,,,,,,,,,,,,,,,,,,,170662,,,,,,,,,,,,,,,,,,
front_end,,True,kiss_icp_odometry,,,,,,,,,,,,,,,,,,,,,,,,,,,170757,,,,,,,,,,,,,,,,,,
front_end,,True,kiss_icp_odometry,,,,,,,,,,,,,,,,,,,,,,,,,,,170855,,,,,,,,,,,,,,,,,,
front_end,,True,kiss_icp_odometry,,,,,,,,,,,,,,,,,,,,,,,,,,,170943,,,,,,,,,,,,,,,,,,
optimized_backend,,,,,,,,,,,,,,,,,,,,,,,,,,,,,,,,,,,,,,,,,78,100,23,,,,pose_graph,True
front_end,,True,kiss_icp_odometry,,,,,,,,,,,,,,,,,,,,,,,,,,,171097,,,,,,,,,,,,,,,,,,
front_end,,True,kiss_icp_odometry,,,,,,,,,,,,,,,,,,,,,,,,,,,171187,,,,,,,,,,,,,,,,,,
front_end,,True,kiss_icp_odometry,,,,,,,,,,,,,,,,,,,,,,,,,,,171266,,,,,,,,,,,,,,,,,,
front_end,,True,kiss_icp_odometry,,,,,,,,,,,,,,,,,,,,,,,,,,,171311,,,,,,,,,,,,,,,,,,
front_end,,True,kiss_icp_odometry,,,,,,,,,,,,,,,,,,,,,,,,,,,171368,,,,,,,,,,,,,,,,,,
front_end,,True,kiss_icp_odometry,,,,,,,,,,,,,,,,,,,,,,,,,,,171404,,,,,,,,,,,,,,,,,,
front_end,,True,kiss_icp_odometry,,,,,,,,,,,,,,,,,,,,,,,,,,,171445,,,,,,,,,,,,,,,,,,
front_end,,True,kiss_icp_odometry,,,,,,,,,,,,,,,,,,,,,,,,,,,171495,,,,,,,,,,,,,,,,,,
front_end,,True,kiss_icp_odometry,,,,,,,,,,,,,,,,,,,,,,,,,,,171526,,,,,,,,,,,,,,,,,,
front_end,,True,kiss_icp_odometry,,,,,,,,,,,,,,,,,,,,,,,,,,,171561,,,,,,,,,,,,,,,,,,
front_end,,True,kiss_icp_odometry,,,,,,,,,,,,,,,,,,,,,,,,,,,171595,,,,,,,,,,,,,,,,,,
front_end,,True,kiss_icp_odometry,,,,,,,,,,,,,,,,,,,,,,,,,,,171658,,,,,,,,,,,,,,,,,,
front_end,,True,kiss_icp_odometry,,,,,,,,,,,,,,,,,,,,,,,,,,,171692,,,,,,,,,,,,,,,,,,
front_end,,True,kiss_icp_odometry,,,,,,,,,,,,,,,,,,,,,,,,,,,171714,,,,,,,,,,,,,,,,,,
front_end,,True,kiss_icp_odometry,,,,,,,,,,,,,,,,,,,,,,,,,,,171737,,,,,,,,,,,,,,,,,,
front_end,,True,kiss_icp_odometry,,,,,,,,,,,,,,,,,,,,,,,,,,,171760,,,,,,,,,,,,,,,,,,
front_end,,True,kiss_icp_odometry,,,,,,,,,,,,,,,,,,,,,,,,,,,171790,,,,,,,,,,,,,,,,,,
front_end,,True,kiss_icp_odometry,,,,,,,,,,,,,,,,,,,,,,,,,,,171815,,,,,,,,,,,,,,,,,,
front_end,,True,kiss_icp_odometry,,,,,,,,,,,,,,,,,,,,,,,,,,,171883,,,,,,,,,,,,,,,,,,
front_end,,True,kiss_icp_odometry,,,,,,,,,,,,,,,,,,,,,,,,,,,171902,,,,,,,,,,,,,,,,,,
front_end,,True,kiss_icp_odometry,,,,,,,,,,,,,,,,,,,,,,,,,,,172005,,,,,,,,,,,,,,,,,,
front_end,,True,kiss_icp_odometry,,,,,,,,,,,,,,,,,,,,,,,,,,,172048,,,,,,,,,,,,,,,,,,
front_end,,True,kiss_icp_odometry,,,,,,,,,,,,,,,,,,,,,,,,,,,172067,,,,,,,,,,,,,,,,,,
front_end,,True,kiss_icp_odometry,,,,,,,,,,,,,,,,,,,,,,,,,,,172092,,,,,,,,,,,,,,,,,,
front_end,,True,kiss_icp_odometry,,,,,,,,,,,,,,,,,,,,,,,,,,,172111,,,,,,,,,,,,,,,,,,
front_end,,True,kiss_icp_odometry,,,,,,,,,,,,,,,,,,,,,,,,,,,172137,,,,,,,,,,,,,,,,,,
front_end,,True,kiss_icp_odometry,,,,,,,,,,,,,,,,,,,,,,,,,,,172176,,,,,,,,,,,,,,,,,,
front_end,,True,kiss_icp_odometry,,,,,,,,,,,,,,,,,,,,,,,,,,,172195,,,,,,,,,,,,,,,,,,
front_end,,True,kiss_icp_odometry,,,,,,,,,,,,,,,,,,,,,,,,,,,172212,,,,,,,,,,,,,,,,,,
front_end,,True,kiss_icp_odometry,,,,,,,,,,,,,,,,,,,,,,,,,,,172264,,,,,,,,,,,,,,,,,,
front_end,,True,kiss_icp_odometry,,,,,,,,,,,,,,,,,,,,,,,,,,,172277,,,,,,,,,,,,,,,,,,
front_end,,True,kiss_icp_odometry,,,,,,,,,,,,,,,,,,,,,,,,,,,172300,,,,,,,,,,,,,,,,,,
front_end,,True,kiss_icp_odometry,,,,,,,,,,,,,,,,,,,,,,,,,,,172332,,,,,,,,,,,,,,,,,,
front_end,,True,kiss_icp_odometry,,,,,,,,,,,,,,,,,,,,,,,,,,,172374,,,,,,,,,,,,,,,,,,
front_end,,True,kiss_icp_odometry,,,,,,,,,,,,,,,,,,,,,,,,,,,172390,,,,,,,,,,,,,,,,,,
front_end,,True,kiss_icp_odometry,,,,,,,,,,,,,,,,,,,,,,,,,,,172429,,,,,,,,,,,,,,,,,,
front_end,,True,kiss_icp_odometry,,,,,,,,,,,,,,,,,,,,,,,,,,,172474,,,,,,,,,,,,,,,,,,
front_end,,True,kiss_icp_odometry,,,,,,,,,,,,,,,,,,,,,,,,,,,172488,,,,,,,,,,,,,,,,,,
front_end,,True,kiss_icp_odometry,,,,,,,,,,,,,,,,,,,,,,,,,,,172533,,,,,,,,,,,,,,,,,,
front_end,,True,kiss_icp_odometry,,,,,,,,,,,,,,,,,,,,,,,,,,,172614,,,,,,,,,,,,,,,,,,
front_end,,True,kiss_icp_odometry,,,,,,,,,,,,,,,,,,,,,,,,,,,172629,,,,,,,,,,,,,,,,,,
front_end,,True,kiss_icp_odometry,,,,,,,,,,,,,,,,,,,,,,,,,,,172684,,,,,,,,,,,,,,,,,,
optimized_backend,,,,,,,,,,,,,,,,,,,,,,,,,,,,,,,,,,,,,,,,,79,102,24,,,,pose_graph,True
front_end,,True,kiss_icp_odometry,,,,,,,,,,,,,,,,,,,,,,,,,,,172695,,,,,,,,,,,,,,,,,,
front_end,,True,kiss_icp_odometry,,,,,,,,,,,,,,,,,,,,,,,,,,,172703,,,,,,,,,,,,,,,,,,
front_end,,True,kiss_icp_odometry,,,,,,,,,,,,,,,,,,,,,,,,,,,172743,,,,,,,,,,,,,,,,,,
front_end,,True,kiss_icp_odometry,,,,,,,,,,,,,,,,,,,,,,,,,,,172765,,,,,,,,,,,,,,,,,,
front_end,,True,kiss_icp_odometry,,,,,,,,,,,,,,,,,,,,,,,,,,,172841,,,,,,,,,,,,,,,,,,
front_end,,True,kiss_icp_odometry,,,,,,,,,,,,,,,,,,,,,,,,,,,172919,,,,,,,,,,,,,,,,,,
front_end,,True,kiss_icp_odometry,,,,,,,,,,,,,,,,,,,,,,,,,,,172926,,,,,,,,,,,,,,,,,,
front_end,,True,kiss_icp_odometry,,,,,,,,,,,,,,,,,,,,,,,,,,,172984,,,,,,,,,,,,,,,,,,
front_end,,True,kiss_icp_odometry,,,,,,,,,,,,,,,,,,,,,,,,,,,173014,,,,,,,,,,,,,,,,,,
front_end,,True,kiss_icp_odometry,,,,,,,,,,,,,,,,,,,,,,,,,,,173021,,,,,,,,,,,,,,,,,,
optimized_backend,,,,,,,,,,,,,,,,,,,,,,,,,,,,,,,,,,,,,,,,,80,104,25,,,,pose_graph,True
front_end,,True,kiss_icp_odometry,,,,,,,,,,,,,,,,,,,,,,,,,,,173046,,,,,,,,,,,,,,,,,,
front_end,,True,kiss_icp_odometry,,,,,,,,,,,,,,,,,,,,,,,,,,,173051,,,,,,,,,,,,,,,,,,
front_end,,True,kiss_icp_odometry,,,,,,,,,,,,,,,,,,,,,,,,,,,173068,,,,,,,,,,,,,,,,,,
front_end,,True,kiss_icp_odometry,,,,,,,,,,,,,,,,,,,,,,,,,,,173083,,,,,,,,,,,,,,,,,,
front_end,,True,kiss_icp_odometry,,,,,,,,,,,,,,,,,,,,,,,,,,,173095,,,,,,,,,,,,,,,,,,
front_end,,True,kiss_icp_odometry,,,,,,,,,,,,,,,,,,,,,,,,,,,173109,,,,,,,,,,,,,,,,,,
front_end,,True,kiss_icp_odometry,,,,,,,,,,,,,,,,,,,,,,,,,,,173130,,,,,,,,,,,,,,,,,,
front_end,,True,kiss_icp_odometry,,,,,,,,,,,,,,,,,,,,,,,,,,,173146,,,,,,,,,,,,,,,,,,
front_end,,True,kiss_icp_odometry,,,,,,,,,,,,,,,,,,,,,,,,,,,173156,,,,,,,,,,,,,,,,,,
optimized_backend,,,,,,,,,,,,,,,,,,,,,,,,,,,,,,,,,,,,,,,,,81,106,26,,,,pose_graph,True
front_end,,True,kiss_icp_odometry,,,,,,,,,,,,,,,,,,,,,,,,,,,173170,,,,,,,,,,,,,,,,,,
front_end,,True,kiss_icp_odometry,,,,,,,,,,,,,,,,,,,,,,,,,,,173177,,,,,,,,,,,,,,,,,,
front_end,,True,kiss_icp_odometry,,,,,,,,,,,,,,,,,,,,,,,,,,,173190,,,,,,,,,,,,,,,,,,
front_end,,True,kiss_icp_odometry,,,,,,,,,,,,,,,,,,,,,,,,,,,173199,,,,,,,,,,,,,,,,,,
front_end,,True,kiss_icp_odometry,,,,,,,,,,,,,,,,,,,,,,,,,,,173204,,,,,,,,,,,,,,,,,,
front_end,,True,kiss_icp_odometry,,,,,,,,,,,,,,,,,,,,,,,,,,,173213,,,,,,,,,,,,,,,,,,
front_end,,True,kiss_icp_odometry,,,,,,,,,,,,,,,,,,,,,,,,,,,173218,,,,,,,,,,,,,,,,,,
front_end,,True,kiss_icp_odometry,,,,,,,,,,,,,,,,,,,,,,,,,,,173222,,,,,,,,,,,,,,,,,,
optimized_backend,,,,,,,,,,,,,,,,,,,,,,,,,,,,,,,,,,,,,,,,,82,108,27,,,,pose_graph,True
front_end,,True,kiss_icp_odometry,,,,,,,,,,,,,,,,,,,,,,,,,,,173229,,,,,,,,,,,,,,,,,,
front_end,,True,kiss_icp_odometry,,,,,,,,,,,,,,,,,,,,,,,,,,,173233,,,,,,,,,,,,,,,,,,
front_end,,True,kiss_icp_odometry,,,,,,,,,,,,,,,,,,,,,,,,,,,173242,,,,,,,,,,,,,,,,,,
front_end,,True,kiss_icp_odometry,,,,,,,,,,,,,,,,,,,,,,,,,,,173253,,,,,,,,,,,,,,,,,,
front_end,,True,kiss_icp_odometry,,,,,,,,,,,,,,,,,,,,,,,,,,,173258,,,,,,,,,,,,,,,,,,
front_end,,True,kiss_icp_odometry,,,,,,,,,,,,,,,,,,,,,,,,,,,173264,,,,,,,,,,,,,,,,,,
front_end,,True,kiss_icp_odometry,,,,,,,,,,,,,,,,,,,,,,,,,,,173279,,,,,,,,,,,,,,,,,,
front_end,,True,kiss_icp_odometry,,,,,,,,,,,,,,,,,,,,,,,,,,,173283,,,,,,,,,,,,,,,,,,
front_end,,True,kiss_icp_odometry,,,,,,,,,,,,,,,,,,,,,,,,,,,173290,,,,,,,,,,,,,,,,,,
optimized_backend,,,,,,,,,,,,,,,,,,,,,,,,,,,,,,,,,,,,,,,,,83,110,28,,,,pose_graph,True
front_end,,True,kiss_icp_odometry,,,,,,,,,,,,,,,,,,,,,,,,,,,173295,,,,,,,,,,,,,,,,,,
front_end,,True,kiss_icp_odometry,,,,,,,,,,,,,,,,,,,,,,,,,,,173301,,,,,,,,,,,,,,,,,,
front_end,,True,kiss_icp_odometry,,,,,,,,,,,,,,,,,,,,,,,,,,,173306,,,,,,,,,,,,,,,,,,
front_end,,True,kiss_icp_odometry,,,,,,,,,,,,,,,,,,,,,,,,,,,173310,,,,,,,,,,,,,,,,,,
front_end,,True,kiss_icp_odometry,,,,,,,,,,,,,,,,,,,,,,,,,,,173316,,,,,,,,,,,,,,,,,,
front_end,,True,kiss_icp_odometry,,,,,,,,,,,,,,,,,,,,,,,,,,,173321,,,,,,,,,,,,,,,,,,
optimized_backend,,,,,,,,,,,,,,,,,,,,,,,,,,,,,,,,,,,,,,,,,84,112,29,,,,pose_graph,True
front_end,,True,kiss_icp_odometry,,,,,,,,,,,,,,,,,,,,,,,,,,,173331,,,,,,,,,,,,,,,,,,
front_end,,True,kiss_icp_odometry,,,,,,,,,,,,,,,,,,,,,,,,,,,173332,,,,,,,,,,,,,,,,,,
front_end,,True,kiss_icp_odometry,,,,,,,,,,,,,,,,,,,,,,,,,,,173344,,,,,,,,,,,,,,,,,,
front_end,,True,kiss_icp_odometry,,,,,,,,,,,,,,,,,,,,,,,,,,,173354,,,,,,,,,,,,,,,,,,
front_end,,True,kiss_icp_odometry,,,,,,,,,,,,,,,,,,,,,,,,,,,173362,,,,,,,,,,,,,,,,,,
front_end,,True,kiss_icp_odometry,,,,,,,,,,,,,,,,,,,,,,,,,,,173365,,,,,,,,,,,,,,,,,,
front_end,,True,kiss_icp_odometry,,,,,,,,,,,,,,,,,,,,,,,,,,,173372,,,,,,,,,,,,,,,,,,
front_end,,True,kiss_icp_odometry,,,,,,,,,,,,,,,,,,,,,,,,,,,173379,,,,,,,,,,,,,,,,,,
optimized_backend,,,,,,,,,,,,,,,,,,,,,,,,,,,,,,,,,,,,,,,,,85,114,30,,,,pose_graph,True
front_end,,True,kiss_icp_odometry,,,,,,,,,,,,,,,,,,,,,,,,,,,173383,,,,,,,,,,,,,,,,,,
front_end,,True,kiss_icp_odometry,,,,,,,,,,,,,,,,,,,,,,,,,,,173389,,,,,,,,,,,,,,,,,,
front_end,,True,kiss_icp_odometry,,,,,,,,,,,,,,,,,,,,,,,,,,,173393,,,,,,,,,,,,,,,,,,
front_end,,True,kiss_icp_odometry,,,,,,,,,,,,,,,,,,,,,,,,,,,173402,,,,,,,,,,,,,,,,,,
front_end,,True,kiss_icp_odometry,,,,,,,,,,,,,,,,,,,,,,,,,,,173431,,,,,,,,,,,,,,,,,,
front_end,,True,kiss_icp_odometry,,,,,,,,,,,,,,,,,,,,,,,,,,,173438,,,,,,,,,,,,,,,,,,
front_end,,True,kiss_icp_odometry,,,,,,,,,,,,,,,,,,,,,,,,,,,173485,,,,,,,,,,,,,,,,,,
front_end,,True,kiss_icp_odometry,,,,,,,,,,,,,,,,,,,,,,,,,,,173490,,,,,,,,,,,,,,,,,,
front_end,,True,kiss_icp_odometry,,,,,,,,,,,,,,,,,,,,,,,,,,,173492,,,,,,,,,,,,,,,,,,
front_end,,True,kiss_icp_odometry,,,,,,,,,,,,,,,,,,,,,,,,,,,173497,,,,,,,,,,,,,,,,,,
front_end,,True,kiss_icp_odometry,,,,,,,,,,,,,,,,,,,,,,,,,,,173501,,,,,,,,,,,,,,,,,,
front_end,,True,kiss_icp_odometry,,,,,,,,,,,,,,,,,,,,,,,,,,,173503,,,,,,,,,,,,,,,,,,
front_end,,True,kiss_icp_odometry,,,,,,,,,,,,,,,,,,,,,,,,,,,173504,,,,,,,,,,,,,,,,,,
front_end,,True,kiss_icp_odometry,,,,,,,,,,,,,,,,,,,,,,,,,,,173508,,,,,,,,,,,,,,,,,,
front_end,,True,kiss_icp_odometry,,,,,,,,,,,,,,,,,,,,,,,,,,,173514,,,,,,,,,,,,,,,,,,
front_end,,True,kiss_icp_odometry,,,,,,,,,,,,,,,,,,,,,,,,,,,173527,,,,,,,,,,,,,,,,,,
front_end,,True,kiss_icp_odometry,,,,,,,,,,,,,,,,,,,,,,,,,,,173530,,,,,,,,,,,,,,,,,,
front_end,,True,kiss_icp_odometry,,,,,,,,,,,,,,,,,,,,,,,,,,,173530,,,,,,,,,,,,,,,,,,
front_end,,True,kiss_icp_odometry,,,,,,,,,,,,,,,,,,,,,,,,,,,173532,,,,,,,,,,,,,,,,,,
front_end,,True,kiss_icp_odometry,,,,,,,,,,,,,,,,,,,,,,,,,,,173535,,,,,,,,,,,,,,,,,,
front_end,,True,kiss_icp_odometry,,,,,,,,,,,,,,,,,,,,,,,,,,,173536,,,,,,,,,,,,,,,,,,
front_end,,True,kiss_icp_odometry,,,,,,,,,,,,,,,,,,,,,,,,,,,173540,,,,,,,,,,,,,,,,,,
front_end,,True,kiss_icp_odometry,,,,,,,,,,,,,,,,,,,,,,,,,,,173541,,,,,,,,,,,,,,,,,,
front_end,,True,kiss_icp_odometry,,,,,,,,,,,,,,,,,,,,,,,,,,,173545,,,,,,,,,,,,,,,,,,
front_end,,True,kiss_icp_odometry,,,,,,,,,,,,,,,,,,,,,,,,,,,173550,,,,,,,,,,,,,,,,,,
front_end,,True,kiss_icp_odometry,,,,,,,,,,,,,,,,,,,,,,,,,,,173573,,,,,,,,,,,,,,,,,,
front_end,,True,kiss_icp_odometry,,,,,,,,,,,,,,,,,,,,,,,,,,,173577,,,,,,,,,,,,,,,,,,
front_end,,True,kiss_icp_odometry,,,,,,,,,,,,,,,,,,,,,,,,,,,173584,,,,,,,,,,,,,,,,,,
front_end,,True,kiss_icp_odometry,,,,,,,,,,,,,,,,,,,,,,,,,,,173598,,,,,,,,,,,,,,,,,,
front_end,,True,kiss_icp_odometry,,,,,,,,,,,,,,,,,,,,,,,,,,,173605,,,,,,,,,,,,,,,,,,
front_end,,True,kiss_icp_odometry,,,,,,,,,,,,,,,,,,,,,,,,,,,173611,,,,,,,,,,,,,,,,,,
front_end,,True,kiss_icp_odometry,,,,,,,,,,,,,,,,,,,,,,,,,,,173612,,,,,,,,,,,,,,,,,,
front_end,,True,kiss_icp_odometry,,,,,,,,,,,,,,,,,,,,,,,,,,,173614,,,,,,,,,,,,,,,,,,
front_end,,True,kiss_icp_odometry,,,,,,,,,,,,,,,,,,,,,,,,,,,173615,,,,,,,,,,,,,,,,,,
front_end,,True,kiss_icp_odometry,,,,,,,,,,,,,,,,,,,,,,,,,,,173618,,,,,,,,,,,,,,,,,,
front_end,,True,kiss_icp_odometry,,,,,,,,,,,,,,,,,,,,,,,,,,,173622,,,,,,,,,,,,,,,,,,
front_end,,True,kiss_icp_odometry,,,,,,,,,,,,,,,,,,,,,,,,,,,173625,,,,,,,,,,,,,,,,,,
front_end,,True,kiss_icp_odometry,,,,,,,,,,,,,,,,,,,,,,,,,,,173629,,,,,,,,,,,,,,,,,,
front_end,,True,kiss_icp_odometry,,,,,,,,,,,,,,,,,,,,,,,,,,,173639,,,,,,,,,,,,,,,,,,
front_end,,True,kiss_icp_odometry,,,,,,,,,,,,,,,,,,,,,,,,,,,173642,,,,,,,,,,,,,,,,,,
front_end,,True,kiss_icp_odometry,,,,,,,,,,,,,,,,,,,,,,,,,,,173661,,,,,,,,,,,,,,,,,,
front_end,,True,kiss_icp_odometry,,,,,,,,,,,,,,,,,,,,,,,,,,,173665,,,,,,,,,,,,,,,,,,
front_end,,True,kiss_icp_odometry,,,,,,,,,,,,,,,,,,,,,,,,,,,173748,,,,,,,,,,,,,,,,,,
front_end,,True,kiss_icp_odometry,,,,,,,,,,,,,,,,,,,,,,,,,,,173783,,,,,,,,,,,,,,,,,,
front_end,,True,kiss_icp_odometry,,,,,,,,,,,,,,,,,,,,,,,,,,,173886,,,,,,,,,,,,,,,,,,
front_end,,True,kiss_icp_odometry,,,,,,,,,,,,,,,,,,,,,,,,,,,173890,,,,,,,,,,,,,,,,,,
front_end,,True,kiss_icp_odometry,,,,,,,,,,,,,,,,,,,,,,,,,,,173920,,,,,,,,,,,,,,,,,,
front_end,,True,kiss_icp_odometry,,,,,,,,,,,,,,,,,,,,,,,,,,,174045,,,,,,,,,,,,,,,,,,
front_end,,True,kiss_icp_odometry,,,,,,,,,,,,,,,,,,,,,,,,,,,174066,,,,,,,,,,,,,,,,,,
front_end,,True,kiss_icp_odometry,,,,,,,,,,,,,,,,,,,,,,,,,,,174109,,,,,,,,,,,,,,,,,,
front_end,,True,kiss_icp_odometry,,,,,,,,,,,,,,,,,,,,,,,,,,,174184,,,,,,,,,,,,,,,,,,
optimized_backend,,,,,,,,,,,,,,,,,,,,,,,,,,,,,,,,,,,,,,,,,86,116,31,,,,pose_graph,True
front_end,,True,kiss_icp_odometry,,,,,,,,,,,,,,,,,,,,,,,,,,,174210,,,,,,,,,,,,,,,,,,
front_end,,True,kiss_icp_odometry,,,,,,,,,,,,,,,,,,,,,,,,,,,174242,,,,,,,,,,,,,,,,,,
front_end,,True,kiss_icp_odometry,,,,,,,,,,,,,,,,,,,,,,,,,,,174297,,,,,,,,,,,,,,,,,,
front_end,,True,kiss_icp_odometry,,,,,,,,,,,,,,,,,,,,,,,,,,,174356,,,,,,,,,,,,,,,,,,
front_end,,True,kiss_icp_odometry,,,,,,,,,,,,,,,,,,,,,,,,,,,174378,,,,,,,,,,,,,,,,,,
front_end,,True,kiss_icp_odometry,,,,,,,,,,,,,,,,,,,,,,,,,,,174399,,,,,,,,,,,,,,,,,,
front_end,,True,kiss_icp_odometry,,,,,,,,,,,,,,,,,,,,,,,,,,,174417,,,,,,,,,,,,,,,,,,
front_end,,True,kiss_icp_odometry,,,,,,,,,,,,,,,,,,,,,,,,,,,174448,,,,,,,,,,,,,,,,,,
front_end,,True,kiss_icp_odometry,,,,,,,,,,,,,,,,,,,,,,,,,,,174474,,,,,,,,,,,,,,,,,,
front_end,,True,kiss_icp_odometry,,,,,,,,,,,,,,,,,,,,,,,,,,,174491,,,,,,,,,,,,,,,,,,
front_end,,True,kiss_icp_odometry,,,,,,,,,,,,,,,,,,,,,,,,,,,174511,,,,,,,,,,,,,,,,,,
front_end,,True,kiss_icp_odometry,,,,,,,,,,,,,,,,,,,,,,,,,,,174530,,,,,,,,,,,,,,,,,,
front_end,,True,kiss_icp_odometry,,,,,,,,,,,,,,,,,,,,,,,,,,,174586,,,,,,,,,,,,,,,,,,
optimized_backend,,,,,,,,,,,,,,,,,,,,,,,,,,,,,,,,,,,,,,,,,87,118,32,,,,pose_graph,True
front_end,,True,kiss_icp_odometry,,,,,,,,,,,,,,,,,,,,,,,,,,,174610,,,,,,,,,,,,,,,,,,
front_end,,True,kiss_icp_odometry,,,,,,,,,,,,,,,,,,,,,,,,,,,174639,,,,,,,,,,,,,,,,,,
front_end,,True,kiss_icp_odometry,,,,,,,,,,,,,,,,,,,,,,,,,,,174665,,,,,,,,,,,,,,,,,,
front_end,,True,kiss_icp_odometry,,,,,,,,,,,,,,,,,,,,,,,,,,,174724,,,,,,,,,,,,,,,,,,
front_end,,True,kiss_icp_odometry,,,,,,,,,,,,,,,,,,,,,,,,,,,174773,,,,,,,,,,,,,,,,,,
front_end,,True,kiss_icp_odometry,,,,,,,,,,,,,,,,,,,,,,,,,,,174792,,,,,,,,,,,,,,,,,,
front_end,,True,kiss_icp_odometry,,,,,,,,,,,,,,,,,,,,,,,,,,,174811,,,,,,,,,,,,,,,,,,
front_end,,True,kiss_icp_odometry,,,,,,,,,,,,,,,,,,,,,,,,,,,174833,,,,,,,,,,,,,,,,,,
front_end,,True,kiss_icp_odometry,,,,,,,,,,,,,,,,,,,,,,,,,,,174859,,,,,,,,,,,,,,,,,,
front_end,,True,kiss_icp_odometry,,,,,,,,,,,,,,,,,,,,,,,,,,,174887,,,,,,,,,,,,,,,,,,
optimized_backend,,,,,,,,,,,,,,,,,,,,,,,,,,,,,,,,,,,,,,,,,88,120,33,,,,pose_graph,True
front_end,,True,kiss_icp_odometry,,,,,,,,,,,,,,,,,,,,,,,,,,,174919,,,,,,,,,,,,,,,,,,
front_end,,True,kiss_icp_odometry,,,,,,,,,,,,,,,,,,,,,,,,,,,174952,,,,,,,,,,,,,,,,,,
front_end,,True,kiss_icp_odometry,,,,,,,,,,,,,,,,,,,,,,,,,,,174983,,,,,,,,,,,,,,,,,,
front_end,,True,kiss_icp_odometry,,,,,,,,,,,,,,,,,,,,,,,,,,,175007,,,,,,,,,,,,,,,,,,
front_end,,True,kiss_icp_odometry,,,,,,,,,,,,,,,,,,,,,,,,,,,175044,,,,,,,,,,,,,,,,,,
front_end,,True,kiss_icp_odometry,,,,,,,,,,,,,,,,,,,,,,,,,,,175064,,,,,,,,,,,,,,,,,,
front_end,,True,kiss_icp_odometry,,,,,,,,,,,,,,,,,,,,,,,,,,,175091,,,,,,,,,,,,,,,,,,
front_end,,True,kiss_icp_odometry,,,,,,,,,,,,,,,,,,,,,,,,,,,175109,,,,,,,,,,,,,,,,,,
front_end,,True,kiss_icp_odometry,,,,,,,,,,,,,,,,,,,,,,,,,,,175203,,,,,,,,,,,,,,,,,,
front_end,,True,kiss_icp_odometry,,,,,,,,,,,,,,,,,,,,,,,,,,,175232,,,,,,,,,,,,,,,,,,
front_end,,True,kiss_icp_odometry,,,,,,,,,,,,,,,,,,,,,,,,,,,175263,,,,,,,,,,,,,,,,,,
front_end,,True,kiss_icp_odometry,,,,,,,,,,,,,,,,,,,,,,,,,,,175291,,,,,,,,,,,,,,,,,,
front_end,,True,kiss_icp_odometry,,,,,,,,,,,,,,,,,,,,,,,,,,,175317,,,,,,,,,,,,,,,,,,
optimized_backend,,,,,,,,,,,,,,,,,,,,,,,,,,,,,,,,,,,,,,,,,89,122,34,,,,pose_graph,True
front_end,,True,kiss_icp_odometry,,,,,,,,,,,,,,,,,,,,,,,,,,,175332,,,,,,,,,,,,,,,,,,
front_end,,True,kiss_icp_odometry,,,,,,,,,,,,,,,,,,,,,,,,,,,175354,,,,,,,,,,,,,,,,,,
front_end,,True,kiss_icp_odometry,,,,,,,,,,,,,,,,,,,,,,,,,,,175371,,,,,,,,,,,,,,,,,,
front_end,,True,kiss_icp_odometry,,,,,,,,,,,,,,,,,,,,,,,,,,,175393,,,,,,,,,,,,,,,,,,
front_end,,True,kiss_icp_odometry,,,,,,,,,,,,,,,,,,,,,,,,,,,175414,,,,,,,,,,,,,,,,,,
front_end,,True,kiss_icp_odometry,,,,,,,,,,,,,,,,,,,,,,,,,,,175438,,,,,,,,,,,,,,,,,,
front_end,,True,kiss_icp_odometry,,,,,,,,,,,,,,,,,,,,,,,,,,,175461,,,,,,,,,,,,,,,,,,
front_end,,True,kiss_icp_odometry,,,,,,,,,,,,,,,,,,,,,,,,,,,175482,,,,,,,,,,,,,,,,,,
front_end,,True,kiss_icp_odometry,,,,,,,,,,,,,,,,,,,,,,,,,,,175512,,,,,,,,,,,,,,,,,,
front_end,,True,kiss_icp_odometry,,,,,,,,,,,,,,,,,,,,,,,,,,,175537,,,,,,,,,,,,,,,,,,
front_end,,True,kiss_icp_odometry,,,,,,,,,,,,,,,,,,,,,,,,,,,175570,,,,,,,,,,,,,,,,,,
front_end,,True,kiss_icp_odometry,,,,,,,,,,,,,,,,,,,,,,,,,,,175599,,,,,,,,,,,,,,,,,,
front_end,,True,kiss_icp_odometry,,,,,,,,,,,,,,,,,,,,,,,,,,,175624,,,,,,,,,,,,,,,,,,
front_end,,True,kiss_icp_odometry,,,,,,,,,,,,,,,,,,,,,,,,,,,175644,,,,,,,,,,,,,,,,,,
front_end,,True,kiss_icp_odometry,,,,,,,,,,,,,,,,,,,,,,,,,,,175668,,,,,,,,,,,,,,,,,,
front_end,,True,kiss_icp_odometry,,,,,,,,,,,,,,,,,,,,,,,,,,,175681,,,,,,,,,,,,,,,,,,
front_end,,True,kiss_icp_odometry,,,,,,,,,,,,,,,,,,,,,,,,,,,175703,,,,,,,,,,,,,,,,,,
front_end,,True,kiss_icp_odometry,,,,,,,,,,,,,,,,,,,,,,,,,,,175716,,,,,,,,,,,,,,,,,,
front_end,,True,kiss_icp_odometry,,,,,,,,,,,,,,,,,,,,,,,,,,,175722,,,,,,,,,,,,,,,,,,
front_end,,True,kiss_icp_odometry,,,,,,,,,,,,,,,,,,,,,,,,,,,175735,,,,,,,,,,,,,,,,,,
front_end,,True,kiss_icp_odometry,,,,,,,,,,,,,,,,,,,,,,,,,,,175745,,,,,,,,,,,,,,,,,,
front_end,,True,kiss_icp_odometry,,,,,,,,,,,,,,,,,,,,,,,,,,,175759,,,,,,,,,,,,,,,,,,
front_end,,True,kiss_icp_odometry,,,,,,,,,,,,,,,,,,,,,,,,,,,175770,,,,,,,,,,,,,,,,,,
front_end,,True,kiss_icp_odometry,,,,,,,,,,,,,,,,,,,,,,,,,,,175780,,,,,,,,,,,,,,,,,,
front_end,,True,kiss_icp_odometry,,,,,,,,,,,,,,,,,,,,,,,,,,,175794,,,,,,,,,,,,,,,,,,
front_end,,True,kiss_icp_odometry,,,,,,,,,,,,,,,,,,,,,,,,,,,175807,,,,,,,,,,,,,,,,,,
front_end,,True,kiss_icp_odometry,,,,,,,,,,,,,,,,,,,,,,,,,,,175823,,,,,,,,,,,,,,,,,,
front_end,,True,kiss_icp_odometry,,,,,,,,,,,,,,,,,,,,,,,,,,,175863,,,,,,,,,,,,,,,,,,
front_end,,True,kiss_icp_odometry,,,,,,,,,,,,,,,,,,,,,,,,,,,175901,,,,,,,,,,,,,,,,,,
optimized_backend,,,,,,,,,,,,,,,,,,,,,,,,,,,,,,,,,,,,,,,,,90,124,35,,,,pose_graph,True
front_end,,True,kiss_icp_odometry,,,,,,,,,,,,,,,,,,,,,,,,,,,175943,,,,,,,,,,,,,,,,,,
front_end,,True,kiss_icp_odometry,,,,,,,,,,,,,,,,,,,,,,,,,,,175976,,,,,,,,,,,,,,,,,,
front_end,,True,kiss_icp_odometry,,,,,,,,,,,,,,,,,,,,,,,,,,,176070,,,,,,,,,,,,,,,,,,
front_end,,True,kiss_icp_odometry,,,,,,,,,,,,,,,,,,,,,,,,,,,176113,,,,,,,,,,,,,,,,,,
front_end,,True,kiss_icp_odometry,,,,,,,,,,,,,,,,,,,,,,,,,,,176157,,,,,,,,,,,,,,,,,,
front_end,,True,kiss_icp_odometry,,,,,,,,,,,,,,,,,,,,,,,,,,,176238,,,,,,,,,,,,,,,,,,
front_end,,True,kiss_icp_odometry,,,,,,,,,,,,,,,,,,,,,,,,,,,176282,,,,,,,,,,,,,,,,,,
front_end,,True,kiss_icp_odometry,,,,,,,,,,,,,,,,,,,,,,,,,,,176337,,,,,,,,,,,,,,,,,,
front_end,,True,kiss_icp_odometry,,,,,,,,,,,,,,,,,,,,,,,,,,,176394,,,,,,,,,,,,,,,,,,
front_end,,True,kiss_icp_odometry,,,,,,,,,,,,,,,,,,,,,,,,,,,176475,,,,,,,,,,,,,,,,,,
front_end,,True,kiss_icp_odometry,,,,,,,,,,,,,,,,,,,,,,,,,,,176548,,,,,,,,,,,,,,,,,,
front_end,,True,kiss_icp_odometry,,,,,,,,,,,,,,,,,,,,,,,,,,,176677,,,,,,,,,,,,,,,,,,
front_end,,True,kiss_icp_odometry,,,,,,,,,,,,,,,,,,,,,,,,,,,176752,,,,,,,,,,,,,,,,,,
front_end,,True,kiss_icp_odometry,,,,,,,,,,,,,,,,,,,,,,,,,,,176810,,,,,,,,,,,,,,,,,,
front_end,,True,kiss_icp_odometry,,,,,,,,,,,,,,,,,,,,,,,,,,,176859,,,,,,,,,,,,,,,,,,
front_end,,True,kiss_icp_odometry,,,,,,,,,,,,,,,,,,,,,,,,,,,176940,,,,,,,,,,,,,,,,,,
front_end,,True,kiss_icp_odometry,,,,,,,,,,,,,,,,,,,,,,,,,,,177004,,,,,,,,,,,,,,,,,,
front_end,,True,kiss_icp_odometry,,,,,,,,,,,,,,,,,,,,,,,,,,,177055,,,,,,,,,,,,,,,,,,
front_end,,True,kiss_icp_odometry,,,,,,,,,,,,,,,,,,,,,,,,,,,177093,,,,,,,,,,,,,,,,,,
front_end,,True,kiss_icp_odometry,,,,,,,,,,,,,,,,,,,,,,,,,,,177176,,,,,,,,,,,,,,,,,,
front_end,,True,kiss_icp_odometry,,,,,,,,,,,,,,,,,,,,,,,,,,,177211,,,,,,,,,,,,,,,,,,
front_end,,True,kiss_icp_odometry,,,,,,,,,,,,,,,,,,,,,,,,,,,177250,,,,,,,,,,,,,,,,,,
front_end,,True,kiss_icp_odometry,,,,,,,,,,,,,,,,,,,,,,,,,,,177302,,,,,,,,,,,,,,,,,,
front_end,,True,kiss_icp_odometry,,,,,,,,,,,,,,,,,,,,,,,,,,,177362,,,,,,,,,,,,,,,,,,
front_end,,True,kiss_icp_odometry,,,,,,,,,,,,,,,,,,,,,,,,,,,177399,,,,,,,,,,,,,,,,,,
front_end,,True,kiss_icp_odometry,,,,,,,,,,,,,,,,,,,,,,,,,,,177448,,,,,,,,,,,,,,,,,,
front_end,,True,kiss_icp_odometry,,,,,,,,,,,,,,,,,,,,,,,,,,,177498,,,,,,,,,,,,,,,,,,
front_end,,True,kiss_icp_odometry,,,,,,,,,,,,,,,,,,,,,,,,,,,177551,,,,,,,,,,,,,,,,,,
front_end,,True,kiss_icp_odometry,,,,,,,,,,,,,,,,,,,,,,,,,,,177588,,,,,,,,,,,,,,,,,,
optimized_backend,,,,,,,,,,,,,,,,,,,,,,,,,,,,,,,,,,,,,,,,,91,126,36,,,,pose_graph,True
front_end,,True,kiss_icp_odometry,,,,,,,,,,,,,,,,,,,,,,,,,,,177615,,,,,,,,,,,,,,,,,,
front_end,,True,kiss_icp_odometry,,,,,,,,,,,,,,,,,,,,,,,,,,,177665,,,,,,,,,,,,,,,,,,
front_end,,True,kiss_icp_odometry,,,,,,,,,,,,,,,,,,,,,,,,,,,177684,,,,,,,,,,,,,,,,,,
front_end,,True,kiss_icp_odometry,,,,,,,,,,,,,,,,,,,,,,,,,,,177705,,,,,,,,,,,,,,,,,,
front_end,,True,kiss_icp_odometry,,,,,,,,,,,,,,,,,,,,,,,,,,,177724,,,,,,,,,,,,,,,,,,
front_end,,True,kiss_icp_odometry,,,,,,,,,,,,,,,,,,,,,,,,,,,177740,,,,,,,,,,,,,,,,,,
front_end,,True,kiss_icp_odometry,,,,,,,,,,,,,,,,,,,,,,,,,,,177756,,,,,,,,,,,,,,,,,,
front_end,,True,kiss_icp_odometry,,,,,,,,,,,,,,,,,,,,,,,,,,,177776,,,,,,,,,,,,,,,,,,
front_end,,True,kiss_icp_odometry,,,,,,,,,,,,,,,,,,,,,,,,,,,177797,,,,,,,,,,,,,,,,,,
front_end,,True,kiss_icp_odometry,,,,,,,,,,,,,,,,,,,,,,,,,,,177827,,,,,,,,,,,,,,,,,,
front_end,,True,kiss_icp_odometry,,,,,,,,,,,,,,,,,,,,,,,,,,,177855,,,,,,,,,,,,,,,,,,
front_end,,True,kiss_icp_odometry,,,,,,,,,,,,,,,,,,,,,,,,,,,177891,,,,,,,,,,,,,,,,,,
front_end,,True,kiss_icp_odometry,,,,,,,,,,,,,,,,,,,,,,,,,,,177911,,,,,,,,,,,,,,,,,,
front_end,,True,kiss_icp_odometry,,,,,,,,,,,,,,,,,,,,,,,,,,,177928,,,,,,,,,,,,,,,,,,
front_end,,True,kiss_icp_odometry,,,,,,,,,,,,,,,,,,,,,,,,,,,177948,,,,,,,,,,,,,,,,,,
front_end,,True,kiss_icp_odometry,,,,,,,,,,,,,,,,,,,,,,,,,,,177967,,,,,,,,,,,,,,,,,,
front_end,,True,kiss_icp_odometry,,,,,,,,,,,,,,,,,,,,,,,,,,,177990,,,,,,,,,,,,,,,,,,
front_end,,True,kiss_icp_odometry,,,,,,,,,,,,,,,,,,,,,,,,,,,178002,,,,,,,,,,,,,,,,,,
front_end,,True,kiss_icp_odometry,,,,,,,,,,,,,,,,,,,,,,,,,,,178013,,,,,,,,,,,,,,,,,,
front_end,,True,kiss_icp_odometry,,,,,,,,,,,,,,,,,,,,,,,,,,,178027,,,,,,,,,,,,,,,,,,
front_end,,True,kiss_icp_odometry,,,,,,,,,,,,,,,,,,,,,,,,,,,178047,,,,,,,,,,,,,,,,,,
front_end,,True,kiss_icp_odometry,,,,,,,,,,,,,,,,,,,,,,,,,,,178065,,,,,,,,,,,,,,,,,,
optimized_backend,,,,,,,,,,,,,,,,,,,,,,,,,,,,,,,,,,,,,,,,,92,128,37,,,,pose_graph,True
front_end,,True,kiss_icp_odometry,,,,,,,,,,,,,,,,,,,,,,,,,,,178076,,,,,,,,,,,,,,,,,,
front_end,,True,kiss_icp_odometry,,,,,,,,,,,,,,,,,,,,,,,,,,,178085,,,,,,,,,,,,,,,,,,
front_end,,True,kiss_icp_odometry,,,,,,,,,,,,,,,,,,,,,,,,,,,178095,,,,,,,,,,,,,,,,,,
front_end,,True,kiss_icp_odometry,,,,,,,,,,,,,,,,,,,,,,,,,,,178110,,,,,,,,,,,,,,,,,,
front_end,,True,kiss_icp_odometry,,,,,,,,,,,,,,,,,,,,,,,,,,,178117,,,,,,,,,,,,,,,,,,
front_end,,True,kiss_icp_odometry,,,,,,,,,,,,,,,,,,,,,,,,,,,178125,,,,,,,,,,,,,,,,,,
front_end,,True,kiss_icp_odometry,,,,,,,,,,,,,,,,,,,,,,,,,,,178138,,,,,,,,,,,,,,,,,,
front_end,,True,kiss_icp_odometry,,,,,,,,,,,,,,,,,,,,,,,,,,,178152,,,,,,,,,,,,,,,,,,
optimized_backend,,,,,,,,,,,,,,,,,,,,,,,,,,,,,,,,,,,,,,,,,93,130,38,,,,pose_graph,True
front_end,,True,kiss_icp_odometry,,,,,,,,,,,,,,,,,,,,,,,,,,,178163,,,,,,,,,,,,,,,,,,
front_end,,True,kiss_icp_odometry,,,,,,,,,,,,,,,,,,,,,,,,,,,178185,,,,,,,,,,,,,,,,,,
front_end,,True,kiss_icp_odometry,,,,,,,,,,,,,,,,,,,,,,,,,,,178196,,,,,,,,,,,,,,,,,,
front_end,,True,kiss_icp_odometry,,,,,,,,,,,,,,,,,,,,,,,,,,,178237,,,,,,,,,,,,,,,,,,
front_end,,True,kiss_icp_odometry,,,,,,,,,,,,,,,,,,,,,,,,,,,178248,,,,,,,,,,,,,,,,,,
front_end,,True,kiss_icp_odometry,,,,,,,,,,,,,,,,,,,,,,,,,,,178268,,,,,,,,,,,,,,,,,,
front_end,,True,kiss_icp_odometry,,,,,,,,,,,,,,,,,,,,,,,,,,,178296,,,,,,,,,,,,,,,,,,
optimized_backend,,,,,,,,,,,,,,,,,,,,,,,,,,,,,,,,,,,,,,,,,94,132,39,,,,pose_graph,True
front_end,,True,kiss_icp_odometry,,,,,,,,,,,,,,,,,,,,,,,,,,,178344,,,,,,,,,,,,,,,,,,
front_end,,True,kiss_icp_odometry,,,,,,,,,,,,,,,,,,,,,,,,,,,178368,,,,,,,,,,,,,,,,,,
front_end,,True,kiss_icp_odometry,,,,,,,,,,,,,,,,,,,,,,,,,,,178382,,,,,,,,,,,,,,,,,,
front_end,,True,kiss_icp_odometry,,,,,,,,,,,,,,,,,,,,,,,,,,,178398,,,,,,,,,,,,,,,,,,
front_end,,True,kiss_icp_odometry,,,,,,,,,,,,,,,,,,,,,,,,,,,178417,,,,,,,,,,,,,,,,,,
front_end,,True,kiss_icp_odometry,,,,,,,,,,,,,,,,,,,,,,,,,,,178437,,,,,,,,,,,,,,,,,,
front_end,,True,kiss_icp_odometry,,,,,,,,,,,,,,,,,,,,,,,,,,,178458,,,,,,,,,,,,,,,,,,
front_end,,True,kiss_icp_odometry,,,,,,,,,,,,,,,,,,,,,,,,,,,178479,,,,,,,,,,,,,,,,,,
optimized_backend,,,,,,,,,,,,,,,,,,,,,,,,,,,,,,,,,,,,,,,,,95,134,40,,,,pose_graph,True
front_end,,True,kiss_icp_odometry,,,,,,,,,,,,,,,,,,,,,,,,,,,178509,,,,,,,,,,,,,,,,,,
front_end,,True,kiss_icp_odometry,,,,,,,,,,,,,,,,,,,,,,,,,,,178549,,,,,,,,,,,,,,,,,,
front_end,,True,kiss_icp_odometry,,,,,,,,,,,,,,,,,,,,,,,,,,,178568,,,,,,,,,,,,,,,,,,
front_end,,True,kiss_icp_odometry,,,,,,,,,,,,,,,,,,,,,,,,,,,178579,,,,,,,,,,,,,,,,,,
front_end,,True,kiss_icp_odometry,,,,,,,,,,,,,,,,,,,,,,,,,,,178590,,,,,,,,,,,,,,,,,,
front_end,,True,kiss_icp_odometry,,,,,,,,,,,,,,,,,,,,,,,,,,,178600,,,,,,,,,,,,,,,,,,
front_end,,True,kiss_icp_odometry,,,,,,,,,,,,,,,,,,,,,,,,,,,178612,,,,,,,,,,,,,,,,,,
front_end,,True,kiss_icp_odometry,,,,,,,,,,,,,,,,,,,,,,,,,,,178624,,,,,,,,,,,,,,,,,,
front_end,,True,kiss_icp_odometry,,,,,,,,,,,,,,,,,,,,,,,,,,,178636,,,,,,,,,,,,,,,,,,
optimized_backend,,,,,,,,,,,,,,,,,,,,,,,,,,,,,,,,,,,,,,,,,96,136,41,,,,pose_graph,True
front_end,,True,kiss_icp_odometry,,,,,,,,,,,,,,,,,,,,,,,,,,,178658,,,,,,,,,,,,,,,,,,
front_end,,True,kiss_icp_odometry,,,,,,,,,,,,,,,,,,,,,,,,,,,178693,,,,,,,,,,,,,,,,,,
front_end,,True,kiss_icp_odometry,,,,,,,,,,,,,,,,,,,,,,,,,,,178715,,,,,,,,,,,,,,,,,,
front_end,,True,kiss_icp_odometry,,,,,,,,,,,,,,,,,,,,,,,,,,,178732,,,,,,,,,,,,,,,,,,
front_end,,True,kiss_icp_odometry,,,,,,,,,,,,,,,,,,,,,,,,,,,178749,,,,,,,,,,,,,,,,,,
front_end,,True,kiss_icp_odometry,,,,,,,,,,,,,,,,,,,,,,,,,,,178758,,,,,,,,,,,,,,,,,,
front_end,,True,kiss_icp_odometry,,,,,,,,,,,,,,,,,,,,,,,,,,,178768,,,,,,,,,,,,,,,,,,
front_end,,True,kiss_icp_odometry,,,,,,,,,,,,,,,,,,,,,,,,,,,178788,,,,,,,,,,,,,,,,,,
optimized_backend,,,,,,,,,,,,,,,,,,,,,,,,,,,,,,,,,,,,,,,,,97,138,42,,,,pose_graph,True
front_end,,True,kiss_icp_odometry,,,,,,,,,,,,,,,,,,,,,,,,,,,178810,,,,,,,,,,,,,,,,,,
front_end,,True,kiss_icp_odometry,,,,,,,,,,,,,,,,,,,,,,,,,,,178824,,,,,,,,,,,,,,,,,,
front_end,,True,kiss_icp_odometry,,,,,,,,,,,,,,,,,,,,,,,,,,,178838,,,,,,,,,,,,,,,,,,
front_end,,True,kiss_icp_odometry,,,,,,,,,,,,,,,,,,,,,,,,,,,178854,,,,,,,,,,,,,,,,,,
front_end,,True,kiss_icp_odometry,,,,,,,,,,,,,,,,,,,,,,,,,,,178864,,,,,,,,,,,,,,,,,,
front_end,,True,kiss_icp_odometry,,,,,,,,,,,,,,,,,,,,,,,,,,,178870,,,,,,,,,,,,,,,,,,
front_end,,True,kiss_icp_odometry,,,,,,,,,,,,,,,,,,,,,,,,,,,178879,,,,,,,,,,,,,,,,,,
front_end,,True,kiss_icp_odometry,,,,,,,,,,,,,,,,,,,,,,,,,,,178892,,,,,,,,,,,,,,,,,,
front_end,,True,kiss_icp_odometry,,,,,,,,,,,,,,,,,,,,,,,,,,,178903,,,,,,,,,,,,,,,,,,
optimized_backend,,,,,,,,,,,,,,,,,,,,,,,,,,,,,,,,,,,,,,,,,98,140,43,,,,pose_graph,True
front_end,,True,kiss_icp_odometry,,,,,,,,,,,,,,,,,,,,,,,,,,,178910,,,,,,,,,,,,,,,,,,
front_end,,True,kiss_icp_odometry,,,,,,,,,,,,,,,,,,,,,,,,,,,178920,,,,,,,,,,,,,,,,,,
front_end,,True,kiss_icp_odometry,,,,,,,,,,,,,,,,,,,,,,,,,,,178957,,,,,,,,,,,,,,,,,,
front_end,,True,kiss_icp_odometry,,,,,,,,,,,,,,,,,,,,,,,,,,,178973,,,,,,,,,,,,,,,,,,
front_end,,True,kiss_icp_odometry,,,,,,,,,,,,,,,,,,,,,,,,,,,178986,,,,,,,,,,,,,,,,,,
front_end,,True,kiss_icp_odometry,,,,,,,,,,,,,,,,,,,,,,,,,,,178991,,,,,,,,,,,,,,,,,,
front_end,,True,kiss_icp_odometry,,,,,,,,,,,,,,,,,,,,,,,,,,,179008,,,,,,,,,,,,,,,,,,
front_end,,True,kiss_icp_odometry,,,,,,,,,,,,,,,,,,,,,,,,,,,179013,,,,,,,,,,,,,,,,,,
optimized_backend,,,,,,,,,,,,,,,,,,,,,,,,,,,,,,,,,,,,,,,,,99,142,44,,,,pose_graph,True
front_end,,True,kiss_icp_odometry,,,,,,,,,,,,,,,,,,,,,,,,,,,179014,,,,,,,,,,,,,,,,,,
front_end,,True,kiss_icp_odometry,,,,,,,,,,,,,,,,,,,,,,,,,,,179020,,,,,,,,,,,,,,,,,,
front_end,,True,kiss_icp_odometry,,,,,,,,,,,,,,,,,,,,,,,,,,,179025,,,,,,,,,,,,,,,,,,
front_end,,True,kiss_icp_odometry,,,,,,,,,,,,,,,,,,,,,,,,,,,179036,,,,,,,,,,,,,,,,,,
front_end,,True,kiss_icp_odometry,,,,,,,,,,,,,,,,,,,,,,,,,,,179056,,,,,,,,,,,,,,,,,,
front_end,,True,kiss_icp_odometry,,,,,,,,,,,,,,,,,,,,,,,,,,,179100,,,,,,,,,,,,,,,,,,
front_end,,True,kiss_icp_odometry,,,,,,,,,,,,,,,,,,,,,,,,,,,179112,,,,,,,,,,,,,,,,,,
front_end,,True,kiss_icp_odometry,,,,,,,,,,,,,,,,,,,,,,,,,,,179144,,,,,,,,,,,,,,,,,,
front_end,,True,kiss_icp_odometry,,,,,,,,,,,,,,,,,,,,,,,,,,,179151,,,,,,,,,,,,,,,,,,
optimized_backend,,,,,,,,,,,,,,,,,,,,,,,,,,,,,,,,,,,,,,,,,100,144,45,,,,pose_graph,True
front_end,,True,kiss_icp_odometry,,,,,,,,,,,,,,,,,,,,,,,,,,,179168,,,,,,,,,,,,,,,,,,
front_end,,True,kiss_icp_odometry,,,,,,,,,,,,,,,,,,,,,,,,,,,179183,,,,,,,,,,,,,,,,,,
front_end,,True,kiss_icp_odometry,,,,,,,,,,,,,,,,,,,,,,,,,,,179192,,,,,,,,,,,,,,,,,,
front_end,,True,kiss_icp_odometry,,,,,,,,,,,,,,,,,,,,,,,,,,,179207,,,,,,,,,,,,,,,,,,
front_end,,True,kiss_icp_odometry,,,,,,,,,,,,,,,,,,,,,,,,,,,179215,,,,,,,,,,,,,,,,,,
front_end,,True,kiss_icp_odometry,,,,,,,,,,,,,,,,,,,,,,,,,,,179227,,,,,,,,,,,,,,,,,,
front_end,,True,kiss_icp_odometry,,,,,,,,,,,,,,,,,,,,,,,,,,,179269,,,,,,,,,,,,,,,,,,
front_end,,True,kiss_icp_odometry,,,,,,,,,,,,,,,,,,,,,,,,,,,179285,,,,,,,,,,,,,,,,,,
front_end,,True,kiss_icp_odometry,,,,,,,,,,,,,,,,,,,,,,,,,,,179295,,,,,,,,,,,,,,,,,,
optimized_backend,,,,,,,,,,,,,,,,,,,,,,,,,,,,,,,,,,,,,,,,,101,146,46,,,,pose_graph,True
front_end,,True,kiss_icp_odometry,,,,,,,,,,,,,,,,,,,,,,,,,,,179299,,,,,,,,,,,,,,,,,,
front_end,,True,kiss_icp_odometry,,,,,,,,,,,,,,,,,,,,,,,,,,,179310,,,,,,,,,,,,,,,,,,
front_end,,True,kiss_icp_odometry,,,,,,,,,,,,,,,,,,,,,,,,,,,179315,,,,,,,,,,,,,,,,,,
front_end,,True,kiss_icp_odometry,,,,,,,,,,,,,,,,,,,,,,,,,,,179318,,,,,,,,,,,,,,,,,,
front_end,,True,kiss_icp_odometry,,,,,,,,,,,,,,,,,,,,,,,,,,,179324,,,,,,,,,,,,,,,,,,
front_end,,True,kiss_icp_odometry,,,,,,,,,,,,,,,,,,,,,,,,,,,179350,,,,,,,,,,,,,,,,,,
front_end,,True,kiss_icp_odometry,,,,,,,,,,,,,,,,,,,,,,,,,,,179352,,,,,,,,,,,,,,,,,,
front_end,,True,kiss_icp_odometry,,,,,,,,,,,,,,,,,,,,,,,,,,,179360,,,,,,,,,,,,,,,,,,
front_end,,True,kiss_icp_odometry,,,,,,,,,,,,,,,,,,,,,,,,,,,179366,,,,,,,,,,,,,,,,,,
front_end,,True,kiss_icp_odometry,,,,,,,,,,,,,,,,,,,,,,,,,,,179367,,,,,,,,,,,,,,,,,,
optimized_backend,,,,,,,,,,,,,,,,,,,,,,,,,,,,,,,,,,,,,,,,,102,148,47,,,,pose_graph,True
front_end,,True,kiss_icp_odometry,,,,,,,,,,,,,,,,,,,,,,,,,,,179372,,,,,,,,,,,,,,,,,,
front_end,,True,kiss_icp_odometry,,,,,,,,,,,,,,,,,,,,,,,,,,,179378,,,,,,,,,,,,,,,,,,
front_end,,True,kiss_icp_odometry,,,,,,,,,,,,,,,,,,,,,,,,,,,179381,,,,,,,,,,,,,,,,,,
front_end,,True,kiss_icp_odometry,,,,,,,,,,,,,,,,,,,,,,,,,,,179383,,,,,,,,,,,,,,,,,,
front_end,,True,kiss_icp_odometry,,,,,,,,,,,,,,,,,,,,,,,,,,,179385,,,,,,,,,,,,,,,,,,
front_end,,True,kiss_icp_odometry,,,,,,,,,,,,,,,,,,,,,,,,,,,179395,,,,,,,,,,,,,,,,,,
front_end,,True,kiss_icp_odometry,,,,,,,,,,,,,,,,,,,,,,,,,,,179398,,,,,,,,,,,,,,,,,,
front_end,,True,kiss_icp_odometry,,,,,,,,,,,,,,,,,,,,,,,,,,,179406,,,,,,,,,,,,,,,,,,
front_end,,True,kiss_icp_odometry,,,,,,,,,,,,,,,,,,,,,,,,,,,179411,,,,,,,,,,,,,,,,,,
front_end,,True,kiss_icp_odometry,,,,,,,,,,,,,,,,,,,,,,,,,,,179420,,,,,,,,,,,,,,,,,,
front_end,,True,kiss_icp_odometry,,,,,,,,,,,,,,,,,,,,,,,,,,,179428,,,,,,,,,,,,,,,,,,
front_end,,True,kiss_icp_odometry,,,,,,,,,,,,,,,,,,,,,,,,,,,179432,,,,,,,,,,,,,,,,,,
optimized_backend,,,,,,,,,,,,,,,,,,,,,,,,,,,,,,,,,,,,,,,,,103,150,48,,,,pose_graph,True
front_end,,True,kiss_icp_odometry,,,,,,,,,,,,,,,,,,,,,,,,,,,179437,,,,,,,,,,,,,,,,,,
front_end,,True,kiss_icp_odometry,,,,,,,,,,,,,,,,,,,,,,,,,,,179443,,,,,,,,,,,,,,,,,,
front_end,,True,kiss_icp_odometry,,,,,,,,,,,,,,,,,,,,,,,,,,,179456,,,,,,,,,,,,,,,,,,
front_end,,True,kiss_icp_odometry,,,,,,,,,,,,,,,,,,,,,,,,,,,179456,,,,,,,,,,,,,,,,,,
front_end,,True,kiss_icp_odometry,,,,,,,,,,,,,,,,,,,,,,,,,,,179461,,,,,,,,,,,,,,,,,,
front_end,,True,kiss_icp_odometry,,,,,,,,,,,,,,,,,,,,,,,,,,,179464,,,,,,,,,,,,,,,,,,
front_end,,True,kiss_icp_odometry,,,,,,,,,,,,,,,,,,,,,,,,,,,179466,,,,,,,,,,,,,,,,,,
optimized_backend,,,,,,,,,,,,,,,,,,,,,,,,,,,,,,,,,,,,,,,,,104,152,49,,,,pose_graph,True
front_end,,True,kiss_icp_odometry,,,,,,,,,,,,,,,,,,,,,,,,,,,179471,,,,,,,,,,,,,,,,,,
front_end,,True,kiss_icp_odometry,,,,,,,,,,,,,,,,,,,,,,,,,,,179474,,,,,,,,,,,,,,,,,,
front_end,,True,kiss_icp_odometry,,,,,,,,,,,,,,,,,,,,,,,,,,,179476,,,,,,,,,,,,,,,,,,
front_end,,True,kiss_icp_odometry,,,,,,,,,,,,,,,,,,,,,,,,,,,179477,,,,,,,,,,,,,,,,,,
front_end,,True,kiss_icp_odometry,,,,,,,,,,,,,,,,,,,,,,,,,,,179479,,,,,,,,,,,,,,,,,,
front_end,,True,kiss_icp_odometry,,,,,,,,,,,,,,,,,,,,,,,,,,,179480,,,,,,,,,,,,,,,,,,
optimized_backend,,,,,,,,,,,,,,,,,,,,,,,,,,,,,,,,,,,,,,,,,105,154,50,,,,pose_graph,True
front_end,,True,kiss_icp_odometry,,,,,,,,,,,,,,,,,,,,,,,,,,,179482,,,,,,,,,,,,,,,,,,
front_end,,True,kiss_icp_odometry,,,,,,,,,,,,,,,,,,,,,,,,,,,179483,,,,,,,,,,,,,,,,,,
front_end,,True,kiss_icp_odometry,,,,,,,,,,,,,,,,,,,,,,,,,,,179486,,,,,,,,,,,,,,,,,,
front_end,,True,kiss_icp_odometry,,,,,,,,,,,,,,,,,,,,,,,,,,,179491,,,,,,,,,,,,,,,,,,
front_end,,True,kiss_icp_odometry,,,,,,,,,,,,,,,,,,,,,,,,,,,179492,,,,,,,,,,,,,,,,,,
front_end,,True,kiss_icp_odometry,,,,,,,,,,,,,,,,,,,,,,,,,,,179492,,,,,,,,,,,,,,,,,,
front_end,,True,kiss_icp_odometry,,,,,,,,,,,,,,,,,,,,,,,,,,,179493,,,,,,,,,,,,,,,,,,
front_end,,True,kiss_icp_odometry,,,,,,,,,,,,,,,,,,,,,,,,,,,179495,,,,,,,,,,,,,,,,,,
optimized_backend,,,,,,,,,,,,,,,,,,,,,,,,,,,,,,,,,,,,,,,,,106,156,51,,,,pose_graph,True
front_end,,True,kiss_icp_odometry,,,,,,,,,,,,,,,,,,,,,,,,,,,179496,,,,,,,,,,,,,,,,,,
front_end,,True,kiss_icp_odometry,,,,,,,,,,,,,,,,,,,,,,,,,,,179496,,,,,,,,,,,,,,,,,,
front_end,,True,kiss_icp_odometry,,,,,,,,,,,,,,,,,,,,,,,,,,,179500,,,,,,,,,,,,,,,,,,
front_end,,True,kiss_icp_odometry,,,,,,,,,,,,,,,,,,,,,,,,,,,179506,,,,,,,,,,,,,,,,,,
front_end,,True,kiss_icp_odometry,,,,,,,,,,,,,,,,,,,,,,,,,,,179509,,,,,,,,,,,,,,,,,,
front_end,,True,kiss_icp_odometry,,,,,,,,,,,,,,,,,,,,,,,,,,,179527,,,,,,,,,,,,,,,,,,
front_end,,True,kiss_icp_odometry,,,,,,,,,,,,,,,,,,,,,,,,,,,179542,,,,,,,,,,,,,,,,,,
front_end,,True,kiss_icp_odometry,,,,,,,,,,,,,,,,,,,,,,,,,,,179562,,,,,,,,,,,,,,,,,,
front_end,,True,kiss_icp_odometry,,,,,,,,,,,,,,,,,,,,,,,,,,,179570,,,,,,,,,,,,,,,,,,
front_end,,True,kiss_icp_odometry,,,,,,,,,,,,,,,,,,,,,,,,,,,179577,,,,,,,,,,,,,,,,,,
front_end,,True,kiss_icp_odometry,,,,,,,,,,,,,,,,,,,,,,,,,,,179586,,,,,,,,,,,,,,,,,,
front_end,,True,kiss_icp_odometry,,,,,,,,,,,,,,,,,,,,,,,,,,,179587,,,,,,,,,,,,,,,,,,
front_end,,True,kiss_icp_odometry,,,,,,,,,,,,,,,,,,,,,,,,,,,179597,,,,,,,,,,,,,,,,,,
front_end,,True,kiss_icp_odometry,,,,,,,,,,,,,,,,,,,,,,,,,,,179605,,,,,,,,,,,,,,,,,,
front_end,,True,kiss_icp_odometry,,,,,,,,,,,,,,,,,,,,,,,,,,,179610,,,,,,,,,,,,,,,,,,
front_end,,True,kiss_icp_odometry,,,,,,,,,,,,,,,,,,,,,,,,,,,179620,,,,,,,,,,,,,,,,,,
front_end,,True,kiss_icp_odometry,,,,,,,,,,,,,,,,,,,,,,,,,,,179651,,,,,,,,,,,,,,,,,,
front_end,,True,kiss_icp_odometry,,,,,,,,,,,,,,,,,,,,,,,,,,,179662,,,,,,,,,,,,,,,,,,
front_end,,True,kiss_icp_odometry,,,,,,,,,,,,,,,,,,,,,,,,,,,179671,,,,,,,,,,,,,,,,,,
front_end,,True,kiss_icp_odometry,,,,,,,,,,,,,,,,,,,,,,,,,,,179683,,,,,,,,,,,,,,,,,,
front_end,,True,kiss_icp_odometry,,,,,,,,,,,,,,,,,,,,,,,,,,,179697,,,,,,,,,,,,,,,,,,
front_end,,True,kiss_icp_odometry,,,,,,,,,,,,,,,,,,,,,,,,,,,179713,,,,,,,,,,,,,,,,,,
front_end,,True,kiss_icp_odometry,,,,,,,,,,,,,,,,,,,,,,,,,,,179723,,,,,,,,,,,,,,,,,,
front_end,,True,kiss_icp_odometry,,,,,,,,,,,,,,,,,,,,,,,,,,,179735,,,,,,,,,,,,,,,,,,
front_end,,True,kiss_icp_odometry,,,,,,,,,,,,,,,,,,,,,,,,,,,179741,,,,,,,,,,,,,,,,,,
front_end,,True,kiss_icp_odometry,,,,,,,,,,,,,,,,,,,,,,,,,,,179748,,,,,,,,,,,,,,,,,,
front_end,,True,kiss_icp_odometry,,,,,,,,,,,,,,,,,,,,,,,,,,,179759,,,,,,,,,,,,,,,,,,
front_end,,True,kiss_icp_odometry,,,,,,,,,,,,,,,,,,,,,,,,,,,179762,,,,,,,,,,,,,,,,,,
front_end,,True,kiss_icp_odometry,,,,,,,,,,,,,,,,,,,,,,,,,,,179770,,,,,,,,,,,,,,,,,,
front_end,,True,kiss_icp_odometry,,,,,,,,,,,,,,,,,,,,,,,,,,,179777,,,,,,,,,,,,,,,,,,
front_end,,True,kiss_icp_odometry,,,,,,,,,,,,,,,,,,,,,,,,,,,179796,,,,,,,,,,,,,,,,,,
front_end,,True,kiss_icp_odometry,,,,,,,,,,,,,,,,,,,,,,,,,,,179814,,,,,,,,,,,,,,,,,,
front_end,,True,kiss_icp_odometry,,,,,,,,,,,,,,,,,,,,,,,,,,,179842,,,,,,,,,,,,,,,,,,
front_end,,True,kiss_icp_odometry,,,,,,,,,,,,,,,,,,,,,,,,,,,179917,,,,,,,,,,,,,,,,,,
front_end,,True,kiss_icp_odometry,,,,,,,,,,,,,,,,,,,,,,,,,,,180003,,,,,,,,,,,,,,,,,,
front_end,,True,kiss_icp_odometry,,,,,,,,,,,,,,,,,,,,,,,,,,,180082,,,,,,,,,,,,,,,,,,
front_end,,True,kiss_icp_odometry,,,,,,,,,,,,,,,,,,,,,,,,,,,180133,,,,,,,,,,,,,,,,,,
front_end,,True,kiss_icp_odometry,,,,,,,,,,,,,,,,,,,,,,,,,,,180195,,,,,,,,,,,,,,,,,,
front_end,,True,kiss_icp_odometry,,,,,,,,,,,,,,,,,,,,,,,,,,,180239,,,,,,,,,,,,,,,,,,
front_end,,True,kiss_icp_odometry,,,,,,,,,,,,,,,,,,,,,,,,,,,180260,,,,,,,,,,,,,,,,,,
front_end,,True,kiss_icp_odometry,,,,,,,,,,,,,,,,,,,,,,,,,,,180296,,,,,,,,,,,,,,,,,,
front_end,,True,kiss_icp_odometry,,,,,,,,,,,,,,,,,,,,,,,,,,,180335,,,,,,,,,,,,,,,,,,
front_end,,True,kiss_icp_odometry,,,,,,,,,,,,,,,,,,,,,,,,,,,180353,,,,,,,,,,,,,,,,,,
front_end,,True,kiss_icp_odometry,,,,,,,,,,,,,,,,,,,,,,,,,,,180453,,,,,,,,,,,,,,,,,,
front_end,,True,kiss_icp_odometry,,,,,,,,,,,,,,,,,,,,,,,,,,,180481,,,,,,,,,,,,,,,,,,
front_end,,True,kiss_icp_odometry,,,,,,,,,,,,,,,,,,,,,,,,,,,180524,,,,,,,,,,,,,,,,,,
front_end,,True,kiss_icp_odometry,,,,,,,,,,,,,,,,,,,,,,,,,,,180597,,,,,,,,,,,,,,,,,,
front_end,,True,kiss_icp_odometry,,,,,,,,,,,,,,,,,,,,,,,,,,,180625,,,,,,,,,,,,,,,,,,
front_end,,True,kiss_icp_odometry,,,,,,,,,,,,,,,,,,,,,,,,,,,180658,,,,,,,,,,,,,,,,,,
front_end,,True,kiss_icp_odometry,,,,,,,,,,,,,,,,,,,,,,,,,,,180692,,,,,,,,,,,,,,,,,,
front_end,,True,kiss_icp_odometry,,,,,,,,,,,,,,,,,,,,,,,,,,,180722,,,,,,,,,,,,,,,,,,
front_end,,True,kiss_icp_odometry,,,,,,,,,,,,,,,,,,,,,,,,,,,180763,,,,,,,,,,,,,,,,,,
front_end,,True,kiss_icp_odometry,,,,,,,,,,,,,,,,,,,,,,,,,,,180808,,,,,,,,,,,,,,,,,,
front_end,,True,kiss_icp_odometry,,,,,,,,,,,,,,,,,,,,,,,,,,,180841,,,,,,,,,,,,,,,,,,
front_end,,True,kiss_icp_odometry,,,,,,,,,,,,,,,,,,,,,,,,,,,180897,,,,,,,,,,,,,,,,,,
front_end,,True,kiss_icp_odometry,,,,,,,,,,,,,,,,,,,,,,,,,,,181019,,,,,,,,,,,,,,,,,,
front_end,,True,kiss_icp_odometry,,,,,,,,,,,,,,,,,,,,,,,,,,,181069,,,,,,,,,,,,,,,,,,
front_end,,True,kiss_icp_odometry,,,,,,,,,,,,,,,,,,,,,,,,,,,181108,,,,,,,,,,,,,,,,,,
front_end,,True,kiss_icp_odometry,,,,,,,,,,,,,,,,,,,,,,,,,,,181160,,,,,,,,,,,,,,,,,,
front_end,,True,kiss_icp_odometry,,,,,,,,,,,,,,,,,,,,,,,,,,,181215,,,,,,,,,,,,,,,,,,
front_end,,True,kiss_icp_odometry,,,,,,,,,,,,,,,,,,,,,,,,,,,181255,,,,,,,,,,,,,,,,,,
front_end,,True,kiss_icp_odometry,,,,,,,,,,,,,,,,,,,,,,,,,,,181306,,,,,,,,,,,,,,,,,,
front_end,,True,kiss_icp_odometry,,,,,,,,,,,,,,,,,,,,,,,,,,,181347,,,,,,,,,,,,,,,,,,
optimized_backend,,,,,,,,,,,,,,,,,,,,,,,,,,,,,,,,,,,,,,,,,107,158,52,,,,pose_graph,True
front_end,,True,kiss_icp_odometry,,,,,,,,,,,,,,,,,,,,,,,,,,,181406,,,,,,,,,,,,,,,,,,
front_end,,True,kiss_icp_odometry,,,,,,,,,,,,,,,,,,,,,,,,,,,181451,,,,,,,,,,,,,,,,,,
front_end,,True,kiss_icp_odometry,,,,,,,,,,,,,,,,,,,,,,,,,,,181499,,,,,,,,,,,,,,,,,,
front_end,,True,kiss_icp_odometry,,,,,,,,,,,,,,,,,,,,,,,,,,,181540,,,,,,,,,,,,,,,,,,
front_end,,True,kiss_icp_odometry,,,,,,,,,,,,,,,,,,,,,,,,,,,181572,,,,,,,,,,,,,,,,,,
front_end,,True,kiss_icp_odometry,,,,,,,,,,,,,,,,,,,,,,,,,,,181647,,,,,,,,,,,,,,,,,,
front_end,,True,kiss_icp_odometry,,,,,,,,,,,,,,,,,,,,,,,,,,,181675,,,,,,,,,,,,,,,,,,
front_end,,True,kiss_icp_odometry,,,,,,,,,,,,,,,,,,,,,,,,,,,181707,,,,,,,,,,,,,,,,,,
front_end,,True,kiss_icp_odometry,,,,,,,,,,,,,,,,,,,,,,,,,,,181732,,,,,,,,,,,,,,,,,,
front_end,,True,kiss_icp_odometry,,,,,,,,,,,,,,,,,,,,,,,,,,,181763,,,,,,,,,,,,,,,,,,
front_end,,True,kiss_icp_odometry,,,,,,,,,,,,,,,,,,,,,,,,,,,181813,,,,,,,,,,,,,,,,,,
front_end,,True,kiss_icp_odometry,,,,,,,,,,,,,,,,,,,,,,,,,,,181850,,,,,,,,,,,,,,,,,,
front_end,,True,kiss_icp_odometry,,,,,,,,,,,,,,,,,,,,,,,,,,,181874,,,,,,,,,,,,,,,,,,
front_end,,True,kiss_icp_odometry,,,,,,,,,,,,,,,,,,,,,,,,,,,181892,,,,,,,,,,,,,,,,,,
front_end,,True,kiss_icp_odometry,,,,,,,,,,,,,,,,,,,,,,,,,,,181918,,,,,,,,,,,,,,,,,,
front_end,,True,kiss_icp_odometry,,,,,,,,,,,,,,,,,,,,,,,,,,,181938,,,,,,,,,,,,,,,,,,
front_end,,True,kiss_icp_odometry,,,,,,,,,,,,,,,,,,,,,,,,,,,181968,,,,,,,,,,,,,,,,,,
front_end,,True,kiss_icp_odometry,,,,,,,,,,,,,,,,,,,,,,,,,,,181992,,,,,,,,,,,,,,,,,,
front_end,,True,kiss_icp_odometry,,,,,,,,,,,,,,,,,,,,,,,,,,,182011,,,,,,,,,,,,,,,,,,
front_end,,True,kiss_icp_odometry,,,,,,,,,,,,,,,,,,,,,,,,,,,182032,,,,,,,,,,,,,,,,,,
front_end,,True,kiss_icp_odometry,,,,,,,,,,,,,,,,,,,,,,,,,,,182061,,,,,,,,,,,,,,,,,,
front_end,,True,kiss_icp_odometry,,,,,,,,,,,,,,,,,,,,,,,,,,,182099,,,,,,,,,,,,,,,,,,
front_end,,True,kiss_icp_odometry,,,,,,,,,,,,,,,,,,,,,,,,,,,182132,,,,,,,,,,,,,,,,,,
front_end,,True,kiss_icp_odometry,,,,,,,,,,,,,,,,,,,,,,,,,,,182153,,,,,,,,,,,,,,,,,,
front_end,,True,kiss_icp_odometry,,,,,,,,,,,,,,,,,,,,,,,,,,,182185,,,,,,,,,,,,,,,,,,
front_end,,True,kiss_icp_odometry,,,,,,,,,,,,,,,,,,,,,,,,,,,182199,,,,,,,,,,,,,,,,,,
front_end,,True,kiss_icp_odometry,,,,,,,,,,,,,,,,,,,,,,,,,,,182213,,,,,,,,,,,,,,,,,,
front_end,,True,kiss_icp_odometry,,,,,,,,,,,,,,,,,,,,,,,,,,,182248,,,,,,,,,,,,,,,,,,
front_end,,True,kiss_icp_odometry,,,,,,,,,,,,,,,,,,,,,,,,,,,182277,,,,,,,,,,,,,,,,,,
front_end,,True,kiss_icp_odometry,,,,,,,,,,,,,,,,,,,,,,,,,,,182297,,,,,,,,,,,,,,,,,,
front_end,,True,kiss_icp_odometry,,,,,,,,,,,,,,,,,,,,,,,,,,,182306,,,,,,,,,,,,,,,,,,
front_end,,True,kiss_icp_odometry,,,,,,,,,,,,,,,,,,,,,,,,,,,182322,,,,,,,,,,,,,,,,,,
front_end,,True,kiss_icp_odometry,,,,,,,,,,,,,,,,,,,,,,,,,,,182336,,,,,,,,,,,,,,,,,,
front_end,,True,kiss_icp_odometry,,,,,,,,,,,,,,,,,,,,,,,,,,,182345,,,,,,,,,,,,,,,,,,
front_end,,True,kiss_icp_odometry,,,,,,,,,,,,,,,,,,,,,,,,,,,182350,,,,,,,,,,,,,,,,,,
front_end,,True,kiss_icp_odometry,,,,,,,,,,,,,,,,,,,,,,,,,,,182358,,,,,,,,,,,,,,,,,,
front_end,,True,kiss_icp_odometry,,,,,,,,,,,,,,,,,,,,,,,,,,,182367,,,,,,,,,,,,,,,,,,
front_end,,True,kiss_icp_odometry,,,,,,,,,,,,,,,,,,,,,,,,,,,182379,,,,,,,,,,,,,,,,,,
front_end,,True,kiss_icp_odometry,,,,,,,,,,,,,,,,,,,,,,,,,,,182394,,,,,,,,,,,,,,,,,,
front_end,,True,kiss_icp_odometry,,,,,,,,,,,,,,,,,,,,,,,,,,,182405,,,,,,,,,,,,,,,,,,
front_end,,True,kiss_icp_odometry,,,,,,,,,,,,,,,,,,,,,,,,,,,182417,,,,,,,,,,,,,,,,,,
front_end,,True,kiss_icp_odometry,,,,,,,,,,,,,,,,,,,,,,,,,,,182431,,,,,,,,,,,,,,,,,,
front_end,,True,kiss_icp_odometry,,,,,,,,,,,,,,,,,,,,,,,,,,,182450,,,,,,,,,,,,,,,,,,
front_end,,True,kiss_icp_odometry,,,,,,,,,,,,,,,,,,,,,,,,,,,182469,,,,,,,,,,,,,,,,,,
front_end,,True,kiss_icp_odometry,,,,,,,,,,,,,,,,,,,,,,,,,,,182486,,,,,,,,,,,,,,,,,,
front_end,,True,kiss_icp_odometry,,,,,,,,,,,,,,,,,,,,,,,,,,,182507,,,,,,,,,,,,,,,,,,
front_end,,True,kiss_icp_odometry,,,,,,,,,,,,,,,,,,,,,,,,,,,182519,,,,,,,,,,,,,,,,,,
front_end,,True,kiss_icp_odometry,,,,,,,,,,,,,,,,,,,,,,,,,,,182527,,,,,,,,,,,,,,,,,,
front_end,,True,kiss_icp_odometry,,,,,,,,,,,,,,,,,,,,,,,,,,,182530,,,,,,,,,,,,,,,,,,
front_end,,True,kiss_icp_odometry,,,,,,,,,,,,,,,,,,,,,,,,,,,182532,,,,,,,,,,,,,,,,,,
front_end,,True,kiss_icp_odometry,,,,,,,,,,,,,,,,,,,,,,,,,,,182535,,,,,,,,,,,,,,,,,,
front_end,,True,kiss_icp_odometry,,,,,,,,,,,,,,,,,,,,,,,,,,,182536,,,,,,,,,,,,,,,,,,
front_end,,True,kiss_icp_odometry,,,,,,,,,,,,,,,,,,,,,,,,,,,182538,,,,,,,,,,,,,,,,,,
front_end,,True,kiss_icp_odometry,,,,,,,,,,,,,,,,,,,,,,,,,,,182541,,,,,,,,,,,,,,,,,,
front_end,,True,kiss_icp_odometry,,,,,,,,,,,,,,,,,,,,,,,,,,,182546,,,,,,,,,,,,,,,,,,
front_end,,True,kiss_icp_odometry,,,,,,,,,,,,,,,,,,,,,,,,,,,182547,,,,,,,,,,,,,,,,,,
front_end,,True,kiss_icp_odometry,,,,,,,,,,,,,,,,,,,,,,,,,,,182559,,,,,,,,,,,,,,,,,,
front_end,,True,kiss_icp_odometry,,,,,,,,,,,,,,,,,,,,,,,,,,,182569,,,,,,,,,,,,,,,,,,
front_end,,True,kiss_icp_odometry,,,,,,,,,,,,,,,,,,,,,,,,,,,182583,,,,,,,,,,,,,,,,,,
front_end,,True,kiss_icp_odometry,,,,,,,,,,,,,,,,,,,,,,,,,,,182594,,,,,,,,,,,,,,,,,,
front_end,,True,kiss_icp_odometry,,,,,,,,,,,,,,,,,,,,,,,,,,,182599,,,,,,,,,,,,,,,,,,
front_end,,True,kiss_icp_odometry,,,,,,,,,,,,,,,,,,,,,,,,,,,182619,,,,,,,,,,,,,,,,,,
front_end,,True,kiss_icp_odometry,,,,,,,,,,,,,,,,,,,,,,,,,,,182636,,,,,,,,,,,,,,,,,,
front_end,,True,kiss_icp_odometry,,,,,,,,,,,,,,,,,,,,,,,,,,,182642,,,,,,,,,,,,,,,,,,
front_end,,True,kiss_icp_odometry,,,,,,,,,,,,,,,,,,,,,,,,,,,182652,,,,,,,,,,,,,,,,,,
front_end,,True,kiss_icp_odometry,,,,,,,,,,,,,,,,,,,,,,,,,,,182671,,,,,,,,,,,,,,,,,,
front_end,,True,kiss_icp_odometry,,,,,,,,,,,,,,,,,,,,,,,,,,,182687,,,,,,,,,,,,,,,,,,
front_end,,True,kiss_icp_odometry,,,,,,,,,,,,,,,,,,,,,,,,,,,182735,,,,,,,,,,,,,,,,,,
front_end,,True,kiss_icp_odometry,,,,,,,,,,,,,,,,,,,,,,,,,,,182759,,,,,,,,,,,,,,,,,,
front_end,,True,kiss_icp_odometry,,,,,,,,,,,,,,,,,,,,,,,,,,,182769,,,,,,,,,,,,,,,,,,
front_end,,True,kiss_icp_odometry,,,,,,,,,,,,,,,,,,,,,,,,,,,182778,,,,,,,,,,,,,,,,,,
front_end,,True,kiss_icp_odometry,,,,,,,,,,,,,,,,,,,,,,,,,,,182791,,,,,,,,,,,,,,,,,,
front_end,,True,kiss_icp_odometry,,,,,,,,,,,,,,,,,,,,,,,,,,,182817,,,,,,,,,,,,,,,,,,
front_end,,True,kiss_icp_odometry,,,,,,,,,,,,,,,,,,,,,,,,,,,182823,,,,,,,,,,,,,,,,,,
front_end,,True,kiss_icp_odometry,,,,,,,,,,,,,,,,,,,,,,,,,,,182829,,,,,,,,,,,,,,,,,,
front_end,,True,kiss_icp_odometry,,,,,,,,,,,,,,,,,,,,,,,,,,,182836,,,,,,,,,,,,,,,,,,
front_end,,True,kiss_icp_odometry,,,,,,,,,,,,,,,,,,,,,,,,,,,182854,,,,,,,,,,,,,,,,,,
front_end,,True,kiss_icp_odometry,,,,,,,,,,,,,,,,,,,,,,,,,,,182858,,,,,,,,,,,,,,,,,,
front_end,,True,kiss_icp_odometry,,,,,,,,,,,,,,,,,,,,,,,,,,,182862,,,,,,,,,,,,,,,,,,
front_end,,True,kiss_icp_odometry,,,,,,,,,,,,,,,,,,,,,,,,,,,182867,,,,,,,,,,,,,,,,,,
front_end,,True,kiss_icp_odometry,,,,,,,,,,,,,,,,,,,,,,,,,,,182875,,,,,,,,,,,,,,,,,,
front_end,,True,kiss_icp_odometry,,,,,,,,,,,,,,,,,,,,,,,,,,,182883,,,,,,,,,,,,,,,,,,
front_end,,True,kiss_icp_odometry,,,,,,,,,,,,,,,,,,,,,,,,,,,182924,,,,,,,,,,,,,,,,,,
front_end,,True,kiss_icp_odometry,,,,,,,,,,,,,,,,,,,,,,,,,,,182935,,,,,,,,,,,,,,,,,,
front_end,,True,kiss_icp_odometry,,,,,,,,,,,,,,,,,,,,,,,,,,,182939,,,,,,,,,,,,,,,,,,
front_end,,True,kiss_icp_odometry,,,,,,,,,,,,,,,,,,,,,,,,,,,182944,,,,,,,,,,,,,,,,,,
optimized_backend,,,,,,,,,,,,,,,,,,,,,,,,,,,,,,,,,,,,,,,,,108,160,53,,,,pose_graph,True
front_end,,True,kiss_icp_odometry,,,,,,,,,,,,,,,,,,,,,,,,,,,182962,,,,,,,,,,,,,,,,,,
front_end,,True,kiss_icp_odometry,,,,,,,,,,,,,,,,,,,,,,,,,,,182974,,,,,,,,,,,,,,,,,,
front_end,,True,kiss_icp_odometry,,,,,,,,,,,,,,,,,,,,,,,,,,,182996,,,,,,,,,,,,,,,,,,
front_end,,True,kiss_icp_odometry,,,,,,,,,,,,,,,,,,,,,,,,,,,183015,,,,,,,,,,,,,,,,,,
front_end,,True,kiss_icp_odometry,,,,,,,,,,,,,,,,,,,,,,,,,,,183031,,,,,,,,,,,,,,,,,,
front_end,,True,kiss_icp_odometry,,,,,,,,,,,,,,,,,,,,,,,,,,,183049,,,,,,,,,,,,,,,,,,
front_end,,True,kiss_icp_odometry,,,,,,,,,,,,,,,,,,,,,,,,,,,183054,,,,,,,,,,,,,,,,,,
front_end,,True,kiss_icp_odometry,,,,,,,,,,,,,,,,,,,,,,,,,,,183058,,,,,,,,,,,,,,,,,,
front_end,,True,kiss_icp_odometry,,,,,,,,,,,,,,,,,,,,,,,,,,,183071,,,,,,,,,,,,,,,,,,
front_end,,True,kiss_icp_odometry,,,,,,,,,,,,,,,,,,,,,,,,,,,183086,,,,,,,,,,,,,,,,,,
front_end,,True,kiss_icp_odometry,,,,,,,,,,,,,,,,,,,,,,,,,,,183094,,,,,,,,,,,,,,,,,,
front_end,,True,kiss_icp_odometry,,,,,,,,,,,,,,,,,,,,,,,,,,,183095,,,,,,,,,,,,,,,,,,
optimized_backend,,,,,,,,,,,,,,,,,,,,,,,,,,,,,,,,,,,,,,,,,109,162,54,,,,pose_graph,True
front_end,,True,kiss_icp_odometry,,,,,,,,,,,,,,,,,,,,,,,,,,,183098,,,,,,,,,,,,,,,,,,
front_end,,True,kiss_icp_odometry,,,,,,,,,,,,,,,,,,,,,,,,,,,183101,,,,,,,,,,,,,,,,,,
front_end,,True,kiss_icp_odometry,,,,,,,,,,,,,,,,,,,,,,,,,,,183111,,,,,,,,,,,,,,,,,,
front_end,,True,kiss_icp_odometry,,,,,,,,,,,,,,,,,,,,,,,,,,,183118,,,,,,,,,,,,,,,,,,
front_end,,True,kiss_icp_odometry,,,,,,,,,,,,,,,,,,,,,,,,,,,183123,,,,,,,,,,,,,,,,,,
front_end,,True,kiss_icp_odometry,,,,,,,,,,,,,,,,,,,,,,,,,,,183131,,,,,,,,,,,,,,,,,,
front_end,,True,kiss_icp_odometry,,,,,,,,,,,,,,,,,,,,,,,,,,,183137,,,,,,,,,,,,,,,,,,
front_end,,True,kiss_icp_odometry,,,,,,,,,,,,,,,,,,,,,,,,,,,183153,,,,,,,,,,,,,,,,,,
front_end,,True,kiss_icp_odometry,,,,,,,,,,,,,,,,,,,,,,,,,,,183156,,,,,,,,,,,,,,,,,,
front_end,,True,kiss_icp_odometry,,,,,,,,,,,,,,,,,,,,,,,,,,,183162,,,,,,,,,,,,,,,,,,
front_end,,True,kiss_icp_odometry,,,,,,,,,,,,,,,,,,,,,,,,,,,183168,,,,,,,,,,,,,,,,,,
optimized_backend,,,,,,,,,,,,,,,,,,,,,,,,,,,,,,,,,,,,,,,,,110,164,55,,,,pose_graph,True
front_end,,True,kiss_icp_odometry,,,,,,,,,,,,,,,,,,,,,,,,,,,183179,,,,,,,,,,,,,,,,,,
front_end,,True,kiss_icp_odometry,,,,,,,,,,,,,,,,,,,,,,,,,,,183188,,,,,,,,,,,,,,,,,,
front_end,,True,kiss_icp_odometry,,,,,,,,,,,,,,,,,,,,,,,,,,,183198,,,,,,,,,,,,,,,,,,
front_end,,True,kiss_icp_odometry,,,,,,,,,,,,,,,,,,,,,,,,,,,183201,,,,,,,,,,,,,,,,,,
front_end,,True,kiss_icp_odometry,,,,,,,,,,,,,,,,,,,,,,,,,,,183205,,,,,,,,,,,,,,,,,,
front_end,,True,kiss_icp_odometry,,,,,,,,,,,,,,,,,,,,,,,,,,,183208,,,,,,,,,,,,,,,,,,
front_end,,True,kiss_icp_odometry,,,,,,,,,,,,,,,,,,,,,,,,,,,183221,,,,,,,,,,,,,,,,,,
front_end,,True,kiss_icp_odometry,,,,,,,,,,,,,,,,,,,,,,,,,,,183236,,,,,,,,,,,,,,,,,,
front_end,,True,kiss_icp_odometry,,,,,,,,,,,,,,,,,,,,,,,,,,,183258,,,,,,,,,,,,,,,,,,
front_end,,True,kiss_icp_odometry,,,,,,,,,,,,,,,,,,,,,,,,,,,183294,,,,,,,,,,,,,,,,,,
front_end,,True,kiss_icp_odometry,,,,,,,,,,,,,,,,,,,,,,,,,,,183320,,,,,,,,,,,,,,,,,,
optimized_backend,,,,,,,,,,,,,,,,,,,,,,,,,,,,,,,,,,,,,,,,,111,166,56,,,,pose_graph,True
front_end,,True,kiss_icp_odometry,,,,,,,,,,,,,,,,,,,,,,,,,,,183388,,,,,,,,,,,,,,,,,,
front_end,,True,kiss_icp_odometry,,,,,,,,,,,,,,,,,,,,,,,,,,,183427,,,,,,,,,,,,,,,,,,
front_end,,True,kiss_icp_odometry,,,,,,,,,,,,,,,,,,,,,,,,,,,183446,,,,,,,,,,,,,,,,,,
front_end,,True,kiss_icp_odometry,,,,,,,,,,,,,,,,,,,,,,,,,,,183487,,,,,,,,,,,,,,,,,,
front_end,,True,kiss_icp_odometry,,,,,,,,,,,,,,,,,,,,,,,,,,,183521,,,,,,,,,,,,,,,,,,
front_end,,True,kiss_icp_odometry,,,,,,,,,,,,,,,,,,,,,,,,,,,183581,,,,,,,,,,,,,,,,,,
front_end,,True,kiss_icp_odometry,,,,,,,,,,,,,,,,,,,,,,,,,,,183613,,,,,,,,,,,,,,,,,,
front_end,,True,kiss_icp_odometry,,,,,,,,,,,,,,,,,,,,,,,,,,,183650,,,,,,,,,,,,,,,,,,
front_end,,True,kiss_icp_odometry,,,,,,,,,,,,,,,,,,,,,,,,,,,183691,,,,,,,,,,,,,,,,,,
front_end,,True,kiss_icp_odometry,,,,,,,,,,,,,,,,,,,,,,,,,,,183763,,,,,,,,,,,,,,,,,,
optimized_backend,,,,,,,,,,,,,,,,,,,,,,,,,,,,,,,,,,,,,,,,,112,168,57,,,,pose_graph,True
front_end,,True,kiss_icp_odometry,,,,,,,,,,,,,,,,,,,,,,,,,,,183824,,,,,,,,,,,,,,,,,,
front_end,,True,kiss_icp_odometry,,,,,,,,,,,,,,,,,,,,,,,,,,,183847,,,,,,,,,,,,,,,,,,
front_end,,True,kiss_icp_odometry,,,,,,,,,,,,,,,,,,,,,,,,,,,183871,,,,,,,,,,,,,,,,,,
front_end,,True,kiss_icp_odometry,,,,,,,,,,,,,,,,,,,,,,,,,,,183903,,,,,,,,,,,,,,,,,,
front_end,,True,kiss_icp_odometry,,,,,,,,,,,,,,,,,,,,,,,,,,,183938,,,,,,,,,,,,,,,,,,
front_end,,True,kiss_icp_odometry,,,,,,,,,,,,,,,,,,,,,,,,,,,183958,,,,,,,,,,,,,,,,,,
front_end,,True,kiss_icp_odometry,,,,,,,,,,,,,,,,,,,,,,,,,,,183977,,,,,,,,,,,,,,,,,,
front_end,,True,kiss_icp_odometry,,,,,,,,,,,,,,,,,,,,,,,,,,,183996,,,,,,,,,,,,,,,,,,
front_end,,True,kiss_icp_odometry,,,,,,,,,,,,,,,,,,,,,,,,,,,184013,,,,,,,,,,,,,,,,,,
front_end,,True,kiss_icp_odometry,,,,,,,,,,,,,,,,,,,,,,,,,,,184029,,,,,,,,,,,,,,,,,,
front_end,,True,kiss_icp_odometry,,,,,,,,,,,,,,,,,,,,,,,,,,,184043,,,,,,,,,,,,,,,,,,
front_end,,True,kiss_icp_odometry,,,,,,,,,,,,,,,,,,,,,,,,,,,184055,,,,,,,,,,,,,,,,,,
front_end,,True,kiss_icp_odometry,,,,,,,,,,,,,,,,,,,,,,,,,,,184070,,,,,,,,,,,,,,,,,,
front_end,,True,kiss_icp_odometry,,,,,,,,,,,,,,,,,,,,,,,,,,,184096,,,,,,,,,,,,,,,,,,
front_end,,True,kiss_icp_odometry,,,,,,,,,,,,,,,,,,,,,,,,,,,184117,,,,,,,,,,,,,,,,,,
front_end,,True,kiss_icp_odometry,,,,,,,,,,,,,,,,,,,,,,,,,,,184130,,,,,,,,,,,,,,,,,,
front_end,,True,kiss_icp_odometry,,,,,,,,,,,,,,,,,,,,,,,,,,,184138,,,,,,,,,,,,,,,,,,
front_end,,True,kiss_icp_odometry,,,,,,,,,,,,,,,,,,,,,,,,,,,184165,,,,,,,,,,,,,,,,,,
front_end,,True,kiss_icp_odometry,,,,,,,,,,,,,,,,,,,,,,,,,,,184186,,,,,,,,,,,,,,,,,,
front_end,,True,kiss_icp_odometry,,,,,,,,,,,,,,,,,,,,,,,,,,,184195,,,,,,,,,,,,,,,,,,
front_end,,True,kiss_icp_odometry,,,,,,,,,,,,,,,,,,,,,,,,,,,184203,,,,,,,,,,,,,,,,,,
front_end,,True,kiss_icp_odometry,,,,,,,,,,,,,,,,,,,,,,,,,,,184211,,,,,,,,,,,,,,,,,,
front_end,,True,kiss_icp_odometry,,,,,,,,,,,,,,,,,,,,,,,,,,,184235,,,,,,,,,,,,,,,,,,
front_end,,True,kiss_icp_odometry,,,,,,,,,,,,,,,,,,,,,,,,,,,184275,,,,,,,,,,,,,,,,,,
front_end,,True,kiss_icp_odometry,,,,,,,,,,,,,,,,,,,,,,,,,,,184290,,,,,,,,,,,,,,,,,,
front_end,,True,kiss_icp_odometry,,,,,,,,,,,,,,,,,,,,,,,,,,,184297,,,,,,,,,,,,,,,,,,
front_end,,True,kiss_icp_odometry,,,,,,,,,,,,,,,,,,,,,,,,,,,184308,,,,,,,,,,,,,,,,,,
front_end,,True,kiss_icp_odometry,,,,,,,,,,,,,,,,,,,,,,,,,,,184313,,,,,,,,,,,,,,,,,,
front_end,,True,kiss_icp_odometry,,,,,,,,,,,,,,,,,,,,,,,,,,,184588,,,,,,,,,,,,,,,,,,
front_end,,True,kiss_icp_odometry,,,,,,,,,,,,,,,,,,,,,,,,,,,184601,,,,,,,,,,,,,,,,,,
front_end,,True,kiss_icp_odometry,,,,,,,,,,,,,,,,,,,,,,,,,,,184621,,,,,,,,,,,,,,,,,,
front_end,,True,kiss_icp_odometry,,,,,,,,,,,,,,,,,,,,,,,,,,,184660,,,,,,,,,,,,,,,,,,
front_end,,True,kiss_icp_odometry,,,,,,,,,,,,,,,,,,,,,,,,,,,184681,,,,,,,,,,,,,,,,,,
front_end,,True,kiss_icp_odometry,,,,,,,,,,,,,,,,,,,,,,,,,,,184691,,,,,,,,,,,,,,,,,,
optimized_backend,,,,,,,,,,,,,,,,,,,,,,,,,,,,,,,,,,,,,,,,,113,170,58,,,,pose_graph,True
front_end,,True,kiss_icp_odometry,,,,,,,,,,,,,,,,,,,,,,,,,,,184720,,,,,,,,,,,,,,,,,,
front_end,,True,kiss_icp_odometry,,,,,,,,,,,,,,,,,,,,,,,,,,,184726,,,,,,,,,,,,,,,,,,
front_end,,True,kiss_icp_odometry,,,,,,,,,,,,,,,,,,,,,,,,,,,184777,,,,,,,,,,,,,,,,,,
front_end,,True,kiss_icp_odometry,,,,,,,,,,,,,,,,,,,,,,,,,,,184782,,,,,,,,,,,,,,,,,,
front_end,,True,kiss_icp_odometry,,,,,,,,,,,,,,,,,,,,,,,,,,,184804,,,,,,,,,,,,,,,,,,
front_end,,True,kiss_icp_odometry,,,,,,,,,,,,,,,,,,,,,,,,,,,184808,,,,,,,,,,,,,,,,,,
optimized_backend,,,,,,,,,,,,,,,,,,,,,,,,,,,,,,,,,,,,,,,,,114,172,59,,,,pose_graph,True
front_end,,True,kiss_icp_odometry,,,,,,,,,,,,,,,,,,,,,,,,,,,184812,,,,,,,,,,,,,,,,,,
front_end,,True,kiss_icp_odometry,,,,,,,,,,,,,,,,,,,,,,,,,,,184819,,,,,,,,,,,,,,,,,,
front_end,,True,kiss_icp_odometry,,,,,,,,,,,,,,,,,,,,,,,,,,,184824,,,,,,,,,,,,,,,,,,
front_end,,True,kiss_icp_odometry,,,,,,,,,,,,,,,,,,,,,,,,,,,184833,,,,,,,,,,,,,,,,,,
front_end,,True,kiss_icp_odometry,,,,,,,,,,,,,,,,,,,,,,,,,,,184845,,,,,,,,,,,,,,,,,,
front_end,,True,kiss_icp_odometry,,,,,,,,,,,,,,,,,,,,,,,,,,,184865,,,,,,,,,,,,,,,,,,
front_end,,True,kiss_icp_odometry,,,,,,,,,,,,,,,,,,,,,,,,,,,184893,,,,,,,,,,,,,,,,,,
optimized_backend,,,,,,,,,,,,,,,,,,,,,,,,,,,,,,,,,,,,,,,,,115,174,60,,,,pose_graph,True
front_end,,True,kiss_icp_odometry,,,,,,,,,,,,,,,,,,,,,,,,,,,184914,,,,,,,,,,,,,,,,,,
front_end,,True,kiss_icp_odometry,,,,,,,,,,,,,,,,,,,,,,,,,,,184935,,,,,,,,,,,,,,,,,,
front_end,,True,kiss_icp_odometry,,,,,,,,,,,,,,,,,,,,,,,,,,,184949,,,,,,,,,,,,,,,,,,
front_end,,True,kiss_icp_odometry,,,,,,,,,,,,,,,,,,,,,,,,,,,184958,,,,,,,,,,,,,,,,,,
front_end,,True,kiss_icp_odometry,,,,,,,,,,,,,,,,,,,,,,,,,,,184969,,,,,,,,,,,,,,,,,,
front_end,,True,kiss_icp_odometry,,,,,,,,,,,,,,,,,,,,,,,,,,,184974,,,,,,,,,,,,,,,,,,
front_end,,True,kiss_icp_odometry,,,,,,,,,,,,,,,,,,,,,,,,,,,184975,,,,,,,,,,,,,,,,,,
front_end,,True,kiss_icp_odometry,,,,,,,,,,,,,,,,,,,,,,,,,,,184981,,,,,,,,,,,,,,,,,,
front_end,,True,kiss_icp_odometry,,,,,,,,,,,,,,,,,,,,,,,,,,,184987,,,,,,,,,,,,,,,,,,
optimized_backend,,,,,,,,,,,,,,,,,,,,,,,,,,,,,,,,,,,,,,,,,116,176,61,,,,pose_graph,True
front_end,,True,kiss_icp_odometry,,,,,,,,,,,,,,,,,,,,,,,,,,,184994,,,,,,,,,,,,,,,,,,
front_end,,True,kiss_icp_odometry,,,,,,,,,,,,,,,,,,,,,,,,,,,185000,,,,,,,,,,,,,,,,,,
front_end,,True,kiss_icp_odometry,,,,,,,,,,,,,,,,,,,,,,,,,,,185003,,,,,,,,,,,,,,,,,,
front_end,,True,kiss_icp_odometry,,,,,,,,,,,,,,,,,,,,,,,,,,,185007,,,,,,,,,,,,,,,,,,
front_end,,True,kiss_icp_odometry,,,,,,,,,,,,,,,,,,,,,,,,,,,185014,,,,,,,,,,,,,,,,,,
optimized_backend,,,,,,,,,,,,,,,,,,,,,,,,,,,,,,,,,,,,,,,,,117,178,62,,,,pose_graph,True
front_end,,True,kiss_icp_odometry,,,,,,,,,,,,,,,,,,,,,,,,,,,185035,,,,,,,,,,,,,,,,,,
front_end,,True,kiss_icp_odometry,,,,,,,,,,,,,,,,,,,,,,,,,,,185050,,,,,,,,,,,,,,,,,,
front_end,,True,kiss_icp_odometry,,,,,,,,,,,,,,,,,,,,,,,,,,,185056,,,,,,,,,,,,,,,,,,
front_end,,True,kiss_icp_odometry,,,,,,,,,,,,,,,,,,,,,,,,,,,185066,,,,,,,,,,,,,,,,,,
front_end,,True,kiss_icp_odometry,,,,,,,,,,,,,,,,,,,,,,,,,,,185070,,,,,,,,,,,,,,,,,,
optimized_backend,,,,,,,,,,,,,,,,,,,,,,,,,,,,,,,,,,,,,,,,,118,180,63,,,,pose_graph,True
front_end,,True,kiss_icp_odometry,,,,,,,,,,,,,,,,,,,,,,,,,,,185071,,,,,,,,,,,,,,,,,,
front_end,,True,kiss_icp_odometry,,,,,,,,,,,,,,,,,,,,,,,,,,,185072,,,,,,,,,,,,,,,,,,
front_end,,True,kiss_icp_odometry,,,,,,,,,,,,,,,,,,,,,,,,,,,185075,,,,,,,,,,,,,,,,,,
front_end,,True,kiss_icp_odometry,,,,,,,,,,,,,,,,,,,,,,,,,,,185078,,,,,,,,,,,,,,,,,,
front_end,,True,kiss_icp_odometry,,,,,,,,,,,,,,,,,,,,,,,,,,,185083,,,,,,,,,,,,,,,,,,
front_end,,True,kiss_icp_odometry,,,,,,,,,,,,,,,,,,,,,,,,,,,185089,,,,,,,,,,,,,,,,,,
front_end,,True,kiss_icp_odometry,,,,,,,,,,,,,,,,,,,,,,,,,,,185092,,,,,,,,,,,,,,,,,,
front_end,,True,kiss_icp_odometry,,,,,,,,,,,,,,,,,,,,,,,,,,,185105,,,,,,,,,,,,,,,,,,
front_end,,True,kiss_icp_odometry,,,,,,,,,,,,,,,,,,,,,,,,,,,185110,,,,,,,,,,,,,,,,,,
front_end,,True,kiss_icp_odometry,,,,,,,,,,,,,,,,,,,,,,,,,,,185117,,,,,,,,,,,,,,,,,,
front_end,,True,kiss_icp_odometry,,,,,,,,,,,,,,,,,,,,,,,,,,,185120,,,,,,,,,,,,,,,,,,
front_end,,True,kiss_icp_odometry,,,,,,,,,,,,,,,,,,,,,,,,,,,185121,,,,,,,,,,,,,,,,,,
front_end,,True,kiss_icp_odometry,,,,,,,,,,,,,,,,,,,,,,,,,,,185123,,,,,,,,,,,,,,,,,,
front_end,,True,kiss_icp_odometry,,,,,,,,,,,,,,,,,,,,,,,,,,,185127,,,,,,,,,,,,,,,,,,
front_end,,True,kiss_icp_odometry,,,,,,,,,,,,,,,,,,,,,,,,,,,185129,,,,,,,,,,,,,,,,,,
front_end,,True,kiss_icp_odometry,,,,,,,,,,,,,,,,,,,,,,,,,,,185133,,,,,,,,,,,,,,,,,,
front_end,,True,kiss_icp_odometry,,,,,,,,,,,,,,,,,,,,,,,,,,,185133,,,,,,,,,,,,,,,,,,
front_end,,True,kiss_icp_odometry,,,,,,,,,,,,,,,,,,,,,,,,,,,185138,,,,,,,,,,,,,,,,,,
front_end,,True,kiss_icp_odometry,,,,,,,,,,,,,,,,,,,,,,,,,,,185144,,,,,,,,,,,,,,,,,,
front_end,,True,kiss_icp_odometry,,,,,,,,,,,,,,,,,,,,,,,,,,,185146,,,,,,,,,,,,,,,,,,
front_end,,True,kiss_icp_odometry,,,,,,,,,,,,,,,,,,,,,,,,,,,185148,,,,,,,,,,,,,,,,,,
front_end,,True,kiss_icp_odometry,,,,,,,,,,,,,,,,,,,,,,,,,,,185151,,,,,,,,,,,,,,,,,,
front_end,,True,kiss_icp_odometry,,,,,,,,,,,,,,,,,,,,,,,,,,,185152,,,,,,,,,,,,,,,,,,
front_end,,True,kiss_icp_odometry,,,,,,,,,,,,,,,,,,,,,,,,,,,185156,,,,,,,,,,,,,,,,,,
front_end,,True,kiss_icp_odometry,,,,,,,,,,,,,,,,,,,,,,,,,,,185157,,,,,,,,,,,,,,,,,,
optimized_backend,,,,,,,,,,,,,,,,,,,,,,,,,,,,,,,,,,,,,,,,,119,182,64,,,,pose_graph,True
front_end,,True,kiss_icp_odometry,,,,,,,,,,,,,,,,,,,,,,,,,,,185160,,,,,,,,,,,,,,,,,,
front_end,,True,kiss_icp_odometry,,,,,,,,,,,,,,,,,,,,,,,,,,,185163,,,,,,,,,,,,,,,,,,
front_end,,True,kiss_icp_odometry,,,,,,,,,,,,,,,,,,,,,,,,,,,185167,,,,,,,,,,,,,,,,,,
front_end,,True,kiss_icp_odometry,,,,,,,,,,,,,,,,,,,,,,,,,,,185171,,,,,,,,,,,,,,,,,,
front_end,,True,kiss_icp_odometry,,,,,,,,,,,,,,,,,,,,,,,,,,,185174,,,,,,,,,,,,,,,,,,
front_end,,True,kiss_icp_odometry,,,,,,,,,,,,,,,,,,,,,,,,,,,185175,,,,,,,,,,,,,,,,,,
front_end,,True,kiss_icp_odometry,,,,,,,,,,,,,,,,,,,,,,,,,,,185176,,,,,,,,,,,,,,,,,,
front_end,,True,kiss_icp_odometry,,,,,,,,,,,,,,,,,,,,,,,,,,,185179,,,,,,,,,,,,,,,,,,
front_end,,True,kiss_icp_odometry,,,,,,,,,,,,,,,,,,,,,,,,,,,185181,,,,,,,,,,,,,,,,,,
front_end,,True,kiss_icp_odometry,,,,,,,,,,,,,,,,,,,,,,,,,,,185184,,,,,,,,,,,,,,,,,,
front_end,,True,kiss_icp_odometry,,,,,,,,,,,,,,,,,,,,,,,,,,,185188,,,,,,,,,,,,,,,,,,
front_end,,True,kiss_icp_odometry,,,,,,,,,,,,,,,,,,,,,,,,,,,185190,,,,,,,,,,,,,,,,,,
front_end,,True,kiss_icp_odometry,,,,,,,,,,,,,,,,,,,,,,,,,,,185193,,,,,,,,,,,,,,,,,,
front_end,,True,kiss_icp_odometry,,,,,,,,,,,,,,,,,,,,,,,,,,,185196,,,,,,,,,,,,,,,,,,
front_end,,True,kiss_icp_odometry,,,,,,,,,,,,,,,,,,,,,,,,,,,185198,,,,,,,,,,,,,,,,,,
front_end,,True,kiss_icp_odometry,,,,,,,,,,,,,,,,,,,,,,,,,,,185201,,,,,,,,,,,,,,,,,,
front_end,,True,kiss_icp_odometry,,,,,,,,,,,,,,,,,,,,,,,,,,,185202,,,,,,,,,,,,,,,,,,
front_end,,True,kiss_icp_odometry,,,,,,,,,,,,,,,,,,,,,,,,,,,185202,,,,,,,,,,,,,,,,,,
optimized_backend,,,,,,,,,,,,,,,,,,,,,,,,,,,,,,,,,,,,,,,,,120,184,65,,,,pose_graph,True
front_end,,True,kiss_icp_odometry,,,,,,,,,,,,,,,,,,,,,,,,,,,185207,,,,,,,,,,,,,,,,,,
front_end,,True,kiss_icp_odometry,,,,,,,,,,,,,,,,,,,,,,,,,,,185211,,,,,,,,,,,,,,,,,,
front_end,,True,kiss_icp_odometry,,,,,,,,,,,,,,,,,,,,,,,,,,,185212,,,,,,,,,,,,,,,,,,
front_end,,True,kiss_icp_odometry,,,,,,,,,,,,,,,,,,,,,,,,,,,185216,,,,,,,,,,,,,,,,,,
front_end,,True,kiss_icp_odometry,,,,,,,,,,,,,,,,,,,,,,,,,,,185217,,,,,,,,,,,,,,,,,,
front_end,,True,kiss_icp_odometry,,,,,,,,,,,,,,,,,,,,,,,,,,,185224,,,,,,,,,,,,,,,,,,
front_end,,True,kiss_icp_odometry,,,,,,,,,,,,,,,,,,,,,,,,,,,185231,,,,,,,,,,,,,,,,,,
front_end,,True,kiss_icp_odometry,,,,,,,,,,,,,,,,,,,,,,,,,,,185235,,,,,,,,,,,,,,,,,,
front_end,,True,kiss_icp_odometry,,,,,,,,,,,,,,,,,,,,,,,,,,,185239,,,,,,,,,,,,,,,,,,
front_end,,True,kiss_icp_odometry,,,,,,,,,,,,,,,,,,,,,,,,,,,185243,,,,,,,,,,,,,,,,,,
front_end,,True,kiss_icp_odometry,,,,,,,,,,,,,,,,,,,,,,,,,,,185246,,,,,,,,,,,,,,,,,,
front_end,,True,kiss_icp_odometry,,,,,,,,,,,,,,,,,,,,,,,,,,,185247,,,,,,,,,,,,,,,,,,
front_end,,True,kiss_icp_odometry,,,,,,,,,,,,,,,,,,,,,,,,,,,185256,,,,,,,,,,,,,,,,,,
front_end,,True,kiss_icp_odometry,,,,,,,,,,,,,,,,,,,,,,,,,,,185258,,,,,,,,,,,,,,,,,,
front_end,,True,kiss_icp_odometry,,,,,,,,,,,,,,,,,,,,,,,,,,,185264,,,,,,,,,,,,,,,,,,
front_end,,True,kiss_icp_odometry,,,,,,,,,,,,,,,,,,,,,,,,,,,185269,,,,,,,,,,,,,,,,,,
front_end,,True,kiss_icp_odometry,,,,,,,,,,,,,,,,,,,,,,,,,,,185274,,,,,,,,,,,,,,,,,,
front_end,,True,kiss_icp_odometry,,,,,,,,,,,,,,,,,,,,,,,,,,,185281,,,,,,,,,,,,,,,,,,
front_end,,True,kiss_icp_odometry,,,,,,,,,,,,,,,,,,,,,,,,,,,185284,,,,,,,,,,,,,,,,,,
front_end,,True,kiss_icp_odometry,,,,,,,,,,,,,,,,,,,,,,,,,,,185288,,,,,,,,,,,,,,,,,,
front_end,,True,kiss_icp_odometry,,,,,,,,,,,,,,,,,,,,,,,,,,,185292,,,,,,,,,,,,,,,,,,
front_end,,True,kiss_icp_odometry,,,,,,,,,,,,,,,,,,,,,,,,,,,185298,,,,,,,,,,,,,,,,,,
front_end,,True,kiss_icp_odometry,,,,,,,,,,,,,,,,,,,,,,,,,,,185302,,,,,,,,,,,,,,,,,,
front_end,,True,kiss_icp_odometry,,,,,,,,,,,,,,,,,,,,,,,,,,,185311,,,,,,,,,,,,,,,,,,
front_end,,True,kiss_icp_odometry,,,,,,,,,,,,,,,,,,,,,,,,,,,185317,,,,,,,,,,,,,,,,,,
front_end,,True,kiss_icp_odometry,,,,,,,,,,,,,,,,,,,,,,,,,,,185318,,,,,,,,,,,,,,,,,,
front_end,,True,kiss_icp_odometry,,,,,,,,,,,,,,,,,,,,,,,,,,,185340,,,,,,,,,,,,,,,,,,
front_end,,True,kiss_icp_odometry,,,,,,,,,,,,,,,,,,,,,,,,,,,185344,,,,,,,,,,,,,,,,,,
front_end,,True,kiss_icp_odometry,,,,,,,,,,,,,,,,,,,,,,,,,,,185350,,,,,,,,,,,,,,,,,,
front_end,,True,kiss_icp_odometry,,,,,,,,,,,,,,,,,,,,,,,,,,,185354,,,,,,,,,,,,,,,,,,
front_end,,True,kiss_icp_odometry,,,,,,,,,,,,,,,,,,,,,,,,,,,185357,,,,,,,,,,,,,,,,,,
front_end,,True,kiss_icp_odometry,,,,,,,,,,,,,,,,,,,,,,,,,,,185368,,,,,,,,,,,,,,,,,,
front_end,,True,kiss_icp_odometry,,,,,,,,,,,,,,,,,,,,,,,,,,,185372,,,,,,,,,,,,,,,,,,
front_end,,True,kiss_icp_odometry,,,,,,,,,,,,,,,,,,,,,,,,,,,185374,,,,,,,,,,,,,,,,,,
front_end,,True,kiss_icp_odometry,,,,,,,,,,,,,,,,,,,,,,,,,,,185374,,,,,,,,,,,,,,,,,,
front_end,,True,kiss_icp_odometry,,,,,,,,,,,,,,,,,,,,,,,,,,,185374,,,,,,,,,,,,,,,,,,
front_end,,True,kiss_icp_odometry,,,,,,,,,,,,,,,,,,,,,,,,,,,185375,,,,,,,,,,,,,,,,,,
front_end,,True,kiss_icp_odometry,,,,,,,,,,,,,,,,,,,,,,,,,,,185382,,,,,,,,,,,,,,,,,,
front_end,,True,kiss_icp_odometry,,,,,,,,,,,,,,,,,,,,,,,,,,,185390,,,,,,,,,,,,,,,,,,
front_end,,True,kiss_icp_odometry,,,,,,,,,,,,,,,,,,,,,,,,,,,185400,,,,,,,,,,,,,,,,,,
front_end,,True,kiss_icp_odometry,,,,,,,,,,,,,,,,,,,,,,,,,,,185411,,,,,,,,,,,,,,,,,,
front_end,,True,kiss_icp_odometry,,,,,,,,,,,,,,,,,,,,,,,,,,,185462,,,,,,,,,,,,,,,,,,
front_end,,True,kiss_icp_odometry,,,,,,,,,,,,,,,,,,,,,,,,,,,185524,,,,,,,,,,,,,,,,,,
front_end,,True,kiss_icp_odometry,,,,,,,,,,,,,,,,,,,,,,,,,,,185593,,,,,,,,,,,,,,,,,,
front_end,,True,kiss_icp_odometry,,,,,,,,,,,,,,,,,,,,,,,,,,,185661,,,,,,,,,,,,,,,,,,
front_end,,True,kiss_icp_odometry,,,,,,,,,,,,,,,,,,,,,,,,,,,185675,,,,,,,,,,,,,,,,,,
front_end,,True,kiss_icp_odometry,,,,,,,,,,,,,,,,,,,,,,,,,,,185700,,,,,,,,,,,,,,,,,,
front_end,,True,kiss_icp_odometry,,,,,,,,,,,,,,,,,,,,,,,,,,,185816,,,,,,,,,,,,,,,,,,
front_end,,True,kiss_icp_odometry,,,,,,,,,,,,,,,,,,,,,,,,,,,185825,,,,,,,,,,,,,,,,,,
front_end,,True,kiss_icp_odometry,,,,,,,,,,,,,,,,,,,,,,,,,,,185861,,,,,,,,,,,,,,,,,,
front_end,,True,kiss_icp_odometry,,,,,,,,,,,,,,,,,,,,,,,,,,,185943,,,,,,,,,,,,,,,,,,
front_end,,True,kiss_icp_odometry,,,,,,,,,,,,,,,,,,,,,,,,,,,185954,,,,,,,,,,,,,,,,,,
front_end,,True,kiss_icp_odometry,,,,,,,,,,,,,,,,,,,,,,,,,,,185977,,,,,,,,,,,,,,,,,,
front_end,,True,kiss_icp_odometry,,,,,,,,,,,,,,,,,,,,,,,,,,,186016,,,,,,,,,,,,,,,,,,
front_end,,True,kiss_icp_odometry,,,,,,,,,,,,,,,,,,,,,,,,,,,186024,,,,,,,,,,,,,,,,,,
front_end,,True,kiss_icp_odometry,,,,,,,,,,,,,,,,,,,,,,,,,,,186026,,,,,,,,,,,,,,,,,,
front_end,,True,kiss_icp_odometry,,,,,,,,,,,,,,,,,,,,,,,,,,,186037,,,,,,,,,,,,,,,,,,
front_end,,True,kiss_icp_odometry,,,,,,,,,,,,,,,,,,,,,,,,,,,186046,,,,,,,,,,,,,,,,,,
front_end,,True,kiss_icp_odometry,,,,,,,,,,,,,,,,,,,,,,,,,,,186054,,,,,,,,,,,,,,,,,,
front_end,,True,kiss_icp_odometry,,,,,,,,,,,,,,,,,,,,,,,,,,,186057,,,,,,,,,,,,,,,,,,
front_end,,True,kiss_icp_odometry,,,,,,,,,,,,,,,,,,,,,,,,,,,186063,,,,,,,,,,,,,,,,,,
front_end,,True,kiss_icp_odometry,,,,,,,,,,,,,,,,,,,,,,,,,,,186065,,,,,,,,,,,,,,,,,,
optimized_backend,,,,,,,,,,,,,,,,,,,,,,,,,,,,,,,,,,,,,,,,,121,186,66,,,,pose_graph,True
front_end,,True,kiss_icp_odometry,,,,,,,,,,,,,,,,,,,,,,,,,,,186072,,,,,,,,,,,,,,,,,,
front_end,,True,kiss_icp_odometry,,,,,,,,,,,,,,,,,,,,,,,,,,,186077,,,,,,,,,,,,,,,,,,
front_end,,True,kiss_icp_odometry,,,,,,,,,,,,,,,,,,,,,,,,,,,186079,,,,,,,,,,,,,,,,,,
front_end,,True,kiss_icp_odometry,,,,,,,,,,,,,,,,,,,,,,,,,,,186084,,,,,,,,,,,,,,,,,,
front_end,,True,kiss_icp_odometry,,,,,,,,,,,,,,,,,,,,,,,,,,,186091,,,,,,,,,,,,,,,,,,
front_end,,True,kiss_icp_odometry,,,,,,,,,,,,,,,,,,,,,,,,,,,186096,,,,,,,,,,,,,,,,,,
front_end,,True,kiss_icp_odometry,,,,,,,,,,,,,,,,,,,,,,,,,,,186105,,,,,,,,,,,,,,,,,,
front_end,,True,kiss_icp_odometry,,,,,,,,,,,,,,,,,,,,,,,,,,,186114,,,,,,,,,,,,,,,,,,
front_end,,True,kiss_icp_odometry,,,,,,,,,,,,,,,,,,,,,,,,,,,186119,,,,,,,,,,,,,,,,,,
front_end,,True,kiss_icp_odometry,,,,,,,,,,,,,,,,,,,,,,,,,,,186129,,,,,,,,,,,,,,,,,,
front_end,,True,kiss_icp_odometry,,,,,,,,,,,,,,,,,,,,,,,,,,,186152,,,,,,,,,,,,,,,,,,
front_end,,True,kiss_icp_odometry,,,,,,,,,,,,,,,,,,,,,,,,,,,186176,,,,,,,,,,,,,,,,,,
front_end,,True,kiss_icp_odometry,,,,,,,,,,,,,,,,,,,,,,,,,,,186190,,,,,,,,,,,,,,,,,,
front_end,,True,kiss_icp_odometry,,,,,,,,,,,,,,,,,,,,,,,,,,,186200,,,,,,,,,,,,,,,,,,
front_end,,True,kiss_icp_odometry,,,,,,,,,,,,,,,,,,,,,,,,,,,186203,,,,,,,,,,,,,,,,,,
optimized_backend,,,,,,,,,,,,,,,,,,,,,,,,,,,,,,,,,,,,,,,,,122,188,67,,,,pose_graph,True
front_end,,True,kiss_icp_odometry,,,,,,,,,,,,,,,,,,,,,,,,,,,186215,,,,,,,,,,,,,,,,,,
front_end,,True,kiss_icp_odometry,,,,,,,,,,,,,,,,,,,,,,,,,,,186232,,,,,,,,,,,,,,,,,,
front_end,,True,kiss_icp_odometry,,,,,,,,,,,,,,,,,,,,,,,,,,,186251,,,,,,,,,,,,,,,,,,
front_end,,True,kiss_icp_odometry,,,,,,,,,,,,,,,,,,,,,,,,,,,186258,,,,,,,,,,,,,,,,,,
front_end,,True,kiss_icp_odometry,,,,,,,,,,,,,,,,,,,,,,,,,,,186269,,,,,,,,,,,,,,,,,,
front_end,,True,kiss_icp_odometry,,,,,,,,,,,,,,,,,,,,,,,,,,,186276,,,,,,,,,,,,,,,,,,
front_end,,True,kiss_icp_odometry,,,,,,,,,,,,,,,,,,,,,,,,,,,186289,,,,,,,,,,,,,,,,,,
front_end,,True,kiss_icp_odometry,,,,,,,,,,,,,,,,,,,,,,,,,,,186295,,,,,,,,,,,,,,,,,,
front_end,,True,kiss_icp_odometry,,,,,,,,,,,,,,,,,,,,,,,,,,,186307,,,,,,,,,,,,,,,,,,
front_end,,True,kiss_icp_odometry,,,,,,,,,,,,,,,,,,,,,,,,,,,186314,,,,,,,,,,,,,,,,,,
front_end,,True,kiss_icp_odometry,,,,,,,,,,,,,,,,,,,,,,,,,,,186332,,,,,,,,,,,,,,,,,,
optimized_backend,,,,,,,,,,,,,,,,,,,,,,,,,,,,,,,,,,,,,,,,,123,190,68,,,,pose_graph,True
front_end,,True,kiss_icp_odometry,,,,,,,,,,,,,,,,,,,,,,,,,,,186362,,,,,,,,,,,,,,,,,,
front_end,,True,kiss_icp_odometry,,,,,,,,,,,,,,,,,,,,,,,,,,,186381,,,,,,,,,,,,,,,,,,
front_end,,True,kiss_icp_odometry,,,,,,,,,,,,,,,,,,,,,,,,,,,186391,,,,,,,,,,,,,,,,,,
front_end,,True,kiss_icp_odometry,,,,,,,,,,,,,,,,,,,,,,,,,,,186404,,,,,,,,,,,,,,,,,,
front_end,,True,kiss_icp_odometry,,,,,,,,,,,,,,,,,,,,,,,,,,,186417,,,,,,,,,,,,,,,,,,
front_end,,True,kiss_icp_odometry,,,,,,,,,,,,,,,,,,,,,,,,,,,186431,,,,,,,,,,,,,,,,,,
front_end,,True,kiss_icp_odometry,,,,,,,,,,,,,,,,,,,,,,,,,,,186445,,,,,,,,,,,,,,,,,,
front_end,,True,kiss_icp_odometry,,,,,,,,,,,,,,,,,,,,,,,,,,,186451,,,,,,,,,,,,,,,,,,
front_end,,True,kiss_icp_odometry,,,,,,,,,,,,,,,,,,,,,,,,,,,186472,,,,,,,,,,,,,,,,,,
front_end,,True,kiss_icp_odometry,,,,,,,,,,,,,,,,,,,,,,,,,,,186502,,,,,,,,,,,,,,,,,,
optimized_backend,,,,,,,,,,,,,,,,,,,,,,,,,,,,,,,,,,,,,,,,,124,192,69,,,,pose_graph,True
front_end,,True,kiss_icp_odometry,,,,,,,,,,,,,,,,,,,,,,,,,,,186527,,,,,,,,,,,,,,,,,,
front_end,,True,kiss_icp_odometry,,,,,,,,,,,,,,,,,,,,,,,,,,,186550,,,,,,,,,,,,,,,,,,
front_end,,True,kiss_icp_odometry,,,,,,,,,,,,,,,,,,,,,,,,,,,186567,,,,,,,,,,,,,,,,,,
front_end,,True,kiss_icp_odometry,,,,,,,,,,,,,,,,,,,,,,,,,,,186579,,,,,,,,,,,,,,,,,,
front_end,,True,kiss_icp_odometry,,,,,,,,,,,,,,,,,,,,,,,,,,,186593,,,,,,,,,,,,,,,,,,
front_end,,True,kiss_icp_odometry,,,,,,,,,,,,,,,,,,,,,,,,,,,186623,,,,,,,,,,,,,,,,,,
front_end,,True,kiss_icp_odometry,,,,,,,,,,,,,,,,,,,,,,,,,,,186645,,,,,,,,,,,,,,,,,,
front_end,,True,kiss_icp_odometry,,,,,,,,,,,,,,,,,,,,,,,,,,,186679,,,,,,,,,,,,,,,,,,
front_end,,True,kiss_icp_odometry,,,,,,,,,,,,,,,,,,,,,,,,,,,186709,,,,,,,,,,,,,,,,,,
front_end,,True,kiss_icp_odometry,,,,,,,,,,,,,,,,,,,,,,,,,,,186804,,,,,,,,,,,,,,,,,,
optimized_backend,,,,,,,,,,,,,,,,,,,,,,,,,,,,,,,,,,,,,,,,,125,194,70,,,,pose_graph,True
front_end,,True,kiss_icp_odometry,,,,,,,,,,,,,,,,,,,,,,,,,,,186883,,,,,,,,,,,,,,,,,,
front_end,,True,kiss_icp_odometry,,,,,,,,,,,,,,,,,,,,,,,,,,,186933,,,,,,,,,,,,,,,,,,
front_end,,True,kiss_icp_odometry,,,,,,,,,,,,,,,,,,,,,,,,,,,186970,,,,,,,,,,,,,,,,,,
front_end,,True,kiss_icp_odometry,,,,,,,,,,,,,,,,,,,,,,,,,,,187013,,,,,,,,,,,,,,,,,,
front_end,,True,kiss_icp_odometry,,,,,,,,,,,,,,,,,,,,,,,,,,,187064,,,,,,,,,,,,,,,,,,
front_end,,True,kiss_icp_odometry,,,,,,,,,,,,,,,,,,,,,,,,,,,187172,,,,,,,,,,,,,,,,,,
front_end,,True,kiss_icp_odometry,,,,,,,,,,,,,,,,,,,,,,,,,,,187229,,,,,,,,,,,,,,,,,,
front_end,,True,kiss_icp_odometry,,,,,,,,,,,,,,,,,,,,,,,,,,,187365,,,,,,,,,,,,,,,,,,
front_end,,True,kiss_icp_odometry,,,,,,,,,,,,,,,,,,,,,,,,,,,187494,,,,,,,,,,,,,,,,,,
front_end,,True,kiss_icp_odometry,,,,,,,,,,,,,,,,,,,,,,,,,,,187587,,,,,,,,,,,,,,,,,,
front_end,,True,kiss_icp_odometry,,,,,,,,,,,,,,,,,,,,,,,,,,,187653,,,,,,,,,,,,,,,,,,
front_end,,True,kiss_icp_odometry,,,,,,,,,,,,,,,,,,,,,,,,,,,187731,,,,,,,,,,,,,,,,,,
optimized_backend,,,,,,,,,,,,,,,,,,,,,,,,,,,,,,,,,,,,,,,,,126,196,71,,,,pose_graph,True
front_end,,True,kiss_icp_odometry,,,,,,,,,,,,,,,,,,,,,,,,,,,187795,,,,,,,,,,,,,,,,,,
front_end,,True,kiss_icp_odometry,,,,,,,,,,,,,,,,,,,,,,,,,,,187833,,,,,,,,,,,,,,,,,,
front_end,,True,kiss_icp_odometry,,,,,,,,,,,,,,,,,,,,,,,,,,,187874,,,,,,,,,,,,,,,,,,
front_end,,True,kiss_icp_odometry,,,,,,,,,,,,,,,,,,,,,,,,,,,187919,,,,,,,,,,,,,,,,,,
front_end,,True,kiss_icp_odometry,,,,,,,,,,,,,,,,,,,,,,,,,,,187957,,,,,,,,,,,,,,,,,,
front_end,,True,kiss_icp_odometry,,,,,,,,,,,,,,,,,,,,,,,,,,,188004,,,,,,,,,,,,,,,,,,
front_end,,True,kiss_icp_odometry,,,,,,,,,,,,,,,,,,,,,,,,,,,188071,,,,,,,,,,,,,,,,,,
front_end,,True,kiss_icp_odometry,,,,,,,,,,,,,,,,,,,,,,,,,,,188130,,,,,,,,,,,,,,,,,,
front_end,,True,kiss_icp_odometry,,,,,,,,,,,,,,,,,,,,,,,,,,,188161,,,,,,,,,,,,,,,,,,
front_end,,True,kiss_icp_odometry,,,,,,,,,,,,,,,,,,,,,,,,,,,188195,,,,,,,,,,,,,,,,,,
front_end,,True,kiss_icp_odometry,,,,,,,,,,,,,,,,,,,,,,,,,,,188229,,,,,,,,,,,,,,,,,,
front_end,,True,kiss_icp_odometry,,,,,,,,,,,,,,,,,,,,,,,,,,,188254,,,,,,,,,,,,,,,,,,
optimized_backend,,,,,,,,,,,,,,,,,,,,,,,,,,,,,,,,,,,,,,,,,127,198,72,,,,pose_graph,True
front_end,,True,kiss_icp_odometry,,,,,,,,,,,,,,,,,,,,,,,,,,,188286,,,,,,,,,,,,,,,,,,
front_end,,True,kiss_icp_odometry,,,,,,,,,,,,,,,,,,,,,,,,,,,188468,,,,,,,,,,,,,,,,,,
front_end,,True,kiss_icp_odometry,,,,,,,,,,,,,,,,,,,,,,,,,,,188510,,,,,,,,,,,,,,,,,,
front_end,,True,kiss_icp_odometry,,,,,,,,,,,,,,,,,,,,,,,,,,,188556,,,,,,,,,,,,,,,,,,
front_end,,True,kiss_icp_odometry,,,,,,,,,,,,,,,,,,,,,,,,,,,188651,,,,,,,,,,,,,,,,,,
front_end,,True,kiss_icp_odometry,,,,,,,,,,,,,,,,,,,,,,,,,,,188687,,,,,,,,,,,,,,,,,,
front_end,,True,kiss_icp_odometry,,,,,,,,,,,,,,,,,,,,,,,,,,,188716,,,,,,,,,,,,,,,,,,
front_end,,True,kiss_icp_odometry,,,,,,,,,,,,,,,,,,,,,,,,,,,188731,,,,,,,,,,,,,,,,,,
front_end,,True,kiss_icp_odometry,,,,,,,,,,,,,,,,,,,,,,,,,,,188750,,,,,,,,,,,,,,,,,,
front_end,,True,kiss_icp_odometry,,,,,,,,,,,,,,,,,,,,,,,,,,,188816,,,,,,,,,,,,,,,,,,
front_end,,True,kiss_icp_odometry,,,,,,,,,,,,,,,,,,,,,,,,,,,188865,,,,,,,,,,,,,,,,,,
front_end,,True,kiss_icp_odometry,,,,,,,,,,,,,,,,,,,,,,,,,,,188901,,,,,,,,,,,,,,,,,,
front_end,,True,kiss_icp_odometry,,,,,,,,,,,,,,,,,,,,,,,,,,,188919,,,,,,,,,,,,,,,,,,
front_end,,True,kiss_icp_odometry,,,,,,,,,,,,,,,,,,,,,,,,,,,188955,,,,,,,,,,,,,,,,,,
front_end,,True,kiss_icp_odometry,,,,,,,,,,,,,,,,,,,,,,,,,,,188974,,,,,,,,,,,,,,,,,,
front_end,,True,kiss_icp_odometry,,,,,,,,,,,,,,,,,,,,,,,,,,,188988,,,,,,,,,,,,,,,,,,
front_end,,True,kiss_icp_odometry,,,,,,,,,,,,,,,,,,,,,,,,,,,189017,,,,,,,,,,,,,,,,,,
front_end,,True,kiss_icp_odometry,,,,,,,,,,,,,,,,,,,,,,,,,,,189048,,,,,,,,,,,,,,,,,,
front_end,,True,kiss_icp_odometry,,,,,,,,,,,,,,,,,,,,,,,,,,,189104,,,,,,,,,,,,,,,,,,
optimized_backend,,,,,,,,,,,,,,,,,,,,,,,,,,,,,,,,,,,,,,,,,128,200,73,,,,pose_graph,True
front_end,,True,kiss_icp_odometry,,,,,,,,,,,,,,,,,,,,,,,,,,,189131,,,,,,,,,,,,,,,,,,
front_end,,True,kiss_icp_odometry,,,,,,,,,,,,,,,,,,,,,,,,,,,189146,,,,,,,,,,,,,,,,,,
front_end,,True,kiss_icp_odometry,,,,,,,,,,,,,,,,,,,,,,,,,,,189161,,,,,,,,,,,,,,,,,,
front_end,,True,kiss_icp_odometry,,,,,,,,,,,,,,,,,,,,,,,,,,,189167,,,,,,,,,,,,,,,,,,
front_end,,True,kiss_icp_odometry,,,,,,,,,,,,,,,,,,,,,,,,,,,189195,,,,,,,,,,,,,,,,,,
front_end,,True,kiss_icp_odometry,,,,,,,,,,,,,,,,,,,,,,,,,,,189216,,,,,,,,,,,,,,,,,,
front_end,,True,kiss_icp_odometry,,,,,,,,,,,,,,,,,,,,,,,,,,,189239,,,,,,,,,,,,,,,,,,
front_end,,True,kiss_icp_odometry,,,,,,,,,,,,,,,,,,,,,,,,,,,189265,,,,,,,,,,,,,,,,,,
front_end,,True,kiss_icp_odometry,,,,,,,,,,,,,,,,,,,,,,,,,,,189281,,,,,,,,,,,,,,,,,,
optimized_backend,,,,,,,,,,,,,,,,,,,,,,,,,,,,,,,,,,,,,,,,,129,202,74,,,,pose_graph,True
front_end,,True,kiss_icp_odometry,,,,,,,,,,,,,,,,,,,,,,,,,,,189303,,,,,,,,,,,,,,,,,,
front_end,,True,kiss_icp_odometry,,,,,,,,,,,,,,,,,,,,,,,,,,,189328,,,,,,,,,,,,,,,,,,
front_end,,True,kiss_icp_odometry,,,,,,,,,,,,,,,,,,,,,,,,,,,189339,,,,,,,,,,,,,,,,,,
front_end,,True,kiss_icp_odometry,,,,,,,,,,,,,,,,,,,,,,,,,,,189345,,,,,,,,,,,,,,,,,,
front_end,,True,kiss_icp_odometry,,,,,,,,,,,,,,,,,,,,,,,,,,,189355,,,,,,,,,,,,,,,,,,
front_end,,True,kiss_icp_odometry,,,,,,,,,,,,,,,,,,,,,,,,,,,189367,,,,,,,,,,,,,,,,,,
front_end,,True,kiss_icp_odometry,,,,,,,,,,,,,,,,,,,,,,,,,,,189387,,,,,,,,,,,,,,,,,,
front_end,,True,kiss_icp_odometry,,,,,,,,,,,,,,,,,,,,,,,,,,,189408,,,,,,,,,,,,,,,,,,
front_end,,True,kiss_icp_odometry,,,,,,,,,,,,,,,,,,,,,,,,,,,189431,,,,,,,,,,,,,,,,,,
optimized_backend,,,,,,,,,,,,,,,,,,,,,,,,,,,,,,,,,,,,,,,,,130,204,75,,,,pose_graph,True
front_end,,True,kiss_icp_odometry,,,,,,,,,,,,,,,,,,,,,,,,,,,189439,,,,,,,,,,,,,,,,,,
front_end,,True,kiss_icp_odometry,,,,,,,,,,,,,,,,,,,,,,,,,,,189453,,,,,,,,,,,,,,,,,,
front_end,,True,kiss_icp_odometry,,,,,,,,,,,,,,,,,,,,,,,,,,,189457,,,,,,,,,,,,,,,,,,
front_end,,True,kiss_icp_odometry,,,,,,,,,,,,,,,,,,,,,,,,,,,189467,,,,,,,,,,,,,,,,,,
front_end,,True,kiss_icp_odometry,,,,,,,,,,,,,,,,,,,,,,,,,,,189478,,,,,,,,,,,,,,,,,,
front_end,,True,kiss_icp_odometry,,,,,,,,,,,,,,,,,,,,,,,,,,,189499,,,,,,,,,,,,,,,,,,
front_end,,True,kiss_icp_odometry,,,,,,,,,,,,,,,,,,,,,,,,,,,189577,,,,,,,,,,,,,,,,,,
front_end,,True,kiss_icp_odometry,,,,,,,,,,,,,,,,,,,,,,,,,,,189610,,,,,,,,,,,,,,,,,,
front_end,,True,kiss_icp_odometry,,,,,,,,,,,,,,,,,,,,,,,,,,,189643,,,,,,,,,,,,,,,,,,
optimized_backend,,,,,,,,,,,,,,,,,,,,,,,,,,,,,,,,,,,,,,,,,131,206,76,,,,pose_graph,True
front_end,,True,kiss_icp_odometry,,,,,,,,,,,,,,,,,,,,,,,,,,,189663,,,,,,,,,,,,,,,,,,
front_end,,True,kiss_icp_odometry,,,,,,,,,,,,,,,,,,,,,,,,,,,189679,,,,,,,,,,,,,,,,,,
front_end,,True,kiss_icp_odometry,,,,,,,,,,,,,,,,,,,,,,,,,,,189700,,,,,,,,,,,,,,,,,,
front_end,,True,kiss_icp_odometry,,,,,,,,,,,,,,,,,,,,,,,,,,,189708,,,,,,,,,,,,,,,,,,
front_end,,True,kiss_icp_odometry,,,,,,,,,,,,,,,,,,,,,,,,,,,189722,,,,,,,,,,,,,,,,,,
front_end,,True,kiss_icp_odometry,,,,,,,,,,,,,,,,,,,,,,,,,,,189731,,,,,,,,,,,,,,,,,,
front_end,,True,kiss_icp_odometry,,,,,,,,,,,,,,,,,,,,,,,,,,,189739,,,,,,,,,,,,,,,,,,
front_end,,True,kiss_icp_odometry,,,,,,,,,,,,,,,,,,,,,,,,,,,189744,,,,,,,,,,,,,,,,,,
optimized_backend,,,,,,,,,,,,,,,,,,,,,,,,,,,,,,,,,,,,,,,,,132,208,77,,,,pose_graph,True
front_end,,True,kiss_icp_odometry,,,,,,,,,,,,,,,,,,,,,,,,,,,189754,,,,,,,,,,,,,,,,,,
front_end,,True,kiss_icp_odometry,,,,,,,,,,,,,,,,,,,,,,,,,,,189764,,,,,,,,,,,,,,,,,,
front_end,,True,kiss_icp_odometry,,,,,,,,,,,,,,,,,,,,,,,,,,,189775,,,,,,,,,,,,,,,,,,
front_end,,True,kiss_icp_odometry,,,,,,,,,,,,,,,,,,,,,,,,,,,189786,,,,,,,,,,,,,,,,,,
front_end,,True,kiss_icp_odometry,,,,,,,,,,,,,,,,,,,,,,,,,,,189797,,,,,,,,,,,,,,,,,,
front_end,,True,kiss_icp_odometry,,,,,,,,,,,,,,,,,,,,,,,,,,,189804,,,,,,,,,,,,,,,,,,
front_end,,True,kiss_icp_odometry,,,,,,,,,,,,,,,,,,,,,,,,,,,189810,,,,,,,,,,,,,,,,,,
optimized_backend,,,,,,,,,,,,,,,,,,,,,,,,,,,,,,,,,,,,,,,,,133,210,78,,,,pose_graph,True
front_end,,True,kiss_icp_odometry,,,,,,,,,,,,,,,,,,,,,,,,,,,189815,,,,,,,,,,,,,,,,,,
front_end,,True,kiss_icp_odometry,,,,,,,,,,,,,,,,,,,,,,,,,,,189819,,,,,,,,,,,,,,,,,,
front_end,,True,kiss_icp_odometry,,,,,,,,,,,,,,,,,,,,,,,,,,,189821,,,,,,,,,,,,,,,,,,
front_end,,True,kiss_icp_odometry,,,,,,,,,,,,,,,,,,,,,,,,,,,189830,,,,,,,,,,,,,,,,,,
front_end,,True,kiss_icp_odometry,,,,,,,,,,,,,,,,,,,,,,,,,,,189844,,,,,,,,,,,,,,,,,,
front_end,,True,kiss_icp_odometry,,,,,,,,,,,,,,,,,,,,,,,,,,,189856,,,,,,,,,,,,,,,,,,
front_end,,True,kiss_icp_odometry,,,,,,,,,,,,,,,,,,,,,,,,,,,189863,,,,,,,,,,,,,,,,,,
front_end,,True,kiss_icp_odometry,,,,,,,,,,,,,,,,,,,,,,,,,,,189868,,,,,,,,,,,,,,,,,,
front_end,,True,kiss_icp_odometry,,,,,,,,,,,,,,,,,,,,,,,,,,,189897,,,,,,,,,,,,,,,,,,
front_end,,True,kiss_icp_odometry,,,,,,,,,,,,,,,,,,,,,,,,,,,189900,,,,,,,,,,,,,,,,,,
front_end,,True,kiss_icp_odometry,,,,,,,,,,,,,,,,,,,,,,,,,,,189917,,,,,,,,,,,,,,,,,,
front_end,,True,kiss_icp_odometry,,,,,,,,,,,,,,,,,,,,,,,,,,,189917,,,,,,,,,,,,,,,,,,
front_end,,True,kiss_icp_odometry,,,,,,,,,,,,,,,,,,,,,,,,,,,189932,,,,,,,,,,,,,,,,,,
front_end,,True,kiss_icp_odometry,,,,,,,,,,,,,,,,,,,,,,,,,,,189937,,,,,,,,,,,,,,,,,,
front_end,,True,kiss_icp_odometry,,,,,,,,,,,,,,,,,,,,,,,,,,,189945,,,,,,,,,,,,,,,,,,
front_end,,True,kiss_icp_odometry,,,,,,,,,,,,,,,,,,,,,,,,,,,189950,,,,,,,,,,,,,,,,,,
front_end,,True,kiss_icp_odometry,,,,,,,,,,,,,,,,,,,,,,,,,,,189956,,,,,,,,,,,,,,,,,,
front_end,,True,kiss_icp_odometry,,,,,,,,,,,,,,,,,,,,,,,,,,,189962,,,,,,,,,,,,,,,,,,
front_end,,True,kiss_icp_odometry,,,,,,,,,,,,,,,,,,,,,,,,,,,189966,,,,,,,,,,,,,,,,,,
front_end,,True,kiss_icp_odometry,,,,,,,,,,,,,,,,,,,,,,,,,,,189970,,,,,,,,,,,,,,,,,,
front_end,,True,kiss_icp_odometry,,,,,,,,,,,,,,,,,,,,,,,,,,,189974,,,,,,,,,,,,,,,,,,
front_end,,True,kiss_icp_odometry,,,,,,,,,,,,,,,,,,,,,,,,,,,189977,,,,,,,,,,,,,,,,,,
front_end,,True,kiss_icp_odometry,,,,,,,,,,,,,,,,,,,,,,,,,,,189983,,,,,,,,,,,,,,,,,,
front_end,,True,kiss_icp_odometry,,,,,,,,,,,,,,,,,,,,,,,,,,,189988,,,,,,,,,,,,,,,,,,
front_end,,True,kiss_icp_odometry,,,,,,,,,,,,,,,,,,,,,,,,,,,189998,,,,,,,,,,,,,,,,,,
front_end,,True,kiss_icp_odometry,,,,,,,,,,,,,,,,,,,,,,,,,,,190065,,,,,,,,,,,,,,,,,,
front_end,,True,kiss_icp_odometry,,,,,,,,,,,,,,,,,,,,,,,,,,,190071,,,,,,,,,,,,,,,,,,
front_end,,True,kiss_icp_odometry,,,,,,,,,,,,,,,,,,,,,,,,,,,190102,,,,,,,,,,,,,,,,,,
front_end,,True,kiss_icp_odometry,,,,,,,,,,,,,,,,,,,,,,,,,,,190107,,,,,,,,,,,,,,,,,,
front_end,,True,kiss_icp_odometry,,,,,,,,,,,,,,,,,,,,,,,,,,,190122,,,,,,,,,,,,,,,,,,
front_end,,True,kiss_icp_odometry,,,,,,,,,,,,,,,,,,,,,,,,,,,190165,,,,,,,,,,,,,,,,,,
front_end,,True,kiss_icp_odometry,,,,,,,,,,,,,,,,,,,,,,,,,,,190173,,,,,,,,,,,,,,,,,,
front_end,,True,kiss_icp_odometry,,,,,,,,,,,,,,,,,,,,,,,,,,,190183,,,,,,,,,,,,,,,,,,
front_end,,True,kiss_icp_odometry,,,,,,,,,,,,,,,,,,,,,,,,,,,190186,,,,,,,,,,,,,,,,,,
optimized_backend,,,,,,,,,,,,,,,,,,,,,,,,,,,,,,,,,,,,,,,,,134,212,79,,,,pose_graph,True
front_end,,True,kiss_icp_odometry,,,,,,,,,,,,,,,,,,,,,,,,,,,190197,,,,,,,,,,,,,,,,,,
front_end,,True,kiss_icp_odometry,,,,,,,,,,,,,,,,,,,,,,,,,,,190201,,,,,,,,,,,,,,,,,,
front_end,,True,kiss_icp_odometry,,,,,,,,,,,,,,,,,,,,,,,,,,,190205,,,,,,,,,,,,,,,,,,
front_end,,True,kiss_icp_odometry,,,,,,,,,,,,,,,,,,,,,,,,,,,190208,,,,,,,,,,,,,,,,,,
front_end,,True,kiss_icp_odometry,,,,,,,,,,,,,,,,,,,,,,,,,,,190216,,,,,,,,,,,,,,,,,,
front_end,,True,kiss_icp_odometry,,,,,,,,,,,,,,,,,,,,,,,,,,,190226,,,,,,,,,,,,,,,,,,
front_end,,True,kiss_icp_odometry,,,,,,,,,,,,,,,,,,,,,,,,,,,190252,,,,,,,,,,,,,,,,,,
front_end,,True,kiss_icp_odometry,,,,,,,,,,,,,,,,,,,,,,,,,,,190260,,,,,,,,,,,,,,,,,,
front_end,,True,kiss_icp_odometry,,,,,,,,,,,,,,,,,,,,,,,,,,,190266,,,,,,,,,,,,,,,,,,
front_end,,True,kiss_icp_odometry,,,,,,,,,,,,,,,,,,,,,,,,,,,190276,,,,,,,,,,,,,,,,,,
front_end,,True,kiss_icp_odometry,,,,,,,,,,,,,,,,,,,,,,,,,,,190280,,,,,,,,,,,,,,,,,,
front_end,,True,kiss_icp_odometry,,,,,,,,,,,,,,,,,,,,,,,,,,,190284,,,,,,,,,,,,,,,,,,
front_end,,True,kiss_icp_odometry,,,,,,,,,,,,,,,,,,,,,,,,,,,190301,,,,,,,,,,,,,,,,,,
front_end,,True,kiss_icp_odometry,,,,,,,,,,,,,,,,,,,,,,,,,,,190306,,,,,,,,,,,,,,,,,,
front_end,,True,kiss_icp_odometry,,,,,,,,,,,,,,,,,,,,,,,,,,,190311,,,,,,,,,,,,,,,,,,
front_end,,True,kiss_icp_odometry,,,,,,,,,,,,,,,,,,,,,,,,,,,190317,,,,,,,,,,,,,,,,,,
front_end,,True,kiss_icp_odometry,,,,,,,,,,,,,,,,,,,,,,,,,,,190333,,,,,,,,,,,,,,,,,,
front_end,,True,kiss_icp_odometry,,,,,,,,,,,,,,,,,,,,,,,,,,,190344,,,,,,,,,,,,,,,,,,
front_end,,True,kiss_icp_odometry,,,,,,,,,,,,,,,,,,,,,,,,,,,190346,,,,,,,,,,,,,,,,,,
front_end,,True,kiss_icp_odometry,,,,,,,,,,,,,,,,,,,,,,,,,,,190354,,,,,,,,,,,,,,,,,,
front_end,,True,kiss_icp_odometry,,,,,,,,,,,,,,,,,,,,,,,,,,,190362,,,,,,,,,,,,,,,,,,
front_end,,True,kiss_icp_odometry,,,,,,,,,,,,,,,,,,,,,,,,,,,190379,,,,,,,,,,,,,,,,,,
front_end,,True,kiss_icp_odometry,,,,,,,,,,,,,,,,,,,,,,,,,,,190399,,,,,,,,,,,,,,,,,,
front_end,,True,kiss_icp_odometry,,,,,,,,,,,,,,,,,,,,,,,,,,,190431,,,,,,,,,,,,,,,,,,
front_end,,True,kiss_icp_odometry,,,,,,,,,,,,,,,,,,,,,,,,,,,190455,,,,,,,,,,,,,,,,,,
front_end,,True,kiss_icp_odometry,,,,,,,,,,,,,,,,,,,,,,,,,,,190467,,,,,,,,,,,,,,,,,,
front_end,,True,kiss_icp_odometry,,,,,,,,,,,,,,,,,,,,,,,,,,,190480,,,,,,,,,,,,,,,,,,
front_end,,True,kiss_icp_odometry,,,,,,,,,,,,,,,,,,,,,,,,,,,190485,,,,,,,,,,,,,,,,,,
front_end,,True,kiss_icp_odometry,,,,,,,,,,,,,,,,,,,,,,,,,,,190489,,,,,,,,,,,,,,,,,,
front_end,,True,kiss_icp_odometry,,,,,,,,,,,,,,,,,,,,,,,,,,,190491,,,,,,,,,,,,,,,,,,
front_end,,True,kiss_icp_odometry,,,,,,,,,,,,,,,,,,,,,,,,,,,190493,,,,,,,,,,,,,,,,,,
front_end,,True,kiss_icp_odometry,,,,,,,,,,,,,,,,,,,,,,,,,,,190499,,,,,,,,,,,,,,,,,,
front_end,,True,kiss_icp_odometry,,,,,,,,,,,,,,,,,,,,,,,,,,,190509,,,,,,,,,,,,,,,,,,
front_end,,True,kiss_icp_odometry,,,,,,,,,,,,,,,,,,,,,,,,,,,190515,,,,,,,,,,,,,,,,,,
front_end,,True,kiss_icp_odometry,,,,,,,,,,,,,,,,,,,,,,,,,,,190539,,,,,,,,,,,,,,,,,,
front_end,,True,kiss_icp_odometry,,,,,,,,,,,,,,,,,,,,,,,,,,,190558,,,,,,,,,,,,,,,,,,
front_end,,True,kiss_icp_odometry,,,,,,,,,,,,,,,,,,,,,,,,,,,190589,,,,,,,,,,,,,,,,,,
front_end,,True,kiss_icp_odometry,,,,,,,,,,,,,,,,,,,,,,,,,,,190614,,,,,,,,,,,,,,,,,,
front_end,,True,kiss_icp_odometry,,,,,,,,,,,,,,,,,,,,,,,,,,,190623,,,,,,,,,,,,,,,,,,
front_end,,True,kiss_icp_odometry,,,,,,,,,,,,,,,,,,,,,,,,,,,190640,,,,,,,,,,,,,,,,,,
front_end,,True,kiss_icp_odometry,,,,,,,,,,,,,,,,,,,,,,,,,,,190648,,,,,,,,,,,,,,,,,,
front_end,,True,kiss_icp_odometry,,,,,,,,,,,,,,,,,,,,,,,,,,,190652,,,,,,,,,,,,,,,,,,
optimized_backend,,,,,,,,,,,,,,,,,,,,,,,,,,,,,,,,,,,,,,,,,135,214,80,,,,pose_graph,True
front_end,,True,kiss_icp_odometry,,,,,,,,,,,,,,,,,,,,,,,,,,,190656,,,,,,,,,,,,,,,,,,
front_end,,True,kiss_icp_odometry,,,,,,,,,,,,,,,,,,,,,,,,,,,190656,,,,,,,,,,,,,,,,,,
front_end,,True,kiss_icp_odometry,,,,,,,,,,,,,,,,,,,,,,,,,,,190657,,,,,,,,,,,,,,,,,,
front_end,,True,kiss_icp_odometry,,,,,,,,,,,,,,,,,,,,,,,,,,,190666,,,,,,,,,,,,,,,,,,
front_end,,True,kiss_icp_odometry,,,,,,,,,,,,,,,,,,,,,,,,,,,190673,,,,,,,,,,,,,,,,,,
front_end,,True,kiss_icp_odometry,,,,,,,,,,,,,,,,,,,,,,,,,,,190675,,,,,,,,,,,,,,,,,,
front_end,,True,kiss_icp_odometry,,,,,,,,,,,,,,,,,,,,,,,,,,,190677,,,,,,,,,,,,,,,,,,
front_end,,True,kiss_icp_odometry,,,,,,,,,,,,,,,,,,,,,,,,,,,190679,,,,,,,,,,,,,,,,,,
front_end,,True,kiss_icp_odometry,,,,,,,,,,,,,,,,,,,,,,,,,,,190688,,,,,,,,,,,,,,,,,,
front_end,,True,kiss_icp_odometry,,,,,,,,,,,,,,,,,,,,,,,,,,,190699,,,,,,,,,,,,,,,,,,
front_end,,True,kiss_icp_odometry,,,,,,,,,,,,,,,,,,,,,,,,,,,190705,,,,,,,,,,,,,,,,,,
front_end,,True,kiss_icp_odometry,,,,,,,,,,,,,,,,,,,,,,,,,,,190713,,,,,,,,,,,,,,,,,,
front_end,,True,kiss_icp_odometry,,,,,,,,,,,,,,,,,,,,,,,,,,,190718,,,,,,,,,,,,,,,,,,
optimized_backend,,,,,,,,,,,,,,,,,,,,,,,,,,,,,,,,,,,,,,,,,136,216,81,,,,pose_graph,True
front_end,,True,kiss_icp_odometry,,,,,,,,,,,,,,,,,,,,,,,,,,,190730,,,,,,,,,,,,,,,,,,
front_end,,True,kiss_icp_odometry,,,,,,,,,,,,,,,,,,,,,,,,,,,190733,,,,,,,,,,,,,,,,,,
front_end,,True,kiss_icp_odometry,,,,,,,,,,,,,,,,,,,,,,,,,,,190734,,,,,,,,,,,,,,,,,,
front_end,,True,kiss_icp_odometry,,,,,,,,,,,,,,,,,,,,,,,,,,,190737,,,,,,,,,,,,,,,,,,
front_end,,True,kiss_icp_odometry,,,,,,,,,,,,,,,,,,,,,,,,,,,190743,,,,,,,,,,,,,,,,,,
front_end,,True,kiss_icp_odometry,,,,,,,,,,,,,,,,,,,,,,,,,,,190749,,,,,,,,,,,,,,,,,,
front_end,,True,kiss_icp_odometry,,,,,,,,,,,,,,,,,,,,,,,,,,,190762,,,,,,,,,,,,,,,,,,
front_end,,True,kiss_icp_odometry,,,,,,,,,,,,,,,,,,,,,,,,,,,190774,,,,,,,,,,,,,,,,,,
front_end,,True,kiss_icp_odometry,,,,,,,,,,,,,,,,,,,,,,,,,,,190791,,,,,,,,,,,,,,,,,,
front_end,,True,kiss_icp_odometry,,,,,,,,,,,,,,,,,,,,,,,,,,,190815,,,,,,,,,,,,,,,,,,
front_end,,True,kiss_icp_odometry,,,,,,,,,,,,,,,,,,,,,,,,,,,190837,,,,,,,,,,,,,,,,,,
front_end,,True,kiss_icp_odometry,,,,,,,,,,,,,,,,,,,,,,,,,,,190851,,,,,,,,,,,,,,,,,,
front_end,,True,kiss_icp_odometry,,,,,,,,,,,,,,,,,,,,,,,,,,,190873,,,,,,,,,,,,,,,,,,
front_end,,True,kiss_icp_odometry,,,,,,,,,,,,,,,,,,,,,,,,,,,190896,,,,,,,,,,,,,,,,,,
optimized_backend,,,,,,,,,,,,,,,,,,,,,,,,,,,,,,,,,,,,,,,,,137,218,82,,,,pose_graph,True
front_end,,True,kiss_icp_odometry,,,,,,,,,,,,,,,,,,,,,,,,,,,190944,,,,,,,,,,,,,,,,,,
front_end,,True,kiss_icp_odometry,,,,,,,,,,,,,,,,,,,,,,,,,,,190973,,,,,,,,,,,,,,,,,,
front_end,,True,kiss_icp_odometry,,,,,,,,,,,,,,,,,,,,,,,,,,,190997,,,,,,,,,,,,,,,,,,
front_end,,True,kiss_icp_odometry,,,,,,,,,,,,,,,,,,,,,,,,,,,191014,,,,,,,,,,,,,,,,,,
front_end,,True,kiss_icp_odometry,,,,,,,,,,,,,,,,,,,,,,,,,,,191026,,,,,,,,,,,,,,,,,,
front_end,,True,kiss_icp_odometry,,,,,,,,,,,,,,,,,,,,,,,,,,,191042,,,,,,,,,,,,,,,,,,
front_end,,True,kiss_icp_odometry,,,,,,,,,,,,,,,,,,,,,,,,,,,191058,,,,,,,,,,,,,,,,,,
front_end,,True,kiss_icp_odometry,,,,,,,,,,,,,,,,,,,,,,,,,,,191073,,,,,,,,,,,,,,,,,,
front_end,,True,kiss_icp_odometry,,,,,,,,,,,,,,,,,,,,,,,,,,,191092,,,,,,,,,,,,,,,,,,
front_end,,True,kiss_icp_odometry,,,,,,,,,,,,,,,,,,,,,,,,,,,191115,,,,,,,,,,,,,,,,,,
optimized_backend,,,,,,,,,,,,,,,,,,,,,,,,,,,,,,,,,,,,,,,,,138,220,83,,,,pose_graph,True
front_end,,True,kiss_icp_odometry,,,,,,,,,,,,,,,,,,,,,,,,,,,191153,,,,,,,,,,,,,,,,,,
front_end,,True,kiss_icp_odometry,,,,,,,,,,,,,,,,,,,,,,,,,,,191188,,,,,,,,,,,,,,,,,,
front_end,,True,kiss_icp_odometry,,,,,,,,,,,,,,,,,,,,,,,,,,,191208,,,,,,,,,,,,,,,,,,
front_end,,True,kiss_icp_odometry,,,,,,,,,,,,,,,,,,,,,,,,,,,191221,,,,,,,,,,,,,,,,,,
front_end,,True,kiss_icp_odometry,,,,,,,,,,,,,,,,,,,,,,,,,,,191245,,,,,,,,,,,,,,,,,,
front_end,,True,kiss_icp_odometry,,,,,,,,,,,,,,,,,,,,,,,,,,,191272,,,,,,,,,,,,,,,,,,
front_end,,True,kiss_icp_odometry,,,,,,,,,,,,,,,,,,,,,,,,,,,191307,,,,,,,,,,,,,,,,,,
front_end,,True,kiss_icp_odometry,,,,,,,,,,,,,,,,,,,,,,,,,,,191329,,,,,,,,,,,,,,,,,,
front_end,,True,kiss_icp_odometry,,,,,,,,,,,,,,,,,,,,,,,,,,,191344,,,,,,,,,,,,,,,,,,
optimized_backend,,,,,,,,,,,,,,,,,,,,,,,,,,,,,,,,,,,,,,,,,139,222,84,,,,pose_graph,True
front_end,,True,kiss_icp_odometry,,,,,,,,,,,,,,,,,,,,,,,,,,,191378,,,,,,,,,,,,,,,,,,
front_end,,True,kiss_icp_odometry,,,,,,,,,,,,,,,,,,,,,,,,,,,191414,,,,,,,,,,,,,,,,,,
front_end,,True,kiss_icp_odometry,,,,,,,,,,,,,,,,,,,,,,,,,,,191489,,,,,,,,,,,,,,,,,,
front_end,,True,kiss_icp_odometry,,,,,,,,,,,,,,,,,,,,,,,,,,,191521,,,,,,,,,,,,,,,,,,
front_end,,True,kiss_icp_odometry,,,,,,,,,,,,,,,,,,,,,,,,,,,191547,,,,,,,,,,,,,,,,,,
front_end,,True,kiss_icp_odometry,,,,,,,,,,,,,,,,,,,,,,,,,,,191577,,,,,,,,,,,,,,,,,,
front_end,,True,kiss_icp_odometry,,,,,,,,,,,,,,,,,,,,,,,,,,,191636,,,,,,,,,,,,,,,,,,
front_end,,True,kiss_icp_odometry,,,,,,,,,,,,,,,,,,,,,,,,,,,191734,,,,,,,,,,,,,,,,,,
front_end,,True,kiss_icp_odometry,,,,,,,,,,,,,,,,,,,,,,,,,,,191772,,,,,,,,,,,,,,,,,,
optimized_backend,,,,,,,,,,,,,,,,,,,,,,,,,,,,,,,,,,,,,,,,,140,224,85,,,,pose_graph,True
front_end,,True,kiss_icp_odometry,,,,,,,,,,,,,,,,,,,,,,,,,,,191800,,,,,,,,,,,,,,,,,,
front_end,,True,kiss_icp_odometry,,,,,,,,,,,,,,,,,,,,,,,,,,,191853,,,,,,,,,,,,,,,,,,
front_end,,True,kiss_icp_odometry,,,,,,,,,,,,,,,,,,,,,,,,,,,191948,,,,,,,,,,,,,,,,,,
front_end,,True,kiss_icp_odometry,,,,,,,,,,,,,,,,,,,,,,,,,,,192132,,,,,,,,,,,,,,,,,,
front_end,,True,kiss_icp_odometry,,,,,,,,,,,,,,,,,,,,,,,,,,,192235,,,,,,,,,,,,,,,,,,
front_end,,True,kiss_icp_odometry,,,,,,,,,,,,,,,,,,,,,,,,,,,192290,,,,,,,,,,,,,,,,,,
front_end,,True,kiss_icp_odometry,,,,,,,,,,,,,,,,,,,,,,,,,,,192346,,,,,,,,,,,,,,,,,,
front_end,,True,kiss_icp_odometry,,,,,,,,,,,,,,,,,,,,,,,,,,,192382,,,,,,,,,,,,,,,,,,
front_end,,True,kiss_icp_odometry,,,,,,,,,,,,,,,,,,,,,,,,,,,192480,,,,,,,,,,,,,,,,,,
front_end,,True,kiss_icp_odometry,,,,,,,,,,,,,,,,,,,,,,,,,,,192576,,,,,,,,,,,,,,,,,,
front_end,,True,kiss_icp_odometry,,,,,,,,,,,,,,,,,,,,,,,,,,,192625,,,,,,,,,,,,,,,,,,
front_end,,True,kiss_icp_odometry,,,,,,,,,,,,,,,,,,,,,,,,,,,192826,,,,,,,,,,,,,,,,,,
front_end,,True,kiss_icp_odometry,,,,,,,,,,,,,,,,,,,,,,,,,,,192896,,,,,,,,,,,,,,,,,,
front_end,,True,kiss_icp_odometry,,,,,,,,,,,,,,,,,,,,,,,,,,,192986,,,,,,,,,,,,,,,,,,
front_end,,True,kiss_icp_odometry,,,,,,,,,,,,,,,,,,,,,,,,,,,193127,,,,,,,,,,,,,,,,,,
optimized_backend,,,,,,,,,,,,,,,,,,,,,,,,,,,,,,,,,,,,,,,,,141,226,86,,,,pose_graph,True
front_end,,True,kiss_icp_odometry,,,,,,,,,,,,,,,,,,,,,,,,,,,193186,,,,,,,,,,,,,,,,,,
front_end,,True,kiss_icp_odometry,,,,,,,,,,,,,,,,,,,,,,,,,,,193222,,,,,,,,,,,,,,,,,,
front_end,,True,kiss_icp_odometry,,,,,,,,,,,,,,,,,,,,,,,,,,,193280,,,,,,,,,,,,,,,,,,
front_end,,True,kiss_icp_odometry,,,,,,,,,,,,,,,,,,,,,,,,,,,193324,,,,,,,,,,,,,,,,,,
front_end,,True,kiss_icp_odometry,,,,,,,,,,,,,,,,,,,,,,,,,,,193354,,,,,,,,,,,,,,,,,,
front_end,,True,kiss_icp_odometry,,,,,,,,,,,,,,,,,,,,,,,,,,,193401,,,,,,,,,,,,,,,,,,
front_end,,True,kiss_icp_odometry,,,,,,,,,,,,,,,,,,,,,,,,,,,193437,,,,,,,,,,,,,,,,,,
front_end,,True,kiss_icp_odometry,,,,,,,,,,,,,,,,,,,,,,,,,,,193466,,,,,,,,,,,,,,,,,,
front_end,,True,kiss_icp_odometry,,,,,,,,,,,,,,,,,,,,,,,,,,,193491,,,,,,,,,,,,,,,,,,
front_end,,True,kiss_icp_odometry,,,,,,,,,,,,,,,,,,,,,,,,,,,193517,,,,,,,,,,,,,,,,,,
optimized_backend,,,,,,,,,,,,,,,,,,,,,,,,,,,,,,,,,,,,,,,,,142,228,87,,,,pose_graph,True
front_end,,True,kiss_icp_odometry,,,,,,,,,,,,,,,,,,,,,,,,,,,193547,,,,,,,,,,,,,,,,,,
front_end,,True,kiss_icp_odometry,,,,,,,,,,,,,,,,,,,,,,,,,,,193574,,,,,,,,,,,,,,,,,,
front_end,,True,kiss_icp_odometry,,,,,,,,,,,,,,,,,,,,,,,,,,,193593,,,,,,,,,,,,,,,,,,
front_end,,True,kiss_icp_odometry,,,,,,,,,,,,,,,,,,,,,,,,,,,193618,,,,,,,,,,,,,,,,,,
front_end,,True,kiss_icp_odometry,,,,,,,,,,,,,,,,,,,,,,,,,,,193643,,,,,,,,,,,,,,,,,,
front_end,,True,kiss_icp_odometry,,,,,,,,,,,,,,,,,,,,,,,,,,,193654,,,,,,,,,,,,,,,,,,
front_end,,True,kiss_icp_odometry,,,,,,,,,,,,,,,,,,,,,,,,,,,193669,,,,,,,,,,,,,,,,,,
front_end,,True,kiss_icp_odometry,,,,,,,,,,,,,,,,,,,,,,,,,,,193675,,,,,,,,,,,,,,,,,,
front_end,,True,kiss_icp_odometry,,,,,,,,,,,,,,,,,,,,,,,,,,,193689,,,,,,,,,,,,,,,,,,
front_end,,True,kiss_icp_odometry,,,,,,,,,,,,,,,,,,,,,,,,,,,193700,,,,,,,,,,,,,,,,,,
front_end,,True,kiss_icp_odometry,,,,,,,,,,,,,,,,,,,,,,,,,,,193713,,,,,,,,,,,,,,,,,,
front_end,,True,kiss_icp_odometry,,,,,,,,,,,,,,,,,,,,,,,,,,,193733,,,,,,,,,,,,,,,,,,
front_end,,True,kiss_icp_odometry,,,,,,,,,,,,,,,,,,,,,,,,,,,193752,,,,,,,,,,,,,,,,,,
front_end,,True,kiss_icp_odometry,,,,,,,,,,,,,,,,,,,,,,,,,,,193768,,,,,,,,,,,,,,,,,,
front_end,,True,kiss_icp_odometry,,,,,,,,,,,,,,,,,,,,,,,,,,,193789,,,,,,,,,,,,,,,,,,
front_end,,True,kiss_icp_odometry,,,,,,,,,,,,,,,,,,,,,,,,,,,193827,,,,,,,,,,,,,,,,,,
front_end,,True,kiss_icp_odometry,,,,,,,,,,,,,,,,,,,,,,,,,,,193871,,,,,,,,,,,,,,,,,,
front_end,,True,kiss_icp_odometry,,,,,,,,,,,,,,,,,,,,,,,,,,,193916,,,,,,,,,,,,,,,,,,
front_end,,True,kiss_icp_odometry,,,,,,,,,,,,,,,,,,,,,,,,,,,193946,,,,,,,,,,,,,,,,,,
front_end,,True,kiss_icp_odometry,,,,,,,,,,,,,,,,,,,,,,,,,,,193977,,,,,,,,,,,,,,,,,,
front_end,,True,kiss_icp_odometry,,,,,,,,,,,,,,,,,,,,,,,,,,,194000,,,,,,,,,,,,,,,,,,
optimized_backend,,,,,,,,,,,,,,,,,,,,,,,,,,,,,,,,,,,,,,,,,143,230,88,,,,pose_graph,True
front_end,,True,kiss_icp_odometry,,,,,,,,,,,,,,,,,,,,,,,,,,,194034,,,,,,,,,,,,,,,,,,
front_end,,True,kiss_icp_odometry,,,,,,,,,,,,,,,,,,,,,,,,,,,194064,,,,,,,,,,,,,,,,,,
front_end,,True,kiss_icp_odometry,,,,,,,,,,,,,,,,,,,,,,,,,,,194112,,,,,,,,,,,,,,,,,,
front_end,,True,kiss_icp_odometry,,,,,,,,,,,,,,,,,,,,,,,,,,,194157,,,,,,,,,,,,,,,,,,
front_end,,True,kiss_icp_odometry,,,,,,,,,,,,,,,,,,,,,,,,,,,194216,,,,,,,,,,,,,,,,,,
front_end,,True,kiss_icp_odometry,,,,,,,,,,,,,,,,,,,,,,,,,,,194300,,,,,,,,,,,,,,,,,,
front_end,,True,kiss_icp_odometry,,,,,,,,,,,,,,,,,,,,,,,,,,,194551,,,,,,,,,,,,,,,,,,
front_end,,True,kiss_icp_odometry,,,,,,,,,,,,,,,,,,,,,,,,,,,194589,,,,,,,,,,,,,,,,,,
front_end,,True,kiss_icp_odometry,,,,,,,,,,,,,,,,,,,,,,,,,,,194624,,,,,,,,,,,,,,,,,,
front_end,,True,kiss_icp_odometry,,,,,,,,,,,,,,,,,,,,,,,,,,,194658,,,,,,,,,,,,,,,,,,
front_end,,True,kiss_icp_odometry,,,,,,,,,,,,,,,,,,,,,,,,,,,194701,,,,,,,,,,,,,,,,,,
front_end,,True,kiss_icp_odometry,,,,,,,,,,,,,,,,,,,,,,,,,,,194735,,,,,,,,,,,,,,,,,,
optimized_backend,,,,,,,,,,,,,,,,,,,,,,,,,,,,,,,,,,,,,,,,,144,232,89,,,,pose_graph,True
front_end,,True,kiss_icp_odometry,,,,,,,,,,,,,,,,,,,,,,,,,,,194771,,,,,,,,,,,,,,,,,,
front_end,,True,kiss_icp_odometry,,,,,,,,,,,,,,,,,,,,,,,,,,,194800,,,,,,,,,,,,,,,,,,
front_end,,True,kiss_icp_odometry,,,,,,,,,,,,,,,,,,,,,,,,,,,194874,,,,,,,,,,,,,,,,,,
front_end,,True,kiss_icp_odometry,,,,,,,,,,,,,,,,,,,,,,,,,,,194893,,,,,,,,,,,,,,,,,,
front_end,,True,kiss_icp_odometry,,,,,,,,,,,,,,,,,,,,,,,,,,,194907,,,,,,,,,,,,,,,,,,
front_end,,True,kiss_icp_odometry,,,,,,,,,,,,,,,,,,,,,,,,,,,194919,,,,,,,,,,,,,,,,,,
front_end,,True,kiss_icp_odometry,,,,,,,,,,,,,,,,,,,,,,,,,,,194937,,,,,,,,,,,,,,,,,,
front_end,,True,kiss_icp_odometry,,,,,,,,,,,,,,,,,,,,,,,,,,,194954,,,,,,,,,,,,,,,,,,
front_end,,True,kiss_icp_odometry,,,,,,,,,,,,,,,,,,,,,,,,,,,194977,,,,,,,,,,,,,,,,,,
front_end,,True,kiss_icp_odometry,,,,,,,,,,,,,,,,,,,,,,,,,,,195002,,,,,,,,,,,,,,,,,,
optimized_backend,,,,,,,,,,,,,,,,,,,,,,,,,,,,,,,,,,,,,,,,,145,234,90,,,,pose_graph,True
front_end,,True,kiss_icp_odometry,,,,,,,,,,,,,,,,,,,,,,,,,,,195028,,,,,,,,,,,,,,,,,,
front_end,,True,kiss_icp_odometry,,,,,,,,,,,,,,,,,,,,,,,,,,,195053,,,,,,,,,,,,,,,,,,
front_end,,True,kiss_icp_odometry,,,,,,,,,,,,,,,,,,,,,,,,,,,195077,,,,,,,,,,,,,,,,,,
front_end,,True,kiss_icp_odometry,,,,,,,,,,,,,,,,,,,,,,,,,,,195100,,,,,,,,,,,,,,,,,,
front_end,,True,kiss_icp_odometry,,,,,,,,,,,,,,,,,,,,,,,,,,,195125,,,,,,,,,,,,,,,,,,
front_end,,True,kiss_icp_odometry,,,,,,,,,,,,,,,,,,,,,,,,,,,195152,,,,,,,,,,,,,,,,,,
front_end,,True,kiss_icp_odometry,,,,,,,,,,,,,,,,,,,,,,,,,,,195169,,,,,,,,,,,,,,,,,,
front_end,,True,kiss_icp_odometry,,,,,,,,,,,,,,,,,,,,,,,,,,,195194,,,,,,,,,,,,,,,,,,
front_end,,True,kiss_icp_odometry,,,,,,,,,,,,,,,,,,,,,,,,,,,195235,,,,,,,,,,,,,,,,,,
front_end,,True,kiss_icp_odometry,,,,,,,,,,,,,,,,,,,,,,,,,,,195272,,,,,,,,,,,,,,,,,,
front_end,,True,kiss_icp_odometry,,,,,,,,,,,,,,,,,,,,,,,,,,,195303,,,,,,,,,,,,,,,,,,
optimized_backend,,,,,,,,,,,,,,,,,,,,,,,,,,,,,,,,,,,,,,,,,146,236,91,,,,pose_graph,True
front_end,,True,kiss_icp_odometry,,,,,,,,,,,,,,,,,,,,,,,,,,,195336,,,,,,,,,,,,,,,,,,
front_end,,True,kiss_icp_odometry,,,,,,,,,,,,,,,,,,,,,,,,,,,195371,,,,,,,,,,,,,,,,,,
front_end,,True,kiss_icp_odometry,,,,,,,,,,,,,,,,,,,,,,,,,,,195397,,,,,,,,,,,,,,,,,,
front_end,,True,kiss_icp_odometry,,,,,,,,,,,,,,,,,,,,,,,,,,,195431,,,,,,,,,,,,,,,,,,
front_end,,True,kiss_icp_odometry,,,,,,,,,,,,,,,,,,,,,,,,,,,195468,,,,,,,,,,,,,,,,,,
front_end,,True,kiss_icp_odometry,,,,,,,,,,,,,,,,,,,,,,,,,,,195496,,,,,,,,,,,,,,,,,,
front_end,,True,kiss_icp_odometry,,,,,,,,,,,,,,,,,,,,,,,,,,,195507,,,,,,,,,,,,,,,,,,
front_end,,True,kiss_icp_odometry,,,,,,,,,,,,,,,,,,,,,,,,,,,195526,,,,,,,,,,,,,,,,,,
front_end,,True,kiss_icp_odometry,,,,,,,,,,,,,,,,,,,,,,,,,,,195539,,,,,,,,,,,,,,,,,,
front_end,,True,kiss_icp_odometry,,,,,,,,,,,,,,,,,,,,,,,,,,,195557,,,,,,,,,,,,,,,,,,
front_end,,True,kiss_icp_odometry,,,,,,,,,,,,,,,,,,,,,,,,,,,195564,,,,,,,,,,,,,,,,,,
front_end,,True,kiss_icp_odometry,,,,,,,,,,,,,,,,,,,,,,,,,,,195580,,,,,,,,,,,,,,,,,,
optimized_backend,,,,,,,,,,,,,,,,,,,,,,,,,,,,,,,,,,,,,,,,,147,238,92,,,,pose_graph,True
front_end,,True,kiss_icp_odometry,,,,,,,,,,,,,,,,,,,,,,,,,,,195601,,,,,,,,,,,,,,,,,,
front_end,,True,kiss_icp_odometry,,,,,,,,,,,,,,,,,,,,,,,,,,,195626,,,,,,,,,,,,,,,,,,
front_end,,True,kiss_icp_odometry,,,,,,,,,,,,,,,,,,,,,,,,,,,195640,,,,,,,,,,,,,,,,,,
front_end,,True,kiss_icp_odometry,,,,,,,,,,,,,,,,,,,,,,,,,,,195647,,,,,,,,,,,,,,,,,,
front_end,,True,kiss_icp_odometry,,,,,,,,,,,,,,,,,,,,,,,,,,,195654,,,,,,,,,,,,,,,,,,
front_end,,True,kiss_icp_odometry,,,,,,,,,,,,,,,,,,,,,,,,,,,195664,,,,,,,,,,,,,,,,,,
front_end,,True,kiss_icp_odometry,,,,,,,,,,,,,,,,,,,,,,,,,,,195672,,,,,,,,,,,,,,,,,,
front_end,,True,kiss_icp_odometry,,,,,,,,,,,,,,,,,,,,,,,,,,,195679,,,,,,,,,,,,,,,,,,
optimized_backend,,,,,,,,,,,,,,,,,,,,,,,,,,,,,,,,,,,,,,,,,148,240,93,,,,pose_graph,True
front_end,,True,kiss_icp_odometry,,,,,,,,,,,,,,,,,,,,,,,,,,,195692,,,,,,,,,,,,,,,,,,
front_end,,True,kiss_icp_odometry,,,,,,,,,,,,,,,,,,,,,,,,,,,195696,,,,,,,,,,,,,,,,,,
front_end,,True,kiss_icp_odometry,,,,,,,,,,,,,,,,,,,,,,,,,,,195697,,,,,,,,,,,,,,,,,,
front_end,,True,kiss_icp_odometry,,,,,,,,,,,,,,,,,,,,,,,,,,,195758,,,,,,,,,,,,,,,,,,
front_end,,True,kiss_icp_odometry,,,,,,,,,,,,,,,,,,,,,,,,,,,195762,,,,,,,,,,,,,,,,,,
front_end,,True,kiss_icp_odometry,,,,,,,,,,,,,,,,,,,,,,,,,,,195779,,,,,,,,,,,,,,,,,,
optimized_backend,,,,,,,,,,,,,,,,,,,,,,,,,,,,,,,,,,,,,,,,,149,242,94,,,,pose_graph,True
front_end,,True,kiss_icp_odometry,,,,,,,,,,,,,,,,,,,,,,,,,,,195803,,,,,,,,,,,,,,,,,,
front_end,,True,kiss_icp_odometry,,,,,,,,,,,,,,,,,,,,,,,,,,,195806,,,,,,,,,,,,,,,,,,
front_end,,True,kiss_icp_odometry,,,,,,,,,,,,,,,,,,,,,,,,,,,195819,,,,,,,,,,,,,,,,,,
front_end,,True,kiss_icp_odometry,,,,,,,,,,,,,,,,,,,,,,,,,,,195822,,,,,,,,,,,,,,,,,,
front_end,,True,kiss_icp_odometry,,,,,,,,,,,,,,,,,,,,,,,,,,,195837,,,,,,,,,,,,,,,,,,
front_end,,True,kiss_icp_odometry,,,,,,,,,,,,,,,,,,,,,,,,,,,195841,,,,,,,,,,,,,,,,,,
front_end,,True,kiss_icp_odometry,,,,,,,,,,,,,,,,,,,,,,,,,,,195847,,,,,,,,,,,,,,,,,,
front_end,,True,kiss_icp_odometry,,,,,,,,,,,,,,,,,,,,,,,,,,,195858,,,,,,,,,,,,,,,,,,
front_end,,True,kiss_icp_odometry,,,,,,,,,,,,,,,,,,,,,,,,,,,195864,,,,,,,,,,,,,,,,,,
optimized_backend,,,,,,,,,,,,,,,,,,,,,,,,,,,,,,,,,,,,,,,,,150,244,95,,,,pose_graph,True
front_end,,True,kiss_icp_odometry,,,,,,,,,,,,,,,,,,,,,,,,,,,195871,,,,,,,,,,,,,,,,,,
front_end,,True,kiss_icp_odometry,,,,,,,,,,,,,,,,,,,,,,,,,,,195882,,,,,,,,,,,,,,,,,,
front_end,,True,kiss_icp_odometry,,,,,,,,,,,,,,,,,,,,,,,,,,,195888,,,,,,,,,,,,,,,,,,
front_end,,True,kiss_icp_odometry,,,,,,,,,,,,,,,,,,,,,,,,,,,195908,,,,,,,,,,,,,,,,,,
front_end,,True,kiss_icp_odometry,,,,,,,,,,,,,,,,,,,,,,,,,,,195920,,,,,,,,,,,,,,,,,,
front_end,,True,kiss_icp_odometry,,,,,,,,,,,,,,,,,,,,,,,,,,,195923,,,,,,,,,,,,,,,,,,
front_end,,True,kiss_icp_odometry,,,,,,,,,,,,,,,,,,,,,,,,,,,195930,,,,,,,,,,,,,,,,,,
optimized_backend,,,,,,,,,,,,,,,,,,,,,,,,,,,,,,,,,,,,,,,,,151,246,96,,,,pose_graph,True
front_end,,True,kiss_icp_odometry,,,,,,,,,,,,,,,,,,,,,,,,,,,195939,,,,,,,,,,,,,,,,,,
front_end,,True,kiss_icp_odometry,,,,,,,,,,,,,,,,,,,,,,,,,,,195946,,,,,,,,,,,,,,,,,,
front_end,,True,kiss_icp_odometry,,,,,,,,,,,,,,,,,,,,,,,,,,,195958,,,,,,,,,,,,,,,,,,
front_end,,True,kiss_icp_odometry,,,,,,,,,,,,,,,,,,,,,,,,,,,195976,,,,,,,,,,,,,,,,,,
front_end,,True,kiss_icp_odometry,,,,,,,,,,,,,,,,,,,,,,,,,,,195986,,,,,,,,,,,,,,,,,,
front_end,,True,kiss_icp_odometry,,,,,,,,,,,,,,,,,,,,,,,,,,,196007,,,,,,,,,,,,,,,,,,
front_end,,True,kiss_icp_odometry,,,,,,,,,,,,,,,,,,,,,,,,,,,196029,,,,,,,,,,,,,,,,,,
front_end,,True,kiss_icp_odometry,,,,,,,,,,,,,,,,,,,,,,,,,,,196053,,,,,,,,,,,,,,,,,,
front_end,,True,kiss_icp_odometry,,,,,,,,,,,,,,,,,,,,,,,,,,,196079,,,,,,,,,,,,,,,,,,
front_end,,True,kiss_icp_odometry,,,,,,,,,,,,,,,,,,,,,,,,,,,196097,,,,,,,,,,,,,,,,,,
front_end,,True,kiss_icp_odometry,,,,,,,,,,,,,,,,,,,,,,,,,,,196114,,,,,,,,,,,,,,,,,,
front_end,,True,kiss_icp_odometry,,,,,,,,,,,,,,,,,,,,,,,,,,,196127,,,,,,,,,,,,,,,,,,
optimized_backend,,,,,,,,,,,,,,,,,,,,,,,,,,,,,,,,,,,,,,,,,152,248,97,,,,pose_graph,True
front_end,,True,kiss_icp_odometry,,,,,,,,,,,,,,,,,,,,,,,,,,,196143,,,,,,,,,,,,,,,,,,
front_end,,True,kiss_icp_odometry,,,,,,,,,,,,,,,,,,,,,,,,,,,196159,,,,,,,,,,,,,,,,,,
front_end,,True,kiss_icp_odometry,,,,,,,,,,,,,,,,,,,,,,,,,,,196164,,,,,,,,,,,,,,,,,,
front_end,,True,kiss_icp_odometry,,,,,,,,,,,,,,,,,,,,,,,,,,,196174,,,,,,,,,,,,,,,,,,
front_end,,True,kiss_icp_odometry,,,,,,,,,,,,,,,,,,,,,,,,,,,196184,,,,,,,,,,,,,,,,,,
front_end,,True,kiss_icp_odometry,,,,,,,,,,,,,,,,,,,,,,,,,,,196189,,,,,,,,,,,,,,,,,,
front_end,,True,kiss_icp_odometry,,,,,,,,,,,,,,,,,,,,,,,,,,,196194,,,,,,,,,,,,,,,,,,
front_end,,True,kiss_icp_odometry,,,,,,,,,,,,,,,,,,,,,,,,,,,196201,,,,,,,,,,,,,,,,,,
optimized_backend,,,,,,,,,,,,,,,,,,,,,,,,,,,,,,,,,,,,,,,,,153,250,98,,,,pose_graph,True
front_end,,True,kiss_icp_odometry,,,,,,,,,,,,,,,,,,,,,,,,,,,196205,,,,,,,,,,,,,,,,,,
front_end,,True,kiss_icp_odometry,,,,,,,,,,,,,,,,,,,,,,,,,,,196207,,,,,,,,,,,,,,,,,,
front_end,,True,kiss_icp_odometry,,,,,,,,,,,,,,,,,,,,,,,,,,,196207,,,,,,,,,,,,,,,,,,
front_end,,True,kiss_icp_odometry,,,,,,,,,,,,,,,,,,,,,,,,,,,196217,,,,,,,,,,,,,,,,,,
front_end,,True,kiss_icp_odometry,,,,,,,,,,,,,,,,,,,,,,,,,,,196218,,,,,,,,,,,,,,,,,,
front_end,,True,kiss_icp_odometry,,,,,,,,,,,,,,,,,,,,,,,,,,,196221,,,,,,,,,,,,,,,,,,
front_end,,True,kiss_icp_odometry,,,,,,,,,,,,,,,,,,,,,,,,,,,196228,,,,,,,,,,,,,,,,,,
front_end,,True,kiss_icp_odometry,,,,,,,,,,,,,,,,,,,,,,,,,,,196232,,,,,,,,,,,,,,,,,,
front_end,,True,kiss_icp_odometry,,,,,,,,,,,,,,,,,,,,,,,,,,,196238,,,,,,,,,,,,,,,,,,
front_end,,True,kiss_icp_odometry,,,,,,,,,,,,,,,,,,,,,,,,,,,196242,,,,,,,,,,,,,,,,,,
front_end,,True,kiss_icp_odometry,,,,,,,,,,,,,,,,,,,,,,,,,,,196246,,,,,,,,,,,,,,,,,,
front_end,,True,kiss_icp_odometry,,,,,,,,,,,,,,,,,,,,,,,,,,,196250,,,,,,,,,,,,,,,,,,
front_end,,True,kiss_icp_odometry,,,,,,,,,,,,,,,,,,,,,,,,,,,196253,,,,,,,,,,,,,,,,,,
front_end,,True,kiss_icp_odometry,,,,,,,,,,,,,,,,,,,,,,,,,,,196261,,,,,,,,,,,,,,,,,,
front_end,,True,kiss_icp_odometry,,,,,,,,,,,,,,,,,,,,,,,,,,,196264,,,,,,,,,,,,,,,,,,
front_end,,True,kiss_icp_odometry,,,,,,,,,,,,,,,,,,,,,,,,,,,196271,,,,,,,,,,,,,,,,,,
front_end,,True,kiss_icp_odometry,,,,,,,,,,,,,,,,,,,,,,,,,,,196274,,,,,,,,,,,,,,,,,,
front_end,,True,kiss_icp_odometry,,,,,,,,,,,,,,,,,,,,,,,,,,,196283,,,,,,,,,,,,,,,,,,
front_end,,True,kiss_icp_odometry,,,,,,,,,,,,,,,,,,,,,,,,,,,196288,,,,,,,,,,,,,,,,,,
front_end,,True,kiss_icp_odometry,,,,,,,,,,,,,,,,,,,,,,,,,,,196296,,,,,,,,,,,,,,,,,,
front_end,,True,kiss_icp_odometry,,,,,,,,,,,,,,,,,,,,,,,,,,,196303,,,,,,,,,,,,,,,,,,
front_end,,True,kiss_icp_odometry,,,,,,,,,,,,,,,,,,,,,,,,,,,196311,,,,,,,,,,,,,,,,,,
front_end,,True,kiss_icp_odometry,,,,,,,,,,,,,,,,,,,,,,,,,,,196326,,,,,,,,,,,,,,,,,,
front_end,,True,kiss_icp_odometry,,,,,,,,,,,,,,,,,,,,,,,,,,,196335,,,,,,,,,,,,,,,,,,
front_end,,True,kiss_icp_odometry,,,,,,,,,,,,,,,,,,,,,,,,,,,196346,,,,,,,,,,,,,,,,,,
front_end,,True,kiss_icp_odometry,,,,,,,,,,,,,,,,,,,,,,,,,,,196357,,,,,,,,,,,,,,,,,,
front_end,,True,kiss_icp_odometry,,,,,,,,,,,,,,,,,,,,,,,,,,,196383,,,,,,,,,,,,,,,,,,
front_end,,True,kiss_icp_odometry,,,,,,,,,,,,,,,,,,,,,,,,,,,196390,,,,,,,,,,,,,,,,,,
front_end,,True,kiss_icp_odometry,,,,,,,,,,,,,,,,,,,,,,,,,,,196397,,,,,,,,,,,,,,,,,,
front_end,,True,kiss_icp_odometry,,,,,,,,,,,,,,,,,,,,,,,,,,,196404,,,,,,,,,,,,,,,,,,
front_end,,True,kiss_icp_odometry,,,,,,,,,,,,,,,,,,,,,,,,,,,196409,,,,,,,,,,,,,,,,,,
optimized_backend,,,,,,,,,,,,,,,,,,,,,,,,,,,,,,,,,,,,,,,,,154,252,99,,,,pose_graph,True
front_end,,True,kiss_icp_odometry,,,,,,,,,,,,,,,,,,,,,,,,,,,196425,,,,,,,,,,,,,,,,,,
front_end,,True,kiss_icp_odometry,,,,,,,,,,,,,,,,,,,,,,,,,,,196433,,,,,,,,,,,,,,,,,,
front_end,,True,kiss_icp_odometry,,,,,,,,,,,,,,,,,,,,,,,,,,,196440,,,,,,,,,,,,,,,,,,
front_end,,True,kiss_icp_odometry,,,,,,,,,,,,,,,,,,,,,,,,,,,196446,,,,,,,,,,,,,,,,,,
front_end,,True,kiss_icp_odometry,,,,,,,,,,,,,,,,,,,,,,,,,,,196460,,,,,,,,,,,,,,,,,,
front_end,,True,kiss_icp_odometry,,,,,,,,,,,,,,,,,,,,,,,,,,,196467,,,,,,,,,,,,,,,,,,
front_end,,True,kiss_icp_odometry,,,,,,,,,,,,,,,,,,,,,,,,,,,196499,,,,,,,,,,,,,,,,,,
front_end,,True,kiss_icp_odometry,,,,,,,,,,,,,,,,,,,,,,,,,,,196513,,,,,,,,,,,,,,,,,,
front_end,,True,kiss_icp_odometry,,,,,,,,,,,,,,,,,,,,,,,,,,,196528,,,,,,,,,,,,,,,,,,
front_end,,True,kiss_icp_odometry,,,,,,,,,,,,,,,,,,,,,,,,,,,196553,,,,,,,,,,,,,,,,,,
front_end,,True,kiss_icp_odometry,,,,,,,,,,,,,,,,,,,,,,,,,,,196581,,,,,,,,,,,,,,,,,,
front_end,,True,kiss_icp_odometry,,,,,,,,,,,,,,,,,,,,,,,,,,,196624,,,,,,,,,,,,,,,,,,
optimized_backend,,,,,,,,,,,,,,,,,,,,,,,,,,,,,,,,,,,,,,,,,155,254,100,,,,pose_graph,True
front_end,,True,kiss_icp_odometry,,,,,,,,,,,,,,,,,,,,,,,,,,,196653,,,,,,,,,,,,,,,,,,
front_end,,True,kiss_icp_odometry,,,,,,,,,,,,,,,,,,,,,,,,,,,196682,,,,,,,,,,,,,,,,,,
front_end,,True,kiss_icp_odometry,,,,,,,,,,,,,,,,,,,,,,,,,,,196721,,,,,,,,,,,,,,,,,,
front_end,,True,kiss_icp_odometry,,,,,,,,,,,,,,,,,,,,,,,,,,,196753,,,,,,,,,,,,,,,,,,
front_end,,True,kiss_icp_odometry,,,,,,,,,,,,,,,,,,,,,,,,,,,196823,,,,,,,,,,,,,,,,,,
front_end,,True,kiss_icp_odometry,,,,,,,,,,,,,,,,,,,,,,,,,,,196852,,,,,,,,,,,,,,,,,,
front_end,,True,kiss_icp_odometry,,,,,,,,,,,,,,,,,,,,,,,,,,,196889,,,,,,,,,,,,,,,,,,
front_end,,True,kiss_icp_odometry,,,,,,,,,,,,,,,,,,,,,,,,,,,196919,,,,,,,,,,,,,,,,,,
front_end,,True,kiss_icp_odometry,,,,,,,,,,,,,,,,,,,,,,,,,,,197002,,,,,,,,,,,,,,,,,,
front_end,,True,kiss_icp_odometry,,,,,,,,,,,,,,,,,,,,,,,,,,,197063,,,,,,,,,,,,,,,,,,
optimized_backend,,,,,,,,,,,,,,,,,,,,,,,,,,,,,,,,,,,,,,,,,156,256,101,,,,pose_graph,True
front_end,,True,kiss_icp_odometry,,,,,,,,,,,,,,,,,,,,,,,,,,,197086,,,,,,,,,,,,,,,,,,
front_end,,True,kiss_icp_odometry,,,,,,,,,,,,,,,,,,,,,,,,,,,197119,,,,,,,,,,,,,,,,,,
front_end,,True,kiss_icp_odometry,,,,,,,,,,,,,,,,,,,,,,,,,,,197161,,,,,,,,,,,,,,,,,,
front_end,,True,kiss_icp_odometry,,,,,,,,,,,,,,,,,,,,,,,,,,,197213,,,,,,,,,,,,,,,,,,
front_end,,True,kiss_icp_odometry,,,,,,,,,,,,,,,,,,,,,,,,,,,197256,,,,,,,,,,,,,,,,,,
front_end,,True,kiss_icp_odometry,,,,,,,,,,,,,,,,,,,,,,,,,,,197289,,,,,,,,,,,,,,,,,,
front_end,,True,kiss_icp_odometry,,,,,,,,,,,,,,,,,,,,,,,,,,,197322,,,,,,,,,,,,,,,,,,
front_end,,True,kiss_icp_odometry,,,,,,,,,,,,,,,,,,,,,,,,,,,197352,,,,,,,,,,,,,,,,,,
front_end,,True,kiss_icp_odometry,,,,,,,,,,,,,,,,,,,,,,,,,,,197428,,,,,,,,,,,,,,,,,,
front_end,,True,kiss_icp_odometry,,,,,,,,,,,,,,,,,,,,,,,,,,,197480,,,,,,,,,,,,,,,,,,
optimized_backend,,,,,,,,,,,,,,,,,,,,,,,,,,,,,,,,,,,,,,,,,157,258,102,,,,pose_graph,True
front_end,,True,kiss_icp_odometry,,,,,,,,,,,,,,,,,,,,,,,,,,,197507,,,,,,,,,,,,,,,,,,
front_end,,True,kiss_icp_odometry,,,,,,,,,,,,,,,,,,,,,,,,,,,197529,,,,,,,,,,,,,,,,,,
front_end,,True,kiss_icp_odometry,,,,,,,,,,,,,,,,,,,,,,,,,,,197569,,,,,,,,,,,,,,,,,,
front_end,,True,kiss_icp_odometry,,,,,,,,,,,,,,,,,,,,,,,,,,,197643,,,,,,,,,,,,,,,,,,
front_end,,True,kiss_icp_odometry,,,,,,,,,,,,,,,,,,,,,,,,,,,197701,,,,,,,,,,,,,,,,,,
front_end,,True,kiss_icp_odometry,,,,,,,,,,,,,,,,,,,,,,,,,,,197741,,,,,,,,,,,,,,,,,,
front_end,,True,kiss_icp_odometry,,,,,,,,,,,,,,,,,,,,,,,,,,,197774,,,,,,,,,,,,,,,,,,
front_end,,True,kiss_icp_odometry,,,,,,,,,,,,,,,,,,,,,,,,,,,197800,,,,,,,,,,,,,,,,,,
front_end,,True,kiss_icp_odometry,,,,,,,,,,,,,,,,,,,,,,,,,,,197857,,,,,,,,,,,,,,,,,,
front_end,,True,kiss_icp_odometry,,,,,,,,,,,,,,,,,,,,,,,,,,,197885,,,,,,,,,,,,,,,,,,
front_end,,True,kiss_icp_odometry,,,,,,,,,,,,,,,,,,,,,,,,,,,197914,,,,,,,,,,,,,,,,,,
front_end,,True,kiss_icp_odometry,,,,,,,,,,,,,,,,,,,,,,,,,,,197941,,,,,,,,,,,,,,,,,,
front_end,,True,kiss_icp_odometry,,,,,,,,,,,,,,,,,,,,,,,,,,,197968,,,,,,,,,,,,,,,,,,
optimized_backend,,,,,,,,,,,,,,,,,,,,,,,,,,,,,,,,,,,,,,,,,158,260,103,,,,pose_graph,True
front_end,,True,kiss_icp_odometry,,,,,,,,,,,,,,,,,,,,,,,,,,,198032,,,,,,,,,,,,,,,,,,
front_end,,True,kiss_icp_odometry,,,,,,,,,,,,,,,,,,,,,,,,,,,198084,,,,,,,,,,,,,,,,,,
front_end,,True,kiss_icp_odometry,,,,,,,,,,,,,,,,,,,,,,,,,,,198191,,,,,,,,,,,,,,,,,,
front_end,,True,kiss_icp_odometry,,,,,,,,,,,,,,,,,,,,,,,,,,,198237,,,,,,,,,,,,,,,,,,
front_end,,True,kiss_icp_odometry,,,,,,,,,,,,,,,,,,,,,,,,,,,198289,,,,,,,,,,,,,,,,,,
front_end,,True,kiss_icp_odometry,,,,,,,,,,,,,,,,,,,,,,,,,,,198334,,,,,,,,,,,,,,,,,,
front_end,,True,kiss_icp_odometry,,,,,,,,,,,,,,,,,,,,,,,,,,,198376,,,,,,,,,,,,,,,,,,
front_end,,True,kiss_icp_odometry,,,,,,,,,,,,,,,,,,,,,,,,,,,198406,,,,,,,,,,,,,,,,,,
front_end,,True,kiss_icp_odometry,,,,,,,,,,,,,,,,,,,,,,,,,,,198435,,,,,,,,,,,,,,,,,,
optimized_backend,,,,,,,,,,,,,,,,,,,,,,,,,,,,,,,,,,,,,,,,,159,262,104,,,,pose_graph,True
front_end,,True,kiss_icp_odometry,,,,,,,,,,,,,,,,,,,,,,,,,,,198491,,,,,,,,,,,,,,,,,,
front_end,,True,kiss_icp_odometry,,,,,,,,,,,,,,,,,,,,,,,,,,,198507,,,,,,,,,,,,,,,,,,
front_end,,True,kiss_icp_odometry,,,,,,,,,,,,,,,,,,,,,,,,,,,198529,,,,,,,,,,,,,,,,,,
front_end,,True,kiss_icp_odometry,,,,,,,,,,,,,,,,,,,,,,,,,,,198542,,,,,,,,,,,,,,,,,,
front_end,,True,kiss_icp_odometry,,,,,,,,,,,,,,,,,,,,,,,,,,,198563,,,,,,,,,,,,,,,,,,
front_end,,True,kiss_icp_odometry,,,,,,,,,,,,,,,,,,,,,,,,,,,198571,,,,,,,,,,,,,,,,,,
front_end,,True,kiss_icp_odometry,,,,,,,,,,,,,,,,,,,,,,,,,,,198582,,,,,,,,,,,,,,,,,,
front_end,,True,kiss_icp_odometry,,,,,,,,,,,,,,,,,,,,,,,,,,,198602,,,,,,,,,,,,,,,,,,
front_end,,True,kiss_icp_odometry,,,,,,,,,,,,,,,,,,,,,,,,,,,198612,,,,,,,,,,,,,,,,,,
front_end,,True,kiss_icp_odometry,,,,,,,,,,,,,,,,,,,,,,,,,,,198619,,,,,,,,,,,,,,,,,,
front_end,,True,kiss_icp_odometry,,,,,,,,,,,,,,,,,,,,,,,,,,,198663,,,,,,,,,,,,,,,,,,
front_end,,True,kiss_icp_odometry,,,,,,,,,,,,,,,,,,,,,,,,,,,198679,,,,,,,,,,,,,,,,,,
front_end,,True,kiss_icp_odometry,,,,,,,,,,,,,,,,,,,,,,,,,,,198704,,,,,,,,,,,,,,,,,,
front_end,,True,kiss_icp_odometry,,,,,,,,,,,,,,,,,,,,,,,,,,,198713,,,,,,,,,,,,,,,,,,
front_end,,True,kiss_icp_odometry,,,,,,,,,,,,,,,,,,,,,,,,,,,198727,,,,,,,,,,,,,,,,,,
front_end,,True,kiss_icp_odometry,,,,,,,,,,,,,,,,,,,,,,,,,,,198748,,,,,,,,,,,,,,,,,,
front_end,,True,kiss_icp_odometry,,,,,,,,,,,,,,,,,,,,,,,,,,,198756,,,,,,,,,,,,,,,,,,
front_end,,True,kiss_icp_odometry,,,,,,,,,,,,,,,,,,,,,,,,,,,198779,,,,,,,,,,,,,,,,,,
front_end,,True,kiss_icp_odometry,,,,,,,,,,,,,,,,,,,,,,,,,,,198788,,,,,,,,,,,,,,,,,,
front_end,,True,kiss_icp_odometry,,,,,,,,,,,,,,,,,,,,,,,,,,,198800,,,,,,,,,,,,,,,,,,
front_end,,True,kiss_icp_odometry,,,,,,,,,,,,,,,,,,,,,,,,,,,198816,,,,,,,,,,,,,,,,,,
front_end,,True,kiss_icp_odometry,,,,,,,,,,,,,,,,,,,,,,,,,,,198836,,,,,,,,,,,,,,,,,,
front_end,,True,kiss_icp_odometry,,,,,,,,,,,,,,,,,,,,,,,,,,,198863,,,,,,,,,,,,,,,,,,
front_end,,True,kiss_icp_odometry,,,,,,,,,,,,,,,,,,,,,,,,,,,198875,,,,,,,,,,,,,,,,,,
front_end,,True,kiss_icp_odometry,,,,,,,,,,,,,,,,,,,,,,,,,,,198899,,,,,,,,,,,,,,,,,,
front_end,,True,kiss_icp_odometry,,,,,,,,,,,,,,,,,,,,,,,,,,,198925,,,,,,,,,,,,,,,,,,
optimized_backend,,,,,,,,,,,,,,,,,,,,,,,,,,,,,,,,,,,,,,,,,160,264,105,,,,pose_graph,True
front_end,,True,kiss_icp_odometry,,,,,,,,,,,,,,,,,,,,,,,,,,,198964,,,,,,,,,,,,,,,,,,
front_end,,True,kiss_icp_odometry,,,,,,,,,,,,,,,,,,,,,,,,,,,198989,,,,,,,,,,,,,,,,,,
front_end,,True,kiss_icp_odometry,,,,,,,,,,,,,,,,,,,,,,,,,,,199006,,,,,,,,,,,,,,,,,,
front_end,,True,kiss_icp_odometry,,,,,,,,,,,,,,,,,,,,,,,,,,,199041,,,,,,,,,,,,,,,,,,
front_end,,True,kiss_icp_odometry,,,,,,,,,,,,,,,,,,,,,,,,,,,199070,,,,,,,,,,,,,,,,,,
front_end,,True,kiss_icp_odometry,,,,,,,,,,,,,,,,,,,,,,,,,,,199106,,,,,,,,,,,,,,,,,,
front_end,,True,kiss_icp_odometry,,,,,,,,,,,,,,,,,,,,,,,,,,,199185,,,,,,,,,,,,,,,,,,
front_end,,True,kiss_icp_odometry,,,,,,,,,,,,,,,,,,,,,,,,,,,199218,,,,,,,,,,,,,,,,,,
front_end,,True,kiss_icp_odometry,,,,,,,,,,,,,,,,,,,,,,,,,,,199250,,,,,,,,,,,,,,,,,,
optimized_backend,,,,,,,,,,,,,,,,,,,,,,,,,,,,,,,,,,,,,,,,,161,266,106,,,,pose_graph,True
front_end,,True,kiss_icp_odometry,,,,,,,,,,,,,,,,,,,,,,,,,,,199294,,,,,,,,,,,,,,,,,,
front_end,,True,kiss_icp_odometry,,,,,,,,,,,,,,,,,,,,,,,,,,,199329,,,,,,,,,,,,,,,,,,
front_end,,True,kiss_icp_odometry,,,,,,,,,,,,,,,,,,,,,,,,,,,199374,,,,,,,,,,,,,,,,,,
front_end,,True,kiss_icp_odometry,,,,,,,,,,,,,,,,,,,,,,,,,,,199415,,,,,,,,,,,,,,,,,,
front_end,,True,kiss_icp_odometry,,,,,,,,,,,,,,,,,,,,,,,,,,,199451,,,,,,,,,,,,,,,,,,
front_end,,True,kiss_icp_odometry,,,,,,,,,,,,,,,,,,,,,,,,,,,199496,,,,,,,,,,,,,,,,,,
front_end,,True,kiss_icp_odometry,,,,,,,,,,,,,,,,,,,,,,,,,,,199541,,,,,,,,,,,,,,,,,,
front_end,,True,kiss_icp_odometry,,,,,,,,,,,,,,,,,,,,,,,,,,,199604,,,,,,,,,,,,,,,,,,
optimized_backend,,,,,,,,,,,,,,,,,,,,,,,,,,,,,,,,,,,,,,,,,162,268,107,,,,pose_graph,True
front_end,,True,kiss_icp_odometry,,,,,,,,,,,,,,,,,,,,,,,,,,,199641,,,,,,,,,,,,,,,,,,
front_end,,True,kiss_icp_odometry,,,,,,,,,,,,,,,,,,,,,,,,,,,199690,,,,,,,,,,,,,,,,,,
front_end,,True,kiss_icp_odometry,,,,,,,,,,,,,,,,,,,,,,,,,,,199744,,,,,,,,,,,,,,,,,,
front_end,,True,kiss_icp_odometry,,,,,,,,,,,,,,,,,,,,,,,,,,,199784,,,,,,,,,,,,,,,,,,
front_end,,True,kiss_icp_odometry,,,,,,,,,,,,,,,,,,,,,,,,,,,199829,,,,,,,,,,,,,,,,,,
front_end,,True,kiss_icp_odometry,,,,,,,,,,,,,,,,,,,,,,,,,,,199864,,,,,,,,,,,,,,,,,,
front_end,,True,kiss_icp_odometry,,,,,,,,,,,,,,,,,,,,,,,,,,,199904,,,,,,,,,,,,,,,,,,
front_end,,True,kiss_icp_odometry,,,,,,,,,,,,,,,,,,,,,,,,,,,199936,,,,,,,,,,,,,,,,,,
front_end,,True,kiss_icp_odometry,,,,,,,,,,,,,,,,,,,,,,,,,,,199959,,,,,,,,,,,,,,,,,,
front_end,,True,kiss_icp_odometry,,,,,,,,,,,,,,,,,,,,,,,,,,,199978,,,,,,,,,,,,,,,,,,
front_end,,True,kiss_icp_odometry,,,,,,,,,,,,,,,,,,,,,,,,,,,200001,,,,,,,,,,,,,,,,,,
front_end,,True,kiss_icp_odometry,,,,,,,,,,,,,,,,,,,,,,,,,,,200022,,,,,,,,,,,,,,,,,,
optimized_backend,,,,,,,,,,,,,,,,,,,,,,,,,,,,,,,,,,,,,,,,,163,270,108,,,,pose_graph,True
front_end,,True,kiss_icp_odometry,,,,,,,,,,,,,,,,,,,,,,,,,,,200048,,,,,,,,,,,,,,,,,,
front_end,,True,kiss_icp_odometry,,,,,,,,,,,,,,,,,,,,,,,,,,,200073,,,,,,,,,,,,,,,,,,
front_end,,True,kiss_icp_odometry,,,,,,,,,,,,,,,,,,,,,,,,,,,200094,,,,,,,,,,,,,,,,,,
front_end,,True,kiss_icp_odometry,,,,,,,,,,,,,,,,,,,,,,,,,,,200115,,,,,,,,,,,,,,,,,,
front_end,,True,kiss_icp_odometry,,,,,,,,,,,,,,,,,,,,,,,,,,,200159,,,,,,,,,,,,,,,,,,
front_end,,True,kiss_icp_odometry,,,,,,,,,,,,,,,,,,,,,,,,,,,200196,,,,,,,,,,,,,,,,,,
front_end,,True,kiss_icp_odometry,,,,,,,,,,,,,,,,,,,,,,,,,,,200225,,,,,,,,,,,,,,,,,,
front_end,,True,kiss_icp_odometry,,,,,,,,,,,,,,,,,,,,,,,,,,,200275,,,,,,,,,,,,,,,,,,
optimized_backend,,,,,,,,,,,,,,,,,,,,,,,,,,,,,,,,,,,,,,,,,164,272,109,,,,pose_graph,True
front_end,,True,kiss_icp_odometry,,,,,,,,,,,,,,,,,,,,,,,,,,,200299,,,,,,,,,,,,,,,,,,
front_end,,True,kiss_icp_odometry,,,,,,,,,,,,,,,,,,,,,,,,,,,200314,,,,,,,,,,,,,,,,,,
front_end,,True,kiss_icp_odometry,,,,,,,,,,,,,,,,,,,,,,,,,,,200333,,,,,,,,,,,,,,,,,,
front_end,,True,kiss_icp_odometry,,,,,,,,,,,,,,,,,,,,,,,,,,,200344,,,,,,,,,,,,,,,,,,
front_end,,True,kiss_icp_odometry,,,,,,,,,,,,,,,,,,,,,,,,,,,200366,,,,,,,,,,,,,,,,,,
front_end,,True,kiss_icp_odometry,,,,,,,,,,,,,,,,,,,,,,,,,,,200395,,,,,,,,,,,,,,,,,,
front_end,,True,kiss_icp_odometry,,,,,,,,,,,,,,,,,,,,,,,,,,,200400,,,,,,,,,,,,,,,,,,
front_end,,True,kiss_icp_odometry,,,,,,,,,,,,,,,,,,,,,,,,,,,200406,,,,,,,,,,,,,,,,,,
front_end,,True,kiss_icp_odometry,,,,,,,,,,,,,,,,,,,,,,,,,,,200418,,,,,,,,,,,,,,,,,,
front_end,,True,kiss_icp_odometry,,,,,,,,,,,,,,,,,,,,,,,,,,,200430,,,,,,,,,,,,,,,,,,
front_end,,True,kiss_icp_odometry,,,,,,,,,,,,,,,,,,,,,,,,,,,200439,,,,,,,,,,,,,,,,,,
front_end,,True,kiss_icp_odometry,,,,,,,,,,,,,,,,,,,,,,,,,,,200444,,,,,,,,,,,,,,,,,,
front_end,,True,kiss_icp_odometry,,,,,,,,,,,,,,,,,,,,,,,,,,,200452,,,,,,,,,,,,,,,,,,
front_end,,True,kiss_icp_odometry,,,,,,,,,,,,,,,,,,,,,,,,,,,200463,,,,,,,,,,,,,,,,,,
front_end,,True,kiss_icp_odometry,,,,,,,,,,,,,,,,,,,,,,,,,,,200475,,,,,,,,,,,,,,,,,,
front_end,,True,kiss_icp_odometry,,,,,,,,,,,,,,,,,,,,,,,,,,,200491,,,,,,,,,,,,,,,,,,
front_end,,True,kiss_icp_odometry,,,,,,,,,,,,,,,,,,,,,,,,,,,200497,,,,,,,,,,,,,,,,,,
front_end,,True,kiss_icp_odometry,,,,,,,,,,,,,,,,,,,,,,,,,,,200504,,,,,,,,,,,,,,,,,,
front_end,,True,kiss_icp_odometry,,,,,,,,,,,,,,,,,,,,,,,,,,,200519,,,,,,,,,,,,,,,,,,
optimized_backend,,,,,,,,,,,,,,,,,,,,,,,,,,,,,,,,,,,,,,,,,165,274,110,,,,pose_graph,True
front_end,,True,kiss_icp_odometry,,,,,,,,,,,,,,,,,,,,,,,,,,,200523,,,,,,,,,,,,,,,,,,
front_end,,True,kiss_icp_odometry,,,,,,,,,,,,,,,,,,,,,,,,,,,200539,,,,,,,,,,,,,,,,,,
front_end,,True,kiss_icp_odometry,,,,,,,,,,,,,,,,,,,,,,,,,,,200551,,,,,,,,,,,,,,,,,,
front_end,,True,kiss_icp_odometry,,,,,,,,,,,,,,,,,,,,,,,,,,,200572,,,,,,,,,,,,,,,,,,
front_end,,True,kiss_icp_odometry,,,,,,,,,,,,,,,,,,,,,,,,,,,200583,,,,,,,,,,,,,,,,,,
front_end,,True,kiss_icp_odometry,,,,,,,,,,,,,,,,,,,,,,,,,,,200588,,,,,,,,,,,,,,,,,,
front_end,,True,kiss_icp_odometry,,,,,,,,,,,,,,,,,,,,,,,,,,,200593,,,,,,,,,,,,,,,,,,
front_end,,True,kiss_icp_odometry,,,,,,,,,,,,,,,,,,,,,,,,,,,200596,,,,,,,,,,,,,,,,,,
front_end,,True,kiss_icp_odometry,,,,,,,,,,,,,,,,,,,,,,,,,,,200615,,,,,,,,,,,,,,,,,,
front_end,,True,kiss_icp_odometry,,,,,,,,,,,,,,,,,,,,,,,,,,,200636,,,,,,,,,,,,,,,,,,
front_end,,True,kiss_icp_odometry,,,,,,,,,,,,,,,,,,,,,,,,,,,200641,,,,,,,,,,,,,,,,,,
front_end,,True,kiss_icp_odometry,,,,,,,,,,,,,,,,,,,,,,,,,,,200648,,,,,,,,,,,,,,,,,,
front_end,,True,kiss_icp_odometry,,,,,,,,,,,,,,,,,,,,,,,,,,,200666,,,,,,,,,,,,,,,,,,
front_end,,True,kiss_icp_odometry,,,,,,,,,,,,,,,,,,,,,,,,,,,200673,,,,,,,,,,,,,,,,,,
front_end,,True,kiss_icp_odometry,,,,,,,,,,,,,,,,,,,,,,,,,,,200686,,,,,,,,,,,,,,,,,,
front_end,,True,kiss_icp_odometry,,,,,,,,,,,,,,,,,,,,,,,,,,,200695,,,,,,,,,,,,,,,,,,
front_end,,True,kiss_icp_odometry,,,,,,,,,,,,,,,,,,,,,,,,,,,200720,,,,,,,,,,,,,,,,,,
front_end,,True,kiss_icp_odometry,,,,,,,,,,,,,,,,,,,,,,,,,,,200736,,,,,,,,,,,,,,,,,,
front_end,,True,kiss_icp_odometry,,,,,,,,,,,,,,,,,,,,,,,,,,,200761,,,,,,,,,,,,,,,,,,
front_end,,True,kiss_icp_odometry,,,,,,,,,,,,,,,,,,,,,,,,,,,200795,,,,,,,,,,,,,,,,,,
front_end,,True,kiss_icp_odometry,,,,,,,,,,,,,,,,,,,,,,,,,,,200824,,,,,,,,,,,,,,,,,,
front_end,,True,kiss_icp_odometry,,,,,,,,,,,,,,,,,,,,,,,,,,,200845,,,,,,,,,,,,,,,,,,
front_end,,True,kiss_icp_odometry,,,,,,,,,,,,,,,,,,,,,,,,,,,200882,,,,,,,,,,,,,,,,,,
front_end,,True,kiss_icp_odometry,,,,,,,,,,,,,,,,,,,,,,,,,,,200937,,,,,,,,,,,,,,,,,,
front_end,,True,kiss_icp_odometry,,,,,,,,,,,,,,,,,,,,,,,,,,,200967,,,,,,,,,,,,,,,,,,
front_end,,True,kiss_icp_odometry,,,,,,,,,,,,,,,,,,,,,,,,,,,200991,,,,,,,,,,,,,,,,,,
front_end,,True,kiss_icp_odometry,,,,,,,,,,,,,,,,,,,,,,,,,,,201003,,,,,,,,,,,,,,,,,,
front_end,,True,kiss_icp_odometry,,,,,,,,,,,,,,,,,,,,,,,,,,,201017,,,,,,,,,,,,,,,,,,
front_end,,True,kiss_icp_odometry,,,,,,,,,,,,,,,,,,,,,,,,,,,201039,,,,,,,,,,,,,,,,,,
front_end,,True,kiss_icp_odometry,,,,,,,,,,,,,,,,,,,,,,,,,,,201050,,,,,,,,,,,,,,,,,,
front_end,,True,kiss_icp_odometry,,,,,,,,,,,,,,,,,,,,,,,,,,,201057,,,,,,,,,,,,,,,,,,
front_end,,True,kiss_icp_odometry,,,,,,,,,,,,,,,,,,,,,,,,,,,201068,,,,,,,,,,,,,,,,,,
optimized_backend,,,,,,,,,,,,,,,,,,,,,,,,,,,,,,,,,,,,,,,,,166,276,111,,,,pose_graph,True
front_end,,True,kiss_icp_odometry,,,,,,,,,,,,,,,,,,,,,,,,,,,201072,,,,,,,,,,,,,,,,,,
front_end,,True,kiss_icp_odometry,,,,,,,,,,,,,,,,,,,,,,,,,,,201081,,,,,,,,,,,,,,,,,,
front_end,,True,kiss_icp_odometry,,,,,,,,,,,,,,,,,,,,,,,,,,,201105,,,,,,,,,,,,,,,,,,
front_end,,True,kiss_icp_odometry,,,,,,,,,,,,,,,,,,,,,,,,,,,201123,,,,,,,,,,,,,,,,,,
front_end,,True,kiss_icp_odometry,,,,,,,,,,,,,,,,,,,,,,,,,,,201140,,,,,,,,,,,,,,,,,,
front_end,,True,kiss_icp_odometry,,,,,,,,,,,,,,,,,,,,,,,,,,,201160,,,,,,,,,,,,,,,,,,
front_end,,True,kiss_icp_odometry,,,,,,,,,,,,,,,,,,,,,,,,,,,201202,,,,,,,,,,,,,,,,,,
front_end,,True,kiss_icp_odometry,,,,,,,,,,,,,,,,,,,,,,,,,,,201233,,,,,,,,,,,,,,,,,,
front_end,,True,kiss_icp_odometry,,,,,,,,,,,,,,,,,,,,,,,,,,,201248,,,,,,,,,,,,,,,,,,
front_end,,True,kiss_icp_odometry,,,,,,,,,,,,,,,,,,,,,,,,,,,201267,,,,,,,,,,,,,,,,,,
front_end,,True,kiss_icp_odometry,,,,,,,,,,,,,,,,,,,,,,,,,,,201279,,,,,,,,,,,,,,,,,,
front_end,,True,kiss_icp_odometry,,,,,,,,,,,,,,,,,,,,,,,,,,,201309,,,,,,,,,,,,,,,,,,
front_end,,True,kiss_icp_odometry,,,,,,,,,,,,,,,,,,,,,,,,,,,201341,,,,,,,,,,,,,,,,,,
optimized_backend,,,,,,,,,,,,,,,,,,,,,,,,,,,,,,,,,,,,,,,,,167,278,112,,,,pose_graph,True
front_end,,True,kiss_icp_odometry,,,,,,,,,,,,,,,,,,,,,,,,,,,201370,,,,,,,,,,,,,,,,,,
front_end,,True,kiss_icp_odometry,,,,,,,,,,,,,,,,,,,,,,,,,,,201400,,,,,,,,,,,,,,,,,,
front_end,,True,kiss_icp_odometry,,,,,,,,,,,,,,,,,,,,,,,,,,,201425,,,,,,,,,,,,,,,,,,
front_end,,True,kiss_icp_odometry,,,,,,,,,,,,,,,,,,,,,,,,,,,201450,,,,,,,,,,,,,,,,,,
front_end,,True,kiss_icp_odometry,,,,,,,,,,,,,,,,,,,,,,,,,,,201474,,,,,,,,,,,,,,,,,,
front_end,,True,kiss_icp_odometry,,,,,,,,,,,,,,,,,,,,,,,,,,,201495,,,,,,,,,,,,,,,,,,
front_end,,True,kiss_icp_odometry,,,,,,,,,,,,,,,,,,,,,,,,,,,201521,,,,,,,,,,,,,,,,,,
front_end,,True,kiss_icp_odometry,,,,,,,,,,,,,,,,,,,,,,,,,,,201540,,,,,,,,,,,,,,,,,,
front_end,,True,kiss_icp_odometry,,,,,,,,,,,,,,,,,,,,,,,,,,,201579,,,,,,,,,,,,,,,,,,
optimized_backend,,,,,,,,,,,,,,,,,,,,,,,,,,,,,,,,,,,,,,,,,168,280,113,,,,pose_graph,True
front_end,,True,kiss_icp_odometry,,,,,,,,,,,,,,,,,,,,,,,,,,,201599,,,,,,,,,,,,,,,,,,
front_end,,True,kiss_icp_odometry,,,,,,,,,,,,,,,,,,,,,,,,,,,201618,,,,,,,,,,,,,,,,,,
front_end,,True,kiss_icp_odometry,,,,,,,,,,,,,,,,,,,,,,,,,,,201628,,,,,,,,,,,,,,,,,,
front_end,,True,kiss_icp_odometry,,,,,,,,,,,,,,,,,,,,,,,,,,,201642,,,,,,,,,,,,,,,,,,
front_end,,True,kiss_icp_odometry,,,,,,,,,,,,,,,,,,,,,,,,,,,201670,,,,,,,,,,,,,,,,,,
front_end,,True,kiss_icp_odometry,,,,,,,,,,,,,,,,,,,,,,,,,,,201689,,,,,,,,,,,,,,,,,,
front_end,,True,kiss_icp_odometry,,,,,,,,,,,,,,,,,,,,,,,,,,,201704,,,,,,,,,,,,,,,,,,
front_end,,True,kiss_icp_odometry,,,,,,,,,,,,,,,,,,,,,,,,,,,201718,,,,,,,,,,,,,,,,,,
front_end,,True,kiss_icp_odometry,,,,,,,,,,,,,,,,,,,,,,,,,,,201731,,,,,,,,,,,,,,,,,,
front_end,,True,kiss_icp_odometry,,,,,,,,,,,,,,,,,,,,,,,,,,,201767,,,,,,,,,,,,,,,,,,
front_end,,True,kiss_icp_odometry,,,,,,,,,,,,,,,,,,,,,,,,,,,201782,,,,,,,,,,,,,,,,,,
front_end,,True,kiss_icp_odometry,,,,,,,,,,,,,,,,,,,,,,,,,,,201786,,,,,,,,,,,,,,,,,,
front_end,,True,kiss_icp_odometry,,,,,,,,,,,,,,,,,,,,,,,,,,,201790,,,,,,,,,,,,,,,,,,
front_end,,True,kiss_icp_odometry,,,,,,,,,,,,,,,,,,,,,,,,,,,201796,,,,,,,,,,,,,,,,,,
optimized_backend,,,,,,,,,,,,,,,,,,,,,,,,,,,,,,,,,,,,,,,,,169,282,114,,,,pose_graph,True
front_end,,True,kiss_icp_odometry,,,,,,,,,,,,,,,,,,,,,,,,,,,201813,,,,,,,,,,,,,,,,,,
front_end,,True,kiss_icp_odometry,,,,,,,,,,,,,,,,,,,,,,,,,,,201833,,,,,,,,,,,,,,,,,,
front_end,,True,kiss_icp_odometry,,,,,,,,,,,,,,,,,,,,,,,,,,,201855,,,,,,,,,,,,,,,,,,
front_end,,True,kiss_icp_odometry,,,,,,,,,,,,,,,,,,,,,,,,,,,201893,,,,,,,,,,,,,,,,,,
front_end,,True,kiss_icp_odometry,,,,,,,,,,,,,,,,,,,,,,,,,,,201947,,,,,,,,,,,,,,,,,,
front_end,,True,kiss_icp_odometry,,,,,,,,,,,,,,,,,,,,,,,,,,,201960,,,,,,,,,,,,,,,,,,
front_end,,True,kiss_icp_odometry,,,,,,,,,,,,,,,,,,,,,,,,,,,201975,,,,,,,,,,,,,,,,,,
optimized_backend,,,,,,,,,,,,,,,,,,,,,,,,,,,,,,,,,,,,,,,,,170,284,115,,,,pose_graph,True
front_end,,True,kiss_icp_odometry,,,,,,,,,,,,,,,,,,,,,,,,,,,201981,,,,,,,,,,,,,,,,,,
front_end,,True,kiss_icp_odometry,,,,,,,,,,,,,,,,,,,,,,,,,,,202012,,,,,,,,,,,,,,,,,,
front_end,,True,kiss_icp_odometry,,,,,,,,,,,,,,,,,,,,,,,,,,,202030,,,,,,,,,,,,,,,,,,
front_end,,True,kiss_icp_odometry,,,,,,,,,,,,,,,,,,,,,,,,,,,202063,,,,,,,,,,,,,,,,,,
front_end,,True,kiss_icp_odometry,,,,,,,,,,,,,,,,,,,,,,,,,,,202090,,,,,,,,,,,,,,,,,,
front_end,,True,kiss_icp_odometry,,,,,,,,,,,,,,,,,,,,,,,,,,,202109,,,,,,,,,,,,,,,,,,
front_end,,True,kiss_icp_odometry,,,,,,,,,,,,,,,,,,,,,,,,,,,202122,,,,,,,,,,,,,,,,,,
front_end,,True,kiss_icp_odometry,,,,,,,,,,,,,,,,,,,,,,,,,,,202204,,,,,,,,,,,,,,,,,,
front_end,,True,kiss_icp_odometry,,,,,,,,,,,,,,,,,,,,,,,,,,,202219,,,,,,,,,,,,,,,,,,
front_end,,True,kiss_icp_odometry,,,,,,,,,,,,,,,,,,,,,,,,,,,202240,,,,,,,,,,,,,,,,,,
front_end,,True,kiss_icp_odometry,,,,,,,,,,,,,,,,,,,,,,,,,,,202263,,,,,,,,,,,,,,,,,,
front_end,,True,kiss_icp_odometry,,,,,,,,,,,,,,,,,,,,,,,,,,,202277,,,,,,,,,,,,,,,,,,
front_end,,True,kiss_icp_odometry,,,,,,,,,,,,,,,,,,,,,,,,,,,202290,,,,,,,,,,,,,,,,,,
front_end,,True,kiss_icp_odometry,,,,,,,,,,,,,,,,,,,,,,,,,,,202307,,,,,,,,,,,,,,,,,,
front_end,,True,kiss_icp_odometry,,,,,,,,,,,,,,,,,,,,,,,,,,,202328,,,,,,,,,,,,,,,,,,
optimized_backend,,,,,,,,,,,,,,,,,,,,,,,,,,,,,,,,,,,,,,,,,171,286,116,,,,pose_graph,True
front_end,,True,kiss_icp_odometry,,,,,,,,,,,,,,,,,,,,,,,,,,,202390,,,,,,,,,,,,,,,,,,
front_end,,True,kiss_icp_odometry,,,,,,,,,,,,,,,,,,,,,,,,,,,202403,,,,,,,,,,,,,,,,,,
front_end,,True,kiss_icp_odometry,,,,,,,,,,,,,,,,,,,,,,,,,,,202416,,,,,,,,,,,,,,,,,,
front_end,,True,kiss_icp_odometry,,,,,,,,,,,,,,,,,,,,,,,,,,,202428,,,,,,,,,,,,,,,,,,
front_end,,True,kiss_icp_odometry,,,,,,,,,,,,,,,,,,,,,,,,,,,202442,,,,,,,,,,,,,,,,,,
front_end,,True,kiss_icp_odometry,,,,,,,,,,,,,,,,,,,,,,,,,,,202462,,,,,,,,,,,,,,,,,,
front_end,,True,kiss_icp_odometry,,,,,,,,,,,,,,,,,,,,,,,,,,,202481,,,,,,,,,,,,,,,,,,
front_end,,True,kiss_icp_odometry,,,,,,,,,,,,,,,,,,,,,,,,,,,202502,,,,,,,,,,,,,,,,,,
front_end,,True,kiss_icp_odometry,,,,,,,,,,,,,,,,,,,,,,,,,,,202523,,,,,,,,,,,,,,,,,,
front_end,,True,kiss_icp_odometry,,,,,,,,,,,,,,,,,,,,,,,,,,,202538,,,,,,,,,,,,,,,,,,
front_end,,True,kiss_icp_odometry,,,,,,,,,,,,,,,,,,,,,,,,,,,202548,,,,,,,,,,,,,,,,,,
front_end,,True,kiss_icp_odometry,,,,,,,,,,,,,,,,,,,,,,,,,,,202568,,,,,,,,,,,,,,,,,,
optimized_backend,,,,,,,,,,,,,,,,,,,,,,,,,,,,,,,,,,,,,,,,,172,288,117,,,,pose_graph,True
front_end,,True,kiss_icp_odometry,,,,,,,,,,,,,,,,,,,,,,,,,,,202578,,,,,,,,,,,,,,,,,,
front_end,,True,kiss_icp_odometry,,,,,,,,,,,,,,,,,,,,,,,,,,,202585,,,,,,,,,,,,,,,,,,
front_end,,True,kiss_icp_odometry,,,,,,,,,,,,,,,,,,,,,,,,,,,202595,,,,,,,,,,,,,,,,,,
front_end,,True,kiss_icp_odometry,,,,,,,,,,,,,,,,,,,,,,,,,,,202604,,,,,,,,,,,,,,,,,,
front_end,,True,kiss_icp_odometry,,,,,,,,,,,,,,,,,,,,,,,,,,,202607,,,,,,,,,,,,,,,,,,
front_end,,True,kiss_icp_odometry,,,,,,,,,,,,,,,,,,,,,,,,,,,202631,,,,,,,,,,,,,,,,,,
front_end,,True,kiss_icp_odometry,,,,,,,,,,,,,,,,,,,,,,,,,,,202645,,,,,,,,,,,,,,,,,,
front_end,,True,kiss_icp_odometry,,,,,,,,,,,,,,,,,,,,,,,,,,,202654,,,,,,,,,,,,,,,,,,
front_end,,True,kiss_icp_odometry,,,,,,,,,,,,,,,,,,,,,,,,,,,202661,,,,,,,,,,,,,,,,,,
front_end,,True,kiss_icp_odometry,,,,,,,,,,,,,,,,,,,,,,,,,,,202671,,,,,,,,,,,,,,,,,,
front_end,,True,kiss_icp_odometry,,,,,,,,,,,,,,,,,,,,,,,,,,,202677,,,,,,,,,,,,,,,,,,
front_end,,True,kiss_icp_odometry,,,,,,,,,,,,,,,,,,,,,,,,,,,202682,,,,,,,,,,,,,,,,,,
front_end,,True,kiss_icp_odometry,,,,,,,,,,,,,,,,,,,,,,,,,,,202682,,,,,,,,,,,,,,,,,,
front_end,,True,kiss_icp_odometry,,,,,,,,,,,,,,,,,,,,,,,,,,,202686,,,,,,,,,,,,,,,,,,
front_end,,True,kiss_icp_odometry,,,,,,,,,,,,,,,,,,,,,,,,,,,202691,,,,,,,,,,,,,,,,,,
front_end,,True,kiss_icp_odometry,,,,,,,,,,,,,,,,,,,,,,,,,,,202697,,,,,,,,,,,,,,,,,,
front_end,,True,kiss_icp_odometry,,,,,,,,,,,,,,,,,,,,,,,,,,,202700,,,,,,,,,,,,,,,,,,
front_end,,True,kiss_icp_odometry,,,,,,,,,,,,,,,,,,,,,,,,,,,202701,,,,,,,,,,,,,,,,,,
front_end,,True,kiss_icp_odometry,,,,,,,,,,,,,,,,,,,,,,,,,,,202703,,,,,,,,,,,,,,,,,,
front_end,,True,kiss_icp_odometry,,,,,,,,,,,,,,,,,,,,,,,,,,,202708,,,,,,,,,,,,,,,,,,
front_end,,True,kiss_icp_odometry,,,,,,,,,,,,,,,,,,,,,,,,,,,202710,,,,,,,,,,,,,,,,,,
front_end,,True,kiss_icp_odometry,,,,,,,,,,,,,,,,,,,,,,,,,,,202717,,,,,,,,,,,,,,,,,,
front_end,,True,kiss_icp_odometry,,,,,,,,,,,,,,,,,,,,,,,,,,,202719,,,,,,,,,,,,,,,,,,
front_end,,True,kiss_icp_odometry,,,,,,,,,,,,,,,,,,,,,,,,,,,202721,,,,,,,,,,,,,,,,,,
front_end,,True,kiss_icp_odometry,,,,,,,,,,,,,,,,,,,,,,,,,,,202722,,,,,,,,,,,,,,,,,,
front_end,,True,kiss_icp_odometry,,,,,,,,,,,,,,,,,,,,,,,,,,,202725,,,,,,,,,,,,,,,,,,
front_end,,True,kiss_icp_odometry,,,,,,,,,,,,,,,,,,,,,,,,,,,202727,,,,,,,,,,,,,,,,,,
front_end,,True,kiss_icp_odometry,,,,,,,,,,,,,,,,,,,,,,,,,,,202732,,,,,,,,,,,,,,,,,,
front_end,,True,kiss_icp_odometry,,,,,,,,,,,,,,,,,,,,,,,,,,,202735,,,,,,,,,,,,,,,,,,
front_end,,True,kiss_icp_odometry,,,,,,,,,,,,,,,,,,,,,,,,,,,202737,,,,,,,,,,,,,,,,,,
optimized_backend,,,,,,,,,,,,,,,,,,,,,,,,,,,,,,,,,,,,,,,,,173,290,118,,,,pose_graph,True
front_end,,True,kiss_icp_odometry,,,,,,,,,,,,,,,,,,,,,,,,,,,202738,,,,,,,,,,,,,,,,,,
front_end,,True,kiss_icp_odometry,,,,,,,,,,,,,,,,,,,,,,,,,,,202739,,,,,,,,,,,,,,,,,,
front_end,,True,kiss_icp_odometry,,,,,,,,,,,,,,,,,,,,,,,,,,,202745,,,,,,,,,,,,,,,,,,
front_end,,True,kiss_icp_odometry,,,,,,,,,,,,,,,,,,,,,,,,,,,202752,,,,,,,,,,,,,,,,,,
front_end,,True,kiss_icp_odometry,,,,,,,,,,,,,,,,,,,,,,,,,,,202755,,,,,,,,,,,,,,,,,,
front_end,,True,kiss_icp_odometry,,,,,,,,,,,,,,,,,,,,,,,,,,,202759,,,,,,,,,,,,,,,,,,
front_end,,True,kiss_icp_odometry,,,,,,,,,,,,,,,,,,,,,,,,,,,202761,,,,,,,,,,,,,,,,,,
front_end,,True,kiss_icp_odometry,,,,,,,,,,,,,,,,,,,,,,,,,,,202765,,,,,,,,,,,,,,,,,,
front_end,,True,kiss_icp_odometry,,,,,,,,,,,,,,,,,,,,,,,,,,,202766,,,,,,,,,,,,,,,,,,
front_end,,True,kiss_icp_odometry,,,,,,,,,,,,,,,,,,,,,,,,,,,202767,,,,,,,,,,,,,,,,,,
front_end,,True,kiss_icp_odometry,,,,,,,,,,,,,,,,,,,,,,,,,,,202767,,,,,,,,,,,,,,,,,,
front_end,,True,kiss_icp_odometry,,,,,,,,,,,,,,,,,,,,,,,,,,,202769,,,,,,,,,,,,,,,,,,
front_end,,True,kiss_icp_odometry,,,,,,,,,,,,,,,,,,,,,,,,,,,202771,,,,,,,,,,,,,,,,,,
front_end,,True,kiss_icp_odometry,,,,,,,,,,,,,,,,,,,,,,,,,,,202776,,,,,,,,,,,,,,,,,,
optimized_backend,,,,,,,,,,,,,,,,,,,,,,,,,,,,,,,,,,,,,,,,,174,292,119,,,,pose_graph,True
front_end,,True,kiss_icp_odometry,,,,,,,,,,,,,,,,,,,,,,,,,,,202777,,,,,,,,,,,,,,,,,,
front_end,,True,kiss_icp_odometry,,,,,,,,,,,,,,,,,,,,,,,,,,,202778,,,,,,,,,,,,,,,,,,
front_end,,True,kiss_icp_odometry,,,,,,,,,,,,,,,,,,,,,,,,,,,202778,,,,,,,,,,,,,,,,,,
front_end,,True,kiss_icp_odometry,,,,,,,,,,,,,,,,,,,,,,,,,,,202780,,,,,,,,,,,,,,,,,,
front_end,,True,kiss_icp_odometry,,,,,,,,,,,,,,,,,,,,,,,,,,,202783,,,,,,,,,,,,,,,,,,
front_end,,True,kiss_icp_odometry,,,,,,,,,,,,,,,,,,,,,,,,,,,202783,,,,,,,,,,,,,,,,,,
front_end,,True,kiss_icp_odometry,,,,,,,,,,,,,,,,,,,,,,,,,,,202798,,,,,,,,,,,,,,,,,,
front_end,,True,kiss_icp_odometry,,,,,,,,,,,,,,,,,,,,,,,,,,,202804,,,,,,,,,,,,,,,,,,
front_end,,True,kiss_icp_odometry,,,,,,,,,,,,,,,,,,,,,,,,,,,202805,,,,,,,,,,,,,,,,,,
optimized_backend,,,,,,,,,,,,,,,,,,,,,,,,,,,,,,,,,,,,,,,,,175,294,120,,,,pose_graph,True
front_end,,True,kiss_icp_odometry,,,,,,,,,,,,,,,,,,,,,,,,,,,202806,,,,,,,,,,,,,,,,,,
front_end,,True,kiss_icp_odometry,,,,,,,,,,,,,,,,,,,,,,,,,,,202806,,,,,,,,,,,,,,,,,,
front_end,,True,kiss_icp_odometry,,,,,,,,,,,,,,,,,,,,,,,,,,,202807,,,,,,,,,,,,,,,,,,
front_end,,True,kiss_icp_odometry,,,,,,,,,,,,,,,,,,,,,,,,,,,202807,,,,,,,,,,,,,,,,,,
front_end,,True,kiss_icp_odometry,,,,,,,,,,,,,,,,,,,,,,,,,,,202808,,,,,,,,,,,,,,,,,,
front_end,,True,kiss_icp_odometry,,,,,,,,,,,,,,,,,,,,,,,,,,,202808,,,,,,,,,,,,,,,,,,
front_end,,True,kiss_icp_odometry,,,,,,,,,,,,,,,,,,,,,,,,,,,202822,,,,,,,,,,,,,,,,,,
front_end,,True,kiss_icp_odometry,,,,,,,,,,,,,,,,,,,,,,,,,,,202827,,,,,,,,,,,,,,,,,,
optimized_backend,,,,,,,,,,,,,,,,,,,,,,,,,,,,,,,,,,,,,,,,,176,296,121,,,,pose_graph,True
front_end,,True,kiss_icp_odometry,,,,,,,,,,,,,,,,,,,,,,,,,,,202841,,,,,,,,,,,,,,,,,,
front_end,,True,kiss_icp_odometry,,,,,,,,,,,,,,,,,,,,,,,,,,,202845,,,,,,,,,,,,,,,,,,
front_end,,True,kiss_icp_odometry,,,,,,,,,,,,,,,,,,,,,,,,,,,202848,,,,,,,,,,,,,,,,,,
front_end,,True,kiss_icp_odometry,,,,,,,,,,,,,,,,,,,,,,,,,,,202854,,,,,,,,,,,,,,,,,,
front_end,,True,kiss_icp_odometry,,,,,,,,,,,,,,,,,,,,,,,,,,,202860,,,,,,,,,,,,,,,,,,
front_end,,True,kiss_icp_odometry,,,,,,,,,,,,,,,,,,,,,,,,,,,202862,,,,,,,,,,,,,,,,,,
front_end,,True,kiss_icp_odometry,,,,,,,,,,,,,,,,,,,,,,,,,,,202862,,,,,,,,,,,,,,,,,,
front_end,,True,kiss_icp_odometry,,,,,,,,,,,,,,,,,,,,,,,,,,,202874,,,,,,,,,,,,,,,,,,
front_end,,True,kiss_icp_odometry,,,,,,,,,,,,,,,,,,,,,,,,,,,202883,,,,,,,,,,,,,,,,,,
front_end,,True,kiss_icp_odometry,,,,,,,,,,,,,,,,,,,,,,,,,,,202884,,,,,,,,,,,,,,,,,,
front_end,,True,kiss_icp_odometry,,,,,,,,,,,,,,,,,,,,,,,,,,,202906,,,,,,,,,,,,,,,,,,
front_end,,True,kiss_icp_odometry,,,,,,,,,,,,,,,,,,,,,,,,,,,202918,,,,,,,,,,,,,,,,,,
optimized_backend,,,,,,,,,,,,,,,,,,,,,,,,,,,,,,,,,,,,,,,,,177,298,122,,,,pose_graph,True
front_end,,True,kiss_icp_odometry,,,,,,,,,,,,,,,,,,,,,,,,,,,202920,,,,,,,,,,,,,,,,,,
front_end,,True,kiss_icp_odometry,,,,,,,,,,,,,,,,,,,,,,,,,,,202926,,,,,,,,,,,,,,,,,,
front_end,,True,kiss_icp_odometry,,,,,,,,,,,,,,,,,,,,,,,,,,,203002,,,,,,,,,,,,,,,,,,
front_end,,True,kiss_icp_odometry,,,,,,,,,,,,,,,,,,,,,,,,,,,203010,,,,,,,,,,,,,,,,,,
front_end,,True,kiss_icp_odometry,,,,,,,,,,,,,,,,,,,,,,,,,,,203018,,,,,,,,,,,,,,,,,,
front_end,,True,kiss_icp_odometry,,,,,,,,,,,,,,,,,,,,,,,,,,,203027,,,,,,,,,,,,,,,,,,
front_end,,True,kiss_icp_odometry,,,,,,,,,,,,,,,,,,,,,,,,,,,203036,,,,,,,,,,,,,,,,,,
front_end,,True,kiss_icp_odometry,,,,,,,,,,,,,,,,,,,,,,,,,,,203044,,,,,,,,,,,,,,,,,,
front_end,,True,kiss_icp_odometry,,,,,,,,,,,,,,,,,,,,,,,,,,,203048,,,,,,,,,,,,,,,,,,
front_end,,True,kiss_icp_odometry,,,,,,,,,,,,,,,,,,,,,,,,,,,203053,,,,,,,,,,,,,,,,,,
front_end,,True,kiss_icp_odometry,,,,,,,,,,,,,,,,,,,,,,,,,,,203057,,,,,,,,,,,,,,,,,,
front_end,,True,kiss_icp_odometry,,,,,,,,,,,,,,,,,,,,,,,,,,,203095,,,,,,,,,,,,,,,,,,
front_end,,True,kiss_icp_odometry,,,,,,,,,,,,,,,,,,,,,,,,,,,203177,,,,,,,,,,,,,,,,,,
optimized_backend,,,,,,,,,,,,,,,,,,,,,,,,,,,,,,,,,,,,,,,,,178,300,123,,,,pose_graph,True
front_end,,True,kiss_icp_odometry,,,,,,,,,,,,,,,,,,,,,,,,,,,203184,,,,,,,,,,,,,,,,,,
front_end,,True,kiss_icp_odometry,,,,,,,,,,,,,,,,,,,,,,,,,,,203191,,,,,,,,,,,,,,,,,,
front_end,,True,kiss_icp_odometry,,,,,,,,,,,,,,,,,,,,,,,,,,,203211,,,,,,,,,,,,,,,,,,
front_end,,True,kiss_icp_odometry,,,,,,,,,,,,,,,,,,,,,,,,,,,203215,,,,,,,,,,,,,,,,,,
front_end,,True,kiss_icp_odometry,,,,,,,,,,,,,,,,,,,,,,,,,,,203220,,,,,,,,,,,,,,,,,,
front_end,,True,kiss_icp_odometry,,,,,,,,,,,,,,,,,,,,,,,,,,,203233,,,,,,,,,,,,,,,,,,
front_end,,True,kiss_icp_odometry,,,,,,,,,,,,,,,,,,,,,,,,,,,203247,,,,,,,,,,,,,,,,,,
front_end,,True,kiss_icp_odometry,,,,,,,,,,,,,,,,,,,,,,,,,,,203256,,,,,,,,,,,,,,,,,,
front_end,,True,kiss_icp_odometry,,,,,,,,,,,,,,,,,,,,,,,,,,,203284,,,,,,,,,,,,,,,,,,
optimized_backend,,,,,,,,,,,,,,,,,,,,,,,,,,,,,,,,,,,,,,,,,179,302,124,,,,pose_graph,True
front_end,,True,kiss_icp_odometry,,,,,,,,,,,,,,,,,,,,,,,,,,,203310,,,,,,,,,,,,,,,,,,
front_end,,True,kiss_icp_odometry,,,,,,,,,,,,,,,,,,,,,,,,,,,203341,,,,,,,,,,,,,,,,,,
front_end,,True,kiss_icp_odometry,,,,,,,,,,,,,,,,,,,,,,,,,,,203368,,,,,,,,,,,,,,,,,,
front_end,,True,kiss_icp_odometry,,,,,,,,,,,,,,,,,,,,,,,,,,,203390,,,,,,,,,,,,,,,,,,
front_end,,True,kiss_icp_odometry,,,,,,,,,,,,,,,,,,,,,,,,,,,203418,,,,,,,,,,,,,,,,,,
front_end,,True,kiss_icp_odometry,,,,,,,,,,,,,,,,,,,,,,,,,,,203455,,,,,,,,,,,,,,,,,,
front_end,,True,kiss_icp_odometry,,,,,,,,,,,,,,,,,,,,,,,,,,,203488,,,,,,,,,,,,,,,,,,
front_end,,True,kiss_icp_odometry,,,,,,,,,,,,,,,,,,,,,,,,,,,203508,,,,,,,,,,,,,,,,,,
front_end,,True,kiss_icp_odometry,,,,,,,,,,,,,,,,,,,,,,,,,,,203531,,,,,,,,,,,,,,,,,,
front_end,,True,kiss_icp_odometry,,,,,,,,,,,,,,,,,,,,,,,,,,,203550,,,,,,,,,,,,,,,,,,
front_end,,True,kiss_icp_odometry,,,,,,,,,,,,,,,,,,,,,,,,,,,203569,,,,,,,,,,,,,,,,,,
front_end,,True,kiss_icp_odometry,,,,,,,,,,,,,,,,,,,,,,,,,,,203584,,,,,,,,,,,,,,,,,,
front_end,,True,kiss_icp_odometry,,,,,,,,,,,,,,,,,,,,,,,,,,,203594,,,,,,,,,,,,,,,,,,
optimized_backend,,,,,,,,,,,,,,,,,,,,,,,,,,,,,,,,,,,,,,,,,180,304,125,,,,pose_graph,True
front_end,,True,kiss_icp_odometry,,,,,,,,,,,,,,,,,,,,,,,,,,,203609,,,,,,,,,,,,,,,,,,
front_end,,True,kiss_icp_odometry,,,,,,,,,,,,,,,,,,,,,,,,,,,203616,,,,,,,,,,,,,,,,,,
front_end,,True,kiss_icp_odometry,,,,,,,,,,,,,,,,,,,,,,,,,,,203628,,,,,,,,,,,,,,,,,,
front_end,,True,kiss_icp_odometry,,,,,,,,,,,,,,,,,,,,,,,,,,,203635,,,,,,,,,,,,,,,,,,
front_end,,True,kiss_icp_odometry,,,,,,,,,,,,,,,,,,,,,,,,,,,203649,,,,,,,,,,,,,,,,,,
front_end,,True,kiss_icp_odometry,,,,,,,,,,,,,,,,,,,,,,,,,,,203653,,,,,,,,,,,,,,,,,,
front_end,,True,kiss_icp_odometry,,,,,,,,,,,,,,,,,,,,,,,,,,,203657,,,,,,,,,,,,,,,,,,
optimized_backend,,,,,,,,,,,,,,,,,,,,,,,,,,,,,,,,,,,,,,,,,181,306,126,,,,pose_graph,True
front_end,,True,kiss_icp_odometry,,,,,,,,,,,,,,,,,,,,,,,,,,,203660,,,,,,,,,,,,,,,,,,
front_end,,True,kiss_icp_odometry,,,,,,,,,,,,,,,,,,,,,,,,,,,203665,,,,,,,,,,,,,,,,,,
front_end,,True,kiss_icp_odometry,,,,,,,,,,,,,,,,,,,,,,,,,,,203667,,,,,,,,,,,,,,,,,,
front_end,,True,kiss_icp_odometry,,,,,,,,,,,,,,,,,,,,,,,,,,,203672,,,,,,,,,,,,,,,,,,
front_end,,True,kiss_icp_odometry,,,,,,,,,,,,,,,,,,,,,,,,,,,203673,,,,,,,,,,,,,,,,,,
front_end,,True,kiss_icp_odometry,,,,,,,,,,,,,,,,,,,,,,,,,,,203679,,,,,,,,,,,,,,,,,,
front_end,,True,kiss_icp_odometry,,,,,,,,,,,,,,,,,,,,,,,,,,,203681,,,,,,,,,,,,,,,,,,
front_end,,True,kiss_icp_odometry,,,,,,,,,,,,,,,,,,,,,,,,,,,203685,,,,,,,,,,,,,,,,,,
front_end,,True,kiss_icp_odometry,,,,,,,,,,,,,,,,,,,,,,,,,,,203688,,,,,,,,,,,,,,,,,,
front_end,,True,kiss_icp_odometry,,,,,,,,,,,,,,,,,,,,,,,,,,,203688,,,,,,,,,,,,,,,,,,
front_end,,True,kiss_icp_odometry,,,,,,,,,,,,,,,,,,,,,,,,,,,203695,,,,,,,,,,,,,,,,,,
front_end,,True,kiss_icp_odometry,,,,,,,,,,,,,,,,,,,,,,,,,,,203700,,,,,,,,,,,,,,,,,,
front_end,,True,kiss_icp_odometry,,,,,,,,,,,,,,,,,,,,,,,,,,,203704,,,,,,,,,,,,,,,,,,
front_end,,True,kiss_icp_odometry,,,,,,,,,,,,,,,,,,,,,,,,,,,203706,,,,,,,,,,,,,,,,,,
front_end,,True,kiss_icp_odometry,,,,,,,,,,,,,,,,,,,,,,,,,,,203711,,,,,,,,,,,,,,,,,,
front_end,,True,kiss_icp_odometry,,,,,,,,,,,,,,,,,,,,,,,,,,,203716,,,,,,,,,,,,,,,,,,
front_end,,True,kiss_icp_odometry,,,,,,,,,,,,,,,,,,,,,,,,,,,203717,,,,,,,,,,,,,,,,,,
front_end,,True,kiss_icp_odometry,,,,,,,,,,,,,,,,,,,,,,,,,,,203720,,,,,,,,,,,,,,,,,,
front_end,,True,kiss_icp_odometry,,,,,,,,,,,,,,,,,,,,,,,,,,,203725,,,,,,,,,,,,,,,,,,
front_end,,True,kiss_icp_odometry,,,,,,,,,,,,,,,,,,,,,,,,,,,203729,,,,,,,,,,,,,,,,,,
front_end,,True,kiss_icp_odometry,,,,,,,,,,,,,,,,,,,,,,,,,,,203734,,,,,,,,,,,,,,,,,,
front_end,,True,kiss_icp_odometry,,,,,,,,,,,,,,,,,,,,,,,,,,,203737,,,,,,,,,,,,,,,,,,
front_end,,True,kiss_icp_odometry,,,,,,,,,,,,,,,,,,,,,,,,,,,203739,,,,,,,,,,,,,,,,,,
front_end,,True,kiss_icp_odometry,,,,,,,,,,,,,,,,,,,,,,,,,,,203743,,,,,,,,,,,,,,,,,,
front_end,,True,kiss_icp_odometry,,,,,,,,,,,,,,,,,,,,,,,,,,,203754,,,,,,,,,,,,,,,,,,
front_end,,True,kiss_icp_odometry,,,,,,,,,,,,,,,,,,,,,,,,,,,203754,,,,,,,,,,,,,,,,,,
front_end,,True,kiss_icp_odometry,,,,,,,,,,,,,,,,,,,,,,,,,,,203758,,,,,,,,,,,,,,,,,,
front_end,,True,kiss_icp_odometry,,,,,,,,,,,,,,,,,,,,,,,,,,,203759,,,,,,,,,,,,,,,,,,
optimized_backend,,,,,,,,,,,,,,,,,,,,,,,,,,,,,,,,,,,,,,,,,182,308,127,,,,pose_graph,True
front_end,,True,kiss_icp_odometry,,,,,,,,,,,,,,,,,,,,,,,,,,,203765,,,,,,,,,,,,,,,,,,
front_end,,True,kiss_icp_odometry,,,,,,,,,,,,,,,,,,,,,,,,,,,203773,,,,,,,,,,,,,,,,,,
front_end,,True,kiss_icp_odometry,,,,,,,,,,,,,,,,,,,,,,,,,,,203778,,,,,,,,,,,,,,,,,,
front_end,,True,kiss_icp_odometry,,,,,,,,,,,,,,,,,,,,,,,,,,,203788,,,,,,,,,,,,,,,,,,
front_end,,True,kiss_icp_odometry,,,,,,,,,,,,,,,,,,,,,,,,,,,203793,,,,,,,,,,,,,,,,,,
front_end,,True,kiss_icp_odometry,,,,,,,,,,,,,,,,,,,,,,,,,,,203797,,,,,,,,,,,,,,,,,,
front_end,,True,kiss_icp_odometry,,,,,,,,,,,,,,,,,,,,,,,,,,,203798,,,,,,,,,,,,,,,,,,
front_end,,True,kiss_icp_odometry,,,,,,,,,,,,,,,,,,,,,,,,,,,203801,,,,,,,,,,,,,,,,,,
front_end,,True,kiss_icp_odometry,,,,,,,,,,,,,,,,,,,,,,,,,,,203809,,,,,,,,,,,,,,,,,,
front_end,,True,kiss_icp_odometry,,,,,,,,,,,,,,,,,,,,,,,,,,,203825,,,,,,,,,,,,,,,,,,
front_end,,True,kiss_icp_odometry,,,,,,,,,,,,,,,,,,,,,,,,,,,203830,,,,,,,,,,,,,,,,,,
front_end,,True,kiss_icp_odometry,,,,,,,,,,,,,,,,,,,,,,,,,,,203835,,,,,,,,,,,,,,,,,,
front_end,,True,kiss_icp_odometry,,,,,,,,,,,,,,,,,,,,,,,,,,,203839,,,,,,,,,,,,,,,,,,
front_end,,True,kiss_icp_odometry,,,,,,,,,,,,,,,,,,,,,,,,,,,203841,,,,,,,,,,,,,,,,,,
front_end,,True,kiss_icp_odometry,,,,,,,,,,,,,,,,,,,,,,,,,,,203842,,,,,,,,,,,,,,,,,,
front_end,,True,kiss_icp_odometry,,,,,,,,,,,,,,,,,,,,,,,,,,,203847,,,,,,,,,,,,,,,,,,
front_end,,True,kiss_icp_odometry,,,,,,,,,,,,,,,,,,,,,,,,,,,203863,,,,,,,,,,,,,,,,,,
front_end,,True,kiss_icp_odometry,,,,,,,,,,,,,,,,,,,,,,,,,,,203875,,,,,,,,,,,,,,,,,,
front_end,,True,kiss_icp_odometry,,,,,,,,,,,,,,,,,,,,,,,,,,,203887,,,,,,,,,,,,,,,,,,
front_end,,True,kiss_icp_odometry,,,,,,,,,,,,,,,,,,,,,,,,,,,203901,,,,,,,,,,,,,,,,,,
front_end,,True,kiss_icp_odometry,,,,,,,,,,,,,,,,,,,,,,,,,,,203910,,,,,,,,,,,,,,,,,,
front_end,,True,kiss_icp_odometry,,,,,,,,,,,,,,,,,,,,,,,,,,,203929,,,,,,,,,,,,,,,,,,
front_end,,True,kiss_icp_odometry,,,,,,,,,,,,,,,,,,,,,,,,,,,203986,,,,,,,,,,,,,,,,,,
front_end,,True,kiss_icp_odometry,,,,,,,,,,,,,,,,,,,,,,,,,,,204014,,,,,,,,,,,,,,,,,,
front_end,,True,kiss_icp_odometry,,,,,,,,,,,,,,,,,,,,,,,,,,,204024,,,,,,,,,,,,,,,,,,
front_end,,True,kiss_icp_odometry,,,,,,,,,,,,,,,,,,,,,,,,,,,204032,,,,,,,,,,,,,,,,,,
front_end,,True,kiss_icp_odometry,,,,,,,,,,,,,,,,,,,,,,,,,,,204050,,,,,,,,,,,,,,,,,,
front_end,,True,kiss_icp_odometry,,,,,,,,,,,,,,,,,,,,,,,,,,,204060,,,,,,,,,,,,,,,,,,
front_end,,True,kiss_icp_odometry,,,,,,,,,,,,,,,,,,,,,,,,,,,204065,,,,,,,,,,,,,,,,,,
front_end,,True,kiss_icp_odometry,,,,,,,,,,,,,,,,,,,,,,,,,,,204071,,,,,,,,,,,,,,,,,,
front_end,,True,kiss_icp_odometry,,,,,,,,,,,,,,,,,,,,,,,,,,,204073,,,,,,,,,,,,,,,,,,
front_end,,True,kiss_icp_odometry,,,,,,,,,,,,,,,,,,,,,,,,,,,204079,,,,,,,,,,,,,,,,,,
front_end,,True,kiss_icp_odometry,,,,,,,,,,,,,,,,,,,,,,,,,,,204083,,,,,,,,,,,,,,,,,,
front_end,,True,kiss_icp_odometry,,,,,,,,,,,,,,,,,,,,,,,,,,,204091,,,,,,,,,,,,,,,,,,
optimized_backend,,,,,,,,,,,,,,,,,,,,,,,,,,,,,,,,,,,,,,,,,183,310,128,,,,pose_graph,True
front_end,,True,kiss_icp_odometry,,,,,,,,,,,,,,,,,,,,,,,,,,,204098,,,,,,,,,,,,,,,,,,
front_end,,True,kiss_icp_odometry,,,,,,,,,,,,,,,,,,,,,,,,,,,204113,,,,,,,,,,,,,,,,,,
front_end,,True,kiss_icp_odometry,,,,,,,,,,,,,,,,,,,,,,,,,,,204129,,,,,,,,,,,,,,,,,,
front_end,,True,kiss_icp_odometry,,,,,,,,,,,,,,,,,,,,,,,,,,,204138,,,,,,,,,,,,,,,,,,
front_end,,True,kiss_icp_odometry,,,,,,,,,,,,,,,,,,,,,,,,,,,204148,,,,,,,,,,,,,,,,,,
front_end,,True,kiss_icp_odometry,,,,,,,,,,,,,,,,,,,,,,,,,,,204153,,,,,,,,,,,,,,,,,,
front_end,,True,kiss_icp_odometry,,,,,,,,,,,,,,,,,,,,,,,,,,,204161,,,,,,,,,,,,,,,,,,
front_end,,True,kiss_icp_odometry,,,,,,,,,,,,,,,,,,,,,,,,,,,204168,,,,,,,,,,,,,,,,,,
front_end,,True,kiss_icp_odometry,,,,,,,,,,,,,,,,,,,,,,,,,,,204177,,,,,,,,,,,,,,,,,,
front_end,,True,kiss_icp_odometry,,,,,,,,,,,,,,,,,,,,,,,,,,,204193,,,,,,,,,,,,,,,,,,
front_end,,True,kiss_icp_odometry,,,,,,,,,,,,,,,,,,,,,,,,,,,204196,,,,,,,,,,,,,,,,,,
front_end,,True,kiss_icp_odometry,,,,,,,,,,,,,,,,,,,,,,,,,,,204210,,,,,,,,,,,,,,,,,,
front_end,,True,kiss_icp_odometry,,,,,,,,,,,,,,,,,,,,,,,,,,,204220,,,,,,,,,,,,,,,,,,
front_end,,True,kiss_icp_odometry,,,,,,,,,,,,,,,,,,,,,,,,,,,204236,,,,,,,,,,,,,,,,,,
front_end,,True,kiss_icp_odometry,,,,,,,,,,,,,,,,,,,,,,,,,,,204238,,,,,,,,,,,,,,,,,,
front_end,,True,kiss_icp_odometry,,,,,,,,,,,,,,,,,,,,,,,,,,,204253,,,,,,,,,,,,,,,,,,
front_end,,True,kiss_icp_odometry,,,,,,,,,,,,,,,,,,,,,,,,,,,204256,,,,,,,,,,,,,,,,,,
front_end,,True,kiss_icp_odometry,,,,,,,,,,,,,,,,,,,,,,,,,,,204272,,,,,,,,,,,,,,,,,,
front_end,,True,kiss_icp_odometry,,,,,,,,,,,,,,,,,,,,,,,,,,,204283,,,,,,,,,,,,,,,,,,
front_end,,True,kiss_icp_odometry,,,,,,,,,,,,,,,,,,,,,,,,,,,204288,,,,,,,,,,,,,,,,,,
front_end,,True,kiss_icp_odometry,,,,,,,,,,,,,,,,,,,,,,,,,,,204289,,,,,,,,,,,,,,,,,,
front_end,,True,kiss_icp_odometry,,,,,,,,,,,,,,,,,,,,,,,,,,,204296,,,,,,,,,,,,,,,,,,
front_end,,True,kiss_icp_odometry,,,,,,,,,,,,,,,,,,,,,,,,,,,204302,,,,,,,,,,,,,,,,,,
front_end,,True,kiss_icp_odometry,,,,,,,,,,,,,,,,,,,,,,,,,,,204309,,,,,,,,,,,,,,,,,,
front_end,,True,kiss_icp_odometry,,,,,,,,,,,,,,,,,,,,,,,,,,,204314,,,,,,,,,,,,,,,,,,
optimized_backend,,,,,,,,,,,,,,,,,,,,,,,,,,,,,,,,,,,,,,,,,184,312,129,,,,pose_graph,True
front_end,,True,kiss_icp_odometry,,,,,,,,,,,,,,,,,,,,,,,,,,,204319,,,,,,,,,,,,,,,,,,
front_end,,True,kiss_icp_odometry,,,,,,,,,,,,,,,,,,,,,,,,,,,204326,,,,,,,,,,,,,,,,,,
front_end,,True,kiss_icp_odometry,,,,,,,,,,,,,,,,,,,,,,,,,,,204329,,,,,,,,,,,,,,,,,,
front_end,,True,kiss_icp_odometry,,,,,,,,,,,,,,,,,,,,,,,,,,,204333,,,,,,,,,,,,,,,,,,
front_end,,True,kiss_icp_odometry,,,,,,,,,,,,,,,,,,,,,,,,,,,204336,,,,,,,,,,,,,,,,,,
front_end,,True,kiss_icp_odometry,,,,,,,,,,,,,,,,,,,,,,,,,,,204350,,,,,,,,,,,,,,,,,,
front_end,,True,kiss_icp_odometry,,,,,,,,,,,,,,,,,,,,,,,,,,,204351,,,,,,,,,,,,,,,,,,
front_end,,True,kiss_icp_odometry,,,,,,,,,,,,,,,,,,,,,,,,,,,204352,,,,,,,,,,,,,,,,,,
optimized_backend,,,,,,,,,,,,,,,,,,,,,,,,,,,,,,,,,,,,,,,,,185,314,130,,,,pose_graph,True
front_end,,True,kiss_icp_odometry,,,,,,,,,,,,,,,,,,,,,,,,,,,204355,,,,,,,,,,,,,,,,,,
front_end,,True,kiss_icp_odometry,,,,,,,,,,,,,,,,,,,,,,,,,,,204357,,,,,,,,,,,,,,,,,,
front_end,,True,kiss_icp_odometry,,,,,,,,,,,,,,,,,,,,,,,,,,,204360,,,,,,,,,,,,,,,,,,
front_end,,True,kiss_icp_odometry,,,,,,,,,,,,,,,,,,,,,,,,,,,204362,,,,,,,,,,,,,,,,,,
front_end,,True,kiss_icp_odometry,,,,,,,,,,,,,,,,,,,,,,,,,,,204368,,,,,,,,,,,,,,,,,,
front_end,,True,kiss_icp_odometry,,,,,,,,,,,,,,,,,,,,,,,,,,,204369,,,,,,,,,,,,,,,,,,
front_end,,True,kiss_icp_odometry,,,,,,,,,,,,,,,,,,,,,,,,,,,204377,,,,,,,,,,,,,,,,,,
front_end,,True,kiss_icp_odometry,,,,,,,,,,,,,,,,,,,,,,,,,,,204382,,,,,,,,,,,,,,,,,,
front_end,,True,kiss_icp_odometry,,,,,,,,,,,,,,,,,,,,,,,,,,,204387,,,,,,,,,,,,,,,,,,
optimized_backend,,,,,,,,,,,,,,,,,,,,,,,,,,,,,,,,,,,,,,,,,186,316,131,,,,pose_graph,True
front_end,,True,kiss_icp_odometry,,,,,,,,,,,,,,,,,,,,,,,,,,,204392,,,,,,,,,,,,,,,,,,
front_end,,True,kiss_icp_odometry,,,,,,,,,,,,,,,,,,,,,,,,,,,204394,,,,,,,,,,,,,,,,,,
front_end,,True,kiss_icp_odometry,,,,,,,,,,,,,,,,,,,,,,,,,,,204397,,,,,,,,,,,,,,,,,,
front_end,,True,kiss_icp_odometry,,,,,,,,,,,,,,,,,,,,,,,,,,,204399,,,,,,,,,,,,,,,,,,
front_end,,True,kiss_icp_odometry,,,,,,,,,,,,,,,,,,,,,,,,,,,204399,,,,,,,,,,,,,,,,,,
front_end,,True,kiss_icp_odometry,,,,,,,,,,,,,,,,,,,,,,,,,,,204404,,,,,,,,,,,,,,,,,,
front_end,,True,kiss_icp_odometry,,,,,,,,,,,,,,,,,,,,,,,,,,,204410,,,,,,,,,,,,,,,,,,
front_end,,True,kiss_icp_odometry,,,,,,,,,,,,,,,,,,,,,,,,,,,204410,,,,,,,,,,,,,,,,,,
optimized_backend,,,,,,,,,,,,,,,,,,,,,,,,,,,,,,,,,,,,,,,,,187,318,132,,,,pose_graph,True
front_end,,True,kiss_icp_odometry,,,,,,,,,,,,,,,,,,,,,,,,,,,204414,,,,,,,,,,,,,,,,,,
front_end,,True,kiss_icp_odometry,,,,,,,,,,,,,,,,,,,,,,,,,,,204414,,,,,,,,,,,,,,,,,,
front_end,,True,kiss_icp_odometry,,,,,,,,,,,,,,,,,,,,,,,,,,,204414,,,,,,,,,,,,,,,,,,
front_end,,True,kiss_icp_odometry,,,,,,,,,,,,,,,,,,,,,,,,,,,204414,,,,,,,,,,,,,,,,,,
front_end,,True,kiss_icp_odometry,,,,,,,,,,,,,,,,,,,,,,,,,,,204416,,,,,,,,,,,,,,,,,,
front_end,,True,kiss_icp_odometry,,,,,,,,,,,,,,,,,,,,,,,,,,,204417,,,,,,,,,,,,,,,,,,
front_end,,True,kiss_icp_odometry,,,,,,,,,,,,,,,,,,,,,,,,,,,204417,,,,,,,,,,,,,,,,,,
front_end,,True,kiss_icp_odometry,,,,,,,,,,,,,,,,,,,,,,,,,,,204423,,,,,,,,,,,,,,,,,,
optimized_backend,,,,,,,,,,,,,,,,,,,,,,,,,,,,,,,,,,,,,,,,,188,320,133,,,,pose_graph,True
front_end,,True,kiss_icp_odometry,,,,,,,,,,,,,,,,,,,,,,,,,,,204428,,,,,,,,,,,,,,,,,,
front_end,,True,kiss_icp_odometry,,,,,,,,,,,,,,,,,,,,,,,,,,,204433,,,,,,,,,,,,,,,,,,
front_end,,True,kiss_icp_odometry,,,,,,,,,,,,,,,,,,,,,,,,,,,204435,,,,,,,,,,,,,,,,,,
front_end,,True,kiss_icp_odometry,,,,,,,,,,,,,,,,,,,,,,,,,,,204436,,,,,,,,,,,,,,,,,,
front_end,,True,kiss_icp_odometry,,,,,,,,,,,,,,,,,,,,,,,,,,,204437,,,,,,,,,,,,,,,,,,
front_end,,True,kiss_icp_odometry,,,,,,,,,,,,,,,,,,,,,,,,,,,204438,,,,,,,,,,,,,,,,,,
front_end,,True,kiss_icp_odometry,,,,,,,,,,,,,,,,,,,,,,,,,,,204439,,,,,,,,,,,,,,,,,,
optimized_backend,,,,,,,,,,,,,,,,,,,,,,,,,,,,,,,,,,,,,,,,,189,322,134,,,,pose_graph,True
front_end,,True,kiss_icp_odometry,,,,,,,,,,,,,,,,,,,,,,,,,,,204443,,,,,,,,,,,,,,,,,,
front_end,,True,kiss_icp_odometry,,,,,,,,,,,,,,,,,,,,,,,,,,,204459,,,,,,,,,,,,,,,,,,
front_end,,True,kiss_icp_odometry,,,,,,,,,,,,,,,,,,,,,,,,,,,204460,,,,,,,,,,,,,,,,,,
front_end,,True,kiss_icp_odometry,,,,,,,,,,,,,,,,,,,,,,,,,,,204464,,,,,,,,,,,,,,,,,,
front_end,,True,kiss_icp_odometry,,,,,,,,,,,,,,,,,,,,,,,,,,,204464,,,,,,,,,,,,,,,,,,
front_end,,True,kiss_icp_odometry,,,,,,,,,,,,,,,,,,,,,,,,,,,204467,,,,,,,,,,,,,,,,,,
front_end,,True,kiss_icp_odometry,,,,,,,,,,,,,,,,,,,,,,,,,,,204472,,,,,,,,,,,,,,,,,,
optimized_backend,,,,,,,,,,,,,,,,,,,,,,,,,,,,,,,,,,,,,,,,,190,324,135,,,,pose_graph,True
front_end,,True,kiss_icp_odometry,,,,,,,,,,,,,,,,,,,,,,,,,,,204482,,,,,,,,,,,,,,,,,,
front_end,,True,kiss_icp_odometry,,,,,,,,,,,,,,,,,,,,,,,,,,,204486,,,,,,,,,,,,,,,,,,
front_end,,True,kiss_icp_odometry,,,,,,,,,,,,,,,,,,,,,,,,,,,204487,,,,,,,,,,,,,,,,,,
front_end,,True,kiss_icp_odometry,,,,,,,,,,,,,,,,,,,,,,,,,,,204491,,,,,,,,,,,,,,,,,,
front_end,,True,kiss_icp_odometry,,,,,,,,,,,,,,,,,,,,,,,,,,,204494,,,,,,,,,,,,,,,,,,
front_end,,True,kiss_icp_odometry,,,,,,,,,,,,,,,,,,,,,,,,,,,204495,,,,,,,,,,,,,,,,,,
front_end,,True,kiss_icp_odometry,,,,,,,,,,,,,,,,,,,,,,,,,,,204496,,,,,,,,,,,,,,,,,,
front_end,,True,kiss_icp_odometry,,,,,,,,,,,,,,,,,,,,,,,,,,,204510,,,,,,,,,,,,,,,,,,
optimized_backend,,,,,,,,,,,,,,,,,,,,,,,,,,,,,,,,,,,,,,,,,191,326,136,,,,pose_graph,True
front_end,,True,kiss_icp_odometry,,,,,,,,,,,,,,,,,,,,,,,,,,,204515,,,,,,,,,,,,,,,,,,
front_end,,True,kiss_icp_odometry,,,,,,,,,,,,,,,,,,,,,,,,,,,204534,,,,,,,,,,,,,,,,,,
front_end,,True,kiss_icp_odometry,,,,,,,,,,,,,,,,,,,,,,,,,,,204538,,,,,,,,,,,,,,,,,,
front_end,,True,kiss_icp_odometry,,,,,,,,,,,,,,,,,,,,,,,,,,,204541,,,,,,,,,,,,,,,,,,
front_end,,True,kiss_icp_odometry,,,,,,,,,,,,,,,,,,,,,,,,,,,204546,,,,,,,,,,,,,,,,,,
front_end,,True,kiss_icp_odometry,,,,,,,,,,,,,,,,,,,,,,,,,,,204556,,,,,,,,,,,,,,,,,,
front_end,,True,kiss_icp_odometry,,,,,,,,,,,,,,,,,,,,,,,,,,,204564,,,,,,,,,,,,,,,,,,
front_end,,True,kiss_icp_odometry,,,,,,,,,,,,,,,,,,,,,,,,,,,204569,,,,,,,,,,,,,,,,,,
optimized_backend,,,,,,,,,,,,,,,,,,,,,,,,,,,,,,,,,,,,,,,,,192,328,137,,,,pose_graph,True
front_end,,True,kiss_icp_odometry,,,,,,,,,,,,,,,,,,,,,,,,,,,204573,,,,,,,,,,,,,,,,,,
front_end,,True,kiss_icp_odometry,,,,,,,,,,,,,,,,,,,,,,,,,,,204584,,,,,,,,,,,,,,,,,,
front_end,,True,kiss_icp_odometry,,,,,,,,,,,,,,,,,,,,,,,,,,,204585,,,,,,,,,,,,,,,,,,
front_end,,True,kiss_icp_odometry,,,,,,,,,,,,,,,,,,,,,,,,,,,204586,,,,,,,,,,,,,,,,,,
front_end,,True,kiss_icp_odometry,,,,,,,,,,,,,,,,,,,,,,,,,,,204588,,,,,,,,,,,,,,,,,,
front_end,,True,kiss_icp_odometry,,,,,,,,,,,,,,,,,,,,,,,,,,,204594,,,,,,,,,,,,,,,,,,
front_end,,True,kiss_icp_odometry,,,,,,,,,,,,,,,,,,,,,,,,,,,204595,,,,,,,,,,,,,,,,,,
front_end,,True,kiss_icp_odometry,,,,,,,,,,,,,,,,,,,,,,,,,,,204599,,,,,,,,,,,,,,,,,,
front_end,,True,kiss_icp_odometry,,,,,,,,,,,,,,,,,,,,,,,,,,,204600,,,,,,,,,,,,,,,,,,
front_end,,True,kiss_icp_odometry,,,,,,,,,,,,,,,,,,,,,,,,,,,204600,,,,,,,,,,,,,,,,,,
optimized_backend,,,,,,,,,,,,,,,,,,,,,,,,,,,,,,,,,,,,,,,,,193,330,138,,,,pose_graph,True
front_end,,True,kiss_icp_odometry,,,,,,,,,,,,,,,,,,,,,,,,,,,204603,,,,,,,,,,,,,,,,,,
front_end,,True,kiss_icp_odometry,,,,,,,,,,,,,,,,,,,,,,,,,,,204617,,,,,,,,,,,,,,,,,,
front_end,,True,kiss_icp_odometry,,,,,,,,,,,,,,,,,,,,,,,,,,,204630,,,,,,,,,,,,,,,,,,
front_end,,True,kiss_icp_odometry,,,,,,,,,,,,,,,,,,,,,,,,,,,204630,,,,,,,,,,,,,,,,,,
front_end,,True,kiss_icp_odometry,,,,,,,,,,,,,,,,,,,,,,,,,,,204637,,,,,,,,,,,,,,,,,,
front_end,,True,kiss_icp_odometry,,,,,,,,,,,,,,,,,,,,,,,,,,,204642,,,,,,,,,,,,,,,,,,
front_end,,True,kiss_icp_odometry,,,,,,,,,,,,,,,,,,,,,,,,,,,204646,,,,,,,,,,,,,,,,,,
front_end,,True,kiss_icp_odometry,,,,,,,,,,,,,,,,,,,,,,,,,,,204650,,,,,,,,,,,,,,,,,,
front_end,,True,kiss_icp_odometry,,,,,,,,,,,,,,,,,,,,,,,,,,,204653,,,,,,,,,,,,,,,,,,
optimized_backend,,,,,,,,,,,,,,,,,,,,,,,,,,,,,,,,,,,,,,,,,194,332,139,,,,pose_graph,True
front_end,,True,kiss_icp_odometry,,,,,,,,,,,,,,,,,,,,,,,,,,,204668,,,,,,,,,,,,,,,,,,
front_end,,True,kiss_icp_odometry,,,,,,,,,,,,,,,,,,,,,,,,,,,204669,,,,,,,,,,,,,,,,,,
front_end,,True,kiss_icp_odometry,,,,,,,,,,,,,,,,,,,,,,,,,,,204669,,,,,,,,,,,,,,,,,,
front_end,,True,kiss_icp_odometry,,,,,,,,,,,,,,,,,,,,,,,,,,,204671,,,,,,,,,,,,,,,,,,
front_end,,True,kiss_icp_odometry,,,,,,,,,,,,,,,,,,,,,,,,,,,204673,,,,,,,,,,,,,,,,,,
front_end,,True,kiss_icp_odometry,,,,,,,,,,,,,,,,,,,,,,,,,,,204674,,,,,,,,,,,,,,,,,,
front_end,,True,kiss_icp_odometry,,,,,,,,,,,,,,,,,,,,,,,,,,,204674,,,,,,,,,,,,,,,,,,
front_end,,True,kiss_icp_odometry,,,,,,,,,,,,,,,,,,,,,,,,,,,204674,,,,,,,,,,,,,,,,,,
front_end,,True,kiss_icp_odometry,,,,,,,,,,,,,,,,,,,,,,,,,,,204676,,,,,,,,,,,,,,,,,,
front_end,,True,kiss_icp_odometry,,,,,,,,,,,,,,,,,,,,,,,,,,,204676,,,,,,,,,,,,,,,,,,
front_end,,True,kiss_icp_odometry,,,,,,,,,,,,,,,,,,,,,,,,,,,204676,,,,,,,,,,,,,,,,,,
front_end,,True,kiss_icp_odometry,,,,,,,,,,,,,,,,,,,,,,,,,,,204681,,,,,,,,,,,,,,,,,,
front_end,,True,kiss_icp_odometry,,,,,,,,,,,,,,,,,,,,,,,,,,,204683,,,,,,,,,,,,,,,,,,
front_end,,True,kiss_icp_odometry,,,,,,,,,,,,,,,,,,,,,,,,,,,204685,,,,,,,,,,,,,,,,,,
front_end,,True,kiss_icp_odometry,,,,,,,,,,,,,,,,,,,,,,,,,,,204690,,,,,,,,,,,,,,,,,,
front_end,,True,kiss_icp_odometry,,,,,,,,,,,,,,,,,,,,,,,,,,,204690,,,,,,,,,,,,,,,,,,
front_end,,True,kiss_icp_odometry,,,,,,,,,,,,,,,,,,,,,,,,,,,204693,,,,,,,,,,,,,,,,,,
front_end,,True,kiss_icp_odometry,,,,,,,,,,,,,,,,,,,,,,,,,,,204697,,,,,,,,,,,,,,,,,,
front_end,,True,kiss_icp_odometry,,,,,,,,,,,,,,,,,,,,,,,,,,,204701,,,,,,,,,,,,,,,,,,
front_end,,True,kiss_icp_odometry,,,,,,,,,,,,,,,,,,,,,,,,,,,204706,,,,,,,,,,,,,,,,,,
front_end,,True,kiss_icp_odometry,,,,,,,,,,,,,,,,,,,,,,,,,,,204709,,,,,,,,,,,,,,,,,,
front_end,,True,kiss_icp_odometry,,,,,,,,,,,,,,,,,,,,,,,,,,,204714,,,,,,,,,,,,,,,,,,
front_end,,True,kiss_icp_odometry,,,,,,,,,,,,,,,,,,,,,,,,,,,204716,,,,,,,,,,,,,,,,,,
front_end,,True,kiss_icp_odometry,,,,,,,,,,,,,,,,,,,,,,,,,,,204718,,,,,,,,,,,,,,,,,,
front_end,,True,kiss_icp_odometry,,,,,,,,,,,,,,,,,,,,,,,,,,,204727,,,,,,,,,,,,,,,,,,
front_end,,True,kiss_icp_odometry,,,,,,,,,,,,,,,,,,,,,,,,,,,204734,,,,,,,,,,,,,,,,,,
front_end,,True,kiss_icp_odometry,,,,,,,,,,,,,,,,,,,,,,,,,,,204747,,,,,,,,,,,,,,,,,,
front_end,,True,kiss_icp_odometry,,,,,,,,,,,,,,,,,,,,,,,,,,,204755,,,,,,,,,,,,,,,,,,
front_end,,True,kiss_icp_odometry,,,,,,,,,,,,,,,,,,,,,,,,,,,204759,,,,,,,,,,,,,,,,,,
front_end,,True,kiss_icp_odometry,,,,,,,,,,,,,,,,,,,,,,,,,,,204765,,,,,,,,,,,,,,,,,,
front_end,,True,kiss_icp_odometry,,,,,,,,,,,,,,,,,,,,,,,,,,,204769,,,,,,,,,,,,,,,,,,
front_end,,True,kiss_icp_odometry,,,,,,,,,,,,,,,,,,,,,,,,,,,204773,,,,,,,,,,,,,,,,,,
front_end,,True,kiss_icp_odometry,,,,,,,,,,,,,,,,,,,,,,,,,,,204775,,,,,,,,,,,,,,,,,,
front_end,,True,kiss_icp_odometry,,,,,,,,,,,,,,,,,,,,,,,,,,,204778,,,,,,,,,,,,,,,,,,
front_end,,True,kiss_icp_odometry,,,,,,,,,,,,,,,,,,,,,,,,,,,204783,,,,,,,,,,,,,,,,,,
front_end,,True,kiss_icp_odometry,,,,,,,,,,,,,,,,,,,,,,,,,,,204784,,,,,,,,,,,,,,,,,,
front_end,,True,kiss_icp_odometry,,,,,,,,,,,,,,,,,,,,,,,,,,,204787,,,,,,,,,,,,,,,,,,
front_end,,True,kiss_icp_odometry,,,,,,,,,,,,,,,,,,,,,,,,,,,204788,,,,,,,,,,,,,,,,,,
front_end,,True,kiss_icp_odometry,,,,,,,,,,,,,,,,,,,,,,,,,,,204789,,,,,,,,,,,,,,,,,,
front_end,,True,kiss_icp_odometry,,,,,,,,,,,,,,,,,,,,,,,,,,,204790,,,,,,,,,,,,,,,,,,
front_end,,True,kiss_icp_odometry,,,,,,,,,,,,,,,,,,,,,,,,,,,204798,,,,,,,,,,,,,,,,,,
front_end,,True,kiss_icp_odometry,,,,,,,,,,,,,,,,,,,,,,,,,,,204798,,,,,,,,,,,,,,,,,,
front_end,,True,kiss_icp_odometry,,,,,,,,,,,,,,,,,,,,,,,,,,,204808,,,,,,,,,,,,,,,,,,
front_end,,True,kiss_icp_odometry,,,,,,,,,,,,,,,,,,,,,,,,,,,204818,,,,,,,,,,,,,,,,,,
front_end,,True,kiss_icp_odometry,,,,,,,,,,,,,,,,,,,,,,,,,,,204827,,,,,,,,,,,,,,,,,,
front_end,,True,kiss_icp_odometry,,,,,,,,,,,,,,,,,,,,,,,,,,,204838,,,,,,,,,,,,,,,,,,
front_end,,True,kiss_icp_odometry,,,,,,,,,,,,,,,,,,,,,,,,,,,204842,,,,,,,,,,,,,,,,,,
front_end,,True,kiss_icp_odometry,,,,,,,,,,,,,,,,,,,,,,,,,,,204853,,,,,,,,,,,,,,,,,,
front_end,,True,kiss_icp_odometry,,,,,,,,,,,,,,,,,,,,,,,,,,,204863,,,,,,,,,,,,,,,,,,
front_end,,True,kiss_icp_odometry,,,,,,,,,,,,,,,,,,,,,,,,,,,204867,,,,,,,,,,,,,,,,,,
front_end,,True,kiss_icp_odometry,,,,,,,,,,,,,,,,,,,,,,,,,,,204877,,,,,,,,,,,,,,,,,,
front_end,,True,kiss_icp_odometry,,,,,,,,,,,,,,,,,,,,,,,,,,,204883,,,,,,,,,,,,,,,,,,
front_end,,True,kiss_icp_odometry,,,,,,,,,,,,,,,,,,,,,,,,,,,204896,,,,,,,,,,,,,,,,,,
front_end,,True,kiss_icp_odometry,,,,,,,,,,,,,,,,,,,,,,,,,,,204908,,,,,,,,,,,,,,,,,,
front_end,,True,kiss_icp_odometry,,,,,,,,,,,,,,,,,,,,,,,,,,,204920,,,,,,,,,,,,,,,,,,
front_end,,True,kiss_icp_odometry,,,,,,,,,,,,,,,,,,,,,,,,,,,204932,,,,,,,,,,,,,,,,,,
front_end,,True,kiss_icp_odometry,,,,,,,,,,,,,,,,,,,,,,,,,,,204941,,,,,,,,,,,,,,,,,,
front_end,,True,kiss_icp_odometry,,,,,,,,,,,,,,,,,,,,,,,,,,,204949,,,,,,,,,,,,,,,,,,
front_end,,True,kiss_icp_odometry,,,,,,,,,,,,,,,,,,,,,,,,,,,204955,,,,,,,,,,,,,,,,,,
front_end,,True,kiss_icp_odometry,,,,,,,,,,,,,,,,,,,,,,,,,,,204959,,,,,,,,,,,,,,,,,,
front_end,,True,kiss_icp_odometry,,,,,,,,,,,,,,,,,,,,,,,,,,,204966,,,,,,,,,,,,,,,,,,
front_end,,True,kiss_icp_odometry,,,,,,,,,,,,,,,,,,,,,,,,,,,204970,,,,,,,,,,,,,,,,,,
front_end,,True,kiss_icp_odometry,,,,,,,,,,,,,,,,,,,,,,,,,,,204974,,,,,,,,,,,,,,,,,,
front_end,,True,kiss_icp_odometry,,,,,,,,,,,,,,,,,,,,,,,,,,,204979,,,,,,,,,,,,,,,,,,
front_end,,True,kiss_icp_odometry,,,,,,,,,,,,,,,,,,,,,,,,,,,204983,,,,,,,,,,,,,,,,,,
front_end,,True,kiss_icp_odometry,,,,,,,,,,,,,,,,,,,,,,,,,,,204985,,,,,,,,,,,,,,,,,,
front_end,,True,kiss_icp_odometry,,,,,,,,,,,,,,,,,,,,,,,,,,,204994,,,,,,,,,,,,,,,,,,
front_end,,True,kiss_icp_odometry,,,,,,,,,,,,,,,,,,,,,,,,,,,204997,,,,,,,,,,,,,,,,,,
front_end,,True,kiss_icp_odometry,,,,,,,,,,,,,,,,,,,,,,,,,,,204999,,,,,,,,,,,,,,,,,,
front_end,,True,kiss_icp_odometry,,,,,,,,,,,,,,,,,,,,,,,,,,,205001,,,,,,,,,,,,,,,,,,
front_end,,True,kiss_icp_odometry,,,,,,,,,,,,,,,,,,,,,,,,,,,205002,,,,,,,,,,,,,,,,,,
front_end,,True,kiss_icp_odometry,,,,,,,,,,,,,,,,,,,,,,,,,,,205003,,,,,,,,,,,,,,,,,,
front_end,,True,kiss_icp_odometry,,,,,,,,,,,,,,,,,,,,,,,,,,,205004,,,,,,,,,,,,,,,,,,
front_end,,True,kiss_icp_odometry,,,,,,,,,,,,,,,,,,,,,,,,,,,205007,,,,,,,,,,,,,,,,,,
front_end,,True,kiss_icp_odometry,,,,,,,,,,,,,,,,,,,,,,,,,,,205008,,,,,,,,,,,,,,,,,,
front_end,,True,kiss_icp_odometry,,,,,,,,,,,,,,,,,,,,,,,,,,,205009,,,,,,,,,,,,,,,,,,
front_end,,True,kiss_icp_odometry,,,,,,,,,,,,,,,,,,,,,,,,,,,205010,,,,,,,,,,,,,,,,,,
front_end,,True,kiss_icp_odometry,,,,,,,,,,,,,,,,,,,,,,,,,,,205012,,,,,,,,,,,,,,,,,,
front_end,,True,kiss_icp_odometry,,,,,,,,,,,,,,,,,,,,,,,,,,,205012,,,,,,,,,,,,,,,,,,
front_end,,True,kiss_icp_odometry,,,,,,,,,,,,,,,,,,,,,,,,,,,205016,,,,,,,,,,,,,,,,,,
front_end,,True,kiss_icp_odometry,,,,,,,,,,,,,,,,,,,,,,,,,,,205018,,,,,,,,,,,,,,,,,,
front_end,,True,kiss_icp_odometry,,,,,,,,,,,,,,,,,,,,,,,,,,,205018,,,,,,,,,,,,,,,,,,
front_end,,True,kiss_icp_odometry,,,,,,,,,,,,,,,,,,,,,,,,,,,205019,,,,,,,,,,,,,,,,,,
front_end,,True,kiss_icp_odometry,,,,,,,,,,,,,,,,,,,,,,,,,,,205021,,,,,,,,,,,,,,,,,,
front_end,,True,kiss_icp_odometry,,,,,,,,,,,,,,,,,,,,,,,,,,,205024,,,,,,,,,,,,,,,,,,
front_end,,True,kiss_icp_odometry,,,,,,,,,,,,,,,,,,,,,,,,,,,205026,,,,,,,,,,,,,,,,,,
front_end,,True,kiss_icp_odometry,,,,,,,,,,,,,,,,,,,,,,,,,,,205029,,,,,,,,,,,,,,,,,,
front_end,,True,kiss_icp_odometry,,,,,,,,,,,,,,,,,,,,,,,,,,,205031,,,,,,,,,,,,,,,,,,
front_end,,True,kiss_icp_odometry,,,,,,,,,,,,,,,,,,,,,,,,,,,205031,,,,,,,,,,,,,,,,,,
front_end,,True,kiss_icp_odometry,,,,,,,,,,,,,,,,,,,,,,,,,,,205031,,,,,,,,,,,,,,,,,,
front_end,,True,kiss_icp_odometry,,,,,,,,,,,,,,,,,,,,,,,,,,,205033,,,,,,,,,,,,,,,,,,
front_end,,True,kiss_icp_odometry,,,,,,,,,,,,,,,,,,,,,,,,,,,205035,,,,,,,,,,,,,,,,,,
front_end,,True,kiss_icp_odometry,,,,,,,,,,,,,,,,,,,,,,,,,,,205038,,,,,,,,,,,,,,,,,,
front_end,,True,kiss_icp_odometry,,,,,,,,,,,,,,,,,,,,,,,,,,,205039,,,,,,,,,,,,,,,,,,
front_end,,True,kiss_icp_odometry,,,,,,,,,,,,,,,,,,,,,,,,,,,205040,,,,,,,,,,,,,,,,,,
front_end,,True,kiss_icp_odometry,,,,,,,,,,,,,,,,,,,,,,,,,,,205040,,,,,,,,,,,,,,,,,,
front_end,,True,kiss_icp_odometry,,,,,,,,,,,,,,,,,,,,,,,,,,,205043,,,,,,,,,,,,,,,,,,
front_end,,True,kiss_icp_odometry,,,,,,,,,,,,,,,,,,,,,,,,,,,205043,,,,,,,,,,,,,,,,,,
front_end,,True,kiss_icp_odometry,,,,,,,,,,,,,,,,,,,,,,,,,,,205047,,,,,,,,,,,,,,,,,,
front_end,,True,kiss_icp_odometry,,,,,,,,,,,,,,,,,,,,,,,,,,,205047,,,,,,,,,,,,,,,,,,
front_end,,True,kiss_icp_odometry,,,,,,,,,,,,,,,,,,,,,,,,,,,205049,,,,,,,,,,,,,,,,,,
front_end,,True,kiss_icp_odometry,,,,,,,,,,,,,,,,,,,,,,,,,,,205050,,,,,,,,,,,,,,,,,,
front_end,,True,kiss_icp_odometry,,,,,,,,,,,,,,,,,,,,,,,,,,,205052,,,,,,,,,,,,,,,,,,
front_end,,True,kiss_icp_odometry,,,,,,,,,,,,,,,,,,,,,,,,,,,205054,,,,,,,,,,,,,,,,,,
front_end,,True,kiss_icp_odometry,,,,,,,,,,,,,,,,,,,,,,,,,,,205055,,,,,,,,,,,,,,,,,,
front_end,,True,kiss_icp_odometry,,,,,,,,,,,,,,,,,,,,,,,,,,,205056,,,,,,,,,,,,,,,,,,
front_end,,True,kiss_icp_odometry,,,,,,,,,,,,,,,,,,,,,,,,,,,205056,,,,,,,,,,,,,,,,,,
front_end,,True,kiss_icp_odometry,,,,,,,,,,,,,,,,,,,,,,,,,,,205057,,,,,,,,,,,,,,,,,,
front_end,,True,kiss_icp_odometry,,,,,,,,,,,,,,,,,,,,,,,,,,,205057,,,,,,,,,,,,,,,,,,
front_end,,True,kiss_icp_odometry,,,,,,,,,,,,,,,,,,,,,,,,,,,205059,,,,,,,,,,,,,,,,,,
front_end,,True,kiss_icp_odometry,,,,,,,,,,,,,,,,,,,,,,,,,,,205063,,,,,,,,,,,,,,,,,,
front_end,,True,kiss_icp_odometry,,,,,,,,,,,,,,,,,,,,,,,,,,,205066,,,,,,,,,,,,,,,,,,
front_end,,True,kiss_icp_odometry,,,,,,,,,,,,,,,,,,,,,,,,,,,205066,,,,,,,,,,,,,,,,,,
front_end,,True,kiss_icp_odometry,,,,,,,,,,,,,,,,,,,,,,,,,,,205066,,,,,,,,,,,,,,,,,,
front_end,,True,kiss_icp_odometry,,,,,,,,,,,,,,,,,,,,,,,,,,,205067,,,,,,,,,,,,,,,,,,
front_end,,True,kiss_icp_odometry,,,,,,,,,,,,,,,,,,,,,,,,,,,205067,,,,,,,,,,,,,,,,,,
front_end,,True,kiss_icp_odometry,,,,,,,,,,,,,,,,,,,,,,,,,,,205067,,,,,,,,,,,,,,,,,,
front_end,,True,kiss_icp_odometry,,,,,,,,,,,,,,,,,,,,,,,,,,,205067,,,,,,,,,,,,,,,,,,
front_end,,True,kiss_icp_odometry,,,,,,,,,,,,,,,,,,,,,,,,,,,205067,,,,,,,,,,,,,,,,,,
front_end,,True,kiss_icp_odometry,,,,,,,,,,,,,,,,,,,,,,,,,,,205067,,,,,,,,,,,,,,,,,,
front_end,,True,kiss_icp_odometry,,,,,,,,,,,,,,,,,,,,,,,,,,,205068,,,,,,,,,,,,,,,,,,
front_end,,True,kiss_icp_odometry,,,,,,,,,,,,,,,,,,,,,,,,,,,205068,,,,,,,,,,,,,,,,,,
front_end,,True,kiss_icp_odometry,,,,,,,,,,,,,,,,,,,,,,,,,,,205068,,,,,,,,,,,,,,,,,,
