status_source,stamp_s,accepted,reason,points,fitness,rmse,processing_ms,profile_preprocess_ms,profile_deskew_ms,profile_icp_ms,profile_icp_calls,estimated_dropped_scans,pending_lidar_queue_drops,preprocess_ms,icp_ms,primary_icp_ms,prediction_icp_ms,recovery_icp_ms,recovery_prepare_ms,mapping_ms,publish_ms,other_ms,icp_calls,scan_dt_sec,dropped_scans_estimated_last,dropped_scans_estimated_total,icp_target,keyframe_added,local_map_frames,local_map_points,consecutive_rejections,recovery_active,recovery_attempted,recovery_success,recovery_provisional,recovery_confirmed,recovery_confirmations,recovery_reason,recovery_seed_yaw_offset_deg,recovery_imu_error_deg,pose_graph_nodes,pose_graph_edges,loop_closures,loop_detection_ms,optimization_ms,map_publish_ms,backend,optimized
front_end,4316753.26796944,True,initial_frame,2378,,,5.046801001299173,3.4801639994839206,0.12402200081851333,0.0,0,0,0,,,,,,,,,,,,,,initial,True,1,2261,0,False,False,False,,,,inactive,,,,,,,,,,
optimized_backend,,,,,,,,,,,,,,,,,,,,,,,,,,,,,,,,,,,,,,,,,1,0,0,,,,pose_graph,False
front_end,4316753.367891872,True,icp_accepted,2374,1.0,0.07326842073741432,7.489700001315214,3.9254990115296096,0.10712099901866168,2.6752849953481928,1,0,0,,,,,,,,,,,,,,previous_cloud_bootstrap,False,1,2261,0,False,False,False,,,,inactive,,,,,,,,,,
front_end,4316753.467896512,True,icp_accepted,2314,0.9987035436473639,0.06533888341120096,15.72453799599316,12.399914994603023,8.454790004179813,2.4960590089904144,1,0,0,,,,,,,,,,,,,,previous_cloud_bootstrap,False,1,2261,0,False,False,False,,,,inactive,,,,,,,,,,
front_end,4316753.567907968,True,icp_accepted,2352,1.0,0.07351029972101275,13.583012987510301,11.349044987582602,8.735063995118253,1.5706639969721437,1,0,0,,,,,,,,,,,,,,previous_cloud_bootstrap,False,1,2261,0,False,False,False,,,,inactive,,,,,,,,,,
front_end,4316753.667918016,True,icp_accepted,2369,0.9987336428872943,0.07019060611517734,12.38833399838768,10.2216219966067,7.177815001341514,1.4945220027584583,1,0,0,,,,,,,,,,,,,,previous_cloud_bootstrap,False,1,2261,0,False,False,False,,,,inactive,,,,,,,,,,
front_end,4316753.7681592,True,icp_accepted,2333,1.0,0.07301553358218893,12.914599996292964,10.744592000264674,7.4829170043813065,1.4985589950811118,1,0,0,,,,,,,,,,,,,,previous_cloud_bootstrap,False,1,2261,0,False,False,False,,,,inactive,,,,,,,,,,
front_end,4316753.86794448,True,icp_accepted,2357,1.0,0.06838896759846361,9.864712992566638,8.183530997484922,6.229348000488244,1.1523299908731133,1,0,0,,,,,,,,,,,,,,previous_cloud_bootstrap,False,1,2261,0,False,False,False,,,,inactive,,,,,,,,,,
front_end,4316753.967873536,True,icp_accepted,2329,1.0,0.06565540565608682,9.903253987431526,8.317661995533854,6.461803001002409,1.0836509900400415,1,0,0,,,,,,,,,,,,,,previous_cloud_bootstrap,False,1,2261,0,False,False,False,,,,inactive,,,,,,,,,,
front_end,4316754.068170656,True,icp_accepted,2326,1.0,0.0741016871297366,10.110122006153688,8.716239011846483,6.902769993757829,0.8501539996359497,1,0,0,,,,,,,,,,,,,,previous_cloud_bootstrap,False,1,2261,0,False,False,False,,,,inactive,,,,,,,,,,
front_end,4316754.167941696,True,icp_accepted,2341,0.9974369927381461,0.07269897061687004,9.146977012278512,7.360468007391319,5.138462001923472,1.090443998691626,1,0,0,,,,,,,,,,,,,,previous_cloud_bootstrap,False,1,2261,0,False,False,False,,,,inactive,,,,,,,,,,
front_end,4316754.267886944,True,icp_accepted,2356,1.0,0.07434791521999443,9.49953799135983,7.902634999481961,6.023962996550836,1.053756001056172,1,0,0,,,,,,,,,,,,,,previous_cloud_bootstrap,False,1,2261,0,False,False,False,,,,inactive,,,,,,,,,,
front_end,4316754.368016288,True,icp_accepted,2343,0.9991463935125907,0.06668265350872732,9.366719998070039,7.6989429944660515,4.830696008866653,0.9048759966390207,1,0,0,,,,,,,,,,,,,,previous_cloud_bootstrap,False,1,2261,0,False,False,False,,,,inactive,,,,,,,,,,
front_end,4316754.467845696,True,icp_accepted,2366,0.9983093829247676,0.07485496520180324,9.031551002408378,7.489270006772131,5.401054993853904,0.8677370060468093,1,0,0,,,,,,,,,,,,,,previous_cloud_bootstrap,False,1,2261,0,False,False,False,,,,inactive,,,,,,,,,,
front_end,4316754.567835808,True,icp_accepted,2357,0.9995757318625371,0.06750251350244596,9.621096003684215,7.698692003032193,5.262835999019444,1.0434560099383816,1,0,0,,,,,,,,,,,,,,previous_cloud_bootstrap,False,1,2261,0,False,False,False,,,,inactive,,,,,,,,,,
front_end,4316754.667847488,True,icp_accepted,2327,1.0,0.0665439027360866,9.823075000895187,8.087772002909333,6.134969997219741,0.9321170073235407,1,0,0,,,,,,,,,,,,,,previous_cloud_bootstrap,False,1,2261,0,False,False,False,,,,inactive,,,,,,,,,,
front_end,4316754.767863936,True,icp_accepted,2375,1.0,0.07451709709852475,9.63157600199338,8.026185998460278,5.2873819950036705,0.8384310058318079,1,0,0,,,,,,,,,,,,,,previous_cloud_bootstrap,False,1,2261,0,False,False,False,,,,inactive,,,,,,,,,,
front_end,4316754.867919488,True,icp_accepted,2355,0.9995753715498938,0.06657272175765563,10.903369999141432,9.1744179953821,7.007166001130827,0.8849090081639588,1,0,0,,,,,,,,,,,,,,previous_cloud_bootstrap,False,1,2261,0,False,False,False,,,,inactive,,,,,,,,,,
front_end,4316754.969087616,True,icp_accepted,2330,1.0,0.07128214166428373,9.505980007816106,7.915819005575031,4.910085001029074,0.7408789970213547,1,0,0,,,,,,,,,,,,,,previous_cloud_bootstrap,False,1,2261,0,False,False,False,,,,inactive,,,,,,,,,,
front_end,4316755.067915936,True,icp_accepted,2320,0.9995689655172414,0.06684365074225569,9.815710000111721,8.322131005115807,6.024914007866755,0.957484997343272,1,0,0,,,,,,,,,,,,,,previous_cloud_bootstrap,False,1,2261,0,False,False,False,,,,inactive,,,,,,,,,,
front_end,4316755.168191392,True,icp_accepted,2338,0.998289136013687,0.07156937017169751,9.323448000941426,7.817475008778274,5.859455006429926,0.9822110005188733,1,0,0,,,,,,,,,,,,,,previous_cloud_bootstrap,False,1,2261,0,False,False,False,,,,inactive,,,,,,,,,,
front_end,4316755.268136608,True,icp_accepted,2384,0.9995805369127517,0.0700055184053291,9.416482003871351,7.712157006608322,5.284457001835108,1.0013269929913804,1,0,0,,,,,,,,,,,,,,previous_cloud_bootstrap,False,1,2261,0,False,False,False,,,,inactive,,,,,,,,,,
front_end,4316755.369132736,True,icp_accepted,2331,1.0,0.06594659859599772,8.952763993875124,7.30995400226675,5.263005994493142,1.0282180010108277,1,0,0,,,,,,,,,,,,,,previous_cloud_bootstrap,False,1,2261,0,False,False,False,,,,inactive,,,,,,,,,,
front_end,4316755.467878112,True,icp_accepted,2425,0.9995876288659794,0.07708803981790097,9.906991996103898,8.264452000730671,6.388937006704509,1.0690540075302124,1,0,0,,,,,,,,,,,,,,previous_cloud_bootstrap,False,1,2261,0,False,False,False,,,,inactive,,,,,,,,,,
front_end,4316755.568175424,True,icp_accepted,2403,0.9987515605493134,0.0635215079114713,8.359732004464604,6.8008490052307025,4.5457410014932975,0.9955370042007416,1,0,0,,,,,,,,,,,,,,previous_cloud_bootstrap,False,1,2261,0,False,False,False,,,,inactive,,,,,,,,,,
front_end,4316755.667882272,True,icp_accepted,2342,1.0,0.07237236224849816,9.344167003291659,7.730302007985301,5.867248997674324,1.0264640004606918,1,0,0,,,,,,,,,,,,,,previous_cloud_bootstrap,False,1,2261,0,False,False,False,,,,inactive,,,,,,,,,,
front_end,4316755.769075616,True,icp_accepted,2374,0.9995787700084247,0.06695225230156522,9.22375101072248,7.726374009507708,5.809310998301953,0.989345004200004,1,0,0,,,,,,,,,,,,,,previous_cloud_bootstrap,False,1,2261,0,False,False,False,,,,inactive,,,,,,,,,,
front_end,4316755.868191744,True,icp_accepted,2394,0.9987468671679198,0.07394967239845844,9.549802998662926,7.948601007228717,6.032668999978341,1.0564909898675978,1,0,0,,,,,,,,,,,,,,previous_cloud_bootstrap,False,1,2261,0,False,False,False,,,,inactive,,,,,,,,,,
front_end,4316755.967860864,True,icp_accepted,2409,1.0,0.0714979332973501,9.38171699817758,7.785183988744393,5.921881005633622,1.0140710073756054,1,0,0,,,,,,,,,,,,,,previous_cloud_bootstrap,False,1,2261,0,False,False,False,,,,inactive,,,,,,,,,,
front_end,4316756.068207424,True,icp_accepted,2345,0.9995735607675906,0.06524858610283896,9.402416995726526,7.845517990062945,5.930368002736941,0.9460339933866635,1,0,0,,,,,,,,,,,,,,previous_cloud_bootstrap,False,1,2261,0,False,False,False,,,,inactive,,,,,,,,,,
front_end,4316756.168078208,True,icp_accepted,2407,1.0,0.07293685897733393,8.444930994301103,6.883715002913959,5.060736992163584,0.983883990556933,1,0,0,,,,,,,,,,,,,,previous_cloud_bootstrap,False,1,2261,0,False,False,False,,,,inactive,,,,,,,,,,
front_end,4316756.267908992,True,icp_accepted,2387,0.9991621281943862,0.06617693112132092,10.116664998349734,8.25177899969276,6.314637998002581,1.0501290089450777,1,0,0,,,,,,,,,,,,,,previous_cloud_bootstrap,False,1,2261,0,False,False,False,,,,inactive,,,,,,,,,,
front_end,4316756.369108992,True,icp_accepted,2333,1.0,0.0725180197790763,9.082135002245195,7.502463995479047,5.64795799436979,0.969947999692522,1,0,0,,,,,,,,,,,,,,previous_cloud_bootstrap,False,1,2261,0,False,False,False,,,,inactive,,,,,,,,,,
front_end,4316756.46806656,True,icp_accepted,2427,1.0,0.07555260793534936,10.058325991849415,8.332179990247823,6.140151002909988,1.0425649961689487,1,0,0,,,,,,,,,,,,,,previous_cloud_bootstrap,False,1,2261,0,False,False,False,,,,inactive,,,,,,,,,,
front_end,4316756.568016768,True,icp_accepted,2396,0.9991652754590985,0.0664175233064971,9.469723008805886,7.934916007798165,6.024292990332469,0.9603400103515014,1,0,0,,,,,,,,,,,,,,previous_cloud_bootstrap,False,1,2261,0,False,False,False,,,,inactive,,,,,,,,,,
front_end,4316756.667886432,True,icp_accepted,2440,1.0,0.06974102898237645,9.5331410120707,7.890582011896186,5.9523579984670505,1.001376993372105,1,0,0,,,,,,,,,,,,,,previous_cloud_bootstrap,False,1,2261,0,False,False,False,,,,inactive,,,,,,,,,,
front_end,4316756.76812544,True,icp_accepted,2399,1.0,0.06644012249371255,9.469311000430025,7.829738009604625,5.339199997251853,1.005515005090274,1,0,0,,,,,,,,,,,,,,previous_cloud_bootstrap,False,1,2261,0,False,False,False,,,,inactive,,,,,,,,,,
front_end,4316756.867871328,True,icp_accepted,2396,1.0,0.06997737100857794,9.057118993951008,7.387708988972008,5.1575990073615685,1.004974008537829,1,0,0,,,,,,,,,,,,,,previous_cloud_bootstrap,False,1,2261,0,False,False,False,,,,inactive,,,,,,,,,,
front_end,4316756.968102656,True,icp_accepted,2373,1.0,0.06544459055176725,9.047020008438267,7.721525005763397,5.738467007176951,0.756298002670519,1,0,0,,,,,,,,,,,,,,previous_cloud_bootstrap,False,1,2261,0,False,False,False,,,,inactive,,,,,,,,,,
front_end,4316757.068124576,True,icp_accepted,2331,1.0,0.07041552229864194,9.718168992549181,8.102749998215586,6.193510998855345,1.018889990518801,1,0,0,,,,,,,,,,,,,,previous_cloud_bootstrap,False,1,2261,0,False,False,False,,,,inactive,,,,,,,,,,
front_end,4316757.167860928,True,icp_accepted,2409,0.9995848899958489,0.07827629318309104,9.292680013459176,7.950474013341591,6.053759003407322,0.7745420007267967,1,0,0,,,,,,,,,,,,,,previous_cloud_bootstrap,False,1,2261,0,False,False,False,,,,inactive,,,,,,,,,,
front_end,4316757.268240192,True,icp_accepted,2378,1.0,0.06805174571659012,9.570431007887237,7.956975998240523,5.971114005660638,0.9665319958003238,1,0,0,,,,,,,,,,,,,,previous_cloud_bootstrap,False,1,2261,0,False,False,False,,,,inactive,,,,,,,,,,
front_end,4316757.367941696,True,icp_accepted,2368,0.9991554054054054,0.0740064669405631,9.171393001452088,7.540535996668041,4.8169400106417015,0.9921300079440698,1,0,0,,,,,,,,,,,,,,previous_cloud_bootstrap,False,1,2261,0,False,False,False,,,,inactive,,,,,,,,,,
front_end,4316757.467866176,True,icp_accepted,2396,1.0,0.06635263141203433,9.723918992676772,7.997421998879872,5.4162229935172945,1.1082879937021062,1,0,0,,,,,,,,,,,,,,previous_cloud_bootstrap,False,1,2261,0,False,False,False,,,,inactive,,,,,,,,,,
front_end,4316757.568170112,True,icp_accepted,2343,0.9995731967562953,0.06924347226405642,9.317137009929866,7.641044998308644,5.22694899700582,1.0359020088799298,1,0,0,,,,,,,,,,,,,,previous_cloud_bootstrap,False,1,2261,0,False,False,False,,,,inactive,,,,,,,,,,
front_end,4316757.668055424,True,icp_accepted,2325,0.9991397849462366,0.07041935461833862,9.960852999938652,8.393875003093854,6.4595900039421394,0.9531770047033206,1,0,0,,,,,,,,,,,,,,previous_cloud_bootstrap,False,1,2261,0,False,False,False,,,,inactive,,,,,,,,,,
front_end,4316757.767878816,True,icp_accepted,2316,0.9995682210708118,0.06851413706256308,10.062604007543996,8.494063004036434,6.518830996355973,0.9821210114751011,1,0,0,,,,,,,,,,,,,,previous_cloud_bootstrap,False,1,2261,0,False,False,False,,,,inactive,,,,,,,,,,
front_end,4316757.869023776,True,icp_accepted,2351,1.0,0.07561334619047887,9.510048010270111,7.906120998086408,5.9453360008774325,0.9578159952070564,1,0,0,,,,,,,,,,,,,,previous_cloud_bootstrap,False,1,2261,0,False,False,False,,,,inactive,,,,,,,,,,
front_end,4316757.968029536,True,icp_accepted,2336,1.0,0.06534866394030422,8.563903989852406,6.7662340006791055,4.5011480106040835,0.9914379916153848,1,0,0,,,,,,,,,,,,,,previous_cloud_bootstrap,False,1,2261,0,False,False,False,,,,inactive,,,,,,,,,,
front_end,4316758.06786544,True,icp_accepted,2382,0.9995801847187238,0.07566095518175676,10.712392991990782,7.889259999501519,5.976242988253944,1.9952010043198243,1,0,0,,,,,,,,,,,,,,previous_cloud_bootstrap,False,1,2261,0,False,False,False,,,,inactive,,,,,,,,,,
front_end,4316758.168138816,True,icp_accepted,2333,1.0,0.06790756379408971,9.3904640089022,7.649941006093286,5.604056001175195,1.0692549985833466,1,0,0,,,,,,,,,,,,,,previous_cloud_bootstrap,False,1,2261,0,False,False,False,,,,inactive,,,,,,,,,,
front_end,4316758.268014112,True,icp_accepted,2325,0.9987096774193548,0.07912856351266852,9.01847699424252,7.276040007127449,5.2131029951851815,0.9673029999248683,1,0,0,,,,,,,,,,,,,,previous_cloud_bootstrap,False,1,2261,0,False,False,False,,,,inactive,,,,,,,,,,
front_end,4316758.369110016,True,icp_accepted,2301,0.9995654063450674,0.06872135613811534,9.292179995100014,7.621237993589602,5.729981989134103,1.0261939896736294,1,0,0,,,,,,,,,,,,,,previous_cloud_bootstrap,False,1,2261,0,False,False,False,,,,inactive,,,,,,,,,,
front_end,4316758.468172896,True,icp_accepted,2297,1.0,0.08233900702358744,9.329590000561439,7.555875010439195,5.644712000503205,0.9835530072450638,1,0,0,,,,,,,,,,,,,,previous_cloud_bootstrap,False,1,2261,0,False,False,False,,,,inactive,,,,,,,,,,
front_end,4316758.568107488,True,icp_accepted,2340,0.9987179487179487,0.07542218991444845,8.618567007943057,6.7638799955602735,4.917829995974898,1.0214450012426823,1,0,0,,,,,,,,,,,,,,previous_cloud_bootstrap,False,1,2261,0,False,False,False,,,,inactive,,,,,,,,,,
front_end,4316758.667845824,True,icp_accepted,2305,1.0,0.07685856266878548,10.164174003875814,8.240577997639775,6.227455000043847,1.255223003681749,1,0,0,,,,,,,,,,,,,,previous_cloud_bootstrap,False,1,2261,0,False,False,False,,,,inactive,,,,,,,,,,
front_end,4316758.768192288,True,icp_accepted,2324,1.0,0.07206632716300718,9.132480001426302,7.502854990889318,5.666021999786608,1.0165160056203604,1,0,0,,,,,,,,,,,,,,previous_cloud_bootstrap,False,1,2261,0,False,False,False,,,,inactive,,,,,,,,,,
front_end,4316758.868087712,True,icp_accepted,2324,0.9995697074010327,0.06949162835427125,9.644931007642299,7.976784007041715,6.077714002458379,0.9867799963103607,1,0,0,,,,,,,,,,,,,,previous_cloud_bootstrap,False,1,2261,0,False,False,False,,,,inactive,,,,,,,,,,
front_end,4316758.969084384,True,icp_accepted,2326,0.9995700773860705,0.07102452149946059,9.305404004408047,7.545935994130559,5.703142000129446,1.0973070020554587,1,0,0,,,,,,,,,,,,,,previous_cloud_bootstrap,False,1,2261,0,False,False,False,,,,inactive,,,,,,,,,,
front_end,4316759.068155296,True,icp_accepted,2282,0.9986853637160386,0.06786961121496128,8.902820001821965,7.3294199974043295,5.357483008992858,0.9129609970841557,1,0,0,,,,,,,,,,,,,,previous_cloud_bootstrap,False,1,2261,0,False,False,False,,,,inactive,,,,,,,,,,
front_end,4316759.168023616,True,icp_accepted,2302,1.0,0.0729308834916903,8.86170299781952,6.989503002841957,5.110540994792245,0.9294129995396361,1,0,0,,,,,,,,,,,,,,previous_cloud_bootstrap,False,1,2261,0,False,False,False,,,,inactive,,,,,,,,,,
front_end,4316759.269063648,True,icp_accepted,2306,1.0,0.07574012310990073,9.818737002206035,8.043317997362465,5.7960049889516085,0.9708200086606666,1,0,0,,,,,,,,,,,,,,previous_cloud_bootstrap,False,1,2261,0,False,False,False,,,,inactive,,,,,,,,,,
front_end,4316759.368976672,True,icp_accepted,2271,0.9995596653456627,0.06945868263984181,9.65650200669188,7.600348006235436,5.639882991090417,1.2463970051612705,1,0,0,,,,,,,,,,,,,,previous_cloud_bootstrap,False,1,2261,0,False,False,False,,,,inactive,,,,,,,,,,
front_end,4316759.46803904,True,icp_accepted,2285,0.999562363238512,0.07068985082547513,9.887685999274254,7.690256999921985,5.759466992458329,1.2042380112688988,1,0,0,,,,,,,,,,,,,,previous_cloud_bootstrap,False,1,2261,0,False,False,False,,,,inactive,,,,,,,,,,
front_end,4316759.569024,True,icp_accepted,2327,0.9995702621400946,0.06776441364274152,9.220004998496734,7.556386000942439,5.113294988404959,0.7940789946587756,1,0,0,,,,,,,,,,,,,,previous_cloud_bootstrap,False,1,2261,0,False,False,False,,,,inactive,,,,,,,,,,
front_end,4316759.669030304,True,icp_accepted,2333,1.0,0.07317552377298327,8.928387993364595,7.438404005370103,5.561124999076128,0.8046589937293902,1,0,0,,,,,,,,,,,,,,previous_cloud_bootstrap,False,1,2261,0,False,False,False,,,,inactive,,,,,,,,,,
front_end,4316759.76800736,True,icp_accepted,2301,0.9978270317253368,0.06766498400089568,9.362622004118748,7.780115003697574,4.772897998918779,0.866784990648739,1,0,0,,,,,,,,,,,,,,previous_cloud_bootstrap,False,1,2261,0,False,False,False,,,,inactive,,,,,,,,,,
front_end,4316759.8682056,True,icp_accepted,2317,1.0,0.07376289104967236,8.96809199184645,7.307959996978752,5.435188999399543,0.8698309975443408,1,0,0,,,,,,,,,,,,,,previous_cloud_bootstrap,False,1,2261,0,False,False,False,,,,inactive,,,,,,,,,,
front_end,4316759.968137888,True,icp_accepted,2312,1.0,0.06943858431215084,9.779001993592829,8.059668994974345,6.1253430030774325,1.0176779906032607,1,0,0,,,,,,,,,,,,,,previous_cloud_bootstrap,False,1,2261,0,False,False,False,,,,inactive,,,,,,,,,,
front_end,4316760.06802816,True,icp_accepted,2295,0.9982570806100218,0.06632238089206877,10.370451011112891,8.65736001287587,6.808724996517412,1.021634991047904,1,0,0,,,,,,,,,,,,,,previous_cloud_bootstrap,False,1,2261,0,False,False,False,,,,inactive,,,,,,,,,,
front_end,4316760.168912288,True,icp_accepted,2307,1.0,0.07148336260843578,8.80315298854839,7.249019996379502,5.18773500516545,0.8802699885563925,1,0,0,,,,,,,,,,,,,,previous_cloud_bootstrap,False,1,2261,0,False,False,False,,,,inactive,,,,,,,,,,
front_end,4316760.268118016,True,icp_accepted,2338,0.9991445680068435,0.06808274742488367,9.454935003304854,7.627760001923889,5.739480009651743,1.1647829960566014,1,0,0,,,,,,,,,,,,,,previous_cloud_bootstrap,False,1,2261,0,False,False,False,,,,inactive,,,,,,,,,,
front_end,4316760.367984,True,icp_accepted,2298,1.0,0.07807282452486439,9.448281998629682,7.54624699766282,5.186622991459444,1.1415709886932746,1,0,0,,,,,,,,,,,,,,previous_cloud_bootstrap,False,1,2261,0,False,False,False,,,,inactive,,,,,,,,,,
front_end,4316760.468162784,True,icp_accepted,2331,0.9978549978549979,0.07485584744014419,9.835638004005887,7.600158001878299,5.732417004765011,1.5224239905364811,1,0,0,,,,,,,,,,,,,,previous_cloud_bootstrap,False,1,2261,0,False,False,False,,,,inactive,,,,,,,,,,
front_end,4316760.568075104,True,icp_accepted,2323,0.9995695221696083,0.07162283829628643,9.81480001064483,7.93084800534416,6.013673002598807,1.1258300073677674,1,0,0,,,,,,,,,,,,,,previous_cloud_bootstrap,False,1,2261,0,False,False,False,,,,inactive,,,,,,,,,,
front_end,4316760.668102752,True,icp_accepted,2329,1.0,0.07093793397086433,9.150464000413194,7.483359004254453,5.585641003563069,0.9882029989967123,1,0,0,,,,,,,,,,,,,,previous_cloud_bootstrap,False,1,2261,0,False,False,False,,,,inactive,,,,,,,,,,
front_end,4316760.768157472,True,icp_accepted,2357,0.9987271955876114,0.069489711531081,9.311696994700469,7.6699490018654615,5.756300990469754,0.9150149999186397,1,0,0,,,,,,,,,,,,,,previous_cloud_bootstrap,False,1,2261,0,False,False,False,,,,inactive,,,,,,,,,,
front_end,4316760.868065984,True,icp_accepted,2357,1.0,0.07507152008193385,9.146447002422065,7.422455004416406,5.090883991215378,0.9867799963103607,1,0,0,,,,,,,,,,,,,,previous_cloud_bootstrap,False,1,2261,0,False,False,False,,,,inactive,,,,,,,,,,
front_end,4316760.967971904,True,icp_accepted,2324,1.0,0.07613333886718002,9.02128299640026,6.895747996168211,4.565387993352488,1.3478269975166768,1,0,0,,,,,,,,,,,,,,previous_cloud_bootstrap,False,1,2261,0,False,False,False,,,,inactive,,,,,,,,,,
front_end,4316761.068144128,True,icp_accepted,2310,0.9995670995670995,0.08192306875734824,9.665901001426391,7.629093001014553,5.706887997803278,1.3410840037977323,1,0,0,,,,,,,,,,,,,,previous_cloud_bootstrap,False,1,2261,0,False,False,False,,,,inactive,,,,,,,,,,
front_end,4316761.168035136,True,icp_accepted,2366,0.9995773457311918,0.07906054763670158,9.67974700324703,7.440870002028532,4.602597997291014,1.3760389992967248,1,0,0,,,,,,,,,,,,,,previous_cloud_bootstrap,False,1,2261,0,False,False,False,,,,inactive,,,,,,,,,,
front_end,4316761.268966464,True,icp_accepted,2307,0.99913307325531,0.07089626242512342,9.587123000528663,7.333397996262647,5.138082997291349,1.5657549956813455,1,0,0,,,,,,,,,,,,,,previous_cloud_bootstrap,False,1,2261,0,False,False,False,,,,inactive,,,,,,,,,,
front_end,4316761.368930368,True,icp_accepted,2362,0.9991532599491956,0.07872620125856036,9.653517990955152,7.573467999463901,5.35116100218147,1.1617779964581132,1,0,0,,,,,,,,,,,,,,previous_cloud_bootstrap,False,1,2261,0,False,False,False,,,,inactive,,,,,,,,,,
front_end,4316761.468133408,True,icp_accepted,2313,1.0,0.07004888320011594,9.7268149984302,7.495410987758078,5.573017988353968,1.4613899984396994,1,0,0,,,,,,,,,,,,,,previous_cloud_bootstrap,False,1,2261,0,False,False,False,,,,inactive,,,,,,,,,,
front_end,4316761.569005568,True,icp_accepted,2336,0.9987157534246576,0.0759483068069295,8.986907996586524,6.696152995573357,4.49845299590379,1.2384919973555952,1,0,0,,,,,,,,,,,,,,previous_cloud_bootstrap,False,1,2261,0,False,False,False,,,,inactive,,,,,,,,,,
front_end,4316761.66814992,True,icp_accepted,2358,0.9987277353689568,0.0765456099476874,10.165226995013654,7.508595997933298,5.212210991885513,1.8761969986371696,1,0,0,,,,,,,,,,,,,,previous_cloud_bootstrap,False,1,2261,0,False,False,False,,,,inactive,,,,,,,,,,
front_end,4316761.768044672,True,icp_accepted,2354,0.9991503823279524,0.07876464706549523,10.563082003500313,8.045522990869358,5.802358005894348,1.751252988469787,1,0,0,,,,,,,,,,,,,,previous_cloud_bootstrap,False,1,2261,0,False,False,False,,,,inactive,,,,,,,,,,
front_end,4316761.868043104,True,icp_accepted,2447,0.9975480179812015,0.08018747216684616,10.626561997924,7.761781002045609,5.864024002221413,1.509188994532451,1,0,0,,,,,,,,,,,,,,previous_cloud_bootstrap,False,1,2261,0,False,False,False,,,,inactive,,,,,,,,,,
front_end,4316761.968881024,True,icp_accepted,2452,1.0,0.06483024993258069,10.186857005464844,7.970402002683841,6.0138840053696185,1.1955109948758036,1,0,0,,,,,,,,,,,,,,previous_cloud_bootstrap,False,1,2261,0,False,False,False,,,,inactive,,,,,,,,,,
front_end,4316762.068042464,True,icp_accepted,2498,1.0,0.07170350441113532,10.999170001014136,8.89803099562414,6.60313900152687,1.138824998633936,1,0,0,,,,,,,,,,,,,,previous_cloud_bootstrap,False,1,2261,0,False,False,False,,,,inactive,,,,,,,,,,
front_end,4316762.168942112,True,icp_accepted,2459,1.0,0.07230130161876418,10.79820399172604,7.598634998430498,5.006956998840906,1.974721992155537,1,0,0,,,,,,,,,,,,,,previous_cloud_bootstrap,False,1,2261,0,False,False,False,,,,inactive,,,,,,,,,,
front_end,4316762.268139488,True,icp_accepted,2448,1.0,0.0773551036192217,11.634852009592578,8.719787001609802,6.666166998911649,2.0307270024204627,1,0,0,,,,,,,,,,,,,,previous_cloud_bootstrap,False,1,2261,0,False,False,False,,,,inactive,,,,,,,,,,
front_end,4316762.368057216,True,icp_accepted,2418,1.0,0.07760709530477382,10.398785001598299,7.757403000141494,5.583538004430011,1.5590529947075993,1,0,0,,,,,,,,,,,,,,previous_cloud_bootstrap,False,1,2261,0,False,False,False,,,,inactive,,,,,,,,,,
front_end,4316762.468038816,True,icp_accepted,2393,1.0,0.06387525665440423,9.86103700415697,7.542339997598901,5.615426998701878,1.5204999945126474,1,0,0,,,,,,,,,,,,,,previous_cloud_bootstrap,False,1,2261,0,False,False,False,,,,inactive,,,,,,,,,,
front_end,4316762.568899424,True,icp_accepted,2373,1.0,0.0694256958506205,9.781536995433271,7.614885005750693,5.656282999552786,1.395936997141689,1,0,0,,,,,,,,,,,,,,previous_cloud_bootstrap,False,1,2261,0,False,False,False,,,,inactive,,,,,,,,,,
front_end,4316762.668156352,True,icp_accepted,2448,0.9983660130718954,0.06674426755082527,9.818637001444586,7.360639006947167,5.1354369934415445,1.3725929893553257,1,0,0,,,,,,,,,,,,,,previous_cloud_bootstrap,False,1,2261,0,False,False,False,,,,inactive,,,,,,,,,,
front_end,4316762.769007776,True,icp_accepted,2488,0.9995980707395499,0.07950587218607032,9.425529991858639,7.403308991342783,4.635890989447944,1.2625569943338633,1,0,0,,,,,,,,,,,,,,previous_cloud_bootstrap,False,1,2261,0,False,False,False,,,,inactive,,,,,,,,,,
front_end,4316762.86891696,True,icp_accepted,2511,1.0,0.0761793107730546,11.400603005313314,7.807005997165106,5.701057001715526,1.720745989587158,1,0,0,,,,,,,,,,,,,,previous_cloud_bootstrap,True,2,3226,0,False,False,False,,,,inactive,,,,,,,,,,
front_end,4316762.969065152,True,icp_accepted,2515,1.0,0.0676712099422231,10.410766990389675,7.674106993363239,5.773003009380773,1.6292239888571203,1,0,0,,,,,,,,,,,,,,previous_cloud_bootstrap,False,2,3226,0,False,False,False,,,,inactive,,,,,,,,,,
front_end,4316763.068014944,True,icp_accepted,2492,1.0,0.0703975841018162,9.767932002432644,7.773282006382942,5.823547995532863,1.2033860111841932,1,0,0,,,,,,,,,,,,,,previous_cloud_bootstrap,False,2,3226,0,False,False,False,,,,inactive,,,,,,,,,,
front_end,4316763.16894192,True,icp_accepted,2481,1.0,0.07118503240762317,10.202766992733814,7.34608199854847,4.642472995328717,1.7426970007363707,1,0,0,,,,,,,,,,,,,,previous_cloud_bootstrap,False,2,3226,0,False,False,False,,,,inactive,,,,,,,,,,
front_end,4316763.26808224,True,icp_accepted,2471,1.0,0.07723983312509546,10.85242499539163,7.998995992238633,6.096639001043513,2.0071930048288777,1,0,0,,,,,,,,,,,,,,previous_cloud_bootstrap,False,2,3226,0,False,False,False,,,,inactive,,,,,,,,,,
front_end,4316763.369069088,True,icp_accepted,2453,1.0,0.07252910360104547,11.31589399301447,8.449369997833855,5.777591999503784,1.4390479918802157,1,0,0,,,,,,,,,,,,,,previous_cloud_bootstrap,False,2,3226,0,False,False,False,,,,inactive,,,,,,,,,,
front_end,4316763.468138976,True,icp_accepted,2431,1.0,0.06443619417007251,10.829300998011604,8.732791000511497,6.651529998634942,1.1040390090784058,1,0,0,,,,,,,,,,,,,,previous_cloud_bootstrap,False,2,3226,0,False,False,False,,,,inactive,,,,,,,,,,
front_end,4316763.56799568,True,icp_accepted,2472,1.0,0.07370985897793839,10.53883699933067,8.455050003249198,6.2678009999217466,1.0873290011659265,1,0,0,,,,,,,,,,,,,,previous_cloud_bootstrap,False,2,3226,0,False,False,False,,,,inactive,,,,,,,,,,
front_end,4316763.669063008,True,icp_accepted,2485,0.9987927565392354,0.07290806551416167,10.523087999899872,8.254814994870685,6.178181996801868,1.5028569905553013,1,0,0,,,,,,,,,,,,,,previous_cloud_bootstrap,False,2,3226,0,False,False,False,,,,inactive,,,,,,,,,,
front_end,4316763.768983776,True,icp_accepted,2566,0.9992205767731879,0.08104461882431307,10.556099994573742,7.557838995126076,5.637669004499912,1.6842879995238036,1,0,0,,,,,,,,,,,,,,previous_cloud_bootstrap,False,2,3226,0,False,False,False,,,,inactive,,,,,,,,,,
front_end,4316763.868048928,True,icp_accepted,2617,1.0,0.07310520046937917,12.292375002289191,9.404921991517767,7.25340899953153,1.5882169973338023,1,0,0,,,,,,,,,,,,,,previous_cloud_bootstrap,False,2,3226,0,False,False,False,,,,inactive,,,,,,,,,,
front_end,4316763.968918272,True,icp_accepted,2526,1.0,0.06942203662654228,10.403934007626958,7.7658090012846515,4.622034990461543,1.3537479972001165,1,0,0,,,,,,,,,,,,,,previous_cloud_bootstrap,False,2,3226,0,False,False,False,,,,inactive,,,,,,,,,,
front_end,4316764.068977152,True,icp_accepted,2551,0.999607996863975,0.06871226639997723,9.723438997752964,7.474012003513053,5.558641001698561,1.157670994871296,1,0,0,,,,,,,,,,,,,,previous_cloud_bootstrap,False,2,3226,0,False,False,False,,,,inactive,,,,,,,,,,
optimized_backend,,,,,,,,,,,,,,,,,,,,,,,,,,,,,,,,,,,,,,,,,2,1,0,,,,pose_graph,False
front_end,4316764.168237888,True,icp_accepted,2588,0.999227202472952,0.07355048401305171,10.827368998434395,7.631847998709418,4.820085989194922,1.3671440101461485,1,0,0,,,,,,,,,,,,,,previous_cloud_bootstrap,True,3,3857,0,False,False,False,,,,inactive,,,,,,,,,,
front_end,4316764.268837408,True,icp_accepted,2595,1.0,0.07740284791098073,10.778175987070426,7.626827995409258,5.73014299152419,1.9479820039123297,1,0,0,,,,,,,,,,,,,,local_map_fast,False,3,3857,0,False,False,False,,,,inactive,,,,,,,,,,
front_end,4316764.368847424,True,icp_accepted,2481,1.0,0.07862106450449984,15.51553800527472,12.390710006002337,9.219274012139067,1.9355590047780424,1,0,0,,,,,,,,,,,,,,local_map_fast,False,3,3857,0,False,False,False,,,,inactive,,,,,,,,,,
front_end,4316764.468039072,True,icp_accepted,2570,1.0,0.08122501770634652,12.196424999274313,9.265019005397335,6.496137997601181,1.6749200003687292,1,0,0,,,,,,,,,,,,,,local_map_fast,False,3,3857,0,False,False,False,,,,inactive,,,,,,,,,,
front_end,4316764.568883072,True,icp_accepted,2533,1.0,0.08199975289484057,10.353549994761124,7.523203996242955,4.626031994121149,1.9849319942295551,1,0,0,,,,,,,,,,,,,,local_map_fast,False,3,3857,0,False,False,False,,,,inactive,,,,,,,,,,
front_end,4316764.668860832,True,icp_accepted,2562,1.0,0.08385235636672721,10.344663998694159,7.487066002795473,5.5912620009621605,2.0223620085744187,1,0,0,,,,,,,,,,,,,,local_map_fast,False,3,3857,0,False,False,False,,,,inactive,,,,,,,,,,
front_end,4316764.7680176,True,icp_accepted,2589,1.0,0.0966222834893991,10.04483200085815,7.40743700589519,5.4908739984966815,1.826013991376385,1,0,0,,,,,,,,,,,,,,local_map_fast,False,3,3857,0,False,False,False,,,,inactive,,,,,,,,,,
front_end,4316764.868927808,True,icp_accepted,2630,1.0,0.0946678398829829,10.772205991088413,7.718480992480181,5.634553002892062,2.0840569923166186,1,0,0,,,,,,,,,,,,,,local_map_fast,False,3,3857,0,False,False,False,,,,inactive,,,,,,,,,,
front_end,4316764.968847968,True,icp_accepted,2661,1.0,0.0974922542854429,10.148194996872917,7.605077000334859,5.173969999304973,1.6572169988648966,1,0,0,,,,,,,,,,,,,,local_map_fast,False,3,3857,0,False,False,False,,,,inactive,,,,,,,,,,
front_end,4316765.068034912,True,icp_accepted,2673,1.0,0.09958435237178469,9.660169991548173,6.884636997710913,4.591046992572956,1.8701660010265186,1,0,0,,,,,,,,,,,,,,local_map_fast,False,3,3857,0,False,False,False,,,,inactive,,,,,,,,,,
front_end,4316765.168929856,True,icp_accepted,2630,1.0,0.09635939062320643,9.777790997759439,6.839973997557536,4.572652993374504,2.01948601170443,1,0,0,,,,,,,,,,,,,,local_map_fast,False,3,3857,0,False,False,False,,,,inactive,,,,,,,,,,
front_end,4316765.268093856,True,icp_accepted,2673,1.0,0.10506853479830994,10.519010000280105,7.616678994963877,4.800549009814858,1.9081479986198246,1,0,0,,,,,,,,,,,,,,local_map_fast,False,3,3857,0,False,False,False,,,,inactive,,,,,,,,,,
front_end,4316765.36902224,True,icp_accepted,2591,1.0,0.1094365563409727,12.08488600968849,8.512599000823684,6.484918005298823,1.794654002878815,1,0,0,,,,,,,,,,,,,,local_map_fast,True,4,4370,0,False,False,False,,,,inactive,,,,,,,,,,
front_end,4316765.4688056,True,icp_accepted,2630,1.0,0.06847777105062189,10.69734500197228,7.907574996352196,5.664128999342211,1.969411998288706,1,0,0,,,,,,,,,,,,,,local_map_fast,False,4,4370,0,False,False,False,,,,inactive,,,,,,,,,,
front_end,4316765.569088224,True,icp_accepted,2560,1.0,0.07007221679706284,10.47591000678949,7.79623600828927,5.903167009819299,1.8347400036873296,1,0,0,,,,,,,,,,,,,,local_map_fast,False,4,4370,0,False,False,False,,,,inactive,,,,,,,,,,
front_end,4316765.667966208,True,icp_accepted,2691,1.0,0.07228940222128853,10.827209000126459,7.785376001265831,5.7291010016342625,2.0999469998059794,1,0,0,,,,,,,,,,,,,,local_map_fast,False,4,4370,0,False,False,False,,,,inactive,,,,,,,,,,
front_end,4316765.768832992,True,icp_accepted,2693,1.0,0.07754626081658167,10.901959001785144,7.709133002208546,4.797223009518348,2.2356819972628728,1,0,0,,,,,,,,,,,,,,local_map_fast,False,4,4370,0,False,False,False,,,,inactive,,,,,,,,,,
front_end,4316765.868043168,True,icp_accepted,2749,1.0,0.08047091919044932,10.897950996877626,8.155328992870636,6.117368990089744,1.8938610010081902,1,0,0,,,,,,,,,,,,,,local_map_fast,False,4,4370,0,False,False,False,,,,inactive,,,,,,,,,,
front_end,4316765.968939712,True,icp_accepted,2822,1.0,0.08570613306540178,10.681985993869603,7.678515001316555,5.6119009968824685,2.195054999901913,1,0,0,,,,,,,,,,,,,,local_map_fast,False,4,4370,0,False,False,False,,,,inactive,,,,,,,,,,
front_end,4316766.068906592,True,icp_accepted,2760,1.0,0.0836306140634586,10.281074995873496,7.642096999916248,5.711156991310418,1.73566400189884,1,0,0,,,,,,,,,,,,,,local_map_fast,False,4,4370,0,False,False,False,,,,inactive,,,,,,,,,,
front_end,4316766.168006304,True,icp_accepted,2794,1.0,0.08184273300575078,10.551541010499932,7.486856004106812,4.7827259986661375,2.127889994881116,1,0,0,,,,,,,,,,,,,,local_map_fast,False,4,4370,0,False,False,False,,,,inactive,,,,,,,,,,
front_end,4316766.268926912,True,icp_accepted,2798,1.0,0.07975918267718984,10.793314999318682,7.688042998779565,5.7093939976766706,2.2270860063144937,1,0,0,,,,,,,,,,,,,,local_map_fast,False,4,4370,0,False,False,False,,,,inactive,,,,,,,,,,
front_end,4316766.368852992,True,icp_accepted,2763,1.0,0.07574029146771391,10.666707996279001,7.264489002409391,4.44886100012809,2.044854001724161,1,0,0,,,,,,,,,,,,,,local_map_fast,False,4,4370,0,False,False,False,,,,inactive,,,,,,,,,,
front_end,4316766.468047648,True,icp_accepted,2686,1.0,0.07739074839305912,10.633785001118667,7.844125007977709,5.83056100003887,1.9654549978440627,1,0,0,,,,,,,,,,,,,,local_map_fast,False,4,4370,0,False,False,False,,,,inactive,,,,,,,,,,
front_end,4316766.568894848,True,icp_accepted,2629,1.0,0.08000976371817656,10.216833994491026,7.456327992258593,5.604598001809791,1.9401680037844926,1,0,0,,,,,,,,,,,,,,local_map_fast,False,4,4370,0,False,False,False,,,,inactive,,,,,,,,,,
front_end,4316766.668132384,True,icp_accepted,2685,1.0,0.08116290601297106,10.236240006634034,7.62367200513836,5.7231190003221855,1.7288719973294064,1,0,0,,,,,,,,,,,,,,local_map_fast,False,4,4370,0,False,False,False,,,,inactive,,,,,,,,,,
front_end,4316766.768766016,True,icp_accepted,2769,1.0,0.08056516181721472,9.786095994058996,6.942534993868321,4.522999995970167,1.9041089981328696,1,0,0,,,,,,,,,,,,,,local_map_fast,False,4,4370,0,False,False,False,,,,inactive,,,,,,,,,,
front_end,4316766.868894112,True,icp_accepted,2783,1.0,0.08705883957176552,11.666242004139349,8.298387998365797,6.072764997952618,2.2757970000384375,1,0,0,,,,,,,,,,,,,,local_map_fast,False,4,4370,0,False,False,False,,,,inactive,,,,,,,,,,
optimized_backend,,,,,,,,,,,,,,,,,,,,,,,,,,,,,,,,,,,,,,,,,3,2,0,,,,pose_graph,False
front_end,4316766.968827552,True,icp_accepted,2784,1.0,0.08855052737350133,10.482181009138003,7.33475100423675,4.6860049915267155,1.8570120009826496,1,0,0,,,,,,,,,,,,,,local_map_fast,False,4,4370,0,False,False,False,,,,inactive,,,,,,,,,,
front_end,4316767.068766688,True,icp_accepted,2796,1.0,0.09005167651932573,11.693843000102788,7.632449007360265,5.4782509978394955,2.022882006713189,1,0,0,,,,,,,,,,,,,,local_map_fast,True,5,4728,0,False,False,False,,,,inactive,,,,,,,,,,
front_end,4316767.168838208,True,icp_accepted,2713,1.0,0.06789207122530665,10.430624999571592,7.496955004171468,5.608694991678931,1.9362199964234605,1,0,0,,,,,,,,,,,,,,local_map_fast,False,5,4728,0,False,False,False,,,,inactive,,,,,,,,,,
front_end,4316767.268833952,True,icp_accepted,2748,1.0,0.06995976655783201,10.94038100563921,7.971294005983509,5.817786994157359,1.9276139937574044,1,0,0,,,,,,,,,,,,,,local_map_fast,False,5,4728,0,False,False,False,,,,inactive,,,,,,,,,,
front_end,4316767.368989536,True,icp_accepted,2729,1.0,0.0678040425585683,11.338016003719531,7.940235998830758,6.043740999302827,2.3366910027107224,1,0,0,,,,,,,,,,,,,,local_map_fast,False,5,4728,0,False,False,False,,,,inactive,,,,,,,,,,
front_end,4316767.46889264,True,icp_accepted,2704,1.0,0.0712897261928152,11.819529012427665,8.788266000919975,6.556011008797213,2.058568992651999,1,0,0,,,,,,,,,,,,,,local_map_fast,False,5,4728,0,False,False,False,,,,inactive,,,,,,,,,,
front_end,4316767.56906144,True,icp_accepted,2735,1.0,0.0768176466043269,10.973192009259947,7.85383400216233,5.6671640049899,2.155812006094493,1,0,0,,,,,,,,,,,,,,local_map_fast,False,5,4728,0,False,False,False,,,,inactive,,,,,,,,,,
front_end,4316767.668808512,True,icp_accepted,2671,1.0,0.07790107516664874,13.32780699885916,10.079075989779085,7.804793000104837,2.332061994820833,1,0,0,,,,,,,,,,,,,,local_map_fast,False,5,4728,0,False,False,False,,,,inactive,,,,,,,,,,
front_end,4316767.76893264,True,icp_accepted,2745,1.0,0.07467333119972198,10.466011008247733,7.346773010795005,5.018247989937663,2.1966780041111633,1,0,0,,,,,,,,,,,,,,local_map_fast,False,5,4728,0,False,False,False,,,,inactive,,,,,,,,,,
front_end,4316767.868944736,True,icp_accepted,2743,1.0,0.07822815187138533,11.82267400145065,8.193379995645955,6.179664997034706,2.584906993433833,1,0,0,,,,,,,,,,,,,,local_map_fast,False,5,4728,0,False,False,False,,,,inactive,,,,,,,,,,
front_end,4316767.969075264,True,icp_accepted,2751,1.0,0.08599513646460401,10.5118979990948,7.402297997032292,4.5582559978356585,1.8713289900915697,1,0,0,,,,,,,,,,,,,,local_map_fast,False,5,4728,0,False,False,False,,,,inactive,,,,,,,,,,
front_end,4316768.068793984,True,icp_accepted,2756,1.0,0.08761130856276908,11.139453999930993,8.082663000095636,6.086370995035395,2.0955779909854755,1,0,0,,,,,,,,,,,,,,local_map_fast,False,5,4728,0,False,False,False,,,,inactive,,,,,,,,,,
front_end,4316768.168781312,True,icp_accepted,2756,1.0,0.08482248881333851,10.464208011399023,7.203244007541798,4.746186998090707,1.9253089994890615,1,0,0,,,,,,,,,,,,,,local_map_fast,False,5,4728,0,False,False,False,,,,inactive,,,,,,,,,,
front_end,4316768.268005504,True,icp_accepted,2788,1.0,0.08474103109081893,11.312246992019936,7.9829960013739765,6.030996999470517,2.232013997854665,1,0,0,,,,,,,,,,,,,,local_map_fast,False,5,4728,0,False,False,False,,,,inactive,,,,,,,,,,
front_end,4316768.368794176,True,icp_accepted,2679,1.0,0.08389190791606842,13.473799990606494,9.358914991025813,6.980245991144329,2.6172969955950975,1,0,0,,,,,,,,,,,,,,local_map_fast,False,5,4728,0,False,False,False,,,,inactive,,,,,,,,,,
front_end,4316768.46880768,True,icp_accepted,2664,1.0,0.0839812874360026,10.893202997976914,7.948953003506176,5.897456998354755,1.9084379891864955,1,0,0,,,,,,,,,,,,,,local_map_fast,False,5,4728,0,False,False,False,,,,inactive,,,,,,,,,,
front_end,4316768.56893744,True,icp_accepted,2662,1.0,0.08800780285858814,12.756936994264834,8.295362000353634,6.325518988887779,1.9508870027493685,1,0,0,,,,,,,,,,,,,,local_map_fast,True,6,5064,0,False,False,False,,,,inactive,,,,,,,,,,
front_end,4316768.668927488,True,icp_accepted,2608,1.0,0.061891582296791085,12.055201004841365,8.90657800482586,6.692405993817374,1.8936599954031408,1,0,0,,,,,,,,,,,,,,local_map_fast,False,6,5064,0,False,False,False,,,,inactive,,,,,,,,,,
front_end,4316768.768762624,True,icp_accepted,2688,1.0,0.06225830056525164,10.442778002470732,7.437143009155989,4.542587004834786,2.037929996731691,1,0,0,,,,,,,,,,,,,,local_map_fast,False,6,5064,0,False,False,False,,,,inactive,,,,,,,,,,
front_end,4316768.867976224,True,icp_accepted,2744,0.9996355685131195,0.07061879110539016,10.725247004302219,7.28616000560578,4.707696003606543,2.227896999102086,1,0,0,,,,,,,,,,,,,,local_map_fast,False,6,5064,0,False,False,False,,,,inactive,,,,,,,,,,
front_end,4316768.968929952,True,icp_accepted,2766,0.9996384671005062,0.07303085224635147,11.111771993455477,7.715654995990917,5.768213988631032,2.4664239899720997,1,0,0,,,,,,,,,,,,,,local_map_fast,False,6,5064,0,False,False,False,,,,inactive,,,,,,,,,,
front_end,4316769.068727392,True,icp_accepted,2750,0.9996363636363637,0.07259229069057978,12.030976009555161,8.241821997216903,5.7447200088063255,1.9125960097881034,1,0,0,,,,,,,,,,,,,,local_map_fast,False,6,5064,0,False,False,False,,,,inactive,,,,,,,,,,
front_end,4316769.16890048,True,icp_accepted,2714,1.0,0.06770421856586151,11.327596992487088,8.555559994420037,6.575598003109917,1.795166012016125,1,0,0,,,,,,,,,,,,,,local_map_fast,False,6,5064,0,False,False,False,,,,inactive,,,,,,,,,,
front_end,4316769.268810432,True,icp_accepted,2677,1.0,0.0640834136943071,10.582019996945746,7.681572009460069,5.743778005125932,1.9364309991942719,1,0,0,,,,,,,,,,,,,,local_map_fast,False,6,5064,0,False,False,False,,,,inactive,,,,,,,,,,
front_end,4316769.368787744,True,icp_accepted,2641,1.0,0.06923696006573161,9.580230005667545,6.524160999106243,4.62937900738325,2.1635159937432036,1,0,0,,,,,,,,,,,,,,local_map_fast,False,6,5064,0,False,False,False,,,,inactive,,,,,,,,,,
front_end,4316769.46895664,True,icp_accepted,2671,1.0,0.06656601750897945,10.427147994050756,7.760509004583582,5.703232993255369,1.6933250008150935,1,0,0,,,,,,,,,,,,,,local_map_fast,False,6,5064,0,False,False,False,,,,inactive,,,,,,,,,,
front_end,4316769.568801728,True,icp_accepted,2697,1.0,0.0658466202589892,10.665634996257722,7.93252199946437,5.984278992400505,1.8251719884574413,1,0,0,,,,,,,,,,,,,,local_map_fast,False,6,5064,0,False,False,False,,,,inactive,,,,,,,,,,
front_end,4316769.668764864,True,icp_accepted,2745,1.0,0.0654377077009494,10.307724995072931,7.664799995836802,5.706748997909017,1.6116820042952895,1,0,0,,,,,,,,,,,,,,local_map_fast,False,6,5064,0,False,False,False,,,,inactive,,,,,,,,,,
front_end,4316769.768951328,True,icp_accepted,2737,1.0,0.06618882062041696,10.499825002625585,7.6927820045966655,5.701388989109546,1.8775799981085584,1,0,0,,,,,,,,,,,,,,local_map_fast,False,6,5064,0,False,False,False,,,,inactive,,,,,,,,,,
front_end,4316769.868900864,True,icp_accepted,2732,1.0,0.06865369723564742,10.592980004730634,7.764927999232896,5.79763000132516,1.814421993913129,1,0,0,,,,,,,,,,,,,,local_map_fast,False,6,5064,0,False,False,False,,,,inactive,,,,,,,,,,
front_end,4316769.96889552,True,icp_accepted,2739,1.0,0.06927651039373461,11.411904997657984,8.517458001733758,6.588342002942227,1.6135150071932003,1,0,0,,,,,,,,,,,,,,local_map_fast,False,6,5064,0,False,False,False,,,,inactive,,,,,,,,,,
front_end,4316770.06806,True,icp_accepted,2715,1.0,0.06514877417291545,10.180505996686406,7.544224004959688,4.764592988067307,1.6337429988197982,1,0,0,,,,,,,,,,,,,,local_map_fast,False,6,5064,0,False,False,False,,,,inactive,,,,,,,,,,
front_end,4316770.168821664,True,icp_accepted,2692,1.0,0.06664832432258785,13.173387997085229,10.114402990438975,7.33824800408911,1.9945800013374537,1,0,0,,,,,,,,,,,,,,local_map_fast,False,6,5064,0,False,False,False,,,,inactive,,,,,,,,,,
front_end,4316770.268754656,True,icp_accepted,2709,1.0,0.06408228703192113,10.37375899613835,6.950530994799919,4.649326991057023,2.3677290009800345,1,0,0,,,,,,,,,,,,,,local_map_fast,False,6,5064,0,False,False,False,,,,inactive,,,,,,,,,,
front_end,4316770.368853824,True,icp_accepted,2734,1.0,0.06854702954568301,10.436396012664773,7.588647000375204,5.623542994726449,1.8413419893477112,1,0,0,,,,,,,,,,,,,,local_map_fast,False,6,5064,0,False,False,False,,,,inactive,,,,,,,,,,
front_end,4316770.468906784,True,icp_accepted,2733,1.0,0.07024709959526579,10.783948004245758,7.745732000330463,5.78650800161995,2.0304369973018765,1,0,0,,,,,,,,,,,,,,local_map_fast,False,6,5064,0,False,False,False,,,,inactive,,,,,,,,,,
front_end,4316770.568743232,True,icp_accepted,2795,1.0,0.07464813222397379,11.458542008767836,7.447152005624957,4.567702999338508,2.5218079972546548,1,0,0,,,,,,,,,,,,,,local_map_fast,False,6,5064,0,False,False,False,,,,inactive,,,,,,,,,,
front_end,4316770.668834304,True,icp_accepted,2834,1.0,0.07464339611036828,10.935712009086274,7.519097009208053,4.806191005627625,2.35900298866909,1,0,0,,,,,,,,,,,,,,local_map_fast,False,6,5064,0,False,False,False,,,,inactive,,,,,,,,,,
front_end,4316770.76880848,True,icp_accepted,2801,1.0,0.08226416500843686,12.438839999958873,8.785340003669262,6.396962009603158,2.665015999809839,1,0,0,,,,,,,,,,,,,,local_map_fast,False,6,5064,0,False,False,False,,,,inactive,,,,,,,,,,
front_end,4316770.86863744,True,icp_accepted,2861,1.0,0.09073435879050125,10.481320990948007,7.774184996378608,5.758144994615577,1.7364049999741837,1,0,0,,,,,,,,,,,,,,local_map_fast,False,6,5064,0,False,False,False,,,,inactive,,,,,,,,,,
front_end,4316770.968904064,True,icp_accepted,2832,1.0,0.08487282667763134,11.182916001416743,8.198601004551165,6.290363002335653,2.0334129949333146,1,0,0,,,,,,,,,,,,,,local_map_fast,False,6,5064,0,False,False,False,,,,inactive,,,,,,,,,,
front_end,4316771.068794016,True,icp_accepted,2791,1.0,0.07195309011074674,13.134495005942881,7.852342008845881,5.85082899488043,2.4634680012241006,1,0,0,,,,,,,,,,,,,,local_map_fast,True,7,5287,0,False,False,False,,,,inactive,,,,,,,,,,
front_end,4316771.168939744,True,icp_accepted,2676,1.0,0.06404166705698225,11.496713996166363,7.821423991117626,4.876171995420009,2.241020993096754,1,0,0,,,,,,,,,,,,,,local_map_fast,False,7,5287,0,False,False,False,,,,inactive,,,,,,,,,,
front_end,4316771.268022656,True,icp_accepted,2682,1.0,0.06409180503871445,11.745670999516733,8.331108998390846,6.357157995807938,2.2772899974370375,1,0,0,,,,,,,,,,,,,,local_map_fast,False,7,5287,0,False,False,False,,,,inactive,,,,,,,,,,
optimized_backend,,,,,,,,,,,,,,,,,,,,,,,,,,,,,,,,,,,,,,,,,4,3,0,,,,pose_graph,False
front_end,4316771.368847296,True,icp_accepted,2695,1.0,0.06407638919892696,11.497094994410872,8.459940989268944,6.2735520041314885,1.7006080015562475,1,0,0,,,,,,,,,,,,,,local_map_fast,False,7,5287,0,False,False,False,,,,inactive,,,,,,,,,,
front_end,4316771.468659136,True,icp_accepted,2734,1.0,0.0672118113147358,12.527607002994046,7.402378003462218,4.638636994059198,2.055835007922724,1,0,0,,,,,,,,,,,,,,local_map_fast,True,8,5432,0,False,False,False,,,,inactive,,,,,,,,,,
front_end,4316771.568924832,True,icp_accepted,2767,1.0,0.06357363096513266,11.369265004759654,8.02039600966964,5.997333995765075,2.2464610083261505,1,0,0,,,,,,,,,,,,,,local_map_fast,False,8,5432,0,False,False,False,,,,inactive,,,,,,,,,,
front_end,4316771.66869792,True,icp_accepted,2756,1.0,0.06707497561439257,12.566028992296197,8.413773990469053,5.934266009717248,2.03336299455259,1,0,0,,,,,,,,,,,,,,local_map_fast,False,8,5432,0,False,False,False,,,,inactive,,,,,,,,,,
front_end,4316771.768669632,True,icp_accepted,2735,0.9996343692870201,0.07560495430438223,11.172655998962,7.7828909998061135,4.727724008262157,2.3308200034080073,1,0,0,,,,,,,,,,,,,,local_map_fast,False,8,5432,0,False,False,False,,,,inactive,,,,,,,,,,
front_end,4316771.86888672,True,icp_accepted,2749,0.9974536194979993,0.08307716292759057,11.236235994147137,8.2001229893649,6.026920003932901,1.9379639998078346,1,0,0,,,,,,,,,,,,,,local_map_fast,False,8,5432,0,False,False,False,,,,inactive,,,,,,,,,,
front_end,4316771.968719296,True,icp_accepted,2715,0.9966850828729282,0.08338709254742176,11.573087002034299,7.565773994429037,5.580352008109912,1.7284609930356964,1,0,0,,,,,,,,,,,,,,local_map_fast,True,9,5664,0,False,False,False,,,,inactive,,,,,,,,,,
optimized_backend,,,,,,,,,,,,,,,,,,,,,,,,,,,,,,,,,,,,,,,,,5,4,0,,,,pose_graph,False
front_end,4316772.068699424,True,icp_accepted,2717,1.0,0.06144665997598265,12.84317800309509,9.17106399720069,6.43556599970907,2.3583209986099973,1,0,0,,,,,,,,,,,,,,local_map_fast,False,9,5664,0,False,False,False,,,,inactive,,,,,,,,,,
front_end,4316772.168787392,True,icp_accepted,2684,1.0,0.06202344698014993,12.018192006507888,8.490959007758647,5.441861998406239,2.296145001309924,1,0,0,,,,,,,,,,,,,,local_map_fast,False,9,5664,0,False,False,False,,,,inactive,,,,,,,,,,
front_end,4316772.268728224,True,icp_accepted,2658,1.0,0.0691946974830639,15.62450299388729,11.089951993199065,8.435264986474067,2.8093069995520636,1,0,0,,,,,,,,,,,,,,local_map_fast,False,9,5664,0,False,False,False,,,,inactive,,,,,,,,,,
front_end,4316772.368790048,True,icp_accepted,2684,1.0,0.06528084028273547,11.08358999772463,7.556065989774652,4.792133986484259,1.7778229957912117,1,0,0,,,,,,,,,,,,,,local_map_fast,False,9,5664,0,False,False,False,,,,inactive,,,,,,,,,,
front_end,4316772.468922368,True,icp_accepted,2685,1.0,0.06437144209252746,10.392784999567084,7.5543630082393065,4.811400009202771,1.8009769992204383,1,0,0,,,,,,,,,,,,,,local_map_fast,False,9,5664,0,False,False,False,,,,inactive,,,,,,,,,,
front_end,4316772.568933952,True,icp_accepted,2775,0.9996396396396396,0.07072548619618473,11.909687993465923,7.956025991006754,5.95021499611903,2.830726996762678,1,0,0,,,,,,,,,,,,,,local_map_fast,False,9,5664,0,False,False,False,,,,inactive,,,,,,,,,,
front_end,4316772.668730624,True,icp_accepted,2756,1.0,0.08691891038079184,12.620451001566835,8.407052009715699,6.306552997557446,2.7952499949606135,1,0,0,,,,,,,,,,,,,,local_map_fast,False,9,5664,0,False,False,False,,,,inactive,,,,,,,,,,
front_end,4316772.768649504,True,icp_accepted,2774,0.9996395097332372,0.09474317690723165,11.867499008076265,8.219530005590059,6.1125799984438345,2.380523001193069,1,0,0,,,,,,,,,,,,,,local_map_fast,False,9,5664,0,False,False,False,,,,inactive,,,,,,,,,,
front_end,4316772.868730688,True,icp_accepted,2801,0.9996429846483399,0.10930074028484428,11.121379997348413,7.765468006255105,5.783533008070663,2.2491959971375763,1,0,0,,,,,,,,,,,,,,local_map_fast,False,9,5664,0,False,False,False,,,,inactive,,,,,,,,,,
front_end,4316772.96878544,True,icp_accepted,2795,0.998211091234347,0.09835653847476737,11.595560004934669,8.035776001634076,5.3245619928929955,1.909490005346015,1,0,0,,,,,,,,,,,,,,local_map_fast,False,9,5664,0,False,False,False,,,,inactive,,,,,,,,,,
front_end,4316773.068662144,True,icp_accepted,2712,0.9996312684365781,0.08843766111640712,11.55965200450737,7.700036003370769,5.698522989405319,2.7802420081570745,1,0,0,,,,,,,,,,,,,,local_map_fast,False,9,5664,0,False,False,False,,,,inactive,,,,,,,,,,
front_end,4316773.168798272,True,icp_accepted,2626,0.9992383853769993,0.08550184202145919,13.23408100870438,7.7890530083095655,5.606852006167173,2.479518996551633,1,0,0,,,,,,,,,,,,,,local_map_fast,True,10,5836,0,False,False,False,,,,inactive,,,,,,,,,,
front_end,4316773.268734496,True,icp_accepted,2678,1.0,0.062582609020291,14.84411999990698,10.452996997628361,7.919308001874015,2.6208539929939434,1,0,0,,,,,,,,,,,,,,local_map_fast,False,10,5836,0,False,False,False,,,,inactive,,,,,,,,,,
front_end,4316773.368872448,True,icp_accepted,2749,1.0,0.06323565059399859,11.244831999647431,7.7939319889992476,5.849496999871917,2.1344109991332516,1,0,0,,,,,,,,,,,,,,local_map_fast,False,10,5836,0,False,False,False,,,,inactive,,,,,,,,,,
front_end,4316773.468756704,True,icp_accepted,2669,1.0,0.06410988325958443,11.849977003294043,7.570724003016949,5.606901991995983,2.6192399964202195,1,0,0,,,,,,,,,,,,,,local_map_fast,False,10,5836,0,False,False,False,,,,inactive,,,,,,,,,,
front_end,4316773.568938112,True,icp_accepted,2685,1.0,0.0627233724545465,11.417304995120503,7.897286006482318,4.634369004634209,1.8704069952946156,1,0,0,,,,,,,,,,,,,,local_map_fast,False,10,5836,0,False,False,False,,,,inactive,,,,,,,,,,
front_end,4316773.668724,True,icp_accepted,2686,1.0,0.06207744118915803,14.136243000393733,10.758600998087786,8.279573012259789,2.2962150105740875,1,0,0,,,,,,,,,,,,,,local_map_fast,False,10,5836,0,False,False,False,,,,inactive,,,,,,,,,,
front_end,4316773.768681024,True,icp_accepted,2669,1.0,0.06423900191273638,10.740266006905586,7.732205995125696,5.611690998193808,1.853684996603988,1,0,0,,,,,,,,,,,,,,local_map_fast,False,10,5836,0,False,False,False,,,,inactive,,,,,,,,,,
front_end,4316773.868971168,True,icp_accepted,2731,1.0,0.063144285493306,10.650868993252516,7.663848999072798,5.693373997928575,1.9395870040170848,1,0,0,,,,,,,,,,,,,,local_map_fast,False,10,5836,0,False,False,False,,,,inactive,,,,,,,,,,
front_end,4316773.968716928,True,icp_accepted,2637,1.0,0.06301505041129844,11.156116001075134,7.888809996074997,4.549349003355019,1.6338330024154857,1,0,0,,,,,,,,,,,,,,local_map_fast,False,10,5836,0,False,False,False,,,,inactive,,,,,,,,,,
front_end,4316774.068655936,True,icp_accepted,2718,1.0,0.06298691840813991,10.548135993303731,7.571805996121839,5.604328005574644,1.84954798896797,1,0,0,,,,,,,,,,,,,,local_map_fast,False,10,5836,0,False,False,False,,,,inactive,,,,,,,,,,
front_end,4316774.168713376,True,icp_accepted,2668,1.0,0.06303163003985479,9.694004998891614,6.860922992927954,4.528731005848385,1.6683269932400435,1,0,0,,,,,,,,,,,,,,local_map_fast,False,10,5836,0,False,False,False,,,,inactive,,,,,,,,,,
front_end,4316774.268645216,True,icp_accepted,2690,1.0,0.06206897427780145,10.296193999238312,7.388072001049295,5.1835279882652685,1.8819779943441972,1,0,0,,,,,,,,,,,,,,local_map_fast,False,10,5836,0,False,False,False,,,,inactive,,,,,,,,,,
front_end,4316774.368890368,True,icp_accepted,2719,1.0,0.062223534838810726,10.577370994724333,7.593196001835167,5.625956997391768,1.8477940029697493,1,0,0,,,,,,,,,,,,,,local_map_fast,False,10,5836,0,False,False,False,,,,inactive,,,,,,,,,,
front_end,4316774.468659296,True,icp_accepted,2688,1.0,0.0646005202701656,11.278464997303672,8.309700002428144,6.004767987178639,1.6010319959605113,1,0,0,,,,,,,,,,,,,,local_map_fast,False,10,5836,0,False,False,False,,,,inactive,,,,,,,,,,
front_end,4316774.568796192,True,icp_accepted,2663,1.0,0.06376250599406415,10.08136999735143,7.391747989458963,5.479311992530711,1.6085360111901537,1,0,0,,,,,,,,,,,,,,local_map_fast,False,10,5836,0,False,False,False,,,,inactive,,,,,,,,,,
front_end,4316774.668614336,True,icp_accepted,2615,1.0,0.06271473644675807,10.53441000112798,7.672665000427514,5.679619003785774,1.8679219938348979,1,0,0,,,,,,,,,,,,,,local_map_fast,False,10,5836,0,False,False,False,,,,inactive,,,,,,,,,,
front_end,4316774.768645152,True,icp_accepted,2716,1.0,0.06413441955875356,9.437242988497019,6.75244999001734,4.6362030116142705,1.6181239916477352,1,0,0,,,,,,,,,,,,,,local_map_fast,False,10,5836,0,False,False,False,,,,inactive,,,,,,,,,,
front_end,4316774.868796544,True,icp_accepted,2690,1.0,0.06350290302730943,11.140635993797332,7.722126989392564,4.911337993689813,1.7892640025820583,1,0,0,,,,,,,,,,,,,,local_map_fast,False,10,5836,0,False,False,False,,,,inactive,,,,,,,,,,
front_end,4316774.9687592,True,icp_accepted,2684,1.0,0.06264726563086151,14.469157991698012,10.815838002599776,8.075379999354482,1.9050520058954135,1,0,0,,,,,,,,,,,,,,local_map_fast,False,10,5836,0,False,False,False,,,,inactive,,,,,,,,,,
front_end,4316775.068675712,True,icp_accepted,2669,1.0,0.06405931621119011,10.160199002712034,7.445248003932647,5.524067004444078,1.6310979990521446,1,0,0,,,,,,,,,,,,,,local_map_fast,False,10,5836,0,False,False,False,,,,inactive,,,,,,,,,,
front_end,4316775.168866112,True,icp_accepted,2680,1.0,0.06429899086341503,10.691335002775304,7.581644007586874,5.530699010705575,1.9264420116087422,1,0,0,,,,,,,,,,,,,,local_map_fast,False,10,5836,0,False,False,False,,,,inactive,,,,,,,,,,
front_end,4316775.268776704,True,icp_accepted,2662,1.0,0.06237391893823188,11.31751800130587,8.466333005344495,6.459380005253479,1.8172169948229566,1,0,0,,,,,,,,,,,,,,local_map_fast,False,10,5836,0,False,False,False,,,,inactive,,,,,,,,,,
front_end,4316775.368896224,True,icp_accepted,2677,1.0,0.06401852160577798,10.354262994951569,7.529697002610192,4.733715002657846,1.6021440096665174,1,0,0,,,,,,,,,,,,,,local_map_fast,False,10,5836,0,False,False,False,,,,inactive,,,,,,,,,,
front_end,4316775.468852896,True,icp_accepted,2680,1.0,0.06486801750769589,13.177645989344455,9.837442994466983,6.93439099995885,1.7604499880690128,1,0,0,,,,,,,,,,,,,,local_map_fast,False,10,5836,0,False,False,False,,,,inactive,,,,,,,,,,
front_end,4316775.56868976,True,icp_accepted,2687,1.0,0.06267350992268012,11.899509001523256,8.701162994839251,6.510466002509929,1.7789849953260273,1,0,0,,,,,,,,,,,,,,local_map_fast,False,10,5836,0,False,False,False,,,,inactive,,,,,,,,,,
front_end,4316775.668556384,True,icp_accepted,2616,1.0,0.06071816112733991,11.422475989093073,8.073045988567173,5.82440999278333,2.2220460086828098,1,0,0,,,,,,,,,,,,,,local_map_fast,False,10,5836,0,False,False,False,,,,inactive,,,,,,,,,,
front_end,4316775.768838368,True,icp_accepted,2669,1.0,0.06281247341392436,11.723468996933661,7.727738004177809,5.720104003557935,2.7501159929670393,1,0,0,,,,,,,,,,,,,,local_map_fast,False,10,5836,0,False,False,False,,,,inactive,,,,,,,,,,
front_end,4316775.86875392,True,icp_accepted,2591,1.0,0.06446218798096277,11.482797999633476,7.815662989742123,5.664038995746523,2.504955991753377,1,0,0,,,,,,,,,,,,,,local_map_fast,False,10,5836,0,False,False,False,,,,inactive,,,,,,,,,,
front_end,4316775.968553824,True,icp_accepted,2606,1.0,0.06449570961341108,12.39535900822375,7.895443006418645,5.5007939954521134,2.591529002529569,1,0,0,,,,,,,,,,,,,,local_map_fast,False,10,5836,0,False,False,False,,,,inactive,,,,,,,,,,
optimized_backend,,,,,,,,,,,,,,,,,,,,,,,,,,,,,,,,,,,,,,,,,6,5,0,,,,pose_graph,False
front_end,4316776.068697504,True,icp_accepted,2623,1.0,0.06583310426613385,14.523570003802888,9.718301007524133,7.141919995774515,3.0106239864835516,1,0,0,,,,,,,,,,,,,,local_map_fast,False,10,5836,0,False,False,False,,,,inactive,,,,,,,,,,
front_end,4316776.16859088,True,icp_accepted,2658,1.0,0.06454819517500777,11.355470007401891,8.237433998147026,6.052016993635334,2.018494007643312,1,0,0,,,,,,,,,,,,,,local_map_fast,False,10,5836,0,False,False,False,,,,inactive,,,,,,,,,,
front_end,4316776.268520192,True,icp_accepted,2654,1.0,0.06633256809695505,12.588410987518728,7.967296987771988,5.655453001963906,2.5941030035028234,1,0,0,,,,,,,,,,,,,,local_map_fast,False,10,5836,0,False,False,False,,,,inactive,,,,,,,,,,
front_end,4316776.368681216,True,icp_accepted,2655,1.0,0.06855568636287224,12.67068600282073,8.283529998152517,5.599758995231241,3.023167999344878,1,0,0,,,,,,,,,,,,,,local_map_fast,False,10,5836,0,False,False,False,,,,inactive,,,,,,,,,,
front_end,4316776.468634688,True,icp_accepted,2776,1.0,0.07497106902412881,11.830681003630161,7.990240992512554,5.72373099566903,2.6247510104440153,1,0,0,,,,,,,,,,,,,,local_map_fast,False,10,5836,0,False,False,False,,,,inactive,,,,,,,,,,
front_end,4316776.56784048,True,icp_accepted,2730,1.0,0.08738035314093288,12.587860008352436,8.78336800087709,5.830941998283379,2.5523649965180084,1,0,0,,,,,,,,,,,,,,local_map_fast,False,10,5836,0,False,False,False,,,,inactive,,,,,,,,,,
front_end,4316776.66878736,True,icp_accepted,2756,1.0,0.09593471089942644,11.49610300490167,8.115935997921042,5.823587998747826,2.2953729931032285,1,0,0,,,,,,,,,,,,,,local_map_fast,False,10,5836,0,False,False,False,,,,inactive,,,,,,,,,,
front_end,4316776.768650912,True,icp_accepted,2759,1.0,0.09734574929399584,10.740556987002492,7.467329996870831,5.517194003914483,1.867782004410401,1,0,0,,,,,,,,,,,,,,local_map_fast,False,10,5836,0,False,False,False,,,,inactive,,,,,,,,,,
front_end,4316776.868608672,True,icp_accepted,2685,1.0,0.08887162330811287,13.000494000152685,8.829293001326732,6.518131005577743,2.3911229945952073,1,0,0,,,,,,,,,,,,,,local_map_fast,False,10,5836,0,False,False,False,,,,inactive,,,,,,,,,,
front_end,4316776.968752384,True,icp_accepted,2639,1.0,0.08122799692255032,13.004170992644504,8.719998993910849,6.4993160049198195,2.7889690099982545,1,0,0,,,,,,,,,,,,,,local_map_fast,False,10,5836,0,False,False,False,,,,inactive,,,,,,,,,,
front_end,4316777.06876992,True,icp_accepted,2569,0.9996107434799533,0.08534080429628382,11.052442001528107,7.551488000899553,5.588187006651424,2.3354379954980686,1,0,0,,,,,,,,,,,,,,local_map_fast,False,10,5836,0,False,False,False,,,,inactive,,,,,,,,,,
front_end,4316777.168664544,True,icp_accepted,2637,0.9992415623814941,0.09378319599751272,10.573543986538425,6.837759996415116,4.787336001754738,2.4546830100007355,1,0,0,,,,,,,,,,,,,,local_map_fast,False,10,5836,0,False,False,False,,,,inactive,,,,,,,,,,
front_end,4316777.268775872,True,icp_accepted,2611,1.0,0.10420149952757243,10.667089998605661,7.369025988737121,5.468221992487088,2.1919999999227002,1,0,0,,,,,,,,,,,,,,local_map_fast,False,10,5836,0,False,False,False,,,,inactive,,,,,,,,,,
front_end,4316777.368591104,True,icp_accepted,2618,0.9973262032085561,0.11371032306781025,13.65084300050512,7.784984991303645,5.765939989942126,2.3498060036217794,1,0,0,,,,,,,,,,,,,,local_map_fast,True,11,6090,0,False,False,False,,,,inactive,,,,,,,,,,
front_end,4316777.467940416,True,icp_accepted,2684,1.0,0.0735496835650691,11.268636997556314,7.458453997969627,5.590351007413119,2.680695994058624,1,0,0,,,,,,,,,,,,,,local_map_fast,False,11,6090,0,False,False,False,,,,inactive,,,,,,,,,,
front_end,4316777.568626976,True,icp_accepted,2770,1.0,0.08853898301703443,11.511101998621598,7.754769001621753,5.848444998264313,2.4859210097929463,1,0,0,,,,,,,,,,,,,,local_map_fast,False,11,6090,0,False,False,False,,,,inactive,,,,,,,,,,
front_end,4316777.668727552,True,icp_accepted,2738,1.0,0.10355368845988919,13.972405999084003,10.313917009625584,7.937811998999678,2.1988230000715703,1,0,0,,,,,,,,,,,,,,local_map_fast,False,11,6090,0,False,False,False,,,,inactive,,,,,,,,,,
front_end,4316777.768578144,True,icp_accepted,2753,1.0,0.09629912355716842,10.918590996880084,7.1962719957809895,4.61094499041792,2.2916860034456477,1,0,0,,,,,,,,,,,,,,local_map_fast,False,11,6090,0,False,False,False,,,,inactive,,,,,,,,,,
front_end,4316777.868751424,True,icp_accepted,2668,1.0,0.09570089601744862,11.533654003869742,7.697943001403473,5.679137000697665,2.6283479965059087,1,0,0,,,,,,,,,,,,,,local_map_fast,False,11,6090,0,False,False,False,,,,inactive,,,,,,,,,,
front_end,4316777.968778816,True,icp_accepted,2682,1.0,0.10085225090585899,12.305790995014831,7.562628990854137,5.645885001285933,2.9586269956780598,1,0,0,,,,,,,,,,,,,,local_map_fast,False,11,6090,0,False,False,False,,,,inactive,,,,,,,,,,
front_end,4316778.068598848,True,icp_accepted,2690,1.0,0.10080062427189672,11.942089986405335,8.348952993401326,6.236231987713836,2.046777997747995,1,0,0,,,,,,,,,,,,,,local_map_fast,False,11,6090,0,False,False,False,,,,inactive,,,,,,,,,,
front_end,4316778.168802048,True,icp_accepted,2648,1.0,0.10930410875495289,12.012603008770384,8.142497012158856,6.2097829941194504,2.158696996048093,1,0,0,,,,,,,,,,,,,,local_map_fast,False,11,6090,0,False,False,False,,,,inactive,,,,,,,,,,
front_end,4316778.268553088,True,icp_accepted,2729,1.0,0.12625171938250268,12.99542500055395,8.572552993427962,6.2693140062037855,2.756287998636253,1,0,0,,,,,,,,,,,,,,local_map_fast,False,11,6090,0,False,False,False,,,,inactive,,,,,,,,,,
front_end,4316778.368747136,True,icp_accepted,2770,1.0,0.1402362052425768,11.196141000255011,7.33294800738804,4.593021003529429,2.2879600001033396,1,0,0,,,,,,,,,,,,,,local_map_fast,False,11,6090,0,False,False,False,,,,inactive,,,,,,,,,,
front_end,4316778.46864112,True,icp_accepted,2799,0.998570918185066,0.1556227778973751,11.992835003184155,7.690489001106471,5.802760002552532,2.806090997182764,1,0,0,,,,,,,,,,,,,,local_map_fast,False,11,6090,0,False,False,False,,,,inactive,,,,,,,,,,
front_end,4316778.568666912,True,icp_accepted,2884,1.0,0.1590547018300208,11.21382400742732,7.474353013094515,5.444758004159667,2.3961730039445683,1,0,0,,,,,,,,,,,,,,local_map_fast,False,11,6090,0,False,False,False,,,,inactive,,,,,,,,,,
front_end,4316778.668504736,True,icp_accepted,2891,0.9979245935662401,0.17556431714775275,11.042083002394065,7.651705993339419,5.739571002777666,2.1581859909929335,1,0,0,,,,,,,,,,,,,,local_map_fast,False,11,6090,0,False,False,False,,,,inactive,,,,,,,,,,
front_end,4316778.768642688,True,icp_accepted,2909,0.9941560673771055,0.16486787987877263,13.688544000615366,7.548010995378718,5.606040998827666,2.184655997552909,1,0,0,,,,,,,,,,,,,,local_map_fast,True,12,6663,0,False,False,False,,,,inactive,,,,,,,,,,
front_end,4316778.868559008,True,icp_accepted,2880,1.0,0.08034361642149014,15.841952001210302,10.663142005796544,8.031688004848547,3.8568210002267733,1,0,0,,,,,,,,,,,,,,local_map_fast,False,12,6663,0,False,False,False,,,,inactive,,,,,,,,,,
front_end,4316778.968853408,True,icp_accepted,2801,1.0,0.07891716380848783,11.854705997393467,7.571756010293029,4.736110000521876,2.3746920051053166,1,0,0,,,,,,,,,,,,,,local_map_fast,False,12,6663,0,False,False,False,,,,inactive,,,,,,,,,,
optimized_backend,,,,,,,,,,,,,,,,,,,,,,,,,,,,,,,,,,,,,,,,,7,6,0,,,,pose_graph,False
front_end,4316779.06869552,True,icp_accepted,2785,1.0,0.08818942354312326,12.768499000230804,8.291956008179113,6.238386005861685,3.300748998299241,1,0,0,,,,,,,,,,,,,,local_map_fast,False,12,6663,0,False,False,False,,,,inactive,,,,,,,,,,
front_end,4316779.16859568,True,icp_accepted,2687,1.0,0.08727755305030528,11.350020009558648,7.741785011603497,5.178798994165845,2.5319770065834746,1,0,0,,,,,,,,,,,,,,local_map_fast,False,12,6663,0,False,False,False,,,,inactive,,,,,,,,,,
front_end,4316779.268492896,True,icp_accepted,2812,1.0,0.09534662568787455,12.756487005390227,8.266268006991595,6.244757998501882,3.0758770008105785,1,0,0,,,,,,,,,,,,,,local_map_fast,False,12,6663,0,False,False,False,,,,inactive,,,,,,,,,,
front_end,4316779.368659968,True,icp_accepted,2830,1.0,0.10599405132246276,12.02738999563735,7.988126992131583,5.993466998916119,2.75727899861522,1,0,0,,,,,,,,,,,,,,local_map_fast,False,12,6663,0,False,False,False,,,,inactive,,,,,,,,,,
front_end,4316779.468548864,True,icp_accepted,2886,1.0,0.1118342058805994,11.758767010178417,7.920521005871706,5.886285987799056,2.4880049895728007,1,0,0,,,,,,,,,,,,,,local_map_fast,False,12,6663,0,False,False,False,,,,inactive,,,,,,,,,,
front_end,4316779.56880992,True,icp_accepted,3002,0.9996668887408394,0.11708289194285396,12.133448995882645,7.530068003688939,4.639859005692415,2.5995339965447783,1,0,0,,,,,,,,,,,,,,local_map_fast,False,12,6663,0,False,False,False,,,,inactive,,,,,,,,,,
front_end,4316779.668709376,True,icp_accepted,2999,0.9996665555185061,0.12326266171874155,11.32711699756328,7.450979988789186,4.710290988441557,2.6177069958066568,1,0,0,,,,,,,,,,,,,,local_map_fast,False,12,6663,0,False,False,False,,,,inactive,,,,,,,,,,
front_end,4316779.768691104,True,icp_accepted,2985,1.0,0.11903954659563931,13.356020994251594,9.852923001744784,7.619205003720708,2.35042700660415,1,0,0,,,,,,,,,,,,,,local_map_fast,False,12,6663,0,False,False,False,,,,inactive,,,,,,,,,,
front_end,4316779.868736256,True,icp_accepted,2959,1.0,0.13575627096508147,11.666272999718785,7.684718002565205,5.697732005501166,2.699671997106634,1,0,0,,,,,,,,,,,,,,local_map_fast,False,12,6663,0,False,False,False,,,,inactive,,,,,,,,,,
front_end,4316779.968759008,True,icp_accepted,2965,1.0,0.14013626187571668,13.512915989849716,8.005990996025503,5.884712998522446,2.3264220071723685,1,0,0,,,,,,,,,,,,,,local_map_fast,True,12,6275,0,False,False,False,,,,inactive,,,,,,,,,,
front_end,4316780.068474944,True,icp_accepted,2908,1.0,0.07408043419944339,11.442824004916474,7.687663004617207,5.681002003257163,2.4584999919170514,1,0,0,,,,,,,,,,,,,,local_map_fast,False,12,6275,0,False,False,False,,,,inactive,,,,,,,,,,
front_end,4316780.168654784,True,icp_accepted,2877,1.0,0.07707033326775375,10.44944098975975,7.1946089883567765,4.679071993450634,2.020138010266237,1,0,0,,,,,,,,,,,,,,local_map_fast,False,12,6275,0,False,False,False,,,,inactive,,,,,,,,,,
front_end,4316780.268635104,True,icp_accepted,2871,1.0,0.08058182025208727,11.89638399227988,8.420216996455565,6.47684300201945,2.222777999122627,1,0,0,,,,,,,,,,,,,,local_map_fast,False,12,6275,0,False,False,False,,,,inactive,,,,,,,,,,
front_end,4316780.368746848,True,icp_accepted,3012,1.0,0.07874893588729184,11.946548998821527,7.733089005341753,5.755280013545416,2.3180360003607348,1,0,0,,,,,,,,,,,,,,local_map_fast,False,12,6275,0,False,False,False,,,,inactive,,,,,,,,,,
front_end,4316780.468673088,True,icp_accepted,3066,1.0,0.08150874964564302,11.34918798925355,7.563680992461741,5.579220000072382,2.5193640030920506,1,0,0,,,,,,,,,,,,,,local_map_fast,False,12,6275,0,False,False,False,,,,inactive,,,,,,,,,,
front_end,4316780.568718432,True,icp_accepted,3075,1.0,0.09173479032244922,11.558610989595763,7.5932959880447015,5.671753999195062,2.305432004504837,1,0,0,,,,,,,,,,,,,,local_map_fast,False,12,6275,0,False,False,False,,,,inactive,,,,,,,,,,
front_end,4316780.668495232,True,icp_accepted,3184,1.0,0.10040117212145547,11.945667007239535,7.895543007180095,5.882509998627938,2.633627998875454,1,0,0,,,,,,,,,,,,,,local_map_fast,False,12,6275,0,False,False,False,,,,inactive,,,,,,,,,,
front_end,4316780.768666272,True,icp_accepted,3084,1.0,0.09510568100857195,12.320169000304304,7.4385260086273775,4.79146400175523,2.9615219973493367,1,0,0,,,,,,,,,,,,,,local_map_fast,False,12,6275,0,False,False,False,,,,inactive,,,,,,,,,,
front_end,4316780.868576992,True,icp_accepted,3070,1.0,0.10128682036060399,11.6613040008815,7.828178000636399,5.857141004526056,2.476784007740207,1,0,0,,,,,,,,,,,,,,local_map_fast,False,12,6275,0,False,False,False,,,,inactive,,,,,,,,,,
front_end,4316780.968750592,True,icp_accepted,3101,1.0,0.10646992052035409,11.400073999539018,7.603334990562871,5.658328998833895,2.611636999063194,1,0,0,,,,,,,,,,,,,,local_map_fast,False,12,6275,0,False,False,False,,,,inactive,,,,,,,,,,
front_end,4316781.068666848,True,icp_accepted,3022,0.999669093315685,0.11457894879673798,11.02601298771333,7.374205990345217,5.401217000326142,2.4465880123898387,1,0,0,,,,,,,,,,,,,,local_map_fast,False,12,6275,0,False,False,False,,,,inactive,,,,,,,,,,
front_end,4316781.168719136,True,icp_accepted,3027,1.0,0.1184559017945732,12.699129001703113,8.612006000475958,6.317134000710212,2.3654149990761653,1,0,0,,,,,,,,,,,,,,local_map_fast,False,12,6275,0,False,False,False,,,,inactive,,,,,,,,,,
front_end,4316781.268699424,True,icp_accepted,3086,1.0,0.11680813780628828,11.718630994437262,7.629514002474025,5.1434339984552935,2.798576999339275,1,0,0,,,,,,,,,,,,,,local_map_fast,False,12,6275,0,False,False,False,,,,inactive,,,,,,,,,,
front_end,4316781.368650688,True,icp_accepted,3185,0.9996860282574568,0.126881582578659,14.112349002971314,8.295813007862307,5.775999001343735,2.824594994308427,1,0,0,,,,,,,,,,,,,,local_map_fast,True,12,6665,0,False,False,False,,,,inactive,,,,,,,,,,
front_end,4316781.4685544,True,icp_accepted,3141,1.0,0.07329014475075388,13.117403999785893,7.942901997012086,5.956277993391268,2.9948760056868196,1,0,0,,,,,,,,,,,,,,local_map_fast,False,12,6665,0,False,False,False,,,,inactive,,,,,,,,,,
optimized_backend,,,,,,,,,,,,,,,,,,,,,,,,,,,,,,,,,,,,,,,,,8,7,0,,,,pose_graph,False
front_end,4316781.568722016,True,icp_accepted,3183,1.0,0.07898213253262236,13.705206001759507,8.269644997199066,6.205384008353576,3.4669099986786023,1,0,0,,,,,,,,,,,,,,local_map_fast,False,12,6665,0,False,False,False,,,,inactive,,,,,,,,,,
front_end,4316781.66869568,True,icp_accepted,3219,1.0,0.07902824388652584,18.170838011428714,14.049982011783868,11.702219999278896,2.817732995026745,1,0,0,,,,,,,,,,,,,,local_map_fast,False,12,6665,0,False,False,False,,,,inactive,,,,,,,,,,
front_end,4316781.76878,True,icp_accepted,3203,1.0,0.08194765881852226,14.353370992466807,10.977572004776448,8.44516399956774,2.041738000116311,1,0,0,,,,,,,,,,,,,,local_map_fast,False,12,6665,0,False,False,False,,,,inactive,,,,,,,,,,
front_end,4316781.868719968,True,icp_accepted,3145,1.0,0.077787853215179,12.865530996350572,7.901553995907307,5.847153006470762,2.782568000839092,1,0,0,,,,,,,,,,,,,,local_map_fast,False,12,6665,0,False,False,False,,,,inactive,,,,,,,,,,
front_end,4316781.968416672,True,icp_accepted,3151,1.0,0.07980542979381797,12.48730201041326,8.266447999631055,5.667946999892592,2.2954939922783524,1,0,0,,,,,,,,,,,,,,local_map_fast,False,12,6665,0,False,False,False,,,,inactive,,,,,,,,,,
front_end,4316782.06856752,True,icp_accepted,3125,1.0,0.08309491978358707,12.925483999424614,8.09403500170447,6.077584999729879,3.374085994437337,1,0,0,,,,,,,,,,,,,,local_map_fast,False,12,6665,0,False,False,False,,,,inactive,,,,,,,,,,
front_end,4316782.168608704,True,icp_accepted,3030,1.0,0.08710100698305182,11.062069999752566,7.446231000358239,5.534596988582052,2.3330039985012263,1,0,0,,,,,,,,,,,,,,local_map_fast,False,12,6665,0,False,False,False,,,,inactive,,,,,,,,,,
front_end,4316782.268592544,True,icp_accepted,3161,1.0,0.08998457362075252,12.960930995177478,8.58628899732139,6.397555000148714,2.907761008827947,1,0,0,,,,,,,,,,,,,,local_map_fast,False,12,6665,0,False,False,False,,,,inactive,,,,,,,,,,
front_end,4316782.36867616,True,icp_accepted,3305,1.0,0.08474049997892658,14.10339200810995,9.760079003171995,7.449095995980315,2.971661990159191,1,0,0,,,,,,,,,,,,,,local_map_fast,False,12,6665,0,False,False,False,,,,inactive,,,,,,,,,,
front_end,4316782.468702912,True,icp_accepted,3187,1.0,0.09198883772481434,11.381869000615552,7.5957810040563345,5.585202001384459,2.500588001566939,1,0,0,,,,,,,,,,,,,,local_map_fast,False,12,6665,0,False,False,False,,,,inactive,,,,,,,,,,
front_end,4316782.568710336,True,icp_accepted,3264,1.0,0.09610639071789104,12.045704992488027,7.259851990966126,4.672579991165549,2.7837590023409575,1,0,0,,,,,,,,,,,,,,local_map_fast,False,12,6665,0,False,False,False,,,,inactive,,,,,,,,,,
front_end,4316782.6685832,True,icp_accepted,3233,1.0,0.09522809798550627,15.02660299593117,9.24088599276729,7.019270007731393,2.8343239973764867,1,0,0,,,,,,,,,,,,,,local_map_fast,True,12,7026,0,False,False,False,,,,inactive,,,,,,,,,,
front_end,4316782.768615584,True,icp_accepted,3323,1.0,0.07545580453074255,12.12255899736192,7.6017429964849725,4.571361001580954,3.0817579972790554,1,0,0,,,,,,,,,,,,,,local_map_fast,False,12,7026,0,False,False,False,,,,inactive,,,,,,,,,,
front_end,4316782.868622848,True,icp_accepted,3156,1.0,0.07521038969982104,11.765980001655407,7.635966001544148,5.658809008309618,2.7700540085788816,1,0,0,,,,,,,,,,,,,,local_map_fast,False,12,7026,0,False,False,False,,,,inactive,,,,,,,,,,
front_end,4316782.968506336,True,icp_accepted,3191,1.0,0.07949510753059663,15.635716001270339,10.421148996101692,7.9134770057862625,3.1311600032495335,1,0,0,,,,,,,,,,,,,,local_map_fast,False,12,7026,0,False,False,False,,,,inactive,,,,,,,,,,
front_end,4316783.068767008,True,icp_accepted,3181,1.0,0.07996419369109277,13.391999003943056,7.776610000291839,5.502767002326436,3.089181991526857,1,0,0,,,,,,,,,,,,,,local_map_fast,False,12,7026,0,False,False,False,,,,inactive,,,,,,,,,,
front_end,4316783.168588256,True,icp_accepted,3106,1.0,0.08187760920383078,12.069139003870077,7.483962006517686,4.50125899806153,3.0192609992809594,1,0,0,,,,,,,,,,,,,,local_map_fast,False,12,7026,0,False,False,False,,,,inactive,,,,,,,,,,
front_end,4316783.268478624,True,icp_accepted,3253,1.0,0.09043988819426338,13.388683000812307,8.624280002550222,6.386914988979697,2.3871349985711277,1,0,0,,,,,,,,,,,,,,local_map_fast,False,12,7026,0,False,False,False,,,,inactive,,,,,,,,,,
front_end,4316783.368703936,True,icp_accepted,3192,1.0,0.08919207782054159,12.027240009047091,7.570945002953522,5.60881600540597,3.1072860001586378,1,0,0,,,,,,,,,,,,,,local_map_fast,False,12,7026,0,False,False,False,,,,inactive,,,,,,,,,,
front_end,4316783.468620768,True,icp_accepted,3232,1.0,0.08133905637466499,14.231263005058281,9.951318003004417,7.5253100076224655,2.975919996970333,1,0,0,,,,,,,,,,,,,,local_map_fast,False,12,7026,0,False,False,False,,,,inactive,,,,,,,,,,
front_end,4316783.568563456,True,icp_accepted,3231,1.0,0.0853619708936838,11.923174999537878,7.616831004270352,5.521131999557838,2.858199004549533,1,0,0,,,,,,,,,,,,,,local_map_fast,False,12,7026,0,False,False,False,,,,inactive,,,,,,,,,,
front_end,4316783.668638336,True,icp_accepted,3263,1.0,0.08127875414821296,12.582301002112217,7.763836998492479,5.639343013172038,2.7317219937685877,1,0,0,,,,,,,,,,,,,,local_map_fast,False,12,7026,0,False,False,False,,,,inactive,,,,,,,,,,
front_end,4316783.768670976,True,icp_accepted,3220,1.0,0.08307449425920832,11.177477004821412,7.223334003356285,4.556803003652021,2.4356060021091253,1,0,0,,,,,,,,,,,,,,local_map_fast,False,12,7026,0,False,False,False,,,,inactive,,,,,,,,,,
front_end,4316783.868494368,True,icp_accepted,3149,0.9996824388694824,0.08140605495587003,14.129282004432753,10.440586003824137,8.186709994333796,2.398176002316177,1,0,0,,,,,,,,,,,,,,local_map_fast,False,12,7026,0,False,False,False,,,,inactive,,,,,,,,,,
front_end,4316783.968629632,True,icp_accepted,3100,1.0,0.08491700437888192,11.0829200129956,7.4603680113796145,5.4997120023472235,2.394590002950281,1,0,0,,,,,,,,,,,,,,local_map_fast,False,12,7026,0,False,False,False,,,,inactive,,,,,,,,,,
front_end,4316784.068690048,True,icp_accepted,3106,1.0,0.0863190859876408,12.414606011589058,7.9478110128548,5.948573001660407,2.744686004007235,1,0,0,,,,,,,,,,,,,,local_map_fast,False,12,7026,0,False,False,False,,,,inactive,,,,,,,,,,
front_end,4316784.168686208,True,icp_accepted,3150,1.0,0.08617425534376116,10.863057992537506,7.489522991818376,5.492498006788082,2.0779059996129945,1,0,0,,,,,,,,,,,,,,local_map_fast,False,12,7026,0,False,False,False,,,,inactive,,,,,,,,,,
front_end,4316784.26858656,True,icp_accepted,3098,1.0,0.08389901566846818,11.863894003909081,7.850599009543657,5.894611997064203,1.9893200078513473,1,0,0,,,,,,,,,,,,,,local_map_fast,False,12,7026,0,False,False,False,,,,inactive,,,,,,,,,,
front_end,4316784.368679936,True,icp_accepted,3161,1.0,0.08455772318864355,11.295749005512334,7.228312999359332,4.7208110045176,2.471393992891535,1,0,0,,,,,,,,,,,,,,local_map_fast,False,12,7026,0,False,False,False,,,,inactive,,,,,,,,,,
front_end,4316784.468613984,True,icp_accepted,3195,1.0,0.08243589961825354,11.463752991403453,7.750771997962147,5.763545996160246,2.4384220014326274,1,0,0,,,,,,,,,,,,,,local_map_fast,False,12,7026,0,False,False,False,,,,inactive,,,,,,,,,,
front_end,4316784.568607488,True,icp_accepted,3224,1.0,0.08229460764157938,12.043822003761306,7.5840999925276265,5.615558009594679,3.093720006290823,1,0,0,,,,,,,,,,,,,,local_map_fast,False,12,7026,0,False,False,False,,,,inactive,,,,,,,,,,
front_end,4316784.668600608,True,icp_accepted,3195,1.0,0.08475718778939614,11.24132600671146,7.491957003367133,5.414792991359718,2.4698310007806867,1,0,0,,,,,,,,,,,,,,local_map_fast,False,12,7026,0,False,False,False,,,,inactive,,,,,,,,,,
front_end,4316784.768547968,True,icp_accepted,3165,1.0,0.08091567969780065,12.873947998741642,8.468637999612838,5.7326680107507855,2.300523003214039,1,0,0,,,,,,,,,,,,,,local_map_fast,False,12,7026,0,False,False,False,,,,inactive,,,,,,,,,,
front_end,4316784.868587392,True,icp_accepted,3246,1.0,0.08615759618132783,12.281286995857954,8.19638799293898,6.106428991188295,2.6023600075859576,1,0,0,,,,,,,,,,,,,,local_map_fast,False,12,7026,0,False,False,False,,,,inactive,,,,,,,,,,
front_end,4316784.96866576,True,icp_accepted,3255,1.0,0.08554952519777377,15.363394995802082,7.630666994373314,4.59116899583023,2.6174169906880707,1,0,0,,,,,,,,,,,,,,local_map_fast,True,12,7245,0,False,False,False,,,,inactive,,,,,,,,,,
front_end,4316785.068704544,True,icp_accepted,3106,1.0,0.07209707101215171,12.48879500781186,7.8082800027914345,5.816224991576746,2.987430998473428,1,0,0,,,,,,,,,,,,,,local_map_fast,False,12,7245,0,False,False,False,,,,inactive,,,,,,,,,,
front_end,4316785.168616352,True,icp_accepted,3150,1.0,0.07266529199356588,14.383518006070517,10.683651009458117,8.379160004551522,2.089968998916447,1,0,0,,,,,,,,,,,,,,local_map_fast,False,12,7245,0,False,False,False,,,,inactive,,,,,,,,,,
front_end,4316785.268706688,True,icp_accepted,3239,0.9996912627354122,0.07405467777596716,12.712254989310168,7.7501409978140146,5.797691002953798,2.8902490012114868,1,0,0,,,,,,,,,,,,,,local_map_fast,False,12,7245,0,False,False,False,,,,inactive,,,,,,,,,,
optimized_backend,,,,,,,,,,,,,,,,,,,,,,,,,,,,,,,,,,,,,,,,,9,8,0,,,,pose_graph,False
front_end,4316785.368562016,True,icp_accepted,3262,1.0,0.07310803144562399,12.79967901064083,7.902156008640304,5.474505000165664,2.6982290000887588,1,0,0,,,,,,,,,,,,,,local_map_fast,False,12,7245,0,False,False,False,,,,inactive,,,,,,,,,,
front_end,4316785.46863168,True,icp_accepted,3058,1.0,0.07115686128295418,11.615879004239105,7.937162008602172,5.945016004261561,2.270577009767294,1,0,0,,,,,,,,,,,,,,local_map_fast,False,12,7245,0,False,False,False,,,,inactive,,,,,,,,,,
front_end,4316785.568517184,True,icp_accepted,3261,1.0,0.07167469627337354,10.927408002316952,7.255894000991248,5.013879999751225,2.28541498654522,1,0,0,,,,,,,,,,,,,,local_map_fast,False,12,7245,0,False,False,False,,,,inactive,,,,,,,,,,
front_end,4316785.668751456,True,icp_accepted,3166,1.0,0.06631126130804185,12.009387006401084,8.044593007070944,5.956929002422839,2.566913011833094,1,0,0,,,,,,,,,,,,,,local_map_fast,False,12,7245,0,False,False,False,,,,inactive,,,,,,,,,,
front_end,4316785.768565184,True,icp_accepted,3184,1.0,0.07478240148895207,11.146227989229374,7.817947989678942,5.704124996555038,1.9713359943125397,1,0,0,,,,,,,,,,,,,,local_map_fast,False,12,7245,0,False,False,False,,,,inactive,,,,,,,,,,
front_end,4316785.868554752,True,icp_accepted,3230,0.9996904024767802,0.07339200334453153,11.542973006726243,7.643862001714297,5.6361879978794605,2.5221190007869154,1,0,0,,,,,,,,,,,,,,local_map_fast,False,12,7245,0,False,False,False,,,,inactive,,,,,,,,,,
front_end,4316785.96859536,True,icp_accepted,3168,1.0,0.07146595290711909,11.389645005692728,7.731076009804383,5.777012003818527,2.2498680045828223,1,0,0,,,,,,,,,,,,,,local_map_fast,False,12,7245,0,False,False,False,,,,inactive,,,,,,,,,,
front_end,4316786.068571744,True,icp_accepted,3288,1.0,0.07259632355973322,11.475245002657175,7.736165003734641,5.7159269927069545,2.3622089938726276,1,0,0,,,,,,,,,,,,,,local_map_fast,False,12,7245,0,False,False,False,,,,inactive,,,,,,,,,,
front_end,4316786.1685416,True,icp_accepted,3133,1.0,0.07668991950438639,9.92813499760814,6.7999000020790845,4.726993007352576,1.8732429889496416,1,0,0,,,,,,,,,,,,,,local_map_fast,False,12,7245,0,False,False,False,,,,inactive,,,,,,,,,,
front_end,4316786.268684448,True,icp_accepted,3210,1.0,0.07134341128792618,12.114854995161295,8.282278999104165,6.1603000067407265,2.3243780015036464,1,0,0,,,,,,,,,,,,,,local_map_fast,False,12,7245,0,False,False,False,,,,inactive,,,,,,,,,,
front_end,4316786.368564288,True,icp_accepted,3211,0.9996885705387729,0.0703869833722017,11.878261007950641,7.797880010912195,5.7971990026999265,2.5126909895334393,1,0,0,,,,,,,,,,,,,,local_map_fast,False,12,7245,0,False,False,False,,,,inactive,,,,,,,,,,
front_end,4316786.46848592,True,icp_accepted,3118,1.0,0.07344493827646141,11.849126996821724,8.101800995063968,6.16096198791638,2.330018993234262,1,0,0,,,,,,,,,,,,,,local_map_fast,False,12,7245,0,False,False,False,,,,inactive,,,,,,,,,,
front_end,4316786.568632704,True,icp_accepted,3208,1.0,0.07442910660610969,12.967843998922035,7.965966011397541,5.941800991422497,3.3258259936701506,1,0,0,,,,,,,,,,,,,,local_map_fast,False,12,7245,0,False,False,False,,,,inactive,,,,,,,,,,
front_end,4316786.668521184,True,icp_accepted,3107,1.0,0.07755667403013855,13.057823001872748,8.125624997774139,6.180948999826796,2.8640399978030473,1,0,0,,,,,,,,,,,,,,local_map_fast,False,12,7245,0,False,False,False,,,,inactive,,,,,,,,,,
front_end,4316786.768491648,True,icp_accepted,3064,1.0,0.07610626030476338,10.479358999873511,6.671238006674685,4.626263995305635,2.3753730056341738,1,0,0,,,,,,,,,,,,,,local_map_fast,False,12,7245,0,False,False,False,,,,inactive,,,,,,,,,,
front_end,4316786.868541664,True,icp_accepted,2962,1.0,0.07572093923853412,12.020648995530792,7.644212993909605,5.687894998118281,2.9597890097647905,1,0,0,,,,,,,,,,,,,,local_map_fast,False,12,7245,0,False,False,False,,,,inactive,,,,,,,,,,
front_end,4316786.968617248,True,icp_accepted,2893,1.0,0.08103127002308086,14.882162999128923,7.79788100044243,5.828577995998785,2.971731999423355,1,0,0,,,,,,,,,,,,,,local_map_fast,True,12,7416,0,False,False,False,,,,inactive,,,,,,,,,,
front_end,4316787.068466944,True,icp_accepted,3040,1.0,0.07108465505740126,11.766752999392338,7.703884999500588,5.622652999591082,2.5133029994321987,1,0,0,,,,,,,,,,,,,,local_map_fast,False,12,7416,0,False,False,False,,,,inactive,,,,,,,,,,
front_end,4316787.168556384,True,icp_accepted,3084,1.0,0.07419299963235086,11.913085996638983,7.633542001713067,5.637380003463477,2.806602991768159,1,0,0,,,,,,,,,,,,,,local_map_fast,False,12,7416,0,False,False,False,,,,inactive,,,,,,,,,,
optimized_backend,,,,,,,,,,,,,,,,,,,,,,,,,,,,,,,,,,,,,,,,,10,9,0,,,,pose_graph,False
front_end,4316787.26848528,True,icp_accepted,3133,1.0,0.0698183122243393,18.332032006583177,11.060397999244742,8.261098992079496,3.382171009434387,1,0,0,,,,,,,,,,,,,,local_map_fast,True,12,7440,0,False,False,False,,,,inactive,,,,,,,,,,
front_end,4316787.368642112,True,icp_accepted,3095,1.0,0.06677031669697539,10.776044990052469,6.787205988075584,4.757239003083669,2.5125009997282177,1,0,0,,,,,,,,,,,,,,local_map_fast,False,12,7440,0,False,False,False,,,,inactive,,,,,,,,,,
front_end,4316787.468584416,True,icp_accepted,2985,1.0,0.06602739038167697,11.126731988042593,7.477759994799271,5.539606005186215,2.1614819997921586,1,0,0,,,,,,,,,,,,,,local_map_fast,False,12,7440,0,False,False,False,,,,inactive,,,,,,,,,,
front_end,4316787.568586976,True,icp_accepted,2942,1.0,0.0641683496550326,13.1198090093676,7.9570689995307475,5.739492000429891,2.645029002451338,1,0,0,,,,,,,,,,,,,,local_map_fast,False,12,7440,0,False,False,False,,,,inactive,,,,,,,,,,
optimized_backend,,,,,,,,,,,,,,,,,,,,,,,,,,,,,,,,,,,,,,,,,11,10,0,,,,pose_graph,False
front_end,4316787.668523872,True,icp_accepted,2952,1.0,0.06436146678268714,14.529533000313677,7.880937002482824,5.862863006768748,2.781754999887198,1,0,0,,,,,,,,,,,,,,local_map_fast,True,12,7444,0,False,False,False,,,,inactive,,,,,,,,,,
front_end,4316787.768609888,True,icp_accepted,2844,1.0,0.0690572338654931,13.085686005069874,8.1384000077378,5.629224004223943,2.7400880062486976,1,0,0,,,,,,,,,,,,,,local_map_fast,False,12,7444,0,False,False,False,,,,inactive,,,,,,,,,,
front_end,4316787.868541984,True,icp_accepted,2776,1.0,0.06638773728207847,11.921472003450617,7.995351013960317,6.001613000989892,2.2379159927368164,1,0,0,,,,,,,,,,,,,,local_map_fast,False,12,7444,0,False,False,False,,,,inactive,,,,,,,,,,
front_end,4316787.96849008,True,icp_accepted,2737,1.0,0.06871208994473552,15.678707000915892,8.359352999832481,5.7797869958449155,2.6930690073641017,1,0,0,,,,,,,,,,,,,,local_map_fast,True,12,7355,0,False,False,False,,,,inactive,,,,,,,,,,
front_end,4316788.068520608,True,icp_accepted,2763,1.0,0.06137161498758134,10.918572006630711,7.573399998364039,5.63476599927526,2.0128850010223687,1,0,0,,,,,,,,,,,,,,local_map_fast,False,12,7355,0,False,False,False,,,,inactive,,,,,,,,,,
optimized_backend,,,,,,,,,,,,,,,,,,,,,,,,,,,,,,,,,,,,,,,,,12,11,0,,,,pose_graph,False
front_end,4316788.168436864,True,icp_accepted,2788,1.0,0.06320539040822673,13.711769002838992,9.044467995408922,6.211376006831415,2.821450005285442,1,0,0,,,,,,,,,,,,,,local_map_fast,False,12,7355,0,False,False,False,,,,inactive,,,,,,,,,,
front_end,4316788.26848208,True,icp_accepted,2760,1.0,0.06094237786413764,13.939766999101266,7.582406993606128,4.707115993369371,2.4722149973968044,1,0,0,,,,,,,,,,,,,,local_map_fast,True,12,7125,0,False,False,False,,,,inactive,,,,,,,,,,
front_end,4316788.36849888,True,icp_accepted,2756,1.0,0.05952776889054791,12.19833199866116,8.177352996426634,6.131567002739757,2.162193995900452,1,0,0,,,,,,,,,,,,,,local_map_fast,False,12,7125,0,False,False,False,,,,inactive,,,,,,,,,,
front_end,4316788.468511488,True,icp_accepted,2726,1.0,0.060848958824901336,11.897477001184598,8.00677199731581,5.342496995581314,2.2777010017307475,1,0,0,,,,,,,,,,,,,,local_map_fast,False,12,7125,0,False,False,False,,,,inactive,,,,,,,,,,
optimized_backend,,,,,,,,,,,,,,,,,,,,,,,,,,,,,,,,,,,,,,,,,13,12,0,,,,pose_graph,False
front_end,4316788.568464352,True,icp_accepted,2735,1.0,0.062004269695752706,13.986514008138329,8.941734995460138,6.599102998734452,1.7745369987096637,1,0,0,,,,,,,,,,,,,,local_map_fast,True,12,6804,0,False,False,False,,,,inactive,,,,,,,,,,
front_end,4316788.668597056,True,icp_accepted,2708,1.0,0.06104089597032953,12.621485002455302,7.868182001402602,5.793042000732385,2.7683909866027534,1,0,0,,,,,,,,,,,,,,local_map_fast,False,12,6804,0,False,False,False,,,,inactive,,,,,,,,,,
front_end,4316788.768558688,True,icp_accepted,2761,1.0,0.0634208227725536,11.837625002954155,8.069941002759151,6.142266996903345,2.394598996033892,1,0,0,,,,,,,,,,,,,,local_map_fast,False,12,6804,0,False,False,False,,,,inactive,,,,,,,,,,
front_end,4316788.868475648,True,icp_accepted,2772,1.0,0.06225840915480402,15.150666993577033,8.05536299594678,5.961707996902987,3.3290220017079264,1,0,0,,,,,,,,,,,,,,local_map_fast,True,12,6491,0,False,False,False,,,,inactive,,,,,,,,,,
optimized_backend,,,,,,,,,,,,,,,,,,,,,,,,,,,,,,,,,,,,,,,,,14,13,0,,,,pose_graph,False
front_end,4316788.968616768,True,icp_accepted,2737,1.0,0.06022436491865329,14.690413998323493,10.287277997122146,7.462522000423633,2.0403160015121102,1,0,0,,,,,,,,,,,,,,local_map_fast,False,12,6491,0,False,False,False,,,,inactive,,,,,,,,,,
front_end,4316789.06850704,True,icp_accepted,2759,1.0,0.05994410880737485,13.231980003183708,8.29257800069172,5.725915994844399,2.484858996467665,1,0,0,,,,,,,,,,,,,,local_map_fast,False,12,6491,0,False,False,False,,,,inactive,,,,,,,,,,
front_end,4316789.16857776,True,icp_accepted,2861,1.0,0.060431283466273786,12.655328988330439,6.909614996402524,4.835907006054185,2.385804007644765,1,0,0,,,,,,,,,,,,,,local_map_fast,True,12,6258,0,False,False,False,,,,inactive,,,,,,,,,,
front_end,4316789.268633504,True,icp_accepted,2844,1.0,0.05947779783688657,13.580483006080613,7.983279007021338,6.045435002306476,2.8364989993860945,1,0,0,,,,,,,,,,,,,,local_map_fast,False,12,6258,0,False,False,False,,,,inactive,,,,,,,,,,
optimized_backend,,,,,,,,,,,,,,,,,,,,,,,,,,,,,,,,,,,,,,,,,15,14,0,,,,pose_graph,False
front_end,4316789.368506688,True,icp_accepted,2926,1.0,0.06141314986255292,14.231954992283136,8.944490997237153,6.74748100573197,2.9183119913795963,1,0,0,,,,,,,,,,,,,,local_map_fast,False,12,6258,0,False,False,False,,,,inactive,,,,,,,,,,
front_end,4316789.468438304,True,icp_accepted,2803,1.0,0.06278769791231936,13.44479899853468,7.842824998078868,5.849528010003269,1.9630409951787442,1,0,0,,,,,,,,,,,,,,local_map_fast,True,12,6056,0,False,False,False,,,,inactive,,,,,,,,,,
front_end,4316789.568582272,True,icp_accepted,2856,1.0,0.06626131892390542,11.132163010188378,7.764438007143326,5.422356989583932,1.8946519994642586,1,0,0,,,,,,,,,,,,,,local_map_fast,False,12,6056,0,False,False,False,,,,inactive,,,,,,,,,,
front_end,4316789.668438464,True,icp_accepted,2866,1.0,0.06779226701994753,11.010914997314103,7.60466800420545,5.63358300132677,1.9933879957534373,1,0,0,,,,,,,,,,,,,,local_map_fast,False,12,6056,0,False,False,False,,,,inactive,,,,,,,,,,
front_end,4316789.7684592,True,icp_accepted,2838,1.0,0.06961660914520792,10.856787004740909,6.679595011519268,4.7155510110314935,2.6291999965906143,1,0,0,,,,,,,,,,,,,,local_map_fast,False,12,6056,0,False,False,False,,,,inactive,,,,,,,,,,
optimized_backend,,,,,,,,,,,,,,,,,,,,,,,,,,,,,,,,,,,,,,,,,16,15,0,,,,pose_graph,False
front_end,4316789.868574272,True,icp_accepted,2822,1.0,0.07146374875215812,16.44781000504736,9.933695997460745,7.590692999656312,2.1757189970230684,1,0,0,,,,,,,,,,,,,,local_map_fast,True,12,5849,0,False,False,False,,,,inactive,,,,,,,,,,
front_end,4316789.968465408,True,icp_accepted,2730,1.0,0.06279554148479918,11.477159001515247,8.102512001642026,5.95904300280381,1.9852130062645301,1,0,0,,,,,,,,,,,,,,local_map_fast,False,12,5849,0,False,False,False,,,,inactive,,,,,,,,,,
front_end,4316790.068469344,True,icp_accepted,2777,0.9996398991717681,0.06496379620693221,10.571060993243009,7.571986992843449,5.629795996355824,1.696670995443128,1,0,0,,,,,,,,,,,,,,local_map_fast,False,12,5849,0,False,False,False,,,,inactive,,,,,,,,,,
front_end,4316790.168544,True,icp_accepted,2816,1.0,0.062429024584793734,11.435170992626809,7.68103200243786,5.626420010230504,2.378730001510121,1,0,0,,,,,,,,,,,,,,local_map_fast,False,12,5849,0,False,False,False,,,,inactive,,,,,,,,,,
front_end,4316790.268401792,True,icp_accepted,2836,1.0,0.07028497588417237,11.22630899772048,7.357013993896544,5.396077001933008,2.498363988706842,1,0,0,,,,,,,,,,,,,,local_map_fast,False,12,5849,0,False,False,False,,,,inactive,,,,,,,,,,
front_end,4316790.36840496,True,icp_accepted,2720,1.0,0.06970577577416091,12.249086998053826,6.683871994027868,4.785823010024615,2.46096400951501,1,0,0,,,,,,,,,,,,,,local_map_fast,True,12,5626,0,False,False,False,,,,inactive,,,,,,,,,,
front_end,4316790.468564032,True,icp_accepted,2805,1.0,0.06329813215052164,11.361803000909276,7.544095002231188,5.481517990119755,2.0791779970750213,1,0,0,,,,,,,,,,,,,,local_map_fast,False,12,5626,0,False,False,False,,,,inactive,,,,,,,,,,
optimized_backend,,,,,,,,,,,,,,,,,,,,,,,,,,,,,,,,,,,,,,,,,17,16,0,,,,pose_graph,False
front_end,4316790.568438848,True,icp_accepted,2791,1.0,0.06432628689495555,13.075176000711508,8.18760201218538,5.780268009402789,2.098614990245551,1,0,0,,,,,,,,,,,,,,local_map_fast,False,12,5626,0,False,False,False,,,,inactive,,,,,,,,,,
front_end,4316790.668587296,True,icp_accepted,2748,1.0,0.0657882189137427,10.664465997251682,7.04396799847018,5.112505998113193,2.2478850005427375,1,0,0,,,,,,,,,,,,,,local_map_fast,False,12,5626,0,False,False,False,,,,inactive,,,,,,,,,,
front_end,4316790.768572064,True,icp_accepted,2781,1.0,0.0680567842637237,11.562669998966157,7.72230900474824,5.748308001784608,2.4076349945971742,1,0,0,,,,,,,,,,,,,,local_map_fast,False,12,5626,0,False,False,False,,,,inactive,,,,,,,,,,
front_end,4316790.868447328,True,icp_accepted,2686,1.0,0.06685382496246241,11.49128598626703,7.5942289986414835,5.635756999254227,1.9803629984380677,1,0,0,,,,,,,,,,,,,,local_map_fast,False,12,5626,0,False,False,False,,,,inactive,,,,,,,,,,
front_end,4316790.968440576,True,icp_accepted,2712,1.0,0.07174054398569646,10.403426000266336,6.627355993259698,4.69009400694631,2.2437869920395315,1,0,0,,,,,,,,,,,,,,local_map_fast,False,12,5626,0,False,False,False,,,,inactive,,,,,,,,,,
front_end,4316791.068520416,True,icp_accepted,2671,1.0,0.07251305873494047,10.964539003907703,7.888170002843253,5.344140998204239,1.7247229989152402,1,0,0,,,,,,,,,,,,,,local_map_fast,False,12,5626,0,False,False,False,,,,inactive,,,,,,,,,,
front_end,4316791.168410304,True,icp_accepted,2660,1.0,0.07084134112547409,11.048746004235,7.333390007261187,4.644207001547329,2.238668006611988,1,0,0,,,,,,,,,,,,,,local_map_fast,False,12,5626,0,False,False,False,,,,inactive,,,,,,,,,,
front_end,4316791.268385888,True,icp_accepted,2718,1.0,0.07265341012309055,11.204567999811843,7.791609008563682,5.86016800662037,2.00246500025969,1,0,0,,,,,,,,,,,,,,local_map_fast,False,12,5626,0,False,False,False,,,,inactive,,,,,,,,,,
front_end,4316791.3685584,True,icp_accepted,2601,1.0,0.07335584774400392,11.520169995492324,7.8956539946375415,5.959895002888516,2.119523996952921,1,0,0,,,,,,,,,,,,,,local_map_fast,False,12,5626,0,False,False,False,,,,inactive,,,,,,,,,,
front_end,4316791.468435904,True,icp_accepted,2764,1.0,0.0791149503923769,10.891571990214288,7.754299993393943,5.664832002366893,1.7861790111055598,1,0,0,,,,,,,,,,,,,,local_map_fast,False,12,5626,0,False,False,False,,,,inactive,,,,,,,,,,
front_end,4316791.568353184,True,icp_accepted,2716,1.0,0.08385029664771383,10.167854998144321,6.7037199914921075,4.589335003402084,2.1011600038036704,1,0,0,,,,,,,,,,,,,,local_map_fast,False,12,5626,0,False,False,False,,,,inactive,,,,,,,,,,
front_end,4316791.66855872,True,icp_accepted,2744,1.0,0.08390530944676862,11.327148997224867,7.6905200112378225,5.818739999085665,2.293590994668193,1,0,0,,,,,,,,,,,,,,local_map_fast,False,12,5626,0,False,False,False,,,,inactive,,,,,,,,,,
front_end,4316791.768453152,True,icp_accepted,2765,1.0,0.08133378921760037,11.063263998948969,7.666324992896989,5.712369995308109,1.9987470004707575,1,0,0,,,,,,,,,,,,,,local_map_fast,False,12,5626,0,False,False,False,,,,inactive,,,,,,,,,,
front_end,4316791.868552384,True,icp_accepted,2668,1.0,0.08360692072719632,10.884268005611375,7.478141997125931,5.617253002128564,2.035315992543474,1,0,0,,,,,,,,,,,,,,local_map_fast,False,12,5626,0,False,False,False,,,,inactive,,,,,,,,,,
front_end,4316791.968528384,True,icp_accepted,2785,1.0,0.08665453106692528,11.072891997173429,7.572508999146521,5.673298001056537,2.0145669986959547,1,0,0,,,,,,,,,,,,,,local_map_fast,False,12,5626,0,False,False,False,,,,inactive,,,,,,,,,,
front_end,4316792.068372992,True,icp_accepted,2582,1.0,0.09664397618609558,12.087363997125067,7.736565996310674,5.802048995974474,1.9606870046118274,1,0,0,,,,,,,,,,,,,,local_map_fast,False,12,5626,0,False,False,False,,,,inactive,,,,,,,,,,
front_end,4316792.168350304,True,icp_accepted,2697,1.0,0.09673096839361078,10.877003995119594,7.676352994167246,5.44945799629204,1.7993439978454262,1,0,0,,,,,,,,,,,,,,local_map_fast,False,12,5626,0,False,False,False,,,,inactive,,,,,,,,,,
front_end,4316792.268472448,True,icp_accepted,2706,1.0,0.09660017964511211,13.14086900674738,9.51373799762223,7.30644998839125,2.2291890054475516,1,0,0,,,,,,,,,,,,,,local_map_fast,False,12,5626,0,False,False,False,,,,inactive,,,,,,,,,,
front_end,4316792.368483776,True,icp_accepted,2724,1.0,0.10118553950496982,11.4998619974358,7.661094001377933,5.2917020075256005,1.5926659980323166,1,0,0,,,,,,,,,,,,,,local_map_fast,False,12,5626,0,False,False,False,,,,inactive,,,,,,,,,,
front_end,4316792.468520416,True,icp_accepted,2726,1.0,0.10335452437741617,10.411231007310562,7.498949998989701,5.618194001726806,1.6148069989867508,1,0,0,,,,,,,,,,,,,,local_map_fast,False,12,5626,0,False,False,False,,,,inactive,,,,,,,,,,
front_end,4316792.56849984,True,icp_accepted,2631,1.0,0.10295090902411373,10.460774006787688,7.656175002921373,5.754539990448393,1.4299510075943545,1,0,0,,,,,,,,,,,,,,local_map_fast,False,12,5626,0,False,False,False,,,,inactive,,,,,,,,,,
front_end,4316792.668358944,True,icp_accepted,2738,1.0,0.10601721436627401,10.429715999634936,7.476800004951656,5.6128040014300495,1.4560199924744666,1,0,0,,,,,,,,,,,,,,local_map_fast,False,12,5626,0,False,False,False,,,,inactive,,,,,,,,,,
front_end,4316792.768470336,True,icp_accepted,2581,1.0,0.11368277592977803,12.129173002904281,7.940619005239569,5.358837996027432,1.9208419980714098,1,0,0,,,,,,,,,,,,,,local_map_fast,False,12,5626,0,False,False,False,,,,inactive,,,,,,,,,,
front_end,4316792.868378016,True,icp_accepted,2739,1.0,0.10614491959687444,11.29806399694644,7.980633992701769,5.73083599738311,1.7896960052894428,1,0,0,,,,,,,,,,,,,,local_map_fast,False,12,5626,0,False,False,False,,,,inactive,,,,,,,,,,
front_end,4316792.968526816,True,icp_accepted,2698,1.0,0.10758951556978794,10.765705999801867,7.768326002405956,5.838958997628652,1.56812000204809,1,0,0,,,,,,,,,,,,,,local_map_fast,False,12,5626,0,False,False,False,,,,inactive,,,,,,,,,,
front_end,4316793.068517056,True,icp_accepted,2675,1.0,0.11087239249548127,10.389008995844051,7.539946993347257,5.586404993664473,1.4506099978461862,1,0,0,,,,,,,,,,,,,,local_map_fast,False,12,5626,0,False,False,False,,,,inactive,,,,,,,,,,
front_end,4316793.16846768,True,icp_accepted,2703,1.0,0.10936916042510728,11.630156994215213,8.529091996024363,5.832245005876757,1.6315090033458546,1,0,0,,,,,,,,,,,,,,local_map_fast,False,12,5626,0,False,False,False,,,,inactive,,,,,,,,,,
front_end,4316793.268345152,True,icp_accepted,2653,1.0,0.11059143164751774,10.626756004057825,7.423169008689001,5.5033990065567195,1.584409998031333,1,0,0,,,,,,,,,,,,,,local_map_fast,False,12,5626,0,False,False,False,,,,inactive,,,,,,,,,,
front_end,4316793.36844944,True,icp_accepted,2795,1.0,0.10878273885195858,10.981740997522138,7.50955099647399,4.676828990341164,1.9353690004209056,1,0,0,,,,,,,,,,,,,,local_map_fast,False,12,5626,0,False,False,False,,,,inactive,,,,,,,,,,
front_end,4316793.468477472,True,icp_accepted,2604,1.0,0.11389115381558075,10.58437601022888,7.611952998558991,5.7137429976137355,1.5937279968056828,1,0,0,,,,,,,,,,,,,,local_map_fast,False,12,5626,0,False,False,False,,,,inactive,,,,,,,,,,
front_end,4316793.568492576,True,icp_accepted,2762,1.0,0.11150851565519297,10.399088001577184,7.324373000301421,5.452544006402604,1.5534330013906583,1,0,0,,,,,,,,,,,,,,local_map_fast,False,12,5626,0,False,False,False,,,,inactive,,,,,,,,,,
front_end,4316793.668380256,True,icp_accepted,2727,1.0,0.11034694588615508,10.794249988975935,7.735984996543266,5.810825008666143,1.6439219907624647,1,0,0,,,,,,,,,,,,,,local_map_fast,False,12,5626,0,False,False,False,,,,inactive,,,,,,,,,,
front_end,4316793.768481792,True,icp_accepted,2652,1.0,0.11428528591911578,10.34093000635039,7.4552690057316795,5.541210004594177,1.4679629966849461,1,0,0,,,,,,,,,,,,,,local_map_fast,False,12,5626,0,False,False,False,,,,inactive,,,,,,,,,,
front_end,4316793.868344096,True,icp_accepted,2738,1.0,0.11499329995809754,11.156538996146992,7.7497110032709315,5.668208003044128,1.901674986584112,1,0,0,,,,,,,,,,,,,,local_map_fast,False,12,5626,0,False,False,False,,,,inactive,,,,,,,,,,
front_end,4316793.968325824,True,icp_accepted,2721,1.0,0.10984271605010364,10.91833200189285,7.339312011026777,4.631794989109039,2.1247940021567047,1,0,0,,,,,,,,,,,,,,local_map_fast,False,12,5626,0,False,False,False,,,,inactive,,,,,,,,,,
front_end,4316794.068435296,True,icp_accepted,2806,1.0,0.10800304763411751,11.1663679999765,7.628875013324432,5.690058998879977,1.9482429925119504,1,0,0,,,,,,,,,,,,,,local_map_fast,False,12,5626,0,False,False,False,,,,inactive,,,,,,,,,,
front_end,4316794.168469856,True,icp_accepted,2699,1.0,0.11223369969650719,11.284940002951771,7.612714005517773,5.187225993722677,2.221414993982762,1,0,0,,,,,,,,,,,,,,local_map_fast,False,12,5626,0,False,False,False,,,,inactive,,,,,,,,,,
front_end,4316794.268474656,True,icp_accepted,2715,1.0,0.1105875133312622,12.026299998979084,7.948252998176031,6.0628580104094,2.5842150062089786,1,0,0,,,,,,,,,,,,,,local_map_fast,False,12,5626,0,False,False,False,,,,inactive,,,,,,,,,,
front_end,4316794.368271488,True,icp_accepted,2881,1.0,0.10742360213377049,12.05962200765498,7.927274011308327,6.0049290041206405,2.6610700006131083,1,0,0,,,,,,,,,,,,,,local_map_fast,False,12,5626,0,False,False,False,,,,inactive,,,,,,,,,,
front_end,4316794.468403776,True,icp_accepted,2772,1.0,0.1114475244789783,11.22308400226757,7.671073995879851,5.679790003341623,1.9924460066249594,1,0,0,,,,,,,,,,,,,,local_map_fast,False,12,5626,0,False,False,False,,,,inactive,,,,,,,,,,
front_end,4316794.568351072,True,icp_accepted,2769,1.0,0.11638692933925403,11.185131996171549,7.271623995620757,4.827351993299089,2.404288010438904,1,0,0,,,,,,,,,,,,,,local_map_fast,False,12,5626,0,False,False,False,,,,inactive,,,,,,,,,,
front_end,4316794.668480576,True,icp_accepted,2707,1.0,0.10949593431829939,11.187116004293784,7.835872005671263,5.889944004593417,1.873122004326433,1,0,0,,,,,,,,,,,,,,local_map_fast,False,12,5626,0,False,False,False,,,,inactive,,,,,,,,,,
front_end,4316794.768388448,True,icp_accepted,2844,1.0,0.11274798102810729,11.478001993964426,7.484804998966865,5.5959530000109226,2.458989998558536,1,0,0,,,,,,,,,,,,,,local_map_fast,False,12,5626,0,False,False,False,,,,inactive,,,,,,,,,,
front_end,4316794.86833376,True,icp_accepted,2763,1.0,0.11187943693058508,11.679570001433603,7.85038000321947,5.963592004263774,2.3723679914837703,1,0,0,,,,,,,,,,,,,,local_map_fast,False,12,5626,0,False,False,False,,,,inactive,,,,,,,,,,
front_end,4316794.9682864,True,icp_accepted,2880,1.0,0.10900000202606547,10.19164000172168,6.659467006102204,4.669656002079137,2.072806004434824,1,0,0,,,,,,,,,,,,,,local_map_fast,False,12,5626,0,False,False,False,,,,inactive,,,,,,,,,,
front_end,4316795.068467872,True,icp_accepted,2813,0.9996445076430857,0.1110702742016801,11.24002599681262,7.865398001740687,5.797630990855396,1.8988610099768266,1,0,0,,,,,,,,,,,,,,local_map_fast,False,12,5626,0,False,False,False,,,,inactive,,,,,,,,,,
front_end,4316795.16829728,True,icp_accepted,2852,1.0,0.113527895951039,12.341410998487845,7.831844995962456,5.364529002690688,2.0399339991854504,1,0,0,,,,,,,,,,,,,,local_map_fast,False,12,5626,0,False,False,False,,,,inactive,,,,,,,,,,
front_end,4316795.268413312,True,icp_accepted,2820,1.0,0.11358741515601496,14.79640400793869,8.918162013287656,6.3407889974769205,2.2478440077975392,1,0,0,,,,,,,,,,,,,,local_map_fast,True,12,5569,0,False,False,False,,,,inactive,,,,,,,,,,
front_end,4316795.368454496,True,icp_accepted,2795,1.0,0.06530511193091279,11.712731997249648,7.703784998739138,5.700679001165554,2.158658011467196,1,0,0,,,,,,,,,,,,,,local_map_fast,False,12,5569,0,False,False,False,,,,inactive,,,,,,,,,,
front_end,4316795.46833664,True,icp_accepted,2894,1.0,0.07543247750805222,11.853806005092338,7.775719001074322,5.848906992468983,2.461023992509581,1,0,0,,,,,,,,,,,,,,local_map_fast,False,12,5569,0,False,False,False,,,,inactive,,,,,,,,,,
front_end,4316795.568463392,True,icp_accepted,2752,1.0,0.07599731739793346,11.478442000225186,7.711578989983536,5.7631469971966,1.9386950007174164,1,0,0,,,,,,,,,,,,,,local_map_fast,False,12,5569,0,False,False,False,,,,inactive,,,,,,,,,,
front_end,4316795.668298592,True,icp_accepted,2831,1.0,0.07521687781886148,11.6691000002902,7.9910839995136485,5.6398939923383296,2.1033039956819266,1,0,0,,,,,,,,,,,,,,local_map_fast,False,12,5569,0,False,False,False,,,,inactive,,,,,,,,,,
front_end,4316795.768292896,True,icp_accepted,2839,1.0,0.07218828070785549,12.77282000228297,7.708563993219286,4.799610003829002,2.343845000723377,1,0,0,,,,,,,,,,,,,,local_map_fast,False,12,5569,0,False,False,False,,,,inactive,,,,,,,,,,
front_end,4316795.868434432,True,icp_accepted,2917,1.0,0.07715885217083922,11.946801008889452,7.960415998240933,5.707873002393171,2.3650349903618917,1,0,0,,,,,,,,,,,,,,local_map_fast,False,12,5569,0,False,False,False,,,,inactive,,,,,,,,,,
front_end,4316795.968312832,True,icp_accepted,2910,1.0,0.08150557907119399,13.267367001390085,8.329668009537272,5.838507000589743,2.0427199924597517,1,0,0,,,,,,,,,,,,,,local_map_fast,False,12,5569,0,False,False,False,,,,inactive,,,,,,,,,,
front_end,4316796.068302592,True,icp_accepted,2819,1.0,0.08210353341241958,13.074855989543721,8.1027330015786,5.558382996241562,2.071124006761238,1,0,0,,,,,,,,,,,,,,local_map_fast,False,12,5569,0,False,False,False,,,,inactive,,,,,,,,,,
front_end,4316796.168396736,True,icp_accepted,2896,1.0,0.08694130186597349,14.541946991812438,10.36559599742759,7.622192002600059,1.9625699933385476,1,0,0,,,,,,,,,,,,,,local_map_fast,False,12,5569,0,False,False,False,,,,inactive,,,,,,,,,,
front_end,4316796.26834736,True,icp_accepted,2850,1.0,0.09115039498711996,12.042469999869354,8.004579009138979,5.419221008196473,2.337733007152565,1,0,0,,,,,,,,,,,,,,local_map_fast,False,12,5569,0,False,False,False,,,,inactive,,,,,,,,,,
front_end,4316796.368388384,True,icp_accepted,2843,1.0,0.09543913474814082,14.206517997081392,8.847870005411096,6.630773001234047,2.2878000017954037,1,0,0,,,,,,,,,,,,,,local_map_fast,True,12,5794,0,False,False,False,,,,inactive,,,,,,,,,,
optimized_backend,,,,,,,,,,,,,,,,,,,,,,,,,,,,,,,,,,,,,,,,,18,17,0,,,,pose_graph,False
front_end,4316796.468439136,True,icp_accepted,2796,1.0,0.06562475296989526,19.129979991703294,13.538175000576302,11.206513008801267,2.683011000044644,1,0,0,,,,,,,,,,,,,,local_map_fast,False,12,5794,0,False,False,False,,,,inactive,,,,,,,,,,
front_end,4316796.568307712,True,icp_accepted,2838,1.0,0.06879247346052972,12.701445011771284,8.421070000622422,6.317565988865681,2.073568000923842,1,0,0,,,,,,,,,,,,,,local_map_fast,False,12,5794,0,False,False,False,,,,inactive,,,,,,,,,,
front_end,4316796.66838368,True,icp_accepted,2794,1.0,0.06914153611957617,12.640040993574075,8.158136988640763,5.606413003988564,2.303318993654102,1,0,0,,,,,,,,,,,,,,local_map_fast,False,12,5794,0,False,False,False,,,,inactive,,,,,,,,,,
front_end,4316796.76825536,True,icp_accepted,2821,1.0,0.07249469542775763,13.448365993099287,8.089918992482126,5.6092870072461665,2.453230001265183,1,0,0,,,,,,,,,,,,,,local_map_fast,False,12,5794,0,False,False,False,,,,inactive,,,,,,,,,,
front_end,4316796.868256352,True,icp_accepted,2966,1.0,0.07724109115792585,13.438337002298795,9.097949005081318,6.847258991911076,2.3198499984573573,1,0,0,,,,,,,,,,,,,,local_map_fast,False,12,5794,0,False,False,False,,,,inactive,,,,,,,,,,
front_end,4316796.968435104,True,icp_accepted,2800,1.0,0.08214118323739772,11.757455999031663,7.258539990289137,5.075687004136853,2.4960000009741634,1,0,0,,,,,,,,,,,,,,local_map_fast,False,12,5794,0,False,False,False,,,,inactive,,,,,,,,,,
front_end,4316797.068272352,True,icp_accepted,2939,1.0,0.08418685251482841,11.489333002828062,7.746695002424531,5.37947699194774,2.053479998721741,1,0,0,,,,,,,,,,,,,,local_map_fast,False,12,5794,0,False,False,False,,,,inactive,,,,,,,,,,
front_end,4316797.16830832,True,icp_accepted,2966,1.0,0.08907969635922766,11.072672001319006,7.535889992141165,5.637301001115702,2.0762429921887815,1,0,0,,,,,,,,,,,,,,local_map_fast,False,12,5794,0,False,False,False,,,,inactive,,,,,,,,,,
front_end,4316797.26840816,True,icp_accepted,2830,1.0,0.09218600157079528,11.03146500827279,7.48918300087098,5.621951000648551,2.0562360004987568,1,0,0,,,,,,,,,,,,,,local_map_fast,False,12,5794,0,False,False,False,,,,inactive,,,,,,,,,,
front_end,4316797.368442528,True,icp_accepted,2885,1.0,0.0925713824177194,11.76936799311079,7.666605000849813,5.658859998220578,2.5718919932842255,1,0,0,,,,,,,,,,,,,,local_map_fast,False,12,5794,0,False,False,False,,,,inactive,,,,,,,,,,
front_end,4316797.468396128,True,icp_accepted,2793,1.0,0.09154666561761467,15.340063997427933,9.492819997831248,7.0160960021894425,2.2335179965011775,1,0,0,,,,,,,,,,,,,,local_map_fast,True,12,5864,0,False,False,False,,,,inactive,,,,,,,,,,
front_end,4316797.56840144,True,icp_accepted,2877,1.0,0.06569679207588174,12.981841005966999,7.817057005013339,5.201733001740649,2.4291949957842007,1,0,0,,,,,,,,,,,,,,local_map_fast,False,12,5864,0,False,False,False,,,,inactive,,,,,,,,,,
front_end,4316797.668368512,True,icp_accepted,2709,1.0,0.07073727434415261,14.474209994659759,10.354925994761288,7.553723000455648,2.5211480096913874,1,0,0,,,,,,,,,,,,,,local_map_fast,False,12,5864,0,False,False,False,,,,inactive,,,,,,,,,,
front_end,4316797.868403168,True,icp_accepted,2805,1.0,0.07279650727239743,12.543359989649616,7.699096997384913,5.376881992560811,2.2408610093407333,1,1,0,,,,,,,,,,,,,,local_map_fast,False,12,5864,0,False,False,False,,,,inactive,,,,,,,,,,
front_end,4316797.968251456,True,icp_accepted,2812,1.0,0.07917154290773123,14.583355005015619,10.470683002495207,7.757386003504507,2.5032239936990663,1,1,0,,,,,,,,,,,,,,local_map_fast,False,12,5864,0,False,False,False,,,,inactive,,,,,,,,,,
front_end,4316798.068215328,True,icp_accepted,2868,1.0,0.08844186938709127,11.495634986204095,7.72990399855189,5.2323109994176775,2.1262969967210665,1,1,0,,,,,,,,,,,,,,local_map_fast,False,12,5864,0,False,False,False,,,,inactive,,,,,,,,,,
front_end,4316798.168250688,True,icp_accepted,2795,1.0,0.0914743313654219,10.657894003088586,6.873357997392304,4.544551993603818,2.2048139944672585,1,1,0,,,,,,,,,,,,,,local_map_fast,False,12,5864,0,False,False,False,,,,inactive,,,,,,,,,,
front_end,4316798.268402752,True,icp_accepted,2841,1.0,0.09149495773162664,11.342807993059978,7.29141199553851,5.045190002419986,2.3860440123826265,1,1,0,,,,,,,,,,,,,,local_map_fast,False,12,5864,0,False,False,False,,,,inactive,,,,,,,,,,
front_end,4316798.36837952,True,icp_accepted,2778,1.0,0.09243356057426595,14.077286003157496,7.721699003013782,5.285139995976351,2.6762280031107366,1,1,0,,,,,,,,,,,,,,local_map_fast,True,12,6003,0,False,False,False,,,,inactive,,,,,,,,,,
optimized_backend,,,,,,,,,,,,,,,,,,,,,,,,,,,,,,,,,,,,,,,,,19,18,0,,,,pose_graph,False
front_end,4316798.468385696,True,icp_accepted,2784,1.0,0.06619684802587238,14.423454995267093,9.770851000212133,7.144226008676924,2.78449100733269,1,1,0,,,,,,,,,,,,,,local_map_fast,False,12,6003,0,False,False,False,,,,inactive,,,,,,,,,,
front_end,4316798.568343136,True,icp_accepted,2748,1.0,0.06921400546940709,11.635417002253234,7.698525005253032,5.750512995291501,2.2345390025293455,1,1,0,,,,,,,,,,,,,,local_map_fast,False,12,6003,0,False,False,False,,,,inactive,,,,,,,,,,
front_end,4316798.668297376,True,icp_accepted,2858,1.0,0.07350355952311068,11.938055002246983,8.103505009785295,6.172713998239487,2.2616500064032152,1,1,0,,,,,,,,,,,,,,local_map_fast,False,12,6003,0,False,False,False,,,,inactive,,,,,,,,,,
front_end,4316798.768204416,True,icp_accepted,2833,1.0,0.07619889994124733,10.632146004354581,6.489548992249183,4.621044005034491,2.5925310037564486,1,1,0,,,,,,,,,,,,,,local_map_fast,False,12,6003,0,False,False,False,,,,inactive,,,,,,,,,,
front_end,4316798.868348512,True,icp_accepted,2847,1.0,0.08145054770680865,11.815714999102056,7.461790999514051,5.60245499946177,2.7450170018710196,1,1,0,,,,,,,,,,,,,,local_map_fast,False,12,6003,0,False,False,False,,,,inactive,,,,,,,,,,
front_end,4316798.96819648,True,icp_accepted,2897,1.0,0.0856685337601144,12.207861000206321,7.489873998565599,5.592856992734596,3.0375359929166734,1,1,0,,,,,,,,,,,,,,local_map_fast,False,12,6003,0,False,False,False,,,,inactive,,,,,,,,,,
front_end,4316799.068342688,True,icp_accepted,2831,1.0,0.08832362362117421,11.464287003036588,7.545258005848154,5.648942009429447,2.137217001290992,1,1,0,,,,,,,,,,,,,,local_map_fast,False,12,6003,0,False,False,False,,,,inactive,,,,,,,,,,
front_end,4316799.16823328,True,icp_accepted,2821,1.0,0.0886259206153937,11.925320999580435,7.389274993329309,5.488691997015849,2.2550279973074794,1,1,0,,,,,,,,,,,,,,local_map_fast,False,12,6003,0,False,False,False,,,,inactive,,,,,,,,,,
front_end,4316799.26828544,True,icp_accepted,2795,1.0,0.09714752240957718,14.952747005736455,9.847444001934491,7.44170299731195,2.072755989502184,1,1,0,,,,,,,,,,,,,,local_map_fast,True,12,6295,0,False,False,False,,,,inactive,,,,,,,,,,
front_end,4316799.368198816,True,icp_accepted,2849,1.0,0.06717813826447062,10.778170006233267,6.945041997823864,4.518331988947466,2.2554490133188665,1,1,0,,,,,,,,,,,,,,local_map_fast,False,12,6295,0,False,False,False,,,,inactive,,,,,,,,,,
front_end,4316799.468304736,True,icp_accepted,2832,1.0,0.06806091784489934,12.712447001831606,7.881968995206989,5.626019003102556,2.5640579988248646,1,1,0,,,,,,,,,,,,,,local_map_fast,False,12,6295,0,False,False,False,,,,inactive,,,,,,,,,,
front_end,4316799.56820464,True,icp_accepted,2758,1.0,0.06835415667099837,11.89383199380245,7.645114994375035,5.743930989410728,2.6142419956158847,1,1,0,,,,,,,,,,,,,,local_map_fast,False,12,6295,0,False,False,False,,,,inactive,,,,,,,,,,
front_end,4316799.668284832,True,icp_accepted,2793,1.0,0.07398930754254646,12.196969997603446,7.866840998758562,5.902236996917054,2.609172006486915,1,1,0,,,,,,,,,,,,,,local_map_fast,False,12,6295,0,False,False,False,,,,inactive,,,,,,,,,,
front_end,4316799.768349792,True,icp_accepted,2714,1.0,0.07598923802866209,11.834470002213493,8.033613004954532,6.143228994915262,2.22894900070969,1,1,0,,,,,,,,,,,,,,local_map_fast,False,12,6295,0,False,False,False,,,,inactive,,,,,,,,,,
front_end,4316799.8682848,True,icp_accepted,2807,1.0,0.07502743187997934,12.69272000354249,8.141285012243316,5.558883000048809,2.850164004485123,1,1,0,,,,,,,,,,,,,,local_map_fast,False,12,6295,0,False,False,False,,,,inactive,,,,,,,,,,
front_end,4316799.968258624,True,icp_accepted,2727,0.9996332966629996,0.07818861114360325,12.879109010100365,7.744040005491115,5.645304991048761,2.6034820039058104,1,1,0,,,,,,,,,,,,,,local_map_fast,False,12,6295,0,False,False,False,,,,inactive,,,,,,,,,,
front_end,4316800.068168192,True,icp_accepted,2783,0.9992813510600072,0.08103755012456909,12.73826599936001,7.821777006029151,5.43975000618957,3.0802549881627783,1,1,0,,,,,,,,,,,,,,local_map_fast,False,12,6295,0,False,False,False,,,,inactive,,,,,,,,,,
front_end,4316800.16814208,True,icp_accepted,2702,1.0,0.08776897064868064,14.104257003054954,7.746576011413708,5.8480160078033805,2.0304570061853155,1,1,0,,,,,,,,,,,,,,local_map_fast,True,12,6496,0,False,False,False,,,,inactive,,,,,,,,,,
optimized_backend,,,,,,,,,,,,,,,,,,,,,,,,,,,,,,,,,,,,,,,,,20,19,0,,,,pose_graph,False
front_end,4316800.268168128,True,icp_accepted,2781,0.9996404171161453,0.07087033542620073,13.199759996496141,8.202028999221511,6.18554899119772,2.9553909989772364,1,1,0,,,,,,,,,,,,,,local_map_fast,False,12,6496,0,False,False,False,,,,inactive,,,,,,,,,,
front_end,4316800.36826736,True,icp_accepted,2726,1.0,0.07105683651287438,13.639475000672974,7.946490004542284,5.567989996052347,2.9597500106319785,1,1,0,,,,,,,,,,,,,,local_map_fast,False,12,6496,0,False,False,False,,,,inactive,,,,,,,,,,
front_end,4316800.468177088,True,icp_accepted,2660,0.999624060150376,0.07051658617090864,14.978816005168483,9.181866000290029,6.455984999774955,2.819207002175972,1,1,0,,,,,,,,,,,,,,local_map_fast,False,12,6496,0,False,False,False,,,,inactive,,,,,,,,,,
front_end,4316800.568239136,True,icp_accepted,2678,0.9992531740104555,0.07208172679058023,12.616927997441962,7.828820002032444,5.669210993801244,2.3616589896846563,1,1,0,,,,,,,,,,,,,,local_map_fast,False,12,6496,0,False,False,False,,,,inactive,,,,,,,,,,
front_end,4316800.6682304,True,icp_accepted,2559,0.9996092223524814,0.07691766768190952,13.39638899662532,8.574366991524585,6.41895599255804,2.773960994090885,1,1,0,,,,,,,,,,,,,,local_map_fast,False,12,6496,0,False,False,False,,,,inactive,,,,,,,,,,
front_end,4316800.768223072,True,icp_accepted,2635,1.0,0.07353284958013913,12.823855999158695,8.40900800540112,5.813901996589266,2.3806940007489175,1,1,0,,,,,,,,,,,,,,local_map_fast,False,12,6496,0,False,False,False,,,,inactive,,,,,,,,,,
front_end,4316800.868121248,True,icp_accepted,2635,1.0,0.07161725950639249,13.072882997221313,8.038683008635417,5.866841005627066,3.031473999726586,1,1,0,,,,,,,,,,,,,,local_map_fast,False,12,6496,0,False,False,False,,,,inactive,,,,,,,,,,
front_end,4316800.968291264,True,icp_accepted,2647,1.0,0.0741468388517602,13.132805994246155,8.157906995620579,6.198201997904107,2.148558007320389,1,1,0,,,,,,,,,,,,,,local_map_fast,False,12,6496,0,False,False,False,,,,inactive,,,,,,,,,,
front_end,4316801.068133216,True,icp_accepted,2674,1.0,0.08047652332552778,12.956664999364875,7.880596996983513,5.991815007291734,3.2016740005929023,1,1,0,,,,,,,,,,,,,,local_map_fast,False,12,6496,0,False,False,False,,,,inactive,,,,,,,,,,
front_end,4316801.16816032,True,icp_accepted,2620,1.0,0.08114089210548668,13.343821003218181,7.322100005694665,4.8035770014394075,2.2685840085614473,1,1,0,,,,,,,,,,,,,,local_map_fast,True,12,6541,0,False,False,False,,,,inactive,,,,,,,,,,
front_end,4316801.268202272,True,icp_accepted,2664,1.0,0.06317907322074523,11.95130000996869,7.709495999733917,5.827836997923441,2.484147989889607,1,1,0,,,,,,,,,,,,,,local_map_fast,False,12,6541,0,False,False,False,,,,inactive,,,,,,,,,,
front_end,4316801.36814832,True,icp_accepted,2504,1.0,0.06730965036375976,14.491954003460705,8.850825994159095,6.1194750014692545,2.4130140081979334,1,1,0,,,,,,,,,,,,,,local_map_fast,False,12,6541,0,False,False,False,,,,inactive,,,,,,,,,,
front_end,4316801.468297632,True,icp_accepted,2589,1.0,0.06836541480582282,13.426366000203416,8.665518995258026,5.632711996440776,2.7210830012336373,1,1,0,,,,,,,,,,,,,,local_map_fast,False,12,6541,0,False,False,False,,,,inactive,,,,,,,,,,
front_end,4316801.568222944,True,icp_accepted,2524,1.0,0.07031484435189604,11.851632996695116,7.71414500195533,5.4373349994421005,2.3856330080889165,1,1,0,,,,,,,,,,,,,,local_map_fast,False,12,6541,0,False,False,False,,,,inactive,,,,,,,,,,
front_end,4316801.668110048,True,icp_accepted,2527,1.0,0.07561955930474253,13.449940001009963,9.353658999316394,6.973716008360498,2.331251002033241,1,1,0,,,,,,,,,,,,,,local_map_fast,False,12,6541,0,False,False,False,,,,inactive,,,,,,,,,,
front_end,4316801.768217088,True,icp_accepted,2523,1.0,0.08175534520246656,12.806162994820625,8.017393003683537,5.6144080008380115,2.64964799862355,1,1,0,,,,,,,,,,,,,,local_map_fast,False,12,6541,0,False,False,False,,,,inactive,,,,,,,,,,
front_end,4316801.868269568,True,icp_accepted,2505,1.0,0.0855681078228512,14.560662995791063,9.50789799389895,6.821401009801775,2.6491470052860677,1,1,0,,,,,,,,,,,,,,local_map_fast,False,12,6541,0,False,False,False,,,,inactive,,,,,,,,,,
front_end,4316801.968202144,True,icp_accepted,2577,0.9992239037640668,0.10311549403831213,13.79574900784064,8.878779000951909,6.446507992222905,2.7517099952092394,1,1,0,,,,,,,,,,,,,,local_map_fast,False,12,6541,0,False,False,False,,,,inactive,,,,,,,,,,
front_end,4316802.068239264,True,icp_accepted,2612,0.9942572741194488,0.11123565425550924,13.382523990003392,8.754686001338996,6.674364994978532,2.5603910034988075,1,1,0,,,,,,,,,,,,,,local_map_fast,False,12,6541,0,False,False,False,,,,inactive,,,,,,,,,,
front_end,4316802.168225024,True,icp_accepted,2654,0.9958553127354935,0.12578951872061409,15.83542299340479,8.401462997426279,6.3466009887633845,2.631313996971585,1,1,0,,,,,,,,,,,,,,local_map_fast,True,12,6682,0,False,False,False,,,,inactive,,,,,,,,,,
optimized_backend,,,,,,,,,,,,,,,,,,,,,,,,,,,,,,,,,,,,,,,,,21,20,0,,,,pose_graph,False
front_end,4316802.268203136,True,icp_accepted,2646,1.0,0.06793582120502914,13.752066995948553,8.322324996697716,5.808390997117385,2.4199379986384884,1,1,0,,,,,,,,,,,,,,local_map_fast,False,12,6682,0,False,False,False,,,,inactive,,,,,,,,,,
front_end,4316802.368265952,True,icp_accepted,2546,1.0,0.06844255017628213,12.31071399524808,6.8217219959478825,4.885982009000145,2.402614991297014,1,1,0,,,,,,,,,,,,,,local_map_fast,False,12,6682,0,False,False,False,,,,inactive,,,,,,,,,,
front_end,4316802.468156672,True,icp_accepted,2568,1.0,0.07142749796397772,14.468771012616344,9.945388999767601,7.829341004253365,2.707906998693943,1,1,0,,,,,,,,,,,,,,local_map_fast,False,12,6682,0,False,False,False,,,,inactive,,,,,,,,,,
front_end,4316802.568264192,True,icp_accepted,2530,1.0,0.07649403567870451,12.668745999690145,7.878503995016217,6.019457010552287,2.5757999974302948,1,1,0,,,,,,,,,,,,,,local_map_fast,False,12,6682,0,False,False,False,,,,inactive,,,,,,,,,,
front_end,4316802.668281856,True,icp_accepted,2556,1.0,0.08329172454637469,12.110479001421481,7.882341000367887,5.361153002013452,2.2496489982586354,1,1,0,,,,,,,,,,,,,,local_map_fast,False,12,6682,0,False,False,False,,,,inactive,,,,,,,,,,
front_end,4316802.768084,True,icp_accepted,2525,1.0,0.08971225251459568,34.23625699360855,18.217108998214826,14.069101001950912,9.74814900837373,1,1,0,,,,,,,,,,,,,,local_map_fast,False,12,6682,0,False,False,False,,,,inactive,,,,,,,,,,
front_end,4316802.868199392,True,icp_accepted,2647,1.0,0.09643339407137108,23.176970003987662,16.961875997367315,13.040592995821498,3.4771200007526204,1,1,0,,,,,,,,,,,,,,local_map_fast,False,12,6682,0,False,False,False,,,,inactive,,,,,,,,,,
front_end,4316802.968131328,True,icp_accepted,2692,1.0,0.0985690532703885,11.17460300156381,6.605125003261492,4.674374999012798,2.728937004576437,1,1,0,,,,,,,,,,,,,,local_map_fast,False,12,6682,0,False,False,False,,,,inactive,,,,,,,,,,
front_end,4316803.068146336,True,icp_accepted,2678,1.0,0.11388388104334242,12.465563995647244,7.789476003381424,5.554825998842716,2.731882006628439,1,1,0,,,,,,,,,,,,,,local_map_fast,False,12,6682,0,False,False,False,,,,inactive,,,,,,,,,,
front_end,4316803.168142496,True,icp_accepted,2704,1.0,0.11099539783918362,15.889264992438257,8.113473988487385,6.200286006787792,2.1257360058370978,1,1,0,,,,,,,,,,,,,,local_map_fast,True,12,6923,0,False,False,False,,,,inactive,,,,,,,,,,
front_end,4316803.268244608,True,icp_accepted,2730,1.0,0.08370826460614028,11.826846995973028,7.6044799934607,5.47512699267827,2.5154360046144575,1,1,0,,,,,,,,,,,,,,local_map_fast,False,12,6923,0,False,False,False,,,,inactive,,,,,,,,,,
front_end,4316803.368210048,True,icp_accepted,2659,1.0,0.0827170952432194,12.338436004938558,7.773916993755847,5.393023006035946,2.5919600011548027,1,1,0,,,,,,,,,,,,,,local_map_fast,False,12,6923,0,False,False,False,,,,inactive,,,,,,,,,,
front_end,4316803.76809408,True,icp_accepted,2666,1.0,0.11582134414363657,12.545764999231324,7.44533100805711,5.40970399742946,2.9447919951053336,1,4,0,,,,,,,,,,,,,,local_map_fast,False,12,6923,0,False,False,False,,,,inactive,,,,,,,,,,
front_end,4316803.86817696,True,icp_accepted,2668,1.0,0.11959926392969115,16.072337006335147,10.997471006703563,8.056296006543562,3.041313000721857,1,4,0,,,,,,,,,,,,,,local_map_fast,False,12,6923,0,False,False,False,,,,inactive,,,,,,,,,,
front_end,4316803.96818992,True,icp_accepted,2732,1.0,0.1262562957126235,12.571102008223534,8.074140001554042,6.10168201092165,2.4434720107819885,1,4,0,,,,,,,,,,,,,,local_map_fast,False,12,6923,0,False,False,False,,,,inactive,,,,,,,,,,
front_end,4316804.068171168,True,icp_accepted,2706,1.0,0.12373561442238444,12.515317997895181,8.003727998584509,5.909250990953296,2.6349499967182055,1,4,0,,,,,,,,,,,,,,local_map_fast,False,12,6923,0,False,False,False,,,,inactive,,,,,,,,,,
optimized_backend,,,,,,,,,,,,,,,,,,,,,,,,,,,,,,,,,,,,,,,,,22,21,0,,,,pose_graph,False
front_end,4316804.168179648,True,icp_accepted,2798,1.0,0.13703258150398426,14.62079600605648,8.008928009076044,5.627090999041684,2.209794009104371,1,4,0,,,,,,,,,,,,,,local_map_fast,True,12,7204,0,False,False,False,,,,inactive,,,,,,,,,,
front_end,4316804.26812208,True,icp_accepted,2775,1.0,0.06774646714368467,12.061276007443666,7.8588560136267915,5.4849150037625805,2.115246999892406,1,4,0,,,,,,,,,,,,,,local_map_fast,False,12,7204,0,False,False,False,,,,inactive,,,,,,,,,,
front_end,4316804.368205856,True,icp_accepted,2667,0.9996250468691413,0.07266111808278763,12.223601006553508,7.849418994737789,5.392230988945812,2.4161399924196303,1,4,0,,,,,,,,,,,,,,local_map_fast,False,12,7204,0,False,False,False,,,,inactive,,,,,,,,,,
front_end,4316804.46809632,True,icp_accepted,2712,0.9977876106194691,0.07630193331218132,13.135781002347358,7.40748000680469,5.166328002815135,2.694052003789693,1,4,0,,,,,,,,,,,,,,local_map_fast,False,12,7204,0,False,False,False,,,,inactive,,,,,,,,,,
front_end,4316804.568150208,True,icp_accepted,2713,0.997788426096572,0.07902937940071514,12.835418005124666,7.995271997060627,5.2983549976488575,2.998762996867299,1,4,0,,,,,,,,,,,,,,local_map_fast,False,12,7204,0,False,False,False,,,,inactive,,,,,,,,,,
front_end,4316804.66804544,True,icp_accepted,2792,0.997134670487106,0.08443700489385003,12.061867004376836,7.273007999174297,5.22794300923124,3.072170991799794,1,4,0,,,,,,,,,,,,,,local_map_fast,False,12,7204,0,False,False,False,,,,inactive,,,,,,,,,,
front_end,4316804.768183008,True,icp_accepted,2685,0.9973929236499068,0.08170214014045571,10.871446007513441,6.650139999692328,4.708288994152099,2.424967009574175,1,4,0,,,,,,,,,,,,,,local_map_fast,False,12,7204,0,False,False,False,,,,inactive,,,,,,,,,,
front_end,4316804.868089216,True,icp_accepted,2834,0.9989414255469301,0.08616541412160668,13.540650994400494,8.247384990681894,5.667848003213294,2.9893449973315,1,4,0,,,,,,,,,,,,,,local_map_fast,False,12,7204,0,False,False,False,,,,inactive,,,,,,,,,,
front_end,4316804.968071232,True,icp_accepted,2875,0.9996521739130435,0.08704702443451123,15.16179001191631,10.668825008906424,7.850991998566315,2.5014309940161183,1,4,0,,,,,,,,,,,,,,local_map_fast,False,12,7204,0,False,False,False,,,,inactive,,,,,,,,,,
front_end,4316805.06804544,True,icp_accepted,2942,1.0,0.09338172611892182,14.015139997354709,8.393658994464204,5.801557999802753,2.9108679882483557,1,4,0,,,,,,,,,,,,,,local_map_fast,False,12,7204,0,False,False,False,,,,inactive,,,,,,,,,,
front_end,4316805.168133312,True,icp_accepted,2947,1.0,0.09462961738725262,12.246854996192269,7.705779993557371,5.335493988241069,2.3077070072758943,1,4,0,,,,,,,,,,,,,,local_map_fast,False,12,7204,0,False,False,False,,,,inactive,,,,,,,,,,
front_end,4316805.268241408,True,icp_accepted,2795,0.9996422182468694,0.09207934537583146,15.21153400244657,8.017735002795234,5.603988000075333,2.7012350037693977,1,4,0,,,,,,,,,,,,,,local_map_fast,True,12,7265,0,False,False,False,,,,inactive,,,,,,,,,,
front_end,4316805.36805184,True,icp_accepted,2920,0.9962328767123287,0.074450216340999,11.531604002811946,7.073845001286827,5.0033519946737215,2.258774999063462,1,4,0,,,,,,,,,,,,,,local_map_fast,False,12,7265,0,False,False,False,,,,inactive,,,,,,,,,,
front_end,4316805.468188992,True,icp_accepted,2854,0.9950946040644709,0.07311941207640615,16.508825996425003,11.45657199958805,8.281137997983024,2.853960992069915,1,4,0,,,,,,,,,,,,,,local_map_fast,False,12,7265,0,False,False,False,,,,inactive,,,,,,,,,,
front_end,4316805.568192032,True,icp_accepted,2872,0.9947771587743732,0.08050261414520786,13.234205995104276,7.8463730023941025,5.473192999488674,3.067161000217311,1,4,0,,,,,,,,,,,,,,local_map_fast,False,12,7265,0,False,False,False,,,,inactive,,,,,,,,,,
front_end,4316805.668092192,True,icp_accepted,2906,0.9951823812801102,0.07928746474200012,13.221932997112162,7.79465600498952,5.48352200712543,3.0239909974625334,1,4,0,,,,,,,,,,,,,,local_map_fast,False,12,7265,0,False,False,False,,,,inactive,,,,,,,,,,
front_end,4316805.768043008,True,icp_accepted,2944,0.9945652173913043,0.08242717079505288,12.90588999108877,7.625638987519778,5.510012008016929,2.878576997318305,1,4,0,,,,,,,,,,,,,,local_map_fast,False,12,7265,0,False,False,False,,,,inactive,,,,,,,,,,
front_end,4316805.868057472,True,icp_accepted,2942,0.9966009517335146,0.0808388692575684,13.146381999831647,7.7518359903478995,5.353408007067628,2.8029859968228266,1,4,0,,,,,,,,,,,,,,local_map_fast,False,12,7265,0,False,False,False,,,,inactive,,,,,,,,,,
front_end,4316805.968037472,True,icp_accepted,2972,0.9993270524899058,0.079436552664019,13.472963008098304,7.612093002535403,5.474916004459374,2.6970570033881813,1,4,0,,,,,,,,,,,,,,local_map_fast,False,12,7265,0,False,False,False,,,,inactive,,,,,,,,,,
front_end,4316806.068121824,True,icp_accepted,3164,1.0,0.0928127638982656,13.006478999159299,7.581066005514003,5.671355000231415,3.455479003605433,1,4,0,,,,,,,,,,,,,,local_map_fast,False,12,7265,0,False,False,False,,,,inactive,,,,,,,,,,
optimized_backend,,,,,,,,,,,,,,,,,,,,,,,,,,,,,,,,,,,,,,,,,23,22,0,,,,pose_graph,False
front_end,4316806.168024832,True,icp_accepted,3057,1.0,0.09663205960458503,14.40355800150428,7.984841999132186,5.504451997694559,2.667160995770246,1,4,0,,,,,,,,,,,,,,local_map_fast,False,12,7265,0,False,False,False,,,,inactive,,,,,,,,,,
front_end,4316806.268196736,True,icp_accepted,3000,0.9986666666666667,0.08566147943553211,15.948396001476794,8.56766599463299,5.716208994272165,2.7916639955947176,1,4,0,,,,,,,,,,,,,,local_map_fast,True,12,7340,0,False,False,False,,,,inactive,,,,,,,,,,
front_end,4316806.368198368,True,icp_accepted,3085,1.0,0.07243680711222897,13.744373005465604,8.296667001559399,5.83184500283096,2.682149992324412,1,4,0,,,,,,,,,,,,,,local_map_fast,False,12,7340,0,False,False,False,,,,inactive,,,,,,,,,,
front_end,4316806.468006272,True,icp_accepted,2995,1.0,0.07339767430303794,14.218992000678554,8.887314994353801,6.184065990964882,2.9907389980508015,1,4,0,,,,,,,,,,,,,,local_map_fast,False,12,7340,0,False,False,False,,,,inactive,,,,,,,,,,
front_end,4316806.568121216,True,icp_accepted,2990,1.0,0.07598762760830519,11.400348012102768,6.875693012261763,4.754084991873242,2.5734859955264255,1,4,0,,,,,,,,,,,,,,local_map_fast,False,12,7340,0,False,False,False,,,,inactive,,,,,,,,,,
front_end,4316806.668131392,True,icp_accepted,2968,1.0,0.07938995586092414,13.129580009263009,8.26075000804849,5.6264410086441785,2.851607001502998,1,4,0,,,,,,,,,,,,,,local_map_fast,False,12,7340,0,False,False,False,,,,inactive,,,,,,,,,,
front_end,4316806.76806864,True,icp_accepted,3054,1.0,0.08211134200701305,13.853928001481108,7.717430999036878,5.797752004582435,2.667011009179987,1,4,0,,,,,,,,,,,,,,local_map_fast,False,12,7340,0,False,False,False,,,,inactive,,,,,,,,,,
front_end,4316806.868150976,True,icp_accepted,2978,1.0,0.08402139732874778,12.979638995602727,7.6740199874620885,5.377243011025712,3.2219020067714155,1,4,0,,,,,,,,,,,,,,local_map_fast,False,12,7340,0,False,False,False,,,,inactive,,,,,,,,,,
front_end,4316806.968001312,True,icp_accepted,3038,1.0,0.07817938869891848,12.038153989124112,7.666596997296438,5.631168998661451,2.436679002130404,1,4,0,,,,,,,,,,,,,,local_map_fast,False,12,7340,0,False,False,False,,,,inactive,,,,,,,,,,
front_end,4316807.068177408,True,icp_accepted,3113,1.0,0.08535143224521995,12.107893999200314,7.594570997753181,5.360913011827506,2.5296230014646426,1,4,0,,,,,,,,,,,,,,local_map_fast,False,12,7340,0,False,False,False,,,,inactive,,,,,,,,,,
front_end,4316807.16806912,True,icp_accepted,3001,1.0,0.08529233075202514,11.821025997051038,6.875451988889836,4.741791999549605,2.917691002949141,1,4,0,,,,,,,,,,,,,,local_map_fast,False,12,7340,0,False,False,False,,,,inactive,,,,,,,,,,
front_end,4316807.268084672,True,icp_accepted,3075,1.0,0.0861117424175236,11.888452994753607,7.490706993849017,5.532283990760334,2.461545998812653,1,4,0,,,,,,,,,,,,,,local_map_fast,False,12,7340,0,False,False,False,,,,inactive,,,,,,,,,,
front_end,4316807.368064224,True,icp_accepted,3048,1.0,0.08408116206828042,14.87191699561663,7.583810991491191,5.584712998825125,3.4389179927529767,1,4,0,,,,,,,,,,,,,,local_map_fast,True,12,7329,0,False,False,False,,,,inactive,,,,,,,,,,
front_end,4316807.468022752,True,icp_accepted,2940,1.0,0.0708688071384928,12.260470000910573,7.676755005377345,5.421787005616352,2.2577640047529712,1,4,0,,,,,,,,,,,,,,local_map_fast,False,12,7329,0,False,False,False,,,,inactive,,,,,,,,,,
front_end,4316807.567986752,True,icp_accepted,3055,0.9993453355155483,0.07043067103758444,11.689399005263112,7.448055999702774,5.2461169980233535,2.4694409949006513,1,4,0,,,,,,,,,,,,,,local_map_fast,False,12,7329,0,False,False,False,,,,inactive,,,,,,,,,,
front_end,4316807.66811952,True,icp_accepted,2952,0.9989837398373984,0.06752951707633435,13.023991996305995,7.5233269890304655,5.284238010062836,3.0283889936981723,1,4,0,,,,,,,,,,,,,,local_map_fast,False,12,7329,0,False,False,False,,,,inactive,,,,,,,,,,
front_end,4316807.768107264,True,icp_accepted,3048,0.9990157480314961,0.0720568873005526,11.012058996129781,6.613231002120301,4.660609003622085,2.4713640013942495,1,4,0,,,,,,,,,,,,,,local_map_fast,False,12,7329,0,False,False,False,,,,inactive,,,,,,,,,,
front_end,4316807.868086976,True,icp_accepted,2956,0.9989851150202977,0.077767081656004,11.795479003922082,7.628995997947641,5.688095989171416,2.3150409979280084,1,4,0,,,,,,,,,,,,,,local_map_fast,False,12,7329,0,False,False,False,,,,inactive,,,,,,,,,,
front_end,4316807.967964192,True,icp_accepted,3078,1.0,0.06939222749035014,11.701493000146002,7.457273997715674,5.570505993091501,2.4401359987678006,1,4,0,,,,,,,,,,,,,,local_map_fast,False,12,7329,0,False,False,False,,,,inactive,,,,,,,,,,
front_end,4316808.068153472,True,icp_accepted,3099,1.0,0.07051505821008609,13.243773995782249,7.627612998476252,5.241008009761572,2.4817240046104416,1,4,0,,,,,,,,,,,,,,local_map_fast,False,12,7329,0,False,False,False,,,,inactive,,,,,,,,,,
front_end,4316808.167944448,True,icp_accepted,3065,1.0,0.078187540895832,14.886805001879111,10.703028994612396,7.75127399538178,2.358983998419717,1,4,0,,,,,,,,,,,,,,local_map_fast,False,12,7329,0,False,False,False,,,,inactive,,,,,,,,,,
front_end,4316808.268028384,True,icp_accepted,3153,1.0,0.07862566750162091,11.876149001182057,7.64719900325872,5.7032649929169565,2.1816809894517064,1,4,0,,,,,,,,,,,,,,local_map_fast,False,12,7329,0,False,False,False,,,,inactive,,,,,,,,,,
front_end,4316808.368066336,True,icp_accepted,3033,1.0,0.07424424664566351,13.143165007932112,7.390758008114062,5.4322659998433664,2.6726719952421263,1,4,0,,,,,,,,,,,,,,local_map_fast,False,12,7329,0,False,False,False,,,,inactive,,,,,,,,,,
front_end,4316808.467971584,True,icp_accepted,3005,0.9993344425956738,0.08457506621097494,12.239641990163364,7.677536996197887,5.281985009787604,2.4658640031702816,1,4,0,,,,,,,,,,,,,,local_map_fast,False,12,7329,0,False,False,False,,,,inactive,,,,,,,,,,
front_end,4316808.5679456,True,icp_accepted,2996,0.9993324432576769,0.08436276983351733,12.684174987953156,7.487860988476314,5.290941990097053,2.4414280051132664,1,4,0,,,,,,,,,,,,,,local_map_fast,False,12,7329,0,False,False,False,,,,inactive,,,,,,,,,,
front_end,4316808.667971392,True,icp_accepted,3073,0.9996745850959974,0.08162740390345878,12.864553005783819,7.418801003950648,5.103329996927641,2.7077370032202452,1,4,0,,,,,,,,,,,,,,local_map_fast,False,12,7329,0,False,False,False,,,,inactive,,,,,,,,,,
front_end,4316808.768026528,True,icp_accepted,3055,0.9996726677577742,0.08329658267864153,12.189867993583903,7.921734999399632,5.581785997492261,2.47185499756597,1,4,0,,,,,,,,,,,,,,local_map_fast,False,12,7329,0,False,False,False,,,,inactive,,,,,,,,,,
front_end,4316808.868136352,True,icp_accepted,3095,0.9993537964458804,0.08935748717092455,13.023781997617334,7.751494995318353,5.570665991399437,2.774943000986241,1,4,0,,,,,,,,,,,,,,local_map_fast,False,12,7329,0,False,False,False,,,,inactive,,,,,,,,,,
front_end,4316808.967953824,True,icp_accepted,3095,0.9993537964458804,0.08259220205295305,10.537699999986216,6.732645008014515,4.800201000762172,1.967300006072037,1,4,0,,,,,,,,,,,,,,local_map_fast,False,12,7329,0,False,False,False,,,,inactive,,,,,,,,,,
front_end,4316809.067959968,True,icp_accepted,3020,0.9993377483443708,0.08109297177359734,12.051177996909246,7.625247992109507,5.3296840051189065,2.5490700063528493,1,4,0,,,,,,,,,,,,,,local_map_fast,False,12,7329,0,False,False,False,,,,inactive,,,,,,,,,,
front_end,4316809.168005024,True,icp_accepted,3096,0.9993540051679587,0.08254359964078231,12.523083001724444,7.285380997927859,5.091428000014275,2.217498011304997,1,4,0,,,,,,,,,,,,,,local_map_fast,False,12,7329,0,False,False,False,,,,inactive,,,,,,,,,,
front_end,4316809.26807424,True,icp_accepted,3000,0.9986666666666667,0.08211307191812471,12.499989999923855,7.808832990122028,5.418449989520013,2.380644000368193,1,4,0,,,,,,,,,,,,,,local_map_fast,False,12,7329,0,False,False,False,,,,inactive,,,,,,,,,,
front_end,4316809.368118176,True,icp_accepted,3035,0.998682042833608,0.08316965531837694,14.037914006621577,10.20886399783194,7.434019993524998,1.9356100092409179,1,4,0,,,,,,,,,,,,,,local_map_fast,False,12,7329,0,False,False,False,,,,inactive,,,,,,,,,,
front_end,4316809.468134752,True,icp_accepted,3041,0.999013482407103,0.07899786682554316,11.753890998079441,7.5812059949385,5.363307005609386,2.1551509998971596,1,4,0,,,,,,,,,,,,,,local_map_fast,False,12,7329,0,False,False,False,,,,inactive,,,,,,,,,,
front_end,4316809.56803616,True,icp_accepted,3040,0.9993421052631579,0.08317834047475096,10.996940996847115,6.740890996297821,4.785814991919324,2.2303430014289916,1,4,0,,,,,,,,,,,,,,local_map_fast,False,12,7329,0,False,False,False,,,,inactive,,,,,,,,,,
front_end,4316809.668026336,True,icp_accepted,3074,0.9993493819128172,0.08170004991942599,11.721520000719465,7.58310999663081,5.570947003434412,2.2291700006462634,1,4,0,,,,,,,,,,,,,,local_map_fast,False,12,7329,0,False,False,False,,,,inactive,,,,,,,,,,
front_end,4316809.767992064,True,icp_accepted,2994,0.9993319973279893,0.07964198025848827,11.624407998169772,7.722470996668562,5.529128000489436,1.9633019983302802,1,4,0,,,,,,,,,,,,,,local_map_fast,False,12,7329,0,False,False,False,,,,inactive,,,,,,,,,,
front_end,4316809.8680768,True,icp_accepted,3113,0.9993575329264375,0.0826289678576219,11.419793998356909,7.595411996589974,5.344231001799926,1.8536159914219752,1,4,0,,,,,,,,,,,,,,local_map_fast,False,12,7329,0,False,False,False,,,,inactive,,,,,,,,,,
front_end,4316809.968034528,True,icp_accepted,2999,0.9979993331110371,0.08232158546255218,12.309583005844615,7.9375839995918795,5.562890990404412,2.22783800563775,1,4,0,,,,,,,,,,,,,,local_map_fast,False,12,7329,0,False,False,False,,,,inactive,,,,,,,,,,
front_end,4316810.06791552,True,icp_accepted,3021,0.9980139026812314,0.07999490352902294,11.772504993132316,7.807620000676252,5.882030003704131,1.9513389997882769,1,4,0,,,,,,,,,,,,,,local_map_fast,False,12,7329,0,False,False,False,,,,inactive,,,,,,,,,,
front_end,4316810.167926112,True,icp_accepted,3072,0.9983723958333334,0.07781179455198185,11.392672997317277,7.09252899105195,5.045730998972431,2.2487869864562526,1,4,0,,,,,,,,,,,,,,local_map_fast,False,12,7329,0,False,False,False,,,,inactive,,,,,,,,,,
front_end,4316810.268036768,True,icp_accepted,2993,0.9993317741396592,0.0837703605242593,11.803343004430644,7.410316000459716,5.394585008616559,2.2465820075012743,1,4,0,,,,,,,,,,,,,,local_map_fast,False,12,7329,0,False,False,False,,,,inactive,,,,,,,,,,
front_end,4316810.368013984,True,icp_accepted,3074,0.9990240728692258,0.08317895783192454,12.103184999432415,7.952672007377259,5.363567994209006,2.2144020040286705,1,4,0,,,,,,,,,,,,,,local_map_fast,False,12,7329,0,False,False,False,,,,inactive,,,,,,,,,,
front_end,4316810.467904736,True,icp_accepted,2984,0.9989946380697051,0.08035217996102884,11.804465000750497,7.885967002948746,5.711600999347866,1.998086998355575,1,4,0,,,,,,,,,,,,,,local_map_fast,False,12,7329,0,False,False,False,,,,inactive,,,,,,,,,,
front_end,4316810.567983264,True,icp_accepted,3098,0.9990316333118141,0.07581567291641098,13.018090990954079,8.049664000282064,5.709104996640235,2.2768790076952428,1,4,0,,,,,,,,,,,,,,local_map_fast,False,12,7329,0,False,False,False,,,,inactive,,,,,,,,,,
front_end,4316810.667926912,True,icp_accepted,2972,0.9976446837146703,0.08280293439004542,13.212997000664473,8.410561000346206,5.9980369987897575,2.566483002738096,1,4,0,,,,,,,,,,,,,,local_map_fast,False,12,7329,0,False,False,False,,,,inactive,,,,,,,,,,
front_end,4316810.767984128,True,icp_accepted,2958,0.995605138607167,0.0833949936376614,12.391345997457393,7.42233800701797,5.240076003246941,2.6689950027503073,1,4,0,,,,,,,,,,,,,,local_map_fast,False,12,7329,0,False,False,False,,,,inactive,,,,,,,,,,
front_end,4316810.867958944,True,icp_accepted,2982,0.9932930918846412,0.08494098118749752,16.44797300104983,9.619689008104615,6.827282995800488,2.611987991258502,1,4,0,,,,,,,,,,,,,,local_map_fast,False,12,7329,0,False,False,False,,,,inactive,,,,,,,,,,
front_end,4316810.967904928,True,icp_accepted,2912,0.9948489010989011,0.08756097168738074,13.724194999667816,8.555092004826292,6.061134990886785,2.7444959996500984,1,4,0,,,,,,,,,,,,,,local_map_fast,False,12,7329,0,False,False,False,,,,inactive,,,,,,,,,,
front_end,4316811.068082112,True,icp_accepted,2961,0.994596420128335,0.09484225296536827,17.84369100641925,10.387840011389926,6.87742700392846,3.5990790056530386,1,4,0,,,,,,,,,,,,,,local_map_fast,False,12,7329,0,False,False,False,,,,inactive,,,,,,,,,,
front_end,4316811.168016768,True,icp_accepted,2874,0.9940848990953375,0.09107032200329962,22.19060101197101,14.45654900453519,10.520127005293034,4.025960006401874,1,4,0,,,,,,,,,,,,,,local_map_fast,False,12,7329,0,False,False,False,,,,inactive,,,,,,,,,,
front_end,4316811.26794368,True,icp_accepted,2995,0.996661101836394,0.08814437613212618,23.069939998094924,11.608007000177167,7.885948012699373,3.5799030010821298,1,4,0,,,,,,,,,,,,,,local_map_fast,True,12,7461,0,False,False,False,,,,inactive,,,,,,,,,,
optimized_backend,,,,,,,,,,,,,,,,,,,,,,,,,,,,,,,,,,,,,,,,,24,23,0,,,,pose_graph,False
front_end,4316811.36787872,True,icp_accepted,3048,1.0,0.06592503818296629,16.039718000683933,9.195744001772255,6.590479009901173,2.9601510032080114,1,4,0,,,,,,,,,,,,,,local_map_fast,False,12,7461,0,False,False,False,,,,inactive,,,,,,,,,,
front_end,4316811.467908256,True,icp_accepted,2980,1.0,0.06799144996372102,13.440604001516476,8.328998010256328,5.869507003808394,2.9026529955444857,1,4,0,,,,,,,,,,,,,,local_map_fast,False,12,7461,0,False,False,False,,,,inactive,,,,,,,,,,
front_end,4316811.5679208,True,icp_accepted,3081,1.0,0.07220095932430781,13.428762002149597,8.07600400003139,6.092964991694316,3.3128920040326193,1,4,0,,,,,,,,,,,,,,local_map_fast,False,12,7461,0,False,False,False,,,,inactive,,,,,,,,,,
front_end,4316811.667894336,True,icp_accepted,3036,0.9993412384716732,0.07988977748985596,14.38563599367626,7.931963991723023,5.54333500622306,2.188163998653181,1,4,0,,,,,,,,,,,,,,local_map_fast,True,12,7232,0,False,False,False,,,,inactive,,,,,,,,,,
front_end,4316811.76798624,True,icp_accepted,3009,1.0,0.06180381475279404,12.404890992911533,7.6090980001026765,5.306922001182102,2.783218995318748,1,4,0,,,,,,,,,,,,,,local_map_fast,False,12,7232,0,False,False,False,,,,inactive,,,,,,,,,,
front_end,4316811.86786016,True,icp_accepted,2966,1.0,0.06442754494228903,14.531720007653348,8.383260006667115,5.583320002187975,2.880841988371685,1,4,0,,,,,,,,,,,,,,local_map_fast,False,12,7232,0,False,False,False,,,,inactive,,,,,,,,,,
optimized_backend,,,,,,,,,,,,,,,,,,,,,,,,,,,,,,,,,,,,,,,,,25,24,0,,,,pose_graph,False
front_end,4316811.967902784,True,icp_accepted,2908,1.0,0.06788350923868226,17.746618003002368,11.302535000140779,8.337966006365605,3.345503006130457,1,4,0,,,,,,,,,,,,,,local_map_fast,False,12,7232,0,False,False,False,,,,inactive,,,,,,,,,,
front_end,4316812.068017728,True,icp_accepted,2954,1.0,0.06825544215855163,13.4936340036802,8.903034991817549,6.60027599951718,2.110767993144691,1,4,0,,,,,,,,,,,,,,local_map_fast,False,12,7232,0,False,False,False,,,,inactive,,,,,,,,,,
front_end,4316812.167990592,True,icp_accepted,2885,1.0,0.07010856439272191,15.48720100254286,8.456306997686625,5.901557000470348,2.6086720026796684,1,4,0,,,,,,,,,,,,,,local_map_fast,True,12,7051,0,False,False,False,,,,inactive,,,,,,,,,,
front_end,4316812.268015616,True,icp_accepted,2995,1.0,0.0619678438331756,13.73207000142429,8.530797000275925,5.733721991418861,2.6207240007352084,1,4,0,,,,,,,,,,,,,,local_map_fast,False,12,7051,0,False,False,False,,,,inactive,,,,,,,,,,
front_end,4316812.367963776,True,icp_accepted,3032,1.0,0.06417360792977564,14.561906005837955,8.898936997866258,6.026431001373567,2.6230490038869902,1,4,0,,,,,,,,,,,,,,local_map_fast,False,12,7051,0,False,False,False,,,,inactive,,,,,,,,,,
optimized_backend,,,,,,,,,,,,,,,,,,,,,,,,,,,,,,,,,,,,,,,,,26,25,0,,,,pose_graph,False
front_end,4316812.46803184,True,icp_accepted,3104,1.0,0.06454236230770628,18.316365996724926,11.27846899908036,8.094789998722263,3.412097998079844,1,4,0,,,,,,,,,,,,,,local_map_fast,False,12,7051,0,False,False,False,,,,inactive,,,,,,,,,,
front_end,4316812.567851136,True,icp_accepted,3063,1.0,0.06379967456721825,14.9376509943977,7.980684997164644,5.732950987294316,2.46675600646995,1,4,0,,,,,,,,,,,,,,local_map_fast,True,12,6909,0,False,False,False,,,,inactive,,,,,,,,,,
front_end,4316812.667856928,True,icp_accepted,2988,1.0,0.06022809609402466,14.024307994986884,9.528887996566482,7.038307987386361,2.1638879989041016,1,4,0,,,,,,,,,,,,,,local_map_fast,False,12,6909,0,False,False,False,,,,inactive,,,,,,,,,,
front_end,4316812.767879232,True,icp_accepted,2966,1.0,0.06325295734205946,13.912749011069536,8.842772003845312,6.2399409944191575,2.6778419996844605,1,4,0,,,,,,,,,,,,,,local_map_fast,False,12,6909,0,False,False,False,,,,inactive,,,,,,,,,,
front_end,4316812.867861248,True,icp_accepted,2921,1.0,0.06230344933373542,13.107660008245148,8.144342005834915,5.583651000051759,2.608431997941807,1,4,0,,,,,,,,,,,,,,local_map_fast,False,12,6909,0,False,False,False,,,,inactive,,,,,,,,,,
front_end,4316812.967858112,True,icp_accepted,2874,1.0,0.06664953765411531,14.489751003566198,9.107549005420879,6.903986999532208,2.7839209942612797,1,4,0,,,,,,,,,,,,,,local_map_fast,False,12,6909,0,False,False,False,,,,inactive,,,,,,,,,,
front_end,4316813.067965856,True,icp_accepted,2818,1.0,0.06701250970376647,15.30559100501705,7.695831009186804,5.6518490018788725,2.080991995171644,1,4,0,,,,,,,,,,,,,,local_map_fast,True,12,6704,0,False,False,False,,,,inactive,,,,,,,,,,
optimized_backend,,,,,,,,,,,,,,,,,,,,,,,,,,,,,,,,,,,,,,,,,27,26,0,,,,pose_graph,False
front_end,4316813.167940192,True,icp_accepted,2922,1.0,0.06081993284559319,12.282242008950561,7.932595006423071,5.576847994234413,2.309100003913045,1,4,0,,,,,,,,,,,,,,local_map_fast,False,12,6704,0,False,False,False,,,,inactive,,,,,,,,,,
front_end,4316813.2679736,True,icp_accepted,2918,1.0,0.060794318683767695,12.211478999233805,7.70376599393785,5.44585200259462,2.396604002569802,1,4,0,,,,,,,,,,,,,,local_map_fast,False,12,6704,0,False,False,False,,,,inactive,,,,,,,,,,
front_end,4316813.367969152,True,icp_accepted,2947,1.0,0.060109005529666894,13.367056002607569,8.107784000458196,5.568160995608196,2.9616740066558123,1,4,0,,,,,,,,,,,,,,local_map_fast,False,12,6704,0,False,False,False,,,,inactive,,,,,,,,,,
front_end,4316813.468009376,True,icp_accepted,3010,1.0,0.059935648147570006,14.088618991081603,7.391089995508082,5.1995799876749516,2.251651996630244,1,4,0,,,,,,,,,,,,,,local_map_fast,True,12,6466,0,False,False,False,,,,inactive,,,,,,,,,,
front_end,4316813.567836928,True,icp_accepted,2938,1.0,0.058633034007571735,11.557563004316762,7.386551995296031,5.162059998838231,1.8724810070125386,1,4,0,,,,,,,,,,,,,,local_map_fast,False,12,6466,0,False,False,False,,,,inactive,,,,,,,,,,
optimized_backend,,,,,,,,,,,,,,,,,,,,,,,,,,,,,,,,,,,,,,,,,28,27,0,,,,pose_graph,False
front_end,4316813.667885216,True,icp_accepted,3001,1.0,0.05933536001651288,18.014600995229557,12.206600003992207,8.335129998158664,2.2607200080528855,1,4,0,,,,,,,,,,,,,,local_map_fast,False,12,6466,0,False,False,False,,,,inactive,,,,,,,,,,
front_end,4316813.767843392,True,icp_accepted,2895,1.0,0.059569559021579496,13.061523000942543,7.525702007114887,5.256856995401904,2.8526690002763644,1,4,0,,,,,,,,,,,,,,local_map_fast,False,12,6466,0,False,False,False,,,,inactive,,,,,,,,,,
front_end,4316813.867869792,True,icp_accepted,2871,1.0,0.06102231658383561,13.71929699962493,8.88398000097368,6.2048149993643165,2.4936660047387704,1,4,0,,,,,,,,,,,,,,local_map_fast,False,12,6466,0,False,False,False,,,,inactive,,,,,,,,,,
front_end,4316813.967937056,True,icp_accepted,2832,1.0,0.06178978914950058,16.02733400068246,8.103965999907814,5.604859994491562,2.83093900361564,1,4,0,,,,,,,,,,,,,,local_map_fast,True,12,6295,0,False,False,False,,,,inactive,,,,,,,,,,
front_end,4316814.067860896,True,icp_accepted,2777,1.0,0.05873713023988143,15.10619799955748,8.441288999165408,5.795729011879303,2.141254997695796,1,4,0,,,,,,,,,,,,,,local_map_fast,False,12,6295,0,False,False,False,,,,inactive,,,,,,,,,,
front_end,4316814.16795472,True,icp_accepted,2912,1.0,0.059698190608108014,14.306316996226087,8.68631899356842,5.970456011709757,2.119484997820109,1,4,0,,,,,,,,,,,,,,local_map_fast,False,12,6295,0,False,False,False,,,,inactive,,,,,,,,,,
front_end,4316814.267867968,True,icp_accepted,2873,1.0,0.059583150680635556,15.27281999005936,8.982423998531885,6.293982994975522,2.6115069922525436,1,4,0,,,,,,,,,,,,,,local_map_fast,False,12,6295,0,False,False,False,,,,inactive,,,,,,,,,,
optimized_backend,,,,,,,,,,,,,,,,,,,,,,,,,,,,,,,,,,,,,,,,,29,28,0,,,,pose_graph,False
front_end,4316814.368011328,True,icp_accepted,2901,1.0,0.0587276316090582,17.7414190111449,8.71206700685434,6.167285013361834,2.947717992356047,1,4,0,,,,,,,,,,,,,,local_map_fast,True,12,6119,0,False,False,False,,,,inactive,,,,,,,,,,
front_end,4316814.467858656,True,icp_accepted,2848,1.0,0.057653666251439264,15.155850007431582,9.824462002143264,6.52691900904756,2.1848169999429956,1,4,0,,,,,,,,,,,,,,local_map_fast,False,12,6119,0,False,False,False,,,,inactive,,,,,,,,,,
front_end,4316814.567892352,True,icp_accepted,2915,1.0,0.05901327760601927,14.39982300507836,9.371382999233902,6.766439008060843,1.7909680027514696,1,4,0,,,,,,,,,,,,,,local_map_fast,False,12,6119,0,False,False,False,,,,inactive,,,,,,,,,,
front_end,4316814.667850784,True,icp_accepted,2810,1.0,0.05918601925575852,13.559396000346169,8.75867401191499,6.0328830004436895,2.3828289995435625,1,4,0,,,,,,,,,,,,,,local_map_fast,False,12,6119,0,False,False,False,,,,inactive,,,,,,,,,,
front_end,4316814.768019008,True,icp_accepted,2770,1.0,0.06239461079359874,13.714266999159008,8.73627200780902,6.109387002652511,2.492324012564495,1,4,0,,,,,,,,,,,,,,local_map_fast,False,12,6119,0,False,False,False,,,,inactive,,,,,,,,,,
front_end,4316814.867937888,True,icp_accepted,2865,1.0,0.06477485638790617,16.080114000942558,8.732175003387965,6.1044670001138,2.720040996791795,1,4,0,,,,,,,,,,,,,,local_map_fast,True,12,5972,0,False,False,False,,,,inactive,,,,,,,,,,
optimized_backend,,,,,,,,,,,,,,,,,,,,,,,,,,,,,,,,,,,,,,,,,30,29,0,,,,pose_graph,False
front_end,4316814.967821344,True,icp_accepted,2766,1.0,0.05868170481254568,16.886576006072573,11.083183009759523,8.365235989913344,3.1020569877000526,1,4,0,,,,,,,,,,,,,,local_map_fast,False,12,5972,0,False,False,False,,,,inactive,,,,,,,,,,
front_end,4316815.067823456,True,icp_accepted,2786,1.0,0.061178695746509706,13.461934999213554,8.852430997649208,6.239010006538592,2.1476670081028715,1,4,0,,,,,,,,,,,,,,local_map_fast,False,12,5972,0,False,False,False,,,,inactive,,,,,,,,,,
front_end,4316815.167863232,True,icp_accepted,2727,1.0,0.061251951914855704,13.392183987889439,8.660199993755668,5.939779002801515,1.979733002372086,1,4,0,,,,,,,,,,,,,,local_map_fast,False,12,5972,0,False,False,False,,,,inactive,,,,,,,,,,
front_end,4316815.267947968,True,icp_accepted,2812,1.0,0.06046966903804931,13.72774300398305,9.276545999455266,6.431900997995399,2.0817129989154637,1,4,0,,,,,,,,,,,,,,local_map_fast,False,12,5972,0,False,False,False,,,,inactive,,,,,,,,,,
front_end,4316815.367918368,True,icp_accepted,2890,1.0,0.05883014772405683,15.845134010305628,8.852892002323642,6.154592003440484,2.6417140034027398,1,4,0,,,,,,,,,,,,,,local_map_fast,True,12,5782,0,False,False,False,,,,inactive,,,,,,,,,,
front_end,4316815.47104496,True,icp_accepted,2821,1.0,0.056607214793150624,17.87953800521791,12.106152003980242,8.163389007677324,2.9314069979591295,1,4,0,,,,,,,,,,,,,,local_map_fast,False,12,5782,0,False,False,False,,,,inactive,,,,,,,,,,
optimized_backend,,,,,,,,,,,,,,,,,,,,,,,,,,,,,,,,,,,,,,,,,31,30,0,,,,pose_graph,False
front_end,4316815.568030624,True,icp_accepted,2865,1.0,0.05840048347909944,13.31909600412473,8.12881300225854,5.62668198836036,1.8500989972380921,1,4,0,,,,,,,,,,,,,,local_map_fast,False,12,5782,0,False,False,False,,,,inactive,,,,,,,,,,
front_end,4316815.667950528,True,icp_accepted,2775,1.0,0.05878319145133051,14.254590991185978,8.840447990223765,5.817379002110101,2.041468003881164,1,4,0,,,,,,,,,,,,,,local_map_fast,False,12,5782,0,False,False,False,,,,inactive,,,,,,,,,,
front_end,4316815.76799472,True,icp_accepted,2831,1.0,0.06157373412816841,14.01822800107766,8.399080004892312,5.742637993535027,2.7823369891848415,1,4,0,,,,,,,,,,,,,,local_map_fast,False,12,5782,0,False,False,False,,,,inactive,,,,,,,,,,
front_end,4316815.867829504,True,icp_accepted,2914,1.0,0.062499854240523296,15.992820000974461,9.022188009112142,6.68820200371556,2.8712740022456273,1,4,0,,,,,,,,,,,,,,local_map_fast,True,12,5637,0,False,False,False,,,,inactive,,,,,,,,,,
front_end,4316815.967855296,True,icp_accepted,2751,1.0,0.05942527957427656,13.438791007502005,8.470574000966735,6.131638991064392,2.676789998076856,1,4,0,,,,,,,,,,,,,,local_map_fast,False,12,5637,0,False,False,False,,,,inactive,,,,,,,,,,
front_end,4316816.068030432,True,icp_accepted,2825,1.0,0.060661905451038715,13.152023006114177,8.165592007571831,5.6327330094063655,2.1040650026407093,1,4,0,,,,,,,,,,,,,,local_map_fast,False,12,5637,0,False,False,False,,,,inactive,,,,,,,,,,
front_end,4316816.168016736,True,icp_accepted,2723,1.0,0.05846938791938387,11.521335007273592,7.565767009509727,5.477512007928453,1.676965010119602,1,4,0,,,,,,,,,,,,,,local_map_fast,False,12,5637,0,False,False,False,,,,inactive,,,,,,,,,,
front_end,4316816.267841696,True,icp_accepted,2877,1.0,0.059039528287731534,14.49745599529706,8.510298997862265,6.073508993722498,2.4156699946615845,1,4,0,,,,,,,,,,,,,,local_map_fast,False,12,5637,0,False,False,False,,,,inactive,,,,,,,,,,
optimized_backend,,,,,,,,,,,,,,,,,,,,,,,,,,,,,,,,,,,,,,,,,32,31,0,,,,pose_graph,False
front_end,4316816.367879264,True,icp_accepted,2897,1.0,0.05964111533463293,14.393581004696898,9.105285003897734,6.205056008184329,2.650028996868059,1,4,0,,,,,,,,,,,,,,local_map_fast,False,12,5637,0,False,False,False,,,,inactive,,,,,,,,,,
front_end,4316816.467923936,True,icp_accepted,2926,1.0,0.059217693726419975,16.867080004885793,9.066762999282219,6.607319999602623,3.144135989714414,1,4,0,,,,,,,,,,,,,,local_map_fast,True,12,5389,0,False,False,False,,,,inactive,,,,,,,,,,
front_end,4316816.567840256,True,icp_accepted,2924,1.0,0.05791483571143615,13.639837998198345,8.741361991269514,6.175039001391269,2.442981000058353,1,4,0,,,,,,,,,,,,,,local_map_fast,False,12,5389,0,False,False,False,,,,inactive,,,,,,,,,,
front_end,4316816.668016768,True,icp_accepted,2876,1.0,0.05930619511730829,15.294982003979385,10.538522008573636,7.303154998226091,1.8462119915056974,1,4,0,,,,,,,,,,,,,,local_map_fast,False,12,5389,0,False,False,False,,,,inactive,,,,,,,,,,
front_end,4316816.767876256,True,icp_accepted,2951,1.0,0.058397963926234066,12.619164001080208,7.515392993809655,5.251348004094325,2.5369770010001957,1,4,0,,,,,,,,,,,,,,local_map_fast,False,12,5389,0,False,False,False,,,,inactive,,,,,,,,,,
front_end,4316816.867893568,True,icp_accepted,2894,1.0,0.059235245324015535,13.774160004686564,8.49399900471326,5.964575000689365,2.2439379972638562,1,4,0,,,,,,,,,,,,,,local_map_fast,False,12,5389,0,False,False,False,,,,inactive,,,,,,,,,,
front_end,4316816.967943936,True,icp_accepted,2880,1.0,0.060815103660639275,14.849978004349396,9.196466009598225,6.393037998350337,2.7065549948019907,1,4,0,,,,,,,,,,,,,,local_map_fast,False,12,5389,0,False,False,False,,,,inactive,,,,,,,,,,
front_end,4316817.067987968,True,icp_accepted,2832,1.0,0.060852395406507415,14.22792099765502,9.545540000544861,6.6155149979749694,2.142297991667874,1,4,0,,,,,,,,,,,,,,local_map_fast,False,12,5389,0,False,False,False,,,,inactive,,,,,,,,,,
front_end,4316817.167865184,True,icp_accepted,2820,1.0,0.06551618214251963,13.354552997043356,8.565441996324807,5.986064992612228,2.1451229986269027,1,4,0,,,,,,,,,,,,,,local_map_fast,False,12,5389,0,False,False,False,,,,inactive,,,,,,,,,,
front_end,4316817.268030848,True,icp_accepted,2872,1.0,0.07200110057140692,14.29186099267099,9.434221996343695,6.803868993301876,2.111049005179666,1,4,0,,,,,,,,,,,,,,local_map_fast,False,12,5389,0,False,False,False,,,,inactive,,,,,,,,,,
front_end,4316817.367829248,True,icp_accepted,2862,1.0,0.08366970983039747,12.345601004199125,7.377333997283131,5.191755990381353,2.4597330047981814,1,4,0,,,,,,,,,,,,,,local_map_fast,False,12,5389,0,False,False,False,,,,inactive,,,,,,,,,,
front_end,4316817.467875808,True,icp_accepted,2954,1.0,0.09545959046535123,14.044577008462511,8.732625006814487,6.2193929916247725,2.8169129946036264,1,4,0,,,,,,,,,,,,,,local_map_fast,False,12,5389,0,False,False,False,,,,inactive,,,,,,,,,,
front_end,4316817.56781712,True,icp_accepted,2862,1.0,0.09377251643680484,13.601586004369892,9.067854000022635,6.412185000954196,2.046798006631434,1,4,0,,,,,,,,,,,,,,local_map_fast,False,12,5389,0,False,False,False,,,,inactive,,,,,,,,,,
front_end,4316817.66799632,True,icp_accepted,2939,1.0,0.11465417850061978,13.764332004939206,8.568378005293198,5.929639999521896,2.2775510005885735,1,4,0,,,,,,,,,,,,,,local_map_fast,False,12,5389,0,False,False,False,,,,inactive,,,,,,,,,,
front_end,4316817.767857696,True,icp_accepted,2950,1.0,0.12062814259352163,14.141688996460289,8.592853002483025,6.071155003155582,2.953588991658762,1,4,0,,,,,,,,,,,,,,local_map_fast,False,12,5389,0,False,False,False,,,,inactive,,,,,,,,,,
front_end,4316817.867888256,True,icp_accepted,2896,1.0,0.11496381551062974,16.483892002725042,11.549408998689614,8.500791009282693,2.4689900019438937,1,4,0,,,,,,,,,,,,,,local_map_fast,False,12,5389,0,False,False,False,,,,inactive,,,,,,,,,,
front_end,4316817.967895168,True,icp_accepted,2883,1.0,0.12638082031285872,13.1255939922994,7.879376003984362,5.734122998546809,2.674474992090836,1,4,0,,,,,,,,,,,,,,local_map_fast,False,12,5389,0,False,False,False,,,,inactive,,,,,,,,,,
front_end,4316818.067954944,True,icp_accepted,2872,1.0,0.12507685133575674,14.161826999043114,8.70421199942939,5.906135993427597,2.7502979937708005,1,4,0,,,,,,,,,,,,,,local_map_fast,False,12,5389,0,False,False,False,,,,inactive,,,,,,,,,,
front_end,4316818.16799104,True,icp_accepted,2926,1.0,0.13222515153112885,13.329926005098969,8.382429004996084,6.272863000049256,2.237526001408696,1,4,0,,,,,,,,,,,,,,local_map_fast,False,12,5389,0,False,False,False,,,,inactive,,,,,,,,,,
front_end,4316818.267832704,True,icp_accepted,2902,1.0,0.13107027092706502,13.665465987287462,9.252790987375192,6.328407005639747,1.9226649892516434,1,4,0,,,,,,,,,,,,,,local_map_fast,False,12,5389,0,False,False,False,,,,inactive,,,,,,,,,,
front_end,4316818.367838624,True,icp_accepted,2947,1.0,0.1290329827377714,13.232785000582226,8.4080569940852,5.949086000327952,2.0128850010223687,1,4,0,,,,,,,,,,,,,,local_map_fast,False,12,5389,0,False,False,False,,,,inactive,,,,,,,,,,
front_end,4316818.468001408,True,icp_accepted,2844,1.0,0.12435281758324067,13.052346010226756,8.315473009133711,5.818652003654279,1.8797049997374415,1,4,0,,,,,,,,,,,,,,local_map_fast,False,12,5389,0,False,False,False,,,,inactive,,,,,,,,,,
front_end,4316818.567832064,True,icp_accepted,2870,1.0,0.13136913079405307,12.72912000422366,8.242597003118135,6.1472369998227805,2.0770849951077253,1,4,0,,,,,,,,,,,,,,local_map_fast,False,12,5389,0,False,False,False,,,,inactive,,,,,,,,,,
front_end,4316818.667831264,True,icp_accepted,2917,1.0,0.12364277359708234,12.584217998664826,8.292119993711822,5.75982200098224,1.6162009997060522,1,4,0,,,,,,,,,,,,,,local_map_fast,False,12,5389,0,False,False,False,,,,inactive,,,,,,,,,,
front_end,4316818.768040416,True,icp_accepted,2881,1.0,0.12658385512861728,13.235660007921979,8.648918999824673,6.004330003634095,1.9850020034937188,1,4,0,,,,,,,,,,,,,,local_map_fast,False,12,5389,0,False,False,False,,,,inactive,,,,,,,,,,
front_end,4316818.867856576,True,icp_accepted,2964,1.0,0.13203146292941104,13.385892001679167,8.762281999224797,6.404941013897769,2.065654000034556,1,4,0,,,,,,,,,,,,,,local_map_fast,False,12,5389,0,False,False,False,,,,inactive,,,,,,,,,,
front_end,4316818.967845088,True,icp_accepted,2898,1.0,0.13134234037579243,13.479327986715361,8.648658986203372,6.1214399902382866,2.209664002293721,1,4,0,,,,,,,,,,,,,,local_map_fast,False,12,5389,0,False,False,False,,,,inactive,,,,,,,,,,
front_end,4316819.067939456,True,icp_accepted,2898,1.0,0.1361397364662684,13.788387004751712,8.243729011155665,5.917967995628715,2.5614329933887348,1,4,0,,,,,,,,,,,,,,local_map_fast,False,12,5389,0,False,False,False,,,,inactive,,,,,,,,,,
front_end,4316819.167927104,True,icp_accepted,2879,1.0,0.12489670254240408,12.82202498987317,7.985514996107668,5.611603002762422,1.6890780098037794,1,4,0,,,,,,,,,,,,,,local_map_fast,False,12,5389,0,False,False,False,,,,inactive,,,,,,,,,,
front_end,4316819.267803264,True,icp_accepted,2952,1.0,0.13297480870658862,13.913421003962867,8.496802998706698,5.835763993673027,2.1550509991357103,1,4,0,,,,,,,,,,,,,,local_map_fast,False,12,5389,0,False,False,False,,,,inactive,,,,,,,,,,
front_end,4316819.367995104,True,icp_accepted,2969,1.0,0.12666302554948455,12.496393988840282,8.176313000149094,5.790037990664132,1.5152809937717393,1,4,0,,,,,,,,,,,,,,local_map_fast,False,12,5389,0,False,False,False,,,,inactive,,,,,,,,,,
front_end,4316819.467938272,True,icp_accepted,2868,1.0,0.1289223607094501,13.721781986532733,8.789833998889662,6.174559006467462,2.0672459941124544,1,4,0,,,,,,,,,,,,,,local_map_fast,False,12,5389,0,False,False,False,,,,inactive,,,,,,,,,,
front_end,4316819.567712576,True,icp_accepted,2974,1.0,0.1379393886229021,14.491325011476874,8.89503100188449,6.171783010358922,2.818765991833061,1,4,0,,,,,,,,,,,,,,local_map_fast,False,12,5389,0,False,False,False,,,,inactive,,,,,,,,,,
front_end,4316819.66799648,True,icp_accepted,2950,1.0,0.142999657077881,14.27646201045718,8.470475004287437,5.689509998774156,3.01836000289768,1,4,0,,,,,,,,,,,,,,local_map_fast,False,12,5389,0,False,False,False,,,,inactive,,,,,,,,,,
front_end,4316819.767936896,True,icp_accepted,2921,1.0,0.1416319120245894,13.289181006257422,7.9690040001878515,5.760592990554869,2.3951820039656013,1,4,0,,,,,,,,,,,,,,local_map_fast,False,12,5389,0,False,False,False,,,,inactive,,,,,,,,,,
front_end,4316819.868016736,True,icp_accepted,2911,1.0,0.13972652031913918,15.703287994256243,9.929481006111018,6.902884997543879,2.8229540039319545,1,4,0,,,,,,,,,,,,,,local_map_fast,False,12,5389,0,False,False,False,,,,inactive,,,,,,,,,,
front_end,4316819.967922752,True,icp_accepted,2927,1.0,0.14069583590546073,14.701439009513706,8.845638003549539,6.388039997546002,2.754474990069866,1,4,0,,,,,,,,,,,,,,local_map_fast,False,12,5389,0,False,False,False,,,,inactive,,,,,,,,,,
front_end,4316820.067903776,True,icp_accepted,2920,1.0,0.13996210372065299,14.198566001141444,8.488198000122793,5.839379999088123,2.9373080033110455,1,4,0,,,,,,,,,,,,,,local_map_fast,False,12,5389,0,False,False,False,,,,inactive,,,,,,,,,,
front_end,4316820.168009856,True,icp_accepted,2929,1.0,0.12249142704525792,14.78627799951937,8.987353998236358,6.324961010250263,2.8612349997274578,1,4,0,,,,,,,,,,,,,,local_map_fast,False,12,5389,0,False,False,False,,,,inactive,,,,,,,,,,
front_end,4316820.267888352,True,icp_accepted,3053,1.0,0.1364692945768625,14.053153005079366,8.34919601038564,5.997126994770952,3.0856759985908866,1,4,0,,,,,,,,,,,,,,local_map_fast,False,12,5389,0,False,False,False,,,,inactive,,,,,,,,,,
front_end,4316820.367898016,True,icp_accepted,2930,0.9996587030716724,0.12366570898228706,12.860086004366167,7.921334006823599,5.791681003756821,2.422684003249742,1,4,0,,,,,,,,,,,,,,local_map_fast,False,12,5389,0,False,False,False,,,,inactive,,,,,,,,,,
front_end,4316820.467989824,True,icp_accepted,3046,1.0,0.1424787732321159,13.980116011225618,8.589848002884537,5.976076005026698,2.8844190092058852,1,4,0,,,,,,,,,,,,,,local_map_fast,False,12,5389,0,False,False,False,,,,inactive,,,,,,,,,,
front_end,4316820.567951232,True,icp_accepted,3023,1.0,0.13652971343100145,15.228096992359497,8.521349998773076,5.989270997815765,2.310141993802972,1,4,0,,,,,,,,,,,,,,local_map_fast,True,12,5614,0,False,False,False,,,,inactive,,,,,,,,,,
front_end,4316820.668507008,True,icp_accepted,3020,1.0,0.07338685723329098,16.438758000731468,9.283769992180169,6.494839995866641,3.040611991309561,1,4,0,,,,,,,,,,,,,,local_map_fast,False,12,5614,0,False,False,False,,,,inactive,,,,,,,,,,
front_end,4316820.7679432,True,icp_accepted,3056,1.0,0.08128271767905709,14.197975004208274,8.703261002665386,5.993860002490692,2.9225100006442517,1,4,0,,,,,,,,,,,,,,local_map_fast,False,12,5614,0,False,False,False,,,,inactive,,,,,,,,,,
front_end,4316820.867912544,True,icp_accepted,2940,1.0,0.08631268787948579,15.023923988337629,9.1743749944726,6.171182991238311,2.9618039989145473,1,4,0,,,,,,,,,,,,,,local_map_fast,False,12,5614,0,False,False,False,,,,inactive,,,,,,,,,,
front_end,4316820.967869568,True,icp_accepted,3045,1.0,0.09103840298495237,14.882218994898722,7.948546000989154,5.850340996403247,2.880902000470087,1,4,0,,,,,,,,,,,,,,local_map_fast,False,12,5614,0,False,False,False,,,,inactive,,,,,,,,,,
front_end,4316821.067928288,True,icp_accepted,2958,1.0,0.08375540676159009,16.678006009897217,11.280774997430854,7.922146003693342,2.5640590029070154,1,4,0,,,,,,,,,,,,,,local_map_fast,False,12,5614,0,False,False,False,,,,inactive,,,,,,,,,,
front_end,4316821.167885024,True,icp_accepted,3048,1.0,0.08753319501687672,13.494856000761501,8.457960997475311,5.984101997455582,2.460885007167235,1,4,0,,,,,,,,,,,,,,local_map_fast,False,12,5614,0,False,False,False,,,,inactive,,,,,,,,,,
front_end,4316821.267877632,True,icp_accepted,3135,1.0,0.09368751996434818,14.566456011380069,8.860946007189341,6.2174989870982245,3.050019993679598,1,4,0,,,,,,,,,,,,,,local_map_fast,False,12,5614,0,False,False,False,,,,inactive,,,,,,,,,,
front_end,4316821.368026752,True,icp_accepted,2981,1.0,0.09420938585249786,15.155109998886473,9.210382006131113,6.858362001366913,2.824106006301008,1,4,0,,,,,,,,,,,,,,local_map_fast,False,12,5614,0,False,False,False,,,,inactive,,,,,,,,,,
front_end,4316821.467852992,True,icp_accepted,3205,1.0,0.09804042330719918,14.197864991729148,7.900696000433527,5.735295999329537,3.0435579974437132,1,4,0,,,,,,,,,,,,,,local_map_fast,False,12,5614,0,False,False,False,,,,inactive,,,,,,,,,,
front_end,4316821.568458944,True,icp_accepted,3031,1.0,0.08839957807980532,16.318311987561174,8.26316598977428,6.008247000863776,2.657032004208304,1,4,0,,,,,,,,,,,,,,local_map_fast,True,12,5728,0,False,False,False,,,,inactive,,,,,,,,,,
optimized_backend,,,,,,,,,,,,,,,,,,,,,,,,,,,,,,,,,,,,,,,,,33,32,0,,,,pose_graph,False
front_end,4316821.66798112,True,icp_accepted,3057,1.0,0.07986182335267399,18.4903039917117,12.858061993028969,9.69629299652297,2.6341799966758117,1,4,0,,,,,,,,,,,,,,local_map_fast,False,12,5728,0,False,False,False,,,,inactive,,,,,,,,,,
front_end,4316821.767870592,True,icp_accepted,3075,1.0,0.07974274096889743,16.42425000318326,10.760318007669412,7.841856000595726,2.5199260126100853,1,4,0,,,,,,,,,,,,,,local_map_fast,False,12,5728,0,False,False,False,,,,inactive,,,,,,,,,,
front_end,4316821.868352864,True,icp_accepted,3031,1.0,0.08224727310347386,19.59121899562888,12.126059998990968,8.582585011026822,3.3509439963381737,1,4,0,,,,,,,,,,,,,,local_map_fast,False,12,5728,0,False,False,False,,,,inactive,,,,,,,,,,
front_end,4316821.967925152,True,icp_accepted,3146,1.0,0.0851240464936219,14.38161000260152,8.86287099274341,6.3368639966938645,2.8872340044472367,1,4,0,,,,,,,,,,,,,,local_map_fast,False,12,5728,0,False,False,False,,,,inactive,,,,,,,,,,
front_end,4316822.06789504,True,icp_accepted,3001,1.0,0.08712401266353716,14.900773006957024,8.850216006976552,6.311607008683495,2.7552870014915243,1,4,0,,,,,,,,,,,,,,local_map_fast,False,12,5728,0,False,False,False,,,,inactive,,,,,,,,,,
front_end,4316822.167880576,True,icp_accepted,3081,1.0,0.07662373664197851,13.804206988424994,7.593088987050578,5.335093999747187,3.12004100123886,1,4,0,,,,,,,,,,,,,,local_map_fast,False,12,5728,0,False,False,False,,,,inactive,,,,,,,,,,
front_end,4316822.267955552,True,icp_accepted,3124,1.0,0.07400673483925894,15.028812995296903,9.035573995788582,6.094769007177092,2.839816006598994,1,4,0,,,,,,,,,,,,,,local_map_fast,False,12,5728,0,False,False,False,,,,inactive,,,,,,,,,,
front_end,4316822.367871872,True,icp_accepted,3138,1.0,0.0883492211057119,15.404417994432151,8.99207299517002,6.095831005950458,2.9343829955905676,1,4,0,,,,,,,,,,,,,,local_map_fast,False,12,5728,0,False,False,False,,,,inactive,,,,,,,,,,
front_end,4316822.468357184,True,icp_accepted,3172,1.0,0.09054849315226592,15.552265002042986,8.543812000425532,5.879125004867092,2.5171699962811545,1,4,0,,,,,,,,,,,,,,local_map_fast,True,12,6001,0,False,False,False,,,,inactive,,,,,,,,,,
front_end,4316822.568016416,True,icp_accepted,3057,1.0,0.06289929838552533,13.847827998688444,8.431801994447596,5.858585995156318,2.8803720051655546,1,4,0,,,,,,,,,,,,,,local_map_fast,False,12,6001,0,False,False,False,,,,inactive,,,,,,,,,,
front_end,4316822.668548032,True,icp_accepted,3007,1.0,0.06814599000178743,14.86554800067097,8.943462002207525,6.816332010203041,3.0720310023752972,1,4,0,,,,,,,,,,,,,,local_map_fast,False,12,6001,0,False,False,False,,,,inactive,,,,,,,,,,
front_end,4316822.767874336,True,icp_accepted,3062,1.0,0.07435454224056613,14.277855996624567,8.235043002059683,5.995643005007878,3.2206699979724362,1,4,0,,,,,,,,,,,,,,local_map_fast,False,12,6001,0,False,False,False,,,,inactive,,,,,,,,,,
front_end,4316822.86792288,True,icp_accepted,3006,1.0,0.07842781641761164,15.466202996321954,9.316401003161445,6.374554010108113,3.2018850033637136,1,4,0,,,,,,,,,,,,,,local_map_fast,False,12,6001,0,False,False,False,,,,inactive,,,,,,,,,,
front_end,4316822.967873408,True,icp_accepted,3014,1.0,0.08122574221041017,14.48522500868421,8.67027000640519,6.131157992058434,3.069736994802952,1,4,0,,,,,,,,,,,,,,local_map_fast,False,12,6001,0,False,False,False,,,,inactive,,,,,,,,,,
front_end,4316823.067825152,True,icp_accepted,3020,1.0,0.08078583296307246,13.933289010310546,8.457931005978025,6.004008988384157,2.8941669879714027,1,4,0,,,,,,,,,,,,,,local_map_fast,False,12,6001,0,False,False,False,,,,inactive,,,,,,,,,,
front_end,4316823.16785216,True,icp_accepted,2921,1.0,0.07586959500693989,14.948903990443796,8.865775991580449,6.23629501205869,3.373355997609906,1,4,0,,,,,,,,,,,,,,local_map_fast,False,12,6001,0,False,False,False,,,,inactive,,,,,,,,,,
front_end,4316823.267842176,True,icp_accepted,2984,1.0,0.07626374924795522,22.477332007838413,8.450918001472019,5.850472007296048,3.1345180032076314,1,4,0,,,,,,,,,,,,,,local_map_fast,False,12,6001,0,False,False,False,,,,inactive,,,,,,,,,,
optimized_backend,,,,,,,,,,,,,,,,,,,,,,,,,,,,,,,,,,,,,,,,,34,33,0,,,,pose_graph,False
front_end,4316823.368350752,True,icp_accepted,2970,1.0,0.07507418307969874,20.135730999754742,11.867235007230192,8.668766007758677,3.303605000837706,1,4,0,,,,,,,,,,,,,,local_map_fast,True,12,6057,0,False,False,False,,,,inactive,,,,,,,,,,
front_end,4316823.46794272,True,icp_accepted,2992,1.0,0.06168123171109599,14.800496006500907,9.300762001657858,6.330821997835301,2.244629999040626,1,4,0,,,,,,,,,,,,,,local_map_fast,False,12,6057,0,False,False,False,,,,inactive,,,,,,,,,,
front_end,4316823.567858464,True,icp_accepted,2955,1.0,0.06512676259390524,14.531290988088585,9.312854992458597,6.456888004322536,2.209533005952835,1,4,0,,,,,,,,,,,,,,local_map_fast,False,12,6057,0,False,False,False,,,,inactive,,,,,,,,,,
front_end,4316823.66781904,True,icp_accepted,2941,1.0,0.07009623620105991,14.88645700737834,9.68346001172904,6.756610993761569,2.2579639917239547,1,4,0,,,,,,,,,,,,,,local_map_fast,False,12,6057,0,False,False,False,,,,inactive,,,,,,,,,,
front_end,4316823.767995328,True,icp_accepted,2848,1.0,0.07104553864588542,14.178478988469578,8.706206994247623,5.958925001323223,2.8084759978810325,1,4,0,,,,,,,,,,,,,,local_map_fast,False,12,6057,0,False,False,False,,,,inactive,,,,,,,,,,
front_end,4316823.8678136,True,icp_accepted,2921,1.0,0.07322395393318969,14.550125997629948,9.030344997881912,6.2406330107478425,2.918462996603921,1,4,0,,,,,,,,,,,,,,local_map_fast,False,12,6057,0,False,False,False,,,,inactive,,,,,,,,,,
front_end,4316823.968355648,True,icp_accepted,2824,1.0,0.07838053052220767,13.09548800054472,7.5381469941930845,5.394116000388749,2.9187229956733063,1,4,0,,,,,,,,,,,,,,local_map_fast,False,12,6057,0,False,False,False,,,,inactive,,,,,,,,,,
front_end,4316824.067837952,True,icp_accepted,2897,1.0,0.08058247133529227,13.957433999166824,8.494269000948407,6.0578999982681125,2.7410900074755773,1,4,0,,,,,,,,,,,,,,local_map_fast,False,12,6057,0,False,False,False,,,,inactive,,,,,,,,,,
front_end,4316824.167952416,True,icp_accepted,2854,1.0,0.07832178811165118,13.452217011945322,7.988831013790332,5.5097330041462556,2.890971998567693,1,4,0,,,,,,,,,,,,,,local_map_fast,False,12,6057,0,False,False,False,,,,inactive,,,,,,,,,,
front_end,4316824.268359008,True,icp_accepted,2905,1.0,0.0891882280698846,16.25410100677982,8.379304010304622,5.810967995785177,3.4729830076685175,1,4,0,,,,,,,,,,,,,,local_map_fast,True,12,6276,0,False,False,False,,,,inactive,,,,,,,,,,
front_end,4316824.368007072,True,icp_accepted,2923,1.0,0.062432420121453364,15.023914995254017,8.406024004216306,5.931071995291859,3.508750000037253,1,4,0,,,,,,,,,,,,,,local_map_fast,False,12,6276,0,False,False,False,,,,inactive,,,,,,,,,,
front_end,4316824.468514624,True,icp_accepted,2880,1.0,0.06546940734636934,14.302662006230094,8.457140007521957,5.842586993821897,2.3370230046566576,1,4,0,,,,,,,,,,,,,,local_map_fast,False,12,6276,0,False,False,False,,,,inactive,,,,,,,,,,
front_end,4316824.568406176,True,icp_accepted,2929,1.0,0.06604571944289478,13.849943003151566,8.788140999968164,6.640652994974516,2.253004990052432,1,4,0,,,,,,,,,,,,,,local_map_fast,False,12,6276,0,False,False,False,,,,inactive,,,,,,,,,,
front_end,4316824.667836352,True,icp_accepted,2845,1.0,0.06920613872805069,13.773169004707597,8.416402997681871,5.773126991698518,2.824486989993602,1,4,0,,,,,,,,,,,,,,local_map_fast,False,12,6276,0,False,False,False,,,,inactive,,,,,,,,,,
front_end,4316824.767852768,True,icp_accepted,2800,1.0,0.07771462002061945,15.262802000506781,8.946818008553237,6.202079996000975,2.785814998787828,1,4,0,,,,,,,,,,,,,,local_map_fast,False,12,6276,0,False,False,False,,,,inactive,,,,,,,,,,
front_end,4316824.867919712,True,icp_accepted,2810,1.0,0.0847093264449277,14.80192800227087,9.150871002930216,6.146505998913199,2.464381992467679,1,4,0,,,,,,,,,,,,,,local_map_fast,False,12,6276,0,False,False,False,,,,inactive,,,,,,,,,,
front_end,4316824.96801696,True,icp_accepted,2819,1.0,0.09082860795504419,14.2894880118547,8.504208002705127,5.8151349949184805,2.7732710004784167,1,4,0,,,,,,,,,,,,,,local_map_fast,False,12,6276,0,False,False,False,,,,inactive,,,,,,,,,,
front_end,4316825.067917888,True,icp_accepted,2877,1.0,0.09246955828306135,15.921237994916737,8.39095599076245,6.142860002000816,2.9197549883974716,1,4,0,,,,,,,,,,,,,,local_map_fast,False,12,6276,0,False,False,False,,,,inactive,,,,,,,,,,
optimized_backend,,,,,,,,,,,,,,,,,,,,,,,,,,,,,,,,,,,,,,,,,35,34,0,,,,pose_graph,False
front_end,4316825.167820256,True,icp_accepted,2794,1.0,0.08668058381560119,16.607944999122992,9.19396200333722,6.468730993219651,2.611606993013993,1,4,0,,,,,,,,,,,,,,local_map_fast,True,12,6363,0,False,False,False,,,,inactive,,,,,,,,,,
front_end,4316825.267877248,True,icp_accepted,2938,1.0,0.06544484707749493,13.44502400024794,7.976838998729363,5.765492998762056,2.6965470024151728,1,4,0,,,,,,,,,,,,,,local_map_fast,False,12,6363,0,False,False,False,,,,inactive,,,,,,,,,,
front_end,4316825.367824832,True,icp_accepted,2934,0.9996591683708248,0.06785569765546826,15.002444997662678,9.544829998048954,6.395734002580866,2.4416389933321625,1,4,0,,,,,,,,,,,,,,local_map_fast,False,12,6363,0,False,False,False,,,,inactive,,,,,,,,,,
front_end,4316825.468346912,True,icp_accepted,2883,0.9993062781824489,0.06761719517794901,16.28654298838228,9.977801993954927,6.581712004845031,2.434024994727224,1,4,0,,,,,,,,,,,,,,local_map_fast,False,12,6363,0,False,False,False,,,,inactive,,,,,,,,,,
front_end,4316825.567973152,True,icp_accepted,2897,1.0,0.06749493476092644,15.067736996570602,8.41135399241466,6.021271998179145,3.004935002536513,1,4,0,,,,,,,,,,,,,,local_map_fast,False,12,6363,0,False,False,False,,,,inactive,,,,,,,,,,
front_end,4316825.668368928,True,icp_accepted,2917,1.0,0.07524001631121775,14.822767989244312,8.74252499488648,6.062649001250975,3.039920993614942,1,4,0,,,,,,,,,,,,,,local_map_fast,False,12,6363,0,False,False,False,,,,inactive,,,,,,,,,,
front_end,4316825.768287168,True,icp_accepted,2886,1.0,0.0777101583796034,13.616716008982621,7.371715008048341,5.118950008181855,2.5977409968618304,1,4,0,,,,,,,,,,,,,,local_map_fast,False,12,6363,0,False,False,False,,,,inactive,,,,,,,,,,
front_end,4316825.867893664,True,icp_accepted,2840,1.0,0.08056487614843685,14.774246999877505,8.671511997818016,5.916776004596613,2.812353995977901,1,4,0,,,,,,,,,,,,,,local_map_fast,False,12,6363,0,False,False,False,,,,inactive,,,,,,,,,,
front_end,4316825.968309792,True,icp_accepted,2914,1.0,0.0848587233047782,18.108399002812803,10.026613002992235,6.963359002838843,2.4024349986575544,1,4,0,,,,,,,,,,,,,,local_map_fast,True,12,6592,0,False,False,False,,,,inactive,,,,,,,,,,
front_end,4316826.067968032,True,icp_accepted,2877,1.0,0.06496335810982955,15.793888000189327,9.954137000022456,7.164595008362085,2.7674000011757016,1,4,0,,,,,,,,,,,,,,local_map_fast,False,12,6592,0,False,False,False,,,,inactive,,,,,,,,,,
front_end,4316826.1678544,True,icp_accepted,2857,1.0,0.06461248978139081,14.162509993184358,8.320032997289672,5.6292569934157655,2.8371310036163777,1,4,0,,,,,,,,,,,,,,local_map_fast,False,12,6592,0,False,False,False,,,,inactive,,,,,,,,,,
front_end,4316826.26829424,True,icp_accepted,2979,0.9993286337697214,0.0681256410216917,15.505457005929202,9.137636006926186,6.535325999720953,3.314675996080041,1,4,0,,,,,,,,,,,,,,local_map_fast,False,12,6592,0,False,False,False,,,,inactive,,,,,,,,,,
front_end,4316826.368031168,True,icp_accepted,2869,0.9993028929940746,0.07046809078434917,14.270753003074788,8.33786599105224,5.738081003073603,2.9185530001996085,1,4,0,,,,,,,,,,,,,,local_map_fast,False,12,6592,0,False,False,False,,,,inactive,,,,,,,,,,
front_end,4316826.467840704,True,icp_accepted,2939,0.9996597482136781,0.0773820259030365,15.063778992043808,9.27164699533023,6.255592001252808,2.7987389912595972,1,4,0,,,,,,,,,,,,,,local_map_fast,False,12,6592,0,False,False,False,,,,inactive,,,,,,,,,,
front_end,4316826.568343584,True,icp_accepted,2895,0.9996545768566494,0.07472084706124817,14.56924200465437,8.78271101100836,6.312158002401702,2.8166619886178523,1,4,0,,,,,,,,,,,,,,local_map_fast,False,12,6592,0,False,False,False,,,,inactive,,,,,,,,,,
front_end,4316826.668366848,True,icp_accepted,2932,0.9993178717598908,0.07530689232373329,16.24209899455309,9.837228004471399,6.43586998921819,3.000928001711145,1,4,0,,,,,,,,,,,,,,local_map_fast,False,12,6592,0,False,False,False,,,,inactive,,,,,,,,,,
optimized_backend,,,,,,,,,,,,,,,,,,,,,,,,,,,,,,,,,,,,,,,,,36,35,0,,,,pose_graph,False
front_end,4316826.767866272,True,icp_accepted,3008,0.9996675531914894,0.07976309758795727,22.636551002506167,13.112229004036635,9.469447992159985,4.131256995606236,1,4,0,,,,,,,,,,,,,,local_map_fast,True,12,6658,0,False,False,False,,,,inactive,,,,,,,,,,
front_end,4316826.868305216,True,icp_accepted,2832,1.0,0.06433106997572244,14.395947000593878,9.345865997602232,6.375455996021628,2.332283998839557,1,4,0,,,,,,,,,,,,,,local_map_fast,False,12,6658,0,False,False,False,,,,inactive,,,,,,,,,,
front_end,4316826.9678488,True,icp_accepted,2819,1.0,0.0641113892500252,14.277253998443484,8.137190001434647,5.566178006120026,2.5740770070115104,1,4,0,,,,,,,,,,,,,,local_map_fast,False,12,6658,0,False,False,False,,,,inactive,,,,,,,,,,
front_end,4316827.067877088,True,icp_accepted,2838,1.0,0.06851770268041407,14.365691007697023,8.706046995939687,5.778156002634205,2.8135760076111183,1,4,0,,,,,,,,,,,,,,local_map_fast,False,12,6658,0,False,False,False,,,,inactive,,,,,,,,,,
front_end,4316827.16828496,True,icp_accepted,2864,1.0,0.07329606048289831,15.047900000354275,9.184303999063559,6.273393999435939,3.048557002330199,1,4,0,,,,,,,,,,,,,,local_map_fast,False,12,6658,0,False,False,False,,,,inactive,,,,,,,,,,
front_end,4316827.268216256,True,icp_accepted,2908,1.0,0.08725064154825786,14.753767987713218,8.66103199950885,5.7012220058823,2.920537008321844,1,4,0,,,,,,,,,,,,,,local_map_fast,False,12,6658,0,False,False,False,,,,inactive,,,,,,,,,,
front_end,4316827.368372992,True,icp_accepted,2860,1.0,0.09475018489974221,15.101961005711928,9.369991996209137,6.503255004645325,2.544140996178612,1,4,0,,,,,,,,,,,,,,local_map_fast,False,12,6658,0,False,False,False,,,,inactive,,,,,,,,,,
front_end,4316827.46786032,True,icp_accepted,2886,1.0,0.10218190736839577,14.356513012899086,8.487427010550164,5.882622004719451,2.7229469997109845,1,4,0,,,,,,,,,,,,,,local_map_fast,False,12,6658,0,False,False,False,,,,inactive,,,,,,,,,,
front_end,4316827.568259808,True,icp_accepted,2863,1.0,0.10257947439809635,12.989890004973859,7.212576005258597,5.059839008026756,2.507953002350405,1,4,0,,,,,,,,,,,,,,local_map_fast,False,12,6658,0,False,False,False,,,,inactive,,,,,,,,,,
front_end,4316827.668190464,True,icp_accepted,2900,1.0,0.09569188184540535,16.70217199716717,9.388075995957479,6.50286499876529,2.5282420101575553,1,4,0,,,,,,,,,,,,,,local_map_fast,True,12,6810,0,False,False,False,,,,inactive,,,,,,,,,,
front_end,4316827.76825776,True,icp_accepted,2848,1.0,0.06525420521313775,16.082781003206037,9.709197998745367,6.832472994574346,3.070298000238836,1,4,0,,,,,,,,,,,,,,local_map_fast,False,12,6810,0,False,False,False,,,,inactive,,,,,,,,,,
front_end,4316827.867806144,True,icp_accepted,2857,1.0,0.07222440201631905,14.08653699036222,8.286099997349083,5.777465004939586,2.940985999885015,1,4,0,,,,,,,,,,,,,,local_map_fast,False,12,6810,0,False,False,False,,,,inactive,,,,,,,,,,
front_end,4316827.967888704,True,icp_accepted,2777,1.0,0.06862392237198858,13.87869700556621,8.237668007495813,5.748199997469783,2.8133660089224577,1,4,0,,,,,,,,,,,,,,local_map_fast,False,12,6810,0,False,False,False,,,,inactive,,,,,,,,,,
front_end,4316828.068378048,True,icp_accepted,2831,1.0,0.0748195056086973,14.177728007780388,8.623963003628887,6.091804010793567,2.8073049907106906,1,4,0,,,,,,,,,,,,,,local_map_fast,False,12,6810,0,False,False,False,,,,inactive,,,,,,,,,,
front_end,4316828.168001728,True,icp_accepted,2866,1.0,0.07490342471033137,13.581630002590828,7.7946180099388584,5.75271800335031,3.205692002666183,1,4,0,,,,,,,,,,,,,,local_map_fast,False,12,6810,0,False,False,False,,,,inactive,,,,,,,,,,
front_end,4316828.268363008,True,icp_accepted,2842,1.0,0.07666218040774551,14.601984003093094,8.010222009033896,5.781172003480606,3.6627779918489978,1,4,0,,,,,,,,,,,,,,local_map_fast,False,12,6810,0,False,False,False,,,,inactive,,,,,,,,,,
front_end,4316828.368318304,True,icp_accepted,2884,1.0,0.08207434762086305,20.13001100567635,11.120666007627733,7.558345008874312,3.857053001411259,1,4,0,,,,,,,,,,,,,,local_map_fast,False,12,6810,0,False,False,False,,,,inactive,,,,,,,,,,
optimized_backend,,,,,,,,,,,,,,,,,,,,,,,,,,,,,,,,,,,,,,,,,37,36,0,,,,pose_graph,False
front_end,4316828.467801664,True,icp_accepted,2971,1.0,0.08732105840518299,37.90244000265375,20.9260039991932,15.756488995975815,6.700024998281151,1,4,0,,,,,,,,,,,,,,local_map_fast,True,12,6999,0,False,False,False,,,,inactive,,,,,,,,,,
front_end,4316828.568464064,True,icp_accepted,2900,1.0,0.06542191987023899,16.90427100402303,10.271573002682999,7.110874998033978,3.2761540060164407,1,4,0,,,,,,,,,,,,,,local_map_fast,False,12,6999,0,False,False,False,,,,inactive,,,,,,,,,,
front_end,4316828.66838432,True,icp_accepted,2880,1.0,0.06482737839199026,15.124473997275345,8.633129997178912,5.905655008973554,3.5855440073646605,1,4,0,,,,,,,,,,,,,,local_map_fast,False,12,6999,0,False,False,False,,,,inactive,,,,,,,,,,
front_end,4316828.768261696,True,icp_accepted,2874,1.0,0.06865986407933565,15.511157995206304,7.939308998174965,5.829232002724893,3.227281995350495,1,4,0,,,,,,,,,,,,,,local_map_fast,False,12,6999,0,False,False,False,,,,inactive,,,,,,,,,,
front_end,4316828.867979744,True,icp_accepted,2896,1.0,0.06870233545509999,14.892308987327851,9.22275599441491,6.563499002368189,2.9387219983618706,1,4,0,,,,,,,,,,,,,,local_map_fast,False,12,6999,0,False,False,False,,,,inactive,,,,,,,,,,
front_end,4316828.967916512,True,icp_accepted,2804,1.0,0.07366694777874006,16.64204899861943,10.045347997220233,7.241359999170527,3.7307469901861623,1,4,0,,,,,,,,,,,,,,local_map_fast,False,12,6999,0,False,False,False,,,,inactive,,,,,,,,,,
front_end,4316829.068430624,True,icp_accepted,2889,1.0,0.07735786291480767,15.221375011606142,9.546593006234616,6.853311992017552,2.8841079911217093,1,4,0,,,,,,,,,,,,,,local_map_fast,False,12,6999,0,False,False,False,,,,inactive,,,,,,,,,,
front_end,4316829.168404192,True,icp_accepted,2899,1.0,0.07811586466092839,14.236388000426814,8.605017006630078,5.799525999464095,2.8821849991800264,1,4,0,,,,,,,,,,,,,,local_map_fast,False,12,6999,0,False,False,False,,,,inactive,,,,,,,,,,
front_end,4316829.268382496,True,icp_accepted,2916,1.0,0.07584343048093711,15.900970000075176,8.166454994352534,5.645658005960286,3.0517029954353347,1,4,0,,,,,,,,,,,,,,local_map_fast,True,12,7043,0,False,False,False,,,,inactive,,,,,,,,,,
front_end,4316829.36821328,True,icp_accepted,2912,1.0,0.06849297541315678,13.370775006478652,7.468505995348096,5.213005992118269,3.024031000677496,1,4,0,,,,,,,,,,,,,,local_map_fast,False,12,7043,0,False,False,False,,,,inactive,,,,,,,,,,
front_end,4316829.468387168,True,icp_accepted,2946,1.0,0.07091248457209427,14.051470992853865,8.242537005571648,5.692254999303259,3.010105006978847,1,4,0,,,,,,,,,,,,,,local_map_fast,False,12,7043,0,False,False,False,,,,inactive,,,,,,,,,,
front_end,4316829.56828448,True,icp_accepted,2961,1.0,0.07169274310151309,13.977181995869614,8.346873000846244,5.602937002549879,2.877275997889228,1,4,0,,,,,,,,,,,,,,local_map_fast,False,12,7043,0,False,False,False,,,,inactive,,,,,,,,,,
front_end,4316829.66813712,True,icp_accepted,2930,1.0,0.07923829842330993,17.810581004596315,11.225972004467621,7.7936460002092645,3.4174590109614655,1,4,0,,,,,,,,,,,,,,local_map_fast,False,12,7043,0,False,False,False,,,,inactive,,,,,,,,,,
front_end,4316829.76781808,True,icp_accepted,2920,0.9996575342465753,0.08060645848262435,15.017012003227137,8.74314599786885,6.222348994924687,3.3451030030846596,1,4,0,,,,,,,,,,,,,,local_map_fast,False,12,7043,0,False,False,False,,,,inactive,,,,,,,,,,
front_end,4316829.86823232,True,icp_accepted,2970,0.9993265993265993,0.08984552506615912,14.878403002512641,8.6953470017761,6.044997004210018,3.3222910133190453,1,4,0,,,,,,,,,,,,,,local_map_fast,False,12,7043,0,False,False,False,,,,inactive,,,,,,,,,,
front_end,4316829.969162304,True,icp_accepted,2912,1.0,0.10116356956203727,14.586614997824654,7.81939500302542,5.6221629929495975,3.1620290101272985,1,4,0,,,,,,,,,,,,,,local_map_fast,False,12,7043,0,False,False,False,,,,inactive,,,,,,,,,,
optimized_backend,,,,,,,,,,,,,,,,,,,,,,,,,,,,,,,,,,,,,,,,,38,37,0,,,,pose_graph,False
front_end,4316830.068331808,True,icp_accepted,2923,0.9996578857338351,0.10382338864205282,17.926529006217606,8.935136997024529,6.188536004628986,3.289079002570361,1,4,0,,,,,,,,,,,,,,local_map_fast,True,12,7050,0,False,False,False,,,,inactive,,,,,,,,,,
front_end,4316830.168224288,True,icp_accepted,2994,1.0,0.06846422395767458,13.737121989834122,8.00689599418547,5.669242003932595,2.9479289951268584,1,4,0,,,,,,,,,,,,,,local_map_fast,False,12,7050,0,False,False,False,,,,inactive,,,,,,,,,,
front_end,4316830.26840208,True,icp_accepted,3013,1.0,0.08362881098462406,14.83104401268065,8.863802999258041,6.170462002046406,2.771427985862829,1,4,0,,,,,,,,,,,,,,local_map_fast,False,12,7050,0,False,False,False,,,,inactive,,,,,,,,,,
front_end,4316830.368360288,True,icp_accepted,2987,1.0,0.08864408576090242,14.138174010440707,8.239652001066133,5.871692002983764,3.116424006293528,1,4,0,,,,,,,,,,,,,,local_map_fast,False,12,7050,0,False,False,False,,,,inactive,,,,,,,,,,
front_end,4316830.46823488,True,icp_accepted,3073,1.0,0.10033235525653982,19.164350000210106,12.943492998601869,9.648403996834531,3.024692996405065,1,4,0,,,,,,,,,,,,,,local_map_fast,False,12,7050,0,False,False,False,,,,inactive,,,,,,,,,,
front_end,4316830.567920384,True,icp_accepted,3050,1.0,0.10076761042418292,14.780658995732665,8.321244997205213,5.6381930044153705,2.656181008205749,1,4,0,,,,,,,,,,,,,,local_map_fast,False,12,7050,0,False,False,False,,,,inactive,,,,,,,,,,
front_end,4316830.668252832,True,icp_accepted,3063,1.0,0.09245299799560291,16.82223800162319,10.275350010488182,6.914978002896532,2.868269002647139,1,4,0,,,,,,,,,,,,,,local_map_fast,False,12,7050,0,False,False,False,,,,inactive,,,,,,,,,,
front_end,4316830.76817216,True,icp_accepted,3054,1.0,0.09402211525057591,15.170540995313786,9.038229996804148,6.279797002207488,3.0497799889417365,1,4,0,,,,,,,,,,,,,,local_map_fast,False,12,7050,0,False,False,False,,,,inactive,,,,,,,,,,
front_end,4316830.868371552,True,icp_accepted,2948,1.0,0.09684598024429578,19.075553995207883,9.477643994614482,6.345318994135596,3.095965992542915,1,4,0,,,,,,,,,,,,,,local_map_fast,True,12,7075,0,False,False,False,,,,inactive,,,,,,,,,,
front_end,4316830.967831968,True,icp_accepted,3026,1.0,0.06903037618483183,14.452743998845108,8.89703500433825,6.206318998010829,2.5746790051925927,1,4,0,,,,,,,,,,,,,,local_map_fast,False,12,7075,0,False,False,False,,,,inactive,,,,,,,,,,
front_end,4316831.06824352,True,icp_accepted,3032,1.0,0.07490015191092508,14.476558993919753,8.073179997154512,5.466081012855284,3.0472740036202595,1,4,0,,,,,,,,,,,,,,local_map_fast,False,12,7075,0,False,False,False,,,,inactive,,,,,,,,,,
front_end,4316831.168347392,True,icp_accepted,3101,1.0,0.07849729623394117,12.453064002329484,6.905048998305574,4.814789994270541,3.0059269920457155,1,4,0,,,,,,,,,,,,,,local_map_fast,False,12,7075,0,False,False,False,,,,inactive,,,,,,,,,,
front_end,4316831.268278176,True,icp_accepted,3123,1.0,0.08648509388411496,14.419712999369949,8.25773699034471,5.871360990568064,3.269441003794782,1,4,0,,,,,,,,,,,,,,local_map_fast,False,12,7075,0,False,False,False,,,,inactive,,,,,,,,,,
front_end,4316831.368198752,True,icp_accepted,3142,1.0,0.09504445032762195,14.239603988244198,8.364105990040116,5.8591879933374,3.1816060072742403,1,4,0,,,,,,,,,,,,,,local_map_fast,False,12,7075,0,False,False,False,,,,inactive,,,,,,,,,,
front_end,4316831.467835104,True,icp_accepted,3186,1.0,0.09588098164332182,14.54702099727001,9.030995992361568,6.454014001064934,2.5406649947399274,1,4,0,,,,,,,,,,,,,,local_map_fast,False,12,7075,0,False,False,False,,,,inactive,,,,,,,,,,
front_end,4316831.56823792,True,icp_accepted,3119,1.0,0.09895553866346199,14.90412000566721,9.05034200695809,6.1835759988753125,2.692088994081132,1,4,0,,,,,,,,,,,,,,local_map_fast,False,12,7075,0,False,False,False,,,,inactive,,,,,,,,,,
front_end,4316831.668177952,True,icp_accepted,3156,1.0,0.09055252002227966,15.603591993567534,9.088945007533766,6.053792996681295,2.6982300041709095,1,4,0,,,,,,,,,,,,,,local_map_fast,False,12,7075,0,False,False,False,,,,inactive,,,,,,,,,,
front_end,4316831.768337056,True,icp_accepted,2982,1.0,0.08847262402089821,13.47269699908793,7.53047299804166,5.34404200152494,2.8812329983338714,1,4,0,,,,,,,,,,,,,,local_map_fast,False,12,7075,0,False,False,False,,,,inactive,,,,,,,,,,
front_end,4316831.868246496,True,icp_accepted,2916,1.0,0.09034013605552664,15.838603998417966,9.398084992426448,6.552638995344751,2.7075069956481457,1,4,0,,,,,,,,,,,,,,local_map_fast,False,12,7075,0,False,False,False,,,,inactive,,,,,,,,,,
front_end,4316831.968149248,True,icp_accepted,2905,1.0,0.09204425895152099,14.290971012087539,8.880535009666346,6.212981999851763,2.3827380064176396,1,4,0,,,,,,,,,,,,,,local_map_fast,False,12,7075,0,False,False,False,,,,inactive,,,,,,,,,,
front_end,4316832.068341376,True,icp_accepted,2991,1.0,0.09646847510539608,15.324509993661195,8.469613996567205,5.754351994255558,2.8340440039755777,1,4,0,,,,,,,,,,,,,,local_map_fast,False,12,7075,0,False,False,False,,,,inactive,,,,,,,,,,
optimized_backend,,,,,,,,,,,,,,,,,,,,,,,,,,,,,,,,,,,,,,,,,39,38,0,,,,pose_graph,False
front_end,4316832.168369536,True,icp_accepted,2933,1.0,0.09494520531858422,24.44184799969662,13.449203004711308,9.89129999652505,5.706051000743173,1,4,0,,,,,,,,,,,,,,local_map_fast,False,12,7075,0,False,False,False,,,,inactive,,,,,,,,,,
front_end,4316832.268202304,True,icp_accepted,2989,1.0,0.1088976823726185,14.698104991111904,9.03231899428647,6.766719990991987,2.544140996178612,1,4,0,,,,,,,,,,,,,,local_map_fast,False,12,7075,0,False,False,False,,,,inactive,,,,,,,,,,
front_end,4316832.367899136,True,icp_accepted,3098,1.0,0.11043485065428514,18.0530760117108,7.811618997948244,5.431817000498995,3.052183994441293,1,4,0,,,,,,,,,,,,,,local_map_fast,True,12,7214,0,False,False,False,,,,inactive,,,,,,,,,,
front_end,4316832.46817024,True,icp_accepted,2856,1.0,0.06778796980617459,16.411607997724786,9.053239002241753,6.175000002258457,2.495551001629792,1,4,0,,,,,,,,,,,,,,local_map_fast,False,12,7214,0,False,False,False,,,,inactive,,,,,,,,,,
front_end,4316832.568147776,True,icp_accepted,3055,1.0,0.06740327584456705,13.973175009596162,9.057176008354872,6.553881001309492,2.129905013134703,1,4,0,,,,,,,,,,,,,,local_map_fast,False,12,7214,0,False,False,False,,,,inactive,,,,,,,,,,
front_end,4316832.66837072,True,icp_accepted,2947,1.0,0.06575211178845888,17.011203002766706,11.533811004483141,8.150605004630052,2.4473000084981322,1,4,0,,,,,,,,,,,,,,local_map_fast,False,12,7214,0,False,False,False,,,,inactive,,,,,,,,,,
front_end,4316832.768252352,True,icp_accepted,2939,1.0,0.06698014089275654,15.337404009187594,9.548848000122234,6.905750997248106,3.0762590031372383,1,4,0,,,,,,,,,,,,,,local_map_fast,False,12,7214,0,False,False,False,,,,inactive,,,,,,,,,,
front_end,4316832.868239296,True,icp_accepted,2961,1.0,0.06781621962012381,13.49167199805379,7.7134860039222986,5.363568008760922,2.9704509943258017,1,4,0,,,,,,,,,,,,,,local_map_fast,False,12,7214,0,False,False,False,,,,inactive,,,,,,,,,,
front_end,4316832.96806624,True,icp_accepted,2890,1.0,0.0680839349908965,12.095715006580576,6.94836099864915,4.926950001390651,2.4611959961475804,1,4,0,,,,,,,,,,,,,,local_map_fast,False,12,7214,0,False,False,False,,,,inactive,,,,,,,,,,
front_end,4316833.068285024,True,icp_accepted,3024,1.0,0.06758169769289996,13.3752229885431,7.8635569952894,5.573963004280813,2.680087010958232,1,4,0,,,,,,,,,,,,,,local_map_fast,False,12,7214,0,False,False,False,,,,inactive,,,,,,,,,,
front_end,4316833.168167712,True,icp_accepted,2900,1.0,0.06888995384672567,15.175359003478661,7.974275009473786,5.498451006133109,2.7070869982708246,1,4,0,,,,,,,,,,,,,,local_map_fast,False,12,7214,0,False,False,False,,,,inactive,,,,,,,,,,
front_end,4316833.26784272,True,icp_accepted,2971,1.0,0.06914147644303897,14.902517999871634,10.194759001024067,7.4941640050383285,1.8377160013187677,1,4,0,,,,,,,,,,,,,,local_map_fast,False,12,7214,0,False,False,False,,,,inactive,,,,,,,,,,
front_end,4316833.367842432,True,icp_accepted,2939,1.0,0.0674340733576722,13.458268993417732,8.123794992570765,5.781823012512177,2.1212179999565706,1,4,0,,,,,,,,,,,,,,local_map_fast,False,12,7214,0,False,False,False,,,,inactive,,,,,,,,,,
front_end,4316833.468058592,True,icp_accepted,2847,1.0,0.06984874342491419,14.31723999849055,8.783051001955755,6.392096998752095,2.7046620089095086,1,4,0,,,,,,,,,,,,,,local_map_fast,False,12,7214,0,False,False,False,,,,inactive,,,,,,,,,,
front_end,4316833.569084704,True,icp_accepted,2943,1.0,0.06814756434397612,14.669670999865048,8.899079010006972,6.74729399906937,2.212059000157751,1,4,0,,,,,,,,,,,,,,local_map_fast,False,12,7214,0,False,False,False,,,,inactive,,,,,,,,,,
front_end,4316833.668295744,True,icp_accepted,2864,1.0,0.06962964383309043,14.682095003081486,8.779846000834368,6.215697008883581,2.6455420011188835,1,4,0,,,,,,,,,,,,,,local_map_fast,False,12,7214,0,False,False,False,,,,inactive,,,,,,,,,,
front_end,4316833.768080416,True,icp_accepted,2950,1.0,0.06869782781660067,14.505293002002873,8.916000995668583,6.2903670041123405,2.582303000963293,1,4,0,,,,,,,,,,,,,,local_map_fast,False,12,7214,0,False,False,False,,,,inactive,,,,,,,,,,
front_end,4316833.868063008,True,icp_accepted,2910,1.0,0.06802509550859638,13.622337006381713,8.049324998864904,5.593900001258589,2.5252260093111545,1,4,0,,,,,,,,,,,,,,local_map_fast,False,12,7214,0,False,False,False,,,,inactive,,,,,,,,,,
front_end,4316833.968276256,True,icp_accepted,2912,1.0,0.06912752312998947,12.188478009193204,7.56626900692936,5.359211005270481,2.037150989053771,1,4,0,,,,,,,,,,,,,,local_map_fast,False,12,7214,0,False,False,False,,,,inactive,,,,,,,,,,
front_end,4316834.06837232,True,icp_accepted,2936,1.0,0.07007601245759039,13.113773995428346,7.445062990882434,5.438259002403356,2.3614689998794347,1,4,0,,,,,,,,,,,,,,local_map_fast,False,12,7214,0,False,False,False,,,,inactive,,,,,,,,,,
front_end,4316834.167813792,True,icp_accepted,2868,1.0,0.07000947132119348,12.528084989753552,7.458497988409363,5.473094992339611,2.2310740023385733,1,4,0,,,,,,,,,,,,,,local_map_fast,False,12,7214,0,False,False,False,,,,inactive,,,,,,,,,,
front_end,4316834.268198208,True,icp_accepted,2885,1.0,0.06892456148264649,16.36459000292234,11.279582991846837,8.028887998079881,2.420789998723194,1,4,0,,,,,,,,,,,,,,local_map_fast,False,12,7214,0,False,False,False,,,,inactive,,,,,,,,,,
front_end,4316834.367953824,True,icp_accepted,2862,1.0,0.07118485639105948,12.706660010735504,8.041020002565347,5.6562169920653105,1.9870859978254884,1,4,0,,,,,,,,,,,,,,local_map_fast,False,12,7214,0,False,False,False,,,,inactive,,,,,,,,,,
front_end,4316834.468266848,True,icp_accepted,2950,1.0,0.07038557590183461,13.328236003872007,7.758641004329547,5.4110269993543625,2.2220469982130453,1,4,0,,,,,,,,,,,,,,local_map_fast,False,12,7214,0,False,False,False,,,,inactive,,,,,,,,,,
front_end,4316834.568119968,True,icp_accepted,2802,1.0,0.07028730770900828,14.064015995245427,7.921636992250569,5.535359989153221,2.5719830009620637,1,4,0,,,,,,,,,,,,,,local_map_fast,False,12,7214,0,False,False,False,,,,inactive,,,,,,,,,,
front_end,4316834.669097184,True,icp_accepted,2922,1.0,0.0716382914890705,12.313572995481081,7.613237990881316,5.655757006024942,2.065463995677419,1,4,0,,,,,,,,,,,,,,local_map_fast,False,12,7214,0,False,False,False,,,,inactive,,,,,,,,,,
front_end,4316834.767817824,True,icp_accepted,2808,1.0,0.07184121577223769,12.378033003187738,7.559816993307322,5.64859299629461,2.3481140087824315,1,4,0,,,,,,,,,,,,,,local_map_fast,False,12,7214,0,False,False,False,,,,inactive,,,,,,,,,,
front_end,4316834.868179136,True,icp_accepted,2902,1.0,0.07140511046827423,12.000816001091152,7.622484990861267,5.382374001783319,1.9141399970976636,1,4,0,,,,,,,,,,,,,,local_map_fast,False,12,7214,0,False,False,False,,,,inactive,,,,,,,,,,
front_end,4316834.969091424,True,icp_accepted,2815,1.0,0.07140157321329521,12.675221005338244,7.735777995549142,5.319546005921438,2.1402340062195435,1,4,0,,,,,,,,,,,,,,local_map_fast,False,12,7214,0,False,False,False,,,,inactive,,,,,,,,,,
front_end,4316835.068262976,True,icp_accepted,2785,1.0,0.07112713386514019,12.443826999515295,7.526525005232543,5.532045004656538,2.2158459905767813,1,4,0,,,,,,,,,,,,,,local_map_fast,False,12,7214,0,False,False,False,,,,inactive,,,,,,,,,,
front_end,4316835.169140416,True,icp_accepted,2890,1.0,0.07128165017862663,12.976757003343664,7.666268007596955,5.3372700058389455,2.454743007547222,1,4,0,,,,,,,,,,,,,,local_map_fast,False,12,7214,0,False,False,False,,,,inactive,,,,,,,,,,
front_end,4316835.268049664,True,icp_accepted,2675,1.0,0.07141033351902022,13.228689000243321,7.512338008382358,5.1918969984399155,2.9901080124545842,1,4,0,,,,,,,,,,,,,,local_map_fast,False,12,7214,0,False,False,False,,,,inactive,,,,,,,,,,
front_end,4316835.368234688,True,icp_accepted,2791,1.0,0.07893971331811986,13.085922008031048,7.385190998320468,5.428110001957975,2.9262269963510334,1,4,0,,,,,,,,,,,,,,local_map_fast,False,12,7214,0,False,False,False,,,,inactive,,,,,,,,,,
front_end,4316835.468161952,True,icp_accepted,2707,1.0,0.07570807188204609,12.90669599256944,7.778418002999388,5.785650995676406,2.646203007316217,1,4,0,,,,,,,,,,,,,,local_map_fast,False,12,7214,0,False,False,False,,,,inactive,,,,,,,,,,
front_end,4316835.569096576,True,icp_accepted,2660,1.0,0.08000039022843583,15.066445994307287,7.556530996225774,5.282507001538761,3.11548299214337,1,4,0,,,,,,,,,,,,,,local_map_fast,False,12,7214,0,False,False,False,,,,inactive,,,,,,,,,,
front_end,4316835.66827664,True,icp_accepted,2650,1.0,0.08192481937162625,12.805043996195309,7.5337689922889695,5.130310993990861,2.3822479997761548,1,4,0,,,,,,,,,,,,,,local_map_fast,False,12,7214,0,False,False,False,,,,inactive,,,,,,,,,,
front_end,4316835.76815872,True,icp_accepted,2664,1.0,0.07962511235825553,12.474154005758464,7.72145000519231,5.4136420076247305,2.0864429970970377,1,4,0,,,,,,,,,,,,,,local_map_fast,False,12,7214,0,False,False,False,,,,inactive,,,,,,,,,,
front_end,4316835.869158176,True,icp_accepted,2787,1.0,0.07493690373108178,13.333256007172167,7.564557003206573,5.12441000319086,2.8125440003350377,1,4,0,,,,,,,,,,,,,,local_map_fast,False,12,7214,0,False,False,False,,,,inactive,,,,,,,,,,
front_end,4316835.968261504,True,icp_accepted,2687,1.0,0.07283166010104106,13.00189399626106,7.685933989705518,5.7951780036091805,2.353324001887813,1,4,0,,,,,,,,,,,,,,local_map_fast,False,12,7214,0,False,False,False,,,,inactive,,,,,,,,,,
front_end,4316836.069123104,True,icp_accepted,2809,1.0,0.07364944480861622,15.072116992087103,7.629849002114497,5.4638779984088615,2.994064998347312,1,4,0,,,,,,,,,,,,,,local_map_fast,True,12,7088,0,False,False,False,,,,inactive,,,,,,,,,,
front_end,4316836.169060832,True,icp_accepted,2828,1.0,0.06356500823676628,13.139912989572622,7.736729996395297,5.317732997355051,2.622479005367495,1,4,0,,,,,,,,,,,,,,local_map_fast,False,12,7088,0,False,False,False,,,,inactive,,,,,,,,,,
front_end,4316836.269019648,True,icp_accepted,2784,1.0,0.06394800266808598,12.253790991962887,7.760704989777878,5.352248001145199,1.8574739951873198,1,4,0,,,,,,,,,,,,,,local_map_fast,False,12,7088,0,False,False,False,,,,inactive,,,,,,,,,,
front_end,4316836.368178336,True,icp_accepted,2866,1.0,0.06359102009067222,12.60228399769403,7.131253994884901,5.181909000384621,2.4932259984780103,1,4,0,,,,,,,,,,,,,,local_map_fast,False,12,7088,0,False,False,False,,,,inactive,,,,,,,,,,
front_end,4316836.469162304,True,icp_accepted,2725,1.0,0.06273762105885147,14.63113000500016,7.474197002011351,5.199691993766464,2.8038080054102466,1,4,0,,,,,,,,,,,,,,local_map_fast,False,12,7088,0,False,False,False,,,,inactive,,,,,,,,,,
front_end,4316836.568250112,True,icp_accepted,2694,1.0,0.0658234944794637,13.774762992397882,6.731143992510624,4.799239992280491,2.7305310068186373,1,4,0,,,,,,,,,,,,,,local_map_fast,False,12,7088,0,False,False,False,,,,inactive,,,,,,,,,,
optimized_backend,,,,,,,,,,,,,,,,,,,,,,,,,,,,,,,,,,,,,,,,,40,39,0,,,,pose_graph,False
front_end,4316836.669084768,True,icp_accepted,2675,1.0,0.0663490383515001,16.28556200012099,10.134174997801892,7.147244003135711,3.1481439946219325,1,4,0,,,,,,,,,,,,,,local_map_fast,False,12,7088,0,False,False,False,,,,inactive,,,,,,,,,,
front_end,4316836.767872416,True,icp_accepted,2729,1.0,0.06724448637265547,13.118432994815521,7.829242997104302,5.513098993105814,2.4924340104917064,1,4,0,,,,,,,,,,,,,,local_map_fast,False,12,7088,0,False,False,False,,,,inactive,,,,,,,,,,
front_end,4316836.868248928,True,icp_accepted,2729,1.0,0.06510943273222608,14.443487001699395,8.633029996417463,5.758759987656958,2.565791000961326,1,4,0,,,,,,,,,,,,,,local_map_fast,False,12,7088,0,False,False,False,,,,inactive,,,,,,,,,,
front_end,4316836.969087456,True,icp_accepted,2735,1.0,0.06502284272664999,14.337619009893388,8.426443004282191,6.448404004913755,2.5319179985672235,1,4,0,,,,,,,,,,,,,,local_map_fast,False,12,7088,0,False,False,False,,,,inactive,,,,,,,,,,
front_end,4316837.069080032,True,icp_accepted,2763,1.0,0.06162957044781885,15.306486006011255,8.963059008237906,6.243910000193864,2.89010998676531,1,4,0,,,,,,,,,,,,,,local_map_fast,False,12,7088,0,False,False,False,,,,inactive,,,,,,,,,,
front_end,4316837.169056416,True,icp_accepted,2683,1.0,0.0626036261826635,13.255650002975017,7.419795001624152,5.217624988290481,2.7907640032935888,1,4,0,,,,,,,,,,,,,,local_map_fast,False,12,7088,0,False,False,False,,,,inactive,,,,,,,,,,
front_end,4316837.269088832,True,icp_accepted,2811,1.0,0.06349824573564668,13.35494700470008,8.029068005271256,5.568983993725851,2.1026030008215457,1,4,0,,,,,,,,,,,,,,local_map_fast,False,12,7088,0,False,False,False,,,,inactive,,,,,,,,,,
front_end,4316837.369025728,True,icp_accepted,2734,1.0,0.06324465812214301,13.613831004477106,8.062339999014512,5.476581005495973,2.738736991886981,1,4,0,,,,,,,,,,,,,,local_map_fast,False,12,7088,0,False,False,False,,,,inactive,,,,,,,,,,
front_end,4316837.468221728,True,icp_accepted,2607,1.0,0.0638728927571706,14.035191998118535,8.226557998568751,5.998029009788297,2.8789399948436767,1,4,0,,,,,,,,,,,,,,local_map_fast,False,12,7088,0,False,False,False,,,,inactive,,,,,,,,,,
front_end,4316837.569085728,True,icp_accepted,2723,1.0,0.06448850297728675,12.982476997422054,7.428500990499742,5.245988009846769,2.629501002957113,1,4,0,,,,,,,,,,,,,,local_map_fast,False,12,7088,0,False,False,False,,,,inactive,,,,,,,,,,
front_end,4316837.669137376,True,icp_accepted,2679,1.0,0.06570345815641089,12.412548996508121,7.048779996694066,5.123990005813539,2.371035996475257,1,4,0,,,,,,,,,,,,,,local_map_fast,False,12,7088,0,False,False,False,,,,inactive,,,,,,,,,,
front_end,4316837.7690376,True,icp_accepted,2848,1.0,0.06429005067491213,15.03850299923215,9.627464998629875,7.3050999926635996,2.6680129958549514,1,4,0,,,,,,,,,,,,,,local_map_fast,False,12,7088,0,False,False,False,,,,inactive,,,,,,,,,,
front_end,4316837.869041248,True,icp_accepted,2621,1.0,0.06444732806051902,12.219976997585036,7.52815799205564,5.2549550018738955,1.8691860022954643,1,4,0,,,,,,,,,,,,,,local_map_fast,False,12,7088,0,False,False,False,,,,inactive,,,,,,,,,,
front_end,4316837.969033408,True,icp_accepted,2703,1.0,0.06401309632549443,14.046362994122319,9.268652996979654,6.602361987461336,2.054513999610208,1,4,0,,,,,,,,,,,,,,local_map_fast,False,12,7088,0,False,False,False,,,,inactive,,,,,,,,,,
front_end,4316838.068165152,True,icp_accepted,2746,1.0,0.06472278898465869,13.172854989534244,7.597307994728908,5.267177999485284,2.37921200459823,1,4,0,,,,,,,,,,,,,,local_map_fast,False,12,7088,0,False,False,False,,,,inactive,,,,,,,,,,
front_end,4316838.16909792,True,icp_accepted,2764,1.0,0.06375339939091836,12.330925994319841,7.617084993398748,5.309047002810985,1.824211998609826,1,4,0,,,,,,,,,,,,,,local_map_fast,False,12,7088,0,False,False,False,,,,inactive,,,,,,,,,,
front_end,4316838.269079136,True,icp_accepted,2753,1.0,0.06570466581885955,12.110321986256167,7.362357995589264,5.124830990098417,2.0956600055797026,1,4,0,,,,,,,,,,,,,,local_map_fast,False,12,7088,0,False,False,False,,,,inactive,,,,,,,,,,
front_end,4316838.368248096,True,icp_accepted,2686,1.0,0.06722810618209502,14.434401004109532,8.485644008032978,6.0568499902728945,2.522640992538072,1,4,0,,,,,,,,,,,,,,local_map_fast,False,12,7088,0,False,False,False,,,,inactive,,,,,,,,,,
front_end,4316838.469095072,True,icp_accepted,2783,1.0,0.06521341333076673,14.233434005291201,8.936088997870684,6.3730730034876615,2.038171995081939,1,4,0,,,,,,,,,,,,,,local_map_fast,False,12,7088,0,False,False,False,,,,inactive,,,,,,,,,,
front_end,4316838.568998048,True,icp_accepted,2732,1.0,0.06566591096132665,13.481142988894135,7.961170995258726,5.4865999991307035,2.479059010511264,1,4,0,,,,,,,,,,,,,,local_map_fast,False,12,7088,0,False,False,False,,,,inactive,,,,,,,,,,
front_end,4316838.668206336,True,icp_accepted,2804,1.0,0.06848677720102189,14.252259003114887,8.704163992661051,5.98437299777288,2.4050100037129596,1,4,0,,,,,,,,,,,,,,local_map_fast,False,12,7088,0,False,False,False,,,,inactive,,,,,,,,,,
front_end,4316838.769070912,True,icp_accepted,2775,1.0,0.066554739447097,13.556555000832304,8.119588004774414,5.660776005242951,2.291947996127419,1,4,0,,,,,,,,,,,,,,local_map_fast,False,12,7088,0,False,False,False,,,,inactive,,,,,,,,,,
front_end,4316838.868291616,True,icp_accepted,2783,1.0,0.06568452849331402,13.226907001808286,7.795350000378676,5.475829006172717,2.3697339929640293,1,4,0,,,,,,,,,,,,,,local_map_fast,False,12,7088,0,False,False,False,,,,inactive,,,,,,,,,,
front_end,4316838.968992,True,icp_accepted,2768,1.0,0.06806415472646736,12.69909601251129,7.591788002173416,5.623726989142597,1.9330950017319992,1,4,0,,,,,,,,,,,,,,local_map_fast,False,12,7088,0,False,False,False,,,,inactive,,,,,,,,,,
front_end,4316839.069064032,True,icp_accepted,2769,1.0,0.06828211998148803,12.350021992460825,7.680294002057053,5.4625350021524355,1.907407000544481,1,4,0,,,,,,,,,,,,,,local_map_fast,False,12,7088,0,False,False,False,,,,inactive,,,,,,,,,,
front_end,4316839.167861728,True,icp_accepted,2823,1.0,0.06555561756197006,13.233317993581295,7.889365995652042,5.5833210062701255,2.545884999562986,1,4,0,,,,,,,,,,,,,,local_map_fast,False,12,7088,0,False,False,False,,,,inactive,,,,,,,,,,
front_end,4316839.268210592,True,icp_accepted,2781,1.0,0.06744781654046436,12.451402013539337,7.439422013703734,5.206313988310285,2.169849001802504,1,4,0,,,,,,,,,,,,,,local_map_fast,False,12,7088,0,False,False,False,,,,inactive,,,,,,,,,,
front_end,4316839.36913456,True,icp_accepted,2812,1.0,0.06764942350584231,13.551795011153445,7.7195170015329495,5.32560700958129,2.2555300092790276,1,4,0,,,,,,,,,,,,,,local_map_fast,False,12,7088,0,False,False,False,,,,inactive,,,,,,,,,,
front_end,4316839.469025184,True,icp_accepted,2775,1.0,0.07024710136282065,13.218551001045853,8.053313998971134,5.743290996178985,2.2639559902017936,1,4,0,,,,,,,,,,,,,,local_map_fast,False,12,7088,0,False,False,False,,,,inactive,,,,,,,,,,
front_end,4316839.569016192,True,icp_accepted,2792,1.0,0.0706581818999375,13.814979989547282,7.614039990585297,5.712954007321969,2.7933689998462796,1,4,0,,,,,,,,,,,,,,local_map_fast,False,12,7088,0,False,False,False,,,,inactive,,,,,,,,,,
front_end,4316839.668148064,True,icp_accepted,2765,1.0,0.07358763414715457,13.477346001309343,7.770141994114965,5.5132800043793395,2.9330199904507026,1,4,0,,,,,,,,,,,,,,local_map_fast,False,12,7088,0,False,False,False,,,,inactive,,,,,,,,,,
front_end,4316839.769069952,True,icp_accepted,2695,1.0,0.07879620491985785,13.889057998312637,7.954738000989892,5.751916993176565,3.144226997392252,1,4,0,,,,,,,,,,,,,,local_map_fast,False,12,7088,0,False,False,False,,,,inactive,,,,,,,,,,
front_end,4316839.868961664,True,icp_accepted,2646,1.0,0.08004577870454466,13.376696995692328,7.796802005032077,5.504753993591294,2.7795630012406036,1,4,0,,,,,,,,,,,,,,local_map_fast,False,12,7088,0,False,False,False,,,,inactive,,,,,,,,,,
front_end,4316839.969066176,True,icp_accepted,2729,1.0,0.08534203484169425,18.807522996212356,10.355791993788444,7.427000004099682,3.1673099874751642,1,4,0,,,,,,,,,,,,,,local_map_fast,True,12,7102,0,False,False,False,,,,inactive,,,,,,,,,,
front_end,4316840.068999712,True,icp_accepted,2759,1.0,0.06305933971677563,12.989720999030396,7.652871994650923,5.33428399648983,2.5834749976638705,1,4,0,,,,,,,,,,,,,,local_map_fast,False,12,7102,0,False,False,False,,,,inactive,,,,,,,,,,
front_end,4316840.168163296,True,icp_accepted,2723,1.0,0.06339998514294445,13.25587100291159,7.19095699605532,5.143086003954522,3.1087509996723384,1,4,0,,,,,,,,,,,,,,local_map_fast,False,12,7102,0,False,False,False,,,,inactive,,,,,,,,,,
front_end,4316840.269004672,True,icp_accepted,2837,1.0,0.06238741053708656,13.622307989862747,7.477644001482986,5.221482992055826,3.1175470066955313,1,4,0,,,,,,,,,,,,,,local_map_fast,False,12,7102,0,False,False,False,,,,inactive,,,,,,,,,,
front_end,4316840.368979264,True,icp_accepted,2820,1.0,0.06289944439656948,14.644405004219152,7.679232003283687,5.450493001262657,3.242471007979475,1,4,0,,,,,,,,,,,,,,local_map_fast,False,12,7102,0,False,False,False,,,,inactive,,,,,,,,,,
optimized_backend,,,,,,,,,,,,,,,,,,,,,,,,,,,,,,,,,,,,,,,,,41,40,0,,,,pose_graph,False
front_end,4316840.468156928,True,icp_accepted,2796,1.0,0.0641932058362958,15.125327001442201,8.972908995929174,6.179910997161642,2.71877899649553,1,4,0,,,,,,,,,,,,,,local_map_fast,False,12,7102,0,False,False,False,,,,inactive,,,,,,,,,,
front_end,4316840.56896384,True,icp_accepted,2879,1.0,0.06253215437119428,16.052926002885215,9.598361008102074,6.567607008037157,2.5818620051722974,1,4,0,,,,,,,,,,,,,,local_map_fast,False,12,7102,0,False,False,False,,,,inactive,,,,,,,,,,
front_end,4316840.668959488,True,icp_accepted,2858,1.0,0.06431033461316375,16.60478100529872,10.094541008584201,7.079826988046989,2.7321640081936494,1,4,0,,,,,,,,,,,,,,local_map_fast,False,12,7102,0,False,False,False,,,,inactive,,,,,,,,,,
front_end,4316840.769083872,True,icp_accepted,2823,1.0,0.06422940216724365,15.026340988697484,7.783558001392521,5.588722007814795,3.138716987450607,1,4,0,,,,,,,,,,,,,,local_map_fast,False,12,7102,0,False,False,False,,,,inactive,,,,,,,,,,
front_end,4316840.869052096,True,icp_accepted,2759,1.0,0.06461565492101111,15.265269001247361,8.488990002661012,5.947424011537805,3.647881996585056,1,4,0,,,,,,,,,,,,,,local_map_fast,False,12,7102,0,False,False,False,,,,inactive,,,,,,,,,,
front_end,4316840.968922048,True,icp_accepted,2684,1.0,0.06593129787134236,14.60780599154532,8.589177989051677,6.101923994719982,2.494208005373366,1,4,0,,,,,,,,,,,,,,local_map_fast,False,12,7102,0,False,False,False,,,,inactive,,,,,,,,,,
front_end,4316841.068100224,True,icp_accepted,2842,1.0,0.06349153003278508,14.04819700110238,8.481776996632107,5.934870001510717,2.487755991751328,1,4,0,,,,,,,,,,,,,,local_map_fast,False,12,7102,0,False,False,False,,,,inactive,,,,,,,,,,
front_end,4316841.169059712,True,icp_accepted,2841,1.0,0.06557776299746557,14.609909994760528,8.308190997922793,5.768157992861234,2.5194550107698888,1,4,0,,,,,,,,,,,,,,local_map_fast,False,12,7102,0,False,False,False,,,,inactive,,,,,,,,,,
front_end,4316841.268951872,True,icp_accepted,2863,1.0,0.06414456340543631,13.84153901017271,8.360500010894611,5.890457003260963,2.159069001208991,1,4,0,,,,,,,,,,,,,,local_map_fast,False,12,7102,0,False,False,False,,,,inactive,,,,,,,,,,
front_end,4316841.368139552,True,icp_accepted,2793,1.0,0.0644041325284933,13.239349995274097,7.253693998791277,5.138446998898871,2.3204419994726777,1,4,0,,,,,,,,,,,,,,local_map_fast,False,12,7102,0,False,False,False,,,,inactive,,,,,,,,,,
front_end,4316841.469002688,True,icp_accepted,2814,1.0,0.06434426561081555,14.694739002152346,8.437524011242203,5.999371991492808,2.340238992474042,1,4,0,,,,,,,,,,,,,,local_map_fast,False,12,7102,0,False,False,False,,,,inactive,,,,,,,,,,
front_end,4316841.56903328,True,icp_accepted,2864,1.0,0.06527579206827336,16.843820005306043,9.326091007096693,6.439176999265328,2.6428359997225925,1,4,0,,,,,,,,,,,,,,local_map_fast,False,12,7102,0,False,False,False,,,,inactive,,,,,,,,,,
front_end,4316841.668914272,True,icp_accepted,2820,1.0,0.06471476892294481,15.537811006652191,9.614432012313046,6.734069000231102,2.27039800665807,1,4,0,,,,,,,,,,,,,,local_map_fast,False,12,7102,0,False,False,False,,,,inactive,,,,,,,,,,
front_end,4316841.767876288,True,icp_accepted,2783,1.0,0.06606523019899316,16.16982600535266,9.745097006089054,6.881506007630378,2.8251390031073242,1,4,0,,,,,,,,,,,,,,local_map_fast,False,12,7102,0,False,False,False,,,,inactive,,,,,,,,,,
front_end,4316841.868924064,True,icp_accepted,2735,1.0,0.06391804400600973,14.067652999074198,8.131169990519993,6.011985999066383,2.6122800045413896,1,4,0,,,,,,,,,,,,,,local_map_fast,False,12,7102,0,False,False,False,,,,inactive,,,,,,,,,,
front_end,4316841.969046816,True,icp_accepted,2853,1.0,0.06473288913824402,21.48902199405711,12.031003992888145,9.19681899540592,3.5152130003552884,1,4,0,,,,,,,,,,,,,,local_map_fast,True,12,6978,0,False,False,False,,,,inactive,,,,,,,,,,
front_end,4316842.068997888,True,icp_accepted,2738,1.0,0.060590006271126526,16.371183999581262,9.04224900295958,6.599326996365562,3.514199997880496,1,4,0,,,,,,,,,,,,,,local_map_fast,False,12,6978,0,False,False,False,,,,inactive,,,,,,,,,,
front_end,4316842.168966976,True,icp_accepted,2858,1.0,0.06260263574035693,15.337766002630815,8.558430999983102,6.016674000420608,3.439531006733887,1,4,0,,,,,,,,,,,,,,local_map_fast,False,12,6978,0,False,False,False,,,,inactive,,,,,,,,,,
front_end,4316842.268158048,True,icp_accepted,2869,1.0,0.06172202426102781,15.100271004484966,8.536320005077869,6.04300299892202,3.2437540066894144,1,4,0,,,,,,,,,,,,,,local_map_fast,False,12,6978,0,False,False,False,,,,inactive,,,,,,,,,,
front_end,4316842.368968832,True,icp_accepted,2858,1.0,0.061050119123028164,14.26837001054082,8.296650004922412,6.185310005093925,2.680628007510677,1,4,0,,,,,,,,,,,,,,local_map_fast,False,12,6978,0,False,False,False,,,,inactive,,,,,,,,,,
front_end,4316842.468932992,True,icp_accepted,2838,1.0,0.06151406850131569,13.550704010413028,7.899115007603541,5.490577008458786,2.5082139909500256,1,4,0,,,,,,,,,,,,,,local_map_fast,False,12,6978,0,False,False,False,,,,inactive,,,,,,,,,,
front_end,4316842.568912192,True,icp_accepted,2829,1.0,0.0627567568348631,13.58310499927029,7.482984990929253,5.457645995193161,2.95543200627435,1,4,0,,,,,,,,,,,,,,local_map_fast,False,12,6978,0,False,False,False,,,,inactive,,,,,,,,,,
front_end,4316842.668941536,True,icp_accepted,2750,1.0,0.06391707888748671,13.656201001140289,7.864910003263503,5.667598990839906,2.8713850042549893,1,4,0,,,,,,,,,,,,,,local_map_fast,False,12,6978,0,False,False,False,,,,inactive,,,,,,,,,,
front_end,4316842.76899888,True,icp_accepted,2742,1.0,0.06249665948107038,13.562314998125657,7.731679987045936,5.450591997941956,2.956053998786956,1,4,0,,,,,,,,,,,,,,local_map_fast,False,12,6978,0,False,False,False,,,,inactive,,,,,,,,,,
front_end,4316842.868087008,True,icp_accepted,2705,1.0,0.06354455401561383,13.544492991059087,7.624099001986906,5.362177005736157,3.1805449980311096,1,4,0,,,,,,,,,,,,,,local_map_fast,False,12,6978,0,False,False,False,,,,inactive,,,,,,,,,,
front_end,4316842.968085984,True,icp_accepted,2848,1.0,0.0636011628228236,13.69413299835287,7.857806995161809,5.4596789996139705,2.8980049974052235,1,4,0,,,,,,,,,,,,,,local_map_fast,False,12,6978,0,False,False,False,,,,inactive,,,,,,,,,,
front_end,4316843.069028672,True,icp_accepted,2792,1.0,0.06361058239788217,13.067788997432217,7.78823699511122,5.360123002901673,2.339017009944655,1,4,0,,,,,,,,,,,,,,local_map_fast,False,12,6978,0,False,False,False,,,,inactive,,,,,,,,,,
front_end,4316843.16890224,True,icp_accepted,2820,1.0,0.06450379239423855,13.923784004873596,7.8131540067261085,5.692795995855704,2.6322369958506897,1,4,0,,,,,,,,,,,,,,local_map_fast,False,12,6978,0,False,False,False,,,,inactive,,,,,,,,,,
front_end,4316843.268100832,True,icp_accepted,2860,1.0,0.06381335061317134,14.761384009034373,8.83037100720685,6.108405999839306,2.5885049981297925,1,4,0,,,,,,,,,,,,,,local_map_fast,False,12,6978,0,False,False,False,,,,inactive,,,,,,,,,,
front_end,4316843.368140736,True,icp_accepted,2837,1.0,0.06450221076253057,14.778577009565197,8.981655002571642,6.259238987695426,2.3835500032873824,1,4,0,,,,,,,,,,,,,,local_map_fast,False,12,6978,0,False,False,False,,,,inactive,,,,,,,,,,
front_end,4316843.46912032,True,icp_accepted,2834,1.0,0.06324158480078716,13.885501990444027,8.425141000770964,5.900206000660546,2.11730100272689,1,4,0,,,,,,,,,,,,,,local_map_fast,False,12,6978,0,False,False,False,,,,inactive,,,,,,,,,,
front_end,4316843.568992128,True,icp_accepted,2791,1.0,0.06480695745938551,13.838102997397073,8.444196995696984,6.323328998405486,2.3173460067482665,1,4,0,,,,,,,,,,,,,,local_map_fast,False,12,6978,0,False,False,False,,,,inactive,,,,,,,,,,
front_end,4316843.668924416,True,icp_accepted,2828,1.0,0.06445851162479775,13.172103994293138,8.113246993161738,5.6449569965479895,2.3266229982255027,1,4,0,,,,,,,,,,,,,,local_map_fast,False,12,6978,0,False,False,False,,,,inactive,,,,,,,,,,
front_end,4316843.768102368,True,icp_accepted,2848,1.0,0.06519726748202594,13.30363999295514,7.647792997886427,5.504373999428935,2.1386010048445314,1,4,0,,,,,,,,,,,,,,local_map_fast,False,12,6978,0,False,False,False,,,,inactive,,,,,,,,,,
front_end,4316843.868965184,True,icp_accepted,2898,1.0,0.0656517885705944,14.615951993619092,8.478692005155608,5.803484993521124,2.601157990284264,1,4,0,,,,,,,,,,,,,,local_map_fast,False,12,6978,0,False,False,False,,,,inactive,,,,,,,,,,
front_end,4316843.9689408,True,icp_accepted,2866,1.0,0.06639167801636228,13.125255994964391,7.776414990075864,5.378337009460665,1.9689019973156974,1,4,0,,,,,,,,,,,,,,local_map_fast,False,12,6978,0,False,False,False,,,,inactive,,,,,,,,,,
front_end,4316844.068936768,True,icp_accepted,2814,1.0,0.06508363673110691,15.960703996825032,10.467030995641835,7.293859001947567,2.311705000465736,1,4,0,,,,,,,,,,,,,,local_map_fast,False,12,6978,0,False,False,False,,,,inactive,,,,,,,,,,
front_end,4316844.168052352,True,icp_accepted,2834,1.0,0.06596153662376512,13.447530000121333,8.177405994501896,5.7394149916945025,2.226065000286326,1,4,0,,,,,,,,,,,,,,local_map_fast,False,12,6978,0,False,False,False,,,,inactive,,,,,,,,,,
front_end,4316844.26824048,True,icp_accepted,2814,1.0,0.0655566811420114,15.507024014368653,8.989801004645415,6.469432992162183,2.118813994457014,1,4,0,,,,,,,,,,,,,,local_map_fast,False,12,6978,0,False,False,False,,,,inactive,,,,,,,,,,
front_end,4316844.36891984,True,icp_accepted,2893,1.0,0.06538488909968591,16.83272900118027,9.638857009122148,6.859715998871252,2.418856995063834,1,4,0,,,,,,,,,,,,,,local_map_fast,False,12,6978,0,False,False,False,,,,inactive,,,,,,,,,,
front_end,4316844.468986368,True,icp_accepted,2811,1.0,0.06450318126995709,25.38569999160245,17.064022991689853,12.597546010510996,3.6859929969068617,1,4,0,,,,,,,,,,,,,,local_map_fast,False,12,6978,0,False,False,False,,,,inactive,,,,,,,,,,
front_end,4316844.569026336,True,icp_accepted,2826,1.0,0.06590028191731322,14.751976996194571,9.161612004390918,6.6487900039646775,2.123913000104949,1,4,0,,,,,,,,,,,,,,local_map_fast,False,12,6978,0,False,False,False,,,,inactive,,,,,,,,,,
front_end,4316844.668038272,True,icp_accepted,2801,1.0,0.06599122787311344,13.516320002963766,7.967333003762178,5.2567290113074705,2.4178349995054305,1,4,0,,,,,,,,,,,,,,local_map_fast,False,12,6978,0,False,False,False,,,,inactive,,,,,,,,,,
front_end,4316844.768035168,True,icp_accepted,2875,1.0,0.06541980119789396,13.343384998734109,7.926164995296858,5.483162996824831,2.2031219996279106,1,4,0,,,,,,,,,,,,,,local_map_fast,False,12,6978,0,False,False,False,,,,inactive,,,,,,,,,,
front_end,4316844.868861152,True,icp_accepted,2789,1.0,0.06520488302582614,13.010349997784942,7.812691997969523,5.789557995740324,2.0741799962706864,1,4,0,,,,,,,,,,,,,,local_map_fast,False,12,6978,0,False,False,False,,,,inactive,,,,,,,,,,
front_end,4316844.969128864,True,icp_accepted,2833,1.0,0.0660506528754167,12.312852006289177,6.939625003724359,4.872188001172617,2.358013007324189,1,4,0,,,,,,,,,,,,,,local_map_fast,False,12,6978,0,False,False,False,,,,inactive,,,,,,,,,,
front_end,4316845.068024576,True,icp_accepted,2850,1.0,0.06512699977056759,13.181731992517598,8.072810000157915,5.790049995994195,2.10022900137119,1,4,0,,,,,,,,,,,,,,local_map_fast,False,12,6978,0,False,False,False,,,,inactive,,,,,,,,,,
front_end,4316845.168108704,True,icp_accepted,2815,1.0,0.0648558799966551,13.576972996816039,7.978342997375876,5.484585999511182,2.54296998900827,1,4,0,,,,,,,,,,,,,,local_map_fast,False,12,6978,0,False,False,False,,,,inactive,,,,,,,,,,
front_end,4316845.2688744,True,icp_accepted,2871,1.0,0.06609269369957058,13.348876003874466,7.799558006809093,5.433300000731833,2.3769480030750856,1,4,0,,,,,,,,,,,,,,local_map_fast,False,12,6978,0,False,False,False,,,,inactive,,,,,,,,,,
front_end,4316845.368973408,True,icp_accepted,2784,1.0,0.06662513894819092,13.464743009535596,8.010994002688676,5.5412829970009625,2.370355010498315,1,4,0,,,,,,,,,,,,,,local_map_fast,False,12,6978,0,False,False,False,,,,inactive,,,,,,,,,,
front_end,4316845.468903296,True,icp_accepted,2871,1.0,0.06575444395093026,13.288503003423102,7.844823005143553,5.830834998050705,2.007495000725612,1,4,0,,,,,,,,,,,,,,local_map_fast,False,12,6978,0,False,False,False,,,,inactive,,,,,,,,,,
front_end,4316845.568013248,True,icp_accepted,2875,1.0,0.0655387881044794,12.006717995973304,6.939344006241299,4.923603992210701,2.030338000622578,1,4,0,,,,,,,,,,,,,,local_map_fast,False,12,6978,0,False,False,False,,,,inactive,,,,,,,,,,
front_end,4316845.668924608,True,icp_accepted,2780,1.0,0.06634833036520504,13.611549002234824,7.739585998933762,5.363087999285199,1.8946929922094569,1,4,0,,,,,,,,,,,,,,local_map_fast,False,12,6978,0,False,False,False,,,,inactive,,,,,,,,,,
front_end,4316845.768847264,True,icp_accepted,2851,1.0,0.06458380572841446,12.576446999446489,7.694710991927423,5.3353069961303845,1.8966380011988804,1,4,0,,,,,,,,,,,,,,local_map_fast,False,12,6978,0,False,False,False,,,,inactive,,,,,,,,,,
front_end,4316845.86799136,True,icp_accepted,2829,1.0,0.06502766936421311,13.310905007529072,7.815107004716992,5.834012001287192,2.0701730099972337,1,4,0,,,,,,,,,,,,,,local_map_fast,False,12,6978,0,False,False,False,,,,inactive,,,,,,,,,,
front_end,4316845.968999392,True,icp_accepted,2893,1.0,0.06503862148333893,14.72853399172891,8.776389993727207,6.193676003022119,2.53153798985295,1,4,0,,,,,,,,,,,,,,local_map_fast,False,12,6978,0,False,False,False,,,,inactive,,,,,,,,,,
front_end,4316846.068898368,True,icp_accepted,2734,1.0,0.06657614479342679,13.692961001652293,8.033216014155187,5.654033986502327,2.5229120074072853,1,4,0,,,,,,,,,,,,,,local_map_fast,False,12,6978,0,False,False,False,,,,inactive,,,,,,,,,,
front_end,4316846.168004864,True,icp_accepted,2787,1.0,0.06449230445573381,12.328541997703724,6.973569004912861,4.842822003411129,2.2996530024101958,1,4,0,,,,,,,,,,,,,,local_map_fast,False,12,6978,0,False,False,False,,,,inactive,,,,,,,,,,
front_end,4316846.26897552,True,icp_accepted,2778,1.0,0.06532942758195164,12.557702008052729,7.5075200002174824,5.1638550066854805,2.167936007026583,1,4,0,,,,,,,,,,,,,,local_map_fast,False,12,6978,0,False,False,False,,,,inactive,,,,,,,,,,
front_end,4316846.368849216,True,icp_accepted,2859,1.0,0.06515924270717842,13.914707000367343,7.654667002498172,5.367696998291649,2.8314010123722255,1,4,0,,,,,,,,,,,,,,local_map_fast,False,12,6978,0,False,False,False,,,,inactive,,,,,,,,,,
front_end,4316846.467996064,True,icp_accepted,2875,1.0,0.06556426283955137,14.27096500992775,7.995995998498984,5.610422987956554,3.0529360083164647,1,4,0,,,,,,,,,,,,,,local_map_fast,False,12,6978,0,False,False,False,,,,inactive,,,,,,,,,,
front_end,4316846.568937888,True,icp_accepted,2871,1.0,0.06676941205807478,14.756585995201021,8.685840002726763,6.123583996668458,2.899016995797865,1,4,0,,,,,,,,,,,,,,local_map_fast,False,12,6978,0,False,False,False,,,,inactive,,,,,,,,,,
front_end,4316846.668781504,True,icp_accepted,2920,1.0,0.06782120700523094,13.924665996455587,8.153111004503444,5.692245991667733,2.6892129972111434,1,4,0,,,,,,,,,,,,,,local_map_fast,False,12,6978,0,False,False,False,,,,inactive,,,,,,,,,,
front_end,4316846.768042048,True,icp_accepted,2921,1.0,0.06627844706477574,12.794245005352423,7.167562012909912,5.232683994108811,2.263635993585922,1,4,0,,,,,,,,,,,,,,local_map_fast,False,12,6978,0,False,False,False,,,,inactive,,,,,,,,,,
front_end,4316846.868947072,True,icp_accepted,2870,1.0,0.06623717059105545,13.171893995604478,7.737141000689007,5.533699004445225,2.1099969890201464,1,4,0,,,,,,,,,,,,,,local_map_fast,False,12,6978,0,False,False,False,,,,inactive,,,,,,,,,,
front_end,4316846.968838592,True,icp_accepted,2874,1.0,0.06622808230485418,14.839010997093283,9.269354995922185,6.3964269938878715,2.329007998923771,1,4,0,,,,,,,,,,,,,,local_map_fast,False,12,6978,0,False,False,False,,,,inactive,,,,,,,,,,
front_end,4316847.068073376,True,icp_accepted,2808,1.0,0.06518457757456454,15.98569200723432,7.995466003194451,5.6657459936104715,4.63344001036603,1,4,0,,,,,,,,,,,,,,local_map_fast,False,12,6978,0,False,False,False,,,,inactive,,,,,,,,,,
front_end,4316847.16897152,True,icp_accepted,2825,1.0,0.06524043416505529,22.599585994612426,8.434087998466566,5.672178012900986,8.871729005477391,1,4,0,,,,,,,,,,,,,,local_map_fast,False,12,6978,0,False,False,False,,,,inactive,,,,,,,,,,
front_end,4316847.268901536,True,icp_accepted,2789,1.0,0.06629839311218955,25.97033799975179,17.398201001924463,13.368301995797083,4.025359987281263,1,4,0,,,,,,,,,,,,,,local_map_fast,False,12,6978,0,False,False,False,,,,inactive,,,,,,,,,,
front_end,4316847.369026624,True,icp_accepted,2858,1.0,0.06744055825915635,12.99880001170095,7.394429005216807,5.325568010448478,2.454935005516745,1,4,0,,,,,,,,,,,,,,local_map_fast,False,12,6978,0,False,False,False,,,,inactive,,,,,,,,,,
front_end,4316847.46890864,True,icp_accepted,2888,1.0,0.06461173742829154,14.075879997108132,8.74048299738206,5.902669989154674,2.173777000280097,1,4,0,,,,,,,,,,,,,,local_map_fast,False,12,6978,0,False,False,False,,,,inactive,,,,,,,,,,
front_end,4316847.568812832,True,icp_accepted,2754,1.0,0.06519646267509774,13.373673005844466,7.717854998190887,5.423512004199438,2.1746280108345672,1,4,0,,,,,,,,,,,,,,local_map_fast,False,12,6978,0,False,False,False,,,,inactive,,,,,,,,,,
front_end,4316847.668038496,True,icp_accepted,2833,1.0,0.06469730004319646,12.134849996073171,7.419596004183404,5.159918000572361,1.8655989988474175,1,4,0,,,,,,,,,,,,,,local_map_fast,False,12,6978,0,False,False,False,,,,inactive,,,,,,,,,,
front_end,4316847.768869984,True,icp_accepted,2755,1.0,0.06704364236911313,14.77163500385359,7.602008001413196,5.649095008266158,1.940048998221755,1,4,0,,,,,,,,,,,,,,local_map_fast,False,12,6978,0,False,False,False,,,,inactive,,,,,,,,,,
front_end,4316847.8688344,True,icp_accepted,2756,1.0,0.06661999683383182,12.457313991035335,7.7458379964809865,5.366564990254119,1.8084420007653534,1,4,0,,,,,,,,,,,,,,local_map_fast,False,12,6978,0,False,False,False,,,,inactive,,,,,,,,,,
front_end,4316847.968807776,True,icp_accepted,2777,1.0,0.06581971802354572,14.228404994355515,7.275544994627126,5.251890004728921,1.8022899894276634,1,4,0,,,,,,,,,,,,,,local_map_fast,False,12,6978,0,False,False,False,,,,inactive,,,,,,,,,,
front_end,4316848.06885424,True,icp_accepted,2708,1.0,0.06629944839027029,14.498491989797913,7.878335993154906,5.582299010711722,2.6222879969282076,1,4,0,,,,,,,,,,,,,,local_map_fast,False,12,6978,0,False,False,False,,,,inactive,,,,,,,,,,
front_end,4316848.168872768,True,icp_accepted,2725,1.0,0.06555075028496332,14.727642002981156,8.848505996866152,6.179258998599835,2.2221480030566454,1,4,0,,,,,,,,,,,,,,local_map_fast,False,12,6978,0,False,False,False,,,,inactive,,,,,,,,,,
front_end,4316848.268987232,True,icp_accepted,2770,1.0,0.06644333063387307,14.289370010374114,8.734432005439885,6.075935991248116,2.3160839919000864,1,4,0,,,,,,,,,,,,,,local_map_fast,False,12,6978,0,False,False,False,,,,inactive,,,,,,,,,,
front_end,4316848.368792352,True,icp_accepted,2814,1.0,0.06674830339859775,24.31209800124634,8.854927000356838,6.4083489996846765,3.186175992595963,1,4,0,,,,,,,,,,,,,,local_map_fast,True,12,6900,0,False,False,False,,,,inactive,,,,,,,,,,
optimized_backend,,,,,,,,,,,,,,,,,,,,,,,,,,,,,,,,,,,,,,,,,42,41,0,,,,pose_graph,False
front_end,4316848.468827776,True,icp_accepted,2826,1.0,0.06189154786639166,16.25357399461791,9.001091995742172,5.793967007775791,3.667609009426087,1,4,0,,,,,,,,,,,,,,local_map_fast,False,12,6900,0,False,False,False,,,,inactive,,,,,,,,,,
front_end,4316848.769054976,True,icp_accepted,2828,1.0,0.06442934002074124,20.684474002337083,8.271964004961774,6.03566000063438,7.006371000898071,1,6,0,,,,,,,,,,,,,,local_map_fast,False,12,6900,0,False,False,False,,,,inactive,,,,,,,,,,
front_end,4316848.867949184,True,icp_accepted,2838,1.0,0.06266808992983765,18.935483996756375,11.202930996660143,7.766105001792312,4.115158008062281,1,6,0,,,,,,,,,,,,,,local_map_fast,False,12,6900,0,False,False,False,,,,inactive,,,,,,,,,,
front_end,4316848.968941536,True,icp_accepted,2698,1.0,0.06265378629040502,15.238651001709513,8.779345997027121,6.190140004036948,2.9003300005570054,1,6,0,,,,,,,,,,,,,,local_map_fast,False,12,6900,0,False,False,False,,,,inactive,,,,,,,,,,
front_end,4316849.06800016,True,icp_accepted,2772,1.0,0.06250991910334255,14.680123000289313,9.067216000403278,6.860547000542283,2.1275000035529956,1,6,0,,,,,,,,,,,,,,local_map_fast,False,12,6900,0,False,False,False,,,,inactive,,,,,,,,,,
front_end,4316849.168949216,True,icp_accepted,2736,1.0,0.06295971242989128,13.73123298981227,7.84686699626036,5.353631000616588,2.5864709896268323,1,6,0,,,,,,,,,,,,,,local_map_fast,False,12,6900,0,False,False,False,,,,inactive,,,,,,,,,,
front_end,4316849.268815392,True,icp_accepted,2827,1.0,0.06327488359221592,13.851548996171914,8.011546000489034,5.6601260002935305,2.595277997897938,1,6,0,,,,,,,,,,,,,,local_map_fast,False,12,6900,0,False,False,False,,,,inactive,,,,,,,,,,
front_end,4316849.368927584,True,icp_accepted,2807,1.0,0.06437247477789426,13.626105996081606,7.852306996937841,5.861072990228422,2.125476996297948,1,6,0,,,,,,,,,,,,,,local_map_fast,False,12,6900,0,False,False,False,,,,inactive,,,,,,,,,,
front_end,4316849.467966144,True,icp_accepted,2795,1.0,0.0630815458654254,13.395865011261776,7.559529010904953,5.441425004391931,2.2946440003579482,1,6,0,,,,,,,,,,,,,,local_map_fast,False,12,6900,0,False,False,False,,,,inactive,,,,,,,,,,
front_end,4316849.567877472,True,icp_accepted,2840,1.0,0.06404082701629428,13.685386991710402,7.6866359886480495,5.442187000880949,2.2346210025716573,1,6,0,,,,,,,,,,,,,,local_map_fast,False,12,6900,0,False,False,False,,,,inactive,,,,,,,,,,
front_end,4316849.668806688,True,icp_accepted,2745,1.0,0.06523602679735169,13.56101399869658,7.64350600366015,5.360784998629242,2.332545001991093,1,6,0,,,,,,,,,,,,,,local_map_fast,False,12,6900,0,False,False,False,,,,inactive,,,,,,,,,,
front_end,4316849.768988416,True,icp_accepted,2833,1.0,0.06661991294169076,15.081716002896428,7.532527000876144,5.510003989911638,2.181622010539286,1,6,0,,,,,,,,,,,,,,local_map_fast,False,12,6900,0,False,False,False,,,,inactive,,,,,,,,,,
front_end,4316849.867906272,True,icp_accepted,2801,1.0,0.06581513304597623,16.325939999660477,11.067637999076396,7.770423995680176,1.9052629941143095,1,6,0,,,,,,,,,,,,,,local_map_fast,False,12,6900,0,False,False,False,,,,inactive,,,,,,,,,,
front_end,4316849.967955168,True,icp_accepted,2849,1.0,0.06702949645364918,13.170070989872329,7.611635999637656,5.379480004194193,2.4473800003761426,1,6,0,,,,,,,,,,,,,,local_map_fast,False,12,6900,0,False,False,False,,,,inactive,,,,,,,,,,
front_end,4316850.068936576,True,icp_accepted,2890,1.0,0.0677099957465098,13.66768399020657,7.6313729950925335,5.443079004180618,2.55411998659838,1,6,0,,,,,,,,,,,,,,local_map_fast,False,12,6900,0,False,False,False,,,,inactive,,,,,,,,,,
front_end,4316850.168798016,True,icp_accepted,2887,1.0,0.07006364920666669,13.129063998349011,7.54962999781128,5.359192000469193,2.314350989763625,1,6,0,,,,,,,,,,,,,,local_map_fast,False,12,6900,0,False,False,False,,,,inactive,,,,,,,,,,
front_end,4316850.268715968,True,icp_accepted,2918,1.0,0.07088986617623987,13.055035000434145,7.757027997286059,5.575187009526417,2.1996450086589903,1,6,0,,,,,,,,,,,,,,local_map_fast,False,12,6900,0,False,False,False,,,,inactive,,,,,,,,,,
front_end,4316850.368853536,True,icp_accepted,2915,1.0,0.07098519092108299,14.28406999912113,7.896670998889022,5.913531000260264,1.843498001107946,1,6,0,,,,,,,,,,,,,,local_map_fast,False,12,6900,0,False,False,False,,,,inactive,,,,,,,,,,
front_end,4316850.46884288,True,icp_accepted,2939,1.0,0.07084167968794931,13.199004999478348,8.00998299382627,5.61138401099015,2.170711013604887,1,6,0,,,,,,,,,,,,,,local_map_fast,False,12,6900,0,False,False,False,,,,inactive,,,,,,,,,,
front_end,4316850.568732544,True,icp_accepted,2910,1.0,0.07236355763071715,13.09551099257078,7.800900988513604,5.614611000055447,2.2632850013906136,1,6,0,,,,,,,,,,,,,,local_map_fast,False,12,6900,0,False,False,False,,,,inactive,,,,,,,,,,
front_end,4316850.667917024,True,icp_accepted,2951,1.0,0.07109757966843071,12.988590999157168,7.383858988760039,5.392663995735347,1.9949220004491508,1,6,0,,,,,,,,,,,,,,local_map_fast,False,12,6900,0,False,False,False,,,,inactive,,,,,,,,,,
front_end,4316850.768722816,True,icp_accepted,2933,1.0,0.07202442831494509,15.07296999625396,10.04537999688182,7.428582001011819,1.9623300031526014,1,6,0,,,,,,,,,,,,,,local_map_fast,False,12,6900,0,False,False,False,,,,inactive,,,,,,,,,,
front_end,4316850.868742688,True,icp_accepted,2917,1.0,0.07423897126862228,13.13789100095164,7.509033996029757,5.311772009008564,2.1643599902745336,1,6,0,,,,,,,,,,,,,,local_map_fast,False,12,6900,0,False,False,False,,,,inactive,,,,,,,,,,
front_end,4316850.968887552,True,icp_accepted,2939,1.0,0.07316622353107166,12.924601003760472,7.509885006584227,5.342560994904488,2.092675000312738,1,6,0,,,,,,,,,,,,,,local_map_fast,False,12,6900,0,False,False,False,,,,inactive,,,,,,,,,,
front_end,4316851.068818496,True,icp_accepted,2942,1.0,0.07495241578487469,13.445147007587366,7.619220006745309,5.377595996833406,2.8158209897810593,1,6,0,,,,,,,,,,,,,,local_map_fast,False,12,6900,0,False,False,False,,,,inactive,,,,,,,,,,
front_end,4316851.167949024,True,icp_accepted,2940,1.0,0.07608634284830518,13.651593995746225,7.679563001147471,5.425255003501661,2.725180995184928,1,6,0,,,,,,,,,,,,,,local_map_fast,False,12,6900,0,False,False,False,,,,inactive,,,,,,,,,,
front_end,4316851.268863968,True,icp_accepted,2866,1.0,0.0750238757926243,13.060705998213962,7.706803997280076,5.505766996066086,2.3590550117660314,1,6,0,,,,,,,,,,,,,,local_map_fast,False,12,6900,0,False,False,False,,,,inactive,,,,,,,,,,
front_end,4316851.368805312,True,icp_accepted,2948,1.0,0.07679036694728814,13.26781400712207,7.62962999579031,5.30394799716305,2.6057080103782937,1,6,0,,,,,,,,,,,,,,local_map_fast,False,12,6900,0,False,False,False,,,,inactive,,,,,,,,,,
front_end,4316851.46868464,True,icp_accepted,3002,1.0,0.0775074514308227,13.952979992609471,8.064355002716184,5.816869001137093,2.5444630009587854,1,6,0,,,,,,,,,,,,,,local_map_fast,False,12,6900,0,False,False,False,,,,inactive,,,,,,,,,,
front_end,4316851.567887328,True,icp_accepted,2940,1.0,0.07658651301929001,12.864989010267891,6.63075600459706,4.661882994696498,3.119330998742953,1,6,0,,,,,,,,,,,,,,local_map_fast,False,12,6900,0,False,False,False,,,,inactive,,,,,,,,,,
front_end,4316851.668696704,True,icp_accepted,2973,1.0,0.07548346251198697,15.476718006539159,7.6324950059643015,5.677317996742204,2.955903997644782,1,6,0,,,,,,,,,,,,,,local_map_fast,True,12,6811,0,False,False,False,,,,inactive,,,,,,,,,,
front_end,4316851.768925568,True,icp_accepted,2945,1.0,0.06175216756113226,13.344578997930512,7.706755000981502,5.511506999027915,2.539782988606021,1,6,0,,,,,,,,,,,,,,local_map_fast,False,12,6811,0,False,False,False,,,,inactive,,,,,,,,,,
front_end,4316851.868833024,True,icp_accepted,2986,1.0,0.061756181536372017,13.486584997735918,7.997109001735225,5.515383993042633,2.2666010045213625,1,6,0,,,,,,,,,,,,,,local_map_fast,False,12,6811,0,False,False,False,,,,inactive,,,,,,,,,,
front_end,4316851.968902912,True,icp_accepted,2921,1.0,0.060862351622104474,13.947870000265539,7.832739996956661,5.534809999517165,2.711786000872962,1,6,0,,,,,,,,,,,,,,local_map_fast,False,12,6811,0,False,False,False,,,,inactive,,,,,,,,,,
front_end,4316852.068739968,True,icp_accepted,2923,1.0,0.061330724119451674,14.224418991943821,7.580146993859671,5.5154250003397465,3.1545859965262935,1,6,0,,,,,,,,,,,,,,local_map_fast,False,12,6811,0,False,False,False,,,,inactive,,,,,,,,,,
front_end,4316852.16885984,True,icp_accepted,2880,1.0,0.06238045075047599,13.923714999691583,6.938634003745392,4.928373004077002,2.7981179882772267,1,6,0,,,,,,,,,,,,,,local_map_fast,False,12,6811,0,False,False,False,,,,inactive,,,,,,,,,,
optimized_backend,,,,,,,,,,,,,,,,,,,,,,,,,,,,,,,,,,,,,,,,,43,42,0,,,,pose_graph,False
front_end,4316852.268849024,True,icp_accepted,2853,1.0,0.06268171076764928,14.014554995810613,8.120530997985043,5.6330349907511845,2.584236004622653,1,6,0,,,,,,,,,,,,,,local_map_fast,False,12,6811,0,False,False,False,,,,inactive,,,,,,,,,,
front_end,4316852.368966112,True,icp_accepted,2942,1.0,0.0640956134874789,17.80885100015439,11.197100990102626,8.129337991704233,3.4126410027965903,1,6,0,,,,,,,,,,,,,,local_map_fast,False,12,6811,0,False,False,False,,,,inactive,,,,,,,,,,
front_end,4316852.46792128,True,icp_accepted,3005,1.0,0.06440658890080869,14.371865996508859,8.410303998971358,5.995534986141138,2.735981994192116,1,6,0,,,,,,,,,,,,,,local_map_fast,False,12,6811,0,False,False,False,,,,inactive,,,,,,,,,,
front_end,4316852.568870656,True,icp_accepted,2947,1.0,0.0643581761825092,13.75747199926991,7.5047549908049405,5.258573000901379,3.1241190008586273,1,6,0,,,,,,,,,,,,,,local_map_fast,False,12,6811,0,False,False,False,,,,inactive,,,,,,,,,,
front_end,4316852.668906016,True,icp_accepted,3000,1.0,0.06255407708283123,15.066107007442042,7.399588008411229,5.248242989182472,2.6961569965351373,1,6,0,,,,,,,,,,,,,,local_map_fast,True,12,6698,0,False,False,False,,,,inactive,,,,,,,,,,
front_end,4316852.7688976,True,icp_accepted,3005,1.0,0.060756373907476326,12.57111800077837,6.97688500804361,5.046824997407384,2.4019749980652705,1,6,0,,,,,,,,,,,,,,local_map_fast,False,12,6698,0,False,False,False,,,,inactive,,,,,,,,,,
front_end,4316852.868752288,True,icp_accepted,3035,1.0,0.06051079411888094,14.212606998626143,8.132562987157144,5.798596001113765,2.774193009827286,1,6,0,,,,,,,,,,,,,,local_map_fast,False,12,6698,0,False,False,False,,,,inactive,,,,,,,,,,
front_end,4316852.967856448,True,icp_accepted,2871,1.0,0.06208419271412891,14.117829006863758,7.948908998514526,5.728645002818666,2.7274549938738346,1,6,0,,,,,,,,,,,,,,local_map_fast,False,12,6698,0,False,False,False,,,,inactive,,,,,,,,,,
front_end,4316853.068763616,True,icp_accepted,2910,1.0,0.06222283664799498,14.238534989999607,8.376389989280142,5.671827995683998,2.670628993655555,1,6,0,,,,,,,,,,,,,,local_map_fast,False,12,6698,0,False,False,False,,,,inactive,,,,,,,,,,
front_end,4316853.168728672,True,icp_accepted,2936,1.0,0.0641092855533819,15.702340999268927,8.231970001361333,5.913852000958286,3.430204000324011,1,6,0,,,,,,,,,,,,,,local_map_fast,False,12,6698,0,False,False,False,,,,inactive,,,,,,,,,,
front_end,4316853.26893968,True,icp_accepted,2930,1.0,0.06485096190002848,14.173724004649557,8.27621300413739,5.931144012720324,2.1466360049089417,1,6,0,,,,,,,,,,,,,,local_map_fast,False,12,6698,0,False,False,False,,,,inactive,,,,,,,,,,
front_end,4316853.367832736,True,icp_accepted,2925,1.0,0.06397021712589762,12.784008009475656,6.9691820099251345,4.899990002741106,2.5805600016610697,1,6,0,,,,,,,,,,,,,,local_map_fast,False,12,6698,0,False,False,False,,,,inactive,,,,,,,,,,
front_end,4316853.468737056,True,icp_accepted,2950,1.0,0.06510680770443741,14.064558999962173,7.9287709959317,5.599411990260705,2.7460799901746213,1,6,0,,,,,,,,,,,,,,local_map_fast,False,12,6698,0,False,False,False,,,,inactive,,,,,,,,,,
front_end,4316853.568906592,True,icp_accepted,3002,1.0,0.0651471973125822,15.330083013395779,8.781120006460696,6.168648993480019,2.860876003978774,1,6,0,,,,,,,,,,,,,,local_map_fast,False,12,6698,0,False,False,False,,,,inactive,,,,,,,,,,
optimized_backend,,,,,,,,,,,,,,,,,,,,,,,,,,,,,,,,,,,,,,,,,44,43,0,,,,pose_graph,False
front_end,4316853.668850208,True,icp_accepted,2952,1.0,0.06394538121231466,15.977236995240673,8.190010994439945,5.712894999305718,2.7968260110355914,1,6,0,,,,,,,,,,,,,,local_map_fast,True,12,6569,0,False,False,False,,,,inactive,,,,,,,,,,
front_end,4316853.768714528,True,icp_accepted,3002,1.0,0.06142185368717206,13.009520000196062,7.845204003388062,5.497109988937154,2.1965399937471375,1,6,0,,,,,,,,,,,,,,local_map_fast,False,12,6569,0,False,False,False,,,,inactive,,,,,,,,,,
front_end,4316853.868647008,True,icp_accepted,2936,1.0,0.06104694672809889,14.177611010381952,7.995667008799501,5.5230889993254095,2.5249460013583302,1,6,0,,,,,,,,,,,,,,local_map_fast,False,12,6569,0,False,False,False,,,,inactive,,,,,,,,,,
front_end,4316853.968748192,True,icp_accepted,2898,1.0,0.062192682690501565,12.496827999711968,7.053970010019839,4.989968991139904,2.3324649955611676,1,6,0,,,,,,,,,,,,,,local_map_fast,False,12,6569,0,False,False,False,,,,inactive,,,,,,,,,,
front_end,4316854.068659968,True,icp_accepted,2852,1.0,0.06310242813731172,13.905369996791705,8.077268998022191,5.559377008466981,2.716454997425899,1,6,0,,,,,,,,,,,,,,local_map_fast,False,12,6569,0,False,False,False,,,,inactive,,,,,,,,,,
front_end,4316854.16891424,True,icp_accepted,2823,1.0,0.06581563654050539,14.725568995345384,7.273833005456254,5.070640007033944,2.4558560107834637,1,6,0,,,,,,,,,,,,,,local_map_fast,True,12,6413,0,False,False,False,,,,inactive,,,,,,,,,,
front_end,4316854.267867168,True,icp_accepted,2871,1.0,0.06132051700515171,14.644066002801992,7.520965998992324,5.520875012734905,2.0120739936828613,1,6,0,,,,,,,,,,,,,,local_map_fast,False,12,6413,0,False,False,False,,,,inactive,,,,,,,,,,
optimized_backend,,,,,,,,,,,,,,,,,,,,,,,,,,,,,,,,,,,,,,,,,45,44,0,,,,pose_graph,False
front_end,4316854.368723264,True,icp_accepted,2772,1.0,0.06212271675349953,19.4770200032508,11.182162998011336,7.945723002194427,2.385485000559129,1,6,0,,,,,,,,,,,,,,local_map_fast,False,12,6413,0,False,False,False,,,,inactive,,,,,,,,,,
front_end,4316854.467898592,True,icp_accepted,2871,1.0,0.061190786707234754,14.110977004747838,8.0750660126796,5.65734101110138,2.77457399351988,1,6,0,,,,,,,,,,,,,,local_map_fast,False,12,6413,0,False,False,False,,,,inactive,,,,,,,,,,
front_end,4316854.568815712,True,icp_accepted,2803,1.0,0.06170181469778473,14.609902005759068,6.927072012331337,4.752003005705774,2.674786010175012,1,6,0,,,,,,,,,,,,,,local_map_fast,True,12,6252,0,False,False,False,,,,inactive,,,,,,,,,,
front_end,4316854.668707808,True,icp_accepted,2909,1.0,0.06107077868387517,16.16893599566538,8.304596005473286,5.747830000473186,2.6755989965749905,1,6,0,,,,,,,,,,,,,,local_map_fast,False,12,6252,0,False,False,False,,,,inactive,,,,,,,,,,
optimized_backend,,,,,,,,,,,,,,,,,,,,,,,,,,,,,,,,,,,,,,,,,46,45,0,,,,pose_graph,False
front_end,4316854.76883776,True,icp_accepted,2879,1.0,0.06093535836478028,15.985731995897368,8.345152004039846,5.957463989034295,2.300014006323181,1,6,0,,,,,,,,,,,,,,local_map_fast,False,12,6252,0,False,False,False,,,,inactive,,,,,,,,,,
front_end,4316854.868727264,True,icp_accepted,2793,1.0,0.060818418255777884,16.780853999080136,8.997936005471274,6.513977001304738,2.133150992449373,1,6,0,,,,,,,,,,,,,,local_map_fast,True,12,6105,0,False,False,False,,,,inactive,,,,,,,,,,
front_end,4316854.968625472,True,icp_accepted,2806,1.0,0.06161910618042704,14.016108005307615,8.220398012781516,5.923980992520228,2.1950570080662146,1,6,0,,,,,,,,,,,,,,local_map_fast,False,12,6105,0,False,False,False,,,,inactive,,,,,,,,,,
front_end,4316855.068875104,True,icp_accepted,2777,1.0,0.06193890257571258,17.59292700444348,9.356278998893686,6.620717991609126,2.712919012992643,1,6,0,,,,,,,,,,,,,,local_map_fast,False,12,6105,0,False,False,False,,,,inactive,,,,,,,,,,
front_end,4316855.168711776,True,icp_accepted,2765,1.0,0.06261552714449459,22.53868299885653,7.724817987764254,5.5399199918610975,2.557816987973638,1,6,0,,,,,,,,,,,,,,local_map_fast,True,12,6006,0,False,False,False,,,,inactive,,,,,,,,,,
optimized_backend,,,,,,,,,,,,,,,,,,,,,,,,,,,,,,,,,,,,,,,,,47,46,0,,,,pose_graph,False
front_end,4316855.268760544,True,icp_accepted,2591,1.0,0.06024228288824909,17.802621005102992,11.710824997862801,8.939485996961594,2.2850160021334887,1,6,0,,,,,,,,,,,,,,local_map_fast,False,12,6006,0,False,False,False,,,,inactive,,,,,,,,,,
front_end,4316855.368770976,True,icp_accepted,2671,1.0,0.06028567505149486,18.2671520014992,10.056472005089745,6.880134009406902,2.1527579956455156,1,6,0,,,,,,,,,,,,,,local_map_fast,False,12,6006,0,False,False,False,,,,inactive,,,,,,,,,,
front_end,4316855.468806144,True,icp_accepted,2679,1.0,0.06048346223999624,21.556179999606684,11.184066999703646,7.423312999890186,2.9405649984255433,1,6,0,,,,,,,,,,,,,,local_map_fast,True,12,5767,0,False,False,False,,,,inactive,,,,,,,,,,
front_end,4316855.568913632,True,icp_accepted,2565,1.0,0.059671932211881946,16.267801998765208,9.209944008034654,6.088499998440966,2.470703999279067,1,6,0,,,,,,,,,,,,,,local_map_fast,False,12,5767,0,False,False,False,,,,inactive,,,,,,,,,,
optimized_backend,,,,,,,,,,,,,,,,,,,,,,,,,,,,,,,,,,,,,,,,,48,47,0,,,,pose_graph,False
front_end,4316855.667824416,True,icp_accepted,2736,1.0,0.06091009923633677,19.381471996894106,12.999272003071383,10.011537000536919,2.3860049986978993,1,6,0,,,,,,,,,,,,,,local_map_fast,False,12,5767,0,False,False,False,,,,inactive,,,,,,,,,,
front_end,4316855.768700608,True,icp_accepted,2564,1.0,0.061672094151984005,16.12481400661636,7.920396004919894,5.857497002580203,1.944276998983696,1,6,0,,,,,,,,,,,,,,local_map_fast,True,12,5639,0,False,False,False,,,,inactive,,,,,,,,,,
front_end,4316855.868667968,True,icp_accepted,2608,1.0,0.06067723103351389,13.436200999421999,7.91193000623025,5.808083995361812,2.046789013547823,1,6,0,,,,,,,,,,,,,,local_map_fast,False,12,5639,0,False,False,False,,,,inactive,,,,,,,,,,
front_end,4316855.968792608,True,icp_accepted,2568,1.0,0.0606307084954105,15.303763997508213,7.58093899639789,5.373990003135987,2.3826489923521876,1,6,0,,,,,,,,,,,,,,local_map_fast,False,12,5639,0,False,False,False,,,,inactive,,,,,,,,,,
optimized_backend,,,,,,,,,,,,,,,,,,,,,,,,,,,,,,,,,,,,,,,,,49,48,0,,,,pose_graph,False
front_end,4316856.068828544,True,icp_accepted,2397,1.0,0.06048249160141661,19.73555599397514,11.55712699983269,8.31596800708212,2.5294039951404557,1,6,0,,,,,,,,,,,,,,local_map_fast,False,12,5639,0,False,False,False,,,,inactive,,,,,,,,,,
front_end,4316856.16860256,True,icp_accepted,2439,1.0,0.062312354720360244,15.238691994454712,7.752239995170385,5.292215995723382,2.507323006284423,1,6,0,,,,,,,,,,,,,,local_map_fast,True,12,5533,0,False,False,False,,,,inactive,,,,,,,,,,
front_end,4316856.268696992,True,icp_accepted,2190,1.0,0.059164166194816604,14.879398004268296,9.124493997660466,6.724471997586079,2.374333009356633,1,6,0,,,,,,,,,,,,,,local_map_fast,False,12,5533,0,False,False,False,,,,inactive,,,,,,,,,,
front_end,4316856.368718976,True,icp_accepted,2280,1.0,0.061538385746600914,14.876221990562044,8.723581995582208,6.576144005521201,2.231505000963807,1,6,0,,,,,,,,,,,,,,local_map_fast,False,12,5533,0,False,False,False,,,,inactive,,,,,,,,,,
front_end,4316856.468889088,True,icp_accepted,2264,1.0,0.0605594611480612,16.87634299742058,9.303348997491412,6.913506003911607,1.9620399980340153,1,6,0,,,,,,,,,,,,,,local_map_fast,True,12,5398,0,False,False,False,,,,inactive,,,,,,,,,,
optimized_backend,,,,,,,,,,,,,,,,,,,,,,,,,,,,,,,,,,,,,,,,,50,49,0,,,,pose_graph,False
front_end,4316856.567828128,True,icp_accepted,2275,1.0,0.05974412360670138,14.75608600594569,8.85462800215464,6.558281005709432,2.2770299983676523,1,6,0,,,,,,,,,,,,,,local_map_fast,False,12,5398,0,False,False,False,,,,inactive,,,,,,,,,,
front_end,4316856.668705408,True,icp_accepted,2295,1.0,0.05846879368870068,15.382830999442376,9.143578994553536,6.4544360066065565,2.0386530086398125,1,6,0,,,,,,,,,,,,,,local_map_fast,False,12,5398,0,False,False,False,,,,inactive,,,,,,,,,,
front_end,4316856.768569632,True,icp_accepted,2243,1.0,0.061024501365229744,18.295574991498142,11.125205986900255,7.0019929989939556,1.8243509985040873,1,6,0,,,,,,,,,,,,,,local_map_fast,True,12,5286,0,False,False,False,,,,inactive,,,,,,,,,,
front_end,4316856.868855296,True,icp_accepted,2280,1.0,0.05937502341337126,15.935880001052283,9.44276100199204,6.966496002860367,1.5671599976485595,1,6,0,,,,,,,,,,,,,,local_map_fast,False,12,5286,0,False,False,False,,,,inactive,,,,,,,,,,
optimized_backend,,,,,,,,,,,,,,,,,,,,,,,,,,,,,,,,,,,,,,,,,51,50,0,,,,pose_graph,False
front_end,4316856.968669536,True,icp_accepted,2270,1.0,0.06252174605880235,16.285153993521817,10.051722987554967,7.071964006172493,1.8746560090221465,1,6,0,,,,,,,,,,,,,,local_map_fast,False,12,5286,0,False,False,False,,,,inactive,,,,,,,,,,
front_end,4316857.068582944,True,icp_accepted,2223,1.0,0.059954841134569836,16.275686997687444,8.350182004505768,6.020883010933176,2.290415999596007,1,6,0,,,,,,,,,,,,,,local_map_fast,True,12,5176,0,False,False,False,,,,inactive,,,,,,,,,,
front_end,4316857.1678616,True,icp_accepted,2274,1.0,0.06313289599087946,15.15105800353922,8.959605009295046,6.684186999336816,1.8257549963891506,1,6,0,,,,,,,,,,,,,,local_map_fast,False,12,5176,0,False,False,False,,,,inactive,,,,,,,,,,
front_end,4316857.26889968,True,icp_accepted,2203,1.0,0.062279874405390526,14.727943009347655,8.075917008682154,5.757719001849182,1.7655609990470111,1,6,0,,,,,,,,,,,,,,local_map_fast,False,12,5176,0,False,False,False,,,,inactive,,,,,,,,,,
optimized_backend,,,,,,,,,,,,,,,,,,,,,,,,,,,,,,,,,,,,,,,,,52,51,0,,,,pose_graph,False
front_end,4316857.372061536,True,icp_accepted,2311,1.0,0.06397567505595556,18.422503999317996,9.61453300260473,6.742807003320195,1.98933100909926,1,6,0,,,,,,,,,,,,,,local_map_fast,True,12,5124,0,False,False,False,,,,inactive,,,,,,,,,,
front_end,4316857.468746656,True,icp_accepted,2227,1.0,0.06002938914412277,16.92373199330177,10.630057004163973,7.312264991924167,1.9976460025645792,1,6,0,,,,,,,,,,,,,,local_map_fast,False,12,5124,0,False,False,False,,,,inactive,,,,,,,,,,
front_end,4316857.56866784,True,icp_accepted,2325,1.0,0.06165949640016734,15.476458007469773,8.2919730048161,6.047792994650081,2.3174770030891523,1,6,0,,,,,,,,,,,,,,local_map_fast,False,12,5124,0,False,False,False,,,,inactive,,,,,,,,,,
front_end,4316857.668610624,True,icp_accepted,2302,1.0,0.06086279164107768,18.11254199128598,9.403406991623342,6.145546009065583,1.88294101099018,1,6,0,,,,,,,,,,,,,,local_map_fast,True,12,4997,0,False,False,False,,,,inactive,,,,,,,,,,
optimized_backend,,,,,,,,,,,,,,,,,,,,,,,,,,,,,,,,,,,,,,,,,53,52,0,,,,pose_graph,False
front_end,4316857.768825472,True,icp_accepted,2256,1.0,0.059121432444922684,19.24111900734715,10.95668000925798,7.551604008767754,3.268169006332755,1,6,0,,,,,,,,,,,,,,local_map_fast,False,12,4997,0,False,False,False,,,,inactive,,,,,,,,,,
front_end,4316857.8686544,True,icp_accepted,2285,1.0,0.05933551872899025,14.711583004100248,9.451166013604961,6.883120004204102,1.3198559900047258,1,6,0,,,,,,,,,,,,,,local_map_fast,False,12,4997,0,False,False,False,,,,inactive,,,,,,,,,,
front_end,4316857.96887344,True,icp_accepted,2212,1.0,0.05920774534124862,16.366968004149385,8.649062001495622,6.191041000420228,2.0949689933331683,1,6,0,,,,,,,,,,,,,,local_map_fast,False,12,4997,0,False,False,False,,,,inactive,,,,,,,,,,
front_end,4316858.068670464,True,icp_accepted,2242,1.0,0.06151813662879998,17.01255899388343,8.650764997582883,6.247638011700474,2.3805350065231323,1,6,0,,,,,,,,,,,,,,local_map_fast,True,12,4977,0,False,False,False,,,,inactive,,,,,,,,,,
front_end,4316858.168649792,True,icp_accepted,2266,1.0,0.06063364476330231,13.619575009215623,7.211496005766094,5.155378996278159,2.2406220086850226,1,6,0,,,,,,,,,,,,,,local_map_fast,False,12,4977,0,False,False,False,,,,inactive,,,,,,,,,,
optimized_backend,,,,,,,,,,,,,,,,,,,,,,,,,,,,,,,,,,,,,,,,,54,53,0,,,,pose_graph,False
front_end,4316858.268548576,True,icp_accepted,2246,1.0,0.0618246740186776,16.744536012993194,10.753649999969639,6.9453970063477755,1.7045769927790388,1,6,0,,,,,,,,,,,,,,local_map_fast,False,12,4977,0,False,False,False,,,,inactive,,,,,,,,,,
front_end,4316858.36880112,True,icp_accepted,2247,1.0,0.06504787303670788,16.343113005859777,7.893846006481908,5.789157992694527,1.9313929951749742,1,6,0,,,,,,,,,,,,,,local_map_fast,True,12,4929,0,False,False,False,,,,inactive,,,,,,,,,,
front_end,4316858.468611456,True,icp_accepted,2190,1.0,0.06111618684944496,14.206826002919115,8.126963002723642,5.965439006104134,1.7094259965233505,1,6,0,,,,,,,,,,,,,,local_map_fast,False,12,4929,0,False,False,False,,,,inactive,,,,,,,,,,
front_end,4316858.568787136,True,icp_accepted,2322,1.0,0.061250402586926884,14.926525996997952,8.200370997656137,5.895627997233532,2.3439359938493,1,6,0,,,,,,,,,,,,,,local_map_fast,False,12,4929,0,False,False,False,,,,inactive,,,,,,,,,,
optimized_backend,,,,,,,,,,,,,,,,,,,,,,,,,,,,,,,,,,,,,,,,,55,54,0,,,,pose_graph,False
front_end,4316858.668756544,True,icp_accepted,2270,1.0,0.06003698840752366,18.22908098984044,9.764824993908405,7.230552000692114,2.2956759930821136,1,6,0,,,,,,,,,,,,,,local_map_fast,True,12,4759,0,False,False,False,,,,inactive,,,,,,,,,,
front_end,4316858.768654528,True,icp_accepted,2313,1.0,0.06119483188010375,14.691434989799745,8.606652991147712,6.033657002262771,1.8711590091697872,1,6,0,,,,,,,,,,,,,,local_map_fast,False,12,4759,0,False,False,False,,,,inactive,,,,,,,,,,
front_end,4316858.868801536,True,icp_accepted,2322,1.0,0.06130873975220161,13.84315399627667,8.428588989772834,6.09063399315346,1.704416994471103,1,6,0,,,,,,,,,,,,,,local_map_fast,False,12,4759,0,False,False,False,,,,inactive,,,,,,,,,,
front_end,4316858.968768256,True,icp_accepted,2358,1.0,0.059823491371538834,13.486987008946016,8.205140009522438,5.93977099924814,1.7416770133422688,1,6,0,,,,,,,,,,,,,,local_map_fast,False,12,4759,0,False,False,False,,,,inactive,,,,,,,,,,
front_end,4316859.068633408,True,icp_accepted,2349,1.0,0.060080009640871374,17.064515996025875,8.808440994471312,6.52137199358549,1.923678006278351,1,6,0,,,,,,,,,,,,,,local_map_fast,True,12,4730,0,False,False,False,,,,inactive,,,,,,,,,,
optimized_backend,,,,,,,,,,,,,,,,,,,,,,,,,,,,,,,,,,,,,,,,,56,55,0,,,,pose_graph,False
front_end,4316859.16851664,True,icp_accepted,2400,1.0,0.06261343231250281,16.38761701178737,9.736131003592163,6.790676998207346,2.381255995715037,1,6,0,,,,,,,,,,,,,,local_map_fast,False,12,4730,0,False,False,False,,,,inactive,,,,,,,,,,
front_end,4316859.268760064,True,icp_accepted,2376,1.0,0.06328143585060465,14.909805002389476,9.199684995110147,6.215697998413816,1.6304979944834486,1,6,0,,,,,,,,,,,,,,local_map_fast,False,12,4730,0,False,False,False,,,,inactive,,,,,,,,,,
front_end,4316859.368714656,True,icp_accepted,2389,1.0,0.0663719503975003,14.922227986971848,8.514158995239995,6.058743994799443,1.8899440037785098,1,6,0,,,,,,,,,,,,,,local_map_fast,False,12,4730,0,False,False,False,,,,inactive,,,,,,,,,,
front_end,4316859.468815008,True,icp_accepted,2375,1.0,0.06532990117671378,13.654941009008326,8.050299002206884,5.6718980049481615,1.9176469941157848,1,6,0,,,,,,,,,,,,,,local_map_fast,False,12,4730,0,False,False,False,,,,inactive,,,,,,,,,,
front_end,4316859.568707424,True,icp_accepted,2444,1.0,0.062576645341955,15.946719999192283,7.889036991400644,5.815308002638631,2.6825009990716353,1,6,0,,,,,,,,,,,,,,local_map_fast,True,12,4693,0,False,False,False,,,,inactive,,,,,,,,,,
front_end,4316859.668587072,True,icp_accepted,2420,1.0,0.060362720828607615,16.227375992457382,10.412349001853727,7.494406992918812,1.898731992696412,1,6,0,,,,,,,,,,,,,,local_map_fast,False,12,4693,0,False,False,False,,,,inactive,,,,,,,,,,
front_end,4316859.768790336,True,icp_accepted,2502,1.0,0.05979337053982056,14.46363900322467,8.21364599687513,5.904064004425891,2.529876001062803,1,6,0,,,,,,,,,,,,,,local_map_fast,False,12,4693,0,False,False,False,,,,inactive,,,,,,,,,,
front_end,4316859.868749408,True,icp_accepted,2432,1.0,0.059139746416013814,14.54778600600548,8.474485002807342,5.922267999267206,1.6685289883753285,1,6,0,,,,,,,,,,,,,,local_map_fast,False,12,4693,0,False,False,False,,,,inactive,,,,,,,,,,
optimized_backend,,,,,,,,,,,,,,,,,,,,,,,,,,,,,,,,,,,,,,,,,57,56,0,,,,pose_graph,False
front_end,4316859.968623808,True,icp_accepted,2520,1.0,0.058810967682381705,15.77666100638453,8.959946004324593,6.409141002222896,2.1224399970378727,1,6,0,,,,,,,,,,,,,,local_map_fast,False,12,4693,0,False,False,False,,,,inactive,,,,,,,,,,
front_end,4316860.0687776,True,icp_accepted,2483,1.0,0.05970434946654077,14.288289996329695,8.272075996501371,6.042412991519086,2.277591993333772,1,6,0,,,,,,,,,,,,,,local_map_fast,False,12,4693,0,False,False,False,,,,inactive,,,,,,,,,,
front_end,4316860.16871888,True,icp_accepted,2477,1.0,0.0633984274285878,15.760050009703264,9.073989000171423,6.765450001694262,2.456468006130308,1,6,0,,,,,,,,,,,,,,local_map_fast,False,12,4693,0,False,False,False,,,,inactive,,,,,,,,,,
front_end,4316860.268808832,True,icp_accepted,2466,1.0,0.06467046849587842,14.644377006334253,8.813841006485745,6.5680489933583885,1.9501979986671358,1,6,0,,,,,,,,,,,,,,local_map_fast,False,12,4693,0,False,False,False,,,,inactive,,,,,,,,,,
front_end,4316860.368776704,True,icp_accepted,2495,1.0,0.0682484244828652,14.766756998142228,9.121709008468315,6.594819002202712,1.9170360028510913,1,6,0,,,,,,,,,,,,,,local_map_fast,False,12,4693,0,False,False,False,,,,inactive,,,,,,,,,,
front_end,4316860.46859056,True,icp_accepted,2485,1.0,0.06531954139211146,14.093624995439313,8.140488993376493,5.951112005277537,2.1935740078333765,1,6,0,,,,,,,,,,,,,,local_map_fast,False,12,4693,0,False,False,False,,,,inactive,,,,,,,,,,
front_end,4316860.568686912,True,icp_accepted,2480,1.0,0.06061453612713533,13.489662000210956,7.249137008329853,5.125162992044352,2.4739399959798902,1,6,0,,,,,,,,,,,,,,local_map_fast,False,12,4693,0,False,False,False,,,,inactive,,,,,,,,,,
front_end,4316860.668786688,True,icp_accepted,2496,1.0,0.0614305953548757,15.97698699333705,8.219616996939294,5.841786987730302,2.536047002649866,1,6,0,,,,,,,,,,,,,,local_map_fast,True,12,4557,0,False,False,False,,,,inactive,,,,,,,,,,
front_end,4316860.768704192,True,icp_accepted,2469,1.0,0.05895801979186924,14.273392007453367,8.537443005479872,6.189079009345733,1.9810049998341128,1,6,0,,,,,,,,,,,,,,local_map_fast,False,12,4557,0,False,False,False,,,,inactive,,,,,,,,,,
front_end,4316860.868468928,True,icp_accepted,2481,1.0,0.059389098008694276,15.236719002132304,9.488247000263073,7.121998001821339,2.1515760017791763,1,6,0,,,,,,,,,,,,,,local_map_fast,False,12,4557,0,False,False,False,,,,inactive,,,,,,,,,,
front_end,4316860.968729408,True,icp_accepted,2529,1.0,0.05894571867849624,13.4594039991498,8.255473992903717,5.79823499720078,1.6433229902759194,1,6,0,,,,,,,,,,,,,,local_map_fast,False,12,4557,0,False,False,False,,,,inactive,,,,,,,,,,
front_end,4316861.068733152,True,icp_accepted,2572,1.0,0.059891090075264705,18.97875699796714,11.812214987003244,8.721617996343412,2.6197739935014397,1,6,0,,,,,,,,,,,,,,local_map_fast,False,12,4557,0,False,False,False,,,,inactive,,,,,,,,,,
front_end,4316861.168676448,True,icp_accepted,2555,1.0,0.06368068938364606,18.004850004217587,10.038068008725531,6.6361670033074915,2.38260900368914,1,6,0,,,,,,,,,,,,,,local_map_fast,False,12,4557,0,False,False,False,,,,inactive,,,,,,,,,,
front_end,4316861.268683264,True,icp_accepted,2511,1.0,0.06457111143958028,14.351327990880236,8.7741869938327,6.300446999375708,1.9658270030049607,1,6,0,,,,,,,,,,,,,,local_map_fast,False,12,4557,0,False,False,False,,,,inactive,,,,,,,,,,
front_end,4316861.3685696,True,icp_accepted,2623,1.0,0.07822276121620123,15.651075998903252,9.460414003115147,6.982436010730453,2.1637190075125545,1,6,0,,,,,,,,,,,,,,local_map_fast,False,12,4557,0,False,False,False,,,,inactive,,,,,,,,,,
front_end,4316861.468655648,True,icp_accepted,2543,1.0,0.06687154423958216,14.521788005367853,8.49986300454475,6.059285005903803,2.262804002384655,1,6,0,,,,,,,,,,,,,,local_map_fast,False,12,4557,0,False,False,False,,,,inactive,,,,,,,,,,
front_end,4316861.568804032,True,icp_accepted,2496,1.0,0.05861310630155901,14.560099996742792,8.209257997805253,6.049727002391592,2.5320389977423474,1,6,0,,,,,,,,,,,,,,local_map_fast,False,12,4557,0,False,False,False,,,,inactive,,,,,,,,,,
front_end,4316861.668560608,True,icp_accepted,2514,1.0,0.06106145548080364,16.42271300079301,9.531486997730099,6.384966007317416,2.3557980020996183,1,6,0,,,,,,,,,,,,,,local_map_fast,False,12,4557,0,False,False,False,,,,inactive,,,,,,,,,,
front_end,4316861.768488928,True,icp_accepted,2539,1.0,0.06163574960253009,14.500637000310235,8.065476999036036,5.950860999291763,2.496241999324411,1,6,0,,,,,,,,,,,,,,local_map_fast,False,12,4557,0,False,False,False,,,,inactive,,,,,,,,,,
front_end,4316861.868703648,True,icp_accepted,2518,1.0,0.06572928509459358,14.238616990041919,8.140608988469467,5.831357004353777,2.318377999472432,1,6,0,,,,,,,,,,,,,,local_map_fast,False,12,4557,0,False,False,False,,,,inactive,,,,,,,,,,
front_end,4316861.968706688,True,icp_accepted,2499,1.0,0.06767088296199032,16.14297898777295,8.433507988229394,6.095153003116138,1.700991007965058,1,6,0,,,,,,,,,,,,,,local_map_fast,False,12,4557,0,False,False,False,,,,inactive,,,,,,,,,,
front_end,4316862.068807488,True,icp_accepted,2475,1.0,0.06356516467821534,13.913116999901831,8.517957001458853,6.238590998691507,1.7301949992543086,1,6,0,,,,,,,,,,,,,,local_map_fast,False,12,4557,0,False,False,False,,,,inactive,,,,,,,,,,
front_end,4316862.168680864,True,icp_accepted,2471,1.0,0.06507215626108988,17.05832500010729,11.49479000014253,7.989395991899073,1.9051239942200482,1,6,0,,,,,,,,,,,,,,local_map_fast,False,12,4557,0,False,False,False,,,,inactive,,,,,,,,,,
front_end,4316862.268620192,True,icp_accepted,2490,1.0,0.06316336566226925,15.244923997670412,7.65290399431251,5.514903998118825,2.362790997722186,1,6,0,,,,,,,,,,,,,,local_map_fast,True,12,4564,0,False,False,False,,,,inactive,,,,,,,,,,
front_end,4316862.368624704,True,icp_accepted,2502,1.0,0.05946079882347348,13.212381993071176,7.396032990072854,5.252792005194351,2.2461629996541888,1,6,0,,,,,,,,,,,,,,local_map_fast,False,12,4564,0,False,False,False,,,,inactive,,,,,,,,,,
front_end,4316862.4687088,True,icp_accepted,2389,1.0,0.06109320425288397,14.468687993939966,8.578459994168952,6.069063005270436,1.9303910085000098,1,6,0,,,,,,,,,,,,,,local_map_fast,False,12,4564,0,False,False,False,,,,inactive,,,,,,,,,,
front_end,4316862.568632224,True,icp_accepted,2437,1.0,0.060911692069497564,15.267516995663755,8.797761998721398,6.5432929986855015,1.9625409913714975,1,6,0,,,,,,,,,,,,,,local_map_fast,False,12,4564,0,False,False,False,,,,inactive,,,,,,,,,,
optimized_backend,,,,,,,,,,,,,,,,,,,,,,,,,,,,,,,,,,,,,,,,,58,57,0,,,,pose_graph,False
front_end,4316862.66846976,True,icp_accepted,2315,1.0,0.0582194904320501,16.312576000927947,9.183654998196289,6.409441994037479,1.5063449973240495,1,6,0,,,,,,,,,,,,,,local_map_fast,True,12,4559,0,False,False,False,,,,inactive,,,,,,,,,,
front_end,4316862.768657248,True,icp_accepted,2337,1.0,0.05708543500862958,15.272575998096727,8.54685100784991,6.165404003695585,1.9256619998486713,1,6,0,,,,,,,,,,,,,,local_map_fast,False,12,4559,0,False,False,False,,,,inactive,,,,,,,,,,
front_end,4316862.868684736,True,icp_accepted,2334,1.0,0.05804866746605545,14.522147990646772,8.574852996389382,5.889776992262341,2.063190011540428,1,6,0,,,,,,,,,,,,,,local_map_fast,False,12,4559,0,False,False,False,,,,inactive,,,,,,,,,,
front_end,4316862.968619744,True,icp_accepted,2300,1.0,0.058628927931998885,13.580022001406178,7.712206002906896,5.51876200188417,1.9391570094740018,1,6,0,,,,,,,,,,,,,,local_map_fast,False,12,4559,0,False,False,False,,,,inactive,,,,,,,,,,
front_end,4316863.0686432,True,icp_accepted,2356,1.0,0.06012706894733515,15.418259004945867,8.235026005422696,5.637755006318912,1.7955479997908697,1,6,0,,,,,,,,,,,,,,local_map_fast,True,12,4454,0,False,False,False,,,,inactive,,,,,,,,,,
front_end,4316863.168605472,True,icp_accepted,2259,1.0,0.05758244340827429,14.99443399370648,8.711980990483426,6.591393990674987,1.941181006259285,1,6,0,,,,,,,,,,,,,,local_map_fast,False,12,4454,0,False,False,False,,,,inactive,,,,,,,,,,
optimized_backend,,,,,,,,,,,,,,,,,,,,,,,,,,,,,,,,,,,,,,,,,59,58,0,,,,pose_graph,False
front_end,4316863.268705312,True,icp_accepted,2325,1.0,0.05862966273240511,18.66388700727839,11.288282999885269,8.464016005746089,3.306971993879415,1,6,0,,,,,,,,,,,,,,local_map_fast,False,12,4454,0,False,False,False,,,,inactive,,,,,,,,,,
front_end,4316863.371844192,True,icp_accepted,2320,1.0,0.05878955844903371,14.332181992358528,8.07319198793266,5.588280997471884,2.3812669969629496,1,6,0,,,,,,,,,,,,,,local_map_fast,False,12,4454,0,False,False,False,,,,inactive,,,,,,,,,,
front_end,4316863.46868096,True,icp_accepted,2313,1.0,0.058294113385928194,16.908535006223246,11.068942010751925,7.97805399633944,1.6860019968589768,1,6,0,,,,,,,,,,,,,,local_map_fast,False,12,4454,0,False,False,False,,,,inactive,,,,,,,,,,
front_end,4316863.56853776,True,icp_accepted,2266,1.0,0.057872443301841,12.821217998862267,7.1453220007242635,5.006049002986401,1.838708994910121,1,6,0,,,,,,,,,,,,,,local_map_fast,False,12,4454,0,False,False,False,,,,inactive,,,,,,,,,,
front_end,4316863.668594432,True,icp_accepted,2234,1.0,0.05894245613131613,16.48072199895978,8.267616998637095,5.855071998666972,2.5088760012295097,1,6,0,,,,,,,,,,,,,,local_map_fast,True,12,4340,0,False,False,False,,,,inactive,,,,,,,,,,
front_end,4316863.768634048,True,icp_accepted,2324,1.0,0.059901137114434726,14.785202001803555,8.231189000071026,6.07703800778836,2.378010001848452,1,6,0,,,,,,,,,,,,,,local_map_fast,False,12,4340,0,False,False,False,,,,inactive,,,,,,,,,,
front_end,4316863.868720352,True,icp_accepted,2287,1.0,0.06282045295728053,15.2603629976511,8.759400006965734,6.5554559987504035,2.3747539962641895,1,6,0,,,,,,,,,,,,,,local_map_fast,False,12,4340,0,False,False,False,,,,inactive,,,,,,,,,,
front_end,4316863.968628192,True,icp_accepted,2324,1.0,0.06503087652089433,13.955444999737665,8.389134993194602,6.161466997582465,1.6600039962213486,1,6,0,,,,,,,,,,,,,,local_map_fast,False,12,4340,0,False,False,False,,,,inactive,,,,,,,,,,
front_end,4316864.068619584,True,icp_accepted,2274,1.0,0.06165925925480827,13.859376005711965,8.368908005650155,5.959728005109355,1.6689100011717528,1,6,0,,,,,,,,,,,,,,local_map_fast,False,12,4340,0,False,False,False,,,,inactive,,,,,,,,,,
front_end,4316864.168758464,True,icp_accepted,2301,1.0,0.05933101643621497,12.735066993627697,7.43368300027214,5.3448359976755455,1.6425810026703402,1,6,0,,,,,,,,,,,,,,local_map_fast,False,12,4340,0,False,False,False,,,,inactive,,,,,,,,,,
front_end,4316864.268619008,True,icp_accepted,2320,1.0,0.05998407448129607,15.190933001576923,8.155425995937549,6.043435001629405,2.7654269943013787,1,6,0,,,,,,,,,,,,,,local_map_fast,False,12,4340,0,False,False,False,,,,inactive,,,,,,,,,,
front_end,4316864.368634272,True,icp_accepted,2271,1.0,0.06085367129646265,14.556442998582497,8.588860000600107,6.075115001294762,2.06431100377813,1,6,0,,,,,,,,,,,,,,local_map_fast,False,12,4340,0,False,False,False,,,,inactive,,,,,,,,,,
front_end,4316864.468723488,True,icp_accepted,2292,1.0,0.058367456090676305,14.506930005154572,8.039428998017684,5.923389995587058,2.0030369923915714,1,6,0,,,,,,,,,,,,,,local_map_fast,False,12,4340,0,False,False,False,,,,inactive,,,,,,,,,,
front_end,4316864.568617088,True,icp_accepted,2263,1.0,0.057410053949474606,13.749108999036252,7.9352239990839735,5.732491990784183,1.817769996705465,1,6,0,,,,,,,,,,,,,,local_map_fast,False,12,4340,0,False,False,False,,,,inactive,,,,,,,,,,
front_end,4316864.668662656,True,icp_accepted,2335,1.0,0.05740031808584283,13.891776005038992,8.33484300528653,5.863537997356616,1.5746029966976494,1,6,0,,,,,,,,,,,,,,local_map_fast,False,12,4340,0,False,False,False,,,,inactive,,,,,,,,,,
front_end,4316864.768570112,True,icp_accepted,2269,1.0,0.05799783697078542,15.039629986858927,8.593428996391594,6.12428699969314,1.8733739998424426,1,6,0,,,,,,,,,,,,,,local_map_fast,False,12,4340,0,False,False,False,,,,inactive,,,,,,,,,,
front_end,4316864.868575456,True,icp_accepted,2294,1.0,0.05808193077362457,16.064240990090184,10.501497003133409,7.057397000608034,1.55423600517679,1,6,0,,,,,,,,,,,,,,local_map_fast,False,12,4340,0,False,False,False,,,,inactive,,,,,,,,,,
front_end,4316864.9687568,True,icp_accepted,2237,1.0,0.05808241704165118,14.070352000999264,8.052163000684232,5.90714999998454,2.062728992314078,1,6,0,,,,,,,,,,,,,,local_map_fast,False,12,4340,0,False,False,False,,,,inactive,,,,,,,,,,
front_end,4316865.068723008,True,icp_accepted,2219,1.0,0.0572872736708866,12.751337009831332,7.749034004518762,5.706723997718655,1.3000879989704117,1,6,0,,,,,,,,,,,,,,local_map_fast,False,12,4340,0,False,False,False,,,,inactive,,,,,,,,,,
front_end,4316865.168642464,True,icp_accepted,2287,1.0,0.05739601670092128,14.081501998589374,7.587782005430199,5.516536999493837,1.6958699998212978,1,6,0,,,,,,,,,,,,,,local_map_fast,False,12,4340,0,False,False,False,,,,inactive,,,,,,,,,,
front_end,4316865.268531296,True,icp_accepted,2194,1.0,0.058154638105014436,13.320334008312784,7.790222007315606,5.7366900000488386,1.582758006406948,1,6,0,,,,,,,,,,,,,,local_map_fast,False,12,4340,0,False,False,False,,,,inactive,,,,,,,,,,
front_end,4316865.368797824,True,icp_accepted,2303,1.0,0.05731701748648761,12.984093991690315,7.597339994390495,5.398745997808874,1.7362859944114462,1,6,0,,,,,,,,,,,,,,local_map_fast,False,12,4340,0,False,False,False,,,,inactive,,,,,,,,,,
front_end,4316865.468539008,True,icp_accepted,2183,1.0,0.05834043697711565,13.741073998971842,7.969497994054109,5.8946659992216155,1.5206929965643212,1,6,0,,,,,,,,,,,,,,local_map_fast,False,12,4340,0,False,False,False,,,,inactive,,,,,,,,,,
front_end,4316865.568621856,True,icp_accepted,2297,1.0,0.06007411427547262,13.75321600062307,8.019601998967119,5.651180006680079,1.984892995096743,1,6,0,,,,,,,,,,,,,,local_map_fast,False,12,4340,0,False,False,False,,,,inactive,,,,,,,,,,
front_end,4316865.668715552,True,icp_accepted,2334,1.0,0.058885991646839574,14.398537008673884,8.917096012737602,6.473821995314211,1.7723140044836327,1,6,0,,,,,,,,,,,,,,local_map_fast,False,12,4340,0,False,False,False,,,,inactive,,,,,,,,,,
front_end,4316865.768582656,True,icp_accepted,2232,1.0,0.056526496808601466,14.15926800109446,8.87609799974598,6.799031994887628,1.4994730008766055,1,6,0,,,,,,,,,,,,,,local_map_fast,False,12,4340,0,False,False,False,,,,inactive,,,,,,,,,,
front_end,4316865.868713152,True,icp_accepted,2342,1.0,0.057763126615945896,13.339962009922601,8.088051006780006,5.873616988537833,1.4725520013598725,1,6,0,,,,,,,,,,,,,,local_map_fast,False,12,4340,0,False,False,False,,,,inactive,,,,,,,,,,
front_end,4316865.968664416,True,icp_accepted,2191,1.0,0.05853749324821042,11.96196700038854,6.989460001932457,4.925347995595075,1.3153470063116401,1,6,0,,,,,,,,,,,,,,local_map_fast,False,12,4340,0,False,False,False,,,,inactive,,,,,,,,,,
front_end,4316866.068693568,True,icp_accepted,2347,1.0,0.057612413756778794,14.582350995624438,9.609464003005996,6.8020089966012165,1.3558130012825131,1,6,0,,,,,,,,,,,,,,local_map_fast,False,12,4340,0,False,False,False,,,,inactive,,,,,,,,,,
front_end,4316866.168571584,True,icp_accepted,2249,1.0,0.05729789206359129,13.219294996815734,7.631854998180643,5.547464999835938,1.3582480023615062,1,6,0,,,,,,,,,,,,,,local_map_fast,False,12,4340,0,False,False,False,,,,inactive,,,,,,,,,,
front_end,4316866.2685512,True,icp_accepted,2239,1.0,0.05850770532848843,13.512846009689383,7.7347280021058396,5.628186001558788,2.038532998994924,1,6,0,,,,,,,,,,,,,,local_map_fast,False,12,4340,0,False,False,False,,,,inactive,,,,,,,,,,
front_end,4316866.368640512,True,icp_accepted,2319,1.0,0.057896013916329835,16.066035008407198,11.064524005632848,8.719774996279739,1.3232319906819612,1,6,0,,,,,,,,,,,,,,local_map_fast,False,12,4340,0,False,False,False,,,,inactive,,,,,,,,,,
front_end,4316866.468644544,True,icp_accepted,2235,1.0,0.057905167794602745,13.594207994174212,8.14610900124535,5.6413809943478554,1.513278009952046,1,6,0,,,,,,,,,,,,,,local_map_fast,False,12,4340,0,False,False,False,,,,inactive,,,,,,,,,,
front_end,4316866.568533632,True,icp_accepted,2315,1.0,0.057940525544196174,12.551040999824181,6.916452999575995,4.8787909909151495,1.9414020061958581,1,6,0,,,,,,,,,,,,,,local_map_fast,False,12,4340,0,False,False,False,,,,inactive,,,,,,,,,,
front_end,4316866.668600928,True,icp_accepted,2234,1.0,0.05901185725047283,12.959879008121789,7.990156998857856,5.7830570003716275,1.3609919988084584,1,6,0,,,,,,,,,,,,,,local_map_fast,False,12,4340,0,False,False,False,,,,inactive,,,,,,,,,,
front_end,4316866.768684672,True,icp_accepted,2244,1.0,0.05733834503139357,13.17599399772007,7.7223949920153245,5.640590010443702,1.688036005361937,1,6,0,,,,,,,,,,,,,,local_map_fast,False,12,4340,0,False,False,False,,,,inactive,,,,,,,,,,
front_end,4316866.868637248,True,icp_accepted,2325,1.0,0.0575885853178337,13.563891989178956,7.752310993964784,5.670596001436934,1.4993719960330054,1,6,0,,,,,,,,,,,,,,local_map_fast,False,12,4340,0,False,False,False,,,,inactive,,,,,,,,,,
front_end,4316866.96854304,True,icp_accepted,2241,1.0,0.05887436600592599,13.145397009793669,7.797035010298714,5.696965003153309,1.5647449909010902,1,6,0,,,,,,,,,,,,,,local_map_fast,False,12,4340,0,False,False,False,,,,inactive,,,,,,,,,,
front_end,4316867.068484704,True,icp_accepted,2320,1.0,0.05753023048978581,13.830270996550098,7.957877009175718,5.796272002044134,1.6025360091589391,1,6,0,,,,,,,,,,,,,,local_map_fast,False,12,4340,0,False,False,False,,,,inactive,,,,,,,,,,
front_end,4316867.16865888,True,icp_accepted,2217,1.0,0.057867025563197005,12.596225991728716,7.056635993649252,4.926339999656193,1.3296240067575127,1,6,0,,,,,,,,,,,,,,local_map_fast,False,12,4340,0,False,False,False,,,,inactive,,,,,,,,,,
front_end,4316867.268592992,True,icp_accepted,2342,1.0,0.05794647639663083,13.918807002482936,8.792832013568841,5.892261993722059,1.27909000730142,1,6,0,,,,,,,,,,,,,,local_map_fast,False,12,4340,0,False,False,False,,,,inactive,,,,,,,,,,
front_end,4316867.368505312,True,icp_accepted,2262,1.0,0.05782753932541026,14.232125002308749,8.698154997546226,5.863718004547991,1.333149994025007,1,6,0,,,,,,,,,,,,,,local_map_fast,False,12,4340,0,False,False,False,,,,inactive,,,,,,,,,,
front_end,4316867.468497056,True,icp_accepted,2257,1.0,0.05830373093301263,13.714403990888968,8.604920993093401,5.920695009990595,1.1956029920838773,1,6,0,,,,,,,,,,,,,,local_map_fast,False,12,4340,0,False,False,False,,,,inactive,,,,,,,,,,
front_end,4316867.568628896,True,icp_accepted,2309,1.0,0.05785641899983132,13.631989000714384,7.942366995848715,5.801450999570079,1.4169679925544187,1,6,0,,,,,,,,,,,,,,local_map_fast,False,12,4340,0,False,False,False,,,,inactive,,,,,,,,,,
front_end,4316867.66866816,True,icp_accepted,2223,1.0,0.05924108000128466,13.949744999990799,7.752862002234906,5.677619003108703,1.4026910066604614,1,6,0,,,,,,,,,,,,,,local_map_fast,False,12,4340,0,False,False,False,,,,inactive,,,,,,,,,,
front_end,4316867.768623104,True,icp_accepted,2299,1.0,0.05734347286107839,13.385227008257061,7.802666004863568,5.533288000151515,1.4997830003267154,1,6,0,,,,,,,,,,,,,,local_map_fast,False,12,4340,0,False,False,False,,,,inactive,,,,,,,,,,
front_end,4316867.868590656,True,icp_accepted,2211,1.0,0.05781238086705265,13.801747001707554,8.524889999534935,5.813854993903078,1.2414279917720705,1,6,0,,,,,,,,,,,,,,local_map_fast,False,12,4340,0,False,False,False,,,,inactive,,,,,,,,,,
front_end,4316867.968498464,True,icp_accepted,2279,1.0,0.05760189204167575,14.12138699379284,8.621430999482982,5.772606993559748,1.4570839994121343,1,6,0,,,,,,,,,,,,,,local_map_fast,False,12,4340,0,False,False,False,,,,inactive,,,,,,,,,,
front_end,4316868.068601952,True,icp_accepted,2214,1.0,0.05733305919712966,13.267936010379344,7.986980999703519,5.763150009443052,1.3549520081141964,1,6,0,,,,,,,,,,,,,,local_map_fast,False,12,4340,0,False,False,False,,,,inactive,,,,,,,,,,
front_end,4316868.168578688,True,icp_accepted,2272,1.0,0.05732729231848686,13.418119007837959,7.8699920122744516,5.710470999474637,1.5766870055813342,1,6,0,,,,,,,,,,,,,,local_map_fast,False,12,4340,0,False,False,False,,,,inactive,,,,,,,,,,
front_end,4316868.268503968,True,icp_accepted,2300,1.0,0.05762447191687709,13.410083003691398,8.053335011936724,5.922327996813692,1.5896619879640639,1,6,0,,,,,,,,,,,,,,local_map_fast,False,12,4340,0,False,False,False,,,,inactive,,,,,,,,,,
front_end,4316868.368518016,True,icp_accepted,2226,1.0,0.05817749469291309,13.262135995319113,7.49607098987326,5.327171995304525,1.7433399916626513,1,6,0,,,,,,,,,,,,,,local_map_fast,False,12,4340,0,False,False,False,,,,inactive,,,,,,,,,,
front_end,4316868.468596416,True,icp_accepted,2337,1.0,0.05899625081287319,13.899131008656695,8.073894001427107,5.9496100002434105,1.6603949916316196,1,6,0,,,,,,,,,,,,,,local_map_fast,False,12,4340,0,False,False,False,,,,inactive,,,,,,,,,,
front_end,4316868.56853856,True,icp_accepted,2269,1.0,0.057026727045425274,14.224140002625063,8.216602000175044,6.048474999261089,2.113484006258659,1,6,0,,,,,,,,,,,,,,local_map_fast,False,12,4340,0,False,False,False,,,,inactive,,,,,,,,,,
front_end,4316868.66861232,True,icp_accepted,2270,1.0,0.06476100563879433,14.45050501206424,8.052804012550041,5.849411012604833,2.1931039955234155,1,6,0,,,,,,,,,,,,,,local_map_fast,False,12,4340,0,False,False,False,,,,inactive,,,,,,,,,,
front_end,4316868.768520832,True,icp_accepted,2303,0.998697351280938,0.06758018057640992,14.570669998647645,8.052965000388213,5.685242998879403,2.4276429903693497,1,6,0,,,,,,,,,,,,,,local_map_fast,False,12,4340,0,False,False,False,,,,inactive,,,,,,,,,,
front_end,4316868.868464128,True,icp_accepted,2226,0.9959568733153639,0.08302966627515589,15.345053005148657,9.140024005318992,6.927353999344632,1.653151004575193,1,6,0,,,,,,,,,,,,,,local_map_fast,False,12,4340,0,False,False,False,,,,inactive,,,,,,,,,,
front_end,4316868.968601472,True,icp_accepted,2303,0.9991315675206253,0.07261242366238149,13.227700997958891,7.521567997173406,5.335648005711846,1.6076260071713477,1,6,0,,,,,,,,,,,,,,local_map_fast,False,12,4340,0,False,False,False,,,,inactive,,,,,,,,,,
front_end,4316869.06854864,True,icp_accepted,2266,1.0,0.06354569029126685,13.863394007785246,7.994265004526824,5.939630995271727,1.6430920077254996,1,6,0,,,,,,,,,,,,,,local_map_fast,False,12,4340,0,False,False,False,,,,inactive,,,,,,,,,,
front_end,4316869.168509536,True,icp_accepted,2270,1.0,0.060768272282805104,14.651883000624366,8.328181007527746,6.088551002903841,2.040197010501288,1,6,0,,,,,,,,,,,,,,local_map_fast,False,12,4340,0,False,False,False,,,,inactive,,,,,,,,,,
front_end,4316869.268632992,True,icp_accepted,2248,1.0,0.05960010245388315,14.327233002404682,7.878367003286257,5.771295007434674,2.0523700077319518,1,6,0,,,,,,,,,,,,,,local_map_fast,False,12,4340,0,False,False,False,,,,inactive,,,,,,,,,,
front_end,4316869.368505856,True,icp_accepted,2294,1.0,0.05749023147767864,14.531266002450138,7.939250994240865,5.830675989273004,2.2250340116443112,1,6,0,,,,,,,,,,,,,,local_map_fast,False,12,4340,0,False,False,False,,,,inactive,,,,,,,,,,
front_end,4316869.468522656,True,icp_accepted,2284,1.0,0.058540315834265645,14.910997997503728,8.58596499892883,6.135518997325562,1.8306040001334623,1,6,0,,,,,,,,,,,,,,local_map_fast,False,12,4340,0,False,False,False,,,,inactive,,,,,,,,,,
front_end,4316869.568444608,True,icp_accepted,2315,1.0,0.05816961054612542,13.036663003731519,7.396474000415765,5.180747000849806,1.6222120029851794,1,6,0,,,,,,,,,,,,,,local_map_fast,False,12,4340,0,False,False,False,,,,inactive,,,,,,,,,,
front_end,4316869.668557344,True,icp_accepted,2367,1.0,0.05866960030636686,14.852549007628113,8.502377997501753,6.184719997690991,2.174297987949103,1,6,0,,,,,,,,,,,,,,local_map_fast,False,12,4340,0,False,False,False,,,,inactive,,,,,,,,,,
front_end,4316869.7684496,True,icp_accepted,2359,1.0,0.06396205342514126,15.144044999033213,8.730706002097577,6.552339997142553,2.3659479920752347,1,6,0,,,,,,,,,,,,,,local_map_fast,False,12,4340,0,False,False,False,,,,inactive,,,,,,,,,,
front_end,4316869.868554304,True,icp_accepted,2333,1.0,0.05852841933310809,14.533741006744094,8.117336008581333,5.9306140028638765,2.3291789984796196,1,6,0,,,,,,,,,,,,,,local_map_fast,False,12,4340,0,False,False,False,,,,inactive,,,,,,,,,,
front_end,4316869.968593632,True,icp_accepted,2351,1.0,0.0603482308041998,13.22156999958679,7.644910001545213,5.546593994949944,1.8591770058264956,1,6,0,,,,,,,,,,,,,,local_map_fast,False,12,4340,0,False,False,False,,,,inactive,,,,,,,,,,
front_end,4316870.068462272,True,icp_accepted,2361,1.0,0.06018339516668513,13.37245300237555,7.6451600034488365,5.589895008597523,1.7754809960024431,1,6,0,,,,,,,,,,,,,,local_map_fast,False,12,4340,0,False,False,False,,,,inactive,,,,,,,,,,
front_end,4316870.168437952,True,icp_accepted,2330,1.0,0.05868478793251252,12.509975000284612,7.162253998103552,4.974620998837054,1.7413759924238548,1,6,0,,,,,,,,,,,,,,local_map_fast,False,12,4340,0,False,False,False,,,,inactive,,,,,,,,,,
front_end,4316870.268430528,True,icp_accepted,2345,1.0,0.058567662900880654,13.367072999244556,7.644198994967155,5.602167992037721,2.03989700821694,1,6,0,,,,,,,,,,,,,,local_map_fast,False,12,4340,0,False,False,False,,,,inactive,,,,,,,,,,
front_end,4316870.36847936,True,icp_accepted,2417,1.0,0.05886799433261907,14.611887992941774,8.449027998722158,6.233401989447884,1.666926997131668,1,6,0,,,,,,,,,,,,,,local_map_fast,False,12,4340,0,False,False,False,,,,inactive,,,,,,,,,,
front_end,4316870.468547392,True,icp_accepted,2311,1.0,0.05797243606720857,14.18717100750655,7.842159000574611,5.8033859968418255,1.3815819984301925,1,6,0,,,,,,,,,,,,,,local_map_fast,False,12,4340,0,False,False,False,,,,inactive,,,,,,,,,,
front_end,4316870.568436384,True,icp_accepted,2329,1.0,0.058285872741019304,14.310653001302853,8.56881300569512,5.93796800239943,1.3378190051298589,1,6,0,,,,,,,,,,,,,,local_map_fast,False,12,4340,0,False,False,False,,,,inactive,,,,,,,,,,
front_end,4316870.668564544,True,icp_accepted,2286,1.0,0.057738985393645345,13.70480599871371,7.977984001627192,5.796441997517832,1.5412009961437434,1,6,0,,,,,,,,,,,,,,local_map_fast,False,12,4340,0,False,False,False,,,,inactive,,,,,,,,,,
front_end,4316870.7685576,True,icp_accepted,2378,1.0,0.058925645688320885,13.411476000328548,7.821901002898812,5.538579003768973,1.4003770047565922,1,6,0,,,,,,,,,,,,,,local_map_fast,False,12,4340,0,False,False,False,,,,inactive,,,,,,,,,,
front_end,4316870.8684888,True,icp_accepted,2340,1.0,0.0594105046290598,13.781019995803945,8.241628995165229,5.806460991152562,1.5704850084148347,1,6,0,,,,,,,,,,,,,,local_map_fast,False,12,4340,0,False,False,False,,,,inactive,,,,,,,,,,
front_end,4316870.968560704,True,icp_accepted,2327,1.0,0.05895410904268037,14.160120001179166,8.295880004880019,6.093669988331385,1.5844720037421212,1,6,0,,,,,,,,,,,,,,local_map_fast,False,12,4340,0,False,False,False,,,,inactive,,,,,,,,,,
front_end,4316871.0683992,True,icp_accepted,2392,1.0,0.058985797482170844,13.39892299438361,7.951724997838028,5.750676995376125,1.3289020134834573,1,6,0,,,,,,,,,,,,,,local_map_fast,False,12,4340,0,False,False,False,,,,inactive,,,,,,,,,,
front_end,4316871.168495648,True,icp_accepted,2301,1.0,0.058353280891779706,13.714182990952395,8.453946997178718,5.894907008041628,1.485736996983178,1,6,0,,,,,,,,,,,,,,local_map_fast,False,12,4340,0,False,False,False,,,,inactive,,,,,,,,,,
front_end,4316871.268439584,True,icp_accepted,2367,1.0,0.05758218952467534,13.921824007411487,7.907823004643433,5.646871999488212,1.6053510044002905,1,6,0,,,,,,,,,,,,,,local_map_fast,False,12,4340,0,False,False,False,,,,inactive,,,,,,,,,,
front_end,4316871.368396736,True,icp_accepted,2347,1.0,0.05890294139640032,11.502044988446869,6.764367994037457,4.768104001414031,1.2405469897203147,1,6,0,,,,,,,,,,,,,,local_map_fast,False,12,4340,0,False,False,False,,,,inactive,,,,,,,,,,
front_end,4316871.468429216,True,icp_accepted,2317,1.0,0.05766595476387826,12.951333003002219,8.0560710048303,6.0748649993911386,1.5120860043680295,1,6,0,,,,,,,,,,,,,,local_map_fast,False,12,4340,0,False,False,False,,,,inactive,,,,,,,,,,
front_end,4316871.568530048,True,icp_accepted,2338,1.0,0.05905124092220955,12.034764004056342,7.200656007626094,5.2049730002181605,1.251887995749712,1,6,0,,,,,,,,,,,,,,local_map_fast,False,12,4340,0,False,False,False,,,,inactive,,,,,,,,,,
front_end,4316871.66838416,True,icp_accepted,2326,1.0,0.059218000527169676,13.083149999147281,8.347306997166015,6.1249290010891855,1.3023430074099451,1,6,0,,,,,,,,,,,,,,local_map_fast,False,12,4340,0,False,False,False,,,,inactive,,,,,,,,,,
front_end,4316871.768539264,True,icp_accepted,2391,1.0,0.05802345099768836,13.256133999675512,7.633868997800164,5.513672003871761,1.5986290090950206,1,6,0,,,,,,,,,,,,,,local_map_fast,False,12,4340,0,False,False,False,,,,inactive,,,,,,,,,,
front_end,4316871.868479584,True,icp_accepted,2299,1.0,0.05820496103430575,13.7833939952543,8.419774007052183,6.333028999506496,1.3247249880805612,1,6,0,,,,,,,,,,,,,,local_map_fast,False,12,4340,0,False,False,False,,,,inactive,,,,,,,,,,
front_end,4316871.96858224,True,icp_accepted,2336,1.0,0.05850475882293572,14.505197003018111,8.270602993434295,6.126121006673202,1.749542003381066,1,6,0,,,,,,,,,,,,,,local_map_fast,False,12,4340,0,False,False,False,,,,inactive,,,,,,,,,,
front_end,4316872.068493792,True,icp_accepted,2368,1.0,0.05933393883897346,15.96534700365737,8.250195009168237,6.193647001055069,1.3964190002297983,1,6,0,,,,,,,,,,,,,,local_map_fast,False,12,4340,0,False,False,False,,,,inactive,,,,,,,,,,
front_end,4316872.168445728,True,icp_accepted,2332,1.0,0.05895219586773684,13.487129006534815,7.954711007187143,5.79797501268331,1.5529230004176497,1,6,0,,,,,,,,,,,,,,local_map_fast,False,12,4340,0,False,False,False,,,,inactive,,,,,,,,,,
front_end,4316872.268505312,True,icp_accepted,2354,1.0,0.06019802223112132,14.287498997873627,9.062237993930466,6.547732002218254,1.3939950003987178,1,6,0,,,,,,,,,,,,,,local_map_fast,False,12,4340,0,False,False,False,,,,inactive,,,,,,,,,,
front_end,4316872.368460544,True,icp_accepted,2317,1.0,0.05965834604744077,13.097157003358006,7.610455999383703,5.630952990031801,1.6842089971760288,1,6,0,,,,,,,,,,,,,,local_map_fast,False,12,4340,0,False,False,False,,,,inactive,,,,,,,,,,
front_end,4316872.468531392,True,icp_accepted,2394,1.0,0.05898293368982149,13.039008001214825,7.430818004650064,5.402132999734022,1.7002090025926009,1,6,0,,,,,,,,,,,,,,local_map_fast,False,12,4340,0,False,False,False,,,,inactive,,,,,,,,,,
front_end,4316872.568502112,True,icp_accepted,2347,1.0,0.06029744628287171,12.610703997779638,6.871057994430885,4.848263997700997,1.8351729959249496,1,6,0,,,,,,,,,,,,,,local_map_fast,False,12,4340,0,False,False,False,,,,inactive,,,,,,,,,,
front_end,4316872.668510368,True,icp_accepted,2371,1.0,0.06290631838339229,13.55760099249892,7.575208990601823,5.569165994529612,2.2075809974921867,1,6,0,,,,,,,,,,,,,,local_map_fast,False,12,4340,0,False,False,False,,,,inactive,,,,,,,,,,
front_end,4316872.768535872,True,icp_accepted,2373,1.0,0.0678637974324807,13.3167590101948,7.327544008148834,5.353130996809341,2.334197997697629,1,6,0,,,,,,,,,,,,,,local_map_fast,False,12,4340,0,False,False,False,,,,inactive,,,,,,,,,,
front_end,4316872.86854192,True,icp_accepted,2294,0.998256320836966,0.07954144125752814,13.14096900750883,7.529423004598357,5.555079987971112,1.971197998500429,1,6,0,,,,,,,,,,,,,,local_map_fast,False,12,4340,0,False,False,False,,,,inactive,,,,,,,,,,
front_end,4316872.96843776,True,icp_accepted,2359,0.9987282746926663,0.084449539356512,13.101874996209517,7.109464990207925,5.135572995641269,2.050185008556582,1,6,0,,,,,,,,,,,,,,local_map_fast,False,12,4340,0,False,False,False,,,,inactive,,,,,,,,,,
front_end,4316873.06844448,True,icp_accepted,2285,1.0,0.07880897743821613,14.272572007030249,8.028921001823619,5.657041008817032,2.0635910041164607,1,6,0,,,,,,,,,,,,,,local_map_fast,False,12,4340,0,False,False,False,,,,inactive,,,,,,,,,,
front_end,4316873.168344864,True,icp_accepted,2375,1.0,0.0780345011276631,12.466292988392524,6.891846991493367,4.781518000527285,1.9915549928555265,1,6,0,,,,,,,,,,,,,,local_map_fast,False,12,4340,0,False,False,False,,,,inactive,,,,,,,,,,
front_end,4316873.268354752,True,icp_accepted,2356,1.0,0.07088798049869416,13.257066995720379,7.358382994425483,5.317975010257214,2.1696100011467934,1,6,0,,,,,,,,,,,,,,local_map_fast,False,12,4340,0,False,False,False,,,,inactive,,,,,,,,,,
front_end,4316873.368466688,True,icp_accepted,2351,1.0,0.07162113404882582,14.384460999281146,7.4773550004465505,5.500506988028064,2.3162949946708977,1,6,0,,,,,,,,,,,,,,local_map_fast,False,12,4340,0,False,False,False,,,,inactive,,,,,,,,,,
front_end,4316873.46844448,True,icp_accepted,2377,1.0,0.07297590477025437,14.947176998248324,7.961513998452574,5.4051790066296235,2.3636740079382434,1,6,0,,,,,,,,,,,,,,local_map_fast,False,12,4340,0,False,False,False,,,,inactive,,,,,,,,,,
front_end,4316873.56850224,True,icp_accepted,2372,1.0,0.07280950764266189,13.376971997786313,7.830859001842327,5.480609994265251,1.8319160008104518,1,6,0,,,,,,,,,,,,,,local_map_fast,False,12,4340,0,False,False,False,,,,inactive,,,,,,,,,,
front_end,4316873.668373248,True,icp_accepted,2381,1.0,0.07642499359583896,12.778418997186236,7.105026990757324,5.166800998267718,1.6488530091010034,1,6,0,,,,,,,,,,,,,,local_map_fast,False,12,4340,0,False,False,False,,,,inactive,,,,,,,,,,
front_end,4316873.768379744,True,icp_accepted,2383,1.0,0.07482156964423145,12.308286997722462,7.035738002741709,4.895591991953552,1.7608130001462996,1,6,0,,,,,,,,,,,,,,local_map_fast,False,12,4340,0,False,False,False,,,,inactive,,,,,,,,,,
front_end,4316873.868395392,True,icp_accepted,2491,1.0,0.0791357191274821,14.285266006481834,7.961032999446616,5.866703999345191,2.3916060017654672,1,6,0,,,,,,,,,,,,,,local_map_fast,False,12,4340,0,False,False,False,,,,inactive,,,,,,,,,,
front_end,4316873.968379424,True,icp_accepted,2510,1.0,0.08263356338997266,14.612218990805559,7.57408699428197,5.463939000037499,2.025167996180244,1,6,0,,,,,,,,,,,,,,local_map_fast,True,12,4454,0,False,False,False,,,,inactive,,,,,,,,,,
front_end,4316874.068454112,True,icp_accepted,2450,1.0,0.06393370602632234,13.383844998315908,7.080732000758871,5.086952005513012,2.003226996748708,1,6,0,,,,,,,,,,,,,,local_map_fast,False,12,4454,0,False,False,False,,,,inactive,,,,,,,,,,
front_end,4316874.168414048,True,icp_accepted,2433,1.0,0.06376408987107708,13.6686589976307,7.552886992925778,5.630671992548741,1.9256320083513856,1,6,0,,,,,,,,,,,,,,local_map_fast,False,12,4454,0,False,False,False,,,,inactive,,,,,,,,,,
front_end,4316874.26832512,True,icp_accepted,2429,1.0,0.06475382267384229,13.448796002194285,7.259015997988172,5.191507996642031,2.2927499958314,1,6,0,,,,,,,,,,,,,,local_map_fast,False,12,4454,0,False,False,False,,,,inactive,,,,,,,,,,
front_end,4316874.368461312,True,icp_accepted,2467,1.0,0.06622346918181299,13.155455992091447,7.18459599011112,4.917252997984178,1.858276009443216,1,6,0,,,,,,,,,,,,,,local_map_fast,False,12,4454,0,False,False,False,,,,inactive,,,,,,,,,,
front_end,4316874.468470624,True,icp_accepted,2453,1.0,0.06999062842829115,13.310547001310624,7.522781001171097,5.530184003873728,2.073769996059127,1,6,0,,,,,,,,,,,,,,local_map_fast,False,12,4454,0,False,False,False,,,,inactive,,,,,,,,,,
front_end,4316874.568394048,True,icp_accepted,2446,1.0,0.07158371949559789,13.441363000310957,7.614582995302044,5.543256993405521,1.9402689940761775,1,6,0,,,,,,,,,,,,,,local_map_fast,False,12,4454,0,False,False,False,,,,inactive,,,,,,,,,,
front_end,4316874.668462976,True,icp_accepted,2440,1.0,0.07080230703331174,14.110076997894794,8.315388011396863,6.147631007479504,1.783635001629591,1,6,0,,,,,,,,,,,,,,local_map_fast,False,12,4454,0,False,False,False,,,,inactive,,,,,,,,,,
front_end,4316874.768302944,True,icp_accepted,2508,1.0,0.07454138251804926,17.136252994532697,10.573392995866016,6.639664003159851,1.7505739961052313,1,6,0,,,,,,,,,,,,,,local_map_fast,False,12,4454,0,False,False,False,,,,inactive,,,,,,,,,,
front_end,4316874.868412736,True,icp_accepted,2453,1.0,0.07608843609899127,16.46009499381762,10.134550000657327,7.314529997529462,2.0094289939152077,1,6,0,,,,,,,,,,,,,,local_map_fast,False,12,4454,0,False,False,False,,,,inactive,,,,,,,,,,
front_end,4316874.968329056,True,icp_accepted,2417,1.0,0.07540263955635823,14.512902998831123,7.785253998008557,5.429194003227167,2.1981930040055886,1,6,0,,,,,,,,,,,,,,local_map_fast,False,12,4454,0,False,False,False,,,,inactive,,,,,,,,,,
front_end,4316875.068417728,True,icp_accepted,2502,0.9996003197442046,0.07954960683865964,15.488703007576987,9.051077999174595,6.717309996020049,2.0517579978331923,1,6,0,,,,,,,,,,,,,,local_map_fast,False,12,4454,0,False,False,False,,,,inactive,,,,,,,,,,
front_end,4316875.168305312,True,icp_accepted,2481,0.9987908101571947,0.08207289299717434,16.058692999649793,7.961894996697083,5.76733800699003,1.975766004761681,1,6,0,,,,,,,,,,,,,,local_map_fast,True,12,4546,0,False,False,False,,,,inactive,,,,,,,,,,
front_end,4316875.268442784,True,icp_accepted,2515,1.0,0.06722957507131473,33.080269990023226,15.396589995361865,12.864410993643105,8.52231499447953,1,6,0,,,,,,,,,,,,,,local_map_fast,False,12,4546,0,False,False,False,,,,inactive,,,,,,,,,,
front_end,4316875.36839216,True,icp_accepted,2506,1.0,0.06993549302013248,26.531887997407466,10.846364995813929,8.022537993383594,9.284115003538318,1,6,0,,,,,,,,,,,,,,local_map_fast,False,12,4546,0,False,False,False,,,,inactive,,,,,,,,,,
front_end,4316875.468393184,True,icp_accepted,2488,1.0,0.07337349663133266,28.043202008120716,14.354215003550053,11.096363989054225,6.782443000702187,1,6,0,,,,,,,,,,,,,,local_map_fast,False,12,4546,0,False,False,False,,,,inactive,,,,,,,,,,
optimized_backend,,,,,,,,,,,,,,,,,,,,,,,,,,,,,,,,,,,,,,,,,60,60,1,,,,pose_graph,True
front_end,4316875.568401536,True,icp_accepted,2515,1.0,0.07534932000217098,14.140172992483713,7.605615988723002,5.162043002201244,2.57134300773032,1,6,0,,,,,,,,,,,,,,local_map_fast,False,12,4546,0,False,False,False,,,,inactive,,,,,,,,,,
front_end,4316875.66845536,True,icp_accepted,2451,1.0,0.0759623928578993,14.69979299872648,8.094903998426162,6.067070993594825,1.9297100079711527,1,6,0,,,,,,,,,,,,,,local_map_fast,False,12,4546,0,False,False,False,,,,inactive,,,,,,,,,,
front_end,4316875.768356064,True,icp_accepted,2569,1.0,0.07838082157758457,13.923045989940874,7.861285994295031,5.801762992632575,1.6191370086744428,1,6,0,,,,,,,,,,,,,,local_map_fast,False,12,4546,0,False,False,False,,,,inactive,,,,,,,,,,
front_end,4316875.868450912,True,icp_accepted,2641,1.0,0.07658480567486371,13.544617002480663,7.745077993604355,5.5970389948925,1.8819700053427368,1,6,0,,,,,,,,,,,,,,local_map_fast,False,12,4546,0,False,False,False,,,,inactive,,,,,,,,,,
front_end,4316875.968313888,True,icp_accepted,2510,1.0,0.0788127011364436,15.068344990140758,8.953093987656757,6.709085006150417,1.990794000448659,1,6,0,,,,,,,,,,,,,,local_map_fast,False,12,4546,0,False,False,False,,,,inactive,,,,,,,,,,
front_end,4316876.06844544,True,icp_accepted,2530,1.0,0.08219628987281428,14.350608995300718,8.037156003410928,5.857106007169932,2.163358003599569,1,6,0,,,,,,,,,,,,,,local_map_fast,False,12,4546,0,False,False,False,,,,inactive,,,,,,,,,,
front_end,4316876.168402048,True,icp_accepted,2469,1.0,0.0821421873665311,14.420488994801417,7.483616995159537,5.0046979886246845,1.8552099936641753,1,6,0,,,,,,,,,,,,,,local_map_fast,False,12,4546,0,False,False,False,,,,inactive,,,,,,,,,,
front_end,4316876.268309504,True,icp_accepted,2589,1.0,0.08473771076647814,14.706095011206344,7.956715009640902,5.776004007202573,1.8781630060402676,1,6,0,,,,,,,,,,,,,,local_map_fast,False,12,4546,0,False,False,False,,,,inactive,,,,,,,,,,
front_end,4316876.36832992,True,icp_accepted,2628,1.0,0.08900416810516025,17.66950399905909,9.238279002602212,6.885896000312641,1.8969890079461038,1,6,0,,,,,,,,,,,,,,local_map_fast,True,12,4712,0,False,False,False,,,,inactive,,,,,,,,,,
front_end,4316876.468289536,True,icp_accepted,2606,1.0,0.06768656386359799,14.397626000572927,8.113157993648201,5.891541004530154,2.064661995973438,1,6,0,,,,,,,,,,,,,,local_map_fast,False,12,4712,0,False,False,False,,,,inactive,,,,,,,,,,
front_end,4316876.568261888,True,icp_accepted,2513,1.0,0.07050335579343443,13.97524400090333,7.968446996528655,5.83113799802959,2.3054139892337844,1,6,0,,,,,,,,,,,,,,local_map_fast,False,12,4712,0,False,False,False,,,,inactive,,,,,,,,,,
front_end,4316876.668410016,True,icp_accepted,2538,1.0,0.0677058918048313,13.229845993919298,7.404058997053653,5.415257997810841,1.9751549989450723,1,6,0,,,,,,,,,,,,,,local_map_fast,False,12,4712,0,False,False,False,,,,inactive,,,,,,,,,,
front_end,4316876.768262432,True,icp_accepted,2649,1.0,0.06761825227853584,12.639908993151039,6.984229999943636,4.851480000070296,1.8819899996742606,1,6,0,,,,,,,,,,,,,,local_map_fast,False,12,4712,0,False,False,False,,,,inactive,,,,,,,,,,
front_end,4316876.86832128,True,icp_accepted,2565,1.0,0.07202170944962959,13.492860001861118,7.483106994186528,5.472896009450778,2.2016690054442734,1,6,0,,,,,,,,,,,,,,local_map_fast,False,12,4712,0,False,False,False,,,,inactive,,,,,,,,,,
front_end,4316876.968411136,True,icp_accepted,2571,1.0,0.07333249469511172,14.355467996210791,8.248441998148337,6.202914999448694,2.3567809985252097,1,6,0,,,,,,,,,,,,,,local_map_fast,False,12,4712,0,False,False,False,,,,inactive,,,,,,,,,,
front_end,4316877.068409312,True,icp_accepted,2539,1.0,0.07474685445270103,13.03473999723792,7.327243991312571,5.325219011865556,2.0209609938319772,1,6,0,,,,,,,,,,,,,,local_map_fast,False,12,4712,0,False,False,False,,,,inactive,,,,,,,,,,
front_end,4316877.168312384,True,icp_accepted,2561,1.0,0.08249881428257229,13.009021990001202,7.341280987020582,5.347250000340864,2.1248760021990165,1,6,0,,,,,,,,,,,,,,local_map_fast,False,12,4712,0,False,False,False,,,,inactive,,,,,,,,,,
front_end,4316877.2684712,True,icp_accepted,2565,1.0,0.08434984782449455,13.7012799968943,7.591198998852633,5.608530991594307,2.4211109994212165,1,6,0,,,,,,,,,,,,,,local_map_fast,False,12,4712,0,False,False,False,,,,inactive,,,,,,,,,,
front_end,4316877.368239584,True,icp_accepted,2549,1.0,0.082718675610575,12.866032993770204,6.825592994573526,4.702190009993501,2.320503001101315,1,6,0,,,,,,,,,,,,,,local_map_fast,False,12,4712,0,False,False,False,,,,inactive,,,,,,,,,,
front_end,4316877.468334144,True,icp_accepted,2539,1.0,0.08622090287642899,16.515099006937817,8.013672006200068,5.971771999611519,2.2680639958707616,1,6,0,,,,,,,,,,,,,,local_map_fast,False,12,4712,0,False,False,False,,,,inactive,,,,,,,,,,
front_end,4316877.568372128,True,icp_accepted,2515,1.0,0.0932564925521705,36.630831004003994,12.715702003333718,7.041337987175211,12.168636007118039,1,6,0,,,,,,,,,,,,,,local_map_fast,True,12,4948,0,False,False,False,,,,inactive,,,,,,,,,,
front_end,4316877.668261536,True,icp_accepted,2504,1.0,0.06483865991618333,30.035991003387608,14.979428000515327,12.164106999989599,7.219983002869412,1,6,0,,,,,,,,,,,,,,local_map_fast,False,12,4948,0,False,False,False,,,,inactive,,,,,,,,,,
front_end,4316877.768312864,True,icp_accepted,2586,1.0,0.06681251096954452,27.766963990870863,12.463758990634233,9.185359012917615,7.200816995464265,1,6,0,,,,,,,,,,,,,,local_map_fast,False,12,4948,0,False,False,False,,,,inactive,,,,,,,,,,
optimized_backend,,,,,,,,,,,,,,,,,,,,,,,,,,,,,,,,,,,,,,,,,61,62,2,,,,pose_graph,True
front_end,4316877.868426432,True,icp_accepted,2524,1.0,0.06987710564511598,16.276129987090826,9.012184993480332,6.588197997189127,2.6764200010802597,1,6,0,,,,,,,,,,,,,,local_map_fast,False,12,4948,0,False,False,False,,,,inactive,,,,,,,,,,
front_end,4316877.968345952,True,icp_accepted,2574,1.0,0.07160910581439257,13.75946898770053,6.776901995181106,4.72945100045763,3.018130999407731,1,6,0,,,,,,,,,,,,,,local_map_fast,False,12,4948,0,False,False,False,,,,inactive,,,,,,,,,,
front_end,4316878.068304096,True,icp_accepted,2492,1.0,0.07288863961364289,13.355101007618941,7.421731002978049,5.404818002716638,2.086755004711449,1,6,0,,,,,,,,,,,,,,local_map_fast,False,12,4948,0,False,False,False,,,,inactive,,,,,,,,,,
front_end,4316878.168222944,True,icp_accepted,2562,1.0,0.07750721246546016,13.429049999103881,7.253635994857177,5.267810993245803,2.4372420011786744,1,6,0,,,,,,,,,,,,,,local_map_fast,False,12,4948,0,False,False,False,,,,inactive,,,,,,,,,,
front_end,4316878.26823808,True,icp_accepted,2542,1.0,0.07982928748017132,13.316448996192776,7.281619007699192,5.301956000039354,2.4163420021068305,1,6,0,,,,,,,,,,,,,,local_map_fast,False,12,4948,0,False,False,False,,,,inactive,,,,,,,,,,
front_end,4316878.368384192,True,icp_accepted,2541,1.0,0.077778168577793,13.332538001122884,7.31552200159058,5.1167179917683825,2.3897829960333183,1,6,0,,,,,,,,,,,,,,local_map_fast,False,12,4948,0,False,False,False,,,,inactive,,,,,,,,,,
front_end,4316878.468366976,True,icp_accepted,2478,1.0,0.07685215577377688,13.834971003234386,7.49702200118918,5.498454003827646,2.72438999672886,1,6,0,,,,,,,,,,,,,,local_map_fast,False,12,4948,0,False,False,False,,,,inactive,,,,,,,,,,
front_end,4316878.568281792,True,icp_accepted,2540,1.0,0.07822216387273685,13.465238007484004,7.636725000338629,5.202989996178076,2.2474360011983663,1,6,0,,,,,,,,,,,,,,local_map_fast,False,12,4948,0,False,False,False,,,,inactive,,,,,,,,,,
front_end,4316878.66830032,True,icp_accepted,2492,1.0,0.07771868431488155,13.23654901352711,7.596650000778027,5.619942006887868,1.9526429969118908,1,6,0,,,,,,,,,,,,,,local_map_fast,False,12,4948,0,False,False,False,,,,inactive,,,,,,,,,,
front_end,4316878.768233664,True,icp_accepted,2507,1.0,0.079009211615456,13.04578100098297,7.400360991596244,5.158236002898775,2.000371998292394,1,6,0,,,,,,,,,,,,,,local_map_fast,False,12,4948,0,False,False,False,,,,inactive,,,,,,,,,,
front_end,4316878.868381184,True,icp_accepted,2502,1.0,0.08433290908614746,15.433730004588142,7.682541006943211,5.263953993562609,2.2036830050637946,1,6,0,,,,,,,,,,,,,,local_map_fast,True,12,5143,0,False,False,False,,,,inactive,,,,,,,,,,
front_end,4316878.968252384,True,icp_accepted,2482,1.0,0.06545227603614522,13.701862000743859,7.439455002895556,5.52517399773933,2.36404400493484,1,6,0,,,,,,,,,,,,,,local_map_fast,False,12,5143,0,False,False,False,,,,inactive,,,,,,,,,,
front_end,4316879.06824048,True,icp_accepted,2576,1.0,0.06703733396321351,13.953373010735959,7.951766005135141,5.483546003233641,2.199214999563992,1,6,0,,,,,,,,,,,,,,local_map_fast,False,12,5143,0,False,False,False,,,,inactive,,,,,,,,,,
front_end,4316879.16834416,True,icp_accepted,2526,1.0,0.06855221884982789,12.646511997445486,6.995421994361095,5.029563995776698,2.0262610050849617,1,6,0,,,,,,,,,,,,,,local_map_fast,False,12,5143,0,False,False,False,,,,inactive,,,,,,,,,,
front_end,4316879.268307168,True,icp_accepted,2583,1.0,0.07048674737812444,14.752632996533066,7.824257001630031,5.658775000483729,2.7533849934116006,1,6,0,,,,,,,,,,,,,,local_map_fast,False,12,5143,0,False,False,False,,,,inactive,,,,,,,,,,
front_end,4316879.368266112,True,icp_accepted,2562,1.0,0.06806479197543282,14.416051999432966,8.208888000808656,6.098109006416053,2.1865610033273697,1,6,0,,,,,,,,,,,,,,local_map_fast,False,12,5143,0,False,False,False,,,,inactive,,,,,,,,,,
front_end,4316879.468281728,True,icp_accepted,2562,1.0,0.07080329454352134,14.829236999503337,8.282957001938485,6.157509997137822,2.0801420032512397,1,6,0,,,,,,,,,,,,,,local_map_fast,False,12,5143,0,False,False,False,,,,inactive,,,,,,,,,,
front_end,4316879.568319872,True,icp_accepted,2563,1.0,0.07125269669551958,13.94657998753246,7.9934239911381155,5.937747991993092,2.0037780050188303,1,6,0,,,,,,,,,,,,,,local_map_fast,False,12,5143,0,False,False,False,,,,inactive,,,,,,,,,,
front_end,4316879.668258432,True,icp_accepted,2595,1.0,0.07277529726562422,15.584171997033991,8.98478299495764,6.797360008931719,1.9249900069553405,1,6,0,,,,,,,,,,,,,,local_map_fast,False,12,5143,0,False,False,False,,,,inactive,,,,,,,,,,
front_end,4316879.768242784,True,icp_accepted,2605,1.0,0.0729229781559196,13.258229999337345,7.400802001939155,5.037078008172102,2.011153002968058,1,6,0,,,,,,,,,,,,,,local_map_fast,False,12,5143,0,False,False,False,,,,inactive,,,,,,,,,,
front_end,4316879.86826192,True,icp_accepted,2591,1.0,0.07217601727419765,14.134503988316283,7.807354995748028,5.778858991106972,2.51209300768096,1,6,0,,,,,,,,,,,,,,local_map_fast,False,12,5143,0,False,False,False,,,,inactive,,,,,,,,,,
front_end,4316879.96826928,True,icp_accepted,2581,1.0,0.07559309655432384,13.935388997197151,7.701545997406356,5.271498012007214,2.4670880084158853,1,6,0,,,,,,,,,,,,,,local_map_fast,False,12,5143,0,False,False,False,,,,inactive,,,,,,,,,,
front_end,4316880.068380096,True,icp_accepted,2559,1.0,0.07950592091988264,14.4399460114073,7.4951190035790205,5.308136998792179,2.288663003128022,1,6,0,,,,,,,,,,,,,,local_map_fast,False,12,5143,0,False,False,False,,,,inactive,,,,,,,,,,
front_end,4316880.168255616,True,icp_accepted,2587,1.0,0.08307423674374106,33.45795000495855,15.84885899501387,11.767754011088982,9.223471992299892,1,6,0,,,,,,,,,,,,,,local_map_fast,True,12,5357,0,False,False,False,,,,inactive,,,,,,,,,,
front_end,4316880.268197184,True,icp_accepted,2566,1.0,0.06390975873735488,26.29141800571233,11.90511199820321,9.080412986804731,6.245385011425242,1,6,0,,,,,,,,,,,,,,local_map_fast,False,12,5357,0,False,False,False,,,,inactive,,,,,,,,,,
front_end,4316880.368195136,True,icp_accepted,2569,1.0,0.06526704158118055,20.429962009075098,9.758835003594868,7.146654999814928,4.442692996235564,1,6,0,,,,,,,,,,,,,,local_map_fast,False,12,5357,0,False,False,False,,,,inactive,,,,,,,,,,
optimized_backend,,,,,,,,,,,,,,,,,,,,,,,,,,,,,,,,,,,,,,,,,62,64,3,,,,pose_graph,True
front_end,4316880.468270336,True,icp_accepted,2622,1.0,0.06887275639828609,16.809462002129294,8.72134999372065,6.418830991606228,2.6907970022875816,1,6,0,,,,,,,,,,,,,,local_map_fast,False,12,5357,0,False,False,False,,,,inactive,,,,,,,,,,
front_end,4316880.568180928,True,icp_accepted,2596,1.0,0.07183081817985949,19.08812500187196,10.436176002258435,6.749350010068156,2.5376700068591163,1,6,0,,,,,,,,,,,,,,local_map_fast,False,12,5357,0,False,False,False,,,,inactive,,,,,,,,,,
front_end,4316880.66828,True,icp_accepted,2593,1.0,0.07330877412863121,16.65022199449595,9.867358996416442,6.644973997026682,1.8539480079198256,1,6,0,,,,,,,,,,,,,,local_map_fast,False,12,5357,0,False,False,False,,,,inactive,,,,,,,,,,
front_end,4316880.768224896,True,icp_accepted,2598,1.0,0.07260448148971087,16.080785004305653,9.111121005844325,6.546469987370074,2.0590819913195446,1,6,0,,,,,,,,,,,,,,local_map_fast,False,12,5357,0,False,False,False,,,,inactive,,,,,,,,,,
front_end,4316880.868345152,True,icp_accepted,2657,1.0,0.07270159671784801,14.986972004408017,8.377183999982662,6.116513002780266,2.410872999462299,1,6,0,,,,,,,,,,,,,,local_map_fast,False,12,5357,0,False,False,False,,,,inactive,,,,,,,,,,
front_end,4316880.968308416,True,icp_accepted,2621,1.0,0.0752143794811517,13.77452799351886,7.090549988788553,4.936569996061735,2.4723870010348037,1,6,0,,,,,,,,,,,,,,local_map_fast,False,12,5357,0,False,False,False,,,,inactive,,,,,,,,,,
front_end,4316881.068171232,True,icp_accepted,2638,1.0,0.0771008864716929,13.973402004921809,7.487565002520569,5.3868740069447085,2.578366009402089,1,6,0,,,,,,,,,,,,,,local_map_fast,False,12,5357,0,False,False,False,,,,inactive,,,,,,,,,,
front_end,4316881.168311104,True,icp_accepted,2691,1.0,0.07888810862360499,13.619467004900798,7.393809006316587,5.324698009644635,2.2743359877495095,1,6,0,,,,,,,,,,,,,,local_map_fast,False,12,5357,0,False,False,False,,,,inactive,,,,,,,,,,
front_end,4316881.268301376,True,icp_accepted,2659,1.0,0.08041952807015304,14.011412000400014,7.446657997206785,5.461134001961909,2.4836090015014634,1,6,0,,,,,,,,,,,,,,local_map_fast,False,12,5357,0,False,False,False,,,,inactive,,,,,,,,,,
front_end,4316881.36822672,True,icp_accepted,2619,1.0,0.08724901818016953,17.104063997976482,8.796780995908193,6.468854990089312,2.232427999842912,1,6,0,,,,,,,,,,,,,,local_map_fast,True,12,5502,0,False,False,False,,,,inactive,,,,,,,,,,
front_end,4316881.468341216,True,icp_accepted,2687,1.0,0.06795555959462729,15.39952699386049,7.889329004683532,5.665096003212966,2.739788993494585,1,6,0,,,,,,,,,,,,,,local_map_fast,False,12,5502,0,False,False,False,,,,inactive,,,,,,,,,,
front_end,4316881.568292512,True,icp_accepted,2684,1.0,0.07210983601356752,13.841633990523405,7.141374997445382,4.903357999864966,2.3242700117407367,1,6,0,,,,,,,,,,,,,,local_map_fast,False,12,5502,0,False,False,False,,,,inactive,,,,,,,,,,
front_end,4316881.668186016,True,icp_accepted,2722,1.0,0.07294872820493477,15.80704000662081,8.605641996837221,5.791743998997845,2.1762519900221378,1,6,0,,,,,,,,,,,,,,local_map_fast,False,12,5502,0,False,False,False,,,,inactive,,,,,,,,,,
front_end,4316881.768149152,True,icp_accepted,2671,1.0,0.07025492369780234,14.456157005042769,8.127816006890498,5.895368012716062,2.0298269955674186,1,6,0,,,,,,,,,,,,,,local_map_fast,False,12,5502,0,False,False,False,,,,inactive,,,,,,,,,,
front_end,4316881.86824656,True,icp_accepted,2769,1.0,0.07259445806691447,14.335440995637327,7.594465991132893,5.538839992368594,2.8829969960497692,1,6,0,,,,,,,,,,,,,,local_map_fast,False,12,5502,0,False,False,False,,,,inactive,,,,,,,,,,
front_end,4316881.968221984,True,icp_accepted,2679,1.0,0.07656487022845952,15.15300500614103,8.491248008795083,6.120470992755145,2.225374002591707,1,6,0,,,,,,,,,,,,,,local_map_fast,False,12,5502,0,False,False,False,,,,inactive,,,,,,,,,,
front_end,4316882.068345152,True,icp_accepted,2680,1.0,0.07997108906092344,14.962706991354935,8.632933997432701,6.143163001979701,1.9254520011600107,1,6,0,,,,,,,,,,,,,,local_map_fast,False,12,5502,0,False,False,False,,,,inactive,,,,,,,,,,
front_end,4316882.168306272,True,icp_accepted,2768,1.0,0.08596753976935688,13.845731999026611,7.1356849948642775,5.0070519937435165,2.143670993973501,1,6,0,,,,,,,,,,,,,,local_map_fast,False,12,5502,0,False,False,False,,,,inactive,,,,,,,,,,
front_end,4316882.268272608,True,icp_accepted,2715,1.0,0.08538829301463212,15.774750005220994,8.4162270068191,6.156308008939959,2.2207760048331693,1,6,0,,,,,,,,,,,,,,local_map_fast,False,12,5502,0,False,False,False,,,,inactive,,,,,,,,,,
front_end,4316882.368273312,True,icp_accepted,2680,1.0,0.0846843157753405,27.83401100896299,13.187688004109077,10.467825995874591,8.707022003363818,1,6,0,,,,,,,,,,,,,,local_map_fast,False,12,5502,0,False,False,False,,,,inactive,,,,,,,,,,
front_end,4316882.468201664,True,icp_accepted,2742,1.0,0.08358984719240593,30.15199898800347,12.880730995675549,9.484130001510493,7.606828992720693,1,6,0,,,,,,,,,,,,,,local_map_fast,True,12,5627,0,False,False,False,,,,inactive,,,,,,,,,,
front_end,4316882.568255904,True,icp_accepted,2770,1.0,0.07023568656124525,29.601176007417962,10.79240400576964,8.258371002739295,10.741238002083264,1,6,0,,,,,,,,,,,,,,local_map_fast,False,12,5627,0,False,False,False,,,,inactive,,,,,,,,,,
optimized_backend,,,,,,,,,,,,,,,,,,,,,,,,,,,,,,,,,,,,,,,,,63,66,4,,,,pose_graph,True
front_end,4316882.668278752,True,icp_accepted,2789,1.0,0.0697807963612077,25.061419990379363,10.988942987751216,8.473424008116126,6.584932008991018,1,6,0,,,,,,,,,,,,,,local_map_fast,False,12,5627,0,False,False,False,,,,inactive,,,,,,,,,,
front_end,4316882.768325568,True,icp_accepted,2729,1.0,0.06302210247097496,16.380747998482548,9.40143599291332,6.849697994766757,2.5807310012169182,1,6,0,,,,,,,,,,,,,,local_map_fast,False,12,5627,0,False,False,False,,,,inactive,,,,,,,,,,
front_end,4316882.868232544,True,icp_accepted,2761,1.0,0.06859306837897912,17.62342799338512,10.177710995776579,7.177573992521502,3.1469629902858287,1,6,0,,,,,,,,,,,,,,local_map_fast,False,12,5627,0,False,False,False,,,,inactive,,,,,,,,,,
front_end,4316882.968189536,True,icp_accepted,2767,1.0,0.07180425142715886,17.55838599638082,8.1477040075697,5.902873002924025,2.2438189917011186,1,6,0,,,,,,,,,,,,,,local_map_fast,False,12,5627,0,False,False,False,,,,inactive,,,,,,,,,,
front_end,4316883.068133056,True,icp_accepted,2659,1.0,0.07088268278959849,17.193210995174013,9.190489989123307,6.817579007474706,1.956188993062824,1,6,0,,,,,,,,,,,,,,local_map_fast,False,12,5627,0,False,False,False,,,,inactive,,,,,,,,,,
front_end,4316883.168274688,True,icp_accepted,2723,1.0,0.07402370789490778,18.13580900488887,8.693247000337578,6.274590006796643,5.1406529964879155,1,6,0,,,,,,,,,,,,,,local_map_fast,False,12,5627,0,False,False,False,,,,inactive,,,,,,,,,,
front_end,4316883.268306656,True,icp_accepted,2776,1.0,0.07850187495993748,18.853014000342228,7.983684990904294,5.32451800245326,4.687421998823993,1,6,0,,,,,,,,,,,,,,local_map_fast,False,12,5627,0,False,False,False,,,,inactive,,,,,,,,,,
front_end,4316883.368234752,True,icp_accepted,2800,1.0,0.07628042845941506,14.755829004570842,7.4136059993179515,5.2653769962489605,2.681969999684952,1,6,0,,,,,,,,,,,,,,local_map_fast,False,12,5627,0,False,False,False,,,,inactive,,,,,,,,,,
front_end,4316883.468194784,True,icp_accepted,2712,1.0,0.0748939221402444,16.367422009352595,7.963448006194085,5.82792199566029,2.304221998201683,1,6,0,,,,,,,,,,,,,,local_map_fast,True,12,5748,0,False,False,False,,,,inactive,,,,,,,,,,
front_end,4316883.568254816,True,icp_accepted,2703,1.0,0.06769779873775017,14.31256798969116,7.735591003438458,5.390731996158138,2.273714999319054,1,6,0,,,,,,,,,,,,,,local_map_fast,False,12,5748,0,False,False,False,,,,inactive,,,,,,,,,,
front_end,4316883.668221184,True,icp_accepted,2728,1.0,0.07117132359411284,16.06045699736569,7.526849003625102,5.473398006870411,1.8548289954196662,1,6,0,,,,,,,,,,,,,,local_map_fast,False,12,5748,0,False,False,False,,,,inactive,,,,,,,,,,
front_end,4316883.768225024,True,icp_accepted,2734,1.0,0.06334773675415604,15.281414991477504,9.096052002860233,6.740954995620996,2.180880997912027,1,6,0,,,,,,,,,,,,,,local_map_fast,False,12,5748,0,False,False,False,,,,inactive,,,,,,,,,,
front_end,4316883.86812928,True,icp_accepted,2708,1.0,0.07339951677024328,18.552831999841146,11.331225003232248,8.700550999492407,2.5795890105655417,1,6,0,,,,,,,,,,,,,,local_map_fast,False,12,5748,0,False,False,False,,,,inactive,,,,,,,,,,
front_end,4316883.968178528,True,icp_accepted,2673,0.9992517770295548,0.08652973902888961,14.991810996434651,6.886367002152838,4.874353006016463,2.284665999468416,1,6,0,,,,,,,,,,,,,,local_map_fast,False,12,5748,0,False,False,False,,,,inactive,,,,,,,,,,
front_end,4316884.068222304,True,icp_accepted,2742,0.99963530269876,0.10214741848827258,17.881573003251106,10.897090993239544,8.311240992043167,2.3360519990092143,1,6,0,,,,,,,,,,,,,,local_map_fast,False,12,5748,0,False,False,False,,,,inactive,,,,,,,,,,
front_end,4316884.168171424,True,icp_accepted,2806,0.9960798289379901,0.11368081345994847,17.80051999958232,8.170615998096764,6.067581998649985,2.4632199929328635,1,6,0,,,,,,,,,,,,,,local_map_fast,False,12,5748,0,False,False,False,,,,inactive,,,,,,,,,,
front_end,4316884.268151584,True,icp_accepted,2747,0.9941754641427011,0.12173214911346794,17.957064002985135,8.511695996276103,6.358316997648217,3.3304170065093786,1,6,0,,,,,,,,,,,,,,local_map_fast,False,12,5748,0,False,False,False,,,,inactive,,,,,,,,,,
front_end,4316884.368210464,True,icp_accepted,2841,0.9950721576909539,0.11464508803606088,31.407183996634558,10.769401007564738,8.181937999324873,12.496451003244147,1,6,0,,,,,,,,,,,,,,local_map_fast,False,12,5748,0,False,False,False,,,,inactive,,,,,,,,,,
front_end,4316884.468216928,True,icp_accepted,2771,0.9953085528690003,0.13506005091578546,35.60526900400873,12.756768992403522,10.012982995249331,13.348839987884276,1,6,0,,,,,,,,,,,,,,local_map_fast,True,12,6002,0,False,False,False,,,,inactive,,,,,,,,,,
front_end,4316884.568202304,True,icp_accepted,2797,1.0,0.07157682490650862,26.38799900887534,11.727459001122043,9.367311009555124,9.093057000427507,1,6,0,,,,,,,,,,,,,,local_map_fast,False,12,6002,0,False,False,False,,,,inactive,,,,,,,,,,
front_end,4316884.668201216,True,icp_accepted,2841,1.0,0.08330335370370802,26.817785008461215,11.208555006305687,8.66658599989023,8.293787002912723,1,6,0,,,,,,,,,,,,,,local_map_fast,False,12,6002,0,False,False,False,,,,inactive,,,,,,,,,,
optimized_backend,,,,,,,,,,,,,,,,,,,,,,,,,,,,,,,,,,,,,,,,,64,68,5,,,,pose_graph,True
front_end,4316884.768114688,True,icp_accepted,2911,0.9996564754379939,0.09078195475216493,22.057365989894606,11.848856986034662,8.944308006903157,4.114518000278622,1,6,0,,,,,,,,,,,,,,local_map_fast,False,12,6002,0,False,False,False,,,,inactive,,,,,,,,,,
front_end,4316884.868097024,True,icp_accepted,2850,1.0,0.09267983400215579,14.234741989639588,7.376868001301773,5.395090003730729,2.854685008060187,1,6,0,,,,,,,,,,,,,,local_map_fast,False,12,6002,0,False,False,False,,,,inactive,,,,,,,,,,
front_end,4316884.968235328,True,icp_accepted,3006,0.9996673320026613,0.12057754360660776,15.291404008166865,7.50273400626611,5.481212006998248,3.9403910050168633,1,6,0,,,,,,,,,,,,,,local_map_fast,False,12,6002,0,False,False,False,,,,inactive,,,,,,,,,,
front_end,4316885.06813136,True,icp_accepted,2944,0.9989809782608695,0.12616820239335047,14.165161002893,7.234320000861771,5.150371012859978,2.5328509946120903,1,6,0,,,,,,,,,,,,,,local_map_fast,False,12,6002,0,False,False,False,,,,inactive,,,,,,,,,,
front_end,4316885.168183872,True,icp_accepted,3025,1.0,0.1430922962481779,19.162505996064283,9.708821991807781,7.065062003675848,2.9012430022703484,1,6,0,,,,,,,,,,,,,,local_map_fast,False,12,6002,0,False,False,False,,,,inactive,,,,,,,,,,
front_end,4316885.268117056,True,icp_accepted,3016,1.0,0.129050586432432,15.622506005456671,7.31778699264396,5.136334992130287,3.045302990358323,1,6,0,,,,,,,,,,,,,,local_map_fast,False,12,6002,0,False,False,False,,,,inactive,,,,,,,,,,
front_end,4316885.368092832,True,icp_accepted,2996,1.0,0.12787438551894575,15.480289002880454,7.94823000614997,5.829736008308828,2.5795989931793883,1,6,0,,,,,,,,,,,,,,local_map_fast,False,12,6002,0,False,False,False,,,,inactive,,,,,,,,,,
front_end,4316885.468155008,True,icp_accepted,3071,1.0,0.14413639762732197,16.239472999586724,7.526569010224193,5.294161004712805,3.0436699889833108,1,6,0,,,,,,,,,,,,,,local_map_fast,True,12,6401,0,False,False,False,,,,inactive,,,,,,,,,,
front_end,4316885.568217088,True,icp_accepted,2947,1.0,0.068948118226065,14.608042998588644,7.833505005692132,5.366306999349035,2.693172005820088,1,6,0,,,,,,,,,,,,,,local_map_fast,False,12,6401,0,False,False,False,,,,inactive,,,,,,,,,,
front_end,4316885.66829632,True,icp_accepted,3067,1.0,0.07425364230960117,15.561920998152345,8.225860001402907,6.115901996963657,2.7511910011526197,1,6,0,,,,,,,,,,,,,,local_map_fast,False,12,6401,0,False,False,False,,,,inactive,,,,,,,,,,
front_end,4316885.768190912,True,icp_accepted,2993,1.0,0.07532395321347127,18.197484998381697,8.000267000170425,5.578733995207585,2.3294199927477166,1,6,0,,,,,,,,,,,,,,local_map_fast,False,12,6401,0,False,False,False,,,,inactive,,,,,,,,,,
front_end,4316885.868055488,True,icp_accepted,3050,1.0,0.07642140324952561,15.942755999276415,8.571840007789433,5.993803992168978,2.740229989285581,1,6,0,,,,,,,,,,,,,,local_map_fast,False,12,6401,0,False,False,False,,,,inactive,,,,,,,,,,
front_end,4316885.968079264,True,icp_accepted,3147,1.0,0.0951532693495407,17.548307005199604,9.245082008419558,7.025419006822631,3.2825380039867014,1,6,0,,,,,,,,,,,,,,local_map_fast,False,12,6401,0,False,False,False,,,,inactive,,,,,,,,,,
front_end,4316886.068127392,True,icp_accepted,2993,1.0,0.10639112157387166,14.517663003061898,7.96218600589782,5.8537110016914085,2.2499710030388087,1,6,0,,,,,,,,,,,,,,local_map_fast,False,12,6401,0,False,False,False,,,,inactive,,,,,,,,,,
front_end,4316886.168096256,True,icp_accepted,3157,1.0,0.11471275186795139,15.207706994260661,7.9450530029134825,5.7447260041954,2.4075760011328384,1,6,0,,,,,,,,,,,,,,local_map_fast,False,12,6401,0,False,False,False,,,,inactive,,,,,,,,,,
front_end,4316886.2716232,True,icp_accepted,3068,1.0,0.10942001104578224,14.808067993726581,7.472967990906909,5.434976003016345,2.498046000255272,1,6,0,,,,,,,,,,,,,,local_map_fast,False,12,6401,0,False,False,False,,,,inactive,,,,,,,,,,
front_end,4316886.368213056,True,icp_accepted,3161,1.0,0.10084575898719476,37.82177800894715,16.45485700282734,13.397731992881745,10.776434006402269,1,6,0,,,,,,,,,,,,,,local_map_fast,False,12,6401,0,False,False,False,,,,inactive,,,,,,,,,,
front_end,4316886.4680776,True,icp_accepted,3135,1.0,0.09230497068943574,30.963772995164618,11.667376005789265,9.133462997851893,9.704483993118629,1,6,0,,,,,,,,,,,,,,local_map_fast,True,12,6642,0,False,False,False,,,,inactive,,,,,,,,,,
optimized_backend,,,,,,,,,,,,,,,,,,,,,,,,,,,,,,,,,,,,,,,,,65,70,6,,,,pose_graph,True
front_end,4316886.568090848,True,icp_accepted,3131,1.0,0.07250344423323034,15.64500700624194,8.4672130033141,6.226409997907467,2.7653080032905564,1,6,0,,,,,,,,,,,,,,local_map_fast,False,12,6642,0,False,False,False,,,,inactive,,,,,,,,,,
front_end,4316886.668129632,True,icp_accepted,3094,1.0,0.07313212360963926,15.814865997526795,8.254143001977354,6.11400899651926,2.8093099972466007,1,6,0,,,,,,,,,,,,,,local_map_fast,False,12,6642,0,False,False,False,,,,inactive,,,,,,,,,,
front_end,4316886.768059008,True,icp_accepted,3027,1.0,0.068729752932324,14.442351995967329,7.64636299572885,5.609232001006603,2.668125001946464,1,6,0,,,,,,,,,,,,,,local_map_fast,False,12,6642,0,False,False,False,,,,inactive,,,,,,,,,,
front_end,4316886.868089632,True,icp_accepted,3187,1.0,0.07866996226129547,14.874602013151161,7.945384000777267,5.786313995486125,2.423115001874976,1,6,0,,,,,,,,,,,,,,local_map_fast,False,12,6642,0,False,False,False,,,,inactive,,,,,,,,,,
front_end,4316886.968197152,True,icp_accepted,3195,1.0,0.0899990815763843,15.558284998405725,8.176497998647392,5.771616008132696,2.896293008234352,1,6,0,,,,,,,,,,,,,,local_map_fast,False,12,6642,0,False,False,False,,,,inactive,,,,,,,,,,
front_end,4316887.068038272,True,icp_accepted,3096,0.9996770025839793,0.09711328879169623,15.3007820044877,8.507649006787688,6.15950400242582,2.5281919952249154,1,6,0,,,,,,,,,,,,,,local_map_fast,False,12,6642,0,False,False,False,,,,inactive,,,,,,,,,,
front_end,4316887.168026304,True,icp_accepted,3153,0.9996828417380272,0.10629171440144118,15.042507002362981,7.899959004134871,5.461294989800081,3.077854009461589,1,6,0,,,,,,,,,,,,,,local_map_fast,False,12,6642,0,False,False,False,,,,inactive,,,,,,,,,,
front_end,4316887.26816864,True,icp_accepted,3175,1.0,0.11485242758739762,15.40135100367479,8.614549995400012,6.187467006384395,2.6634359965100884,1,6,0,,,,,,,,,,,,,,local_map_fast,False,12,6642,0,False,False,False,,,,inactive,,,,,,,,,,
front_end,4316887.36808576,True,icp_accepted,3110,1.0,0.10806206916490209,14.94207899668254,7.774183002766222,5.590517001110129,2.9793190042255446,1,6,0,,,,,,,,,,,,,,local_map_fast,False,12,6642,0,False,False,False,,,,inactive,,,,,,,,,,
front_end,4316887.468044928,True,icp_accepted,3036,1.0,0.08488137962032871,16.87004600535147,7.7704669965896755,5.698590000974946,2.920989994890988,1,6,0,,,,,,,,,,,,,,local_map_fast,True,12,6764,0,False,False,False,,,,inactive,,,,,,,,,,
front_end,4316887.568161504,True,icp_accepted,3127,1.0,0.07408828601637865,15.979985997546464,8.9265550050186,6.59668400476221,3.0764510011067614,1,6,0,,,,,,,,,,,,,,local_map_fast,False,12,6764,0,False,False,False,,,,inactive,,,,,,,,,,
front_end,4316887.668102016,True,icp_accepted,3008,1.0,0.07881661619857619,15.573694006889127,7.86560500273481,5.765124995377846,2.549593002186157,1,6,0,,,,,,,,,,,,,,local_map_fast,False,12,6764,0,False,False,False,,,,inactive,,,,,,,,,,
front_end,4316887.76800448,True,icp_accepted,3040,1.0,0.07006158375894136,16.33621400105767,8.834541993564926,6.20083199464716,2.5529389968141913,1,6,0,,,,,,,,,,,,,,local_map_fast,False,12,6764,0,False,False,False,,,,inactive,,,,,,,,,,
front_end,4316887.867990528,True,icp_accepted,3010,1.0,0.07231018384041621,14.641825997387059,7.649478997336701,5.539050995139405,2.738997995038517,1,6,0,,,,,,,,,,,,,,local_map_fast,False,12,6764,0,False,False,False,,,,inactive,,,,,,,,,,
front_end,4316887.96808608,True,icp_accepted,2975,1.0,0.07959132956212475,15.50240999495145,8.587418997194618,5.9619640087476,2.4292669986607507,1,6,0,,,,,,,,,,,,,,local_map_fast,False,12,6764,0,False,False,False,,,,inactive,,,,,,,,,,
front_end,4316888.068140896,True,icp_accepted,3052,1.0,0.08976729380572379,16.422296001110226,8.57890299812425,6.335704994853586,3.2291379902744666,1,6,0,,,,,,,,,,,,,,local_map_fast,False,12,6764,0,False,False,False,,,,inactive,,,,,,,,,,
front_end,4316888.168165472,True,icp_accepted,3010,1.0,0.09106907204961545,15.053357987198979,8.455450995825231,6.018338986905292,2.1397640084614977,1,6,0,,,,,,,,,,,,,,local_map_fast,False,12,6764,0,False,False,False,,,,inactive,,,,,,,,,,
front_end,4316888.268053856,True,icp_accepted,3194,1.0,0.09800979939272476,14.760728998226114,7.8679699945496395,5.408034994616173,2.7944419998675585,1,6,0,,,,,,,,,,,,,,local_map_fast,False,12,6764,0,False,False,False,,,,inactive,,,,,,,,,,
front_end,4316888.36816288,True,icp_accepted,3086,1.0,0.09798970821301363,15.381432996946387,7.8849709971109405,5.49234299978707,2.385325002251193,1,6,0,,,,,,,,,,,,,,local_map_fast,False,12,6764,0,False,False,False,,,,inactive,,,,,,,,,,
front_end,4316888.468166848,True,icp_accepted,2990,1.0,0.08180452467953818,31.24529200431425,11.563692009076476,8.966230001533404,11.38142000127118,1,6,0,,,,,,,,,,,,,,local_map_fast,False,12,6764,0,False,False,False,,,,inactive,,,,,,,,,,
front_end,4316888.568073984,True,icp_accepted,3018,1.0,0.07786585155894064,30.152881998219527,17.46674500463996,14.288463004049845,6.109661000664346,1,6,0,,,,,,,,,,,,,,local_map_fast,False,12,6764,0,False,False,False,,,,inactive,,,,,,,,,,
front_end,4316888.668063936,True,icp_accepted,3074,1.0,0.08663704987532869,28.34388898918405,16.094830993097275,13.072511996142566,5.08055099635385,1,6,0,,,,,,,,,,,,,,local_map_fast,False,12,6764,0,False,False,False,,,,inactive,,,,,,,,,,
optimized_backend,,,,,,,,,,,,,,,,,,,,,,,,,,,,,,,,,,,,,,,,,66,72,7,,,,pose_graph,True
front_end,4316888.76814864,True,icp_accepted,3033,1.0,0.08456756504591216,14.243589001125656,7.510107010602951,4.99553099507466,2.4179559986805543,1,6,0,,,,,,,,,,,,,,local_map_fast,False,12,6764,0,False,False,False,,,,inactive,,,,,,,,,,
front_end,4316888.868071168,True,icp_accepted,2992,1.0,0.07965650972053379,15.38829600031022,7.846880005672574,5.832540991832502,2.7035410021198913,1,6,0,,,,,,,,,,,,,,local_map_fast,False,12,6764,0,False,False,False,,,,inactive,,,,,,,,,,
front_end,4316888.968117216,True,icp_accepted,3048,1.0,0.08805406349581532,14.875975000904873,8.046674003708176,5.456797007354908,2.7492070075822994,1,6,0,,,,,,,,,,,,,,local_map_fast,False,12,6764,0,False,False,False,,,,inactive,,,,,,,,,,
front_end,4316889.068120128,True,icp_accepted,3049,1.0,0.0861339596903339,14.389021001989022,7.611868000822142,5.311082000844181,2.759477007202804,1,6,0,,,,,,,,,,,,,,local_map_fast,False,12,6764,0,False,False,False,,,,inactive,,,,,,,,,,
front_end,4316889.168007424,True,icp_accepted,3090,1.0,0.08219292934842212,14.65169500443153,7.829257010598667,5.41734199214261,2.4478519917465746,1,6,0,,,,,,,,,,,,,,local_map_fast,False,12,6764,0,False,False,False,,,,inactive,,,,,,,,,,
front_end,4316889.268105792,True,icp_accepted,3125,1.0,0.09276312764110536,14.128513998002745,7.410450998577289,5.280765995848924,2.710283995838836,1,6,0,,,,,,,,,,,,,,local_map_fast,False,12,6764,0,False,False,False,,,,inactive,,,,,,,,,,
front_end,4316889.368134528,True,icp_accepted,3112,1.0,0.09598464478425736,13.49706899782177,7.009880006080493,4.8687829985283315,2.497053996194154,1,6,0,,,,,,,,,,,,,,local_map_fast,False,12,6764,0,False,False,False,,,,inactive,,,,,,,,,,
front_end,4316889.46798608,True,icp_accepted,3054,1.0,0.09035502731956148,14.181883001583628,7.646533995284699,5.4631380044156685,2.447050006594509,1,6,0,,,,,,,,,,,,,,local_map_fast,False,12,6764,0,False,False,False,,,,inactive,,,,,,,,,,
front_end,4316889.568113696,True,icp_accepted,3019,1.0,0.0882158438988081,17.91060800314881,10.806571997818537,8.456904004560784,2.9574569925898686,1,6,0,,,,,,,,,,,,,,local_map_fast,False,12,6764,0,False,False,False,,,,inactive,,,,,,,,,,
front_end,4316889.668054656,True,icp_accepted,3115,1.0,0.08856158627269888,13.824632987962104,7.633989996975288,5.590556989773177,2.199386013671756,1,6,0,,,,,,,,,,,,,,local_map_fast,False,12,6764,0,False,False,False,,,,inactive,,,,,,,,,,
front_end,4316889.768096544,True,icp_accepted,3055,1.0,0.0871200730508983,14.33048200851772,7.951817009598017,5.205724999541417,2.2780239960411564,1,6,0,,,,,,,,,,,,,,local_map_fast,False,12,6764,0,False,False,False,,,,inactive,,,,,,,,,,
front_end,4316889.86812432,True,icp_accepted,3074,1.0,0.08928875338203471,13.817691011354327,7.408939010929316,5.37959199573379,2.140965996659361,1,6,0,,,,,,,,,,,,,,local_map_fast,False,12,6764,0,False,False,False,,,,inactive,,,,,,,,,,
front_end,4316889.96805216,True,icp_accepted,3120,1.0,0.09346477906890842,13.814033998642117,7.163859001593664,4.982546000974253,2.4839999969117343,1,6,0,,,,,,,,,,,,,,local_map_fast,False,12,6764,0,False,False,False,,,,inactive,,,,,,,,,,
front_end,4316890.06798928,True,icp_accepted,3068,1.0,0.09415954364245525,13.580685990746133,7.280446996446699,5.273994000162929,2.0790599955944344,1,6,0,,,,,,,,,,,,,,local_map_fast,False,12,6764,0,False,False,False,,,,inactive,,,,,,,,,,
front_end,4316890.167965312,True,icp_accepted,3129,1.0,0.09383306783972921,13.939298994955607,7.697540000663139,5.590205997577868,2.053011005045846,1,6,0,,,,,,,,,,,,,,local_map_fast,False,12,6764,0,False,False,False,,,,inactive,,,,,,,,,,
front_end,4316890.2680392,True,icp_accepted,3066,1.0,0.09223007911287588,13.507679002941586,7.192511999164708,5.20543399034068,2.382158985710703,1,6,0,,,,,,,,,,,,,,local_map_fast,False,12,6764,0,False,False,False,,,,inactive,,,,,,,,,,
front_end,4316890.368014336,True,icp_accepted,3150,1.0,0.09295479188637552,14.053954000701196,7.6294919999782,5.477715007145889,2.152276996639557,1,6,0,,,,,,,,,,,,,,local_map_fast,False,12,6764,0,False,False,False,,,,inactive,,,,,,,,,,
front_end,4316890.468085152,True,icp_accepted,3089,1.0,0.09313221004578766,14.002976997289807,7.532780000474304,5.479088009451516,2.2003969934303313,1,6,0,,,,,,,,,,,,,,local_map_fast,False,12,6764,0,False,False,False,,,,inactive,,,,,,,,,,
front_end,4316890.568018912,True,icp_accepted,3060,0.9990196078431373,0.08289796508894068,13.615671006846242,7.185759008280002,4.923385989968665,2.2186619899002835,1,6,0,,,,,,,,,,,,,,local_map_fast,False,12,6764,0,False,False,False,,,,inactive,,,,,,,,,,
front_end,4316890.668004064,True,icp_accepted,3076,1.0,0.08477210237583051,13.993300002766773,7.459303000359796,5.364823999116197,2.504557996871881,1,6,0,,,,,,,,,,,,,,local_map_fast,False,12,6764,0,False,False,False,,,,inactive,,,,,,,,,,
front_end,4316890.767954048,True,icp_accepted,3031,1.0,0.08564256501733869,13.54910600639414,7.410681006149389,5.388146993936971,2.2438089945353568,1,6,0,,,,,,,,,,,,,,local_map_fast,False,12,6764,0,False,False,False,,,,inactive,,,,,,,,,,
front_end,4316890.867991008,True,icp_accepted,3068,1.0,0.08585802170971472,15.540481996140443,7.968327990965918,5.936125002335757,3.011278997291811,1,6,0,,,,,,,,,,,,,,local_map_fast,False,12,6764,0,False,False,False,,,,inactive,,,,,,,,,,
front_end,4316890.967953984,True,icp_accepted,3101,1.0,0.08655415696040471,15.749964994029142,7.9560750018572435,5.777628000942059,3.1829509971430525,1,6,0,,,,,,,,,,,,,,local_map_fast,False,12,6764,0,False,False,False,,,,inactive,,,,,,,,,,
front_end,4316891.068093792,True,icp_accepted,3100,1.0,0.08641619368678972,14.660882006864995,7.908265004516579,5.720791989006102,2.3003250098554417,1,6,0,,,,,,,,,,,,,,local_map_fast,False,12,6764,0,False,False,False,,,,inactive,,,,,,,,,,
front_end,4316891.16803776,True,icp_accepted,3103,1.0,0.0862422109646359,15.819174994248897,6.991114991251379,4.893630000879057,2.583326000603847,1,6,0,,,,,,,,,,,,,,local_map_fast,True,12,6888,0,False,False,False,,,,inactive,,,,,,,,,,
front_end,4316891.267928256,True,icp_accepted,3144,1.0,0.07009197041583864,14.71894100541249,7.896923998487182,5.796162993647158,2.239672001451254,1,6,0,,,,,,,,,,,,,,local_map_fast,False,12,6888,0,False,False,False,,,,inactive,,,,,,,,,,
front_end,4316891.368116096,True,icp_accepted,3208,1.0,0.0682364124074186,15.815607999684289,8.03278898820281,5.6182190019171685,2.258387001347728,1,6,0,,,,,,,,,,,,,,local_map_fast,False,12,6888,0,False,False,False,,,,inactive,,,,,,,,,,
front_end,4316891.468014368,True,icp_accepted,3192,1.0,0.0721611934950653,35.57760900002904,15.727792997495271,13.25374300358817,12.445786996977404,1,6,0,,,,,,,,,,,,,,local_map_fast,False,12,6888,0,False,False,False,,,,inactive,,,,,,,,,,
front_end,4316891.567993024,True,icp_accepted,3180,0.9987421383647799,0.07250554670614404,29.616896994411945,10.881631998927332,7.331051994697191,9.322266996605322,1,6,0,,,,,,,,,,,,,,local_map_fast,True,12,6937,0,False,False,False,,,,inactive,,,,,,,,,,
front_end,4316891.668057024,True,icp_accepted,3140,1.0,0.06493792271861928,30.226400995161384,14.926791001926176,12.357640996924601,8.932256008847617,1,6,0,,,,,,,,,,,,,,local_map_fast,False,12,6937,0,False,False,False,,,,inactive,,,,,,,,,,
optimized_backend,,,,,,,,,,,,,,,,,,,,,,,,,,,,,,,,,,,,,,,,,67,74,8,,,,pose_graph,True
front_end,4316891.76801984,True,icp_accepted,3080,1.0,0.07184273524804383,18.17432300595101,7.558038007118739,5.291786990710534,2.1392330090748146,1,6,0,,,,,,,,,,,,,,local_map_fast,False,12,6937,0,False,False,False,,,,inactive,,,,,,,,,,
front_end,4316891.867953248,True,icp_accepted,3099,1.0,0.07447344271990979,29.80312799627427,12.764915998559445,10.313036007573828,9.023958002217114,1,6,0,,,,,,,,,,,,,,local_map_fast,True,12,6918,0,False,False,False,,,,inactive,,,,,,,,,,
front_end,4316891.968102656,True,icp_accepted,3129,1.0,0.063497648315581,29.389300994807854,11.744420989998616,9.256755001842976,11.103858996648341,1,6,0,,,,,,,,,,,,,,local_map_fast,False,12,6918,0,False,False,False,,,,inactive,,,,,,,,,,
front_end,4316892.067998496,True,icp_accepted,3084,0.9980544747081712,0.06405279738978688,34.83886299363803,14.427052999963053,11.548513997695409,7.560661993920803,1,6,0,,,,,,,,,,,,,,local_map_fast,True,12,6861,0,False,False,False,,,,inactive,,,,,,,,,,
optimized_backend,,,,,,,,,,,,,,,,,,,,,,,,,,,,,,,,,,,,,,,,,68,76,9,,,,pose_graph,True
front_end,4316892.168093824,True,icp_accepted,3071,1.0,0.06709141879979237,17.570189011166804,8.658101010951214,6.0135609965072945,2.597543003503233,1,6,0,,,,,,,,,,,,,,local_map_fast,False,12,6861,0,False,False,False,,,,inactive,,,,,,,,,,
front_end,4316892.267904032,True,icp_accepted,3084,1.0,0.06502208895359603,31.186983003863133,17.269575997488573,14.25658300286159,7.31688599626068,1,6,0,,,,,,,,,,,,,,local_map_fast,False,12,6861,0,False,False,False,,,,inactive,,,,,,,,,,
front_end,4316892.36805424,True,icp_accepted,3110,1.0,0.06832331746877422,23.985303996596485,9.120458998950198,6.709987996146083,2.8300989943090826,1,6,0,,,,,,,,,,,,,,local_map_fast,True,12,6770,0,False,False,False,,,,inactive,,,,,,,,,,
front_end,4316892.46792528,True,icp_accepted,2998,1.0,0.07077257872454185,31.011614002636634,14.04418500897009,10.416710007120855,6.79417498758994,1,6,0,,,,,,,,,,,,,,local_map_fast,False,12,6770,0,False,False,False,,,,inactive,,,,,,,,,,
optimized_backend,,,,,,,,,,,,,,,,,,,,,,,,,,,,,,,,,,,,,,,,,69,78,10,,,,pose_graph,True
front_end,4316892.56790624,True,icp_accepted,3077,1.0,0.07671232470628155,19.250561992521398,11.706048986525275,9.158529996057041,2.7410820039222017,1,6,0,,,,,,,,,,,,,,local_map_fast,False,12,6770,0,False,False,False,,,,inactive,,,,,,,,,,
front_end,4316892.667997472,True,icp_accepted,2984,1.0,0.09032313549505452,37.5108559965156,10.21615399804432,7.691598002566025,17.685997008811682,1,6,0,,,,,,,,,,,,,,local_map_fast,True,12,6753,0,False,False,False,,,,inactive,,,,,,,,,,
front_end,4316892.767963008,True,icp_accepted,3148,1.0,0.06459824918944534,29.94670599582605,14.496031988528557,11.386109006707557,5.610655003692955,1,6,0,,,,,,,,,,,,,,local_map_fast,False,12,6753,0,False,False,False,,,,inactive,,,,,,,,,,
front_end,4316892.867900832,True,icp_accepted,3160,1.0,0.06560694727944728,22.838051998405717,10.496931005036458,7.98211399524007,5.808917005197145,1,6,0,,,,,,,,,,,,,,local_map_fast,False,12,6753,0,False,False,False,,,,inactive,,,,,,,,,,
optimized_backend,,,,,,,,,,,,,,,,,,,,,,,,,,,,,,,,,,,,,,,,,70,80,11,,,,pose_graph,True
front_end,4316892.968066208,True,icp_accepted,3212,1.0,0.06950123233422005,20.041244992171414,7.8213519882410765,5.57180198666174,3.5654790117405355,1,6,0,,,,,,,,,,,,,,local_map_fast,True,12,6691,0,False,False,False,,,,inactive,,,,,,,,,,
front_end,4316893.067907136,True,icp_accepted,3191,1.0,0.0600177132975718,33.09570399869699,14.774436000152491,11.085595993790776,8.201295000617392,1,6,0,,,,,,,,,,,,,,local_map_fast,False,12,6691,0,False,False,False,,,,inactive,,,,,,,,,,
front_end,4316893.167884352,True,icp_accepted,3092,1.0,0.0644763720784312,23.814603991922922,11.025091996998526,8.59674699313473,5.21699599630665,1,6,0,,,,,,,,,,,,,,local_map_fast,False,12,6691,0,False,False,False,,,,inactive,,,,,,,,,,
front_end,4316893.268013664,True,icp_accepted,3141,1.0,0.06582548736656077,25.68393100227695,12.856588000431657,10.421679995488375,3.677408996736631,1,6,0,,,,,,,,,,,,,,local_map_fast,True,12,6529,0,False,False,False,,,,inactive,,,,,,,,,,
optimized_backend,,,,,,,,,,,,,,,,,,,,,,,,,,,,,,,,,,,,,,,,,71,82,12,,,,pose_graph,True
front_end,4316893.36799808,True,icp_accepted,3079,1.0,0.06121704341161271,20.10734999203123,8.156390991644002,5.952035004156642,2.777810994302854,1,6,0,,,,,,,,,,,,,,local_map_fast,False,12,6529,0,False,False,False,,,,inactive,,,,,,,,,,
front_end,4316893.467998688,True,icp_accepted,3202,1.0,0.0664123419647199,42.041676002554595,14.011193998157978,11.024360996088944,17.530115001136437,1,6,0,,,,,,,,,,,,,,local_map_fast,False,12,6529,0,False,False,False,,,,inactive,,,,,,,,,,
front_end,4316893.56790208,True,icp_accepted,3183,1.0,0.0656014420886848,27.302015005261637,9.755901002790779,7.062909004162066,7.367821002844721,1,6,0,,,,,,,,,,,,,,local_map_fast,True,12,6434,0,False,False,False,,,,inactive,,,,,,,,,,
front_end,4316893.667861728,True,icp_accepted,3108,1.0,0.06146740615248795,21.54658900690265,10.225773003185168,7.431500998791307,5.236102995695546,1,6,0,,,,,,,,,,,,,,local_map_fast,False,12,6434,0,False,False,False,,,,inactive,,,,,,,,,,
optimized_backend,,,,,,,,,,,,,,,,,,,,,,,,,,,,,,,,,,,,,,,,,72,84,13,,,,pose_graph,True
front_end,4316893.76790624,True,icp_accepted,3134,1.0,0.06318411694803194,16.636378000839613,9.419790003448725,6.94541800476145,2.1646209934260696,1,6,0,,,,,,,,,,,,,,local_map_fast,False,12,6434,0,False,False,False,,,,inactive,,,,,,,,,,
front_end,4316893.868049248,True,icp_accepted,3052,1.0,0.0630291840005988,17.27658900199458,8.91015499655623,6.5217339870287105,2.0902309915982187,1,6,0,,,,,,,,,,,,,,local_map_fast,False,12,6434,0,False,False,False,,,,inactive,,,,,,,,,,
front_end,4316893.967873408,True,icp_accepted,3084,1.0,0.06328298319445305,41.0917240078561,17.75452500442043,14.994649012805894,12.737213997752406,1,6,0,,,,,,,,,,,,,,local_map_fast,True,12,6191,0,False,False,False,,,,inactive,,,,,,,,,,
front_end,4316894.067966464,True,icp_accepted,3023,1.0,0.05916386139568685,35.15780299494509,11.63685999927111,9.268776993849315,14.671533004730009,1,6,0,,,,,,,,,,,,,,local_map_fast,False,12,6191,0,False,False,False,,,,inactive,,,,,,,,,,
front_end,4316894.167977792,True,icp_accepted,2933,1.0,0.05920939790935096,23.315698010264896,10.106789006385952,7.40172500081826,5.237504999968223,1,6,0,,,,,,,,,,,,,,local_map_fast,False,12,6191,0,False,False,False,,,,inactive,,,,,,,,,,
optimized_backend,,,,,,,,,,,,,,,,,,,,,,,,,,,,,,,,,,,,,,,,,73,86,14,,,,pose_graph,True
front_end,4316894.267899552,True,icp_accepted,2917,1.0,0.05885094002266885,17.045867003616877,9.705025993753225,6.826825992902741,2.331342999241315,1,6,0,,,,,,,,,,,,,,local_map_fast,False,12,6191,0,False,False,False,,,,inactive,,,,,,,,,,
front_end,4316894.368033376,True,icp_accepted,2882,1.0,0.06055745063292175,17.41156198841054,10.11437299894169,7.085823002853431,2.1245359966997057,1,6,0,,,,,,,,,,,,,,local_map_fast,False,12,6191,0,False,False,False,,,,inactive,,,,,,,,,,
front_end,4316894.467972224,True,icp_accepted,2913,1.0,0.061921032603855335,23.704687002464198,8.751977002248168,5.76939299935475,2.7721799997380003,1,6,0,,,,,,,,,,,,,,local_map_fast,True,12,6009,0,False,False,False,,,,inactive,,,,,,,,,,
front_end,4316894.56787904,True,icp_accepted,2867,1.0,0.06006715941529726,35.94940800394397,15.505638002650812,10.843010997632518,9.248759000911377,1,6,0,,,,,,,,,,,,,,local_map_fast,False,12,6009,0,False,False,False,,,,inactive,,,,,,,,,,
front_end,4316894.668000672,True,icp_accepted,2917,1.0,0.06039241203637332,25.455371011048555,11.43124300870113,8.714718002011068,8.177329989848658,1,6,0,,,,,,,,,,,,,,local_map_fast,False,12,6009,0,False,False,False,,,,inactive,,,,,,,,,,
front_end,4316894.76800928,True,icp_accepted,2872,1.0,0.06237095452873045,22.776255995268002,10.367288006818853,7.907793988124467,4.705316998297349,1,6,0,,,,,,,,,,,,,,local_map_fast,False,12,6009,0,False,False,False,,,,inactive,,,,,,,,,,
optimized_backend,,,,,,,,,,,,,,,,,,,,,,,,,,,,,,,,,,,,,,,,,74,88,15,,,,pose_graph,True
front_end,4316894.867862016,True,icp_accepted,2906,1.0,0.06046680871236853,15.94458099862095,8.681785999215208,6.393433010089211,2.157087001251057,1,6,0,,,,,,,,,,,,,,local_map_fast,False,12,6009,0,False,False,False,,,,inactive,,,,,,,,,,
front_end,4316894.968023936,True,icp_accepted,2868,1.0,0.059450049328947686,16.45030899089761,8.730707995709963,5.952897001407109,2.7603479975368828,1,6,0,,,,,,,,,,,,,,local_map_fast,False,12,6009,0,False,False,False,,,,inactive,,,,,,,,,,
front_end,4316895.067946624,True,icp_accepted,2909,1.0,0.059223564631597364,16.21138099289965,8.264713993412443,5.895468988455832,2.9912210011389107,1,6,0,,,,,,,,,,,,,,local_map_fast,False,12,6009,0,False,False,False,,,,inactive,,,,,,,,,,
front_end,4316895.167924192,True,icp_accepted,2916,1.0,0.05830732915067836,14.683094006613828,7.910890009952709,5.747531991801225,2.2403219918487594,1,6,0,,,,,,,,,,,,,,local_map_fast,False,12,6009,0,False,False,False,,,,inactive,,,,,,,,,,
front_end,4316895.267952,True,icp_accepted,2858,1.0,0.05881585141675629,17.670608998741955,11.03854799293913,8.55882599717006,1.6520990029675886,1,6,0,,,,,,,,,,,,,,local_map_fast,False,12,6009,0,False,False,False,,,,inactive,,,,,,,,,,
front_end,4316895.367968768,True,icp_accepted,3000,1.0,0.058525494878100645,14.028285993845202,7.409700003336184,5.2291690080892295,2.06219800747931,1,6,0,,,,,,,,,,,,,,local_map_fast,False,12,6009,0,False,False,False,,,,inactive,,,,,,,,,,
front_end,4316895.467873408,True,icp_accepted,2880,1.0,0.06102805004541579,16.317971007083543,8.242302006692626,6.022057001246139,2.7952840027865022,1,6,0,,,,,,,,,,,,,,local_map_fast,False,12,6009,0,False,False,False,,,,inactive,,,,,,,,,,
front_end,4316895.568001248,True,icp_accepted,2862,1.0,0.06311425911585765,16.47796100587584,8.456333001959138,6.003512011375278,2.4801429972285405,1,6,0,,,,,,,,,,,,,,local_map_fast,False,12,6009,0,False,False,False,,,,inactive,,,,,,,,,,
front_end,4316895.667903072,True,icp_accepted,2865,1.0,0.06423111006778898,16.137542988872156,8.669863993418403,6.432506997953169,2.4718469940125942,1,6,0,,,,,,,,,,,,,,local_map_fast,False,12,6009,0,False,False,False,,,,inactive,,,,,,,,,,
front_end,4316895.767934656,True,icp_accepted,2841,1.0,0.0673304518485279,15.260857995599508,8.402021005167626,6.042345004971139,2.0058619993506,1,6,0,,,,,,,,,,,,,,local_map_fast,False,12,6009,0,False,False,False,,,,inactive,,,,,,,,,,
front_end,4316895.867974528,True,icp_accepted,2935,1.0,0.06551697756886657,14.215396993677132,7.902334997197613,5.723516995203681,1.8480770086171106,1,6,0,,,,,,,,,,,,,,local_map_fast,False,12,6009,0,False,False,False,,,,inactive,,,,,,,,,,
front_end,4316895.967839872,True,icp_accepted,2868,1.0,0.06156609102622942,15.795801999047399,7.70132799516432,5.439624990685843,2.3781510099070147,1,6,0,,,,,,,,,,,,,,local_map_fast,False,12,6009,0,False,False,False,,,,inactive,,,,,,,,,,
front_end,4316896.067938368,True,icp_accepted,2975,1.0,0.0606803645176684,17.120286007411778,9.86160000320524,7.0002720021875575,2.170471998397261,1,6,0,,,,,,,,,,,,,,local_map_fast,False,12,6009,0,False,False,False,,,,inactive,,,,,,,,,,
front_end,4316896.167814848,True,icp_accepted,2839,1.0,0.05903702715618721,17.148860002635047,10.128870999324135,7.211638003354892,1.9495869928505272,1,6,0,,,,,,,,,,,,,,local_map_fast,False,12,6009,0,False,False,False,,,,inactive,,,,,,,,,,
front_end,4316896.267859104,True,icp_accepted,2999,1.0,0.058974172219078795,16.07469499867875,8.8363870017929,6.399074001819827,2.3653969983570278,1,6,0,,,,,,,,,,,,,,local_map_fast,False,12,6009,0,False,False,False,,,,inactive,,,,,,,,,,
front_end,4316896.367844768,True,icp_accepted,3006,1.0,0.05871366898192026,15.488705001189373,8.516065005096607,6.113679002737626,2.060715007246472,1,6,0,,,,,,,,,,,,,,local_map_fast,False,12,6009,0,False,False,False,,,,inactive,,,,,,,,,,
front_end,4316896.467995936,True,icp_accepted,2899,1.0,0.05990565640406179,16.23131800442934,8.821919007459655,6.334002013318241,2.4422809947282076,1,6,0,,,,,,,,,,,,,,local_map_fast,False,12,6009,0,False,False,False,,,,inactive,,,,,,,,,,
front_end,4316896.567875136,True,icp_accepted,3077,1.0,0.06313822198800127,14.863432996207848,7.633829998667352,5.380041999160312,2.67209300363902,1,6,0,,,,,,,,,,,,,,local_map_fast,False,12,6009,0,False,False,False,,,,inactive,,,,,,,,,,
front_end,4316896.667829056,True,icp_accepted,2992,1.0,0.06386538150120374,15.417792994412594,8.155909992638044,5.9249740006634966,2.523614006349817,1,6,0,,,,,,,,,,,,,,local_map_fast,False,12,6009,0,False,False,False,,,,inactive,,,,,,,,,,
front_end,4316896.768004032,True,icp_accepted,3016,1.0,0.06723164118114557,16.499652003403753,8.95297501119785,6.7296339984750375,2.7141220052726567,1,6,0,,,,,,,,,,,,,,local_map_fast,False,12,6009,0,False,False,False,,,,inactive,,,,,,,,,,
front_end,4316896.86801216,True,icp_accepted,3011,1.0,0.06708969002797334,14.997584003140219,8.154456998454407,5.83850200928282,2.103085003909655,1,6,0,,,,,,,,,,,,,,local_map_fast,False,12,6009,0,False,False,False,,,,inactive,,,,,,,,,,
front_end,4316896.968004768,True,icp_accepted,3031,1.0,0.06338176145101945,15.379611009848304,8.14106200414244,5.874981012311764,2.281770997797139,1,6,0,,,,,,,,,,,,,,local_map_fast,False,12,6009,0,False,False,False,,,,inactive,,,,,,,,,,
front_end,4316897.068005088,True,icp_accepted,3075,1.0,0.06220875086089282,16.230858003837056,8.2345270056976,5.977433000225574,2.3367730027530342,1,6,0,,,,,,,,,,,,,,local_map_fast,False,12,6009,0,False,False,False,,,,inactive,,,,,,,,,,
front_end,4316897.167859392,True,icp_accepted,3026,1.0,0.06243023265138701,15.49165099277161,7.8752730041742325,5.637405993184075,2.97213600424584,1,6,0,,,,,,,,,,,,,,local_map_fast,False,12,6009,0,False,False,False,,,,inactive,,,,,,,,,,
front_end,4316897.268006752,True,icp_accepted,3019,1.0,0.06041630827115585,16.23953400121536,8.381021994864568,6.157932002679445,2.8051219996996224,1,6,0,,,,,,,,,,,,,,local_map_fast,False,12,6009,0,False,False,False,,,,inactive,,,,,,,,,,
front_end,4316897.368020512,True,icp_accepted,2930,1.0,0.060347812287798654,16.648642005748115,8.731830996111967,6.43650398706086,2.473750995704904,1,6,0,,,,,,,,,,,,,,local_map_fast,False,12,6009,0,False,False,False,,,,inactive,,,,,,,,,,
front_end,4316897.467799616,True,icp_accepted,3020,1.0,0.059814500092253975,14.920458997949027,7.91104999370873,5.737532992498018,2.0749530085595325,1,6,0,,,,,,,,,,,,,,local_map_fast,False,12,6009,0,False,False,False,,,,inactive,,,,,,,,,,
front_end,4316897.567861184,True,icp_accepted,3171,1.0,0.05892106048879972,16.841794000356458,7.917142007499933,5.70533299469389,2.1592299890471622,1,6,0,,,,,,,,,,,,,,local_map_fast,True,12,5881,0,False,False,False,,,,inactive,,,,,,,,,,
front_end,4316897.668011744,True,icp_accepted,3087,1.0,0.059780988026467974,15.045344000100158,8.244405995355919,5.768230010289699,2.0899509981973097,1,6,0,,,,,,,,,,,,,,local_map_fast,False,12,5881,0,False,False,False,,,,inactive,,,,,,,,,,
front_end,4316897.767874848,True,icp_accepted,3073,1.0,0.05927755467764631,14.213734000804834,7.524566011852585,5.031930006225593,2.2564429964404553,1,6,0,,,,,,,,,,,,,,local_map_fast,False,12,5881,0,False,False,False,,,,inactive,,,,,,,,,,
front_end,4316897.867957824,True,icp_accepted,3016,1.0,0.05904726489983414,14.563219010597095,7.746661998680793,5.57131199457217,2.2623340046266094,1,6,0,,,,,,,,,,,,,,local_map_fast,False,12,5881,0,False,False,False,,,,inactive,,,,,,,,,,
front_end,4316897.967915104,True,icp_accepted,3020,1.0,0.05964468230841684,14.20405600219965,7.940656010759994,5.579265998676419,1.8549600063124672,1,6,0,,,,,,,,,,,,,,local_map_fast,False,12,5881,0,False,False,False,,,,inactive,,,,,,,,,,
front_end,4316898.067838688,True,icp_accepted,3033,1.0,0.058823696395176955,14.308230995084159,7.638750001206063,5.473999000969343,2.051628995104693,1,6,0,,,,,,,,,,,,,,local_map_fast,False,12,5881,0,False,False,False,,,,inactive,,,,,,,,,,
front_end,4316898.168001792,True,icp_accepted,3041,1.0,0.05929288981178262,14.809330998104997,7.602251003845595,5.460262997075915,2.3449590080417693,1,6,0,,,,,,,,,,,,,,local_map_fast,False,12,5881,0,False,False,False,,,,inactive,,,,,,,,,,
front_end,4316898.26789568,True,icp_accepted,3048,1.0,0.058871336265217705,14.985171001171693,8.01105800201185,5.893454988836311,2.4349879968212917,1,6,0,,,,,,,,,,,,,,local_map_fast,False,12,5881,0,False,False,False,,,,inactive,,,,,,,,,,
front_end,4316898.367852704,True,icp_accepted,3064,1.0,0.05845813365836055,14.511111003230326,7.456116989487782,5.242865008767694,1.6541329969186336,1,6,0,,,,,,,,,,,,,,local_map_fast,False,12,5881,0,False,False,False,,,,inactive,,,,,,,,,,
front_end,4316898.467953984,True,icp_accepted,3135,1.0,0.058644176722103106,38.58848899835721,12.99471699167043,10.044552007457241,17.201107999426313,1,6,0,,,,,,,,,,,,,,local_map_fast,False,12,5881,0,False,False,False,,,,inactive,,,,,,,,,,
front_end,4316898.568012576,True,icp_accepted,3055,1.0,0.05923303722459857,25.383568005054258,14.572287007467821,11.367594008333981,4.987686988897622,1,6,0,,,,,,,,,,,,,,local_map_fast,False,12,5881,0,False,False,False,,,,inactive,,,,,,,,,,
front_end,4316898.667998144,True,icp_accepted,3077,1.0,0.05898319442113174,23.381251987302676,10.473907997948118,7.540154998423532,7.477877996279858,1,6,0,,,,,,,,,,,,,,local_map_fast,False,12,5881,0,False,False,False,,,,inactive,,,,,,,,,,
optimized_backend,,,,,,,,,,,,,,,,,,,,,,,,,,,,,,,,,,,,,,,,,75,90,16,,,,pose_graph,True
front_end,4316898.767983232,True,icp_accepted,3070,1.0,0.060986525489641154,17.318477999651805,10.098323007696308,6.8256049999035895,2.0304489880800247,1,6,0,,,,,,,,,,,,,,local_map_fast,False,12,5881,0,False,False,False,,,,inactive,,,,,,,,,,
front_end,4316898.867852576,True,icp_accepted,3069,1.0,0.05888800165285177,16.003170996555127,9.378242990351282,6.460670003434643,1.7993150104302913,1,6,0,,,,,,,,,,,,,,local_map_fast,False,12,5881,0,False,False,False,,,,inactive,,,,,,,,,,
front_end,4316898.967822912,True,icp_accepted,3067,1.0,0.05965827561515726,13.956160997622646,7.497204001992941,5.202970001846552,1.7848080024123192,1,6,0,,,,,,,,,,,,,,local_map_fast,False,12,5881,0,False,False,False,,,,inactive,,,,,,,,,,
front_end,4316899.067990784,True,icp_accepted,3084,1.0,0.06039029865529761,14.200799007085152,7.702589005930349,5.48490000073798,1.970276003703475,1,6,0,,,,,,,,,,,,,,local_map_fast,False,12,5881,0,False,False,False,,,,inactive,,,,,,,,,,
front_end,4316899.167888288,True,icp_accepted,3120,1.0,0.05879381411558949,14.605559001211077,8.085537003353238,5.85333100752905,2.042050997260958,1,6,0,,,,,,,,,,,,,,local_map_fast,False,12,5881,0,False,False,False,,,,inactive,,,,,,,,,,
front_end,4316899.267995072,True,icp_accepted,3039,1.0,0.05889976687264851,13.973723995150067,7.786717003909871,5.675125998095609,1.7074030038202181,1,6,0,,,,,,,,,,,,,,local_map_fast,False,12,5881,0,False,False,False,,,,inactive,,,,,,,,,,
front_end,4316899.367970912,True,icp_accepted,3165,1.0,0.059800497803781855,14.765710002393462,8.182910998584703,5.572723996010609,1.9239889952586964,1,6,0,,,,,,,,,,,,,,local_map_fast,False,12,5881,0,False,False,False,,,,inactive,,,,,,,,,,
front_end,4316899.467934752,True,icp_accepted,3110,1.0,0.059294694165689145,13.972201006254181,7.7056750014889985,5.586238999967463,1.8562030018074438,1,6,0,,,,,,,,,,,,,,local_map_fast,False,12,5881,0,False,False,False,,,,inactive,,,,,,,,,,
front_end,4316899.568040064,True,icp_accepted,3036,1.0,0.059054839422473186,13.96753199514933,7.539593992987648,5.411441990872845,2.02818498655688,1,6,0,,,,,,,,,,,,,,local_map_fast,False,12,5881,0,False,False,False,,,,inactive,,,,,,,,,,
front_end,4316899.667891456,True,icp_accepted,3143,1.0,0.05964052110136766,14.08631500089541,7.975721993716434,5.4819840006530285,1.6884969954844564,1,6,0,,,,,,,,,,,,,,local_map_fast,False,12,5881,0,False,False,False,,,,inactive,,,,,,,,,,
front_end,4316899.76802896,True,icp_accepted,3064,0.9996736292428199,0.05923246524230564,13.691985994228162,7.519687002059072,5.386895994888619,1.7479189991718158,1,6,0,,,,,,,,,,,,,,local_map_fast,False,12,5881,0,False,False,False,,,,inactive,,,,,,,,,,
front_end,4316899.86804288,True,icp_accepted,3084,1.0,0.05911812481489096,14.721066007041372,8.129711000947282,5.871924993698485,1.7960900004254654,1,6,0,,,,,,,,,,,,,,local_map_fast,False,12,5881,0,False,False,False,,,,inactive,,,,,,,,,,
front_end,4316899.967971584,True,icp_accepted,3013,1.0,0.058999069448084585,15.422661992488429,8.58420399890747,6.263048999244347,1.8484579923097044,1,6,0,,,,,,,,,,,,,,local_map_fast,False,12,5881,0,False,False,False,,,,inactive,,,,,,,,,,
front_end,4316900.067897472,True,icp_accepted,3135,1.0,0.05894436419572274,16.542793993721716,9.413940002559684,6.673369003692642,2.3427050036843866,1,6,0,,,,,,,,,,,,,,local_map_fast,False,12,5881,0,False,False,False,,,,inactive,,,,,,,,,,
front_end,4316900.1679784,True,icp_accepted,3067,1.0,0.05969698754471849,17.7347999997437,10.961904001305811,7.588745997054502,1.914341002702713,1,6,0,,,,,,,,,,,,,,local_map_fast,False,12,5881,0,False,False,False,,,,inactive,,,,,,,,,,
front_end,4316900.267905312,True,icp_accepted,3105,1.0,0.06293738907397177,15.219170993077569,8.798445996944793,6.620279003982432,1.9517409964464605,1,6,0,,,,,,,,,,,,,,local_map_fast,False,12,5881,0,False,False,False,,,,inactive,,,,,,,,,,
front_end,4316900.367905472,True,icp_accepted,3084,1.0,0.059691223085439,14.647689007688314,8.147925007506274,5.903844998101704,1.9871580007020384,1,6,0,,,,,,,,,,,,,,local_map_fast,False,12,5881,0,False,False,False,,,,inactive,,,,,,,,,,
front_end,4316900.467980832,True,icp_accepted,3069,1.0,0.06030697253615695,15.009255992481485,8.304798990138806,6.05682200693991,1.8861790013033897,1,6,0,,,,,,,,,,,,,,local_map_fast,False,12,5881,0,False,False,False,,,,inactive,,,,,,,,,,
front_end,4316900.56784032,True,icp_accepted,3130,1.0,0.06021913805031919,15.643115999409929,9.06814199697692,6.96887300000526,2.0573090005200356,1,6,0,,,,,,,,,,,,,,local_map_fast,False,12,5881,0,False,False,False,,,,inactive,,,,,,,,,,
front_end,4316900.667916864,True,icp_accepted,3049,1.0,0.06130106108014107,14.198526012478396,7.847562010283582,5.710964003810659,1.986165007110685,1,6,0,,,,,,,,,,,,,,local_map_fast,False,12,5881,0,False,False,False,,,,inactive,,,,,,,,,,
front_end,4316900.768012352,True,icp_accepted,3116,1.0,0.06189369912009548,13.349613000173122,7.090471000992693,4.814612009795383,1.902589006931521,1,6,0,,,,,,,,,,,,,,local_map_fast,False,12,5881,0,False,False,False,,,,inactive,,,,,,,,,,
front_end,4316900.867930368,True,icp_accepted,3147,1.0,0.060430574057953754,14.591674000257626,7.614925998495892,5.473737997817807,2.507283992599696,1,6,0,,,,,,,,,,,,,,local_map_fast,False,12,5881,0,False,False,False,,,,inactive,,,,,,,,,,
front_end,4316900.968453184,True,icp_accepted,3119,1.0,0.05885319369281313,15.389970998512581,7.965402997797355,5.42792200576514,2.9161410056985915,1,6,0,,,,,,,,,,,,,,local_map_fast,False,12,5881,0,False,False,False,,,,inactive,,,,,,,,,,
front_end,4316901.067948448,True,icp_accepted,3129,1.0,0.05987691473849719,14.943253001547419,7.766288996208459,5.383990006521344,2.9016930056968704,1,6,0,,,,,,,,,,,,,,local_map_fast,False,12,5881,0,False,False,False,,,,inactive,,,,,,,,,,
front_end,4316901.168015072,True,icp_accepted,2983,1.0,0.06003897922661266,14.223473001038656,7.371408006292768,5.27415401302278,2.5434220005990937,1,6,0,,,,,,,,,,,,,,local_map_fast,False,12,5881,0,False,False,False,,,,inactive,,,,,,,,,,
front_end,4316901.268039104,True,icp_accepted,3126,1.0,0.060844932384772565,14.188357003149576,7.540356004028581,5.503052991116419,2.4248889967566356,1,6,0,,,,,,,,,,,,,,local_map_fast,False,12,5881,0,False,False,False,,,,inactive,,,,,,,,,,
front_end,4316901.3679728,True,icp_accepted,3178,1.0,0.06170048702243942,13.474307008436881,6.847826007287949,4.6824029996059835,2.3542560084024444,1,6,0,,,,,,,,,,,,,,local_map_fast,False,12,5881,0,False,False,False,,,,inactive,,,,,,,,,,
front_end,4316901.467883616,True,icp_accepted,3283,1.0,0.060901128896942484,14.57868900615722,7.514747005188838,5.381103997933678,2.6339709875173867,1,6,0,,,,,,,,,,,,,,local_map_fast,False,12,5881,0,False,False,False,,,,inactive,,,,,,,,,,
front_end,4316901.567889472,True,icp_accepted,3185,1.0,0.0605077171265306,20.211305003613234,9.854116011410952,6.766323000192642,5.085550001240335,1,6,0,,,,,,,,,,,,,,local_map_fast,False,12,5881,0,False,False,False,,,,inactive,,,,,,,,,,
front_end,4316901.667976096,True,icp_accepted,3137,1.0,0.06148141369902358,16.366762996767648,8.230740000726655,5.848130997037515,2.745100005995482,1,6,0,,,,,,,,,,,,,,local_map_fast,False,12,5881,0,False,False,False,,,,inactive,,,,,,,,,,
front_end,4316901.76790832,True,icp_accepted,3163,1.0,0.06136928055834025,15.004007000243291,7.910889995400794,5.724368005758151,2.5642410037107766,1,6,0,,,,,,,,,,,,,,local_map_fast,False,12,5881,0,False,False,False,,,,inactive,,,,,,,,,,
front_end,4316901.868002816,True,icp_accepted,3080,1.0,0.06162735783927981,15.645209001377225,8.417481003561988,5.783720000181347,2.4079170107143,1,6,0,,,,,,,,,,,,,,local_map_fast,False,12,5881,0,False,False,False,,,,inactive,,,,,,,,,,
front_end,4316901.967961408,True,icp_accepted,3145,1.0,0.061820450025164564,16.287354999803938,8.252862011431716,5.713086997275241,2.597451995825395,1,6,0,,,,,,,,,,,,,,local_map_fast,False,12,5881,0,False,False,False,,,,inactive,,,,,,,,,,
front_end,4316902.067935296,True,icp_accepted,3268,1.0,0.06435097788819187,16.31329300289508,8.680042999912985,6.112176008173265,2.6843449886655435,1,6,0,,,,,,,,,,,,,,local_map_fast,False,12,5881,0,False,False,False,,,,inactive,,,,,,,,,,
front_end,4316902.1680144,True,icp_accepted,3176,1.0,0.06540641510908736,16.68885801336728,8.416620010393672,6.10924098873511,2.3887110000941902,1,6,0,,,,,,,,,,,,,,local_map_fast,False,12,5881,0,False,False,False,,,,inactive,,,,,,,,,,
front_end,4316902.267871584,True,icp_accepted,3199,1.0,0.06798220320621541,19.637410005088896,8.921457003452815,6.417238007998094,2.5565659889252856,1,6,0,,,,,,,,,,,,,,local_map_fast,True,12,5675,0,False,False,False,,,,inactive,,,,,,,,,,
front_end,4316902.367902112,True,icp_accepted,3105,1.0,0.06213418323696308,16.047383993281983,8.845032993122004,6.231721010408364,2.292340010171756,1,6,0,,,,,,,,,,,,,,local_map_fast,False,12,5675,0,False,False,False,,,,inactive,,,,,,,,,,
front_end,4316902.467852832,True,icp_accepted,3235,1.0,0.06200265522257642,15.513973994529806,8.538256995962001,5.9412450063973665,2.453271998092532,1,6,0,,,,,,,,,,,,,,local_map_fast,False,12,5675,0,False,False,False,,,,inactive,,,,,,,,,,
front_end,4316902.567982016,True,icp_accepted,3144,1.0,0.0640553530031871,14.297631991212256,7.338857991271652,4.971325994119979,2.5653419870650396,1,6,0,,,,,,,,,,,,,,local_map_fast,False,12,5675,0,False,False,False,,,,inactive,,,,,,,,,,
front_end,4316902.66791104,True,icp_accepted,3183,1.0,0.06645289921316462,17.54565499140881,10.40164299774915,7.984848998603411,2.795293999952264,1,6,0,,,,,,,,,,,,,,local_map_fast,False,12,5675,0,False,False,False,,,,inactive,,,,,,,,,,
front_end,4316902.768386112,True,icp_accepted,3167,1.0,0.067872605905824,18.34489499742631,8.10598699899856,5.653615997289307,2.4313809990417212,1,6,0,,,,,,,,,,,,,,local_map_fast,False,12,5675,0,False,False,False,,,,inactive,,,,,,,,,,
front_end,4316902.867908576,True,icp_accepted,3071,1.0,0.07066229490817073,15.056725998874754,7.807506000972353,5.649048005579971,2.80567399749998,1,6,0,,,,,,,,,,,,,,local_map_fast,False,12,5675,0,False,False,False,,,,inactive,,,,,,,,,,
front_end,4316902.967888224,True,icp_accepted,3085,1.0,0.06970885517729879,14.722859996254556,7.837572993594222,5.700204012100585,2.425691011012532,1,6,0,,,,,,,,,,,,,,local_map_fast,False,12,5675,0,False,False,False,,,,inactive,,,,,,,,,,
front_end,4316903.067899936,True,icp_accepted,3117,1.0,0.07145858369047535,15.71761499508284,8.330106997163966,5.993654005578719,2.682913007447496,1,6,0,,,,,,,,,,,,,,local_map_fast,False,12,5675,0,False,False,False,,,,inactive,,,,,,,,,,
front_end,4316903.167946784,True,icp_accepted,3047,1.0,0.0725006087240027,15.554059005808085,7.392106999759562,5.269636007142253,2.531788995838724,1,6,0,,,,,,,,,,,,,,local_map_fast,False,12,5675,0,False,False,False,,,,inactive,,,,,,,,,,
front_end,4316903.267883232,True,icp_accepted,3011,1.0,0.07776027972332862,33.43388099165168,14.757864992134273,12.387818991555832,10.294973006239161,1,6,0,,,,,,,,,,,,,,local_map_fast,True,12,5764,0,False,False,False,,,,inactive,,,,,,,,,,
front_end,4316903.367816416,True,icp_accepted,2991,1.0,0.06436983086407129,25.238015005015768,10.294031002558768,7.783291002851911,8.995815995149314,1,6,0,,,,,,,,,,,,,,local_map_fast,False,12,5764,0,False,False,False,,,,inactive,,,,,,,,,,
front_end,4316903.467944416,True,icp_accepted,3110,1.0,0.06598507546507354,34.79381199576892,19.88989199162461,17.161815005238168,6.799685987061821,1,6,0,,,,,,,,,,,,,,local_map_fast,False,12,5764,0,False,False,False,,,,inactive,,,,,,,,,,
front_end,4316903.567910176,True,icp_accepted,3016,1.0,0.06921068830401474,27.604293994954787,10.202057994320057,7.391566003207117,9.035089999088086,1,6,0,,,,,,,,,,,,,,local_map_fast,False,12,5764,0,False,False,False,,,,inactive,,,,,,,,,,
optimized_backend,,,,,,,,,,,,,,,,,,,,,,,,,,,,,,,,,,,,,,,,,76,92,17,,,,pose_graph,True
front_end,4316903.668355136,True,icp_accepted,2975,0.999327731092437,0.07464681348064703,19.82741500250995,10.991549002937973,8.36460100254044,2.8607470012502745,1,6,0,,,,,,,,,,,,,,local_map_fast,False,12,5764,0,False,False,False,,,,inactive,,,,,,,,,,
front_end,4316903.768017056,True,icp_accepted,3009,1.0,0.07489229435197832,15.249857999151573,7.526279005105607,5.22198599355761,2.720514006796293,1,6,0,,,,,,,,,,,,,,local_map_fast,False,12,5764,0,False,False,False,,,,inactive,,,,,,,,,,
front_end,4316903.86848512,True,icp_accepted,2993,1.0,0.07442446079175898,16.614667998510413,8.587830001488328,6.264472001930699,2.407295993180014,1,6,0,,,,,,,,,,,,,,local_map_fast,False,12,5764,0,False,False,False,,,,inactive,,,,,,,,,,
front_end,4316903.968400192,True,icp_accepted,3031,1.0,0.07726843592125136,16.847014994709753,8.877885004039854,6.664022002951242,2.3641950101591647,1,6,0,,,,,,,,,,,,,,local_map_fast,False,12,5764,0,False,False,False,,,,inactive,,,,,,,,,,
front_end,4316904.067837856,True,icp_accepted,3024,1.0,0.08112696249831922,19.92556000186596,9.380978997796774,6.485966994659975,2.682613005163148,1,6,0,,,,,,,,,,,,,,local_map_fast,True,12,5957,0,False,False,False,,,,inactive,,,,,,,,,,
front_end,4316904.167924128,True,icp_accepted,2992,1.0,0.06396356098220742,18.117216997779906,9.99458899605088,6.725185987306759,2.8523910004878417,1,6,0,,,,,,,,,,,,,,local_map_fast,False,12,5957,0,False,False,False,,,,inactive,,,,,,,,,,
front_end,4316904.26793488,True,icp_accepted,2881,1.0,0.06519878834638554,15.867947993683629,8.564367002691142,6.008141004713252,2.483620002749376,1,6,0,,,,,,,,,,,,,,local_map_fast,False,12,5957,0,False,False,False,,,,inactive,,,,,,,,,,
front_end,4316904.368030752,True,icp_accepted,2963,1.0,0.07019756578491253,14.915973006282002,7.628391002072021,5.360766997910105,2.647485991474241,1,6,0,,,,,,,,,,,,,,local_map_fast,False,12,5957,0,False,False,False,,,,inactive,,,,,,,,,,
front_end,4316904.467888864,True,icp_accepted,2957,1.0,0.07078278622336565,15.743264011689462,7.869383000070229,5.705313000362366,2.9928249859949574,1,6,0,,,,,,,,,,,,,,local_map_fast,False,12,5957,0,False,False,False,,,,inactive,,,,,,,,,,
front_end,4316904.567849952,True,icp_accepted,2871,1.0,0.07527163576647923,17.849965995992534,10.20677799533587,7.314221002161503,2.914828000939451,1,6,0,,,,,,,,,,,,,,local_map_fast,False,12,5957,0,False,False,False,,,,inactive,,,,,,,,,,
front_end,4316904.668333024,True,icp_accepted,2873,0.9996519317786287,0.07734247095516354,15.549029994872399,8.15557999885641,5.8818840043386444,2.9039479995844886,1,6,0,,,,,,,,,,,,,,local_map_fast,False,12,5957,0,False,False,False,,,,inactive,,,,,,,,,,
front_end,4316904.767870464,True,icp_accepted,2814,1.0,0.0820456868340757,18.0543799942825,7.815100994776003,5.766809001215734,2.9275010019773617,1,6,0,,,,,,,,,,,,,,local_map_fast,False,12,5957,0,False,False,False,,,,inactive,,,,,,,,,,
front_end,4316904.868378624,True,icp_accepted,2819,1.0,0.08078504820824288,40.342902997508645,16.222182995988987,13.034382005571388,9.390937004354782,1,6,0,,,,,,,,,,,,,,local_map_fast,True,12,6054,0,False,False,False,,,,inactive,,,,,,,,,,
front_end,4316904.967960064,True,icp_accepted,2778,1.0,0.06617042627520554,27.380075000110082,9.525350003968924,7.0296379999490455,8.358791004866362,1,6,0,,,,,,,,,,,,,,local_map_fast,False,12,6054,0,False,False,False,,,,inactive,,,,,,,,,,
front_end,4316905.067885408,True,icp_accepted,2925,1.0,0.069765008275233,36.14223199838307,14.648971002316102,11.599569988902658,13.376634000451304,1,6,0,,,,,,,,,,,,,,local_map_fast,False,12,6054,0,False,False,False,,,,inactive,,,,,,,,,,
front_end,4316905.167836352,True,icp_accepted,2874,1.0,0.07085611523656747,30.220143002225086,15.573605996905826,13.09735000540968,7.235694007249549,1,6,0,,,,,,,,,,,,,,local_map_fast,False,12,6054,0,False,False,False,,,,inactive,,,,,,,,,,
optimized_backend,,,,,,,,,,,,,,,,,,,,,,,,,,,,,,,,,,,,,,,,,77,94,18,,,,pose_graph,True
front_end,4316905.267831328,True,icp_accepted,2734,1.0,0.07284739879020069,21.355211996706203,10.831228995812126,7.740480999927968,3.309138002805412,1,6,0,,,,,,,,,,,,,,local_map_fast,False,12,6054,0,False,False,False,,,,inactive,,,,,,,,,,
front_end,4316905.367876832,True,icp_accepted,2829,1.0,0.07365539388437195,18.032599007710814,8.508262006216682,6.3088049937505275,3.552013004082255,1,6,0,,,,,,,,,,,,,,local_map_fast,False,12,6054,0,False,False,False,,,,inactive,,,,,,,,,,
front_end,4316905.467975136,True,icp_accepted,2822,1.0,0.07856015465680238,16.433548997156322,8.14646200160496,5.958356996416114,2.643127998453565,1,6,0,,,,,,,,,,,,,,local_map_fast,False,12,6054,0,False,False,False,,,,inactive,,,,,,,,,,
front_end,4316905.567883648,True,icp_accepted,2746,1.0,0.07836076334770807,14.980923995608464,7.241165003506467,5.01821399666369,2.758274000370875,1,6,0,,,,,,,,,,,,,,local_map_fast,False,12,6054,0,False,False,False,,,,inactive,,,,,,,,,,
front_end,4316905.66783744,True,icp_accepted,2806,1.0,0.08506128440535825,16.835201997309923,8.893424004781991,5.769503986812197,2.478879992850125,1,6,0,,,,,,,,,,,,,,local_map_fast,False,12,6054,0,False,False,False,,,,inactive,,,,,,,,,,
front_end,4316905.76836496,True,icp_accepted,2680,1.0,0.08089920353258648,20.585998994647525,8.661858999403194,6.205040990607813,2.964351006085053,1,6,0,,,,,,,,,,,,,,local_map_fast,True,12,6106,0,False,False,False,,,,inactive,,,,,,,,,,
front_end,4316905.868343488,True,icp_accepted,2702,1.0,0.06614920297335719,16.865550001966767,8.275676009361632,5.97398700483609,2.549113007262349,1,6,0,,,,,,,,,,,,,,local_map_fast,False,12,6106,0,False,False,False,,,,inactive,,,,,,,,,,
front_end,4316905.967825248,True,icp_accepted,2649,1.0,0.0686711533141882,17.775767992134206,9.496635990217328,6.235067005036399,2.3860660003265366,1,6,0,,,,,,,,,,,,,,local_map_fast,False,12,6106,0,False,False,False,,,,inactive,,,,,,,,,,
front_end,4316906.067983616,True,icp_accepted,2771,1.0,0.07209005188936311,17.437633010558784,8.936275000451133,6.433518996345811,2.7091320080216974,1,6,0,,,,,,,,,,,,,,local_map_fast,False,12,6106,0,False,False,False,,,,inactive,,,,,,,,,,
front_end,4316906.167817984,True,icp_accepted,2717,1.0,0.07699020371613237,15.816983010154217,7.9124140029307455,5.366167009924538,2.711066001211293,1,6,0,,,,,,,,,,,,,,local_map_fast,False,12,6106,0,False,False,False,,,,inactive,,,,,,,,,,
front_end,4316906.268302624,True,icp_accepted,2643,1.0,0.08381206159965557,16.134116987814195,8.234697990701534,5.956695007625967,2.895181009080261,1,6,0,,,,,,,,,,,,,,local_map_fast,False,12,6106,0,False,False,False,,,,inactive,,,,,,,,,,
front_end,4316906.367941248,True,icp_accepted,2673,1.0,0.08741261507823234,17.789563004043885,8.508622006047517,6.329705007374287,3.3046499884221703,1,6,0,,,,,,,,,,,,,,local_map_fast,False,12,6106,0,False,False,False,,,,inactive,,,,,,,,,,
front_end,4316906.468384128,True,icp_accepted,2668,1.0,0.08402534216109785,17.228409997187555,9.123074007220566,6.34174699371215,2.7029399934690446,1,6,0,,,,,,,,,,,,,,local_map_fast,False,12,6106,0,False,False,False,,,,inactive,,,,,,,,,,
front_end,4316906.568357312,True,icp_accepted,2732,1.0,0.08773867962968146,16.00400300230831,8.326530005433597,6.142643993371166,2.7803159900940955,1,6,0,,,,,,,,,,,,,,local_map_fast,False,12,6106,0,False,False,False,,,,inactive,,,,,,,,,,
front_end,4316906.667856736,True,icp_accepted,2675,1.0,0.08487673159922346,16.304527001921088,7.454785009031184,5.416039988631383,2.865095011657104,1,6,0,,,,,,,,,,,,,,local_map_fast,False,12,6106,0,False,False,False,,,,inactive,,,,,,,,,,
front_end,4316906.768363232,True,icp_accepted,2681,1.0,0.08369070568741697,33.87036100320984,11.062934005167335,8.214240006054752,8.642794011393562,1,6,0,,,,,,,,,,,,,,local_map_fast,True,12,6261,0,False,False,False,,,,inactive,,,,,,,,,,
front_end,4316906.868351488,True,icp_accepted,2641,1.0,0.06709690140599851,28.412992003723048,11.863735999213532,9.450589001062326,8.80594999762252,1,6,0,,,,,,,,,,,,,,local_map_fast,False,12,6261,0,False,False,False,,,,inactive,,,,,,,,,,
front_end,4316906.967825408,True,icp_accepted,2575,1.0,0.07263454479826287,35.06293799728155,13.077904004603624,10.01271398854442,12.01416899857577,1,6,0,,,,,,,,,,,,,,local_map_fast,False,12,6261,0,False,False,False,,,,inactive,,,,,,,,,,
front_end,4316907.068433536,True,icp_accepted,2637,1.0,0.07602427538338,26.865779989748262,15.758282999740914,11.757136991946027,3.616695001255721,1,6,0,,,,,,,,,,,,,,local_map_fast,False,12,6261,0,False,False,False,,,,inactive,,,,,,,,,,
optimized_backend,,,,,,,,,,,,,,,,,,,,,,,,,,,,,,,,,,,,,,,,,78,96,19,,,,pose_graph,True
front_end,4316907.168310624,True,icp_accepted,2543,1.0,0.08063538099662855,27.93795199249871,16.51772699551657,12.785294995410368,3.7034279957879335,1,6,0,,,,,,,,,,,,,,local_map_fast,False,12,6261,0,False,False,False,,,,inactive,,,,,,,,,,
front_end,4316907.26800944,True,icp_accepted,2559,1.0,0.0859389548898815,17.47549399442505,9.6041679935297,6.545329000800848,2.3509210004704073,1,6,0,,,,,,,,,,,,,,local_map_fast,False,12,6261,0,False,False,False,,,,inactive,,,,,,,,,,
front_end,4316907.36799024,True,icp_accepted,2609,0.9973169796857033,0.1001387392269255,14.159362995997071,7.159471002523787,5.011911998735741,2.4088689970085397,1,6,0,,,,,,,,,,,,,,local_map_fast,False,12,6261,0,False,False,False,,,,inactive,,,,,,,,,,
front_end,4316907.468417568,True,icp_accepted,2571,0.9976662777129521,0.1095627047039205,15.39166500151623,8.333434001542628,6.066842004656792,2.167065002140589,1,6,0,,,,,,,,,,,,,,local_map_fast,False,12,6261,0,False,False,False,,,,inactive,,,,,,,,,,
front_end,4316907.56799568,True,icp_accepted,2498,0.9983987189751802,0.09801657491342224,14.794734990573488,7.521189996623434,5.504897999344394,2.6970800099661574,1,6,0,,,,,,,,,,,,,,local_map_fast,False,12,6261,0,False,False,False,,,,inactive,,,,,,,,,,
front_end,4316907.667840768,True,icp_accepted,2494,0.9983961507618284,0.10631154467859709,14.772593000088818,7.806864989106543,5.824616993777454,2.342124003916979,1,6,0,,,,,,,,,,,,,,local_map_fast,False,12,6261,0,False,False,False,,,,inactive,,,,,,,,,,
front_end,4316907.768410464,True,icp_accepted,2526,0.9984164687252574,0.10763672844721048,14.646497002104297,7.653487991774455,5.639380004140548,2.550083998357877,1,6,0,,,,,,,,,,,,,,local_map_fast,False,12,6261,0,False,False,False,,,,inactive,,,,,,,,,,
front_end,4316907.868005184,True,icp_accepted,2459,0.9959333062220415,0.11001831292853184,16.22575899818912,7.340971002122387,5.356077992473729,2.2491300042020157,1,6,0,,,,,,,,,,,,,,local_map_fast,True,12,6416,0,False,False,False,,,,inactive,,,,,,,,,,
front_end,4316907.967942912,True,icp_accepted,2464,1.0,0.07361194535575355,14.052513011847623,6.892220000736415,4.89817900233902,2.6965390134137124,1,6,0,,,,,,,,,,,,,,local_map_fast,False,12,6416,0,False,False,False,,,,inactive,,,,,,,,,,
front_end,4316908.06846096,True,icp_accepted,2524,1.0,0.08626098373348694,14.53831400431227,7.58595101069659,5.553147988393903,2.426021994324401,1,6,0,,,,,,,,,,,,,,local_map_fast,False,12,6416,0,False,False,False,,,,inactive,,,,,,,,,,
front_end,4316908.16794384,True,icp_accepted,2496,1.0,0.10293693376297319,15.644568993593566,8.58549599070102,6.561659989529289,2.6350030093453825,1,6,0,,,,,,,,,,,,,,local_map_fast,False,12,6416,0,False,False,False,,,,inactive,,,,,,,,,,
front_end,4316908.267935552,True,icp_accepted,2511,1.0,0.11485414762847104,16.871059997356497,8.726401007152162,6.046423004590906,2.2614120098296553,1,6,0,,,,,,,,,,,,,,local_map_fast,False,12,6416,0,False,False,False,,,,inactive,,,,,,,,,,
front_end,4316908.36828288,True,icp_accepted,2577,1.0,0.12660457797862967,15.544291003607213,7.7509010006906465,5.714621001970954,2.5101300125243142,1,6,0,,,,,,,,,,,,,,local_map_fast,False,12,6416,0,False,False,False,,,,inactive,,,,,,,,,,
front_end,4316908.468306752,True,icp_accepted,2690,1.0,0.12439961845142732,14.509098997223191,7.708750999881886,5.565850995481014,2.1714839967899024,1,6,0,,,,,,,,,,,,,,local_map_fast,False,12,6416,0,False,False,False,,,,inactive,,,,,,,,,,
front_end,4316908.567897248,True,icp_accepted,2585,1.0,0.122571041858708,13.948537991382182,6.6163229930680245,4.6161700010998175,2.5538310001138598,1,6,0,,,,,,,,,,,,,,local_map_fast,False,12,6416,0,False,False,False,,,,inactive,,,,,,,,,,
front_end,4316908.668479552,True,icp_accepted,2476,1.0,0.12551976697395797,15.937298012431711,7.72937000147067,5.680406000465155,2.510039004846476,1,6,0,,,,,,,,,,,,,,local_map_fast,False,12,6416,0,False,False,False,,,,inactive,,,,,,,,,,
front_end,4316908.767980128,True,icp_accepted,2583,1.0,0.12804637080589482,31.68813699448947,11.44040199869778,9.100342009332962,8.832109000650235,1,6,0,,,,,,,,,,,,,,local_map_fast,True,12,6602,0,False,False,False,,,,inactive,,,,,,,,,,
front_end,4316908.86782704,True,icp_accepted,2593,1.0,0.07377015859658664,23.14873700379394,10.909135002293624,8.523319993400946,6.130772002507001,1,6,0,,,,,,,,,,,,,,local_map_fast,False,12,6602,0,False,False,False,,,,inactive,,,,,,,,,,
front_end,4316908.968323616,True,icp_accepted,2529,1.0,0.08052971828104342,22.809210990089923,10.55378999444656,8.220090996474028,4.784736011060886,1,6,0,,,,,,,,,,,,,,local_map_fast,False,12,6602,0,False,False,False,,,,inactive,,,,,,,,,,
front_end,4316909.068457344,True,icp_accepted,2530,1.0,0.09028931427648128,30.316905002109706,14.634193998062983,11.717382003553212,8.62440001219511,1,6,0,,,,,,,,,,,,,,local_map_fast,False,12,6602,0,False,False,False,,,,inactive,,,,,,,,,,
optimized_backend,,,,,,,,,,,,,,,,,,,,,,,,,,,,,,,,,,,,,,,,,79,98,20,,,,pose_graph,True
front_end,4316909.167906848,True,icp_accepted,2543,1.0,0.10521155582825878,17.602833002456464,8.762067998759449,6.402862010872923,3.2753949926700443,1,6,0,,,,,,,,,,,,,,local_map_fast,False,12,6602,0,False,False,False,,,,inactive,,,,,,,,,,
front_end,4316909.268215072,True,icp_accepted,2658,1.0,0.10664462751724549,15.866746005485766,8.096509001916274,6.113058989285491,2.915660006692633,1,6,0,,,,,,,,,,,,,,local_map_fast,False,12,6602,0,False,False,False,,,,inactive,,,,,,,,,,
front_end,4316909.36787136,True,icp_accepted,2676,1.0,0.11331720777524788,16.62062099785544,9.116924004047178,6.68749600299634,2.7857559907715768,1,6,0,,,,,,,,,,,,,,local_map_fast,False,12,6602,0,False,False,False,,,,inactive,,,,,,,,,,
front_end,4316909.46785904,True,icp_accepted,2744,1.0,0.12229849135522101,15.353573995525949,7.870756002375856,5.742602996178903,2.916170997195877,1,6,0,,,,,,,,,,,,,,local_map_fast,False,12,6602,0,False,False,False,,,,inactive,,,,,,,,,,
front_end,4316909.568379712,True,icp_accepted,2650,1.0,0.10696508125732668,17.104979997384362,7.986191994859837,5.684173011104576,2.5958600017474964,1,6,0,,,,,,,,,,,,,,local_map_fast,True,12,6910,0,False,False,False,,,,inactive,,,,,,,,,,
front_end,4316909.668243424,True,icp_accepted,2726,1.0,0.07918916905218501,15.7709060003981,7.574510003905743,5.44596700638067,3.5217069962527603,1,6,0,,,,,,,,,,,,,,local_map_fast,False,12,6910,0,False,False,False,,,,inactive,,,,,,,,,,
front_end,4316909.768287648,True,icp_accepted,2685,1.0,0.07780803683522138,14.285860990639776,7.037792995106429,4.859516993747093,2.537409993237816,1,6,0,,,,,,,,,,,,,,local_map_fast,False,12,6910,0,False,False,False,,,,inactive,,,,,,,,,,
front_end,4316909.868243008,True,icp_accepted,2619,1.0,0.07445449125480183,14.840841991826892,7.995430001756176,5.944521995843388,2.3140919947763905,1,6,0,,,,,,,,,,,,,,local_map_fast,False,12,6910,0,False,False,False,,,,inactive,,,,,,,,,,
front_end,4316909.968372704,True,icp_accepted,2678,1.0,0.08512828027457789,15.472205996047705,7.811613992089406,5.64590199792292,2.2799669968662784,1,6,0,,,,,,,,,,,,,,local_map_fast,False,12,6910,0,False,False,False,,,,inactive,,,,,,,,,,
front_end,4316910.06823536,True,icp_accepted,2667,1.0,0.08533636876979718,17.41464999213349,8.938367987866513,6.554917999892496,2.553540005465038,1,6,0,,,,,,,,,,,,,,local_map_fast,False,12,6910,0,False,False,False,,,,inactive,,,,,,,,,,
front_end,4316910.168234784,True,icp_accepted,2631,1.0,0.08575605253165694,15.213880993542261,7.6044460001867265,5.5103170016082,2.7472340007079765,1,6,0,,,,,,,,,,,,,,local_map_fast,False,12,6910,0,False,False,False,,,,inactive,,,,,,,,,,
front_end,4316910.268429088,True,icp_accepted,2642,1.0,0.08802695895461676,15.35253100155387,8.198690004064701,6.10707700252533,2.4440349952783436,1,6,0,,,,,,,,,,,,,,local_map_fast,False,12,6910,0,False,False,False,,,,inactive,,,,,,,,,,
front_end,4316910.368283936,True,icp_accepted,2673,1.0,0.09189708334568734,19.688435990246944,10.917801992036402,7.547829998657107,2.5645310088293627,1,6,0,,,,,,,,,,,,,,local_map_fast,False,12,6910,0,False,False,False,,,,inactive,,,,,,,,,,
front_end,4316910.46826096,True,icp_accepted,2751,1.0,0.09560167534297848,16.41394299804233,8.231191997765563,5.96003100508824,3.0295129981823266,1,6,0,,,,,,,,,,,,,,local_map_fast,False,12,6910,0,False,False,False,,,,inactive,,,,,,,,,,
front_end,4316910.568350848,True,icp_accepted,2651,1.0,0.08195658466599957,16.990906005958095,9.749591001309454,6.699206991470419,2.2794460091972724,1,6,0,,,,,,,,,,,,,,local_map_fast,False,12,6910,0,False,False,False,,,,inactive,,,,,,,,,,
front_end,4316910.668239296,True,icp_accepted,2632,1.0,0.0914083163572958,17.361018995870836,8.266657998319715,6.169935004436411,3.375282001798041,1,6,0,,,,,,,,,,,,,,local_map_fast,False,12,6910,0,False,False,False,,,,inactive,,,,,,,,,,
front_end,4316910.76820176,True,icp_accepted,2626,1.0,0.09348135863167366,18.683029993553646,10.215795002295636,7.329420011956245,2.440839001792483,1,6,0,,,,,,,,,,,,,,local_map_fast,False,12,6910,0,False,False,False,,,,inactive,,,,,,,,,,
front_end,4316910.868304352,True,icp_accepted,2650,1.0,0.0850101983399631,15.110859007108957,7.901913995738141,5.78777800546959,1.9455599976936355,1,6,0,,,,,,,,,,,,,,local_map_fast,False,12,6910,0,False,False,False,,,,inactive,,,,,,,,,,
front_end,4316910.968225312,True,icp_accepted,2629,1.0,0.08832574661146926,14.581655996153131,6.917176986462437,4.895143996691331,2.0924159907735884,1,6,0,,,,,,,,,,,,,,local_map_fast,False,12,6910,0,False,False,False,,,,inactive,,,,,,,,,,
front_end,4316911.068208512,True,icp_accepted,2627,1.0,0.09015500485011081,32.49595299712382,16.36497100116685,10.58259399724193,9.403771997313015,1,6,0,,,,,,,,,,,,,,local_map_fast,False,12,6910,0,False,False,False,,,,inactive,,,,,,,,,,
front_end,4316911.168391328,True,icp_accepted,2641,1.0,0.08981804570884991,25.96496100886725,10.07420000678394,7.84729199949652,9.646175996749662,1,6,0,,,,,,,,,,,,,,local_map_fast,False,12,6910,0,False,False,False,,,,inactive,,,,,,,,,,
front_end,4316911.268287392,True,icp_accepted,2570,1.0,0.0905379237388146,23.326962007558905,10.402676009107381,7.694054991588928,6.9963449932402,1,6,0,,,,,,,,,,,,,,local_map_fast,False,12,6910,0,False,False,False,,,,inactive,,,,,,,,,,
front_end,4316911.367899456,True,icp_accepted,2642,1.0,0.09900489061176815,27.951878000749275,17.363154009217396,10.83751099940855,4.038786995806731,1,6,0,,,,,,,,,,,,,,local_map_fast,False,12,6910,0,False,False,False,,,,inactive,,,,,,,,,,
optimized_backend,,,,,,,,,,,,,,,,,,,,,,,,,,,,,,,,,,,,,,,,,80,100,21,,,,pose_graph,True
front_end,4316911.468308544,True,icp_accepted,2675,1.0,0.10246812801194585,15.613101000781171,7.880885008489713,5.784132008557208,2.397386997472495,1,6,0,,,,,,,,,,,,,,local_map_fast,False,12,6910,0,False,False,False,,,,inactive,,,,,,,,,,
front_end,4316911.568242432,True,icp_accepted,2716,1.0,0.10500066527735025,17.33224499912467,6.975094991503283,4.895103003946133,3.220461992896162,1,6,0,,,,,,,,,,,,,,local_map_fast,True,12,7150,0,False,False,False,,,,inactive,,,,,,,,,,
front_end,4316911.66814688,True,icp_accepted,2722,1.0,0.06911196452196641,14.313984007458203,7.31170701328665,5.361818999517709,2.507434008293785,1,6,0,,,,,,,,,,,,,,local_map_fast,False,12,7150,0,False,False,False,,,,inactive,,,,,,,,,,
front_end,4316911.768288448,True,icp_accepted,2600,1.0,0.07019367197488992,15.251552002155222,7.6581970060942695,5.748424009652808,3.0594599957112223,1,6,0,,,,,,,,,,,,,,local_map_fast,False,12,7150,0,False,False,False,,,,inactive,,,,,,,,,,
front_end,4316911.868219968,True,icp_accepted,2697,1.0,0.06995724820539136,14.684579000459053,7.941467993077822,5.918672992265783,2.281259003211744,1,6,0,,,,,,,,,,,,,,local_map_fast,False,12,7150,0,False,False,False,,,,inactive,,,,,,,,,,
front_end,4316911.968140416,True,icp_accepted,2585,1.0,0.07314438755115596,14.76755399198737,7.382509997114539,5.465063004521653,2.9648720083059743,1,6,0,,,,,,,,,,,,,,local_map_fast,False,12,7150,0,False,False,False,,,,inactive,,,,,,,,,,
front_end,4316912.068354112,True,icp_accepted,2549,1.0,0.07040832929873499,14.563742006430402,7.4361000006319955,5.224231004831381,2.5326809991383925,1,6,0,,,,,,,,,,,,,,local_map_fast,False,12,7150,0,False,False,False,,,,inactive,,,,,,,,,,
front_end,4316912.168273792,True,icp_accepted,2600,1.0,0.07854731519750707,13.748843994108029,6.80649999412708,4.7447109973290935,2.3588749900227413,1,6,0,,,,,,,,,,,,,,local_map_fast,False,12,7150,0,False,False,False,,,,inactive,,,,,,,,,,
front_end,4316912.267894176,True,icp_accepted,2546,1.0,0.07896027373430684,15.601378996507265,7.458321997546591,5.47125400044024,2.469972998369485,1,6,0,,,,,,,,,,,,,,local_map_fast,False,12,7150,0,False,False,False,,,,inactive,,,,,,,,,,
front_end,4316912.368243328,True,icp_accepted,2594,1.0,0.07349590232577627,17.325693988823332,9.07344299776014,6.338781997328624,2.4716369953239337,1,6,0,,,,,,,,,,,,,,local_map_fast,False,12,7150,0,False,False,False,,,,inactive,,,,,,,,,,
front_end,4316912.468268928,True,icp_accepted,2571,1.0,0.07283493111267335,21.968783999909647,8.085609006229788,5.830889000208117,2.5185549893649295,1,6,0,,,,,,,,,,,,,,local_map_fast,True,12,7178,0,False,False,False,,,,inactive,,,,,,,,,,
front_end,4316912.567841184,True,icp_accepted,2527,1.0,0.06319092457291783,15.951124994899146,8.516136993421242,6.257941000512801,2.346992987440899,1,6,0,,,,,,,,,,,,,,local_map_fast,False,12,7178,0,False,False,False,,,,inactive,,,,,,,,,,
front_end,4316912.667891072,True,icp_accepted,2541,1.0,0.06325855477308767,16.571910004131496,9.088270002393983,6.2420699978247285,2.35044899454806,1,6,0,,,,,,,,,,,,,,local_map_fast,False,12,7178,0,False,False,False,,,,inactive,,,,,,,,,,
front_end,4316912.768147392,True,icp_accepted,2575,1.0,0.06427453747052336,15.581391999148764,8.505506993969902,6.011667996062897,1.9560990040190518,1,6,0,,,,,,,,,,,,,,local_map_fast,False,12,7178,0,False,False,False,,,,inactive,,,,,,,,,,
front_end,4316912.867913664,True,icp_accepted,2527,1.0,0.06307327636494156,16.00851300463546,7.71922200510744,5.718457992770709,2.1747199934907258,1,6,0,,,,,,,,,,,,,,local_map_fast,False,12,7178,0,False,False,False,,,,inactive,,,,,,,,,,
front_end,4316912.968290912,True,icp_accepted,2533,1.0,0.064669515305726,38.1251649960177,17.57899900258053,14.605329997721128,9.771320997970179,1,6,0,,,,,,,,,,,,,,local_map_fast,False,12,7178,0,False,False,False,,,,inactive,,,,,,,,,,
front_end,4316913.068269824,True,icp_accepted,2512,1.0,0.06379243811420253,26.492632008739747,12.808458996005356,9.50161500077229,7.040818993118592,1,6,0,,,,,,,,,,,,,,local_map_fast,False,12,7178,0,False,False,False,,,,inactive,,,,,,,,,,
front_end,4316913.16822208,True,icp_accepted,2492,1.0,0.06380252924661416,32.348787994123995,12.309333003940992,9.503337991191074,11.744792995159514,1,6,0,,,,,,,,,,,,,,local_map_fast,False,12,7178,0,False,False,False,,,,inactive,,,,,,,,,,
front_end,4316913.26788064,True,icp_accepted,2458,1.0,0.06575555198357644,26.410867998492904,15.757712011691183,13.115254987496883,3.873857989674434,1,6,0,,,,,,,,,,,,,,local_map_fast,False,12,7178,0,False,False,False,,,,inactive,,,,,,,,,,
optimized_backend,,,,,,,,,,,,,,,,,,,,,,,,,,,,,,,,,,,,,,,,,81,102,22,,,,pose_graph,True
front_end,4316913.368106976,True,icp_accepted,2451,1.0,0.06703931676379725,15.487825992750004,8.431747992290184,6.06052900548093,2.368032990489155,1,6,0,,,,,,,,,,,,,,local_map_fast,False,12,7178,0,False,False,False,,,,inactive,,,,,,,,,,
front_end,4316913.46786016,True,icp_accepted,2473,1.0,0.0667356512249265,15.206027004751377,7.493237993912771,5.554820992983878,2.712978995987214,1,6,0,,,,,,,,,,,,,,local_map_fast,False,12,7178,0,False,False,False,,,,inactive,,,,,,,,,,
front_end,4316913.56787456,True,icp_accepted,2432,1.0,0.0747472015476494,15.973086992744356,7.3187009984394535,5.390573001932353,2.381026992225088,1,6,0,,,,,,,,,,,,,,local_map_fast,True,12,7035,0,False,False,False,,,,inactive,,,,,,,,,,
front_end,4316913.66810576,True,icp_accepted,2405,1.0,0.061954225317884075,13.693129003513604,7.193254001322202,5.275407005683519,2.004591005970724,1,6,0,,,,,,,,,,,,,,local_map_fast,False,12,7035,0,False,False,False,,,,inactive,,,,,,,,,,
front_end,4316913.767856512,True,icp_accepted,2440,1.0,0.061401240537276774,15.741010996862315,8.4747789951507,6.238082991330884,2.6056990027427673,1,6,0,,,,,,,,,,,,,,local_map_fast,False,12,7035,0,False,False,False,,,,inactive,,,,,,,,,,
front_end,4316913.868265824,True,icp_accepted,2438,1.0,0.06285587538661232,14.109921001363546,7.231818002765067,5.264977007755078,2.313359989784658,1,6,0,,,,,,,,,,,,,,local_map_fast,False,12,7035,0,False,False,False,,,,inactive,,,,,,,,,,
front_end,4316913.968220512,True,icp_accepted,2427,1.0,0.06188750941024804,14.811697998084128,8.079967999947257,5.832943003042601,2.024207991780713,1,6,0,,,,,,,,,,,,,,local_map_fast,False,12,7035,0,False,False,False,,,,inactive,,,,,,,,,,
front_end,4316914.06848768,True,icp_accepted,2377,1.0,0.061408380162946814,14.867282006889582,7.827945999451913,5.818787001771852,2.5204489938914776,1,6,0,,,,,,,,,,,,,,local_map_fast,False,12,7035,0,False,False,False,,,,inactive,,,,,,,,,,
front_end,4316914.167821824,True,icp_accepted,2423,1.0,0.061529060067881745,14.689517993247136,8.358810999197885,6.351275995257311,1.8467850022716448,1,6,0,,,,,,,,,,,,,,local_map_fast,False,12,7035,0,False,False,False,,,,inactive,,,,,,,,,,
front_end,4316914.268214144,True,icp_accepted,2485,1.0,0.061645543950526696,14.350090990774333,7.742073998088017,5.3762359893880785,2.3161950084613636,1,6,0,,,,,,,,,,,,,,local_map_fast,False,12,7035,0,False,False,False,,,,inactive,,,,,,,,,,
front_end,4316914.367854528,True,icp_accepted,2415,1.0,0.06057519077780762,15.133871987927705,8.636151993414387,5.954861000645906,1.98595599795226,1,6,0,,,,,,,,,,,,,,local_map_fast,False,12,7035,0,False,False,False,,,,inactive,,,,,,,,,,
front_end,4316914.468227616,True,icp_accepted,2405,1.0,0.06081028268147373,14.206131992978044,7.641525997314602,5.592071000137366,2.0705349888885394,1,6,0,,,,,,,,,,,,,,local_map_fast,False,12,7035,0,False,False,False,,,,inactive,,,,,,,,,,
front_end,4316914.568098304,True,icp_accepted,2464,1.0,0.06282079977304646,13.212547986768186,6.954165990464389,4.855870007304475,1.7748789978213608,1,6,0,,,,,,,,,,,,,,local_map_fast,False,12,7035,0,False,False,False,,,,inactive,,,,,,,,,,
front_end,4316914.667874848,True,icp_accepted,2455,1.0,0.0625330990028041,14.227581006707624,7.936017995234579,6.053667006199248,1.6909019905142486,1,6,0,,,,,,,,,,,,,,local_map_fast,False,12,7035,0,False,False,False,,,,inactive,,,,,,,,,,
front_end,4316914.768294464,True,icp_accepted,2470,1.0,0.061914455988191175,13.679904994205572,7.41101399762556,5.39004200254567,1.811348003684543,1,6,0,,,,,,,,,,,,,,local_map_fast,False,12,7035,0,False,False,False,,,,inactive,,,,,,,,,,
front_end,4316914.868194112,True,icp_accepted,2481,1.0,0.06165252814157564,14.050059005967341,7.325753002078272,5.380123999202624,2.0084379939362407,1,6,0,,,,,,,,,,,,,,local_map_fast,False,12,7035,0,False,False,False,,,,inactive,,,,,,,,,,
front_end,4316914.968446848,True,icp_accepted,2460,1.0,0.06292203752202172,16.45207499677781,9.14876299793832,6.340484993415885,2.062039013253525,1,6,0,,,,,,,,,,,,,,local_map_fast,False,12,7035,0,False,False,False,,,,inactive,,,,,,,,,,
front_end,4316915.06837824,True,icp_accepted,2443,1.0,0.061965644171171154,14.39384400146082,7.950014987727627,5.955261993221939,1.781803002813831,1,6,0,,,,,,,,,,,,,,local_map_fast,False,12,7035,0,False,False,False,,,,inactive,,,,,,,,,,
front_end,4316915.168119808,True,icp_accepted,2437,1.0,0.061702280403201804,16.540040000109002,7.506733003538102,5.623410004773177,1.765511988196522,1,6,0,,,,,,,,,,,,,,local_map_fast,False,12,7035,0,False,False,False,,,,inactive,,,,,,,,,,
front_end,4316915.268350848,True,icp_accepted,2440,1.0,0.0617759507792215,14.670411997940391,8.023161994060501,5.577513002208434,2.0792909926967695,1,6,0,,,,,,,,,,,,,,local_map_fast,False,12,7035,0,False,False,False,,,,inactive,,,,,,,,,,
front_end,4316915.368217472,True,icp_accepted,2462,1.0,0.06256642957959066,15.756099004647695,8.824676013318822,6.466411010478623,1.7916420038091019,1,6,0,,,,,,,,,,,,,,local_map_fast,False,12,7035,0,False,False,False,,,,inactive,,,,,,,,,,
front_end,4316915.468137056,True,icp_accepted,2457,1.0,0.06118079999990824,14.269179999246262,7.575562005513348,5.53961300465744,2.1776950015919283,1,6,0,,,,,,,,,,,,,,local_map_fast,False,12,7035,0,False,False,False,,,,inactive,,,,,,,,,,
front_end,4316915.569103232,True,icp_accepted,2442,1.0,0.06189405248838933,14.252077991841361,7.464744005119428,5.408946992247365,1.656007007113658,1,6,0,,,,,,,,,,,,,,local_map_fast,False,12,7035,0,False,False,False,,,,inactive,,,,,,,,,,
front_end,4316915.668268608,True,icp_accepted,2476,1.0,0.06209577408382966,13.854352000635117,7.319212003494613,5.332604006980546,1.8572039989521727,1,6,0,,,,,,,,,,,,,,local_map_fast,False,12,7035,0,False,False,False,,,,inactive,,,,,,,,,,
front_end,4316915.768134048,True,icp_accepted,2462,1.0,0.062065711991961786,15.415800997288898,7.711336991633289,5.78095500532072,1.8837839888874441,1,6,0,,,,,,,,,,,,,,local_map_fast,False,12,7035,0,False,False,False,,,,inactive,,,,,,,,,,
front_end,4316915.869175424,True,icp_accepted,2491,1.0,0.06336381047560852,14.325525989988819,7.690858998103067,5.636164001771249,1.9738630071515217,1,6,0,,,,,,,,,,,,,,local_map_fast,False,12,7035,0,False,False,False,,,,inactive,,,,,,,,,,
front_end,4316915.96826304,True,icp_accepted,2452,1.0,0.06306160406744514,14.085546004935168,7.331204004003666,5.358852999052033,1.9943109946325421,1,6,0,,,,,,,,,,,,,,local_map_fast,False,12,7035,0,False,False,False,,,,inactive,,,,,,,,,,
front_end,4316916.068123072,True,icp_accepted,2478,1.0,0.06272551781534778,13.469490004354157,7.332866996875964,5.291958004818298,1.5884599997662008,1,6,0,,,,,,,,,,,,,,local_map_fast,False,12,7035,0,False,False,False,,,,inactive,,,,,,,,,,
front_end,4316916.167844576,True,icp_accepted,2458,1.0,0.062092255530230345,13.607529006549157,7.1477699966635555,5.219932005275041,2.083738989313133,1,6,0,,,,,,,,,,,,,,local_map_fast,False,12,7035,0,False,False,False,,,,inactive,,,,,,,,,,
front_end,4316916.268215648,True,icp_accepted,2477,1.0,0.06232347799123775,13.621234989841469,7.560183992609382,5.223059008130804,1.6676390077918768,1,6,0,,,,,,,,,,,,,,local_map_fast,False,12,7035,0,False,False,False,,,,inactive,,,,,,,,,,
front_end,4316916.368123584,True,icp_accepted,2588,1.0,0.0631237824962699,16.16426599503029,8.880401001079008,6.319416002952494,2.1138960000826046,1,6,0,,,,,,,,,,,,,,local_map_fast,False,12,7035,0,False,False,False,,,,inactive,,,,,,,,,,
front_end,4316916.469087232,True,icp_accepted,2501,1.0,0.062081042895055255,15.113914996618405,7.931169995572418,5.745839996961877,2.049043992883526,1,6,0,,,,,,,,,,,,,,local_map_fast,False,12,7035,0,False,False,False,,,,inactive,,,,,,,,,,
front_end,4316916.568175552,True,icp_accepted,2503,1.0,0.06236313827235969,14.819092000834644,8.015347993932664,5.752822995418683,2.09911800629925,1,6,0,,,,,,,,,,,,,,local_map_fast,False,12,7035,0,False,False,False,,,,inactive,,,,,,,,,,
front_end,4316916.669093408,True,icp_accepted,2522,1.0,0.062153549317466424,14.084292997722514,7.291379006346688,5.314649999490939,2.2737849940313026,1,6,0,,,,,,,,,,,,,,local_map_fast,False,12,7035,0,False,False,False,,,,inactive,,,,,,,,,,
front_end,4316916.769101216,True,icp_accepted,2614,1.0,0.06349935221107074,15.092223999090493,7.296548996237107,5.308008010615595,2.547669006162323,1,6,0,,,,,,,,,,,,,,local_map_fast,False,12,7035,0,False,False,False,,,,inactive,,,,,,,,,,
front_end,4316916.868192384,True,icp_accepted,2460,1.0,0.06401607609075716,14.492289003101178,7.719061992247589,5.7438460062257946,2.263867005240172,1,6,0,,,,,,,,,,,,,,local_map_fast,False,12,7035,0,False,False,False,,,,inactive,,,,,,,,,,
front_end,4316916.968076224,True,icp_accepted,2521,1.0,0.06636685492672977,18.859432006138377,7.994138009962626,5.507321999175474,2.5775249960133806,1,6,0,,,,,,,,,,,,,,local_map_fast,False,12,7035,0,False,False,False,,,,inactive,,,,,,,,,,
front_end,4316917.067864224,True,icp_accepted,2528,1.0,0.06793276203060625,16.302795003866777,8.010007004486397,5.746470997110009,2.274667000165209,1,6,0,,,,,,,,,,,,,,local_map_fast,False,12,7035,0,False,False,False,,,,inactive,,,,,,,,,,
front_end,4316917.168135392,True,icp_accepted,2480,1.0,0.06663419855880331,17.965874998481013,9.395626999321394,6.8121899967081845,1.8830229964805767,1,6,0,,,,,,,,,,,,,,local_map_fast,False,12,7035,0,False,False,False,,,,inactive,,,,,,,,,,
front_end,4316917.268387392,True,icp_accepted,2488,1.0,0.06356546965447707,15.960703996825032,8.473758003674448,5.700665002223104,2.1819030080223456,1,6,0,,,,,,,,,,,,,,local_map_fast,False,12,7035,0,False,False,False,,,,inactive,,,,,,,,,,
front_end,4316917.36914624,True,icp_accepted,2572,1.0,0.0638456358071154,14.841013005934656,7.659801005502231,5.683091992978007,2.6011700101662427,1,6,0,,,,,,,,,,,,,,local_map_fast,False,12,7035,0,False,False,False,,,,inactive,,,,,,,,,,
front_end,4316917.468166016,True,icp_accepted,2540,1.0,0.06286445111661795,14.160796999931335,7.3441779968561605,5.35981499706395,2.121931000147015,1,6,0,,,,,,,,,,,,,,local_map_fast,False,12,7035,0,False,False,False,,,,inactive,,,,,,,,,,
front_end,4316917.569165696,True,icp_accepted,2471,1.0,0.06418802896465374,16.537315008463338,8.729527005925775,5.956845998298377,1.9308420014567673,1,6,0,,,,,,,,,,,,,,local_map_fast,False,12,7035,0,False,False,False,,,,inactive,,,,,,,,,,
front_end,4316917.669072,True,icp_accepted,2526,1.0,0.062015600002730785,15.675759001169354,7.737566003925167,5.655410001054406,2.3157839896157384,1,6,0,,,,,,,,,,,,,,local_map_fast,False,12,7035,0,False,False,False,,,,inactive,,,,,,,,,,
front_end,4316917.768208352,True,icp_accepted,2577,1.0,0.06253934990918238,15.837021011975594,8.380352010135539,5.789681992609985,2.2173089964780957,1,6,0,,,,,,,,,,,,,,local_map_fast,False,12,7035,0,False,False,False,,,,inactive,,,,,,,,,,
front_end,4316917.868169888,True,icp_accepted,2522,1.0,0.0631216312978661,15.330882990383543,7.9165829956764355,5.880180993699469,2.24557300680317,1,6,0,,,,,,,,,,,,,,local_map_fast,False,12,7035,0,False,False,False,,,,inactive,,,,,,,,,,
front_end,4316917.96911232,True,icp_accepted,2489,1.0,0.06321045391063222,16.166379005881026,8.619080006610602,6.530422004288994,2.616689002024941,1,6,0,,,,,,,,,,,,,,local_map_fast,False,12,7035,0,False,False,False,,,,inactive,,,,,,,,,,
front_end,4316918.068128512,True,icp_accepted,2525,1.0,0.06369620394099708,15.567045993520878,8.396813995204866,6.277076012338512,2.1027440088801086,1,6,0,,,,,,,,,,,,,,local_map_fast,False,12,7035,0,False,False,False,,,,inactive,,,,,,,,,,
front_end,4316918.16905872,True,icp_accepted,2511,1.0,0.06232134616282994,15.207340009510517,7.898809009930119,5.62792900018394,1.7636380071053281,1,6,0,,,,,,,,,,,,,,local_map_fast,False,12,7035,0,False,False,False,,,,inactive,,,,,,,,,,
front_end,4316918.268238944,True,icp_accepted,2494,1.0,0.06383719308187756,15.947278996463865,8.366226000362076,6.231610997929238,1.9283269939478487,1,6,0,,,,,,,,,,,,,,local_map_fast,False,12,7035,0,False,False,False,,,,inactive,,,,,,,,,,
front_end,4316918.368085504,True,icp_accepted,2535,1.0,0.06227169038009898,18.15776599687524,9.71480600128416,6.719115990563296,2.2380789887392893,1,6,0,,,,,,,,,,,,,,local_map_fast,False,12,7035,0,False,False,False,,,,inactive,,,,,,,,,,
front_end,4316918.469120352,True,icp_accepted,2613,1.0,0.06307765366833075,15.635894000297412,8.537827990949154,6.4771509933052585,2.0896000060020015,1,6,0,,,,,,,,,,,,,,local_map_fast,False,12,7035,0,False,False,False,,,,inactive,,,,,,,,,,
front_end,4316918.569062784,True,icp_accepted,2543,1.0,0.06242539265948938,15.418988012243062,7.6972810056759045,5.682781993527897,2.0280740136513487,1,6,0,,,,,,,,,,,,,,local_map_fast,False,12,7035,0,False,False,False,,,,inactive,,,,,,,,,,
front_end,4316918.66821616,True,icp_accepted,2580,1.0,0.06306320723050729,13.583813997684047,7.343286997638643,5.2014490065630525,1.5872679941821843,1,6,0,,,,,,,,,,,,,,local_map_fast,False,12,7035,0,False,False,False,,,,inactive,,,,,,,,,,
front_end,4316918.76908352,True,icp_accepted,2550,1.0,0.06444255711558093,15.279535000445321,7.563580002170056,5.531798000447452,1.8577750015538186,1,6,0,,,,,,,,,,,,,,local_map_fast,False,12,7035,0,False,False,False,,,,inactive,,,,,,,,,,
front_end,4316918.86824336,True,icp_accepted,2571,1.0,0.062140276154972494,15.420771000208333,8.1429370038677,6.1502979951910675,2.120278004440479,1,6,0,,,,,,,,,,,,,,local_map_fast,False,12,7035,0,False,False,False,,,,inactive,,,,,,,,,,
front_end,4316918.968014304,True,icp_accepted,2568,1.0,0.06373353878896304,14.117707003606483,7.672665000427514,5.631414998788387,1.8669330020202324,1,6,0,,,,,,,,,,,,,,local_map_fast,False,12,7035,0,False,False,False,,,,inactive,,,,,,,,,,
front_end,4316919.069032768,True,icp_accepted,2477,1.0,0.06312530835689106,14.070847988477908,7.362091986578889,5.428503995062783,1.9720799900824204,1,6,0,,,,,,,,,,,,,,local_map_fast,False,12,7035,0,False,False,False,,,,inactive,,,,,,,,,,
front_end,4316919.168295296,True,icp_accepted,2487,1.0,0.06502695317380282,15.82760400197003,7.551478003733791,5.557386000873521,2.329761002329178,1,6,0,,,,,,,,,,,,,,local_map_fast,False,12,7035,0,False,False,False,,,,inactive,,,,,,,,,,
front_end,4316919.268060128,True,icp_accepted,2481,1.0,0.06848653251403114,16.271587010123767,8.132777002174407,5.972213999484666,2.757552996627055,1,6,0,,,,,,,,,,,,,,local_map_fast,False,12,7035,0,False,False,False,,,,inactive,,,,,,,,,,
front_end,4316919.369157472,True,icp_accepted,2461,1.0,0.06815664174872518,18.598291993839666,9.382271993672475,6.5033709979616106,2.549533994169906,1,6,0,,,,,,,,,,,,,,local_map_fast,False,12,7035,0,False,False,False,,,,inactive,,,,,,,,,,
front_end,4316919.46914416,True,icp_accepted,2486,1.0,0.07353073995497933,18.473267002264038,10.01076100510545,6.933698008651845,2.5849999947240576,1,6,0,,,,,,,,,,,,,,local_map_fast,False,12,7035,0,False,False,False,,,,inactive,,,,,,,,,,
front_end,4316919.56818832,True,icp_accepted,2481,1.0,0.07081700924314772,16.887381993001327,9.06551799562294,6.510654988233,2.390815003309399,1,6,0,,,,,,,,,,,,,,local_map_fast,False,12,7035,0,False,False,False,,,,inactive,,,,,,,,,,
front_end,4316919.669155744,True,icp_accepted,2418,1.0,0.06923235178207937,17.7335500047775,9.34143501217477,6.638343998929486,2.411844994639978,1,6,0,,,,,,,,,,,,,,local_map_fast,False,12,7035,0,False,False,False,,,,inactive,,,,,,,,,,
front_end,4316919.768228512,True,icp_accepted,2483,1.0,0.068635888911674,16.480899997986853,7.886014995165169,5.8543530030874535,2.59127099707257,1,6,0,,,,,,,,,,,,,,local_map_fast,False,12,7035,0,False,False,False,,,,inactive,,,,,,,,,,
front_end,4316919.86804448,True,icp_accepted,2570,1.0,0.07107116392180891,16.696974998922087,8.836719003738835,5.987302007270046,2.841650988557376,1,6,0,,,,,,,,,,,,,,local_map_fast,False,12,7035,0,False,False,False,,,,inactive,,,,,,,,,,
front_end,4316919.969025728,True,icp_accepted,2547,1.0,0.07167654350933592,20.41667400044389,10.909566990449093,8.658805003506131,3.393887003767304,1,6,0,,,,,,,,,,,,,,local_map_fast,False,12,7035,0,False,False,False,,,,inactive,,,,,,,,,,
front_end,4316920.069008256,True,icp_accepted,2557,1.0,0.07075599985930019,19.6195379976416,10.641183995176107,6.691543996566907,3.014785994309932,1,6,0,,,,,,,,,,,,,,local_map_fast,False,12,7035,0,False,False,False,,,,inactive,,,,,,,,,,
front_end,4316920.168038176,True,icp_accepted,2625,1.0,0.0766875377753345,19.775139997364022,10.849694997887127,8.348382005351596,2.7680530038196594,1,6,0,,,,,,,,,,,,,,local_map_fast,False,12,7035,0,False,False,False,,,,inactive,,,,,,,,,,
front_end,4316920.26907056,True,icp_accepted,2575,1.0,0.08097558557114314,24.65781099454034,12.358635998680256,9.338769988971762,2.9467090062098578,1,6,0,,,,,,,,,,,,,,local_map_fast,True,12,6886,0,False,False,False,,,,inactive,,,,,,,,,,
front_end,4316920.369089792,True,icp_accepted,2633,1.0,0.07076786337869413,18.82017799653113,9.401567993336357,6.237060995772481,2.8227160073583946,1,6,0,,,,,,,,,,,,,,local_map_fast,False,12,6886,0,False,False,False,,,,inactive,,,,,,,,,,
front_end,4316920.468189792,True,icp_accepted,2537,1.0,0.07588674913208257,16.070240002591163,7.894201000453904,5.806393994134851,2.384753999649547,1,6,0,,,,,,,,,,,,,,local_map_fast,False,12,6886,0,False,False,False,,,,inactive,,,,,,,,,,
front_end,4316920.569047264,True,icp_accepted,2635,1.0,0.07891191453487024,16.390110002248548,8.211596010369249,5.911740998271853,2.324720990145579,1,6,0,,,,,,,,,,,,,,local_map_fast,False,12,6886,0,False,False,False,,,,inactive,,,,,,,,,,
front_end,4316920.66900112,True,icp_accepted,2668,1.0,0.08118154572896566,17.570483993040398,8.813434993498959,5.950484002823941,2.3830110003473237,1,6,0,,,,,,,,,,,,,,local_map_fast,False,12,6886,0,False,False,False,,,,inactive,,,,,,,,,,
front_end,4316920.769086592,True,icp_accepted,2581,0.9992251065478497,0.08300071218668711,17.00819900725037,8.774693007580936,6.4116190042113885,2.8869759989902377,1,6,0,,,,,,,,,,,,,,local_map_fast,False,12,6886,0,False,False,False,,,,inactive,,,,,,,,,,
front_end,4316920.868275104,True,icp_accepted,2723,1.0,0.08437020446241844,16.85037299466785,8.054510995862074,5.873518995940685,2.5907509989337996,1,6,0,,,,,,,,,,,,,,local_map_fast,False,12,6886,0,False,False,False,,,,inactive,,,,,,,,,,
front_end,4316920.968122624,True,icp_accepted,2703,0.9996300406955235,0.0877685650758382,17.596272999071516,9.08791999972891,6.569665987626649,2.3846639960538596,1,6,0,,,,,,,,,,,,,,local_map_fast,False,12,6886,0,False,False,False,,,,inactive,,,,,,,,,,
front_end,4316921.06907776,True,icp_accepted,2761,1.0,0.09379486450662608,16.859570998349227,8.636644008220173,6.14510900049936,2.407446998404339,1,6,0,,,,,,,,,,,,,,local_map_fast,False,12,6886,0,False,False,False,,,,inactive,,,,,,,,,,
front_end,4316921.16913296,True,icp_accepted,2769,1.0,0.10211948881474618,24.78004999284167,8.464459999231622,5.833364004502073,2.681559999473393,1,6,0,,,,,,,,,,,,,,local_map_fast,True,12,6913,0,False,False,False,,,,inactive,,,,,,,,,,
front_end,4316921.268178944,True,icp_accepted,2786,1.0,0.06940363190703798,34.95433799980674,14.02623500325717,10.388919996330515,10.350818993174471,1,6,0,,,,,,,,,,,,,,local_map_fast,False,12,6913,0,False,False,False,,,,inactive,,,,,,,,,,
front_end,4316921.369070432,True,icp_accepted,2794,1.0,0.07710395022213619,34.43002499989234,11.517398001160473,8.899677006411366,9.439589994144626,1,6,0,,,,,,,,,,,,,,local_map_fast,False,12,6913,0,False,False,False,,,,inactive,,,,,,,,,,
front_end,4316921.469023808,True,icp_accepted,2771,1.0,0.08065419533728135,28.56477099703625,13.044332998106256,9.731768004712649,6.014594007865526,1,6,0,,,,,,,,,,,,,,local_map_fast,False,12,6913,0,False,False,False,,,,inactive,,,,,,,,,,
front_end,4316921.569021824,True,icp_accepted,2800,1.0,0.08023740930019353,27.127194000058807,11.424954995163716,9.05477799824439,8.768230996793136,1,6,0,,,,,,,,,,,,,,local_map_fast,False,12,6913,0,False,False,False,,,,inactive,,,,,,,,,,
optimized_backend,,,,,,,,,,,,,,,,,,,,,,,,,,,,,,,,,,,,,,,,,82,104,23,,,,pose_graph,True
front_end,4316921.66903472,True,icp_accepted,2774,1.0,0.0813662066689966,21.410419009043835,10.222318000160158,7.931490006740205,3.553225993528031,1,6,0,,,,,,,,,,,,,,local_map_fast,False,12,6913,0,False,False,False,,,,inactive,,,,,,,,,,
front_end,4316921.76895296,True,icp_accepted,2740,1.0,0.08110051592059048,15.451047991518863,8.094175995211117,5.427883006632328,2.3287289950530976,1,6,0,,,,,,,,,,,,,,local_map_fast,False,12,6913,0,False,False,False,,,,inactive,,,,,,,,,,
