stamp_s,x_m,y_m,z_m,yaw_rad,yaw_deg
5451072.017404608,0.0,0.0,0.0,0.0,0.0
5451072.1173352,0.006446449412468739,-0.00634351235161485,0.010079551163357198,-0.0014306038853444218,-0.0819675647852529
5451072.2174792,0.01016064656349367,-0.016268558539388054,0.00589365364168133,-0.005504435355233872,-0.3153809144574949
5451072.317453216,0.00896785869337757,-0.0094406379908276,0.007298972337841069,-0.0012958421587523454,-0.074246286611631
5451072.417539168,0.014225657906443104,0.009531892790768687,-0.0024194142037346363,0.00741912548365692,0.4250845778914971
5451072.517453056,0.01554582404294023,0.01110511507427783,0.0013903947038634936,0.007076084181594109,0.40542975908462564
5451072.617430368,0.01122103868212829,-0.002741868597687641,0.012127577042150615,-0.001704134328345689,-0.09763970473756922
5451072.717350624,0.0012084384726688442,-0.017920282600709624,0.007840879619263129,-0.010015838040083594,-0.5738652479833721
5451072.817427776,-0.0003246546197134964,-0.01768163800714713,-0.004043681482175647,-0.007968640502227122,-0.45656946923462277
5451072.917399456,0.006648672455022283,-0.009017742301160687,-0.007797305098851583,-0.0010751092143080046,-0.0615992204954746
5451073.01732208,0.013183349878454003,-0.00040541379395829443,0.0029560113884579946,0.002196988502319902,0.12587816882169806
5451073.117428128,0.009910374346878451,-0.002937389860410077,0.001112585325252833,0.0007803340694716482,0.04470984879099382
5451073.217427456,0.0026066658493385537,-0.003670631401082168,0.0007763175540745073,0.0006969813144273846,0.03993408771616973
5451073.31750048,0.0005243630568759891,-0.003106786317019065,0.00037021546858717174,0.0010675189322991079,0.06116432937105074
5451073.417333408,0.004487491313256943,-0.0033659899271955033,0.0008216884481857933,-0.0026839445312423554,-0.15377869408740508
5451073.517355008,0.006430452698952439,-0.0020072710657283756,0.0003777732262268606,-0.002097412405159045,-0.12017287871399633
5451073.617314304,0.006913382097441405,-0.008448161112436216,0.0018789989588489135,-0.002009864107975296,-0.11515673078181043
5451073.717416192,0.008277652221017954,-0.0077153982894018315,-0.00018969997040178032,2.0522539951416424e-05,0.0011758549241047786
5451073.817366624,0.004650627383427994,-0.005305504859716403,0.0005507660691545107,7.982085083905624e-05,0.004573397870221198
5451073.917256928,-0.0011587252117646334,-0.0022348007095135867,0.005739320443281078,2.8060129370641586e-05,0.0016077269855288457
5451074.01739904,0.0020155241233941208,-0.0027157681543937265,0.005010783626389814,-0.0013632783021111873,-0.07811009301273182
5451074.117357504,0.006211990568635027,-0.005783683316413272,0.0059685242793584775,-0.0013134910191568393,-0.07525749182602405
5451074.217340768,0.008652399080445175,-0.00516874213244453,0.001197834495994314,0.0015802989987829688,0.09054446299901373
5451074.317359648,0.00826862718066915,-0.006572202895507309,-0.005968231685244372,0.0001683519070552508,0.009645853747244578
5451074.417310272,0.0035048874797994987,-0.007974566614196701,-0.0015804802257271672,-0.005359174499884917,-0.3070580805175394
5451074.517299328,0.0017305792202127717,-0.005607442072511739,0.00021090961484212278,-0.003887533716614974,-0.222739274676845
5451074.617436992,0.0030688636657979222,-0.0052834279800011074,0.006623684004988469,-0.001787659654720917,-0.10242535342132254
5451074.717316928,0.0072887166056831085,-0.0037664106207774667,0.01195735962918829,0.0005722453295702903,0.03278724223045048
5451074.817453568,0.010922221717177855,-8.086559595247719e-05,0.0010190336295431701,0.0018165792348246025,0.10408232330655422
5451074.917396192,0.009659062161077902,-0.003627846659232377,-0.008047435558976822,0.0008241402404589263,0.04721975750519329
5451075.017350464,0.011320855589086996,-0.008991326388519105,-0.010899987817109996,-0.0026509024805867645,-0.15188552403838226
5451075.117252064,0.011246780020190613,-0.006348253008639749,-0.0062125873740622424,-0.0015203397879723986,-0.08710905327663288
5451075.217337728,0.0030471753653326696,-0.003433371493851443,0.005112434769145578,-0.0008086082205397204,-0.046329838316509664
5451075.317293024,0.0038383268102239873,-0.003746722044927635,0.005271762348535305,-0.0012643223730336786,-0.07244033591879467
5451075.41740896,0.009323447704614914,-0.006688326610115441,0.007022458244485855,-0.0030956293613962262,-0.17736649734478202
5451075.517348544,0.005363485698709173,-0.012958110648701077,0.01043096785564049,-0.002616180175227603,-0.14989608248633782
5451075.617325024,-0.0011762861455691502,-0.02538395061598813,-0.006993289542383166,0.010996472591558087,0.6300514690275651
5451075.71736208,-0.006847187248995142,-0.023900425104048374,-0.015388123721134957,0.011329466666473753,0.649130624123096
5451075.81738448,-0.0013718679557029236,0.007377981876076569,-0.012042056853777319,-0.0050732024543265085,-0.29067308924831975
5451075.917286176,0.025065769933252623,0.06533157299255157,-0.0017975039624853102,-0.02718355395117476,-1.5575029135684868
5451076.017346464,0.05490635818145485,0.10784143772670515,0.007623584954711072,-0.048451764964009936,-2.7760816423976005
5451076.117349984,0.06257117181411419,0.10759288140198238,-0.00037703295073844844,-0.042259093907829254,-2.4212677269656253
5451076.217317952,0.06737674732793443,0.08328565166635087,-0.005304320888778505,-0.01599583840873232,-0.9164940305936207
5451076.317362944,0.08023912815634762,0.06667932045595593,0.002122824276531984,0.006717597480650431,0.3848899841089844
5451076.4173256,0.10355608380330064,0.033418777828834845,0.010342933711175166,-0.002343700462334239,-0.13428414493461166
5451076.517262528,0.13529639536011057,-0.0047558271124433565,0.010027986676921466,-0.025879662961794475,-1.4827954629318594
5451076.6173376,0.1565217577429248,-0.03141310689325483,0.0112233646758114,-0.040915091235847516,-2.344262046206766
5451076.7172888,0.1745842433594444,-0.03822513073367167,0.018480370010731148,-0.036655055547399014,-2.100179980683559
5451076.8172888,0.20467003415877086,-0.02622946059304444,0.01738718826157725,-0.01125696058410519,-0.6449763316143493
5451076.91732448,0.22889097908227612,0.0022294941946471563,0.014754503816377381,0.013392028959919512,0.7673067385203616
5451077.017269312,0.2642687983084576,0.02988605695524621,0.0030174805373596415,0.031862871828715195,1.825608078951668
5451077.117292576,0.304119634683802,0.05008563323365447,-0.002182528626818129,0.024653767898382754,1.4125568496724452
5451077.217420608,0.3269434145512003,0.04628424460830796,0.007387302034644463,0.007705745100591449,0.44150667226750206
5451077.31728816,0.3333398694561837,0.03344075487692983,0.03341251310953638,-0.0057818413520301926,-0.3312751072855437
5451077.417272384,0.3550857913671629,0.0029580325009803308,0.03918084064028493,-0.010264955723757373,-0.5881386398599548
5451077.5173192,0.39468567800764714,-0.020981523863334718,0.02066710426189977,-0.01068107592884286,-0.6119805713814714
5451077.61731776,0.42797970287805703,-0.03331407522772529,0.005739741718724439,-0.0015676494839814877,-0.08981969918800059
5451077.71721008,0.44759535708858944,-0.021726668594330995,0.0077357695479478095,0.009452511082985194,0.5415889908556867
5451077.817206176,0.47376853023608684,0.0037493045196653955,0.024467154646451574,0.01727931620721913,0.9900318915456572
5451077.91722704,0.4897378057449208,0.028016929172454158,0.021993429156723494,0.019847602292656127,1.1371838448233726
5451078.017236032,0.5109338250498102,0.04541352047433753,0.017015631628452595,0.023993932302556364,1.374751054859093
5451078.117354816,0.534673152842891,0.06831661255623521,0.03279589552604905,0.020039611103577777,1.1481851393185087
5451078.21729184,0.5583889478540335,0.07629578757176315,0.044685550837924186,0.013003029920122875,0.7450187353053727
5451078.317236384,0.5730788795232795,0.057447683721826216,0.041393380652436786,0.004273763496621175,0.24486861099346657
5451078.417386272,0.6043906787049604,0.026192837021025817,0.03726688700294212,-0.001222522530346135,-0.07004538134848765
5451078.517236384,0.6375028511690152,-0.009005380976872819,0.03155536672049736,-0.006510391853129427,-0.3730179761606711
5451078.617249792,0.67299560590403,-0.024597761063006172,0.03336792493751458,0.0014169287597732077,0.0811840378057109
5451078.717310144,0.7124881621742931,-0.02154677709390675,0.03378150263210054,0.018950521180601834,1.0857848832217591
5451078.817216352,0.7292172660140137,-0.018405946726197598,0.0535906093607732,0.03153544569802097,1.80684794356059
5451079.117362944,0.8216816606409487,0.03750709741755959,0.024890653780984946,0.05115452322904114,2.9309382840279894
5451079.21727088,0.8438806067189318,0.03718881956889382,0.047408001106594086,0.047652775997400185,2.7303029467333424
5451079.417240064,0.8831166336012102,-0.013808367613222764,0.07427799040034859,0.032054049500266725,1.8365617526687088
5451079.5172184,0.9186407077371503,-0.05081505114654595,0.07856618093075804,0.014843015719566675,0.8504421559775072
5451079.717364128,0.9646945798814345,-0.060286448644815055,0.05240542880545357,0.026694509404448882,1.5294827250472056
5451079.8172408,0.9922312103164346,-0.049246445788395064,0.05156115325362413,0.040698995368615744,2.3318806650441664
5451079.91714752,1.0057911573677756,-0.022380716960582088,0.07919034707133529,0.05257743021465865,3.0124648489435546
5451080.017321088,1.0342509324761904,0.010288734364187401,0.0796197006237565,0.06581266543705935,3.7707879680500063
5451080.117140832,1.0896106514628816,0.040446520893048066,0.051703772790651005,0.06807474449182209,3.9003955508128536
5451080.217190656,1.1106516888934388,0.04044218312721481,0.051170759042619175,0.05704527093148046,3.2684532655541485
5451080.317244832,1.1053395429927202,0.01879458241836912,0.07270490454324906,0.04457944922224328,2.5542142934523
5451080.417220832,1.1339711854690648,-0.003879459362637404,0.08706170707222545,0.03976775097662082,2.278524291687631
5451080.517163936,1.1838286467014925,-0.01903436086491317,0.07701302680008495,0.03585410823495351,2.0542890800680857
5451080.617259136,1.2144410363808538,-0.036541221048440195,0.07000112739197722,0.035558398658126385,2.037346169354292
5451080.717257568,1.2374191850922343,-0.0373282802079455,0.08455767225523063,0.04442936940118861,2.5456153531157892
5451080.817379104,1.2550423972303308,-0.02136765315813227,0.0902633959659286,0.051986711869546315,2.9786191808876654
5451080.917232992,1.2707234034093038,0.008821168050027344,0.0811174567616913,0.06024978417449187,3.452058349772483
5451081.017190912,1.2984524143368275,0.045171787242686265,0.06223123037013318,0.07059303117466267,4.044682749343619
5451081.117166176,1.3234534054923133,0.06842056768645287,0.06537081734596122,0.07456376190841832,4.272188861970703
5451081.217215488,1.3537412313559305,0.0725524831677147,0.07987192692615348,0.07149014476670641,4.096083571911547
5451081.317265536,1.3810467760486922,0.05685043819472476,0.09043719842637646,0.062436439617785486,3.577344477922515
5451081.417233024,1.395580026076828,0.023973633932937815,0.09781776782418426,0.05011563224548436,2.871414215295991
5451081.517271072,1.4227389598559326,-0.005183223499007291,0.09846285587617931,0.038572233939429296,2.2100262111205717
5451081.617257248,1.4627055902638102,-0.02807733749571303,0.10279107600708239,0.03216057100426695,1.8426649852753074
5451081.717116544,1.4951009540977198,-0.03276943379361806,0.1125379179085855,0.0429378784338073,2.4601592155029555
5451081.817268512,1.529001055710593,-0.01927365795753723,0.11724480650364077,0.06217787355477171,3.562529733786512
5451081.917190112,1.5566063705772768,0.006032562894749618,0.09680607581119503,0.07594057725362055,4.351074570419637
5451082.01723696,1.572022683567914,0.03453565893244694,0.08013569370511489,0.08384534372305506,4.8039843271547635
5451082.117244672,1.595806126425543,0.06548852159818584,0.0989075640363405,0.09255571781064063,5.303052000353532
5451082.21714816,1.6236389621768605,0.07176216659812687,0.1411602277337831,0.08481658242411168,4.8596322056250765
5451082.31722576,1.6611806211427536,0.05282433943027731,0.14087944701246155,0.07063830169127404,4.047276558881827
5451082.417256352,1.7047674433965796,0.029741088713975964,0.10874889549718597,0.05818495316207445,3.3337522473532397
5451082.517177216,1.7366187205453998,-0.00013202300521919654,0.10140980634077282,0.05477965209562018,3.1386428682740117
5451082.617353728,1.7702977249586203,-0.021275637441556104,0.0968664034353487,0.052821443645011054,3.0264457886472567
5451082.717154752,1.785496821204177,-0.021041367540721372,0.11937695006233286,0.0602198221208968,3.4503416505559406
5451083.017332704,1.8922151312457245,0.08565698626004663,0.10930539633103427,0.11086323804788523,6.351995643297991
5451083.117175904,1.9355694405518373,0.12356812087994824,0.11095458651091919,0.118526202577272,6.791051169390307
5451083.217218752,1.9603884357694223,0.12063664214483487,0.1369718811084174,0.10394458495227439,5.955586021004368
5451083.317222944,1.9810457877191443,0.09715378362334466,0.15866672553662295,0.0832890367565201,4.772110285858584
5451083.417147168,2.011901975313194,0.06509794564789816,0.14980027012219257,0.06478154664663474,3.7117092131820417
5451083.517102112,2.055264460624536,0.03503981433248736,0.13317495889022543,0.0632681257170971,3.624996581292769
5451083.617159296,2.105366328729008,0.016823909279418476,0.1309318193705413,0.059931087784342724,3.4337983916708823
5451083.7171144,2.1375344271522487,0.000590299237968026,0.140184414928441,0.06204611894552606,3.554980750745341
5451083.817096512,2.1544776154399004,0.011230879450455221,0.14721270131850273,0.07469239951896932,4.2795592541419225
5451083.917162112,2.187395188414507,0.034366212778516855,0.1359605295741238,0.09234741087861209,5.291116892304978
5451084.017136704,2.2364418171107836,0.06454853897078223,0.1424864599622313,0.11031127873204061,6.320370704037166
5451084.117116512,2.2993365076429138,0.09633380084073802,0.15923516011269628,0.12409084237992601,7.109881544592892
5451084.21716688,2.3577250955396214,0.11953253744613462,0.1775366003033475,0.12096946762059897,6.93103994460479
5451084.317107328,2.380449655659648,0.11149797788573823,0.18332718220582542,0.09992648199973005,5.725365680174522
5451084.417326208,2.395158342715559,0.07712775530986359,0.1711049760853618,0.07244679595315826,4.15089564736142
5451084.517044192,2.434441008285509,0.03984781255594626,0.16804387451559755,0.06393600779856477,3.663263405773279
5451084.617054784,2.5012382615738025,0.01861628025961594,0.17249497950243425,0.05716340005469864,3.275221565752131
5451084.717040096,2.542185574128104,0.023308168701975215,0.17775839864775148,0.06607800783091237,3.7859909673436825
5451084.81711744,2.572783616090646,0.04553842906151722,0.1911233722745505,0.0850204529338092,4.871313125397926
5451085.017222016,2.6335106225865967,0.10197427139787582,0.19439999193156263,0.11799006787362186,6.7603329136206565
5451085.117528608,2.674664490211742,0.12399595804451485,0.18164800942177003,0.12514583739092164,7.170328306130299
5451085.217153728,2.7232076204096938,0.1466886426712634,0.1892120396016295,0.11920680036726633,6.830046550302913
5451085.317214816,2.7692243349274466,0.15167417860081497,0.19839341464535387,0.10413489075529575,5.96648974033434
5451085.417196288,2.803902164583994,0.12944686803124322,0.2059564211888344,0.08029971437306221,4.60083472968246
5451085.517220608,2.8454444537021066,0.10391742542778933,0.1912155962801934,0.0740751485076804,4.244193376294885
5451085.617190048,2.9077166151451332,0.08201122285475032,0.1877363309474024,0.058350342054896503,3.343228332890285
5451085.717260384,2.9440900471788933,0.06532163480788813,0.20802302280646914,0.05961842555820433,3.415884165699987
5451085.817060704,2.979780867172082,0.07868454266769441,0.21939206650534113,0.07567063482743146,4.335608008687481
5451085.917090496,3.010988859335176,0.11416735690744183,0.21329109581091338,0.0957995488738181,5.488909829727036
5451086.017130528,3.051076458695859,0.1662832063600844,0.2094926749987091,0.11678553132555647,6.691318053147252
5451086.117052864,3.1156335323183058,0.1892295084354314,0.21151752876189064,0.11980029656839561,6.8640513777846675
5451086.217173632,3.172137897701896,0.19386936586427442,0.21774102935436157,0.10500130377569572,6.01613154971844
5451086.317021696,3.203134545490743,0.188850912423601,0.22834464707267185,0.08876477246245684,5.0858468315378484
5451086.417058592,3.2336775509479603,0.17430756662927244,0.2258864294152622,0.07327770162546256,4.198503035557937
5451086.517167712,3.285360239273637,0.14029106754054427,0.22755225022914669,0.0649176597524741,3.7195079196830543
5451086.617103968,3.352773020389999,0.13284916781098235,0.22711789266212468,0.061679790856483195,3.5339916973260923
5451086.717069792,3.3930741814713636,0.12956685445249494,0.23018163401774938,0.07336137303534632,4.203297054210186
5451086.81730176,3.4178432704214448,0.12543400789259354,0.23902084080068636,0.09019141664506931,5.167587522068434
5451086.917010368,3.4570630473396906,0.14351880926304209,0.24686494845903056,0.10576676085234837,6.059989009609059
5451087.01708512,3.5154197950441923,0.1863931372512047,0.2486433523638093,0.12329889946557133,7.064506557985079
5451087.1171224,3.5910883364558215,0.22203433922145957,0.2397242638153512,0.12362680252448405,7.083294019350207
5451087.217037504,3.6356014256861644,0.2319948322780942,0.24623235950149905,0.11185553171974022,6.408849882732822
5451087.317077056,3.6644553347504467,0.22435094930235436,0.25841403918786837,0.09390038936469398,5.380096005232087
5451087.41721456,3.692125052614818,0.21115258460764005,0.27745401851874585,0.07621191884703499,4.3666212985286394
5451087.516979744,3.764395466071393,0.19872930109077594,0.2684046412273666,0.07645115513668646,4.380328528232038
5451087.617057696,3.8437006529184883,0.18680425596233977,0.25363273138183356,0.06603837822241193,3.783720358032851
5451087.717202848,3.890945507257076,0.17693351218765682,0.25700488949067957,0.07145829297825694,4.094258598863449
5451087.817332992,3.922472336037825,0.17461909773693526,0.2627854996918736,0.08437257737247593,4.83419259008386
5451087.91705616,3.9626736082072065,0.1878371152620559,0.26656324836565803,0.1036495768322721,5.938683300806148
5451088.017445184,4.03158352653877,0.22737735607844933,0.2720704935205923,0.12424710385665785,7.118834667710109
5451088.117719552,4.095750330938269,0.25930684936100823,0.2650385506219441,0.13789699266023348,7.900915686977869
5451088.217254912,4.142227351505237,0.27770272322026274,0.28902568108108784,0.1334065457295109,7.643632029719991
5451088.317159616,4.179758957843188,0.2740291823006723,0.306212730699404,0.11667847866528908,6.685184387528283
5451088.417004992,4.228755804413439,0.24835771745615526,0.2937222177430653,0.08681081793055838,4.973893483499606
5451088.617070912,4.340124873850001,0.19673769842945205,0.27137232499439357,0.025325332768051857,1.4510346823737381
5451088.71727664,4.387172697117111,0.18804795934087068,0.2980005804335499,0.02217382290530988,1.2704664681447693
5451088.817147712,4.431114983738905,0.20200819878540452,0.3195153774644103,0.04184978605106993,2.397816114251771
5451088.91692016,4.478096195474651,0.22952925426195978,0.31695467820112816,0.06036051442611992,3.458402725855192
5451089.11726944,4.58819900832875,0.2881429499361686,0.31251944498370754,0.0699982920089232,4.010606705235616
5451089.217185856,4.675057305084843,0.33858970026555146,0.3189601723287023,0.05578537111833634,3.1962663236516695
5451089.317251456,4.706843412815729,0.31973632842491423,0.323595441423709,0.015932054962662076,0.9128395083309954
5451089.417110016,4.72678630401313,0.27184559536663094,0.31250111661357655,-0.024650578949303233,-1.4123741363491065
5451089.717639552,4.870876088507582,0.1970513469317047,0.3371425235714711,-0.058675680993821706,-3.3618688810019637
5451089.817301504,4.967801642349253,0.19159928831837816,0.341833660974132,-0.053298626496858466,-3.05378635211413
5451089.917325952,5.027052930354937,0.21069253800998125,0.31874147197985053,-0.04164931886268702,-2.386330190426576
5451090.017233856,5.068088505824301,0.24587940363915808,0.3076338266907809,-0.030904192851612056,-1.7706798196557392
5451090.117291744,5.102754965021111,0.2808559895892358,0.35151319606952536,-0.012106315367101746,-0.693640775989302
5451090.217391232,5.14156475997712,0.2954795352913036,0.37104409685435996,-0.033822021496023924,-1.9378590863229175
5451090.317205024,5.184908462415118,0.2686757786639176,0.36572695724209486,-0.09438575465663959,-5.407905387982705
5451090.417132896,5.249607764628258,0.23048247119359094,0.3500037256947552,-0.15242543269610412,-8.73333398394215
5451090.517187744,5.305679776045699,0.181083139710515,0.3289741722120404,-0.18856382537146388,-10.803911362626753
5451090.617190048,5.362340134365089,0.1408966651857116,0.35208735644858447,-0.21000723334998495,-12.032528138173166
5451090.717225088,5.416871135000641,0.11421264971813759,0.3604867045379879,-0.20805750844804333,-11.920817130080353
5451090.817279136,5.459931324368264,0.10833387733641658,0.3632627648617165,-0.1858657959675686,-10.649325664781356
5451090.91721744,5.503692809126955,0.12767593347276635,0.3683558857621451,-0.15835853310707307,-9.073275596918005
5451091.017130784,5.564250878138676,0.15885198073144446,0.36429456654058867,-0.15446082332288202,-8.849953276517011
5451091.117202624,5.644919168888714,0.17665267147626554,0.3519409366170183,-0.15328940984666084,-8.78283622826479
5451091.217178464,5.723983359995172,0.1758627347846891,0.36249225562132803,-0.17451370803428032,-9.998898937542549
5451091.31716816,5.766330064177301,0.16031145020151966,0.37292604046905975,-0.20275559942679752,-11.617040119800631
5451091.417168352,5.784056493244198,0.1258044773085968,0.3798527584651964,-0.22464135708356614,-12.8710016649796
5451091.517134688,5.803367928932715,0.09182582659890587,0.38065956592200323,-0.2302639900608592,-13.193154804329568
5451091.617248448,5.852220349387899,0.04845418136386706,0.38613339927554824,-0.2478102251477755,-14.198480021154234
5451091.717119456,5.924720272557719,0.018964654016936554,0.38564327535093507,-0.24968998079840787,-14.306182086451336
5451091.81726672,5.984652592630191,0.017194145343356566,0.39266452937863255,-0.23332104600762257,-13.368311207814479
5451091.917246336,6.02850426952074,0.03674333302857546,0.40108016044814254,-0.20472652062948257,-11.729965586467333
5451092.017165728,6.086798928618216,0.07073169049782352,0.38491685759174527,-0.17918100874382595,-10.266315569917927
5451092.117115552,6.15991890137439,0.08373628774871143,0.3828308413763417,-0.14808565287084127,-8.484682915938567
5451092.217263872,6.218344324092832,0.07443411362890022,0.39613362556555975,-0.15956737730014364,-9.142537267269848
5451092.317105216,6.25411513682327,0.06803167963443507,0.4008995293595198,-0.189122742171026,-10.835934936340623
5451092.417348544,6.2912629460104865,0.05460958336652716,0.40107926118328097,-0.2177345699615031,-12.475271912890078
5451092.5170384,6.333754494096014,0.02064757937851843,0.4072925905338767,-0.23057635128533965,-13.211051784175837
5451092.6171232,6.404148529938909,-0.026878576263715082,0.41350674782071617,-0.23779242624799038,-13.624502424185746
5451092.717288384,6.460896739884419,-0.06478481903527004,0.4074373197870439,-0.2208673508964231,-12.654767038600044
5451092.817251104,6.500223583157478,-0.06158989159091481,0.40829971319557357,-0.19229268532380198,-11.01755930029108
5451093.017259168,6.600860679455381,-0.030963942138607033,0.4321979569738506,-0.15379917322122258,-8.812043518177523
5451093.117198144,6.687635497100824,-0.022272309718172668,0.4259461487119693,-0.1321219562222207,-7.570030472545472
5451093.217144416,6.734791645505647,-0.011553014749499022,0.42657098497598284,-0.13917985123924828,-7.974418069267567
5451093.317216096,6.767486491962261,-0.011673123629671074,0.43667362263301196,-0.15880421284700577,-9.098811165030638
5451093.417053088,6.811673882251151,-0.029506126223480852,0.44199788178840566,-0.18242678092520165,-10.452284617171726
5451093.5173024,6.860160948511058,-0.07122981431839928,0.4526409871651737,-0.19736360454334606,-11.308101569822728
5451093.617188544,6.930659546387354,-0.10847687231859401,0.44369374183569976,-0.20649174331708484,-11.831105396367683
5451093.71724496,6.9767229961865045,-0.1308191961060481,0.44490504867055164,-0.19441782048218545,-11.139320575761317
5451093.81717232,7.010371561952187,-0.14674367251863865,0.44866562134298094,-0.1806552049958549,-10.350780793333191
5451093.917178336,7.056528403117091,-0.13708677916635553,0.4400072312243658,-0.1569995130097444,-8.995409481067615
5451094.017203616,7.126857038760518,-0.1072488096721466,0.446496831574442,-0.1365911616277898,-7.826097080061635
5451094.11711456,7.202514112281882,-0.0966836744716599,0.4414018085608454,-0.1120788356824876,-6.4216442573467925
5451094.217432384,7.245732754426832,-0.08935971015441527,0.45719762464657127,-0.1188356120261605,-6.808779024953086
5451094.317276512,7.282284643832009,-0.08604188645849298,0.4831970297070798,-0.13070882318563953,-7.489063913658866
5451094.417150496,7.322177010831202,-0.10501638475650399,0.48773694380483745,-0.15446536319337084,-8.850213391935558
5451094.71718512,7.4872549980777325,-0.20607098897635306,0.4620269793146309,-0.18650506401033326,-10.68595302560936
5451094.817205344,7.529500837083304,-0.20788471345216503,0.4883251837535556,-0.17554754911305567,-10.058133668043627
5451094.917168416,7.5811405384285315,-0.20527555293021438,0.5073430401936089,-0.16099679816574017,-9.224437050016466
5451095.017105536,7.641074485373592,-0.18200488143578963,0.4932770348716353,-0.1385663378337139,-7.939266340455748
5451095.11728592,7.724037071484325,-0.17220464947786815,0.4608003784989821,-0.10828297904101683,-6.204157692153815
5451095.217148192,7.777284297749013,-0.17081335687522559,0.4803920532957639,-0.11335619794833403,-6.494831724089061
5451095.317144672,7.80399119325473,-0.15962674921110026,0.5061135344752108,-0.123504485780673,-7.076285786166051
5451095.417123232,7.846225165052143,-0.16280295677074558,0.5135999207646997,-0.142582589089382,-8.169380586869648
5451095.516949824,7.908134781889349,-0.20339938631374105,0.49195510868716025,-0.15676897080315677,-8.982200385630511
5451095.616888992,7.969940984949782,-0.24533674016629356,0.47692762429884483,-0.16498161517200685,-9.452750246607502
5451095.717254624,8.00954514462503,-0.26677183154517575,0.503644849689053,-0.15014867913853283,-8.60288561410192
5451095.817114336,8.060648411926314,-0.27302821277054307,0.5361050476732143,-0.13137301840492324,-7.527119496496588
5451095.917080416,8.115088251213407,-0.2677304341954125,0.5338788831528496,-0.1185577287341319,-6.792857485122646
5451096.017272992,8.183265136552317,-0.23832331468266305,0.5219176163783972,-0.10422123543322163,-5.97143692596291
5451096.117204416,8.26312792648216,-0.2216116935595635,0.5143903549689924,-0.08174149543002973,-4.68344269922861
5451096.21711232,8.31010776373055,-0.20893866398587493,0.5467619404055164,-0.08138032742636199,-4.662749296923283
5451096.31709536,8.333849121354975,-0.20143824139727856,0.5532496847344955,-0.09436100434488646,-5.406487299577618
5451096.417496384,8.37674172172996,-0.21214477050342734,0.5609376700573818,-0.11604934789956675,-6.649137849890559
5451096.51729088,8.436920594816502,-0.24873303762047133,0.5440289353978995,-0.1373549998967043,-7.869861789101015
5451096.617229024,8.503352706425364,-0.2820596727549589,0.5326091945757137,-0.14844228314159244,-8.505116325299218
5451096.717130208,8.561961986337359,-0.30690461239423744,0.533098032638656,-0.14625419291785427,-8.379747990285184
5451096.817090592,8.612021325451828,-0.3152997357580734,0.5487796871652713,-0.12635930467131606,-7.239854859874119
5451096.917230688,8.652380503868649,-0.30993623120527786,0.5692568369156632,-0.1028906414714853,-5.895199507709826
5451097.017224064,8.697497346516029,-0.2983961005448311,0.5686214518040431,-0.08440857376081067,-4.836255031213154
5451097.117240064,8.768254139240167,-0.2629944633363681,0.5650504129684062,-0.0655889367545633,-3.75796925878696
5451097.217277824,8.84941741876833,-0.2476088419671431,0.5685162183094288,-0.056413732402363026,-3.2322687732358197
5451097.318963072,8.90154257838513,-0.26005228256494833,0.576738140060554,-0.06893016613407578,-3.94940760061814
5451097.417450464,8.921427189269018,-0.2781815766028019,0.5886719284286077,-0.09048448028125719,-5.184378831550757
5451097.517196,8.938967115202683,-0.3021909490562381,0.5895580927964702,-0.11175027944775379,-6.402819371763836
5451097.617149856,8.997944203165908,-0.3276018670954076,0.5869520043983047,-0.10957505452505459,-6.278188164201501
5451097.717793984,9.08882850038202,-0.35461611419381056,0.5886405634966444,-0.10769062574182314,-6.170218348129366
5451097.817369728,9.158568564130714,-0.3698122326811638,0.5872473644445746,-0.09159081135829115,-5.2477669330089665
5451098.017001664,9.252283168437762,-0.3646455809667096,0.5887488178038347,-0.057270845292768886,-3.2813777244223346
5451098.116995264,9.316473356982389,-0.32263095229485156,0.5950491455101498,-0.02814992758382171,-1.612872044151883
5451098.217014816,9.370286998425545,-0.2786755666436825,0.5976940676085379,-0.006750154118620756,-0.3867553420598194
5451098.317391328,9.409756324682585,-0.2616104360663108,0.5868873000664678,-0.01436151406890182,-0.8228541435658285
5451098.417184128,9.44829561225052,-0.27476210103465065,0.6027996915250243,-0.04068754721086042,-2.331224733921586
5451098.51724576,9.497362919343267,-0.30670589827557887,0.6239956740160004,-0.07083377694593798,-4.058476465973317
5451098.617329888,9.558294554644176,-0.34217128647168593,0.6381211974098994,-0.07031974865651466,-4.0290248144390315
5451098.717399808,9.641494630526847,-0.3655823517722027,0.6402460684066984,-0.059160362115902164,-3.3896390637068388
5451098.817449504,9.69242046265309,-0.3818328698048151,0.6269795388909049,-0.03781136410853334,-2.166431581051401
5451098.917530624,9.730420031517742,-0.3700484631103732,0.6145258549886239,-0.015511328353697935,-0.8887336493084991
5451099.01718992,9.77203258819748,-0.33940838421640696,0.6051929976600531,0.009764081456528684,0.5594406582810432
5451099.117090464,9.831672804461492,-0.3033501090434012,0.6146804226761797,0.027172200954272165,1.556852434761143
5451099.217182496,9.904428779878003,-0.2841838062894574,0.6432616474463284,0.04634617412973728,2.6554401742123472
5451099.317111904,9.960634283104005,-0.2788294683877678,0.6465065768464362,0.04323241642786406,2.4770349994686574
5451099.417438912,9.9952510585501,-0.2817864679911389,0.6482324368867108,0.019401530346576615,1.1116258049538295
5451099.517179744,10.031352515536986,-0.3060709709246826,0.6533825143920263,-0.013371340650192574,-0.7661213856877486
5451099.618386048,10.083416945145654,-0.3477062839748004,0.6474195920842518,-0.028582452764506227,-1.6376539115382391
5451099.718302048,10.15525158665082,-0.3730717817225359,0.6353523698545627,-0.03959123139202413,-2.268410464488838
5451099.817205216,10.208411125042298,-0.3848055217347413,0.6466561312584257,-0.02862251723873395,-1.6399494368198981
5451099.917153824,10.24297734961268,-0.36474295935986173,0.6556321752312837,-0.006979479571505064,-0.3998947226450164
5451100.017461952,10.282105616686344,-0.3375356694816361,0.6545502483656416,0.015679907041879007,0.8983924966571265
5451100.117147968,10.33854878818175,-0.303462224190752,0.6451872404082702,0.032112660691824314,1.8399199265771915
5451100.217155808,10.425037039132413,-0.2804235701952526,0.6472303974276356,0.05285158289585066,3.0281726405180525
5451100.317448288,10.487737975443242,-0.26505463347056574,0.6547544651504575,0.044316222961848374,2.5391325396746605
5451100.417197888,10.52032348749604,-0.2607861355023135,0.6674449207581458,0.019720009387134564,1.1298733098411757
5451100.517123808,10.549921819806242,-0.2779183709121033,0.686727652643214,-0.011935055572351992,-0.6838283125498643
5451100.717237696,10.6743729534169,-0.3427582734574091,0.6728161853819018,-0.03724981945428116,-2.1342574423546177
5451100.817163552,10.725877691887062,-0.350296854266016,0.6682846204875487,-0.020591404176370842,-1.1798005535541063
5451100.917373088,10.758249431065902,-0.33643372372551156,0.6721068079006792,0.003880286156028407,0.22232402004346935
5451101.117185888,10.874008526481157,-0.26481999060046857,0.6982697299814764,0.04668815975670257,2.6750345072915938
5451101.51735376,11.063619040859912,-0.2837703698139994,0.7138666830335072,0.0013586528689288218,0.07784507521296251
5451101.717112768,11.190145805216893,-0.33326510478733523,0.7269122167069031,-0.053404237602391554,-3.0598374227308867
5451101.817108928,11.248668829292498,-0.3464794454865417,0.7313336826935427,-0.06094877377313596,-3.4921075036983327
5451101.917083936,11.28970217189407,-0.3431640649185432,0.7262431868333686,-0.04762911862455747,-2.728947479115088
5451102.017096928,11.339007208623698,-0.31772450229308624,0.721132758645547,-0.03906768696515255,-2.238413578441501
5451102.117358496,11.403776779210341,-0.2864510696003131,0.7257457844698467,-0.042708467000593914,-2.4470149086077813
5451102.21713552,11.484619367568023,-0.2786508869543975,0.7282942400143665,-0.0315752783835925,-1.8091301883305104
5451102.31832784,11.530755601685815,-0.28237370212494617,0.7428608992383648,-0.05816474418689834,-3.332594358367364
5451102.417367808,11.563082904771923,-0.2865712665423231,0.7644747182851732,-0.08638300327713089,-4.949381509444359
5451102.517523872,11.603703256113329,-0.3080390678601318,0.7606850758439515,-0.10983277553427857,-6.292954490321888
5451102.617421568,11.668420101768394,-0.34303559834953395,0.745588567873353,-0.12005718393531535,-6.8787699397193975
5451102.717471968,11.7371303026908,-0.3675790845235639,0.7350644749712899,-0.1392294285150714,-7.977258637931987
5451102.818412416,11.77681490476569,-0.3833380287455424,0.7504200238235429,-0.13464734593448702,-7.71472464468409
5451102.918426272,11.822334151700396,-0.3886791414965078,0.7634023472331709,-0.12230918622471397,-7.007800166355738
5451103.017438976,11.882144669829325,-0.37215128441218753,0.7606624302015343,-0.10485739040114748,-6.007885920741341
5451103.11839792,11.943310862599464,-0.33143564543820064,0.7505390554511481,-0.09858984100681353,-5.64878179255623
5451103.218330368,12.017541302151818,-0.3302281890125938,0.746016078459837,-0.09330712581353072,-5.346104507611488
5451103.318384832,12.0591681559455,-0.327636785206197,0.7804600287928065,-0.1032593954520671,-5.916327554475812
5451103.417324352,12.09197940466884,-0.32623620661752817,0.8067844074289231,-0.12002273541400296,-6.8767961848377315
5451103.517339584,12.130034357364591,-0.3483769910265217,0.795795997324673,-0.14213593020466553,-8.143788917893374
5451103.718221248,12.244146816267335,-0.3995438363583705,0.7717955553235747,-0.17285184454098773,-9.903681173250016
5451103.817417984,12.331349505675556,-0.45518684568846746,0.7544472024303267,-0.17848875410337697,-10.226652300671855
5451103.917376928,12.369046642402068,-0.4572121846196002,0.7716361240381844,-0.15335489572816666,-8.786588292892766
5451104.017306336,12.403093784026371,-0.41128504878470246,0.8130456188276117,-0.13237644919854474,-7.584611846004563
5451104.11824096,12.455692823129082,-0.381996575747359,0.809065159612329,-0.11939333073139768,-6.8407339529186775
5451104.218293216,12.518378037053374,-0.361266450815314,0.7952317775000606,-0.11271257645619662,-6.457954928985675
5451104.317232608,12.56348047367134,-0.3725731833794539,0.8061850933277872,-0.12289206577826992,-7.0411967047389625
5451104.417102976,12.59385308936848,-0.3925683871141594,0.8114180561652109,-0.12953984644322147,-7.422086479969359
5451104.5174056,12.622404521117437,-0.41756609090011004,0.8111776764110677,-0.14031498998358943,-8.039456728480095
5451104.61733456,12.675244966474102,-0.45081388228756464,0.8033256804994054,-0.1504238667435996,-8.618652702446559
5451104.717382528,12.737187687666115,-0.47533358272803805,0.8075560964969138,-0.16729789960811073,-9.585463568948095
5451104.817343072,12.784110191130598,-0.4972428221263481,0.8090397337528085,-0.1791666575541835,-10.265493307320424
5451104.9182144,12.825410257694042,-0.5058975004470152,0.8317723069811953,-0.17275864436515476,-9.898341196524909
5451105.018224608,12.867090925738436,-0.4995497471037217,0.8395721081928752,-0.1492201679844111,-8.549685843739924
5451105.117332832,12.927370090948886,-0.48181310893375606,0.8234338618185144,-0.1278076082690179,-7.322836543476047
5451105.217092704,13.010145135500355,-0.4571226067153259,0.8264571551417595,-0.10815577897935526,-6.196869665466803
5451105.317454112,13.053993634832564,-0.4418692927386144,0.8376863950291282,-0.11927041280624258,-6.833691274580785
5451105.417265056,13.074483466180967,-0.44309348139684296,0.8318158702273446,-0.1529665551992049,-8.764338019569381
5451105.517248352,13.101157342166202,-0.45593833308407505,0.8376108279927221,-0.17646249777047987,-10.110556364585195
5451105.617451904,13.135199247332167,-0.492246544129072,0.8383879012274783,-0.17863476363211747,-10.235018030437379
5451105.718279296,13.175144856414041,-0.5490962306880744,0.852531430223791,-0.17563082244233227,-10.06290487835718
5451105.918212192,13.27723113092736,-0.5638993161492666,0.8456966886244393,-0.19510331653871205,-11.178596606673153
5451106.018358464,13.326913317899455,-0.532972011794893,0.848991052023202,-0.19155391014211323,-10.975230600371303
5451106.118316,13.372256526533729,-0.5072765468604865,0.8376159331544869,-0.16328250041243147,-9.355398141975448
5451106.21822416,13.425568296618206,-0.5069302889759045,0.851295813069389,-0.12470134418495733,-7.144860721406306
5451106.318306912,13.477701054063207,-0.5009827888763255,0.8511481564470622,-0.1081757821028542,-6.198015760020371
5451106.417523072,13.510637897778352,-0.5045448735631064,0.844840885621957,-0.13418399943760806,-7.688176845960753
5451106.517396736,13.54432506014849,-0.5174639792592849,0.8605307072556356,-0.1799822762044652,-10.312224813673721
5451106.618318816,13.58854709894265,-0.5520389199087252,0.8732742169297438,-0.21255892433313253,-12.17872926212911
5451106.718373696,13.636547338302975,-0.6002161494482682,0.8731969288977007,-0.20202865577271836,-11.575389316478077
5451106.817383936,13.705336357033115,-0.637627975778277,0.858421108480509,-0.18446909365935676,-10.569300517284638
5451106.917280608,13.755408184127772,-0.6446659481470476,0.8527539674300098,-0.15929723652288236,-9.127059340858391
5451107.018191456,13.79537742707352,-0.6291878578818565,0.8644121563285387,-0.13462160679791602,-7.71324990079026
5451107.118196384,13.835586081302367,-0.59910083961636,0.8601197124100646,-0.10747279469452845,-6.157737548472466
5451107.217314112,13.892523869679096,-0.5734320952270267,0.8867640744357088,-0.06867519723291475,-3.934798958674525
5451107.318132768,13.97226548344597,-0.5539627579703998,0.88860094039071,-0.03837702946849182,-2.1988418187937704
5451107.417381568,14.030409556292149,-0.5424442641365842,0.8770298689098499,-0.04351863177639613,-2.4934339309714106
5451107.5172328,14.062985389718625,-0.5513655923299136,0.8736484877242409,-0.08094229876926037,-4.637652103565577
5451107.618173824,14.092884811839228,-0.5862668473083658,0.8809328098736847,-0.11721257863415913,-6.715786061582605
5451107.717371712,14.138171435956313,-0.6309506464928677,0.9206690275948123,-0.11034837495073084,-6.32249616080401
5451107.817267296,14.21122706105006,-0.6671263653959641,0.9077208843436549,-0.08235092958196048,-4.718360704025376
5451107.9181832,14.270011491451404,-0.6666521342840137,0.8838598639709857,-0.048007542666316565,-2.750629579574166
5451108.018411648,14.313631358236805,-0.6350032745925752,0.8803506524500386,-0.026581006622139466,-1.5229794946578838
5451108.217446688,14.410667942305293,-0.578229199503488,0.9230980512839084,-0.014675028301230951,-0.8408171858955716
5451108.317353472,14.475334092596189,-0.5799435651092713,0.9344736981002598,-0.006443981791325709,-0.36921295990211506
5451108.418366304,14.532992242645335,-0.576879223115179,0.9214713925907168,-0.005088632565250255,-0.2915571694816691
5451108.518274624,14.570108793204405,-0.5763686229444994,0.9129384300911484,-0.016737248030985925,-0.9589736728391408
5451108.617339296,14.608558058503279,-0.5945614886146231,0.9152774237523138,-0.04045437399227407,-2.317864892601107
5451108.718144992,14.666688168117266,-0.6477728460238983,0.9267130304749595,-0.04742357421737207,-2.7171706520808456
5451108.818205472,14.735765679722434,-0.6877110891333077,0.9395906280914305,-0.05251309627520369,-3.0087787857333352
5451108.917253248,14.789962959779025,-0.690577256826772,0.9375266431533928,-0.03773524798226401,-2.1620704482632833
5451109.018121664,14.82134009050406,-0.6633391220410637,0.9250167202576332,-0.012004370246493022,-0.6877997508364699
5451109.118138784,14.868740080255936,-0.6211847227308442,0.9196299728440104,0.012630919177036022,0.7236983602150191
5451109.217339968,14.95133944286609,-0.5834509641487114,0.9238478873731825,0.04011401841397707,2.2983639544309544
5451109.318160672,15.028944743659837,-0.5708668822132414,0.952246055108585,0.0407714269862589,2.3360306910384243
5451109.418153984,15.064864776550978,-0.5711482238241202,0.9654365925076674,0.019285318432165636,1.1049673527289448
5451109.518306848,15.08714275818628,-0.5820212388675878,0.9600016805466977,-0.007906563399110904,-0.4530127132216651
5451109.61808928,15.120871487146566,-0.6047925885401634,0.9371461225424593,-0.02672918197672954,-1.5314693171037497
5451109.718141536,15.191778516610766,-0.6476956007426956,0.9390835184396048,-0.026867426870494565,-1.53939016605572
5451109.817239584,15.267750271239757,-0.6661219795668197,0.9673033273162869,-0.02492250869507993,-1.4279545631061767
5451109.918178976,15.326753093793634,-0.663141017702173,0.9776750043652713,-0.012407858681698527,-0.710917935256083
5451110.017341664,15.363778806079047,-0.6363169793047893,0.9791268603055788,0.006738190385130691,0.38606987062361936
5451110.117316544,15.401474478317827,-0.6064326769160941,0.9694338993022668,0.026686791790472213,1.5290405383384313
5451110.218145632,15.481936737180714,-0.5855777770674838,0.9584094585215586,0.05110517236924594,2.9281106880463823
5451110.318112192,15.554964597708535,-0.5627458813510008,0.9748317070156468,0.04769903314509823,2.7329532860687538
5451110.418313504,15.590114727813706,-0.5577611799514007,0.9980675307867203,0.0245578673312365,1.4070621519220539
5451110.518253792,15.617818124997703,-0.5748428573210612,1.0065843571629003,0.0026778095151321468,0.15342718355704535
5451110.617342816,15.660158106073542,-0.6074194614137245,0.9950617023325382,-0.012967493129113222,-0.7429826271630812
5451110.718211328,15.733889413721142,-0.6447803881593629,0.9761880566654374,-0.032804166274813286,-1.879540277992193
5451110.818237568,15.807814470571245,-0.6620199165951205,0.9736043169349494,-0.03552544154194861,-2.0354578656923827
5451110.917257664,15.843430909222873,-0.6559955812680852,0.9885818351467849,-0.023907340784313218,-1.3697897263221308
5451111.018236896,15.87073911522456,-0.6497582567399153,0.9997012698797194,-0.006702336476979536,-0.3840155930075085
5451111.118222112,15.926006385828112,-0.6293480208581904,1.0100071106953101,0.014016968247071555,0.8031131221260879
5451111.218271712,16.005678188872555,-0.598573518229563,0.98784579026856,0.03929901903162981,2.2516679295166875
5451111.317228704,16.07024262098838,-0.5713642016853114,0.9910276613992577,0.047373803376098506,2.714318992933055
5451111.417473856,16.11010622420378,-0.5671076474404895,1.0183482848152772,0.03281837141981259,1.8803541728480249
5451111.517307968,16.154139028331496,-0.5898259319251868,1.0332209032365702,0.0095107438950233,0.5449254852146488
5451111.618235008,16.205850369144407,-0.6180746601623306,1.0254659167944722,-0.008005573852582512,-0.4586855943332646
5451111.718163936,16.27918097042539,-0.6429382963731444,1.0020416708325595,-0.02804213812652318,-1.6066961631726715
5451111.818047968,16.321606794451966,-0.6574701834210152,1.0120473451967547,-0.03273432516567452,-1.875538677202029
5451111.917213856,16.358350318254978,-0.6646037833290498,1.0329967062013714,-0.02189175519026007,-1.2543051785355166
5451112.018115456,16.406711493555413,-0.6668624337074197,1.0435930739036874,-0.006627828563459354,-0.37974660402247634
5451112.118321024,16.460767746099947,-0.6471092753318888,1.0551499815600847,0.014642287681613974,0.8389412865728756
5451112.217258432,16.538092607433107,-0.6066248181254146,1.036569830010804,0.037612401435580346,2.1550318596105527
5451112.41834112,16.64716586478679,-0.580437317205919,1.0580638624499843,0.02298901739642469,1.3171736719679628
5451112.518056704,16.68792663306702,-0.5827805739088175,1.0769743806690895,0.007476707152828943,0.42838376451237264
5451112.617426656,16.737644609697046,-0.6049495678247016,1.0758689754449466,-0.008140946699119963,-0.46644188710053275
5451112.718281792,16.804109423776048,-0.6345092148503517,1.0366360974065172,-0.03143190005210286,-1.8009152150625263
5451112.817267552,16.85111123266135,-0.6749538098820271,1.0258779292839975,-0.040562306439422276,-2.324048966295218
5451112.917404448,16.89641955248939,-0.6855749373038168,1.0435868607661196,-0.028666223719615316,-1.64245363371177
5451113.018115392,16.949059167498177,-0.6767559533167035,1.0769342755780453,-0.01397882076119618,-0.800927432186394
5451113.118211872,17.000503306508143,-0.6487818223135342,1.0923339298830483,0.00475128198928532,0.27222840526257086
5451113.218100608,17.07009901383693,-0.6208259607106404,1.0637909217899282,0.029468773898331833,1.6884363717996962
5451113.318031488,17.12650121268643,-0.5961552110751523,1.0686996188524618,0.034353640408754806,1.9683186063317306
5451113.418228384,17.177284732945633,-0.5871697524239278,1.1040457095238947,0.019069500244715848,1.0926018814459086
5451113.518264896,17.23192640097293,-0.5960293135032194,1.1159497196415815,-0.0007392088810089608,-0.04235354906040172
5451113.61801376,17.281874499357162,-0.6217787599169989,1.10068315491468,-0.01675409837005856,-0.9599391261513671
5451113.718102976,17.34101685719028,-0.6444311280664,1.0764353864658867,-0.03762694752993381,-2.1558652894254053
5451113.817354528,17.404098841836785,-0.677527934800194,1.0705445662288469,-0.048004144520037345,-2.7504348801341987
5451113.91725328,17.455019999094763,-0.6953068758341615,1.093140258741824,-0.04080393805903463,-2.3378934382959162
5451114.018164,17.501051463393168,-0.6881860066520165,1.1098539454116214,-0.023528632652182423,-1.3480913486837536
5451114.118044608,17.541509669287695,-0.6653928748416192,1.111586123513827,-0.0045233022252601125,-0.25916612696953806
5451114.218161632,17.5985799931173,-0.6275184822667129,1.0824806354059266,0.023687469748458007,1.3571920439304574
5451114.418036448,17.71811127308423,-0.5967329235438327,1.1179317968484568,0.023091907229382685,1.3230688251512621
5451114.51724336,17.760824170290675,-0.6098571192345281,1.1327155645292508,-0.004329374439280486,-0.24805488330258912
5451114.61815504,17.810214618560348,-0.629374403629799,1.138240900154982,-0.028089630248245,-1.6094172613074533
5451114.718074176,17.867297565230718,-0.6558907294160948,1.1169384769306243,-0.04282635808174534,-2.4537695699999924
5451114.817285792,17.92078677518505,-0.6789937772085011,1.1179992184003664,-0.055242380749003415,-3.165155267172643
5451114.91821808,17.975623100238643,-0.6931152609611947,1.1410489079317887,-0.05084615205860433,-2.9132699174384507
5451115.018125664,18.02139435413843,-0.6912966473059329,1.1441497255844213,-0.02905672081261844,-1.6648274690529763
5451115.117975232,18.07027410853428,-0.6750737517471831,1.1322490523645437,-0.0014164037095197805,-0.08115395464215724
5451115.218114048,18.12020622224928,-0.6257912726927143,1.1060032786920468,0.025280563238144836,1.448469577259281
5451115.318085728,18.19255713430613,-0.6010269659378679,1.1254524196142461,0.041701142127341224,2.3892994447718516
5451115.418148288,18.258045899373194,-0.6050980837179603,1.1516334496169869,0.022951392305772363,1.3150179130697874
5451115.517991008,18.300809990293644,-0.6064679156267896,1.1615249396468454,-0.009683288561231112,-0.5548115663658499
5451115.618067648,18.340672229631082,-0.6092060095751829,1.1474613133423903,-0.04133886913821025,-2.368542731463058
5451115.717239616,18.38773096111444,-0.6293996911694103,1.1530969647763163,-0.0531619061993134,-3.045952856091025
5451115.817994976,18.455020085477393,-0.6773331531385383,1.1563547555209324,-0.05929076651450472,-3.397110685376707
5451115.918017056,18.521591430204612,-0.7066360349007099,1.1396406435906978,-0.04519360541555897,-2.58940285129111
5451116.017951904,18.57120445675665,-0.6918020886511754,1.1381301338710963,-0.022014789485544212,-1.2613545243906643
5451116.118155712,18.614850265286595,-0.6494143295855913,1.1357897762911624,-0.0008036865730600188,-0.04604784868767156
5451116.21813232,18.65655275087545,-0.6007561032127439,1.1499683765826993,0.01761672800162757,1.0093641633231967
5451116.31809088,18.712782827001373,-0.5806182087780976,1.1621023738037082,0.04036716831390245,2.312868375280838
5451116.4180768,18.782749076265247,-0.5772854888095256,1.1624142978065535,0.03399390969434649,1.9477075546349083
5451116.517975744,18.846225354247025,-0.594924562685552,1.1693375969569957,0.002540383521087878,0.14555325410291878
5451116.617213152,18.891443766900537,-0.6166451367586128,1.1835681989147124,-0.03145474776601886,-1.8022242926414351
5451116.7180312,18.935968481750184,-0.6519839059567448,1.1876305149930926,-0.05171734730339143,-2.963185728096618
5451116.818065952,18.99406639123558,-0.6812044960289619,1.1813736996438677,-0.06621246877060384,-3.7936950116973667
5451116.918236928,19.044071421557998,-0.6976294655614619,1.1803116424921019,-0.05881062080903976,-3.3696003629022333
5451117.018041184,19.08144637209994,-0.6968430347793567,1.1963816228732822,-0.03732825509004856,-2.138751473247515
5451117.117998944,19.142737357515653,-0.683773356172416,1.1838643756243228,-0.009140323035163617,-0.5237019333010821
5451117.318073408,19.261277910813316,-0.6450900262592597,1.1726358757497848,0.03435422872580154,1.968352314415524
5451117.417247072,19.35136480425013,-0.6093780610370659,1.1884949182939826,0.03286247850023792,1.88288132240304
5451117.517149824,19.374051422383435,-0.5968493775737946,1.1951847023883047,-0.014304398259720524,-0.8195816487562656
5451117.61807888,19.36545540855524,-0.6429373051694717,1.2028599009195742,-0.055701103223424954,-3.191438128924795
5451117.718057632,19.35505735683469,-0.710867509998773,1.2051933636512107,-0.05110811028022337,-2.9282790179459743
5451117.817170592,19.38366485449033,-0.7453328387667016,1.2108924467201112,-0.025926461197959928,-1.4854768043527962
5451117.918098016,19.43002388997048,-0.7391419378549398,1.21673652019743,0.0048052737405377705,0.27532190473785645
5451118.017938432,19.472512456937128,-0.7204442705169863,1.221834660199375,0.02276062033998877,1.3040874845809733
5451118.118141792,19.48559168949354,-0.7040274916919742,1.2086604756194792,0.010197815072050689,0.584291763883404
5451118.218126464,19.49477565361579,-0.6888011158467013,1.1983073501252817,-0.015320247823141269,-0.8777855413604816
5451118.31795792,19.511999556542953,-0.6694417884574227,1.2126417493536876,-0.022014780793033026,-1.2613540263464598
5451118.41808016,19.516101326548135,-0.6362581571582847,1.2323858695387608,-0.021699681110882812,-1.243300144433339
5451118.518077664,19.52930182896026,-0.6232114760880774,1.2342393855891154,-0.021448408186921487,-1.2289032663844432
5451118.618163552,19.54472619429608,-0.6319126895946963,1.2285026427572296,-0.015681149207922775,-0.8984636675288888
5451118.718064864,19.55545222159139,-0.6630944619302319,1.2177880909763357,-0.00918744281995442,-0.5264016981011598
5451118.81798864,19.554698987979737,-0.7088936414235846,1.2168116078394822,0.0024796885960451814,0.14207569106010937
5451118.918179232,19.557645133402406,-0.7195284057499277,1.2438213821263606,0.0006727142534913014,0.038543687543345376
5451119.01805152,19.5671756707768,-0.6867351329994988,1.2540078238771648,-0.01256371908638827,-0.7198480786380065
5451119.118006272,19.59328007795289,-0.6570760770728338,1.2419397722275223,-0.021818848065076973,-1.2501279079660932
5451119.217929952,19.60744400634446,-0.6581248662973506,1.2267252620212963,-0.024202046271750058,-1.3866751069516075
5451119.318012448,19.587605273550775,-0.6700288711720234,1.2210394323137816,-0.023947435438337376,-1.3720869807787524
5451119.417942976,19.56909170061548,-0.67597999279695,1.226738295489248,-0.024270818923147208,-1.3906154896225886
5451119.518137472,19.56572716554422,-0.67796019629506,1.2245340167051353,-0.025114166286933894,-1.4389357342310498
5451119.617131392,19.577948636751962,-0.6812209082514403,1.2395705067208793,-0.02048229444115083,-1.1735490262222097
5451119.817951232,19.5903645043748,-0.682505052922194,1.2378663024451977,-0.015703923373288766,-0.8997685310862932
5451119.918092512,19.587787167024967,-0.6810175678314203,1.2163081247785787,-0.01818021653621386,-1.0416496781590026
5451120.0179856,19.583356865407318,-0.6808466894816879,1.2211283752581545,-0.02048835837148119,-1.1738964638374008
5451120.118179584,19.584831025764668,-0.688391510431775,1.232399881443022,-0.021612581665430824,-1.23830971381101
5451120.21807936,19.59279707636241,-0.6925723899995933,1.2320440341127634,-0.020851425361364133,-1.1946986700382123
5451120.317992576,19.58265143897288,-0.68531351268178,1.2369288790391648,-0.017768695062568726,-1.0180712345401322
5451120.418176736,19.579365955009102,-0.6773485160582777,1.240253729531591,-0.015624633768316944,-0.8952255713621482
5451120.51795952,19.582890728498413,-0.6748497986728509,1.2308469259040549,-0.01652592563112731,-0.9468657912106662
5451120.6179192,19.587225874717852,-0.6812898370839306,1.2266793324250354,-0.018216404842975063,-1.0437231154041442
5451120.717859584,19.5842370559891,-0.689643456393778,1.2266171547115772,-0.020284130050041007,-1.162195042961837
5451120.818055104,19.584509580613414,-0.6893490323149506,1.2279927874520522,-0.01952907897972365,-1.118933803315817
5451120.917880064,19.584433589008725,-0.685199539881293,1.2326671825152178,-0.01766313179804786,-1.0120229050114635
5451121.017851808,19.58298501406755,-0.6862144018935258,1.2322981844351621,-0.01687371570761628,-0.9667926947500162
5451121.117944768,19.580778680145645,-0.6844805870775199,1.2417340714069427,-0.016854662528695045,-0.9657010280115219
5451121.217960576,19.585266283283605,-0.6862977476945242,1.241610584095058,-0.017589154890381112,-1.0077843404207298
5451121.417084096,19.588628805180782,-0.6891225113965708,1.2526545864498826,-0.018823496200207023,-1.0785068879524045
5451121.5179144,19.590403805182063,-0.6895380239908538,1.2443860264243571,-0.01887536354618012,-1.0814786679712078
5451121.61817344,19.59364052550188,-0.6916805138146377,1.2400192361838294,-0.018695961836627993,-1.0711997071764392
5451121.718135392,19.596467453003807,-0.6912643971433904,1.2353108939079305,-0.01934035362336143,-1.1081206369091592
5451121.81789856,19.589867995400166,-0.6912148598273831,1.2349878831439274,-0.019825571366670514,-1.1359215657456319
5451121.918077632,19.588543801730108,-0.6903585474265846,1.2276171877018027,-0.0199096191558334,-1.1407371493420708
5451122.0179472,19.590021461736626,-0.6914557840826153,1.2302660209872947,-0.019005207098606675,-1.0889181555222351
5451122.11717104,19.593241889714648,-0.6902495112241644,1.2294003395671127,-0.018935683599253253,-1.0849347524323034
5451122.217868864,19.593783253100646,-0.6911094270667829,1.2390521776378263,-0.019616663535594728,-1.1239520287177573
5451122.318039552,19.59958551134227,-0.691936174636878,1.2384816723881613,-0.019895655673248105,-1.1399371007226289
5451122.417943904,19.596567240395338,-0.6907734993407955,1.2332126397728298,-0.019241372711841814,-1.1024494484267275
5451122.518161568,19.58673721469263,-0.6865289480837143,1.2300079498028946,-0.017922171213176012,-1.026864770225844
5451122.61807232,19.5765897852095,-0.6817016213143385,1.2304947563172004,-0.016673990084559318,-0.9553492594882316
5451122.718069888,19.579390007193282,-0.6790995311953916,1.2342826035601302,-0.01625292104068104,-0.9312237803903972
5451122.817168992,19.589936568408593,-0.6877322318349517,1.2311662725586177,-0.018125396074148533,-1.0385086970517023
5451122.917975136,19.5874122251232,-0.6916570664539615,1.2257367203185652,-0.020464461871073328,-1.1725272952188974
5451123.01781008,19.582807139691557,-0.6939760737250711,1.219643898600816,-0.020621066570635404,-1.1815000835557188
5451123.118088992,19.584330871360127,-0.6933818845754329,1.2277997793354742,-0.01944828414505663,-1.1143046002829393
5451123.217992736,19.587849774965715,-0.6855301999026123,1.2451459191992915,-0.01799194882382174,-1.0308627328203512
5451123.317896896,19.59089363605522,-0.6822212575456748,1.2575258666753135,-0.016729964173725145,-0.9585563385595224
5451123.418116064,19.587052691550593,-0.681913796610961,1.2513207626854292,-0.016504648736436072,-0.945646714943714
5451123.518082368,19.58928515395195,-0.682538171422458,1.2354678991145087,-0.017215007609222257,-0.9863472802940328
5451123.61805136,19.590673539377303,-0.6877162669469746,1.2304620658089718,-0.01902310402546774,-1.0899435738976284
5451123.717992896,19.59473390280337,-0.6952851272893735,1.232712270711143,-0.020294526489491576,-1.162790715064318
5451123.91812848,19.585539590264446,-0.6946531807802868,1.234558831157729,-0.019961526426351673,-1.1437112168688115
5451124.01803376,19.579474970302066,-0.6891299855156396,1.2403683776820387,-0.017900456544471505,-1.0256206113555508
5451124.117955392,19.58241038107865,-0.6870375603472958,1.2429480577187928,-0.017191861394622487,-0.9850210998857619
5451124.217947296,19.588456698953713,-0.6885101252114256,1.239791349239828,-0.01864046764418597,-1.0680201241620244
5451124.317772128,19.591929328059205,-0.6922706574839615,1.229105217503929,-0.019217166090097788,-1.1010625111645251
5451124.418001632,19.59027056950598,-0.6940124597566623,1.2265542931157543,-0.020207588604408525,-1.1578095411692657
5451124.518048704,19.591014666652125,-0.697211732748964,1.2373751164596198,-0.020830087240406987,-1.193476085764628
5451124.617929504,19.585422489202447,-0.6912449368450033,1.2441695538135282,-0.019953234925365323,-1.143236148856465
5451124.717808512,19.578490125233365,-0.6875254371914673,1.2443102335807472,-0.019265261714108424,-1.1038181874333828
5451124.817838752,19.584692650972812,-0.6902048839672514,1.2419723175763766,-0.01899142520992288,-1.0881285114669346
5451124.917109088,19.58825700469844,-0.6893625035389388,1.2393960255784238,-0.019230189454808647,-1.101808694997517
5451125.017872768,19.58406538527346,-0.6849349692407438,1.2282600080298873,-0.019021626008092048,-1.0898588897399542
5451125.21802272,19.583320479764993,-0.6990439474608189,1.2407622288541083,-0.022042289885364497,-1.2629301812352889
5451125.317958976,19.57955880154475,-0.6915083952812482,1.240707915563076,-0.020123944924515094,-1.1530171113284289
5451125.417962688,19.581444237550706,-0.6815358663516479,1.2362410471844674,-0.017971244315635883,-1.0296764518844075
5451125.517942912,19.58574722060884,-0.678021744796725,1.2340590603717436,-0.01639230476704256,-0.9392098796437189
5451125.618134112,19.58268370434855,-0.6859805486388197,1.2344913837081795,-0.017770847719123344,-1.018194572675453
5451125.717700448,19.580525250772347,-0.6943751394281511,1.2379416572773712,-0.019539651800792965,-1.1195395813406357
5451125.817913568,19.58301552861344,-0.6964665617626586,1.231775204933363,-0.021222089367473326,-1.2159361532056803
5451125.917777536,19.581494575597077,-0.6865082606411818,1.233878244539531,-0.018953885433806526,-1.0859776407316013
5451126.01808784,19.572948767135173,-0.6804108882394967,1.2389793884094835,-0.017081368344622854,-0.978690314455255
5451126.1180624,19.573353398264036,-0.6834098926871819,1.2382588893104294,-0.016958137698680875,-0.9716297185361087
5451126.2179,19.585824811376543,-0.6913750243604853,1.2417681549628181,-0.01797171312751464,-1.0297033128264461
5451126.318108256,19.583916033850706,-0.6914630922500902,1.2396964789322136,-0.01918262786034176,-1.0990836163676516
5451126.417833088,19.578167439515475,-0.6905638990206103,1.239796356307264,-0.019762220938004383,-1.132291853552718
5451126.51801808,19.575684909052978,-0.6893623726289302,1.2404204545463533,-0.020868237393410104,-1.1956619285194852
5451126.61776656,19.575443374499134,-0.6914054922870614,1.2417701736235176,-0.02070824265505481,-1.186494905267427
5451126.71798128,19.583318376131196,-0.6955593841702216,1.232494604684595,-0.019484987780485574,-1.1164075636858048
5451126.817836992,19.59076502486125,-0.6938713698142378,1.2212705087075655,-0.018747772996494255,-1.0741682679684534
5451126.918048896,19.587135319811075,-0.6889051079858248,1.2336542294863646,-0.018753357562364983,-1.074488240023259
5451127.017953088,19.579382184949868,-0.6862946856923324,1.2358551393905788,-0.01939897093211344,-1.1114791613070647
5451127.117869728,19.575268501600874,-0.6874387204568807,1.2438081459665662,-0.02033105309161579,-1.164883535205989
5451127.217961408,19.576048473246516,-0.6863803127043937,1.2388405898126187,-0.01954812895888517,-1.1200252867215843
5451127.317942912,19.57420326799182,-0.6843563702184056,1.2358113419447865,-0.01827314234252496,-1.0469739346684788
5451127.417997472,19.57299031618346,-0.6869122909902619,1.2328628377394961,-0.017544976894028202,-1.0052531276823637
5451127.517914432,19.580556131530674,-0.6885569064795702,1.2289461894241784,-0.01810551886420986,-1.0373698168137209
5451127.617861408,19.584278892808104,-0.6912255782776991,1.2291491264227796,-0.020355008061591733,-1.166256053883973
5451127.71784224,19.583439555444222,-0.6915057701998452,1.2269469647271425,-0.021506986107769653,-1.2322595340216946
5451127.817865408,19.584249052731867,-0.6947143799785388,1.2374156516277197,-0.02202518087280801,-1.261949907024166
5451127.918011744,19.57705451486182,-0.6896490961438675,1.2407842526136126,-0.020555604585134106,-1.1777493880679477
5451128.017847008,19.571746580714773,-0.681134640332384,1.2326701913935785,-0.018221441438162952,-1.0440116910515262
5451128.117932736,19.5740162836961,-0.6805939382530185,1.232742302066227,-0.017998649881111006,-1.0312466751213016
5451128.217917024,19.580150318176383,-0.6848214705429467,1.236634332717048,-0.01938024398639913,-1.1104061863544643
5451128.318058528,19.576175080116393,-0.6903187437440481,1.2376656317645611,-0.02067095610765532,-1.1843585434688215
5451128.417902784,19.57646422970719,-0.6877807143963731,1.2399958402767233,-0.019681320703809523,-1.1276566115717326
5451128.51792288,19.58417766408868,-0.685502906040338,1.226294846453453,-0.01874140171794141,-1.0738032205972732
5451128.617863648,19.583034058472013,-0.6874031377036934,1.222753105591956,-0.01807620919265772,-1.0356904963348685
5451128.717942784,19.584975799564475,-0.6860429408673917,1.225915190797357,-0.018122665542093314,-1.038352249089113
5451128.817854848,19.577993133915264,-0.6868795472041312,1.2339573317127996,-0.018566191349088476,-1.0637644059350697
5451128.917824832,19.577589367437845,-0.6851844373038227,1.2361431143322141,-0.019587532547411312,-1.1222829460418022
5451129.01791328,19.57595436983199,-0.6856725461744232,1.2392002032722842,-0.01992413533704859,-1.1415688652603482
5451129.117893152,19.578540886585014,-0.6914395976978296,1.2383188000235077,-0.02043905611614626,-1.1710716526862328
5451129.218014368,19.580630492417768,-0.692380826669041,1.2322665224855334,-0.02115438363416928,-1.2120569004385202
5451129.3176872,19.574711420566864,-0.6921458442141337,1.2327948905454447,-0.02156578549775016,-1.2356284909055215
5451129.417790432,19.568120165668947,-0.6891548237756491,1.2306498872556686,-0.020561677292532894,-1.1780973285721161
5451129.51702752,19.57639756107813,-0.6857906394868396,1.2314585586226332,-0.019074207244359282,-1.092871572659647
5451129.617939456,19.585928646655464,-0.6883314185927529,1.2342704880012496,-0.018228011701592765,-1.0443881394163437
5451129.717870752,19.587718097068144,-0.6860849881463625,1.2326467603492879,-0.018126250231551823,-1.0385576366659506
5451129.817984864,19.585988632107625,-0.6829974796478444,1.2270254248522336,-0.018377565050135915,-1.052956915099915
5451130.017932448,19.573785512019995,-0.685635986518309,1.2192703767349216,-0.019725393565099825,-1.1301818005147324
5451130.117994688,19.566461683073815,-0.6882800942704945,1.2349547841704709,-0.02122399361124182,-1.2160452583367793
5451130.217909472,19.573517796981303,-0.6888382093591581,1.2471274056772756,-0.020098266313448392,-1.151545835290549
5451130.317844,19.577431062454536,-0.6855616231420539,1.2537789735527651,-0.018756173378561863,-1.0746495744072249
5451130.418481952,19.580520480355453,-0.6874427607528055,1.237732729992927,-0.01892621633540493,-1.0843923181702577
5451130.517945472,19.57506412557786,-0.6841928787442436,1.2276032757088944,-0.01874797548244255,-1.0741798695587017
5451130.617897504,19.571177865345252,-0.6807987127187615,1.2202773899603379,-0.01876599697676314,-1.0752124251237902
5451130.71771936,19.570223198785197,-0.6855590542667881,1.2241713406453087,-0.01986409408742522,-1.1381287550602375
5451130.817814368,19.571431670586016,-0.689027266890879,1.235088767678592,-0.020272182124945512,-1.1615104772799267
5451130.917867808,19.566745502399545,-0.6894396946587203,1.2403540985373855,-0.020676414591231835,-1.1846712915402975
5451131.017890976,19.56762990239853,-0.683355036939444,1.2366223025710033,-0.0195004290391688,-1.1172922826387233
5451131.117741024,19.573149111166074,-0.6865457226382237,1.2257884205024927,-0.019221984280266908,-1.1013385731261072
5451131.21790624,19.57814459797851,-0.6842427885874641,1.2252257077875879,-0.018516251525242288,-1.0609030647990565
5451131.317722336,19.572733679407822,-0.6875374846920549,1.226063312000403,-0.019272613251772767,-1.104239399514481
5451131.41797776,19.576591766962213,-0.6849782667022257,1.2278379406060882,-0.018381002027815948,-1.0531538394152615
5451131.51790784,19.571209088454214,-0.6791161349232219,1.2297870695700988,-0.017242656887870845,-0.9879314672671782
5451131.617826496,19.573983666172428,-0.6839263828651433,1.2348238365430602,-0.01877861558697472,-1.0759354182322345
5451131.730819264,19.57340219445714,-0.6895943341013404,1.237354034775698,-0.019983163775058967,-1.1449509456295923
5451131.817940896,19.567860517681574,-0.6885941747154142,1.242986657783742,-0.019895414387538602,-1.1399232760698175
5451131.917946208,19.568425370770473,-0.6853234452155456,1.2433679475689106,-0.019823580809806875,-1.1358075152384646
5451132.017806272,19.56619242912619,-0.6827682338018715,1.2429549839553184,-0.018633215874152575,-1.0676046283451115
5451132.11843968,19.564805145330048,-0.6823726243636276,1.2392409254378498,-0.0178647334894219,-1.023573831069895
5451132.216551872,19.574737511951593,-0.6842713378690888,1.2293180008489422,-0.018113214340197328,-1.037810735109147
5451132.317687392,19.57486808839078,-0.6838346112932957,1.2259785778969323,-0.01933204585398997,-1.1076446367870068
5451132.417824064,19.577719791249574,-0.6910606815708568,1.2243409645094134,-0.0209845044255046,-1.202323538755012
5451132.51786064,19.573809869993244,-0.6967730507120042,1.2281472269402174,-0.021989650679309917,-1.259914176891442
5451132.617929792,19.571513160615247,-0.6900393301817842,1.232402162709967,-0.020236149914176656,-1.1594459836763455
5451132.717873536,19.56496104910884,-0.6818626622975732,1.2298856131293037,-0.018524186889237595,-1.0613577276648876
5451132.817905056,19.56997883326931,-0.6806309786125515,1.2300837342252553,-0.018213094586338695,-1.0435334516697752
5451132.91788224,19.572530903573178,-0.6863691485958083,1.232027414195594,-0.019456206224005353,-1.1147585019716706
5451133.017788576,19.57166112379427,-0.6874408379517237,1.235457778762901,-0.019734342086046474,-1.1306945129978598
5451133.117888928,19.570629023287772,-0.6878077309611045,1.2423536179685262,-0.019211059587349668,-1.1007126343294729
5451133.2177464,19.58062134644754,-0.6894767034772349,1.2415940449810987,-0.0199073783172767,-1.1406087587502016
5451133.317788768,19.579934622905093,-0.6824301139900268,1.2333697675693172,-0.019552152700249157,-1.1202558301195928
5451133.417764512,19.57331425883007,-0.679325267142825,1.2317335576828523,-0.01835099438155704,-1.0514345279315045
5451133.517871584,19.567979269729285,-0.6851487739193808,1.2330840959092266,-0.017562097142648402,-1.0062340456725158
5451133.61785952,19.573465602306864,-0.6890573640453662,1.227858084915495,-0.019441477161441355,-1.1139145888505695
5451133.717853568,19.574376257308582,-0.6831149941782875,1.227088597557599,-0.018154023307666307,-1.0401489167114062
5451133.817779456,19.568686060894247,-0.6865502974626625,1.2215242828918964,-0.019481673772870547,-1.1162176850361896
5451133.917950848,19.569218449278747,-0.6887072564994546,1.2298658773387896,-0.020759436670400956,-1.189428106283089
5451134.017934112,19.569176536910607,-0.6866086894374248,1.233578995839892,-0.020054318021891972,-1.1490277836675558
5451134.1178096,19.570327730430165,-0.6856380133388613,1.225501598302563,-0.01910406606186479,-1.0945823568839639
5451134.217656032,19.57147875023333,-0.6840546512522908,1.2235181401740638,-0.01893909380648015,-1.0851301429136697
5451134.317919584,19.578209812692933,-0.6894997507560268,1.2266542619222158,-0.018995449554009655,-1.0883590893984152
5451134.417985856,19.580996864090466,-0.6890390958374006,1.2425461669376863,-0.019117395342858275,-1.0953460684288345
5451134.517742464,19.574396556744862,-0.689457077668872,1.247969642997865,-0.02023143265500828,-1.159175704635128
5451134.617720032,19.573716783203196,-0.6859796551387297,1.2434564678767777,-0.02038586636142519,-1.1680241042273796
5451134.717883808,19.58025435350284,-0.6855789689768234,1.2392452314982694,-0.02043020689395345,-1.1705646296026113
5451134.817887488,19.57475755328605,-0.6863337795844299,1.228217684987781,-0.020160663596274015,-1.1551209362495414
5451134.917783648,19.57069158992388,-0.6930561699518398,1.223800018627032,-0.020311091991696506,-1.1637398484261752
5451135.017779872,19.579867140804563,-0.6959277533223108,1.2221860704797578,-0.020487536612624334,-1.1738493805231254
5451135.117679648,19.574404282138914,-0.6895546985190304,1.2310788563037462,-0.020716484154031857,-1.186967108375673
5451135.217800544,19.571563453041414,-0.68086309817078,1.2352217330821003,-0.019730787288232614,-1.1304908380861034
5451135.324751264,19.56825195487533,-0.6794106538855957,1.2325628952498298,-0.01856090040751216,-1.0634612573130966
5451135.417748832,19.56935111246606,-0.686669966047631,1.2315031155797223,-0.019034783378195815,-1.0906127515163917
5451135.5176968,19.57168061988541,-0.691520687191303,1.239308658016535,-0.020389204882451148,-1.1682153873919825
5451135.617717504,19.576692005312367,-0.6932211722537837,1.2379566890157856,-0.021202570610794686,-1.2148178108266516
5451135.717697632,19.584727308542885,-0.6858442656377257,1.2260434774225621,-0.020438055091776743,-1.1710142982146698
5451135.817862944,19.57748434567169,-0.6845054752124273,1.2253645893568121,-0.019801681550500456,-1.1345527801057442
5451135.917774944,19.566968724246465,-0.6860565393936823,1.2385605886548017,-0.018770323513476506,-1.0754603174173747
5451136.017543232,19.562793429888526,-0.6884708785919955,1.2467373664044814,-0.01903815642530817,-1.0908060128800285
5451136.117765024,19.561912505536082,-0.6867891017989204,1.2453206154919452,-0.019692719274747656,-1.128309701578968
5451136.217788768,19.573928082478666,-0.685578572884748,1.2321649454746735,-0.020324727721252978,-1.1645211181803428
5451136.317702944,19.583925857389563,-0.6852411787056566,1.2385117739928315,-0.02056062735685368,-1.178037171688937
5451136.417819744,19.587589848186504,-0.6850781178859943,1.236233080215756,-0.01982448180574501,-1.1358591385030783
5451136.517848672,19.581952541990585,-0.6879338539259762,1.241060358375614,-0.01951615540608957,-1.1181933370903576
5451136.6179088,19.57535279640855,-0.6866637241923187,1.2262074246687806,-0.01873545382967269,-1.0734624317024604
5451136.717788544,19.573694652401553,-0.6863818445299903,1.2235236148649815,-0.019282675965153706,-1.1048159505216586
5451136.817757088,19.578315877091075,-0.6822821246743078,1.2309173342115798,-0.019675253242997334,-1.1273089716748332
5451136.917783904,19.57611477414021,-0.6819248491472938,1.239725407543645,-0.019630674148778445,-1.1247547777215747
5451137.01781232,19.580342046528163,-0.6818325808342831,1.2404370183778746,-0.018270671043386005,-1.0468323396579022
5451137.117815232,19.583718189997835,-0.6816081737989196,1.2399617290680043,-0.01739843664354551,-0.9968569898009155
5451137.217640992,19.579128295440267,-0.6878380591941751,1.228445879390114,-0.018911583055166294,-1.0835538929721518
5451137.31762688,19.568237894432706,-0.6912025806494194,1.2271346384763442,-0.020930206754599983,-1.199212511374787
5451137.417701952,19.563805997811475,-0.6958317689773575,1.2288540412025806,-0.022762881133489232,-1.3042170185069004
5451137.517708864,19.567712261925674,-0.690725901963697,1.2379258354921405,-0.020827430948611756,-1.1933238914556061
5451137.617656576,19.57410700210693,-0.6847711033507724,1.2414328239149042,-0.018784039551225457,-1.0762461884920316
5451137.717695616,19.5746755126864,-0.6824885571655276,1.2352183168187394,-0.018169917347979035,-1.0410595781407364
5451137.817790688,19.577736342383744,-0.6832768524250891,1.2320830854676939,-0.018826236066199174,-1.078663870710186
5451137.917842368,19.576225645926232,-0.689508239445087,1.2304066307800459,-0.02085002524570657,-1.1946184493202037
5451138.017708832,19.569878672880378,-0.6935840732923382,1.2329355349115807,-0.022110922174867053,-1.2668625217621052
5451138.117738336,19.574919736197657,-0.6916829585023022,1.229497053292045,-0.020823596286270906,-1.1931041814876178
5451138.217774688,19.571427823490332,-0.6854728840076186,1.2294233327838286,-0.018649270557703636,-1.0685244939540053
5451138.317604512,19.57076661770583,-0.6847365303375827,1.2291627824457625,-0.018590580405482095,-1.0651617959327306
5451138.417661312,19.5631470315511,-0.6882490496837078,1.2294482099095736,-0.0196577073036275,-1.1263036634013495
5451138.517603776,19.554973475092414,-0.6876170072652417,1.2392779870586876,-0.01993661045990715,-1.1422836371490508
5451138.617661824,19.57307152631995,-0.6835661631355533,1.2389689499027725,-0.019937545609381005,-1.1423372172671167
5451138.717600288,19.59277328881719,-0.686082651468191,1.2288711546055433,-0.02031375859240319,-1.1638926333923147
5451138.81777568,19.590675171103072,-0.6872093321319742,1.2220748165435562,-0.01932759457268717,-1.1073895971549306
5451138.91777456,19.58141665548336,-0.6835317939782292,1.229087896803102,-0.01806578457099724,-1.0350932095107024
5451139.0175888,19.561633654416312,-0.6823216665895834,1.240162582374476,-0.01844894880582508,-1.0570469030266971
5451139.117746304,19.5589926586724,-0.6863294341257928,1.249986448521144,-0.020310228274970425,-1.1636903611030758
5451139.217681696,19.577658131384904,-0.6905103852924735,1.2350693844533152,-0.021297131164197004,-1.2202357314450258
5451139.41772816,19.584632782887674,-0.6836781820890465,1.2267944341228176,-0.018600022578098608,-1.0657027925730909
5451139.517745792,19.579171694779106,-0.6833030044715104,1.2351479009718325,-0.017923653809716167,-1.0269497167503154
5451139.617582144,19.5677597905674,-0.6868641654938207,1.2472819064628144,-0.01912268638202029,-1.0956492226420564
5451139.71774272,19.564234468190417,-0.6922861435953921,1.2377732059885915,-0.021741018709341586,-1.2456686143602331
5451139.817708896,19.566387816013687,-0.6900166145142852,1.228199003395645,-0.02160392957039923,-1.2378139852817536
5451139.917588256,19.571985089701226,-0.6844725098530032,1.2118060430966449,-0.019373832496943487,-1.1100388350682633
5451140.017718656,19.574753985698546,-0.6841411966018219,1.2087632805901751,-0.018597311464104774,-1.0655474571834653
5451140.117728928,19.577487475011896,-0.6835027210475983,1.2234456869705819,-0.01877782765183385,-1.0758902728741326
5451140.217759712,19.578052461168586,-0.6836500184668017,1.2453569307158836,-0.019500573626851755,-1.1173005669027263
5451140.317714144,19.575775016453264,-0.6875803515750321,1.2545213160206037,-0.019926141877941728,-1.1416838315849454
5451140.417658656,19.5759518980505,-0.6884428552849616,1.241512887582344,-0.01994601183842088,-1.1428222964594925
5451140.517549184,19.571391432107,-0.6878777097846813,1.2315421040762018,-0.02002497912954165,-1.1473467889602935
5451140.617669952,19.57242229843375,-0.6839635923554255,1.229260915938408,-0.020004065479979388,-1.1461485251061603
5451140.717726816,19.574225306402237,-0.6837364546424527,1.2212427551968454,-0.020013862027118124,-1.146709825911011
5451140.81755408,19.57207794932705,-0.6847109214841061,1.2236972899200296,-0.019752009506945573,-1.1317067816502595
5451140.917675808,19.568763062939492,-0.684721567495915,1.2368294467289935,-0.019016543893809863,-1.089567706040582
5451141.017590016,19.57106231577966,-0.6835674074027481,1.2326140023759489,-0.01850580151325873,-1.0603043232165374
5451141.11762896,19.571270243507957,-0.6905159249428451,1.2387748727451964,-0.02092326669882801,-1.1988148754694674
5451141.217662528,19.5768438292548,-0.6872322854705534,1.2334003392812232,-0.020180925886788652,-1.156281879979298
5451141.317675104,19.58183597902039,-0.6866408109021074,1.2278859099310064,-0.01975608760920703,-1.1319404396982637
5451141.517645216,19.56755165474874,-0.685779819704807,1.2306801556545233,-0.02008947784764375,-1.1510422932915478
5451141.717628384,19.56507147213442,-0.6854515680931674,1.243148298855345,-0.019523472654295323,-1.1186125845301969
5451141.817663712,19.570662888197294,-0.686627628854496,1.2336060180578894,-0.020729167454119363,-1.1876938079409851
5451141.917676448,19.58094279576734,-0.6919816238631966,1.2305092548265002,-0.021714856635872873,-1.2441696379671647
5451142.017702656,19.58935428260097,-0.6926349619385536,1.219926093303465,-0.021002712998449885,-1.2033668131357327
5451142.117677216,19.584367301859114,-0.6914824995027782,1.224161247351236,-0.01948675603771856,-1.1165088773623482
5451142.217508192,19.574071388309154,-0.6866458428482629,1.2362087981205883,-0.01900630602384064,-1.0889811193001415
5451142.317555584,19.569159166020405,-0.6832813188358907,1.2420938588374384,-0.019468052454934028,-1.115437241007021
5451142.417652672,19.571961736662473,-0.6875701472014685,1.243701570594901,-0.020631599789599574,-1.1821035925470529
5451142.5176376,19.580960885978662,-0.6858189137168503,1.2291927098976847,-0.019844600370500155,-1.1370118473534088
5451142.617577152,19.57772495362301,-0.6873530761758276,1.2230258572967754,-0.01969368109384385,-1.1283648097538352
5451142.717479168,19.57704295523172,-0.6868712602278507,1.2253278946996933,-0.020090040397537354,-1.1510745250262169
5451142.817634048,19.576327264839108,-0.6894003741137757,1.2286996961657493,-0.020807757779992227,-1.192196701924058
5451142.917617088,19.577420521255902,-0.6886247515911071,1.2320341614900574,-0.020696258194738387,-1.1858082462715538
5451143.017688512,19.56881273288565,-0.6825872036743997,1.2425630536557142,-0.01914725639401471,-1.0970569806319226
5451143.11751568,19.562780917027137,-0.6812216276376833,1.2391008978403335,-0.01821906119341203,-1.0438753130730902
5451143.217506336,19.572966877676127,-0.6854772812345269,1.2264524409568307,-0.019424238472308047,-1.112926884718893
5451143.317570656,19.575297440586358,-0.6850363138474457,1.2299796851624178,-0.019835537724808505,-1.1364925960040546
5451143.417498016,19.577866994549222,-0.6825175332076483,1.230281044994218,-0.018599023681934133,-1.0656455600386947
5451143.517347968,19.57686626843305,-0.6859351606908801,1.2326771782921635,-0.020565027150668293,-1.1782892613052423
5451143.617570304,19.578174617902217,-0.6846600665298106,1.2425963524349788,-0.02049490301015953,-1.1742714440121078
5451143.717502048,19.583617011598523,-0.6878413486847524,1.2468376123895364,-0.020349252157741807,-1.1659262648860893
5451143.817565376,19.57839542893257,-0.691930493540417,1.2440927901524805,-0.020557131750112874,-1.1778368881758514
5451143.91756176,19.57559004234559,-0.6863325710746359,1.2309886858577312,-0.01892334359754023,-1.0842277224149632
5451144.017481632,19.56862258097932,-0.6825909602592372,1.2236578203453652,-0.01900330885158435,-1.0888093939793826
5451144.1174664,19.574257613644665,-0.6822012772557251,1.2241978044439148,-0.01896271823787429,-1.0864837231259503
5451144.21765856,19.582003473175433,-0.6889148410582882,1.2321031325262617,-0.019527635911507506,-1.1188511215974823
5451144.417475968,19.57581372154019,-0.685951145734909,1.2433009469645673,-0.01995589834620872,-1.143388751629859
5451144.517498336,19.57195922520366,-0.6829111788812551,1.2450890214811172,-0.0196154645818448,-1.1238833337280552
5451144.61746624,19.578997778140508,-0.6846627098469023,1.230806055344559,-0.019131346626111538,-1.0961454180780381
5451144.717507744,19.57735203024175,-0.6872609861713597,1.2174147938918753,-0.01920268566011936,-1.1002328436412265
5451144.817538144,19.569654493986025,-0.6922574632300782,1.2266399600398714,-0.020449051433357134,-1.1716443421773104
5451144.917490912,19.56456461679616,-0.6898791534783489,1.2338426574241388,-0.020639529370840765,-1.182557924085479
5451145.017504896,19.55931912974651,-0.6786933248704078,1.2404432262456624,-0.018600009436580873,-1.0657020396195882
5451145.117597984,19.568838510799246,-0.6768633196198724,1.2318686174268998,-0.018413381595405582,-1.0550090519806063
5451145.218232448,19.57949365373423,-0.6808198581342073,1.2354904699084808,-0.018789915278849028,-1.0765828428864306
5451145.317601216,19.589749276272237,-0.6893934089172379,1.2335916999183987,-0.01977040934474911,-1.1327610147001275
5451145.417464352,19.581645555271987,-0.6885709737353987,1.2259555826288682,-0.020340365797157044,-1.165417113929351
5451145.517450912,19.569455340456674,-0.6854375675974039,1.2279084398738518,-0.01949596652661368,-1.1170365995032907
5451145.617516672,19.56032210735042,-0.6871088093930019,1.2324356277038626,-0.019862073390768724,-1.1380129776701442
5451145.717448256,19.56942592181538,-0.6875818361202197,1.2314628096964861,-0.020144190083525252,-1.1541770734952823
5451145.81762688,19.58485824850594,-0.686002826761649,1.2346693741433676,-0.020283727879344966,-1.16217200027831
5451145.9174144,19.585617842275585,-0.6838863509073883,1.2339999877540466,-0.02044587643851212,-1.1714624283727153
5451146.017488704,19.582600019728304,-0.6844546239831366,1.2445415668629534,-0.019847062036631707,-1.1371528904333168
5451146.117562656,19.569770810849302,-0.6874121954040838,1.2403243946827274,-0.01888674552966726,-1.0821308075875087
5451146.217563264,19.55896884485078,-0.6892797149817232,1.2325156623747002,-0.019662506836897548,-1.1265786564013556
5451146.317416256,19.563919305321914,-0.6886778423820764,1.2273898822994571,-0.02012747112751208,-1.1532191478778626
5451146.417533024,19.57163266409371,-0.6893741622747928,1.2317832051125792,-0.02030819774806661,-1.1635740204812994
5451146.517503712,19.578884337509816,-0.6822488976124931,1.2277212790629495,-0.019382911510108142,-1.1105590242047416
5451146.617594976,19.578062463024164,-0.6830078171933694,1.2254603693285604,-0.01953247575275815,-1.1191284240746577
5451146.71763328,19.57606193258285,-0.6836065132211181,1.2272270828359442,-0.019764666845013188,-1.132431993701404
5451146.81768064,19.567576866747483,-0.6817441854837506,1.2357067119895722,-0.019685475043405485,-1.1278946376972454
5451146.917736544,19.571918440894898,-0.6872513888205323,1.2333163594104941,-0.020092400003979008,-1.1512097205166356
5451147.017443808,19.57659381609378,-0.6915397109259794,1.2332728109871247,-0.020444212090731995,-1.171367068269272
5451147.117379584,19.57299239608872,-0.6888936659706496,1.2345929540931493,-0.019644325382107336,-1.1255369357764686
5451147.217432448,19.56470512313224,-0.6813318207857977,1.2352870991506844,-0.01870440933849516,-1.0716837133808568
5451147.317393088,19.567558453414236,-0.6794737033477117,1.2227651585222095,-0.0189074046874523,-1.083314490136886
5451147.417389248,19.571439486637804,-0.6818121263368347,1.2183180176698567,-0.018823940801250435,-1.0785323617157592
5451147.517536864,19.584604798715887,-0.6859396681505354,1.2262517251031593,-0.01973333470755234,-1.130636794461774
5451147.617527584,19.582777192506896,-0.6891492690858343,1.2295430284683475,-0.02023904531591193,-1.1596118779757714
5451147.717524224,19.578309183532248,-0.6912451429026395,1.2370631169161452,-0.020721675143425988,-1.187264530159454
5451147.817504672,19.565732537344186,-0.6892814676798442,1.243709947434808,-0.0212848182326028,-1.2195302524312446
5451147.917462336,19.571611617867926,-0.6834926094378717,1.2380886734029934,-0.020073054561381757,-1.1501013083030005
5451148.017374176,19.5734983222422,-0.6779634588485743,1.2269261173853678,-0.01826632846285776,-1.0465835281214382
5451148.11751552,19.576453347858642,-0.6823635586672969,1.225377287552847,-0.017843204970564065,-1.0223403378001732
5451148.21745824,19.576868856907225,-0.6832820910709542,1.2167093662779307,-0.017575166248586818,-1.0069828502847964
5451148.317380256,19.576617768527807,-0.6812437224781203,1.2180274613283213,-0.017413122450848455,-0.9976984245781167
5451148.417478304,19.578136929878788,-0.6834982175587607,1.2298461345484974,-0.019168184640126394,-1.0982560808067332
5451148.51746848,19.576285766944256,-0.6872986028622814,1.2417502986688906,-0.02047017270146916,-1.1728545016980936
5451148.617390496,19.577798837118642,-0.6935195969479442,1.2415989574528263,-0.02088928904334898,-1.1968680992127694
5451148.717482848,19.574758623371462,-0.6903287370218624,1.2359448459761029,-0.020088799327150044,-1.1510034169309455
5451148.817368384,19.570127508506403,-0.6838211813332775,1.2322766568093508,-0.019428040011095382,-1.1131446968470624
5451148.91745568,19.571208904877505,-0.6811920026546637,1.2206635817824874,-0.019381778251660983,-1.1104940932786218
5451149.01746352,19.575913574371643,-0.6876882140677889,1.2174120253054204,-0.019796929195934957,-1.1342804902463914
5451149.117391648,19.57841667971665,-0.6902320643569586,1.2305476440399516,-0.01965863526083423,-1.1263568314328636
5451149.217347968,19.573747167266305,-0.6845806233823323,1.2382192942992005,-0.019875723719752138,-1.1387950839098588
5451149.317499744,19.56453493089191,-0.6848617524200388,1.2406507618315676,-0.02085228265047678,-1.1947477890861895
5451149.417401696,19.560871196917926,-0.6911705996585545,1.2388446613146311,-0.020653384076147342,-1.1833517402259435
5451149.517372064,19.56255245916854,-0.6899565724557752,1.229009279787329,-0.0203368923674989,-1.1652181010695037
5451149.61744768,19.574235474955096,-0.6823941429669943,1.2241826092869708,-0.019192775518576403,-1.0996650343564378
5451149.71734768,19.583805746337404,-0.6806852144436661,1.2252218534985266,-0.018453543611232578,-1.0573101659842308
5451149.817517056,19.580725965977358,-0.6869283000292965,1.2395830958442873,-0.019783633357533584,-1.1335186948209048
5451149.917484928,19.579216043122276,-0.6921623105222934,1.248491156737829,-0.021343969474855194,-1.2229193689652627
5451150.017422112,19.569433762722195,-0.6912964006255877,1.2437951202836068,-0.021569453651332532,-1.2358386606243972
5451150.117326944,19.566173600019532,-0.6923526035386985,1.2343535487671793,-0.021463859468647584,-1.2297885596154163
5451150.217367712,19.561114911195556,-0.6900448394576348,1.227851629096844,-0.02072402008516576,-1.187398885424347
5451150.317473664,19.572112008380568,-0.679870681548318,1.2247245080114166,-0.01786786548927729,-1.0237532814430443
5451150.417493024,19.57189138048226,-0.6808857362781253,1.2225806611673635,-0.018156306455664465,-1.0402797314557044
5451150.517295584,19.57136971079616,-0.6835202671932313,1.2245326366309792,-0.019448700331875176,-1.1143284460311311
5451150.617312928,19.567956278691373,-0.6897180957841502,1.2283511003985448,-0.020378423896510487,-1.1675976823985927
5451150.717292288,19.56714827062573,-0.6882324721664048,1.2272126787459374,-0.02028527717283584,-1.1622607682565642
5451150.817349792,19.568198835479347,-0.6851752098773005,1.2393793977454377,-0.019345295633687885,-1.1084037932431752
5451150.917451328,19.570645570091184,-0.6852818126369645,1.248648496708586,-0.02017030392215257,-1.1556732862355132
5451151.017467136,19.57371807770686,-0.6861552952333783,1.2371411111123938,-0.020646228450036816,-1.1829417530500368
5451151.1173168,19.57527477350025,-0.6889094163025383,1.2184221771097286,-0.02107819985830345,-1.2076918916140376
5451151.217391488,19.578666061992276,-0.6860621324332161,1.2117511094722455,-0.019739033064456995,-1.1309632862625696
5451151.317344896,19.58265751995344,-0.6818104060424062,1.2205408941053593,-0.018439631343966548,-1.0565130517864292
5451151.417497056,19.579163088329963,-0.6832940889423708,1.2419843484258575,-0.018422659123227412,-1.0555406151691122
5451151.51745456,19.57305645144294,-0.6856244442112496,1.2489929888513378,-0.018592625046608986,-1.0652789452399203
5451151.617450208,19.56791798335822,-0.6847325559674761,1.2382149531185438,-0.01897257141511969,-1.087048268596906
5451151.717300256,19.574455538134274,-0.689709522816807,1.2260450140989525,-0.02112023969111667,-1.2101005966056706
5451151.817449312,19.576170784904665,-0.6920190545032702,1.219826643110235,-0.02209296296469899,-1.265833534816087
5451151.91728624,19.5798244512802,-0.6911002838889821,1.2292577964097982,-0.0215142232760068,-1.2326741932173093
5451152.01748176,19.582799484977414,-0.690521391763507,1.233575217175605,-0.02031679465228661,-1.1640665868099835
5451152.117449792,19.576864379424194,-0.6860616663631314,1.2340671510658747,-0.018557127501279903,-1.0632450857094895
5451152.21728336,19.57568927579576,-0.684207427872229,1.2325523322923684,-0.017824869756191443,-1.0212898074001544
5451152.317375552,19.577315852194474,-0.6831341455963372,1.2325814263307733,-0.018623126098518076,-1.0670265267850207
5451152.417333536,19.5789884737339,-0.6895430716516396,1.228962468409423,-0.020658595948170516,-1.1836503584962337
5451152.517420768,19.58006462048141,-0.6968618591501837,1.2264745672402817,-0.022357944788022843,-1.281015874940225
5451152.617348384,19.582631044317132,-0.6926526007991224,1.2204775320861248,-0.02207014652767149,-1.264526249270885
5451152.71735504,19.58143961392564,-0.6841750163652667,1.2201597160213487,-0.018981448796865436,-1.0875569051040637
5451152.817315104,19.57811134090341,-0.6814150398180974,1.2252053560155804,-0.01837543698628243,-1.052834986022576
5451152.917255744,19.575780383781698,-0.6819322771717848,1.2338044867774487,-0.018496269527598724,-1.0597581806678398
5451153.017429376,19.574482132117755,-0.6877398232636703,1.2376699982994617,-0.02085542556328353,-1.1949278647253938
5451153.117431968,19.58000839192522,-0.6882901289063221,1.2369420708118428,-0.020964390745563617,-1.2011711097839166
5451153.317407456,19.574216663896795,-0.6869493104167684,1.2342664632852127,-0.020323226792008996,-1.164435121269315
5451153.417376608,19.570117355771433,-0.6846088007177029,1.2275526910043415,-0.01963419558398273,-1.1249565410966091
5451153.5173472,19.56963973197641,-0.6864092732634415,1.2217655125481062,-0.019753255625442247,-1.131778178980892
5451153.617370432,19.576655473228616,-0.6865990946747647,1.2321125197006435,-0.02009681417155155,-1.1514626336886058
5451153.717351872,19.580482325494426,-0.6873749088144365,1.241974696170532,-0.020570120927385596,-1.1785811132129256
5451153.81741888,19.57652335456791,-0.6865785670943456,1.2447838304562566,-0.02029922422050966,-1.163059875224942
5451153.917275936,19.56737727011124,-0.6797737974492121,1.2443229092493568,-0.019364306639497675,-1.109493043640375
5451154.017428288,19.569131881697924,-0.6818314093056153,1.2344873935909964,-0.019663452546817485,-1.1266328415884117
5451154.217388256,19.570888911114228,-0.683509631726334,1.2227332190287665,-0.019978041651322963,-1.1446574695573755
5451154.317207616,19.577717276703087,-0.6889058094961688,1.2291976088258327,-0.020445289863053086,-1.1714288200745466
5451154.41729264,19.583352593532172,-0.6895675533681331,1.236841315883284,-0.020647319657508916,-1.1830042746327614
5451154.517205984,19.57102286381976,-0.6897442381751429,1.2352257993945575,-0.021018429319473057,-1.2042672919998332
5451154.617202944,19.56420779241116,-0.6860124108495662,1.2370988531338611,-0.01997609160873978,-1.1445457403474883
5451154.717366112,19.56951774135168,-0.6889594676318765,1.234724817970525,-0.02012911426434995,-1.1533132926838352
5451154.817310784,19.57580942192299,-0.6861470231671738,1.2311839263413842,-0.019722979290964747,-1.1300434727962048
5451154.917336064,19.585245022009524,-0.6839668888431899,1.2230479059194106,-0.019594643191363233,-1.1226903559298675
5451155.017324512,19.584855619019756,-0.6866167034301052,1.2180332568227454,-0.020008733578085386,-1.146415987425987
5451155.117283264,19.576852319680782,-0.6850638037746147,1.2222883544751095,-0.019320633766581472,-1.1069907723430652
5451155.31733072,19.564521267229438,-0.6780315866441233,1.2435058631334286,-0.01853492012771871,-1.061972696930363
5451155.41794704,19.573874800904417,-0.6853520240373495,1.2366383884922598,-0.019558870606704044,-1.1206407378066217
5451155.517266688,19.5831145067835,-0.6878645750984509,1.2288835256107675,-0.02043368742073148,-1.1707640490974747
5451155.617354976,19.57819419255253,-0.6876439490758822,1.2348827401064773,-0.020354850199553763,-1.1662470090554522
5451155.717276,19.568715567799234,-0.681611906342867,1.248953662427303,-0.018917614320621397,-1.0838994590278521
5451155.817240672,19.567930580172685,-0.6800169514849073,1.2417120446929826,-0.018119985801421896,-1.0381987112584512
5451155.917208064,19.57809565540552,-0.680786835153001,1.2267084316650994,-0.018503436720759627,-1.0601688305869146
5451156.017438656,19.586938774885432,-0.6852492588369173,1.226167867265603,-0.019846570393848247,-1.1371247213767965
5451156.117329888,19.577018454062884,-0.6921034008805175,1.2281794045084709,-0.02170557716111082,-1.2436379632272008
5451156.21728224,19.57718889496391,-0.6889819609501858,1.2229526917574565,-0.02077552899410556,-1.190350128513921
5451156.317904256,19.578029114722213,-0.6877057106150084,1.225631563150208,-0.01950187030583095,-1.1173748611356173
5451156.417327424,19.586966882923882,-0.6862522658550078,1.2361478020793915,-0.01938633338479167,-1.1107550831821305
5451156.517166432,19.590222878574714,-0.6835877975613824,1.2403490303331344,-0.018842153774891082,-1.0795758882377513
5451156.617179872,19.58725897414497,-0.6831652233367158,1.2365231429679657,-0.01902385553788206,-1.0899866323872207
5451156.717176128,19.576583466329772,-0.6883005295994572,1.2289145442084493,-0.02052986245798767,-1.176274472826768
5451156.817202816,19.568737605629355,-0.6908757604789092,1.2279055807932204,-0.021279682420508636,-1.2192359920738767
5451156.91731776,19.570400638638155,-0.6843972909520839,1.2354097339325047,-0.019747345621993158,-1.1314395607263514
5451157.017323296,19.578871042889837,-0.6798815957903378,1.221856692261597,-0.018066839241997642,-1.0351536377078003
5451157.117251488,19.58526291918111,-0.6854977854218582,1.2241117604455687,-0.018870689634249326,-1.0812108725437575
5451157.217881408,19.591188358930864,-0.6903668888971071,1.2292708368915224,-0.019542718580764982,-1.1197152948897275
5451157.317154176,19.581404370630008,-0.6871024193671258,1.2230698758378387,-0.019716154955801972,-1.1296524671933952
5451157.4171944,19.57684719511,-0.685892700946205,1.2291835161246305,-0.019795412063708894,-1.1341935649728747
5451157.51717792,19.57243361612253,-0.685817676950508,1.2382522839663155,-0.020274244209881123,-1.1616286260437347
5451157.617312288,19.57268761120298,-0.6852537367536407,1.2368546281237054,-0.019963412698697478,-1.1438192923132384
5451157.71727472,19.57878272540267,-0.6811393829887297,1.2327374279400494,-0.018945638080450015,-1.0855051021921203
5451157.817262784,19.5794163965383,-0.6808301471358207,1.235891577934185,-0.01916793978856902,-1.0982420518458884
5451157.917256032,19.575165438046636,-0.6829404739259309,1.2380773243298402,-0.019658168505781535,-1.1263300883382779
5451158.01722592,19.57395052820558,-0.6880864311334003,1.2335964001380084,-0.020334667140272426,-1.1650906049409693
5451158.11714704,19.582592502534446,-0.6878940161550003,1.2211352069485584,-0.019750026177701684,-1.1315931452551997
5451158.217143008,19.581180329135222,-0.68308589350676,1.2259646730388964,-0.018974400768430804,-1.087153082820871
5451158.317126016,19.583593846640195,-0.6782231647739788,1.2271443828142283,-0.018261841253712562,-1.0463264299756259
5451158.41721008,19.58214581822295,-0.6808440568986589,1.2314594558405871,-0.019543788608108143,-1.1197766029404543
5451158.517117184,19.57338143053348,-0.687586031326815,1.2325384307110556,-0.020291326436374102,-1.162607365526469
5451158.617248448,19.57092792843952,-0.6841876801367583,1.2351494158454248,-0.01975934273143308,-1.1321269444636155
5451158.71728112,19.572062636924272,-0.6847036693016286,1.2347059235313433,-0.019479767202768603,-1.1161084466160023
5451158.817290912,19.575075532846185,-0.683167284583576,1.2271741423905274,-0.019691183106862475,-1.1282216856425238
5451158.917255264,19.577719793350564,-0.6848836098759751,1.2143198879629404,-0.020138030845997162,-1.153824175179904
5451159.01713712,19.58135291668624,-0.6839113136946486,1.2090102477064462,-0.01972107049547021,-1.1299341068704143
5451159.117111808,19.576791581019705,-0.6830221796425764,1.2229565236883997,-0.019266560633480204,-1.1038926100313136
5451159.21724736,19.56978374380533,-0.6810641503281359,1.232327146010612,-0.01889147030197965,-1.0824015171001689
5451159.317101472,19.579986152154483,-0.6830186854613272,1.244403293276109,-0.018805485718835176,-1.0774749633827987
5451159.417279616,19.583575582602883,-0.6844249692806266,1.243250261242868,-0.01927572642815983,-1.1044177713823395
5451159.517114976,19.584491769849787,-0.6871403428837197,1.2285864667752977,-0.020713106466226785,-1.1867735811199296
5451159.61720464,19.576401034364718,-0.6888738870789384,1.2192985943268642,-0.021191037094200723,-1.2141569890028734
5451159.717098912,19.57641208099851,-0.689022911791842,1.217330712886008,-0.02118675057931173,-1.2139113897909142
5451159.817186624,19.574705226173535,-0.6900816297428594,1.2179382744491414,-0.020853255697561992,-1.1948035405774395
5451159.917189952,19.574916295664785,-0.6844648869336981,1.2345380649938527,-0.01978101364091417,-1.133368596115092
5451160.0172744,19.583146950749963,-0.6806315142079287,1.234583740871774,-0.018335539849548308,-1.0505490484730544
5451160.117200736,19.585208484867543,-0.6826643900054219,1.2313018024613522,-0.01804671522333106,-1.0340006163713626
5451160.217106304,19.57689589764174,-0.6849317728551652,1.2305381407441005,-0.01951060979578995,-1.117875597025365
5451160.317054112,19.572120059213052,-0.6893531935852146,1.2333719292848673,-0.020219889181067534,-1.1585143122974042
5451160.417077056,19.57366607147709,-0.6859072870424334,1.2224925569159504,-0.019671768718499693,-1.1271093231275084
5451160.517302656,19.579710663038927,-0.6834183185141949,1.2219539657626974,-0.01925097324103565,-1.1029995182306265
5451160.617256768,19.582878705920503,-0.6798404347639639,1.2290786129306783,-0.018842380057829552,-1.0795888532951015
5451160.817332864,19.585029291178934,-0.6819830939401402,1.2361357171328844,-0.01927079786539528,-1.1041353855368654
5451160.917124928,19.57865928826699,-0.6892741589301927,1.236457684991495,-0.020707496424155605,-1.1864521493863602
5451161.017072928,19.580222497301172,-0.6951807841239805,1.2372334150769932,-0.02107870803430763,-1.207721007954327
5451161.117082528,19.581989863751055,-0.6929490770865147,1.2353340648554816,-0.020616998254945743,-1.1812669862369742
5451161.217211328,19.585328468202384,-0.6862130845311163,1.2202677793273073,-0.019368746691679286,-1.109747439891199
5451161.317061472,19.582739063032072,-0.6866906153129926,1.2155853505190406,-0.02020304318373561,-1.1575491077485962
5451161.417150784,19.573413557879213,-0.685458598995258,1.2210049440464303,-0.02010765686687644,-1.1520838743692683
5451161.51719536,19.572523774100556,-0.6839762486631943,1.226577953609962,-0.019185248371095066,-1.0992337605739848
5451161.617062528,19.568221186554748,-0.6841398839566255,1.2310803097837697,-0.018681044204257913,-1.0703449898013058
5451161.717156736,19.570149348617456,-0.6879499784821761,1.2291722333726958,-0.019943847599661668,-1.142698294712731
5451161.817362368,19.578344703283122,-0.6919696894569712,1.2278899197794015,-0.021055621187586814,-1.2063982290749586
5451161.917022496,19.58000022996078,-0.6928108314703408,1.2257026349765123,-0.021354018359628107,-1.223495127651564
5451162.117329248,19.567652008130924,-0.6827673674688021,1.23094947679978,-0.019007226317082238,-1.0890338482187996
5451162.217075168,19.561189661651238,-0.6826933087687556,1.2230068256725584,-0.01817642221574486,-1.0414322796100088
5451162.31718016,19.568582987702026,-0.6838029066613475,1.2358643701974956,-0.018088544847583102,-1.0363972772996228
5451162.417216256,19.575444285202497,-0.6817279758140522,1.2345611632154154,-0.0187385877515198,-1.0736419921976235
5451162.517068352,19.57251921505428,-0.6835856533806277,1.2270177401896305,-0.01975825394907222,-1.13206456182953
5451162.61709184,19.572201482737494,-0.6865448558422269,1.222589329434544,-0.020474592664092572,-1.1731077469020208
5451162.71714848,19.570955036773714,-0.6866567440516732,1.2216219196265141,-0.020253743989561236,-1.1604540499403169
5451162.817226784,19.570516130485434,-0.6847650773271373,1.2274065642738055,-0.020321944232379024,-1.1643616360155435
5451162.917074368,19.57367742989204,-0.6858819731261312,1.23851462357052,-0.019314809142221,-1.1066570459499612
5451163.01724032,19.573700803633784,-0.6826753812748338,1.2417162003163489,-0.01808369076651482,-1.0361191589409957
5451163.117183136,19.578298536884937,-0.6766938626935581,1.236575099229604,-0.01790598668215917,-1.0259374649051805
5451163.217188832,19.57137317538748,-0.6779727337401703,1.2198710103712662,-0.018687871267655566,-1.0707361517204597
5451163.317178688,19.56879144611275,-0.6855592351800635,1.2133934024485131,-0.019982062967610455,-1.144887874008736
5451163.417061408,19.574144077755804,-0.6914196691357526,1.2266319527605285,-0.020825059981342067,-1.1931880450376893
5451163.517048064,19.57501877311322,-0.6928893109790569,1.2423166789412212,-0.020782113193321232,-1.1907273753404526
5451163.617128224,19.577325039162076,-0.6902305017203719,1.241951104436416,-0.0204526223671546,-1.1718489416128257
5451163.717160704,19.576713575123517,-0.6874549938480183,1.237469672156767,-0.02027305624302884,-1.1615605605568975
5451163.817362784,19.577007075087486,-0.6791865269076943,1.2374725383175522,-0.01867302192974591,-1.0698853473296726
5451163.917209952,19.568160665935284,-0.6821346887993295,1.2313075768462172,-0.018902837053822234,-1.0830527840075213
5451164.0177864,19.568710575487998,-0.6862816592745778,1.2293450330906799,-0.01936911944681714,-1.10976879718739
5451164.117252416,19.572857359582635,-0.689159389245685,1.231318024102489,-0.020233757193385406,-1.1593088908734537
5451164.217151072,19.581725144355673,-0.6858785768473655,1.2308541251819478,-0.019783364006872986,-1.1335032621648435
5451164.317778272,19.58462102359982,-0.6837888218848504,1.2281491352081588,-0.019012575574808448,-1.0893403381100393
5451164.417126112,19.582084877230255,-0.6850608109466221,1.2318426231894546,-0.018727904041034003,-1.0730298606772477
5451164.517191648,19.57810782285972,-0.6878174745121466,1.230878541078692,-0.020287235361715783,-1.1623729642148743
5451164.61768896,19.574181309635065,-0.6886752259178631,1.2315933066807485,-0.021020516439261918,-1.2043868751550733
5451164.717214848,19.574118949733183,-0.687084313461143,1.2342821879423556,-0.020357853042369697,-1.1664190592753463
5451164.817209248,19.572646305031206,-0.6851329605019807,1.23326196152064,-0.019256227977259725,-1.1033005924387205
5451164.917105568,19.56399916590156,-0.6837470140937365,1.2355645279446792,-0.019105461529324085,-1.0946623112798295
5451165.017075488,19.564034850265003,-0.6819062077939286,1.2396138693373135,-0.018933480628681273,-1.0848085315161375
5451165.117272768,19.568270749218534,-0.6822797470067955,1.24539011601003,-0.019520336412074818,-1.1184328910874313
5451165.2068496,19.567694827108344,-0.6861403695657176,1.245588155358309,-0.019693788538327758,-1.128370965869295
5451165.31704976,19.573943267955066,-0.692006793662276,1.230275831335444,-0.020729489676581524,-1.1877122699281313
5451165.417174976,19.571530774966153,-0.6949561024040871,1.225772784468682,-0.021156055572206737,-1.212152695431674
5451165.516992352,19.569042394960213,-0.6878605419460999,1.2328736309479966,-0.019766204295057495,-1.132520083100155
5451165.617753856,19.56497466935516,-0.6763256304355083,1.2309120564287572,-0.017873741740871765,-1.0240899658587648
5451165.717178336,19.565390309692575,-0.674575925055667,1.2359603613928416,-0.017291272548758337,-0.9907169394542708
5451165.817148672,19.562858662908116,-0.6821841455968819,1.239079526775001,-0.01913550590747459,-1.0963837273459482
5451165.917029408,19.565070664346024,-0.6881950481166095,1.240147141539402,-0.020970158045242267,-1.2015015517146903
5451166.017237152,19.5625927993996,-0.6906013762310027,1.2328138355682372,-0.021349827747887608,-1.2232550232852553
5451166.117178144,19.568837067255714,-0.6878742488567481,1.229748866375067,-0.020235412889236127,-1.1594037552578573
5451166.21712,19.580155398487026,-0.6838814143086328,1.226224228737276,-0.01893362085865467,-1.0848165661017743
5451166.317080224,19.577187133605978,-0.6792801856316338,1.2320589588795088,-0.017787152685012957,-1.0191287784060326
5451166.417643936,19.57116171759604,-0.6803005995995178,1.2261890443928452,-0.017782931440553606,-1.018886918914219
5451166.517123392,19.56624640660761,-0.688795539790856,1.231464394446312,-0.01999580880576919,-1.1456754525211015
5451166.617211616,19.563362107658115,-0.6896546245481311,1.2416316957629185,-0.021827514609746752,-1.250624464398633
5451166.717043104,19.56941419690569,-0.6909086757950419,1.2340822595467071,-0.022211525562156328,-1.2726266712585008
5451166.817185696,19.585496370226547,-0.6921150108295938,1.2292182457357286,-0.021169239169446862,-1.2129080599123334
5451166.91697744,19.586678688685332,-0.69228818983508,1.233175924722179,-0.01977164568065249,-1.1328318515294515
5451167.017309088,19.57795477440594,-0.6841609662759006,1.231630069609446,-0.018145399054793048,-1.039654783420315
5451167.117096864,19.57297519423771,-0.6780780982650824,1.2365220320769275,-0.01749843024600968,-1.0025862012004214
5451167.217071488,19.57257393145761,-0.6791802519000157,1.2372407783359136,-0.01868479591604875,-1.0705599470528704
5451167.317233504,19.576040155522698,-0.686692906870538,1.2278099951039456,-0.020017867265167414,-1.1469393091471805
5451167.417193536,19.579578491399307,-0.6937730657632811,1.213722196138342,-0.020699052023736366,-1.1859683208818192
5451167.51697664,19.58021425827281,-0.6884523912431095,1.215097753899702,-0.019849904445090813,-1.137315748441676
5451167.617132448,19.57928222511578,-0.6820311256837799,1.2219395624730203,-0.018695942660232227,-1.0711986084498955
5451167.7171536,19.57499069950564,-0.6828474459383347,1.2271627785639336,-0.018833995915609584,-1.0791084773310597
5451167.817058496,19.57812471796387,-0.6821971867185104,1.232191042333417,-0.018303500665802074,-1.048713338465351
5451167.917279168,19.581562085255527,-0.6796325195874047,1.2399161261694147,-0.018115969912706077,-1.0379686177840406
5451168.017296192,19.582735695944567,-0.676486309706117,1.2360154735392832,-0.018671572430504955,-1.0698022971407586
5451168.11765616,19.580069380254304,-0.6842170370733702,1.232129826990707,-0.019533724510885482,-1.1191999726449864
5451168.217169792,19.57556846809735,-0.6902689902509147,1.2334805404681812,-0.020261717397056244,-1.1609108925381189
5451168.317017216,19.56844319163088,-0.6920019027352378,1.2355599764120146,-0.020850697962584173,-1.1946569931580977
5451168.41759728,19.56345666365056,-0.6888818652080564,1.2384262541181326,-0.020710421264305813,-1.1866197303827175
5451168.51719888,19.558278019397292,-0.6852348024902742,1.2396434994035304,-0.01953611530624839,-1.1193369551289605
5451168.617138848,19.554848522303345,-0.6792786394023209,1.233834278380906,-0.018444285101657066,-1.0567796924609725
5451168.717311616,19.565268731215806,-0.6745175345455126,1.2298469586453478,-0.017285799882391633,-0.9904033787687754
5451168.817224992,19.580333895312844,-0.6817075696862118,1.242282394362735,-0.01881728123242013,-1.0781507965284058
5451168.91722128,19.589563685048326,-0.6877921795357322,1.249345404962902,-0.019877091108364605,-1.1388734295063074
5451169.017604064,19.593067180601903,-0.6913116687988374,1.2437431485727681,-0.01989918368226602,-1.1401392407494395
5451169.117172416,19.5709102664654,-0.6878212136970856,1.2296534015747609,-0.0204932361725676,-1.1741759412529564
5451169.217146624,19.55389209072634,-0.6819551525037333,1.224449667050979,-0.0191600430174875,-1.0977896001911363
5451169.317077856,19.55600856470091,-0.6791548332554018,1.232220832609115,-0.018718158335054032,-1.07247147285622
5451169.417005728,19.564768488377933,-0.6769268777949258,1.2395225169114565,-0.01831429382668322,-1.0493317410314464
5451169.517131584,19.57330206817737,-0.6806875856465532,1.234263882257671,-0.01899392354160709,-1.0882716553282634
5451169.617089088,19.56640965933323,-0.6870657919443377,1.233071529141262,-0.020072736030232356,-1.1500830578124963
5451169.71722368,19.566111814625337,-0.688041869393406,1.2277674267249614,-0.020521562928267952,-1.1757989448018846
5451169.817131168,19.56680198058543,-0.6841165588028147,1.2221036408677812,-0.019763959308884093,-1.132391454867354
5451169.917284992,19.567758057248167,-0.6777087173533494,1.2342160123793435,-0.018124560322467623,-1.0384608120076653
5451170.017102848,19.571289425165485,-0.6794764307076098,1.2376149741595557,-0.017963731486815553,-1.0292459985007985
5451170.117635616,19.573209048408625,-0.6880764813196919,1.235269667285224,-0.01937357911657591,-1.1100243174425897
5451170.21728112,19.57248562184336,-0.6889923319558039,1.2247915262445082,-0.020362562987785326,-1.1666889192693988
5451170.317138752,19.570450786253677,-0.684474144637964,1.2181422153471988,-0.02111611354567527,-1.2098641858862214
5451170.4176112,19.569921925155132,-0.6857968909054047,1.2226569826723999,-0.021306367080559222,-1.2207649104725167
5451170.517282144,19.57417640596406,-0.6891689332545405,1.2275204700094946,-0.02131477314584198,-1.22124654253553
5451170.61718608,19.578775352527984,-0.6878832178928798,1.235462400864492,-0.020455253465861977,-1.1719996924642408
5451170.717122944,19.57451245095025,-0.6815407894996955,1.2333277286179438,-0.018671242486162854,-1.069783392722482
5451170.81725568,19.568983903701056,-0.6816906915155837,1.2202595870954582,-0.018493921554695654,-1.0596236517300828
5451170.91757568,19.57283388077359,-0.6800574984347304,1.2236396258573128,-0.01886003884103007,-1.0806006270438275
5451171.017656704,19.57827435924744,-0.6822411178814738,1.2275748696980597,-0.019736155332716304,-1.1307984043792572
5451171.117125632,19.582750209665555,-0.689640393051249,1.2245411496953846,-0.02091737424911732,-1.1984772629700517
5451171.217267008,19.58230154525783,-0.6878810470072506,1.2108200808653247,-0.020709184311627007,-1.1865488582147645
5451171.317661312,19.569952723835897,-0.6836755638580884,1.212545464147692,-0.019913448716895335,-1.1409565670283073
5451171.417257568,19.56140682595647,-0.6832498036618105,1.220484103858399,-0.0203113858285425,-1.163756684037316
5451171.517365184,19.553231397383108,-0.6859758661770193,1.2314986769372815,-0.020214687601732912,-1.1582162837547278
5451171.61714352,19.56550449953844,-0.6825047454401689,1.2331411039240312,-0.019014435885177434,-1.0894469260427666
5451171.717624576,19.580695302402557,-0.6798636455543856,1.2317258094925243,-0.018442509690764882,-1.0566779689099488
5451171.817146016,19.579201312726436,-0.6826610018965139,1.2321733133674688,-0.018875228983310555,-1.0814709580867026
5451171.917744064,19.564779173605935,-0.6843213217842778,1.2397202917029655,-0.01989412219891419,-1.139849239115304
5451172.017525024,19.562868099673697,-0.6857849093427217,1.2393670895056068,-0.020360153395089443,-1.166550859777579
5451172.117119872,19.566687401013006,-0.684651208123925,1.2333099182599634,-0.020144121392196117,-1.1541731377720337
5451172.217105952,19.572544652560694,-0.6851781976091446,1.2255152436795964,-0.019900700754519787,-1.1402261625867967
5451172.317635616,19.56459662569668,-0.6779415982947048,1.2156568424011083,-0.01793437928781882,-1.0275642413788575
5451172.417265888,19.559320309565383,-0.679866324147692,1.2100802227023282,-0.018904028712043015,-1.0831210609941941
5451172.517270656,19.56216123636751,-0.6837686146132682,1.221403232740859,-0.019933247255110604,-1.1420909397085706
5451172.617214112,19.576022344861606,-0.6874607622723583,1.2366461899250054,-0.02094437454529639,-1.2000242659867157
5451172.717214688,19.567453487021158,-0.6863048012616043,1.2475076182264602,-0.020598207752151255,-1.1801903697319214
5451172.917622784,19.569677801894834,-0.679918217951951,1.2343242764864708,-0.018594389502214575,-1.0653800410992589
5451173.017161376,19.568942825460784,-0.6863785768340963,1.2250406341257725,-0.019827593795164595,-1.1360374423627098
5451173.117078976,19.572906601110397,-0.6896302356256553,1.223329641922001,-0.020431741696048673,-1.1706525672850554
5451173.217598432,19.576719066623287,-0.6885277988113393,1.2229040161891216,-0.020534217059534968,-1.176523973116889
5451173.41723392,19.56286889449191,-0.685491399282731,1.236149046703112,-0.020183097004589142,-1.1564062758660918
5451173.617694304,19.557833296393135,-0.6879646085763909,1.2406172428965758,-0.021220466490012174,-1.2158431691764895
5451173.717103872,19.57218744552241,-0.6870698360104225,1.2370222093493835,-0.020619406259462954,-1.181404954732859
5451173.817566528,19.583167925082826,-0.6879576877362689,1.2314862438026462,-0.019429658417578582,-1.1132374247080865
5451173.917691616,19.57631782417208,-0.6801653222983032,1.224920469708836,-0.01668588315257423,-0.956030682090948
5451174.01760896,19.56879041180084,-0.6731340890823657,1.2233686608216519,-0.016134731669187854,-0.924452028220534
5451174.11723472,19.570737910575332,-0.6806174973274217,1.2269242723496845,-0.019403194004442237,-1.1117211255280832
5451174.217595808,19.570346468267537,-0.693051826794849,1.2307608949036355,-0.02184890060335161,-1.2518497915728852
5451174.317475392,19.5674069694569,-0.6955629159245095,1.2265787922477718,-0.022141109121471502,-1.268592106398927
5451174.417508064,19.56927350619347,-0.6922542602110187,1.22091884393808,-0.02078494930787622,-1.190889872734669
5451174.517672,19.57216767567538,-0.6826608938365083,1.2195047018514724,-0.01892076730676707,-1.0840801118268626
5451174.617494848,19.57807948329341,-0.6756674742546325,1.2326231863475612,-0.018130747611052857,-1.0388153175302286
5451174.717179136,19.577484295686702,-0.6791454496400858,1.250641551169251,-0.019023866770468547,-1.0899872759670193
5451174.81766208,19.565508615834798,-0.6899037840259367,1.2517993485075747,-0.0202095569381056,-1.1579223183827816
5451174.91756976,19.557981362022606,-0.6966337262136281,1.2349976447828754,-0.021280875795501128,-1.219304367424323
5451175.017470208,19.563157585653514,-0.6874092858752092,1.2127753962292582,-0.019217208646938086,-1.1010649494918636
5451175.117579008,19.57758270017066,-0.6803622110866053,1.2133982155015628,-0.01916626287655221,-1.0981459718647104
5451175.217685568,19.5838359273006,-0.6786282834435343,1.2281742389505617,-0.019974203425396814,-1.1444375554109896
5451175.317254304,19.590192474562343,-0.6796727614805753,1.2472521128351357,-0.019969134744320178,-1.1441471413776005
5451175.417206656,19.573955552281813,-0.6881410965405832,1.2481438328718284,-0.019605939753949784,-1.1233376012890823
5451175.517472896,19.556688416667182,-0.6913953811008314,1.2401412888572203,-0.019298068474380637,-1.105697876336478
5451175.617532864,19.546288751549543,-0.684870289110019,1.2240494171802374,-0.019304416282496503,-1.106061578950676
5451175.71771792,19.567088261378018,-0.6766337916248814,1.2186520043866411,-0.01885519586261263,-1.0803231448202353
5451175.917477824,19.58593001025283,-0.6925451346043817,1.2330043691572228,-0.02079144466219739,-1.191262029123714
5451176.017681024,19.566862255392092,-0.6902682939521735,1.229187891743134,-0.01985318373964701,-1.1375036381795263
5451176.11759248,19.553052312626463,-0.6814737919474169,1.228677853325333,-0.018844572196582577,-1.0797144535937568
5451176.215300352,19.558843121659972,-0.681345428782926,1.2311749867325101,-0.019300406375742204,-1.1058318282174135
5451176.317162624,19.583939358434336,-0.6860862415293629,1.2310500558417408,-0.019978724293945555,-1.1446965820985657
5451176.417157152,19.592135902851766,-0.6905926614863127,1.2304369984132866,-0.020092252923558138,-1.1512012934292708
5451176.517413824,19.573534855450315,-0.6866274096196958,1.2332451919021628,-0.019036440264649426,-1.090707684117316
5451176.617657536,19.553383731525994,-0.6810443692340213,1.232313549808004,-0.01828428224173253,-1.0476122038772735
5451176.717525152,19.54255620992147,-0.680518692786095,1.2400555351173956,-0.01968052182024574,-1.1276108389152055
5451176.817179584,19.552327361635484,-0.6855498726122929,1.2526574853675203,-0.021136528765235713,-1.2110338918048675
5451176.917597792,19.571390832287797,-0.6844866959442801,1.2456606955047407,-0.020511877530273417,-1.1752440123738932
5451177.0175824,19.58727961969641,-0.684323500113636,1.2287858716695825,-0.018830203359938676,-1.0788911798975482
5451177.117132032,19.592464450878154,-0.6905876323651898,1.2294516253166534,-0.019138716790357512,-1.0965676973836507
5451177.217478464,19.574125615204554,-0.6901444584589473,1.234463654597272,-0.02025373329906612,-1.1604534374200657
5451177.41772832,19.561756846644023,-0.6844677308205658,1.2331875800926348,-0.020887002732872494,-1.1967371032718104
5451177.517608128,19.566831608548178,-0.6810765666722947,1.2369919921169874,-0.020462149221622265,-1.1723947901658585
5451177.617540768,19.566165524793426,-0.684653889615866,1.2251238171833374,-0.02044574681163815,-1.1714550012999254
5451177.71717552,19.560876741769853,-0.6893288822371404,1.2322539482925234,-0.02008179854516361,-1.1506023016698315
5451177.81752352,19.563871604054984,-0.6872670429915286,1.2316452302284855,-0.02001618203080802,-1.1468427523308966
5451177.91677216,19.560914752598542,-0.6832694801542226,1.2267778666210483,-0.019419200865556742,-1.1126382511131965
5451178.017100832,19.56898290371836,-0.6794699108370974,1.2305037564836194,-0.019193252244448688,-1.0996923487369044
5451178.116997824,19.574363753252403,-0.6828381637883552,1.2357080906450308,-0.019390102295974477,-1.1109710258862648
5451178.217435008,19.578355504590533,-0.6887372239196559,1.2377680336063124,-0.020084189675261432,-1.1507393033327036
5451178.316807712,19.574519802440843,-0.6888759838268171,1.2277703011491437,-0.020252439277467303,-1.1603792954438548
5451178.417536512,19.56742650809507,-0.6859687612061266,1.2182804010358985,-0.0192961410076254,-1.1055874406262511
5451178.517361856,19.56703761083968,-0.6845188936317681,1.2202644711468025,-0.019136930450595876,-1.0964653476545325
5451178.617043648,19.56119121415435,-0.6855040158349041,1.231313962740497,-0.019855880610859515,-1.1376581575178932
5451178.71719296,19.55789667051383,-0.6788749662561089,1.2477511889822335,-0.019426830838062303,-1.113075416335566
5451178.82115888,19.56620122195574,-0.6836375319899735,1.2423476948453671,-0.02010121451231854,-1.1517147546429738
5451178.917167136,19.58057022930911,-0.6851155726854528,1.228469071326535,-0.01980230464713327,-1.1345884809130333
5451179.017635168,19.581913227634132,-0.6822839765059718,1.2252698045472907,-0.019484826459371666,-1.1163983206668315
5451179.117410688,19.574002951943253,-0.6815006460739258,1.2266562352588473,-0.019173842898938327,-1.0985802751560496
5451179.217580288,19.558537322421362,-0.6841758510683651,1.2378276425604284,-0.019323903955430658,-1.1071781403623344
5451179.317561344,19.55726138705777,-0.6860456926038876,1.2370113226559805,-0.01994870454964064,-1.1429765774478322
5451179.417495392,19.56304915910738,-0.6888667835674164,1.2364809929911993,-0.020697927933321883,-1.1859039152452784
5451179.517075136,19.5766422507092,-0.6865709913605995,1.2358861122316214,-0.020590098254444324,-1.1797257297393433
5451179.617648608,19.583758458830456,-0.6847801511190605,1.2316994268783927,-0.01979363798475584,-1.1340919177363415
5451179.71747184,19.583754303941213,-0.6808976315499555,1.2300253447901215,-0.0186621012614398,-1.0692596391262703
5451179.817046816,19.574092266945303,-0.6833718150825049,1.2319921534489928,-0.018856419243150846,-1.0803932393618134
5451179.91755264,19.56456856697736,-0.6850807227772492,1.237444344049409,-0.01988028209530072,-1.1390562595902285
5451180.017451936,19.560797875146893,-0.6869701657475746,1.239622052501571,-0.02030700910577874,-1.1635059162948538
5451180.118426752,19.559683555086217,-0.6858471967532739,1.2395020349956665,-0.020666012149275284,-1.1840752755195572
5451180.217537664,19.57043727583628,-0.6842562834395101,1.234433791637129,-0.019824500840106434,-1.1358602290916535
5451180.318442912,19.581564107845185,-0.6831407643003462,1.2381599561528307,-0.019594630495006343,-1.1226896284822026
5451180.41737056,19.589534873773687,-0.6849779412057586,1.2416500528170042,-0.01967612611010384,-1.127358983276112
5451180.51746752,19.577088542803494,-0.6885681336295516,1.2376226156116776,-0.02019141096058152,-1.1568826304555127
5451180.617439648,19.564579815843814,-0.6866612531203176,1.230665257129829,-0.01963099418567246,-1.1247731144848903
5451180.718391872,19.561228898604707,-0.6858002482307771,1.2355520025044273,-0.02047268408379442,-1.172998393306075
5451180.817441792,19.567574323735403,-0.6830072384159558,1.2351690126318904,-0.019947982627898684,-1.1429352143788796
5451180.9171824,19.575243601547175,-0.6861935732878434,1.22811247069718,-0.01967892050512699,-1.1275190903172307
5451181.01753568,19.58020505001669,-0.6869335406502276,1.2248448994686016,-0.019486652275786737,-1.1165029322415807
5451181.11754464,19.576932923649853,-0.684957980380499,1.2344072349146664,-0.020006902644444356,-1.1463110826557874
5451181.2174456,19.574833407816683,-0.6826362417188051,1.2412347906905001,-0.019026751197944,-1.0901525414876743
5451181.31699008,19.569461785382813,-0.6838499173902011,1.240029307265352,-0.019177863840044433,-1.0988106581111001
5451181.41755792,19.56798598402694,-0.6884577454190417,1.2410082798009927,-0.02009518411243138,-1.1513692381806633
5451181.517626848,19.568838966646116,-0.6817739214362318,1.2348211129329039,-0.019631645522778737,-1.1248104333521203
5451181.617101344,19.569729767118986,-0.6797393356544932,1.2233291045570795,-0.018947055580747493,-1.0855863189766244
5451181.717341024,19.568871009038062,-0.6838433511127421,1.2197873577921006,-0.019277571674779392,-1.1045234962258013
5451181.818449664,19.57479556018666,-0.6892395889291262,1.23621263619266,-0.020782955112996264,-1.190775613784521
5451181.918487008,19.572166932503762,-0.6876480324371333,1.2469774123130826,-0.02024415477807995,-1.159904628593581
5451182.017514432,19.56715854993774,-0.683543918497479,1.2453518165553257,-0.018791269995545607,-1.0766604624355804
5451182.117645824,19.563479159307303,-0.6803318585788223,1.241374779813466,-0.01899459662288005,-1.0883102200444734
5451182.218459776,19.569966113869274,-0.6806499361773971,1.2371544179546308,-0.01897878504049762,-1.087404283106537
5451182.317531936,19.57495659653884,-0.685084735237229,1.2306797664820595,-0.01864860826832343,-1.0684865475677032
5451182.418534432,19.571080871518955,-0.6867916916535193,1.2326215692262783,-0.01918485569885829,-1.0992112621120855
5451182.518397024,19.566848955005334,-0.6856154828410959,1.23920903106456,-0.019644723112135942,-1.1255597240284934
5451182.61734784,19.56501613886719,-0.6820449032606747,1.2399117452088804,-0.0194973962725252,-1.117118517909797
5451182.717324,19.566952452280596,-0.6856440449282628,1.2354529976864022,-0.020122509092442935,-1.1529348442106047
5451182.817519584,19.576618447077884,-0.6831914209794085,1.2422462601654696,-0.019202323006843994,-1.1002120651391214
5451183.017489984,19.57570653621202,-0.6843546546583105,1.239115522214685,-0.019927308176807226,-1.1417506555875894
5451183.118313248,19.569699462621255,-0.6846055874126347,1.2378086226448912,-0.02018012079763056,-1.1562357517684076
5451183.218443488,19.569584740646068,-0.6848405641756663,1.2268813026187755,-0.02025913574096305,-1.1607629745398245
5451183.318486752,19.568044816918974,-0.683989670980174,1.2167874229659754,-0.019647373937963963,-1.1257116051606633
5451183.417485984,19.576348596453315,-0.688035969795746,1.2241896489989286,-0.019740880359203673,-1.131069128455071
5451183.516956096,19.579306903780104,-0.6869517977668932,1.2319832791338357,-0.019913254827445336,-1.1409454579811302
5451183.616983776,19.578445407092456,-0.6888917137168672,1.2487135345767075,-0.020019858496682974,-1.1470533983090554
5451183.71127872,19.578786410403573,-0.6890062655628608,1.2558630420360246,-0.02000702336782335,-1.1463179995958923
5451183.81732768,19.575091069762298,-0.6899040871072716,1.252274660428977,-0.02021288052324985,-1.1581127457843994
5451183.918286016,19.56941122419637,-0.6867851965069461,1.2342011210450554,-0.02055621492962106,-1.1777843582310994
5451184.01745776,19.56873306171559,-0.6815503766015676,1.2110939626806212,-0.019976846688075794,-1.1445890032066395
5451184.11847792,19.565516565828826,-0.6833110058111507,1.2220190694291782,-0.019040139342410466,-1.0909196256611142
5451184.218265376,19.56993160422121,-0.6861642331122003,1.2332896190336031,-0.01911357450241116,-1.095127150397022
5451184.31836016,19.572171746611865,-0.6825290433101984,1.241088198212619,-0.018706945781005287,-1.0718290408316646
5451184.41834352,19.570463786488794,-0.6821775427514173,1.2358290591526337,-0.01938324742798612,-1.110578270881413
5451184.518303648,19.56548367273859,-0.6856921059165196,1.2307011398949361,-0.020040420235732576,-1.148231499176047
5451184.617450592,19.564420634878957,-0.6837733372739402,1.2294047497970924,-0.019738369384759716,-1.130925260216967
5451184.71842512,19.563309419513644,-0.6840564001479099,1.2342215942160086,-0.020288890022646014,-1.162467769302702
5451184.818306784,19.56374077521071,-0.6851595597388921,1.239136820554399,-0.020783238736056794,-1.1907918641888617
5451184.917533088,19.56610525138115,-0.687869687029254,1.2323265891083761,-0.01991397787926793,-1.140986885798934
5451185.017411904,19.5763992100647,-0.6906546876802716,1.2253670784149888,-0.019435291721103403,-1.1135601892247748
5451185.118361632,19.576059193731922,-0.6877395851629607,1.2280128842583322,-0.0203289375497468,-1.1647623235855125
5451185.218247744,19.571747317169997,-0.6815589977375858,1.235952498195885,-0.02008203582564495,-1.1506158968399731
5451185.317465248,19.56611478524134,-0.678641501261618,1.2376698384590092,-0.01920678748442441,-1.10046786086221
5451185.418406368,19.56647483692273,-0.6812041978043074,1.2379815488107742,-0.019456661536177366,-1.114784589437488
5451185.520194464,19.566622475827153,-0.6870564645903201,1.2281520955171883,-0.019985823632660004,-1.1451033442442375
5451185.617196512,19.566587132104573,-0.6888939186261519,1.2232041194915866,-0.020323464606610508,-1.164448747042288
5451185.71827456,19.56551971536992,-0.6931163347702414,1.21804791844414,-0.02191867626047311,-1.255847642238699
5451185.817560384,19.56807592979139,-0.6917656400817458,1.2317271967001129,-0.021780835497816904,-1.247949948293634
5451185.917411072,19.564447800433083,-0.6807865972857778,1.2399812101648198,-0.0194821834872436,-1.1162468895185225
5451186.018440032,19.560733714951652,-0.6754252642678708,1.2358176305008783,-0.017281783389600073,-0.9901732506833743
5451186.118366784,19.560500981939576,-0.6754144727315764,1.235381404478539,-0.017208961989138922,-0.9860008917787183
5451186.21741808,19.56906377045515,-0.6876151368307348,1.2416905149144328,-0.01903182657534399,-1.0904433391921298
5451186.31757936,19.56861656401879,-0.6947810146161332,1.2485552269802371,-0.02099150654885263,-1.202724730870484
5451186.418197792,19.566850768564787,-0.6952610116732686,1.2413148255935422,-0.02282512608016211,-1.3077833912472734
5451186.517166144,19.567185579531852,-0.6869933731901534,1.2314391541974017,-0.021838717193907613,-1.2512663251906904
5451186.618300288,19.573992996605046,-0.6815906250357321,1.2256048142906748,-0.019411122873822812,-1.1121754162799007
5451186.717415328,19.577410811760195,-0.6829195082419491,1.2289709581079038,-0.017810346353682744,-1.0204576777322363
5451186.81735472,19.569969417074205,-0.681039369446015,1.2333393791560676,-0.01768563193467099,-1.0133120678784366
5451186.918216096,19.561543111963186,-0.6775226118614478,1.2369462785874428,-0.018799889614610224,-1.0771543302289937
5451187.018206848,19.55954020072235,-0.6810852320189231,1.2402640721419984,-0.02111126379758152,-1.2095863157887479
5451187.11829072,19.56340546693258,-0.6897962327305118,1.2373868147873055,-0.02225478440099642,-1.2751052201506747
5451187.217461696,19.567161596416195,-0.6848692376383684,1.236228441015462,-0.020697431969882607,-1.185875498633415
5451187.318195808,19.56944188903081,-0.6826418446550212,1.2263026727721005,-0.018767499877943065,-1.0752985350184252
5451187.417158048,19.57471398526853,-0.6805197469548535,1.2216487216692204,-0.017761385222750378,-1.0176524115696242
5451187.518239776,19.583683148752822,-0.6801418772181632,1.2254962946541759,-0.018691726709772327,-1.070957052281907
5451187.617362144,19.587768463982428,-0.6814131219264872,1.2383465156013846,-0.019266039696554414,-1.1038627625440731
5451187.718295008,19.571243074968248,-0.6788576808034524,1.2416206814646968,-0.01825075279484452,-1.0456911080811826
5451187.8182024,19.558859496906354,-0.6824342257543652,1.2361272875628817,-0.017949480870988806,-1.0284294983584634
5451187.917348576,19.550028260126535,-0.6810741717978984,1.226973307642566,-0.01868808376024028,-1.0707483266487416
5451188.018301312,19.55831941502933,-0.6859200553205631,1.2342435102373637,-0.02063363495427264,-1.1822201988934338
5451188.118204864,19.567426569889992,-0.6949804562273824,1.2428314735479948,-0.022049679991544266,-1.2633536031295431
5451188.218303328,19.57600416184824,-0.6884418109575848,1.238242026274368,-0.020316194530771114,-1.1640322023799508
5451188.318293664,19.58257325697834,-0.6825454078705336,1.234112422672471,-0.018899421848926432,-1.0828571071808195
5451188.418132416,19.563313750641772,-0.6807673229203011,1.2247067272854482,-0.019326282373887345,-1.1073144137018185
5451188.517340192,19.550437783482142,-0.6791472644870851,1.220789681038835,-0.019072606123562753,-1.0927798351955151
5451188.618294496,19.558418309881247,-0.6863993118000278,1.2292212387677135,-0.020177311884712328,-1.156074812913173
5451188.718319808,19.563603508883794,-0.6854730534101359,1.2272270240444159,-0.01947756292701721,-1.1159821509185643
5451188.817353056,19.575138799808197,-0.682428828096596,1.2284033744392142,-0.01951581783654136,-1.118173995779953
5451188.918411328,19.57617708298274,-0.6867447139536006,1.2276723444665616,-0.0195586862543024,-1.1206301751920644
5451189.018193568,19.568950818521756,-0.6852205404489893,1.235917172865049,-0.019931240075871666,-1.141975936809453
5451189.11840672,19.569271195712723,-0.6812803945021275,1.2281745878190025,-0.01937573091077006,-1.110147606168295
5451189.21708288,19.57218533721583,-0.6864835810055538,1.2275496623322035,-0.01987359091414414,-1.1386728831499988
5451189.31829456,19.575693659658707,-0.6879136056655524,1.238437739825273,-0.020092940669668474,-1.1512406983787695
5451189.417317568,19.56894921329927,-0.683201667803753,1.2337076787286463,-0.019314820775504386,-1.106657712488001
5451189.5181752,19.56427806907363,-0.6812954776704991,1.2229479004370951,-0.01802420930663422,-1.0327111223305607
5451189.61835728,19.56399338341915,-0.682894250422738,1.2359728919256203,-0.018936894236579665,-1.0850041168416278
5451189.717400992,19.5717893992617,-0.6787147423694442,1.2333665834363112,-0.019338224424500665,-1.1079986428006934
5451189.818169792,19.581862291108347,-0.6812974521978469,1.2381061766083215,-0.019443806100347585,-1.1140480272206403
5451189.918116224,19.57989788702205,-0.686158729095118,1.2381551721713668,-0.01899443742736049,-1.0883010988130852
5451190.018280288,19.5725026635653,-0.6856498229918372,1.2361710395426497,-0.018960013700741043,-1.086328764562679
5451190.118182656,19.56071477011087,-0.690540048297247,1.2285317134179505,-0.020730068420321268,-1.1877454295018381
5451190.218159392,19.56241179684194,-0.6905677127250338,1.2228794135012127,-0.020364314355219376,-1.1667892652317466
5451190.31734736,19.569254884019692,-0.6901672148340777,1.2300935074517285,-0.02052774056008248,-1.1761528970322428
5451190.418268256,19.574866667691285,-0.6837034001800683,1.2380995572044655,-0.018966500994416057,-1.086700459110719
5451190.518210816,19.576784489168716,-0.6826183798104504,1.2407928247206934,-0.019525753602586158,-1.1187432732405493
5451190.618325728,19.565208750981995,-0.6820089907663635,1.2467663313929978,-0.019256161152353322,-1.103296763653617
5451190.717265536,19.568885612749536,-0.6832377656019254,1.2349704037780522,-0.019102068358792905,-1.0944678969292245
5451190.818168544,19.572981590831436,-0.687844044116656,1.218903901946874,-0.019362731786566924,-1.109402811214089
5451190.918126752,19.56807825625129,-0.6900106668530774,1.2079444146152798,-0.020178182489706358,-1.156124694904954
5451191.118060736,19.557104115987887,-0.67994693642043,1.2237664364932606,-0.01955243632473876,-1.1202720806058137
5451191.217350976,19.569987961644195,-0.6851373420965069,1.2410673717122052,-0.02012437002269041,-1.1530414676597533
5451191.317304832,19.578808386227305,-0.6942339289237119,1.2475890212895409,-0.02133896171305328,-1.2226324453492061
5451191.418193408,19.57325202011489,-0.6879168673409983,1.2375456012579298,-0.02096972939303374,-1.2014769917522627
5451191.518100544,19.56705434012992,-0.6821212545880468,1.2262788379421694,-0.019520056163366276,-1.1184168340192178
5451191.617268512,19.55956942635581,-0.6751268620090162,1.217578360459225,-0.016719688450449535,-0.9579675829843856
5451191.717383136,19.567046883701064,-0.6791719702570009,1.2299230105345251,-0.018455525088151594,-1.057423696248893
5451191.818287648,19.56885724023815,-0.6829370541823064,1.241744211335456,-0.019567963081258508,-1.1211616982239225
5451191.918260512,19.572571955306053,-0.6860218072281017,1.2426472030300024,-0.020763252334903802,-1.18964672775514
5451192.017342688,19.577174332252692,-0.68813725417219,1.2419294850313845,-0.02040516318782353,-1.169129730938001
5451192.118232032,19.56510446058759,-0.6879217140981215,1.233849753637592,-0.01951675230433905,-1.1182275368408514
5451192.218189792,19.555831756793935,-0.6856060814551579,1.226459857362077,-0.01933676329963319,-1.1079149265124455
5451192.317359904,19.560842610333,-0.6827139687594277,1.2252975910202903,-0.01940821459185789,-1.1120087839976767
5451192.418283456,19.566191337699426,-0.6798076028519978,1.2347756782786283,-0.019882118874578737,-1.1391614992907557
5451192.51821904,19.577473650840098,-0.6813235824265987,1.2394772593459205,-0.019591258576387216,-1.122496431776465
5451192.618216224,19.582099482100944,-0.6851547727012856,1.2294962310096549,-0.019102824540790105,-1.094511222966208
5451192.717353568,19.581494524084007,-0.6880273066293137,1.224829536949751,-0.019867545124085242,-1.138326484895802
5451192.818255552,19.580054446272218,-0.6906792507606265,1.220882512919567,-0.02058164621868303,-1.1792414637619273
5451192.9180712,19.571402517457262,-0.683646122543565,1.2277105413225893,-0.020204127670641222,-1.157611244271225
5451193.017157504,19.562576678232634,-0.680330019491132,1.2302189393725285,-0.019885597952134387,-1.1393608357512932
5451193.11828688,19.565857629468592,-0.6796099512932859,1.229834536436413,-0.01934752097380441,-1.1085312958398332
5451193.217468032,19.571053202585695,-0.684637746857433,1.2335928358475088,-0.01868887283391368,-1.0707935372399522
5451193.317232992,19.578548955265035,-0.688150772100247,1.2279970308094248,-0.01982657118873772,-1.135978851330347
5451193.417054976,19.584036155567063,-0.6881686148018884,1.2263551490985247,-0.019962613425702956,-1.1437734973439735
5451193.518133024,19.582420898701045,-0.6825790158561367,1.222998511834007,-0.019143006049344418,-1.096813453820839
5451193.617200832,19.57610861131931,-0.681726416142238,1.2262483059325637,-0.01894755027234932,-1.0856146627175696
5451193.718154208,19.569259917775273,-0.68619851337881,1.2372088309061002,-0.01913081636663477,-1.0961150364479724
5451193.818308672,19.56502036525068,-0.6892365486385279,1.250639283384469,-0.020280582918062565,-1.1619918072700965
5451193.918228704,19.57347422142916,-0.686927413188349,1.2390470757312606,-0.020438347841916157,-1.1710310715621102
5451194.018050688,19.57703993622871,-0.6880968979892219,1.2351694535446702,-0.021396957816416467,-1.2259553773001213
5451194.118027968,19.560214411302987,-0.6822513983937866,1.2208696436118347,-0.02035486033811009,-1.16624758995194
5451194.21825968,19.554120443391316,-0.6806986688140841,1.2118717310037597,-0.019219139596504252,-1.1011755847524576
5451194.318301376,19.55390881452822,-0.6816300220067333,1.2144345373856646,-0.018997796911437447,-1.0884935830720364
5451194.417234144,19.5582656741353,-0.6830901563262324,1.2295952763314868,-0.018977572031628934,-1.0873347828178492
5451194.518161536,19.565849789699858,-0.6815531073494294,1.2406071386696922,-0.019002248893335055,-1.0887486628452379
5451194.618135744,19.57505643393733,-0.688180380143374,1.2357815588345045,-0.020773219659790076,-1.1902178134041592
5451194.718014048,19.569597481949373,-0.6877749690513866,1.2298002065205285,-0.020394087780405457,-1.1684951568365576
5451194.817223936,19.56445992512583,-0.6836092752311312,1.231045650623103,-0.01953957150254134,-1.1195349805897152
5451194.918088192,19.56505445363433,-0.6809903959263346,1.2332271764254996,-0.018685005257288213,-1.0705719414223696
5451195.01809488,19.57015716859306,-0.6862265044966732,1.2354985639633347,-0.019305768068062158,-1.1061390305583947
5451195.218295264,19.568005867592326,-0.6874034019712534,1.2242772965475486,-0.02047958911093743,-1.1733940222187926
5451195.318269344,19.56197946458139,-0.6890146644239759,1.2258504511350408,-0.02086188094676165,-1.1952977309538286
5451195.417159296,19.56813780487874,-0.6881432355903795,1.2281432068252285,-0.020620661910530528,-1.181476898239572
5451195.518519744,19.57390488757642,-0.688084735402601,1.2323046595102412,-0.020193181141897533,-1.156984054373893
5451195.618500768,19.565781313288802,-0.6879229054918281,1.237070718615811,-0.020712323530459983,-1.186728722204862
5451195.717140064,19.569227438271437,-0.6880863798040197,1.2384863078973374,-0.020416519193763253,-1.1697803821504726
5451195.81806464,19.573892030364103,-0.6856103228907211,1.2299094348203303,-0.01964669990338961,-1.1256729858243069
5451195.917331776,19.57365823929046,-0.679097609810887,1.2209597409752742,-0.018005404586403775,-1.031633691226432
5451196.017188544,19.568899129745475,-0.6803560519101929,1.2301175162932299,-0.01887613810060894,-1.0815230466709822
5451196.117139232,19.552570536717557,-0.6833472932227815,1.2275617792842235,-0.019392820773547467,-1.1111267831778984
5451196.218055232,19.567618595815524,-0.6846495928610861,1.2266543489490058,-0.019539427055372118,-1.1195267043765562
5451196.317218112,19.575048747534407,-0.6825291840358125,1.2270503824622576,-0.01908771988265759,-1.0936457898042269
5451196.418091328,19.578767571152962,-0.684533142848733,1.2327785279722967,-0.019432510563749634,-1.1134008406462421
5451196.51824592,19.569094077333684,-0.6832219311522012,1.2313271638856826,-0.019635692095276245,-1.1250422848777213
5451196.618150496,19.564295719487895,-0.6843381123077823,1.2345373512388087,-0.02036046980053692,-1.1665689884743347
5451196.718017312,19.55897978639361,-0.6874082872374997,1.2444463398641719,-0.020765352342782557,-1.1897670493435368
5451196.818053376,19.557314806922605,-0.685488954701779,1.235561450452666,-0.02033358450818474,-1.1650285746915792
5451196.917132288,19.560753831269622,-0.6813283515028418,1.2228050087987532,-0.018697766741942266,-1.0713031206333676
5451197.017130944,19.56639284377878,-0.681974547819729,1.220376821541816,-0.01838059742688278,-1.0531306574894042
5451197.118029568,19.56039761998947,-0.679230200206783,1.223279811042331,-0.01833761463850919,-1.0506679251238933
5451197.218023776,19.553831488016954,-0.6792523108475788,1.228467668235354,-0.018648180969616786,-1.068462065155221
5451197.317157568,19.553479339784253,-0.6809851598499324,1.230782822957309,-0.019365491956964156,-1.1095609573285874
5451197.418200032,19.552744344864895,-0.6856341229110758,1.2324631495153842,-0.01976677405994906,-1.1325527282237564
5451197.518211296,19.559694959849374,-0.6858302910655367,1.2252913356514976,-0.019533179888065036,-1.1191687680559483
5451197.618061984,19.56302935822274,-0.6858725150970685,1.2164915491660535,-0.019205143221265045,-1.1003736515227696
5451197.717975776,19.560482299868692,-0.6870407616517527,1.218099356385041,-0.01908625447091394,-1.0935618278960668
5451197.817177856,19.557072628168143,-0.684390686407607,1.233910371001977,-0.019276562625022788,-1.104465681933429
5451197.9179904,19.557029376460907,-0.6811908091995265,1.2260907316899785,-0.01954236626378897,-1.119695108613951
5451198.018240576,19.551804823453168,-0.6789363663384854,1.2158502899354449,-0.019322699007445904,-1.107109101928275
5451198.118257792,19.547282197720012,-0.6807918660429251,1.2106676290954277,-0.01929769519665766,-1.105676489098365
5451198.218025056,19.546935146048813,-0.6755887124112624,1.2188790203191504,-0.018505814919521562,-1.0603050913388168
5451198.318121888,19.55534608774663,-0.676073079497649,1.2313486891469103,-0.01762912103516642,-1.0100742318403368
5451198.418066208,19.56268349499085,-0.6795324485619633,1.2399368212489112,-0.018446727965600578,-1.0569196582548603
5451198.518268096,19.57313858236701,-0.6836261681029305,1.2435004757759196,-0.019169896057805336,-1.0983541378167205
5451198.617967008,19.576706248115702,-0.6914932223018402,1.2341178465288838,-0.021814110945930845,-1.2498564910319694
5451198.718018176,19.57097939727761,-0.6934901972661469,1.2327901624771003,-0.022202960074258697,-1.2721359049524963
5451198.817961408,19.573272777528427,-0.6832649149445242,1.2354593811067949,-0.01942605957930623,-1.1130312264639306
5451198.918197056,19.574538299366456,-0.6772210369964423,1.237957616838276,-0.01779992915778942,-1.0198608163731877
5451199.017056416,19.569229527077994,-0.6805300951549921,1.2324313426895317,-0.01878536836119692,-1.0763223236951713
5451199.118025856,19.570540516606783,-0.688865803101241,1.2217238213766173,-0.019917239042771845,-1.1411737367040105
5451199.217956512,19.569130791565723,-0.6923752576334442,1.2191053273830843,-0.021475400460699828,-1.2304498097514038
5451199.318120544,19.566274237862366,-0.6853796631513904,1.2274186394172097,-0.020521891920629413,-1.1758177946756885
5451199.417941952,19.563581426907387,-0.6817373521299835,1.2265985150333407,-0.018574560031093677,-1.0642438960940548
5451199.518054048,19.566599735981196,-0.6820037002771697,1.2431569527500257,-0.019110683519245844,-1.094961509263006
5451199.618121408,19.563292672135365,-0.6815177845066679,1.2493335117830777,-0.019656515072477454,-1.1262353535882477
5451199.717982944,19.559302795372208,-0.685967157981008,1.245440020485836,-0.020643697186250705,-1.1827967223182583
5451199.817121632,19.573358339341734,-0.6824388009468102,1.2377169963398982,-0.0204182115566975,-1.1698773474040094
5451199.918067392,19.578744956481547,-0.6824111956002195,1.226079968838537,-0.01976960999291465,-1.1327152152136668
5451200.017907712,19.587191131865765,-0.6852628334020024,1.228276216855695,-0.01925617865672872,-1.1032977665804504
5451200.11812224,19.58806073250045,-0.686720085378227,1.235639995958185,-0.019508680494069584,-1.1177650561793808
5451200.21794368,19.567621396689816,-0.6838717251366674,1.2388986888792948,-0.02145271948635624,-1.2291502856462717
5451200.318191872,19.567459007983526,-0.6824754355659219,1.241877214077723,-0.024248332804450722,-1.3893271299236498
5451200.417850112,19.57221950123261,-0.6788260379009622,1.235369275236971,-0.02503996086963166,-1.4346840770026246
5451200.517089088,19.5769532744827,-0.6822819845597743,1.22842105681497,-0.024797296767233634,-1.4207804480958874
5451200.617964576,19.57458347596345,-0.6863171609160865,1.2206521486900783,-0.02305238998502656,-1.320804653831669
5451200.718138496,19.568952740432803,-0.6776044713448398,1.2260161509250413,-0.02042951537081255,-1.1705250082452021
5451200.817105408,19.564101358261613,-0.6809021033354139,1.2271263687520562,-0.020897667399066358,-1.1973481436346345
5451200.91726288,19.569614384117,-0.6849829642467202,1.2341021089404256,-0.024705591238837622,-1.4155261083607789
5451201.018125696,19.566424414251312,-0.687063186370275,1.2421797731857025,-0.028650749751050225,-1.641567040620672
5451201.118072864,19.567460327124202,-0.6902152168351752,1.2444166721099532,-0.028779726487795358,-1.648956863291538
5451201.217968224,19.57323094535062,-0.68695929790743,1.2477942280781145,-0.02783977702414038,-1.5951017260685223
5451201.318061024,19.574856897202206,-0.6810089627851834,1.243521183862364,-0.02657441650969691,-1.5226019090284089
5451201.418017056,19.57701857850806,-0.6811134498229297,1.2346263278607736,-0.026017391241844757,-1.4906867120983363
5451201.517856544,19.57457984626399,-0.6877829577917038,1.238798231688641,-0.027460945717759432,-1.5733962910654666
5451201.618148544,19.569299881791355,-0.6950457467314699,1.2329363758938594,-0.029770158261402144,-1.7057044238148635
5451201.71788832,19.5674239408122,-0.6901890802392577,1.221446927293464,-0.030664169973358288,-1.7569275217452158
5451201.81786928,19.5636151800589,-0.6790909361607574,1.2179188419543232,-0.028567659259076388,-1.6368063061129055
5451201.918005824,19.56282395497911,-0.671889015185174,1.2224711790560967,-0.02547317772126088,-1.459505574214924
5451202.018064928,19.55966744318994,-0.6786372220194882,1.2287622812860903,-0.024472323695563628,-1.4021608626337936
5451202.118166048,19.567545962430028,-0.6927410439027974,1.2334745976979258,-0.026013055915031582,-1.4904383161691315
5451202.218040416,19.577842119652768,-0.693163778494779,1.2385539953054558,-0.027323683363017066,-1.5655317374527016
5451202.317921216,19.582535578148814,-0.6895904583726548,1.2391006705206984,-0.02879057960962291,-1.649578701366798
5451202.417798432,19.579545113515564,-0.6840334313224866,1.2322577096260134,-0.029202283282358302,-1.6731675842245712
5451202.518084608,19.575685983869768,-0.6821402710786489,1.2295870125859645,-0.028453873460063752,-1.6302868600609575
5451202.617985248,19.569411477952688,-0.6823723546791813,1.2351268585826218,-0.026843161142019328,-1.5379998422272785
5451202.717782816,19.5615749968121,-0.6877184972133233,1.2348678588622157,-0.027064869791239832,-1.55070281210916
5451202.818022752,19.571697136937967,-0.6883569102528772,1.2369438827149362,-0.026747559960893574,-1.532522298032307
5451202.91815712,19.573286126941767,-0.681007509520138,1.241604451724269,-0.02544253171770039,-1.457749687551965
5451203.018057824,19.56447999598022,-0.6795990451958226,1.237196557885335,-0.02511842062090051,-1.439179489611976
5451203.118083872,19.558809703763128,-0.6796277007632213,1.2381921886852354,-0.02498531163062535,-1.4315529062539614
5451203.21793792,19.55767521122125,-0.6862414698637178,1.2374377411902133,-0.027543779510477914,-1.578142317789297
5451203.317870016,19.56715407752229,-0.6884611226858628,1.2332289450383305,-0.028258669708447624,-1.6191025089482334
5451203.418003648,19.5706892224865,-0.689707772951645,1.2339361520143544,-0.026987315340798908,-1.5462592694164383
5451203.517933824,19.56876073587891,-0.681064270064628,1.2400078482380994,-0.025138789046304292,-1.4403465144229397
5451203.618022048,19.55769407742889,-0.6727800942438972,1.240219800907566,-0.024423551942589553,-1.3993664470289244
5451203.718043008,19.559584600299175,-0.6724128593290571,1.237781271207468,-0.02421968487913992,-1.3876857247115346
5451203.818190016,19.56243826616588,-0.6785434133810916,1.235354723978525,-0.023789136944650714,-1.3630171451872282
5451203.918098016,19.56612761077147,-0.6856189874332452,1.2332005852887382,-0.022884918741843712,-1.3112092584074826
5451204.017973824,19.56694911897774,-0.687865484170949,1.2138272290741947,-0.021032890419559542,-1.205095852001905
5451204.117974016,19.56921487083391,-0.6865363443529608,1.2536815440437548,-0.020368223014928185,-1.1670132149366141
5451204.218003072,19.55157538993483,-0.6833671765326389,1.342128933270648,-0.021522927991237468,-1.2331729366618898
5451204.31797744,19.5537464854645,-0.6838948394968447,1.3672826979490411,-0.02219965422314475,-1.2719464936359683
5451204.418124896,19.580364942071384,-0.6886140638422839,1.3427343686034598,-0.022264350047510314,-1.2756532913242349
5451204.517984608,19.56678558573499,-0.6931596780923451,1.3100903476134098,-0.021980738610565063,-1.2594035529656313
5451204.617954272,19.5685103455505,-0.6888949017348411,1.3023986083525814,-0.020705346344770774,-1.1863289589119912
5451204.717940512,19.56562291087779,-0.6815066933947929,1.3075973228884255,-0.019518128094389443,-1.1183063638042352
5451204.818071808,19.55851861921766,-0.6839474500473239,1.3153474577236384,-0.0206460019343095,-1.1829287746548682
5451204.91791296,19.552603554646463,-0.6796605768822923,1.3204290151137712,-0.022013334551022473,-1.2612711627831006
5451205.017937344,19.55514642885257,-0.6858451545660089,1.3164404421784952,-0.02204667464099879,-1.2631814092273301
5451205.118038112,19.557668492834477,-0.6829004781711894,1.318206031002625,-0.020812957209365657,-1.1924946072830318
5451205.21797216,19.562502200854404,-0.6861602865899187,1.322010160994124,-0.021620351791809374,-1.2387549092587842
5451205.317979296,19.56994203280134,-0.6866012894168222,1.3194176544398137,-0.022127877659384877,-1.267833999464576
5451205.417942592,19.565243150842875,-0.6863155595423215,1.3167630078536592,-0.021821793014466073,-1.2502966411369683
5451205.517986304,19.566061459765034,-0.6849637293214589,1.311110884796491,-0.020897505904128033,-1.1973388906562559
5451205.617971104,19.567185649756663,-0.6835214070158052,1.3136019713760534,-0.020221428620058483,-1.1586025156544033
5451205.717975776,19.56023826229326,-0.6835226162928675,1.3165819815164335,-0.021233168920070464,-1.2165709648083896
5451205.817939072,19.56286478785251,-0.6803631580585691,1.3113776468096772,-0.020655677699365087,-1.1834831551561136
5451205.918008608,19.566173213594777,-0.6817896464647126,1.3128482394262404,-0.020643708259841277,-1.1827973567882621
5451206.017978272,19.561405519714988,-0.6860461360490544,1.3132134291188524,-0.021119474602478108,-1.2100567602557277
5451206.117948256,19.563027004340587,-0.6848059488693864,1.3088431641748375,-0.020501141930901103,-1.1746289078393164
5451206.217933376,19.56588833434077,-0.6869534465021354,1.3171221029233549,-0.021172022995811977,-1.2130675614139517
5451206.318079136,19.56241555365364,-0.6823617310110146,1.315594460886233,-0.0208033964982253,-1.1919468188855458
5451206.418000832,19.559764191470293,-0.682244542678948,1.315083329764337,-0.021458383623490517,-1.2294748167986491
5451206.517827456,19.573961908456468,-0.6858872734424114,1.3117850382815022,-0.02182668178815428,-1.250576747236297
5451206.61794128,19.563607841289453,-0.6845651952182554,1.312301167278347,-0.02118334341513657,-1.2137161736635693
5451206.718034528,19.566226032232244,-0.683764468323732,1.31582233576484,-0.020995484755591404,-1.2029526653266462
5451206.817928,19.566929760169046,-0.6890844822760406,1.3113715755268764,-0.021176026732662386,-1.213296958637761
5451206.918051648,19.564098613807115,-0.6876565092371831,1.31608116619332,-0.020898293333165088,-1.1973840070167452
5451207.017918368,19.561460791290447,-0.6837961066767484,1.3145682245568258,-0.020588411751362674,-1.179629100230629
5451207.117886912,19.569164503896793,-0.6867545926123952,1.3141271787364321,-0.021132938766475613,-1.2108282000274566
5451207.218174656,19.572089701790482,-0.6888376781310963,1.3151357052514672,-0.021661944803801455,-1.2411380133031675
5451207.317944768,19.575495859050648,-0.6890683751183077,1.3104517376252847,-0.021729805811915935,-1.2450261626616301
5451207.418016416,19.5749144206173,-0.6883538706801496,1.3127819351872805,-0.02180753834817861,-1.249479908920329
5451207.517976224,19.57236151256187,-0.6872611044005511,1.3160688367891378,-0.02144967605071197,-1.2289759096286355
5451207.617926752,19.554568415344864,-0.6858030804512435,1.313268424100413,-0.021487249725117678,-1.2311287225928813
5451207.71770032,19.554652611187418,-0.6855858142092663,1.3106223133122157,-0.020978718163947658,-1.2019920103886401
5451207.817931968,19.562314419471612,-0.6800742033644028,1.3098833346443963,-0.021133174285646414,-1.210841694281938
5451207.917914784,19.572500865308733,-0.6803151684762312,1.3181570320317955,-0.021160494383506912,-1.2124070205852289
5451208.017762368,19.572158221918507,-0.6810013548278646,1.3123483832452618,-0.02059483238713174,-1.179996975561987
5451208.118052416,19.5734844174685,-0.6839931942499439,1.3116352947447105,-0.02113216078910559,-1.2107836252075976
5451208.217949536,19.564281588473833,-0.6872576313630051,1.3114517500764318,-0.022688444518838256,-1.299952114646158
5451208.317901184,19.560073363424273,-0.6873401724163907,1.309808019873007,-0.022377879519965067,-1.282158050946239
5451208.41797232,19.56048744203645,-0.6857212908735596,1.3106067845487317,-0.0211500485387344,-1.2118085177663152
5451208.517983104,19.56535984801724,-0.6826959538847127,1.306013566341743,-0.02049733855113155,-1.1744109902306357
5451208.617900032,19.57062478772296,-0.6816743646709688,1.3049683510266472,-0.02042540499297856,-1.1702895009431105
5451208.718033152,19.56814871558308,-0.6856840960628207,1.3103683973063753,-0.02140259913774809,-1.2262786012033002
5451208.817932896,19.566505044660897,-0.6891849983783097,1.3148998995555983,-0.021874479411619466,-1.2533153493316076
5451208.917842784,19.564107761449186,-0.6875591649185195,1.3159538005994438,-0.02176512171126724,-1.247049614644169
5451209.017893024,19.56300123811818,-0.682855210843895,1.3125685408169754,-0.020560923721493308,-1.1780541521319847
5451209.117999072,19.564372088256626,-0.6809636066642472,1.310764465690409,-0.019794019154184012,-1.1341137571358555
5451209.2178568,19.565827502933022,-0.6803376097903023,1.3087511129065137,-0.020120942803162255,-1.1528451024453252
5451209.3179392,19.56385181501781,-0.6825404034933357,1.3143763991013049,-0.022081935959250572,-1.2652017339432247
5451209.417899232,19.561636436786923,-0.6847257514445947,1.3164217142942425,-0.023080112549704927,-1.3223930397850179
5451209.517844096,19.56782704312679,-0.6876280549139188,1.3107902402731628,-0.02240674094373863,-1.2838116887192026
5451209.717850976,19.563399858223633,-0.6869531837823777,1.3099918525503012,-0.02056514033130632,-1.1782957460781236
5451209.817912224,19.558853480037435,-0.6845382010288322,1.307278234761965,-0.020746287273951766,-1.188674701363406
5451209.917940512,19.566571877420024,-0.6830617105652333,1.309844939244066,-0.02167477880814391,-1.241873347586243
5451210.017911552,19.57359010495238,-0.6845159519066929,1.3162959707725537,-0.021675989820273377,-1.2419427334702002
5451210.217909568,19.549715152507385,-0.6882713244789481,1.3069871845433265,-0.020977510909301538,-1.20192283979262
5451210.31800944,19.55614040240607,-0.6839856332350827,1.3066885491983122,-0.021242488888043344,-1.2171049596384327
5451210.417963168,19.57100904792719,-0.6820151797504913,1.3128714029334747,-0.02189076026168502,-1.2542481733272492
5451210.517929088,19.568875646468804,-0.6848164133909996,1.3203939212094513,-0.021641226573807446,-1.2399509461655294
5451210.617819072,19.565526149868514,-0.6867576333451881,1.316699973645276,-0.021106745292450768,-1.2093274245150474
5451210.717917536,19.55720896778541,-0.6843115744413919,1.3121707749135414,-0.020991264992296157,-1.2027108906992843
5451210.817927584,19.56149834295352,-0.6838527632578945,1.311920181741,-0.021657472465615744,-1.240881767200571
5451210.917877856,19.566497246726488,-0.6831374329487417,1.3099588828672135,-0.021545656153935302,-1.2344751644605623
5451211.017866912,19.568626581284903,-0.6847254125608299,1.306432978199264,-0.02107028820252085,-1.2072385871287343
5451211.117945824,19.56003667255513,-0.6846578383989382,1.310261347685153,-0.02082772602451861,-1.193340798059705
5451211.217848544,19.562316443635726,-0.6878201740533274,1.3147266545764995,-0.021334327479826925,-1.2223669233440568
5451211.31791328,19.5673075346257,-0.6873796483388267,1.311645770624776,-0.021536886871109846,-1.2339727215653071
5451211.417841568,19.56303099513195,-0.6877866320666045,1.3111499142901333,-0.022079146378516767,-1.2650419027405668
5451211.517844672,19.56240460587357,-0.6866487840589102,1.311990475236894,-0.021977382126388043,-1.2592112405882856
5451211.617932384,19.56562625505744,-0.6841209258003766,1.3145782515337938,-0.02139302112600923,-1.225729821554537
5451211.717950816,19.56384672457932,-0.6851430679794482,1.3107065973932275,-0.020588938206737326,-1.1796592639016985
5451211.817861408,19.571023758038965,-0.6854324961134063,1.3096394047184157,-0.020750810604244666,-1.188933869098533
5451211.917851008,19.574138941319692,-0.6871424128097472,1.3099070952057614,-0.02084014516578321,-1.1940523624393433
5451212.017838496,19.57491703489422,-0.6827881479587686,1.31329933505605,-0.02067140294822362,-1.1843841455475004
5451212.117834848,19.568951972633602,-0.6829848958090612,1.3166055012725195,-0.020778466223961164,-1.190518419388107
5451212.217867904,19.56611393188163,-0.6847487662834807,1.3157193838020627,-0.02149265830920823,-1.2314386116344114
5451212.3178696,19.56682874155972,-0.6820312897960519,1.3102008808623604,-0.02138809521627905,-1.2254475877167352
5451212.418029568,19.559968563567228,-0.6831014278529933,1.309777321725238,-0.02111551173928795,-1.2098297049201439
5451212.517891488,19.55930777045845,-0.6854556440113883,1.3082029771995987,-0.02104751729501953,-1.2059339102332258
5451212.617889312,19.56587995164664,-0.6852965286521465,1.3110328969065221,-0.021741213151699315,-1.2456797550866896
5451212.717814752,19.5696966398481,-0.6848463771224081,1.3085122281480288,-0.021506304507113137,-1.2322204811807629
5451212.817855392,19.56404228147156,-0.686922592129072,1.302503639534098,-0.021051868817591687,-1.2061832341110663
5451212.917744992,19.55900956369966,-0.6859944917805118,1.3040253098674535,-0.021429665241940253,-1.2278293747413727
5451213.01776096,19.567151353437247,-0.6839771023575397,1.309769468881844,-0.021194524123908546,-1.2143567810881684
5451213.11790224,19.570342367276016,-0.6836901067861142,1.314210907705176,-0.020905182905391638,-1.197778750427977
5451213.21791008,19.56574900765037,-0.6854746889083349,1.3168581500427452,-0.02108910100163076,-1.2083164811185596
5451213.31787232,19.564216055066737,-0.683365321911019,1.313211508687908,-0.020876054035134466,-1.196109789100257
5451213.417799584,19.559789138172423,-0.684360940908728,1.3110340252794896,-0.02166114819642675,-1.241092371062668
5451213.517758304,19.559182926830164,-0.684962327673346,1.3102380793682546,-0.021739562096863087,-1.245585156612829
5451213.617864064,19.567164590241454,-0.6842241305913647,1.3089200384238542,-0.02109545528163971,-1.2086805545449169
5451213.717751296,19.569240990080907,-0.6869832222886196,1.3121153069350695,-0.021375506966817243,-1.2247263341511159
5451213.8177672,19.56424836294857,-0.6858803957353938,1.3118464447670184,-0.02096639874189465,-1.2012861594989626
5451213.911876512,19.56711819389361,-0.6820652726823637,1.3053473924262953,-0.020847105686512456,-1.1944511709003423
5451214.0177784,19.567959683236033,-0.6854346528668964,1.305967896079415,-0.02121372434636641,-1.2154568728007162
5451214.117650912,19.572612751448077,-0.6860100056392576,1.3109658074423465,-0.020913104601420936,-1.1982326301770414
5451214.21782336,19.568497243550887,-0.6854456182328796,1.31285554542405,-0.020871569202913286,-1.1958528271421591
5451214.317819808,19.564496311457052,-0.6869907826350679,1.3087536696843574,-0.021267904132789214,-1.218561145897663
5451214.41779328,19.56047682249664,-0.6836325859960836,1.3101339650702801,-0.021089924250513585,-1.2083636498050343
5451214.517796032,19.56246703646675,-0.681750146290056,1.3095084678694262,-0.02164432628333719,-1.2401285464393002
5451214.61773888,19.565068597062055,-0.6848101658413133,1.3118353822707445,-0.020941876469276692,-1.1998811367738842
5451214.717859008,19.569958596066336,-0.6877709695557478,1.3107217376257474,-0.021140801176468976,-1.2112786829368778
5451214.817712032,19.57195470753195,-0.6863155659693982,1.310998159043749,-0.021194433788980154,-1.2143516052780288
5451214.917766016,19.569298361761973,-0.6824607705213634,1.3102116134999244,-0.021354150603999998,-1.2235027046959377
5451215.017692192,19.56647368578893,-0.6804824437822328,1.3122875785863612,-0.02209966734570414,-1.2662176675519297
5451215.117739136,19.56494625090749,-0.6805785833106852,1.311119779716156,-0.022463438261887226,-1.2870602057588276
5451215.217727072,19.566908644860256,-0.6812831891365859,1.3163251719985705,-0.021219628211867844,-1.2157951393767612
5451215.317780512,19.56918760897289,-0.6851838338159311,1.308758483974312,-0.02120462696204778,-1.2149356310746502
5451215.417737216,19.56590808336007,-0.6893480189770985,1.2993376535811911,-0.021523366139641315,-1.2331980407162306
5451215.517867968,19.558035236366386,-0.6876816378581252,1.3037494635297553,-0.0215267875377739,-1.2333940723892618
5451215.617858944,19.55919571847741,-0.6877302425432613,1.3117292253444595,-0.02130478584223504,-1.2206743121901367
5451215.71772224,19.5634337902396,-0.6850517371726875,1.3097647871890232,-0.02111818363054841,-1.209982793012686
5451215.817755104,19.567826353608645,-0.6831182719382002,1.3100530225242915,-0.021636728750209645,-1.2396932398563811
5451215.917784736,19.57600181040406,-0.6857662122035699,1.310274049886694,-0.021839766740082575,-1.2513264597569198
5451216.01779952,19.571945546203814,-0.684583509073903,1.3088856441515497,-0.02174688891314313,-1.2460049522629433
5451216.117752224,19.56826862112927,-0.6828678631199563,1.3097991143020116,-0.021384000383521583,-1.2252129710819204
5451216.217780736,19.56599740511574,-0.6848649501528474,1.3155469724093454,-0.02066068033694501,-1.1837697851758768
5451216.317828,19.573916761160813,-0.6891041283598519,1.315679215056985,-0.02142280659915611,-1.2274364034566534
5451216.417880832,19.571158249284977,-0.6871927859921816,1.3091420335015618,-0.022221630313498462,-1.2732056308634343
5451216.517662112,19.568323702519784,-0.6863472612045222,1.305838053869514,-0.021590844550286696,-1.2370642688544615
5451216.617767072,19.56299869960008,-0.6855501915559524,1.3119690633906926,-0.020690383500314977,-1.1854716510751633
5451216.71781648,19.564945099705522,-0.6845975274628384,1.3130249209091809,-0.020778787704691357,-1.190536838877142
5451216.817648608,19.564209469637994,-0.6821134982502497,1.3134397390399988,-0.021291433208137166,-1.219909262610946
5451216.917744096,19.562134910692237,-0.6804543866293198,1.3091079555367704,-0.021228646214683296,-1.2163118328777238
5451217.017660576,19.562696931426846,-0.6833536941172561,1.3047691375193449,-0.021846003996806692,-1.2516838282429514
5451217.1178256,19.562663452840166,-0.686839413951028,1.3109609153321697,-0.02245192646151895,-1.2864006281831282
5451217.21766784,19.56908784547065,-0.6876251916457292,1.3100840764040103,-0.022072434700482698,-1.264657351915764
5451217.317823872,19.57220482252902,-0.6859816929544533,1.3110709989432654,-0.021112292239360175,-1.2096452411621397
5451217.417788064,19.56802622023778,-0.6804228701592427,1.3193041785706756,-0.020579269337863738,-1.1791052785225764
5451217.517698272,19.56484530798943,-0.6824061737586112,1.318352048587159,-0.02056502879146257,-1.1782893553158293
5451217.617784256,19.56306840644452,-0.6868260023588424,1.3090791477694024,-0.020945417097265544,-1.2000839998144714
5451217.717636384,19.56941643029309,-0.6874758727945559,1.3050118066231289,-0.021591331040198957,-1.2370921426732098
5451217.819208064,19.57149301996749,-0.6870710108963983,1.3059037660141462,-0.02200289077740275,-1.2606727786325005
5451217.917624928,19.574129328193457,-0.6825454038194628,1.313365275993198,-0.02194308935839308,-1.257246409714353
5451218.017712896,19.563542300963423,-0.6860390355331332,1.3124667699065442,-0.02126714098073222,-1.2185174205056708
5451218.117796256,19.559865296555007,-0.6910809272351749,1.3096434754373814,-0.021068515550949688,-1.2071370216751596
5451218.217762368,19.567915500212205,-0.6856058011580113,1.3070637961364704,-0.02150955121317017,-1.2324065037351506
5451218.31774656,19.57834049819554,-0.6805317713166277,1.3096027854788042,-0.021529233999266338,-1.2335342443075197
5451218.41764992,19.574516038284454,-0.6798594999263231,1.31767072142967,-0.022082785628397078,-1.2652504163993021
5451218.517615264,19.568275137694066,-0.6842903003579315,1.3195910279196648,-0.02128643417633367,-1.2196228391869541
5451218.6176152,19.56216412057744,-0.6871673140235247,1.3084192837395667,-0.02100149005914549,-1.2032967438749904
5451218.71765904,19.560373780555427,-0.6860834207341465,1.309624303764025,-0.02163120495505417,-1.2393767497070776
5451218.817787296,19.56212674624458,-0.6843330220209097,1.3162852334599635,-0.022644160745545604,-1.2974148413355748
5451218.917653216,19.570753866458908,-0.6877024913345834,1.3175206136613182,-0.02237428114191772,-1.2819518790710334
5451219.01773552,19.576436734919664,-0.6877988928133363,1.3129272405619499,-0.021410865079175685,-1.226752204760804
5451219.117580032,19.567132013362347,-0.6856270281206132,1.3090877291764933,-0.020715674153773858,-1.1869206987794851
5451219.21767536,19.561724781842408,-0.6865972150950764,1.3043675900560256,-0.02139392007810287,-1.225781327715487
5451219.317732672,19.55774756825644,-0.6868000636843157,1.3065888930400165,-0.02185748191197257,-1.2523414643395654
5451219.417762496,19.56806192455754,-0.684957028113639,1.3087924547176406,-0.021808600432349775,-1.2495407618608245
5451219.517629984,19.570825671257218,-0.6870460494117844,1.3095124110429683,-0.021090779843518134,-1.208412671673176
5451219.61776608,19.577332552075593,-0.6865068893647536,1.3105645552100889,-0.021315852182949718,-1.2213083668077416
5451219.717733056,19.570978533543414,-0.6848120553941867,1.3136334510533263,-0.021523228966994462,-1.2331901813025012
5451219.8176456,19.566540723694867,-0.6850467876347345,1.3126051189896741,-0.02143835359297517,-1.2283271805866016
5451219.917575232,19.568125148788752,-0.6857974789300907,1.3100160124236198,-0.021350729546408515,-1.2233066925344744
5451220.017697888,19.57275808594615,-0.6825062274093467,1.3100299734503866,-0.021170508994439913,-1.2129808155251554
5451220.117686496,19.574365877424455,-0.6849104231202383,1.3102266803778528,-0.02115884972255485,-1.2123127884539457
5451220.217713152,19.566803411067017,-0.6880280526274793,1.3145047979944398,-0.021588313946990935,-1.2369192759659926
5451220.317684064,19.56520061899547,-0.6863672488791711,1.3092545802233277,-0.021430412927937455,-1.2278722139934135
5451220.41767552,19.569953720531696,-0.6846133404901661,1.3071901788105629,-0.021386092828725594,-1.2253328593609727
5451220.517714912,19.573154144336755,-0.6831010203961766,1.304266611774976,-0.022087794435482876,-1.2655373999057136
5451220.617569856,19.56697362422142,-0.6846794163949725,1.30679642712828,-0.0215527323860326,-1.2348806026945924
5451220.717624288,19.561083036740122,-0.6854948062418462,1.3158026996875107,-0.021338739047744637,-1.222619687566777
5451220.817719872,19.566996456826594,-0.6840635135167829,1.3200572170582807,-0.02150225328918771,-1.2319883634917483
5451220.917705728,19.567430838217174,-0.6875233058509748,1.313554178684341,-0.02149029014363623,-1.2313029257419477
5451221.017687552,19.559205461784135,-0.6844137630348363,1.3094895349566127,-0.02129040677226098,-1.2198504521672997
5451221.117564832,19.55882011820126,-0.6858553801852721,1.3084137139477596,-0.02082213582403746,-1.193020503165503
5451221.217576224,19.566300760623133,-0.6851179673482098,1.3109448194500575,-0.02086264907290454,-1.1953417413399499
5451221.317616992,19.57514499628937,-0.6855704508341922,1.3131981714844259,-0.021144261960400142,-1.2114769712499402
5451221.417730496,19.578086098998952,-0.6840364502380222,1.3133738123125382,-0.021437956118341518,-1.2283044069676299
5451221.517627712,19.565794503851127,-0.6842798067140001,1.3129087133041268,-0.021087697781837136,-1.2082360825466556
5451221.617701728,19.55983864735237,-0.6885489352585352,1.3107474908410686,-0.021266210044311788,-1.2184640817777848
5451221.717643616,19.558460515168473,-0.6852984773367942,1.3056618537277107,-0.02143096499410068,-1.2279038450545783
5451221.817597344,19.564468602673543,-0.6823193896185337,1.3075364231938513,-0.02157678866358918,-1.23625892586938
5451221.917542112,19.569359929849895,-0.6852224927438922,1.3059544324445036,-0.02156289010939604,-1.235462597372779
5451222.017632576,19.57052421728514,-0.6867605217216775,1.3071023073742265,-0.021162005379644758,-1.212493594286788
5451222.117628416,19.5681517492418,-0.6844571309528146,1.3061628215220193,-0.021207176114498037,-1.2150816867513854
5451222.217583008,19.568168318247587,-0.6821129116504299,1.3089039717617066,-0.021446493526971307,-1.2287935644500954
5451222.317647968,19.57086016322351,-0.6825409714729106,1.3111898579548678,-0.021449925456143926,-1.2289901995072743
5451222.41768224,19.575395098996022,-0.6845701351666843,1.3088383775690673,-0.021248391062520477,-1.2174431293259222
5451222.517665056,19.566536297500573,-0.6835923339382867,1.3080457072788263,-0.021148226769131726,-1.2117041380568367
5451222.617670496,19.571238531154837,-0.6872159982884981,1.307219124083884,-0.02092932083362117,-1.1991617518417188
