stamp_s,x_m,y_m,z_m,yaw_rad,yaw_deg
5451265.018332704,0.0,0.0,0.0,0.0,0.0
5451265.118385856,0.006273744910171268,0.018376894267101634,0.010736485399651306,-0.00842197098824345,-0.4825433928079727
5451265.21829904,0.03858964570788194,0.014161031898539723,0.023530272383808157,-0.037245202734480815,-2.1339929237948634
5451265.317468832,0.06288033365955877,0.008166577777741785,0.03027112722643978,-0.08523841220233624,-4.883801271590284
5451265.41827424,0.07331615791754476,0.004153619410110662,0.03349290297411385,-0.12706803291707672,-7.280461997177914
5451265.517366112,0.06765188713500038,-0.013980295308289904,0.02340404805029763,-0.14667999622557862,-8.404144722720499
5451265.617281216,0.07897649055776983,-0.024832139125598875,0.04733784232654774,-0.1385283616736935,-7.937090466764467
5451265.718354624,0.11702839424983988,-0.029152283508163044,0.04681717175580881,-0.0958280386705743,-5.490542174840352
5451265.818274176,0.14842535067264787,-0.017171828006328667,0.04856380171324276,-0.037861658567695224,-2.1693132412942697
5451265.918318272,0.17491673338595787,-0.0020509502259446616,0.049812372203048974,0.014223081992361733,0.8149225698308495
5451266.017480992,0.2123239465213095,-0.0007216819620725562,0.04533880748040434,0.04459070116566198,2.5548589823215115
5451266.118289408,0.24774319681273047,0.006052977112610818,0.05423273534280653,0.03831853918391479,2.1954905723449873
5451266.218234848,0.2966082581490915,0.015633817255399942,0.05419002709260742,-0.012445068769457964,-0.7130499162400102
5451266.318287424,0.3282696436991584,0.01123473885718286,0.06394580077207321,-0.07340964976291366,-4.206063106948497
5451266.418372064,0.3510807119098157,0.003999227976164959,0.06517627139191691,-0.13695667862739594,-7.847039661479352
5451266.518339072,0.38603020082967265,-0.031004091263611047,0.04562418905361067,-0.17316250066914005,-9.921480458273018
5451266.61744336,0.42659246015687174,-0.050772470386516076,0.045903964622208124,-0.17784648717655901,-10.189853116444349
5451266.717215488,0.46333090661660403,-0.06878263111883796,0.05903113817230324,-0.1643734386446787,-9.417904298392676
5451266.818338176,0.5052320684327901,-0.08826906491868719,0.06128079244828518,-0.10156412975348034,-5.8191959847934935
5451266.917385152,0.5701460531192306,-0.0871280749996669,0.056495459543547275,-0.056841302159977986,-3.2567667157945888
5451267.018300128,0.6038401488063336,-0.08503423026573795,0.06577328473340896,-0.03690239078776985,-2.114351246081662
5451267.118308672,0.6385724062899487,-0.08212498746827684,0.06082850836903237,-0.010489990972837957,-0.6010322098739476
5451267.217375968,0.6949030731220641,-0.07903619404363016,0.07757157485948474,-0.0013046976722613315,-0.07475367016111699
5451267.317338688,0.7390288261798801,-0.07767154953702042,0.0802118109107899,-0.03741727980197021,-2.143852213512994
5451267.418267488,0.7764920994732216,-0.09955544283841411,0.09338286373467418,-0.08319085521840783,-4.766484898098649
5451267.51743808,0.8260759581463399,-0.11852098850966253,0.08886545246814545,-0.12799146934214392,-7.333371006982913
5451267.618306336,0.869701259720907,-0.14337345419861797,0.08012208928683445,-0.1489805456041288,-8.53595649267287
5451267.71829296,0.9115752767620926,-0.15890721375469574,0.11009556735349922,-0.1400161873158768,-8.022336596712911
5451267.818216224,0.9569824174786546,-0.16014825774781408,0.10625677995593363,-0.10236977169067707,-5.86535586759361
5451267.91832336,0.987101279233698,-0.15636185308653172,0.09591365370869934,-0.0378585202952165,-2.1691334315262765
5451268.018329504,1.0476371915323548,-0.14155737429912973,0.09093207714587696,0.0065915068333184,0.37766552218078653
5451268.117509888,1.0943250539183196,-0.13613633732534175,0.11121078664596575,0.03850734619552471,2.206308417252713
5451268.218311072,1.1266132340071968,-0.13273420647258596,0.12339232002056126,0.04337221202441857,2.4850446971457445
5451268.318208544,1.131439765829346,-0.1335831708338254,0.13517275442617802,0.0029076243756434098,0.16659460513372845
5451268.41738992,1.2164638401109256,-0.13467674691072026,0.12501808987760782,-0.05880938633660728,-3.369529632841927
5451268.518312352,1.23907303299538,-0.14673227998955374,0.12643168859130946,-0.11800543741636393,-6.761213523552823
5451268.618215968,1.3016113395478983,-0.18003696573274777,0.12796892007389538,-0.1733110725623617,-9.929993000708887
5451268.717345088,1.3339045246309824,-0.20695295694989457,0.12943448278385988,-0.18815432236532076,-10.780448568676832
5451268.818223104,1.3646141883537035,-0.22037116752036473,0.13255754296746763,-0.1664419924656773,-9.536423702031556
5451268.91824144,1.4138185011683972,-0.2329716221581907,0.13833437718136254,-0.12762499788648207,-7.312373739261474
5451269.018186304,1.439912769219819,-0.24696013208480838,0.13268024944886087,-0.08410865819120766,-4.81907113486464
5451269.118309408,1.5023820602846112,-0.23598063985713283,0.1324183828795871,-0.05748784311982568,-3.2938107840761988
5451269.218251616,1.5822071499493868,-0.23603182308558573,0.14090546237344168,-0.020358734362704745,-1.1664695552109436
5451269.318377856,1.6334557541612669,-0.2483809058545901,0.13244624497743354,-0.012867597232789593,-0.7372590139130607
5451269.41824528,1.6746477632976424,-0.2407711139476642,0.1528315929750691,-0.040728234733059636,-2.3335559572224462
5451269.5181848,1.712203842118438,-0.24290297026154914,0.153751920169539,-0.07596476323058123,-4.352460324822885
5451269.61834496,1.7560604666507562,-0.2690262403944951,0.1725684248987737,-0.13712508108479984,-7.856688411548228
5451269.718378048,1.8097696966632086,-0.3102771673258116,0.17202323103631506,-0.17388864786577968,-9.963085627945725
5451269.818158176,1.844661817642321,-0.3242839274010654,0.17692628171632793,-0.19676577619796484,-11.273848528759096
5451269.918331488,1.8921823856045625,-0.3330956859982859,0.1885736397920223,-0.16502832551506352,-9.455426552124257
5451270.018214272,1.9572439891219364,-0.3344188533495225,0.165720758993751,-0.09398912390328723,-5.385180119790521
5451270.118143584,2.0363332750557106,-0.32510216705595757,0.16855600582838642,-0.03876071007955272,-2.2208250984885605
5451270.218367424,2.120729582659087,-0.3229230778878851,0.17977561893479868,0.023091146542784657,1.3230252410196628
5451270.418153696,2.2401426137101375,-0.3195623660617749,0.20149962176586692,0.09248663672758375,5.2990939458501805
5451270.518331168,2.3347152733741687,-0.3090851086137594,0.21221896623149186,0.05020327354628138,2.8764356919426963
5451270.618235392,2.395328048479575,-0.3126855426161752,0.22802015108520285,-0.030377430669199824,-1.740498569796418
5451270.717287136,2.459921502321725,-0.32123858234072916,0.23174811857463276,-0.08468221942228854,-4.851933772697902
5451270.818376576,2.5270711129152277,-0.3440241353642327,0.21433719789599817,-0.12613660319669912,-7.227095005287228
5451270.918378688,2.6004036061140403,-0.36468647689402184,0.22654985476181685,-0.1609423053683316,-9.221314842711093
5451271.018333152,2.6822005443946266,-0.38374628557914725,0.24789893146947287,-0.1595473285061714,-9.141388555990911
5451271.118362944,2.7657579534215406,-0.4002618525307636,0.25218508039647747,-0.125000877413558,-7.162022711229051
5451271.217230464,2.8201296673917566,-0.3959981776687778,0.25060345672411977,-0.07640212213364143,-4.377519144100706
5451271.318108672,2.9130026226424857,-0.40485545413751006,0.24479414744368297,-0.017692499473508806,-1.0137055488694855
5451271.413409664,2.97971547849787,-0.39732739939002654,0.25461851035501615,0.01406655319377921,0.8059541302998176
5451271.518280192,3.041223996574144,-0.41840725118186795,0.2631592383008434,0.008660650260661876,0.4962187077748018
5451271.618261984,3.158062017014602,-0.4353732530969717,0.29201105166545555,-0.04367346079822576,-2.5023049804683875
5451271.718344864,3.2311250675228735,-0.44945550686090047,0.28726716374185246,-0.1280951509334152,-7.339311524575958
5451271.818223648,3.2918524710158596,-0.493417861471871,0.2961988739301594,-0.22031974168914165,-12.62339134220031
5451271.918162976,3.3726484296212087,-0.5248421415604247,0.29081419010040377,-0.2769229237627548,-15.866514782028904
5451272.017306112,3.4334204551336667,-0.5473852024941804,0.31394956226868664,-0.27773074607072307,-15.912799590872003
5451272.11453024,3.513170929722226,-0.572553136823975,0.3167834389727164,-0.23534254976720884,-13.4841348415086
5451272.218128608,3.5738086997722966,-0.5781445241011471,0.30648105987035845,-0.159295596877493,-9.126965396097685
5451272.318307136,3.651445474471073,-0.5810487182146957,0.2982648668794491,-0.10371342597948707,-5.942341587467076
5451272.418271232,3.749396303080349,-0.5769048915383369,0.30805627643717604,-0.024461236286956477,-1.4015256009148669
5451272.51824832,3.7924280000858137,-0.5780393791888923,0.3299142992564862,0.009465142591556182,0.5423127229856876
5451272.617352352,3.8602362211417547,-0.5777334549643235,0.34167548265905834,-0.011976315322557236,-0.6861923221003888
5451272.718253728,3.9450738431620826,-0.5877949797513966,0.35462841998995215,-0.05854760695826804,-3.3545307792995303
5451272.81816688,4.0252039448300225,-0.6081424286526499,0.3582248198104451,-0.1275376408328897,-7.307368548779934
5451272.9180608,4.094871089243204,-0.631716973218517,0.361253001375354,-0.1727905663695623,-9.900170192651059
5451273.018248672,4.170562525435162,-0.6640080026285934,0.3562013872315249,-0.2247902829130963,-12.879534486472162
5451273.118191392,4.228490138792706,-0.6899013341040845,0.3698293211832073,-0.2407836456722194,-13.795886672791623
5451273.218142112,4.323239223748982,-0.7101127712571235,0.3842978291441459,-0.2343701019666829,-13.428417686741685
5451273.317230432,4.3923712659127245,-0.7264986901432573,0.39102750712888,-0.1714654016994205,-9.824243849892088
5451273.418232864,4.471529858987034,-0.7383882118082783,0.37496184591514525,-0.12454315159386223,-7.1357969535863175
5451273.517329504,4.573319718073728,-0.740783105321705,0.3860511652816966,-0.0727750713226203,-4.169704440549693
5451273.618278496,4.641211256965639,-0.7236837291929267,0.3864813776147578,-0.012257563147589566,-0.7023066354719751
5451273.718204128,4.710097091220338,-0.7435557153385112,0.4059165117858224,-0.018225662991645807,-1.0442535682490826
5451273.81727744,4.746734374948055,-0.7383575828020205,0.4130582873162048,-0.04515969956909225,-2.5874601893877482
5451273.918172864,4.8119193443187145,-0.7489921695898164,0.4262516602891123,-0.12176718819035175,-6.976745966482396
5451274.018177472,4.896172556256578,-0.7702518774540444,0.43171026991474276,-0.17150847424658497,-9.826711725057491
5451274.117227072,4.978921520859705,-0.8047212944303483,0.429062369814483,-0.22590236890225554,-12.943252320106618
5451274.218182112,5.0414784458601325,-0.8396992949838787,0.43250452450670474,-0.27592632552157476,-15.809413908939128
5451274.316352,5.092272460162409,-0.8584794890315544,0.4502174709485718,-0.2722992549700134,-15.601598074338474
5451274.417331136,5.158169943476481,-0.8813542648215296,0.4538471820226182,-0.23873387077083577,-13.678443221990495
5451274.518097248,5.255405492009551,-0.9008911826754733,0.45404497835589447,-0.16821618322026455,-9.638077344320536
5451274.618323328,5.345846245127402,-0.9040852696312465,0.4584215349639405,-0.13833718719232552,-7.926136975831478
5451274.717258176,5.404141194174889,-0.9001871585683002,0.45380703560010766,-0.06921322731411367,-3.965625811578304
5451274.818131904,5.482524595492453,-0.8933766425220943,0.47025345563141835,-0.0313275928823067,-1.7949388544602518
5451274.918116512,5.580305949531579,-0.9154917252119257,0.47683728923985214,-0.047453986864678666,-2.7189131684153334
5451275.018146048,5.628553210019421,-0.9131081628689398,0.4895368004120784,-0.08464954991169399,-4.850061947622076
5451275.118224608,5.681060920753632,-0.9241394057693103,0.4923666248258561,-0.16554193735916597,-9.48485434309926
5451275.218193408,5.768490238630334,-0.943472538617039,0.4975838380062574,-0.197042178967489,-11.289685240898557
5451275.318237376,5.832225290509721,-0.9746212073740672,0.4906460251182578,-0.244823462812832,-14.02735114495333
5451275.417256512,5.9187164376568,-1.012139307961026,0.5144609615234255,-0.27807754241683424,-15.932669557854732
5451275.518975392,5.999712254647882,-1.0371004000039281,0.5262435452793364,-0.2758108937441723,-15.802800155272271
5451275.618066112,6.082057777735445,-1.0642443629641498,0.5314498299167615,-0.21380496462350582,-12.250122111870756
5451275.717202944,6.128617768099773,-1.0748095743378332,0.5239470267230909,-0.16861880086284894,-9.661145635998128
5451275.818089792,6.232080642874193,-1.0871294334940065,0.5149245736689334,-0.11224439143723854,-6.431129903368125
5451275.91812336,6.337243777053534,-1.089090327119183,0.5209549652169184,-0.04286889580598286,-2.4562068020688934
5451276.018229824,6.3901453130243215,-1.0870529164743716,0.5342487472756189,-0.014546905567998219,-0.8334762940216555
5451276.11813008,6.4524553735830406,-1.07490502974806,0.5409493314487775,-0.01242774930671965,-0.7120575841216708
5451276.21807856,6.532970497658748,-1.0867529094117436,0.5500501226377258,-0.04808411389546837,-2.7550167878366936
5451276.317216512,6.611653910845593,-1.0914872837461074,0.570296637677787,-0.09703477166475301,-5.559682882405976
5451276.418064384,6.701250338366051,-1.1055892088069843,0.5733915694600429,-0.11640067785182513,-6.6692675733714974
5451276.518065728,6.769512029869814,-1.1419233020103097,0.5760598832495576,-0.16017725554934528,-9.17748071696593
5451276.618131008,6.865564684597767,-1.1740967125160524,0.5792287531702842,-0.18127149462534295,-10.386091588060538
5451276.718073856,6.949731280614391,-1.1897403075743584,0.6034686816311539,-0.1791733957404582,-10.265879376955537
5451276.818180288,7.019074108299913,-1.2054815930508598,0.5962595908038927,-0.13674377378726665,-7.834841112702036
5451276.91821008,7.077129644942878,-1.2108670210320978,0.5986670543024418,-0.08961589895656254,-5.134612787481871
5451277.018122112,7.183668512077945,-1.2197028453708145,0.576909057551666,-0.03453904872231456,-1.9789417201853425
5451277.11800192,7.275293927899065,-1.2235966247510939,0.59801239062345,0.014523413294540943,0.8321302859013864
5451277.217159744,7.357034106974545,-1.2223152574988378,0.6066387133011704,0.019813127125226187,1.1352085632316302
5451277.318087968,7.46106425017317,-1.234980359869541,0.6292925186757179,-0.0044483758301858325,-0.254873160757652
5451277.418251968,7.558065095180181,-1.238233094112041,0.6383673582717228,-0.06751866460328572,-3.8685345201276147
5451277.518143776,7.613197095147047,-1.25897478337529,0.6469256673222183,-0.15984914038133108,-9.15868110264449
5451277.6182808,7.695907269566906,-1.2966809293420163,0.6494973889221973,-0.20424909537427727,-11.702611134311113
5451277.717186592,7.7787956876670705,-1.3253912375310604,0.6650975822740992,-0.25831390544458865,-14.800296571516347
5451277.817125312,7.841171559082598,-1.3524004003939676,0.6694659093735678,-0.2603821036733349,-14.91879560121994
5451277.918058368,7.903472685338404,-1.3711582939328768,0.6750738152427513,-0.2243332162921973,-12.853346498138343
5451278.018046848,7.99160960235688,-1.3962670190537907,0.6679300019050045,-0.15472067096328085,-8.864841449628297
5451278.118069248,8.088679357500908,-1.3947759154428037,0.6738066011680414,-0.09681136207037982,-5.5468824555456635
5451278.21799872,8.174027253004054,-1.3993752107918613,0.6753553873461338,-0.027507077949243786,-1.5760394732290406
5451278.3181728,8.260979795658761,-1.3959431060462797,0.6840655784676739,0.0057021665823667154,0.3267100792501495
5451278.41797888,8.362492703771093,-1.3955788762645869,0.7000922094374658,-0.005202896023353047,-0.298103983383529
5451278.518111936,8.458744759274728,-1.4048732580232128,0.7273316552467224,-0.046083622958879515,-2.640397100215979
5451278.618161536,8.499290737863497,-1.403519581249459,0.729681925391522,-0.1280172736583355,-7.334849485393913
5451278.718015296,8.586193410189583,-1.425507191151834,0.7179324371917667,-0.1539135363262471,-8.81859604142744
5451278.817949216,8.663679977102063,-1.4519683040463889,0.7363907595780659,-0.19721211778662318,-11.299422018010382
5451278.916922944,8.747015542030049,-1.4829244123033394,0.7372892150018826,-0.22434716232178978,-12.854145546774957
5451279.018079936,8.846424657527836,-1.5125578905721544,0.7552962224752533,-0.21822186941183586,-12.50319211475319
5451279.118053984,8.902007291647024,-1.5271423706341642,0.7573531576721477,-0.15895120911330124,-9.10723343069355
5451279.218106912,9.01562158941234,-1.540975332918462,0.7562138410631332,-0.10987904852607673,-6.2956057374573655
5451279.318046016,9.10533370596853,-1.541017715286167,0.7631836037832088,-0.05061651926358799,-2.9001129274462216
5451279.417936608,9.219814936101624,-1.5496155329338022,0.771933577297391,0.007850973067534276,0.44982762184059144
5451279.518152704,9.260778553141874,-1.5371109430744423,0.7759771597789958,0.013995510777496233,0.8018836996803915
5451279.618043488,9.341839578863215,-1.5441265630229688,0.7872307904628081,-0.017597217452309584,-1.0082462911912942
5451279.717973024,9.413594952091547,-1.5366828674288457,0.7969013723121489,-0.09056472874830805,-5.188976730025166
5451279.818025792,9.46017679204957,-1.5511873610062148,0.8061114887638143,-0.15825169334143152,-9.067154129262578
5451279.918081888,9.562068097654464,-1.5888644280009412,0.7991387255603553,-0.19391740709596467,-11.110649000719016
5451280.017900992,9.637734623919858,-1.6211556660568507,0.8126618667346633,-0.24054251642436453,-13.782070984572373
5451280.11807776,9.723037702257963,-1.6401790747165033,0.8373936056800333,-0.2484892779896691,-14.2373868830611
5451280.21802128,9.822660110008659,-1.67604186369864,0.8429105800595242,-0.2230825283590741,-12.781687358082445
5451280.317145792,9.873893263691134,-1.6796830338531783,0.8436280642164689,-0.15239655648834807,-8.731679499109386
5451280.418054144,9.949304022515003,-1.685394852428401,0.8316065529877911,-0.09349888039406011,-5.357091235778124
5451280.518255296,10.045865359958968,-1.691368828775773,0.8255247671240713,-0.033575594887610014,-1.9237398817010773
5451280.618187968,10.142733275325392,-1.6841433086657507,0.8458862611427038,0.005767425813369796,0.3304491577608953
5451280.718159872,10.218287339783801,-1.6853114218624123,0.8670175012896376,0.0033855605488632835,0.19397833073586065
5451280.817999232,10.306701499437573,-1.7028004082628776,0.8763215037572244,-0.04082842136345436,-2.339296228307701
5451280.917129984,10.369236932734369,-1.707762179649049,0.8803540710514234,-0.13043865764553736,-7.473584568441138
5451281.018110432,10.456865274631427,-1.7356762893955993,0.9031098549305917,-0.16022637557829378,-9.180295087314239
5451281.118023648,10.536167798273977,-1.7691662966847879,0.8941469153318952,-0.20413415804585902,-11.69602571048424
5451281.217960384,10.60022982848386,-1.7843452064164804,0.9093055571836164,-0.2394878969023007,-13.721645736966012
5451281.318118816,10.677674958607158,-1.8092467697674084,0.9134884982459146,-0.22507938863670623,-12.896099024268088
5451281.41802224,10.75860877988573,-1.8292663130197067,0.9216785693473912,-0.16609683281791288,-9.516647510956432
5451281.517947712,10.841821601967608,-1.842381819567758,0.9233251010585473,-0.11801966895558395,-6.762028930686105
5451281.618139712,10.907697034802661,-1.8396293715908163,0.9142956014290412,-0.04844627026875649,-2.7757668195498675
5451281.718066688,11.04707313818081,-1.8318728804094018,0.9239824171867166,0.00798685066909589,0.45761283494043214
5451281.817891904,11.091971244537968,-1.8314110398540884,0.9289231585980677,0.009133807299501442,0.5233286091472165
5451281.918123872,11.137761668724659,-1.825325696431054,0.9448288985408106,-0.013883186769063246,-0.7954480080591895
5451282.013141152,11.218129209850325,-1.833691026917564,0.9558434584207325,-0.08376601376386014,-4.799439055303949
5451282.118206656,11.321437716736973,-1.8627451538959132,0.9725833386651406,-0.13637175574120394,-7.81352604875994
5451282.2181336,11.394626819796231,-1.8907593359240176,0.9656991669641573,-0.16829904154852185,-9.642824776827188
5451282.318039968,11.503768604842238,-1.9184634366927837,0.9752039143769292,-0.21137045845768215,-12.110635183370484
5451282.417924128,11.563083398850255,-1.9411276514586504,0.9872122187359563,-0.20652549338247456,-11.833039132672804
5451282.517840896,11.625656040674327,-1.9580142959629634,1.0012944003451807,-0.18979334051234448,-10.874357391046644
5451282.618057056,11.71262397586872,-1.971263538042987,0.990321809993,-0.12034978227789808,-6.895534589841911
5451282.71719232,11.785107153586393,-1.9723262170793519,0.9927337743540305,-0.062709397777882,-3.5929838284797015
5451282.818075168,11.898614157242621,-1.9697248586134501,1.0108672714298397,-0.002656135453283867,-0.1521853512882334
5451282.917986496,11.965827154472175,-1.962595370459854,1.0031642844233795,0.034677331155078185,1.9868647199635001
5451283.01716288,11.993321278308864,-1.958161108479317,1.0160316630459216,0.012457329833442134,0.7137524234586431
5451283.118068992,12.07379923065664,-1.9609442920373235,1.0272781012642147,-0.027113400749279756,-1.5534834311805739
5451283.218018016,12.142728739531336,-1.9741108053741663,1.0468918336541715,-0.12129614904190898,-6.949757411291189
5451283.318134336,12.228004554808274,-1.994751583282752,1.042001675080557,-0.14499874781066827,-8.307816284233077
5451283.418049408,12.330851522958193,-2.022082103249242,1.0523109833350395,-0.18678351274849156,-10.701906963116574
5451283.517933632,12.389624424567089,-2.048443811154925,1.0622972129759907,-0.22450925911621009,-12.86343300896784
5451283.617964992,12.466032467344798,-2.07074281894848,1.0748240420323392,-0.22141984137561382,-12.686422411278832
5451283.717942016,12.556602799173165,-2.083285093571206,1.076834280227485,-0.1568145049759478,-8.984809301555055
5451283.817949152,12.649145582291359,-2.1026525371266613,1.0691157756775342,-0.11051336435751623,-6.33194935747718
5451283.918046688,12.734383759091706,-2.0982731274631394,1.080224056130145,-0.0451616573785527,-2.5875723636069226
5451284.017958976,12.83393769731849,-2.10058012444672,1.0719620649771517,0.018592275974118406,1.065258944859466
5451284.118143488,12.92470732761592,-2.103325017065654,1.0987120386211853,0.027323529208339407,1.5655229050402795
5451284.217966848,12.950026381255928,-2.096794704833326,1.1129864056199543,-0.0029321752025654214,-0.16800126389991588
5451284.317867296,13.02962823790563,-2.1022361374639473,1.116458364028344,-0.06465479181304243,-3.704446696184319
5451284.418041952,13.10462147645797,-2.1182737648957826,1.1224856129793501,-0.13730383540302296,-7.86693027955215
5451284.518012192,13.203318613780077,-2.1492930824139904,1.1341961790222688,-0.17220041954309398,-9.866357270201386
5451284.61791344,13.263642183103817,-2.1800703737225136,1.1324443389850167,-0.21927567179849103,-12.563570543949346
5451284.717862112,13.342620232119573,-2.199846176280941,1.1470414494421048,-0.21639846995180678,-12.398719021327091
5451284.817998176,13.408498877719643,-2.2203981883162935,1.1576291007742707,-0.19636625983801761,-11.25095792748769
5451284.917945024,13.482071353807077,-2.233526541247505,1.1518229537333893,-0.12722609364283033,-7.289518209670371
5451285.018151136,13.527324571052647,-2.2273468409472685,1.1387118129170868,-0.07146812915976722,-4.094822170550512
5451285.118070592,13.620885000823264,-2.2391415237495105,1.149626403400074,-0.01032267410828156,-0.5914456596935039
5451285.218024544,13.722538916864892,-2.2254733148402965,1.1580541222892196,0.03039583029864014,1.7415527909079527
5451285.318008416,13.761696383838819,-2.223045878630712,1.1774748431242439,0.01512910298011404,0.8668337485793307
5451285.41805152,13.832562827284269,-2.225604185046205,1.1786366282909206,-0.01773484287092285,-1.0161316468315553
5451285.517963008,13.873206608459007,-2.222660746046424,1.1870612970862888,-0.11643986071897944,-6.671512586288661
5451285.617846112,13.988928004777003,-2.254988019853539,1.210587866422941,-0.1480083087473239,-8.480251424090884
5451285.718130624,14.0758078279894,-2.2960269534863444,1.2034776700395144,-0.18886196750682877,-10.82099364867818
5451285.817975648,14.164357423161563,-2.3140402701667613,1.213419708370865,-0.2194323804846702,-12.572549290280453
5451285.917935104,14.22811255615253,-2.3262591238507535,1.2250040720573616,-0.21058967624809316,-12.065899658042134
5451286.018010208,14.277425816670304,-2.3378586207797585,1.232690258344151,-0.14380415973449337,-8.239371429211603
5451286.118003488,14.355172584058275,-2.349003864666928,1.2408579488775116,-0.09391403635580331,-5.3808779202257035
5451286.217931904,14.380208695009182,-2.350775443463584,1.2228282287757213,-0.02779511326890604,-1.5925426813963892
5451286.322815488,14.512178219163005,-2.3357196557681403,1.241475926358207,0.03635604859679721,2.0830481443689988
5451286.41792624,14.611152436092487,-2.341390926031968,1.255460271120528,0.034898429904155634,1.99953274514126
5451286.517711968,14.718540047031627,-2.3415952919548277,1.285875605244268,0.009556377803631005,0.5475401155805559
5451286.61707008,14.718171553773814,-2.33431860810512,1.269390284991998,-0.06114169777613891,-3.503161234837171
5451286.717951296,14.816638090785583,-2.335505661728281,1.2732159822598936,-0.11731644281832912,-6.721737040978115
5451286.818026432,14.915856251359022,-2.3653864082101945,1.2833794845452777,-0.13859864676295516,-7.94111750574186
5451286.917957824,15.009607590035687,-2.4012989855022644,1.2781873695142056,-0.20023308560649053,-11.472510724133619
5451287.017961408,15.098134113192904,-2.428128411394577,1.3037837610453822,-0.21665623725925656,-12.413488000140415
5451287.11831088,15.176409481545186,-2.4558745416641146,1.3162116312117758,-0.20890401352487067,-11.969318298318958
5451287.21777216,15.244752380814642,-2.477115377801636,1.30667621506481,-0.17846719390803212,-10.225416992473116
5451287.3179024,15.301321697392732,-2.482523450768279,1.3133619366784126,-0.13782679397203149,-7.89689359841654
5451287.417821408,15.40112635537458,-2.4902604844684335,1.33092647608099,-0.08554268616218323,-4.901234885305248
5451287.517918592,15.486699263807616,-2.4972218229095424,1.3322573585469972,-0.04273941969097445,-2.4487883671311614
5451287.617913824,15.553558560045763,-2.5062056323599955,1.352082799675478,-0.060692072215961554,-3.477399587877803
5451287.718068704,15.653222206307682,-2.518774559905523,1.3502572939097375,-0.08273076323488997,-4.740123569255273
5451287.817935104,15.737841490437228,-2.5373344675629275,1.356243352143856,-0.17790199555396055,-10.193033512197076
5451287.917936224,15.78065955525355,-2.5648784416920365,1.3620508387485148,-0.22794447595665085,-13.060256435637362
5451288.018011936,15.861819423476774,-2.601809166923628,1.3695680960020584,-0.28359794863806465,-16.248965535528995
5451288.117886048,15.94636544487706,-2.6388404940583676,1.3835677811269762,-0.3215034212074255,-18.420789134202284
5451288.218042368,16.015985118372562,-2.6609150333966887,1.4056715548540129,-0.2980671646114062,-17.077990543664743
5451288.318020576,16.113554394169338,-2.694303432827536,1.3937838918778422,-0.24057097008510103,-13.783701259244273
5451288.417925056,16.167799342391298,-2.7078242072784575,1.3781622919019993,-0.18050680239542963,-10.342277950660057
5451288.51806,16.283830186456502,-2.718777744224643,1.3744657115460845,-0.1098108113287813,-6.291696034046536
5451288.6180296,16.361420497503026,-2.7166911048875115,1.397831644272241,-0.04435945116462273,-2.541609333249567
5451288.7176992,16.46129841984776,-2.7297914721713585,1.4121424676291385,-0.030087398651760706,-1.7238809592734918
5451288.817942368,16.52260476925545,-2.738489904918825,1.4279989697543423,-0.03505337696218016,-2.0084105576140336
5451288.918019968,16.579189144792092,-2.742253253177305,1.4345763724689662,-0.11332257622867335,-6.492905341452532
5451289.01794016,16.65008323250023,-2.764684600695456,1.439282939456904,-0.17978704871418438,-10.301039102435698
5451289.11798432,16.752575499123346,-2.7990472527101673,1.450559728407788,-0.2181529749140711,-12.499244750799596
5451289.21798816,16.821105496323387,-2.8316908051436838,1.464566382546825,-0.25727416872658637,-14.740724045770031
5451289.31786528,16.94208736753605,-2.855653363975477,1.4984326035587594,-0.2642663669804093,-15.141347495232829
5451289.417974336,17.03094990245474,-2.8992392621418777,1.4877946043680035,-0.23852200936671866,-13.666304457692869
5451289.518064064,17.114035858622188,-2.924369188841016,1.473070147766339,-0.17847876959115475,-10.226080230261024
5451289.617870208,17.228648588663056,-2.936428323490397,1.487884610581828,-0.12302366124503746,-7.048736569587796
5451289.717972832,17.322024670063698,-2.945466181351405,1.4741319095022964,-0.062041550349828424,-3.5547189894935647
5451289.817825536,17.499992356043556,-2.9321631247254274,1.507579960622723,-0.015556768757811005,-0.8913371926835469
5451289.917879808,17.55230773267125,-2.94279987288951,1.5324821283393653,-0.0164138916206654,-0.9404467152492743
5451290.017944448,17.662005461570658,-2.9372639312388023,1.5405917566941878,-0.040410808696441036,-2.315368785016635
5451290.117926848,17.722915053310842,-2.9589681379581867,1.537703959193491,-0.11772620683100221,-6.745214789500629
5451290.217997888,17.84238684670933,-2.9758707835827347,1.5669828755152746,-0.157986745081991,-9.0519737122073
5451290.318074592,17.906268938261185,-3.0010418886781793,1.5819682012034262,-0.19724916609119306,-11.301544729500351
5451290.418089632,17.991246897795357,-3.02430010869366,1.5945388927716433,-0.22677077519946842,-12.9930083358395
5451290.518201536,18.05670827582818,-3.0397702364464214,1.6021037175057187,-0.22185947255031283,-12.711611422131464
5451290.618241536,18.153724216846346,-3.0762954822410755,1.5911636153919198,-0.1789430109575601,-10.252679301231437
5451290.717891136,18.20722634343813,-3.081562072134943,1.5916690628983405,-0.12743902778567595,-7.301718437369661
5451290.817842624,18.303333656927244,-3.084232161278538,1.5993567435350555,-0.06738675846036496,-3.8609768548464056
5451290.917872704,18.345274862313943,-3.068586655193803,1.592208703354939,-0.01448514943853061,-0.8299379284440981
5451291.017808576,18.40304385341629,-3.071205179332409,1.6196598324739424,0.009158022435574616,0.5247160342445444
5451291.117883936,18.553106408013992,-3.082418495388003,1.6386146092728886,-0.009505668389663244,-0.5446346801786216
5451291.217903232,18.629099248453848,-3.083632280114996,1.63472381748262,-0.06413876486635181,-3.6748805300239242
5451291.317958176,18.674263238678353,-3.0952288997999213,1.649337530001412,-0.1489394079043692,-8.533599476097768
5451291.417969088,18.746050065654526,-3.108013498025563,1.6608253738500611,-0.19628635874004438,-11.246379931795362
5451291.51778704,18.829167120848975,-3.1557109531818175,1.6680948486622262,-0.24154558030288198,-13.839542311393446
5451291.617882528,18.888508579236234,-3.1708623368856834,1.6806733651761774,-0.267727943763859,-15.339681235384969
5451291.717858752,18.96918366376353,-3.1980310719568035,1.685262855267373,-0.2504375839376282,-14.349016591079394
5451291.817977216,19.052497284853413,-3.2139608952769985,1.692916114374737,-0.1805807745848774,-10.346516244916755
5451291.917796384,19.133796560003066,-3.226037968533527,1.6893809506376376,-0.13574815685415356,-7.777796464422897
5451292.01787872,19.23498435440399,-3.2389702502651154,1.6909783968110719,-0.06772526910421253,-3.8803720860591278
5451292.117776384,19.341041957913635,-3.2231406400334146,1.7005635706528248,-0.010724745045554648,-0.6144826274641211
5451292.219108992,19.406326989997183,-3.240773495080482,1.7188432950782206,-0.015871199241999256,-0.9093527323777887
5451292.317853056,19.490121064713303,-3.2420944111321544,1.7314894166356993,-0.04220809428940695,-2.4183456640732497
5451292.417779936,19.558896828945013,-3.2369276874116606,1.7394610117523026,-0.10746332982801178,-6.157195251567406
5451292.517770336,19.64223058200649,-3.2550049474167944,1.7627856332286787,-0.18356345679567118,-10.51741134722399
5451292.6177904,19.72379596841984,-3.291762125340984,1.7642234540072799,-0.22064029353012374,-12.641757609803733
5451292.71781408,19.79318741448791,-3.3257692580671296,1.7712924210794196,-0.26440053855832424,-15.149034960377966
5451292.817909152,19.85592350462049,-3.3461680327387007,1.7869754098555504,-0.2651529244867194,-15.192143498640041
5451292.917787392,19.926770865630818,-3.374249733567572,1.7814955559244283,-0.23352904591537055,-13.38022872466755
5451293.017832288,20.021278847667894,-3.400734189429172,1.7946448641825794,-0.1633682442282978,-9.360310900743935
5451293.117950112,20.08230178378753,-3.4049521036626973,1.7800154718956522,-0.10946802531278407,-6.272055842053791
5451293.217807936,20.19088248093083,-3.407751907938682,1.8037428867299474,-0.054656716208416944,-3.1315991607865703
5451293.31781568,20.264798247881988,-3.406406081166688,1.803515486224695,-0.009146594315974322,-0.5240612512236767
5451293.41776416,20.343831831010373,-3.398792428708939,1.8170758967081313,-0.02084964360003328,-1.194596582633855
5451293.517820704,20.426968005538622,-3.4081188495611623,1.8267174401777508,-0.05059755671404513,-2.899026453388608
5451293.617761376,20.49134187631565,-3.417986031099166,1.8340600226825772,-0.1272118557555857,-7.28870243882207
5451293.717938816,20.58924114833859,-3.443471359339879,1.8549719980503965,-0.1828515581176114,-10.47662255753022
5451293.817879904,20.689331060619075,-3.4753006831360094,1.8506356950122076,-0.2227596282842588,-12.763186546591069
5451293.917734112,20.747770417264285,-3.50194517798984,1.8630613228687956,-0.26669248447905775,-15.280353788508222
5451294.017815808,20.813108830876324,-3.5269515573049395,1.878216494282834,-0.260974158290908,-14.952717832048108
5451294.117887072,20.877399685092737,-3.549183991436408,1.884468550817464,-0.2057739924403081,-11.789981300386563
5451294.217809952,20.95638312956045,-3.5646151485449966,1.8864935639693134,-0.15568067898488963,-8.919845857565186
5451294.3178408,21.025516060434402,-3.5696183381722926,1.883359388036493,-0.09218399395534961,-5.281753792301025
5451294.417798496,21.134502305115458,-3.566139023943256,1.8856679263309113,-0.02419587252016188,-1.3863213770418426
5451294.517716192,21.22597390182884,-3.5644874348888664,1.9117575655946073,0.010341456606286424,0.5925218175578956
5451294.617755936,21.33181015576608,-3.5647364702852293,1.9295910740550384,0.017261033603153512,0.9889843754941885
5451294.717853856,21.386924686598455,-3.5766508823111365,1.9422599007220815,-0.0144873525452383,-0.8300641571602656
5451294.817739296,21.452306567783285,-3.5861821499697766,1.9533338657662032,-0.09001391461063543,-5.157417404640388
5451294.91787968,21.53102559396759,-3.6045164557243323,1.9391637775645942,-0.11832996494258165,-6.779807581140919
5451295.01770624,21.637409905418398,-3.6326605290517033,1.9395762224819977,-0.16134057122193268,-9.24413379524661
5451295.11777296,21.712877212212568,-3.6536491288753683,1.9669693856983972,-0.18244703465716428,-10.453445070532574
5451295.217830368,21.76770020333851,-3.6790796514837023,1.9788404544023248,-0.18164468166479864,-10.40747363039033
5451295.317808384,21.86955546006925,-3.697455957158787,1.991964579923606,-0.11303990020414523,-6.476709198277534
5451295.417874112,21.932213044055416,-3.693389216331711,1.9897468777859537,-0.07128739793748103,-4.084467034287273
5451295.517873344,21.991265363705004,-3.701283279108151,1.9902584340264868,-0.018463643502635668,-1.0578888471351682
5451295.617803232,22.12284565831773,-3.6916570505405377,1.9841712718731628,0.0369054839552249,2.1145284715221635
5451295.7177656,22.201277610130386,-3.6836209942204,1.9889476492349325,0.030486252869896858,1.7467336226136836
5451295.817683072,22.280267475955593,-3.690437752726484,2.0232824953712827,0.022506796506146325,1.2895444501619715
5451295.917762816,22.36360490647828,-3.6933825680003807,2.0347258150084144,-0.03839485928513148,-2.1998633920367148
5451296.017830304,22.41744243972686,-3.6981147628858966,2.029176096716367,-0.10915378423568042,-6.254051154586107
5451296.117816928,22.49446939083268,-3.7239082520131888,2.0331711469284484,-0.15526245660111862,-8.895883480077206
5451296.217754912,22.589569707845705,-3.755384812108154,2.044485284567089,-0.19769128303864592,-11.326876164640607
5451296.317690048,22.672590660320285,-3.776202052674599,2.0661193402108786,-0.22073040591635726,-12.646920669216767
5451296.417854528,22.749568693693558,-3.794002571162403,2.0826880031658224,-0.19725871850905943,-11.30209204272824
5451296.517718304,22.83625630901878,-3.8116076502200156,2.084333418634543,-0.11974976568793838,-6.861156171599388
5451296.617801088,22.885392095791964,-3.8145105030650703,2.0738132937170692,-0.0620079048341531,-3.5527912434458275
5451296.717733408,23.008427501713843,-3.8279038902322027,2.0711728685752444,0.004910801211082631,0.28136818342276804
5451296.81776096,23.08708618156873,-3.8075471819968647,2.0849688704828937,0.06553524117426032,3.7548927286570937
5451296.917849952,23.16742357247962,-3.8052963283958,2.1076081180716035,0.0698782314508624,4.003727741972747
5451297.017790176,23.254658021991066,-3.795662104518271,2.1305747097132492,0.044412723181654075,2.544661594991612
5451297.117722496,23.35062723799736,-3.7956964565792974,2.1359149560365314,-0.015192664314905313,-0.8704755448030888
5451297.217641504,23.437484294817978,-3.804170742010701,2.151164542117024,-0.07659069466431351,-4.388323554240317
5451297.317774848,23.492694778226834,-3.8118955796887652,2.1449431307139726,-0.10536200697851093,-6.036798320896604
5451297.417680672,23.58314269678478,-3.8424736093842533,2.1578568386404786,-0.14477983925130677,-8.295273747682375
5451297.51783232,23.670075129290584,-3.8623324263697145,2.172200610064819,-0.1442555344308243,-8.265233294290365
5451297.61764464,23.757101179802664,-3.854238440988618,2.183677948969004,-0.11398988793184682,-6.531139485664059
5451297.717727424,23.818269662854952,-3.85617983783654,2.192790300540524,-0.05568507603231999,-3.190519838517031
5451297.817741568,23.905512282169642,-3.840776892040311,2.190153418225825,0.009073061880159666,0.5198481529941804
5451297.917762016,23.985763362281368,-3.8515212116948683,2.1901048258924045,0.06024342766309498,3.451694148497014
5451298.017719936,24.093205058357317,-3.8454416052149445,2.1994141522717654,0.106982117901423,6.129623839122509
5451298.1178056,24.172133280059132,-3.852434362109287,2.2263597470948504,0.08671084091596615,4.968165222515154
5451298.217710304,24.269659358844873,-3.8441425423112947,2.244636852180353,0.042384131494964644,2.4284318529889823
5451298.31764336,24.33770470104286,-3.8398730735834783,2.2363165367211835,-0.047169580379424904,-2.702617877144143
5451298.417709408,24.430447044042506,-3.880449291196723,2.253261868045871,-0.13362300118118797,-7.656034013553685
5451298.517698496,24.495730092636094,-3.911369050674586,2.2488404922977323,-0.18648004191480214,-10.684519365140853
5451298.617644416,24.580384847039888,-3.9418879695933344,2.272220360974747,-0.2211433156757891,-12.670578655751974
5451298.717796544,24.653141468579303,-3.951803403418962,2.2893647905719323,-0.1948080419843677,-11.161678620911617
5451298.817662208,24.728297319192386,-3.962199422850238,2.29579259556305,-0.12919627604524886,-7.402401346199898
5451298.917694784,24.843434896140863,-3.973541309539098,2.29027183401004,-0.07728156912417038,-4.4279077449634965
5451299.017666848,24.920174767309472,-3.9765371016014748,2.2917973843690276,-0.01884549280191555,-1.0797672003939334
5451299.1176624,25.024047928461798,-3.9729763097756763,2.2986098677311357,0.04098337235931753,2.3481742664020095
5451299.217623264,25.089958059550376,-3.9736969420069403,2.3237858914001137,0.033691954807507016,1.930406814015656
5451299.31778432,25.167578690269487,-3.9681400766429813,2.3284090847029724,0.009491398438580989,0.5438170722077502
5451299.417654688,25.265536054913003,-3.970698954140763,2.3455028660510724,-0.05189290039751484,-2.973244179470352
5451299.519009792,25.344526282894332,-3.9773391580534723,2.363916424423257,-0.11941496959749176,-6.841973768619317
5451299.6176984,25.412737273265282,-4.011679168703562,2.3653030275496043,-0.1623216850591248,-9.300347477339605
5451299.717642944,25.495566593593395,-4.055437977095361,2.365451059841507,-0.19563527325377061,-11.209075481329652
5451299.817636384,25.54985677698447,-4.072211901252969,2.385367869381739,-0.18846738340155023,-10.798385644782773
5451299.917762336,25.608052683722573,-4.077527355685629,2.3877218546773333,-0.1297844735187029,-7.436102578949073
5451300.01763936,25.65662977791762,-4.077662762021839,2.401377171504728,-0.057679476769781725,-3.3047905834313673
5451300.117608768,25.674098724304443,-4.0681723399279175,2.3936626678080684,-0.03500401129120806,-2.005582113014501
5451300.217673408,25.686240189456093,-4.068590573882186,2.4048849716152834,-0.047868406034867354,-2.742657637816459
5451300.317637344,25.69372256053196,-4.082444184502163,2.4041799259176644,-0.07291270790984582,-4.1775904361043
5451300.4176328,25.713640400896995,-4.0727468947937515,2.405377722018909,-0.08835837745020328,-5.062562112520552
5451300.517722464,25.726231237002,-4.079283285642339,2.4039112051390417,-0.08742605265054203,-5.009143836364583
5451300.617605728,25.734335585915623,-4.085164461050064,2.4052097193352275,-0.10622916810789419,-6.086482993768062
5451300.717630912,25.755190376848383,-4.0708118632154475,2.408728052219498,-0.11279569164302741,-6.462717078404521
5451300.81773792,25.763315204923547,-4.08027494493523,2.4113308090360097,-0.10655122893466527,-6.104935719888539
5451300.917678464,25.755919124961817,-4.0784590779727985,2.4038036884264233,-0.10582122947817027,-6.063109831984531
5451301.017602336,25.756694324892038,-4.076664126953762,2.4106980125267845,-0.10648318180522363,-6.101036906563553
5451301.117702592,25.75888261534579,-4.07699150412771,2.4074613638890265,-0.11007205537840789,-6.306664215513046
5451301.217560448,25.767421596505038,-4.075025217525339,2.412741546133252,-0.11200556291156116,-6.417446036819479
5451301.31760528,25.76637302191698,-4.07674043043674,2.4137963666086897,-0.11195766635474784,-6.414701766260867
5451301.417689248,25.764654417449407,-4.075458997879808,2.4143843162947882,-0.11148918821327228,-6.387859945960185
5451301.51759664,25.766428000387194,-4.074378388034965,2.4124639594341444,-0.11036050357715343,-6.323191079909316
5451301.617554688,25.759002503013466,-4.082356401561276,2.4107771922880907,-0.1070103196620706,-6.131239680982455
5451301.717710176,25.7611933753318,-4.08006231039139,2.4106472049539116,-0.10828038656008239,-6.204009153937803
5451301.817674368,25.76542659602212,-4.078998018305288,2.4097940453245803,-0.10792831342595134,-6.183836849272151
5451301.917590944,25.767277631105486,-4.078849334494298,2.410425777000838,-0.10806678479674822,-6.191770674402203
5451302.01769056,25.772228862226036,-4.080885137788777,2.4155600804806867,-0.108673333252921,-6.226523341011079
5451302.117574144,25.773418406987386,-4.082461405893199,2.4153743482142964,-0.10867043232117084,-6.226357129865139
5451302.217556096,25.778655819133558,-4.077326531485184,2.4178346255174428,-0.10976590335757792,-6.289122996830088
5451302.317636256,25.76926571380142,-4.068955928263297,2.415896732752589,-0.10858716464341914,-6.221586243360111
5451302.41761232,25.779209085592917,-4.083613285310453,2.4188976255059753,-0.1071818426208537,-6.141067222610324
5451302.517585664,25.78023947793839,-4.079015383326178,2.414864388211556,-0.10857572988697956,-6.2209310800763635
5451302.617510272,25.776607937385105,-4.07816933169556,2.4183074772973736,-0.10891309676633715,-6.240260778411052
5451302.717627744,25.779208067702584,-4.076220516625682,2.412197294622877,-0.10938261417700937,-6.267162144450482
5451302.817567296,25.76982234052272,-4.073602165595396,2.4191239545181227,-0.11011549836612776,-6.309153315358833
5451302.91771952,25.773306868370806,-4.0767108211436645,2.4150764572106542,-0.10955138099837271,-6.276831771036439
5451303.017505216,25.76881369274153,-4.078857880049209,2.4145224447999816,-0.10950237118641316,-6.274023715656427
5451303.11757584,25.770844615283576,-4.0809735877112665,2.4152600360063987,-0.10978363492338816,-6.290138940715172
5451303.217684352,25.770721400338324,-4.0816895622608955,2.4138855346048915,-0.10988339113753652,-6.295854550766077
5451303.317674272,25.771999888784986,-4.081075327908072,2.4093922182112575,-0.10929316820181194,-6.262037267577237
5451303.417507872,25.77305090772404,-4.076176330703008,2.4170236990783938,-0.11048019967283111,-6.330049161015841
5451303.517486944,25.775590841171965,-4.0763438434778,2.414557902427621,-0.1098385381652677,-6.293284664756456
5451303.617557792,25.770809651230582,-4.079493315008951,2.4120362536644144,-0.10880555654135153,-6.2340991773914896
5451303.717527616,25.775692757339776,-4.07895388558321,2.405042315862401,-0.10880874031040287,-6.234281593921075
5451303.817608928,25.780085852977475,-4.078684081901954,2.4129166840097414,-0.10928350115896902,-6.261483386821966
5451303.91750272,25.77879112371962,-4.08249715189065,2.41691923586096,-0.10757093682676709,-6.163360678442155
5451304.014283744,25.770767485202455,-4.076710213326059,2.414203014786855,-0.10971502558500021,-6.286207915190358
5451304.11766816,25.76995767949936,-4.075331504607229,2.414613520326708,-0.11016210305859793,-6.311823567542879
5451304.217535392,25.77139049874113,-4.074735787369168,2.4124112069329238,-0.1104127526875405,-6.326184733417808
5451304.317659968,25.776885314418386,-4.079213305847368,2.4168481028980775,-0.1089947921582928,-6.244941579575778
5451304.417486016,25.77394539037543,-4.078719773201752,2.4172902933178255,-0.10939836488313953,-6.26806459343609
5451304.517513376,25.776437259680232,-4.078334825977529,2.417456387614916,-0.10956488808603776,-6.27760567015316
5451304.617471264,25.775926209575438,-4.0820847981619846,2.4158753780358895,-0.10884796039786829,-6.236528739404978
5451304.717632992,25.77570462524212,-4.076002257845353,2.414085756071347,-0.10929488420766706,-6.262135587470355
5451304.817570016,25.776748234009197,-4.075147356572234,2.415155697594006,-0.10951487260563865,-6.274739994215971
5451304.917596928,25.779448257525377,-4.08144831851969,2.4163558587042626,-0.1083019891222936,-6.205246889579174
5451305.017601632,25.77999635984983,-4.0796814676449715,2.4176894029276976,-0.10873495087824445,-6.230053770885731
5451305.117545376,25.77245875109985,-4.0715033153100935,2.4106720436990248,-0.10930833062409738,-6.262906010381387
5451305.217597248,25.77417260749015,-4.072669691434849,2.4130862658671113,-0.10946664911676598,-6.271976991830171
5451305.317581504,25.776670679761747,-4.078495778646284,2.413192794330392,-0.10928414775584631,-6.261520434094081
5451305.4175464,25.777253175064455,-4.07142201231063,2.4139430287454533,-0.11019994199290177,-6.313991578779762
5451305.517489632,25.779435293579063,-4.07431555897634,2.416614931138489,-0.11007913248059374,-6.307069703599478
5451305.617470496,25.769442976148373,-4.07388525295877,2.416956533556066,-0.1095883552975039,-6.27895024232711
5451305.71758048,25.76483122242634,-4.0782854372119415,2.4176165177689404,-0.10850266271693411,-6.216744639611795
5451305.817493568,25.763833764939665,-4.0716575752234405,2.407178925350593,-0.10797331587304751,-6.186415299558522
5451305.917555392,25.760221328256023,-4.07573880004687,2.4102241652295837,-0.10811367796847288,-6.194457455230008
5451306.017547392,25.776355413981133,-4.072418619663418,2.4151402351620406,-0.10899574535420861,-6.244996193678803
5451306.117479872,25.77465861934039,-4.075757656758176,2.409904110611913,-0.10923742973312435,-6.258843688564916
5451306.217483424,25.773708722394165,-4.076957260106196,2.413196611751488,-0.10967815308262117,-6.284095276423953
5451306.317542528,25.771428177153975,-4.076465822659519,2.4144962302585293,-0.10990952513877365,-6.297351918738754
5451306.417452576,25.77331039648434,-4.077983313374312,2.415787339279105,-0.10988589056803813,-6.295997757585005
5451306.517428832,25.776019210301865,-4.073937191726597,2.4175570134557436,-0.11024152705563983,-6.316374227365439
5451306.617483776,25.770470564561442,-4.0752757811748985,2.4141950445959255,-0.10933473027846402,-6.2644185991572
5451306.717444576,25.770013360399343,-4.0758582945526145,2.4140416355448338,-0.10966567664632805,-6.283380429280993
5451306.817452736,25.768707954396284,-4.073098530781664,2.4132052141232077,-0.10938481124832918,-6.267288027364396
5451306.917528128,25.766198911560082,-4.073980441487681,2.407839876454437,-0.10953793254491487,-6.276061231412327
5451307.017451616,25.76593542076625,-4.072144992135425,2.408723985630969,-0.1100976139836264,-6.308128615722308
5451307.117574336,25.776645686738426,-4.072510524117827,2.4149872970976856,-0.11021297006202849,-6.314738032155927
5451307.217417504,25.777511819582326,-4.078450679134642,2.4074272702294786,-0.11008167250220378,-6.307215236117605
5451307.317450368,25.77888369422533,-4.079346221639557,2.410604044405834,-0.11065837537788557,-6.34025787692723
5451307.417399008,25.778396266285075,-4.078644215305995,2.411127321190053,-0.11105610526340423,-6.36304612075367
5451307.517479392,25.77728671515138,-4.08142235540741,2.410185460899111,-0.11024609417769499,-6.316635904183721
5451307.617410816,25.778621354353017,-4.082080697227966,2.410250454162986,-0.11009132418602555,-6.307768236865787
5451307.717419936,25.77658337959409,-4.07549952989647,2.4108254657602526,-0.11064147696590873,-6.339289669240483
5451307.817404096,25.775495094433857,-4.073127803072031,2.416590993381199,-0.11050503561314962,-6.33147215557633
5451307.917395552,25.771712193438486,-4.077521769829608,2.4170160388331126,-0.10969944972754955,-6.285315484296138
5451308.017483136,25.771791642915915,-4.072665741829239,2.4117211468728907,-0.10975943345830552,-6.288752298907904
5451308.117450624,25.77679864394799,-4.078498427428488,2.4106939102903873,-0.1091682253423098,-6.254878569047468
5451308.217386176,25.77660063025325,-4.069945189401453,2.4088469650040363,-0.11047345791265914,-6.329662886611498
5451308.317365024,25.769624719364792,-4.07395748413679,2.4162729886006304,-0.1102279048789208,-6.3155937341316575
5451308.417424064,25.772927508138952,-4.0677197077211735,2.4107432496919916,-0.11107838024184964,-6.3643223830073365
5451308.51756464,25.774682042169733,-4.07049314682496,2.4142027249448654,-0.11131262567897991,-6.377743657925098
5451308.617552928,25.770948949720392,-4.086604734892398,2.4160694509697347,-0.10745959857521648,-6.156981466529938
5451308.71746592,25.767617524483228,-4.078473683364497,2.413728615262319,-0.10785632873230172,-6.179712430136485
5451308.8175528,25.769162565717387,-4.0784282885078635,2.4113283204809495,-0.10839233850490275,-6.210423527884291
5451308.917565984,25.770061252374056,-4.075489425812376,2.412338384714705,-0.1095029756203995,-6.274058347172839
5451309.017430912,25.78033572141619,-4.077362256420154,2.4118671235950404,-0.10950559203453102,-6.274208256660033
5451309.11739008,25.778495780492975,-4.082472807065639,2.4117892845683855,-0.10909218330633962,-6.250521681320794
5451309.217509184,25.78028620798955,-4.079060204784766,2.405386728010593,-0.10903400474559946,-6.247188295332238
5451309.317463968,25.777891146897826,-4.080711558370693,2.4093100726886947,-0.10868226759609088,-6.227035241167435
5451309.41747568,25.777195157125576,-4.080633247810397,2.4106293321179875,-0.10894495504235732,-6.242086123169571
5451309.517492544,25.778898411677844,-4.08171934677641,2.4058792779412306,-0.10915639530480789,-6.254200757827127
5451309.617403936,25.769588822434287,-4.08342763918542,2.4082883824927586,-0.10938909608322614,-6.267533530319902
5451309.717504864,25.7646738713622,-4.084828856472667,2.4050113226210854,-0.10902667108417245,-6.246768107484093
5451309.817449088,25.76699048964468,-4.089993097136494,2.4050954637885043,-0.10586071524240682,-6.065372199626134
5451309.917456096,25.762379375906082,-4.086883917692471,2.4037786771305485,-0.10689955729551905,-6.12489346485017
5451310.017321664,25.75838013134529,-4.086488518946592,2.406388808210694,-0.10715447828970695,-6.139499361926416
5451310.117490016,25.755783386999664,-4.089111752397033,2.4074816408964286,-0.10664631631154446,-6.110383825268686
5451310.21748784,25.76316589218254,-4.093825707930876,2.4072833464066288,-0.10624683560671465,-6.087495266885027
5451310.317507264,25.756693990537805,-4.090133616950524,2.410962532284099,-0.10559852407508787,-6.05034975231315
5451310.417463232,25.761067226604155,-4.079841152165599,2.425827569429869,-0.10822439945563253,-6.200801329145668
5451310.517417504,25.764906508988386,-4.086297427999973,2.4226930549279535,-0.10673777232807492,-6.115623869026961
5451310.617501888,25.760469641974577,-4.086973154906528,2.4222833866582594,-0.10690516816992106,-6.125214944272783
5451310.7174832,25.76100913108198,-4.084351488250468,2.4208191549863636,-0.10696556947455585,-6.128675684105441
5451310.8174648,25.758788520263366,-4.085027898729079,2.421259519186597,-0.10740948358574358,-6.154110089142799
5451310.917373568,25.761600469803067,-4.08428758561717,2.420186639714543,-0.10798374019909626,-6.1870125694453835
5451311.017482528,25.756526463419835,-4.077095282297524,2.416749748912567,-0.10866156523607544,-6.225849083312589
5451311.117368224,25.756697120556993,-4.07724095129254,2.4174310842911764,-0.10927718082818236,-6.261121258542763
5451311.217347008,25.758015677026187,-4.080955249437807,2.4190121425138313,-0.1085517560165795,-6.219557478483846
5451311.317329568,25.770312711733027,-4.075583842962533,2.419647309484212,-0.10884961604944059,-6.236623601252415
5451311.417400288,25.76516797708474,-4.076041147763233,2.421547846997313,-0.10862219572269116,-6.223593376354186
5451311.617452672,25.768369352662994,-4.073425921084296,2.415839390515833,-0.10969635801696234,-6.285138342328015
5451311.717446112,25.767450798587266,-4.072586610283397,2.413558038072376,-0.11009502342689571,-6.307980187755049
5451311.817451744,25.762395920289475,-4.068422288821055,2.414096066095988,-0.11096218347524205,-6.357664798687655
5451311.917472608,25.767519490054173,-4.070190976756611,2.409582647005394,-0.10939079357929576,-6.267630789680432
5451312.017326592,25.754891201309185,-4.078572505651172,2.40277648517835,-0.1082113844729108,-6.200055625565278
5451312.117303936,25.755849919935944,-4.075206641250753,2.4016289651578147,-0.10924613677135048,-6.259342565107332
5451312.217311392,25.76265331338138,-4.078507878142075,2.405656402751359,-0.10910461405008468,-6.251233910473595
5451312.317390496,25.761480847138827,-4.0778880323042985,2.4049262475024147,-0.10976753589355435,-6.28921653425144
5451312.417321504,25.76031377622026,-4.076914857900908,2.4029467335827275,-0.11019135308891471,-6.31349947083066
5451312.51734224,25.757462039516806,-4.079946649071972,2.4023053832097756,-0.11005243526622698,-6.305540065891506
5451312.6173384,25.754884174373895,-4.090587261543763,2.4039262980570237,-0.10328400070233738,-5.917737331470162
5451312.717329664,25.75987286530291,-4.083928146862219,2.399957227839499,-0.0664352515105058,-3.80645952244211
5451312.817396224,25.75724673238566,-4.071072636331663,2.396147162304593,0.03595511309512707,2.0600762322663395
5451312.917404064,25.769027904811157,-4.047534786560021,2.4060428584709364,0.18737448485090138,10.73576717039463
5451313.017445248,25.76569282778695,-4.041387019994187,2.4114559193179916,0.3351291082575678,19.201483495141503
5451313.11726016,25.76328752901567,-4.025865287086489,2.415181575940981,0.4684735228382424,26.841555672256874
5451313.2172912,25.769287974886353,-4.014306702968851,2.4143917150668157,0.586857877004976,33.62447952639269
5451313.317309472,25.773381759366696,-4.006816274150972,2.414850063837865,0.664813535231151,38.09100973191682
5451313.417309152,25.785165428711156,-4.023120949429757,2.4156545198276653,0.6974431538731451,39.96054916722447
5451313.517299136,25.79114458462389,-4.035304699340295,2.414046272794252,0.7191941988220736,41.20679224279742
5451313.617252512,25.791476677494813,-4.040090709470894,2.4110791407354397,0.7371126007984979,42.23344105166541
5451313.717246944,25.786509173554542,-4.057490896945718,2.377960138946869,0.8028892705078203,46.00216661643558
5451313.817324736,25.769516235099253,-4.052262463150261,2.3828651737501687,0.9063754145489498,51.93148590807521
5451313.9173176,25.761612635954293,-4.045683969854299,2.384028297894914,1.0432459900390711,59.7735922231859
5451314.017381216,25.765302787949274,-4.059643114678044,2.401851351411386,1.1736030898688148,67.24250387299575
5451314.117234144,25.769886609411188,-4.044341520957534,2.40329334068756,1.3316385588853756,76.29726926101517
5451314.21737968,25.778024001585063,-4.033122051283455,2.413597662601272,1.5466550638055652,88.61680751859593
5451314.317366144,25.7825749998424,-4.015523132170627,2.406952802659736,1.7808719761139988,102.03644808445489
5451314.417296128,25.776963369497974,-4.020483083388449,2.398402758515567,1.991359811837025,114.09651271022729
5451314.517347936,25.758295870796292,-4.0339804510638375,2.3975056715269054,2.1915626501359182,125.56729039129395
5451314.617422976,25.74582298813459,-4.03951044667773,2.399354912328452,2.3443525293347247,134.32150562169926
5451314.717340832,25.739640588349246,-4.033283649557135,2.4028247815597856,2.450881947831494,140.42519169554703
5451314.817381856,25.74006476627978,-4.0265897114264275,2.3968714609137707,2.533381183174,145.1520496937291
5451314.917224608,25.75334533940775,-4.027170449505498,2.3947674376758235,2.5631199300198126,146.8559543760022
5451315.01732336,25.754351150784913,-4.021213607300279,2.3960554852859026,2.5839655556300567,148.050320744779
5451315.117284736,25.75251084311581,-4.01638325523784,2.398911455011416,2.5698818917288775,147.24338624316067
5451315.217236576,25.75001783446626,-4.012873027818683,2.399869089210414,2.568514442296345,147.16503716197897
5451315.317260096,25.743525794477303,-4.010412293414119,2.3998367161710963,2.5645513324596676,146.93796769459058
5451315.417249376,25.744326124166182,-4.011374102248228,2.398872677290777,2.5655500353934833,146.99518915768556
5451315.517347296,25.74099023300598,-4.012294663498506,2.403078240907806,2.5655877426714775,146.99734962557156
5451315.61734272,25.7365921843317,-4.01399144675716,2.4014341183617005,2.5717420798289075,147.34996717039283
5451315.71721712,25.734482826400985,-4.010222117489244,2.4024703370594054,2.574436827629886,147.50436484624106
5451315.817204384,25.733396477383515,-4.009680854440111,2.4057906599796715,2.5720836926185218,147.36954014146542
5451315.917282016,25.728228290971394,-4.009695993310077,2.402710066605957,2.5681552850293663,147.14445896639967
5451316.01723792,25.72810322142412,-4.017388104367628,2.403422883424005,2.5823822558605714,147.95960435028343
5451316.11726112,25.717547726668393,-4.0376967113645,2.3911833523853536,2.6607525544359216,152.44989169783113
5451316.217245472,25.72371892476367,-4.048618577909268,2.3892379961302237,2.7344651322125433,156.67331130146138
5451316.317181888,25.719103941802704,-4.054750558284161,2.392767814549338,2.7537915200835275,157.7806317597016
5451316.417291616,25.717579978685496,-4.054075442821145,2.3965336105938517,2.7734861736311913,158.9090522869551
5451316.517327712,25.717598731466726,-4.056799519956182,2.3977841135226914,2.7810715066551586,159.34365985542962
5451316.617193984,25.71613637848295,-4.05627704447991,2.397801044606455,2.803570475101331,160.6327557907933
5451316.71735216,25.721103710512306,-4.051176924863602,2.3951339156820213,2.809956856418004,160.99866848659988
5451316.817213568,25.73021732835255,-4.053145016122915,2.4003581229682354,2.8061907218973334,160.78288487348692
5451316.917201888,25.73282778839857,-4.0491911950936945,2.3996429523724356,2.7982791239978866,160.32958370464405
5451317.017267104,25.73000040286583,-4.049298230676944,2.3958616059104014,2.787336130506878,159.70259636237014
5451317.117271744,25.726748390536997,-4.045369468064839,2.3959295792371123,2.7836257152101638,159.49000522562764
5451317.21732624,25.717081059394562,-4.0397091189500305,2.3951736087641153,2.780398328270702,159.30508957514084
5451317.31736752,25.700829421998268,-4.052413669658303,2.382823820876076,2.8167356159959924,161.3870628007525
5451317.417133984,25.671036073760202,-4.072562332184648,2.3736725881014795,2.872394391406349,164.57607572463246
5451317.517200416,25.646042608455556,-4.073420779641913,2.367495397207448,2.879622403212074,164.9902102953712
5451317.613205344,25.611393208057585,-4.064161533188081,2.370816576698305,2.844399021110873,162.9720591607958
5451317.717248224,25.58177905367653,-4.059105839133744,2.3715134894452357,2.821300928603112,161.6486359452983
5451317.81730256,25.551941474282522,-4.048921083506919,2.375896470834861,2.86540335230087,164.1755186894776
5451317.917340704,25.53237529775482,-4.059954076741121,2.370912030222516,2.8876185621841683,165.4483564567879
5451318.017221632,25.515179635646884,-4.0604701473170275,2.368947525941619,2.877151531838859,164.84863979396633
5451318.117286272,25.494122914555387,-4.05354274857853,2.367437713151288,2.8502435333506235,163.30692504544604
5451318.21730064,25.471765930079254,-4.03685565079166,2.362904870434789,2.8028186152867547,160.5896773966326
5451318.317228128,25.4440430465516,-4.01176539676822,2.3535369368860746,2.761364620454146,158.214538448767
5451318.417148544,25.41950403379858,-3.9795653195667433,2.357770415060439,2.7330329026584654,156.5912505927188
5451318.517254528,25.382556757174047,-3.9525131233952626,2.357666762528538,2.7542235352631907,157.8053844061819
5451318.617269792,25.35524314504879,-3.930224346530784,2.340735710996861,2.805749050804485,160.7575789839338
5451318.717272192,25.299853938955707,-3.914364673508666,2.3257274706558517,2.8495278980020515,163.26592216030247
5451318.817217696,25.240709884980756,-3.9098497971408426,2.3107816865933426,2.9075212401722794,166.5886959065146
5451318.917208672,25.15738027376605,-3.90741691871504,2.298611012769509,2.9715497285449994,170.25725805887393
5451319.017240288,25.07284316440971,-3.8981664380526286,2.3040010954291725,3.0285111812301286,173.52090889266594
5451319.117227776,24.991697456802992,-3.891051510716991,2.3067993630537593,3.014053817713737,172.6925629802903
5451319.217155808,24.914353415302944,-3.888452175279905,2.3033642301082295,2.9842120849879534,170.98275764174548
5451319.317104192,24.837006337461006,-3.867475534203059,2.2947648424966203,2.9174808237273644,167.15933800992886
5451319.417217408,24.75229310325456,-3.8474652385941144,2.2788710247231823,2.880667723175172,165.0501027174975
5451319.517167648,24.689561973154614,-3.81238450575772,2.261133793125942,2.85379541154323,163.51043267522692
5451319.61732464,24.608472223381753,-3.7850820174914372,2.2620624075883424,2.8362269079561435,162.50383156732644
5451319.717129152,24.512588791534572,-3.7570772391104863,2.263117562664377,2.8847445290511673,165.28368648808618
5451319.817253024,24.41799587471519,-3.7371385629451797,2.2478123000291452,2.90613330545204,166.50917310480523
5451319.917353856,24.34444809830456,-3.7203601658710803,2.2338429680006584,2.9737530357250486,170.3834982612616
5451320.0171984,24.245139096693205,-3.7157600626906455,2.2068226245287397,3.0297457512860286,173.59164454638224
5451320.117164352,24.14588552274701,-3.7141159174485967,2.1934997004992534,3.0883516249676806,176.94951376301773
5451320.217261248,24.055155821878216,-3.699660421730547,2.194078664869585,3.0765474920248423,176.27318676458177
5451320.317291744,23.980927919092434,-3.69318961510728,2.191909409647575,3.0362542037027778,173.9645514010237
5451320.417151264,23.90985641972768,-3.676307346213776,2.194695621813326,2.9487342671803334,168.95002841503475
5451320.517252192,23.80206997423805,-3.6483651838742586,2.16962550359884,2.8717537520860943,164.53936979539174
5451320.61720784,23.736668921731898,-3.612029466993029,2.15614691841763,2.834637555720551,162.4127683920673
5451320.717155808,23.661795284216446,-3.579073198147634,2.15853956036443,2.7885672960503203,159.7731369518913
5451320.817262816,23.5631736718194,-3.5448244992380435,2.1468255256541866,2.7999094728772653,160.42299581456635
5451320.917256928,23.48460805850425,-3.522228679679137,2.147623459417014,2.861656364428124,163.96083209848254
5451321.017105856,23.41064544200586,-3.5054250004352134,2.1293638681747256,2.92573121700561,167.63205072409542
5451321.117071904,23.327272206484007,-3.5051859477153013,2.1112361382901623,3.0082326988431216,172.35903743696008
5451321.217149312,23.20896079434367,-3.498955186468431,2.0985992450794813,3.088504505115518,176.95827315026017
5451321.317209024,23.13532799374754,-3.491344696923649,2.097814324249894,3.099739162168374,177.6019715836657
5451321.417253344,23.044397713094916,-3.4968016741114525,2.0948228045355988,3.087281886795728,176.8882222805808
5451321.517079488,22.97567474970198,-3.4970135615439797,2.089446775604526,3.0315164388882474,173.6930974728255
5451321.617110528,22.874334524868107,-3.4595747704375692,2.0850520496327234,2.976568587579583,170.54481749952666
5451321.717415808,22.78796964351564,-3.433308975309392,2.062786206326174,2.9486974157693573,168.94791698471673
5451321.817218656,22.705100041195724,-3.4047067067526933,2.048979671278678,2.909483135133818,166.70110420765874
5451321.917253792,22.626760165621167,-3.378548474014229,2.052101597827164,2.908348482905469,166.63609342375923
5451322.017080192,22.54427273402314,-3.3514634948185176,2.0472318190818495,2.923662215996318,167.5135056984547
5451322.11794032,22.474821948421244,-3.3514788707275063,2.04376264039225,2.9714287922572113,170.25032891999368
5451322.217162816,22.379132342786335,-3.3345812574785487,2.0173234922414705,3.0304164401630893,173.6300721884042
5451322.31732608,22.272200339008176,-3.334868690971596,2.0037110103671756,3.0838125922415367,176.68944634473792
5451322.417137888,22.195287356995753,-3.3441762627614455,1.9876165998478685,3.128133732562723,179.228860628349
5451322.51726816,22.098007298189735,-3.3286624261141435,1.9871216220034345,3.110826106664379,178.23720671098258
5451322.617093056,22.048059753070735,-3.318338817910331,1.9933953006883085,3.0687716288756914,175.82766262406412
5451322.71719232,21.975692336476463,-3.309630098031905,1.9912013336318652,2.9814548044454896,170.82477710372874
5451322.817145728,21.874954358888694,-3.2729453915653157,1.9798257417157354,2.9174562557917287,167.1579303709056
5451322.917107104,21.807238651024143,-3.243761612158687,1.9599137481595588,2.8804746195137567,165.0390386926899
5451323.017032192,21.703664741646595,-3.2089042274390653,1.9592375218509188,2.8466742159204466,163.1024182209544
5451323.117132224,21.63955798113834,-3.1814619601231175,1.9572557317968193,2.864941572587878,164.1490606608584
5451323.217052704,21.560348119203045,-3.1643437591810772,1.9447645062333425,2.9393585940053177,168.41284191201234
5451323.317056448,21.475835920537662,-3.1547938985290105,1.9302416368199014,2.999652725949147,171.86744120179867
5451323.417141088,21.391631234404336,-3.147627706523173,1.9068750915289563,3.068176591942533,175.79356951913974
5451323.517066912,21.275319948427985,-3.1629639111015293,1.8988740347459971,3.1307251982308206,179.37734067388405
5451323.617094848,21.1995768669841,-3.1392801854163235,1.9018808947951278,3.1308997205757256,179.38734006767783
5451323.717190304,21.097768783729876,-3.141950236628728,1.8979695383130126,3.1186245779417185,178.68402620182812
5451323.817155616,21.024693886211026,-3.126476525656784,1.8913997735075099,3.032026703784171,173.72233349779563
5451323.917172096,20.944237920383166,-3.1019728183183526,1.8874519389525055,2.963877197796335,169.8176544287911
5451324.017007584,20.865957793054914,-3.0736706369911917,1.8559361538671946,2.9243385815784766,167.5522585917203
5451324.117132608,20.808132396262558,-3.0429212495915796,1.863219287863121,2.8911291774403782,165.64949989446296
5451324.21710352,20.710399832215437,-3.0214424424765314,1.8561989134594687,2.905403943500723,166.46738374325733
5451324.31705888,20.625836871452766,-2.99932364240384,1.8502834529166547,2.974068338100774,170.40156375666112
5451324.417009888,20.544668227105376,-2.983039086065223,1.832295274208392,3.0374127363688115,174.03093043321547
5451324.517149536,20.444321438614132,-2.980893179670731,1.8153501366125,3.100021506110752,177.61814869993503
5451324.617109856,20.356040056597333,-2.986236212003553,1.8046495004908905,-3.123940666775589,-178.98861565552554
5451324.717066848,20.263463720807085,-2.9745231437627075,1.8029962244199484,-3.125108709775507,-179.0555395897106
5451324.816973856,20.14568631410519,-2.962262891674369,1.7992041808593893,3.133970284209985,179.56327040464726
5451324.917256832,20.09456359124736,-2.964571940618764,1.7805098590120536,3.042269389964099,174.3091961867825
5451325.017008224,19.974577203194986,-2.934272388056219,1.7610540862740731,2.958066855838665,169.48474635708882
5451325.116968928,19.90950391219687,-2.8935314611372274,1.7632902963882129,2.903263790459746,166.34476200649723
5451325.217155168,19.84857040517157,-2.8791020683467274,1.7626733381365294,2.8749976681855482,164.72523249698497
5451325.317074624,19.76484840212642,-2.8548534871220492,1.756160337680747,2.8957886918546425,165.91647040498069
5451325.416954368,19.658738645343828,-2.8328266166899425,1.7481087172703889,2.9615755747893098,169.68578114445833
5451325.51727328,19.589523437234146,-2.815810799906194,1.728688621470031,3.0156388626409507,172.78337936495825
5451325.616964992,19.508307970887973,-2.8206848766838397,1.706948240048443,3.094688183156429,177.31257180387206
5451325.716976512,19.39371170976181,-2.8211415245079436,1.7031839438423866,-3.1323675713061854,-179.47144171948835
5451325.817060704,19.293375016955828,-2.813585809457306,1.7049936231769727,-3.134013123554788,-179.56572491830156
5451325.917015456,19.203622138333735,-2.809827591242464,1.6957822822455368,3.1194904229324196,178.73363546550783
5451326.017071488,19.13919338933467,-2.807063036047113,1.694285285016479,3.035601106192706,173.92713167008608
5451326.117058272,19.057554569527383,-2.793283022113009,1.6853840626845138,2.9906327608534555,171.35063527046023
5451326.217043392,18.989174159111396,-2.7564939407791265,1.6679067532258243,2.9508217139689847,169.06963030598263
5451326.417306592,18.813177426895347,-2.7092323869157586,1.6545143236398743,2.9335601073707367,168.08061310028785
5451326.51695616,18.730198318631604,-2.687275634898117,1.652167438439386,2.989120241814774,171.26397431311062
5451326.617081376,18.619876620643538,-2.6756982827273066,1.6316192067602255,3.042104124175479,174.29972715459664
5451326.717226336,18.51183507978779,-2.657536169451618,1.596591126267207,3.105490146718519,177.93147872643394
5451326.817138784,18.397240732312387,-2.6570632244586445,1.5942373338828244,-3.1189575354789194,-178.7031032634668
5451326.917052032,18.280658377088365,-2.6444703449751623,1.5909392323960547,-3.1112886556279213,-178.2637088144117
5451327.017199904,18.203169363393688,-2.6446490924184283,1.5889294148281672,-3.118924464805309,-178.7012084534433
5451327.11713728,18.10787554445191,-2.635416041935313,1.578935037794995,3.0957359121011203,177.37260225047658
5451327.217206528,17.996390101899735,-2.609207371492195,1.5586366720304774,3.0089277659044837,172.39886184605467
5451327.317015456,17.932402401444982,-2.571208803542314,1.5449852909988702,2.945072949995881,168.74025039290694
5451327.41692768,17.835523792883365,-2.528509852159462,1.5463819564531351,2.902326402293239,166.2910536207909
5451327.51724704,17.72358175248764,-2.4987380224549876,1.5440542093189178,2.918323814990119,167.2076378514511
5451327.617195456,17.663136992602077,-2.4928915743221296,1.5421187148785351,2.987908502424549,171.19454676018097
5451327.717165792,17.549848757359918,-2.4747895056008606,1.5129907511184892,3.054733632823594,175.02334469745762
5451327.81721584,17.458110851492552,-2.4721197006792117,1.4949179999844415,3.121143959658474,178.82837614118063
5451327.917236768,17.35267297019308,-2.4800716238333713,1.4868225389566545,-3.0906212097442065,-177.07955139195982
5451328.01713632,17.283015683701674,-2.466219288589289,1.4852386585708146,-3.0943749932614026,-177.29462734470093
5451328.117184192,17.17804320745756,-2.4683914861593577,1.4868965315500775,-3.108709110569732,-178.11591176951364
5451328.217178528,17.079857314932028,-2.4610584472052555,1.4598899787013002,3.095885790775943,177.38118966598293
5451328.317146432,17.014507793350585,-2.43680953015746,1.4679228919931422,3.006637489069951,172.2676386495194
5451328.417202816,16.959768326763275,-2.3866236004242816,1.4485514993909416,2.9477568886967584,168.89402875293902
5451328.517139456,16.89176719052075,-2.3709678859626653,1.4515826743901958,2.9078929913144265,166.6099956779888
5451328.617060256,16.80007400235769,-2.3496252161365176,1.44912333010641,2.9261202644477726,167.6543415005617
5451328.717045888,16.699459842035704,-2.3367479623240297,1.4383568267201203,2.989318951406039,171.27535953403887
5451328.81712224,16.61827498877426,-2.3324961468185927,1.4214889191929196,3.046097889590798,174.52855305725973
5451328.917152608,16.541984558114432,-2.3317308511309878,1.396099675765885,3.1175962067223093,178.62510487118325
5451329.01720544,16.434796443492992,-2.330706823580027,1.3852175709523287,-3.1135129956305567,-178.39115410876482
5451329.117192224,16.359602718231862,-2.3165696773776707,1.3985227250563397,-3.130371596328694,-179.3570807772644
5451329.216885696,16.26390423031937,-2.312745069131224,1.39090579613365,3.127754609728644,179.20713849003923
5451329.317189728,16.18306790752998,-2.3003741767957377,1.3854516093269347,3.0297885112086242,173.59409450947928
5451329.417665408,16.106036932147667,-2.2702523624397224,1.3734512859325858,2.9540658803003415,169.2555073448078
5451329.5172768,16.02909974225954,-2.222488077509993,1.3598483698591348,2.9043321563493603,166.4059748629479
5451329.617165536,15.948616958067054,-2.2001518050483755,1.3683636278270883,2.8797380157817547,164.9968344076726
5451329.717094944,15.875857556729926,-2.1811481047726367,1.365139089844714,2.908270595108256,166.63163078170334
5451329.817659584,15.80701986620078,-2.16704221913023,1.334304457773291,2.9774101590354696,170.59303599210764
5451329.917227008,15.719307389334933,-2.1613187695919662,1.3253772598879838,3.028803021267439,173.53763009509677
5451330.01759424,15.626464228168723,-2.1604953435788166,1.3014533702627697,3.100431982490496,177.64166726408416
5451330.117102016,15.519903240296227,-2.1629970654331987,1.297039109121807,-3.1363332533805273,-179.69865856523884
5451330.217141376,15.429659295725568,-2.136420885220167,1.3003655238256053,3.135432438262921,179.6470456608784
5451330.317084512,15.381412407160687,-2.1500600322559382,1.2962972689007053,3.0910234913817956,177.10260043196928
5451330.41722288,15.285614690602953,-2.128808453204178,1.2820746810770047,3.005059514162879,172.1772273471666
5451330.517240832,15.18384509689735,-2.091617846347977,1.2818276837095481,2.9387096332384046,168.37565919899865
5451330.617158176,15.128457406741623,-2.0559745204662723,1.2666898552847745,2.888091435474494,165.47545010056803
5451330.71379664,15.060151741429014,-2.031947090162223,1.2828591102434104,2.8544130462110195,163.54582053497225
5451330.817149504,14.959687409477125,-2.0014462898517724,1.2723081249772596,2.8709748286544503,164.49474077019468
5451330.91726992,14.880110409115373,-1.9833748711604915,1.2471584780145064,2.934369220866593,168.12697188874748
5451331.017116864,14.797995301774346,-1.9639797921212054,1.2252345069019228,2.9822214230085584,170.86870111188898
5451331.117165856,14.69484059661865,-1.9620950174875869,1.2178429065488903,3.044704496816084,174.44871753206462
5451331.317619744,14.52312797232112,-1.9342888563857037,1.2064836029640578,3.0806965430159017,176.51090987535403
5451331.417275616,14.440690222848017,-1.9228603480080175,1.2120844498676737,3.0378364523136243,174.05520756856563
5451331.517252864,14.362542421764667,-1.8958788920900222,1.1990616633205553,2.944569516456416,168.71140577583023
5451331.617100896,14.295905395627216,-1.8544232519135941,1.1989126403854824,2.8682667369298787,164.33957854384244
5451331.71755776,14.208683072259394,-1.8133381760641336,1.1802938748556082,2.8188673986311437,161.50920494858593
5451331.817305376,14.135927104270475,-1.7880016468387456,1.1820297312748558,2.8019059702771556,160.5373866893889
5451331.917093568,14.042679018205241,-1.7538067779857884,1.1763240164113624,2.8318152322756394,162.25106117025302
5451332.017592192,13.961786136601274,-1.7353116821832575,1.1520123191233127,2.906542429100967,166.53261416318773
5451332.117292864,13.870242120629912,-1.7170029462517353,1.1394545655291815,2.9593372034679177,169.55753191475947
5451332.217149248,13.76888802532082,-1.707089558993884,1.1248862686078598,3.023045749954403,173.20776274734806
5451332.317677984,13.67659619584996,-1.702260613217091,1.115905610200023,3.077059632530624,176.30253025408075
5451332.41729888,13.5920264757516,-1.6834670319312977,1.11701645223763,3.069462221839594,175.86723068625716
5451332.617724192,13.433496769077122,-1.6422110820908806,1.1077903826421105,2.9389591355506983,168.38995462847183
5451332.717159584,13.348524581826844,-1.609730121280332,1.0983658570502994,2.8721240125354712,164.56058415646166
5451332.817530432,13.269972167365383,-1.5746464027295541,1.088004251066792,2.828539854725499,162.06339586031808
5451332.917747424,13.191021291778771,-1.544794709002002,1.0862787182104845,2.830277235039174,162.1629404197008
5451333.017120576,13.106944097942845,-1.5184023213656346,1.085456649845583,2.863963433730936,164.09301743257788
5451333.117069632,13.021998093364353,-1.4995598129543701,1.0609104307538786,2.9344601141610416,168.13217969090542
5451333.217197664,12.924923584584596,-1.481252030968479,1.0357435191400386,2.9971244487772055,171.72258159040717
5451333.317105376,12.827898373362114,-1.4765380336698544,1.0276730257129223,3.0691100100472037,175.84705043705847
5451333.417241344,12.747885899090896,-1.4666632157047412,1.0303927373583128,3.1003330228198642,177.63599729261497
5451333.517722912,12.661011916169423,-1.4572098864743346,1.0296971255290326,3.0831055806378873,176.64893756378206
5451333.617513376,12.583904666274654,-1.444507942736278,1.0256398851652724,3.0328148867189397,173.7674930534421
5451333.71747728,12.484549436261196,-1.4173798683442183,1.0193823517844844,2.940936948387871,168.50327495670862
5451333.81764224,12.417473594136418,-1.3834006181530867,1.0080010446680248,2.8870771646175526,165.41733666118216
5451333.917541184,12.345558046016428,-1.3542093728150357,1.0027708365750423,2.8666808232066128,164.2487123808274
5451334.017126272,12.267913714804537,-1.3409889147824237,1.0078045292679298,2.8892134758899606,165.53973828081737
5451334.117571328,12.195991640477454,-1.3244846764559974,0.9854095971528808,2.9676748265694695,170.03524252964914
5451334.217492352,12.088566020532765,-1.3124284443960106,0.9816847016123518,3.0443588312423393,174.42891235356606
5451334.317207328,12.026230337093402,-1.3292255706602352,0.9554964926600173,-3.1402966197011977,-179.92574272807755
5451334.41761392,11.93072102015376,-1.3251908426106411,0.9474054652283155,-3.0562481192250064,-175.1101183763885
5451334.517648128,11.852397191462206,-1.3216127261268567,0.9582915175768515,-3.040542992962701,-174.21028092483832
5451334.617142432,11.753724035644243,-1.3270013015626148,0.9614074458442755,-3.0709291275018042,-175.95127818964565
5451334.7170744,11.683447117878071,-1.3287670561398546,0.9434632140748209,3.1368062899710263,179.7257615654297
5451334.817543968,11.598083654080174,-1.314354429109667,0.9264600471794975,3.058715904098958,175.25151203441217
5451334.916956864,11.530489960521392,-1.2941491680608157,0.9259132247506305,3.005540531565568,172.20478761421302
5451335.01719056,11.450311824265794,-1.2837787764191255,0.9300661229330648,2.995921704822016,171.65366943793993
5451335.117450656,11.348659149575624,-1.2759531450963846,0.9246650803975448,3.0362439086527084,173.96396153810485
5451335.217535424,11.28627601920941,-1.270465460325081,0.9029653548946731,3.1118070709429477,178.29341182399764
5451335.317163488,11.194314543729611,-1.2723451543071695,0.8758574705328153,-3.091881683328801,-177.1517712085448
5451335.417188768,11.098364436772615,-1.293040653452026,0.8716697069695091,-3.0050707326381643,-172.17787011845303
5451335.517502112,11.011786774391242,-1.2979256867272873,0.8709674145576025,-2.9802290920633165,-170.7545489573333
5451335.617148416,10.914076715084676,-1.3015876953175132,0.8711424033108992,-3.0002586650449943,-171.9021589546327
5451335.717668896,10.833977555145168,-1.307309481239297,0.8730299424873047,-3.0816331910440997,-176.56457585425903
5451335.817460672,10.756136471290395,-1.2984389216227745,0.8515795907705965,3.108698657988196,178.1153128807066
5451335.917121504,10.67702448864637,-1.2761851884476108,0.8395200447473057,3.05384549092299,174.9724579149443
5451336.017591968,10.589198718736391,-1.258527710643557,0.8403525668350394,3.0013931800795066,171.9671618779044
5451336.117421888,10.487665355215443,-1.2451104977511758,0.8288537432373155,2.99972144474715,171.87137849889746
5451336.217089472,10.412285556127092,-1.2383045618121817,0.8315969426214049,3.0553734061133104,175.06000100680356
5451336.316993376,10.332245731882136,-1.2322891329246095,0.8033482474168888,3.110571603277175,178.222624741024
5451336.417443232,10.241921000210738,-1.229081790343631,0.7866418866913005,-3.095629842086189,-177.36652488628812
5451336.516983808,10.137857567867979,-1.236676487072643,0.786431952219281,-3.039750425550309,-174.16487015712866
5451336.617506112,10.0591840038032,-1.2292250031520107,0.7935128484474214,-3.0364654165911213,-173.97665300810456
5451336.71742576,9.952010370164277,-1.228134662641332,0.784098040417441,-3.0715695149717455,-175.98796968892634
5451336.817224352,9.872004017357346,-1.2197478407796993,0.7642853696759369,3.1223952963489356,178.90007245229395
5451336.917475744,9.78648663492112,-1.1951550463001426,0.7600056934930917,3.020618271567628,173.06867848092665
5451337.017350656,9.697619292486737,-1.1599582392099104,0.7519878882654917,2.9562799683644103,169.38236524634925
5451337.217527712,9.553641362827605,-1.1334605822849808,0.7528880364870305,2.984344694185306,170.99035558907838
5451337.317569152,9.463118834118875,-1.1193229575836696,0.7235640104367145,3.0643981314601056,175.57707968043968
5451337.417644608,9.35887664947861,-1.1106548000924925,0.6961630860571062,3.1200147249692165,178.76367575940642
5451337.517704512,9.256280649831147,-1.126258444402267,0.6943096101919336,-3.05871269365663,-175.25132808961638
5451337.61774336,9.165391863439321,-1.1209983731832014,0.6962210916293112,-3.0531446836679743,-174.93230461697974
5451337.717792544,9.086164895324286,-1.1169181834534374,0.698500553750502,-3.0736226916857348,-176.10560804923247
5451337.817395872,9.003249956043064,-1.122683995808503,0.6958890300382974,3.1352937837223886,179.6391013408956
5451337.917529696,8.913043956233343,-1.1000390415565273,0.6807674326829933,3.040053602686567,174.18224092748113
5451338.017428256,8.8314428964995,-1.0736621021991544,0.6678331104320385,2.9780016425990428,170.62692550395175
5451338.117410784,8.751685486289228,-1.0527771998091489,0.6677502131636789,2.934644393906306,168.1427381425588
5451338.217564768,8.666359728538172,-1.038832504302829,0.6712319651812834,2.945269612605066,168.75151833040124
5451338.317434976,8.572388246507584,-1.0157856868279675,0.6588886401187375,3.014333145469788,172.70856728181286
5451338.417400288,8.481875245014864,-1.0106513339238359,0.6444849089313488,3.0771469600627084,176.30753375310448
5451338.517544768,8.372490409906797,-1.009935619717631,0.6191318633947611,-3.1330646012828405,-179.5113785953448
5451338.617409696,8.280347943421472,-1.0203448970728546,0.6129169919517449,-3.0686087171443264,-175.81832846942373
5451338.717385056,8.205925501236246,-1.0152691566751104,0.6133068106940469,-3.074894825316704,-176.17849593726365
5451338.817565376,8.115983056271169,-1.0193112119599652,0.6130753606860332,-3.112603457394423,-178.33904140652857
5451338.917413792,8.019113704881553,-1.0108725109745536,0.6051140526527464,3.080044057706415,176.47352522092618
5451339.017616992,7.938482193327471,-0.998844290664698,0.59569878436418,3.0013768435708332,171.96622586490543
5451339.117542432,7.85983150032886,-0.959171321415852,0.5782836924886547,2.9465893099954896,168.82713142110694
5451339.217496864,7.777407340350979,-0.9346833621594868,0.5751252603061483,2.8960343517076783,165.93054567775545
5451339.31838704,7.6954640004852966,-0.9082352206023984,0.581123213157298,2.9005795001145853,166.19096349873183
5451339.417536992,7.596941693065732,-0.8822948877202773,0.5764809585665618,2.9613696598070947,169.6739830850389
5451339.517421312,7.507631094684294,-0.8708779576205605,0.5512124725489128,3.010834186346541,172.508091691362
5451339.618358464,7.422953692661845,-0.8642456475193647,0.5323376757172408,3.078836499109803,176.40433720982557
5451339.717464512,7.305954453309216,-0.861903788924952,0.5241932811072771,3.1375669503002612,179.7693441919379
5451339.817362912,7.234805942478976,-0.8573009527336931,0.5250361361043103,3.1230613068130606,178.93823204099988
5451339.918348384,7.142049974705893,-0.8386719072957054,0.5177410516156952,3.09936158397561,177.58033794678414
5451340.018358656,7.072685170296906,-0.824901301942032,0.5180482979508988,3.0220188295251,173.14892454085324
5451340.117433568,6.9846520096575935,-0.797519968793695,0.5047657463333814,2.9430414771692393,168.62385557374483
5451340.218439936,6.901036810102109,-0.7590075948633023,0.49490754530251124,2.8863801839226433,165.37740260896177
5451340.317513632,6.828939870681592,-0.734627846512856,0.49310360100026507,2.8557015844980937,163.6196483405626
5451340.417377728,6.731573050488393,-0.7117933039483567,0.5031578367943903,2.8708015913870946,164.48481500592084
5451340.518329312,6.6495449501957,-0.684820045465964,0.474993556741773,2.9402260005974594,168.4625406488639
5451340.61744176,6.560244080194506,-0.6732050591758848,0.45204780795161276,2.9998872357840605,171.88087762559354
5451340.717354944,6.448571848787112,-0.6613974642113033,0.4444236750155899,3.0735110499031792,176.09921144627472
5451340.817632576,6.357861485341555,-0.658160528459234,0.4382466934756154,3.1280767457824967,179.225595526354
5451340.91745376,6.276422566102642,-0.6420494453390416,0.4425987854684017,3.1228616383434735,178.92679188039068
5451341.01742688,6.199028110160172,-0.6286168378076427,0.43274920644433135,3.088012637018181,176.9300911842056
5451341.117613824,6.104716970726592,-0.6097996748275393,0.424896853779482,2.9972491939977286,171.72972896505757
5451341.217473888,6.025805099778959,-0.5682779506048686,0.42156607735250284,2.908062589932877,166.61971296303724
5451341.31736432,5.944656559703105,-0.5395490649778636,0.40708222598981436,2.851220263376849,163.36288755367244
5451341.418438752,5.860324762219745,-0.5148626424881315,0.42087248308542236,2.8449974487494067,163.00634653882773
5451341.518323392,5.778040315448405,-0.48735818603569075,0.4160171781662145,2.896204011685433,165.94026647843307
5451341.617269632,5.691618723906313,-0.46819553213989396,0.38208336589251884,2.9755473641664847,170.48630570801618
5451341.718309344,5.58975564003821,-0.4639650140475011,0.3695530224088455,3.049003676260513,174.69504236959978
5451341.817505984,5.510976855044672,-0.4801798385825793,0.36351203003708654,3.130250540361274,179.35014478124637
5451341.917345024,5.404959670784158,-0.45958418009741653,0.35912863416514257,-3.1219082434611605,-178.87216637742478
5451342.017638848,5.326982459513346,-0.45473672929406433,0.3624069010820389,-3.1278919932790488,-179.21500998765194
5451342.118311776,5.239588536561291,-0.44357336523795793,0.352943451192527,3.08916430843118,176.99607709555633
5451342.217406176,5.144613984965315,-0.42214550507585813,0.35359187979997353,3.0044544849399837,172.14256172621262
5451342.317365504,5.072436675527474,-0.39092887967544493,0.33567185978189823,2.9504334248610076,169.04738297886462
5451342.41760064,4.985501921586543,-0.36579191000988515,0.32283032153040947,2.902800113622946,166.31819528069065
5451342.5174648,4.906389264445391,-0.34823243785533886,0.3312238797766971,2.9017000599101292,166.25516684570854
5451342.617344896,4.812810671367854,-0.32594473428831305,0.31433758904878917,2.9636600056113482,169.80521023324812
5451342.71836544,4.71935807256957,-0.31970221332925486,0.30890189759241604,3.0256477023297816,173.3568436369513
5451342.817418144,4.631091251514017,-0.3231662191402092,0.28359886274754076,3.1103148456090546,178.20791361028307
5451342.917334464,4.5422840704189476,-0.3122536514969016,0.2792340854199801,-3.1143023417780773,-178.43638031159267
5451343.018281696,4.442948388208926,-0.29561897286725297,0.28560345320824115,-3.1197038561524155,-178.7458642882215
5451343.117511296,4.374491186730334,-0.2863037800566726,0.27411646058123273,3.131838701923523,179.44113973594813
5451343.2173512,4.268421239171847,-0.258224389586184,0.27736264077842754,3.0328256897347456,173.7681120206538
5451343.318363072,4.194392648343022,-0.23432002176417807,0.25682045277300214,2.931226652587596,167.94691598952926
5451343.41755136,4.113182524809407,-0.20432832913084803,0.2512473124111558,2.8755452573519857,164.75660704512893
5451343.5183568,4.022208720977956,-0.17835275707688175,0.2582728846432849,2.87405576796488,164.67126558961826
5451343.617391168,3.951297826569598,-0.15868377466030056,0.23683960772338813,2.921552249304144,167.39261351207995
5451343.718318176,3.8604033927883417,-0.1400146646907948,0.22507103724066527,2.993714200887162,171.52718877921427
5451343.818326016,3.765052238631625,-0.13426742489002305,0.20369972077189316,3.0585800528251728,175.24372832978278
5451343.917522912,3.6535708897681953,-0.13359776615756103,0.19599808391989823,-3.136026567824607,-179.681086777247
5451344.018317888,3.568901666060212,-0.1245032087882309,0.20445864771802846,-3.1294783035361253,-179.30589887038076
5451344.118304992,3.496183254420385,-0.12990661231128453,0.19810858213149404,-3.1385532768230933,-179.82585653891798
5451344.21729744,3.408502351119818,-0.12091527471039257,0.20175817578740604,3.0677623881372567,175.76983738923914
5451344.318329536,3.3338224189814247,-0.09714396936740259,0.19208069047942475,2.9982388298917866,171.78643092504174
5451344.417486304,3.2534643885774264,-0.06458130980659914,0.17023590737102895,2.950286109204018,169.03894241346293
5451344.51833888,3.1688463838675838,-0.03634417524046961,0.1722399952285673,2.9038688874250327,166.37943150880434
5451344.617621504,3.0981955904404685,-0.015619242621775654,0.16794140807840685,2.917362606533783,167.15256466367077
5451344.718375456,3.0155900488046496,-0.0016617055927083046,0.1631917244985724,2.980692004743643,170.7810719001991
5451344.817305248,2.9179293102966066,0.017263998659187166,0.1600477429540497,3.0395407679344597,174.15285766059773
5451344.91836336,2.8361018231281934,0.016578506909081824,0.13069718417527315,3.107092945915032,178.0233123558011
5451345.01830448,2.7302699605697924,0.018906508880365266,0.11856545260831527,-3.108710202308585,-178.1159743215422
5451345.118325888,2.6290033242164887,0.02388250081752236,0.11866861764498216,-3.105952238654627,-177.95795464411995
5451345.217342432,2.5599286549198483,0.029596691768026456,0.1297111086144442,-3.124255189020704,-179.0066364527336
5451345.318488832,2.4801567312946364,0.041277935942261805,0.11403797282941429,3.0825289060853307,176.61589654576795
5451345.418305728,2.426508052752787,0.0633735666491072,0.1056794208829643,2.9887574751039327,171.24318931163157
5451345.517236032,2.333462664541451,0.09858953361407288,0.09422010213005781,2.924272355369151,167.5484641094328
5451345.61751616,2.259881570930202,0.12005951285990593,0.0943525443876648,2.8867615724668436,165.3992545628991
5451345.718278336,2.174446459874182,0.1413738081039464,0.09976187847321116,2.9062937065360064,166.5183634099458
5451345.818243136,2.083691884634426,0.16020685756832537,0.09785231596026382,2.9771637412062475,170.57891729049643
5451345.918297568,2.0093733158975806,0.1708902580856996,0.06471143318966423,3.0343912543131206,173.85781226354987
5451346.017451008,1.924523885753201,0.16829982030061963,0.04570630879971488,3.1172704913080795,178.60644275262553
5451346.11836208,1.8059750934552294,0.1731797543574473,0.04221790693745359,-3.1037748371654,-177.83319872848176
5451346.218181696,1.7095190804455702,0.18206402325285753,0.05068561357081447,-3.1048323294111007,-177.8937885710282
5451346.318210624,1.6386998085637523,0.18550249487411363,0.05873047605355279,3.133747081242191,179.55048181661783
5451346.418301088,1.560872687125992,0.19111699749219896,0.038465585528845325,3.047279867683429,174.59627541344443
5451346.517536096,1.4714619889848177,0.2109153233110733,0.03175838676288819,2.9754081476666445,170.47832919013675
5451346.618246304,1.3990006099444798,0.2455135304196647,0.02303657347570583,2.9267136369524627,167.68833924075957
5451346.71834448,1.3171567433209268,0.2677901191974062,0.017267464678033927,2.90213915931563,166.28032538843044
5451346.818234688,1.2357389711792823,0.2918993705366126,0.023249694300833543,2.9131701505501617,166.9123546300149
5451346.9183672,1.149106565647374,0.30842812738771336,0.017671826471168158,2.977583249575881,170.60295334954685
5451347.018352576,1.0547008285381765,0.32099208497384024,-0.014268156371413591,3.039963235048685,174.17706324322592
5451347.118332736,0.960838853923691,0.32881782303305745,-0.027779729644944087,3.1100112946604535,178.19052142206104
5451347.218200416,0.8680735678174311,0.32106357687222964,-0.04014977425545869,-3.119764468569152,-178.74933712388656
5451347.318353728,0.7824822565695355,0.32686165506759024,-0.031028094203147973,-3.128411217002785,-179.2447593156451
5451347.418258912,0.6811239404601932,0.3383040445443638,-0.03525217119130758,3.118056927597946,178.6515022328908
5451347.51737776,0.6061927659109732,0.347758156960057,-0.04895695583700605,3.031997256449711,173.72064628981315
5451347.6182632,0.5119946368048245,0.37432982335058407,-0.05018264688188712,2.956221100107627,169.37899234368825
5451347.718214464,0.44971617206647546,0.40511127164566235,-0.06656955813403842,2.9033751994429076,166.35114527103224
5451347.81832688,0.3609212110462431,0.4343552460592002,-0.06465489431653301,2.874134302875758,164.675765308556
5451347.91825776,0.275682671689378,0.45902024397770846,-0.06125218317768919,2.8845902570329804,165.2748473525471
5451348.018190112,0.184395826941936,0.48470621683483084,-0.07717312632305784,2.9536625573000705,169.23239863911172
5451348.117345728,0.08847901843326451,0.5007150609901119,-0.09589664445302971,3.0075506908506258,172.31996125739587
5451348.218235424,0.006872526313381403,0.5004604936232278,-0.11519638181405055,3.075318301765583,176.20275935050762
5451348.318250496,-0.09578403204322047,0.5045998860352026,-0.12485705514038117,3.1321503528538943,179.45899601893973
5451348.418346176,-0.18206394875051982,0.5142126086909216,-0.11627754586655767,3.127472997541627,179.19100330026373
5451348.5182456,-0.26952991192453246,0.5204964748987595,-0.11282326017826542,3.098597280288832,177.53654657126546
5451348.617341024,-0.35802818649728685,0.5410152204241336,-0.1307289466984561,3.019835847873317,173.0238489054516
5451348.718259744,-0.44267740219030743,0.5620975876950124,-0.12269987207996133,2.9437307825106385,168.66334986060284
5451348.818197856,-0.5141712423010711,0.6025984427670432,-0.14857602590045907,2.8924727040507414,165.7264782989003
5451348.918200512,-0.6002836978827604,0.6339097995043708,-0.14753792956229572,2.8534260599193813,163.4892703860241
5451349.018286848,-0.6880149130249738,0.6566773052242101,-0.1454535650680683,2.873259654457954,164.62565164565802
5451349.118175264,-0.7606869754129278,0.682562731608553,-0.1543111650455906,2.9362318913155483,168.23369504409635
5451349.218384192,-0.8638830133319663,0.6995091204943262,-0.17415150633897494,2.992940071320282,171.48283442223575
5451349.318412192,-0.9499879533102187,0.7070430078511892,-0.18601230287709258,3.06084977089749,175.37377359601112
5451349.418140992,-1.0622816010326415,0.703539031795678,-0.2053989774680583,3.1202558280110892,178.7774899461335
5451349.518153312,-1.1326385724846553,0.7185731994736708,-0.19139876712118475,3.1159294463979554,178.52960653913792
5451349.618279392,-1.231732375054059,0.7263187489836398,-0.19947587771314887,3.0891320204233037,176.99422712897612
5451349.818354784,-1.3914222998731414,0.7688974596241362,-0.20519252106374536,2.9260801540833223,167.652043345964
5451349.91822592,-1.466475332476633,0.8122454533484923,-0.22903708041947682,2.8731485912059274,164.61928819005792
5451350.018174688,-1.5508694510091425,0.8381818454937526,-0.22496556706314666,2.8362315497131867,162.50409752041452
5451350.118352768,-1.6343346485178798,0.8612753055499862,-0.22470565690695934,2.856364052338664,163.65760495189045
5451350.218237216,-1.7216324626810122,0.8891321624341544,-0.23200853149964315,2.920424585783665,167.32800315164562
5451350.31814448,-1.8104559635835586,0.9059492814169487,-0.2549108584408764,2.9760009426876963,170.5122938429594
5451350.418356864,-1.9001789830183842,0.9130527605232017,-0.27825699547843086,3.04701961252625,174.58136389134154
5451350.518299872,-2.0251491256003646,0.912571452253086,-0.2793078747400037,3.1160972002603744,178.53921812745153
5451350.618096544,-2.1000273747803577,0.9193898731318805,-0.27449375158900424,3.1132565470520897,178.37646068755654
5451350.717337952,-2.1874039856702794,0.9254949038883201,-0.28197560365920527,3.0958540021282372,177.37936831063297
5451350.81824736,-2.268877579714788,0.9393503429738346,-0.2779047536450896,3.018436623943217,172.94367927966314
5451350.918168352,-2.3509420720572023,0.958762591642872,-0.2884867304923994,2.9492672007455156,168.98056325908055
5451351.017329472,-2.4458162294370487,0.9992354766119784,-0.3021570165814678,2.913097596990939,166.90819761728278
5451351.118336416,-2.5190762524007453,1.0277616999765744,-0.3111045890121441,2.8691049347544513,164.3876037415875
5451351.218160576,-2.6031425107331834,1.0465479116991667,-0.30325501705912083,2.8865037573475627,165.38448284466963
5451351.318088576,-2.6912570039202364,1.0706017101537155,-0.3061788174987992,2.941346614681965,168.526747106369
5451351.417243744,-2.767961749517259,1.0795805627961714,-0.328143591506494,3.0036911355996465,172.0988250307172
5451351.518291616,-2.8552533859665172,1.082663696528486,-0.35376061379407386,3.0872453920838234,176.88613128761412
5451351.617317088,-2.9687400107881174,1.0757328368470116,-0.34804624110970817,-3.1260014006311683,-179.10668700814995
5451351.818175872,-3.1509196569672877,1.0903944688745675,-0.3629435585732543,-3.1288152047948476,-179.2679061111051
5451351.917382112,-3.240181876971589,1.100825245252226,-0.3613404245029777,3.0811154280947326,176.53491022247206
5451352.017239936,-3.30600856410383,1.118020927081282,-0.3615492150323554,2.9964300858051667,171.68279752265917
5451352.118230496,-3.4064662264578396,1.1528229753185095,-0.3806365407118207,2.9466511364071093,168.8306738135552
5451352.218035968,-3.4854276630862064,1.1735558109661732,-0.38149789018479646,2.907079022210054,166.5633586836542
5451352.318253856,-3.5650120892424653,1.1933856803402518,-0.3795011886916987,2.9259610777638962,167.6452207754209
5451352.418209632,-3.657566168879523,1.2164861274299452,-0.3886563123339651,2.9833792121665184,170.9350375442061
5451352.517353984,-3.728639574536039,1.2183826839746994,-0.4079136935739897,3.0407035443583874,174.2194798422061
5451352.618294016,-3.839245959643946,1.2194974095477458,-0.4297363630163303,3.116034040856635,178.5355993601807
5451352.718173472,-3.9306751624498277,1.2186648629141281,-0.42617053497051227,-3.1047080594319483,-177.8866684257026
5451352.817270208,-4.0162565610368635,1.2221805637331928,-0.42719234466572925,-3.1118967254932945,-178.29854865134666
5451352.918324288,-4.111724644453226,1.23814215730805,-0.4276942977306832,3.1406991490108593,179.9488059586515
5451353.018260352,-4.21047509763883,1.245840281928241,-0.4250670045038431,3.0531559248947677,174.93294869183154
5451353.118063936,-4.281263538627953,1.2681376653103034,-0.44658064809096365,2.977084409797225,170.57437193557664
5451353.217255488,-4.365337838259853,1.3025487983648958,-0.45501079602801653,2.9309975791235807,167.93379104684274
5451353.318184416,-4.447389294674493,1.3254691345436773,-0.4517606599119704,2.9050128641454687,166.44497654674655
5451353.41812016,-4.5140240767596,1.3449022277506508,-0.4507232699743377,2.929669022127816,167.85767033814284
5451353.517254976,-4.591642437971242,1.3588236949827424,-0.46358343665502644,2.998985160515405,171.82919251989645
5451353.618126048,-4.684996249423653,1.3661230893992289,-0.4820611367787758,3.058969152985426,175.26602212677315
5451353.718270208,-4.805063644867025,1.3653628312636292,-0.4958590010353203,3.1326861088836826,179.4896925782953
5451353.818192704,-4.888956538635808,1.3620948802190767,-0.5044352865946152,-3.096585118262771,-177.42125817947567
5451353.918127424,-4.973500733894675,1.3652691079980528,-0.4979620231864439,-3.0983157495979476,-177.5204160508744
5451354.01805888,-5.046167063423512,1.37041620595287,-0.5022754529199298,-3.1289343615984286,-179.27473329305056
5451354.117190912,-5.150281110227908,1.3824447335565953,-0.5055390607555447,3.0707129707869507,175.93889332217114
5451354.218103744,-5.229178518756372,1.3962597029512904,-0.5148591341248973,3.0133433385061092,172.65185552026142
5451354.318256096,-5.310540819587556,1.4332867637595812,-0.5321142407658287,2.9659993501563577,169.93924480250413
5451354.41822464,-5.372590876132043,1.4516460124125625,-0.5282913360783316,2.9398173513554378,168.43912677199484
5451354.518098368,-5.471352311933873,1.4713839236080695,-0.5243979820806791,2.9581287660917157,169.4882935532972
5451354.618259232,-5.556607600042157,1.4887649595330892,-0.5365057591556036,3.0310987108866927,173.669163421352
5451354.718114496,-5.634382814548677,1.4995444815727061,-0.5630759618518228,3.0820740847972985,176.589837205531
5451354.81739088,-5.759883098177598,1.5003968719780376,-0.5777221064438616,-3.132703038681708,-179.49066258427013
5451354.918318304,-5.819504857058697,1.4899244335510675,-0.5771708565470205,-3.080418142487843,-176.49495870008207
5451355.018251936,-5.900828062853618,1.496744248810067,-0.5725690303116818,-3.083306637889268,-176.66045729572664
5451355.118189792,-6.006363879771096,1.504491700207782,-0.5705379676209742,-3.1115051255989092,-178.27611163014063
5451355.218015424,-6.072779357418247,1.5183715538467777,-0.5829033291626389,3.080077790054852,176.47545794212465
5451355.3182384,-6.1549209353758565,1.5378453541550012,-0.5961856309413506,2.9969330724456533,171.71161653431054
5451355.417963712,-6.244093013794068,1.5737683653489347,-0.5955850112178548,2.942042327091944,168.56660849121565
5451355.518253472,-6.326273870982048,1.586699505297194,-0.5976848376312491,2.932815145037681,168.03792990270753
5451355.618139328,-6.411967644275272,1.6066653142165392,-0.5961931132476631,2.971103226697321,170.23167538745716
5451355.717178848,-6.503087213523234,1.6277569432147163,-0.6121870238165587,3.0459231030165035,174.51853852423713
5451355.81721664,-6.581887188294852,1.6258687233045763,-0.6461616019597094,3.106027138233586,177.9622460738816
5451355.918178304,-6.681500282182449,1.6256238171906532,-0.6539289032443137,-3.0951240937227102,-177.33754763956514
5451356.018052128,-6.768308668206654,1.6224150215349156,-0.656354479570064,-3.0677514395067456,-175.7692100789194
5451356.118050752,-6.868397722313526,1.6253779123782457,-0.6450043448950535,-3.074741541866146,-176.1697134424775
5451356.218001856,-6.962878278276835,1.630384367902317,-0.6440943380297565,-3.130237220431929,-179.34938160551147
5451356.318077216,-7.029952710783828,1.6414378848044755,-0.6582050964849424,3.0601930072666366,175.33614381182554
5451356.417946112,-7.11187545931451,1.6647326882806126,-0.6667074637877638,3.0027235370913576,172.0433857199291
5451356.506403136,-7.1939449629139665,1.695502268911723,-0.6695712292067602,2.9581478218403054,169.48938536726686
5451356.617982528,-7.280360852996074,1.7078600819976857,-0.6688082411464951,2.948892319221727,168.95908412995004
5451356.717942208,-7.3782968193293,1.7299191425453018,-0.6761889436905125,2.9957101562818518,171.64154859942636
5451356.81820896,-7.45351723080062,1.7439148369966153,-0.6861524665128493,3.06137845720382,175.4040650900502
5451356.918144384,-7.531715081190116,1.7480901264227977,-0.7076578103429478,3.119818099970906,178.75240997685646
5451357.017973504,-7.635893967014003,1.7434652187259065,-0.7157794063590616,-3.095723646422096,-177.37189947883562
5451357.118164,-7.737213697562095,1.739226348056926,-0.718776448978555,-3.0675065249625293,-175.75517750919443
5451357.21804256,-7.818091794594643,1.742063075988879,-0.7192180929714198,-3.0891306705980965,-176.99414978968866
5451357.317149248,-7.900908401901498,1.7492402086601175,-0.7251772012801584,3.1317637276657484,179.43684402740553
5451357.418081568,-7.983417046681909,1.758760195045169,-0.7399226898953838,3.037988479571386,174.06391808880633
5451357.517988224,-8.080500961554772,1.7827939094715868,-0.7422181585881926,2.975000779640749,170.45498872154437
5451357.618153952,-8.15596834753921,1.8123327433537073,-0.7475236698050969,2.9252483697839953,167.6043856161473
5451357.718150848,-8.239604599530916,1.8307903260187814,-0.7405058814264759,2.9210549242150905,167.36411888343122
5451357.81803488,-8.325734965140757,1.8495011546875624,-0.7395958169417302,2.9540853688916497,169.25662395883842
5451357.91788528,-8.429650300997626,1.8664265777597775,-0.7604139351592147,3.022760679911395,173.19142943701812
5451358.018116736,-8.512538888445809,1.8741952278309466,-0.7795458671319446,3.0835705065396413,176.67557585573886
5451358.11802464,-8.596282011656465,1.8656116430558267,-0.7858017257634222,-3.12514760152841,-179.05776792300983
5451358.217145568,-8.696221719191538,1.866294905127436,-0.7881578293843357,-3.0877577465865675,-176.9154870382359
5451358.318058816,-8.804482262044232,1.8734691283408573,-0.7852840427772642,-3.097593414717012,-177.4790293108017
5451358.417919744,-8.878829506918663,1.8702654647343762,-0.7943975832969048,3.137485667048196,179.76468700464946
5451358.509189088,-8.965760497604418,1.8858566271647939,-0.7967044187994032,3.0512404910148043,174.82320241457327
5451358.618127264,-9.053925155601622,1.911428301114555,-0.8088172272549736,2.9841113912289594,170.9769883143318
5451358.712220992,-9.131631138851334,1.9454926327149382,-0.8198564910991939,2.9392828237400264,168.40850059559855
5451358.817102016,-9.20853062164008,1.9660414992899917,-0.8150232754267526,2.936761443089515,168.26403612577832
5451358.918124704,-9.307544162619145,1.983121293321595,-0.8173606922428116,2.9675966666969607,170.0307642988271
5451359.017906688,-9.402370217203499,1.9964043479721707,-0.8316861816065922,3.0349760349264976,173.89131772463745
5451359.118116512,-9.486759098532415,1.9966104558113333,-0.8548574521862614,3.091159820011448,177.11041148707514
5451359.217995936,-9.576178392158658,1.9999537439632302,-0.8653465275071827,-3.1278066009727765,-179.21011736889966
5451359.317942176,-9.68495241580504,1.9940999921642146,-0.8648670189367602,-3.0927921169064456,-177.20393521007082
5451359.418007264,-9.763777440241036,1.9997046802670648,-0.8610354651729194,-3.10934121852809,-178.15212888772416
5451359.518140704,-9.850788680485136,2.004109415686226,-0.8688409200451307,3.125053728569073,179.0523893986294
5451359.617885824,-9.919411485715385,2.022661251979398,-0.8676806103189906,3.0329341082502532,173.77432394401347
5451359.718097824,-10.028299607702996,2.0553042363167773,-0.8847165120695645,2.967241179640495,170.0103963908201
5451359.818049024,-10.098598440617813,2.0870582347235134,-0.8914153991895453,2.9227257265243054,167.45984880414994
5451359.918134144,-10.175590049200842,2.099908128705951,-0.8860403348122821,2.9169582267706398,167.12939540992215
5451360.018071232,-10.271587090639477,2.1252288187822383,-0.8928021983678682,2.9520101222550212,169.13772108511088
5451360.118083552,-10.352780099365358,2.140931629486925,-0.8997841560748835,3.018536847743411,172.94942168042104
5451360.2179272,-10.43928785048396,2.148174468475603,-0.9280357686410543,3.0777872286689063,176.34421844199434
5451360.318123712,-10.541838002150374,2.134838964767556,-0.938791739742155,-3.1395559754907016,-179.88330694069532
5451360.418049664,-10.646204629312399,2.1454159356183475,-0.9367036249358723,-3.106206275562029,-177.97250988675464
5451360.518112768,-10.720343952961073,2.1503063060692087,-0.9310588929710216,-3.1253814870597703,-179.07116857684596
5451360.617990528,-10.811698085185455,2.16071217340423,-0.9389535241587341,3.103961865909625,177.84391468617346
5451360.717967456,-10.89378595934546,2.1822624156444834,-0.9398983148598519,3.0106469130785407,172.49736172349
5451360.817952896,-10.979544844364632,2.208597036344253,-0.9490441786810633,2.949605731839921,168.99995966202394
5451360.91802352,-11.051839319704928,2.2376687746152895,-0.9580578948205916,2.9014127909616207,166.23870754737382
5451361.018008096,-11.13905045133404,2.26086903749329,-0.9614630378147365,2.8908935703796357,165.63600060425895
5451361.118185344,-11.229086220063111,2.2849524090155406,-0.960369224345462,2.924082600965783,167.53759198297578
5451361.218074304,-11.315019369009363,2.3011326513961174,-0.977447286467836,3.0295813025321148,173.5822223268368
5451361.318033984,-11.409222326366033,2.3095350272414157,-0.9923726753965211,3.0574056189911483,175.1764382277758
5451361.417940576,-11.497501164491812,2.2987364017149923,-1.0033400529996652,3.121540121981394,178.85107457028604
5451361.517867488,-11.60611938033066,2.301468965502692,-1.0091593893730848,-3.1207452219378427,-178.8055301526558
5451361.618047008,-11.711803920776108,2.3129771179431837,-1.0088868320817042,-3.1398179179888155,-179.89831514031238
5451361.717998304,-11.775317349008619,2.3239219045993114,-1.010894566602411,3.0840865477518573,176.70514283925365
5451361.81784144,-11.872146014118531,2.3367592155147774,-1.0180403026607272,2.994605871458714,171.57827773968023
5451361.918052736,-11.960988036118856,2.365975347586424,-1.0267900902612617,2.9355798247084146,168.1963343795462
5451362.017923872,-12.027254578284786,2.385323282729826,-1.0340485984538146,2.8979984216210175,166.0430785944584
5451362.1172472,-12.113587386698086,2.40993731021817,-1.0329531791597457,2.8861339818215277,165.3632962676606
5451362.218080288,-12.211643460146764,2.437107669350695,-1.035698088028774,2.9216864940917207,167.40030517182973
5451362.31818624,-12.292044997668086,2.4443936056097004,-1.0471551751721755,2.9933438322978083,171.5059682221801
5451362.41794416,-12.379701206256206,2.4552125358187333,-1.0646358116966463,3.073001116881812,176.06999443631602
5451362.518018912,-12.489091086781759,2.446522106550276,-1.075510903947215,3.137948197336151,179.79118803804624
5451362.618024192,-12.564772108837026,2.4535295216003306,-1.0727825970031062,-3.096658815047679,-177.42548069421457
5451362.717099552,-12.66233695565408,2.4622218542619767,-1.0804600663651402,-3.11960861351665,-178.7404072871624
5451362.81800496,-12.750098095447784,2.4729920184467167,-1.0741242167873661,3.104318850777427,177.86436841244856
5451362.918111008,-12.832527440416293,2.4824817297290536,-1.0829248025075942,3.0093934378082197,172.42554288077656
5451363.017139168,-12.923740395048144,2.5161821090175565,-1.098694117253439,2.9456254690680126,168.77190740384054
5451363.117991744,-13.009078042959768,2.5412891460986824,-1.1038156963962937,2.9035174019827354,166.35929287640042
5451363.218135264,-13.083688835827218,2.5556284313916073,-1.105783427406854,2.9058655190267912,166.49383007282756
5451363.318022208,-13.176921077702016,2.572866610517821,-1.1124231675881686,2.9686153791966405,170.089132225596
5451363.418023328,-13.261368789697594,2.57851401553688,-1.1231221925362271,3.0369628190125693,174.0051520675731
5451363.517890784,-13.373511606934368,2.579119382860133,-1.140950446101441,3.1273308755281124,179.18286030871343
5451363.617064032,-13.445293267768157,2.5730948618682237,-1.1474118818878092,-3.0824809595792226,-176.61314941332557
5451363.717779008,-13.547577707315293,2.584961819763494,-1.1413389890968706,-3.0793961259556135,-176.4364014661927
5451363.818097376,-13.60272492652168,2.5868560368865805,-1.1448881979747687,-3.117934496991883,-178.64448747588017
5451363.918086752,-13.70267498470467,2.5944320077198397,-1.1491223395786083,3.069633348580381,175.8770355262661
5451364.013003776,-13.792013034553067,2.6206747489576654,-1.1632142291633374,2.9909119469665204,171.36663145643752
5451364.118049632,-13.872014007669819,2.6522758474010537,-1.1715459960640642,2.93625363500756,168.23494086587965
5451364.217904896,-13.956411507027068,2.6731599914627826,-1.1681780340304968,2.9116758552926814,166.82673781841487
5451364.317788,-14.036030548579186,2.6936748738406466,-1.1726801493038619,2.9313690496594247,167.95507474076007
5451364.418049664,-14.107017613879314,2.7081688936227293,-1.1855172270029637,2.9987871712737513,171.8178485719607
5451364.51801456,-14.202073641267656,2.713291701548948,-1.2034192279827598,3.0542386107318378,174.99498202083424
5451364.618098112,-14.290060825164105,2.702009046046793,-1.2177018594779703,3.13231012966864,179.46815055608872
5451364.718060608,-14.407513142728543,2.7080125350063966,-1.2203639368036936,-3.1122960299104747,-178.32142710919203
5451364.818050048,-14.485354659288324,2.719403025039525,-1.2069507898052254,-3.129212498815724,-179.2906693817271
5451364.918136352,-14.577725705287685,2.7234528795411084,-1.2038378573305,3.0984093245415294,177.52577750020978
5451365.017802464,-14.65040532216548,2.7358592856532926,-1.217165600561909,3.0024105638971887,172.0254536768025
5451365.11804272,-14.725765842996429,2.7684177304901483,-1.2215581037928607,2.9383943032764,168.35759212302176
5451365.217852224,-14.796888980904539,2.7893976162648575,-1.2269044452632922,2.890948961098321,165.6391742586638
5451365.3180752,-14.875553920002172,2.815269501389827,-1.2267751553969026,2.879206076680136,164.96635654219187
5451365.41802096,-14.962834928405208,2.8384961457172704,-1.2304437455717303,2.915700233366971,167.05731769723664
5451365.51797856,-15.042084245515506,2.8582228173649655,-1.2442275433567678,2.987581341773139,171.17580183563243
5451365.617764896,-15.123265516991157,2.8642140620683407,-1.2693252282278833,3.0550089190200493,175.0391174346727
5451365.717977824,-15.236479326858108,2.874096563344731,-1.280283035136843,3.1272564120851674,179.17859386770465
5451365.817839776,-15.298504322233361,2.862217787721123,-1.2783515491376714,-3.1234614846633684,-178.9611605428771
5451365.917165856,-15.393972929438473,2.8767453108368946,-1.2706563609624888,-3.1267429432996634,-179.14917427338358
5451366.018004512,-15.495567574262877,2.8845138210140706,-1.2727484812132528,3.0881510734796693,176.93802300917963
5451366.117904736,-15.566879907317139,2.907953822075146,-1.294760420658413,2.9952856756147392,171.61722764871593
5451366.218020288,-15.644924681259452,2.927609554049702,-1.2990761235398047,2.936169411466733,168.23011521245462
5451366.317934976,-15.724227450730208,2.959812513962723,-1.3026744920897644,2.8828201651444636,165.17342855798475
5451366.420663584,-15.79419536916143,2.976825607580762,-1.2984707494008003,2.880212685340707,165.0240309700639
5451366.517946336,-15.86129668310449,2.991553436148382,-1.3053065115175955,2.9228850701473688,167.4689785212438
5451366.617929376,-15.947057994793207,3.0157592081569513,-1.3098193859925948,2.982411608807712,170.8795979555038
5451366.71786928,-16.03274551184157,3.0278976738643095,-1.3387604112160563,3.0521893554586415,174.87756834253517
5451366.818028192,-16.131150444830787,3.0173984732812373,-1.3516683123512203,3.1276191990721416,179.19938003092057
5451366.917909024,-16.228573418678735,3.0332226761134753,-1.3479084255548286,-3.1393464717033437,-179.87130325788772
5451367.018061664,-16.333828711591543,3.0344915202242078,-1.3493238145126376,3.125747225158562,179.09212382631387
5451367.117972064,-16.40214561001323,3.0504225882809943,-1.3486505462193976,3.0554735542058786,175.06573906983402
5451367.217883776,-16.493876245806092,3.070605589302657,-1.3574977138052566,2.9601264251670596,169.60275098722042
5451367.317890016,-16.586272359827678,3.102771783679775,-1.377330961475918,2.9032186181076205,166.34217382136978
5451367.417987136,-16.654805281813623,3.1414305344719287,-1.3739156163955744,2.8609360498999097,163.91956111609392
5451367.517891872,-16.731267599725513,3.15371947401832,-1.3739365652985698,2.8672376261502537,164.2806148395185
5451367.618018976,-16.844689773839225,3.18781023358351,-1.3806866469792098,2.9253631798219843,167.6109637467698
5451367.717978176,-16.90793918858146,3.1948247145426256,-1.3871958760498493,2.9830961114774763,170.91881706954672
5451367.81790704,-16.989177632547833,3.2107270421550185,-1.4185888345335167,3.0578781922564655,175.2035146813892
5451367.918133536,-17.113148777174008,3.204520023235923,-1.422921332599135,3.129170874449391,179.28828448121132
5451368.017982272,-17.167602183737646,3.2150508670771676,-1.4128056316881163,3.1365625653226945,179.71179717171697
5451368.11787312,-17.262735265709544,3.215200160430841,-1.4099183407108218,3.109909400476223,178.1846833153477
5451368.218013952,-17.339977139609037,3.225716059774145,-1.4163402446382372,3.0308740013894173,173.65628851554163
5451368.318006464,-17.438645917008163,3.2496178316491164,-1.4220717378170025,2.9486922376530167,168.94762030050458
5451368.416927008,-17.53406973176933,3.2859867603505397,-1.4370444004208232,2.899895004049595,166.15174476311458
5451368.517949088,-17.598028840436108,3.3120127885006694,-1.445899457533107,2.858448620847934,163.77704192957748
5451368.618065312,-17.68866321935893,3.337079558712967,-1.4409971644501396,2.8664674825760392,164.2364888630969
5451368.71688672,-17.778044513403373,3.363310505910455,-1.4379712288808157,2.918624194804201,167.22484834704895
5451368.817975296,-17.87586454766906,3.3838525515726494,-1.4603935863140498,2.979449796229958,170.70989859508975
5451368.917946272,-17.97673171833498,3.4005717102436304,-1.4865079632083633,3.051743613940265,174.85202923477843
5451369.01801232,-18.06828298648163,3.3890515408293513,-1.4891958493014257,3.1185848894251134,178.6817522173315
5451369.11773904,-18.16029731237362,3.397573971986192,-1.4884893176363647,3.127961619731761,179.21899928953482
5451369.217920192,-18.236978888318554,3.413965956538354,-1.49092172836372,3.1054484615793414,177.92909034389064
5451369.317869536,-18.331724351953433,3.429845016715972,-1.4912893345225993,3.0240979976399935,173.2680520987348
5451369.417936256,-18.410192208390804,3.450861854608777,-1.4922486899076253,2.935412492576735,168.186746954624
5451369.517739968,-18.499174634038315,3.4923776308470598,-1.5091699614479517,2.8781310784977276,164.90476368335564
5451369.617066816,-18.577331441820338,3.5193502446342277,-1.5083400879012123,2.844962171260873,163.00432528762292
5451369.71782896,-18.66386306882527,3.5403240643080673,-1.5079079879176989,2.8623021301381035,163.99783174821866
5451369.817918176,-18.751033568960835,3.568629671678843,-1.5157107084237502,2.9235677388873986,167.50809255885304
5451369.917877504,-18.832348300496317,3.563159055360933,-1.5320763470070455,2.993913998527841,171.53863634078184
5451370.019254592,-18.89002310021865,3.5745951109435743,-1.542318010093107,3.032651090735418,173.7581082348851
5451370.117844512,-18.9416795971911,3.6088225816635493,-1.5450264516792827,3.081139511103153,176.53629007721253
5451370.217844192,-18.96257641832081,3.6236930891035115,-1.528132767320612,3.103550813704745,177.82036312967432
5451370.317977376,-19.00094463729078,3.653269855246364,-1.511985534879147,3.0796272671869924,176.4496448832222
5451370.41878256,-19.036567576955726,3.6537482301889694,-1.5240080545275558,3.0760939695953415,176.24720184345685
5451370.517892192,-19.054749262966826,3.6459938897208928,-1.5299464626891095,3.0717502432222674,175.99832465492003
5451370.617948864,-19.068655324714186,3.6547814098278253,-1.5369611090296158,3.0657562274903114,175.65489285114393
5451370.717866496,-19.06669396955434,3.6609621015944738,-1.528787657027549,3.064660387078858,175.59210582054777
5451370.820435104,-19.075885613176894,3.6596336473944593,-1.5316980674182807,3.063515022227601,175.5264812485681
5451370.918030176,-19.09316790380441,3.6455018306745055,-1.5428790569511404,3.0704668164976603,175.92478972028573
5451371.017957952,-19.115416512278035,3.618260704195998,-1.5467170802819736,3.0972149602802754,177.4573454688387
5451371.117868512,-19.167981845862002,3.606987912005413,-1.5448551271291484,3.1084186729523524,178.09927091982593
5451371.217923776,-19.216967045843152,3.5931118675012272,-1.5630243673138045,3.0645364549266216,175.58500503127865
5451371.317824768,-19.295345279426996,3.592461453782205,-1.5773205263124686,3.0149344440622494,172.74301915338808
5451371.417916224,-19.379562375789824,3.6059078769075,-1.5837888996374208,2.949527446880052,168.99547426422407
5451371.517925344,-19.401914025964434,3.6540435155467126,-1.5761121323593752,2.876918368634116,164.8352805263968
5451371.617874272,-19.476389164758267,3.687021528436845,-1.5806846162693435,2.848661546746458,163.21628388978112
5451371.717860704,-19.594638817802192,3.7009114099819636,-1.5840487271481507,2.864209323166634,164.1071058594702
5451371.817871712,-19.65700381572505,3.7021041311955103,-1.5969515210316954,2.9078058719175086,166.60500410423168
5451371.917806944,-19.69340670802193,3.7122032601077906,-1.597792492181543,2.9604338665730667,169.6203660822322
5451372.017821952,-19.73537451512276,3.743185136119315,-1.599790619626469,2.985070469009724,171.03193942339436
5451372.11787296,-19.770710156880025,3.7579335941373455,-1.5882957850505928,3.006558349191521,172.26310426849417
5451372.2177464,-19.788657822557102,3.8020007522435413,-1.5904424477976622,2.994357530699316,171.56404886228563
5451372.317941952,-19.79429619088953,3.8035338989285665,-1.5867838401276024,2.9814807292954053,170.82626248821342
5451372.417975552,-19.827633599086433,3.808411355527194,-1.5871313510295044,2.965364084069523,169.9028467368607
5451372.517829952,-19.830284401754174,3.8159691300620575,-1.5854358472469314,2.9600269446913154,169.59705117581635
5451372.617946304,-19.860990305733676,3.8113860701428997,-1.591185253007906,2.9627800193309723,169.75479073335316
5451372.717932768,-19.873114252848158,3.796191738409104,-1.5900983311264472,2.9684939659390195,170.08217575835738
5451372.818042368,-19.883361540175798,3.802461143273321,-1.595485569477113,2.9631153300759503,169.7740026238658
5451372.91780224,-19.87758612413285,3.8034703702490527,-1.5906170877841614,2.9234740918850215,167.50272698085277
5451373.017715872,-19.94241337242362,3.7745588031393895,-1.6264199003051314,2.776494673669669,159.0814266418248
5451373.116642112,-19.944352234049802,3.774632354277341,-1.6047636817573974,2.7457545612799854,157.32014794013813
5451373.217898464,-19.947712829013376,3.7683258734196263,-1.6042582297754813,2.6175510882869064,149.97463001871526
5451373.317936704,-19.935248660325694,3.7740688531501756,-1.5944591380604711,2.532899567807542,145.12445516588244
5451373.416635744,-19.931197098858703,3.7749076155557475,-1.58915818000355,2.537073691573665,145.36361484084654
5451373.51773552,-19.924744535729214,3.7698124654277794,-1.5975884658972908,2.526388170206426,144.75137956460688
5451373.617960992,-19.921249482217007,3.7559668861145976,-1.5929788024714344,2.4987001949711205,143.16497544036113
5451373.717802464,-19.9095418006844,3.738293371434699,-1.6004353543165257,2.430178900479013,139.23899445919034
5451373.817859808,-19.91923076245411,3.745590726224718,-1.6009192699893753,2.3106373886833356,132.3897703566847
5451373.91782784,-19.93614076196865,3.7568561629345107,-1.6042554860981044,2.1714885081123017,124.4171267759945
5451374.017774752,-19.919209541464138,3.770759689567769,-1.593737854988847,2.005557922629118,114.91000453567337
5451374.118281152,-19.913065011111467,3.771872578971724,-1.6153331056371552,1.8559803927781497,106.3398433652208
5451374.217842784,-19.901357768817743,3.7616200304483773,-1.6070502384426955,1.775460021840404,101.7263659456601
5451374.317744832,-19.906662741379357,3.7615330506225435,-1.6013931949951985,1.7115548792004358,98.06487098320842
5451374.417733024,-19.917342129172212,3.7613335995748445,-1.6161548566028883,1.6674439915566723,95.537503290645
5451374.517822816,-19.922913928626283,3.7651138109255857,-1.622181081105631,1.6112775238663566,92.31940174183201
5451374.6177856,-19.9192365141694,3.772032795064347,-1.6216218752721838,1.6103153801059165,92.26427496507394
5451374.717930176,-19.90134295018938,3.7789377154462827,-1.6103392598291395,1.6569974446708828,94.93896024360373
5451374.8178704,-19.901469567086544,3.7760456346869176,-1.6103321475304269,1.6686720689066994,95.60786693971716
5451374.917768544,-19.91778487076237,3.7765263549465384,-1.6002574489390433,1.6170092100979303,92.64780317239442
5451375.017732928,-19.91211375963441,3.7811620828955146,-1.5973724115725374,1.6454524523710978,94.27748091031502
5451375.117728032,-19.910965291782684,3.7850308924165117,-1.601713579460754,1.636608847492963,93.77077967511659
5451375.21778336,-19.908328490916855,3.7873376318872762,-1.6026351427219496,1.6167303962218,92.63182831402247
5451375.318519968,-19.915109463206306,3.7910080945397517,-1.60716653624704,1.6161857933769983,92.60062486950451
5451375.417803616,-19.914462091525653,3.783250909609933,-1.608316327335405,1.6226706380692422,92.97217910116791
5451375.517830464,-19.908420579270814,3.782110384360944,-1.5994759188021885,1.592916366210936,91.26738490120209
5451375.617744768,-19.917458456447594,3.790000083411768,-1.604225673082478,1.579197290407906,90.48133975886842
5451375.71775968,-19.915423810330626,3.788077690736285,-1.600565917646669,1.6022210131563819,91.80050190103543
5451375.817771456,-19.919318752277007,3.789435160177911,-1.6057772542390705,1.5904070979721485,91.12361442145334
5451375.917735744,-19.919802213080494,3.789915591541481,-1.604996315852532,1.5804533110185164,90.55330443883784
5451376.01786224,-19.922984203266594,3.799369628429025,-1.597579815676425,1.5810829697984679,90.58938122946242
5451376.117666176,-19.92781094925201,3.7902207603728613,-1.600079639262227,1.577585129771484,90.38896975850432
5451376.217714304,-19.9235939122294,3.791180935772684,-1.5962619404610818,1.5250232679664022,87.37739691372325
5451376.317771744,-19.915101032948737,3.787650079069775,-1.6089510857565017,1.4433611608600105,82.69850283038171
5451376.417771104,-19.908047569940653,3.792202656456702,-1.6131830651806296,1.3538700598102495,77.57104043625164
5451376.517722368,-19.88454693857953,3.7815913158303323,-1.6353558744100112,1.2862821029988403,73.69853576504539
5451376.617813536,-19.871509303780325,3.783412273486876,-1.618534423209424,1.2819131116212967,73.4482109983831
5451376.717798048,-19.87084426484671,3.778026696122601,-1.615257560844787,1.2204525169239513,69.92677831586109
5451376.817862496,-19.874357439311613,3.7823497818304053,-1.618298569273625,1.1928790409758092,68.34693451752706
5451376.917681952,-19.884402573437665,3.781153425783966,-1.6138825427967491,1.1768696569783907,67.42966438187071
5451377.017692064,-19.893059857652634,3.7857607199284127,-1.6089554284203167,1.1680687025740495,66.92540683881488
5451377.117648064,-19.89319560605958,3.7858330098627357,-1.6085164754915704,1.2006618036327217,68.79285397072016
5451377.217733856,-19.889883739749546,3.786277765936639,-1.6152717821141347,1.247337330145354,71.46716464644499
5451377.317649568,-19.878619177939857,3.7902130468484674,-1.6168479293916782,1.297004090074496,74.31286037247428
5451377.417732928,-19.868399618991603,3.7962176179413927,-1.6080065482298762,1.3468935645848805,77.17131670404483
5451377.517764064,-19.86920014698038,3.7967716269087473,-1.6080240620613446,1.3593680098433774,77.88604976912367
5451377.617648928,-19.868753005651165,3.8088319602387424,-1.6039746641648411,1.3804575690404293,79.09439250290605
5451377.71761792,-19.87535390852262,3.8296874141984456,-1.6083345624826386,1.3985439979878058,80.13066854805398
5451377.81776896,-19.876392712506178,3.848551234508695,-1.6074351569153693,1.4222565107019647,81.48929544822558
5451377.917653408,-19.890277305483355,3.871930109515547,-1.6033825760791505,1.412234667349404,80.91508612118261
5451378.017623648,-19.873358696014563,3.8895265195858144,-1.6072226944222738,1.3525198499572415,77.4936791102173
5451378.11770288,-19.857463717317547,3.9274208748274795,-1.6081908572960324,1.2983083725774724,74.3875902551876
5451378.217636832,-19.82563109879139,3.9512916919017966,-1.6048155052752109,1.2666166032306845,72.57178562631458
5451378.317622528,-19.804000689433117,3.9778141335245687,-1.5984965009156948,1.2746729781912953,73.03338190973246
5451378.41767776,-19.793763908812593,4.0106141116528145,-1.598480819693612,1.3095455085512053,75.03143072029712
5451378.51765776,-19.772713907291777,4.059080356272689,-1.5963333528933865,1.3773779503019827,78.91794334668367
5451378.617786528,-19.77757264725113,4.097264922653368,-1.6027382632217613,1.424510909130075,81.61846296349722
5451378.717714464,-19.783078723255702,4.128748533911443,-1.5951415247199647,1.445778094300016,82.83698291585806
5451378.817608192,-19.77871321702989,4.164751819564052,-1.5826119113059312,1.4439604337773633,82.73283863932251
5451378.917787296,-19.755669271379986,4.201278854139488,-1.5838741783834698,1.4122602941154607,80.91655442672023
5451379.017658464,-19.737986582855832,4.234162958104268,-1.591295088698068,1.3625966803869078,78.07103896470618
5451379.117613824,-19.714360418012834,4.259247383640187,-1.587073737570646,1.3384272070803434,76.68623015118592
5451379.217611648,-19.69422936738407,4.296301221833433,-1.5795674154943058,1.35526709728667,77.65108478747214
5451379.3176672,-19.69636503651168,4.343974111583439,-1.5758160641541386,1.413797736573435,81.00464339080638
5451379.417588672,-19.700375540854438,4.380385189487172,-1.5770929669461033,1.5006033521641913,85.97823880219173
5451379.517763136,-19.69958527726293,4.412345531244968,-1.5830839093460896,1.586634460628126,90.9074582240074
5451379.617688,-19.7153514698726,4.439445347746179,-1.5792003329657645,1.6528637596511864,94.70211753813867
5451379.717601792,-19.728218757502006,4.475370737623959,-1.5750541432760379,1.6883140847642082,96.73327154948146
5451379.8177312,-19.731185444864312,4.514573929891438,-1.573426364149268,1.682663695465179,96.40952809004119
5451379.9176856,-19.732207058789406,4.555829288445331,-1.5656249608062587,1.6463408139178304,94.3283802776245
5451380.017584192,-19.7259082858628,4.58494202537642,-1.5700881487377611,1.609741734674252,92.23140750290261
5451380.117625248,-19.704478315582953,4.6178486333992765,-1.5864623233851496,1.5979842641596416,91.55775406466593
5451380.217667904,-19.695123164910026,4.6412820819920855,-1.5817590068418357,1.6091663077411282,92.19843796821645
5451380.317595392,-19.70321292558795,4.657103505711245,-1.57149233182531,1.63558883677014,93.71233736564074
5451380.41774336,-19.724125879406174,4.695896241951148,-1.5850808344888232,1.6999863692771289,97.40204418934772
5451380.517682464,-19.723855767214367,4.750098557383575,-1.574374803327235,1.7345075854083027,99.37996417732292
5451380.617582976,-19.731490155055806,4.769730238119828,-1.5720128542764487,1.7513629008315545,100.34570261343701
5451380.717666848,-19.73251956812051,4.800353279148537,-1.561910692690804,1.715109584410915,98.26854058918204
5451380.817630432,-19.73034885615504,4.824278411145252,-1.5640971926434994,1.6636386890037151,95.3194755145902
5451380.91761264,-19.71022958037685,4.8703869579479,-1.564894894618927,1.6067292838306906,92.05880678357592
5451381.017634528,-19.694248365683976,4.901126574368189,-1.5594394050165805,1.5817294185968678,90.62642001728203
5451381.117703392,-19.69362122029066,4.930822703458529,-1.5583776452076863,1.5927242083572521,91.25637506718572
5451381.219105472,-19.685249241609494,4.96385308824741,-1.5558997050795411,1.6492188067307634,94.49327711927455
5451381.317668128,-19.69827305833894,5.000780977021965,-1.556525450995557,1.700035982768873,97.40488683303157
5451381.41766336,-19.70952202544517,5.029528249844898,-1.5548611910602959,1.729226578332875,99.07738476032219
5451381.517573792,-19.699496799172806,5.0513221640988215,-1.5454888421043087,1.7202028346489455,98.56036233182519
5451381.617645184,-19.68924165646545,5.053012635516985,-1.5341939861863771,1.6720004964980846,95.79857179311843
5451381.719059872,-19.66589209496016,5.0685121357085166,-1.542662432249215,1.6137743867437604,92.46246144673013
5451381.817575104,-19.634259943242352,5.078807654347279,-1.5378413419407557,1.548785776796712,88.73888838034233
5451381.917695808,-19.599855826048117,5.102139662509653,-1.525155909634603,1.5474349406497319,88.66149117030666
5451382.017663936,-19.585468265255628,5.150048273714129,-1.5150846462004204,1.571700262471219,90.05179169920459
5451382.117614624,-19.587900916687335,5.199987271226992,-1.524201279188193,1.6204091344028373,92.84260448572954
5451382.21764624,-19.586979013470497,5.2341041638929005,-1.5178757243011713,1.6464208191390044,94.33296423913679
5451382.317633152,-19.606485407721944,5.27106810661908,-1.5107351566730987,1.6737280345436096,95.89755243207529
5451382.417560384,-19.597204385457335,5.291633124659735,-1.4996417996421865,1.6776406144598819,96.12172674828534
5451382.517556512,-19.57888238165292,5.320672285609181,-1.492985236145381,1.6255963418267252,93.13980957857726
5451382.61762032,-19.56167103085904,5.351539469547055,-1.5044118373668918,1.5924553451996262,91.24097034298718
5451382.717626944,-19.56043967203396,5.384752782170268,-1.4956363826853594,1.555169077468438,89.10462456819526
5451382.817677536,-19.55680613207228,5.412318979249207,-1.4916535515905711,1.5757125640482033,90.28167964569946
5451382.917511008,-19.56269889172471,5.454930782125216,-1.4909867465927182,1.6042420896803868,91.91630105593389
5451383.017521056,-19.56847096742338,5.486128103104079,-1.4864599520207202,1.6374530839677452,93.8191508620326
5451383.117508384,-19.574614682388503,5.522315195381465,-1.4767013490253291,1.6557430142889225,94.86708667702442
5451383.21763888,-19.557710883076464,5.553994902909707,-1.4678970662426787,1.6455786973940447,94.2847142173144
5451383.31762512,-19.553116691856758,5.57780433605749,-1.4650288866441832,1.599740884921612,91.65840102053188
5451383.417607936,-19.514413010120734,5.608132613689343,-1.4669086759696748,1.558001485464182,89.2669095922105
5451383.517671936,-19.488902597367588,5.641058209848171,-1.4578429037813379,1.4873990119792266,85.22168583833826
5451383.61762544,-19.471526854041084,5.6694303610293835,-1.4446175132336174,1.4991602947949645,85.89555770533978
5451383.717764192,-19.470010900411335,5.722062857902334,-1.4475315667665056,1.5560287271996307,89.15387886965216
5451383.817671616,-19.46588608369984,5.75635104195091,-1.442949048540583,1.591423808951059,91.18186766952952
5451383.917572512,-19.468257588120814,5.79671692023881,-1.4441911241872778,1.6068322449489882,92.06470602110832
5451384.017623104,-19.45727834934894,5.8228744997885675,-1.4299221485265698,1.613617129407865,92.45345126508586
5451384.11763264,-19.459103315864056,5.845519199189898,-1.4195675705088844,1.5891596957675593,91.05214353977506
5451384.217481216,-19.45477186752028,5.884766690976494,-1.416014026306631,1.5323242913208912,87.7957147380619
5451384.317579936,-19.42950359571076,5.922869613199765,-1.4340787518534526,1.4906469647929008,85.40777982661943
5451384.417724064,-19.428144071601405,5.9462907146745305,-1.4306417256775745,1.4624753298949336,83.79366404498245
5451384.51746736,-19.414201092491968,5.989118026231034,-1.4152423367804323,1.4751886497938078,84.52208361878763
5451384.617526464,-19.42375022462172,6.030107556001077,-1.4110982800567142,1.51198753560249,86.63050446640898
5451384.71752352,-19.42679294832441,6.070854362465947,-1.4160758668745472,1.5517661536636072,88.90965139617386
5451384.817527008,-19.420816353667465,6.102773320779503,-1.4156827812846744,1.5677009386374514,89.82264732262361
5451384.91753552,-19.418803467095955,6.1512348342673535,-1.400059345161459,1.5156360278663767,86.83954767471582
5451385.0175656,-19.40487817704441,6.193240964600586,-1.4013896628499265,1.4321393611172615,82.0555410665812
5451385.117638656,-19.370466815919244,6.2389657071506415,-1.412510513673068,1.3009570192943678,74.53934653348688
5451385.217796192,-19.350699441638252,6.256068443562648,-1.4170663464531024,1.2099871689314923,69.32715804475747
5451385.317794688,-19.323649249382232,6.280948115025528,-1.4113403982522303,1.1886064060792854,68.10213057055593
5451385.417848096,-19.295681137861987,6.327164466537382,-1.408888446972231,1.1729353336732071,67.20424426124372
5451385.519213856,-19.275501052943085,6.368866595263454,-1.400467327952302,1.1851296600688013,67.90292769771624
5451385.61755824,-19.24871418341662,6.414908350067301,-1.403839596427603,1.1906649777430816,68.22007803871668
5451385.717526976,-19.233298944984565,6.457091166677121,-1.4039674375859386,1.1855818744547248,67.92883767346476
5451385.817483744,-19.20657725372192,6.493200539835922,-1.3953595992201886,1.163558128725935,66.66696999413583
5451385.91757872,-19.177011790069358,6.525954699107651,-1.3887956667391737,1.081821691356701,61.98381710044333
5451386.017501888,-19.136745485318468,6.561332384892911,-1.3928059337160137,0.981494690175705,56.23550336156824
5451386.117549792,-19.107506627598323,6.585622059881738,-1.3874180049249996,0.8852458031383696,50.72084835149751
5451386.217530624,-19.075192781335037,6.601053184364074,-1.3663534646005986,0.8264406122424706,47.351559099701355
5451386.317475712,-19.046676326995627,6.628504389681064,-1.3661578907052478,0.8000117899465455,45.8372991246436
