[0.044s] DEBUG:colcon:Command line arguments: ['/usr/bin/colcon', 'list']
[0.044s] DEBUG:colcon:Parsed command line arguments: Namespace(log_base=None, log_level=None, verb_name='list', build_base='build', ignore_user_meta=False, metas=['./colcon.meta'], base_paths=['.'], packages_ignore=None, packages_ignore_regex=None, paths=None, packages_up_to=None, packages_up_to_regex=None, packages_above=None, packages_above_and_dependencies=None, packages_above_depth=None, packages_select_by_dep=None, packages_skip_by_dep=None, packages_skip_up_to=None, packages_select_build_failed=False, packages_skip_build_finished=False, packages_select_test_failures=False, packages_skip_test_passed=False, packages_select=None, packages_skip=None, packages_select_regex=None, packages_skip_regex=None, packages_start=None, packages_end=None, allow_overriding=[], topological_order=False, names_only=False, paths_only=False, topological_graph=False, topological_graph_dot=False, topological_graph_density=False, topological_graph_legend=False, topological_graph_dot_cluster=False, topological_graph_dot_include_skipped=False, verb_parser=<colcon_defaults.argument_parser.defaults.DefaultArgumentsDecorator object at 0x7cbf1e14d9c0>, verb_extension=<colcon_package_information.verb.list.ListVerb object at 0x7cbf1e246500>, main=<bound method ListVerb.main of <colcon_package_information.verb.list.ListVerb object at 0x7cbf1e246500>>)
[0.124s] Level 1:colcon.colcon_core.package_discovery:discover_packages(colcon_meta) check parameters
[0.124s] Level 1:colcon.colcon_core.package_discovery:discover_packages(recursive) check parameters
[0.124s] Level 1:colcon.colcon_core.package_discovery:discover_packages(ignore) check parameters
[0.124s] Level 1:colcon.colcon_core.package_discovery:discover_packages(path) check parameters
[0.124s] Level 1:colcon.colcon_core.package_discovery:discover_packages(colcon_meta) discover
[0.124s] Level 1:colcon.colcon_core.package_discovery:discover_packages(recursive) discover
[0.124s] INFO:colcon.colcon_core.package_discovery:Crawling recursively for packages in '/home/ugiviag1/Documents/TFM-Miquel_Reynes/Follower_Project/robot-internal-files/robot-slam'
[0.124s] Level 1:colcon.colcon_core.package_identification:_identify(.) by extensions ['ignore', 'ignore_ament_install']
[0.124s] Level 1:colcon.colcon_core.package_identification:_identify(.) by extension 'ignore'
[0.124s] Level 1:colcon.colcon_core.package_identification:_identify(.) by extension 'ignore_ament_install'
[0.124s] Level 1:colcon.colcon_core.package_identification:_identify(.) by extensions ['colcon_pkg']
[0.124s] Level 1:colcon.colcon_core.package_identification:_identify(.) by extension 'colcon_pkg'
[0.124s] Level 1:colcon.colcon_core.package_identification:_identify(.) by extensions ['colcon_meta']
[0.124s] Level 1:colcon.colcon_core.package_identification:_identify(.) by extension 'colcon_meta'
[0.124s] Level 1:colcon.colcon_core.package_identification:_identify(.) by extensions ['ros']
[0.124s] Level 1:colcon.colcon_core.package_identification:_identify(.) by extension 'ros'
[0.130s] Level 1:colcon.colcon_core.package_identification:_identify(.) by extensions ['cmake', 'python']
[0.130s] Level 1:colcon.colcon_core.package_identification:_identify(.) by extension 'cmake'
[0.130s] Level 1:colcon.colcon_core.package_identification:_identify(.) by extension 'python'
[0.130s] Level 1:colcon.colcon_core.package_identification:_identify(.) by extensions ['python_setup_py']
[0.130s] Level 1:colcon.colcon_core.package_identification:_identify(.) by extension 'python_setup_py'
[0.130s] Level 1:colcon.colcon_core.package_identification:_identify(build) by extensions ['ignore', 'ignore_ament_install']
[0.130s] Level 1:colcon.colcon_core.package_identification:_identify(build) by extension 'ignore'
[0.130s] Level 1:colcon.colcon_core.package_identification:_identify(build) ignored
[0.130s] Level 1:colcon.colcon_core.package_identification:_identify(config) by extensions ['ignore', 'ignore_ament_install']
[0.130s] Level 1:colcon.colcon_core.package_identification:_identify(config) by extension 'ignore'
[0.130s] Level 1:colcon.colcon_core.package_identification:_identify(config) by extension 'ignore_ament_install'
[0.130s] Level 1:colcon.colcon_core.package_identification:_identify(config) by extensions ['colcon_pkg']
[0.130s] Level 1:colcon.colcon_core.package_identification:_identify(config) by extension 'colcon_pkg'
[0.130s] Level 1:colcon.colcon_core.package_identification:_identify(config) by extensions ['colcon_meta']
[0.130s] Level 1:colcon.colcon_core.package_identification:_identify(config) by extension 'colcon_meta'
[0.130s] Level 1:colcon.colcon_core.package_identification:_identify(config) by extensions ['ros']
[0.130s] Level 1:colcon.colcon_core.package_identification:_identify(config) by extension 'ros'
[0.130s] Level 1:colcon.colcon_core.package_identification:_identify(config) by extensions ['cmake', 'python']
[0.130s] Level 1:colcon.colcon_core.package_identification:_identify(config) by extension 'cmake'
[0.130s] Level 1:colcon.colcon_core.package_identification:_identify(config) by extension 'python'
[0.130s] Level 1:colcon.colcon_core.package_identification:_identify(config) by extensions ['python_setup_py']
[0.130s] Level 1:colcon.colcon_core.package_identification:_identify(config) by extension 'python_setup_py'
[0.130s] Level 1:colcon.colcon_core.package_identification:_identify(install) by extensions ['ignore', 'ignore_ament_install']
[0.130s] Level 1:colcon.colcon_core.package_identification:_identify(install) by extension 'ignore'
[0.130s] Level 1:colcon.colcon_core.package_identification:_identify(install) ignored
[0.130s] Level 1:colcon.colcon_core.package_identification:_identify(log) by extensions ['ignore', 'ignore_ament_install']
[0.130s] Level 1:colcon.colcon_core.package_identification:_identify(log) by extension 'ignore'
[0.131s] Level 1:colcon.colcon_core.package_identification:_identify(log) ignored
[0.131s] Level 1:colcon.colcon_core.package_identification:_identify(results) by extensions ['ignore', 'ignore_ament_install']
[0.131s] Level 1:colcon.colcon_core.package_identification:_identify(results) by extension 'ignore'
[0.131s] Level 1:colcon.colcon_core.package_identification:_identify(results) by extension 'ignore_ament_install'
[0.131s] Level 1:colcon.colcon_core.package_identification:_identify(results) by extensions ['colcon_pkg']
[0.131s] Level 1:colcon.colcon_core.package_identification:_identify(results) by extension 'colcon_pkg'
[0.131s] Level 1:colcon.colcon_core.package_identification:_identify(results) by extensions ['colcon_meta']
[0.131s] Level 1:colcon.colcon_core.package_identification:_identify(results) by extension 'colcon_meta'
[0.131s] Level 1:colcon.colcon_core.package_identification:_identify(results) by extensions ['ros']
[0.131s] Level 1:colcon.colcon_core.package_identification:_identify(results) by extension 'ros'
[0.131s] Level 1:colcon.colcon_core.package_identification:_identify(results) by extensions ['cmake', 'python']
[0.131s] Level 1:colcon.colcon_core.package_identification:_identify(results) by extension 'cmake'
[0.131s] Level 1:colcon.colcon_core.package_identification:_identify(results) by extension 'python'
[0.131s] Level 1:colcon.colcon_core.package_identification:_identify(results) by extensions ['python_setup_py']
[0.131s] Level 1:colcon.colcon_core.package_identification:_identify(results) by extension 'python_setup_py'
[0.131s] Level 1:colcon.colcon_core.package_identification:_identify(results/runs) by extensions ['ignore', 'ignore_ament_install']
[0.131s] Level 1:colcon.colcon_core.package_identification:_identify(results/runs) by extension 'ignore'
[0.131s] Level 1:colcon.colcon_core.package_identification:_identify(results/runs) by extension 'ignore_ament_install'
[0.131s] Level 1:colcon.colcon_core.package_identification:_identify(results/runs) by extensions ['colcon_pkg']
[0.131s] Level 1:colcon.colcon_core.package_identification:_identify(results/runs) by extension 'colcon_pkg'
[0.131s] Level 1:colcon.colcon_core.package_identification:_identify(results/runs) by extensions ['colcon_meta']
[0.131s] Level 1:colcon.colcon_core.package_identification:_identify(results/runs) by extension 'colcon_meta'
[0.131s] Level 1:colcon.colcon_core.package_identification:_identify(results/runs) by extensions ['ros']
[0.131s] Level 1:colcon.colcon_core.package_identification:_identify(results/runs) by extension 'ros'
[0.131s] Level 1:colcon.colcon_core.package_identification:_identify(results/runs) by extensions ['cmake', 'python']
[0.131s] Level 1:colcon.colcon_core.package_identification:_identify(results/runs) by extension 'cmake'
[0.131s] Level 1:colcon.colcon_core.package_identification:_identify(results/runs) by extension 'python'
[0.131s] Level 1:colcon.colcon_core.package_identification:_identify(results/runs) by extensions ['python_setup_py']
[0.131s] Level 1:colcon.colcon_core.package_identification:_identify(results/runs) by extension 'python_setup_py'
[0.131s] Level 1:colcon.colcon_core.package_identification:_identify(results/runs/20260910_123844_icp_pose_graph_tfm-bag-00) by extensions ['ignore', 'ignore_ament_install']
[0.131s] Level 1:colcon.colcon_core.package_identification:_identify(results/runs/20260910_123844_icp_pose_graph_tfm-bag-00) by extension 'ignore'
[0.131s] Level 1:colcon.colcon_core.package_identification:_identify(results/runs/20260910_123844_icp_pose_graph_tfm-bag-00) by extension 'ignore_ament_install'
[0.131s] Level 1:colcon.colcon_core.package_identification:_identify(results/runs/20260910_123844_icp_pose_graph_tfm-bag-00) by extensions ['colcon_pkg']
[0.131s] Level 1:colcon.colcon_core.package_identification:_identify(results/runs/20260910_123844_icp_pose_graph_tfm-bag-00) by extension 'colcon_pkg'
[0.131s] Level 1:colcon.colcon_core.package_identification:_identify(results/runs/20260910_123844_icp_pose_graph_tfm-bag-00) by extensions ['colcon_meta']
[0.131s] Level 1:colcon.colcon_core.package_identification:_identify(results/runs/20260910_123844_icp_pose_graph_tfm-bag-00) by extension 'colcon_meta'
[0.131s] Level 1:colcon.colcon_core.package_identification:_identify(results/runs/20260910_123844_icp_pose_graph_tfm-bag-00) by extensions ['ros']
[0.131s] Level 1:colcon.colcon_core.package_identification:_identify(results/runs/20260910_123844_icp_pose_graph_tfm-bag-00) by extension 'ros'
[0.131s] Level 1:colcon.colcon_core.package_identification:_identify(results/runs/20260910_123844_icp_pose_graph_tfm-bag-00) by extensions ['cmake', 'python']
[0.131s] Level 1:colcon.colcon_core.package_identification:_identify(results/runs/20260910_123844_icp_pose_graph_tfm-bag-00) by extension 'cmake'
[0.131s] Level 1:colcon.colcon_core.package_identification:_identify(results/runs/20260910_123844_icp_pose_graph_tfm-bag-00) by extension 'python'
[0.131s] Level 1:colcon.colcon_core.package_identification:_identify(results/runs/20260910_123844_icp_pose_graph_tfm-bag-00) by extensions ['python_setup_py']
[0.131s] Level 1:colcon.colcon_core.package_identification:_identify(results/runs/20260910_123844_icp_pose_graph_tfm-bag-00) by extension 'python_setup_py'
[0.132s] Level 1:colcon.colcon_core.package_identification:_identify(results/runs/20260910_125706_icp_pose_graph_tfm-bag-00) by extensions ['ignore', 'ignore_ament_install']
[0.132s] Level 1:colcon.colcon_core.package_identification:_identify(results/runs/20260910_125706_icp_pose_graph_tfm-bag-00) by extension 'ignore'
[0.132s] Level 1:colcon.colcon_core.package_identification:_identify(results/runs/20260910_125706_icp_pose_graph_tfm-bag-00) by extension 'ignore_ament_install'
[0.132s] Level 1:colcon.colcon_core.package_identification:_identify(results/runs/20260910_125706_icp_pose_graph_tfm-bag-00) by extensions ['colcon_pkg']
[0.132s] Level 1:colcon.colcon_core.package_identification:_identify(results/runs/20260910_125706_icp_pose_graph_tfm-bag-00) by extension 'colcon_pkg'
[0.132s] Level 1:colcon.colcon_core.package_identification:_identify(results/runs/20260910_125706_icp_pose_graph_tfm-bag-00) by extensions ['colcon_meta']
[0.132s] Level 1:colcon.colcon_core.package_identification:_identify(results/runs/20260910_125706_icp_pose_graph_tfm-bag-00) by extension 'colcon_meta'
[0.132s] Level 1:colcon.colcon_core.package_identification:_identify(results/runs/20260910_125706_icp_pose_graph_tfm-bag-00) by extensions ['ros']
[0.132s] Level 1:colcon.colcon_core.package_identification:_identify(results/runs/20260910_125706_icp_pose_graph_tfm-bag-00) by extension 'ros'
[0.132s] Level 1:colcon.colcon_core.package_identification:_identify(results/runs/20260910_125706_icp_pose_graph_tfm-bag-00) by extensions ['cmake', 'python']
[0.132s] Level 1:colcon.colcon_core.package_identification:_identify(results/runs/20260910_125706_icp_pose_graph_tfm-bag-00) by extension 'cmake'
[0.132s] Level 1:colcon.colcon_core.package_identification:_identify(results/runs/20260910_125706_icp_pose_graph_tfm-bag-00) by extension 'python'
[0.132s] Level 1:colcon.colcon_core.package_identification:_identify(results/runs/20260910_125706_icp_pose_graph_tfm-bag-00) by extensions ['python_setup_py']
[0.132s] Level 1:colcon.colcon_core.package_identification:_identify(results/runs/20260910_125706_icp_pose_graph_tfm-bag-00) by extension 'python_setup_py'
[0.132s] Level 1:colcon.colcon_core.package_identification:_identify(results/runs/20260910_130413_icp_pose_graph_tfm-bag-00) by extensions ['ignore', 'ignore_ament_install']
[0.132s] Level 1:colcon.colcon_core.package_identification:_identify(results/runs/20260910_130413_icp_pose_graph_tfm-bag-00) by extension 'ignore'
[0.132s] Level 1:colcon.colcon_core.package_identification:_identify(results/runs/20260910_130413_icp_pose_graph_tfm-bag-00) by extension 'ignore_ament_install'
[0.132s] Level 1:colcon.colcon_core.package_identification:_identify(results/runs/20260910_130413_icp_pose_graph_tfm-bag-00) by extensions ['colcon_pkg']
[0.132s] Level 1:colcon.colcon_core.package_identification:_identify(results/runs/20260910_130413_icp_pose_graph_tfm-bag-00) by extension 'colcon_pkg'
[0.132s] Level 1:colcon.colcon_core.package_identification:_identify(results/runs/20260910_130413_icp_pose_graph_tfm-bag-00) by extensions ['colcon_meta']
[0.132s] Level 1:colcon.colcon_core.package_identification:_identify(results/runs/20260910_130413_icp_pose_graph_tfm-bag-00) by extension 'colcon_meta'
[0.132s] Level 1:colcon.colcon_core.package_identification:_identify(results/runs/20260910_130413_icp_pose_graph_tfm-bag-00) by extensions ['ros']
[0.132s] Level 1:colcon.colcon_core.package_identification:_identify(results/runs/20260910_130413_icp_pose_graph_tfm-bag-00) by extension 'ros'
[0.132s] Level 1:colcon.colcon_core.package_identification:_identify(results/runs/20260910_130413_icp_pose_graph_tfm-bag-00) by extensions ['cmake', 'python']
[0.132s] Level 1:colcon.colcon_core.package_identification:_identify(results/runs/20260910_130413_icp_pose_graph_tfm-bag-00) by extension 'cmake'
[0.132s] Level 1:colcon.colcon_core.package_identification:_identify(results/runs/20260910_130413_icp_pose_graph_tfm-bag-00) by extension 'python'
[0.132s] Level 1:colcon.colcon_core.package_identification:_identify(results/runs/20260910_130413_icp_pose_graph_tfm-bag-00) by extensions ['python_setup_py']
[0.132s] Level 1:colcon.colcon_core.package_identification:_identify(results/runs/20260910_130413_icp_pose_graph_tfm-bag-00) by extension 'python_setup_py'
[0.132s] Level 1:colcon.colcon_core.package_identification:_identify(results/runs/20260910_130839_icp_pose_graph_tfm-bag-00) by extensions ['ignore', 'ignore_ament_install']
[0.132s] Level 1:colcon.colcon_core.package_identification:_identify(results/runs/20260910_130839_icp_pose_graph_tfm-bag-00) by extension 'ignore'
[0.132s] Level 1:colcon.colcon_core.package_identification:_identify(results/runs/20260910_130839_icp_pose_graph_tfm-bag-00) by extension 'ignore_ament_install'
[0.132s] Level 1:colcon.colcon_core.package_identification:_identify(results/runs/20260910_130839_icp_pose_graph_tfm-bag-00) by extensions ['colcon_pkg']
[0.132s] Level 1:colcon.colcon_core.package_identification:_identify(results/runs/20260910_130839_icp_pose_graph_tfm-bag-00) by extension 'colcon_pkg'
[0.132s] Level 1:colcon.colcon_core.package_identification:_identify(results/runs/20260910_130839_icp_pose_graph_tfm-bag-00) by extensions ['colcon_meta']
[0.132s] Level 1:colcon.colcon_core.package_identification:_identify(results/runs/20260910_130839_icp_pose_graph_tfm-bag-00) by extension 'colcon_meta'
[0.132s] Level 1:colcon.colcon_core.package_identification:_identify(results/runs/20260910_130839_icp_pose_graph_tfm-bag-00) by extensions ['ros']
[0.132s] Level 1:colcon.colcon_core.package_identification:_identify(results/runs/20260910_130839_icp_pose_graph_tfm-bag-00) by extension 'ros'
[0.132s] Level 1:colcon.colcon_core.package_identification:_identify(results/runs/20260910_130839_icp_pose_graph_tfm-bag-00) by extensions ['cmake', 'python']
[0.132s] Level 1:colcon.colcon_core.package_identification:_identify(results/runs/20260910_130839_icp_pose_graph_tfm-bag-00) by extension 'cmake'
[0.132s] Level 1:colcon.colcon_core.package_identification:_identify(results/runs/20260910_130839_icp_pose_graph_tfm-bag-00) by extension 'python'
[0.132s] Level 1:colcon.colcon_core.package_identification:_identify(results/runs/20260910_130839_icp_pose_graph_tfm-bag-00) by extensions ['python_setup_py']
[0.132s] Level 1:colcon.colcon_core.package_identification:_identify(results/runs/20260910_130839_icp_pose_graph_tfm-bag-00) by extension 'python_setup_py'
[0.132s] Level 1:colcon.colcon_core.package_identification:_identify(results/runs/20260910_130903_icp_pose_graph_tfm-bag-00) by extensions ['ignore', 'ignore_ament_install']
[0.132s] Level 1:colcon.colcon_core.package_identification:_identify(results/runs/20260910_130903_icp_pose_graph_tfm-bag-00) by extension 'ignore'
[0.132s] Level 1:colcon.colcon_core.package_identification:_identify(results/runs/20260910_130903_icp_pose_graph_tfm-bag-00) by extension 'ignore_ament_install'
[0.132s] Level 1:colcon.colcon_core.package_identification:_identify(results/runs/20260910_130903_icp_pose_graph_tfm-bag-00) by extensions ['colcon_pkg']
[0.133s] Level 1:colcon.colcon_core.package_identification:_identify(results/runs/20260910_130903_icp_pose_graph_tfm-bag-00) by extension 'colcon_pkg'
[0.133s] Level 1:colcon.colcon_core.package_identification:_identify(results/runs/20260910_130903_icp_pose_graph_tfm-bag-00) by extensions ['colcon_meta']
[0.133s] Level 1:colcon.colcon_core.package_identification:_identify(results/runs/20260910_130903_icp_pose_graph_tfm-bag-00) by extension 'colcon_meta'
[0.133s] Level 1:colcon.colcon_core.package_identification:_identify(results/runs/20260910_130903_icp_pose_graph_tfm-bag-00) by extensions ['ros']
[0.133s] Level 1:colcon.colcon_core.package_identification:_identify(results/runs/20260910_130903_icp_pose_graph_tfm-bag-00) by extension 'ros'
[0.133s] Level 1:colcon.colcon_core.package_identification:_identify(results/runs/20260910_130903_icp_pose_graph_tfm-bag-00) by extensions ['cmake', 'python']
[0.133s] Level 1:colcon.colcon_core.package_identification:_identify(results/runs/20260910_130903_icp_pose_graph_tfm-bag-00) by extension 'cmake'
[0.133s] Level 1:colcon.colcon_core.package_identification:_identify(results/runs/20260910_130903_icp_pose_graph_tfm-bag-00) by extension 'python'
[0.133s] Level 1:colcon.colcon_core.package_identification:_identify(results/runs/20260910_130903_icp_pose_graph_tfm-bag-00) by extensions ['python_setup_py']
[0.133s] Level 1:colcon.colcon_core.package_identification:_identify(results/runs/20260910_130903_icp_pose_graph_tfm-bag-00) by extension 'python_setup_py'
[0.133s] Level 1:colcon.colcon_core.package_identification:_identify(results/runs/20260910_130946_icp_pose_graph_tfm-bag-00) by extensions ['ignore', 'ignore_ament_install']
[0.133s] Level 1:colcon.colcon_core.package_identification:_identify(results/runs/20260910_130946_icp_pose_graph_tfm-bag-00) by extension 'ignore'
[0.133s] Level 1:colcon.colcon_core.package_identification:_identify(results/runs/20260910_130946_icp_pose_graph_tfm-bag-00) by extension 'ignore_ament_install'
[0.133s] Level 1:colcon.colcon_core.package_identification:_identify(results/runs/20260910_130946_icp_pose_graph_tfm-bag-00) by extensions ['colcon_pkg']
[0.133s] Level 1:colcon.colcon_core.package_identification:_identify(results/runs/20260910_130946_icp_pose_graph_tfm-bag-00) by extension 'colcon_pkg'
[0.133s] Level 1:colcon.colcon_core.package_identification:_identify(results/runs/20260910_130946_icp_pose_graph_tfm-bag-00) by extensions ['colcon_meta']
[0.133s] Level 1:colcon.colcon_core.package_identification:_identify(results/runs/20260910_130946_icp_pose_graph_tfm-bag-00) by extension 'colcon_meta'
[0.133s] Level 1:colcon.colcon_core.package_identification:_identify(results/runs/20260910_130946_icp_pose_graph_tfm-bag-00) by extensions ['ros']
[0.133s] Level 1:colcon.colcon_core.package_identification:_identify(results/runs/20260910_130946_icp_pose_graph_tfm-bag-00) by extension 'ros'
[0.133s] Level 1:colcon.colcon_core.package_identification:_identify(results/runs/20260910_130946_icp_pose_graph_tfm-bag-00) by extensions ['cmake', 'python']
[0.133s] Level 1:colcon.colcon_core.package_identification:_identify(results/runs/20260910_130946_icp_pose_graph_tfm-bag-00) by extension 'cmake'
[0.133s] Level 1:colcon.colcon_core.package_identification:_identify(results/runs/20260910_130946_icp_pose_graph_tfm-bag-00) by extension 'python'
[0.133s] Level 1:colcon.colcon_core.package_identification:_identify(results/runs/20260910_130946_icp_pose_graph_tfm-bag-00) by extensions ['python_setup_py']
[0.133s] Level 1:colcon.colcon_core.package_identification:_identify(results/runs/20260910_130946_icp_pose_graph_tfm-bag-00) by extension 'python_setup_py'
[0.133s] Level 1:colcon.colcon_core.package_identification:_identify(results/runs/20260910_134021_icp_pose_graph_tfm-bag-00) by extensions ['ignore', 'ignore_ament_install']
[0.133s] Level 1:colcon.colcon_core.package_identification:_identify(results/runs/20260910_134021_icp_pose_graph_tfm-bag-00) by extension 'ignore'
[0.133s] Level 1:colcon.colcon_core.package_identification:_identify(results/runs/20260910_134021_icp_pose_graph_tfm-bag-00) by extension 'ignore_ament_install'
[0.133s] Level 1:colcon.colcon_core.package_identification:_identify(results/runs/20260910_134021_icp_pose_graph_tfm-bag-00) by extensions ['colcon_pkg']
[0.133s] Level 1:colcon.colcon_core.package_identification:_identify(results/runs/20260910_134021_icp_pose_graph_tfm-bag-00) by extension 'colcon_pkg'
[0.133s] Level 1:colcon.colcon_core.package_identification:_identify(results/runs/20260910_134021_icp_pose_graph_tfm-bag-00) by extensions ['colcon_meta']
[0.133s] Level 1:colcon.colcon_core.package_identification:_identify(results/runs/20260910_134021_icp_pose_graph_tfm-bag-00) by extension 'colcon_meta'
[0.133s] Level 1:colcon.colcon_core.package_identification:_identify(results/runs/20260910_134021_icp_pose_graph_tfm-bag-00) by extensions ['ros']
[0.133s] Level 1:colcon.colcon_core.package_identification:_identify(results/runs/20260910_134021_icp_pose_graph_tfm-bag-00) by extension 'ros'
[0.133s] Level 1:colcon.colcon_core.package_identification:_identify(results/runs/20260910_134021_icp_pose_graph_tfm-bag-00) by extensions ['cmake', 'python']
[0.133s] Level 1:colcon.colcon_core.package_identification:_identify(results/runs/20260910_134021_icp_pose_graph_tfm-bag-00) by extension 'cmake'
[0.133s] Level 1:colcon.colcon_core.package_identification:_identify(results/runs/20260910_134021_icp_pose_graph_tfm-bag-00) by extension 'python'
[0.133s] Level 1:colcon.colcon_core.package_identification:_identify(results/runs/20260910_134021_icp_pose_graph_tfm-bag-00) by extensions ['python_setup_py']
[0.133s] Level 1:colcon.colcon_core.package_identification:_identify(results/runs/20260910_134021_icp_pose_graph_tfm-bag-00) by extension 'python_setup_py'
[0.133s] Level 1:colcon.colcon_core.package_identification:_identify(results/runs/20260910_142306_icp_pose_graph_tfm-bag-00) by extensions ['ignore', 'ignore_ament_install']
[0.133s] Level 1:colcon.colcon_core.package_identification:_identify(results/runs/20260910_142306_icp_pose_graph_tfm-bag-00) by extension 'ignore'
[0.133s] Level 1:colcon.colcon_core.package_identification:_identify(results/runs/20260910_142306_icp_pose_graph_tfm-bag-00) by extension 'ignore_ament_install'
[0.133s] Level 1:colcon.colcon_core.package_identification:_identify(results/runs/20260910_142306_icp_pose_graph_tfm-bag-00) by extensions ['colcon_pkg']
[0.134s] Level 1:colcon.colcon_core.package_identification:_identify(results/runs/20260910_142306_icp_pose_graph_tfm-bag-00) by extension 'colcon_pkg'
[0.134s] Level 1:colcon.colcon_core.package_identification:_identify(results/runs/20260910_142306_icp_pose_graph_tfm-bag-00) by extensions ['colcon_meta']
[0.134s] Level 1:colcon.colcon_core.package_identification:_identify(results/runs/20260910_142306_icp_pose_graph_tfm-bag-00) by extension 'colcon_meta'
[0.134s] Level 1:colcon.colcon_core.package_identification:_identify(results/runs/20260910_142306_icp_pose_graph_tfm-bag-00) by extensions ['ros']
[0.134s] Level 1:colcon.colcon_core.package_identification:_identify(results/runs/20260910_142306_icp_pose_graph_tfm-bag-00) by extension 'ros'
[0.134s] Level 1:colcon.colcon_core.package_identification:_identify(results/runs/20260910_142306_icp_pose_graph_tfm-bag-00) by extensions ['cmake', 'python']
[0.134s] Level 1:colcon.colcon_core.package_identification:_identify(results/runs/20260910_142306_icp_pose_graph_tfm-bag-00) by extension 'cmake'
[0.134s] Level 1:colcon.colcon_core.package_identification:_identify(results/runs/20260910_142306_icp_pose_graph_tfm-bag-00) by extension 'python'
[0.134s] Level 1:colcon.colcon_core.package_identification:_identify(results/runs/20260910_142306_icp_pose_graph_tfm-bag-00) by extensions ['python_setup_py']
[0.134s] Level 1:colcon.colcon_core.package_identification:_identify(results/runs/20260910_142306_icp_pose_graph_tfm-bag-00) by extension 'python_setup_py'
[0.134s] Level 1:colcon.colcon_core.package_identification:_identify(results/runs/20260910_143717_icp_pose_graph_tfm-bag-00) by extensions ['ignore', 'ignore_ament_install']
[0.134s] Level 1:colcon.colcon_core.package_identification:_identify(results/runs/20260910_143717_icp_pose_graph_tfm-bag-00) by extension 'ignore'
[0.134s] Level 1:colcon.colcon_core.package_identification:_identify(results/runs/20260910_143717_icp_pose_graph_tfm-bag-00) by extension 'ignore_ament_install'
[0.134s] Level 1:colcon.colcon_core.package_identification:_identify(results/runs/20260910_143717_icp_pose_graph_tfm-bag-00) by extensions ['colcon_pkg']
[0.134s] Level 1:colcon.colcon_core.package_identification:_identify(results/runs/20260910_143717_icp_pose_graph_tfm-bag-00) by extension 'colcon_pkg'
[0.134s] Level 1:colcon.colcon_core.package_identification:_identify(results/runs/20260910_143717_icp_pose_graph_tfm-bag-00) by extensions ['colcon_meta']
[0.134s] Level 1:colcon.colcon_core.package_identification:_identify(results/runs/20260910_143717_icp_pose_graph_tfm-bag-00) by extension 'colcon_meta'
[0.134s] Level 1:colcon.colcon_core.package_identification:_identify(results/runs/20260910_143717_icp_pose_graph_tfm-bag-00) by extensions ['ros']
[0.134s] Level 1:colcon.colcon_core.package_identification:_identify(results/runs/20260910_143717_icp_pose_graph_tfm-bag-00) by extension 'ros'
[0.134s] Level 1:colcon.colcon_core.package_identification:_identify(results/runs/20260910_143717_icp_pose_graph_tfm-bag-00) by extensions ['cmake', 'python']
[0.134s] Level 1:colcon.colcon_core.package_identification:_identify(results/runs/20260910_143717_icp_pose_graph_tfm-bag-00) by extension 'cmake'
[0.134s] Level 1:colcon.colcon_core.package_identification:_identify(results/runs/20260910_143717_icp_pose_graph_tfm-bag-00) by extension 'python'
[0.134s] Level 1:colcon.colcon_core.package_identification:_identify(results/runs/20260910_143717_icp_pose_graph_tfm-bag-00) by extensions ['python_setup_py']
[0.134s] Level 1:colcon.colcon_core.package_identification:_identify(results/runs/20260910_143717_icp_pose_graph_tfm-bag-00) by extension 'python_setup_py'
[0.134s] Level 1:colcon.colcon_core.package_identification:_identify(results/runs/20260910_144847_icp_pose_graph_tfm-bag-00) by extensions ['ignore', 'ignore_ament_install']
[0.134s] Level 1:colcon.colcon_core.package_identification:_identify(results/runs/20260910_144847_icp_pose_graph_tfm-bag-00) by extension 'ignore'
[0.134s] Level 1:colcon.colcon_core.package_identification:_identify(results/runs/20260910_144847_icp_pose_graph_tfm-bag-00) by extension 'ignore_ament_install'
[0.134s] Level 1:colcon.colcon_core.package_identification:_identify(results/runs/20260910_144847_icp_pose_graph_tfm-bag-00) by extensions ['colcon_pkg']
[0.134s] Level 1:colcon.colcon_core.package_identification:_identify(results/runs/20260910_144847_icp_pose_graph_tfm-bag-00) by extension 'colcon_pkg'
[0.134s] Level 1:colcon.colcon_core.package_identification:_identify(results/runs/20260910_144847_icp_pose_graph_tfm-bag-00) by extensions ['colcon_meta']
[0.134s] Level 1:colcon.colcon_core.package_identification:_identify(results/runs/20260910_144847_icp_pose_graph_tfm-bag-00) by extension 'colcon_meta'
[0.134s] Level 1:colcon.colcon_core.package_identification:_identify(results/runs/20260910_144847_icp_pose_graph_tfm-bag-00) by extensions ['ros']
[0.134s] Level 1:colcon.colcon_core.package_identification:_identify(results/runs/20260910_144847_icp_pose_graph_tfm-bag-00) by extension 'ros'
[0.134s] Level 1:colcon.colcon_core.package_identification:_identify(results/runs/20260910_144847_icp_pose_graph_tfm-bag-00) by extensions ['cmake', 'python']
[0.134s] Level 1:colcon.colcon_core.package_identification:_identify(results/runs/20260910_144847_icp_pose_graph_tfm-bag-00) by extension 'cmake'
[0.134s] Level 1:colcon.colcon_core.package_identification:_identify(results/runs/20260910_144847_icp_pose_graph_tfm-bag-00) by extension 'python'
[0.134s] Level 1:colcon.colcon_core.package_identification:_identify(results/runs/20260910_144847_icp_pose_graph_tfm-bag-00) by extensions ['python_setup_py']
[0.134s] Level 1:colcon.colcon_core.package_identification:_identify(results/runs/20260910_144847_icp_pose_graph_tfm-bag-00) by extension 'python_setup_py'
[0.134s] Level 1:colcon.colcon_core.package_identification:_identify(results/runs/20260910_145520_icp_pose_graph_tfm-bag-00) by extensions ['ignore', 'ignore_ament_install']
[0.134s] Level 1:colcon.colcon_core.package_identification:_identify(results/runs/20260910_145520_icp_pose_graph_tfm-bag-00) by extension 'ignore'
[0.134s] Level 1:colcon.colcon_core.package_identification:_identify(results/runs/20260910_145520_icp_pose_graph_tfm-bag-00) by extension 'ignore_ament_install'
[0.134s] Level 1:colcon.colcon_core.package_identification:_identify(results/runs/20260910_145520_icp_pose_graph_tfm-bag-00) by extensions ['colcon_pkg']
[0.134s] Level 1:colcon.colcon_core.package_identification:_identify(results/runs/20260910_145520_icp_pose_graph_tfm-bag-00) by extension 'colcon_pkg'
[0.134s] Level 1:colcon.colcon_core.package_identification:_identify(results/runs/20260910_145520_icp_pose_graph_tfm-bag-00) by extensions ['colcon_meta']
[0.134s] Level 1:colcon.colcon_core.package_identification:_identify(results/runs/20260910_145520_icp_pose_graph_tfm-bag-00) by extension 'colcon_meta'
[0.134s] Level 1:colcon.colcon_core.package_identification:_identify(results/runs/20260910_145520_icp_pose_graph_tfm-bag-00) by extensions ['ros']
[0.134s] Level 1:colcon.colcon_core.package_identification:_identify(results/runs/20260910_145520_icp_pose_graph_tfm-bag-00) by extension 'ros'
[0.134s] Level 1:colcon.colcon_core.package_identification:_identify(results/runs/20260910_145520_icp_pose_graph_tfm-bag-00) by extensions ['cmake', 'python']
[0.135s] Level 1:colcon.colcon_core.package_identification:_identify(results/runs/20260910_145520_icp_pose_graph_tfm-bag-00) by extension 'cmake'
[0.135s] Level 1:colcon.colcon_core.package_identification:_identify(results/runs/20260910_145520_icp_pose_graph_tfm-bag-00) by extension 'python'
[0.135s] Level 1:colcon.colcon_core.package_identification:_identify(results/runs/20260910_145520_icp_pose_graph_tfm-bag-00) by extensions ['python_setup_py']
[0.135s] Level 1:colcon.colcon_core.package_identification:_identify(results/runs/20260910_145520_icp_pose_graph_tfm-bag-00) by extension 'python_setup_py'
[0.135s] Level 1:colcon.colcon_core.package_identification:_identify(results/runs/20260910_150207_icp_pose_graph_tfm-bag-00) by extensions ['ignore', 'ignore_ament_install']
[0.135s] Level 1:colcon.colcon_core.package_identification:_identify(results/runs/20260910_150207_icp_pose_graph_tfm-bag-00) by extension 'ignore'
[0.135s] Level 1:colcon.colcon_core.package_identification:_identify(results/runs/20260910_150207_icp_pose_graph_tfm-bag-00) by extension 'ignore_ament_install'
[0.135s] Level 1:colcon.colcon_core.package_identification:_identify(results/runs/20260910_150207_icp_pose_graph_tfm-bag-00) by extensions ['colcon_pkg']
[0.135s] Level 1:colcon.colcon_core.package_identification:_identify(results/runs/20260910_150207_icp_pose_graph_tfm-bag-00) by extension 'colcon_pkg'
[0.135s] Level 1:colcon.colcon_core.package_identification:_identify(results/runs/20260910_150207_icp_pose_graph_tfm-bag-00) by extensions ['colcon_meta']
[0.135s] Level 1:colcon.colcon_core.package_identification:_identify(results/runs/20260910_150207_icp_pose_graph_tfm-bag-00) by extension 'colcon_meta'
[0.135s] Level 1:colcon.colcon_core.package_identification:_identify(results/runs/20260910_150207_icp_pose_graph_tfm-bag-00) by extensions ['ros']
[0.135s] Level 1:colcon.colcon_core.package_identification:_identify(results/runs/20260910_150207_icp_pose_graph_tfm-bag-00) by extension 'ros'
[0.135s] Level 1:colcon.colcon_core.package_identification:_identify(results/runs/20260910_150207_icp_pose_graph_tfm-bag-00) by extensions ['cmake', 'python']
[0.135s] Level 1:colcon.colcon_core.package_identification:_identify(results/runs/20260910_150207_icp_pose_graph_tfm-bag-00) by extension 'cmake'
[0.135s] Level 1:colcon.colcon_core.package_identification:_identify(results/runs/20260910_150207_icp_pose_graph_tfm-bag-00) by extension 'python'
[0.135s] Level 1:colcon.colcon_core.package_identification:_identify(results/runs/20260910_150207_icp_pose_graph_tfm-bag-00) by extensions ['python_setup_py']
[0.135s] Level 1:colcon.colcon_core.package_identification:_identify(results/runs/20260910_150207_icp_pose_graph_tfm-bag-00) by extension 'python_setup_py'
[0.135s] Level 1:colcon.colcon_core.package_identification:_identify(results/runs/20260910_151240_icp_pose_graph_tfm-bag-00) by extensions ['ignore', 'ignore_ament_install']
[0.135s] Level 1:colcon.colcon_core.package_identification:_identify(results/runs/20260910_151240_icp_pose_graph_tfm-bag-00) by extension 'ignore'
[0.135s] Level 1:colcon.colcon_core.package_identification:_identify(results/runs/20260910_151240_icp_pose_graph_tfm-bag-00) by extension 'ignore_ament_install'
[0.135s] Level 1:colcon.colcon_core.package_identification:_identify(results/runs/20260910_151240_icp_pose_graph_tfm-bag-00) by extensions ['colcon_pkg']
[0.135s] Level 1:colcon.colcon_core.package_identification:_identify(results/runs/20260910_151240_icp_pose_graph_tfm-bag-00) by extension 'colcon_pkg'
[0.135s] Level 1:colcon.colcon_core.package_identification:_identify(results/runs/20260910_151240_icp_pose_graph_tfm-bag-00) by extensions ['colcon_meta']
[0.135s] Level 1:colcon.colcon_core.package_identification:_identify(results/runs/20260910_151240_icp_pose_graph_tfm-bag-00) by extension 'colcon_meta'
[0.135s] Level 1:colcon.colcon_core.package_identification:_identify(results/runs/20260910_151240_icp_pose_graph_tfm-bag-00) by extensions ['ros']
[0.135s] Level 1:colcon.colcon_core.package_identification:_identify(results/runs/20260910_151240_icp_pose_graph_tfm-bag-00) by extension 'ros'
[0.135s] Level 1:colcon.colcon_core.package_identification:_identify(results/runs/20260910_151240_icp_pose_graph_tfm-bag-00) by extensions ['cmake', 'python']
[0.135s] Level 1:colcon.colcon_core.package_identification:_identify(results/runs/20260910_151240_icp_pose_graph_tfm-bag-00) by extension 'cmake'
[0.135s] Level 1:colcon.colcon_core.package_identification:_identify(results/runs/20260910_151240_icp_pose_graph_tfm-bag-00) by extension 'python'
[0.135s] Level 1:colcon.colcon_core.package_identification:_identify(results/runs/20260910_151240_icp_pose_graph_tfm-bag-00) by extensions ['python_setup_py']
[0.135s] Level 1:colcon.colcon_core.package_identification:_identify(results/runs/20260910_151240_icp_pose_graph_tfm-bag-00) by extension 'python_setup_py'
[0.135s] Level 1:colcon.colcon_core.package_identification:_identify(results/runs/20260910_152226_icp_pose_graph_tfm-bag-00) by extensions ['ignore', 'ignore_ament_install']
[0.135s] Level 1:colcon.colcon_core.package_identification:_identify(results/runs/20260910_152226_icp_pose_graph_tfm-bag-00) by extension 'ignore'
[0.135s] Level 1:colcon.colcon_core.package_identification:_identify(results/runs/20260910_152226_icp_pose_graph_tfm-bag-00) by extension 'ignore_ament_install'
[0.135s] Level 1:colcon.colcon_core.package_identification:_identify(results/runs/20260910_152226_icp_pose_graph_tfm-bag-00) by extensions ['colcon_pkg']
[0.135s] Level 1:colcon.colcon_core.package_identification:_identify(results/runs/20260910_152226_icp_pose_graph_tfm-bag-00) by extension 'colcon_pkg'
[0.135s] Level 1:colcon.colcon_core.package_identification:_identify(results/runs/20260910_152226_icp_pose_graph_tfm-bag-00) by extensions ['colcon_meta']
[0.135s] Level 1:colcon.colcon_core.package_identification:_identify(results/runs/20260910_152226_icp_pose_graph_tfm-bag-00) by extension 'colcon_meta'
[0.135s] Level 1:colcon.colcon_core.package_identification:_identify(results/runs/20260910_152226_icp_pose_graph_tfm-bag-00) by extensions ['ros']
[0.135s] Level 1:colcon.colcon_core.package_identification:_identify(results/runs/20260910_152226_icp_pose_graph_tfm-bag-00) by extension 'ros'
[0.135s] Level 1:colcon.colcon_core.package_identification:_identify(results/runs/20260910_152226_icp_pose_graph_tfm-bag-00) by extensions ['cmake', 'python']
[0.135s] Level 1:colcon.colcon_core.package_identification:_identify(results/runs/20260910_152226_icp_pose_graph_tfm-bag-00) by extension 'cmake'
[0.135s] Level 1:colcon.colcon_core.package_identification:_identify(results/runs/20260910_152226_icp_pose_graph_tfm-bag-00) by extension 'python'
[0.135s] Level 1:colcon.colcon_core.package_identification:_identify(results/runs/20260910_152226_icp_pose_graph_tfm-bag-00) by extensions ['python_setup_py']
[0.135s] Level 1:colcon.colcon_core.package_identification:_identify(results/runs/20260910_152226_icp_pose_graph_tfm-bag-00) by extension 'python_setup_py'
[0.135s] Level 1:colcon.colcon_core.package_identification:_identify(results/runs/20260910_153844_icp_pose_graph_tfm-bag-00) by extensions ['ignore', 'ignore_ament_install']
[0.136s] Level 1:colcon.colcon_core.package_identification:_identify(results/runs/20260910_153844_icp_pose_graph_tfm-bag-00) by extension 'ignore'
[0.136s] Level 1:colcon.colcon_core.package_identification:_identify(results/runs/20260910_153844_icp_pose_graph_tfm-bag-00) by extension 'ignore_ament_install'
[0.136s] Level 1:colcon.colcon_core.package_identification:_identify(results/runs/20260910_153844_icp_pose_graph_tfm-bag-00) by extensions ['colcon_pkg']
[0.136s] Level 1:colcon.colcon_core.package_identification:_identify(results/runs/20260910_153844_icp_pose_graph_tfm-bag-00) by extension 'colcon_pkg'
[0.136s] Level 1:colcon.colcon_core.package_identification:_identify(results/runs/20260910_153844_icp_pose_graph_tfm-bag-00) by extensions ['colcon_meta']
[0.136s] Level 1:colcon.colcon_core.package_identification:_identify(results/runs/20260910_153844_icp_pose_graph_tfm-bag-00) by extension 'colcon_meta'
[0.136s] Level 1:colcon.colcon_core.package_identification:_identify(results/runs/20260910_153844_icp_pose_graph_tfm-bag-00) by extensions ['ros']
[0.136s] Level 1:colcon.colcon_core.package_identification:_identify(results/runs/20260910_153844_icp_pose_graph_tfm-bag-00) by extension 'ros'
[0.136s] Level 1:colcon.colcon_core.package_identification:_identify(results/runs/20260910_153844_icp_pose_graph_tfm-bag-00) by extensions ['cmake', 'python']
[0.136s] Level 1:colcon.colcon_core.package_identification:_identify(results/runs/20260910_153844_icp_pose_graph_tfm-bag-00) by extension 'cmake'
[0.136s] Level 1:colcon.colcon_core.package_identification:_identify(results/runs/20260910_153844_icp_pose_graph_tfm-bag-00) by extension 'python'
[0.136s] Level 1:colcon.colcon_core.package_identification:_identify(results/runs/20260910_153844_icp_pose_graph_tfm-bag-00) by extensions ['python_setup_py']
[0.136s] Level 1:colcon.colcon_core.package_identification:_identify(results/runs/20260910_153844_icp_pose_graph_tfm-bag-00) by extension 'python_setup_py'
[0.136s] Level 1:colcon.colcon_core.package_identification:_identify(results/runs/20260910_155629_kiss_icp_pose_graph_tfm-bag-00) by extensions ['ignore', 'ignore_ament_install']
[0.136s] Level 1:colcon.colcon_core.package_identification:_identify(results/runs/20260910_155629_kiss_icp_pose_graph_tfm-bag-00) by extension 'ignore'
[0.136s] Level 1:colcon.colcon_core.package_identification:_identify(results/runs/20260910_155629_kiss_icp_pose_graph_tfm-bag-00) by extension 'ignore_ament_install'
[0.136s] Level 1:colcon.colcon_core.package_identification:_identify(results/runs/20260910_155629_kiss_icp_pose_graph_tfm-bag-00) by extensions ['colcon_pkg']
[0.136s] Level 1:colcon.colcon_core.package_identification:_identify(results/runs/20260910_155629_kiss_icp_pose_graph_tfm-bag-00) by extension 'colcon_pkg'
[0.136s] Level 1:colcon.colcon_core.package_identification:_identify(results/runs/20260910_155629_kiss_icp_pose_graph_tfm-bag-00) by extensions ['colcon_meta']
[0.136s] Level 1:colcon.colcon_core.package_identification:_identify(results/runs/20260910_155629_kiss_icp_pose_graph_tfm-bag-00) by extension 'colcon_meta'
[0.136s] Level 1:colcon.colcon_core.package_identification:_identify(results/runs/20260910_155629_kiss_icp_pose_graph_tfm-bag-00) by extensions ['ros']
[0.136s] Level 1:colcon.colcon_core.package_identification:_identify(results/runs/20260910_155629_kiss_icp_pose_graph_tfm-bag-00) by extension 'ros'
[0.136s] Level 1:colcon.colcon_core.package_identification:_identify(results/runs/20260910_155629_kiss_icp_pose_graph_tfm-bag-00) by extensions ['cmake', 'python']
[0.136s] Level 1:colcon.colcon_core.package_identification:_identify(results/runs/20260910_155629_kiss_icp_pose_graph_tfm-bag-00) by extension 'cmake'
[0.136s] Level 1:colcon.colcon_core.package_identification:_identify(results/runs/20260910_155629_kiss_icp_pose_graph_tfm-bag-00) by extension 'python'
[0.136s] Level 1:colcon.colcon_core.package_identification:_identify(results/runs/20260910_155629_kiss_icp_pose_graph_tfm-bag-00) by extensions ['python_setup_py']
[0.136s] Level 1:colcon.colcon_core.package_identification:_identify(results/runs/20260910_155629_kiss_icp_pose_graph_tfm-bag-00) by extension 'python_setup_py'
[0.136s] Level 1:colcon.colcon_core.package_identification:_identify(results/runs/20260910_155900_kiss_icp_pose_graph_tfm-bag-00) by extensions ['ignore', 'ignore_ament_install']
[0.136s] Level 1:colcon.colcon_core.package_identification:_identify(results/runs/20260910_155900_kiss_icp_pose_graph_tfm-bag-00) by extension 'ignore'
[0.136s] Level 1:colcon.colcon_core.package_identification:_identify(results/runs/20260910_155900_kiss_icp_pose_graph_tfm-bag-00) by extension 'ignore_ament_install'
[0.136s] Level 1:colcon.colcon_core.package_identification:_identify(results/runs/20260910_155900_kiss_icp_pose_graph_tfm-bag-00) by extensions ['colcon_pkg']
[0.136s] Level 1:colcon.colcon_core.package_identification:_identify(results/runs/20260910_155900_kiss_icp_pose_graph_tfm-bag-00) by extension 'colcon_pkg'
[0.136s] Level 1:colcon.colcon_core.package_identification:_identify(results/runs/20260910_155900_kiss_icp_pose_graph_tfm-bag-00) by extensions ['colcon_meta']
[0.136s] Level 1:colcon.colcon_core.package_identification:_identify(results/runs/20260910_155900_kiss_icp_pose_graph_tfm-bag-00) by extension 'colcon_meta'
[0.136s] Level 1:colcon.colcon_core.package_identification:_identify(results/runs/20260910_155900_kiss_icp_pose_graph_tfm-bag-00) by extensions ['ros']
[0.136s] Level 1:colcon.colcon_core.package_identification:_identify(results/runs/20260910_155900_kiss_icp_pose_graph_tfm-bag-00) by extension 'ros'
[0.136s] Level 1:colcon.colcon_core.package_identification:_identify(results/runs/20260910_155900_kiss_icp_pose_graph_tfm-bag-00) by extensions ['cmake', 'python']
[0.136s] Level 1:colcon.colcon_core.package_identification:_identify(results/runs/20260910_155900_kiss_icp_pose_graph_tfm-bag-00) by extension 'cmake'
[0.136s] Level 1:colcon.colcon_core.package_identification:_identify(results/runs/20260910_155900_kiss_icp_pose_graph_tfm-bag-00) by extension 'python'
[0.136s] Level 1:colcon.colcon_core.package_identification:_identify(results/runs/20260910_155900_kiss_icp_pose_graph_tfm-bag-00) by extensions ['python_setup_py']
[0.136s] Level 1:colcon.colcon_core.package_identification:_identify(results/runs/20260910_155900_kiss_icp_pose_graph_tfm-bag-00) by extension 'python_setup_py'
[0.136s] Level 1:colcon.colcon_core.package_identification:_identify(results/runs/20260910_160315_kiss_icp_pose_graph_tfm-bag-00) by extensions ['ignore', 'ignore_ament_install']
[0.136s] Level 1:colcon.colcon_core.package_identification:_identify(results/runs/20260910_160315_kiss_icp_pose_graph_tfm-bag-00) by extension 'ignore'
[0.136s] Level 1:colcon.colcon_core.package_identification:_identify(results/runs/20260910_160315_kiss_icp_pose_graph_tfm-bag-00) by extension 'ignore_ament_install'
[0.136s] Level 1:colcon.colcon_core.package_identification:_identify(results/runs/20260910_160315_kiss_icp_pose_graph_tfm-bag-00) by extensions ['colcon_pkg']
[0.136s] Level 1:colcon.colcon_core.package_identification:_identify(results/runs/20260910_160315_kiss_icp_pose_graph_tfm-bag-00) by extension 'colcon_pkg'
[0.136s] Level 1:colcon.colcon_core.package_identification:_identify(results/runs/20260910_160315_kiss_icp_pose_graph_tfm-bag-00) by extensions ['colcon_meta']
[0.136s] Level 1:colcon.colcon_core.package_identification:_identify(results/runs/20260910_160315_kiss_icp_pose_graph_tfm-bag-00) by extension 'colcon_meta'
[0.136s] Level 1:colcon.colcon_core.package_identification:_identify(results/runs/20260910_160315_kiss_icp_pose_graph_tfm-bag-00) by extensions ['ros']
[0.137s] Level 1:colcon.colcon_core.package_identification:_identify(results/runs/20260910_160315_kiss_icp_pose_graph_tfm-bag-00) by extension 'ros'
[0.137s] Level 1:colcon.colcon_core.package_identification:_identify(results/runs/20260910_160315_kiss_icp_pose_graph_tfm-bag-00) by extensions ['cmake', 'python']
[0.137s] Level 1:colcon.colcon_core.package_identification:_identify(results/runs/20260910_160315_kiss_icp_pose_graph_tfm-bag-00) by extension 'cmake'
[0.137s] Level 1:colcon.colcon_core.package_identification:_identify(results/runs/20260910_160315_kiss_icp_pose_graph_tfm-bag-00) by extension 'python'
[0.137s] Level 1:colcon.colcon_core.package_identification:_identify(results/runs/20260910_160315_kiss_icp_pose_graph_tfm-bag-00) by extensions ['python_setup_py']
[0.137s] Level 1:colcon.colcon_core.package_identification:_identify(results/runs/20260910_160315_kiss_icp_pose_graph_tfm-bag-00) by extension 'python_setup_py'
[0.137s] Level 1:colcon.colcon_core.package_identification:_identify(results/runs/20260910_160521_kiss_icp_pose_graph_tfm-bag-00) by extensions ['ignore', 'ignore_ament_install']
[0.137s] Level 1:colcon.colcon_core.package_identification:_identify(results/runs/20260910_160521_kiss_icp_pose_graph_tfm-bag-00) by extension 'ignore'
[0.137s] Level 1:colcon.colcon_core.package_identification:_identify(results/runs/20260910_160521_kiss_icp_pose_graph_tfm-bag-00) by extension 'ignore_ament_install'
[0.137s] Level 1:colcon.colcon_core.package_identification:_identify(results/runs/20260910_160521_kiss_icp_pose_graph_tfm-bag-00) by extensions ['colcon_pkg']
[0.137s] Level 1:colcon.colcon_core.package_identification:_identify(results/runs/20260910_160521_kiss_icp_pose_graph_tfm-bag-00) by extension 'colcon_pkg'
[0.137s] Level 1:colcon.colcon_core.package_identification:_identify(results/runs/20260910_160521_kiss_icp_pose_graph_tfm-bag-00) by extensions ['colcon_meta']
[0.137s] Level 1:colcon.colcon_core.package_identification:_identify(results/runs/20260910_160521_kiss_icp_pose_graph_tfm-bag-00) by extension 'colcon_meta'
[0.137s] Level 1:colcon.colcon_core.package_identification:_identify(results/runs/20260910_160521_kiss_icp_pose_graph_tfm-bag-00) by extensions ['ros']
[0.137s] Level 1:colcon.colcon_core.package_identification:_identify(results/runs/20260910_160521_kiss_icp_pose_graph_tfm-bag-00) by extension 'ros'
[0.137s] Level 1:colcon.colcon_core.package_identification:_identify(results/runs/20260910_160521_kiss_icp_pose_graph_tfm-bag-00) by extensions ['cmake', 'python']
[0.137s] Level 1:colcon.colcon_core.package_identification:_identify(results/runs/20260910_160521_kiss_icp_pose_graph_tfm-bag-00) by extension 'cmake'
[0.137s] Level 1:colcon.colcon_core.package_identification:_identify(results/runs/20260910_160521_kiss_icp_pose_graph_tfm-bag-00) by extension 'python'
[0.137s] Level 1:colcon.colcon_core.package_identification:_identify(results/runs/20260910_160521_kiss_icp_pose_graph_tfm-bag-00) by extensions ['python_setup_py']
[0.137s] Level 1:colcon.colcon_core.package_identification:_identify(results/runs/20260910_160521_kiss_icp_pose_graph_tfm-bag-00) by extension 'python_setup_py'
[0.137s] Level 1:colcon.colcon_core.package_identification:_identify(results/runs/20260910_163600_kiss_icp_pose_graph_tfm-bag-00) by extensions ['ignore', 'ignore_ament_install']
[0.137s] Level 1:colcon.colcon_core.package_identification:_identify(results/runs/20260910_163600_kiss_icp_pose_graph_tfm-bag-00) by extension 'ignore'
[0.137s] Level 1:colcon.colcon_core.package_identification:_identify(results/runs/20260910_163600_kiss_icp_pose_graph_tfm-bag-00) by extension 'ignore_ament_install'
[0.137s] Level 1:colcon.colcon_core.package_identification:_identify(results/runs/20260910_163600_kiss_icp_pose_graph_tfm-bag-00) by extensions ['colcon_pkg']
[0.137s] Level 1:colcon.colcon_core.package_identification:_identify(results/runs/20260910_163600_kiss_icp_pose_graph_tfm-bag-00) by extension 'colcon_pkg'
[0.137s] Level 1:colcon.colcon_core.package_identification:_identify(results/runs/20260910_163600_kiss_icp_pose_graph_tfm-bag-00) by extensions ['colcon_meta']
[0.137s] Level 1:colcon.colcon_core.package_identification:_identify(results/runs/20260910_163600_kiss_icp_pose_graph_tfm-bag-00) by extension 'colcon_meta'
[0.137s] Level 1:colcon.colcon_core.package_identification:_identify(results/runs/20260910_163600_kiss_icp_pose_graph_tfm-bag-00) by extensions ['ros']
[0.137s] Level 1:colcon.colcon_core.package_identification:_identify(results/runs/20260910_163600_kiss_icp_pose_graph_tfm-bag-00) by extension 'ros'
[0.137s] Level 1:colcon.colcon_core.package_identification:_identify(results/runs/20260910_163600_kiss_icp_pose_graph_tfm-bag-00) by extensions ['cmake', 'python']
[0.137s] Level 1:colcon.colcon_core.package_identification:_identify(results/runs/20260910_163600_kiss_icp_pose_graph_tfm-bag-00) by extension 'cmake'
[0.137s] Level 1:colcon.colcon_core.package_identification:_identify(results/runs/20260910_163600_kiss_icp_pose_graph_tfm-bag-00) by extension 'python'
[0.137s] Level 1:colcon.colcon_core.package_identification:_identify(results/runs/20260910_163600_kiss_icp_pose_graph_tfm-bag-00) by extensions ['python_setup_py']
[0.137s] Level 1:colcon.colcon_core.package_identification:_identify(results/runs/20260910_163600_kiss_icp_pose_graph_tfm-bag-00) by extension 'python_setup_py'
[0.137s] Level 1:colcon.colcon_core.package_identification:_identify(results/runs/20260910_164703_kiss_icp_pose_graph_tfm-bag-00) by extensions ['ignore', 'ignore_ament_install']
[0.137s] Level 1:colcon.colcon_core.package_identification:_identify(results/runs/20260910_164703_kiss_icp_pose_graph_tfm-bag-00) by extension 'ignore'
[0.137s] Level 1:colcon.colcon_core.package_identification:_identify(results/runs/20260910_164703_kiss_icp_pose_graph_tfm-bag-00) by extension 'ignore_ament_install'
[0.137s] Level 1:colcon.colcon_core.package_identification:_identify(results/runs/20260910_164703_kiss_icp_pose_graph_tfm-bag-00) by extensions ['colcon_pkg']
[0.137s] Level 1:colcon.colcon_core.package_identification:_identify(results/runs/20260910_164703_kiss_icp_pose_graph_tfm-bag-00) by extension 'colcon_pkg'
[0.137s] Level 1:colcon.colcon_core.package_identification:_identify(results/runs/20260910_164703_kiss_icp_pose_graph_tfm-bag-00) by extensions ['colcon_meta']
[0.137s] Level 1:colcon.colcon_core.package_identification:_identify(results/runs/20260910_164703_kiss_icp_pose_graph_tfm-bag-00) by extension 'colcon_meta'
[0.137s] Level 1:colcon.colcon_core.package_identification:_identify(results/runs/20260910_164703_kiss_icp_pose_graph_tfm-bag-00) by extensions ['ros']
[0.137s] Level 1:colcon.colcon_core.package_identification:_identify(results/runs/20260910_164703_kiss_icp_pose_graph_tfm-bag-00) by extension 'ros'
[0.137s] Level 1:colcon.colcon_core.package_identification:_identify(results/runs/20260910_164703_kiss_icp_pose_graph_tfm-bag-00) by extensions ['cmake', 'python']
[0.137s] Level 1:colcon.colcon_core.package_identification:_identify(results/runs/20260910_164703_kiss_icp_pose_graph_tfm-bag-00) by extension 'cmake'
[0.137s] Level 1:colcon.colcon_core.package_identification:_identify(results/runs/20260910_164703_kiss_icp_pose_graph_tfm-bag-00) by extension 'python'
[0.137s] Level 1:colcon.colcon_core.package_identification:_identify(results/runs/20260910_164703_kiss_icp_pose_graph_tfm-bag-00) by extensions ['python_setup_py']
[0.138s] Level 1:colcon.colcon_core.package_identification:_identify(results/runs/20260910_164703_kiss_icp_pose_graph_tfm-bag-00) by extension 'python_setup_py'
[0.138s] Level 1:colcon.colcon_core.package_identification:_identify(results/runs/20260910_165145_kiss_icp_pose_graph_tfm-bag-00) by extensions ['ignore', 'ignore_ament_install']
[0.138s] Level 1:colcon.colcon_core.package_identification:_identify(results/runs/20260910_165145_kiss_icp_pose_graph_tfm-bag-00) by extension 'ignore'
[0.138s] Level 1:colcon.colcon_core.package_identification:_identify(results/runs/20260910_165145_kiss_icp_pose_graph_tfm-bag-00) by extension 'ignore_ament_install'
[0.138s] Level 1:colcon.colcon_core.package_identification:_identify(results/runs/20260910_165145_kiss_icp_pose_graph_tfm-bag-00) by extensions ['colcon_pkg']
[0.138s] Level 1:colcon.colcon_core.package_identification:_identify(results/runs/20260910_165145_kiss_icp_pose_graph_tfm-bag-00) by extension 'colcon_pkg'
[0.138s] Level 1:colcon.colcon_core.package_identification:_identify(results/runs/20260910_165145_kiss_icp_pose_graph_tfm-bag-00) by extensions ['colcon_meta']
[0.138s] Level 1:colcon.colcon_core.package_identification:_identify(results/runs/20260910_165145_kiss_icp_pose_graph_tfm-bag-00) by extension 'colcon_meta'
[0.138s] Level 1:colcon.colcon_core.package_identification:_identify(results/runs/20260910_165145_kiss_icp_pose_graph_tfm-bag-00) by extensions ['ros']
[0.138s] Level 1:colcon.colcon_core.package_identification:_identify(results/runs/20260910_165145_kiss_icp_pose_graph_tfm-bag-00) by extension 'ros'
[0.138s] Level 1:colcon.colcon_core.package_identification:_identify(results/runs/20260910_165145_kiss_icp_pose_graph_tfm-bag-00) by extensions ['cmake', 'python']
[0.138s] Level 1:colcon.colcon_core.package_identification:_identify(results/runs/20260910_165145_kiss_icp_pose_graph_tfm-bag-00) by extension 'cmake'
[0.138s] Level 1:colcon.colcon_core.package_identification:_identify(results/runs/20260910_165145_kiss_icp_pose_graph_tfm-bag-00) by extension 'python'
[0.138s] Level 1:colcon.colcon_core.package_identification:_identify(results/runs/20260910_165145_kiss_icp_pose_graph_tfm-bag-00) by extensions ['python_setup_py']
[0.138s] Level 1:colcon.colcon_core.package_identification:_identify(results/runs/20260910_165145_kiss_icp_pose_graph_tfm-bag-00) by extension 'python_setup_py'
[0.138s] Level 1:colcon.colcon_core.package_identification:_identify(results/runs/20260910_165443_kiss_icp_pose_graph_tfm-bag-01) by extensions ['ignore', 'ignore_ament_install']
[0.138s] Level 1:colcon.colcon_core.package_identification:_identify(results/runs/20260910_165443_kiss_icp_pose_graph_tfm-bag-01) by extension 'ignore'
[0.138s] Level 1:colcon.colcon_core.package_identification:_identify(results/runs/20260910_165443_kiss_icp_pose_graph_tfm-bag-01) by extension 'ignore_ament_install'
[0.138s] Level 1:colcon.colcon_core.package_identification:_identify(results/runs/20260910_165443_kiss_icp_pose_graph_tfm-bag-01) by extensions ['colcon_pkg']
[0.138s] Level 1:colcon.colcon_core.package_identification:_identify(results/runs/20260910_165443_kiss_icp_pose_graph_tfm-bag-01) by extension 'colcon_pkg'
[0.138s] Level 1:colcon.colcon_core.package_identification:_identify(results/runs/20260910_165443_kiss_icp_pose_graph_tfm-bag-01) by extensions ['colcon_meta']
[0.138s] Level 1:colcon.colcon_core.package_identification:_identify(results/runs/20260910_165443_kiss_icp_pose_graph_tfm-bag-01) by extension 'colcon_meta'
[0.138s] Level 1:colcon.colcon_core.package_identification:_identify(results/runs/20260910_165443_kiss_icp_pose_graph_tfm-bag-01) by extensions ['ros']
[0.138s] Level 1:colcon.colcon_core.package_identification:_identify(results/runs/20260910_165443_kiss_icp_pose_graph_tfm-bag-01) by extension 'ros'
[0.138s] Level 1:colcon.colcon_core.package_identification:_identify(results/runs/20260910_165443_kiss_icp_pose_graph_tfm-bag-01) by extensions ['cmake', 'python']
[0.138s] Level 1:colcon.colcon_core.package_identification:_identify(results/runs/20260910_165443_kiss_icp_pose_graph_tfm-bag-01) by extension 'cmake'
[0.138s] Level 1:colcon.colcon_core.package_identification:_identify(results/runs/20260910_165443_kiss_icp_pose_graph_tfm-bag-01) by extension 'python'
[0.138s] Level 1:colcon.colcon_core.package_identification:_identify(results/runs/20260910_165443_kiss_icp_pose_graph_tfm-bag-01) by extensions ['python_setup_py']
[0.138s] Level 1:colcon.colcon_core.package_identification:_identify(results/runs/20260910_165443_kiss_icp_pose_graph_tfm-bag-01) by extension 'python_setup_py'
[0.138s] Level 1:colcon.colcon_core.package_identification:_identify(results/runs/20260910_165617_kiss_icp_pose_graph_tfm-bag-02) by extensions ['ignore', 'ignore_ament_install']
[0.138s] Level 1:colcon.colcon_core.package_identification:_identify(results/runs/20260910_165617_kiss_icp_pose_graph_tfm-bag-02) by extension 'ignore'
[0.138s] Level 1:colcon.colcon_core.package_identification:_identify(results/runs/20260910_165617_kiss_icp_pose_graph_tfm-bag-02) by extension 'ignore_ament_install'
[0.138s] Level 1:colcon.colcon_core.package_identification:_identify(results/runs/20260910_165617_kiss_icp_pose_graph_tfm-bag-02) by extensions ['colcon_pkg']
[0.138s] Level 1:colcon.colcon_core.package_identification:_identify(results/runs/20260910_165617_kiss_icp_pose_graph_tfm-bag-02) by extension 'colcon_pkg'
[0.138s] Level 1:colcon.colcon_core.package_identification:_identify(results/runs/20260910_165617_kiss_icp_pose_graph_tfm-bag-02) by extensions ['colcon_meta']
[0.138s] Level 1:colcon.colcon_core.package_identification:_identify(results/runs/20260910_165617_kiss_icp_pose_graph_tfm-bag-02) by extension 'colcon_meta'
[0.138s] Level 1:colcon.colcon_core.package_identification:_identify(results/runs/20260910_165617_kiss_icp_pose_graph_tfm-bag-02) by extensions ['ros']
[0.138s] Level 1:colcon.colcon_core.package_identification:_identify(results/runs/20260910_165617_kiss_icp_pose_graph_tfm-bag-02) by extension 'ros'
[0.138s] Level 1:colcon.colcon_core.package_identification:_identify(results/runs/20260910_165617_kiss_icp_pose_graph_tfm-bag-02) by extensions ['cmake', 'python']
[0.138s] Level 1:colcon.colcon_core.package_identification:_identify(results/runs/20260910_165617_kiss_icp_pose_graph_tfm-bag-02) by extension 'cmake'
[0.138s] Level 1:colcon.colcon_core.package_identification:_identify(results/runs/20260910_165617_kiss_icp_pose_graph_tfm-bag-02) by extension 'python'
[0.138s] Level 1:colcon.colcon_core.package_identification:_identify(results/runs/20260910_165617_kiss_icp_pose_graph_tfm-bag-02) by extensions ['python_setup_py']
[0.138s] Level 1:colcon.colcon_core.package_identification:_identify(results/runs/20260910_165617_kiss_icp_pose_graph_tfm-bag-02) by extension 'python_setup_py'
[0.139s] Level 1:colcon.colcon_core.package_identification:_identify(results/runs/20260910_170029_kiss_icp_pose_graph_tfm-bag-02) by extensions ['ignore', 'ignore_ament_install']
[0.139s] Level 1:colcon.colcon_core.package_identification:_identify(results/runs/20260910_170029_kiss_icp_pose_graph_tfm-bag-02) by extension 'ignore'
[0.139s] Level 1:colcon.colcon_core.package_identification:_identify(results/runs/20260910_170029_kiss_icp_pose_graph_tfm-bag-02) by extension 'ignore_ament_install'
[0.139s] Level 1:colcon.colcon_core.package_identification:_identify(results/runs/20260910_170029_kiss_icp_pose_graph_tfm-bag-02) by extensions ['colcon_pkg']
[0.139s] Level 1:colcon.colcon_core.package_identification:_identify(results/runs/20260910_170029_kiss_icp_pose_graph_tfm-bag-02) by extension 'colcon_pkg'
[0.139s] Level 1:colcon.colcon_core.package_identification:_identify(results/runs/20260910_170029_kiss_icp_pose_graph_tfm-bag-02) by extensions ['colcon_meta']
[0.139s] Level 1:colcon.colcon_core.package_identification:_identify(results/runs/20260910_170029_kiss_icp_pose_graph_tfm-bag-02) by extension 'colcon_meta'
[0.139s] Level 1:colcon.colcon_core.package_identification:_identify(results/runs/20260910_170029_kiss_icp_pose_graph_tfm-bag-02) by extensions ['ros']
[0.139s] Level 1:colcon.colcon_core.package_identification:_identify(results/runs/20260910_170029_kiss_icp_pose_graph_tfm-bag-02) by extension 'ros'
[0.139s] Level 1:colcon.colcon_core.package_identification:_identify(results/runs/20260910_170029_kiss_icp_pose_graph_tfm-bag-02) by extensions ['cmake', 'python']
[0.139s] Level 1:colcon.colcon_core.package_identification:_identify(results/runs/20260910_170029_kiss_icp_pose_graph_tfm-bag-02) by extension 'cmake'
[0.139s] Level 1:colcon.colcon_core.package_identification:_identify(results/runs/20260910_170029_kiss_icp_pose_graph_tfm-bag-02) by extension 'python'
[0.139s] Level 1:colcon.colcon_core.package_identification:_identify(results/runs/20260910_170029_kiss_icp_pose_graph_tfm-bag-02) by extensions ['python_setup_py']
[0.139s] Level 1:colcon.colcon_core.package_identification:_identify(results/runs/20260910_170029_kiss_icp_pose_graph_tfm-bag-02) by extension 'python_setup_py'
[0.139s] Level 1:colcon.colcon_core.package_identification:_identify(results/runs/20260910_170349_kiss_icp_pose_graph_tfm-bag-00) by extensions ['ignore', 'ignore_ament_install']
[0.139s] Level 1:colcon.colcon_core.package_identification:_identify(results/runs/20260910_170349_kiss_icp_pose_graph_tfm-bag-00) by extension 'ignore'
[0.139s] Level 1:colcon.colcon_core.package_identification:_identify(results/runs/20260910_170349_kiss_icp_pose_graph_tfm-bag-00) by extension 'ignore_ament_install'
[0.139s] Level 1:colcon.colcon_core.package_identification:_identify(results/runs/20260910_170349_kiss_icp_pose_graph_tfm-bag-00) by extensions ['colcon_pkg']
[0.139s] Level 1:colcon.colcon_core.package_identification:_identify(results/runs/20260910_170349_kiss_icp_pose_graph_tfm-bag-00) by extension 'colcon_pkg'
[0.139s] Level 1:colcon.colcon_core.package_identification:_identify(results/runs/20260910_170349_kiss_icp_pose_graph_tfm-bag-00) by extensions ['colcon_meta']
[0.139s] Level 1:colcon.colcon_core.package_identification:_identify(results/runs/20260910_170349_kiss_icp_pose_graph_tfm-bag-00) by extension 'colcon_meta'
[0.139s] Level 1:colcon.colcon_core.package_identification:_identify(results/runs/20260910_170349_kiss_icp_pose_graph_tfm-bag-00) by extensions ['ros']
[0.139s] Level 1:colcon.colcon_core.package_identification:_identify(results/runs/20260910_170349_kiss_icp_pose_graph_tfm-bag-00) by extension 'ros'
[0.139s] Level 1:colcon.colcon_core.package_identification:_identify(results/runs/20260910_170349_kiss_icp_pose_graph_tfm-bag-00) by extensions ['cmake', 'python']
[0.139s] Level 1:colcon.colcon_core.package_identification:_identify(results/runs/20260910_170349_kiss_icp_pose_graph_tfm-bag-00) by extension 'cmake'
[0.139s] Level 1:colcon.colcon_core.package_identification:_identify(results/runs/20260910_170349_kiss_icp_pose_graph_tfm-bag-00) by extension 'python'
[0.139s] Level 1:colcon.colcon_core.package_identification:_identify(results/runs/20260910_170349_kiss_icp_pose_graph_tfm-bag-00) by extensions ['python_setup_py']
[0.139s] Level 1:colcon.colcon_core.package_identification:_identify(results/runs/20260910_170349_kiss_icp_pose_graph_tfm-bag-00) by extension 'python_setup_py'
[0.139s] Level 1:colcon.colcon_core.package_identification:_identify(results/runs/20260910_170429_kiss_icp_pose_graph_tfm-bag-01) by extensions ['ignore', 'ignore_ament_install']
[0.139s] Level 1:colcon.colcon_core.package_identification:_identify(results/runs/20260910_170429_kiss_icp_pose_graph_tfm-bag-01) by extension 'ignore'
[0.139s] Level 1:colcon.colcon_core.package_identification:_identify(results/runs/20260910_170429_kiss_icp_pose_graph_tfm-bag-01) by extension 'ignore_ament_install'
[0.139s] Level 1:colcon.colcon_core.package_identification:_identify(results/runs/20260910_170429_kiss_icp_pose_graph_tfm-bag-01) by extensions ['colcon_pkg']
[0.139s] Level 1:colcon.colcon_core.package_identification:_identify(results/runs/20260910_170429_kiss_icp_pose_graph_tfm-bag-01) by extension 'colcon_pkg'
[0.139s] Level 1:colcon.colcon_core.package_identification:_identify(results/runs/20260910_170429_kiss_icp_pose_graph_tfm-bag-01) by extensions ['colcon_meta']
[0.139s] Level 1:colcon.colcon_core.package_identification:_identify(results/runs/20260910_170429_kiss_icp_pose_graph_tfm-bag-01) by extension 'colcon_meta'
[0.139s] Level 1:colcon.colcon_core.package_identification:_identify(results/runs/20260910_170429_kiss_icp_pose_graph_tfm-bag-01) by extensions ['ros']
[0.139s] Level 1:colcon.colcon_core.package_identification:_identify(results/runs/20260910_170429_kiss_icp_pose_graph_tfm-bag-01) by extension 'ros'
[0.139s] Level 1:colcon.colcon_core.package_identification:_identify(results/runs/20260910_170429_kiss_icp_pose_graph_tfm-bag-01) by extensions ['cmake', 'python']
[0.139s] Level 1:colcon.colcon_core.package_identification:_identify(results/runs/20260910_170429_kiss_icp_pose_graph_tfm-bag-01) by extension 'cmake'
[0.139s] Level 1:colcon.colcon_core.package_identification:_identify(results/runs/20260910_170429_kiss_icp_pose_graph_tfm-bag-01) by extension 'python'
[0.139s] Level 1:colcon.colcon_core.package_identification:_identify(results/runs/20260910_170429_kiss_icp_pose_graph_tfm-bag-01) by extensions ['python_setup_py']
[0.139s] Level 1:colcon.colcon_core.package_identification:_identify(results/runs/20260910_170429_kiss_icp_pose_graph_tfm-bag-01) by extension 'python_setup_py'
[0.139s] Level 1:colcon.colcon_core.package_identification:_identify(results/runs/20260910_170901_kiss_icp_pose_graph_tfm-bag-01) by extensions ['ignore', 'ignore_ament_install']
[0.139s] Level 1:colcon.colcon_core.package_identification:_identify(results/runs/20260910_170901_kiss_icp_pose_graph_tfm-bag-01) by extension 'ignore'
[0.140s] Level 1:colcon.colcon_core.package_identification:_identify(results/runs/20260910_170901_kiss_icp_pose_graph_tfm-bag-01) by extension 'ignore_ament_install'
[0.140s] Level 1:colcon.colcon_core.package_identification:_identify(results/runs/20260910_170901_kiss_icp_pose_graph_tfm-bag-01) by extensions ['colcon_pkg']
[0.140s] Level 1:colcon.colcon_core.package_identification:_identify(results/runs/20260910_170901_kiss_icp_pose_graph_tfm-bag-01) by extension 'colcon_pkg'
[0.140s] Level 1:colcon.colcon_core.package_identification:_identify(results/runs/20260910_170901_kiss_icp_pose_graph_tfm-bag-01) by extensions ['colcon_meta']
[0.140s] Level 1:colcon.colcon_core.package_identification:_identify(results/runs/20260910_170901_kiss_icp_pose_graph_tfm-bag-01) by extension 'colcon_meta'
[0.140s] Level 1:colcon.colcon_core.package_identification:_identify(results/runs/20260910_170901_kiss_icp_pose_graph_tfm-bag-01) by extensions ['ros']
[0.140s] Level 1:colcon.colcon_core.package_identification:_identify(results/runs/20260910_170901_kiss_icp_pose_graph_tfm-bag-01) by extension 'ros'
[0.140s] Level 1:colcon.colcon_core.package_identification:_identify(results/runs/20260910_170901_kiss_icp_pose_graph_tfm-bag-01) by extensions ['cmake', 'python']
[0.140s] Level 1:colcon.colcon_core.package_identification:_identify(results/runs/20260910_170901_kiss_icp_pose_graph_tfm-bag-01) by extension 'cmake'
[0.140s] Level 1:colcon.colcon_core.package_identification:_identify(results/runs/20260910_170901_kiss_icp_pose_graph_tfm-bag-01) by extension 'python'
[0.140s] Level 1:colcon.colcon_core.package_identification:_identify(results/runs/20260910_170901_kiss_icp_pose_graph_tfm-bag-01) by extensions ['python_setup_py']
[0.140s] Level 1:colcon.colcon_core.package_identification:_identify(results/runs/20260910_170901_kiss_icp_pose_graph_tfm-bag-01) by extension 'python_setup_py'
[0.140s] Level 1:colcon.colcon_core.package_identification:_identify(results/runs/20260910_171004_kiss_icp_pose_graph_tfm-bag-00) by extensions ['ignore', 'ignore_ament_install']
[0.140s] Level 1:colcon.colcon_core.package_identification:_identify(results/runs/20260910_171004_kiss_icp_pose_graph_tfm-bag-00) by extension 'ignore'
[0.140s] Level 1:colcon.colcon_core.package_identification:_identify(results/runs/20260910_171004_kiss_icp_pose_graph_tfm-bag-00) by extension 'ignore_ament_install'
[0.140s] Level 1:colcon.colcon_core.package_identification:_identify(results/runs/20260910_171004_kiss_icp_pose_graph_tfm-bag-00) by extensions ['colcon_pkg']
[0.140s] Level 1:colcon.colcon_core.package_identification:_identify(results/runs/20260910_171004_kiss_icp_pose_graph_tfm-bag-00) by extension 'colcon_pkg'
[0.140s] Level 1:colcon.colcon_core.package_identification:_identify(results/runs/20260910_171004_kiss_icp_pose_graph_tfm-bag-00) by extensions ['colcon_meta']
[0.140s] Level 1:colcon.colcon_core.package_identification:_identify(results/runs/20260910_171004_kiss_icp_pose_graph_tfm-bag-00) by extension 'colcon_meta'
[0.140s] Level 1:colcon.colcon_core.package_identification:_identify(results/runs/20260910_171004_kiss_icp_pose_graph_tfm-bag-00) by extensions ['ros']
[0.140s] Level 1:colcon.colcon_core.package_identification:_identify(results/runs/20260910_171004_kiss_icp_pose_graph_tfm-bag-00) by extension 'ros'
[0.140s] Level 1:colcon.colcon_core.package_identification:_identify(results/runs/20260910_171004_kiss_icp_pose_graph_tfm-bag-00) by extensions ['cmake', 'python']
[0.140s] Level 1:colcon.colcon_core.package_identification:_identify(results/runs/20260910_171004_kiss_icp_pose_graph_tfm-bag-00) by extension 'cmake'
[0.140s] Level 1:colcon.colcon_core.package_identification:_identify(results/runs/20260910_171004_kiss_icp_pose_graph_tfm-bag-00) by extension 'python'
[0.140s] Level 1:colcon.colcon_core.package_identification:_identify(results/runs/20260910_171004_kiss_icp_pose_graph_tfm-bag-00) by extensions ['python_setup_py']
[0.140s] Level 1:colcon.colcon_core.package_identification:_identify(results/runs/20260910_171004_kiss_icp_pose_graph_tfm-bag-00) by extension 'python_setup_py'
[0.140s] Level 1:colcon.colcon_core.package_identification:_identify(results/runs/20260910_171111_kiss_icp_pose_graph_tfm-bag-01) by extensions ['ignore', 'ignore_ament_install']
[0.140s] Level 1:colcon.colcon_core.package_identification:_identify(results/runs/20260910_171111_kiss_icp_pose_graph_tfm-bag-01) by extension 'ignore'
[0.140s] Level 1:colcon.colcon_core.package_identification:_identify(results/runs/20260910_171111_kiss_icp_pose_graph_tfm-bag-01) by extension 'ignore_ament_install'
[0.140s] Level 1:colcon.colcon_core.package_identification:_identify(results/runs/20260910_171111_kiss_icp_pose_graph_tfm-bag-01) by extensions ['colcon_pkg']
[0.140s] Level 1:colcon.colcon_core.package_identification:_identify(results/runs/20260910_171111_kiss_icp_pose_graph_tfm-bag-01) by extension 'colcon_pkg'
[0.140s] Level 1:colcon.colcon_core.package_identification:_identify(results/runs/20260910_171111_kiss_icp_pose_graph_tfm-bag-01) by extensions ['colcon_meta']
[0.140s] Level 1:colcon.colcon_core.package_identification:_identify(results/runs/20260910_171111_kiss_icp_pose_graph_tfm-bag-01) by extension 'colcon_meta'
[0.140s] Level 1:colcon.colcon_core.package_identification:_identify(results/runs/20260910_171111_kiss_icp_pose_graph_tfm-bag-01) by extensions ['ros']
[0.140s] Level 1:colcon.colcon_core.package_identification:_identify(results/runs/20260910_171111_kiss_icp_pose_graph_tfm-bag-01) by extension 'ros'
[0.140s] Level 1:colcon.colcon_core.package_identification:_identify(results/runs/20260910_171111_kiss_icp_pose_graph_tfm-bag-01) by extensions ['cmake', 'python']
[0.140s] Level 1:colcon.colcon_core.package_identification:_identify(results/runs/20260910_171111_kiss_icp_pose_graph_tfm-bag-01) by extension 'cmake'
[0.140s] Level 1:colcon.colcon_core.package_identification:_identify(results/runs/20260910_171111_kiss_icp_pose_graph_tfm-bag-01) by extension 'python'
[0.140s] Level 1:colcon.colcon_core.package_identification:_identify(results/runs/20260910_171111_kiss_icp_pose_graph_tfm-bag-01) by extensions ['python_setup_py']
[0.140s] Level 1:colcon.colcon_core.package_identification:_identify(results/runs/20260910_171111_kiss_icp_pose_graph_tfm-bag-01) by extension 'python_setup_py'
[0.140s] Level 1:colcon.colcon_core.package_identification:_identify(results/runs/20260910_171257_kiss_icp_pose_graph_tfm-bag-01) by extensions ['ignore', 'ignore_ament_install']
[0.140s] Level 1:colcon.colcon_core.package_identification:_identify(results/runs/20260910_171257_kiss_icp_pose_graph_tfm-bag-01) by extension 'ignore'
[0.140s] Level 1:colcon.colcon_core.package_identification:_identify(results/runs/20260910_171257_kiss_icp_pose_graph_tfm-bag-01) by extension 'ignore_ament_install'
[0.140s] Level 1:colcon.colcon_core.package_identification:_identify(results/runs/20260910_171257_kiss_icp_pose_graph_tfm-bag-01) by extensions ['colcon_pkg']
[0.140s] Level 1:colcon.colcon_core.package_identification:_identify(results/runs/20260910_171257_kiss_icp_pose_graph_tfm-bag-01) by extension 'colcon_pkg'
[0.141s] Level 1:colcon.colcon_core.package_identification:_identify(results/runs/20260910_171257_kiss_icp_pose_graph_tfm-bag-01) by extensions ['colcon_meta']
[0.141s] Level 1:colcon.colcon_core.package_identification:_identify(results/runs/20260910_171257_kiss_icp_pose_graph_tfm-bag-01) by extension 'colcon_meta'
[0.141s] Level 1:colcon.colcon_core.package_identification:_identify(results/runs/20260910_171257_kiss_icp_pose_graph_tfm-bag-01) by extensions ['ros']
[0.141s] Level 1:colcon.colcon_core.package_identification:_identify(results/runs/20260910_171257_kiss_icp_pose_graph_tfm-bag-01) by extension 'ros'
[0.141s] Level 1:colcon.colcon_core.package_identification:_identify(results/runs/20260910_171257_kiss_icp_pose_graph_tfm-bag-01) by extensions ['cmake', 'python']
[0.141s] Level 1:colcon.colcon_core.package_identification:_identify(results/runs/20260910_171257_kiss_icp_pose_graph_tfm-bag-01) by extension 'cmake'
[0.141s] Level 1:colcon.colcon_core.package_identification:_identify(results/runs/20260910_171257_kiss_icp_pose_graph_tfm-bag-01) by extension 'python'
[0.141s] Level 1:colcon.colcon_core.package_identification:_identify(results/runs/20260910_171257_kiss_icp_pose_graph_tfm-bag-01) by extensions ['python_setup_py']
[0.141s] Level 1:colcon.colcon_core.package_identification:_identify(results/runs/20260910_171257_kiss_icp_pose_graph_tfm-bag-01) by extension 'python_setup_py'
[0.141s] Level 1:colcon.colcon_core.package_identification:_identify(results/runs/20260910_171728_kiss_icp_pose_graph_tfm-bag-01) by extensions ['ignore', 'ignore_ament_install']
[0.141s] Level 1:colcon.colcon_core.package_identification:_identify(results/runs/20260910_171728_kiss_icp_pose_graph_tfm-bag-01) by extension 'ignore'
[0.141s] Level 1:colcon.colcon_core.package_identification:_identify(results/runs/20260910_171728_kiss_icp_pose_graph_tfm-bag-01) by extension 'ignore_ament_install'
[0.141s] Level 1:colcon.colcon_core.package_identification:_identify(results/runs/20260910_171728_kiss_icp_pose_graph_tfm-bag-01) by extensions ['colcon_pkg']
[0.141s] Level 1:colcon.colcon_core.package_identification:_identify(results/runs/20260910_171728_kiss_icp_pose_graph_tfm-bag-01) by extension 'colcon_pkg'
[0.141s] Level 1:colcon.colcon_core.package_identification:_identify(results/runs/20260910_171728_kiss_icp_pose_graph_tfm-bag-01) by extensions ['colcon_meta']
[0.141s] Level 1:colcon.colcon_core.package_identification:_identify(results/runs/20260910_171728_kiss_icp_pose_graph_tfm-bag-01) by extension 'colcon_meta'
[0.141s] Level 1:colcon.colcon_core.package_identification:_identify(results/runs/20260910_171728_kiss_icp_pose_graph_tfm-bag-01) by extensions ['ros']
[0.141s] Level 1:colcon.colcon_core.package_identification:_identify(results/runs/20260910_171728_kiss_icp_pose_graph_tfm-bag-01) by extension 'ros'
[0.141s] Level 1:colcon.colcon_core.package_identification:_identify(results/runs/20260910_171728_kiss_icp_pose_graph_tfm-bag-01) by extensions ['cmake', 'python']
[0.141s] Level 1:colcon.colcon_core.package_identification:_identify(results/runs/20260910_171728_kiss_icp_pose_graph_tfm-bag-01) by extension 'cmake'
[0.141s] Level 1:colcon.colcon_core.package_identification:_identify(results/runs/20260910_171728_kiss_icp_pose_graph_tfm-bag-01) by extension 'python'
[0.141s] Level 1:colcon.colcon_core.package_identification:_identify(results/runs/20260910_171728_kiss_icp_pose_graph_tfm-bag-01) by extensions ['python_setup_py']
[0.141s] Level 1:colcon.colcon_core.package_identification:_identify(results/runs/20260910_171728_kiss_icp_pose_graph_tfm-bag-01) by extension 'python_setup_py'
[0.141s] Level 1:colcon.colcon_core.package_identification:_identify(results/runs/20260910_172435_kiss_icp_pose_graph_tfm-bag-01) by extensions ['ignore', 'ignore_ament_install']
[0.141s] Level 1:colcon.colcon_core.package_identification:_identify(results/runs/20260910_172435_kiss_icp_pose_graph_tfm-bag-01) by extension 'ignore'
[0.141s] Level 1:colcon.colcon_core.package_identification:_identify(results/runs/20260910_172435_kiss_icp_pose_graph_tfm-bag-01) by extension 'ignore_ament_install'
[0.141s] Level 1:colcon.colcon_core.package_identification:_identify(results/runs/20260910_172435_kiss_icp_pose_graph_tfm-bag-01) by extensions ['colcon_pkg']
[0.141s] Level 1:colcon.colcon_core.package_identification:_identify(results/runs/20260910_172435_kiss_icp_pose_graph_tfm-bag-01) by extension 'colcon_pkg'
[0.141s] Level 1:colcon.colcon_core.package_identification:_identify(results/runs/20260910_172435_kiss_icp_pose_graph_tfm-bag-01) by extensions ['colcon_meta']
[0.141s] Level 1:colcon.colcon_core.package_identification:_identify(results/runs/20260910_172435_kiss_icp_pose_graph_tfm-bag-01) by extension 'colcon_meta'
[0.141s] Level 1:colcon.colcon_core.package_identification:_identify(results/runs/20260910_172435_kiss_icp_pose_graph_tfm-bag-01) by extensions ['ros']
[0.141s] Level 1:colcon.colcon_core.package_identification:_identify(results/runs/20260910_172435_kiss_icp_pose_graph_tfm-bag-01) by extension 'ros'
[0.141s] Level 1:colcon.colcon_core.package_identification:_identify(results/runs/20260910_172435_kiss_icp_pose_graph_tfm-bag-01) by extensions ['cmake', 'python']
[0.141s] Level 1:colcon.colcon_core.package_identification:_identify(results/runs/20260910_172435_kiss_icp_pose_graph_tfm-bag-01) by extension 'cmake'
[0.141s] Level 1:colcon.colcon_core.package_identification:_identify(results/runs/20260910_172435_kiss_icp_pose_graph_tfm-bag-01) by extension 'python'
[0.141s] Level 1:colcon.colcon_core.package_identification:_identify(results/runs/20260910_172435_kiss_icp_pose_graph_tfm-bag-01) by extensions ['python_setup_py']
[0.141s] Level 1:colcon.colcon_core.package_identification:_identify(results/runs/20260910_172435_kiss_icp_pose_graph_tfm-bag-01) by extension 'python_setup_py'
[0.141s] Level 1:colcon.colcon_core.package_identification:_identify(results/runs/20260910_172618_kiss_icp_pose_graph_tfm-bag-01) by extensions ['ignore', 'ignore_ament_install']
[0.141s] Level 1:colcon.colcon_core.package_identification:_identify(results/runs/20260910_172618_kiss_icp_pose_graph_tfm-bag-01) by extension 'ignore'
[0.141s] Level 1:colcon.colcon_core.package_identification:_identify(results/runs/20260910_172618_kiss_icp_pose_graph_tfm-bag-01) by extension 'ignore_ament_install'
[0.141s] Level 1:colcon.colcon_core.package_identification:_identify(results/runs/20260910_172618_kiss_icp_pose_graph_tfm-bag-01) by extensions ['colcon_pkg']
[0.141s] Level 1:colcon.colcon_core.package_identification:_identify(results/runs/20260910_172618_kiss_icp_pose_graph_tfm-bag-01) by extension 'colcon_pkg'
[0.141s] Level 1:colcon.colcon_core.package_identification:_identify(results/runs/20260910_172618_kiss_icp_pose_graph_tfm-bag-01) by extensions ['colcon_meta']
[0.141s] Level 1:colcon.colcon_core.package_identification:_identify(results/runs/20260910_172618_kiss_icp_pose_graph_tfm-bag-01) by extension 'colcon_meta'
[0.141s] Level 1:colcon.colcon_core.package_identification:_identify(results/runs/20260910_172618_kiss_icp_pose_graph_tfm-bag-01) by extensions ['ros']
[0.141s] Level 1:colcon.colcon_core.package_identification:_identify(results/runs/20260910_172618_kiss_icp_pose_graph_tfm-bag-01) by extension 'ros'
[0.142s] Level 1:colcon.colcon_core.package_identification:_identify(results/runs/20260910_172618_kiss_icp_pose_graph_tfm-bag-01) by extensions ['cmake', 'python']
[0.142s] Level 1:colcon.colcon_core.package_identification:_identify(results/runs/20260910_172618_kiss_icp_pose_graph_tfm-bag-01) by extension 'cmake'
[0.142s] Level 1:colcon.colcon_core.package_identification:_identify(results/runs/20260910_172618_kiss_icp_pose_graph_tfm-bag-01) by extension 'python'
[0.142s] Level 1:colcon.colcon_core.package_identification:_identify(results/runs/20260910_172618_kiss_icp_pose_graph_tfm-bag-01) by extensions ['python_setup_py']
[0.142s] Level 1:colcon.colcon_core.package_identification:_identify(results/runs/20260910_172618_kiss_icp_pose_graph_tfm-bag-01) by extension 'python_setup_py'
[0.142s] Level 1:colcon.colcon_core.package_identification:_identify(results/runs/20260910_172700_kiss_icp_pose_graph_tfm-bag-00) by extensions ['ignore', 'ignore_ament_install']
[0.142s] Level 1:colcon.colcon_core.package_identification:_identify(results/runs/20260910_172700_kiss_icp_pose_graph_tfm-bag-00) by extension 'ignore'
[0.142s] Level 1:colcon.colcon_core.package_identification:_identify(results/runs/20260910_172700_kiss_icp_pose_graph_tfm-bag-00) by extension 'ignore_ament_install'
[0.142s] Level 1:colcon.colcon_core.package_identification:_identify(results/runs/20260910_172700_kiss_icp_pose_graph_tfm-bag-00) by extensions ['colcon_pkg']
[0.142s] Level 1:colcon.colcon_core.package_identification:_identify(results/runs/20260910_172700_kiss_icp_pose_graph_tfm-bag-00) by extension 'colcon_pkg'
[0.142s] Level 1:colcon.colcon_core.package_identification:_identify(results/runs/20260910_172700_kiss_icp_pose_graph_tfm-bag-00) by extensions ['colcon_meta']
[0.142s] Level 1:colcon.colcon_core.package_identification:_identify(results/runs/20260910_172700_kiss_icp_pose_graph_tfm-bag-00) by extension 'colcon_meta'
[0.142s] Level 1:colcon.colcon_core.package_identification:_identify(results/runs/20260910_172700_kiss_icp_pose_graph_tfm-bag-00) by extensions ['ros']
[0.142s] Level 1:colcon.colcon_core.package_identification:_identify(results/runs/20260910_172700_kiss_icp_pose_graph_tfm-bag-00) by extension 'ros'
[0.142s] Level 1:colcon.colcon_core.package_identification:_identify(results/runs/20260910_172700_kiss_icp_pose_graph_tfm-bag-00) by extensions ['cmake', 'python']
[0.142s] Level 1:colcon.colcon_core.package_identification:_identify(results/runs/20260910_172700_kiss_icp_pose_graph_tfm-bag-00) by extension 'cmake'
[0.142s] Level 1:colcon.colcon_core.package_identification:_identify(results/runs/20260910_172700_kiss_icp_pose_graph_tfm-bag-00) by extension 'python'
[0.142s] Level 1:colcon.colcon_core.package_identification:_identify(results/runs/20260910_172700_kiss_icp_pose_graph_tfm-bag-00) by extensions ['python_setup_py']
[0.142s] Level 1:colcon.colcon_core.package_identification:_identify(results/runs/20260910_172700_kiss_icp_pose_graph_tfm-bag-00) by extension 'python_setup_py'
[0.142s] Level 1:colcon.colcon_core.package_identification:_identify(results/runs/20260910_173444_kiss_icp_pose_graph_tfm-bag-00) by extensions ['ignore', 'ignore_ament_install']
[0.142s] Level 1:colcon.colcon_core.package_identification:_identify(results/runs/20260910_173444_kiss_icp_pose_graph_tfm-bag-00) by extension 'ignore'
[0.142s] Level 1:colcon.colcon_core.package_identification:_identify(results/runs/20260910_173444_kiss_icp_pose_graph_tfm-bag-00) by extension 'ignore_ament_install'
[0.142s] Level 1:colcon.colcon_core.package_identification:_identify(results/runs/20260910_173444_kiss_icp_pose_graph_tfm-bag-00) by extensions ['colcon_pkg']
[0.142s] Level 1:colcon.colcon_core.package_identification:_identify(results/runs/20260910_173444_kiss_icp_pose_graph_tfm-bag-00) by extension 'colcon_pkg'
[0.142s] Level 1:colcon.colcon_core.package_identification:_identify(results/runs/20260910_173444_kiss_icp_pose_graph_tfm-bag-00) by extensions ['colcon_meta']
[0.142s] Level 1:colcon.colcon_core.package_identification:_identify(results/runs/20260910_173444_kiss_icp_pose_graph_tfm-bag-00) by extension 'colcon_meta'
[0.142s] Level 1:colcon.colcon_core.package_identification:_identify(results/runs/20260910_173444_kiss_icp_pose_graph_tfm-bag-00) by extensions ['ros']
[0.142s] Level 1:colcon.colcon_core.package_identification:_identify(results/runs/20260910_173444_kiss_icp_pose_graph_tfm-bag-00) by extension 'ros'
[0.142s] Level 1:colcon.colcon_core.package_identification:_identify(results/runs/20260910_173444_kiss_icp_pose_graph_tfm-bag-00) by extensions ['cmake', 'python']
[0.142s] Level 1:colcon.colcon_core.package_identification:_identify(results/runs/20260910_173444_kiss_icp_pose_graph_tfm-bag-00) by extension 'cmake'
[0.142s] Level 1:colcon.colcon_core.package_identification:_identify(results/runs/20260910_173444_kiss_icp_pose_graph_tfm-bag-00) by extension 'python'
[0.142s] Level 1:colcon.colcon_core.package_identification:_identify(results/runs/20260910_173444_kiss_icp_pose_graph_tfm-bag-00) by extensions ['python_setup_py']
[0.142s] Level 1:colcon.colcon_core.package_identification:_identify(results/runs/20260910_173444_kiss_icp_pose_graph_tfm-bag-00) by extension 'python_setup_py'
[0.142s] Level 1:colcon.colcon_core.package_identification:_identify(results/runs/20260910_174413_icp_pose_graph_tfm-bag-00) by extensions ['ignore', 'ignore_ament_install']
[0.142s] Level 1:colcon.colcon_core.package_identification:_identify(results/runs/20260910_174413_icp_pose_graph_tfm-bag-00) by extension 'ignore'
[0.142s] Level 1:colcon.colcon_core.package_identification:_identify(results/runs/20260910_174413_icp_pose_graph_tfm-bag-00) by extension 'ignore_ament_install'
[0.142s] Level 1:colcon.colcon_core.package_identification:_identify(results/runs/20260910_174413_icp_pose_graph_tfm-bag-00) by extensions ['colcon_pkg']
[0.142s] Level 1:colcon.colcon_core.package_identification:_identify(results/runs/20260910_174413_icp_pose_graph_tfm-bag-00) by extension 'colcon_pkg'
[0.142s] Level 1:colcon.colcon_core.package_identification:_identify(results/runs/20260910_174413_icp_pose_graph_tfm-bag-00) by extensions ['colcon_meta']
[0.142s] Level 1:colcon.colcon_core.package_identification:_identify(results/runs/20260910_174413_icp_pose_graph_tfm-bag-00) by extension 'colcon_meta'
[0.142s] Level 1:colcon.colcon_core.package_identification:_identify(results/runs/20260910_174413_icp_pose_graph_tfm-bag-00) by extensions ['ros']
[0.142s] Level 1:colcon.colcon_core.package_identification:_identify(results/runs/20260910_174413_icp_pose_graph_tfm-bag-00) by extension 'ros'
[0.142s] Level 1:colcon.colcon_core.package_identification:_identify(results/runs/20260910_174413_icp_pose_graph_tfm-bag-00) by extensions ['cmake', 'python']
[0.142s] Level 1:colcon.colcon_core.package_identification:_identify(results/runs/20260910_174413_icp_pose_graph_tfm-bag-00) by extension 'cmake'
[0.143s] Level 1:colcon.colcon_core.package_identification:_identify(results/runs/20260910_174413_icp_pose_graph_tfm-bag-00) by extension 'python'
[0.143s] Level 1:colcon.colcon_core.package_identification:_identify(results/runs/20260910_174413_icp_pose_graph_tfm-bag-00) by extensions ['python_setup_py']
[0.143s] Level 1:colcon.colcon_core.package_identification:_identify(results/runs/20260910_174413_icp_pose_graph_tfm-bag-00) by extension 'python_setup_py'
[0.143s] Level 1:colcon.colcon_core.package_identification:_identify(results/runs/20260910_175039_fast_lio2_pose_graph_tfm-bag-00) by extensions ['ignore', 'ignore_ament_install']
[0.143s] Level 1:colcon.colcon_core.package_identification:_identify(results/runs/20260910_175039_fast_lio2_pose_graph_tfm-bag-00) by extension 'ignore'
[0.143s] Level 1:colcon.colcon_core.package_identification:_identify(results/runs/20260910_175039_fast_lio2_pose_graph_tfm-bag-00) by extension 'ignore_ament_install'
[0.143s] Level 1:colcon.colcon_core.package_identification:_identify(results/runs/20260910_175039_fast_lio2_pose_graph_tfm-bag-00) by extensions ['colcon_pkg']
[0.143s] Level 1:colcon.colcon_core.package_identification:_identify(results/runs/20260910_175039_fast_lio2_pose_graph_tfm-bag-00) by extension 'colcon_pkg'
[0.143s] Level 1:colcon.colcon_core.package_identification:_identify(results/runs/20260910_175039_fast_lio2_pose_graph_tfm-bag-00) by extensions ['colcon_meta']
[0.143s] Level 1:colcon.colcon_core.package_identification:_identify(results/runs/20260910_175039_fast_lio2_pose_graph_tfm-bag-00) by extension 'colcon_meta'
[0.143s] Level 1:colcon.colcon_core.package_identification:_identify(results/runs/20260910_175039_fast_lio2_pose_graph_tfm-bag-00) by extensions ['ros']
[0.143s] Level 1:colcon.colcon_core.package_identification:_identify(results/runs/20260910_175039_fast_lio2_pose_graph_tfm-bag-00) by extension 'ros'
[0.143s] Level 1:colcon.colcon_core.package_identification:_identify(results/runs/20260910_175039_fast_lio2_pose_graph_tfm-bag-00) by extensions ['cmake', 'python']
[0.143s] Level 1:colcon.colcon_core.package_identification:_identify(results/runs/20260910_175039_fast_lio2_pose_graph_tfm-bag-00) by extension 'cmake'
[0.143s] Level 1:colcon.colcon_core.package_identification:_identify(results/runs/20260910_175039_fast_lio2_pose_graph_tfm-bag-00) by extension 'python'
[0.143s] Level 1:colcon.colcon_core.package_identification:_identify(results/runs/20260910_175039_fast_lio2_pose_graph_tfm-bag-00) by extensions ['python_setup_py']
[0.143s] Level 1:colcon.colcon_core.package_identification:_identify(results/runs/20260910_175039_fast_lio2_pose_graph_tfm-bag-00) by extension 'python_setup_py'
[0.143s] Level 1:colcon.colcon_core.package_identification:_identify(scripts) by extensions ['ignore', 'ignore_ament_install']
[0.143s] Level 1:colcon.colcon_core.package_identification:_identify(scripts) by extension 'ignore'
[0.143s] Level 1:colcon.colcon_core.package_identification:_identify(scripts) by extension 'ignore_ament_install'
[0.143s] Level 1:colcon.colcon_core.package_identification:_identify(scripts) by extensions ['colcon_pkg']
[0.143s] Level 1:colcon.colcon_core.package_identification:_identify(scripts) by extension 'colcon_pkg'
[0.143s] Level 1:colcon.colcon_core.package_identification:_identify(scripts) by extensions ['colcon_meta']
[0.143s] Level 1:colcon.colcon_core.package_identification:_identify(scripts) by extension 'colcon_meta'
[0.143s] Level 1:colcon.colcon_core.package_identification:_identify(scripts) by extensions ['ros']
[0.143s] Level 1:colcon.colcon_core.package_identification:_identify(scripts) by extension 'ros'
[0.143s] Level 1:colcon.colcon_core.package_identification:_identify(scripts) by extensions ['cmake', 'python']
[0.143s] Level 1:colcon.colcon_core.package_identification:_identify(scripts) by extension 'cmake'
[0.143s] Level 1:colcon.colcon_core.package_identification:_identify(scripts) by extension 'python'
[0.143s] Level 1:colcon.colcon_core.package_identification:_identify(scripts) by extensions ['python_setup_py']
[0.143s] Level 1:colcon.colcon_core.package_identification:_identify(scripts) by extension 'python_setup_py'
[0.143s] Level 1:colcon.colcon_core.package_identification:_identify(src) by extensions ['ignore', 'ignore_ament_install']
[0.143s] Level 1:colcon.colcon_core.package_identification:_identify(src) by extension 'ignore'
[0.143s] Level 1:colcon.colcon_core.package_identification:_identify(src) by extension 'ignore_ament_install'
[0.143s] Level 1:colcon.colcon_core.package_identification:_identify(src) by extensions ['colcon_pkg']
[0.143s] Level 1:colcon.colcon_core.package_identification:_identify(src) by extension 'colcon_pkg'
[0.143s] Level 1:colcon.colcon_core.package_identification:_identify(src) by extensions ['colcon_meta']
[0.143s] Level 1:colcon.colcon_core.package_identification:_identify(src) by extension 'colcon_meta'
[0.143s] Level 1:colcon.colcon_core.package_identification:_identify(src) by extensions ['ros']
[0.143s] Level 1:colcon.colcon_core.package_identification:_identify(src) by extension 'ros'
[0.143s] Level 1:colcon.colcon_core.package_identification:_identify(src) by extensions ['cmake', 'python']
[0.143s] Level 1:colcon.colcon_core.package_identification:_identify(src) by extension 'cmake'
[0.143s] Level 1:colcon.colcon_core.package_identification:_identify(src) by extension 'python'
[0.143s] Level 1:colcon.colcon_core.package_identification:_identify(src) by extensions ['python_setup_py']
[0.143s] Level 1:colcon.colcon_core.package_identification:_identify(src) by extension 'python_setup_py'
[0.143s] Level 1:colcon.colcon_core.package_identification:_identify(src/FAST_LIO) by extensions ['ignore', 'ignore_ament_install']
[0.144s] Level 1:colcon.colcon_core.package_identification:_identify(src/FAST_LIO) by extension 'ignore'
[0.144s] Level 1:colcon.colcon_core.package_identification:_identify(src/FAST_LIO) by extension 'ignore_ament_install'
[0.144s] Level 1:colcon.colcon_core.package_identification:_identify(src/FAST_LIO) by extensions ['colcon_pkg']
[0.144s] Level 1:colcon.colcon_core.package_identification:_identify(src/FAST_LIO) by extension 'colcon_pkg'
[0.144s] Level 1:colcon.colcon_core.package_identification:_identify(src/FAST_LIO) by extensions ['colcon_meta']
[0.144s] Level 1:colcon.colcon_core.package_identification:_identify(src/FAST_LIO) by extension 'colcon_meta'
[0.144s] Level 1:colcon.colcon_core.package_identification:_identify(src/FAST_LIO) by extensions ['ros']
[0.144s] Level 1:colcon.colcon_core.package_identification:_identify(src/FAST_LIO) by extension 'ros'
[0.145s] DEBUG:colcon.colcon_core.package_identification:Package 'src/FAST_LIO' with type 'ros.ament_cmake' and name 'fast_lio'
[0.145s] Level 1:colcon.colcon_core.package_identification:_identify(src/g1_lidar_odometry) by extensions ['ignore', 'ignore_ament_install']
[0.145s] Level 1:colcon.colcon_core.package_identification:_identify(src/g1_lidar_odometry) by extension 'ignore'
[0.145s] Level 1:colcon.colcon_core.package_identification:_identify(src/g1_lidar_odometry) by extension 'ignore_ament_install'
[0.145s] Level 1:colcon.colcon_core.package_identification:_identify(src/g1_lidar_odometry) by extensions ['colcon_pkg']
[0.145s] Level 1:colcon.colcon_core.package_identification:_identify(src/g1_lidar_odometry) by extension 'colcon_pkg'
[0.145s] Level 1:colcon.colcon_core.package_identification:_identify(src/g1_lidar_odometry) by extensions ['colcon_meta']
[0.145s] Level 1:colcon.colcon_core.package_identification:_identify(src/g1_lidar_odometry) by extension 'colcon_meta'
[0.145s] Level 1:colcon.colcon_core.package_identification:_identify(src/g1_lidar_odometry) by extensions ['ros']
[0.145s] Level 1:colcon.colcon_core.package_identification:_identify(src/g1_lidar_odometry) by extension 'ros'
[0.146s] DEBUG:colcon.colcon_core.package_identification:Package 'src/g1_lidar_odometry' with type 'ros.ament_python' and name 'g1_lidar_odometry'
[0.146s] Level 1:colcon.colcon_core.package_identification:_identify(src/kiss-icp) by extensions ['ignore', 'ignore_ament_install']
[0.146s] Level 1:colcon.colcon_core.package_identification:_identify(src/kiss-icp) by extension 'ignore'
[0.146s] Level 1:colcon.colcon_core.package_identification:_identify(src/kiss-icp) by extension 'ignore_ament_install'
[0.146s] Level 1:colcon.colcon_core.package_identification:_identify(src/kiss-icp) by extensions ['colcon_pkg']
[0.146s] Level 1:colcon.colcon_core.package_identification:_identify(src/kiss-icp) by extension 'colcon_pkg'
[0.146s] Level 1:colcon.colcon_core.package_identification:_identify(src/kiss-icp) by extensions ['colcon_meta']
[0.146s] Level 1:colcon.colcon_core.package_identification:_identify(src/kiss-icp) by extension 'colcon_meta'
[0.146s] Level 1:colcon.colcon_core.package_identification:_identify(src/kiss-icp) by extensions ['ros']
[0.146s] Level 1:colcon.colcon_core.package_identification:_identify(src/kiss-icp) by extension 'ros'
[0.146s] Level 1:colcon.colcon_core.package_identification:_identify(src/kiss-icp) by extensions ['cmake', 'python']
[0.146s] Level 1:colcon.colcon_core.package_identification:_identify(src/kiss-icp) by extension 'cmake'
[0.146s] Level 1:colcon.colcon_core.package_identification:_identify(src/kiss-icp) by extension 'python'
[0.146s] Level 1:colcon.colcon_core.package_identification:_identify(src/kiss-icp) by extensions ['python_setup_py']
[0.146s] Level 1:colcon.colcon_core.package_identification:_identify(src/kiss-icp) by extension 'python_setup_py'
[0.146s] Level 1:colcon.colcon_core.package_identification:_identify(src/kiss-icp/cpp) by extensions ['ignore', 'ignore_ament_install']
[0.146s] Level 1:colcon.colcon_core.package_identification:_identify(src/kiss-icp/cpp) by extension 'ignore'
[0.146s] Level 1:colcon.colcon_core.package_identification:_identify(src/kiss-icp/cpp) ignored
[0.146s] Level 1:colcon.colcon_core.package_identification:_identify(src/kiss-icp/ros) by extensions ['ignore', 'ignore_ament_install']
[0.146s] Level 1:colcon.colcon_core.package_identification:_identify(src/kiss-icp/ros) by extension 'ignore'
[0.146s] Level 1:colcon.colcon_core.package_identification:_identify(src/kiss-icp/ros) by extension 'ignore_ament_install'
[0.146s] Level 1:colcon.colcon_core.package_identification:_identify(src/kiss-icp/ros) by extensions ['colcon_pkg']
[0.146s] Level 1:colcon.colcon_core.package_identification:_identify(src/kiss-icp/ros) by extension 'colcon_pkg'
[0.146s] Level 1:colcon.colcon_core.package_identification:_identify(src/kiss-icp/ros) by extensions ['colcon_meta']
[0.146s] Level 1:colcon.colcon_core.package_identification:_identify(src/kiss-icp/ros) by extension 'colcon_meta'
[0.146s] Level 1:colcon.colcon_core.package_identification:_identify(src/kiss-icp/ros) by extensions ['ros']
[0.146s] Level 1:colcon.colcon_core.package_identification:_identify(src/kiss-icp/ros) by extension 'ros'
[0.147s] DEBUG:colcon.colcon_core.package_identification:Package 'src/kiss-icp/ros' with type 'ros.ament_cmake' and name 'kiss_icp'
[0.147s] Level 1:colcon.colcon_core.package_identification:_identify(src/livox_ros_driver2_interfaces_shim) by extensions ['ignore', 'ignore_ament_install']
[0.147s] Level 1:colcon.colcon_core.package_identification:_identify(src/livox_ros_driver2_interfaces_shim) by extension 'ignore'
[0.147s] Level 1:colcon.colcon_core.package_identification:_identify(src/livox_ros_driver2_interfaces_shim) by extension 'ignore_ament_install'
[0.147s] Level 1:colcon.colcon_core.package_identification:_identify(src/livox_ros_driver2_interfaces_shim) by extensions ['colcon_pkg']
[0.147s] Level 1:colcon.colcon_core.package_identification:_identify(src/livox_ros_driver2_interfaces_shim) by extension 'colcon_pkg'
[0.147s] Level 1:colcon.colcon_core.package_identification:_identify(src/livox_ros_driver2_interfaces_shim) by extensions ['colcon_meta']
[0.147s] Level 1:colcon.colcon_core.package_identification:_identify(src/livox_ros_driver2_interfaces_shim) by extension 'colcon_meta'
[0.147s] Level 1:colcon.colcon_core.package_identification:_identify(src/livox_ros_driver2_interfaces_shim) by extensions ['ros']
[0.147s] Level 1:colcon.colcon_core.package_identification:_identify(src/livox_ros_driver2_interfaces_shim) by extension 'ros'
[0.147s] DEBUG:colcon.colcon_core.package_identification:Package 'src/livox_ros_driver2_interfaces_shim' with type 'ros.ament_cmake' and name 'livox_ros_driver2'
[0.147s] Level 1:colcon.colcon_core.package_discovery:discover_packages(recursive) using defaults
[0.148s] Level 1:colcon.colcon_core.package_discovery:discover_packages(ignore) discover
[0.148s] Level 1:colcon.colcon_core.package_discovery:discover_packages(ignore) using defaults
[0.148s] Level 1:colcon.colcon_core.package_discovery:discover_packages(path) discover
[0.148s] Level 1:colcon.colcon_core.package_discovery:discover_packages(path) using defaults
