status_source,stamp_s,accepted,reason,points,fitness,rmse,processing_ms,preprocess_ms,icp_ms,primary_icp_ms,prediction_icp_ms,recovery_icp_ms,recovery_prepare_ms,mapping_ms,publish_ms,other_ms,icp_calls,scan_dt_sec,dropped_scans_estimated_last,dropped_scans_estimated_total,icp_target,keyframe_added,local_map_frames,local_map_points,consecutive_rejections,recovery_active,recovery_attempted,recovery_success,recovery_provisional,recovery_confirmed,recovery_confirmations,recovery_reason,recovery_seed_yaw_offset_deg,recovery_imu_error_deg,pose_graph_nodes,pose_graph_edges,loop_closures,loop_detection_ms,optimization_ms,map_publish_ms,backend,optimized
front_end,,True,kiss_icp_odometry,,,,,,,,,,,,,,,,,,,,,0,,,,,,,,,,,,,,,,,,
front_end,,True,kiss_icp_odometry,,,,,,,,,,,,,,,,,,,,,3746,,,,,,,,,,,,,,,,,,
front_end,,True,kiss_icp_odometry,,,,,,,,,,,,,,,,,,,,,5915,,,,,,,,,,,,,,,,,,
front_end,,True,kiss_icp_odometry,,,,,,,,,,,,,,,,,,,,,7516,,,,,,,,,,,,,,,,,,
front_end,,True,kiss_icp_odometry,,,,,,,,,,,,,,,,,,,,,8607,,,,,,,,,,,,,,,,,,
front_end,,True,kiss_icp_odometry,,,,,,,,,,,,,,,,,,,,,9634,,,,,,,,,,,,,,,,,,
front_end,,True,kiss_icp_odometry,,,,,,,,,,,,,,,,,,,,,10461,,,,,,,,,,,,,,,,,,
front_end,,True,kiss_icp_odometry,,,,,,,,,,,,,,,,,,,,,11142,,,,,,,,,,,,,,,,,,
front_end,,True,kiss_icp_odometry,,,,,,,,,,,,,,,,,,,,,11658,,,,,,,,,,,,,,,,,,
front_end,,True,kiss_icp_odometry,,,,,,,,,,,,,,,,,,,,,12010,,,,,,,,,,,,,,,,,,
front_end,,True,kiss_icp_odometry,,,,,,,,,,,,,,,,,,,,,12436,,,,,,,,,,,,,,,,,,
front_end,,True,kiss_icp_odometry,,,,,,,,,,,,,,,,,,,,,12875,,,,,,,,,,,,,,,,,,
front_end,,True,kiss_icp_odometry,,,,,,,,,,,,,,,,,,,,,13303,,,,,,,,,,,,,,,,,,
front_end,,True,kiss_icp_odometry,,,,,,,,,,,,,,,,,,,,,13749,,,,,,,,,,,,,,,,,,
front_end,,True,kiss_icp_odometry,,,,,,,,,,,,,,,,,,,,,14123,,,,,,,,,,,,,,,,,,
front_end,,True,kiss_icp_odometry,,,,,,,,,,,,,,,,,,,,,14457,,,,,,,,,,,,,,,,,,
front_end,,True,kiss_icp_odometry,,,,,,,,,,,,,,,,,,,,,14763,,,,,,,,,,,,,,,,,,
front_end,,True,kiss_icp_odometry,,,,,,,,,,,,,,,,,,,,,15039,,,,,,,,,,,,,,,,,,
front_end,,True,kiss_icp_odometry,,,,,,,,,,,,,,,,,,,,,15258,,,,,,,,,,,,,,,,,,
front_end,,True,kiss_icp_odometry,,,,,,,,,,,,,,,,,,,,,15521,,,,,,,,,,,,,,,,,,
optimized_backend,,,,,,,0.6474380061263219,,,,,,,,,,,,,,,,,,,,,,,,,,,,1,0,0,0.0022940075723454356,0.0,0.26535900542512536,pose_graph,False
front_end,,True,kiss_icp_odometry,,,,,,,,,,,,,,,,,,,,,15743,,,,,,,,,,,,,,,,,,
front_end,,True,kiss_icp_odometry,,,,,,,,,,,,,,,,,,,,,16027,,,,,,,,,,,,,,,,,,
front_end,,True,kiss_icp_odometry,,,,,,,,,,,,,,,,,,,,,16269,,,,,,,,,,,,,,,,,,
front_end,,True,kiss_icp_odometry,,,,,,,,,,,,,,,,,,,,,16503,,,,,,,,,,,,,,,,,,
front_end,,True,kiss_icp_odometry,,,,,,,,,,,,,,,,,,,,,16738,,,,,,,,,,,,,,,,,,
front_end,,True,kiss_icp_odometry,,,,,,,,,,,,,,,,,,,,,16995,,,,,,,,,,,,,,,,,,
front_end,,True,kiss_icp_odometry,,,,,,,,,,,,,,,,,,,,,17223,,,,,,,,,,,,,,,,,,
front_end,,True,kiss_icp_odometry,,,,,,,,,,,,,,,,,,,,,17415,,,,,,,,,,,,,,,,,,
front_end,,True,kiss_icp_odometry,,,,,,,,,,,,,,,,,,,,,17675,,,,,,,,,,,,,,,,,,
front_end,,True,kiss_icp_odometry,,,,,,,,,,,,,,,,,,,,,17876,,,,,,,,,,,,,,,,,,
front_end,,True,kiss_icp_odometry,,,,,,,,,,,,,,,,,,,,,18080,,,,,,,,,,,,,,,,,,
front_end,,True,kiss_icp_odometry,,,,,,,,,,,,,,,,,,,,,18298,,,,,,,,,,,,,,,,,,
front_end,,True,kiss_icp_odometry,,,,,,,,,,,,,,,,,,,,,18470,,,,,,,,,,,,,,,,,,
front_end,,True,kiss_icp_odometry,,,,,,,,,,,,,,,,,,,,,18658,,,,,,,,,,,,,,,,,,
front_end,,True,kiss_icp_odometry,,,,,,,,,,,,,,,,,,,,,18820,,,,,,,,,,,,,,,,,,
front_end,,True,kiss_icp_odometry,,,,,,,,,,,,,,,,,,,,,18923,,,,,,,,,,,,,,,,,,
front_end,,True,kiss_icp_odometry,,,,,,,,,,,,,,,,,,,,,19046,,,,,,,,,,,,,,,,,,
front_end,,True,kiss_icp_odometry,,,,,,,,,,,,,,,,,,,,,19160,,,,,,,,,,,,,,,,,,
front_end,,True,kiss_icp_odometry,,,,,,,,,,,,,,,,,,,,,19269,,,,,,,,,,,,,,,,,,
front_end,,True,kiss_icp_odometry,,,,,,,,,,,,,,,,,,,,,19413,,,,,,,,,,,,,,,,,,
front_end,,True,kiss_icp_odometry,,,,,,,,,,,,,,,,,,,,,19557,,,,,,,,,,,,,,,,,,
front_end,,True,kiss_icp_odometry,,,,,,,,,,,,,,,,,,,,,19668,,,,,,,,,,,,,,,,,,
front_end,,True,kiss_icp_odometry,,,,,,,,,,,,,,,,,,,,,19804,,,,,,,,,,,,,,,,,,
front_end,,True,kiss_icp_odometry,,,,,,,,,,,,,,,,,,,,,19919,,,,,,,,,,,,,,,,,,
front_end,,True,kiss_icp_odometry,,,,,,,,,,,,,,,,,,,,,20011,,,,,,,,,,,,,,,,,,
front_end,,True,kiss_icp_odometry,,,,,,,,,,,,,,,,,,,,,20146,,,,,,,,,,,,,,,,,,
front_end,,True,kiss_icp_odometry,,,,,,,,,,,,,,,,,,,,,20257,,,,,,,,,,,,,,,,,,
front_end,,True,kiss_icp_odometry,,,,,,,,,,,,,,,,,,,,,20382,,,,,,,,,,,,,,,,,,
front_end,,True,kiss_icp_odometry,,,,,,,,,,,,,,,,,,,,,20498,,,,,,,,,,,,,,,,,,
front_end,,True,kiss_icp_odometry,,,,,,,,,,,,,,,,,,,,,20623,,,,,,,,,,,,,,,,,,
front_end,,True,kiss_icp_odometry,,,,,,,,,,,,,,,,,,,,,20749,,,,,,,,,,,,,,,,,,
front_end,,True,kiss_icp_odometry,,,,,,,,,,,,,,,,,,,,,20864,,,,,,,,,,,,,,,,,,
front_end,,True,kiss_icp_odometry,,,,,,,,,,,,,,,,,,,,,20993,,,,,,,,,,,,,,,,,,
front_end,,True,kiss_icp_odometry,,,,,,,,,,,,,,,,,,,,,21116,,,,,,,,,,,,,,,,,,
front_end,,True,kiss_icp_odometry,,,,,,,,,,,,,,,,,,,,,21246,,,,,,,,,,,,,,,,,,
front_end,,True,kiss_icp_odometry,,,,,,,,,,,,,,,,,,,,,21359,,,,,,,,,,,,,,,,,,
front_end,,True,kiss_icp_odometry,,,,,,,,,,,,,,,,,,,,,21487,,,,,,,,,,,,,,,,,,
front_end,,True,kiss_icp_odometry,,,,,,,,,,,,,,,,,,,,,21581,,,,,,,,,,,,,,,,,,
front_end,,True,kiss_icp_odometry,,,,,,,,,,,,,,,,,,,,,21673,,,,,,,,,,,,,,,,,,
front_end,,True,kiss_icp_odometry,,,,,,,,,,,,,,,,,,,,,21770,,,,,,,,,,,,,,,,,,
front_end,,True,kiss_icp_odometry,,,,,,,,,,,,,,,,,,,,,21849,,,,,,,,,,,,,,,,,,
front_end,,True,kiss_icp_odometry,,,,,,,,,,,,,,,,,,,,,21929,,,,,,,,,,,,,,,,,,
front_end,,True,kiss_icp_odometry,,,,,,,,,,,,,,,,,,,,,22004,,,,,,,,,,,,,,,,,,
front_end,,True,kiss_icp_odometry,,,,,,,,,,,,,,,,,,,,,22056,,,,,,,,,,,,,,,,,,
front_end,,True,kiss_icp_odometry,,,,,,,,,,,,,,,,,,,,,22138,,,,,,,,,,,,,,,,,,
front_end,,True,kiss_icp_odometry,,,,,,,,,,,,,,,,,,,,,22210,,,,,,,,,,,,,,,,,,
front_end,,True,kiss_icp_odometry,,,,,,,,,,,,,,,,,,,,,22307,,,,,,,,,,,,,,,,,,
front_end,,True,kiss_icp_odometry,,,,,,,,,,,,,,,,,,,,,22357,,,,,,,,,,,,,,,,,,
front_end,,True,kiss_icp_odometry,,,,,,,,,,,,,,,,,,,,,22418,,,,,,,,,,,,,,,,,,
front_end,,True,kiss_icp_odometry,,,,,,,,,,,,,,,,,,,,,22475,,,,,,,,,,,,,,,,,,
front_end,,True,kiss_icp_odometry,,,,,,,,,,,,,,,,,,,,,22541,,,,,,,,,,,,,,,,,,
front_end,,True,kiss_icp_odometry,,,,,,,,,,,,,,,,,,,,,22620,,,,,,,,,,,,,,,,,,
front_end,,True,kiss_icp_odometry,,,,,,,,,,,,,,,,,,,,,22686,,,,,,,,,,,,,,,,,,
front_end,,True,kiss_icp_odometry,,,,,,,,,,,,,,,,,,,,,22734,,,,,,,,,,,,,,,,,,
front_end,,True,kiss_icp_odometry,,,,,,,,,,,,,,,,,,,,,22912,,,,,,,,,,,,,,,,,,
front_end,,True,kiss_icp_odometry,,,,,,,,,,,,,,,,,,,,,23080,,,,,,,,,,,,,,,,,,
front_end,,True,kiss_icp_odometry,,,,,,,,,,,,,,,,,,,,,23257,,,,,,,,,,,,,,,,,,
front_end,,True,kiss_icp_odometry,,,,,,,,,,,,,,,,,,,,,23529,,,,,,,,,,,,,,,,,,
front_end,,True,kiss_icp_odometry,,,,,,,,,,,,,,,,,,,,,23920,,,,,,,,,,,,,,,,,,
front_end,,True,kiss_icp_odometry,,,,,,,,,,,,,,,,,,,,,24262,,,,,,,,,,,,,,,,,,
front_end,,True,kiss_icp_odometry,,,,,,,,,,,,,,,,,,,,,24666,,,,,,,,,,,,,,,,,,
front_end,,True,kiss_icp_odometry,,,,,,,,,,,,,,,,,,,,,24945,,,,,,,,,,,,,,,,,,
front_end,,True,kiss_icp_odometry,,,,,,,,,,,,,,,,,,,,,25183,,,,,,,,,,,,,,,,,,
front_end,,True,kiss_icp_odometry,,,,,,,,,,,,,,,,,,,,,25486,,,,,,,,,,,,,,,,,,
front_end,,True,kiss_icp_odometry,,,,,,,,,,,,,,,,,,,,,25712,,,,,,,,,,,,,,,,,,
front_end,,True,kiss_icp_odometry,,,,,,,,,,,,,,,,,,,,,26014,,,,,,,,,,,,,,,,,,
front_end,,True,kiss_icp_odometry,,,,,,,,,,,,,,,,,,,,,26289,,,,,,,,,,,,,,,,,,
front_end,,True,kiss_icp_odometry,,,,,,,,,,,,,,,,,,,,,26625,,,,,,,,,,,,,,,,,,
front_end,,True,kiss_icp_odometry,,,,,,,,,,,,,,,,,,,,,26854,,,,,,,,,,,,,,,,,,
front_end,,True,kiss_icp_odometry,,,,,,,,,,,,,,,,,,,,,27161,,,,,,,,,,,,,,,,,,
front_end,,True,kiss_icp_odometry,,,,,,,,,,,,,,,,,,,,,27438,,,,,,,,,,,,,,,,,,
front_end,,True,kiss_icp_odometry,,,,,,,,,,,,,,,,,,,,,27669,,,,,,,,,,,,,,,,,,
front_end,,True,kiss_icp_odometry,,,,,,,,,,,,,,,,,,,,,27894,,,,,,,,,,,,,,,,,,
front_end,,True,kiss_icp_odometry,,,,,,,,,,,,,,,,,,,,,28112,,,,,,,,,,,,,,,,,,
front_end,,True,kiss_icp_odometry,,,,,,,,,,,,,,,,,,,,,28381,,,,,,,,,,,,,,,,,,
front_end,,True,kiss_icp_odometry,,,,,,,,,,,,,,,,,,,,,28639,,,,,,,,,,,,,,,,,,
front_end,,True,kiss_icp_odometry,,,,,,,,,,,,,,,,,,,,,28903,,,,,,,,,,,,,,,,,,
front_end,,True,kiss_icp_odometry,,,,,,,,,,,,,,,,,,,,,29182,,,,,,,,,,,,,,,,,,
front_end,,True,kiss_icp_odometry,,,,,,,,,,,,,,,,,,,,,29437,,,,,,,,,,,,,,,,,,
front_end,,True,kiss_icp_odometry,,,,,,,,,,,,,,,,,,,,,29752,,,,,,,,,,,,,,,,,,
front_end,,True,kiss_icp_odometry,,,,,,,,,,,,,,,,,,,,,30481,,,,,,,,,,,,,,,,,,
front_end,,True,kiss_icp_odometry,,,,,,,,,,,,,,,,,,,,,30828,,,,,,,,,,,,,,,,,,
front_end,,True,kiss_icp_odometry,,,,,,,,,,,,,,,,,,,,,31185,,,,,,,,,,,,,,,,,,
optimized_backend,,,,,,,46.260667993919924,,,,,,,,,,,,,,,,,,,,,,,,,,,,2,1,0,0.001963999238796532,0.0,0.0,pose_graph,False
front_end,,True,kiss_icp_odometry,,,,,,,,,,,,,,,,,,,,,31540,,,,,,,,,,,,,,,,,,
front_end,,True,kiss_icp_odometry,,,,,,,,,,,,,,,,,,,,,31836,,,,,,,,,,,,,,,,,,
front_end,,True,kiss_icp_odometry,,,,,,,,,,,,,,,,,,,,,32103,,,,,,,,,,,,,,,,,,
front_end,,True,kiss_icp_odometry,,,,,,,,,,,,,,,,,,,,,32349,,,,,,,,,,,,,,,,,,
front_end,,True,kiss_icp_odometry,,,,,,,,,,,,,,,,,,,,,32668,,,,,,,,,,,,,,,,,,
front_end,,True,kiss_icp_odometry,,,,,,,,,,,,,,,,,,,,,32998,,,,,,,,,,,,,,,,,,
front_end,,True,kiss_icp_odometry,,,,,,,,,,,,,,,,,,,,,33773,,,,,,,,,,,,,,,,,,
front_end,,True,kiss_icp_odometry,,,,,,,,,,,,,,,,,,,,,34429,,,,,,,,,,,,,,,,,,
front_end,,True,kiss_icp_odometry,,,,,,,,,,,,,,,,,,,,,34680,,,,,,,,,,,,,,,,,,
front_end,,True,kiss_icp_odometry,,,,,,,,,,,,,,,,,,,,,35193,,,,,,,,,,,,,,,,,,
front_end,,True,kiss_icp_odometry,,,,,,,,,,,,,,,,,,,,,35430,,,,,,,,,,,,,,,,,,
front_end,,True,kiss_icp_odometry,,,,,,,,,,,,,,,,,,,,,35784,,,,,,,,,,,,,,,,,,
front_end,,True,kiss_icp_odometry,,,,,,,,,,,,,,,,,,,,,36015,,,,,,,,,,,,,,,,,,
front_end,,True,kiss_icp_odometry,,,,,,,,,,,,,,,,,,,,,36327,,,,,,,,,,,,,,,,,,
front_end,,True,kiss_icp_odometry,,,,,,,,,,,,,,,,,,,,,36595,,,,,,,,,,,,,,,,,,
front_end,,True,kiss_icp_odometry,,,,,,,,,,,,,,,,,,,,,37970,,,,,,,,,,,,,,,,,,
front_end,,True,kiss_icp_odometry,,,,,,,,,,,,,,,,,,,,,38210,,,,,,,,,,,,,,,,,,
front_end,,True,kiss_icp_odometry,,,,,,,,,,,,,,,,,,,,,38635,,,,,,,,,,,,,,,,,,
front_end,,True,kiss_icp_odometry,,,,,,,,,,,,,,,,,,,,,38882,,,,,,,,,,,,,,,,,,
front_end,,True,kiss_icp_odometry,,,,,,,,,,,,,,,,,,,,,39397,,,,,,,,,,,,,,,,,,
front_end,,True,kiss_icp_odometry,,,,,,,,,,,,,,,,,,,,,39580,,,,,,,,,,,,,,,,,,
optimized_backend,,,,,,,24.34005400573369,,,,,,,,,,,,,,,,,,,,,,,,,,,,3,2,0,0.0037669960875064135,0.0,0.0,pose_graph,False
front_end,,True,kiss_icp_odometry,,,,,,,,,,,,,,,,,,,,,39973,,,,,,,,,,,,,,,,,,
front_end,,True,kiss_icp_odometry,,,,,,,,,,,,,,,,,,,,,40270,,,,,,,,,,,,,,,,,,
front_end,,True,kiss_icp_odometry,,,,,,,,,,,,,,,,,,,,,40476,,,,,,,,,,,,,,,,,,
front_end,,True,kiss_icp_odometry,,,,,,,,,,,,,,,,,,,,,40664,,,,,,,,,,,,,,,,,,
front_end,,True,kiss_icp_odometry,,,,,,,,,,,,,,,,,,,,,41143,,,,,,,,,,,,,,,,,,
front_end,,True,kiss_icp_odometry,,,,,,,,,,,,,,,,,,,,,41566,,,,,,,,,,,,,,,,,,
front_end,,True,kiss_icp_odometry,,,,,,,,,,,,,,,,,,,,,41765,,,,,,,,,,,,,,,,,,
front_end,,True,kiss_icp_odometry,,,,,,,,,,,,,,,,,,,,,41973,,,,,,,,,,,,,,,,,,
front_end,,True,kiss_icp_odometry,,,,,,,,,,,,,,,,,,,,,42323,,,,,,,,,,,,,,,,,,
front_end,,True,kiss_icp_odometry,,,,,,,,,,,,,,,,,,,,,42570,,,,,,,,,,,,,,,,,,
front_end,,True,kiss_icp_odometry,,,,,,,,,,,,,,,,,,,,,42855,,,,,,,,,,,,,,,,,,
front_end,,True,kiss_icp_odometry,,,,,,,,,,,,,,,,,,,,,43120,,,,,,,,,,,,,,,,,,
front_end,,True,kiss_icp_odometry,,,,,,,,,,,,,,,,,,,,,43283,,,,,,,,,,,,,,,,,,
front_end,,True,kiss_icp_odometry,,,,,,,,,,,,,,,,,,,,,43501,,,,,,,,,,,,,,,,,,
front_end,,True,kiss_icp_odometry,,,,,,,,,,,,,,,,,,,,,43673,,,,,,,,,,,,,,,,,,
front_end,,True,kiss_icp_odometry,,,,,,,,,,,,,,,,,,,,,43807,,,,,,,,,,,,,,,,,,
front_end,,True,kiss_icp_odometry,,,,,,,,,,,,,,,,,,,,,43937,,,,,,,,,,,,,,,,,,
front_end,,True,kiss_icp_odometry,,,,,,,,,,,,,,,,,,,,,44074,,,,,,,,,,,,,,,,,,
front_end,,True,kiss_icp_odometry,,,,,,,,,,,,,,,,,,,,,44205,,,,,,,,,,,,,,,,,,
front_end,,True,kiss_icp_odometry,,,,,,,,,,,,,,,,,,,,,44352,,,,,,,,,,,,,,,,,,
front_end,,True,kiss_icp_odometry,,,,,,,,,,,,,,,,,,,,,44831,,,,,,,,,,,,,,,,,,
front_end,,True,kiss_icp_odometry,,,,,,,,,,,,,,,,,,,,,44943,,,,,,,,,,,,,,,,,,
front_end,,True,kiss_icp_odometry,,,,,,,,,,,,,,,,,,,,,45328,,,,,,,,,,,,,,,,,,
front_end,,True,kiss_icp_odometry,,,,,,,,,,,,,,,,,,,,,45418,,,,,,,,,,,,,,,,,,
front_end,,True,kiss_icp_odometry,,,,,,,,,,,,,,,,,,,,,45474,,,,,,,,,,,,,,,,,,
front_end,,True,kiss_icp_odometry,,,,,,,,,,,,,,,,,,,,,45585,,,,,,,,,,,,,,,,,,
front_end,,True,kiss_icp_odometry,,,,,,,,,,,,,,,,,,,,,45668,,,,,,,,,,,,,,,,,,
front_end,,True,kiss_icp_odometry,,,,,,,,,,,,,,,,,,,,,45738,,,,,,,,,,,,,,,,,,
front_end,,True,kiss_icp_odometry,,,,,,,,,,,,,,,,,,,,,45798,,,,,,,,,,,,,,,,,,
front_end,,True,kiss_icp_odometry,,,,,,,,,,,,,,,,,,,,,46261,,,,,,,,,,,,,,,,,,
front_end,,True,kiss_icp_odometry,,,,,,,,,,,,,,,,,,,,,46378,,,,,,,,,,,,,,,,,,
front_end,,True,kiss_icp_odometry,,,,,,,,,,,,,,,,,,,,,46440,,,,,,,,,,,,,,,,,,
front_end,,True,kiss_icp_odometry,,,,,,,,,,,,,,,,,,,,,46508,,,,,,,,,,,,,,,,,,
optimized_backend,,,,,,,31.704122986411676,,,,,,,,,,,,,,,,,,,,,,,,,,,,4,3,0,0.0018229911802336574,0.0,0.0,pose_graph,False
front_end,,True,kiss_icp_odometry,,,,,,,,,,,,,,,,,,,,,46583,,,,,,,,,,,,,,,,,,
front_end,,True,kiss_icp_odometry,,,,,,,,,,,,,,,,,,,,,46637,,,,,,,,,,,,,,,,,,
front_end,,True,kiss_icp_odometry,,,,,,,,,,,,,,,,,,,,,46694,,,,,,,,,,,,,,,,,,
front_end,,True,kiss_icp_odometry,,,,,,,,,,,,,,,,,,,,,46762,,,,,,,,,,,,,,,,,,
front_end,,True,kiss_icp_odometry,,,,,,,,,,,,,,,,,,,,,46845,,,,,,,,,,,,,,,,,,
front_end,,True,kiss_icp_odometry,,,,,,,,,,,,,,,,,,,,,46977,,,,,,,,,,,,,,,,,,
front_end,,True,kiss_icp_odometry,,,,,,,,,,,,,,,,,,,,,47116,,,,,,,,,,,,,,,,,,
front_end,,True,kiss_icp_odometry,,,,,,,,,,,,,,,,,,,,,47224,,,,,,,,,,,,,,,,,,
front_end,,True,kiss_icp_odometry,,,,,,,,,,,,,,,,,,,,,47327,,,,,,,,,,,,,,,,,,
optimized_backend,,,,,,,43.826478999108076,,,,,,,,,,,,,,,,,,,,,,,,,,,,5,4,0,0.004479006747715175,0.0,0.0,pose_graph,False
front_end,,True,kiss_icp_odometry,,,,,,,,,,,,,,,,,,,,,47393,,,,,,,,,,,,,,,,,,
front_end,,True,kiss_icp_odometry,,,,,,,,,,,,,,,,,,,,,47472,,,,,,,,,,,,,,,,,,
front_end,,True,kiss_icp_odometry,,,,,,,,,,,,,,,,,,,,,47546,,,,,,,,,,,,,,,,,,
front_end,,True,kiss_icp_odometry,,,,,,,,,,,,,,,,,,,,,47627,,,,,,,,,,,,,,,,,,
front_end,,True,kiss_icp_odometry,,,,,,,,,,,,,,,,,,,,,47768,,,,,,,,,,,,,,,,,,
front_end,,True,kiss_icp_odometry,,,,,,,,,,,,,,,,,,,,,47939,,,,,,,,,,,,,,,,,,
front_end,,True,kiss_icp_odometry,,,,,,,,,,,,,,,,,,,,,48163,,,,,,,,,,,,,,,,,,
front_end,,True,kiss_icp_odometry,,,,,,,,,,,,,,,,,,,,,48402,,,,,,,,,,,,,,,,,,
front_end,,True,kiss_icp_odometry,,,,,,,,,,,,,,,,,,,,,48588,,,,,,,,,,,,,,,,,,
front_end,,True,kiss_icp_odometry,,,,,,,,,,,,,,,,,,,,,48707,,,,,,,,,,,,,,,,,,
front_end,,True,kiss_icp_odometry,,,,,,,,,,,,,,,,,,,,,48800,,,,,,,,,,,,,,,,,,
front_end,,True,kiss_icp_odometry,,,,,,,,,,,,,,,,,,,,,48879,,,,,,,,,,,,,,,,,,
front_end,,True,kiss_icp_odometry,,,,,,,,,,,,,,,,,,,,,48977,,,,,,,,,,,,,,,,,,
front_end,,True,kiss_icp_odometry,,,,,,,,,,,,,,,,,,,,,49053,,,,,,,,,,,,,,,,,,
front_end,,True,kiss_icp_odometry,,,,,,,,,,,,,,,,,,,,,49141,,,,,,,,,,,,,,,,,,
front_end,,True,kiss_icp_odometry,,,,,,,,,,,,,,,,,,,,,49204,,,,,,,,,,,,,,,,,,
front_end,,True,kiss_icp_odometry,,,,,,,,,,,,,,,,,,,,,49271,,,,,,,,,,,,,,,,,,
front_end,,True,kiss_icp_odometry,,,,,,,,,,,,,,,,,,,,,49334,,,,,,,,,,,,,,,,,,
front_end,,True,kiss_icp_odometry,,,,,,,,,,,,,,,,,,,,,49386,,,,,,,,,,,,,,,,,,
front_end,,True,kiss_icp_odometry,,,,,,,,,,,,,,,,,,,,,49447,,,,,,,,,,,,,,,,,,
front_end,,True,kiss_icp_odometry,,,,,,,,,,,,,,,,,,,,,49489,,,,,,,,,,,,,,,,,,
front_end,,True,kiss_icp_odometry,,,,,,,,,,,,,,,,,,,,,49516,,,,,,,,,,,,,,,,,,
front_end,,True,kiss_icp_odometry,,,,,,,,,,,,,,,,,,,,,49554,,,,,,,,,,,,,,,,,,
front_end,,True,kiss_icp_odometry,,,,,,,,,,,,,,,,,,,,,49595,,,,,,,,,,,,,,,,,,
front_end,,True,kiss_icp_odometry,,,,,,,,,,,,,,,,,,,,,49643,,,,,,,,,,,,,,,,,,
front_end,,True,kiss_icp_odometry,,,,,,,,,,,,,,,,,,,,,49760,,,,,,,,,,,,,,,,,,
front_end,,True,kiss_icp_odometry,,,,,,,,,,,,,,,,,,,,,49971,,,,,,,,,,,,,,,,,,
front_end,,True,kiss_icp_odometry,,,,,,,,,,,,,,,,,,,,,50050,,,,,,,,,,,,,,,,,,
front_end,,True,kiss_icp_odometry,,,,,,,,,,,,,,,,,,,,,50189,,,,,,,,,,,,,,,,,,
front_end,,True,kiss_icp_odometry,,,,,,,,,,,,,,,,,,,,,50235,,,,,,,,,,,,,,,,,,
front_end,,True,kiss_icp_odometry,,,,,,,,,,,,,,,,,,,,,50387,,,,,,,,,,,,,,,,,,
front_end,,True,kiss_icp_odometry,,,,,,,,,,,,,,,,,,,,,50766,,,,,,,,,,,,,,,,,,
front_end,,True,kiss_icp_odometry,,,,,,,,,,,,,,,,,,,,,50861,,,,,,,,,,,,,,,,,,
front_end,,True,kiss_icp_odometry,,,,,,,,,,,,,,,,,,,,,51179,,,,,,,,,,,,,,,,,,
front_end,,True,kiss_icp_odometry,,,,,,,,,,,,,,,,,,,,,51292,,,,,,,,,,,,,,,,,,
front_end,,True,kiss_icp_odometry,,,,,,,,,,,,,,,,,,,,,51508,,,,,,,,,,,,,,,,,,
front_end,,True,kiss_icp_odometry,,,,,,,,,,,,,,,,,,,,,51704,,,,,,,,,,,,,,,,,,
front_end,,True,kiss_icp_odometry,,,,,,,,,,,,,,,,,,,,,51943,,,,,,,,,,,,,,,,,,
front_end,,True,kiss_icp_odometry,,,,,,,,,,,,,,,,,,,,,52083,,,,,,,,,,,,,,,,,,
front_end,,True,kiss_icp_odometry,,,,,,,,,,,,,,,,,,,,,52197,,,,,,,,,,,,,,,,,,
front_end,,True,kiss_icp_odometry,,,,,,,,,,,,,,,,,,,,,52316,,,,,,,,,,,,,,,,,,
front_end,,True,kiss_icp_odometry,,,,,,,,,,,,,,,,,,,,,52426,,,,,,,,,,,,,,,,,,
front_end,,True,kiss_icp_odometry,,,,,,,,,,,,,,,,,,,,,52535,,,,,,,,,,,,,,,,,,
front_end,,True,kiss_icp_odometry,,,,,,,,,,,,,,,,,,,,,52695,,,,,,,,,,,,,,,,,,
front_end,,True,kiss_icp_odometry,,,,,,,,,,,,,,,,,,,,,53159,,,,,,,,,,,,,,,,,,
front_end,,True,kiss_icp_odometry,,,,,,,,,,,,,,,,,,,,,53475,,,,,,,,,,,,,,,,,,
front_end,,True,kiss_icp_odometry,,,,,,,,,,,,,,,,,,,,,53710,,,,,,,,,,,,,,,,,,
front_end,,True,kiss_icp_odometry,,,,,,,,,,,,,,,,,,,,,53924,,,,,,,,,,,,,,,,,,
front_end,,True,kiss_icp_odometry,,,,,,,,,,,,,,,,,,,,,54185,,,,,,,,,,,,,,,,,,
front_end,,True,kiss_icp_odometry,,,,,,,,,,,,,,,,,,,,,54393,,,,,,,,,,,,,,,,,,
front_end,,True,kiss_icp_odometry,,,,,,,,,,,,,,,,,,,,,54580,,,,,,,,,,,,,,,,,,
front_end,,True,kiss_icp_odometry,,,,,,,,,,,,,,,,,,,,,54822,,,,,,,,,,,,,,,,,,
front_end,,True,kiss_icp_odometry,,,,,,,,,,,,,,,,,,,,,55083,,,,,,,,,,,,,,,,,,
front_end,,True,kiss_icp_odometry,,,,,,,,,,,,,,,,,,,,,55413,,,,,,,,,,,,,,,,,,
front_end,,True,kiss_icp_odometry,,,,,,,,,,,,,,,,,,,,,55806,,,,,,,,,,,,,,,,,,
front_end,,True,kiss_icp_odometry,,,,,,,,,,,,,,,,,,,,,56200,,,,,,,,,,,,,,,,,,
front_end,,True,kiss_icp_odometry,,,,,,,,,,,,,,,,,,,,,56505,,,,,,,,,,,,,,,,,,
optimized_backend,,,,,,,36.62437399907503,,,,,,,,,,,,,,,,,,,,,,,,,,,,6,5,0,0.0023249885998666286,0.0,0.0,pose_graph,False
front_end,,True,kiss_icp_odometry,,,,,,,,,,,,,,,,,,,,,56747,,,,,,,,,,,,,,,,,,
front_end,,True,kiss_icp_odometry,,,,,,,,,,,,,,,,,,,,,57051,,,,,,,,,,,,,,,,,,
front_end,,True,kiss_icp_odometry,,,,,,,,,,,,,,,,,,,,,57295,,,,,,,,,,,,,,,,,,
front_end,,True,kiss_icp_odometry,,,,,,,,,,,,,,,,,,,,,57596,,,,,,,,,,,,,,,,,,
front_end,,True,kiss_icp_odometry,,,,,,,,,,,,,,,,,,,,,57927,,,,,,,,,,,,,,,,,,
front_end,,True,kiss_icp_odometry,,,,,,,,,,,,,,,,,,,,,58221,,,,,,,,,,,,,,,,,,
front_end,,True,kiss_icp_odometry,,,,,,,,,,,,,,,,,,,,,58518,,,,,,,,,,,,,,,,,,
front_end,,True,kiss_icp_odometry,,,,,,,,,,,,,,,,,,,,,59595,,,,,,,,,,,,,,,,,,
front_end,,True,kiss_icp_odometry,,,,,,,,,,,,,,,,,,,,,59889,,,,,,,,,,,,,,,,,,
front_end,,True,kiss_icp_odometry,,,,,,,,,,,,,,,,,,,,,61461,,,,,,,,,,,,,,,,,,
front_end,,True,kiss_icp_odometry,,,,,,,,,,,,,,,,,,,,,61779,,,,,,,,,,,,,,,,,,
front_end,,True,kiss_icp_odometry,,,,,,,,,,,,,,,,,,,,,62130,,,,,,,,,,,,,,,,,,
front_end,,True,kiss_icp_odometry,,,,,,,,,,,,,,,,,,,,,62472,,,,,,,,,,,,,,,,,,
front_end,,True,kiss_icp_odometry,,,,,,,,,,,,,,,,,,,,,62776,,,,,,,,,,,,,,,,,,
front_end,,True,kiss_icp_odometry,,,,,,,,,,,,,,,,,,,,,63048,,,,,,,,,,,,,,,,,,
front_end,,True,kiss_icp_odometry,,,,,,,,,,,,,,,,,,,,,63439,,,,,,,,,,,,,,,,,,
front_end,,True,kiss_icp_odometry,,,,,,,,,,,,,,,,,,,,,63753,,,,,,,,,,,,,,,,,,
front_end,,True,kiss_icp_odometry,,,,,,,,,,,,,,,,,,,,,64053,,,,,,,,,,,,,,,,,,
front_end,,True,kiss_icp_odometry,,,,,,,,,,,,,,,,,,,,,64419,,,,,,,,,,,,,,,,,,
front_end,,True,kiss_icp_odometry,,,,,,,,,,,,,,,,,,,,,64784,,,,,,,,,,,,,,,,,,
optimized_backend,,,,,,,40.23067600792274,,,,,,,,,,,,,,,,,,,,,,,,,,,,7,6,0,0.00399700365960598,0.0,0.0,pose_graph,False
front_end,,True,kiss_icp_odometry,,,,,,,,,,,,,,,,,,,,,65087,,,,,,,,,,,,,,,,,,
front_end,,True,kiss_icp_odometry,,,,,,,,,,,,,,,,,,,,,65440,,,,,,,,,,,,,,,,,,
front_end,,True,kiss_icp_odometry,,,,,,,,,,,,,,,,,,,,,65795,,,,,,,,,,,,,,,,,,
front_end,,True,kiss_icp_odometry,,,,,,,,,,,,,,,,,,,,,66106,,,,,,,,,,,,,,,,,,
front_end,,True,kiss_icp_odometry,,,,,,,,,,,,,,,,,,,,,66352,,,,,,,,,,,,,,,,,,
front_end,,True,kiss_icp_odometry,,,,,,,,,,,,,,,,,,,,,66750,,,,,,,,,,,,,,,,,,
front_end,,True,kiss_icp_odometry,,,,,,,,,,,,,,,,,,,,,67014,,,,,,,,,,,,,,,,,,
front_end,,True,kiss_icp_odometry,,,,,,,,,,,,,,,,,,,,,67252,,,,,,,,,,,,,,,,,,
front_end,,True,kiss_icp_odometry,,,,,,,,,,,,,,,,,,,,,67582,,,,,,,,,,,,,,,,,,
front_end,,True,kiss_icp_odometry,,,,,,,,,,,,,,,,,,,,,67903,,,,,,,,,,,,,,,,,,
front_end,,True,kiss_icp_odometry,,,,,,,,,,,,,,,,,,,,,68166,,,,,,,,,,,,,,,,,,
front_end,,True,kiss_icp_odometry,,,,,,,,,,,,,,,,,,,,,68463,,,,,,,,,,,,,,,,,,
front_end,,True,kiss_icp_odometry,,,,,,,,,,,,,,,,,,,,,68810,,,,,,,,,,,,,,,,,,
front_end,,True,kiss_icp_odometry,,,,,,,,,,,,,,,,,,,,,69102,,,,,,,,,,,,,,,,,,
front_end,,True,kiss_icp_odometry,,,,,,,,,,,,,,,,,,,,,69340,,,,,,,,,,,,,,,,,,
front_end,,True,kiss_icp_odometry,,,,,,,,,,,,,,,,,,,,,69654,,,,,,,,,,,,,,,,,,
front_end,,True,kiss_icp_odometry,,,,,,,,,,,,,,,,,,,,,69900,,,,,,,,,,,,,,,,,,
front_end,,True,kiss_icp_odometry,,,,,,,,,,,,,,,,,,,,,70155,,,,,,,,,,,,,,,,,,
front_end,,True,kiss_icp_odometry,,,,,,,,,,,,,,,,,,,,,70442,,,,,,,,,,,,,,,,,,
front_end,,True,kiss_icp_odometry,,,,,,,,,,,,,,,,,,,,,70733,,,,,,,,,,,,,,,,,,
front_end,,True,kiss_icp_odometry,,,,,,,,,,,,,,,,,,,,,70972,,,,,,,,,,,,,,,,,,
front_end,,True,kiss_icp_odometry,,,,,,,,,,,,,,,,,,,,,71275,,,,,,,,,,,,,,,,,,
front_end,,True,kiss_icp_odometry,,,,,,,,,,,,,,,,,,,,,71736,,,,,,,,,,,,,,,,,,
front_end,,True,kiss_icp_odometry,,,,,,,,,,,,,,,,,,,,,71949,,,,,,,,,,,,,,,,,,
front_end,,True,kiss_icp_odometry,,,,,,,,,,,,,,,,,,,,,72229,,,,,,,,,,,,,,,,,,
front_end,,True,kiss_icp_odometry,,,,,,,,,,,,,,,,,,,,,72407,,,,,,,,,,,,,,,,,,
front_end,,True,kiss_icp_odometry,,,,,,,,,,,,,,,,,,,,,72585,,,,,,,,,,,,,,,,,,
front_end,,True,kiss_icp_odometry,,,,,,,,,,,,,,,,,,,,,72763,,,,,,,,,,,,,,,,,,
front_end,,True,kiss_icp_odometry,,,,,,,,,,,,,,,,,,,,,72975,,,,,,,,,,,,,,,,,,
front_end,,True,kiss_icp_odometry,,,,,,,,,,,,,,,,,,,,,73116,,,,,,,,,,,,,,,,,,
front_end,,True,kiss_icp_odometry,,,,,,,,,,,,,,,,,,,,,73283,,,,,,,,,,,,,,,,,,
front_end,,True,kiss_icp_odometry,,,,,,,,,,,,,,,,,,,,,73497,,,,,,,,,,,,,,,,,,
front_end,,True,kiss_icp_odometry,,,,,,,,,,,,,,,,,,,,,73666,,,,,,,,,,,,,,,,,,
front_end,,True,kiss_icp_odometry,,,,,,,,,,,,,,,,,,,,,73854,,,,,,,,,,,,,,,,,,
front_end,,True,kiss_icp_odometry,,,,,,,,,,,,,,,,,,,,,74048,,,,,,,,,,,,,,,,,,
front_end,,True,kiss_icp_odometry,,,,,,,,,,,,,,,,,,,,,74396,,,,,,,,,,,,,,,,,,
front_end,,True,kiss_icp_odometry,,,,,,,,,,,,,,,,,,,,,74545,,,,,,,,,,,,,,,,,,
optimized_backend,,,,,,,45.401340001262724,,,,,,,,,,,,,,,,,,,,,,,,,,,,8,7,0,0.001963999238796532,0.0,0.0,pose_graph,False
front_end,,True,kiss_icp_odometry,,,,,,,,,,,,,,,,,,,,,74716,,,,,,,,,,,,,,,,,,
front_end,,True,kiss_icp_odometry,,,,,,,,,,,,,,,,,,,,,74967,,,,,,,,,,,,,,,,,,
front_end,,True,kiss_icp_odometry,,,,,,,,,,,,,,,,,,,,,75101,,,,,,,,,,,,,,,,,,
front_end,,True,kiss_icp_odometry,,,,,,,,,,,,,,,,,,,,,75232,,,,,,,,,,,,,,,,,,
front_end,,True,kiss_icp_odometry,,,,,,,,,,,,,,,,,,,,,75341,,,,,,,,,,,,,,,,,,
front_end,,True,kiss_icp_odometry,,,,,,,,,,,,,,,,,,,,,75421,,,,,,,,,,,,,,,,,,
front_end,,True,kiss_icp_odometry,,,,,,,,,,,,,,,,,,,,,75509,,,,,,,,,,,,,,,,,,
front_end,,True,kiss_icp_odometry,,,,,,,,,,,,,,,,,,,,,75620,,,,,,,,,,,,,,,,,,
front_end,,True,kiss_icp_odometry,,,,,,,,,,,,,,,,,,,,,75718,,,,,,,,,,,,,,,,,,
front_end,,True,kiss_icp_odometry,,,,,,,,,,,,,,,,,,,,,75794,,,,,,,,,,,,,,,,,,
front_end,,True,kiss_icp_odometry,,,,,,,,,,,,,,,,,,,,,76022,,,,,,,,,,,,,,,,,,
front_end,,True,kiss_icp_odometry,,,,,,,,,,,,,,,,,,,,,76146,,,,,,,,,,,,,,,,,,
front_end,,True,kiss_icp_odometry,,,,,,,,,,,,,,,,,,,,,76260,,,,,,,,,,,,,,,,,,
front_end,,True,kiss_icp_odometry,,,,,,,,,,,,,,,,,,,,,76579,,,,,,,,,,,,,,,,,,
front_end,,True,kiss_icp_odometry,,,,,,,,,,,,,,,,,,,,,76784,,,,,,,,,,,,,,,,,,
front_end,,True,kiss_icp_odometry,,,,,,,,,,,,,,,,,,,,,77014,,,,,,,,,,,,,,,,,,
front_end,,True,kiss_icp_odometry,,,,,,,,,,,,,,,,,,,,,77827,,,,,,,,,,,,,,,,,,
front_end,,True,kiss_icp_odometry,,,,,,,,,,,,,,,,,,,,,78137,,,,,,,,,,,,,,,,,,
front_end,,True,kiss_icp_odometry,,,,,,,,,,,,,,,,,,,,,78242,,,,,,,,,,,,,,,,,,
optimized_backend,,,,,,,34.949685010360554,,,,,,,,,,,,,,,,,,,,,,,,,,,,9,8,0,0.004317989805713296,0.0,0.0,pose_graph,False
front_end,,True,kiss_icp_odometry,,,,,,,,,,,,,,,,,,,,,78337,,,,,,,,,,,,,,,,,,
front_end,,True,kiss_icp_odometry,,,,,,,,,,,,,,,,,,,,,78462,,,,,,,,,,,,,,,,,,
front_end,,True,kiss_icp_odometry,,,,,,,,,,,,,,,,,,,,,78638,,,,,,,,,,,,,,,,,,
front_end,,True,kiss_icp_odometry,,,,,,,,,,,,,,,,,,,,,78751,,,,,,,,,,,,,,,,,,
optimized_backend,,,,,,,14.791716006584466,,,,,,,,,,,,,,,,,,,,,,,,,,,,10,9,0,0.0015929981600493193,0.0,0.0,pose_graph,False
front_end,,True,kiss_icp_odometry,,,,,,,,,,,,,,,,,,,,,78858,,,,,,,,,,,,,,,,,,
front_end,,True,kiss_icp_odometry,,,,,,,,,,,,,,,,,,,,,78955,,,,,,,,,,,,,,,,,,
front_end,,True,kiss_icp_odometry,,,,,,,,,,,,,,,,,,,,,79083,,,,,,,,,,,,,,,,,,
front_end,,True,kiss_icp_odometry,,,,,,,,,,,,,,,,,,,,,79161,,,,,,,,,,,,,,,,,,
optimized_backend,,,,,,,20.1996469986625,,,,,,,,,,,,,,,,,,,,,,,,,,,,11,10,0,0.003597000613808632,0.0,2.8923589998157695,pose_graph,False
front_end,,True,kiss_icp_odometry,,,,,,,,,,,,,,,,,,,,,79262,,,,,,,,,,,,,,,,,,
front_end,,True,kiss_icp_odometry,,,,,,,,,,,,,,,,,,,,,79370,,,,,,,,,,,,,,,,,,
front_end,,True,kiss_icp_odometry,,,,,,,,,,,,,,,,,,,,,79428,,,,,,,,,,,,,,,,,,
front_end,,True,kiss_icp_odometry,,,,,,,,,,,,,,,,,,,,,79651,,,,,,,,,,,,,,,,,,
optimized_backend,,,,,,,16.71224799065385,,,,,,,,,,,,,,,,,,,,,,,,,,,,12,11,0,0.0025149929570034146,0.0,0.0,pose_graph,False
front_end,,True,kiss_icp_odometry,,,,,,,,,,,,,,,,,,,,,79731,,,,,,,,,,,,,,,,,,
front_end,,True,kiss_icp_odometry,,,,,,,,,,,,,,,,,,,,,79847,,,,,,,,,,,,,,,,,,
front_end,,True,kiss_icp_odometry,,,,,,,,,,,,,,,,,,,,,79948,,,,,,,,,,,,,,,,,,
front_end,,True,kiss_icp_odometry,,,,,,,,,,,,,,,,,,,,,80037,,,,,,,,,,,,,,,,,,
front_end,,True,kiss_icp_odometry,,,,,,,,,,,,,,,,,,,,,80130,,,,,,,,,,,,,,,,,,
front_end,,True,kiss_icp_odometry,,,,,,,,,,,,,,,,,,,,,80254,,,,,,,,,,,,,,,,,,
front_end,,True,kiss_icp_odometry,,,,,,,,,,,,,,,,,,,,,80391,,,,,,,,,,,,,,,,,,
front_end,,True,kiss_icp_odometry,,,,,,,,,,,,,,,,,,,,,80496,,,,,,,,,,,,,,,,,,
optimized_backend,,,,,,,20.707982999738306,,,,,,,,,,,,,,,,,,,,,,,,,,,,13,12,0,0.003545996150933206,0.0,0.0,pose_graph,False
front_end,,True,kiss_icp_odometry,,,,,,,,,,,,,,,,,,,,,80616,,,,,,,,,,,,,,,,,,
front_end,,True,kiss_icp_odometry,,,,,,,,,,,,,,,,,,,,,80818,,,,,,,,,,,,,,,,,,
front_end,,True,kiss_icp_odometry,,,,,,,,,,,,,,,,,,,,,80953,,,,,,,,,,,,,,,,,,
front_end,,True,kiss_icp_odometry,,,,,,,,,,,,,,,,,,,,,81080,,,,,,,,,,,,,,,,,,
front_end,,True,kiss_icp_odometry,,,,,,,,,,,,,,,,,,,,,81195,,,,,,,,,,,,,,,,,,
front_end,,True,kiss_icp_odometry,,,,,,,,,,,,,,,,,,,,,81298,,,,,,,,,,,,,,,,,,
optimized_backend,,,,,,,31.499346005148254,,,,,,,,,,,,,,,,,,,,,,,,,,,,14,13,0,0.00206301047001034,0.0,0.0,pose_graph,False
front_end,,True,kiss_icp_odometry,,,,,,,,,,,,,,,,,,,,,81417,,,,,,,,,,,,,,,,,,
front_end,,True,kiss_icp_odometry,,,,,,,,,,,,,,,,,,,,,81530,,,,,,,,,,,,,,,,,,
front_end,,True,kiss_icp_odometry,,,,,,,,,,,,,,,,,,,,,81696,,,,,,,,,,,,,,,,,,
front_end,,True,kiss_icp_odometry,,,,,,,,,,,,,,,,,,,,,81797,,,,,,,,,,,,,,,,,,
front_end,,True,kiss_icp_odometry,,,,,,,,,,,,,,,,,,,,,81914,,,,,,,,,,,,,,,,,,
front_end,,True,kiss_icp_odometry,,,,,,,,,,,,,,,,,,,,,82064,,,,,,,,,,,,,,,,,,
front_end,,True,kiss_icp_odometry,,,,,,,,,,,,,,,,,,,,,82161,,,,,,,,,,,,,,,,,,
front_end,,True,kiss_icp_odometry,,,,,,,,,,,,,,,,,,,,,82286,,,,,,,,,,,,,,,,,,
front_end,,True,kiss_icp_odometry,,,,,,,,,,,,,,,,,,,,,82412,,,,,,,,,,,,,,,,,,
front_end,,True,kiss_icp_odometry,,,,,,,,,,,,,,,,,,,,,82517,,,,,,,,,,,,,,,,,,
front_end,,True,kiss_icp_odometry,,,,,,,,,,,,,,,,,,,,,82638,,,,,,,,,,,,,,,,,,
front_end,,True,kiss_icp_odometry,,,,,,,,,,,,,,,,,,,,,82744,,,,,,,,,,,,,,,,,,
front_end,,True,kiss_icp_odometry,,,,,,,,,,,,,,,,,,,,,82857,,,,,,,,,,,,,,,,,,
front_end,,True,kiss_icp_odometry,,,,,,,,,,,,,,,,,,,,,82955,,,,,,,,,,,,,,,,,,
front_end,,True,kiss_icp_odometry,,,,,,,,,,,,,,,,,,,,,83050,,,,,,,,,,,,,,,,,,
front_end,,True,kiss_icp_odometry,,,,,,,,,,,,,,,,,,,,,83160,,,,,,,,,,,,,,,,,,
front_end,,True,kiss_icp_odometry,,,,,,,,,,,,,,,,,,,,,83258,,,,,,,,,,,,,,,,,,
front_end,,True,kiss_icp_odometry,,,,,,,,,,,,,,,,,,,,,83400,,,,,,,,,,,,,,,,,,
front_end,,True,kiss_icp_odometry,,,,,,,,,,,,,,,,,,,,,83531,,,,,,,,,,,,,,,,,,
front_end,,True,kiss_icp_odometry,,,,,,,,,,,,,,,,,,,,,83731,,,,,,,,,,,,,,,,,,
front_end,,True,kiss_icp_odometry,,,,,,,,,,,,,,,,,,,,,83820,,,,,,,,,,,,,,,,,,
front_end,,True,kiss_icp_odometry,,,,,,,,,,,,,,,,,,,,,83935,,,,,,,,,,,,,,,,,,
front_end,,True,kiss_icp_odometry,,,,,,,,,,,,,,,,,,,,,84022,,,,,,,,,,,,,,,,,,
front_end,,True,kiss_icp_odometry,,,,,,,,,,,,,,,,,,,,,84093,,,,,,,,,,,,,,,,,,
front_end,,True,kiss_icp_odometry,,,,,,,,,,,,,,,,,,,,,84285,,,,,,,,,,,,,,,,,,
front_end,,True,kiss_icp_odometry,,,,,,,,,,,,,,,,,,,,,84485,,,,,,,,,,,,,,,,,,
front_end,,True,kiss_icp_odometry,,,,,,,,,,,,,,,,,,,,,84597,,,,,,,,,,,,,,,,,,
front_end,,True,kiss_icp_odometry,,,,,,,,,,,,,,,,,,,,,84637,,,,,,,,,,,,,,,,,,
front_end,,True,kiss_icp_odometry,,,,,,,,,,,,,,,,,,,,,84690,,,,,,,,,,,,,,,,,,
front_end,,True,kiss_icp_odometry,,,,,,,,,,,,,,,,,,,,,84720,,,,,,,,,,,,,,,,,,
front_end,,True,kiss_icp_odometry,,,,,,,,,,,,,,,,,,,,,84779,,,,,,,,,,,,,,,,,,
front_end,,True,kiss_icp_odometry,,,,,,,,,,,,,,,,,,,,,84838,,,,,,,,,,,,,,,,,,
front_end,,True,kiss_icp_odometry,,,,,,,,,,,,,,,,,,,,,84973,,,,,,,,,,,,,,,,,,
front_end,,True,kiss_icp_odometry,,,,,,,,,,,,,,,,,,,,,85034,,,,,,,,,,,,,,,,,,
front_end,,True,kiss_icp_odometry,,,,,,,,,,,,,,,,,,,,,85132,,,,,,,,,,,,,,,,,,
front_end,,True,kiss_icp_odometry,,,,,,,,,,,,,,,,,,,,,85227,,,,,,,,,,,,,,,,,,
front_end,,True,kiss_icp_odometry,,,,,,,,,,,,,,,,,,,,,85316,,,,,,,,,,,,,,,,,,
front_end,,True,kiss_icp_odometry,,,,,,,,,,,,,,,,,,,,,85430,,,,,,,,,,,,,,,,,,
front_end,,True,kiss_icp_odometry,,,,,,,,,,,,,,,,,,,,,85511,,,,,,,,,,,,,,,,,,
front_end,,True,kiss_icp_odometry,,,,,,,,,,,,,,,,,,,,,85676,,,,,,,,,,,,,,,,,,
front_end,,True,kiss_icp_odometry,,,,,,,,,,,,,,,,,,,,,85723,,,,,,,,,,,,,,,,,,
front_end,,True,kiss_icp_odometry,,,,,,,,,,,,,,,,,,,,,85792,,,,,,,,,,,,,,,,,,
front_end,,True,kiss_icp_odometry,,,,,,,,,,,,,,,,,,,,,85846,,,,,,,,,,,,,,,,,,
front_end,,True,kiss_icp_odometry,,,,,,,,,,,,,,,,,,,,,85932,,,,,,,,,,,,,,,,,,
front_end,,True,kiss_icp_odometry,,,,,,,,,,,,,,,,,,,,,85986,,,,,,,,,,,,,,,,,,
front_end,,True,kiss_icp_odometry,,,,,,,,,,,,,,,,,,,,,86056,,,,,,,,,,,,,,,,,,
front_end,,True,kiss_icp_odometry,,,,,,,,,,,,,,,,,,,,,86291,,,,,,,,,,,,,,,,,,
front_end,,True,kiss_icp_odometry,,,,,,,,,,,,,,,,,,,,,86383,,,,,,,,,,,,,,,,,,
front_end,,True,kiss_icp_odometry,,,,,,,,,,,,,,,,,,,,,86951,,,,,,,,,,,,,,,,,,
front_end,,True,kiss_icp_odometry,,,,,,,,,,,,,,,,,,,,,87074,,,,,,,,,,,,,,,,,,
front_end,,True,kiss_icp_odometry,,,,,,,,,,,,,,,,,,,,,87191,,,,,,,,,,,,,,,,,,
front_end,,True,kiss_icp_odometry,,,,,,,,,,,,,,,,,,,,,87317,,,,,,,,,,,,,,,,,,
optimized_backend,,,,,,,16.61853199766483,,,,,,,,,,,,,,,,,,,,,,,,,,,,15,14,0,0.0034070108085870743,0.0,0.0,pose_graph,False
front_end,,True,kiss_icp_odometry,,,,,,,,,,,,,,,,,,,,,87459,,,,,,,,,,,,,,,,,,
front_end,,True,kiss_icp_odometry,,,,,,,,,,,,,,,,,,,,,87635,,,,,,,,,,,,,,,,,,
front_end,,True,kiss_icp_odometry,,,,,,,,,,,,,,,,,,,,,87931,,,,,,,,,,,,,,,,,,
front_end,,True,kiss_icp_odometry,,,,,,,,,,,,,,,,,,,,,88120,,,,,,,,,,,,,,,,,,
front_end,,True,kiss_icp_odometry,,,,,,,,,,,,,,,,,,,,,88275,,,,,,,,,,,,,,,,,,
front_end,,True,kiss_icp_odometry,,,,,,,,,,,,,,,,,,,,,88531,,,,,,,,,,,,,,,,,,
front_end,,True,kiss_icp_odometry,,,,,,,,,,,,,,,,,,,,,88727,,,,,,,,,,,,,,,,,,
front_end,,True,kiss_icp_odometry,,,,,,,,,,,,,,,,,,,,,88902,,,,,,,,,,,,,,,,,,
front_end,,True,kiss_icp_odometry,,,,,,,,,,,,,,,,,,,,,89070,,,,,,,,,,,,,,,,,,
front_end,,True,kiss_icp_odometry,,,,,,,,,,,,,,,,,,,,,89224,,,,,,,,,,,,,,,,,,
front_end,,True,kiss_icp_odometry,,,,,,,,,,,,,,,,,,,,,89401,,,,,,,,,,,,,,,,,,
front_end,,True,kiss_icp_odometry,,,,,,,,,,,,,,,,,,,,,89574,,,,,,,,,,,,,,,,,,
front_end,,True,kiss_icp_odometry,,,,,,,,,,,,,,,,,,,,,89748,,,,,,,,,,,,,,,,,,
front_end,,True,kiss_icp_odometry,,,,,,,,,,,,,,,,,,,,,90008,,,,,,,,,,,,,,,,,,
front_end,,True,kiss_icp_odometry,,,,,,,,,,,,,,,,,,,,,90174,,,,,,,,,,,,,,,,,,
front_end,,True,kiss_icp_odometry,,,,,,,,,,,,,,,,,,,,,90434,,,,,,,,,,,,,,,,,,
front_end,,True,kiss_icp_odometry,,,,,,,,,,,,,,,,,,,,,90654,,,,,,,,,,,,,,,,,,
front_end,,True,kiss_icp_odometry,,,,,,,,,,,,,,,,,,,,,91412,,,,,,,,,,,,,,,,,,
front_end,,True,kiss_icp_odometry,,,,,,,,,,,,,,,,,,,,,91864,,,,,,,,,,,,,,,,,,
front_end,,True,kiss_icp_odometry,,,,,,,,,,,,,,,,,,,,,92124,,,,,,,,,,,,,,,,,,
optimized_backend,,,,,,,26.010193992988206,,,,,,,,,,,,,,,,,,,,,,,,,,,,16,15,0,0.002064000000245869,0.0,0.0,pose_graph,False
front_end,,True,kiss_icp_odometry,,,,,,,,,,,,,,,,,,,,,92352,,,,,,,,,,,,,,,,,,
front_end,,True,kiss_icp_odometry,,,,,,,,,,,,,,,,,,,,,92612,,,,,,,,,,,,,,,,,,
front_end,,True,kiss_icp_odometry,,,,,,,,,,,,,,,,,,,,,92850,,,,,,,,,,,,,,,,,,
front_end,,True,kiss_icp_odometry,,,,,,,,,,,,,,,,,,,,,93049,,,,,,,,,,,,,,,,,,
front_end,,True,kiss_icp_odometry,,,,,,,,,,,,,,,,,,,,,93313,,,,,,,,,,,,,,,,,,
front_end,,True,kiss_icp_odometry,,,,,,,,,,,,,,,,,,,,,93502,,,,,,,,,,,,,,,,,,
front_end,,True,kiss_icp_odometry,,,,,,,,,,,,,,,,,,,,,93696,,,,,,,,,,,,,,,,,,
front_end,,True,kiss_icp_odometry,,,,,,,,,,,,,,,,,,,,,93912,,,,,,,,,,,,,,,,,,
front_end,,True,kiss_icp_odometry,,,,,,,,,,,,,,,,,,,,,94150,,,,,,,,,,,,,,,,,,
front_end,,True,kiss_icp_odometry,,,,,,,,,,,,,,,,,,,,,94375,,,,,,,,,,,,,,,,,,
front_end,,True,kiss_icp_odometry,,,,,,,,,,,,,,,,,,,,,94606,,,,,,,,,,,,,,,,,,
front_end,,True,kiss_icp_odometry,,,,,,,,,,,,,,,,,,,,,94841,,,,,,,,,,,,,,,,,,
front_end,,True,kiss_icp_odometry,,,,,,,,,,,,,,,,,,,,,95092,,,,,,,,,,,,,,,,,,
front_end,,True,kiss_icp_odometry,,,,,,,,,,,,,,,,,,,,,95286,,,,,,,,,,,,,,,,,,
front_end,,True,kiss_icp_odometry,,,,,,,,,,,,,,,,,,,,,95476,,,,,,,,,,,,,,,,,,
front_end,,True,kiss_icp_odometry,,,,,,,,,,,,,,,,,,,,,95654,,,,,,,,,,,,,,,,,,
front_end,,True,kiss_icp_odometry,,,,,,,,,,,,,,,,,,,,,95851,,,,,,,,,,,,,,,,,,
front_end,,True,kiss_icp_odometry,,,,,,,,,,,,,,,,,,,,,96043,,,,,,,,,,,,,,,,,,
front_end,,True,kiss_icp_odometry,,,,,,,,,,,,,,,,,,,,,96218,,,,,,,,,,,,,,,,,,
front_end,,True,kiss_icp_odometry,,,,,,,,,,,,,,,,,,,,,96418,,,,,,,,,,,,,,,,,,
front_end,,True,kiss_icp_odometry,,,,,,,,,,,,,,,,,,,,,96613,,,,,,,,,,,,,,,,,,
front_end,,True,kiss_icp_odometry,,,,,,,,,,,,,,,,,,,,,96792,,,,,,,,,,,,,,,,,,
optimized_backend,,,,,,,49.86024400568567,,,,,,,,,,,,,,,,,,,,,,,,,,,,17,16,0,0.003787004970945418,0.0,0.0,pose_graph,False
front_end,,True,kiss_icp_odometry,,,,,,,,,,,,,,,,,,,,,96994,,,,,,,,,,,,,,,,,,
front_end,,True,kiss_icp_odometry,,,,,,,,,,,,,,,,,,,,,97195,,,,,,,,,,,,,,,,,,
front_end,,True,kiss_icp_odometry,,,,,,,,,,,,,,,,,,,,,97334,,,,,,,,,,,,,,,,,,
front_end,,True,kiss_icp_odometry,,,,,,,,,,,,,,,,,,,,,97467,,,,,,,,,,,,,,,,,,
front_end,,True,kiss_icp_odometry,,,,,,,,,,,,,,,,,,,,,97636,,,,,,,,,,,,,,,,,,
front_end,,True,kiss_icp_odometry,,,,,,,,,,,,,,,,,,,,,97817,,,,,,,,,,,,,,,,,,
front_end,,True,kiss_icp_odometry,,,,,,,,,,,,,,,,,,,,,98004,,,,,,,,,,,,,,,,,,
front_end,,True,kiss_icp_odometry,,,,,,,,,,,,,,,,,,,,,98220,,,,,,,,,,,,,,,,,,
front_end,,True,kiss_icp_odometry,,,,,,,,,,,,,,,,,,,,,98405,,,,,,,,,,,,,,,,,,
front_end,,True,kiss_icp_odometry,,,,,,,,,,,,,,,,,,,,,98605,,,,,,,,,,,,,,,,,,
front_end,,True,kiss_icp_odometry,,,,,,,,,,,,,,,,,,,,,98833,,,,,,,,,,,,,,,,,,
front_end,,True,kiss_icp_odometry,,,,,,,,,,,,,,,,,,,,,99037,,,,,,,,,,,,,,,,,,
front_end,,True,kiss_icp_odometry,,,,,,,,,,,,,,,,,,,,,99206,,,,,,,,,,,,,,,,,,
front_end,,True,kiss_icp_odometry,,,,,,,,,,,,,,,,,,,,,99370,,,,,,,,,,,,,,,,,,
front_end,,True,kiss_icp_odometry,,,,,,,,,,,,,,,,,,,,,99540,,,,,,,,,,,,,,,,,,
front_end,,True,kiss_icp_odometry,,,,,,,,,,,,,,,,,,,,,99770,,,,,,,,,,,,,,,,,,
front_end,,True,kiss_icp_odometry,,,,,,,,,,,,,,,,,,,,,99957,,,,,,,,,,,,,,,,,,
front_end,,True,kiss_icp_odometry,,,,,,,,,,,,,,,,,,,,,100424,,,,,,,,,,,,,,,,,,
front_end,,True,kiss_icp_odometry,,,,,,,,,,,,,,,,,,,,,100682,,,,,,,,,,,,,,,,,,
front_end,,True,kiss_icp_odometry,,,,,,,,,,,,,,,,,,,,,100945,,,,,,,,,,,,,,,,,,
front_end,,True,kiss_icp_odometry,,,,,,,,,,,,,,,,,,,,,101559,,,,,,,,,,,,,,,,,,
front_end,,True,kiss_icp_odometry,,,,,,,,,,,,,,,,,,,,,102170,,,,,,,,,,,,,,,,,,
optimized_backend,,,,,,,67.48093999340199,,,,,,,,,,,,,,,,,,,,,,,,,,,,18,17,0,0.0017639977158978581,0.0,0.0,pose_graph,False
front_end,,True,kiss_icp_odometry,,,,,,,,,,,,,,,,,,,,,102852,,,,,,,,,,,,,,,,,,
front_end,,True,kiss_icp_odometry,,,,,,,,,,,,,,,,,,,,,103167,,,,,,,,,,,,,,,,,,
front_end,,True,kiss_icp_odometry,,,,,,,,,,,,,,,,,,,,,103538,,,,,,,,,,,,,,,,,,
front_end,,True,kiss_icp_odometry,,,,,,,,,,,,,,,,,,,,,103917,,,,,,,,,,,,,,,,,,
front_end,,True,kiss_icp_odometry,,,,,,,,,,,,,,,,,,,,,104246,,,,,,,,,,,,,,,,,,
front_end,,True,kiss_icp_odometry,,,,,,,,,,,,,,,,,,,,,104574,,,,,,,,,,,,,,,,,,
front_end,,True,kiss_icp_odometry,,,,,,,,,,,,,,,,,,,,,104919,,,,,,,,,,,,,,,,,,
front_end,,True,kiss_icp_odometry,,,,,,,,,,,,,,,,,,,,,105173,,,,,,,,,,,,,,,,,,
front_end,,True,kiss_icp_odometry,,,,,,,,,,,,,,,,,,,,,105480,,,,,,,,,,,,,,,,,,
front_end,,True,kiss_icp_odometry,,,,,,,,,,,,,,,,,,,,,105820,,,,,,,,,,,,,,,,,,
front_end,,True,kiss_icp_odometry,,,,,,,,,,,,,,,,,,,,,106180,,,,,,,,,,,,,,,,,,
front_end,,True,kiss_icp_odometry,,,,,,,,,,,,,,,,,,,,,106441,,,,,,,,,,,,,,,,,,
front_end,,True,kiss_icp_odometry,,,,,,,,,,,,,,,,,,,,,106833,,,,,,,,,,,,,,,,,,
front_end,,True,kiss_icp_odometry,,,,,,,,,,,,,,,,,,,,,107134,,,,,,,,,,,,,,,,,,
front_end,,True,kiss_icp_odometry,,,,,,,,,,,,,,,,,,,,,107527,,,,,,,,,,,,,,,,,,
front_end,,True,kiss_icp_odometry,,,,,,,,,,,,,,,,,,,,,107817,,,,,,,,,,,,,,,,,,
front_end,,True,kiss_icp_odometry,,,,,,,,,,,,,,,,,,,,,108082,,,,,,,,,,,,,,,,,,
front_end,,True,kiss_icp_odometry,,,,,,,,,,,,,,,,,,,,,108348,,,,,,,,,,,,,,,,,,
front_end,,True,kiss_icp_odometry,,,,,,,,,,,,,,,,,,,,,108689,,,,,,,,,,,,,,,,,,
front_end,,True,kiss_icp_odometry,,,,,,,,,,,,,,,,,,,,,109034,,,,,,,,,,,,,,,,,,
optimized_backend,,,,,,,34.88747699884698,,,,,,,,,,,,,,,,,,,,,,,,,,,,19,18,0,0.003927008947357535,0.0,0.0,pose_graph,False
front_end,,True,kiss_icp_odometry,,,,,,,,,,,,,,,,,,,,,109286,,,,,,,,,,,,,,,,,,
front_end,,True,kiss_icp_odometry,,,,,,,,,,,,,,,,,,,,,109519,,,,,,,,,,,,,,,,,,
front_end,,True,kiss_icp_odometry,,,,,,,,,,,,,,,,,,,,,109838,,,,,,,,,,,,,,,,,,
front_end,,True,kiss_icp_odometry,,,,,,,,,,,,,,,,,,,,,110082,,,,,,,,,,,,,,,,,,
front_end,,True,kiss_icp_odometry,,,,,,,,,,,,,,,,,,,,,110483,,,,,,,,,,,,,,,,,,
front_end,,True,kiss_icp_odometry,,,,,,,,,,,,,,,,,,,,,110723,,,,,,,,,,,,,,,,,,
front_end,,True,kiss_icp_odometry,,,,,,,,,,,,,,,,,,,,,111219,,,,,,,,,,,,,,,,,,
front_end,,True,kiss_icp_odometry,,,,,,,,,,,,,,,,,,,,,111833,,,,,,,,,,,,,,,,,,
front_end,,True,kiss_icp_odometry,,,,,,,,,,,,,,,,,,,,,112068,,,,,,,,,,,,,,,,,,
front_end,,True,kiss_icp_odometry,,,,,,,,,,,,,,,,,,,,,112293,,,,,,,,,,,,,,,,,,
front_end,,True,kiss_icp_odometry,,,,,,,,,,,,,,,,,,,,,112500,,,,,,,,,,,,,,,,,,
front_end,,True,kiss_icp_odometry,,,,,,,,,,,,,,,,,,,,,112978,,,,,,,,,,,,,,,,,,
front_end,,True,kiss_icp_odometry,,,,,,,,,,,,,,,,,,,,,113371,,,,,,,,,,,,,,,,,,
front_end,,True,kiss_icp_odometry,,,,,,,,,,,,,,,,,,,,,113713,,,,,,,,,,,,,,,,,,
front_end,,True,kiss_icp_odometry,,,,,,,,,,,,,,,,,,,,,113936,,,,,,,,,,,,,,,,,,
front_end,,True,kiss_icp_odometry,,,,,,,,,,,,,,,,,,,,,114321,,,,,,,,,,,,,,,,,,
front_end,,True,kiss_icp_odometry,,,,,,,,,,,,,,,,,,,,,114546,,,,,,,,,,,,,,,,,,
front_end,,True,kiss_icp_odometry,,,,,,,,,,,,,,,,,,,,,114728,,,,,,,,,,,,,,,,,,
front_end,,True,kiss_icp_odometry,,,,,,,,,,,,,,,,,,,,,114917,,,,,,,,,,,,,,,,,,
front_end,,True,kiss_icp_odometry,,,,,,,,,,,,,,,,,,,,,115126,,,,,,,,,,,,,,,,,,
optimized_backend,,,,,,,31.20461100479588,,,,,,,,,,,,,,,,,,,,,,,,,,,,20,19,0,0.0017630081856623292,0.0,0.0,pose_graph,False
front_end,,True,kiss_icp_odometry,,,,,,,,,,,,,,,,,,,,,115353,,,,,,,,,,,,,,,,,,
front_end,,True,kiss_icp_odometry,,,,,,,,,,,,,,,,,,,,,115526,,,,,,,,,,,,,,,,,,
front_end,,True,kiss_icp_odometry,,,,,,,,,,,,,,,,,,,,,115773,,,,,,,,,,,,,,,,,,
front_end,,True,kiss_icp_odometry,,,,,,,,,,,,,,,,,,,,,115919,,,,,,,,,,,,,,,,,,
front_end,,True,kiss_icp_odometry,,,,,,,,,,,,,,,,,,,,,116069,,,,,,,,,,,,,,,,,,
front_end,,True,kiss_icp_odometry,,,,,,,,,,,,,,,,,,,,,116383,,,,,,,,,,,,,,,,,,
front_end,,True,kiss_icp_odometry,,,,,,,,,,,,,,,,,,,,,116613,,,,,,,,,,,,,,,,,,
front_end,,True,kiss_icp_odometry,,,,,,,,,,,,,,,,,,,,,116789,,,,,,,,,,,,,,,,,,
front_end,,True,kiss_icp_odometry,,,,,,,,,,,,,,,,,,,,,116976,,,,,,,,,,,,,,,,,,
front_end,,True,kiss_icp_odometry,,,,,,,,,,,,,,,,,,,,,117121,,,,,,,,,,,,,,,,,,
front_end,,True,kiss_icp_odometry,,,,,,,,,,,,,,,,,,,,,117253,,,,,,,,,,,,,,,,,,
front_end,,True,kiss_icp_odometry,,,,,,,,,,,,,,,,,,,,,117326,,,,,,,,,,,,,,,,,,
front_end,,True,kiss_icp_odometry,,,,,,,,,,,,,,,,,,,,,117507,,,,,,,,,,,,,,,,,,
front_end,,True,kiss_icp_odometry,,,,,,,,,,,,,,,,,,,,,117586,,,,,,,,,,,,,,,,,,
front_end,,True,kiss_icp_odometry,,,,,,,,,,,,,,,,,,,,,117676,,,,,,,,,,,,,,,,,,
front_end,,True,kiss_icp_odometry,,,,,,,,,,,,,,,,,,,,,117790,,,,,,,,,,,,,,,,,,
front_end,,True,kiss_icp_odometry,,,,,,,,,,,,,,,,,,,,,117844,,,,,,,,,,,,,,,,,,
front_end,,True,kiss_icp_odometry,,,,,,,,,,,,,,,,,,,,,117904,,,,,,,,,,,,,,,,,,
front_end,,True,kiss_icp_odometry,,,,,,,,,,,,,,,,,,,,,117952,,,,,,,,,,,,,,,,,,
front_end,,True,kiss_icp_odometry,,,,,,,,,,,,,,,,,,,,,118001,,,,,,,,,,,,,,,,,,
front_end,,True,kiss_icp_odometry,,,,,,,,,,,,,,,,,,,,,118062,,,,,,,,,,,,,,,,,,
front_end,,True,kiss_icp_odometry,,,,,,,,,,,,,,,,,,,,,118174,,,,,,,,,,,,,,,,,,
front_end,,True,kiss_icp_odometry,,,,,,,,,,,,,,,,,,,,,118238,,,,,,,,,,,,,,,,,,
front_end,,True,kiss_icp_odometry,,,,,,,,,,,,,,,,,,,,,118300,,,,,,,,,,,,,,,,,,
front_end,,True,kiss_icp_odometry,,,,,,,,,,,,,,,,,,,,,118359,,,,,,,,,,,,,,,,,,
front_end,,True,kiss_icp_odometry,,,,,,,,,,,,,,,,,,,,,118515,,,,,,,,,,,,,,,,,,
front_end,,True,kiss_icp_odometry,,,,,,,,,,,,,,,,,,,,,118603,,,,,,,,,,,,,,,,,,
front_end,,True,kiss_icp_odometry,,,,,,,,,,,,,,,,,,,,,118745,,,,,,,,,,,,,,,,,,
front_end,,True,kiss_icp_odometry,,,,,,,,,,,,,,,,,,,,,118866,,,,,,,,,,,,,,,,,,
front_end,,True,kiss_icp_odometry,,,,,,,,,,,,,,,,,,,,,118956,,,,,,,,,,,,,,,,,,
optimized_backend,,,,,,,28.974287008168176,,,,,,,,,,,,,,,,,,,,,,,,,,,,21,20,0,0.004117988282814622,0.0,8.213705994421616,pose_graph,False
front_end,,True,kiss_icp_odometry,,,,,,,,,,,,,,,,,,,,,119061,,,,,,,,,,,,,,,,,,
front_end,,True,kiss_icp_odometry,,,,,,,,,,,,,,,,,,,,,119151,,,,,,,,,,,,,,,,,,
front_end,,True,kiss_icp_odometry,,,,,,,,,,,,,,,,,,,,,119234,,,,,,,,,,,,,,,,,,
front_end,,True,kiss_icp_odometry,,,,,,,,,,,,,,,,,,,,,119314,,,,,,,,,,,,,,,,,,
front_end,,True,kiss_icp_odometry,,,,,,,,,,,,,,,,,,,,,119370,,,,,,,,,,,,,,,,,,
front_end,,True,kiss_icp_odometry,,,,,,,,,,,,,,,,,,,,,119434,,,,,,,,,,,,,,,,,,
optimized_backend,,,,,,,21.888461997150443,,,,,,,,,,,,,,,,,,,,,,,,,,,,22,21,0,0.0027349888114258647,0.0,0.0,pose_graph,False
front_end,,True,kiss_icp_odometry,,,,,,,,,,,,,,,,,,,,,119511,,,,,,,,,,,,,,,,,,
front_end,,True,kiss_icp_odometry,,,,,,,,,,,,,,,,,,,,,119592,,,,,,,,,,,,,,,,,,
front_end,,True,kiss_icp_odometry,,,,,,,,,,,,,,,,,,,,,119640,,,,,,,,,,,,,,,,,,
front_end,,True,kiss_icp_odometry,,,,,,,,,,,,,,,,,,,,,119712,,,,,,,,,,,,,,,,,,
front_end,,True,kiss_icp_odometry,,,,,,,,,,,,,,,,,,,,,119784,,,,,,,,,,,,,,,,,,
front_end,,True,kiss_icp_odometry,,,,,,,,,,,,,,,,,,,,,119904,,,,,,,,,,,,,,,,,,
optimized_backend,,,,,,,28.627214007428847,,,,,,,,,,,,,,,,,,,,,,,,,,,,23,22,0,0.003235996700823307,0.0,0.0,pose_graph,False
front_end,,True,kiss_icp_odometry,,,,,,,,,,,,,,,,,,,,,119955,,,,,,,,,,,,,,,,,,
front_end,,True,kiss_icp_odometry,,,,,,,,,,,,,,,,,,,,,120007,,,,,,,,,,,,,,,,,,
front_end,,True,kiss_icp_odometry,,,,,,,,,,,,,,,,,,,,,120079,,,,,,,,,,,,,,,,,,
front_end,,True,kiss_icp_odometry,,,,,,,,,,,,,,,,,,,,,120188,,,,,,,,,,,,,,,,,,
front_end,,True,kiss_icp_odometry,,,,,,,,,,,,,,,,,,,,,120268,,,,,,,,,,,,,,,,,,
front_end,,True,kiss_icp_odometry,,,,,,,,,,,,,,,,,,,,,120345,,,,,,,,,,,,,,,,,,
front_end,,True,kiss_icp_odometry,,,,,,,,,,,,,,,,,,,,,120420,,,,,,,,,,,,,,,,,,
optimized_backend,,,,,,,46.43396000028588,,,,,,,,,,,,,,,,,,,,,,,,,,,,24,23,0,0.002635002601891756,0.0,0.0,pose_graph,False
front_end,,True,kiss_icp_odometry,,,,,,,,,,,,,,,,,,,,,120466,,,,,,,,,,,,,,,,,,
front_end,,True,kiss_icp_odometry,,,,,,,,,,,,,,,,,,,,,120533,,,,,,,,,,,,,,,,,,
front_end,,True,kiss_icp_odometry,,,,,,,,,,,,,,,,,,,,,120599,,,,,,,,,,,,,,,,,,
front_end,,True,kiss_icp_odometry,,,,,,,,,,,,,,,,,,,,,120646,,,,,,,,,,,,,,,,,,
front_end,,True,kiss_icp_odometry,,,,,,,,,,,,,,,,,,,,,120699,,,,,,,,,,,,,,,,,,
front_end,,True,kiss_icp_odometry,,,,,,,,,,,,,,,,,,,,,120811,,,,,,,,,,,,,,,,,,
front_end,,True,kiss_icp_odometry,,,,,,,,,,,,,,,,,,,,,120855,,,,,,,,,,,,,,,,,,
front_end,,True,kiss_icp_odometry,,,,,,,,,,,,,,,,,,,,,120925,,,,,,,,,,,,,,,,,,
optimized_backend,,,,,,,37.570061002043076,,,,,,,,,,,,,,,,,,,,,,,,,,,,25,24,0,0.004237997927702963,0.0,0.0,pose_graph,False
front_end,,True,kiss_icp_odometry,,,,,,,,,,,,,,,,,,,,,121004,,,,,,,,,,,,,,,,,,
front_end,,True,kiss_icp_odometry,,,,,,,,,,,,,,,,,,,,,121085,,,,,,,,,,,,,,,,,,
front_end,,True,kiss_icp_odometry,,,,,,,,,,,,,,,,,,,,,121150,,,,,,,,,,,,,,,,,,
front_end,,True,kiss_icp_odometry,,,,,,,,,,,,,,,,,,,,,121195,,,,,,,,,,,,,,,,,,
front_end,,True,kiss_icp_odometry,,,,,,,,,,,,,,,,,,,,,121304,,,,,,,,,,,,,,,,,,
optimized_backend,,,,,,,23.130807996494696,,,,,,,,,,,,,,,,,,,,,,,,,,,,26,25,0,0.001834006980061531,0.0,0.0,pose_graph,False
front_end,,True,kiss_icp_odometry,,,,,,,,,,,,,,,,,,,,,121373,,,,,,,,,,,,,,,,,,
front_end,,True,kiss_icp_odometry,,,,,,,,,,,,,,,,,,,,,121484,,,,,,,,,,,,,,,,,,
front_end,,True,kiss_icp_odometry,,,,,,,,,,,,,,,,,,,,,121552,,,,,,,,,,,,,,,,,,
front_end,,True,kiss_icp_odometry,,,,,,,,,,,,,,,,,,,,,121612,,,,,,,,,,,,,,,,,,
front_end,,True,kiss_icp_odometry,,,,,,,,,,,,,,,,,,,,,121809,,,,,,,,,,,,,,,,,,
optimized_backend,,,,,,,34.16915600246284,,,,,,,,,,,,,,,,,,,,,,,,,,,,27,26,0,0.04710900248028338,0.0,0.0,pose_graph,False
front_end,,True,kiss_icp_odometry,,,,,,,,,,,,,,,,,,,,,121875,,,,,,,,,,,,,,,,,,
front_end,,True,kiss_icp_odometry,,,,,,,,,,,,,,,,,,,,,121972,,,,,,,,,,,,,,,,,,
front_end,,True,kiss_icp_odometry,,,,,,,,,,,,,,,,,,,,,122015,,,,,,,,,,,,,,,,,,
front_end,,True,kiss_icp_odometry,,,,,,,,,,,,,,,,,,,,,122072,,,,,,,,,,,,,,,,,,
front_end,,True,kiss_icp_odometry,,,,,,,,,,,,,,,,,,,,,122161,,,,,,,,,,,,,,,,,,
front_end,,True,kiss_icp_odometry,,,,,,,,,,,,,,,,,,,,,122211,,,,,,,,,,,,,,,,,,
front_end,,True,kiss_icp_odometry,,,,,,,,,,,,,,,,,,,,,122350,,,,,,,,,,,,,,,,,,
front_end,,True,kiss_icp_odometry,,,,,,,,,,,,,,,,,,,,,122385,,,,,,,,,,,,,,,,,,
front_end,,True,kiss_icp_odometry,,,,,,,,,,,,,,,,,,,,,122440,,,,,,,,,,,,,,,,,,
front_end,,True,kiss_icp_odometry,,,,,,,,,,,,,,,,,,,,,122496,,,,,,,,,,,,,,,,,,
front_end,,True,kiss_icp_odometry,,,,,,,,,,,,,,,,,,,,,122540,,,,,,,,,,,,,,,,,,
optimized_backend,,,,,,,26.271542999893427,,,,,,,,,,,,,,,,,,,,,,,,,,,,28,27,0,0.001963999238796532,0.0,0.0,pose_graph,False
front_end,,True,kiss_icp_odometry,,,,,,,,,,,,,,,,,,,,,122741,,,,,,,,,,,,,,,,,,
front_end,,True,kiss_icp_odometry,,,,,,,,,,,,,,,,,,,,,122781,,,,,,,,,,,,,,,,,,
front_end,,True,kiss_icp_odometry,,,,,,,,,,,,,,,,,,,,,122811,,,,,,,,,,,,,,,,,,
front_end,,True,kiss_icp_odometry,,,,,,,,,,,,,,,,,,,,,122885,,,,,,,,,,,,,,,,,,
front_end,,True,kiss_icp_odometry,,,,,,,,,,,,,,,,,,,,,122934,,,,,,,,,,,,,,,,,,
front_end,,True,kiss_icp_odometry,,,,,,,,,,,,,,,,,,,,,122968,,,,,,,,,,,,,,,,,,
front_end,,True,kiss_icp_odometry,,,,,,,,,,,,,,,,,,,,,123022,,,,,,,,,,,,,,,,,,
front_end,,True,kiss_icp_odometry,,,,,,,,,,,,,,,,,,,,,123091,,,,,,,,,,,,,,,,,,
front_end,,True,kiss_icp_odometry,,,,,,,,,,,,,,,,,,,,,123119,,,,,,,,,,,,,,,,,,
front_end,,True,kiss_icp_odometry,,,,,,,,,,,,,,,,,,,,,123206,,,,,,,,,,,,,,,,,,
front_end,,True,kiss_icp_odometry,,,,,,,,,,,,,,,,,,,,,123265,,,,,,,,,,,,,,,,,,
front_end,,True,kiss_icp_odometry,,,,,,,,,,,,,,,,,,,,,123296,,,,,,,,,,,,,,,,,,
front_end,,True,kiss_icp_odometry,,,,,,,,,,,,,,,,,,,,,123342,,,,,,,,,,,,,,,,,,
front_end,,True,kiss_icp_odometry,,,,,,,,,,,,,,,,,,,,,123416,,,,,,,,,,,,,,,,,,
front_end,,True,kiss_icp_odometry,,,,,,,,,,,,,,,,,,,,,123455,,,,,,,,,,,,,,,,,,
front_end,,True,kiss_icp_odometry,,,,,,,,,,,,,,,,,,,,,123492,,,,,,,,,,,,,,,,,,
front_end,,True,kiss_icp_odometry,,,,,,,,,,,,,,,,,,,,,123562,,,,,,,,,,,,,,,,,,
front_end,,True,kiss_icp_odometry,,,,,,,,,,,,,,,,,,,,,123589,,,,,,,,,,,,,,,,,,
front_end,,True,kiss_icp_odometry,,,,,,,,,,,,,,,,,,,,,123616,,,,,,,,,,,,,,,,,,
front_end,,True,kiss_icp_odometry,,,,,,,,,,,,,,,,,,,,,123641,,,,,,,,,,,,,,,,,,
front_end,,True,kiss_icp_odometry,,,,,,,,,,,,,,,,,,,,,123657,,,,,,,,,,,,,,,,,,
front_end,,True,kiss_icp_odometry,,,,,,,,,,,,,,,,,,,,,123672,,,,,,,,,,,,,,,,,,
front_end,,True,kiss_icp_odometry,,,,,,,,,,,,,,,,,,,,,123689,,,,,,,,,,,,,,,,,,
front_end,,True,kiss_icp_odometry,,,,,,,,,,,,,,,,,,,,,123715,,,,,,,,,,,,,,,,,,
front_end,,True,kiss_icp_odometry,,,,,,,,,,,,,,,,,,,,,123733,,,,,,,,,,,,,,,,,,
front_end,,True,kiss_icp_odometry,,,,,,,,,,,,,,,,,,,,,123763,,,,,,,,,,,,,,,,,,
front_end,,True,kiss_icp_odometry,,,,,,,,,,,,,,,,,,,,,123780,,,,,,,,,,,,,,,,,,
front_end,,True,kiss_icp_odometry,,,,,,,,,,,,,,,,,,,,,123838,,,,,,,,,,,,,,,,,,
front_end,,True,kiss_icp_odometry,,,,,,,,,,,,,,,,,,,,,123838,,,,,,,,,,,,,,,,,,
front_end,,True,kiss_icp_odometry,,,,,,,,,,,,,,,,,,,,,123975,,,,,,,,,,,,,,,,,,
front_end,,True,kiss_icp_odometry,,,,,,,,,,,,,,,,,,,,,124053,,,,,,,,,,,,,,,,,,
front_end,,True,kiss_icp_odometry,,,,,,,,,,,,,,,,,,,,,124176,,,,,,,,,,,,,,,,,,
front_end,,True,kiss_icp_odometry,,,,,,,,,,,,,,,,,,,,,124222,,,,,,,,,,,,,,,,,,
front_end,,True,kiss_icp_odometry,,,,,,,,,,,,,,,,,,,,,124262,,,,,,,,,,,,,,,,,,
front_end,,True,kiss_icp_odometry,,,,,,,,,,,,,,,,,,,,,124386,,,,,,,,,,,,,,,,,,
front_end,,True,kiss_icp_odometry,,,,,,,,,,,,,,,,,,,,,124436,,,,,,,,,,,,,,,,,,
front_end,,True,kiss_icp_odometry,,,,,,,,,,,,,,,,,,,,,124478,,,,,,,,,,,,,,,,,,
front_end,,True,kiss_icp_odometry,,,,,,,,,,,,,,,,,,,,,124527,,,,,,,,,,,,,,,,,,
front_end,,True,kiss_icp_odometry,,,,,,,,,,,,,,,,,,,,,124598,,,,,,,,,,,,,,,,,,
front_end,,True,kiss_icp_odometry,,,,,,,,,,,,,,,,,,,,,124663,,,,,,,,,,,,,,,,,,
front_end,,True,kiss_icp_odometry,,,,,,,,,,,,,,,,,,,,,124731,,,,,,,,,,,,,,,,,,
front_end,,True,kiss_icp_odometry,,,,,,,,,,,,,,,,,,,,,124804,,,,,,,,,,,,,,,,,,
front_end,,True,kiss_icp_odometry,,,,,,,,,,,,,,,,,,,,,124905,,,,,,,,,,,,,,,,,,
front_end,,True,kiss_icp_odometry,,,,,,,,,,,,,,,,,,,,,124975,,,,,,,,,,,,,,,,,,
optimized_backend,,,,,,,15.374039998278022,,,,,,,,,,,,,,,,,,,,,,,,,,,,29,28,0,0.06278800719883293,0.0,0.0,pose_graph,False
front_end,,True,kiss_icp_odometry,,,,,,,,,,,,,,,,,,,,,125046,,,,,,,,,,,,,,,,,,
front_end,,True,kiss_icp_odometry,,,,,,,,,,,,,,,,,,,,,125121,,,,,,,,,,,,,,,,,,
front_end,,True,kiss_icp_odometry,,,,,,,,,,,,,,,,,,,,,125175,,,,,,,,,,,,,,,,,,
front_end,,True,kiss_icp_odometry,,,,,,,,,,,,,,,,,,,,,125247,,,,,,,,,,,,,,,,,,
front_end,,True,kiss_icp_odometry,,,,,,,,,,,,,,,,,,,,,125310,,,,,,,,,,,,,,,,,,
front_end,,True,kiss_icp_odometry,,,,,,,,,,,,,,,,,,,,,125394,,,,,,,,,,,,,,,,,,
front_end,,True,kiss_icp_odometry,,,,,,,,,,,,,,,,,,,,,125481,,,,,,,,,,,,,,,,,,
front_end,,True,kiss_icp_odometry,,,,,,,,,,,,,,,,,,,,,125561,,,,,,,,,,,,,,,,,,
front_end,,True,kiss_icp_odometry,,,,,,,,,,,,,,,,,,,,,125658,,,,,,,,,,,,,,,,,,
front_end,,True,kiss_icp_odometry,,,,,,,,,,,,,,,,,,,,,125748,,,,,,,,,,,,,,,,,,
front_end,,True,kiss_icp_odometry,,,,,,,,,,,,,,,,,,,,,125834,,,,,,,,,,,,,,,,,,
front_end,,True,kiss_icp_odometry,,,,,,,,,,,,,,,,,,,,,125894,,,,,,,,,,,,,,,,,,
front_end,,True,kiss_icp_odometry,,,,,,,,,,,,,,,,,,,,,125971,,,,,,,,,,,,,,,,,,
front_end,,True,kiss_icp_odometry,,,,,,,,,,,,,,,,,,,,,126045,,,,,,,,,,,,,,,,,,
front_end,,True,kiss_icp_odometry,,,,,,,,,,,,,,,,,,,,,126137,,,,,,,,,,,,,,,,,,
front_end,,True,kiss_icp_odometry,,,,,,,,,,,,,,,,,,,,,126265,,,,,,,,,,,,,,,,,,
front_end,,True,kiss_icp_odometry,,,,,,,,,,,,,,,,,,,,,126393,,,,,,,,,,,,,,,,,,
front_end,,True,kiss_icp_odometry,,,,,,,,,,,,,,,,,,,,,126491,,,,,,,,,,,,,,,,,,
front_end,,True,kiss_icp_odometry,,,,,,,,,,,,,,,,,,,,,126609,,,,,,,,,,,,,,,,,,
optimized_backend,,,,,,,17.76863400300499,,,,,,,,,,,,,,,,,,,,,,,,,,,,30,29,0,0.0016830017557367682,0.0,0.0,pose_graph,False
front_end,,True,kiss_icp_odometry,,,,,,,,,,,,,,,,,,,,,126703,,,,,,,,,,,,,,,,,,
front_end,,True,kiss_icp_odometry,,,,,,,,,,,,,,,,,,,,,126789,,,,,,,,,,,,,,,,,,
front_end,,True,kiss_icp_odometry,,,,,,,,,,,,,,,,,,,,,126890,,,,,,,,,,,,,,,,,,
front_end,,True,kiss_icp_odometry,,,,,,,,,,,,,,,,,,,,,127001,,,,,,,,,,,,,,,,,,
front_end,,True,kiss_icp_odometry,,,,,,,,,,,,,,,,,,,,,127080,,,,,,,,,,,,,,,,,,
front_end,,True,kiss_icp_odometry,,,,,,,,,,,,,,,,,,,,,127199,,,,,,,,,,,,,,,,,,
front_end,,True,kiss_icp_odometry,,,,,,,,,,,,,,,,,,,,,127322,,,,,,,,,,,,,,,,,,
front_end,,True,kiss_icp_odometry,,,,,,,,,,,,,,,,,,,,,127447,,,,,,,,,,,,,,,,,,
front_end,,True,kiss_icp_odometry,,,,,,,,,,,,,,,,,,,,,127610,,,,,,,,,,,,,,,,,,
front_end,,True,kiss_icp_odometry,,,,,,,,,,,,,,,,,,,,,127770,,,,,,,,,,,,,,,,,,
front_end,,True,kiss_icp_odometry,,,,,,,,,,,,,,,,,,,,,127913,,,,,,,,,,,,,,,,,,
front_end,,True,kiss_icp_odometry,,,,,,,,,,,,,,,,,,,,,128028,,,,,,,,,,,,,,,,,,
front_end,,True,kiss_icp_odometry,,,,,,,,,,,,,,,,,,,,,128139,,,,,,,,,,,,,,,,,,
front_end,,True,kiss_icp_odometry,,,,,,,,,,,,,,,,,,,,,128491,,,,,,,,,,,,,,,,,,
front_end,,True,kiss_icp_odometry,,,,,,,,,,,,,,,,,,,,,128854,,,,,,,,,,,,,,,,,,
front_end,,True,kiss_icp_odometry,,,,,,,,,,,,,,,,,,,,,129045,,,,,,,,,,,,,,,,,,
front_end,,True,kiss_icp_odometry,,,,,,,,,,,,,,,,,,,,,129224,,,,,,,,,,,,,,,,,,
optimized_backend,,,,,,,29.356494997045957,,,,,,,,,,,,,,,,,,,,,,,,,,,,31,30,0,0.0782470015110448,0.0,5.5422220029868186,pose_graph,False
front_end,,True,kiss_icp_odometry,,,,,,,,,,,,,,,,,,,,,129381,,,,,,,,,,,,,,,,,,
front_end,,True,kiss_icp_odometry,,,,,,,,,,,,,,,,,,,,,129600,,,,,,,,,,,,,,,,,,
front_end,,True,kiss_icp_odometry,,,,,,,,,,,,,,,,,,,,,129733,,,,,,,,,,,,,,,,,,
front_end,,True,kiss_icp_odometry,,,,,,,,,,,,,,,,,,,,,129857,,,,,,,,,,,,,,,,,,
front_end,,True,kiss_icp_odometry,,,,,,,,,,,,,,,,,,,,,130046,,,,,,,,,,,,,,,,,,
front_end,,True,kiss_icp_odometry,,,,,,,,,,,,,,,,,,,,,130252,,,,,,,,,,,,,,,,,,
front_end,,True,kiss_icp_odometry,,,,,,,,,,,,,,,,,,,,,130394,,,,,,,,,,,,,,,,,,
front_end,,True,kiss_icp_odometry,,,,,,,,,,,,,,,,,,,,,130534,,,,,,,,,,,,,,,,,,
front_end,,True,kiss_icp_odometry,,,,,,,,,,,,,,,,,,,,,130660,,,,,,,,,,,,,,,,,,
front_end,,True,kiss_icp_odometry,,,,,,,,,,,,,,,,,,,,,130821,,,,,,,,,,,,,,,,,,
front_end,,True,kiss_icp_odometry,,,,,,,,,,,,,,,,,,,,,130946,,,,,,,,,,,,,,,,,,
front_end,,True,kiss_icp_odometry,,,,,,,,,,,,,,,,,,,,,131130,,,,,,,,,,,,,,,,,,
front_end,,True,kiss_icp_odometry,,,,,,,,,,,,,,,,,,,,,131295,,,,,,,,,,,,,,,,,,
front_end,,True,kiss_icp_odometry,,,,,,,,,,,,,,,,,,,,,131415,,,,,,,,,,,,,,,,,,
front_end,,True,kiss_icp_odometry,,,,,,,,,,,,,,,,,,,,,131569,,,,,,,,,,,,,,,,,,
front_end,,True,kiss_icp_odometry,,,,,,,,,,,,,,,,,,,,,131762,,,,,,,,,,,,,,,,,,
optimized_backend,,,,,,,22.178115003043786,,,,,,,,,,,,,,,,,,,,,,,,,,,,32,31,0,0.002024011337198317,0.0,0.0,pose_graph,False
front_end,,True,kiss_icp_odometry,,,,,,,,,,,,,,,,,,,,,131944,,,,,,,,,,,,,,,,,,
front_end,,True,kiss_icp_odometry,,,,,,,,,,,,,,,,,,,,,132102,,,,,,,,,,,,,,,,,,
front_end,,True,kiss_icp_odometry,,,,,,,,,,,,,,,,,,,,,132236,,,,,,,,,,,,,,,,,,
front_end,,True,kiss_icp_odometry,,,,,,,,,,,,,,,,,,,,,132410,,,,,,,,,,,,,,,,,,
front_end,,True,kiss_icp_odometry,,,,,,,,,,,,,,,,,,,,,132541,,,,,,,,,,,,,,,,,,
front_end,,True,kiss_icp_odometry,,,,,,,,,,,,,,,,,,,,,132737,,,,,,,,,,,,,,,,,,
front_end,,True,kiss_icp_odometry,,,,,,,,,,,,,,,,,,,,,132873,,,,,,,,,,,,,,,,,,
front_end,,True,kiss_icp_odometry,,,,,,,,,,,,,,,,,,,,,133005,,,,,,,,,,,,,,,,,,
front_end,,True,kiss_icp_odometry,,,,,,,,,,,,,,,,,,,,,133138,,,,,,,,,,,,,,,,,,
front_end,,True,kiss_icp_odometry,,,,,,,,,,,,,,,,,,,,,133291,,,,,,,,,,,,,,,,,,
front_end,,True,kiss_icp_odometry,,,,,,,,,,,,,,,,,,,,,133426,,,,,,,,,,,,,,,,,,
front_end,,True,kiss_icp_odometry,,,,,,,,,,,,,,,,,,,,,133541,,,,,,,,,,,,,,,,,,
front_end,,True,kiss_icp_odometry,,,,,,,,,,,,,,,,,,,,,133815,,,,,,,,,,,,,,,,,,
front_end,,True,kiss_icp_odometry,,,,,,,,,,,,,,,,,,,,,133928,,,,,,,,,,,,,,,,,,
front_end,,True,kiss_icp_odometry,,,,,,,,,,,,,,,,,,,,,134085,,,,,,,,,,,,,,,,,,
optimized_backend,,,,,,,15.904268002486788,,,,,,,,,,,,,,,,,,,,,,,,,,,,33,32,0,0.07244700100272894,0.0,0.0,pose_graph,False
front_end,,True,kiss_icp_odometry,,,,,,,,,,,,,,,,,,,,,134243,,,,,,,,,,,,,,,,,,
front_end,,True,kiss_icp_odometry,,,,,,,,,,,,,,,,,,,,,134368,,,,,,,,,,,,,,,,,,
front_end,,True,kiss_icp_odometry,,,,,,,,,,,,,,,,,,,,,134526,,,,,,,,,,,,,,,,,,
front_end,,True,kiss_icp_odometry,,,,,,,,,,,,,,,,,,,,,134642,,,,,,,,,,,,,,,,,,
front_end,,True,kiss_icp_odometry,,,,,,,,,,,,,,,,,,,,,134788,,,,,,,,,,,,,,,,,,
front_end,,True,kiss_icp_odometry,,,,,,,,,,,,,,,,,,,,,134984,,,,,,,,,,,,,,,,,,
front_end,,True,kiss_icp_odometry,,,,,,,,,,,,,,,,,,,,,135097,,,,,,,,,,,,,,,,,,
front_end,,True,kiss_icp_odometry,,,,,,,,,,,,,,,,,,,,,135261,,,,,,,,,,,,,,,,,,
front_end,,True,kiss_icp_odometry,,,,,,,,,,,,,,,,,,,,,135400,,,,,,,,,,,,,,,,,,
front_end,,True,kiss_icp_odometry,,,,,,,,,,,,,,,,,,,,,135536,,,,,,,,,,,,,,,,,,
front_end,,True,kiss_icp_odometry,,,,,,,,,,,,,,,,,,,,,135668,,,,,,,,,,,,,,,,,,
front_end,,True,kiss_icp_odometry,,,,,,,,,,,,,,,,,,,,,135825,,,,,,,,,,,,,,,,,,
front_end,,True,kiss_icp_odometry,,,,,,,,,,,,,,,,,,,,,135974,,,,,,,,,,,,,,,,,,
front_end,,True,kiss_icp_odometry,,,,,,,,,,,,,,,,,,,,,136111,,,,,,,,,,,,,,,,,,
front_end,,True,kiss_icp_odometry,,,,,,,,,,,,,,,,,,,,,137153,,,,,,,,,,,,,,,,,,
optimized_backend,,,,,,,27.081395994173363,,,,,,,,,,,,,,,,,,,,,,,,,,,,34,33,0,0.0018329883459955454,0.0,0.0,pose_graph,False
front_end,,True,kiss_icp_odometry,,,,,,,,,,,,,,,,,,,,,137326,,,,,,,,,,,,,,,,,,
front_end,,True,kiss_icp_odometry,,,,,,,,,,,,,,,,,,,,,137535,,,,,,,,,,,,,,,,,,
front_end,,True,kiss_icp_odometry,,,,,,,,,,,,,,,,,,,,,137709,,,,,,,,,,,,,,,,,,
front_end,,True,kiss_icp_odometry,,,,,,,,,,,,,,,,,,,,,137914,,,,,,,,,,,,,,,,,,
front_end,,True,kiss_icp_odometry,,,,,,,,,,,,,,,,,,,,,138122,,,,,,,,,,,,,,,,,,
front_end,,True,kiss_icp_odometry,,,,,,,,,,,,,,,,,,,,,138334,,,,,,,,,,,,,,,,,,
front_end,,True,kiss_icp_odometry,,,,,,,,,,,,,,,,,,,,,138548,,,,,,,,,,,,,,,,,,
front_end,,True,kiss_icp_odometry,,,,,,,,,,,,,,,,,,,,,138766,,,,,,,,,,,,,,,,,,
front_end,,True,kiss_icp_odometry,,,,,,,,,,,,,,,,,,,,,138986,,,,,,,,,,,,,,,,,,
front_end,,True,kiss_icp_odometry,,,,,,,,,,,,,,,,,,,,,139200,,,,,,,,,,,,,,,,,,
front_end,,True,kiss_icp_odometry,,,,,,,,,,,,,,,,,,,,,139349,,,,,,,,,,,,,,,,,,
front_end,,True,kiss_icp_odometry,,,,,,,,,,,,,,,,,,,,,139489,,,,,,,,,,,,,,,,,,
front_end,,True,kiss_icp_odometry,,,,,,,,,,,,,,,,,,,,,140503,,,,,,,,,,,,,,,,,,
front_end,,True,kiss_icp_odometry,,,,,,,,,,,,,,,,,,,,,140587,,,,,,,,,,,,,,,,,,
front_end,,True,kiss_icp_odometry,,,,,,,,,,,,,,,,,,,,,140816,,,,,,,,,,,,,,,,,,
front_end,,True,kiss_icp_odometry,,,,,,,,,,,,,,,,,,,,,140890,,,,,,,,,,,,,,,,,,
front_end,,True,kiss_icp_odometry,,,,,,,,,,,,,,,,,,,,,140979,,,,,,,,,,,,,,,,,,
front_end,,True,kiss_icp_odometry,,,,,,,,,,,,,,,,,,,,,141065,,,,,,,,,,,,,,,,,,
front_end,,True,kiss_icp_odometry,,,,,,,,,,,,,,,,,,,,,141143,,,,,,,,,,,,,,,,,,
front_end,,True,kiss_icp_odometry,,,,,,,,,,,,,,,,,,,,,141199,,,,,,,,,,,,,,,,,,
front_end,,True,kiss_icp_odometry,,,,,,,,,,,,,,,,,,,,,141251,,,,,,,,,,,,,,,,,,
front_end,,True,kiss_icp_odometry,,,,,,,,,,,,,,,,,,,,,141304,,,,,,,,,,,,,,,,,,
front_end,,True,kiss_icp_odometry,,,,,,,,,,,,,,,,,,,,,141356,,,,,,,,,,,,,,,,,,
front_end,,True,kiss_icp_odometry,,,,,,,,,,,,,,,,,,,,,141404,,,,,,,,,,,,,,,,,,
front_end,,True,kiss_icp_odometry,,,,,,,,,,,,,,,,,,,,,141446,,,,,,,,,,,,,,,,,,
front_end,,True,kiss_icp_odometry,,,,,,,,,,,,,,,,,,,,,141504,,,,,,,,,,,,,,,,,,
front_end,,True,kiss_icp_odometry,,,,,,,,,,,,,,,,,,,,,141552,,,,,,,,,,,,,,,,,,
front_end,,True,kiss_icp_odometry,,,,,,,,,,,,,,,,,,,,,141605,,,,,,,,,,,,,,,,,,
front_end,,True,kiss_icp_odometry,,,,,,,,,,,,,,,,,,,,,141649,,,,,,,,,,,,,,,,,,
front_end,,True,kiss_icp_odometry,,,,,,,,,,,,,,,,,,,,,141702,,,,,,,,,,,,,,,,,,
front_end,,True,kiss_icp_odometry,,,,,,,,,,,,,,,,,,,,,141752,,,,,,,,,,,,,,,,,,
front_end,,True,kiss_icp_odometry,,,,,,,,,,,,,,,,,,,,,141799,,,,,,,,,,,,,,,,,,
front_end,,True,kiss_icp_odometry,,,,,,,,,,,,,,,,,,,,,141850,,,,,,,,,,,,,,,,,,
front_end,,True,kiss_icp_odometry,,,,,,,,,,,,,,,,,,,,,141894,,,,,,,,,,,,,,,,,,
front_end,,True,kiss_icp_odometry,,,,,,,,,,,,,,,,,,,,,141931,,,,,,,,,,,,,,,,,,
front_end,,True,kiss_icp_odometry,,,,,,,,,,,,,,,,,,,,,141998,,,,,,,,,,,,,,,,,,
front_end,,True,kiss_icp_odometry,,,,,,,,,,,,,,,,,,,,,142029,,,,,,,,,,,,,,,,,,
front_end,,True,kiss_icp_odometry,,,,,,,,,,,,,,,,,,,,,142093,,,,,,,,,,,,,,,,,,
front_end,,True,kiss_icp_odometry,,,,,,,,,,,,,,,,,,,,,142131,,,,,,,,,,,,,,,,,,
front_end,,True,kiss_icp_odometry,,,,,,,,,,,,,,,,,,,,,142246,,,,,,,,,,,,,,,,,,
front_end,,True,kiss_icp_odometry,,,,,,,,,,,,,,,,,,,,,142316,,,,,,,,,,,,,,,,,,
front_end,,True,kiss_icp_odometry,,,,,,,,,,,,,,,,,,,,,142433,,,,,,,,,,,,,,,,,,
front_end,,True,kiss_icp_odometry,,,,,,,,,,,,,,,,,,,,,142478,,,,,,,,,,,,,,,,,,
front_end,,True,kiss_icp_odometry,,,,,,,,,,,,,,,,,,,,,142702,,,,,,,,,,,,,,,,,,
front_end,,True,kiss_icp_odometry,,,,,,,,,,,,,,,,,,,,,142914,,,,,,,,,,,,,,,,,,
front_end,,True,kiss_icp_odometry,,,,,,,,,,,,,,,,,,,,,142998,,,,,,,,,,,,,,,,,,
front_end,,True,kiss_icp_odometry,,,,,,,,,,,,,,,,,,,,,143147,,,,,,,,,,,,,,,,,,
front_end,,True,kiss_icp_odometry,,,,,,,,,,,,,,,,,,,,,143194,,,,,,,,,,,,,,,,,,
front_end,,True,kiss_icp_odometry,,,,,,,,,,,,,,,,,,,,,143255,,,,,,,,,,,,,,,,,,
front_end,,True,kiss_icp_odometry,,,,,,,,,,,,,,,,,,,,,143333,,,,,,,,,,,,,,,,,,
optimized_backend,,,,,,,44.2932519945316,,,,,,,,,,,,,,,,,,,,,,,,,,,,35,34,0,0.09441800648346543,0.0,0.0,pose_graph,False
front_end,,True,kiss_icp_odometry,,,,,,,,,,,,,,,,,,,,,143387,,,,,,,,,,,,,,,,,,
front_end,,True,kiss_icp_odometry,,,,,,,,,,,,,,,,,,,,,143476,,,,,,,,,,,,,,,,,,
front_end,,True,kiss_icp_odometry,,,,,,,,,,,,,,,,,,,,,143510,,,,,,,,,,,,,,,,,,
front_end,,True,kiss_icp_odometry,,,,,,,,,,,,,,,,,,,,,143555,,,,,,,,,,,,,,,,,,
front_end,,True,kiss_icp_odometry,,,,,,,,,,,,,,,,,,,,,143583,,,,,,,,,,,,,,,,,,
front_end,,True,kiss_icp_odometry,,,,,,,,,,,,,,,,,,,,,143613,,,,,,,,,,,,,,,,,,
front_end,,True,kiss_icp_odometry,,,,,,,,,,,,,,,,,,,,,143716,,,,,,,,,,,,,,,,,,
front_end,,True,kiss_icp_odometry,,,,,,,,,,,,,,,,,,,,,143763,,,,,,,,,,,,,,,,,,
front_end,,True,kiss_icp_odometry,,,,,,,,,,,,,,,,,,,,,143780,,,,,,,,,,,,,,,,,,
front_end,,True,kiss_icp_odometry,,,,,,,,,,,,,,,,,,,,,143861,,,,,,,,,,,,,,,,,,
front_end,,True,kiss_icp_odometry,,,,,,,,,,,,,,,,,,,,,144009,,,,,,,,,,,,,,,,,,
front_end,,True,kiss_icp_odometry,,,,,,,,,,,,,,,,,,,,,144052,,,,,,,,,,,,,,,,,,
front_end,,True,kiss_icp_odometry,,,,,,,,,,,,,,,,,,,,,144118,,,,,,,,,,,,,,,,,,
front_end,,True,kiss_icp_odometry,,,,,,,,,,,,,,,,,,,,,144176,,,,,,,,,,,,,,,,,,
front_end,,True,kiss_icp_odometry,,,,,,,,,,,,,,,,,,,,,144201,,,,,,,,,,,,,,,,,,
front_end,,True,kiss_icp_odometry,,,,,,,,,,,,,,,,,,,,,144233,,,,,,,,,,,,,,,,,,
front_end,,True,kiss_icp_odometry,,,,,,,,,,,,,,,,,,,,,144263,,,,,,,,,,,,,,,,,,
front_end,,True,kiss_icp_odometry,,,,,,,,,,,,,,,,,,,,,144290,,,,,,,,,,,,,,,,,,
front_end,,True,kiss_icp_odometry,,,,,,,,,,,,,,,,,,,,,144316,,,,,,,,,,,,,,,,,,
front_end,,True,kiss_icp_odometry,,,,,,,,,,,,,,,,,,,,,144358,,,,,,,,,,,,,,,,,,
front_end,,True,kiss_icp_odometry,,,,,,,,,,,,,,,,,,,,,144383,,,,,,,,,,,,,,,,,,
front_end,,True,kiss_icp_odometry,,,,,,,,,,,,,,,,,,,,,144408,,,,,,,,,,,,,,,,,,
front_end,,True,kiss_icp_odometry,,,,,,,,,,,,,,,,,,,,,144431,,,,,,,,,,,,,,,,,,
front_end,,True,kiss_icp_odometry,,,,,,,,,,,,,,,,,,,,,144453,,,,,,,,,,,,,,,,,,
front_end,,True,kiss_icp_odometry,,,,,,,,,,,,,,,,,,,,,144484,,,,,,,,,,,,,,,,,,
front_end,,True,kiss_icp_odometry,,,,,,,,,,,,,,,,,,,,,144507,,,,,,,,,,,,,,,,,,
front_end,,True,kiss_icp_odometry,,,,,,,,,,,,,,,,,,,,,144534,,,,,,,,,,,,,,,,,,
front_end,,True,kiss_icp_odometry,,,,,,,,,,,,,,,,,,,,,144564,,,,,,,,,,,,,,,,,,
front_end,,True,kiss_icp_odometry,,,,,,,,,,,,,,,,,,,,,144602,,,,,,,,,,,,,,,,,,
front_end,,True,kiss_icp_odometry,,,,,,,,,,,,,,,,,,,,,144643,,,,,,,,,,,,,,,,,,
front_end,,True,kiss_icp_odometry,,,,,,,,,,,,,,,,,,,,,144690,,,,,,,,,,,,,,,,,,
front_end,,True,kiss_icp_odometry,,,,,,,,,,,,,,,,,,,,,144750,,,,,,,,,,,,,,,,,,
front_end,,True,kiss_icp_odometry,,,,,,,,,,,,,,,,,,,,,144807,,,,,,,,,,,,,,,,,,
front_end,,True,kiss_icp_odometry,,,,,,,,,,,,,,,,,,,,,144867,,,,,,,,,,,,,,,,,,
front_end,,True,kiss_icp_odometry,,,,,,,,,,,,,,,,,,,,,144944,,,,,,,,,,,,,,,,,,
front_end,,True,kiss_icp_odometry,,,,,,,,,,,,,,,,,,,,,144999,,,,,,,,,,,,,,,,,,
front_end,,True,kiss_icp_odometry,,,,,,,,,,,,,,,,,,,,,145062,,,,,,,,,,,,,,,,,,
front_end,,True,kiss_icp_odometry,,,,,,,,,,,,,,,,,,,,,145104,,,,,,,,,,,,,,,,,,
front_end,,True,kiss_icp_odometry,,,,,,,,,,,,,,,,,,,,,145145,,,,,,,,,,,,,,,,,,
optimized_backend,,,,,,,22.344988989061676,,,,,,,,,,,,,,,,,,,,,,,,,,,,36,35,0,0.0016529957065358758,0.0,0.0,pose_graph,False
front_end,,True,kiss_icp_odometry,,,,,,,,,,,,,,,,,,,,,145192,,,,,,,,,,,,,,,,,,
front_end,,True,kiss_icp_odometry,,,,,,,,,,,,,,,,,,,,,145217,,,,,,,,,,,,,,,,,,
front_end,,True,kiss_icp_odometry,,,,,,,,,,,,,,,,,,,,,145242,,,,,,,,,,,,,,,,,,
front_end,,True,kiss_icp_odometry,,,,,,,,,,,,,,,,,,,,,145265,,,,,,,,,,,,,,,,,,
front_end,,True,kiss_icp_odometry,,,,,,,,,,,,,,,,,,,,,145297,,,,,,,,,,,,,,,,,,
front_end,,True,kiss_icp_odometry,,,,,,,,,,,,,,,,,,,,,145335,,,,,,,,,,,,,,,,,,
front_end,,True,kiss_icp_odometry,,,,,,,,,,,,,,,,,,,,,145374,,,,,,,,,,,,,,,,,,
front_end,,True,kiss_icp_odometry,,,,,,,,,,,,,,,,,,,,,145403,,,,,,,,,,,,,,,,,,
front_end,,True,kiss_icp_odometry,,,,,,,,,,,,,,,,,,,,,145440,,,,,,,,,,,,,,,,,,
front_end,,True,kiss_icp_odometry,,,,,,,,,,,,,,,,,,,,,145462,,,,,,,,,,,,,,,,,,
front_end,,True,kiss_icp_odometry,,,,,,,,,,,,,,,,,,,,,145485,,,,,,,,,,,,,,,,,,
front_end,,True,kiss_icp_odometry,,,,,,,,,,,,,,,,,,,,,145500,,,,,,,,,,,,,,,,,,
front_end,,True,kiss_icp_odometry,,,,,,,,,,,,,,,,,,,,,145513,,,,,,,,,,,,,,,,,,
front_end,,True,kiss_icp_odometry,,,,,,,,,,,,,,,,,,,,,145538,,,,,,,,,,,,,,,,,,
front_end,,True,kiss_icp_odometry,,,,,,,,,,,,,,,,,,,,,145584,,,,,,,,,,,,,,,,,,
front_end,,True,kiss_icp_odometry,,,,,,,,,,,,,,,,,,,,,145610,,,,,,,,,,,,,,,,,,
front_end,,True,kiss_icp_odometry,,,,,,,,,,,,,,,,,,,,,145633,,,,,,,,,,,,,,,,,,
front_end,,True,kiss_icp_odometry,,,,,,,,,,,,,,,,,,,,,145689,,,,,,,,,,,,,,,,,,
front_end,,True,kiss_icp_odometry,,,,,,,,,,,,,,,,,,,,,145705,,,,,,,,,,,,,,,,,,
front_end,,True,kiss_icp_odometry,,,,,,,,,,,,,,,,,,,,,145723,,,,,,,,,,,,,,,,,,
front_end,,True,kiss_icp_odometry,,,,,,,,,,,,,,,,,,,,,145749,,,,,,,,,,,,,,,,,,
front_end,,True,kiss_icp_odometry,,,,,,,,,,,,,,,,,,,,,145776,,,,,,,,,,,,,,,,,,
front_end,,True,kiss_icp_odometry,,,,,,,,,,,,,,,,,,,,,145805,,,,,,,,,,,,,,,,,,
front_end,,True,kiss_icp_odometry,,,,,,,,,,,,,,,,,,,,,145848,,,,,,,,,,,,,,,,,,
front_end,,True,kiss_icp_odometry,,,,,,,,,,,,,,,,,,,,,145906,,,,,,,,,,,,,,,,,,
front_end,,True,kiss_icp_odometry,,,,,,,,,,,,,,,,,,,,,145930,,,,,,,,,,,,,,,,,,
front_end,,True,kiss_icp_odometry,,,,,,,,,,,,,,,,,,,,,145973,,,,,,,,,,,,,,,,,,
front_end,,True,kiss_icp_odometry,,,,,,,,,,,,,,,,,,,,,145984,,,,,,,,,,,,,,,,,,
front_end,,True,kiss_icp_odometry,,,,,,,,,,,,,,,,,,,,,146011,,,,,,,,,,,,,,,,,,
front_end,,True,kiss_icp_odometry,,,,,,,,,,,,,,,,,,,,,146037,,,,,,,,,,,,,,,,,,
front_end,,True,kiss_icp_odometry,,,,,,,,,,,,,,,,,,,,,146053,,,,,,,,,,,,,,,,,,
front_end,,True,kiss_icp_odometry,,,,,,,,,,,,,,,,,,,,,146071,,,,,,,,,,,,,,,,,,
front_end,,True,kiss_icp_odometry,,,,,,,,,,,,,,,,,,,,,146092,,,,,,,,,,,,,,,,,,
front_end,,True,kiss_icp_odometry,,,,,,,,,,,,,,,,,,,,,146117,,,,,,,,,,,,,,,,,,
front_end,,True,kiss_icp_odometry,,,,,,,,,,,,,,,,,,,,,146142,,,,,,,,,,,,,,,,,,
front_end,,True,kiss_icp_odometry,,,,,,,,,,,,,,,,,,,,,146182,,,,,,,,,,,,,,,,,,
front_end,,True,kiss_icp_odometry,,,,,,,,,,,,,,,,,,,,,146204,,,,,,,,,,,,,,,,,,
front_end,,True,kiss_icp_odometry,,,,,,,,,,,,,,,,,,,,,146228,,,,,,,,,,,,,,,,,,
front_end,,True,kiss_icp_odometry,,,,,,,,,,,,,,,,,,,,,146243,,,,,,,,,,,,,,,,,,
front_end,,True,kiss_icp_odometry,,,,,,,,,,,,,,,,,,,,,146268,,,,,,,,,,,,,,,,,,
front_end,,True,kiss_icp_odometry,,,,,,,,,,,,,,,,,,,,,146301,,,,,,,,,,,,,,,,,,
front_end,,True,kiss_icp_odometry,,,,,,,,,,,,,,,,,,,,,146323,,,,,,,,,,,,,,,,,,
front_end,,True,kiss_icp_odometry,,,,,,,,,,,,,,,,,,,,,146336,,,,,,,,,,,,,,,,,,
front_end,,True,kiss_icp_odometry,,,,,,,,,,,,,,,,,,,,,146362,,,,,,,,,,,,,,,,,,
front_end,,True,kiss_icp_odometry,,,,,,,,,,,,,,,,,,,,,146377,,,,,,,,,,,,,,,,,,
front_end,,True,kiss_icp_odometry,,,,,,,,,,,,,,,,,,,,,146390,,,,,,,,,,,,,,,,,,
front_end,,True,kiss_icp_odometry,,,,,,,,,,,,,,,,,,,,,146398,,,,,,,,,,,,,,,,,,
front_end,,True,kiss_icp_odometry,,,,,,,,,,,,,,,,,,,,,146408,,,,,,,,,,,,,,,,,,
front_end,,True,kiss_icp_odometry,,,,,,,,,,,,,,,,,,,,,146417,,,,,,,,,,,,,,,,,,
front_end,,True,kiss_icp_odometry,,,,,,,,,,,,,,,,,,,,,146430,,,,,,,,,,,,,,,,,,
front_end,,True,kiss_icp_odometry,,,,,,,,,,,,,,,,,,,,,146436,,,,,,,,,,,,,,,,,,
front_end,,True,kiss_icp_odometry,,,,,,,,,,,,,,,,,,,,,146452,,,,,,,,,,,,,,,,,,
front_end,,True,kiss_icp_odometry,,,,,,,,,,,,,,,,,,,,,146458,,,,,,,,,,,,,,,,,,
front_end,,True,kiss_icp_odometry,,,,,,,,,,,,,,,,,,,,,146468,,,,,,,,,,,,,,,,,,
front_end,,True,kiss_icp_odometry,,,,,,,,,,,,,,,,,,,,,146488,,,,,,,,,,,,,,,,,,
front_end,,True,kiss_icp_odometry,,,,,,,,,,,,,,,,,,,,,146495,,,,,,,,,,,,,,,,,,
front_end,,True,kiss_icp_odometry,,,,,,,,,,,,,,,,,,,,,146572,,,,,,,,,,,,,,,,,,
front_end,,True,kiss_icp_odometry,,,,,,,,,,,,,,,,,,,,,146591,,,,,,,,,,,,,,,,,,
front_end,,True,kiss_icp_odometry,,,,,,,,,,,,,,,,,,,,,146619,,,,,,,,,,,,,,,,,,
front_end,,True,kiss_icp_odometry,,,,,,,,,,,,,,,,,,,,,146726,,,,,,,,,,,,,,,,,,
front_end,,True,kiss_icp_odometry,,,,,,,,,,,,,,,,,,,,,146747,,,,,,,,,,,,,,,,,,
front_end,,True,kiss_icp_odometry,,,,,,,,,,,,,,,,,,,,,146819,,,,,,,,,,,,,,,,,,
front_end,,True,kiss_icp_odometry,,,,,,,,,,,,,,,,,,,,,146864,,,,,,,,,,,,,,,,,,
front_end,,True,kiss_icp_odometry,,,,,,,,,,,,,,,,,,,,,146875,,,,,,,,,,,,,,,,,,
front_end,,True,kiss_icp_odometry,,,,,,,,,,,,,,,,,,,,,146896,,,,,,,,,,,,,,,,,,
front_end,,True,kiss_icp_odometry,,,,,,,,,,,,,,,,,,,,,147208,,,,,,,,,,,,,,,,,,
front_end,,True,kiss_icp_odometry,,,,,,,,,,,,,,,,,,,,,147246,,,,,,,,,,,,,,,,,,
front_end,,True,kiss_icp_odometry,,,,,,,,,,,,,,,,,,,,,147279,,,,,,,,,,,,,,,,,,
front_end,,True,kiss_icp_odometry,,,,,,,,,,,,,,,,,,,,,147493,,,,,,,,,,,,,,,,,,
front_end,,True,kiss_icp_odometry,,,,,,,,,,,,,,,,,,,,,147557,,,,,,,,,,,,,,,,,,
front_end,,True,kiss_icp_odometry,,,,,,,,,,,,,,,,,,,,,147575,,,,,,,,,,,,,,,,,,
front_end,,True,kiss_icp_odometry,,,,,,,,,,,,,,,,,,,,,147667,,,,,,,,,,,,,,,,,,
front_end,,True,kiss_icp_odometry,,,,,,,,,,,,,,,,,,,,,147691,,,,,,,,,,,,,,,,,,
front_end,,True,kiss_icp_odometry,,,,,,,,,,,,,,,,,,,,,147739,,,,,,,,,,,,,,,,,,
front_end,,True,kiss_icp_odometry,,,,,,,,,,,,,,,,,,,,,147755,,,,,,,,,,,,,,,,,,
front_end,,True,kiss_icp_odometry,,,,,,,,,,,,,,,,,,,,,147782,,,,,,,,,,,,,,,,,,
front_end,,True,kiss_icp_odometry,,,,,,,,,,,,,,,,,,,,,147804,,,,,,,,,,,,,,,,,,
front_end,,True,kiss_icp_odometry,,,,,,,,,,,,,,,,,,,,,147827,,,,,,,,,,,,,,,,,,
front_end,,True,kiss_icp_odometry,,,,,,,,,,,,,,,,,,,,,147860,,,,,,,,,,,,,,,,,,
optimized_backend,,,,,,,36.922200000844896,,,,,,,,,,,,,,,,,,,,,,,,,,,,37,36,0,0.11266100045759231,0.0,0.0,pose_graph,False
front_end,,True,kiss_icp_odometry,,,,,,,,,,,,,,,,,,,,,147904,,,,,,,,,,,,,,,,,,
front_end,,True,kiss_icp_odometry,,,,,,,,,,,,,,,,,,,,,147938,,,,,,,,,,,,,,,,,,
front_end,,True,kiss_icp_odometry,,,,,,,,,,,,,,,,,,,,,147964,,,,,,,,,,,,,,,,,,
front_end,,True,kiss_icp_odometry,,,,,,,,,,,,,,,,,,,,,147985,,,,,,,,,,,,,,,,,,
front_end,,True,kiss_icp_odometry,,,,,,,,,,,,,,,,,,,,,148051,,,,,,,,,,,,,,,,,,
front_end,,True,kiss_icp_odometry,,,,,,,,,,,,,,,,,,,,,148088,,,,,,,,,,,,,,,,,,
front_end,,True,kiss_icp_odometry,,,,,,,,,,,,,,,,,,,,,148117,,,,,,,,,,,,,,,,,,
front_end,,True,kiss_icp_odometry,,,,,,,,,,,,,,,,,,,,,148155,,,,,,,,,,,,,,,,,,
front_end,,True,kiss_icp_odometry,,,,,,,,,,,,,,,,,,,,,148200,,,,,,,,,,,,,,,,,,
front_end,,True,kiss_icp_odometry,,,,,,,,,,,,,,,,,,,,,148225,,,,,,,,,,,,,,,,,,
front_end,,True,kiss_icp_odometry,,,,,,,,,,,,,,,,,,,,,148274,,,,,,,,,,,,,,,,,,
front_end,,True,kiss_icp_odometry,,,,,,,,,,,,,,,,,,,,,148308,,,,,,,,,,,,,,,,,,
front_end,,True,kiss_icp_odometry,,,,,,,,,,,,,,,,,,,,,148341,,,,,,,,,,,,,,,,,,
front_end,,True,kiss_icp_odometry,,,,,,,,,,,,,,,,,,,,,148381,,,,,,,,,,,,,,,,,,
front_end,,True,kiss_icp_odometry,,,,,,,,,,,,,,,,,,,,,148427,,,,,,,,,,,,,,,,,,
front_end,,True,kiss_icp_odometry,,,,,,,,,,,,,,,,,,,,,148479,,,,,,,,,,,,,,,,,,
front_end,,True,kiss_icp_odometry,,,,,,,,,,,,,,,,,,,,,148522,,,,,,,,,,,,,,,,,,
front_end,,True,kiss_icp_odometry,,,,,,,,,,,,,,,,,,,,,148559,,,,,,,,,,,,,,,,,,
front_end,,True,kiss_icp_odometry,,,,,,,,,,,,,,,,,,,,,148590,,,,,,,,,,,,,,,,,,
front_end,,True,kiss_icp_odometry,,,,,,,,,,,,,,,,,,,,,148622,,,,,,,,,,,,,,,,,,
front_end,,True,kiss_icp_odometry,,,,,,,,,,,,,,,,,,,,,148654,,,,,,,,,,,,,,,,,,
front_end,,True,kiss_icp_odometry,,,,,,,,,,,,,,,,,,,,,148687,,,,,,,,,,,,,,,,,,
front_end,,True,kiss_icp_odometry,,,,,,,,,,,,,,,,,,,,,148728,,,,,,,,,,,,,,,,,,
front_end,,True,kiss_icp_odometry,,,,,,,,,,,,,,,,,,,,,148778,,,,,,,,,,,,,,,,,,
front_end,,True,kiss_icp_odometry,,,,,,,,,,,,,,,,,,,,,148822,,,,,,,,,,,,,,,,,,
front_end,,True,kiss_icp_odometry,,,,,,,,,,,,,,,,,,,,,148866,,,,,,,,,,,,,,,,,,
front_end,,True,kiss_icp_odometry,,,,,,,,,,,,,,,,,,,,,148906,,,,,,,,,,,,,,,,,,
front_end,,True,kiss_icp_odometry,,,,,,,,,,,,,,,,,,,,,148947,,,,,,,,,,,,,,,,,,
front_end,,True,kiss_icp_odometry,,,,,,,,,,,,,,,,,,,,,148982,,,,,,,,,,,,,,,,,,
front_end,,True,kiss_icp_odometry,,,,,,,,,,,,,,,,,,,,,149024,,,,,,,,,,,,,,,,,,
front_end,,True,kiss_icp_odometry,,,,,,,,,,,,,,,,,,,,,149072,,,,,,,,,,,,,,,,,,
front_end,,True,kiss_icp_odometry,,,,,,,,,,,,,,,,,,,,,149103,,,,,,,,,,,,,,,,,,
front_end,,True,kiss_icp_odometry,,,,,,,,,,,,,,,,,,,,,149130,,,,,,,,,,,,,,,,,,
front_end,,True,kiss_icp_odometry,,,,,,,,,,,,,,,,,,,,,149150,,,,,,,,,,,,,,,,,,
front_end,,True,kiss_icp_odometry,,,,,,,,,,,,,,,,,,,,,149164,,,,,,,,,,,,,,,,,,
front_end,,True,kiss_icp_odometry,,,,,,,,,,,,,,,,,,,,,149188,,,,,,,,,,,,,,,,,,
front_end,,True,kiss_icp_odometry,,,,,,,,,,,,,,,,,,,,,149231,,,,,,,,,,,,,,,,,,
optimized_backend,,,,,,,17.28598598856479,,,,,,,,,,,,,,,,,,,,,,,,,,,,38,37,0,0.00214400643017143,0.0,0.0,pose_graph,False
front_end,,True,kiss_icp_odometry,,,,,,,,,,,,,,,,,,,,,149254,,,,,,,,,,,,,,,,,,
front_end,,True,kiss_icp_odometry,,,,,,,,,,,,,,,,,,,,,149272,,,,,,,,,,,,,,,,,,
front_end,,True,kiss_icp_odometry,,,,,,,,,,,,,,,,,,,,,149295,,,,,,,,,,,,,,,,,,
front_end,,True,kiss_icp_odometry,,,,,,,,,,,,,,,,,,,,,149330,,,,,,,,,,,,,,,,,,
front_end,,True,kiss_icp_odometry,,,,,,,,,,,,,,,,,,,,,149348,,,,,,,,,,,,,,,,,,
front_end,,True,kiss_icp_odometry,,,,,,,,,,,,,,,,,,,,,149378,,,,,,,,,,,,,,,,,,
front_end,,True,kiss_icp_odometry,,,,,,,,,,,,,,,,,,,,,149417,,,,,,,,,,,,,,,,,,
front_end,,True,kiss_icp_odometry,,,,,,,,,,,,,,,,,,,,,149446,,,,,,,,,,,,,,,,,,
front_end,,True,kiss_icp_odometry,,,,,,,,,,,,,,,,,,,,,149482,,,,,,,,,,,,,,,,,,
front_end,,True,kiss_icp_odometry,,,,,,,,,,,,,,,,,,,,,149526,,,,,,,,,,,,,,,,,,
front_end,,True,kiss_icp_odometry,,,,,,,,,,,,,,,,,,,,,149567,,,,,,,,,,,,,,,,,,
front_end,,True,kiss_icp_odometry,,,,,,,,,,,,,,,,,,,,,149616,,,,,,,,,,,,,,,,,,
front_end,,True,kiss_icp_odometry,,,,,,,,,,,,,,,,,,,,,149666,,,,,,,,,,,,,,,,,,
optimized_backend,,,,,,,21.20883199677337,,,,,,,,,,,,,,,,,,,,,,,,,,,,39,38,0,0.12274101027287543,0.0,0.0,pose_graph,False
front_end,,True,kiss_icp_odometry,,,,,,,,,,,,,,,,,,,,,149714,,,,,,,,,,,,,,,,,,
front_end,,True,kiss_icp_odometry,,,,,,,,,,,,,,,,,,,,,149741,,,,,,,,,,,,,,,,,,
front_end,,True,kiss_icp_odometry,,,,,,,,,,,,,,,,,,,,,149777,,,,,,,,,,,,,,,,,,
front_end,,True,kiss_icp_odometry,,,,,,,,,,,,,,,,,,,,,149810,,,,,,,,,,,,,,,,,,
front_end,,True,kiss_icp_odometry,,,,,,,,,,,,,,,,,,,,,149838,,,,,,,,,,,,,,,,,,
front_end,,True,kiss_icp_odometry,,,,,,,,,,,,,,,,,,,,,149881,,,,,,,,,,,,,,,,,,
front_end,,True,kiss_icp_odometry,,,,,,,,,,,,,,,,,,,,,149914,,,,,,,,,,,,,,,,,,
optimized_backend,,,,,,,22.645393997663632,,,,,,,,,,,,,,,,,,,,,,,,,,,,40,39,0,0.0023149914341047406,0.0,0.0,pose_graph,False
front_end,,True,kiss_icp_odometry,,,,,,,,,,,,,,,,,,,,,149943,,,,,,,,,,,,,,,,,,
front_end,,True,kiss_icp_odometry,,,,,,,,,,,,,,,,,,,,,149980,,,,,,,,,,,,,,,,,,
front_end,,True,kiss_icp_odometry,,,,,,,,,,,,,,,,,,,,,150011,,,,,,,,,,,,,,,,,,
front_end,,True,kiss_icp_odometry,,,,,,,,,,,,,,,,,,,,,150049,,,,,,,,,,,,,,,,,,
optimized_backend,,,,,,,27.120429003844038,,,,,,,,,,,,,,,,,,,,,,,,,,,,41,40,0,0.14083499263506383,0.0,7.6919440034544095,pose_graph,False
front_end,,True,kiss_icp_odometry,,,,,,,,,,,,,,,,,,,,,150076,,,,,,,,,,,,,,,,,,
front_end,,True,kiss_icp_odometry,,,,,,,,,,,,,,,,,,,,,150102,,,,,,,,,,,,,,,,,,
front_end,,True,kiss_icp_odometry,,,,,,,,,,,,,,,,,,,,,150129,,,,,,,,,,,,,,,,,,
front_end,,True,kiss_icp_odometry,,,,,,,,,,,,,,,,,,,,,150170,,,,,,,,,,,,,,,,,,
front_end,,True,kiss_icp_odometry,,,,,,,,,,,,,,,,,,,,,150196,,,,,,,,,,,,,,,,,,
front_end,,True,kiss_icp_odometry,,,,,,,,,,,,,,,,,,,,,150231,,,,,,,,,,,,,,,,,,
front_end,,True,kiss_icp_odometry,,,,,,,,,,,,,,,,,,,,,150268,,,,,,,,,,,,,,,,,,
optimized_backend,,,,,,,38.2573310052976,,,,,,,,,,,,,,,,,,,,,,,,,,,,42,41,0,0.0018629943951964378,0.0,0.0,pose_graph,False
front_end,,True,kiss_icp_odometry,,,,,,,,,,,,,,,,,,,,,150315,,,,,,,,,,,,,,,,,,
front_end,,True,kiss_icp_odometry,,,,,,,,,,,,,,,,,,,,,150360,,,,,,,,,,,,,,,,,,
front_end,,True,kiss_icp_odometry,,,,,,,,,,,,,,,,,,,,,150400,,,,,,,,,,,,,,,,,,
optimized_backend,,,,,,,47.92582101072185,,,,,,,,,,,,,,,,,,,,,,,,,,,,43,42,0,0.13056499301455915,0.0,0.0,pose_graph,False
front_end,,True,kiss_icp_odometry,,,,,,,,,,,,,,,,,,,,,150438,,,,,,,,,,,,,,,,,,
front_end,,True,kiss_icp_odometry,,,,,,,,,,,,,,,,,,,,,150484,,,,,,,,,,,,,,,,,,
front_end,,True,kiss_icp_odometry,,,,,,,,,,,,,,,,,,,,,150525,,,,,,,,,,,,,,,,,,
front_end,,True,kiss_icp_odometry,,,,,,,,,,,,,,,,,,,,,150571,,,,,,,,,,,,,,,,,,
front_end,,True,kiss_icp_odometry,,,,,,,,,,,,,,,,,,,,,150622,,,,,,,,,,,,,,,,,,
optimized_backend,,,,,,,31.543655990390107,,,,,,,,,,,,,,,,,,,,,,,,,,,,44,43,0,0.0018639984773471951,0.0,0.0,pose_graph,False
front_end,,True,kiss_icp_odometry,,,,,,,,,,,,,,,,,,,,,150671,,,,,,,,,,,,,,,,,,
front_end,,True,kiss_icp_odometry,,,,,,,,,,,,,,,,,,,,,150702,,,,,,,,,,,,,,,,,,
front_end,,True,kiss_icp_odometry,,,,,,,,,,,,,,,,,,,,,150744,,,,,,,,,,,,,,,,,,
front_end,,True,kiss_icp_odometry,,,,,,,,,,,,,,,,,,,,,150783,,,,,,,,,,,,,,,,,,
front_end,,True,kiss_icp_odometry,,,,,,,,,,,,,,,,,,,,,150850,,,,,,,,,,,,,,,,,,
optimized_backend,,,,,,,29.28501900169067,,,,,,,,,,,,,,,,,,,,,,,,,,,,45,44,0,0.1788160006981343,0.0,0.0,pose_graph,False
front_end,,True,kiss_icp_odometry,,,,,,,,,,,,,,,,,,,,,150892,,,,,,,,,,,,,,,,,,
front_end,,True,kiss_icp_odometry,,,,,,,,,,,,,,,,,,,,,150930,,,,,,,,,,,,,,,,,,
front_end,,True,kiss_icp_odometry,,,,,,,,,,,,,,,,,,,,,150960,,,,,,,,,,,,,,,,,,
front_end,,True,kiss_icp_odometry,,,,,,,,,,,,,,,,,,,,,151007,,,,,,,,,,,,,,,,,,
front_end,,True,kiss_icp_odometry,,,,,,,,,,,,,,,,,,,,,151042,,,,,,,,,,,,,,,,,,
optimized_backend,,,,,,,28.122974006691948,,,,,,,,,,,,,,,,,,,,,,,,,,,,46,45,0,0.0016729900380596519,0.0,0.0,pose_graph,False
front_end,,True,kiss_icp_odometry,,,,,,,,,,,,,,,,,,,,,151101,,,,,,,,,,,,,,,,,,
front_end,,True,kiss_icp_odometry,,,,,,,,,,,,,,,,,,,,,151128,,,,,,,,,,,,,,,,,,
front_end,,True,kiss_icp_odometry,,,,,,,,,,,,,,,,,,,,,151164,,,,,,,,,,,,,,,,,,
front_end,,True,kiss_icp_odometry,,,,,,,,,,,,,,,,,,,,,151196,,,,,,,,,,,,,,,,,,
optimized_backend,,,,,,,39.48007000144571,,,,,,,,,,,,,,,,,,,,,,,,,,,,47,46,0,0.20525600120890886,0.0,0.0,pose_graph,False
front_end,,True,kiss_icp_odometry,,,,,,,,,,,,,,,,,,,,,151236,,,,,,,,,,,,,,,,,,
front_end,,True,kiss_icp_odometry,,,,,,,,,,,,,,,,,,,,,151275,,,,,,,,,,,,,,,,,,
front_end,,True,kiss_icp_odometry,,,,,,,,,,,,,,,,,,,,,151293,,,,,,,,,,,,,,,,,,
front_end,,True,kiss_icp_odometry,,,,,,,,,,,,,,,,,,,,,151317,,,,,,,,,,,,,,,,,,
front_end,,True,kiss_icp_odometry,,,,,,,,,,,,,,,,,,,,,151359,,,,,,,,,,,,,,,,,,
front_end,,True,kiss_icp_odometry,,,,,,,,,,,,,,,,,,,,,151379,,,,,,,,,,,,,,,,,,
front_end,,True,kiss_icp_odometry,,,,,,,,,,,,,,,,,,,,,151426,,,,,,,,,,,,,,,,,,
front_end,,True,kiss_icp_odometry,,,,,,,,,,,,,,,,,,,,,151440,,,,,,,,,,,,,,,,,,
front_end,,True,kiss_icp_odometry,,,,,,,,,,,,,,,,,,,,,151465,,,,,,,,,,,,,,,,,,
optimized_backend,,,,,,,25.894844002323225,,,,,,,,,,,,,,,,,,,,,,,,,,,,48,47,0,0.002064000000245869,0.0,0.0,pose_graph,False
front_end,,True,kiss_icp_odometry,,,,,,,,,,,,,,,,,,,,,151486,,,,,,,,,,,,,,,,,,
front_end,,True,kiss_icp_odometry,,,,,,,,,,,,,,,,,,,,,151501,,,,,,,,,,,,,,,,,,
front_end,,True,kiss_icp_odometry,,,,,,,,,,,,,,,,,,,,,151533,,,,,,,,,,,,,,,,,,
front_end,,True,kiss_icp_odometry,,,,,,,,,,,,,,,,,,,,,151568,,,,,,,,,,,,,,,,,,
front_end,,True,kiss_icp_odometry,,,,,,,,,,,,,,,,,,,,,151578,,,,,,,,,,,,,,,,,,
front_end,,True,kiss_icp_odometry,,,,,,,,,,,,,,,,,,,,,151600,,,,,,,,,,,,,,,,,,
front_end,,True,kiss_icp_odometry,,,,,,,,,,,,,,,,,,,,,151624,,,,,,,,,,,,,,,,,,
optimized_backend,,,,,,,32.15683900634758,,,,,,,,,,,,,,,,,,,,,,,,,,,,49,48,0,0.1963889953913167,0.0,0.0,pose_graph,False
front_end,,True,kiss_icp_odometry,,,,,,,,,,,,,,,,,,,,,151648,,,,,,,,,,,,,,,,,,
front_end,,True,kiss_icp_odometry,,,,,,,,,,,,,,,,,,,,,151669,,,,,,,,,,,,,,,,,,
front_end,,True,kiss_icp_odometry,,,,,,,,,,,,,,,,,,,,,151675,,,,,,,,,,,,,,,,,,
front_end,,True,kiss_icp_odometry,,,,,,,,,,,,,,,,,,,,,151687,,,,,,,,,,,,,,,,,,
front_end,,True,kiss_icp_odometry,,,,,,,,,,,,,,,,,,,,,151696,,,,,,,,,,,,,,,,,,
front_end,,True,kiss_icp_odometry,,,,,,,,,,,,,,,,,,,,,151703,,,,,,,,,,,,,,,,,,
front_end,,True,kiss_icp_odometry,,,,,,,,,,,,,,,,,,,,,151708,,,,,,,,,,,,,,,,,,
front_end,,True,kiss_icp_odometry,,,,,,,,,,,,,,,,,,,,,151714,,,,,,,,,,,,,,,,,,
front_end,,True,kiss_icp_odometry,,,,,,,,,,,,,,,,,,,,,151721,,,,,,,,,,,,,,,,,,
front_end,,True,kiss_icp_odometry,,,,,,,,,,,,,,,,,,,,,151741,,,,,,,,,,,,,,,,,,
front_end,,True,kiss_icp_odometry,,,,,,,,,,,,,,,,,,,,,151749,,,,,,,,,,,,,,,,,,
front_end,,True,kiss_icp_odometry,,,,,,,,,,,,,,,,,,,,,151754,,,,,,,,,,,,,,,,,,
front_end,,True,kiss_icp_odometry,,,,,,,,,,,,,,,,,,,,,151765,,,,,,,,,,,,,,,,,,
optimized_backend,,,,,,,34.294708995730616,,,,,,,,,,,,,,,,,,,,,,,,,,,,50,49,0,0.0019339931895956397,0.0,0.0,pose_graph,False
front_end,,True,kiss_icp_odometry,,,,,,,,,,,,,,,,,,,,,151773,,,,,,,,,,,,,,,,,,
front_end,,True,kiss_icp_odometry,,,,,,,,,,,,,,,,,,,,,151782,,,,,,,,,,,,,,,,,,
front_end,,True,kiss_icp_odometry,,,,,,,,,,,,,,,,,,,,,151789,,,,,,,,,,,,,,,,,,
front_end,,True,kiss_icp_odometry,,,,,,,,,,,,,,,,,,,,,151795,,,,,,,,,,,,,,,,,,
front_end,,True,kiss_icp_odometry,,,,,,,,,,,,,,,,,,,,,151800,,,,,,,,,,,,,,,,,,
front_end,,True,kiss_icp_odometry,,,,,,,,,,,,,,,,,,,,,151813,,,,,,,,,,,,,,,,,,
front_end,,True,kiss_icp_odometry,,,,,,,,,,,,,,,,,,,,,151822,,,,,,,,,,,,,,,,,,
front_end,,True,kiss_icp_odometry,,,,,,,,,,,,,,,,,,,,,151836,,,,,,,,,,,,,,,,,,
front_end,,True,kiss_icp_odometry,,,,,,,,,,,,,,,,,,,,,151845,,,,,,,,,,,,,,,,,,
front_end,,True,kiss_icp_odometry,,,,,,,,,,,,,,,,,,,,,151849,,,,,,,,,,,,,,,,,,
front_end,,True,kiss_icp_odometry,,,,,,,,,,,,,,,,,,,,,151871,,,,,,,,,,,,,,,,,,
front_end,,True,kiss_icp_odometry,,,,,,,,,,,,,,,,,,,,,151873,,,,,,,,,,,,,,,,,,
front_end,,True,kiss_icp_odometry,,,,,,,,,,,,,,,,,,,,,151884,,,,,,,,,,,,,,,,,,
front_end,,True,kiss_icp_odometry,,,,,,,,,,,,,,,,,,,,,151895,,,,,,,,,,,,,,,,,,
front_end,,True,kiss_icp_odometry,,,,,,,,,,,,,,,,,,,,,151911,,,,,,,,,,,,,,,,,,
front_end,,True,kiss_icp_odometry,,,,,,,,,,,,,,,,,,,,,151934,,,,,,,,,,,,,,,,,,
front_end,,True,kiss_icp_odometry,,,,,,,,,,,,,,,,,,,,,151951,,,,,,,,,,,,,,,,,,
front_end,,True,kiss_icp_odometry,,,,,,,,,,,,,,,,,,,,,151958,,,,,,,,,,,,,,,,,,
optimized_backend,,,,,,,59.10884001059458,,,,,,,,,,,,,,,,,,,,,,,,,,,,51,50,0,0.18458699923940003,0.0,22.483259002910927,pose_graph,False
front_end,,True,kiss_icp_odometry,,,,,,,,,,,,,,,,,,,,,151965,,,,,,,,,,,,,,,,,,
front_end,,True,kiss_icp_odometry,,,,,,,,,,,,,,,,,,,,,151975,,,,,,,,,,,,,,,,,,
front_end,,True,kiss_icp_odometry,,,,,,,,,,,,,,,,,,,,,151988,,,,,,,,,,,,,,,,,,
front_end,,True,kiss_icp_odometry,,,,,,,,,,,,,,,,,,,,,151993,,,,,,,,,,,,,,,,,,
front_end,,True,kiss_icp_odometry,,,,,,,,,,,,,,,,,,,,,152000,,,,,,,,,,,,,,,,,,
front_end,,True,kiss_icp_odometry,,,,,,,,,,,,,,,,,,,,,152015,,,,,,,,,,,,,,,,,,
optimized_backend,,,,,,,39.663564995862544,,,,,,,,,,,,,,,,,,,,,,,,,,,,52,51,0,0.0024450127966701984,0.0,0.0,pose_graph,False
front_end,,True,kiss_icp_odometry,,,,,,,,,,,,,,,,,,,,,152025,,,,,,,,,,,,,,,,,,
front_end,,True,kiss_icp_odometry,,,,,,,,,,,,,,,,,,,,,152033,,,,,,,,,,,,,,,,,,
front_end,,True,kiss_icp_odometry,,,,,,,,,,,,,,,,,,,,,152042,,,,,,,,,,,,,,,,,,
front_end,,True,kiss_icp_odometry,,,,,,,,,,,,,,,,,,,,,152049,,,,,,,,,,,,,,,,,,
front_end,,True,kiss_icp_odometry,,,,,,,,,,,,,,,,,,,,,152063,,,,,,,,,,,,,,,,,,
front_end,,True,kiss_icp_odometry,,,,,,,,,,,,,,,,,,,,,152074,,,,,,,,,,,,,,,,,,
front_end,,True,kiss_icp_odometry,,,,,,,,,,,,,,,,,,,,,152084,,,,,,,,,,,,,,,,,,
front_end,,True,kiss_icp_odometry,,,,,,,,,,,,,,,,,,,,,152092,,,,,,,,,,,,,,,,,,
front_end,,True,kiss_icp_odometry,,,,,,,,,,,,,,,,,,,,,152099,,,,,,,,,,,,,,,,,,
front_end,,True,kiss_icp_odometry,,,,,,,,,,,,,,,,,,,,,152128,,,,,,,,,,,,,,,,,,
front_end,,True,kiss_icp_odometry,,,,,,,,,,,,,,,,,,,,,152165,,,,,,,,,,,,,,,,,,
front_end,,True,kiss_icp_odometry,,,,,,,,,,,,,,,,,,,,,152173,,,,,,,,,,,,,,,,,,
front_end,,True,kiss_icp_odometry,,,,,,,,,,,,,,,,,,,,,152180,,,,,,,,,,,,,,,,,,
front_end,,True,kiss_icp_odometry,,,,,,,,,,,,,,,,,,,,,152193,,,,,,,,,,,,,,,,,,
front_end,,True,kiss_icp_odometry,,,,,,,,,,,,,,,,,,,,,152195,,,,,,,,,,,,,,,,,,
front_end,,True,kiss_icp_odometry,,,,,,,,,,,,,,,,,,,,,152198,,,,,,,,,,,,,,,,,,
front_end,,True,kiss_icp_odometry,,,,,,,,,,,,,,,,,,,,,152207,,,,,,,,,,,,,,,,,,
front_end,,True,kiss_icp_odometry,,,,,,,,,,,,,,,,,,,,,152212,,,,,,,,,,,,,,,,,,
front_end,,True,kiss_icp_odometry,,,,,,,,,,,,,,,,,,,,,152217,,,,,,,,,,,,,,,,,,
front_end,,True,kiss_icp_odometry,,,,,,,,,,,,,,,,,,,,,152219,,,,,,,,,,,,,,,,,,
front_end,,True,kiss_icp_odometry,,,,,,,,,,,,,,,,,,,,,152221,,,,,,,,,,,,,,,,,,
front_end,,True,kiss_icp_odometry,,,,,,,,,,,,,,,,,,,,,152226,,,,,,,,,,,,,,,,,,
front_end,,True,kiss_icp_odometry,,,,,,,,,,,,,,,,,,,,,152229,,,,,,,,,,,,,,,,,,
front_end,,True,kiss_icp_odometry,,,,,,,,,,,,,,,,,,,,,152236,,,,,,,,,,,,,,,,,,
front_end,,True,kiss_icp_odometry,,,,,,,,,,,,,,,,,,,,,152239,,,,,,,,,,,,,,,,,,
front_end,,True,kiss_icp_odometry,,,,,,,,,,,,,,,,,,,,,152243,,,,,,,,,,,,,,,,,,
front_end,,True,kiss_icp_odometry,,,,,,,,,,,,,,,,,,,,,152246,,,,,,,,,,,,,,,,,,
front_end,,True,kiss_icp_odometry,,,,,,,,,,,,,,,,,,,,,152250,,,,,,,,,,,,,,,,,,
front_end,,True,kiss_icp_odometry,,,,,,,,,,,,,,,,,,,,,152251,,,,,,,,,,,,,,,,,,
front_end,,True,kiss_icp_odometry,,,,,,,,,,,,,,,,,,,,,152254,,,,,,,,,,,,,,,,,,
front_end,,True,kiss_icp_odometry,,,,,,,,,,,,,,,,,,,,,152257,,,,,,,,,,,,,,,,,,
front_end,,True,kiss_icp_odometry,,,,,,,,,,,,,,,,,,,,,152263,,,,,,,,,,,,,,,,,,
front_end,,True,kiss_icp_odometry,,,,,,,,,,,,,,,,,,,,,152263,,,,,,,,,,,,,,,,,,
front_end,,True,kiss_icp_odometry,,,,,,,,,,,,,,,,,,,,,152266,,,,,,,,,,,,,,,,,,
front_end,,True,kiss_icp_odometry,,,,,,,,,,,,,,,,,,,,,152267,,,,,,,,,,,,,,,,,,
front_end,,True,kiss_icp_odometry,,,,,,,,,,,,,,,,,,,,,152268,,,,,,,,,,,,,,,,,,
front_end,,True,kiss_icp_odometry,,,,,,,,,,,,,,,,,,,,,152271,,,,,,,,,,,,,,,,,,
front_end,,True,kiss_icp_odometry,,,,,,,,,,,,,,,,,,,,,152272,,,,,,,,,,,,,,,,,,
front_end,,True,kiss_icp_odometry,,,,,,,,,,,,,,,,,,,,,152275,,,,,,,,,,,,,,,,,,
front_end,,True,kiss_icp_odometry,,,,,,,,,,,,,,,,,,,,,152278,,,,,,,,,,,,,,,,,,
front_end,,True,kiss_icp_odometry,,,,,,,,,,,,,,,,,,,,,152281,,,,,,,,,,,,,,,,,,
front_end,,True,kiss_icp_odometry,,,,,,,,,,,,,,,,,,,,,152282,,,,,,,,,,,,,,,,,,
front_end,,True,kiss_icp_odometry,,,,,,,,,,,,,,,,,,,,,152285,,,,,,,,,,,,,,,,,,
front_end,,True,kiss_icp_odometry,,,,,,,,,,,,,,,,,,,,,152287,,,,,,,,,,,,,,,,,,
front_end,,True,kiss_icp_odometry,,,,,,,,,,,,,,,,,,,,,152288,,,,,,,,,,,,,,,,,,
front_end,,True,kiss_icp_odometry,,,,,,,,,,,,,,,,,,,,,152294,,,,,,,,,,,,,,,,,,
front_end,,True,kiss_icp_odometry,,,,,,,,,,,,,,,,,,,,,152296,,,,,,,,,,,,,,,,,,
front_end,,True,kiss_icp_odometry,,,,,,,,,,,,,,,,,,,,,152299,,,,,,,,,,,,,,,,,,
front_end,,True,kiss_icp_odometry,,,,,,,,,,,,,,,,,,,,,152301,,,,,,,,,,,,,,,,,,
front_end,,True,kiss_icp_odometry,,,,,,,,,,,,,,,,,,,,,152304,,,,,,,,,,,,,,,,,,
front_end,,True,kiss_icp_odometry,,,,,,,,,,,,,,,,,,,,,152361,,,,,,,,,,,,,,,,,,
front_end,,True,kiss_icp_odometry,,,,,,,,,,,,,,,,,,,,,152382,,,,,,,,,,,,,,,,,,
front_end,,True,kiss_icp_odometry,,,,,,,,,,,,,,,,,,,,,152418,,,,,,,,,,,,,,,,,,
front_end,,True,kiss_icp_odometry,,,,,,,,,,,,,,,,,,,,,152426,,,,,,,,,,,,,,,,,,
front_end,,True,kiss_icp_odometry,,,,,,,,,,,,,,,,,,,,,152476,,,,,,,,,,,,,,,,,,
front_end,,True,kiss_icp_odometry,,,,,,,,,,,,,,,,,,,,,152484,,,,,,,,,,,,,,,,,,
front_end,,True,kiss_icp_odometry,,,,,,,,,,,,,,,,,,,,,152488,,,,,,,,,,,,,,,,,,
front_end,,True,kiss_icp_odometry,,,,,,,,,,,,,,,,,,,,,152501,,,,,,,,,,,,,,,,,,
front_end,,True,kiss_icp_odometry,,,,,,,,,,,,,,,,,,,,,152506,,,,,,,,,,,,,,,,,,
front_end,,True,kiss_icp_odometry,,,,,,,,,,,,,,,,,,,,,152521,,,,,,,,,,,,,,,,,,
front_end,,True,kiss_icp_odometry,,,,,,,,,,,,,,,,,,,,,152523,,,,,,,,,,,,,,,,,,
front_end,,True,kiss_icp_odometry,,,,,,,,,,,,,,,,,,,,,152526,,,,,,,,,,,,,,,,,,
front_end,,True,kiss_icp_odometry,,,,,,,,,,,,,,,,,,,,,152533,,,,,,,,,,,,,,,,,,
front_end,,True,kiss_icp_odometry,,,,,,,,,,,,,,,,,,,,,152546,,,,,,,,,,,,,,,,,,
front_end,,True,kiss_icp_odometry,,,,,,,,,,,,,,,,,,,,,152557,,,,,,,,,,,,,,,,,,
front_end,,True,kiss_icp_odometry,,,,,,,,,,,,,,,,,,,,,152563,,,,,,,,,,,,,,,,,,
front_end,,True,kiss_icp_odometry,,,,,,,,,,,,,,,,,,,,,152575,,,,,,,,,,,,,,,,,,
front_end,,True,kiss_icp_odometry,,,,,,,,,,,,,,,,,,,,,152580,,,,,,,,,,,,,,,,,,
front_end,,True,kiss_icp_odometry,,,,,,,,,,,,,,,,,,,,,152584,,,,,,,,,,,,,,,,,,
front_end,,True,kiss_icp_odometry,,,,,,,,,,,,,,,,,,,,,152585,,,,,,,,,,,,,,,,,,
front_end,,True,kiss_icp_odometry,,,,,,,,,,,,,,,,,,,,,152590,,,,,,,,,,,,,,,,,,
front_end,,True,kiss_icp_odometry,,,,,,,,,,,,,,,,,,,,,152592,,,,,,,,,,,,,,,,,,
front_end,,True,kiss_icp_odometry,,,,,,,,,,,,,,,,,,,,,152596,,,,,,,,,,,,,,,,,,
front_end,,True,kiss_icp_odometry,,,,,,,,,,,,,,,,,,,,,152598,,,,,,,,,,,,,,,,,,
front_end,,True,kiss_icp_odometry,,,,,,,,,,,,,,,,,,,,,152600,,,,,,,,,,,,,,,,,,
front_end,,True,kiss_icp_odometry,,,,,,,,,,,,,,,,,,,,,152601,,,,,,,,,,,,,,,,,,
front_end,,True,kiss_icp_odometry,,,,,,,,,,,,,,,,,,,,,152602,,,,,,,,,,,,,,,,,,
front_end,,True,kiss_icp_odometry,,,,,,,,,,,,,,,,,,,,,152606,,,,,,,,,,,,,,,,,,
front_end,,True,kiss_icp_odometry,,,,,,,,,,,,,,,,,,,,,152607,,,,,,,,,,,,,,,,,,
front_end,,True,kiss_icp_odometry,,,,,,,,,,,,,,,,,,,,,152613,,,,,,,,,,,,,,,,,,
front_end,,True,kiss_icp_odometry,,,,,,,,,,,,,,,,,,,,,152613,,,,,,,,,,,,,,,,,,
front_end,,True,kiss_icp_odometry,,,,,,,,,,,,,,,,,,,,,152615,,,,,,,,,,,,,,,,,,
front_end,,True,kiss_icp_odometry,,,,,,,,,,,,,,,,,,,,,152618,,,,,,,,,,,,,,,,,,
front_end,,True,kiss_icp_odometry,,,,,,,,,,,,,,,,,,,,,152623,,,,,,,,,,,,,,,,,,
front_end,,True,kiss_icp_odometry,,,,,,,,,,,,,,,,,,,,,152625,,,,,,,,,,,,,,,,,,
front_end,,True,kiss_icp_odometry,,,,,,,,,,,,,,,,,,,,,152625,,,,,,,,,,,,,,,,,,
front_end,,True,kiss_icp_odometry,,,,,,,,,,,,,,,,,,,,,152636,,,,,,,,,,,,,,,,,,
front_end,,True,kiss_icp_odometry,,,,,,,,,,,,,,,,,,,,,152642,,,,,,,,,,,,,,,,,,
front_end,,True,kiss_icp_odometry,,,,,,,,,,,,,,,,,,,,,152644,,,,,,,,,,,,,,,,,,
front_end,,True,kiss_icp_odometry,,,,,,,,,,,,,,,,,,,,,152685,,,,,,,,,,,,,,,,,,
front_end,,True,kiss_icp_odometry,,,,,,,,,,,,,,,,,,,,,152705,,,,,,,,,,,,,,,,,,
front_end,,True,kiss_icp_odometry,,,,,,,,,,,,,,,,,,,,,152712,,,,,,,,,,,,,,,,,,
front_end,,True,kiss_icp_odometry,,,,,,,,,,,,,,,,,,,,,152722,,,,,,,,,,,,,,,,,,
front_end,,True,kiss_icp_odometry,,,,,,,,,,,,,,,,,,,,,152739,,,,,,,,,,,,,,,,,,
front_end,,True,kiss_icp_odometry,,,,,,,,,,,,,,,,,,,,,152754,,,,,,,,,,,,,,,,,,
front_end,,True,kiss_icp_odometry,,,,,,,,,,,,,,,,,,,,,152763,,,,,,,,,,,,,,,,,,
front_end,,True,kiss_icp_odometry,,,,,,,,,,,,,,,,,,,,,152771,,,,,,,,,,,,,,,,,,
front_end,,True,kiss_icp_odometry,,,,,,,,,,,,,,,,,,,,,152785,,,,,,,,,,,,,,,,,,
front_end,,True,kiss_icp_odometry,,,,,,,,,,,,,,,,,,,,,152797,,,,,,,,,,,,,,,,,,
front_end,,True,kiss_icp_odometry,,,,,,,,,,,,,,,,,,,,,152808,,,,,,,,,,,,,,,,,,
front_end,,True,kiss_icp_odometry,,,,,,,,,,,,,,,,,,,,,152818,,,,,,,,,,,,,,,,,,
front_end,,True,kiss_icp_odometry,,,,,,,,,,,,,,,,,,,,,152855,,,,,,,,,,,,,,,,,,
front_end,,True,kiss_icp_odometry,,,,,,,,,,,,,,,,,,,,,152874,,,,,,,,,,,,,,,,,,
front_end,,True,kiss_icp_odometry,,,,,,,,,,,,,,,,,,,,,152897,,,,,,,,,,,,,,,,,,
front_end,,True,kiss_icp_odometry,,,,,,,,,,,,,,,,,,,,,152931,,,,,,,,,,,,,,,,,,
front_end,,True,kiss_icp_odometry,,,,,,,,,,,,,,,,,,,,,152959,,,,,,,,,,,,,,,,,,
front_end,,True,kiss_icp_odometry,,,,,,,,,,,,,,,,,,,,,152974,,,,,,,,,,,,,,,,,,
front_end,,True,kiss_icp_odometry,,,,,,,,,,,,,,,,,,,,,152992,,,,,,,,,,,,,,,,,,
front_end,,True,kiss_icp_odometry,,,,,,,,,,,,,,,,,,,,,153006,,,,,,,,,,,,,,,,,,
front_end,,True,kiss_icp_odometry,,,,,,,,,,,,,,,,,,,,,153044,,,,,,,,,,,,,,,,,,
front_end,,True,kiss_icp_odometry,,,,,,,,,,,,,,,,,,,,,153083,,,,,,,,,,,,,,,,,,
front_end,,True,kiss_icp_odometry,,,,,,,,,,,,,,,,,,,,,153102,,,,,,,,,,,,,,,,,,
front_end,,True,kiss_icp_odometry,,,,,,,,,,,,,,,,,,,,,153126,,,,,,,,,,,,,,,,,,
optimized_backend,,,,,,,42.054801000631414,,,,,,,,,,,,,,,,,,,,,,,,,,,,53,52,0,0.23666500055696815,0.0,0.0,pose_graph,False
front_end,,True,kiss_icp_odometry,,,,,,,,,,,,,,,,,,,,,153176,,,,,,,,,,,,,,,,,,
front_end,,True,kiss_icp_odometry,,,,,,,,,,,,,,,,,,,,,153258,,,,,,,,,,,,,,,,,,
front_end,,True,kiss_icp_odometry,,,,,,,,,,,,,,,,,,,,,153285,,,,,,,,,,,,,,,,,,
front_end,,True,kiss_icp_odometry,,,,,,,,,,,,,,,,,,,,,153308,,,,,,,,,,,,,,,,,,
front_end,,True,kiss_icp_odometry,,,,,,,,,,,,,,,,,,,,,153321,,,,,,,,,,,,,,,,,,
front_end,,True,kiss_icp_odometry,,,,,,,,,,,,,,,,,,,,,153343,,,,,,,,,,,,,,,,,,
front_end,,True,kiss_icp_odometry,,,,,,,,,,,,,,,,,,,,,153360,,,,,,,,,,,,,,,,,,
front_end,,True,kiss_icp_odometry,,,,,,,,,,,,,,,,,,,,,153394,,,,,,,,,,,,,,,,,,
front_end,,True,kiss_icp_odometry,,,,,,,,,,,,,,,,,,,,,153412,,,,,,,,,,,,,,,,,,
front_end,,True,kiss_icp_odometry,,,,,,,,,,,,,,,,,,,,,153446,,,,,,,,,,,,,,,,,,
front_end,,True,kiss_icp_odometry,,,,,,,,,,,,,,,,,,,,,153475,,,,,,,,,,,,,,,,,,
front_end,,True,kiss_icp_odometry,,,,,,,,,,,,,,,,,,,,,153522,,,,,,,,,,,,,,,,,,
front_end,,True,kiss_icp_odometry,,,,,,,,,,,,,,,,,,,,,153547,,,,,,,,,,,,,,,,,,
front_end,,True,kiss_icp_odometry,,,,,,,,,,,,,,,,,,,,,153566,,,,,,,,,,,,,,,,,,
front_end,,True,kiss_icp_odometry,,,,,,,,,,,,,,,,,,,,,153578,,,,,,,,,,,,,,,,,,
front_end,,True,kiss_icp_odometry,,,,,,,,,,,,,,,,,,,,,153592,,,,,,,,,,,,,,,,,,
front_end,,True,kiss_icp_odometry,,,,,,,,,,,,,,,,,,,,,153632,,,,,,,,,,,,,,,,,,
front_end,,True,kiss_icp_odometry,,,,,,,,,,,,,,,,,,,,,153664,,,,,,,,,,,,,,,,,,
front_end,,True,kiss_icp_odometry,,,,,,,,,,,,,,,,,,,,,153680,,,,,,,,,,,,,,,,,,
front_end,,True,kiss_icp_odometry,,,,,,,,,,,,,,,,,,,,,153705,,,,,,,,,,,,,,,,,,
front_end,,True,kiss_icp_odometry,,,,,,,,,,,,,,,,,,,,,153719,,,,,,,,,,,,,,,,,,
front_end,,True,kiss_icp_odometry,,,,,,,,,,,,,,,,,,,,,153755,,,,,,,,,,,,,,,,,,
front_end,,True,kiss_icp_odometry,,,,,,,,,,,,,,,,,,,,,153794,,,,,,,,,,,,,,,,,,
optimized_backend,,,,,,,46.404139007790945,,,,,,,,,,,,,,,,,,,,,,,,,,,,54,53,0,0.0020139996195212007,0.0,0.0,pose_graph,False
front_end,,True,kiss_icp_odometry,,,,,,,,,,,,,,,,,,,,,153812,,,,,,,,,,,,,,,,,,
front_end,,True,kiss_icp_odometry,,,,,,,,,,,,,,,,,,,,,153838,,,,,,,,,,,,,,,,,,
front_end,,True,kiss_icp_odometry,,,,,,,,,,,,,,,,,,,,,153857,,,,,,,,,,,,,,,,,,
front_end,,True,kiss_icp_odometry,,,,,,,,,,,,,,,,,,,,,153887,,,,,,,,,,,,,,,,,,
front_end,,True,kiss_icp_odometry,,,,,,,,,,,,,,,,,,,,,153913,,,,,,,,,,,,,,,,,,
front_end,,True,kiss_icp_odometry,,,,,,,,,,,,,,,,,,,,,153940,,,,,,,,,,,,,,,,,,
front_end,,True,kiss_icp_odometry,,,,,,,,,,,,,,,,,,,,,153966,,,,,,,,,,,,,,,,,,
front_end,,True,kiss_icp_odometry,,,,,,,,,,,,,,,,,,,,,153991,,,,,,,,,,,,,,,,,,
front_end,,True,kiss_icp_odometry,,,,,,,,,,,,,,,,,,,,,154032,,,,,,,,,,,,,,,,,,
front_end,,True,kiss_icp_odometry,,,,,,,,,,,,,,,,,,,,,154061,,,,,,,,,,,,,,,,,,
front_end,,True,kiss_icp_odometry,,,,,,,,,,,,,,,,,,,,,154097,,,,,,,,,,,,,,,,,,
front_end,,True,kiss_icp_odometry,,,,,,,,,,,,,,,,,,,,,154122,,,,,,,,,,,,,,,,,,
front_end,,True,kiss_icp_odometry,,,,,,,,,,,,,,,,,,,,,154156,,,,,,,,,,,,,,,,,,
front_end,,True,kiss_icp_odometry,,,,,,,,,,,,,,,,,,,,,154188,,,,,,,,,,,,,,,,,,
front_end,,True,kiss_icp_odometry,,,,,,,,,,,,,,,,,,,,,154218,,,,,,,,,,,,,,,,,,
front_end,,True,kiss_icp_odometry,,,,,,,,,,,,,,,,,,,,,154241,,,,,,,,,,,,,,,,,,
front_end,,True,kiss_icp_odometry,,,,,,,,,,,,,,,,,,,,,154271,,,,,,,,,,,,,,,,,,
front_end,,True,kiss_icp_odometry,,,,,,,,,,,,,,,,,,,,,154329,,,,,,,,,,,,,,,,,,
front_end,,True,kiss_icp_odometry,,,,,,,,,,,,,,,,,,,,,154369,,,,,,,,,,,,,,,,,,
front_end,,True,kiss_icp_odometry,,,,,,,,,,,,,,,,,,,,,154408,,,,,,,,,,,,,,,,,,
front_end,,True,kiss_icp_odometry,,,,,,,,,,,,,,,,,,,,,154439,,,,,,,,,,,,,,,,,,
front_end,,True,kiss_icp_odometry,,,,,,,,,,,,,,,,,,,,,154466,,,,,,,,,,,,,,,,,,
front_end,,True,kiss_icp_odometry,,,,,,,,,,,,,,,,,,,,,154495,,,,,,,,,,,,,,,,,,
front_end,,True,kiss_icp_odometry,,,,,,,,,,,,,,,,,,,,,154517,,,,,,,,,,,,,,,,,,
front_end,,True,kiss_icp_odometry,,,,,,,,,,,,,,,,,,,,,154553,,,,,,,,,,,,,,,,,,
front_end,,True,kiss_icp_odometry,,,,,,,,,,,,,,,,,,,,,154586,,,,,,,,,,,,,,,,,,
front_end,,True,kiss_icp_odometry,,,,,,,,,,,,,,,,,,,,,154614,,,,,,,,,,,,,,,,,,
front_end,,True,kiss_icp_odometry,,,,,,,,,,,,,,,,,,,,,154648,,,,,,,,,,,,,,,,,,
front_end,,True,kiss_icp_odometry,,,,,,,,,,,,,,,,,,,,,154678,,,,,,,,,,,,,,,,,,
front_end,,True,kiss_icp_odometry,,,,,,,,,,,,,,,,,,,,,154745,,,,,,,,,,,,,,,,,,
optimized_backend,,,,,,,676.135390996933,,,,,,,,,,,,,,,,,,,,,,,,,,,,55,55,1,606.0546299995622,7.415304004098289,11.80359598947689,pose_graph,True
front_end,,True,kiss_icp_odometry,,,,,,,,,,,,,,,,,,,,,154783,,,,,,,,,,,,,,,,,,
front_end,,True,kiss_icp_odometry,,,,,,,,,,,,,,,,,,,,,154808,,,,,,,,,,,,,,,,,,
front_end,,True,kiss_icp_odometry,,,,,,,,,,,,,,,,,,,,,154834,,,,,,,,,,,,,,,,,,
front_end,,True,kiss_icp_odometry,,,,,,,,,,,,,,,,,,,,,154869,,,,,,,,,,,,,,,,,,
front_end,,True,kiss_icp_odometry,,,,,,,,,,,,,,,,,,,,,154900,,,,,,,,,,,,,,,,,,
front_end,,True,kiss_icp_odometry,,,,,,,,,,,,,,,,,,,,,154929,,,,,,,,,,,,,,,,,,
front_end,,True,kiss_icp_odometry,,,,,,,,,,,,,,,,,,,,,155022,,,,,,,,,,,,,,,,,,
front_end,,True,kiss_icp_odometry,,,,,,,,,,,,,,,,,,,,,155118,,,,,,,,,,,,,,,,,,
front_end,,True,kiss_icp_odometry,,,,,,,,,,,,,,,,,,,,,155167,,,,,,,,,,,,,,,,,,
front_end,,True,kiss_icp_odometry,,,,,,,,,,,,,,,,,,,,,155217,,,,,,,,,,,,,,,,,,
front_end,,True,kiss_icp_odometry,,,,,,,,,,,,,,,,,,,,,155267,,,,,,,,,,,,,,,,,,
front_end,,True,kiss_icp_odometry,,,,,,,,,,,,,,,,,,,,,155313,,,,,,,,,,,,,,,,,,
front_end,,True,kiss_icp_odometry,,,,,,,,,,,,,,,,,,,,,155376,,,,,,,,,,,,,,,,,,
front_end,,True,kiss_icp_odometry,,,,,,,,,,,,,,,,,,,,,155423,,,,,,,,,,,,,,,,,,
optimized_backend,,,,,,,49.49050200229976,,,,,,,,,,,,,,,,,,,,,,,,,,,,56,56,1,0.0019840081222355366,0.0,0.0,pose_graph,True
front_end,,True,kiss_icp_odometry,,,,,,,,,,,,,,,,,,,,,155483,,,,,,,,,,,,,,,,,,
front_end,,True,kiss_icp_odometry,,,,,,,,,,,,,,,,,,,,,155535,,,,,,,,,,,,,,,,,,
front_end,,True,kiss_icp_odometry,,,,,,,,,,,,,,,,,,,,,155583,,,,,,,,,,,,,,,,,,
front_end,,True,kiss_icp_odometry,,,,,,,,,,,,,,,,,,,,,155624,,,,,,,,,,,,,,,,,,
front_end,,True,kiss_icp_odometry,,,,,,,,,,,,,,,,,,,,,155663,,,,,,,,,,,,,,,,,,
front_end,,True,kiss_icp_odometry,,,,,,,,,,,,,,,,,,,,,155699,,,,,,,,,,,,,,,,,,
front_end,,True,kiss_icp_odometry,,,,,,,,,,,,,,,,,,,,,155734,,,,,,,,,,,,,,,,,,
front_end,,True,kiss_icp_odometry,,,,,,,,,,,,,,,,,,,,,155777,,,,,,,,,,,,,,,,,,
front_end,,True,kiss_icp_odometry,,,,,,,,,,,,,,,,,,,,,155843,,,,,,,,,,,,,,,,,,
front_end,,True,kiss_icp_odometry,,,,,,,,,,,,,,,,,,,,,155893,,,,,,,,,,,,,,,,,,
front_end,,True,kiss_icp_odometry,,,,,,,,,,,,,,,,,,,,,155941,,,,,,,,,,,,,,,,,,
front_end,,True,kiss_icp_odometry,,,,,,,,,,,,,,,,,,,,,156003,,,,,,,,,,,,,,,,,,
front_end,,True,kiss_icp_odometry,,,,,,,,,,,,,,,,,,,,,156047,,,,,,,,,,,,,,,,,,
front_end,,True,kiss_icp_odometry,,,,,,,,,,,,,,,,,,,,,156097,,,,,,,,,,,,,,,,,,
front_end,,True,kiss_icp_odometry,,,,,,,,,,,,,,,,,,,,,156138,,,,,,,,,,,,,,,,,,
front_end,,True,kiss_icp_odometry,,,,,,,,,,,,,,,,,,,,,156187,,,,,,,,,,,,,,,,,,
front_end,,True,kiss_icp_odometry,,,,,,,,,,,,,,,,,,,,,156235,,,,,,,,,,,,,,,,,,
front_end,,True,kiss_icp_odometry,,,,,,,,,,,,,,,,,,,,,156277,,,,,,,,,,,,,,,,,,
front_end,,True,kiss_icp_odometry,,,,,,,,,,,,,,,,,,,,,156344,,,,,,,,,,,,,,,,,,
front_end,,True,kiss_icp_odometry,,,,,,,,,,,,,,,,,,,,,156416,,,,,,,,,,,,,,,,,,
front_end,,True,kiss_icp_odometry,,,,,,,,,,,,,,,,,,,,,156475,,,,,,,,,,,,,,,,,,
optimized_backend,,,,,,,27.06252899952233,,,,,,,,,,,,,,,,,,,,,,,,,,,,57,57,1,0.003006003680638969,0.0,0.0,pose_graph,True
front_end,,True,kiss_icp_odometry,,,,,,,,,,,,,,,,,,,,,156531,,,,,,,,,,,,,,,,,,
front_end,,True,kiss_icp_odometry,,,,,,,,,,,,,,,,,,,,,156595,,,,,,,,,,,,,,,,,,
front_end,,True,kiss_icp_odometry,,,,,,,,,,,,,,,,,,,,,156650,,,,,,,,,,,,,,,,,,
front_end,,True,kiss_icp_odometry,,,,,,,,,,,,,,,,,,,,,156698,,,,,,,,,,,,,,,,,,
front_end,,True,kiss_icp_odometry,,,,,,,,,,,,,,,,,,,,,156756,,,,,,,,,,,,,,,,,,
front_end,,True,kiss_icp_odometry,,,,,,,,,,,,,,,,,,,,,156808,,,,,,,,,,,,,,,,,,
front_end,,True,kiss_icp_odometry,,,,,,,,,,,,,,,,,,,,,156852,,,,,,,,,,,,,,,,,,
front_end,,True,kiss_icp_odometry,,,,,,,,,,,,,,,,,,,,,156902,,,,,,,,,,,,,,,,,,
front_end,,True,kiss_icp_odometry,,,,,,,,,,,,,,,,,,,,,156966,,,,,,,,,,,,,,,,,,
front_end,,True,kiss_icp_odometry,,,,,,,,,,,,,,,,,,,,,157016,,,,,,,,,,,,,,,,,,
front_end,,True,kiss_icp_odometry,,,,,,,,,,,,,,,,,,,,,157073,,,,,,,,,,,,,,,,,,
front_end,,True,kiss_icp_odometry,,,,,,,,,,,,,,,,,,,,,157131,,,,,,,,,,,,,,,,,,
front_end,,True,kiss_icp_odometry,,,,,,,,,,,,,,,,,,,,,157178,,,,,,,,,,,,,,,,,,
front_end,,True,kiss_icp_odometry,,,,,,,,,,,,,,,,,,,,,157225,,,,,,,,,,,,,,,,,,
front_end,,True,kiss_icp_odometry,,,,,,,,,,,,,,,,,,,,,157293,,,,,,,,,,,,,,,,,,
front_end,,True,kiss_icp_odometry,,,,,,,,,,,,,,,,,,,,,157376,,,,,,,,,,,,,,,,,,
front_end,,True,kiss_icp_odometry,,,,,,,,,,,,,,,,,,,,,157416,,,,,,,,,,,,,,,,,,
front_end,,True,kiss_icp_odometry,,,,,,,,,,,,,,,,,,,,,157490,,,,,,,,,,,,,,,,,,
front_end,,True,kiss_icp_odometry,,,,,,,,,,,,,,,,,,,,,157585,,,,,,,,,,,,,,,,,,
optimized_backend,,,,,,,26.137478998862207,,,,,,,,,,,,,,,,,,,,,,,,,,,,58,58,1,0.0022239983081817627,0.0,0.0,pose_graph,True
front_end,,True,kiss_icp_odometry,,,,,,,,,,,,,,,,,,,,,157648,,,,,,,,,,,,,,,,,,
front_end,,True,kiss_icp_odometry,,,,,,,,,,,,,,,,,,,,,157714,,,,,,,,,,,,,,,,,,
front_end,,True,kiss_icp_odometry,,,,,,,,,,,,,,,,,,,,,157759,,,,,,,,,,,,,,,,,,
front_end,,True,kiss_icp_odometry,,,,,,,,,,,,,,,,,,,,,157814,,,,,,,,,,,,,,,,,,
front_end,,True,kiss_icp_odometry,,,,,,,,,,,,,,,,,,,,,157860,,,,,,,,,,,,,,,,,,
front_end,,True,kiss_icp_odometry,,,,,,,,,,,,,,,,,,,,,157964,,,,,,,,,,,,,,,,,,
front_end,,True,kiss_icp_odometry,,,,,,,,,,,,,,,,,,,,,158042,,,,,,,,,,,,,,,,,,
front_end,,True,kiss_icp_odometry,,,,,,,,,,,,,,,,,,,,,158089,,,,,,,,,,,,,,,,,,
front_end,,True,kiss_icp_odometry,,,,,,,,,,,,,,,,,,,,,158144,,,,,,,,,,,,,,,,,,
front_end,,True,kiss_icp_odometry,,,,,,,,,,,,,,,,,,,,,158204,,,,,,,,,,,,,,,,,,
front_end,,True,kiss_icp_odometry,,,,,,,,,,,,,,,,,,,,,158260,,,,,,,,,,,,,,,,,,
front_end,,True,kiss_icp_odometry,,,,,,,,,,,,,,,,,,,,,158340,,,,,,,,,,,,,,,,,,
front_end,,True,kiss_icp_odometry,,,,,,,,,,,,,,,,,,,,,158380,,,,,,,,,,,,,,,,,,
front_end,,True,kiss_icp_odometry,,,,,,,,,,,,,,,,,,,,,158416,,,,,,,,,,,,,,,,,,
front_end,,True,kiss_icp_odometry,,,,,,,,,,,,,,,,,,,,,158466,,,,,,,,,,,,,,,,,,
front_end,,True,kiss_icp_odometry,,,,,,,,,,,,,,,,,,,,,158504,,,,,,,,,,,,,,,,,,
front_end,,True,kiss_icp_odometry,,,,,,,,,,,,,,,,,,,,,158572,,,,,,,,,,,,,,,,,,
front_end,,True,kiss_icp_odometry,,,,,,,,,,,,,,,,,,,,,158626,,,,,,,,,,,,,,,,,,
front_end,,True,kiss_icp_odometry,,,,,,,,,,,,,,,,,,,,,158701,,,,,,,,,,,,,,,,,,
front_end,,True,kiss_icp_odometry,,,,,,,,,,,,,,,,,,,,,158783,,,,,,,,,,,,,,,,,,
front_end,,True,kiss_icp_odometry,,,,,,,,,,,,,,,,,,,,,158838,,,,,,,,,,,,,,,,,,
front_end,,True,kiss_icp_odometry,,,,,,,,,,,,,,,,,,,,,158902,,,,,,,,,,,,,,,,,,
front_end,,True,kiss_icp_odometry,,,,,,,,,,,,,,,,,,,,,158969,,,,,,,,,,,,,,,,,,
front_end,,True,kiss_icp_odometry,,,,,,,,,,,,,,,,,,,,,159005,,,,,,,,,,,,,,,,,,
front_end,,True,kiss_icp_odometry,,,,,,,,,,,,,,,,,,,,,159070,,,,,,,,,,,,,,,,,,
front_end,,True,kiss_icp_odometry,,,,,,,,,,,,,,,,,,,,,159136,,,,,,,,,,,,,,,,,,
front_end,,True,kiss_icp_odometry,,,,,,,,,,,,,,,,,,,,,159215,,,,,,,,,,,,,,,,,,
front_end,,True,kiss_icp_odometry,,,,,,,,,,,,,,,,,,,,,159308,,,,,,,,,,,,,,,,,,
front_end,,True,kiss_icp_odometry,,,,,,,,,,,,,,,,,,,,,159349,,,,,,,,,,,,,,,,,,
optimized_backend,,,,,,,21.03742900362704,,,,,,,,,,,,,,,,,,,,,,,,,,,,59,59,1,0.0019940052879974246,0.0,0.0,pose_graph,True
front_end,,True,kiss_icp_odometry,,,,,,,,,,,,,,,,,,,,,159373,,,,,,,,,,,,,,,,,,
front_end,,True,kiss_icp_odometry,,,,,,,,,,,,,,,,,,,,,159393,,,,,,,,,,,,,,,,,,
front_end,,True,kiss_icp_odometry,,,,,,,,,,,,,,,,,,,,,159403,,,,,,,,,,,,,,,,,,
front_end,,True,kiss_icp_odometry,,,,,,,,,,,,,,,,,,,,,159427,,,,,,,,,,,,,,,,,,
front_end,,True,kiss_icp_odometry,,,,,,,,,,,,,,,,,,,,,159446,,,,,,,,,,,,,,,,,,
front_end,,True,kiss_icp_odometry,,,,,,,,,,,,,,,,,,,,,159453,,,,,,,,,,,,,,,,,,
front_end,,True,kiss_icp_odometry,,,,,,,,,,,,,,,,,,,,,159466,,,,,,,,,,,,,,,,,,
front_end,,True,kiss_icp_odometry,,,,,,,,,,,,,,,,,,,,,159481,,,,,,,,,,,,,,,,,,
front_end,,True,kiss_icp_odometry,,,,,,,,,,,,,,,,,,,,,159485,,,,,,,,,,,,,,,,,,
front_end,,True,kiss_icp_odometry,,,,,,,,,,,,,,,,,,,,,159494,,,,,,,,,,,,,,,,,,
front_end,,True,kiss_icp_odometry,,,,,,,,,,,,,,,,,,,,,159497,,,,,,,,,,,,,,,,,,
front_end,,True,kiss_icp_odometry,,,,,,,,,,,,,,,,,,,,,159502,,,,,,,,,,,,,,,,,,
front_end,,True,kiss_icp_odometry,,,,,,,,,,,,,,,,,,,,,159513,,,,,,,,,,,,,,,,,,
front_end,,True,kiss_icp_odometry,,,,,,,,,,,,,,,,,,,,,159522,,,,,,,,,,,,,,,,,,
front_end,,True,kiss_icp_odometry,,,,,,,,,,,,,,,,,,,,,159528,,,,,,,,,,,,,,,,,,
front_end,,True,kiss_icp_odometry,,,,,,,,,,,,,,,,,,,,,159538,,,,,,,,,,,,,,,,,,
front_end,,True,kiss_icp_odometry,,,,,,,,,,,,,,,,,,,,,159567,,,,,,,,,,,,,,,,,,
optimized_backend,,,,,,,29.406827001366764,,,,,,,,,,,,,,,,,,,,,,,,,,,,60,60,1,0.002195010893046856,0.0,0.0,pose_graph,True
front_end,,True,kiss_icp_odometry,,,,,,,,,,,,,,,,,,,,,159575,,,,,,,,,,,,,,,,,,
front_end,,True,kiss_icp_odometry,,,,,,,,,,,,,,,,,,,,,159588,,,,,,,,,,,,,,,,,,
front_end,,True,kiss_icp_odometry,,,,,,,,,,,,,,,,,,,,,159597,,,,,,,,,,,,,,,,,,
front_end,,True,kiss_icp_odometry,,,,,,,,,,,,,,,,,,,,,159626,,,,,,,,,,,,,,,,,,
front_end,,True,kiss_icp_odometry,,,,,,,,,,,,,,,,,,,,,159634,,,,,,,,,,,,,,,,,,
front_end,,True,kiss_icp_odometry,,,,,,,,,,,,,,,,,,,,,159659,,,,,,,,,,,,,,,,,,
front_end,,True,kiss_icp_odometry,,,,,,,,,,,,,,,,,,,,,159670,,,,,,,,,,,,,,,,,,
front_end,,True,kiss_icp_odometry,,,,,,,,,,,,,,,,,,,,,159690,,,,,,,,,,,,,,,,,,
front_end,,True,kiss_icp_odometry,,,,,,,,,,,,,,,,,,,,,159708,,,,,,,,,,,,,,,,,,
front_end,,True,kiss_icp_odometry,,,,,,,,,,,,,,,,,,,,,159733,,,,,,,,,,,,,,,,,,
front_end,,True,kiss_icp_odometry,,,,,,,,,,,,,,,,,,,,,159766,,,,,,,,,,,,,,,,,,
optimized_backend,,,,,,,760.2435560111189,,,,,,,,,,,,,,,,,,,,,,,,,,,,61,62,2,712.8135390084935,5.044977006036788,12.613968996447511,pose_graph,True
front_end,,True,kiss_icp_odometry,,,,,,,,,,,,,,,,,,,,,159795,,,,,,,,,,,,,,,,,,
optimized_backend,,,,,,,44.517980990349315,,,,,,,,,,,,,,,,,,,,,,,,,,,,62,63,2,0.00214400643017143,0.0,0.0,pose_graph,True
optimized_backend,,,,,,,37.18176600523293,,,,,,,,,,,,,,,,,,,,,,,,,,,,63,64,2,0.0023949978640303016,0.0,0.0,pose_graph,True
front_end,,True,kiss_icp_odometry,,,,,,,,,,,,,,,,,,,,,159822,,,,,,,,,,,,,,,,,,
front_end,,True,kiss_icp_odometry,,,,,,,,,,,,,,,,,,,,,159878,,,,,,,,,,,,,,,,,,
front_end,,True,kiss_icp_odometry,,,,,,,,,,,,,,,,,,,,,159930,,,,,,,,,,,,,,,,,,
front_end,,True,kiss_icp_odometry,,,,,,,,,,,,,,,,,,,,,159980,,,,,,,,,,,,,,,,,,
optimized_backend,,,,,,,27.80827000970021,,,,,,,,,,,,,,,,,,,,,,,,,,,,64,65,2,0.0017730053514242172,0.0,0.0,pose_graph,True
front_end,,True,kiss_icp_odometry,,,,,,,,,,,,,,,,,,,,,160034,,,,,,,,,,,,,,,,,,
front_end,,True,kiss_icp_odometry,,,,,,,,,,,,,,,,,,,,,160090,,,,,,,,,,,,,,,,,,
front_end,,True,kiss_icp_odometry,,,,,,,,,,,,,,,,,,,,,160155,,,,,,,,,,,,,,,,,,
optimized_backend,,,,,,,33.18745599244721,,,,,,,,,,,,,,,,,,,,,,,,,,,,65,66,2,0.002725006197579205,0.0,0.0,pose_graph,True
front_end,,True,kiss_icp_odometry,,,,,,,,,,,,,,,,,,,,,160203,,,,,,,,,,,,,,,,,,
front_end,,True,kiss_icp_odometry,,,,,,,,,,,,,,,,,,,,,160249,,,,,,,,,,,,,,,,,,
front_end,,True,kiss_icp_odometry,,,,,,,,,,,,,,,,,,,,,160278,,,,,,,,,,,,,,,,,,
front_end,,True,kiss_icp_odometry,,,,,,,,,,,,,,,,,,,,,160358,,,,,,,,,,,,,,,,,,
front_end,,True,kiss_icp_odometry,,,,,,,,,,,,,,,,,,,,,160394,,,,,,,,,,,,,,,,,,
front_end,,True,kiss_icp_odometry,,,,,,,,,,,,,,,,,,,,,160477,,,,,,,,,,,,,,,,,,
optimized_backend,,,,,,,21.27766000921838,,,,,,,,,,,,,,,,,,,,,,,,,,,,66,67,2,0.0028059876058250666,0.0,0.0,pose_graph,True
front_end,,True,kiss_icp_odometry,,,,,,,,,,,,,,,,,,,,,160512,,,,,,,,,,,,,,,,,,
front_end,,True,kiss_icp_odometry,,,,,,,,,,,,,,,,,,,,,160538,,,,,,,,,,,,,,,,,,
front_end,,True,kiss_icp_odometry,,,,,,,,,,,,,,,,,,,,,160575,,,,,,,,,,,,,,,,,,
front_end,,True,kiss_icp_odometry,,,,,,,,,,,,,,,,,,,,,160612,,,,,,,,,,,,,,,,,,
front_end,,True,kiss_icp_odometry,,,,,,,,,,,,,,,,,,,,,160636,,,,,,,,,,,,,,,,,,
front_end,,True,kiss_icp_odometry,,,,,,,,,,,,,,,,,,,,,160661,,,,,,,,,,,,,,,,,,
front_end,,True,kiss_icp_odometry,,,,,,,,,,,,,,,,,,,,,160680,,,,,,,,,,,,,,,,,,
front_end,,True,kiss_icp_odometry,,,,,,,,,,,,,,,,,,,,,160710,,,,,,,,,,,,,,,,,,
front_end,,True,kiss_icp_odometry,,,,,,,,,,,,,,,,,,,,,160727,,,,,,,,,,,,,,,,,,
front_end,,True,kiss_icp_odometry,,,,,,,,,,,,,,,,,,,,,160746,,,,,,,,,,,,,,,,,,
front_end,,True,kiss_icp_odometry,,,,,,,,,,,,,,,,,,,,,160759,,,,,,,,,,,,,,,,,,
front_end,,True,kiss_icp_odometry,,,,,,,,,,,,,,,,,,,,,160772,,,,,,,,,,,,,,,,,,
front_end,,True,kiss_icp_odometry,,,,,,,,,,,,,,,,,,,,,160795,,,,,,,,,,,,,,,,,,
optimized_backend,,,,,,,497.3498109902721,,,,,,,,,,,,,,,,,,,,,,,,,,,,67,69,3,432.20949100214057,8.570997000788338,24.64466200035531,pose_graph,True
front_end,,True,kiss_icp_odometry,,,,,,,,,,,,,,,,,,,,,160808,,,,,,,,,,,,,,,,,,
front_end,,True,kiss_icp_odometry,,,,,,,,,,,,,,,,,,,,,160819,,,,,,,,,,,,,,,,,,
front_end,,True,kiss_icp_odometry,,,,,,,,,,,,,,,,,,,,,160841,,,,,,,,,,,,,,,,,,
front_end,,True,kiss_icp_odometry,,,,,,,,,,,,,,,,,,,,,160852,,,,,,,,,,,,,,,,,,
front_end,,True,kiss_icp_odometry,,,,,,,,,,,,,,,,,,,,,160865,,,,,,,,,,,,,,,,,,
front_end,,True,kiss_icp_odometry,,,,,,,,,,,,,,,,,,,,,160874,,,,,,,,,,,,,,,,,,
front_end,,True,kiss_icp_odometry,,,,,,,,,,,,,,,,,,,,,160885,,,,,,,,,,,,,,,,,,
front_end,,True,kiss_icp_odometry,,,,,,,,,,,,,,,,,,,,,160902,,,,,,,,,,,,,,,,,,
front_end,,True,kiss_icp_odometry,,,,,,,,,,,,,,,,,,,,,160904,,,,,,,,,,,,,,,,,,
front_end,,True,kiss_icp_odometry,,,,,,,,,,,,,,,,,,,,,160982,,,,,,,,,,,,,,,,,,
front_end,,True,kiss_icp_odometry,,,,,,,,,,,,,,,,,,,,,160989,,,,,,,,,,,,,,,,,,
front_end,,True,kiss_icp_odometry,,,,,,,,,,,,,,,,,,,,,161004,,,,,,,,,,,,,,,,,,
front_end,,True,kiss_icp_odometry,,,,,,,,,,,,,,,,,,,,,161017,,,,,,,,,,,,,,,,,,
front_end,,True,kiss_icp_odometry,,,,,,,,,,,,,,,,,,,,,161023,,,,,,,,,,,,,,,,,,
front_end,,True,kiss_icp_odometry,,,,,,,,,,,,,,,,,,,,,161072,,,,,,,,,,,,,,,,,,
front_end,,True,kiss_icp_odometry,,,,,,,,,,,,,,,,,,,,,161091,,,,,,,,,,,,,,,,,,
front_end,,True,kiss_icp_odometry,,,,,,,,,,,,,,,,,,,,,161119,,,,,,,,,,,,,,,,,,
front_end,,True,kiss_icp_odometry,,,,,,,,,,,,,,,,,,,,,161170,,,,,,,,,,,,,,,,,,
front_end,,True,kiss_icp_odometry,,,,,,,,,,,,,,,,,,,,,161178,,,,,,,,,,,,,,,,,,
front_end,,True,kiss_icp_odometry,,,,,,,,,,,,,,,,,,,,,161208,,,,,,,,,,,,,,,,,,
front_end,,True,kiss_icp_odometry,,,,,,,,,,,,,,,,,,,,,161218,,,,,,,,,,,,,,,,,,
optimized_backend,,,,,,,38.69066300103441,,,,,,,,,,,,,,,,,,,,,,,,,,,,68,70,3,0.0019940052879974246,0.0,0.0,pose_graph,True
front_end,,True,kiss_icp_odometry,,,,,,,,,,,,,,,,,,,,,161226,,,,,,,,,,,,,,,,,,
front_end,,True,kiss_icp_odometry,,,,,,,,,,,,,,,,,,,,,161231,,,,,,,,,,,,,,,,,,
front_end,,True,kiss_icp_odometry,,,,,,,,,,,,,,,,,,,,,161238,,,,,,,,,,,,,,,,,,
front_end,,True,kiss_icp_odometry,,,,,,,,,,,,,,,,,,,,,161246,,,,,,,,,,,,,,,,,,
front_end,,True,kiss_icp_odometry,,,,,,,,,,,,,,,,,,,,,161256,,,,,,,,,,,,,,,,,,
front_end,,True,kiss_icp_odometry,,,,,,,,,,,,,,,,,,,,,161262,,,,,,,,,,,,,,,,,,
front_end,,True,kiss_icp_odometry,,,,,,,,,,,,,,,,,,,,,161268,,,,,,,,,,,,,,,,,,
front_end,,True,kiss_icp_odometry,,,,,,,,,,,,,,,,,,,,,161273,,,,,,,,,,,,,,,,,,
front_end,,True,kiss_icp_odometry,,,,,,,,,,,,,,,,,,,,,161303,,,,,,,,,,,,,,,,,,
front_end,,True,kiss_icp_odometry,,,,,,,,,,,,,,,,,,,,,161305,,,,,,,,,,,,,,,,,,
front_end,,True,kiss_icp_odometry,,,,,,,,,,,,,,,,,,,,,161317,,,,,,,,,,,,,,,,,,
front_end,,True,kiss_icp_odometry,,,,,,,,,,,,,,,,,,,,,161361,,,,,,,,,,,,,,,,,,
front_end,,True,kiss_icp_odometry,,,,,,,,,,,,,,,,,,,,,161375,,,,,,,,,,,,,,,,,,
front_end,,True,kiss_icp_odometry,,,,,,,,,,,,,,,,,,,,,161388,,,,,,,,,,,,,,,,,,
front_end,,True,kiss_icp_odometry,,,,,,,,,,,,,,,,,,,,,161421,,,,,,,,,,,,,,,,,,
front_end,,True,kiss_icp_odometry,,,,,,,,,,,,,,,,,,,,,161425,,,,,,,,,,,,,,,,,,
front_end,,True,kiss_icp_odometry,,,,,,,,,,,,,,,,,,,,,161432,,,,,,,,,,,,,,,,,,
front_end,,True,kiss_icp_odometry,,,,,,,,,,,,,,,,,,,,,161435,,,,,,,,,,,,,,,,,,
front_end,,True,kiss_icp_odometry,,,,,,,,,,,,,,,,,,,,,161443,,,,,,,,,,,,,,,,,,
front_end,,True,kiss_icp_odometry,,,,,,,,,,,,,,,,,,,,,161451,,,,,,,,,,,,,,,,,,
front_end,,True,kiss_icp_odometry,,,,,,,,,,,,,,,,,,,,,161458,,,,,,,,,,,,,,,,,,
front_end,,True,kiss_icp_odometry,,,,,,,,,,,,,,,,,,,,,161475,,,,,,,,,,,,,,,,,,
front_end,,True,kiss_icp_odometry,,,,,,,,,,,,,,,,,,,,,161478,,,,,,,,,,,,,,,,,,
front_end,,True,kiss_icp_odometry,,,,,,,,,,,,,,,,,,,,,161489,,,,,,,,,,,,,,,,,,
front_end,,True,kiss_icp_odometry,,,,,,,,,,,,,,,,,,,,,161492,,,,,,,,,,,,,,,,,,
front_end,,True,kiss_icp_odometry,,,,,,,,,,,,,,,,,,,,,161498,,,,,,,,,,,,,,,,,,
front_end,,True,kiss_icp_odometry,,,,,,,,,,,,,,,,,,,,,161512,,,,,,,,,,,,,,,,,,
front_end,,True,kiss_icp_odometry,,,,,,,,,,,,,,,,,,,,,161518,,,,,,,,,,,,,,,,,,
front_end,,True,kiss_icp_odometry,,,,,,,,,,,,,,,,,,,,,161535,,,,,,,,,,,,,,,,,,
front_end,,True,kiss_icp_odometry,,,,,,,,,,,,,,,,,,,,,161545,,,,,,,,,,,,,,,,,,
front_end,,True,kiss_icp_odometry,,,,,,,,,,,,,,,,,,,,,161560,,,,,,,,,,,,,,,,,,
front_end,,True,kiss_icp_odometry,,,,,,,,,,,,,,,,,,,,,161577,,,,,,,,,,,,,,,,,,
front_end,,True,kiss_icp_odometry,,,,,,,,,,,,,,,,,,,,,161588,,,,,,,,,,,,,,,,,,
front_end,,True,kiss_icp_odometry,,,,,,,,,,,,,,,,,,,,,161599,,,,,,,,,,,,,,,,,,
front_end,,True,kiss_icp_odometry,,,,,,,,,,,,,,,,,,,,,161610,,,,,,,,,,,,,,,,,,
front_end,,True,kiss_icp_odometry,,,,,,,,,,,,,,,,,,,,,161635,,,,,,,,,,,,,,,,,,
front_end,,True,kiss_icp_odometry,,,,,,,,,,,,,,,,,,,,,161651,,,,,,,,,,,,,,,,,,
front_end,,True,kiss_icp_odometry,,,,,,,,,,,,,,,,,,,,,161672,,,,,,,,,,,,,,,,,,
front_end,,True,kiss_icp_odometry,,,,,,,,,,,,,,,,,,,,,161691,,,,,,,,,,,,,,,,,,
front_end,,True,kiss_icp_odometry,,,,,,,,,,,,,,,,,,,,,161715,,,,,,,,,,,,,,,,,,
front_end,,True,kiss_icp_odometry,,,,,,,,,,,,,,,,,,,,,161728,,,,,,,,,,,,,,,,,,
front_end,,True,kiss_icp_odometry,,,,,,,,,,,,,,,,,,,,,161752,,,,,,,,,,,,,,,,,,
front_end,,True,kiss_icp_odometry,,,,,,,,,,,,,,,,,,,,,161773,,,,,,,,,,,,,,,,,,
front_end,,True,kiss_icp_odometry,,,,,,,,,,,,,,,,,,,,,161809,,,,,,,,,,,,,,,,,,
front_end,,True,kiss_icp_odometry,,,,,,,,,,,,,,,,,,,,,161840,,,,,,,,,,,,,,,,,,
front_end,,True,kiss_icp_odometry,,,,,,,,,,,,,,,,,,,,,161864,,,,,,,,,,,,,,,,,,
front_end,,True,kiss_icp_odometry,,,,,,,,,,,,,,,,,,,,,161895,,,,,,,,,,,,,,,,,,
front_end,,True,kiss_icp_odometry,,,,,,,,,,,,,,,,,,,,,161927,,,,,,,,,,,,,,,,,,
front_end,,True,kiss_icp_odometry,,,,,,,,,,,,,,,,,,,,,161958,,,,,,,,,,,,,,,,,,
front_end,,True,kiss_icp_odometry,,,,,,,,,,,,,,,,,,,,,161998,,,,,,,,,,,,,,,,,,
front_end,,True,kiss_icp_odometry,,,,,,,,,,,,,,,,,,,,,162043,,,,,,,,,,,,,,,,,,
front_end,,True,kiss_icp_odometry,,,,,,,,,,,,,,,,,,,,,162081,,,,,,,,,,,,,,,,,,
front_end,,True,kiss_icp_odometry,,,,,,,,,,,,,,,,,,,,,162121,,,,,,,,,,,,,,,,,,
front_end,,True,kiss_icp_odometry,,,,,,,,,,,,,,,,,,,,,162190,,,,,,,,,,,,,,,,,,
optimized_backend,,,,,,,26.026800012914464,,,,,,,,,,,,,,,,,,,,,,,,,,,,69,71,3,0.0030859955586493015,0.0,0.0,pose_graph,True
front_end,,True,kiss_icp_odometry,,,,,,,,,,,,,,,,,,,,,162229,,,,,,,,,,,,,,,,,,
front_end,,True,kiss_icp_odometry,,,,,,,,,,,,,,,,,,,,,162270,,,,,,,,,,,,,,,,,,
front_end,,True,kiss_icp_odometry,,,,,,,,,,,,,,,,,,,,,162317,,,,,,,,,,,,,,,,,,
front_end,,True,kiss_icp_odometry,,,,,,,,,,,,,,,,,,,,,162366,,,,,,,,,,,,,,,,,,
front_end,,True,kiss_icp_odometry,,,,,,,,,,,,,,,,,,,,,162431,,,,,,,,,,,,,,,,,,
front_end,,True,kiss_icp_odometry,,,,,,,,,,,,,,,,,,,,,162480,,,,,,,,,,,,,,,,,,
front_end,,True,kiss_icp_odometry,,,,,,,,,,,,,,,,,,,,,162549,,,,,,,,,,,,,,,,,,
front_end,,True,kiss_icp_odometry,,,,,,,,,,,,,,,,,,,,,162606,,,,,,,,,,,,,,,,,,
front_end,,True,kiss_icp_odometry,,,,,,,,,,,,,,,,,,,,,162658,,,,,,,,,,,,,,,,,,
front_end,,True,kiss_icp_odometry,,,,,,,,,,,,,,,,,,,,,162749,,,,,,,,,,,,,,,,,,
front_end,,True,kiss_icp_odometry,,,,,,,,,,,,,,,,,,,,,162801,,,,,,,,,,,,,,,,,,
front_end,,True,kiss_icp_odometry,,,,,,,,,,,,,,,,,,,,,162864,,,,,,,,,,,,,,,,,,
front_end,,True,kiss_icp_odometry,,,,,,,,,,,,,,,,,,,,,162923,,,,,,,,,,,,,,,,,,
front_end,,True,kiss_icp_odometry,,,,,,,,,,,,,,,,,,,,,163018,,,,,,,,,,,,,,,,,,
front_end,,True,kiss_icp_odometry,,,,,,,,,,,,,,,,,,,,,163116,,,,,,,,,,,,,,,,,,
front_end,,True,kiss_icp_odometry,,,,,,,,,,,,,,,,,,,,,163212,,,,,,,,,,,,,,,,,,
optimized_backend,,,,,,,18.600334995426238,,,,,,,,,,,,,,,,,,,,,,,,,,,,70,72,3,0.0024550099624320865,0.0,0.0,pose_graph,True
front_end,,True,kiss_icp_odometry,,,,,,,,,,,,,,,,,,,,,163275,,,,,,,,,,,,,,,,,,
front_end,,True,kiss_icp_odometry,,,,,,,,,,,,,,,,,,,,,163331,,,,,,,,,,,,,,,,,,
front_end,,True,kiss_icp_odometry,,,,,,,,,,,,,,,,,,,,,163404,,,,,,,,,,,,,,,,,,
front_end,,True,kiss_icp_odometry,,,,,,,,,,,,,,,,,,,,,163503,,,,,,,,,,,,,,,,,,
front_end,,True,kiss_icp_odometry,,,,,,,,,,,,,,,,,,,,,163565,,,,,,,,,,,,,,,,,,
front_end,,True,kiss_icp_odometry,,,,,,,,,,,,,,,,,,,,,163624,,,,,,,,,,,,,,,,,,
front_end,,True,kiss_icp_odometry,,,,,,,,,,,,,,,,,,,,,163689,,,,,,,,,,,,,,,,,,
front_end,,True,kiss_icp_odometry,,,,,,,,,,,,,,,,,,,,,163773,,,,,,,,,,,,,,,,,,
front_end,,True,kiss_icp_odometry,,,,,,,,,,,,,,,,,,,,,163834,,,,,,,,,,,,,,,,,,
front_end,,True,kiss_icp_odometry,,,,,,,,,,,,,,,,,,,,,163977,,,,,,,,,,,,,,,,,,
front_end,,True,kiss_icp_odometry,,,,,,,,,,,,,,,,,,,,,164031,,,,,,,,,,,,,,,,,,
front_end,,True,kiss_icp_odometry,,,,,,,,,,,,,,,,,,,,,164087,,,,,,,,,,,,,,,,,,
front_end,,True,kiss_icp_odometry,,,,,,,,,,,,,,,,,,,,,164152,,,,,,,,,,,,,,,,,,
front_end,,True,kiss_icp_odometry,,,,,,,,,,,,,,,,,,,,,164234,,,,,,,,,,,,,,,,,,
front_end,,True,kiss_icp_odometry,,,,,,,,,,,,,,,,,,,,,164299,,,,,,,,,,,,,,,,,,
front_end,,True,kiss_icp_odometry,,,,,,,,,,,,,,,,,,,,,164387,,,,,,,,,,,,,,,,,,
front_end,,True,kiss_icp_odometry,,,,,,,,,,,,,,,,,,,,,164469,,,,,,,,,,,,,,,,,,
front_end,,True,kiss_icp_odometry,,,,,,,,,,,,,,,,,,,,,164549,,,,,,,,,,,,,,,,,,
optimized_backend,,,,,,,59.469134008395486,,,,,,,,,,,,,,,,,,,,,,,,,,,,71,73,3,0.0036159908631816506,0.0,13.55909599806182,pose_graph,True
front_end,,True,kiss_icp_odometry,,,,,,,,,,,,,,,,,,,,,164648,,,,,,,,,,,,,,,,,,
front_end,,True,kiss_icp_odometry,,,,,,,,,,,,,,,,,,,,,164775,,,,,,,,,,,,,,,,,,
front_end,,True,kiss_icp_odometry,,,,,,,,,,,,,,,,,,,,,164824,,,,,,,,,,,,,,,,,,
front_end,,True,kiss_icp_odometry,,,,,,,,,,,,,,,,,,,,,164867,,,,,,,,,,,,,,,,,,
front_end,,True,kiss_icp_odometry,,,,,,,,,,,,,,,,,,,,,164926,,,,,,,,,,,,,,,,,,
front_end,,True,kiss_icp_odometry,,,,,,,,,,,,,,,,,,,,,164975,,,,,,,,,,,,,,,,,,
front_end,,True,kiss_icp_odometry,,,,,,,,,,,,,,,,,,,,,165027,,,,,,,,,,,,,,,,,,
front_end,,True,kiss_icp_odometry,,,,,,,,,,,,,,,,,,,,,165093,,,,,,,,,,,,,,,,,,
front_end,,True,kiss_icp_odometry,,,,,,,,,,,,,,,,,,,,,165151,,,,,,,,,,,,,,,,,,
front_end,,True,kiss_icp_odometry,,,,,,,,,,,,,,,,,,,,,165215,,,,,,,,,,,,,,,,,,
front_end,,True,kiss_icp_odometry,,,,,,,,,,,,,,,,,,,,,165264,,,,,,,,,,,,,,,,,,
front_end,,True,kiss_icp_odometry,,,,,,,,,,,,,,,,,,,,,165339,,,,,,,,,,,,,,,,,,
front_end,,True,kiss_icp_odometry,,,,,,,,,,,,,,,,,,,,,165392,,,,,,,,,,,,,,,,,,
front_end,,True,kiss_icp_odometry,,,,,,,,,,,,,,,,,,,,,165433,,,,,,,,,,,,,,,,,,
front_end,,True,kiss_icp_odometry,,,,,,,,,,,,,,,,,,,,,165476,,,,,,,,,,,,,,,,,,
front_end,,True,kiss_icp_odometry,,,,,,,,,,,,,,,,,,,,,165521,,,,,,,,,,,,,,,,,,
front_end,,True,kiss_icp_odometry,,,,,,,,,,,,,,,,,,,,,165592,,,,,,,,,,,,,,,,,,
front_end,,True,kiss_icp_odometry,,,,,,,,,,,,,,,,,,,,,165664,,,,,,,,,,,,,,,,,,
front_end,,True,kiss_icp_odometry,,,,,,,,,,,,,,,,,,,,,165745,,,,,,,,,,,,,,,,,,
front_end,,True,kiss_icp_odometry,,,,,,,,,,,,,,,,,,,,,165834,,,,,,,,,,,,,,,,,,
optimized_backend,,,,,,,31.672555996919982,,,,,,,,,,,,,,,,,,,,,,,,,,,,72,74,3,0.0017529964679852128,0.0,0.0,pose_graph,True
front_end,,True,kiss_icp_odometry,,,,,,,,,,,,,,,,,,,,,165899,,,,,,,,,,,,,,,,,,
front_end,,True,kiss_icp_odometry,,,,,,,,,,,,,,,,,,,,,165979,,,,,,,,,,,,,,,,,,
front_end,,True,kiss_icp_odometry,,,,,,,,,,,,,,,,,,,,,166039,,,,,,,,,,,,,,,,,,
front_end,,True,kiss_icp_odometry,,,,,,,,,,,,,,,,,,,,,166075,,,,,,,,,,,,,,,,,,
front_end,,True,kiss_icp_odometry,,,,,,,,,,,,,,,,,,,,,166135,,,,,,,,,,,,,,,,,,
front_end,,True,kiss_icp_odometry,,,,,,,,,,,,,,,,,,,,,166197,,,,,,,,,,,,,,,,,,
front_end,,True,kiss_icp_odometry,,,,,,,,,,,,,,,,,,,,,166300,,,,,,,,,,,,,,,,,,
front_end,,True,kiss_icp_odometry,,,,,,,,,,,,,,,,,,,,,166360,,,,,,,,,,,,,,,,,,
front_end,,True,kiss_icp_odometry,,,,,,,,,,,,,,,,,,,,,166428,,,,,,,,,,,,,,,,,,
front_end,,True,kiss_icp_odometry,,,,,,,,,,,,,,,,,,,,,166523,,,,,,,,,,,,,,,,,,
front_end,,True,kiss_icp_odometry,,,,,,,,,,,,,,,,,,,,,166607,,,,,,,,,,,,,,,,,,
front_end,,True,kiss_icp_odometry,,,,,,,,,,,,,,,,,,,,,166688,,,,,,,,,,,,,,,,,,
front_end,,True,kiss_icp_odometry,,,,,,,,,,,,,,,,,,,,,166759,,,,,,,,,,,,,,,,,,
front_end,,True,kiss_icp_odometry,,,,,,,,,,,,,,,,,,,,,166815,,,,,,,,,,,,,,,,,,
front_end,,True,kiss_icp_odometry,,,,,,,,,,,,,,,,,,,,,166871,,,,,,,,,,,,,,,,,,
front_end,,True,kiss_icp_odometry,,,,,,,,,,,,,,,,,,,,,166926,,,,,,,,,,,,,,,,,,
front_end,,True,kiss_icp_odometry,,,,,,,,,,,,,,,,,,,,,166992,,,,,,,,,,,,,,,,,,
front_end,,True,kiss_icp_odometry,,,,,,,,,,,,,,,,,,,,,167041,,,,,,,,,,,,,,,,,,
front_end,,True,kiss_icp_odometry,,,,,,,,,,,,,,,,,,,,,167095,,,,,,,,,,,,,,,,,,
front_end,,True,kiss_icp_odometry,,,,,,,,,,,,,,,,,,,,,167162,,,,,,,,,,,,,,,,,,
front_end,,True,kiss_icp_odometry,,,,,,,,,,,,,,,,,,,,,167231,,,,,,,,,,,,,,,,,,
front_end,,True,kiss_icp_odometry,,,,,,,,,,,,,,,,,,,,,167271,,,,,,,,,,,,,,,,,,
front_end,,True,kiss_icp_odometry,,,,,,,,,,,,,,,,,,,,,167316,,,,,,,,,,,,,,,,,,
front_end,,True,kiss_icp_odometry,,,,,,,,,,,,,,,,,,,,,167393,,,,,,,,,,,,,,,,,,
front_end,,True,kiss_icp_odometry,,,,,,,,,,,,,,,,,,,,,167422,,,,,,,,,,,,,,,,,,
front_end,,True,kiss_icp_odometry,,,,,,,,,,,,,,,,,,,,,167439,,,,,,,,,,,,,,,,,,
front_end,,True,kiss_icp_odometry,,,,,,,,,,,,,,,,,,,,,167465,,,,,,,,,,,,,,,,,,
optimized_backend,,,,,,,537.5693769892678,,,,,,,,,,,,,,,,,,,,,,,,,,,,73,76,4,483.94706699764356,9.474103993852623,16.266958002233878,pose_graph,True
front_end,,True,kiss_icp_odometry,,,,,,,,,,,,,,,,,,,,,167506,,,,,,,,,,,,,,,,,,
front_end,,True,kiss_icp_odometry,,,,,,,,,,,,,,,,,,,,,167542,,,,,,,,,,,,,,,,,,
front_end,,True,kiss_icp_odometry,,,,,,,,,,,,,,,,,,,,,167622,,,,,,,,,,,,,,,,,,
front_end,,True,kiss_icp_odometry,,,,,,,,,,,,,,,,,,,,,167688,,,,,,,,,,,,,,,,,,
front_end,,True,kiss_icp_odometry,,,,,,,,,,,,,,,,,,,,,167735,,,,,,,,,,,,,,,,,,
front_end,,True,kiss_icp_odometry,,,,,,,,,,,,,,,,,,,,,167753,,,,,,,,,,,,,,,,,,
front_end,,True,kiss_icp_odometry,,,,,,,,,,,,,,,,,,,,,167792,,,,,,,,,,,,,,,,,,
front_end,,True,kiss_icp_odometry,,,,,,,,,,,,,,,,,,,,,167808,,,,,,,,,,,,,,,,,,
front_end,,True,kiss_icp_odometry,,,,,,,,,,,,,,,,,,,,,167831,,,,,,,,,,,,,,,,,,
front_end,,True,kiss_icp_odometry,,,,,,,,,,,,,,,,,,,,,167839,,,,,,,,,,,,,,,,,,
front_end,,True,kiss_icp_odometry,,,,,,,,,,,,,,,,,,,,,167855,,,,,,,,,,,,,,,,,,
front_end,,True,kiss_icp_odometry,,,,,,,,,,,,,,,,,,,,,167863,,,,,,,,,,,,,,,,,,
front_end,,True,kiss_icp_odometry,,,,,,,,,,,,,,,,,,,,,167880,,,,,,,,,,,,,,,,,,
optimized_backend,,,,,,,23.64495099755004,,,,,,,,,,,,,,,,,,,,,,,,,,,,74,77,4,0.0017439888324588537,0.0,0.0,pose_graph,True
front_end,,True,kiss_icp_odometry,,,,,,,,,,,,,,,,,,,,,167892,,,,,,,,,,,,,,,,,,
front_end,,True,kiss_icp_odometry,,,,,,,,,,,,,,,,,,,,,167929,,,,,,,,,,,,,,,,,,
front_end,,True,kiss_icp_odometry,,,,,,,,,,,,,,,,,,,,,167938,,,,,,,,,,,,,,,,,,
front_end,,True,kiss_icp_odometry,,,,,,,,,,,,,,,,,,,,,167948,,,,,,,,,,,,,,,,,,
front_end,,True,kiss_icp_odometry,,,,,,,,,,,,,,,,,,,,,167961,,,,,,,,,,,,,,,,,,
front_end,,True,kiss_icp_odometry,,,,,,,,,,,,,,,,,,,,,167969,,,,,,,,,,,,,,,,,,
front_end,,True,kiss_icp_odometry,,,,,,,,,,,,,,,,,,,,,167977,,,,,,,,,,,,,,,,,,
front_end,,True,kiss_icp_odometry,,,,,,,,,,,,,,,,,,,,,167988,,,,,,,,,,,,,,,,,,
front_end,,True,kiss_icp_odometry,,,,,,,,,,,,,,,,,,,,,167996,,,,,,,,,,,,,,,,,,
front_end,,True,kiss_icp_odometry,,,,,,,,,,,,,,,,,,,,,168003,,,,,,,,,,,,,,,,,,
front_end,,True,kiss_icp_odometry,,,,,,,,,,,,,,,,,,,,,168010,,,,,,,,,,,,,,,,,,
front_end,,True,kiss_icp_odometry,,,,,,,,,,,,,,,,,,,,,168018,,,,,,,,,,,,,,,,,,
front_end,,True,kiss_icp_odometry,,,,,,,,,,,,,,,,,,,,,168034,,,,,,,,,,,,,,,,,,
front_end,,True,kiss_icp_odometry,,,,,,,,,,,,,,,,,,,,,168047,,,,,,,,,,,,,,,,,,
front_end,,True,kiss_icp_odometry,,,,,,,,,,,,,,,,,,,,,168057,,,,,,,,,,,,,,,,,,
front_end,,True,kiss_icp_odometry,,,,,,,,,,,,,,,,,,,,,168067,,,,,,,,,,,,,,,,,,
front_end,,True,kiss_icp_odometry,,,,,,,,,,,,,,,,,,,,,168073,,,,,,,,,,,,,,,,,,
front_end,,True,kiss_icp_odometry,,,,,,,,,,,,,,,,,,,,,168078,,,,,,,,,,,,,,,,,,
front_end,,True,kiss_icp_odometry,,,,,,,,,,,,,,,,,,,,,168093,,,,,,,,,,,,,,,,,,
front_end,,True,kiss_icp_odometry,,,,,,,,,,,,,,,,,,,,,168103,,,,,,,,,,,,,,,,,,
front_end,,True,kiss_icp_odometry,,,,,,,,,,,,,,,,,,,,,168106,,,,,,,,,,,,,,,,,,
front_end,,True,kiss_icp_odometry,,,,,,,,,,,,,,,,,,,,,168116,,,,,,,,,,,,,,,,,,
front_end,,True,kiss_icp_odometry,,,,,,,,,,,,,,,,,,,,,168126,,,,,,,,,,,,,,,,,,
front_end,,True,kiss_icp_odometry,,,,,,,,,,,,,,,,,,,,,168131,,,,,,,,,,,,,,,,,,
front_end,,True,kiss_icp_odometry,,,,,,,,,,,,,,,,,,,,,168142,,,,,,,,,,,,,,,,,,
front_end,,True,kiss_icp_odometry,,,,,,,,,,,,,,,,,,,,,168147,,,,,,,,,,,,,,,,,,
front_end,,True,kiss_icp_odometry,,,,,,,,,,,,,,,,,,,,,168153,,,,,,,,,,,,,,,,,,
front_end,,True,kiss_icp_odometry,,,,,,,,,,,,,,,,,,,,,168155,,,,,,,,,,,,,,,,,,
front_end,,True,kiss_icp_odometry,,,,,,,,,,,,,,,,,,,,,168162,,,,,,,,,,,,,,,,,,
front_end,,True,kiss_icp_odometry,,,,,,,,,,,,,,,,,,,,,168165,,,,,,,,,,,,,,,,,,
front_end,,True,kiss_icp_odometry,,,,,,,,,,,,,,,,,,,,,168171,,,,,,,,,,,,,,,,,,
front_end,,True,kiss_icp_odometry,,,,,,,,,,,,,,,,,,,,,168179,,,,,,,,,,,,,,,,,,
front_end,,True,kiss_icp_odometry,,,,,,,,,,,,,,,,,,,,,168183,,,,,,,,,,,,,,,,,,
front_end,,True,kiss_icp_odometry,,,,,,,,,,,,,,,,,,,,,168183,,,,,,,,,,,,,,,,,,
front_end,,True,kiss_icp_odometry,,,,,,,,,,,,,,,,,,,,,168189,,,,,,,,,,,,,,,,,,
front_end,,True,kiss_icp_odometry,,,,,,,,,,,,,,,,,,,,,168193,,,,,,,,,,,,,,,,,,
front_end,,True,kiss_icp_odometry,,,,,,,,,,,,,,,,,,,,,168207,,,,,,,,,,,,,,,,,,
front_end,,True,kiss_icp_odometry,,,,,,,,,,,,,,,,,,,,,168214,,,,,,,,,,,,,,,,,,
front_end,,True,kiss_icp_odometry,,,,,,,,,,,,,,,,,,,,,168265,,,,,,,,,,,,,,,,,,
front_end,,True,kiss_icp_odometry,,,,,,,,,,,,,,,,,,,,,168273,,,,,,,,,,,,,,,,,,
front_end,,True,kiss_icp_odometry,,,,,,,,,,,,,,,,,,,,,168276,,,,,,,,,,,,,,,,,,
front_end,,True,kiss_icp_odometry,,,,,,,,,,,,,,,,,,,,,168298,,,,,,,,,,,,,,,,,,
front_end,,True,kiss_icp_odometry,,,,,,,,,,,,,,,,,,,,,168302,,,,,,,,,,,,,,,,,,
front_end,,True,kiss_icp_odometry,,,,,,,,,,,,,,,,,,,,,168320,,,,,,,,,,,,,,,,,,
front_end,,True,kiss_icp_odometry,,,,,,,,,,,,,,,,,,,,,168346,,,,,,,,,,,,,,,,,,
front_end,,True,kiss_icp_odometry,,,,,,,,,,,,,,,,,,,,,168354,,,,,,,,,,,,,,,,,,
front_end,,True,kiss_icp_odometry,,,,,,,,,,,,,,,,,,,,,168359,,,,,,,,,,,,,,,,,,
front_end,,True,kiss_icp_odometry,,,,,,,,,,,,,,,,,,,,,168511,,,,,,,,,,,,,,,,,,
front_end,,True,kiss_icp_odometry,,,,,,,,,,,,,,,,,,,,,168520,,,,,,,,,,,,,,,,,,
front_end,,True,kiss_icp_odometry,,,,,,,,,,,,,,,,,,,,,168525,,,,,,,,,,,,,,,,,,
front_end,,True,kiss_icp_odometry,,,,,,,,,,,,,,,,,,,,,168620,,,,,,,,,,,,,,,,,,
front_end,,True,kiss_icp_odometry,,,,,,,,,,,,,,,,,,,,,168628,,,,,,,,,,,,,,,,,,
front_end,,True,kiss_icp_odometry,,,,,,,,,,,,,,,,,,,,,168646,,,,,,,,,,,,,,,,,,
front_end,,True,kiss_icp_odometry,,,,,,,,,,,,,,,,,,,,,168671,,,,,,,,,,,,,,,,,,
front_end,,True,kiss_icp_odometry,,,,,,,,,,,,,,,,,,,,,168676,,,,,,,,,,,,,,,,,,
front_end,,True,kiss_icp_odometry,,,,,,,,,,,,,,,,,,,,,168683,,,,,,,,,,,,,,,,,,
front_end,,True,kiss_icp_odometry,,,,,,,,,,,,,,,,,,,,,168694,,,,,,,,,,,,,,,,,,
front_end,,True,kiss_icp_odometry,,,,,,,,,,,,,,,,,,,,,168701,,,,,,,,,,,,,,,,,,
front_end,,True,kiss_icp_odometry,,,,,,,,,,,,,,,,,,,,,168705,,,,,,,,,,,,,,,,,,
front_end,,True,kiss_icp_odometry,,,,,,,,,,,,,,,,,,,,,168715,,,,,,,,,,,,,,,,,,
front_end,,True,kiss_icp_odometry,,,,,,,,,,,,,,,,,,,,,168728,,,,,,,,,,,,,,,,,,
front_end,,True,kiss_icp_odometry,,,,,,,,,,,,,,,,,,,,,168737,,,,,,,,,,,,,,,,,,
front_end,,True,kiss_icp_odometry,,,,,,,,,,,,,,,,,,,,,168779,,,,,,,,,,,,,,,,,,
front_end,,True,kiss_icp_odometry,,,,,,,,,,,,,,,,,,,,,168799,,,,,,,,,,,,,,,,,,
front_end,,True,kiss_icp_odometry,,,,,,,,,,,,,,,,,,,,,168809,,,,,,,,,,,,,,,,,,
front_end,,True,kiss_icp_odometry,,,,,,,,,,,,,,,,,,,,,168882,,,,,,,,,,,,,,,,,,
front_end,,True,kiss_icp_odometry,,,,,,,,,,,,,,,,,,,,,168897,,,,,,,,,,,,,,,,,,
front_end,,True,kiss_icp_odometry,,,,,,,,,,,,,,,,,,,,,168925,,,,,,,,,,,,,,,,,,
front_end,,True,kiss_icp_odometry,,,,,,,,,,,,,,,,,,,,,168940,,,,,,,,,,,,,,,,,,
front_end,,True,kiss_icp_odometry,,,,,,,,,,,,,,,,,,,,,168965,,,,,,,,,,,,,,,,,,
front_end,,True,kiss_icp_odometry,,,,,,,,,,,,,,,,,,,,,169005,,,,,,,,,,,,,,,,,,
front_end,,True,kiss_icp_odometry,,,,,,,,,,,,,,,,,,,,,169024,,,,,,,,,,,,,,,,,,
front_end,,True,kiss_icp_odometry,,,,,,,,,,,,,,,,,,,,,169080,,,,,,,,,,,,,,,,,,
front_end,,True,kiss_icp_odometry,,,,,,,,,,,,,,,,,,,,,169133,,,,,,,,,,,,,,,,,,
front_end,,True,kiss_icp_odometry,,,,,,,,,,,,,,,,,,,,,169174,,,,,,,,,,,,,,,,,,
front_end,,True,kiss_icp_odometry,,,,,,,,,,,,,,,,,,,,,169242,,,,,,,,,,,,,,,,,,
front_end,,True,kiss_icp_odometry,,,,,,,,,,,,,,,,,,,,,169304,,,,,,,,,,,,,,,,,,
front_end,,True,kiss_icp_odometry,,,,,,,,,,,,,,,,,,,,,169343,,,,,,,,,,,,,,,,,,
front_end,,True,kiss_icp_odometry,,,,,,,,,,,,,,,,,,,,,169376,,,,,,,,,,,,,,,,,,
front_end,,True,kiss_icp_odometry,,,,,,,,,,,,,,,,,,,,,169422,,,,,,,,,,,,,,,,,,
front_end,,True,kiss_icp_odometry,,,,,,,,,,,,,,,,,,,,,169473,,,,,,,,,,,,,,,,,,
optimized_backend,,,,,,,29.933084995718673,,,,,,,,,,,,,,,,,,,,,,,,,,,,75,78,4,0.003064997144974768,0.0,0.0,pose_graph,True
front_end,,True,kiss_icp_odometry,,,,,,,,,,,,,,,,,,,,,169522,,,,,,,,,,,,,,,,,,
front_end,,True,kiss_icp_odometry,,,,,,,,,,,,,,,,,,,,,169589,,,,,,,,,,,,,,,,,,
front_end,,True,kiss_icp_odometry,,,,,,,,,,,,,,,,,,,,,169682,,,,,,,,,,,,,,,,,,
front_end,,True,kiss_icp_odometry,,,,,,,,,,,,,,,,,,,,,169751,,,,,,,,,,,,,,,,,,
front_end,,True,kiss_icp_odometry,,,,,,,,,,,,,,,,,,,,,169796,,,,,,,,,,,,,,,,,,
front_end,,True,kiss_icp_odometry,,,,,,,,,,,,,,,,,,,,,169867,,,,,,,,,,,,,,,,,,
front_end,,True,kiss_icp_odometry,,,,,,,,,,,,,,,,,,,,,169927,,,,,,,,,,,,,,,,,,
front_end,,True,kiss_icp_odometry,,,,,,,,,,,,,,,,,,,,,169994,,,,,,,,,,,,,,,,,,
front_end,,True,kiss_icp_odometry,,,,,,,,,,,,,,,,,,,,,170059,,,,,,,,,,,,,,,,,,
front_end,,True,kiss_icp_odometry,,,,,,,,,,,,,,,,,,,,,170159,,,,,,,,,,,,,,,,,,
front_end,,True,kiss_icp_odometry,,,,,,,,,,,,,,,,,,,,,170211,,,,,,,,,,,,,,,,,,
front_end,,True,kiss_icp_odometry,,,,,,,,,,,,,,,,,,,,,170269,,,,,,,,,,,,,,,,,,
front_end,,True,kiss_icp_odometry,,,,,,,,,,,,,,,,,,,,,170354,,,,,,,,,,,,,,,,,,
front_end,,True,kiss_icp_odometry,,,,,,,,,,,,,,,,,,,,,170419,,,,,,,,,,,,,,,,,,
front_end,,True,kiss_icp_odometry,,,,,,,,,,,,,,,,,,,,,170482,,,,,,,,,,,,,,,,,,
front_end,,True,kiss_icp_odometry,,,,,,,,,,,,,,,,,,,,,170537,,,,,,,,,,,,,,,,,,
optimized_backend,,,,,,,26.772502009407617,,,,,,,,,,,,,,,,,,,,,,,,,,,,76,79,4,0.0016039994079619646,0.0,0.0,pose_graph,True
front_end,,True,kiss_icp_odometry,,,,,,,,,,,,,,,,,,,,,170597,,,,,,,,,,,,,,,,,,
front_end,,True,kiss_icp_odometry,,,,,,,,,,,,,,,,,,,,,170670,,,,,,,,,,,,,,,,,,
front_end,,True,kiss_icp_odometry,,,,,,,,,,,,,,,,,,,,,170744,,,,,,,,,,,,,,,,,,
front_end,,True,kiss_icp_odometry,,,,,,,,,,,,,,,,,,,,,170840,,,,,,,,,,,,,,,,,,
front_end,,True,kiss_icp_odometry,,,,,,,,,,,,,,,,,,,,,170937,,,,,,,,,,,,,,,,,,
front_end,,True,kiss_icp_odometry,,,,,,,,,,,,,,,,,,,,,171025,,,,,,,,,,,,,,,,,,
front_end,,True,kiss_icp_odometry,,,,,,,,,,,,,,,,,,,,,171172,,,,,,,,,,,,,,,,,,
front_end,,True,kiss_icp_odometry,,,,,,,,,,,,,,,,,,,,,171265,,,,,,,,,,,,,,,,,,
front_end,,True,kiss_icp_odometry,,,,,,,,,,,,,,,,,,,,,171335,,,,,,,,,,,,,,,,,,
front_end,,True,kiss_icp_odometry,,,,,,,,,,,,,,,,,,,,,171384,,,,,,,,,,,,,,,,,,
front_end,,True,kiss_icp_odometry,,,,,,,,,,,,,,,,,,,,,171444,,,,,,,,,,,,,,,,,,
front_end,,True,kiss_icp_odometry,,,,,,,,,,,,,,,,,,,,,171492,,,,,,,,,,,,,,,,,,
front_end,,True,kiss_icp_odometry,,,,,,,,,,,,,,,,,,,,,171535,,,,,,,,,,,,,,,,,,
front_end,,True,kiss_icp_odometry,,,,,,,,,,,,,,,,,,,,,171593,,,,,,,,,,,,,,,,,,
front_end,,True,kiss_icp_odometry,,,,,,,,,,,,,,,,,,,,,171626,,,,,,,,,,,,,,,,,,
front_end,,True,kiss_icp_odometry,,,,,,,,,,,,,,,,,,,,,171666,,,,,,,,,,,,,,,,,,
front_end,,True,kiss_icp_odometry,,,,,,,,,,,,,,,,,,,,,171700,,,,,,,,,,,,,,,,,,
front_end,,True,kiss_icp_odometry,,,,,,,,,,,,,,,,,,,,,171763,,,,,,,,,,,,,,,,,,
front_end,,True,kiss_icp_odometry,,,,,,,,,,,,,,,,,,,,,171802,,,,,,,,,,,,,,,,,,
front_end,,True,kiss_icp_odometry,,,,,,,,,,,,,,,,,,,,,171821,,,,,,,,,,,,,,,,,,
front_end,,True,kiss_icp_odometry,,,,,,,,,,,,,,,,,,,,,171850,,,,,,,,,,,,,,,,,,
front_end,,True,kiss_icp_odometry,,,,,,,,,,,,,,,,,,,,,171871,,,,,,,,,,,,,,,,,,
front_end,,True,kiss_icp_odometry,,,,,,,,,,,,,,,,,,,,,171898,,,,,,,,,,,,,,,,,,
front_end,,True,kiss_icp_odometry,,,,,,,,,,,,,,,,,,,,,171983,,,,,,,,,,,,,,,,,,
front_end,,True,kiss_icp_odometry,,,,,,,,,,,,,,,,,,,,,172026,,,,,,,,,,,,,,,,,,
front_end,,True,kiss_icp_odometry,,,,,,,,,,,,,,,,,,,,,172102,,,,,,,,,,,,,,,,,,
front_end,,True,kiss_icp_odometry,,,,,,,,,,,,,,,,,,,,,172134,,,,,,,,,,,,,,,,,,
front_end,,True,kiss_icp_odometry,,,,,,,,,,,,,,,,,,,,,172174,,,,,,,,,,,,,,,,,,
front_end,,True,kiss_icp_odometry,,,,,,,,,,,,,,,,,,,,,172186,,,,,,,,,,,,,,,,,,
front_end,,True,kiss_icp_odometry,,,,,,,,,,,,,,,,,,,,,172212,,,,,,,,,,,,,,,,,,
front_end,,True,kiss_icp_odometry,,,,,,,,,,,,,,,,,,,,,172247,,,,,,,,,,,,,,,,,,
front_end,,True,kiss_icp_odometry,,,,,,,,,,,,,,,,,,,,,172264,,,,,,,,,,,,,,,,,,
front_end,,True,kiss_icp_odometry,,,,,,,,,,,,,,,,,,,,,172280,,,,,,,,,,,,,,,,,,
front_end,,True,kiss_icp_odometry,,,,,,,,,,,,,,,,,,,,,172336,,,,,,,,,,,,,,,,,,
front_end,,True,kiss_icp_odometry,,,,,,,,,,,,,,,,,,,,,172363,,,,,,,,,,,,,,,,,,
optimized_backend,,,,,,,47.16989598819055,,,,,,,,,,,,,,,,,,,,,,,,,,,,77,80,4,0.0030959927244111896,0.0,0.0,pose_graph,True
front_end,,True,kiss_icp_odometry,,,,,,,,,,,,,,,,,,,,,172399,,,,,,,,,,,,,,,,,,
front_end,,True,kiss_icp_odometry,,,,,,,,,,,,,,,,,,,,,172443,,,,,,,,,,,,,,,,,,
optimized_backend,,,,,,,39.69489999872167,,,,,,,,,,,,,,,,,,,,,,,,,,,,78,81,4,0.0023839966161176562,0.0,0.0,pose_graph,True
front_end,,True,kiss_icp_odometry,,,,,,,,,,,,,,,,,,,,,172460,,,,,,,,,,,,,,,,,,
front_end,,True,kiss_icp_odometry,,,,,,,,,,,,,,,,,,,,,172504,,,,,,,,,,,,,,,,,,
front_end,,True,kiss_icp_odometry,,,,,,,,,,,,,,,,,,,,,172542,,,,,,,,,,,,,,,,,,
front_end,,True,kiss_icp_odometry,,,,,,,,,,,,,,,,,,,,,172556,,,,,,,,,,,,,,,,,,
front_end,,True,kiss_icp_odometry,,,,,,,,,,,,,,,,,,,,,172595,,,,,,,,,,,,,,,,,,
front_end,,True,kiss_icp_odometry,,,,,,,,,,,,,,,,,,,,,172675,,,,,,,,,,,,,,,,,,
front_end,,True,kiss_icp_odometry,,,,,,,,,,,,,,,,,,,,,172681,,,,,,,,,,,,,,,,,,
front_end,,True,kiss_icp_odometry,,,,,,,,,,,,,,,,,,,,,172731,,,,,,,,,,,,,,,,,,
front_end,,True,kiss_icp_odometry,,,,,,,,,,,,,,,,,,,,,172742,,,,,,,,,,,,,,,,,,
optimized_backend,,,,,,,623.4635150030954,,,,,,,,,,,,,,,,,,,,,,,,,,,,79,83,5,558.3557599893538,6.186041995533742,30.170521000400186,pose_graph,True
front_end,,True,kiss_icp_odometry,,,,,,,,,,,,,,,,,,,,,172757,,,,,,,,,,,,,,,,,,
optimized_backend,,,,,,,50.2253509912407,,,,,,,,,,,,,,,,,,,,,,,,,,,,80,84,5,0.0023049942683428526,0.0,0.0,pose_graph,True
front_end,,True,kiss_icp_odometry,,,,,,,,,,,,,,,,,,,,,172826,,,,,,,,,,,,,,,,,,
front_end,,True,kiss_icp_odometry,,,,,,,,,,,,,,,,,,,,,172851,,,,,,,,,,,,,,,,,,
optimized_backend,,,,,,,60.52151099720504,,,,,,,,,,,,,,,,,,,,,,,,,,,,81,85,5,0.0030859955586493015,0.0,29.199684999184683,pose_graph,True
front_end,,True,kiss_icp_odometry,,,,,,,,,,,,,,,,,,,,,172944,,,,,,,,,,,,,,,,,,
front_end,,True,kiss_icp_odometry,,,,,,,,,,,,,,,,,,,,,173021,,,,,,,,,,,,,,,,,,
front_end,,True,kiss_icp_odometry,,,,,,,,,,,,,,,,,,,,,173027,,,,,,,,,,,,,,,,,,
front_end,,True,kiss_icp_odometry,,,,,,,,,,,,,,,,,,,,,173088,,,,,,,,,,,,,,,,,,
front_end,,True,kiss_icp_odometry,,,,,,,,,,,,,,,,,,,,,173118,,,,,,,,,,,,,,,,,,
optimized_backend,,,,,,,30.589980000513606,,,,,,,,,,,,,,,,,,,,,,,,,,,,82,86,5,0.002234999556094408,0.0,0.0,pose_graph,True
front_end,,True,kiss_icp_odometry,,,,,,,,,,,,,,,,,,,,,173124,,,,,,,,,,,,,,,,,,
front_end,,True,kiss_icp_odometry,,,,,,,,,,,,,,,,,,,,,173150,,,,,,,,,,,,,,,,,,
front_end,,True,kiss_icp_odometry,,,,,,,,,,,,,,,,,,,,,173158,,,,,,,,,,,,,,,,,,
front_end,,True,kiss_icp_odometry,,,,,,,,,,,,,,,,,,,,,173178,,,,,,,,,,,,,,,,,,
front_end,,True,kiss_icp_odometry,,,,,,,,,,,,,,,,,,,,,173193,,,,,,,,,,,,,,,,,,
front_end,,True,kiss_icp_odometry,,,,,,,,,,,,,,,,,,,,,173201,,,,,,,,,,,,,,,,,,
front_end,,True,kiss_icp_odometry,,,,,,,,,,,,,,,,,,,,,173210,,,,,,,,,,,,,,,,,,
front_end,,True,kiss_icp_odometry,,,,,,,,,,,,,,,,,,,,,173231,,,,,,,,,,,,,,,,,,
front_end,,True,kiss_icp_odometry,,,,,,,,,,,,,,,,,,,,,173250,,,,,,,,,,,,,,,,,,
front_end,,True,kiss_icp_odometry,,,,,,,,,,,,,,,,,,,,,173257,,,,,,,,,,,,,,,,,,
front_end,,True,kiss_icp_odometry,,,,,,,,,,,,,,,,,,,,,173273,,,,,,,,,,,,,,,,,,
front_end,,True,kiss_icp_odometry,,,,,,,,,,,,,,,,,,,,,173279,,,,,,,,,,,,,,,,,,
front_end,,True,kiss_icp_odometry,,,,,,,,,,,,,,,,,,,,,173293,,,,,,,,,,,,,,,,,,
front_end,,True,kiss_icp_odometry,,,,,,,,,,,,,,,,,,,,,173303,,,,,,,,,,,,,,,,,,
front_end,,True,kiss_icp_odometry,,,,,,,,,,,,,,,,,,,,,173311,,,,,,,,,,,,,,,,,,
front_end,,True,kiss_icp_odometry,,,,,,,,,,,,,,,,,,,,,173323,,,,,,,,,,,,,,,,,,
front_end,,True,kiss_icp_odometry,,,,,,,,,,,,,,,,,,,,,173324,,,,,,,,,,,,,,,,,,
front_end,,True,kiss_icp_odometry,,,,,,,,,,,,,,,,,,,,,173333,,,,,,,,,,,,,,,,,,
front_end,,True,kiss_icp_odometry,,,,,,,,,,,,,,,,,,,,,173338,,,,,,,,,,,,,,,,,,
optimized_backend,,,,,,,22.649167993222363,,,,,,,,,,,,,,,,,,,,,,,,,,,,83,87,5,0.003006003680638969,0.0,0.0,pose_graph,True
front_end,,True,kiss_icp_odometry,,,,,,,,,,,,,,,,,,,,,173342,,,,,,,,,,,,,,,,,,
front_end,,True,kiss_icp_odometry,,,,,,,,,,,,,,,,,,,,,173357,,,,,,,,,,,,,,,,,,
front_end,,True,kiss_icp_odometry,,,,,,,,,,,,,,,,,,,,,173367,,,,,,,,,,,,,,,,,,
front_end,,True,kiss_icp_odometry,,,,,,,,,,,,,,,,,,,,,173371,,,,,,,,,,,,,,,,,,
front_end,,True,kiss_icp_odometry,,,,,,,,,,,,,,,,,,,,,173376,,,,,,,,,,,,,,,,,,
front_end,,True,kiss_icp_odometry,,,,,,,,,,,,,,,,,,,,,173393,,,,,,,,,,,,,,,,,,
front_end,,True,kiss_icp_odometry,,,,,,,,,,,,,,,,,,,,,173400,,,,,,,,,,,,,,,,,,
front_end,,True,kiss_icp_odometry,,,,,,,,,,,,,,,,,,,,,173405,,,,,,,,,,,,,,,,,,
optimized_backend,,,,,,,31.731326002045535,,,,,,,,,,,,,,,,,,,,,,,,,,,,84,88,5,0.0016629928722977638,0.0,0.0,pose_graph,True
front_end,,True,kiss_icp_odometry,,,,,,,,,,,,,,,,,,,,,173411,,,,,,,,,,,,,,,,,,
front_end,,True,kiss_icp_odometry,,,,,,,,,,,,,,,,,,,,,173420,,,,,,,,,,,,,,,,,,
front_end,,True,kiss_icp_odometry,,,,,,,,,,,,,,,,,,,,,173425,,,,,,,,,,,,,,,,,,
front_end,,True,kiss_icp_odometry,,,,,,,,,,,,,,,,,,,,,173432,,,,,,,,,,,,,,,,,,
front_end,,True,kiss_icp_odometry,,,,,,,,,,,,,,,,,,,,,173433,,,,,,,,,,,,,,,,,,
front_end,,True,kiss_icp_odometry,,,,,,,,,,,,,,,,,,,,,173437,,,,,,,,,,,,,,,,,,
front_end,,True,kiss_icp_odometry,,,,,,,,,,,,,,,,,,,,,173438,,,,,,,,,,,,,,,,,,
front_end,,True,kiss_icp_odometry,,,,,,,,,,,,,,,,,,,,,173443,,,,,,,,,,,,,,,,,,
front_end,,True,kiss_icp_odometry,,,,,,,,,,,,,,,,,,,,,173445,,,,,,,,,,,,,,,,,,
front_end,,True,kiss_icp_odometry,,,,,,,,,,,,,,,,,,,,,173454,,,,,,,,,,,,,,,,,,
front_end,,True,kiss_icp_odometry,,,,,,,,,,,,,,,,,,,,,173458,,,,,,,,,,,,,,,,,,
front_end,,True,kiss_icp_odometry,,,,,,,,,,,,,,,,,,,,,173466,,,,,,,,,,,,,,,,,,
front_end,,True,kiss_icp_odometry,,,,,,,,,,,,,,,,,,,,,173474,,,,,,,,,,,,,,,,,,
front_end,,True,kiss_icp_odometry,,,,,,,,,,,,,,,,,,,,,173477,,,,,,,,,,,,,,,,,,
front_end,,True,kiss_icp_odometry,,,,,,,,,,,,,,,,,,,,,173479,,,,,,,,,,,,,,,,,,
front_end,,True,kiss_icp_odometry,,,,,,,,,,,,,,,,,,,,,173481,,,,,,,,,,,,,,,,,,
front_end,,True,kiss_icp_odometry,,,,,,,,,,,,,,,,,,,,,173489,,,,,,,,,,,,,,,,,,
front_end,,True,kiss_icp_odometry,,,,,,,,,,,,,,,,,,,,,173490,,,,,,,,,,,,,,,,,,
front_end,,True,kiss_icp_odometry,,,,,,,,,,,,,,,,,,,,,173499,,,,,,,,,,,,,,,,,,
front_end,,True,kiss_icp_odometry,,,,,,,,,,,,,,,,,,,,,173521,,,,,,,,,,,,,,,,,,
front_end,,True,kiss_icp_odometry,,,,,,,,,,,,,,,,,,,,,173523,,,,,,,,,,,,,,,,,,
front_end,,True,kiss_icp_odometry,,,,,,,,,,,,,,,,,,,,,173550,,,,,,,,,,,,,,,,,,
front_end,,True,kiss_icp_odometry,,,,,,,,,,,,,,,,,,,,,173555,,,,,,,,,,,,,,,,,,
front_end,,True,kiss_icp_odometry,,,,,,,,,,,,,,,,,,,,,173558,,,,,,,,,,,,,,,,,,
front_end,,True,kiss_icp_odometry,,,,,,,,,,,,,,,,,,,,,173564,,,,,,,,,,,,,,,,,,
front_end,,True,kiss_icp_odometry,,,,,,,,,,,,,,,,,,,,,173569,,,,,,,,,,,,,,,,,,
front_end,,True,kiss_icp_odometry,,,,,,,,,,,,,,,,,,,,,173572,,,,,,,,,,,,,,,,,,
front_end,,True,kiss_icp_odometry,,,,,,,,,,,,,,,,,,,,,173574,,,,,,,,,,,,,,,,,,
front_end,,True,kiss_icp_odometry,,,,,,,,,,,,,,,,,,,,,173580,,,,,,,,,,,,,,,,,,
front_end,,True,kiss_icp_odometry,,,,,,,,,,,,,,,,,,,,,173595,,,,,,,,,,,,,,,,,,
front_end,,True,kiss_icp_odometry,,,,,,,,,,,,,,,,,,,,,173597,,,,,,,,,,,,,,,,,,
front_end,,True,kiss_icp_odometry,,,,,,,,,,,,,,,,,,,,,173597,,,,,,,,,,,,,,,,,,
front_end,,True,kiss_icp_odometry,,,,,,,,,,,,,,,,,,,,,173600,,,,,,,,,,,,,,,,,,
front_end,,True,kiss_icp_odometry,,,,,,,,,,,,,,,,,,,,,173600,,,,,,,,,,,,,,,,,,
front_end,,True,kiss_icp_odometry,,,,,,,,,,,,,,,,,,,,,173601,,,,,,,,,,,,,,,,,,
front_end,,True,kiss_icp_odometry,,,,,,,,,,,,,,,,,,,,,173603,,,,,,,,,,,,,,,,,,
front_end,,True,kiss_icp_odometry,,,,,,,,,,,,,,,,,,,,,173606,,,,,,,,,,,,,,,,,,
front_end,,True,kiss_icp_odometry,,,,,,,,,,,,,,,,,,,,,173610,,,,,,,,,,,,,,,,,,
front_end,,True,kiss_icp_odometry,,,,,,,,,,,,,,,,,,,,,173612,,,,,,,,,,,,,,,,,,
front_end,,True,kiss_icp_odometry,,,,,,,,,,,,,,,,,,,,,173637,,,,,,,,,,,,,,,,,,
front_end,,True,kiss_icp_odometry,,,,,,,,,,,,,,,,,,,,,173641,,,,,,,,,,,,,,,,,,
front_end,,True,kiss_icp_odometry,,,,,,,,,,,,,,,,,,,,,173644,,,,,,,,,,,,,,,,,,
front_end,,True,kiss_icp_odometry,,,,,,,,,,,,,,,,,,,,,173659,,,,,,,,,,,,,,,,,,
front_end,,True,kiss_icp_odometry,,,,,,,,,,,,,,,,,,,,,173662,,,,,,,,,,,,,,,,,,
front_end,,True,kiss_icp_odometry,,,,,,,,,,,,,,,,,,,,,173666,,,,,,,,,,,,,,,,,,
front_end,,True,kiss_icp_odometry,,,,,,,,,,,,,,,,,,,,,173670,,,,,,,,,,,,,,,,,,
front_end,,True,kiss_icp_odometry,,,,,,,,,,,,,,,,,,,,,173672,,,,,,,,,,,,,,,,,,
front_end,,True,kiss_icp_odometry,,,,,,,,,,,,,,,,,,,,,173673,,,,,,,,,,,,,,,,,,
front_end,,True,kiss_icp_odometry,,,,,,,,,,,,,,,,,,,,,173674,,,,,,,,,,,,,,,,,,
front_end,,True,kiss_icp_odometry,,,,,,,,,,,,,,,,,,,,,173677,,,,,,,,,,,,,,,,,,
front_end,,True,kiss_icp_odometry,,,,,,,,,,,,,,,,,,,,,173679,,,,,,,,,,,,,,,,,,
front_end,,True,kiss_icp_odometry,,,,,,,,,,,,,,,,,,,,,173680,,,,,,,,,,,,,,,,,,
front_end,,True,kiss_icp_odometry,,,,,,,,,,,,,,,,,,,,,173685,,,,,,,,,,,,,,,,,,
front_end,,True,kiss_icp_odometry,,,,,,,,,,,,,,,,,,,,,173692,,,,,,,,,,,,,,,,,,
front_end,,True,kiss_icp_odometry,,,,,,,,,,,,,,,,,,,,,173695,,,,,,,,,,,,,,,,,,
front_end,,True,kiss_icp_odometry,,,,,,,,,,,,,,,,,,,,,173717,,,,,,,,,,,,,,,,,,
front_end,,True,kiss_icp_odometry,,,,,,,,,,,,,,,,,,,,,173722,,,,,,,,,,,,,,,,,,
front_end,,True,kiss_icp_odometry,,,,,,,,,,,,,,,,,,,,,173812,,,,,,,,,,,,,,,,,,
front_end,,True,kiss_icp_odometry,,,,,,,,,,,,,,,,,,,,,173849,,,,,,,,,,,,,,,,,,
front_end,,True,kiss_icp_odometry,,,,,,,,,,,,,,,,,,,,,173960,,,,,,,,,,,,,,,,,,
front_end,,True,kiss_icp_odometry,,,,,,,,,,,,,,,,,,,,,173989,,,,,,,,,,,,,,,,,,
front_end,,True,kiss_icp_odometry,,,,,,,,,,,,,,,,,,,,,174111,,,,,,,,,,,,,,,,,,
front_end,,True,kiss_icp_odometry,,,,,,,,,,,,,,,,,,,,,174136,,,,,,,,,,,,,,,,,,
front_end,,True,kiss_icp_odometry,,,,,,,,,,,,,,,,,,,,,174178,,,,,,,,,,,,,,,,,,
front_end,,True,kiss_icp_odometry,,,,,,,,,,,,,,,,,,,,,174253,,,,,,,,,,,,,,,,,,
front_end,,True,kiss_icp_odometry,,,,,,,,,,,,,,,,,,,,,174284,,,,,,,,,,,,,,,,,,
front_end,,True,kiss_icp_odometry,,,,,,,,,,,,,,,,,,,,,174314,,,,,,,,,,,,,,,,,,
front_end,,True,kiss_icp_odometry,,,,,,,,,,,,,,,,,,,,,174362,,,,,,,,,,,,,,,,,,
front_end,,True,kiss_icp_odometry,,,,,,,,,,,,,,,,,,,,,174406,,,,,,,,,,,,,,,,,,
front_end,,True,kiss_icp_odometry,,,,,,,,,,,,,,,,,,,,,174429,,,,,,,,,,,,,,,,,,
front_end,,True,kiss_icp_odometry,,,,,,,,,,,,,,,,,,,,,174449,,,,,,,,,,,,,,,,,,
front_end,,True,kiss_icp_odometry,,,,,,,,,,,,,,,,,,,,,174467,,,,,,,,,,,,,,,,,,
front_end,,True,kiss_icp_odometry,,,,,,,,,,,,,,,,,,,,,174493,,,,,,,,,,,,,,,,,,
front_end,,True,kiss_icp_odometry,,,,,,,,,,,,,,,,,,,,,174515,,,,,,,,,,,,,,,,,,
front_end,,True,kiss_icp_odometry,,,,,,,,,,,,,,,,,,,,,174533,,,,,,,,,,,,,,,,,,
front_end,,True,kiss_icp_odometry,,,,,,,,,,,,,,,,,,,,,174556,,,,,,,,,,,,,,,,,,
front_end,,True,kiss_icp_odometry,,,,,,,,,,,,,,,,,,,,,174574,,,,,,,,,,,,,,,,,,
optimized_backend,,,,,,,737.4166039953707,,,,,,,,,,,,,,,,,,,,,,,,,,,,85,90,6,641.9422009930713,13.598609992186539,45.0772699987283,pose_graph,True
front_end,,True,kiss_icp_odometry,,,,,,,,,,,,,,,,,,,,,174605,,,,,,,,,,,,,,,,,,
front_end,,True,kiss_icp_odometry,,,,,,,,,,,,,,,,,,,,,174628,,,,,,,,,,,,,,,,,,
front_end,,True,kiss_icp_odometry,,,,,,,,,,,,,,,,,,,,,174655,,,,,,,,,,,,,,,,,,
front_end,,True,kiss_icp_odometry,,,,,,,,,,,,,,,,,,,,,174683,,,,,,,,,,,,,,,,,,
optimized_backend,,,,,,,61.985922991880216,,,,,,,,,,,,,,,,,,,,,,,,,,,,86,91,6,0.0024149921955540776,0.0,0.0,pose_graph,True
front_end,,True,kiss_icp_odometry,,,,,,,,,,,,,,,,,,,,,174710,,,,,,,,,,,,,,,,,,
front_end,,True,kiss_icp_odometry,,,,,,,,,,,,,,,,,,,,,174764,,,,,,,,,,,,,,,,,,
front_end,,True,kiss_icp_odometry,,,,,,,,,,,,,,,,,,,,,174831,,,,,,,,,,,,,,,,,,
front_end,,True,kiss_icp_odometry,,,,,,,,,,,,,,,,,,,,,174852,,,,,,,,,,,,,,,,,,
front_end,,True,kiss_icp_odometry,,,,,,,,,,,,,,,,,,,,,174877,,,,,,,,,,,,,,,,,,
front_end,,True,kiss_icp_odometry,,,,,,,,,,,,,,,,,,,,,174904,,,,,,,,,,,,,,,,,,
front_end,,True,kiss_icp_odometry,,,,,,,,,,,,,,,,,,,,,174935,,,,,,,,,,,,,,,,,,
front_end,,True,kiss_icp_odometry,,,,,,,,,,,,,,,,,,,,,174963,,,,,,,,,,,,,,,,,,
front_end,,True,kiss_icp_odometry,,,,,,,,,,,,,,,,,,,,,175027,,,,,,,,,,,,,,,,,,
optimized_backend,,,,,,,48.84289100300521,,,,,,,,,,,,,,,,,,,,,,,,,,,,87,92,6,0.0031560048228129745,0.0,0.0,pose_graph,True
front_end,,True,kiss_icp_odometry,,,,,,,,,,,,,,,,,,,,,175052,,,,,,,,,,,,,,,,,,
front_end,,True,kiss_icp_odometry,,,,,,,,,,,,,,,,,,,,,175084,,,,,,,,,,,,,,,,,,
front_end,,True,kiss_icp_odometry,,,,,,,,,,,,,,,,,,,,,175107,,,,,,,,,,,,,,,,,,
front_end,,True,kiss_icp_odometry,,,,,,,,,,,,,,,,,,,,,175134,,,,,,,,,,,,,,,,,,
front_end,,True,kiss_icp_odometry,,,,,,,,,,,,,,,,,,,,,175154,,,,,,,,,,,,,,,,,,
front_end,,True,kiss_icp_odometry,,,,,,,,,,,,,,,,,,,,,175237,,,,,,,,,,,,,,,,,,
front_end,,True,kiss_icp_odometry,,,,,,,,,,,,,,,,,,,,,175264,,,,,,,,,,,,,,,,,,
front_end,,True,kiss_icp_odometry,,,,,,,,,,,,,,,,,,,,,175303,,,,,,,,,,,,,,,,,,
front_end,,True,kiss_icp_odometry,,,,,,,,,,,,,,,,,,,,,175328,,,,,,,,,,,,,,,,,,
front_end,,True,kiss_icp_odometry,,,,,,,,,,,,,,,,,,,,,175354,,,,,,,,,,,,,,,,,,
front_end,,True,kiss_icp_odometry,,,,,,,,,,,,,,,,,,,,,175370,,,,,,,,,,,,,,,,,,
front_end,,True,kiss_icp_odometry,,,,,,,,,,,,,,,,,,,,,175390,,,,,,,,,,,,,,,,,,
front_end,,True,kiss_icp_odometry,,,,,,,,,,,,,,,,,,,,,175409,,,,,,,,,,,,,,,,,,
front_end,,True,kiss_icp_odometry,,,,,,,,,,,,,,,,,,,,,175431,,,,,,,,,,,,,,,,,,
front_end,,True,kiss_icp_odometry,,,,,,,,,,,,,,,,,,,,,175452,,,,,,,,,,,,,,,,,,
front_end,,True,kiss_icp_odometry,,,,,,,,,,,,,,,,,,,,,175476,,,,,,,,,,,,,,,,,,
front_end,,True,kiss_icp_odometry,,,,,,,,,,,,,,,,,,,,,175503,,,,,,,,,,,,,,,,,,
front_end,,True,kiss_icp_odometry,,,,,,,,,,,,,,,,,,,,,175534,,,,,,,,,,,,,,,,,,
front_end,,True,kiss_icp_odometry,,,,,,,,,,,,,,,,,,,,,175565,,,,,,,,,,,,,,,,,,
front_end,,True,kiss_icp_odometry,,,,,,,,,,,,,,,,,,,,,175595,,,,,,,,,,,,,,,,,,
front_end,,True,kiss_icp_odometry,,,,,,,,,,,,,,,,,,,,,175634,,,,,,,,,,,,,,,,,,
front_end,,True,kiss_icp_odometry,,,,,,,,,,,,,,,,,,,,,175658,,,,,,,,,,,,,,,,,,
front_end,,True,kiss_icp_odometry,,,,,,,,,,,,,,,,,,,,,175688,,,,,,,,,,,,,,,,,,
front_end,,True,kiss_icp_odometry,,,,,,,,,,,,,,,,,,,,,175701,,,,,,,,,,,,,,,,,,
front_end,,True,kiss_icp_odometry,,,,,,,,,,,,,,,,,,,,,175726,,,,,,,,,,,,,,,,,,
front_end,,True,kiss_icp_odometry,,,,,,,,,,,,,,,,,,,,,175737,,,,,,,,,,,,,,,,,,
optimized_backend,,,,,,,45.00180800096132,,,,,,,,,,,,,,,,,,,,,,,,,,,,88,93,6,0.0017940037650987506,0.0,0.0,pose_graph,True
front_end,,True,kiss_icp_odometry,,,,,,,,,,,,,,,,,,,,,175758,,,,,,,,,,,,,,,,,,
front_end,,True,kiss_icp_odometry,,,,,,,,,,,,,,,,,,,,,175771,,,,,,,,,,,,,,,,,,
front_end,,True,kiss_icp_odometry,,,,,,,,,,,,,,,,,,,,,175783,,,,,,,,,,,,,,,,,,
front_end,,True,kiss_icp_odometry,,,,,,,,,,,,,,,,,,,,,175792,,,,,,,,,,,,,,,,,,
front_end,,True,kiss_icp_odometry,,,,,,,,,,,,,,,,,,,,,175804,,,,,,,,,,,,,,,,,,
front_end,,True,kiss_icp_odometry,,,,,,,,,,,,,,,,,,,,,175819,,,,,,,,,,,,,,,,,,
front_end,,True,kiss_icp_odometry,,,,,,,,,,,,,,,,,,,,,175833,,,,,,,,,,,,,,,,,,
front_end,,True,kiss_icp_odometry,,,,,,,,,,,,,,,,,,,,,175844,,,,,,,,,,,,,,,,,,
front_end,,True,kiss_icp_odometry,,,,,,,,,,,,,,,,,,,,,175858,,,,,,,,,,,,,,,,,,
front_end,,True,kiss_icp_odometry,,,,,,,,,,,,,,,,,,,,,175881,,,,,,,,,,,,,,,,,,
front_end,,True,kiss_icp_odometry,,,,,,,,,,,,,,,,,,,,,175898,,,,,,,,,,,,,,,,,,
front_end,,True,kiss_icp_odometry,,,,,,,,,,,,,,,,,,,,,175937,,,,,,,,,,,,,,,,,,
front_end,,True,kiss_icp_odometry,,,,,,,,,,,,,,,,,,,,,175976,,,,,,,,,,,,,,,,,,
front_end,,True,kiss_icp_odometry,,,,,,,,,,,,,,,,,,,,,176080,,,,,,,,,,,,,,,,,,
front_end,,True,kiss_icp_odometry,,,,,,,,,,,,,,,,,,,,,176109,,,,,,,,,,,,,,,,,,
front_end,,True,kiss_icp_odometry,,,,,,,,,,,,,,,,,,,,,176150,,,,,,,,,,,,,,,,,,
front_end,,True,kiss_icp_odometry,,,,,,,,,,,,,,,,,,,,,176192,,,,,,,,,,,,,,,,,,
front_end,,True,kiss_icp_odometry,,,,,,,,,,,,,,,,,,,,,176232,,,,,,,,,,,,,,,,,,
front_end,,True,kiss_icp_odometry,,,,,,,,,,,,,,,,,,,,,176313,,,,,,,,,,,,,,,,,,
front_end,,True,kiss_icp_odometry,,,,,,,,,,,,,,,,,,,,,176361,,,,,,,,,,,,,,,,,,
front_end,,True,kiss_icp_odometry,,,,,,,,,,,,,,,,,,,,,176408,,,,,,,,,,,,,,,,,,
front_end,,True,kiss_icp_odometry,,,,,,,,,,,,,,,,,,,,,176460,,,,,,,,,,,,,,,,,,
optimized_backend,,,,,,,34.83107300417032,,,,,,,,,,,,,,,,,,,,,,,,,,,,89,94,6,0.0027650094125419855,0.0,0.0,pose_graph,True
front_end,,True,kiss_icp_odometry,,,,,,,,,,,,,,,,,,,,,176545,,,,,,,,,,,,,,,,,,
front_end,,True,kiss_icp_odometry,,,,,,,,,,,,,,,,,,,,,176617,,,,,,,,,,,,,,,,,,
front_end,,True,kiss_icp_odometry,,,,,,,,,,,,,,,,,,,,,176679,,,,,,,,,,,,,,,,,,
front_end,,True,kiss_icp_odometry,,,,,,,,,,,,,,,,,,,,,176740,,,,,,,,,,,,,,,,,,
front_end,,True,kiss_icp_odometry,,,,,,,,,,,,,,,,,,,,,176823,,,,,,,,,,,,,,,,,,
front_end,,True,kiss_icp_odometry,,,,,,,,,,,,,,,,,,,,,176884,,,,,,,,,,,,,,,,,,
front_end,,True,kiss_icp_odometry,,,,,,,,,,,,,,,,,,,,,176936,,,,,,,,,,,,,,,,,,
front_end,,True,kiss_icp_odometry,,,,,,,,,,,,,,,,,,,,,177029,,,,,,,,,,,,,,,,,,
front_end,,True,kiss_icp_odometry,,,,,,,,,,,,,,,,,,,,,177080,,,,,,,,,,,,,,,,,,
front_end,,True,kiss_icp_odometry,,,,,,,,,,,,,,,,,,,,,177136,,,,,,,,,,,,,,,,,,
front_end,,True,kiss_icp_odometry,,,,,,,,,,,,,,,,,,,,,177201,,,,,,,,,,,,,,,,,,
front_end,,True,kiss_icp_odometry,,,,,,,,,,,,,,,,,,,,,177256,,,,,,,,,,,,,,,,,,
front_end,,True,kiss_icp_odometry,,,,,,,,,,,,,,,,,,,,,177294,,,,,,,,,,,,,,,,,,
front_end,,True,kiss_icp_odometry,,,,,,,,,,,,,,,,,,,,,177333,,,,,,,,,,,,,,,,,,
front_end,,True,kiss_icp_odometry,,,,,,,,,,,,,,,,,,,,,177387,,,,,,,,,,,,,,,,,,
front_end,,True,kiss_icp_odometry,,,,,,,,,,,,,,,,,,,,,177447,,,,,,,,,,,,,,,,,,
front_end,,True,kiss_icp_odometry,,,,,,,,,,,,,,,,,,,,,177481,,,,,,,,,,,,,,,,,,
front_end,,True,kiss_icp_odometry,,,,,,,,,,,,,,,,,,,,,177529,,,,,,,,,,,,,,,,,,
front_end,,True,kiss_icp_odometry,,,,,,,,,,,,,,,,,,,,,177585,,,,,,,,,,,,,,,,,,
front_end,,True,kiss_icp_odometry,,,,,,,,,,,,,,,,,,,,,177636,,,,,,,,,,,,,,,,,,
front_end,,True,kiss_icp_odometry,,,,,,,,,,,,,,,,,,,,,177673,,,,,,,,,,,,,,,,,,
front_end,,True,kiss_icp_odometry,,,,,,,,,,,,,,,,,,,,,177698,,,,,,,,,,,,,,,,,,
front_end,,True,kiss_icp_odometry,,,,,,,,,,,,,,,,,,,,,177730,,,,,,,,,,,,,,,,,,
front_end,,True,kiss_icp_odometry,,,,,,,,,,,,,,,,,,,,,177749,,,,,,,,,,,,,,,,,,
front_end,,True,kiss_icp_odometry,,,,,,,,,,,,,,,,,,,,,177771,,,,,,,,,,,,,,,,,,
front_end,,True,kiss_icp_odometry,,,,,,,,,,,,,,,,,,,,,177795,,,,,,,,,,,,,,,,,,
front_end,,True,kiss_icp_odometry,,,,,,,,,,,,,,,,,,,,,177815,,,,,,,,,,,,,,,,,,
front_end,,True,kiss_icp_odometry,,,,,,,,,,,,,,,,,,,,,177830,,,,,,,,,,,,,,,,,,
front_end,,True,kiss_icp_odometry,,,,,,,,,,,,,,,,,,,,,177848,,,,,,,,,,,,,,,,,,
front_end,,True,kiss_icp_odometry,,,,,,,,,,,,,,,,,,,,,177865,,,,,,,,,,,,,,,,,,
front_end,,True,kiss_icp_odometry,,,,,,,,,,,,,,,,,,,,,177883,,,,,,,,,,,,,,,,,,
front_end,,True,kiss_icp_odometry,,,,,,,,,,,,,,,,,,,,,177916,,,,,,,,,,,,,,,,,,
front_end,,True,kiss_icp_odometry,,,,,,,,,,,,,,,,,,,,,177942,,,,,,,,,,,,,,,,,,
front_end,,True,kiss_icp_odometry,,,,,,,,,,,,,,,,,,,,,177978,,,,,,,,,,,,,,,,,,
front_end,,True,kiss_icp_odometry,,,,,,,,,,,,,,,,,,,,,177998,,,,,,,,,,,,,,,,,,
front_end,,True,kiss_icp_odometry,,,,,,,,,,,,,,,,,,,,,178013,,,,,,,,,,,,,,,,,,
optimized_backend,,,,,,,55.7573909900384,,,,,,,,,,,,,,,,,,,,,,,,,,,,90,95,6,0.0020239967852830887,0.0,0.0,pose_graph,True
front_end,,True,kiss_icp_odometry,,,,,,,,,,,,,,,,,,,,,178033,,,,,,,,,,,,,,,,,,
front_end,,True,kiss_icp_odometry,,,,,,,,,,,,,,,,,,,,,178045,,,,,,,,,,,,,,,,,,
front_end,,True,kiss_icp_odometry,,,,,,,,,,,,,,,,,,,,,178069,,,,,,,,,,,,,,,,,,
front_end,,True,kiss_icp_odometry,,,,,,,,,,,,,,,,,,,,,178081,,,,,,,,,,,,,,,,,,
front_end,,True,kiss_icp_odometry,,,,,,,,,,,,,,,,,,,,,178097,,,,,,,,,,,,,,,,,,
front_end,,True,kiss_icp_odometry,,,,,,,,,,,,,,,,,,,,,178109,,,,,,,,,,,,,,,,,,
front_end,,True,kiss_icp_odometry,,,,,,,,,,,,,,,,,,,,,178125,,,,,,,,,,,,,,,,,,
front_end,,True,kiss_icp_odometry,,,,,,,,,,,,,,,,,,,,,178149,,,,,,,,,,,,,,,,,,
front_end,,True,kiss_icp_odometry,,,,,,,,,,,,,,,,,,,,,178172,,,,,,,,,,,,,,,,,,
front_end,,True,kiss_icp_odometry,,,,,,,,,,,,,,,,,,,,,178180,,,,,,,,,,,,,,,,,,
front_end,,True,kiss_icp_odometry,,,,,,,,,,,,,,,,,,,,,178192,,,,,,,,,,,,,,,,,,
front_end,,True,kiss_icp_odometry,,,,,,,,,,,,,,,,,,,,,178204,,,,,,,,,,,,,,,,,,
front_end,,True,kiss_icp_odometry,,,,,,,,,,,,,,,,,,,,,178215,,,,,,,,,,,,,,,,,,
front_end,,True,kiss_icp_odometry,,,,,,,,,,,,,,,,,,,,,178228,,,,,,,,,,,,,,,,,,
optimized_backend,,,,,,,797.9703229939332,,,,,,,,,,,,,,,,,,,,,,,,,,,,91,97,7,717.1249480015831,19.09946301020682,19.74170099128969,pose_graph,True
front_end,,True,kiss_icp_odometry,,,,,,,,,,,,,,,,,,,,,178262,,,,,,,,,,,,,,,,,,
front_end,,True,kiss_icp_odometry,,,,,,,,,,,,,,,,,,,,,178273,,,,,,,,,,,,,,,,,,
front_end,,True,kiss_icp_odometry,,,,,,,,,,,,,,,,,,,,,178291,,,,,,,,,,,,,,,,,,
optimized_backend,,,,,,,63.70372300443705,,,,,,,,,,,,,,,,,,,,,,,,,,,,92,98,7,0.0019539875211194158,0.0,0.0,pose_graph,True
front_end,,True,kiss_icp_odometry,,,,,,,,,,,,,,,,,,,,,178307,,,,,,,,,,,,,,,,,,
front_end,,True,kiss_icp_odometry,,,,,,,,,,,,,,,,,,,,,178320,,,,,,,,,,,,,,,,,,
front_end,,True,kiss_icp_odometry,,,,,,,,,,,,,,,,,,,,,178339,,,,,,,,,,,,,,,,,,
front_end,,True,kiss_icp_odometry,,,,,,,,,,,,,,,,,,,,,178365,,,,,,,,,,,,,,,,,,
front_end,,True,kiss_icp_odometry,,,,,,,,,,,,,,,,,,,,,178386,,,,,,,,,,,,,,,,,,
optimized_backend,,,,,,,32.645904007949866,,,,,,,,,,,,,,,,,,,,,,,,,,,,93,99,7,0.0036969868233427405,0.0,0.0,pose_graph,True
front_end,,True,kiss_icp_odometry,,,,,,,,,,,,,,,,,,,,,178406,,,,,,,,,,,,,,,,,,
front_end,,True,kiss_icp_odometry,,,,,,,,,,,,,,,,,,,,,178423,,,,,,,,,,,,,,,,,,
front_end,,True,kiss_icp_odometry,,,,,,,,,,,,,,,,,,,,,178434,,,,,,,,,,,,,,,,,,
front_end,,True,kiss_icp_odometry,,,,,,,,,,,,,,,,,,,,,178445,,,,,,,,,,,,,,,,,,
optimized_backend,,,,,,,43.75584499211982,,,,,,,,,,,,,,,,,,,,,,,,,,,,94,100,7,0.002354005118831992,0.0,0.0,pose_graph,True
front_end,,True,kiss_icp_odometry,,,,,,,,,,,,,,,,,,,,,178465,,,,,,,,,,,,,,,,,,
front_end,,True,kiss_icp_odometry,,,,,,,,,,,,,,,,,,,,,178482,,,,,,,,,,,,,,,,,,
front_end,,True,kiss_icp_odometry,,,,,,,,,,,,,,,,,,,,,178507,,,,,,,,,,,,,,,,,,
optimized_backend,,,,,,,24.459041000227444,,,,,,,,,,,,,,,,,,,,,,,,,,,,95,101,7,0.0029560032999143004,0.0,0.0,pose_graph,True
front_end,,True,kiss_icp_odometry,,,,,,,,,,,,,,,,,,,,,178526,,,,,,,,,,,,,,,,,,
front_end,,True,kiss_icp_odometry,,,,,,,,,,,,,,,,,,,,,178566,,,,,,,,,,,,,,,,,,
front_end,,True,kiss_icp_odometry,,,,,,,,,,,,,,,,,,,,,178629,,,,,,,,,,,,,,,,,,
front_end,,True,kiss_icp_odometry,,,,,,,,,,,,,,,,,,,,,178639,,,,,,,,,,,,,,,,,,
optimized_backend,,,,,,,42.513387990766205,,,,,,,,,,,,,,,,,,,,,,,,,,,,96,102,7,0.0018530117813497782,0.0,0.0,pose_graph,True
front_end,,True,kiss_icp_odometry,,,,,,,,,,,,,,,,,,,,,178651,,,,,,,,,,,,,,,,,,
front_end,,True,kiss_icp_odometry,,,,,,,,,,,,,,,,,,,,,178661,,,,,,,,,,,,,,,,,,
front_end,,True,kiss_icp_odometry,,,,,,,,,,,,,,,,,,,,,178671,,,,,,,,,,,,,,,,,,
front_end,,True,kiss_icp_odometry,,,,,,,,,,,,,,,,,,,,,178691,,,,,,,,,,,,,,,,,,
front_end,,True,kiss_icp_odometry,,,,,,,,,,,,,,,,,,,,,178701,,,,,,,,,,,,,,,,,,
front_end,,True,kiss_icp_odometry,,,,,,,,,,,,,,,,,,,,,178721,,,,,,,,,,,,,,,,,,
front_end,,True,kiss_icp_odometry,,,,,,,,,,,,,,,,,,,,,178751,,,,,,,,,,,,,,,,,,
front_end,,True,kiss_icp_odometry,,,,,,,,,,,,,,,,,,,,,178776,,,,,,,,,,,,,,,,,,
front_end,,True,kiss_icp_odometry,,,,,,,,,,,,,,,,,,,,,178796,,,,,,,,,,,,,,,,,,
optimized_backend,,,,,,,636.5010279987473,,,,,,,,,,,,,,,,,,,,,,,,,,,,97,104,8,568.9397020032629,10.4200929927174,17.320176993962377,pose_graph,True
front_end,,True,kiss_icp_odometry,,,,,,,,,,,,,,,,,,,,,178814,,,,,,,,,,,,,,,,,,
optimized_backend,,,,,,,43.384156000684015,,,,,,,,,,,,,,,,,,,,,,,,,,,,98,105,8,0.002173997927457094,0.0,0.0,pose_graph,True
optimized_backend,,,,,,,39.601273005246185,,,,,,,,,,,,,,,,,,,,,,,,,,,,99,106,8,0.0018930004443973303,0.0,0.0,pose_graph,True
front_end,,True,kiss_icp_odometry,,,,,,,,,,,,,,,,,,,,,178825,,,,,,,,,,,,,,,,,,
front_end,,True,kiss_icp_odometry,,,,,,,,,,,,,,,,,,,,,178838,,,,,,,,,,,,,,,,,,
front_end,,True,kiss_icp_odometry,,,,,,,,,,,,,,,,,,,,,178858,,,,,,,,,,,,,,,,,,
optimized_backend,,,,,,,50.279470000532456,,,,,,,,,,,,,,,,,,,,,,,,,,,,100,107,8,0.0019430008251219988,0.0,0.0,pose_graph,True
front_end,,True,kiss_icp_odometry,,,,,,,,,,,,,,,,,,,,,178874,,,,,,,,,,,,,,,,,,
front_end,,True,kiss_icp_odometry,,,,,,,,,,,,,,,,,,,,,178899,,,,,,,,,,,,,,,,,,
optimized_backend,,,,,,,59.339986997656524,,,,,,,,,,,,,,,,,,,,,,,,,,,,101,108,8,0.003115012077614665,0.0,37.40786800335627,pose_graph,True
front_end,,True,kiss_icp_odometry,,,,,,,,,,,,,,,,,,,,,178913,,,,,,,,,,,,,,,,,,
front_end,,True,kiss_icp_odometry,,,,,,,,,,,,,,,,,,,,,178920,,,,,,,,,,,,,,,,,,
front_end,,True,kiss_icp_odometry,,,,,,,,,,,,,,,,,,,,,178928,,,,,,,,,,,,,,,,,,
front_end,,True,kiss_icp_odometry,,,,,,,,,,,,,,,,,,,,,178939,,,,,,,,,,,,,,,,,,
front_end,,True,kiss_icp_odometry,,,,,,,,,,,,,,,,,,,,,178958,,,,,,,,,,,,,,,,,,
optimized_backend,,,,,,,34.285727990209125,,,,,,,,,,,,,,,,,,,,,,,,,,,,102,109,8,0.0016429985407739878,0.0,0.0,pose_graph,True
front_end,,True,kiss_icp_odometry,,,,,,,,,,,,,,,,,,,,,178963,,,,,,,,,,,,,,,,,,
front_end,,True,kiss_icp_odometry,,,,,,,,,,,,,,,,,,,,,178973,,,,,,,,,,,,,,,,,,
front_end,,True,kiss_icp_odometry,,,,,,,,,,,,,,,,,,,,,179006,,,,,,,,,,,,,,,,,,
front_end,,True,kiss_icp_odometry,,,,,,,,,,,,,,,,,,,,,179011,,,,,,,,,,,,,,,,,,
front_end,,True,kiss_icp_odometry,,,,,,,,,,,,,,,,,,,,,179025,,,,,,,,,,,,,,,,,,
front_end,,True,kiss_icp_odometry,,,,,,,,,,,,,,,,,,,,,179029,,,,,,,,,,,,,,,,,,
front_end,,True,kiss_icp_odometry,,,,,,,,,,,,,,,,,,,,,179032,,,,,,,,,,,,,,,,,,
front_end,,True,kiss_icp_odometry,,,,,,,,,,,,,,,,,,,,,179041,,,,,,,,,,,,,,,,,,
front_end,,True,kiss_icp_odometry,,,,,,,,,,,,,,,,,,,,,179045,,,,,,,,,,,,,,,,,,
front_end,,True,kiss_icp_odometry,,,,,,,,,,,,,,,,,,,,,179047,,,,,,,,,,,,,,,,,,
optimized_backend,,,,,,,689.3549069936853,,,,,,,,,,,,,,,,,,,,,,,,,,,,103,111,9,557.7745570044499,17.322070998488925,29.236143003799953,pose_graph,True
optimized_backend,,,,,,,59.52234000142198,,,,,,,,,,,,,,,,,,,,,,,,,,,,104,112,9,0.0021439918782562017,0.0,0.0,pose_graph,True
front_end,,True,kiss_icp_odometry,,,,,,,,,,,,,,,,,,,,,179054,,,,,,,,,,,,,,,,,,
front_end,,True,kiss_icp_odometry,,,,,,,,,,,,,,,,,,,,,179062,,,,,,,,,,,,,,,,,,
front_end,,True,kiss_icp_odometry,,,,,,,,,,,,,,,,,,,,,179073,,,,,,,,,,,,,,,,,,
optimized_backend,,,,,,,23.76821199140977,,,,,,,,,,,,,,,,,,,,,,,,,,,,105,113,9,0.0027659989427775145,0.0,0.0,pose_graph,True
front_end,,True,kiss_icp_odometry,,,,,,,,,,,,,,,,,,,,,179094,,,,,,,,,,,,,,,,,,
front_end,,True,kiss_icp_odometry,,,,,,,,,,,,,,,,,,,,,179132,,,,,,,,,,,,,,,,,,
front_end,,True,kiss_icp_odometry,,,,,,,,,,,,,,,,,,,,,179141,,,,,,,,,,,,,,,,,,
front_end,,True,kiss_icp_odometry,,,,,,,,,,,,,,,,,,,,,179170,,,,,,,,,,,,,,,,,,
front_end,,True,kiss_icp_odometry,,,,,,,,,,,,,,,,,,,,,179181,,,,,,,,,,,,,,,,,,
front_end,,True,kiss_icp_odometry,,,,,,,,,,,,,,,,,,,,,179192,,,,,,,,,,,,,,,,,,
front_end,,True,kiss_icp_odometry,,,,,,,,,,,,,,,,,,,,,179208,,,,,,,,,,,,,,,,,,
front_end,,True,kiss_icp_odometry,,,,,,,,,,,,,,,,,,,,,179214,,,,,,,,,,,,,,,,,,
front_end,,True,kiss_icp_odometry,,,,,,,,,,,,,,,,,,,,,179228,,,,,,,,,,,,,,,,,,
front_end,,True,kiss_icp_odometry,,,,,,,,,,,,,,,,,,,,,179240,,,,,,,,,,,,,,,,,,
front_end,,True,kiss_icp_odometry,,,,,,,,,,,,,,,,,,,,,179255,,,,,,,,,,,,,,,,,,
front_end,,True,kiss_icp_odometry,,,,,,,,,,,,,,,,,,,,,179292,,,,,,,,,,,,,,,,,,
front_end,,True,kiss_icp_odometry,,,,,,,,,,,,,,,,,,,,,179305,,,,,,,,,,,,,,,,,,
front_end,,True,kiss_icp_odometry,,,,,,,,,,,,,,,,,,,,,179314,,,,,,,,,,,,,,,,,,
front_end,,True,kiss_icp_odometry,,,,,,,,,,,,,,,,,,,,,179320,,,,,,,,,,,,,,,,,,
front_end,,True,kiss_icp_odometry,,,,,,,,,,,,,,,,,,,,,179329,,,,,,,,,,,,,,,,,,
front_end,,True,kiss_icp_odometry,,,,,,,,,,,,,,,,,,,,,179335,,,,,,,,,,,,,,,,,,
front_end,,True,kiss_icp_odometry,,,,,,,,,,,,,,,,,,,,,179341,,,,,,,,,,,,,,,,,,
front_end,,True,kiss_icp_odometry,,,,,,,,,,,,,,,,,,,,,179368,,,,,,,,,,,,,,,,,,
front_end,,True,kiss_icp_odometry,,,,,,,,,,,,,,,,,,,,,179371,,,,,,,,,,,,,,,,,,
front_end,,True,kiss_icp_odometry,,,,,,,,,,,,,,,,,,,,,179377,,,,,,,,,,,,,,,,,,
front_end,,True,kiss_icp_odometry,,,,,,,,,,,,,,,,,,,,,179386,,,,,,,,,,,,,,,,,,
front_end,,True,kiss_icp_odometry,,,,,,,,,,,,,,,,,,,,,179389,,,,,,,,,,,,,,,,,,
front_end,,True,kiss_icp_odometry,,,,,,,,,,,,,,,,,,,,,179398,,,,,,,,,,,,,,,,,,
front_end,,True,kiss_icp_odometry,,,,,,,,,,,,,,,,,,,,,179406,,,,,,,,,,,,,,,,,,
optimized_backend,,,,,,,27.862179005751386,,,,,,,,,,,,,,,,,,,,,,,,,,,,106,114,9,0.0018830032786354423,0.0,0.0,pose_graph,True
front_end,,True,kiss_icp_odometry,,,,,,,,,,,,,,,,,,,,,179408,,,,,,,,,,,,,,,,,,
front_end,,True,kiss_icp_odometry,,,,,,,,,,,,,,,,,,,,,179410,,,,,,,,,,,,,,,,,,
front_end,,True,kiss_icp_odometry,,,,,,,,,,,,,,,,,,,,,179411,,,,,,,,,,,,,,,,,,
front_end,,True,kiss_icp_odometry,,,,,,,,,,,,,,,,,,,,,179421,,,,,,,,,,,,,,,,,,
front_end,,True,kiss_icp_odometry,,,,,,,,,,,,,,,,,,,,,179431,,,,,,,,,,,,,,,,,,
front_end,,True,kiss_icp_odometry,,,,,,,,,,,,,,,,,,,,,179437,,,,,,,,,,,,,,,,,,
front_end,,True,kiss_icp_odometry,,,,,,,,,,,,,,,,,,,,,179448,,,,,,,,,,,,,,,,,,
front_end,,True,kiss_icp_odometry,,,,,,,,,,,,,,,,,,,,,179457,,,,,,,,,,,,,,,,,,
front_end,,True,kiss_icp_odometry,,,,,,,,,,,,,,,,,,,,,179464,,,,,,,,,,,,,,,,,,
front_end,,True,kiss_icp_odometry,,,,,,,,,,,,,,,,,,,,,179469,,,,,,,,,,,,,,,,,,
front_end,,True,kiss_icp_odometry,,,,,,,,,,,,,,,,,,,,,179472,,,,,,,,,,,,,,,,,,
front_end,,True,kiss_icp_odometry,,,,,,,,,,,,,,,,,,,,,179474,,,,,,,,,,,,,,,,,,
front_end,,True,kiss_icp_odometry,,,,,,,,,,,,,,,,,,,,,179485,,,,,,,,,,,,,,,,,,
front_end,,True,kiss_icp_odometry,,,,,,,,,,,,,,,,,,,,,179487,,,,,,,,,,,,,,,,,,
front_end,,True,kiss_icp_odometry,,,,,,,,,,,,,,,,,,,,,179495,,,,,,,,,,,,,,,,,,
front_end,,True,kiss_icp_odometry,,,,,,,,,,,,,,,,,,,,,179503,,,,,,,,,,,,,,,,,,
front_end,,True,kiss_icp_odometry,,,,,,,,,,,,,,,,,,,,,179504,,,,,,,,,,,,,,,,,,
front_end,,True,kiss_icp_odometry,,,,,,,,,,,,,,,,,,,,,179508,,,,,,,,,,,,,,,,,,
front_end,,True,kiss_icp_odometry,,,,,,,,,,,,,,,,,,,,,179512,,,,,,,,,,,,,,,,,,
front_end,,True,kiss_icp_odometry,,,,,,,,,,,,,,,,,,,,,179513,,,,,,,,,,,,,,,,,,
front_end,,True,kiss_icp_odometry,,,,,,,,,,,,,,,,,,,,,179515,,,,,,,,,,,,,,,,,,
front_end,,True,kiss_icp_odometry,,,,,,,,,,,,,,,,,,,,,179515,,,,,,,,,,,,,,,,,,
front_end,,True,kiss_icp_odometry,,,,,,,,,,,,,,,,,,,,,179516,,,,,,,,,,,,,,,,,,
front_end,,True,kiss_icp_odometry,,,,,,,,,,,,,,,,,,,,,179518,,,,,,,,,,,,,,,,,,
front_end,,True,kiss_icp_odometry,,,,,,,,,,,,,,,,,,,,,179518,,,,,,,,,,,,,,,,,,
front_end,,True,kiss_icp_odometry,,,,,,,,,,,,,,,,,,,,,179522,,,,,,,,,,,,,,,,,,
front_end,,True,kiss_icp_odometry,,,,,,,,,,,,,,,,,,,,,179524,,,,,,,,,,,,,,,,,,
front_end,,True,kiss_icp_odometry,,,,,,,,,,,,,,,,,,,,,179524,,,,,,,,,,,,,,,,,,
front_end,,True,kiss_icp_odometry,,,,,,,,,,,,,,,,,,,,,179526,,,,,,,,,,,,,,,,,,
front_end,,True,kiss_icp_odometry,,,,,,,,,,,,,,,,,,,,,179526,,,,,,,,,,,,,,,,,,
front_end,,True,kiss_icp_odometry,,,,,,,,,,,,,,,,,,,,,179527,,,,,,,,,,,,,,,,,,
front_end,,True,kiss_icp_odometry,,,,,,,,,,,,,,,,,,,,,179532,,,,,,,,,,,,,,,,,,
front_end,,True,kiss_icp_odometry,,,,,,,,,,,,,,,,,,,,,179535,,,,,,,,,,,,,,,,,,
front_end,,True,kiss_icp_odometry,,,,,,,,,,,,,,,,,,,,,179535,,,,,,,,,,,,,,,,,,
front_end,,True,kiss_icp_odometry,,,,,,,,,,,,,,,,,,,,,179540,,,,,,,,,,,,,,,,,,
front_end,,True,kiss_icp_odometry,,,,,,,,,,,,,,,,,,,,,179544,,,,,,,,,,,,,,,,,,
front_end,,True,kiss_icp_odometry,,,,,,,,,,,,,,,,,,,,,179548,,,,,,,,,,,,,,,,,,
front_end,,True,kiss_icp_odometry,,,,,,,,,,,,,,,,,,,,,179571,,,,,,,,,,,,,,,,,,
front_end,,True,kiss_icp_odometry,,,,,,,,,,,,,,,,,,,,,179581,,,,,,,,,,,,,,,,,,
front_end,,True,kiss_icp_odometry,,,,,,,,,,,,,,,,,,,,,179600,,,,,,,,,,,,,,,,,,
front_end,,True,kiss_icp_odometry,,,,,,,,,,,,,,,,,,,,,179608,,,,,,,,,,,,,,,,,,
front_end,,True,kiss_icp_odometry,,,,,,,,,,,,,,,,,,,,,179616,,,,,,,,,,,,,,,,,,
front_end,,True,kiss_icp_odometry,,,,,,,,,,,,,,,,,,,,,179626,,,,,,,,,,,,,,,,,,
front_end,,True,kiss_icp_odometry,,,,,,,,,,,,,,,,,,,,,179635,,,,,,,,,,,,,,,,,,
front_end,,True,kiss_icp_odometry,,,,,,,,,,,,,,,,,,,,,179654,,,,,,,,,,,,,,,,,,
front_end,,True,kiss_icp_odometry,,,,,,,,,,,,,,,,,,,,,179662,,,,,,,,,,,,,,,,,,
front_end,,True,kiss_icp_odometry,,,,,,,,,,,,,,,,,,,,,179671,,,,,,,,,,,,,,,,,,
front_end,,True,kiss_icp_odometry,,,,,,,,,,,,,,,,,,,,,179701,,,,,,,,,,,,,,,,,,
front_end,,True,kiss_icp_odometry,,,,,,,,,,,,,,,,,,,,,179717,,,,,,,,,,,,,,,,,,
front_end,,True,kiss_icp_odometry,,,,,,,,,,,,,,,,,,,,,179725,,,,,,,,,,,,,,,,,,
front_end,,True,kiss_icp_odometry,,,,,,,,,,,,,,,,,,,,,179737,,,,,,,,,,,,,,,,,,
front_end,,True,kiss_icp_odometry,,,,,,,,,,,,,,,,,,,,,179750,,,,,,,,,,,,,,,,,,
front_end,,True,kiss_icp_odometry,,,,,,,,,,,,,,,,,,,,,179756,,,,,,,,,,,,,,,,,,
front_end,,True,kiss_icp_odometry,,,,,,,,,,,,,,,,,,,,,179763,,,,,,,,,,,,,,,,,,
front_end,,True,kiss_icp_odometry,,,,,,,,,,,,,,,,,,,,,179771,,,,,,,,,,,,,,,,,,
front_end,,True,kiss_icp_odometry,,,,,,,,,,,,,,,,,,,,,179784,,,,,,,,,,,,,,,,,,
front_end,,True,kiss_icp_odometry,,,,,,,,,,,,,,,,,,,,,179790,,,,,,,,,,,,,,,,,,
front_end,,True,kiss_icp_odometry,,,,,,,,,,,,,,,,,,,,,179797,,,,,,,,,,,,,,,,,,
front_end,,True,kiss_icp_odometry,,,,,,,,,,,,,,,,,,,,,179805,,,,,,,,,,,,,,,,,,
front_end,,True,kiss_icp_odometry,,,,,,,,,,,,,,,,,,,,,179809,,,,,,,,,,,,,,,,,,
front_end,,True,kiss_icp_odometry,,,,,,,,,,,,,,,,,,,,,179816,,,,,,,,,,,,,,,,,,
front_end,,True,kiss_icp_odometry,,,,,,,,,,,,,,,,,,,,,179825,,,,,,,,,,,,,,,,,,
front_end,,True,kiss_icp_odometry,,,,,,,,,,,,,,,,,,,,,179838,,,,,,,,,,,,,,,,,,
front_end,,True,kiss_icp_odometry,,,,,,,,,,,,,,,,,,,,,179858,,,,,,,,,,,,,,,,,,
front_end,,True,kiss_icp_odometry,,,,,,,,,,,,,,,,,,,,,179888,,,,,,,,,,,,,,,,,,
front_end,,True,kiss_icp_odometry,,,,,,,,,,,,,,,,,,,,,179959,,,,,,,,,,,,,,,,,,
front_end,,True,kiss_icp_odometry,,,,,,,,,,,,,,,,,,,,,180045,,,,,,,,,,,,,,,,,,
front_end,,True,kiss_icp_odometry,,,,,,,,,,,,,,,,,,,,,180121,,,,,,,,,,,,,,,,,,
front_end,,True,kiss_icp_odometry,,,,,,,,,,,,,,,,,,,,,180170,,,,,,,,,,,,,,,,,,
front_end,,True,kiss_icp_odometry,,,,,,,,,,,,,,,,,,,,,180227,,,,,,,,,,,,,,,,,,
front_end,,True,kiss_icp_odometry,,,,,,,,,,,,,,,,,,,,,180278,,,,,,,,,,,,,,,,,,
front_end,,True,kiss_icp_odometry,,,,,,,,,,,,,,,,,,,,,180303,,,,,,,,,,,,,,,,,,
front_end,,True,kiss_icp_odometry,,,,,,,,,,,,,,,,,,,,,180339,,,,,,,,,,,,,,,,,,
front_end,,True,kiss_icp_odometry,,,,,,,,,,,,,,,,,,,,,180377,,,,,,,,,,,,,,,,,,
front_end,,True,kiss_icp_odometry,,,,,,,,,,,,,,,,,,,,,180408,,,,,,,,,,,,,,,,,,
front_end,,True,kiss_icp_odometry,,,,,,,,,,,,,,,,,,,,,180444,,,,,,,,,,,,,,,,,,
front_end,,True,kiss_icp_odometry,,,,,,,,,,,,,,,,,,,,,180494,,,,,,,,,,,,,,,,,,
front_end,,True,kiss_icp_odometry,,,,,,,,,,,,,,,,,,,,,180516,,,,,,,,,,,,,,,,,,
front_end,,True,kiss_icp_odometry,,,,,,,,,,,,,,,,,,,,,180557,,,,,,,,,,,,,,,,,,
front_end,,True,kiss_icp_odometry,,,,,,,,,,,,,,,,,,,,,180629,,,,,,,,,,,,,,,,,,
front_end,,True,kiss_icp_odometry,,,,,,,,,,,,,,,,,,,,,180655,,,,,,,,,,,,,,,,,,
front_end,,True,kiss_icp_odometry,,,,,,,,,,,,,,,,,,,,,180682,,,,,,,,,,,,,,,,,,
front_end,,True,kiss_icp_odometry,,,,,,,,,,,,,,,,,,,,,180703,,,,,,,,,,,,,,,,,,
front_end,,True,kiss_icp_odometry,,,,,,,,,,,,,,,,,,,,,180725,,,,,,,,,,,,,,,,,,
front_end,,True,kiss_icp_odometry,,,,,,,,,,,,,,,,,,,,,180771,,,,,,,,,,,,,,,,,,
front_end,,True,kiss_icp_odometry,,,,,,,,,,,,,,,,,,,,,180814,,,,,,,,,,,,,,,,,,
front_end,,True,kiss_icp_odometry,,,,,,,,,,,,,,,,,,,,,180849,,,,,,,,,,,,,,,,,,
front_end,,True,kiss_icp_odometry,,,,,,,,,,,,,,,,,,,,,180916,,,,,,,,,,,,,,,,,,
optimized_backend,,,,,,,29.144340005586855,,,,,,,,,,,,,,,,,,,,,,,,,,,,107,115,9,0.0029850052669644356,0.0,0.0,pose_graph,True
front_end,,True,kiss_icp_odometry,,,,,,,,,,,,,,,,,,,,,180974,,,,,,,,,,,,,,,,,,
front_end,,True,kiss_icp_odometry,,,,,,,,,,,,,,,,,,,,,181099,,,,,,,,,,,,,,,,,,
front_end,,True,kiss_icp_odometry,,,,,,,,,,,,,,,,,,,,,181132,,,,,,,,,,,,,,,,,,
front_end,,True,kiss_icp_odometry,,,,,,,,,,,,,,,,,,,,,181179,,,,,,,,,,,,,,,,,,
front_end,,True,kiss_icp_odometry,,,,,,,,,,,,,,,,,,,,,181240,,,,,,,,,,,,,,,,,,
front_end,,True,kiss_icp_odometry,,,,,,,,,,,,,,,,,,,,,181284,,,,,,,,,,,,,,,,,,
front_end,,True,kiss_icp_odometry,,,,,,,,,,,,,,,,,,,,,181335,,,,,,,,,,,,,,,,,,
front_end,,True,kiss_icp_odometry,,,,,,,,,,,,,,,,,,,,,181377,,,,,,,,,,,,,,,,,,
front_end,,True,kiss_icp_odometry,,,,,,,,,,,,,,,,,,,,,181426,,,,,,,,,,,,,,,,,,
front_end,,True,kiss_icp_odometry,,,,,,,,,,,,,,,,,,,,,181467,,,,,,,,,,,,,,,,,,
front_end,,True,kiss_icp_odometry,,,,,,,,,,,,,,,,,,,,,181521,,,,,,,,,,,,,,,,,,
front_end,,True,kiss_icp_odometry,,,,,,,,,,,,,,,,,,,,,181560,,,,,,,,,,,,,,,,,,
front_end,,True,kiss_icp_odometry,,,,,,,,,,,,,,,,,,,,,181592,,,,,,,,,,,,,,,,,,
front_end,,True,kiss_icp_odometry,,,,,,,,,,,,,,,,,,,,,181624,,,,,,,,,,,,,,,,,,
front_end,,True,kiss_icp_odometry,,,,,,,,,,,,,,,,,,,,,181656,,,,,,,,,,,,,,,,,,
front_end,,True,kiss_icp_odometry,,,,,,,,,,,,,,,,,,,,,181678,,,,,,,,,,,,,,,,,,
front_end,,True,kiss_icp_odometry,,,,,,,,,,,,,,,,,,,,,181731,,,,,,,,,,,,,,,,,,
front_end,,True,kiss_icp_odometry,,,,,,,,,,,,,,,,,,,,,181756,,,,,,,,,,,,,,,,,,
front_end,,True,kiss_icp_odometry,,,,,,,,,,,,,,,,,,,,,181806,,,,,,,,,,,,,,,,,,
front_end,,True,kiss_icp_odometry,,,,,,,,,,,,,,,,,,,,,181833,,,,,,,,,,,,,,,,,,
front_end,,True,kiss_icp_odometry,,,,,,,,,,,,,,,,,,,,,181862,,,,,,,,,,,,,,,,,,
front_end,,True,kiss_icp_odometry,,,,,,,,,,,,,,,,,,,,,181884,,,,,,,,,,,,,,,,,,
front_end,,True,kiss_icp_odometry,,,,,,,,,,,,,,,,,,,,,181913,,,,,,,,,,,,,,,,,,
front_end,,True,kiss_icp_odometry,,,,,,,,,,,,,,,,,,,,,181940,,,,,,,,,,,,,,,,,,
front_end,,True,kiss_icp_odometry,,,,,,,,,,,,,,,,,,,,,181965,,,,,,,,,,,,,,,,,,
front_end,,True,kiss_icp_odometry,,,,,,,,,,,,,,,,,,,,,181987,,,,,,,,,,,,,,,,,,
front_end,,True,kiss_icp_odometry,,,,,,,,,,,,,,,,,,,,,182008,,,,,,,,,,,,,,,,,,
front_end,,True,kiss_icp_odometry,,,,,,,,,,,,,,,,,,,,,182032,,,,,,,,,,,,,,,,,,
front_end,,True,kiss_icp_odometry,,,,,,,,,,,,,,,,,,,,,182049,,,,,,,,,,,,,,,,,,
front_end,,True,kiss_icp_odometry,,,,,,,,,,,,,,,,,,,,,182082,,,,,,,,,,,,,,,,,,
front_end,,True,kiss_icp_odometry,,,,,,,,,,,,,,,,,,,,,182118,,,,,,,,,,,,,,,,,,
front_end,,True,kiss_icp_odometry,,,,,,,,,,,,,,,,,,,,,182139,,,,,,,,,,,,,,,,,,
front_end,,True,kiss_icp_odometry,,,,,,,,,,,,,,,,,,,,,182175,,,,,,,,,,,,,,,,,,
front_end,,True,kiss_icp_odometry,,,,,,,,,,,,,,,,,,,,,182190,,,,,,,,,,,,,,,,,,
front_end,,True,kiss_icp_odometry,,,,,,,,,,,,,,,,,,,,,182209,,,,,,,,,,,,,,,,,,
front_end,,True,kiss_icp_odometry,,,,,,,,,,,,,,,,,,,,,182250,,,,,,,,,,,,,,,,,,
front_end,,True,kiss_icp_odometry,,,,,,,,,,,,,,,,,,,,,182277,,,,,,,,,,,,,,,,,,
front_end,,True,kiss_icp_odometry,,,,,,,,,,,,,,,,,,,,,182294,,,,,,,,,,,,,,,,,,
front_end,,True,kiss_icp_odometry,,,,,,,,,,,,,,,,,,,,,182305,,,,,,,,,,,,,,,,,,
front_end,,True,kiss_icp_odometry,,,,,,,,,,,,,,,,,,,,,182319,,,,,,,,,,,,,,,,,,
front_end,,True,kiss_icp_odometry,,,,,,,,,,,,,,,,,,,,,182328,,,,,,,,,,,,,,,,,,
front_end,,True,kiss_icp_odometry,,,,,,,,,,,,,,,,,,,,,182337,,,,,,,,,,,,,,,,,,
front_end,,True,kiss_icp_odometry,,,,,,,,,,,,,,,,,,,,,182342,,,,,,,,,,,,,,,,,,
front_end,,True,kiss_icp_odometry,,,,,,,,,,,,,,,,,,,,,182348,,,,,,,,,,,,,,,,,,
front_end,,True,kiss_icp_odometry,,,,,,,,,,,,,,,,,,,,,182354,,,,,,,,,,,,,,,,,,
front_end,,True,kiss_icp_odometry,,,,,,,,,,,,,,,,,,,,,182394,,,,,,,,,,,,,,,,,,
front_end,,True,kiss_icp_odometry,,,,,,,,,,,,,,,,,,,,,182408,,,,,,,,,,,,,,,,,,
front_end,,True,kiss_icp_odometry,,,,,,,,,,,,,,,,,,,,,182426,,,,,,,,,,,,,,,,,,
front_end,,True,kiss_icp_odometry,,,,,,,,,,,,,,,,,,,,,182442,,,,,,,,,,,,,,,,,,
front_end,,True,kiss_icp_odometry,,,,,,,,,,,,,,,,,,,,,182460,,,,,,,,,,,,,,,,,,
front_end,,True,kiss_icp_odometry,,,,,,,,,,,,,,,,,,,,,182481,,,,,,,,,,,,,,,,,,
front_end,,True,kiss_icp_odometry,,,,,,,,,,,,,,,,,,,,,182493,,,,,,,,,,,,,,,,,,
front_end,,True,kiss_icp_odometry,,,,,,,,,,,,,,,,,,,,,182499,,,,,,,,,,,,,,,,,,
front_end,,True,kiss_icp_odometry,,,,,,,,,,,,,,,,,,,,,182502,,,,,,,,,,,,,,,,,,
front_end,,True,kiss_icp_odometry,,,,,,,,,,,,,,,,,,,,,182503,,,,,,,,,,,,,,,,,,
front_end,,True,kiss_icp_odometry,,,,,,,,,,,,,,,,,,,,,182506,,,,,,,,,,,,,,,,,,
front_end,,True,kiss_icp_odometry,,,,,,,,,,,,,,,,,,,,,182507,,,,,,,,,,,,,,,,,,
front_end,,True,kiss_icp_odometry,,,,,,,,,,,,,,,,,,,,,182512,,,,,,,,,,,,,,,,,,
front_end,,True,kiss_icp_odometry,,,,,,,,,,,,,,,,,,,,,182515,,,,,,,,,,,,,,,,,,
front_end,,True,kiss_icp_odometry,,,,,,,,,,,,,,,,,,,,,182519,,,,,,,,,,,,,,,,,,
front_end,,True,kiss_icp_odometry,,,,,,,,,,,,,,,,,,,,,182519,,,,,,,,,,,,,,,,,,
front_end,,True,kiss_icp_odometry,,,,,,,,,,,,,,,,,,,,,182531,,,,,,,,,,,,,,,,,,
front_end,,True,kiss_icp_odometry,,,,,,,,,,,,,,,,,,,,,182538,,,,,,,,,,,,,,,,,,
front_end,,True,kiss_icp_odometry,,,,,,,,,,,,,,,,,,,,,182552,,,,,,,,,,,,,,,,,,
front_end,,True,kiss_icp_odometry,,,,,,,,,,,,,,,,,,,,,182556,,,,,,,,,,,,,,,,,,
front_end,,True,kiss_icp_odometry,,,,,,,,,,,,,,,,,,,,,182565,,,,,,,,,,,,,,,,,,
front_end,,True,kiss_icp_odometry,,,,,,,,,,,,,,,,,,,,,182579,,,,,,,,,,,,,,,,,,
front_end,,True,kiss_icp_odometry,,,,,,,,,,,,,,,,,,,,,182585,,,,,,,,,,,,,,,,,,
front_end,,True,kiss_icp_odometry,,,,,,,,,,,,,,,,,,,,,182592,,,,,,,,,,,,,,,,,,
front_end,,True,kiss_icp_odometry,,,,,,,,,,,,,,,,,,,,,182614,,,,,,,,,,,,,,,,,,
front_end,,True,kiss_icp_odometry,,,,,,,,,,,,,,,,,,,,,182629,,,,,,,,,,,,,,,,,,
front_end,,True,kiss_icp_odometry,,,,,,,,,,,,,,,,,,,,,182669,,,,,,,,,,,,,,,,,,
front_end,,True,kiss_icp_odometry,,,,,,,,,,,,,,,,,,,,,182692,,,,,,,,,,,,,,,,,,
front_end,,True,kiss_icp_odometry,,,,,,,,,,,,,,,,,,,,,182705,,,,,,,,,,,,,,,,,,
front_end,,True,kiss_icp_odometry,,,,,,,,,,,,,,,,,,,,,182718,,,,,,,,,,,,,,,,,,
front_end,,True,kiss_icp_odometry,,,,,,,,,,,,,,,,,,,,,182733,,,,,,,,,,,,,,,,,,
front_end,,True,kiss_icp_odometry,,,,,,,,,,,,,,,,,,,,,182760,,,,,,,,,,,,,,,,,,
front_end,,True,kiss_icp_odometry,,,,,,,,,,,,,,,,,,,,,182777,,,,,,,,,,,,,,,,,,
front_end,,True,kiss_icp_odometry,,,,,,,,,,,,,,,,,,,,,182794,,,,,,,,,,,,,,,,,,
front_end,,True,kiss_icp_odometry,,,,,,,,,,,,,,,,,,,,,182801,,,,,,,,,,,,,,,,,,
front_end,,True,kiss_icp_odometry,,,,,,,,,,,,,,,,,,,,,182812,,,,,,,,,,,,,,,,,,
front_end,,True,kiss_icp_odometry,,,,,,,,,,,,,,,,,,,,,182821,,,,,,,,,,,,,,,,,,
front_end,,True,kiss_icp_odometry,,,,,,,,,,,,,,,,,,,,,182826,,,,,,,,,,,,,,,,,,
front_end,,True,kiss_icp_odometry,,,,,,,,,,,,,,,,,,,,,182831,,,,,,,,,,,,,,,,,,
optimized_backend,,,,,,,36.087183994823135,,,,,,,,,,,,,,,,,,,,,,,,,,,,108,116,9,0.00288498995359987,0.0,0.0,pose_graph,True
front_end,,True,kiss_icp_odometry,,,,,,,,,,,,,,,,,,,,,182841,,,,,,,,,,,,,,,,,,
front_end,,True,kiss_icp_odometry,,,,,,,,,,,,,,,,,,,,,182854,,,,,,,,,,,,,,,,,,
front_end,,True,kiss_icp_odometry,,,,,,,,,,,,,,,,,,,,,182882,,,,,,,,,,,,,,,,,,
front_end,,True,kiss_icp_odometry,,,,,,,,,,,,,,,,,,,,,182891,,,,,,,,,,,,,,,,,,
front_end,,True,kiss_icp_odometry,,,,,,,,,,,,,,,,,,,,,182893,,,,,,,,,,,,,,,,,,
front_end,,True,kiss_icp_odometry,,,,,,,,,,,,,,,,,,,,,182897,,,,,,,,,,,,,,,,,,
front_end,,True,kiss_icp_odometry,,,,,,,,,,,,,,,,,,,,,182901,,,,,,,,,,,,,,,,,,
front_end,,True,kiss_icp_odometry,,,,,,,,,,,,,,,,,,,,,182923,,,,,,,,,,,,,,,,,,
front_end,,True,kiss_icp_odometry,,,,,,,,,,,,,,,,,,,,,182937,,,,,,,,,,,,,,,,,,
front_end,,True,kiss_icp_odometry,,,,,,,,,,,,,,,,,,,,,182953,,,,,,,,,,,,,,,,,,
front_end,,True,kiss_icp_odometry,,,,,,,,,,,,,,,,,,,,,182969,,,,,,,,,,,,,,,,,,
front_end,,True,kiss_icp_odometry,,,,,,,,,,,,,,,,,,,,,182982,,,,,,,,,,,,,,,,,,
front_end,,True,kiss_icp_odometry,,,,,,,,,,,,,,,,,,,,,182997,,,,,,,,,,,,,,,,,,
front_end,,True,kiss_icp_odometry,,,,,,,,,,,,,,,,,,,,,183008,,,,,,,,,,,,,,,,,,
front_end,,True,kiss_icp_odometry,,,,,,,,,,,,,,,,,,,,,183012,,,,,,,,,,,,,,,,,,
front_end,,True,kiss_icp_odometry,,,,,,,,,,,,,,,,,,,,,183012,,,,,,,,,,,,,,,,,,
front_end,,True,kiss_icp_odometry,,,,,,,,,,,,,,,,,,,,,183037,,,,,,,,,,,,,,,,,,
optimized_backend,,,,,,,495.5961270025,,,,,,,,,,,,,,,,,,,,,,,,,,,,109,118,10,392.9222529986873,19.57847199810203,27.347951006959192,pose_graph,True
front_end,,True,kiss_icp_odometry,,,,,,,,,,,,,,,,,,,,,183044,,,,,,,,,,,,,,,,,,
front_end,,True,kiss_icp_odometry,,,,,,,,,,,,,,,,,,,,,183047,,,,,,,,,,,,,,,,,,
front_end,,True,kiss_icp_odometry,,,,,,,,,,,,,,,,,,,,,183048,,,,,,,,,,,,,,,,,,
front_end,,True,kiss_icp_odometry,,,,,,,,,,,,,,,,,,,,,183050,,,,,,,,,,,,,,,,,,
front_end,,True,kiss_icp_odometry,,,,,,,,,,,,,,,,,,,,,183063,,,,,,,,,,,,,,,,,,
front_end,,True,kiss_icp_odometry,,,,,,,,,,,,,,,,,,,,,183067,,,,,,,,,,,,,,,,,,
front_end,,True,kiss_icp_odometry,,,,,,,,,,,,,,,,,,,,,183071,,,,,,,,,,,,,,,,,,
optimized_backend,,,,,,,29.988977999892086,,,,,,,,,,,,,,,,,,,,,,,,,,,,110,119,10,0.0024750042939558625,0.0,0.0,pose_graph,True
front_end,,True,kiss_icp_odometry,,,,,,,,,,,,,,,,,,,,,183076,,,,,,,,,,,,,,,,,,
front_end,,True,kiss_icp_odometry,,,,,,,,,,,,,,,,,,,,,183085,,,,,,,,,,,,,,,,,,
front_end,,True,kiss_icp_odometry,,,,,,,,,,,,,,,,,,,,,183101,,,,,,,,,,,,,,,,,,
front_end,,True,kiss_icp_odometry,,,,,,,,,,,,,,,,,,,,,183102,,,,,,,,,,,,,,,,,,
front_end,,True,kiss_icp_odometry,,,,,,,,,,,,,,,,,,,,,183108,,,,,,,,,,,,,,,,,,
front_end,,True,kiss_icp_odometry,,,,,,,,,,,,,,,,,,,,,183114,,,,,,,,,,,,,,,,,,
front_end,,True,kiss_icp_odometry,,,,,,,,,,,,,,,,,,,,,183121,,,,,,,,,,,,,,,,,,
front_end,,True,kiss_icp_odometry,,,,,,,,,,,,,,,,,,,,,183131,,,,,,,,,,,,,,,,,,
front_end,,True,kiss_icp_odometry,,,,,,,,,,,,,,,,,,,,,183136,,,,,,,,,,,,,,,,,,
front_end,,True,kiss_icp_odometry,,,,,,,,,,,,,,,,,,,,,183139,,,,,,,,,,,,,,,,,,
front_end,,True,kiss_icp_odometry,,,,,,,,,,,,,,,,,,,,,183141,,,,,,,,,,,,,,,,,,
optimized_backend,,,,,,,66.99458799266722,,,,,,,,,,,,,,,,,,,,,,,,,,,,111,120,10,0.0025750050554051995,0.0,34.1760410083225,pose_graph,True
front_end,,True,kiss_icp_odometry,,,,,,,,,,,,,,,,,,,,,183144,,,,,,,,,,,,,,,,,,
front_end,,True,kiss_icp_odometry,,,,,,,,,,,,,,,,,,,,,183156,,,,,,,,,,,,,,,,,,
front_end,,True,kiss_icp_odometry,,,,,,,,,,,,,,,,,,,,,183175,,,,,,,,,,,,,,,,,,
front_end,,True,kiss_icp_odometry,,,,,,,,,,,,,,,,,,,,,183195,,,,,,,,,,,,,,,,,,
front_end,,True,kiss_icp_odometry,,,,,,,,,,,,,,,,,,,,,183233,,,,,,,,,,,,,,,,,,
front_end,,True,kiss_icp_odometry,,,,,,,,,,,,,,,,,,,,,183259,,,,,,,,,,,,,,,,,,
front_end,,True,kiss_icp_odometry,,,,,,,,,,,,,,,,,,,,,183319,,,,,,,,,,,,,,,,,,
front_end,,True,kiss_icp_odometry,,,,,,,,,,,,,,,,,,,,,183352,,,,,,,,,,,,,,,,,,
front_end,,True,kiss_icp_odometry,,,,,,,,,,,,,,,,,,,,,183380,,,,,,,,,,,,,,,,,,
front_end,,True,kiss_icp_odometry,,,,,,,,,,,,,,,,,,,,,183423,,,,,,,,,,,,,,,,,,
optimized_backend,,,,,,,21.83023700490594,,,,,,,,,,,,,,,,,,,,,,,,,,,,112,121,10,0.0017330021364614367,0.0,0.0,pose_graph,True
front_end,,True,kiss_icp_odometry,,,,,,,,,,,,,,,,,,,,,183464,,,,,,,,,,,,,,,,,,
front_end,,True,kiss_icp_odometry,,,,,,,,,,,,,,,,,,,,,183523,,,,,,,,,,,,,,,,,,
front_end,,True,kiss_icp_odometry,,,,,,,,,,,,,,,,,,,,,183553,,,,,,,,,,,,,,,,,,
front_end,,True,kiss_icp_odometry,,,,,,,,,,,,,,,,,,,,,183590,,,,,,,,,,,,,,,,,,
front_end,,True,kiss_icp_odometry,,,,,,,,,,,,,,,,,,,,,183634,,,,,,,,,,,,,,,,,,
front_end,,True,kiss_icp_odometry,,,,,,,,,,,,,,,,,,,,,183667,,,,,,,,,,,,,,,,,,
front_end,,True,kiss_icp_odometry,,,,,,,,,,,,,,,,,,,,,183706,,,,,,,,,,,,,,,,,,
front_end,,True,kiss_icp_odometry,,,,,,,,,,,,,,,,,,,,,183734,,,,,,,,,,,,,,,,,,
front_end,,True,kiss_icp_odometry,,,,,,,,,,,,,,,,,,,,,183768,,,,,,,,,,,,,,,,,,
front_end,,True,kiss_icp_odometry,,,,,,,,,,,,,,,,,,,,,183797,,,,,,,,,,,,,,,,,,
front_end,,True,kiss_icp_odometry,,,,,,,,,,,,,,,,,,,,,183827,,,,,,,,,,,,,,,,,,
front_end,,True,kiss_icp_odometry,,,,,,,,,,,,,,,,,,,,,183860,,,,,,,,,,,,,,,,,,
front_end,,True,kiss_icp_odometry,,,,,,,,,,,,,,,,,,,,,183890,,,,,,,,,,,,,,,,,,
front_end,,True,kiss_icp_odometry,,,,,,,,,,,,,,,,,,,,,183905,,,,,,,,,,,,,,,,,,
front_end,,True,kiss_icp_odometry,,,,,,,,,,,,,,,,,,,,,183925,,,,,,,,,,,,,,,,,,
front_end,,True,kiss_icp_odometry,,,,,,,,,,,,,,,,,,,,,183946,,,,,,,,,,,,,,,,,,
front_end,,True,kiss_icp_odometry,,,,,,,,,,,,,,,,,,,,,183956,,,,,,,,,,,,,,,,,,
front_end,,True,kiss_icp_odometry,,,,,,,,,,,,,,,,,,,,,183970,,,,,,,,,,,,,,,,,,
front_end,,True,kiss_icp_odometry,,,,,,,,,,,,,,,,,,,,,183982,,,,,,,,,,,,,,,,,,
front_end,,True,kiss_icp_odometry,,,,,,,,,,,,,,,,,,,,,183994,,,,,,,,,,,,,,,,,,
front_end,,True,kiss_icp_odometry,,,,,,,,,,,,,,,,,,,,,184007,,,,,,,,,,,,,,,,,,
front_end,,True,kiss_icp_odometry,,,,,,,,,,,,,,,,,,,,,184030,,,,,,,,,,,,,,,,,,
front_end,,True,kiss_icp_odometry,,,,,,,,,,,,,,,,,,,,,184046,,,,,,,,,,,,,,,,,,
front_end,,True,kiss_icp_odometry,,,,,,,,,,,,,,,,,,,,,184062,,,,,,,,,,,,,,,,,,
front_end,,True,kiss_icp_odometry,,,,,,,,,,,,,,,,,,,,,184074,,,,,,,,,,,,,,,,,,
front_end,,True,kiss_icp_odometry,,,,,,,,,,,,,,,,,,,,,184105,,,,,,,,,,,,,,,,,,
front_end,,True,kiss_icp_odometry,,,,,,,,,,,,,,,,,,,,,184124,,,,,,,,,,,,,,,,,,
front_end,,True,kiss_icp_odometry,,,,,,,,,,,,,,,,,,,,,184132,,,,,,,,,,,,,,,,,,
front_end,,True,kiss_icp_odometry,,,,,,,,,,,,,,,,,,,,,184143,,,,,,,,,,,,,,,,,,
front_end,,True,kiss_icp_odometry,,,,,,,,,,,,,,,,,,,,,184153,,,,,,,,,,,,,,,,,,
front_end,,True,kiss_icp_odometry,,,,,,,,,,,,,,,,,,,,,184176,,,,,,,,,,,,,,,,,,
front_end,,True,kiss_icp_odometry,,,,,,,,,,,,,,,,,,,,,184219,,,,,,,,,,,,,,,,,,
front_end,,True,kiss_icp_odometry,,,,,,,,,,,,,,,,,,,,,184232,,,,,,,,,,,,,,,,,,
front_end,,True,kiss_icp_odometry,,,,,,,,,,,,,,,,,,,,,184241,,,,,,,,,,,,,,,,,,
front_end,,True,kiss_icp_odometry,,,,,,,,,,,,,,,,,,,,,184253,,,,,,,,,,,,,,,,,,
optimized_backend,,,,,,,20.6169049924938,,,,,,,,,,,,,,,,,,,,,,,,,,,,113,122,10,0.003977998858317733,0.0,0.0,pose_graph,True
front_end,,True,kiss_icp_odometry,,,,,,,,,,,,,,,,,,,,,184258,,,,,,,,,,,,,,,,,,
front_end,,True,kiss_icp_odometry,,,,,,,,,,,,,,,,,,,,,184262,,,,,,,,,,,,,,,,,,
front_end,,True,kiss_icp_odometry,,,,,,,,,,,,,,,,,,,,,184269,,,,,,,,,,,,,,,,,,
optimized_backend,,,,,,,64.9687279947102,,,,,,,,,,,,,,,,,,,,,,,,,,,,114,123,10,0.0034270051401108503,0.0,0.0,pose_graph,True
front_end,,True,kiss_icp_odometry,,,,,,,,,,,,,,,,,,,,,184281,,,,,,,,,,,,,,,,,,
front_end,,True,kiss_icp_odometry,,,,,,,,,,,,,,,,,,,,,184296,,,,,,,,,,,,,,,,,,
front_end,,True,kiss_icp_odometry,,,,,,,,,,,,,,,,,,,,,184332,,,,,,,,,,,,,,,,,,
front_end,,True,kiss_icp_odometry,,,,,,,,,,,,,,,,,,,,,184351,,,,,,,,,,,,,,,,,,
front_end,,True,kiss_icp_odometry,,,,,,,,,,,,,,,,,,,,,184362,,,,,,,,,,,,,,,,,,
front_end,,True,kiss_icp_odometry,,,,,,,,,,,,,,,,,,,,,184400,,,,,,,,,,,,,,,,,,
front_end,,True,kiss_icp_odometry,,,,,,,,,,,,,,,,,,,,,184487,,,,,,,,,,,,,,,,,,
front_end,,True,kiss_icp_odometry,,,,,,,,,,,,,,,,,,,,,184496,,,,,,,,,,,,,,,,,,
optimized_backend,,,,,,,659.8241750034504,,,,,,,,,,,,,,,,,,,,,,,,,,,,115,125,11,575.9079510025913,24.61004300857894,34.597252000821754,pose_graph,True
front_end,,True,kiss_icp_odometry,,,,,,,,,,,,,,,,,,,,,184519,,,,,,,,,,,,,,,,,,
optimized_backend,,,,,,,61.246059005497955,,,,,,,,,,,,,,,,,,,,,,,,,,,,116,126,11,0.002535001840442419,0.0,0.0,pose_graph,True
front_end,,True,kiss_icp_odometry,,,,,,,,,,,,,,,,,,,,,184523,,,,,,,,,,,,,,,,,,
front_end,,True,kiss_icp_odometry,,,,,,,,,,,,,,,,,,,,,184526,,,,,,,,,,,,,,,,,,
front_end,,True,kiss_icp_odometry,,,,,,,,,,,,,,,,,,,,,184535,,,,,,,,,,,,,,,,,,
optimized_backend,,,,,,,38.08208499685861,,,,,,,,,,,,,,,,,,,,,,,,,,,,117,127,11,0.002925997250713408,0.0,0.0,pose_graph,True
front_end,,True,kiss_icp_odometry,,,,,,,,,,,,,,,,,,,,,184543,,,,,,,,,,,,,,,,,,
front_end,,True,kiss_icp_odometry,,,,,,,,,,,,,,,,,,,,,184550,,,,,,,,,,,,,,,,,,
front_end,,True,kiss_icp_odometry,,,,,,,,,,,,,,,,,,,,,184558,,,,,,,,,,,,,,,,,,
front_end,,True,kiss_icp_odometry,,,,,,,,,,,,,,,,,,,,,184566,,,,,,,,,,,,,,,,,,
front_end,,True,kiss_icp_odometry,,,,,,,,,,,,,,,,,,,,,184575,,,,,,,,,,,,,,,,,,
optimized_backend,,,,,,,50.636489992029965,,,,,,,,,,,,,,,,,,,,,,,,,,,,118,128,11,0.0021940068108960986,0.0,0.0,pose_graph,True
front_end,,True,kiss_icp_odometry,,,,,,,,,,,,,,,,,,,,,184601,,,,,,,,,,,,,,,,,,
front_end,,True,kiss_icp_odometry,,,,,,,,,,,,,,,,,,,,,184627,,,,,,,,,,,,,,,,,,
front_end,,True,kiss_icp_odometry,,,,,,,,,,,,,,,,,,,,,184652,,,,,,,,,,,,,,,,,,
front_end,,True,kiss_icp_odometry,,,,,,,,,,,,,,,,,,,,,184663,,,,,,,,,,,,,,,,,,
front_end,,True,kiss_icp_odometry,,,,,,,,,,,,,,,,,,,,,184675,,,,,,,,,,,,,,,,,,
front_end,,True,kiss_icp_odometry,,,,,,,,,,,,,,,,,,,,,184690,,,,,,,,,,,,,,,,,,
front_end,,True,kiss_icp_odometry,,,,,,,,,,,,,,,,,,,,,184693,,,,,,,,,,,,,,,,,,
front_end,,True,kiss_icp_odometry,,,,,,,,,,,,,,,,,,,,,184694,,,,,,,,,,,,,,,,,,
front_end,,True,kiss_icp_odometry,,,,,,,,,,,,,,,,,,,,,184700,,,,,,,,,,,,,,,,,,
front_end,,True,kiss_icp_odometry,,,,,,,,,,,,,,,,,,,,,184704,,,,,,,,,,,,,,,,,,
front_end,,True,kiss_icp_odometry,,,,,,,,,,,,,,,,,,,,,184716,,,,,,,,,,,,,,,,,,
front_end,,True,kiss_icp_odometry,,,,,,,,,,,,,,,,,,,,,184723,,,,,,,,,,,,,,,,,,
front_end,,True,kiss_icp_odometry,,,,,,,,,,,,,,,,,,,,,184732,,,,,,,,,,,,,,,,,,
front_end,,True,kiss_icp_odometry,,,,,,,,,,,,,,,,,,,,,184750,,,,,,,,,,,,,,,,,,
front_end,,True,kiss_icp_odometry,,,,,,,,,,,,,,,,,,,,,184755,,,,,,,,,,,,,,,,,,
front_end,,True,kiss_icp_odometry,,,,,,,,,,,,,,,,,,,,,184759,,,,,,,,,,,,,,,,,,
front_end,,True,kiss_icp_odometry,,,,,,,,,,,,,,,,,,,,,184770,,,,,,,,,,,,,,,,,,
front_end,,True,kiss_icp_odometry,,,,,,,,,,,,,,,,,,,,,184784,,,,,,,,,,,,,,,,,,
front_end,,True,kiss_icp_odometry,,,,,,,,,,,,,,,,,,,,,184790,,,,,,,,,,,,,,,,,,
front_end,,True,kiss_icp_odometry,,,,,,,,,,,,,,,,,,,,,184791,,,,,,,,,,,,,,,,,,
front_end,,True,kiss_icp_odometry,,,,,,,,,,,,,,,,,,,,,184794,,,,,,,,,,,,,,,,,,
front_end,,True,kiss_icp_odometry,,,,,,,,,,,,,,,,,,,,,184797,,,,,,,,,,,,,,,,,,
front_end,,True,kiss_icp_odometry,,,,,,,,,,,,,,,,,,,,,184800,,,,,,,,,,,,,,,,,,
front_end,,True,kiss_icp_odometry,,,,,,,,,,,,,,,,,,,,,184805,,,,,,,,,,,,,,,,,,
front_end,,True,kiss_icp_odometry,,,,,,,,,,,,,,,,,,,,,184811,,,,,,,,,,,,,,,,,,
front_end,,True,kiss_icp_odometry,,,,,,,,,,,,,,,,,,,,,184814,,,,,,,,,,,,,,,,,,
front_end,,True,kiss_icp_odometry,,,,,,,,,,,,,,,,,,,,,184823,,,,,,,,,,,,,,,,,,
front_end,,True,kiss_icp_odometry,,,,,,,,,,,,,,,,,,,,,184828,,,,,,,,,,,,,,,,,,
front_end,,True,kiss_icp_odometry,,,,,,,,,,,,,,,,,,,,,184835,,,,,,,,,,,,,,,,,,
front_end,,True,kiss_icp_odometry,,,,,,,,,,,,,,,,,,,,,184838,,,,,,,,,,,,,,,,,,
front_end,,True,kiss_icp_odometry,,,,,,,,,,,,,,,,,,,,,184840,,,,,,,,,,,,,,,,,,
front_end,,True,kiss_icp_odometry,,,,,,,,,,,,,,,,,,,,,184843,,,,,,,,,,,,,,,,,,
front_end,,True,kiss_icp_odometry,,,,,,,,,,,,,,,,,,,,,184847,,,,,,,,,,,,,,,,,,
front_end,,True,kiss_icp_odometry,,,,,,,,,,,,,,,,,,,,,184849,,,,,,,,,,,,,,,,,,
front_end,,True,kiss_icp_odometry,,,,,,,,,,,,,,,,,,,,,184852,,,,,,,,,,,,,,,,,,
front_end,,True,kiss_icp_odometry,,,,,,,,,,,,,,,,,,,,,184852,,,,,,,,,,,,,,,,,,
front_end,,True,kiss_icp_odometry,,,,,,,,,,,,,,,,,,,,,184853,,,,,,,,,,,,,,,,,,
front_end,,True,kiss_icp_odometry,,,,,,,,,,,,,,,,,,,,,184861,,,,,,,,,,,,,,,,,,
front_end,,True,kiss_icp_odometry,,,,,,,,,,,,,,,,,,,,,184865,,,,,,,,,,,,,,,,,,
front_end,,True,kiss_icp_odometry,,,,,,,,,,,,,,,,,,,,,184865,,,,,,,,,,,,,,,,,,
front_end,,True,kiss_icp_odometry,,,,,,,,,,,,,,,,,,,,,184869,,,,,,,,,,,,,,,,,,
front_end,,True,kiss_icp_odometry,,,,,,,,,,,,,,,,,,,,,184875,,,,,,,,,,,,,,,,,,
front_end,,True,kiss_icp_odometry,,,,,,,,,,,,,,,,,,,,,184877,,,,,,,,,,,,,,,,,,
optimized_backend,,,,,,,59.64831401070114,,,,,,,,,,,,,,,,,,,,,,,,,,,,119,129,11,0.004228000761941075,0.0,0.0,pose_graph,True
front_end,,True,kiss_icp_odometry,,,,,,,,,,,,,,,,,,,,,184880,,,,,,,,,,,,,,,,,,
front_end,,True,kiss_icp_odometry,,,,,,,,,,,,,,,,,,,,,184882,,,,,,,,,,,,,,,,,,
front_end,,True,kiss_icp_odometry,,,,,,,,,,,,,,,,,,,,,184887,,,,,,,,,,,,,,,,,,
front_end,,True,kiss_icp_odometry,,,,,,,,,,,,,,,,,,,,,184889,,,,,,,,,,,,,,,,,,
front_end,,True,kiss_icp_odometry,,,,,,,,,,,,,,,,,,,,,184896,,,,,,,,,,,,,,,,,,
front_end,,True,kiss_icp_odometry,,,,,,,,,,,,,,,,,,,,,184898,,,,,,,,,,,,,,,,,,
front_end,,True,kiss_icp_odometry,,,,,,,,,,,,,,,,,,,,,184899,,,,,,,,,,,,,,,,,,
front_end,,True,kiss_icp_odometry,,,,,,,,,,,,,,,,,,,,,184902,,,,,,,,,,,,,,,,,,
front_end,,True,kiss_icp_odometry,,,,,,,,,,,,,,,,,,,,,184903,,,,,,,,,,,,,,,,,,
front_end,,True,kiss_icp_odometry,,,,,,,,,,,,,,,,,,,,,184906,,,,,,,,,,,,,,,,,,
front_end,,True,kiss_icp_odometry,,,,,,,,,,,,,,,,,,,,,184910,,,,,,,,,,,,,,,,,,
front_end,,True,kiss_icp_odometry,,,,,,,,,,,,,,,,,,,,,184914,,,,,,,,,,,,,,,,,,
front_end,,True,kiss_icp_odometry,,,,,,,,,,,,,,,,,,,,,184919,,,,,,,,,,,,,,,,,,
front_end,,True,kiss_icp_odometry,,,,,,,,,,,,,,,,,,,,,184921,,,,,,,,,,,,,,,,,,
front_end,,True,kiss_icp_odometry,,,,,,,,,,,,,,,,,,,,,184922,,,,,,,,,,,,,,,,,,
front_end,,True,kiss_icp_odometry,,,,,,,,,,,,,,,,,,,,,184925,,,,,,,,,,,,,,,,,,
front_end,,True,kiss_icp_odometry,,,,,,,,,,,,,,,,,,,,,184927,,,,,,,,,,,,,,,,,,
front_end,,True,kiss_icp_odometry,,,,,,,,,,,,,,,,,,,,,184927,,,,,,,,,,,,,,,,,,
front_end,,True,kiss_icp_odometry,,,,,,,,,,,,,,,,,,,,,184929,,,,,,,,,,,,,,,,,,
front_end,,True,kiss_icp_odometry,,,,,,,,,,,,,,,,,,,,,184934,,,,,,,,,,,,,,,,,,
front_end,,True,kiss_icp_odometry,,,,,,,,,,,,,,,,,,,,,184935,,,,,,,,,,,,,,,,,,
front_end,,True,kiss_icp_odometry,,,,,,,,,,,,,,,,,,,,,184938,,,,,,,,,,,,,,,,,,
front_end,,True,kiss_icp_odometry,,,,,,,,,,,,,,,,,,,,,184938,,,,,,,,,,,,,,,,,,
optimized_backend,,,,,,,85.42017200670671,,,,,,,,,,,,,,,,,,,,,,,,,,,,120,130,11,0.0031859963200986385,0.0,0.0,pose_graph,True
front_end,,True,kiss_icp_odometry,,,,,,,,,,,,,,,,,,,,,184946,,,,,,,,,,,,,,,,,,
front_end,,True,kiss_icp_odometry,,,,,,,,,,,,,,,,,,,,,184954,,,,,,,,,,,,,,,,,,
front_end,,True,kiss_icp_odometry,,,,,,,,,,,,,,,,,,,,,184957,,,,,,,,,,,,,,,,,,
front_end,,True,kiss_icp_odometry,,,,,,,,,,,,,,,,,,,,,184959,,,,,,,,,,,,,,,,,,
front_end,,True,kiss_icp_odometry,,,,,,,,,,,,,,,,,,,,,184964,,,,,,,,,,,,,,,,,,
front_end,,True,kiss_icp_odometry,,,,,,,,,,,,,,,,,,,,,184967,,,,,,,,,,,,,,,,,,
front_end,,True,kiss_icp_odometry,,,,,,,,,,,,,,,,,,,,,184968,,,,,,,,,,,,,,,,,,
front_end,,True,kiss_icp_odometry,,,,,,,,,,,,,,,,,,,,,184972,,,,,,,,,,,,,,,,,,
front_end,,True,kiss_icp_odometry,,,,,,,,,,,,,,,,,,,,,184973,,,,,,,,,,,,,,,,,,
front_end,,True,kiss_icp_odometry,,,,,,,,,,,,,,,,,,,,,184980,,,,,,,,,,,,,,,,,,
front_end,,True,kiss_icp_odometry,,,,,,,,,,,,,,,,,,,,,184984,,,,,,,,,,,,,,,,,,
front_end,,True,kiss_icp_odometry,,,,,,,,,,,,,,,,,,,,,184989,,,,,,,,,,,,,,,,,,
front_end,,True,kiss_icp_odometry,,,,,,,,,,,,,,,,,,,,,184993,,,,,,,,,,,,,,,,,,
front_end,,True,kiss_icp_odometry,,,,,,,,,,,,,,,,,,,,,184994,,,,,,,,,,,,,,,,,,
front_end,,True,kiss_icp_odometry,,,,,,,,,,,,,,,,,,,,,185000,,,,,,,,,,,,,,,,,,
front_end,,True,kiss_icp_odometry,,,,,,,,,,,,,,,,,,,,,185005,,,,,,,,,,,,,,,,,,
front_end,,True,kiss_icp_odometry,,,,,,,,,,,,,,,,,,,,,185012,,,,,,,,,,,,,,,,,,
front_end,,True,kiss_icp_odometry,,,,,,,,,,,,,,,,,,,,,185016,,,,,,,,,,,,,,,,,,
front_end,,True,kiss_icp_odometry,,,,,,,,,,,,,,,,,,,,,185025,,,,,,,,,,,,,,,,,,
front_end,,True,kiss_icp_odometry,,,,,,,,,,,,,,,,,,,,,185034,,,,,,,,,,,,,,,,,,
front_end,,True,kiss_icp_odometry,,,,,,,,,,,,,,,,,,,,,185036,,,,,,,,,,,,,,,,,,
front_end,,True,kiss_icp_odometry,,,,,,,,,,,,,,,,,,,,,185061,,,,,,,,,,,,,,,,,,
front_end,,True,kiss_icp_odometry,,,,,,,,,,,,,,,,,,,,,185074,,,,,,,,,,,,,,,,,,
front_end,,True,kiss_icp_odometry,,,,,,,,,,,,,,,,,,,,,185081,,,,,,,,,,,,,,,,,,
front_end,,True,kiss_icp_odometry,,,,,,,,,,,,,,,,,,,,,185084,,,,,,,,,,,,,,,,,,
front_end,,True,kiss_icp_odometry,,,,,,,,,,,,,,,,,,,,,185086,,,,,,,,,,,,,,,,,,
front_end,,True,kiss_icp_odometry,,,,,,,,,,,,,,,,,,,,,185094,,,,,,,,,,,,,,,,,,
front_end,,True,kiss_icp_odometry,,,,,,,,,,,,,,,,,,,,,185096,,,,,,,,,,,,,,,,,,
front_end,,True,kiss_icp_odometry,,,,,,,,,,,,,,,,,,,,,185098,,,,,,,,,,,,,,,,,,
front_end,,True,kiss_icp_odometry,,,,,,,,,,,,,,,,,,,,,185098,,,,,,,,,,,,,,,,,,
front_end,,True,kiss_icp_odometry,,,,,,,,,,,,,,,,,,,,,185098,,,,,,,,,,,,,,,,,,
front_end,,True,kiss_icp_odometry,,,,,,,,,,,,,,,,,,,,,185098,,,,,,,,,,,,,,,,,,
front_end,,True,kiss_icp_odometry,,,,,,,,,,,,,,,,,,,,,185102,,,,,,,,,,,,,,,,,,
front_end,,True,kiss_icp_odometry,,,,,,,,,,,,,,,,,,,,,185108,,,,,,,,,,,,,,,,,,
front_end,,True,kiss_icp_odometry,,,,,,,,,,,,,,,,,,,,,185118,,,,,,,,,,,,,,,,,,
front_end,,True,kiss_icp_odometry,,,,,,,,,,,,,,,,,,,,,185130,,,,,,,,,,,,,,,,,,
front_end,,True,kiss_icp_odometry,,,,,,,,,,,,,,,,,,,,,185179,,,,,,,,,,,,,,,,,,
front_end,,True,kiss_icp_odometry,,,,,,,,,,,,,,,,,,,,,185237,,,,,,,,,,,,,,,,,,
front_end,,True,kiss_icp_odometry,,,,,,,,,,,,,,,,,,,,,185316,,,,,,,,,,,,,,,,,,
front_end,,True,kiss_icp_odometry,,,,,,,,,,,,,,,,,,,,,185400,,,,,,,,,,,,,,,,,,
front_end,,True,kiss_icp_odometry,,,,,,,,,,,,,,,,,,,,,185417,,,,,,,,,,,,,,,,,,
front_end,,True,kiss_icp_odometry,,,,,,,,,,,,,,,,,,,,,185441,,,,,,,,,,,,,,,,,,
front_end,,True,kiss_icp_odometry,,,,,,,,,,,,,,,,,,,,,185561,,,,,,,,,,,,,,,,,,
front_end,,True,kiss_icp_odometry,,,,,,,,,,,,,,,,,,,,,185569,,,,,,,,,,,,,,,,,,
front_end,,True,kiss_icp_odometry,,,,,,,,,,,,,,,,,,,,,185611,,,,,,,,,,,,,,,,,,
front_end,,True,kiss_icp_odometry,,,,,,,,,,,,,,,,,,,,,185689,,,,,,,,,,,,,,,,,,
front_end,,True,kiss_icp_odometry,,,,,,,,,,,,,,,,,,,,,185697,,,,,,,,,,,,,,,,,,
front_end,,True,kiss_icp_odometry,,,,,,,,,,,,,,,,,,,,,185718,,,,,,,,,,,,,,,,,,
front_end,,True,kiss_icp_odometry,,,,,,,,,,,,,,,,,,,,,185752,,,,,,,,,,,,,,,,,,
front_end,,True,kiss_icp_odometry,,,,,,,,,,,,,,,,,,,,,185759,,,,,,,,,,,,,,,,,,
front_end,,True,kiss_icp_odometry,,,,,,,,,,,,,,,,,,,,,185765,,,,,,,,,,,,,,,,,,
front_end,,True,kiss_icp_odometry,,,,,,,,,,,,,,,,,,,,,185780,,,,,,,,,,,,,,,,,,
front_end,,True,kiss_icp_odometry,,,,,,,,,,,,,,,,,,,,,185787,,,,,,,,,,,,,,,,,,
front_end,,True,kiss_icp_odometry,,,,,,,,,,,,,,,,,,,,,185804,,,,,,,,,,,,,,,,,,
front_end,,True,kiss_icp_odometry,,,,,,,,,,,,,,,,,,,,,185806,,,,,,,,,,,,,,,,,,
front_end,,True,kiss_icp_odometry,,,,,,,,,,,,,,,,,,,,,185813,,,,,,,,,,,,,,,,,,
optimized_backend,,,,,,,606.2634169938974,,,,,,,,,,,,,,,,,,,,,,,,,,,,121,132,12,503.1386170012411,21.4358739904128,42.90369900991209,pose_graph,True
front_end,,True,kiss_icp_odometry,,,,,,,,,,,,,,,,,,,,,185815,,,,,,,,,,,,,,,,,,
front_end,,True,kiss_icp_odometry,,,,,,,,,,,,,,,,,,,,,185824,,,,,,,,,,,,,,,,,,
front_end,,True,kiss_icp_odometry,,,,,,,,,,,,,,,,,,,,,185828,,,,,,,,,,,,,,,,,,
front_end,,True,kiss_icp_odometry,,,,,,,,,,,,,,,,,,,,,185831,,,,,,,,,,,,,,,,,,
front_end,,True,kiss_icp_odometry,,,,,,,,,,,,,,,,,,,,,185837,,,,,,,,,,,,,,,,,,
front_end,,True,kiss_icp_odometry,,,,,,,,,,,,,,,,,,,,,185840,,,,,,,,,,,,,,,,,,
optimized_backend,,,,,,,44.84249500092119,,,,,,,,,,,,,,,,,,,,,,,,,,,,122,133,12,0.0019040016923099756,0.0,0.0,pose_graph,True
front_end,,True,kiss_icp_odometry,,,,,,,,,,,,,,,,,,,,,185844,,,,,,,,,,,,,,,,,,
front_end,,True,kiss_icp_odometry,,,,,,,,,,,,,,,,,,,,,185851,,,,,,,,,,,,,,,,,,
front_end,,True,kiss_icp_odometry,,,,,,,,,,,,,,,,,,,,,185868,,,,,,,,,,,,,,,,,,
front_end,,True,kiss_icp_odometry,,,,,,,,,,,,,,,,,,,,,185874,,,,,,,,,,,,,,,,,,
front_end,,True,kiss_icp_odometry,,,,,,,,,,,,,,,,,,,,,185887,,,,,,,,,,,,,,,,,,
front_end,,True,kiss_icp_odometry,,,,,,,,,,,,,,,,,,,,,185911,,,,,,,,,,,,,,,,,,
front_end,,True,kiss_icp_odometry,,,,,,,,,,,,,,,,,,,,,185943,,,,,,,,,,,,,,,,,,
front_end,,True,kiss_icp_odometry,,,,,,,,,,,,,,,,,,,,,185958,,,,,,,,,,,,,,,,,,
front_end,,True,kiss_icp_odometry,,,,,,,,,,,,,,,,,,,,,185970,,,,,,,,,,,,,,,,,,
front_end,,True,kiss_icp_odometry,,,,,,,,,,,,,,,,,,,,,185979,,,,,,,,,,,,,,,,,,
optimized_backend,,,,,,,31.104755005799234,,,,,,,,,,,,,,,,,,,,,,,,,,,,123,134,12,0.002935994416475296,0.0,0.0,pose_graph,True
front_end,,True,kiss_icp_odometry,,,,,,,,,,,,,,,,,,,,,185994,,,,,,,,,,,,,,,,,,
front_end,,True,kiss_icp_odometry,,,,,,,,,,,,,,,,,,,,,186010,,,,,,,,,,,,,,,,,,
front_end,,True,kiss_icp_odometry,,,,,,,,,,,,,,,,,,,,,186026,,,,,,,,,,,,,,,,,,
front_end,,True,kiss_icp_odometry,,,,,,,,,,,,,,,,,,,,,186039,,,,,,,,,,,,,,,,,,
front_end,,True,kiss_icp_odometry,,,,,,,,,,,,,,,,,,,,,186051,,,,,,,,,,,,,,,,,,
front_end,,True,kiss_icp_odometry,,,,,,,,,,,,,,,,,,,,,186061,,,,,,,,,,,,,,,,,,
front_end,,True,kiss_icp_odometry,,,,,,,,,,,,,,,,,,,,,186072,,,,,,,,,,,,,,,,,,
front_end,,True,kiss_icp_odometry,,,,,,,,,,,,,,,,,,,,,186082,,,,,,,,,,,,,,,,,,
front_end,,True,kiss_icp_odometry,,,,,,,,,,,,,,,,,,,,,186092,,,,,,,,,,,,,,,,,,
front_end,,True,kiss_icp_odometry,,,,,,,,,,,,,,,,,,,,,186102,,,,,,,,,,,,,,,,,,
optimized_backend,,,,,,,27.416569995693862,,,,,,,,,,,,,,,,,,,,,,,,,,,,124,135,12,0.0017229904187843204,0.0,0.0,pose_graph,True
front_end,,True,kiss_icp_odometry,,,,,,,,,,,,,,,,,,,,,186112,,,,,,,,,,,,,,,,,,
front_end,,True,kiss_icp_odometry,,,,,,,,,,,,,,,,,,,,,186137,,,,,,,,,,,,,,,,,,
front_end,,True,kiss_icp_odometry,,,,,,,,,,,,,,,,,,,,,186154,,,,,,,,,,,,,,,,,,
front_end,,True,kiss_icp_odometry,,,,,,,,,,,,,,,,,,,,,186169,,,,,,,,,,,,,,,,,,
front_end,,True,kiss_icp_odometry,,,,,,,,,,,,,,,,,,,,,186191,,,,,,,,,,,,,,,,,,
front_end,,True,kiss_icp_odometry,,,,,,,,,,,,,,,,,,,,,186202,,,,,,,,,,,,,,,,,,
front_end,,True,kiss_icp_odometry,,,,,,,,,,,,,,,,,,,,,186210,,,,,,,,,,,,,,,,,,
front_end,,True,kiss_icp_odometry,,,,,,,,,,,,,,,,,,,,,186216,,,,,,,,,,,,,,,,,,
front_end,,True,kiss_icp_odometry,,,,,,,,,,,,,,,,,,,,,186230,,,,,,,,,,,,,,,,,,
front_end,,True,kiss_icp_odometry,,,,,,,,,,,,,,,,,,,,,186240,,,,,,,,,,,,,,,,,,
optimized_backend,,,,,,,30.983005999587476,,,,,,,,,,,,,,,,,,,,,,,,,,,,125,136,12,0.0032560055842623115,0.0,0.0,pose_graph,True
front_end,,True,kiss_icp_odometry,,,,,,,,,,,,,,,,,,,,,186273,,,,,,,,,,,,,,,,,,
front_end,,True,kiss_icp_odometry,,,,,,,,,,,,,,,,,,,,,186305,,,,,,,,,,,,,,,,,,
front_end,,True,kiss_icp_odometry,,,,,,,,,,,,,,,,,,,,,186322,,,,,,,,,,,,,,,,,,
front_end,,True,kiss_icp_odometry,,,,,,,,,,,,,,,,,,,,,186336,,,,,,,,,,,,,,,,,,
front_end,,True,kiss_icp_odometry,,,,,,,,,,,,,,,,,,,,,186386,,,,,,,,,,,,,,,,,,
front_end,,True,kiss_icp_odometry,,,,,,,,,,,,,,,,,,,,,186405,,,,,,,,,,,,,,,,,,
front_end,,True,kiss_icp_odometry,,,,,,,,,,,,,,,,,,,,,186469,,,,,,,,,,,,,,,,,,
front_end,,True,kiss_icp_odometry,,,,,,,,,,,,,,,,,,,,,186568,,,,,,,,,,,,,,,,,,
optimized_backend,,,,,,,33.542338002007455,,,,,,,,,,,,,,,,,,,,,,,,,,,,126,137,12,0.00261500827036798,0.0,0.0,pose_graph,True
front_end,,True,kiss_icp_odometry,,,,,,,,,,,,,,,,,,,,,186639,,,,,,,,,,,,,,,,,,
front_end,,True,kiss_icp_odometry,,,,,,,,,,,,,,,,,,,,,186703,,,,,,,,,,,,,,,,,,
front_end,,True,kiss_icp_odometry,,,,,,,,,,,,,,,,,,,,,186746,,,,,,,,,,,,,,,,,,
front_end,,True,kiss_icp_odometry,,,,,,,,,,,,,,,,,,,,,186779,,,,,,,,,,,,,,,,,,
front_end,,True,kiss_icp_odometry,,,,,,,,,,,,,,,,,,,,,186825,,,,,,,,,,,,,,,,,,
front_end,,True,kiss_icp_odometry,,,,,,,,,,,,,,,,,,,,,186935,,,,,,,,,,,,,,,,,,
front_end,,True,kiss_icp_odometry,,,,,,,,,,,,,,,,,,,,,186984,,,,,,,,,,,,,,,,,,
front_end,,True,kiss_icp_odometry,,,,,,,,,,,,,,,,,,,,,187104,,,,,,,,,,,,,,,,,,
front_end,,True,kiss_icp_odometry,,,,,,,,,,,,,,,,,,,,,187247,,,,,,,,,,,,,,,,,,
front_end,,True,kiss_icp_odometry,,,,,,,,,,,,,,,,,,,,,187333,,,,,,,,,,,,,,,,,,
front_end,,True,kiss_icp_odometry,,,,,,,,,,,,,,,,,,,,,187405,,,,,,,,,,,,,,,,,,
front_end,,True,kiss_icp_odometry,,,,,,,,,,,,,,,,,,,,,187472,,,,,,,,,,,,,,,,,,
front_end,,True,kiss_icp_odometry,,,,,,,,,,,,,,,,,,,,,187532,,,,,,,,,,,,,,,,,,
front_end,,True,kiss_icp_odometry,,,,,,,,,,,,,,,,,,,,,187567,,,,,,,,,,,,,,,,,,
front_end,,True,kiss_icp_odometry,,,,,,,,,,,,,,,,,,,,,187606,,,,,,,,,,,,,,,,,,
front_end,,True,kiss_icp_odometry,,,,,,,,,,,,,,,,,,,,,187656,,,,,,,,,,,,,,,,,,
front_end,,True,kiss_icp_odometry,,,,,,,,,,,,,,,,,,,,,187733,,,,,,,,,,,,,,,,,,
front_end,,True,kiss_icp_odometry,,,,,,,,,,,,,,,,,,,,,187868,,,,,,,,,,,,,,,,,,
front_end,,True,kiss_icp_odometry,,,,,,,,,,,,,,,,,,,,,187891,,,,,,,,,,,,,,,,,,
optimized_backend,,,,,,,519.104311009869,,,,,,,,,,,,,,,,,,,,,,,,,,,,127,139,13,428.88337500335183,21.507398996618576,33.06753499782644,pose_graph,True
front_end,,True,kiss_icp_odometry,,,,,,,,,,,,,,,,,,,,,187925,,,,,,,,,,,,,,,,,,
front_end,,True,kiss_icp_odometry,,,,,,,,,,,,,,,,,,,,,187965,,,,,,,,,,,,,,,,,,
front_end,,True,kiss_icp_odometry,,,,,,,,,,,,,,,,,,,,,187989,,,,,,,,,,,,,,,,,,
front_end,,True,kiss_icp_odometry,,,,,,,,,,,,,,,,,,,,,188020,,,,,,,,,,,,,,,,,,
front_end,,True,kiss_icp_odometry,,,,,,,,,,,,,,,,,,,,,188186,,,,,,,,,,,,,,,,,,
front_end,,True,kiss_icp_odometry,,,,,,,,,,,,,,,,,,,,,188223,,,,,,,,,,,,,,,,,,
front_end,,True,kiss_icp_odometry,,,,,,,,,,,,,,,,,,,,,188262,,,,,,,,,,,,,,,,,,
front_end,,True,kiss_icp_odometry,,,,,,,,,,,,,,,,,,,,,188368,,,,,,,,,,,,,,,,,,
front_end,,True,kiss_icp_odometry,,,,,,,,,,,,,,,,,,,,,188404,,,,,,,,,,,,,,,,,,
front_end,,True,kiss_icp_odometry,,,,,,,,,,,,,,,,,,,,,188431,,,,,,,,,,,,,,,,,,
front_end,,True,kiss_icp_odometry,,,,,,,,,,,,,,,,,,,,,188450,,,,,,,,,,,,,,,,,,
front_end,,True,kiss_icp_odometry,,,,,,,,,,,,,,,,,,,,,188465,,,,,,,,,,,,,,,,,,
front_end,,True,kiss_icp_odometry,,,,,,,,,,,,,,,,,,,,,188513,,,,,,,,,,,,,,,,,,
front_end,,True,kiss_icp_odometry,,,,,,,,,,,,,,,,,,,,,188555,,,,,,,,,,,,,,,,,,
front_end,,True,kiss_icp_odometry,,,,,,,,,,,,,,,,,,,,,188585,,,,,,,,,,,,,,,,,,
optimized_backend,,,,,,,38.88576399185695,,,,,,,,,,,,,,,,,,,,,,,,,,,,128,140,13,0.0020840088836848736,0.0,0.0,pose_graph,True
front_end,,True,kiss_icp_odometry,,,,,,,,,,,,,,,,,,,,,188607,,,,,,,,,,,,,,,,,,
front_end,,True,kiss_icp_odometry,,,,,,,,,,,,,,,,,,,,,188640,,,,,,,,,,,,,,,,,,
front_end,,True,kiss_icp_odometry,,,,,,,,,,,,,,,,,,,,,188660,,,,,,,,,,,,,,,,,,
front_end,,True,kiss_icp_odometry,,,,,,,,,,,,,,,,,,,,,188678,,,,,,,,,,,,,,,,,,
optimized_backend,,,,,,,28.86876100092195,,,,,,,,,,,,,,,,,,,,,,,,,,,,129,141,13,0.002935004886239767,0.0,0.0,pose_graph,True
front_end,,True,kiss_icp_odometry,,,,,,,,,,,,,,,,,,,,,188696,,,,,,,,,,,,,,,,,,
front_end,,True,kiss_icp_odometry,,,,,,,,,,,,,,,,,,,,,188738,,,,,,,,,,,,,,,,,,
front_end,,True,kiss_icp_odometry,,,,,,,,,,,,,,,,,,,,,188793,,,,,,,,,,,,,,,,,,
optimized_backend,,,,,,,35.44574699481018,,,,,,,,,,,,,,,,,,,,,,,,,,,,130,142,13,0.002073997166007757,0.0,0.0,pose_graph,True
front_end,,True,kiss_icp_odometry,,,,,,,,,,,,,,,,,,,,,188821,,,,,,,,,,,,,,,,,,
front_end,,True,kiss_icp_odometry,,,,,,,,,,,,,,,,,,,,,188838,,,,,,,,,,,,,,,,,,
front_end,,True,kiss_icp_odometry,,,,,,,,,,,,,,,,,,,,,188856,,,,,,,,,,,,,,,,,,
optimized_backend,,,,,,,66.12458999734372,,,,,,,,,,,,,,,,,,,,,,,,,,,,131,143,13,0.0026650086510926485,0.0,34.77006600587629,pose_graph,True
front_end,,True,kiss_icp_odometry,,,,,,,,,,,,,,,,,,,,,188863,,,,,,,,,,,,,,,,,,
front_end,,True,kiss_icp_odometry,,,,,,,,,,,,,,,,,,,,,188886,,,,,,,,,,,,,,,,,,
optimized_backend,,,,,,,21.782046009320766,,,,,,,,,,,,,,,,,,,,,,,,,,,,132,144,13,0.0019940052879974246,0.0,0.0,pose_graph,True
front_end,,True,kiss_icp_odometry,,,,,,,,,,,,,,,,,,,,,188906,,,,,,,,,,,,,,,,,,
front_end,,True,kiss_icp_odometry,,,,,,,,,,,,,,,,,,,,,188924,,,,,,,,,,,,,,,,,,
front_end,,True,kiss_icp_odometry,,,,,,,,,,,,,,,,,,,,,188950,,,,,,,,,,,,,,,,,,
front_end,,True,kiss_icp_odometry,,,,,,,,,,,,,,,,,,,,,188971,,,,,,,,,,,,,,,,,,
front_end,,True,kiss_icp_odometry,,,,,,,,,,,,,,,,,,,,,188991,,,,,,,,,,,,,,,,,,
front_end,,True,kiss_icp_odometry,,,,,,,,,,,,,,,,,,,,,189017,,,,,,,,,,,,,,,,,,
front_end,,True,kiss_icp_odometry,,,,,,,,,,,,,,,,,,,,,189031,,,,,,,,,,,,,,,,,,
front_end,,True,kiss_icp_odometry,,,,,,,,,,,,,,,,,,,,,189034,,,,,,,,,,,,,,,,,,
front_end,,True,kiss_icp_odometry,,,,,,,,,,,,,,,,,,,,,189049,,,,,,,,,,,,,,,,,,
front_end,,True,kiss_icp_odometry,,,,,,,,,,,,,,,,,,,,,189060,,,,,,,,,,,,,,,,,,
front_end,,True,kiss_icp_odometry,,,,,,,,,,,,,,,,,,,,,189081,,,,,,,,,,,,,,,,,,
optimized_backend,,,,,,,785.2657260082196,,,,,,,,,,,,,,,,,,,,,,,,,,,,133,146,14,654.8874840082135,41.03749999194406,45.058290008455515,pose_graph,True
optimized_backend,,,,,,,27.83262199955061,,,,,,,,,,,,,,,,,,,,,,,,,,,,134,147,14,0.002054002834483981,0.0,0.0,pose_graph,True
front_end,,True,kiss_icp_odometry,,,,,,,,,,,,,,,,,,,,,189102,,,,,,,,,,,,,,,,,,
optimized_backend,,,,,,,59.56973500724416,,,,,,,,,,,,,,,,,,,,,,,,,,,,135,148,14,0.0036669953260570765,0.0,0.0,pose_graph,True
front_end,,True,kiss_icp_odometry,,,,,,,,,,,,,,,,,,,,,189127,,,,,,,,,,,,,,,,,,
front_end,,True,kiss_icp_odometry,,,,,,,,,,,,,,,,,,,,,189134,,,,,,,,,,,,,,,,,,
front_end,,True,kiss_icp_odometry,,,,,,,,,,,,,,,,,,,,,189146,,,,,,,,,,,,,,,,,,
front_end,,True,kiss_icp_odometry,,,,,,,,,,,,,,,,,,,,,189148,,,,,,,,,,,,,,,,,,
front_end,,True,kiss_icp_odometry,,,,,,,,,,,,,,,,,,,,,189159,,,,,,,,,,,,,,,,,,
front_end,,True,kiss_icp_odometry,,,,,,,,,,,,,,,,,,,,,189166,,,,,,,,,,,,,,,,,,
front_end,,True,kiss_icp_odometry,,,,,,,,,,,,,,,,,,,,,189188,,,,,,,,,,,,,,,,,,
front_end,,True,kiss_icp_odometry,,,,,,,,,,,,,,,,,,,,,189267,,,,,,,,,,,,,,,,,,
front_end,,True,kiss_icp_odometry,,,,,,,,,,,,,,,,,,,,,189294,,,,,,,,,,,,,,,,,,
front_end,,True,kiss_icp_odometry,,,,,,,,,,,,,,,,,,,,,189323,,,,,,,,,,,,,,,,,,
front_end,,True,kiss_icp_odometry,,,,,,,,,,,,,,,,,,,,,189346,,,,,,,,,,,,,,,,,,
front_end,,True,kiss_icp_odometry,,,,,,,,,,,,,,,,,,,,,189360,,,,,,,,,,,,,,,,,,
front_end,,True,kiss_icp_odometry,,,,,,,,,,,,,,,,,,,,,189383,,,,,,,,,,,,,,,,,,
optimized_backend,,,,,,,48.203284008195624,,,,,,,,,,,,,,,,,,,,,,,,,,,,136,149,14,0.002954999217763543,0.0,0.0,pose_graph,True
front_end,,True,kiss_icp_odometry,,,,,,,,,,,,,,,,,,,,,189393,,,,,,,,,,,,,,,,,,
front_end,,True,kiss_icp_odometry,,,,,,,,,,,,,,,,,,,,,189402,,,,,,,,,,,,,,,,,,
front_end,,True,kiss_icp_odometry,,,,,,,,,,,,,,,,,,,,,189417,,,,,,,,,,,,,,,,,,
front_end,,True,kiss_icp_odometry,,,,,,,,,,,,,,,,,,,,,189426,,,,,,,,,,,,,,,,,,
front_end,,True,kiss_icp_odometry,,,,,,,,,,,,,,,,,,,,,189435,,,,,,,,,,,,,,,,,,
front_end,,True,kiss_icp_odometry,,,,,,,,,,,,,,,,,,,,,189440,,,,,,,,,,,,,,,,,,
front_end,,True,kiss_icp_odometry,,,,,,,,,,,,,,,,,,,,,189450,,,,,,,,,,,,,,,,,,
front_end,,True,kiss_icp_odometry,,,,,,,,,,,,,,,,,,,,,189464,,,,,,,,,,,,,,,,,,
front_end,,True,kiss_icp_odometry,,,,,,,,,,,,,,,,,,,,,189476,,,,,,,,,,,,,,,,,,
front_end,,True,kiss_icp_odometry,,,,,,,,,,,,,,,,,,,,,189484,,,,,,,,,,,,,,,,,,
front_end,,True,kiss_icp_odometry,,,,,,,,,,,,,,,,,,,,,189490,,,,,,,,,,,,,,,,,,
front_end,,True,kiss_icp_odometry,,,,,,,,,,,,,,,,,,,,,189493,,,,,,,,,,,,,,,,,,
front_end,,True,kiss_icp_odometry,,,,,,,,,,,,,,,,,,,,,189497,,,,,,,,,,,,,,,,,,
front_end,,True,kiss_icp_odometry,,,,,,,,,,,,,,,,,,,,,189501,,,,,,,,,,,,,,,,,,
front_end,,True,kiss_icp_odometry,,,,,,,,,,,,,,,,,,,,,189515,,,,,,,,,,,,,,,,,,
front_end,,True,kiss_icp_odometry,,,,,,,,,,,,,,,,,,,,,189529,,,,,,,,,,,,,,,,,,
front_end,,True,kiss_icp_odometry,,,,,,,,,,,,,,,,,,,,,189540,,,,,,,,,,,,,,,,,,
front_end,,True,kiss_icp_odometry,,,,,,,,,,,,,,,,,,,,,189544,,,,,,,,,,,,,,,,,,
front_end,,True,kiss_icp_odometry,,,,,,,,,,,,,,,,,,,,,189549,,,,,,,,,,,,,,,,,,
front_end,,True,kiss_icp_odometry,,,,,,,,,,,,,,,,,,,,,189581,,,,,,,,,,,,,,,,,,
front_end,,True,kiss_icp_odometry,,,,,,,,,,,,,,,,,,,,,189589,,,,,,,,,,,,,,,,,,
front_end,,True,kiss_icp_odometry,,,,,,,,,,,,,,,,,,,,,189595,,,,,,,,,,,,,,,,,,
front_end,,True,kiss_icp_odometry,,,,,,,,,,,,,,,,,,,,,189596,,,,,,,,,,,,,,,,,,
front_end,,True,kiss_icp_odometry,,,,,,,,,,,,,,,,,,,,,189605,,,,,,,,,,,,,,,,,,
front_end,,True,kiss_icp_odometry,,,,,,,,,,,,,,,,,,,,,189614,,,,,,,,,,,,,,,,,,
front_end,,True,kiss_icp_odometry,,,,,,,,,,,,,,,,,,,,,189624,,,,,,,,,,,,,,,,,,
front_end,,True,kiss_icp_odometry,,,,,,,,,,,,,,,,,,,,,189630,,,,,,,,,,,,,,,,,,
front_end,,True,kiss_icp_odometry,,,,,,,,,,,,,,,,,,,,,189645,,,,,,,,,,,,,,,,,,
front_end,,True,kiss_icp_odometry,,,,,,,,,,,,,,,,,,,,,189647,,,,,,,,,,,,,,,,,,
front_end,,True,kiss_icp_odometry,,,,,,,,,,,,,,,,,,,,,189651,,,,,,,,,,,,,,,,,,
front_end,,True,kiss_icp_odometry,,,,,,,,,,,,,,,,,,,,,189664,,,,,,,,,,,,,,,,,,
front_end,,True,kiss_icp_odometry,,,,,,,,,,,,,,,,,,,,,189668,,,,,,,,,,,,,,,,,,
front_end,,True,kiss_icp_odometry,,,,,,,,,,,,,,,,,,,,,189677,,,,,,,,,,,,,,,,,,
front_end,,True,kiss_icp_odometry,,,,,,,,,,,,,,,,,,,,,189678,,,,,,,,,,,,,,,,,,
front_end,,True,kiss_icp_odometry,,,,,,,,,,,,,,,,,,,,,189684,,,,,,,,,,,,,,,,,,
front_end,,True,kiss_icp_odometry,,,,,,,,,,,,,,,,,,,,,189747,,,,,,,,,,,,,,,,,,
front_end,,True,kiss_icp_odometry,,,,,,,,,,,,,,,,,,,,,189756,,,,,,,,,,,,,,,,,,
optimized_backend,,,,,,,35.26258199417498,,,,,,,,,,,,,,,,,,,,,,,,,,,,137,150,14,0.004268003976903856,0.0,0.0,pose_graph,True
front_end,,True,kiss_icp_odometry,,,,,,,,,,,,,,,,,,,,,189786,,,,,,,,,,,,,,,,,,
front_end,,True,kiss_icp_odometry,,,,,,,,,,,,,,,,,,,,,189792,,,,,,,,,,,,,,,,,,
front_end,,True,kiss_icp_odometry,,,,,,,,,,,,,,,,,,,,,189808,,,,,,,,,,,,,,,,,,
front_end,,True,kiss_icp_odometry,,,,,,,,,,,,,,,,,,,,,189842,,,,,,,,,,,,,,,,,,
front_end,,True,kiss_icp_odometry,,,,,,,,,,,,,,,,,,,,,189849,,,,,,,,,,,,,,,,,,
front_end,,True,kiss_icp_odometry,,,,,,,,,,,,,,,,,,,,,189862,,,,,,,,,,,,,,,,,,
front_end,,True,kiss_icp_odometry,,,,,,,,,,,,,,,,,,,,,189867,,,,,,,,,,,,,,,,,,
front_end,,True,kiss_icp_odometry,,,,,,,,,,,,,,,,,,,,,189874,,,,,,,,,,,,,,,,,,
front_end,,True,kiss_icp_odometry,,,,,,,,,,,,,,,,,,,,,189886,,,,,,,,,,,,,,,,,,
front_end,,True,kiss_icp_odometry,,,,,,,,,,,,,,,,,,,,,189894,,,,,,,,,,,,,,,,,,
front_end,,True,kiss_icp_odometry,,,,,,,,,,,,,,,,,,,,,189899,,,,,,,,,,,,,,,,,,
front_end,,True,kiss_icp_odometry,,,,,,,,,,,,,,,,,,,,,189907,,,,,,,,,,,,,,,,,,
front_end,,True,kiss_icp_odometry,,,,,,,,,,,,,,,,,,,,,189959,,,,,,,,,,,,,,,,,,
front_end,,True,kiss_icp_odometry,,,,,,,,,,,,,,,,,,,,,189966,,,,,,,,,,,,,,,,,,
front_end,,True,kiss_icp_odometry,,,,,,,,,,,,,,,,,,,,,189974,,,,,,,,,,,,,,,,,,
front_end,,True,kiss_icp_odometry,,,,,,,,,,,,,,,,,,,,,189978,,,,,,,,,,,,,,,,,,
front_end,,True,kiss_icp_odometry,,,,,,,,,,,,,,,,,,,,,189981,,,,,,,,,,,,,,,,,,
front_end,,True,kiss_icp_odometry,,,,,,,,,,,,,,,,,,,,,189992,,,,,,,,,,,,,,,,,,
front_end,,True,kiss_icp_odometry,,,,,,,,,,,,,,,,,,,,,190000,,,,,,,,,,,,,,,,,,
front_end,,True,kiss_icp_odometry,,,,,,,,,,,,,,,,,,,,,190005,,,,,,,,,,,,,,,,,,
front_end,,True,kiss_icp_odometry,,,,,,,,,,,,,,,,,,,,,190029,,,,,,,,,,,,,,,,,,
front_end,,True,kiss_icp_odometry,,,,,,,,,,,,,,,,,,,,,190041,,,,,,,,,,,,,,,,,,
front_end,,True,kiss_icp_odometry,,,,,,,,,,,,,,,,,,,,,190045,,,,,,,,,,,,,,,,,,
front_end,,True,kiss_icp_odometry,,,,,,,,,,,,,,,,,,,,,190051,,,,,,,,,,,,,,,,,,
front_end,,True,kiss_icp_odometry,,,,,,,,,,,,,,,,,,,,,190060,,,,,,,,,,,,,,,,,,
front_end,,True,kiss_icp_odometry,,,,,,,,,,,,,,,,,,,,,190071,,,,,,,,,,,,,,,,,,
front_end,,True,kiss_icp_odometry,,,,,,,,,,,,,,,,,,,,,190088,,,,,,,,,,,,,,,,,,
front_end,,True,kiss_icp_odometry,,,,,,,,,,,,,,,,,,,,,190122,,,,,,,,,,,,,,,,,,
front_end,,True,kiss_icp_odometry,,,,,,,,,,,,,,,,,,,,,190143,,,,,,,,,,,,,,,,,,
front_end,,True,kiss_icp_odometry,,,,,,,,,,,,,,,,,,,,,190159,,,,,,,,,,,,,,,,,,
front_end,,True,kiss_icp_odometry,,,,,,,,,,,,,,,,,,,,,190175,,,,,,,,,,,,,,,,,,
front_end,,True,kiss_icp_odometry,,,,,,,,,,,,,,,,,,,,,190182,,,,,,,,,,,,,,,,,,
front_end,,True,kiss_icp_odometry,,,,,,,,,,,,,,,,,,,,,190189,,,,,,,,,,,,,,,,,,
front_end,,True,kiss_icp_odometry,,,,,,,,,,,,,,,,,,,,,190190,,,,,,,,,,,,,,,,,,
front_end,,True,kiss_icp_odometry,,,,,,,,,,,,,,,,,,,,,190192,,,,,,,,,,,,,,,,,,
front_end,,True,kiss_icp_odometry,,,,,,,,,,,,,,,,,,,,,190198,,,,,,,,,,,,,,,,,,
front_end,,True,kiss_icp_odometry,,,,,,,,,,,,,,,,,,,,,190203,,,,,,,,,,,,,,,,,,
front_end,,True,kiss_icp_odometry,,,,,,,,,,,,,,,,,,,,,190208,,,,,,,,,,,,,,,,,,
optimized_backend,,,,,,,70.99371400545351,,,,,,,,,,,,,,,,,,,,,,,,,,,,138,151,14,0.0028759968699887395,0.0,0.0,pose_graph,True
front_end,,True,kiss_icp_odometry,,,,,,,,,,,,,,,,,,,,,190237,,,,,,,,,,,,,,,,,,
front_end,,True,kiss_icp_odometry,,,,,,,,,,,,,,,,,,,,,190259,,,,,,,,,,,,,,,,,,
front_end,,True,kiss_icp_odometry,,,,,,,,,,,,,,,,,,,,,190290,,,,,,,,,,,,,,,,,,
front_end,,True,kiss_icp_odometry,,,,,,,,,,,,,,,,,,,,,190313,,,,,,,,,,,,,,,,,,
front_end,,True,kiss_icp_odometry,,,,,,,,,,,,,,,,,,,,,190325,,,,,,,,,,,,,,,,,,
front_end,,True,kiss_icp_odometry,,,,,,,,,,,,,,,,,,,,,190340,,,,,,,,,,,,,,,,,,
front_end,,True,kiss_icp_odometry,,,,,,,,,,,,,,,,,,,,,190345,,,,,,,,,,,,,,,,,,
front_end,,True,kiss_icp_odometry,,,,,,,,,,,,,,,,,,,,,190347,,,,,,,,,,,,,,,,,,
front_end,,True,kiss_icp_odometry,,,,,,,,,,,,,,,,,,,,,190354,,,,,,,,,,,,,,,,,,
front_end,,True,kiss_icp_odometry,,,,,,,,,,,,,,,,,,,,,190354,,,,,,,,,,,,,,,,,,
front_end,,True,kiss_icp_odometry,,,,,,,,,,,,,,,,,,,,,190358,,,,,,,,,,,,,,,,,,
front_end,,True,kiss_icp_odometry,,,,,,,,,,,,,,,,,,,,,190365,,,,,,,,,,,,,,,,,,
front_end,,True,kiss_icp_odometry,,,,,,,,,,,,,,,,,,,,,190372,,,,,,,,,,,,,,,,,,
front_end,,True,kiss_icp_odometry,,,,,,,,,,,,,,,,,,,,,190375,,,,,,,,,,,,,,,,,,
front_end,,True,kiss_icp_odometry,,,,,,,,,,,,,,,,,,,,,190376,,,,,,,,,,,,,,,,,,
front_end,,True,kiss_icp_odometry,,,,,,,,,,,,,,,,,,,,,190379,,,,,,,,,,,,,,,,,,
front_end,,True,kiss_icp_odometry,,,,,,,,,,,,,,,,,,,,,190389,,,,,,,,,,,,,,,,,,
front_end,,True,kiss_icp_odometry,,,,,,,,,,,,,,,,,,,,,190398,,,,,,,,,,,,,,,,,,
front_end,,True,kiss_icp_odometry,,,,,,,,,,,,,,,,,,,,,190405,,,,,,,,,,,,,,,,,,
front_end,,True,kiss_icp_odometry,,,,,,,,,,,,,,,,,,,,,190413,,,,,,,,,,,,,,,,,,
front_end,,True,kiss_icp_odometry,,,,,,,,,,,,,,,,,,,,,190419,,,,,,,,,,,,,,,,,,
optimized_backend,,,,,,,771.9366750097834,,,,,,,,,,,,,,,,,,,,,,,,,,,,139,153,15,642.3121510015335,50.13048699765932,44.86782199819572,pose_graph,True
front_end,,True,kiss_icp_odometry,,,,,,,,,,,,,,,,,,,,,190431,,,,,,,,,,,,,,,,,,
front_end,,True,kiss_icp_odometry,,,,,,,,,,,,,,,,,,,,,190434,,,,,,,,,,,,,,,,,,
front_end,,True,kiss_icp_odometry,,,,,,,,,,,,,,,,,,,,,190439,,,,,,,,,,,,,,,,,,
front_end,,True,kiss_icp_odometry,,,,,,,,,,,,,,,,,,,,,190442,,,,,,,,,,,,,,,,,,
front_end,,True,kiss_icp_odometry,,,,,,,,,,,,,,,,,,,,,190450,,,,,,,,,,,,,,,,,,
optimized_backend,,,,,,,36.11968299082946,,,,,,,,,,,,,,,,,,,,,,,,,,,,140,154,15,0.0017540005501359701,0.0,0.0,pose_graph,True
front_end,,True,kiss_icp_odometry,,,,,,,,,,,,,,,,,,,,,190457,,,,,,,,,,,,,,,,,,
front_end,,True,kiss_icp_odometry,,,,,,,,,,,,,,,,,,,,,190473,,,,,,,,,,,,,,,,,,
front_end,,True,kiss_icp_odometry,,,,,,,,,,,,,,,,,,,,,190493,,,,,,,,,,,,,,,,,,
front_end,,True,kiss_icp_odometry,,,,,,,,,,,,,,,,,,,,,190505,,,,,,,,,,,,,,,,,,
front_end,,True,kiss_icp_odometry,,,,,,,,,,,,,,,,,,,,,190529,,,,,,,,,,,,,,,,,,
front_end,,True,kiss_icp_odometry,,,,,,,,,,,,,,,,,,,,,190547,,,,,,,,,,,,,,,,,,
front_end,,True,kiss_icp_odometry,,,,,,,,,,,,,,,,,,,,,190569,,,,,,,,,,,,,,,,,,
front_end,,True,kiss_icp_odometry,,,,,,,,,,,,,,,,,,,,,190590,,,,,,,,,,,,,,,,,,
front_end,,True,kiss_icp_odometry,,,,,,,,,,,,,,,,,,,,,190623,,,,,,,,,,,,,,,,,,
front_end,,True,kiss_icp_odometry,,,,,,,,,,,,,,,,,,,,,190642,,,,,,,,,,,,,,,,,,
front_end,,True,kiss_icp_odometry,,,,,,,,,,,,,,,,,,,,,190668,,,,,,,,,,,,,,,,,,
optimized_backend,,,,,,,83.50410699495114,,,,,,,,,,,,,,,,,,,,,,,,,,,,141,155,15,0.003916997229680419,0.0,45.627068990143016,pose_graph,True
front_end,,True,kiss_icp_odometry,,,,,,,,,,,,,,,,,,,,,190717,,,,,,,,,,,,,,,,,,
front_end,,True,kiss_icp_odometry,,,,,,,,,,,,,,,,,,,,,190736,,,,,,,,,,,,,,,,,,
front_end,,True,kiss_icp_odometry,,,,,,,,,,,,,,,,,,,,,190744,,,,,,,,,,,,,,,,,,
front_end,,True,kiss_icp_odometry,,,,,,,,,,,,,,,,,,,,,190757,,,,,,,,,,,,,,,,,,
front_end,,True,kiss_icp_odometry,,,,,,,,,,,,,,,,,,,,,190767,,,,,,,,,,,,,,,,,,
front_end,,True,kiss_icp_odometry,,,,,,,,,,,,,,,,,,,,,190781,,,,,,,,,,,,,,,,,,
front_end,,True,kiss_icp_odometry,,,,,,,,,,,,,,,,,,,,,190805,,,,,,,,,,,,,,,,,,
front_end,,True,kiss_icp_odometry,,,,,,,,,,,,,,,,,,,,,190831,,,,,,,,,,,,,,,,,,
front_end,,True,kiss_icp_odometry,,,,,,,,,,,,,,,,,,,,,190867,,,,,,,,,,,,,,,,,,
optimized_backend,,,,,,,33.625764001044445,,,,,,,,,,,,,,,,,,,,,,,,,,,,142,156,15,0.0036059936974197626,0.0,0.0,pose_graph,True
front_end,,True,kiss_icp_odometry,,,,,,,,,,,,,,,,,,,,,190897,,,,,,,,,,,,,,,,,,
front_end,,True,kiss_icp_odometry,,,,,,,,,,,,,,,,,,,,,190920,,,,,,,,,,,,,,,,,,
front_end,,True,kiss_icp_odometry,,,,,,,,,,,,,,,,,,,,,190933,,,,,,,,,,,,,,,,,,
front_end,,True,kiss_icp_odometry,,,,,,,,,,,,,,,,,,,,,190965,,,,,,,,,,,,,,,,,,
front_end,,True,kiss_icp_odometry,,,,,,,,,,,,,,,,,,,,,190991,,,,,,,,,,,,,,,,,,
front_end,,True,kiss_icp_odometry,,,,,,,,,,,,,,,,,,,,,191034,,,,,,,,,,,,,,,,,,
front_end,,True,kiss_icp_odometry,,,,,,,,,,,,,,,,,,,,,191066,,,,,,,,,,,,,,,,,,
front_end,,True,kiss_icp_odometry,,,,,,,,,,,,,,,,,,,,,191087,,,,,,,,,,,,,,,,,,
front_end,,True,kiss_icp_odometry,,,,,,,,,,,,,,,,,,,,,191130,,,,,,,,,,,,,,,,,,
front_end,,True,kiss_icp_odometry,,,,,,,,,,,,,,,,,,,,,191165,,,,,,,,,,,,,,,,,,
optimized_backend,,,,,,,80.47632299712859,,,,,,,,,,,,,,,,,,,,,,,,,,,,143,157,15,0.004849003744311631,0.0,0.0,pose_graph,True
front_end,,True,kiss_icp_odometry,,,,,,,,,,,,,,,,,,,,,191239,,,,,,,,,,,,,,,,,,
front_end,,True,kiss_icp_odometry,,,,,,,,,,,,,,,,,,,,,191267,,,,,,,,,,,,,,,,,,
front_end,,True,kiss_icp_odometry,,,,,,,,,,,,,,,,,,,,,191295,,,,,,,,,,,,,,,,,,
front_end,,True,kiss_icp_odometry,,,,,,,,,,,,,,,,,,,,,191323,,,,,,,,,,,,,,,,,,
front_end,,True,kiss_icp_odometry,,,,,,,,,,,,,,,,,,,,,191377,,,,,,,,,,,,,,,,,,
front_end,,True,kiss_icp_odometry,,,,,,,,,,,,,,,,,,,,,191481,,,,,,,,,,,,,,,,,,
front_end,,True,kiss_icp_odometry,,,,,,,,,,,,,,,,,,,,,191519,,,,,,,,,,,,,,,,,,
front_end,,True,kiss_icp_odometry,,,,,,,,,,,,,,,,,,,,,191554,,,,,,,,,,,,,,,,,,
front_end,,True,kiss_icp_odometry,,,,,,,,,,,,,,,,,,,,,191612,,,,,,,,,,,,,,,,,,
front_end,,True,kiss_icp_odometry,,,,,,,,,,,,,,,,,,,,,191703,,,,,,,,,,,,,,,,,,
optimized_backend,,,,,,,41.64531199785415,,,,,,,,,,,,,,,,,,,,,,,,,,,,144,158,15,0.0020239967852830887,0.0,0.0,pose_graph,True
front_end,,True,kiss_icp_odometry,,,,,,,,,,,,,,,,,,,,,191895,,,,,,,,,,,,,,,,,,
front_end,,True,kiss_icp_odometry,,,,,,,,,,,,,,,,,,,,,191989,,,,,,,,,,,,,,,,,,
front_end,,True,kiss_icp_odometry,,,,,,,,,,,,,,,,,,,,,192050,,,,,,,,,,,,,,,,,,
front_end,,True,kiss_icp_odometry,,,,,,,,,,,,,,,,,,,,,192101,,,,,,,,,,,,,,,,,,
front_end,,True,kiss_icp_odometry,,,,,,,,,,,,,,,,,,,,,192139,,,,,,,,,,,,,,,,,,
front_end,,True,kiss_icp_odometry,,,,,,,,,,,,,,,,,,,,,192250,,,,,,,,,,,,,,,,,,
front_end,,True,kiss_icp_odometry,,,,,,,,,,,,,,,,,,,,,192342,,,,,,,,,,,,,,,,,,
front_end,,True,kiss_icp_odometry,,,,,,,,,,,,,,,,,,,,,192389,,,,,,,,,,,,,,,,,,
front_end,,True,kiss_icp_odometry,,,,,,,,,,,,,,,,,,,,,192599,,,,,,,,,,,,,,,,,,
front_end,,True,kiss_icp_odometry,,,,,,,,,,,,,,,,,,,,,192660,,,,,,,,,,,,,,,,,,
front_end,,True,kiss_icp_odometry,,,,,,,,,,,,,,,,,,,,,192744,,,,,,,,,,,,,,,,,,
front_end,,True,kiss_icp_odometry,,,,,,,,,,,,,,,,,,,,,192811,,,,,,,,,,,,,,,,,,
front_end,,True,kiss_icp_odometry,,,,,,,,,,,,,,,,,,,,,192895,,,,,,,,,,,,,,,,,,
front_end,,True,kiss_icp_odometry,,,,,,,,,,,,,,,,,,,,,192944,,,,,,,,,,,,,,,,,,
front_end,,True,kiss_icp_odometry,,,,,,,,,,,,,,,,,,,,,192969,,,,,,,,,,,,,,,,,,
front_end,,True,kiss_icp_odometry,,,,,,,,,,,,,,,,,,,,,192987,,,,,,,,,,,,,,,,,,
front_end,,True,kiss_icp_odometry,,,,,,,,,,,,,,,,,,,,,193009,,,,,,,,,,,,,,,,,,
front_end,,True,kiss_icp_odometry,,,,,,,,,,,,,,,,,,,,,193035,,,,,,,,,,,,,,,,,,
front_end,,True,kiss_icp_odometry,,,,,,,,,,,,,,,,,,,,,193060,,,,,,,,,,,,,,,,,,
front_end,,True,kiss_icp_odometry,,,,,,,,,,,,,,,,,,,,,193104,,,,,,,,,,,,,,,,,,
front_end,,True,kiss_icp_odometry,,,,,,,,,,,,,,,,,,,,,193139,,,,,,,,,,,,,,,,,,
front_end,,True,kiss_icp_odometry,,,,,,,,,,,,,,,,,,,,,193185,,,,,,,,,,,,,,,,,,
front_end,,True,kiss_icp_odometry,,,,,,,,,,,,,,,,,,,,,193215,,,,,,,,,,,,,,,,,,
optimized_backend,,,,,,,1028.7463260028744,,,,,,,,,,,,,,,,,,,,,,,,,,,,145,160,16,857.6238889945671,51.89769899880048,45.69875400920864,pose_graph,True
front_end,,True,kiss_icp_odometry,,,,,,,,,,,,,,,,,,,,,193238,,,,,,,,,,,,,,,,,,
front_end,,True,kiss_icp_odometry,,,,,,,,,,,,,,,,,,,,,193265,,,,,,,,,,,,,,,,,,
front_end,,True,kiss_icp_odometry,,,,,,,,,,,,,,,,,,,,,193295,,,,,,,,,,,,,,,,,,
front_end,,True,kiss_icp_odometry,,,,,,,,,,,,,,,,,,,,,193317,,,,,,,,,,,,,,,,,,
front_end,,True,kiss_icp_odometry,,,,,,,,,,,,,,,,,,,,,193339,,,,,,,,,,,,,,,,,,
front_end,,True,kiss_icp_odometry,,,,,,,,,,,,,,,,,,,,,193365,,,,,,,,,,,,,,,,,,
front_end,,True,kiss_icp_odometry,,,,,,,,,,,,,,,,,,,,,193393,,,,,,,,,,,,,,,,,,
front_end,,True,kiss_icp_odometry,,,,,,,,,,,,,,,,,,,,,193416,,,,,,,,,,,,,,,,,,
front_end,,True,kiss_icp_odometry,,,,,,,,,,,,,,,,,,,,,193446,,,,,,,,,,,,,,,,,,
front_end,,True,kiss_icp_odometry,,,,,,,,,,,,,,,,,,,,,193460,,,,,,,,,,,,,,,,,,
front_end,,True,kiss_icp_odometry,,,,,,,,,,,,,,,,,,,,,193470,,,,,,,,,,,,,,,,,,
front_end,,True,kiss_icp_odometry,,,,,,,,,,,,,,,,,,,,,193480,,,,,,,,,,,,,,,,,,
front_end,,True,kiss_icp_odometry,,,,,,,,,,,,,,,,,,,,,193494,,,,,,,,,,,,,,,,,,
front_end,,True,kiss_icp_odometry,,,,,,,,,,,,,,,,,,,,,193510,,,,,,,,,,,,,,,,,,
optimized_backend,,,,,,,64.71459699969273,,,,,,,,,,,,,,,,,,,,,,,,,,,,146,161,16,0.0035869888961315155,0.0,0.0,pose_graph,True
front_end,,True,kiss_icp_odometry,,,,,,,,,,,,,,,,,,,,,193533,,,,,,,,,,,,,,,,,,
front_end,,True,kiss_icp_odometry,,,,,,,,,,,,,,,,,,,,,193555,,,,,,,,,,,,,,,,,,
front_end,,True,kiss_icp_odometry,,,,,,,,,,,,,,,,,,,,,193577,,,,,,,,,,,,,,,,,,
front_end,,True,kiss_icp_odometry,,,,,,,,,,,,,,,,,,,,,193608,,,,,,,,,,,,,,,,,,
front_end,,True,kiss_icp_odometry,,,,,,,,,,,,,,,,,,,,,193639,,,,,,,,,,,,,,,,,,
optimized_backend,,,,,,,35.78221800853498,,,,,,,,,,,,,,,,,,,,,,,,,,,,147,162,16,0.002854998456314206,0.0,0.0,pose_graph,True
front_end,,True,kiss_icp_odometry,,,,,,,,,,,,,,,,,,,,,193684,,,,,,,,,,,,,,,,,,
front_end,,True,kiss_icp_odometry,,,,,,,,,,,,,,,,,,,,,193725,,,,,,,,,,,,,,,,,,
optimized_backend,,,,,,,54.7333899885416,,,,,,,,,,,,,,,,,,,,,,,,,,,,148,163,16,0.0024939945433288813,0.0,0.0,pose_graph,True
front_end,,True,kiss_icp_odometry,,,,,,,,,,,,,,,,,,,,,193757,,,,,,,,,,,,,,,,,,
front_end,,True,kiss_icp_odometry,,,,,,,,,,,,,,,,,,,,,193785,,,,,,,,,,,,,,,,,,
front_end,,True,kiss_icp_odometry,,,,,,,,,,,,,,,,,,,,,193816,,,,,,,,,,,,,,,,,,
optimized_backend,,,,,,,58.56327200308442,,,,,,,,,,,,,,,,,,,,,,,,,,,,149,164,16,0.003287001163698733,0.0,0.0,pose_graph,True
front_end,,True,kiss_icp_odometry,,,,,,,,,,,,,,,,,,,,,193848,,,,,,,,,,,,,,,,,,
front_end,,True,kiss_icp_odometry,,,,,,,,,,,,,,,,,,,,,193894,,,,,,,,,,,,,,,,,,
front_end,,True,kiss_icp_odometry,,,,,,,,,,,,,,,,,,,,,193935,,,,,,,,,,,,,,,,,,
optimized_backend,,,,,,,39.21809799794573,,,,,,,,,,,,,,,,,,,,,,,,,,,,150,165,16,0.0019239960238337517,0.0,0.0,pose_graph,True
front_end,,True,kiss_icp_odometry,,,,,,,,,,,,,,,,,,,,,193990,,,,,,,,,,,,,,,,,,
front_end,,True,kiss_icp_odometry,,,,,,,,,,,,,,,,,,,,,194080,,,,,,,,,,,,,,,,,,
front_end,,True,kiss_icp_odometry,,,,,,,,,,,,,,,,,,,,,194245,,,,,,,,,,,,,,,,,,
front_end,,True,kiss_icp_odometry,,,,,,,,,,,,,,,,,,,,,194346,,,,,,,,,,,,,,,,,,
front_end,,True,kiss_icp_odometry,,,,,,,,,,,,,,,,,,,,,194376,,,,,,,,,,,,,,,,,,
front_end,,True,kiss_icp_odometry,,,,,,,,,,,,,,,,,,,,,194410,,,,,,,,,,,,,,,,,,
front_end,,True,kiss_icp_odometry,,,,,,,,,,,,,,,,,,,,,194448,,,,,,,,,,,,,,,,,,
front_end,,True,kiss_icp_odometry,,,,,,,,,,,,,,,,,,,,,194496,,,,,,,,,,,,,,,,,,
front_end,,True,kiss_icp_odometry,,,,,,,,,,,,,,,,,,,,,194534,,,,,,,,,,,,,,,,,,
front_end,,True,kiss_icp_odometry,,,,,,,,,,,,,,,,,,,,,194567,,,,,,,,,,,,,,,,,,
front_end,,True,kiss_icp_odometry,,,,,,,,,,,,,,,,,,,,,194595,,,,,,,,,,,,,,,,,,
optimized_backend,,,,,,,973.5287910007173,,,,,,,,,,,,,,,,,,,,,,,,,,,,151,167,17,799.6028939960524,74.98954600305296,55.944658000953496,pose_graph,True
front_end,,True,kiss_icp_odometry,,,,,,,,,,,,,,,,,,,,,194640,,,,,,,,,,,,,,,,,,
optimized_backend,,,,,,,42.4183060094947,,,,,,,,,,,,,,,,,,,,,,,,,,,,152,168,17,0.002644999767653644,0.0,0.0,pose_graph,True
optimized_backend,,,,,,,21.96764398831874,,,,,,,,,,,,,,,,,,,,,,,,,,,,153,169,17,0.0029759976314380765,0.0,0.0,pose_graph,True
front_end,,True,kiss_icp_odometry,,,,,,,,,,,,,,,,,,,,,194672,,,,,,,,,,,,,,,,,,
optimized_backend,,,,,,,28.099012008169666,,,,,,,,,,,,,,,,,,,,,,,,,,,,154,170,17,0.0018029968487098813,0.0,0.0,pose_graph,True
front_end,,True,kiss_icp_odometry,,,,,,,,,,,,,,,,,,,,,194691,,,,,,,,,,,,,,,,,,
front_end,,True,kiss_icp_odometry,,,,,,,,,,,,,,,,,,,,,194704,,,,,,,,,,,,,,,,,,
front_end,,True,kiss_icp_odometry,,,,,,,,,,,,,,,,,,,,,194714,,,,,,,,,,,,,,,,,,
optimized_backend,,,,,,,28.168632998131216,,,,,,,,,,,,,,,,,,,,,,,,,,,,155,171,17,0.0030149967642500997,0.0,0.0,pose_graph,True
front_end,,True,kiss_icp_odometry,,,,,,,,,,,,,,,,,,,,,194728,,,,,,,,,,,,,,,,,,
front_end,,True,kiss_icp_odometry,,,,,,,,,,,,,,,,,,,,,194741,,,,,,,,,,,,,,,,,,
optimized_backend,,,,,,,39.504647997091524,,,,,,,,,,,,,,,,,,,,,,,,,,,,156,172,17,0.0021550076780840755,0.0,0.0,pose_graph,True
front_end,,True,kiss_icp_odometry,,,,,,,,,,,,,,,,,,,,,194770,,,,,,,,,,,,,,,,,,
front_end,,True,kiss_icp_odometry,,,,,,,,,,,,,,,,,,,,,194799,,,,,,,,,,,,,,,,,,
front_end,,True,kiss_icp_odometry,,,,,,,,,,,,,,,,,,,,,194827,,,,,,,,,,,,,,,,,,
front_end,,True,kiss_icp_odometry,,,,,,,,,,,,,,,,,,,,,194852,,,,,,,,,,,,,,,,,,
front_end,,True,kiss_icp_odometry,,,,,,,,,,,,,,,,,,,,,194876,,,,,,,,,,,,,,,,,,
front_end,,True,kiss_icp_odometry,,,,,,,,,,,,,,,,,,,,,194901,,,,,,,,,,,,,,,,,,
front_end,,True,kiss_icp_odometry,,,,,,,,,,,,,,,,,,,,,194923,,,,,,,,,,,,,,,,,,
front_end,,True,kiss_icp_odometry,,,,,,,,,,,,,,,,,,,,,194972,,,,,,,,,,,,,,,,,,
optimized_backend,,,,,,,793.4660739992978,,,,,,,,,,,,,,,,,,,,,,,,,,,,157,174,18,629.9549880059203,83.28784900368191,46.24899700866081,pose_graph,True
front_end,,True,kiss_icp_odometry,,,,,,,,,,,,,,,,,,,,,195000,,,,,,,,,,,,,,,,,,
optimized_backend,,,,,,,56.777963996864855,,,,,,,,,,,,,,,,,,,,,,,,,,,,158,175,18,0.003096007276326418,0.0,0.0,pose_graph,True
front_end,,True,kiss_icp_odometry,,,,,,,,,,,,,,,,,,,,,195036,,,,,,,,,,,,,,,,,,
optimized_backend,,,,,,,70.09500300046057,,,,,,,,,,,,,,,,,,,,,,,,,,,,159,176,18,0.0030759983928874135,0.0,0.0,pose_graph,True
optimized_backend,,,,,,,76.35511399712414,,,,,,,,,,,,,,,,,,,,,,,,,,,,160,177,18,0.0024249893613159657,0.0,0.0,pose_graph,True
front_end,,True,kiss_icp_odometry,,,,,,,,,,,,,,,,,,,,,195070,,,,,,,,,,,,,,,,,,
front_end,,True,kiss_icp_odometry,,,,,,,,,,,,,,,,,,,,,195103,,,,,,,,,,,,,,,,,,
optimized_backend,,,,,,,71.70662400312722,,,,,,,,,,,,,,,,,,,,,,,,,,,,161,178,18,0.0038769940147176385,0.0,43.546045999391936,pose_graph,True
front_end,,True,kiss_icp_odometry,,,,,,,,,,,,,,,,,,,,,195137,,,,,,,,,,,,,,,,,,
front_end,,True,kiss_icp_odometry,,,,,,,,,,,,,,,,,,,,,195165,,,,,,,,,,,,,,,,,,
front_end,,True,kiss_icp_odometry,,,,,,,,,,,,,,,,,,,,,195191,,,,,,,,,,,,,,,,,,
front_end,,True,kiss_icp_odometry,,,,,,,,,,,,,,,,,,,,,195227,,,,,,,,,,,,,,,,,,
front_end,,True,kiss_icp_odometry,,,,,,,,,,,,,,,,,,,,,195259,,,,,,,,,,,,,,,,,,
front_end,,True,kiss_icp_odometry,,,,,,,,,,,,,,,,,,,,,195288,,,,,,,,,,,,,,,,,,
front_end,,True,kiss_icp_odometry,,,,,,,,,,,,,,,,,,,,,195298,,,,,,,,,,,,,,,,,,
front_end,,True,kiss_icp_odometry,,,,,,,,,,,,,,,,,,,,,195317,,,,,,,,,,,,,,,,,,
front_end,,True,kiss_icp_odometry,,,,,,,,,,,,,,,,,,,,,195329,,,,,,,,,,,,,,,,,,
front_end,,True,kiss_icp_odometry,,,,,,,,,,,,,,,,,,,,,195345,,,,,,,,,,,,,,,,,,
optimized_backend,,,,,,,37.531186011619866,,,,,,,,,,,,,,,,,,,,,,,,,,,,162,179,18,0.0028260110411792994,0.0,0.0,pose_graph,True
front_end,,True,kiss_icp_odometry,,,,,,,,,,,,,,,,,,,,,195356,,,,,,,,,,,,,,,,,,
front_end,,True,kiss_icp_odometry,,,,,,,,,,,,,,,,,,,,,195373,,,,,,,,,,,,,,,,,,
front_end,,True,kiss_icp_odometry,,,,,,,,,,,,,,,,,,,,,195399,,,,,,,,,,,,,,,,,,
front_end,,True,kiss_icp_odometry,,,,,,,,,,,,,,,,,,,,,195422,,,,,,,,,,,,,,,,,,
front_end,,True,kiss_icp_odometry,,,,,,,,,,,,,,,,,,,,,195432,,,,,,,,,,,,,,,,,,
front_end,,True,kiss_icp_odometry,,,,,,,,,,,,,,,,,,,,,195449,,,,,,,,,,,,,,,,,,
front_end,,True,kiss_icp_odometry,,,,,,,,,,,,,,,,,,,,,195456,,,,,,,,,,,,,,,,,,
front_end,,True,kiss_icp_odometry,,,,,,,,,,,,,,,,,,,,,195470,,,,,,,,,,,,,,,,,,
front_end,,True,kiss_icp_odometry,,,,,,,,,,,,,,,,,,,,,195475,,,,,,,,,,,,,,,,,,
optimized_backend,,,,,,,788.0779409897514,,,,,,,,,,,,,,,,,,,,,,,,,,,,163,181,19,573.8521309976932,113.68983000284061,56.407637996017,pose_graph,True
front_end,,True,kiss_icp_odometry,,,,,,,,,,,,,,,,,,,,,195488,,,,,,,,,,,,,,,,,,
optimized_backend,,,,,,,63.60808698809706,,,,,,,,,,,,,,,,,,,,,,,,,,,,164,182,19,0.002335000317543745,0.0,0.0,pose_graph,True
front_end,,True,kiss_icp_odometry,,,,,,,,,,,,,,,,,,,,,195497,,,,,,,,,,,,,,,,,,
front_end,,True,kiss_icp_odometry,,,,,,,,,,,,,,,,,,,,,195501,,,,,,,,,,,,,,,,,,
front_end,,True,kiss_icp_odometry,,,,,,,,,,,,,,,,,,,,,195523,,,,,,,,,,,,,,,,,,
front_end,,True,kiss_icp_odometry,,,,,,,,,,,,,,,,,,,,,195549,,,,,,,,,,,,,,,,,,
front_end,,True,kiss_icp_odometry,,,,,,,,,,,,,,,,,,,,,195553,,,,,,,,,,,,,,,,,,
front_end,,True,kiss_icp_odometry,,,,,,,,,,,,,,,,,,,,,195590,,,,,,,,,,,,,,,,,,
optimized_backend,,,,,,,72.9706999991322,,,,,,,,,,,,,,,,,,,,,,,,,,,,165,183,19,0.0034959957702085376,0.0,0.0,pose_graph,True
front_end,,True,kiss_icp_odometry,,,,,,,,,,,,,,,,,,,,,195595,,,,,,,,,,,,,,,,,,
front_end,,True,kiss_icp_odometry,,,,,,,,,,,,,,,,,,,,,195611,,,,,,,,,,,,,,,,,,
front_end,,True,kiss_icp_odometry,,,,,,,,,,,,,,,,,,,,,195617,,,,,,,,,,,,,,,,,,
front_end,,True,kiss_icp_odometry,,,,,,,,,,,,,,,,,,,,,195626,,,,,,,,,,,,,,,,,,
front_end,,True,kiss_icp_odometry,,,,,,,,,,,,,,,,,,,,,195629,,,,,,,,,,,,,,,,,,
front_end,,True,kiss_icp_odometry,,,,,,,,,,,,,,,,,,,,,195633,,,,,,,,,,,,,,,,,,
front_end,,True,kiss_icp_odometry,,,,,,,,,,,,,,,,,,,,,195646,,,,,,,,,,,,,,,,,,
front_end,,True,kiss_icp_odometry,,,,,,,,,,,,,,,,,,,,,195649,,,,,,,,,,,,,,,,,,
front_end,,True,kiss_icp_odometry,,,,,,,,,,,,,,,,,,,,,195657,,,,,,,,,,,,,,,,,,
front_end,,True,kiss_icp_odometry,,,,,,,,,,,,,,,,,,,,,195673,,,,,,,,,,,,,,,,,,
front_end,,True,kiss_icp_odometry,,,,,,,,,,,,,,,,,,,,,195678,,,,,,,,,,,,,,,,,,
front_end,,True,kiss_icp_odometry,,,,,,,,,,,,,,,,,,,,,195694,,,,,,,,,,,,,,,,,,
front_end,,True,kiss_icp_odometry,,,,,,,,,,,,,,,,,,,,,195700,,,,,,,,,,,,,,,,,,
front_end,,True,kiss_icp_odometry,,,,,,,,,,,,,,,,,,,,,195710,,,,,,,,,,,,,,,,,,
front_end,,True,kiss_icp_odometry,,,,,,,,,,,,,,,,,,,,,195714,,,,,,,,,,,,,,,,,,
front_end,,True,kiss_icp_odometry,,,,,,,,,,,,,,,,,,,,,195724,,,,,,,,,,,,,,,,,,
front_end,,True,kiss_icp_odometry,,,,,,,,,,,,,,,,,,,,,195733,,,,,,,,,,,,,,,,,,
front_end,,True,kiss_icp_odometry,,,,,,,,,,,,,,,,,,,,,195739,,,,,,,,,,,,,,,,,,
front_end,,True,kiss_icp_odometry,,,,,,,,,,,,,,,,,,,,,195751,,,,,,,,,,,,,,,,,,
front_end,,True,kiss_icp_odometry,,,,,,,,,,,,,,,,,,,,,195774,,,,,,,,,,,,,,,,,,
front_end,,True,kiss_icp_odometry,,,,,,,,,,,,,,,,,,,,,195786,,,,,,,,,,,,,,,,,,
front_end,,True,kiss_icp_odometry,,,,,,,,,,,,,,,,,,,,,195807,,,,,,,,,,,,,,,,,,
front_end,,True,kiss_icp_odometry,,,,,,,,,,,,,,,,,,,,,195829,,,,,,,,,,,,,,,,,,
front_end,,True,kiss_icp_odometry,,,,,,,,,,,,,,,,,,,,,195850,,,,,,,,,,,,,,,,,,
front_end,,True,kiss_icp_odometry,,,,,,,,,,,,,,,,,,,,,195866,,,,,,,,,,,,,,,,,,
front_end,,True,kiss_icp_odometry,,,,,,,,,,,,,,,,,,,,,195888,,,,,,,,,,,,,,,,,,
front_end,,True,kiss_icp_odometry,,,,,,,,,,,,,,,,,,,,,195909,,,,,,,,,,,,,,,,,,
front_end,,True,kiss_icp_odometry,,,,,,,,,,,,,,,,,,,,,195923,,,,,,,,,,,,,,,,,,
front_end,,True,kiss_icp_odometry,,,,,,,,,,,,,,,,,,,,,195940,,,,,,,,,,,,,,,,,,
front_end,,True,kiss_icp_odometry,,,,,,,,,,,,,,,,,,,,,195955,,,,,,,,,,,,,,,,,,
front_end,,True,kiss_icp_odometry,,,,,,,,,,,,,,,,,,,,,195963,,,,,,,,,,,,,,,,,,
front_end,,True,kiss_icp_odometry,,,,,,,,,,,,,,,,,,,,,195971,,,,,,,,,,,,,,,,,,
front_end,,True,kiss_icp_odometry,,,,,,,,,,,,,,,,,,,,,195981,,,,,,,,,,,,,,,,,,
front_end,,True,kiss_icp_odometry,,,,,,,,,,,,,,,,,,,,,195986,,,,,,,,,,,,,,,,,,
front_end,,True,kiss_icp_odometry,,,,,,,,,,,,,,,,,,,,,195992,,,,,,,,,,,,,,,,,,
front_end,,True,kiss_icp_odometry,,,,,,,,,,,,,,,,,,,,,195998,,,,,,,,,,,,,,,,,,
front_end,,True,kiss_icp_odometry,,,,,,,,,,,,,,,,,,,,,196003,,,,,,,,,,,,,,,,,,
front_end,,True,kiss_icp_odometry,,,,,,,,,,,,,,,,,,,,,196003,,,,,,,,,,,,,,,,,,
front_end,,True,kiss_icp_odometry,,,,,,,,,,,,,,,,,,,,,196006,,,,,,,,,,,,,,,,,,
front_end,,True,kiss_icp_odometry,,,,,,,,,,,,,,,,,,,,,196011,,,,,,,,,,,,,,,,,,
front_end,,True,kiss_icp_odometry,,,,,,,,,,,,,,,,,,,,,196015,,,,,,,,,,,,,,,,,,
front_end,,True,kiss_icp_odometry,,,,,,,,,,,,,,,,,,,,,196015,,,,,,,,,,,,,,,,,,
front_end,,True,kiss_icp_odometry,,,,,,,,,,,,,,,,,,,,,196015,,,,,,,,,,,,,,,,,,
front_end,,True,kiss_icp_odometry,,,,,,,,,,,,,,,,,,,,,196018,,,,,,,,,,,,,,,,,,
front_end,,True,kiss_icp_odometry,,,,,,,,,,,,,,,,,,,,,196023,,,,,,,,,,,,,,,,,,
front_end,,True,kiss_icp_odometry,,,,,,,,,,,,,,,,,,,,,196028,,,,,,,,,,,,,,,,,,
front_end,,True,kiss_icp_odometry,,,,,,,,,,,,,,,,,,,,,196032,,,,,,,,,,,,,,,,,,
front_end,,True,kiss_icp_odometry,,,,,,,,,,,,,,,,,,,,,196035,,,,,,,,,,,,,,,,,,
front_end,,True,kiss_icp_odometry,,,,,,,,,,,,,,,,,,,,,196039,,,,,,,,,,,,,,,,,,
front_end,,True,kiss_icp_odometry,,,,,,,,,,,,,,,,,,,,,196042,,,,,,,,,,,,,,,,,,
front_end,,True,kiss_icp_odometry,,,,,,,,,,,,,,,,,,,,,196046,,,,,,,,,,,,,,,,,,
front_end,,True,kiss_icp_odometry,,,,,,,,,,,,,,,,,,,,,196055,,,,,,,,,,,,,,,,,,
front_end,,True,kiss_icp_odometry,,,,,,,,,,,,,,,,,,,,,196061,,,,,,,,,,,,,,,,,,
front_end,,True,kiss_icp_odometry,,,,,,,,,,,,,,,,,,,,,196070,,,,,,,,,,,,,,,,,,
front_end,,True,kiss_icp_odometry,,,,,,,,,,,,,,,,,,,,,196075,,,,,,,,,,,,,,,,,,
front_end,,True,kiss_icp_odometry,,,,,,,,,,,,,,,,,,,,,196084,,,,,,,,,,,,,,,,,,
front_end,,True,kiss_icp_odometry,,,,,,,,,,,,,,,,,,,,,196090,,,,,,,,,,,,,,,,,,
front_end,,True,kiss_icp_odometry,,,,,,,,,,,,,,,,,,,,,196098,,,,,,,,,,,,,,,,,,
front_end,,True,kiss_icp_odometry,,,,,,,,,,,,,,,,,,,,,196113,,,,,,,,,,,,,,,,,,
front_end,,True,kiss_icp_odometry,,,,,,,,,,,,,,,,,,,,,196119,,,,,,,,,,,,,,,,,,
front_end,,True,kiss_icp_odometry,,,,,,,,,,,,,,,,,,,,,196129,,,,,,,,,,,,,,,,,,
front_end,,True,kiss_icp_odometry,,,,,,,,,,,,,,,,,,,,,196136,,,,,,,,,,,,,,,,,,
optimized_backend,,,,,,,79.40954600053374,,,,,,,,,,,,,,,,,,,,,,,,,,,,166,184,19,0.0021029991330578923,0.0,0.0,pose_graph,True
front_end,,True,kiss_icp_odometry,,,,,,,,,,,,,,,,,,,,,196149,,,,,,,,,,,,,,,,,,
front_end,,True,kiss_icp_odometry,,,,,,,,,,,,,,,,,,,,,196161,,,,,,,,,,,,,,,,,,
front_end,,True,kiss_icp_odometry,,,,,,,,,,,,,,,,,,,,,196175,,,,,,,,,,,,,,,,,,
front_end,,True,kiss_icp_odometry,,,,,,,,,,,,,,,,,,,,,196184,,,,,,,,,,,,,,,,,,
front_end,,True,kiss_icp_odometry,,,,,,,,,,,,,,,,,,,,,196189,,,,,,,,,,,,,,,,,,
front_end,,True,kiss_icp_odometry,,,,,,,,,,,,,,,,,,,,,196200,,,,,,,,,,,,,,,,,,
front_end,,True,kiss_icp_odometry,,,,,,,,,,,,,,,,,,,,,196207,,,,,,,,,,,,,,,,,,
front_end,,True,kiss_icp_odometry,,,,,,,,,,,,,,,,,,,,,196219,,,,,,,,,,,,,,,,,,
front_end,,True,kiss_icp_odometry,,,,,,,,,,,,,,,,,,,,,196231,,,,,,,,,,,,,,,,,,
front_end,,True,kiss_icp_odometry,,,,,,,,,,,,,,,,,,,,,196242,,,,,,,,,,,,,,,,,,
front_end,,True,kiss_icp_odometry,,,,,,,,,,,,,,,,,,,,,196250,,,,,,,,,,,,,,,,,,
optimized_backend,,,,,,,49.52734100515954,,,,,,,,,,,,,,,,,,,,,,,,,,,,167,185,19,0.0032560055842623115,0.0,0.0,pose_graph,True
front_end,,True,kiss_icp_odometry,,,,,,,,,,,,,,,,,,,,,196256,,,,,,,,,,,,,,,,,,
front_end,,True,kiss_icp_odometry,,,,,,,,,,,,,,,,,,,,,196267,,,,,,,,,,,,,,,,,,
front_end,,True,kiss_icp_odometry,,,,,,,,,,,,,,,,,,,,,196278,,,,,,,,,,,,,,,,,,
front_end,,True,kiss_icp_odometry,,,,,,,,,,,,,,,,,,,,,196310,,,,,,,,,,,,,,,,,,
front_end,,True,kiss_icp_odometry,,,,,,,,,,,,,,,,,,,,,196325,,,,,,,,,,,,,,,,,,
front_end,,True,kiss_icp_odometry,,,,,,,,,,,,,,,,,,,,,196348,,,,,,,,,,,,,,,,,,
front_end,,True,kiss_icp_odometry,,,,,,,,,,,,,,,,,,,,,196378,,,,,,,,,,,,,,,,,,
front_end,,True,kiss_icp_odometry,,,,,,,,,,,,,,,,,,,,,196404,,,,,,,,,,,,,,,,,,
front_end,,True,kiss_icp_odometry,,,,,,,,,,,,,,,,,,,,,196446,,,,,,,,,,,,,,,,,,
front_end,,True,kiss_icp_odometry,,,,,,,,,,,,,,,,,,,,,196471,,,,,,,,,,,,,,,,,,
optimized_backend,,,,,,,25.75121700647287,,,,,,,,,,,,,,,,,,,,,,,,,,,,168,186,19,0.0021140003809705377,0.0,0.0,pose_graph,True
front_end,,True,kiss_icp_odometry,,,,,,,,,,,,,,,,,,,,,196502,,,,,,,,,,,,,,,,,,
front_end,,True,kiss_icp_odometry,,,,,,,,,,,,,,,,,,,,,196537,,,,,,,,,,,,,,,,,,
front_end,,True,kiss_icp_odometry,,,,,,,,,,,,,,,,,,,,,196567,,,,,,,,,,,,,,,,,,
front_end,,True,kiss_icp_odometry,,,,,,,,,,,,,,,,,,,,,196629,,,,,,,,,,,,,,,,,,
front_end,,True,kiss_icp_odometry,,,,,,,,,,,,,,,,,,,,,196654,,,,,,,,,,,,,,,,,,
front_end,,True,kiss_icp_odometry,,,,,,,,,,,,,,,,,,,,,196687,,,,,,,,,,,,,,,,,,
front_end,,True,kiss_icp_odometry,,,,,,,,,,,,,,,,,,,,,196720,,,,,,,,,,,,,,,,,,
front_end,,True,kiss_icp_odometry,,,,,,,,,,,,,,,,,,,,,196815,,,,,,,,,,,,,,,,,,
front_end,,True,kiss_icp_odometry,,,,,,,,,,,,,,,,,,,,,196870,,,,,,,,,,,,,,,,,,
front_end,,True,kiss_icp_odometry,,,,,,,,,,,,,,,,,,,,,196894,,,,,,,,,,,,,,,,,,
front_end,,True,kiss_icp_odometry,,,,,,,,,,,,,,,,,,,,,196931,,,,,,,,,,,,,,,,,,
front_end,,True,kiss_icp_odometry,,,,,,,,,,,,,,,,,,,,,196970,,,,,,,,,,,,,,,,,,
front_end,,True,kiss_icp_odometry,,,,,,,,,,,,,,,,,,,,,197064,,,,,,,,,,,,,,,,,,
front_end,,True,kiss_icp_odometry,,,,,,,,,,,,,,,,,,,,,197098,,,,,,,,,,,,,,,,,,
front_end,,True,kiss_icp_odometry,,,,,,,,,,,,,,,,,,,,,197132,,,,,,,,,,,,,,,,,,
front_end,,True,kiss_icp_odometry,,,,,,,,,,,,,,,,,,,,,197168,,,,,,,,,,,,,,,,,,
optimized_backend,,,,,,,768.2447510014754,,,,,,,,,,,,,,,,,,,,,,,,,,,,169,188,20,583.5389980056789,84.68461300071795,50.173415991594084,pose_graph,True
front_end,,True,kiss_icp_odometry,,,,,,,,,,,,,,,,,,,,,197254,,,,,,,,,,,,,,,,,,
front_end,,True,kiss_icp_odometry,,,,,,,,,,,,,,,,,,,,,197311,,,,,,,,,,,,,,,,,,
optimized_backend,,,,,,,44.65898699709214,,,,,,,,,,,,,,,,,,,,,,,,,,,,170,189,20,0.0019430008251219988,0.0,0.0,pose_graph,True
front_end,,True,kiss_icp_odometry,,,,,,,,,,,,,,,,,,,,,197337,,,,,,,,,,,,,,,,,,
front_end,,True,kiss_icp_odometry,,,,,,,,,,,,,,,,,,,,,197358,,,,,,,,,,,,,,,,,,
front_end,,True,kiss_icp_odometry,,,,,,,,,,,,,,,,,,,,,197407,,,,,,,,,,,,,,,,,,
front_end,,True,kiss_icp_odometry,,,,,,,,,,,,,,,,,,,,,197489,,,,,,,,,,,,,,,,,,
front_end,,True,kiss_icp_odometry,,,,,,,,,,,,,,,,,,,,,197535,,,,,,,,,,,,,,,,,,
front_end,,True,kiss_icp_odometry,,,,,,,,,,,,,,,,,,,,,197578,,,,,,,,,,,,,,,,,,
front_end,,True,kiss_icp_odometry,,,,,,,,,,,,,,,,,,,,,197608,,,,,,,,,,,,,,,,,,
front_end,,True,kiss_icp_odometry,,,,,,,,,,,,,,,,,,,,,197639,,,,,,,,,,,,,,,,,,
front_end,,True,kiss_icp_odometry,,,,,,,,,,,,,,,,,,,,,197704,,,,,,,,,,,,,,,,,,
front_end,,True,kiss_icp_odometry,,,,,,,,,,,,,,,,,,,,,197734,,,,,,,,,,,,,,,,,,
front_end,,True,kiss_icp_odometry,,,,,,,,,,,,,,,,,,,,,197767,,,,,,,,,,,,,,,,,,
optimized_backend,,,,,,,76.31469699845184,,,,,,,,,,,,,,,,,,,,,,,,,,,,171,190,20,0.003506997018121183,0.0,42.26821201154962,pose_graph,True
front_end,,True,kiss_icp_odometry,,,,,,,,,,,,,,,,,,,,,197794,,,,,,,,,,,,,,,,,,
front_end,,True,kiss_icp_odometry,,,,,,,,,,,,,,,,,,,,,197819,,,,,,,,,,,,,,,,,,
front_end,,True,kiss_icp_odometry,,,,,,,,,,,,,,,,,,,,,197880,,,,,,,,,,,,,,,,,,
front_end,,True,kiss_icp_odometry,,,,,,,,,,,,,,,,,,,,,197929,,,,,,,,,,,,,,,,,,
front_end,,True,kiss_icp_odometry,,,,,,,,,,,,,,,,,,,,,198040,,,,,,,,,,,,,,,,,,
front_end,,True,kiss_icp_odometry,,,,,,,,,,,,,,,,,,,,,198085,,,,,,,,,,,,,,,,,,
front_end,,True,kiss_icp_odometry,,,,,,,,,,,,,,,,,,,,,198133,,,,,,,,,,,,,,,,,,
front_end,,True,kiss_icp_odometry,,,,,,,,,,,,,,,,,,,,,198183,,,,,,,,,,,,,,,,,,
front_end,,True,kiss_icp_odometry,,,,,,,,,,,,,,,,,,,,,198226,,,,,,,,,,,,,,,,,,
front_end,,True,kiss_icp_odometry,,,,,,,,,,,,,,,,,,,,,198254,,,,,,,,,,,,,,,,,,
front_end,,True,kiss_icp_odometry,,,,,,,,,,,,,,,,,,,,,198288,,,,,,,,,,,,,,,,,,
front_end,,True,kiss_icp_odometry,,,,,,,,,,,,,,,,,,,,,198331,,,,,,,,,,,,,,,,,,
front_end,,True,kiss_icp_odometry,,,,,,,,,,,,,,,,,,,,,198355,,,,,,,,,,,,,,,,,,
front_end,,True,kiss_icp_odometry,,,,,,,,,,,,,,,,,,,,,198380,,,,,,,,,,,,,,,,,,
front_end,,True,kiss_icp_odometry,,,,,,,,,,,,,,,,,,,,,198391,,,,,,,,,,,,,,,,,,
optimized_backend,,,,,,,72.5301100028446,,,,,,,,,,,,,,,,,,,,,,,,,,,,172,191,20,0.0025140034267678857,0.0,0.0,pose_graph,True
front_end,,True,kiss_icp_odometry,,,,,,,,,,,,,,,,,,,,,198409,,,,,,,,,,,,,,,,,,
front_end,,True,kiss_icp_odometry,,,,,,,,,,,,,,,,,,,,,198427,,,,,,,,,,,,,,,,,,
front_end,,True,kiss_icp_odometry,,,,,,,,,,,,,,,,,,,,,198439,,,,,,,,,,,,,,,,,,
front_end,,True,kiss_icp_odometry,,,,,,,,,,,,,,,,,,,,,198455,,,,,,,,,,,,,,,,,,
front_end,,True,kiss_icp_odometry,,,,,,,,,,,,,,,,,,,,,198465,,,,,,,,,,,,,,,,,,
front_end,,True,kiss_icp_odometry,,,,,,,,,,,,,,,,,,,,,198470,,,,,,,,,,,,,,,,,,
front_end,,True,kiss_icp_odometry,,,,,,,,,,,,,,,,,,,,,198515,,,,,,,,,,,,,,,,,,
front_end,,True,kiss_icp_odometry,,,,,,,,,,,,,,,,,,,,,198526,,,,,,,,,,,,,,,,,,
front_end,,True,kiss_icp_odometry,,,,,,,,,,,,,,,,,,,,,198550,,,,,,,,,,,,,,,,,,
front_end,,True,kiss_icp_odometry,,,,,,,,,,,,,,,,,,,,,198562,,,,,,,,,,,,,,,,,,
front_end,,True,kiss_icp_odometry,,,,,,,,,,,,,,,,,,,,,198578,,,,,,,,,,,,,,,,,,
front_end,,True,kiss_icp_odometry,,,,,,,,,,,,,,,,,,,,,198594,,,,,,,,,,,,,,,,,,
front_end,,True,kiss_icp_odometry,,,,,,,,,,,,,,,,,,,,,198601,,,,,,,,,,,,,,,,,,
optimized_backend,,,,,,,57.15916999906767,,,,,,,,,,,,,,,,,,,,,,,,,,,,173,192,20,0.0041570019675418735,0.0,0.0,pose_graph,True
front_end,,True,kiss_icp_odometry,,,,,,,,,,,,,,,,,,,,,198628,,,,,,,,,,,,,,,,,,
front_end,,True,kiss_icp_odometry,,,,,,,,,,,,,,,,,,,,,198642,,,,,,,,,,,,,,,,,,
front_end,,True,kiss_icp_odometry,,,,,,,,,,,,,,,,,,,,,198650,,,,,,,,,,,,,,,,,,
optimized_backend,,,,,,,24.3171309994068,,,,,,,,,,,,,,,,,,,,,,,,,,,,174,193,20,0.002344997483305633,0.0,0.0,pose_graph,True
front_end,,True,kiss_icp_odometry,,,,,,,,,,,,,,,,,,,,,198666,,,,,,,,,,,,,,,,,,
front_end,,True,kiss_icp_odometry,,,,,,,,,,,,,,,,,,,,,198679,,,,,,,,,,,,,,,,,,
front_end,,True,kiss_icp_odometry,,,,,,,,,,,,,,,,,,,,,198704,,,,,,,,,,,,,,,,,,
front_end,,True,kiss_icp_odometry,,,,,,,,,,,,,,,,,,,,,198722,,,,,,,,,,,,,,,,,,
front_end,,True,kiss_icp_odometry,,,,,,,,,,,,,,,,,,,,,198746,,,,,,,,,,,,,,,,,,
front_end,,True,kiss_icp_odometry,,,,,,,,,,,,,,,,,,,,,198766,,,,,,,,,,,,,,,,,,
front_end,,True,kiss_icp_odometry,,,,,,,,,,,,,,,,,,,,,198802,,,,,,,,,,,,,,,,,,
front_end,,True,kiss_icp_odometry,,,,,,,,,,,,,,,,,,,,,198831,,,,,,,,,,,,,,,,,,
optimized_backend,,,,,,,673.3094000082929,,,,,,,,,,,,,,,,,,,,,,,,,,,,175,195,21,484.9418730009347,102.90703500504605,54.746604000683874,pose_graph,True
front_end,,True,kiss_icp_odometry,,,,,,,,,,,,,,,,,,,,,198847,,,,,,,,,,,,,,,,,,
optimized_backend,,,,,,,43.77392400056124,,,,,,,,,,,,,,,,,,,,,,,,,,,,176,196,21,0.002754997694864869,0.0,0.0,pose_graph,True
front_end,,True,kiss_icp_odometry,,,,,,,,,,,,,,,,,,,,,198879,,,,,,,,,,,,,,,,,,
optimized_backend,,,,,,,42.924085006234236,,,,,,,,,,,,,,,,,,,,,,,,,,,,177,197,21,0.0029360089683905244,0.0,0.0,pose_graph,True
front_end,,True,kiss_icp_odometry,,,,,,,,,,,,,,,,,,,,,198913,,,,,,,,,,,,,,,,,,
front_end,,True,kiss_icp_odometry,,,,,,,,,,,,,,,,,,,,,198949,,,,,,,,,,,,,,,,,,
optimized_backend,,,,,,,32.038538993219845,,,,,,,,,,,,,,,,,,,,,,,,,,,,178,198,21,0.00206301047001034,0.0,0.0,pose_graph,True
front_end,,True,kiss_icp_odometry,,,,,,,,,,,,,,,,,,,,,198998,,,,,,,,,,,,,,,,,,
front_end,,True,kiss_icp_odometry,,,,,,,,,,,,,,,,,,,,,199035,,,,,,,,,,,,,,,,,,
front_end,,True,kiss_icp_odometry,,,,,,,,,,,,,,,,,,,,,199070,,,,,,,,,,,,,,,,,,
front_end,,True,kiss_icp_odometry,,,,,,,,,,,,,,,,,,,,,199101,,,,,,,,,,,,,,,,,,
front_end,,True,kiss_icp_odometry,,,,,,,,,,,,,,,,,,,,,199143,,,,,,,,,,,,,,,,,,
optimized_backend,,,,,,,47.43755201343447,,,,,,,,,,,,,,,,,,,,,,,,,,,,179,199,21,0.002935994416475296,0.0,0.0,pose_graph,True
front_end,,True,kiss_icp_odometry,,,,,,,,,,,,,,,,,,,,,199181,,,,,,,,,,,,,,,,,,
front_end,,True,kiss_icp_odometry,,,,,,,,,,,,,,,,,,,,,199226,,,,,,,,,,,,,,,,,,
front_end,,True,kiss_icp_odometry,,,,,,,,,,,,,,,,,,,,,199269,,,,,,,,,,,,,,,,,,
front_end,,True,kiss_icp_odometry,,,,,,,,,,,,,,,,,,,,,199307,,,,,,,,,,,,,,,,,,
front_end,,True,kiss_icp_odometry,,,,,,,,,,,,,,,,,,,,,199353,,,,,,,,,,,,,,,,,,
front_end,,True,kiss_icp_odometry,,,,,,,,,,,,,,,,,,,,,199398,,,,,,,,,,,,,,,,,,
optimized_backend,,,,,,,50.697670987574384,,,,,,,,,,,,,,,,,,,,,,,,,,,,180,200,21,0.002344007953070104,0.0,0.0,pose_graph,True
front_end,,True,kiss_icp_odometry,,,,,,,,,,,,,,,,,,,,,199442,,,,,,,,,,,,,,,,,,
front_end,,True,kiss_icp_odometry,,,,,,,,,,,,,,,,,,,,,199486,,,,,,,,,,,,,,,,,,
front_end,,True,kiss_icp_odometry,,,,,,,,,,,,,,,,,,,,,199523,,,,,,,,,,,,,,,,,,
front_end,,True,kiss_icp_odometry,,,,,,,,,,,,,,,,,,,,,199578,,,,,,,,,,,,,,,,,,
front_end,,True,kiss_icp_odometry,,,,,,,,,,,,,,,,,,,,,199613,,,,,,,,,,,,,,,,,,
front_end,,True,kiss_icp_odometry,,,,,,,,,,,,,,,,,,,,,199653,,,,,,,,,,,,,,,,,,
front_end,,True,kiss_icp_odometry,,,,,,,,,,,,,,,,,,,,,199685,,,,,,,,,,,,,,,,,,
front_end,,True,kiss_icp_odometry,,,,,,,,,,,,,,,,,,,,,199753,,,,,,,,,,,,,,,,,,
front_end,,True,kiss_icp_odometry,,,,,,,,,,,,,,,,,,,,,199785,,,,,,,,,,,,,,,,,,
front_end,,True,kiss_icp_odometry,,,,,,,,,,,,,,,,,,,,,199815,,,,,,,,,,,,,,,,,,
front_end,,True,kiss_icp_odometry,,,,,,,,,,,,,,,,,,,,,199832,,,,,,,,,,,,,,,,,,
front_end,,True,kiss_icp_odometry,,,,,,,,,,,,,,,,,,,,,199851,,,,,,,,,,,,,,,,,,
front_end,,True,kiss_icp_odometry,,,,,,,,,,,,,,,,,,,,,199881,,,,,,,,,,,,,,,,,,
front_end,,True,kiss_icp_odometry,,,,,,,,,,,,,,,,,,,,,199905,,,,,,,,,,,,,,,,,,
front_end,,True,kiss_icp_odometry,,,,,,,,,,,,,,,,,,,,,199922,,,,,,,,,,,,,,,,,,
front_end,,True,kiss_icp_odometry,,,,,,,,,,,,,,,,,,,,,199951,,,,,,,,,,,,,,,,,,
front_end,,True,kiss_icp_odometry,,,,,,,,,,,,,,,,,,,,,199995,,,,,,,,,,,,,,,,,,
front_end,,True,kiss_icp_odometry,,,,,,,,,,,,,,,,,,,,,200036,,,,,,,,,,,,,,,,,,
front_end,,True,kiss_icp_odometry,,,,,,,,,,,,,,,,,,,,,200073,,,,,,,,,,,,,,,,,,
front_end,,True,kiss_icp_odometry,,,,,,,,,,,,,,,,,,,,,200116,,,,,,,,,,,,,,,,,,
front_end,,True,kiss_icp_odometry,,,,,,,,,,,,,,,,,,,,,200137,,,,,,,,,,,,,,,,,,
front_end,,True,kiss_icp_odometry,,,,,,,,,,,,,,,,,,,,,200152,,,,,,,,,,,,,,,,,,
front_end,,True,kiss_icp_odometry,,,,,,,,,,,,,,,,,,,,,200163,,,,,,,,,,,,,,,,,,
front_end,,True,kiss_icp_odometry,,,,,,,,,,,,,,,,,,,,,200199,,,,,,,,,,,,,,,,,,
front_end,,True,kiss_icp_odometry,,,,,,,,,,,,,,,,,,,,,200217,,,,,,,,,,,,,,,,,,
front_end,,True,kiss_icp_odometry,,,,,,,,,,,,,,,,,,,,,200221,,,,,,,,,,,,,,,,,,
front_end,,True,kiss_icp_odometry,,,,,,,,,,,,,,,,,,,,,200226,,,,,,,,,,,,,,,,,,
front_end,,True,kiss_icp_odometry,,,,,,,,,,,,,,,,,,,,,200239,,,,,,,,,,,,,,,,,,
front_end,,True,kiss_icp_odometry,,,,,,,,,,,,,,,,,,,,,200252,,,,,,,,,,,,,,,,,,
optimized_backend,,,,,,,715.0371730094776,,,,,,,,,,,,,,,,,,,,,,,,,,,,181,202,22,505.6870859989431,102.0767430018168,49.895333009772,pose_graph,True
front_end,,True,kiss_icp_odometry,,,,,,,,,,,,,,,,,,,,,200262,,,,,,,,,,,,,,,,,,
front_end,,True,kiss_icp_odometry,,,,,,,,,,,,,,,,,,,,,200266,,,,,,,,,,,,,,,,,,
front_end,,True,kiss_icp_odometry,,,,,,,,,,,,,,,,,,,,,200276,,,,,,,,,,,,,,,,,,
front_end,,True,kiss_icp_odometry,,,,,,,,,,,,,,,,,,,,,200282,,,,,,,,,,,,,,,,,,
front_end,,True,kiss_icp_odometry,,,,,,,,,,,,,,,,,,,,,200296,,,,,,,,,,,,,,,,,,
front_end,,True,kiss_icp_odometry,,,,,,,,,,,,,,,,,,,,,200314,,,,,,,,,,,,,,,,,,
front_end,,True,kiss_icp_odometry,,,,,,,,,,,,,,,,,,,,,200320,,,,,,,,,,,,,,,,,,
front_end,,True,kiss_icp_odometry,,,,,,,,,,,,,,,,,,,,,200328,,,,,,,,,,,,,,,,,,
front_end,,True,kiss_icp_odometry,,,,,,,,,,,,,,,,,,,,,200336,,,,,,,,,,,,,,,,,,
front_end,,True,kiss_icp_odometry,,,,,,,,,,,,,,,,,,,,,200339,,,,,,,,,,,,,,,,,,
front_end,,True,kiss_icp_odometry,,,,,,,,,,,,,,,,,,,,,200352,,,,,,,,,,,,,,,,,,
front_end,,True,kiss_icp_odometry,,,,,,,,,,,,,,,,,,,,,200363,,,,,,,,,,,,,,,,,,
front_end,,True,kiss_icp_odometry,,,,,,,,,,,,,,,,,,,,,200390,,,,,,,,,,,,,,,,,,
front_end,,True,kiss_icp_odometry,,,,,,,,,,,,,,,,,,,,,200390,,,,,,,,,,,,,,,,,,
front_end,,True,kiss_icp_odometry,,,,,,,,,,,,,,,,,,,,,200404,,,,,,,,,,,,,,,,,,
front_end,,True,kiss_icp_odometry,,,,,,,,,,,,,,,,,,,,,200409,,,,,,,,,,,,,,,,,,
front_end,,True,kiss_icp_odometry,,,,,,,,,,,,,,,,,,,,,200413,,,,,,,,,,,,,,,,,,
front_end,,True,kiss_icp_odometry,,,,,,,,,,,,,,,,,,,,,200437,,,,,,,,,,,,,,,,,,
front_end,,True,kiss_icp_odometry,,,,,,,,,,,,,,,,,,,,,200449,,,,,,,,,,,,,,,,,,
front_end,,True,kiss_icp_odometry,,,,,,,,,,,,,,,,,,,,,200465,,,,,,,,,,,,,,,,,,
front_end,,True,kiss_icp_odometry,,,,,,,,,,,,,,,,,,,,,200472,,,,,,,,,,,,,,,,,,
optimized_backend,,,,,,,51.42390700348187,,,,,,,,,,,,,,,,,,,,,,,,,,,,182,203,22,0.002925997250713408,0.0,0.0,pose_graph,True
front_end,,True,kiss_icp_odometry,,,,,,,,,,,,,,,,,,,,,200493,,,,,,,,,,,,,,,,,,
front_end,,True,kiss_icp_odometry,,,,,,,,,,,,,,,,,,,,,200502,,,,,,,,,,,,,,,,,,
front_end,,True,kiss_icp_odometry,,,,,,,,,,,,,,,,,,,,,200508,,,,,,,,,,,,,,,,,,
front_end,,True,kiss_icp_odometry,,,,,,,,,,,,,,,,,,,,,200517,,,,,,,,,,,,,,,,,,
front_end,,True,kiss_icp_odometry,,,,,,,,,,,,,,,,,,,,,200538,,,,,,,,,,,,,,,,,,
front_end,,True,kiss_icp_odometry,,,,,,,,,,,,,,,,,,,,,200559,,,,,,,,,,,,,,,,,,
front_end,,True,kiss_icp_odometry,,,,,,,,,,,,,,,,,,,,,200585,,,,,,,,,,,,,,,,,,
front_end,,True,kiss_icp_odometry,,,,,,,,,,,,,,,,,,,,,200608,,,,,,,,,,,,,,,,,,
front_end,,True,kiss_icp_odometry,,,,,,,,,,,,,,,,,,,,,200640,,,,,,,,,,,,,,,,,,
front_end,,True,kiss_icp_odometry,,,,,,,,,,,,,,,,,,,,,200663,,,,,,,,,,,,,,,,,,
front_end,,True,kiss_icp_odometry,,,,,,,,,,,,,,,,,,,,,200710,,,,,,,,,,,,,,,,,,
front_end,,True,kiss_icp_odometry,,,,,,,,,,,,,,,,,,,,,200765,,,,,,,,,,,,,,,,,,
front_end,,True,kiss_icp_odometry,,,,,,,,,,,,,,,,,,,,,200794,,,,,,,,,,,,,,,,,,
front_end,,True,kiss_icp_odometry,,,,,,,,,,,,,,,,,,,,,200813,,,,,,,,,,,,,,,,,,
front_end,,True,kiss_icp_odometry,,,,,,,,,,,,,,,,,,,,,200828,,,,,,,,,,,,,,,,,,
optimized_backend,,,,,,,52.89982100657653,,,,,,,,,,,,,,,,,,,,,,,,,,,,183,204,22,0.003516994183883071,0.0,0.0,pose_graph,True
front_end,,True,kiss_icp_odometry,,,,,,,,,,,,,,,,,,,,,200841,,,,,,,,,,,,,,,,,,
front_end,,True,kiss_icp_odometry,,,,,,,,,,,,,,,,,,,,,200866,,,,,,,,,,,,,,,,,,
front_end,,True,kiss_icp_odometry,,,,,,,,,,,,,,,,,,,,,200876,,,,,,,,,,,,,,,,,,
front_end,,True,kiss_icp_odometry,,,,,,,,,,,,,,,,,,,,,200883,,,,,,,,,,,,,,,,,,
front_end,,True,kiss_icp_odometry,,,,,,,,,,,,,,,,,,,,,200888,,,,,,,,,,,,,,,,,,
front_end,,True,kiss_icp_odometry,,,,,,,,,,,,,,,,,,,,,200891,,,,,,,,,,,,,,,,,,
front_end,,True,kiss_icp_odometry,,,,,,,,,,,,,,,,,,,,,200906,,,,,,,,,,,,,,,,,,
front_end,,True,kiss_icp_odometry,,,,,,,,,,,,,,,,,,,,,200928,,,,,,,,,,,,,,,,,,
front_end,,True,kiss_icp_odometry,,,,,,,,,,,,,,,,,,,,,200943,,,,,,,,,,,,,,,,,,
front_end,,True,kiss_icp_odometry,,,,,,,,,,,,,,,,,,,,,200966,,,,,,,,,,,,,,,,,,
front_end,,True,kiss_icp_odometry,,,,,,,,,,,,,,,,,,,,,200985,,,,,,,,,,,,,,,,,,
front_end,,True,kiss_icp_odometry,,,,,,,,,,,,,,,,,,,,,201021,,,,,,,,,,,,,,,,,,
optimized_backend,,,,,,,29.460781006491743,,,,,,,,,,,,,,,,,,,,,,,,,,,,184,205,22,0.00214400643017143,0.0,0.0,pose_graph,True
front_end,,True,kiss_icp_odometry,,,,,,,,,,,,,,,,,,,,,201053,,,,,,,,,,,,,,,,,,
front_end,,True,kiss_icp_odometry,,,,,,,,,,,,,,,,,,,,,201075,,,,,,,,,,,,,,,,,,
front_end,,True,kiss_icp_odometry,,,,,,,,,,,,,,,,,,,,,201086,,,,,,,,,,,,,,,,,,
front_end,,True,kiss_icp_odometry,,,,,,,,,,,,,,,,,,,,,201123,,,,,,,,,,,,,,,,,,
front_end,,True,kiss_icp_odometry,,,,,,,,,,,,,,,,,,,,,201153,,,,,,,,,,,,,,,,,,
front_end,,True,kiss_icp_odometry,,,,,,,,,,,,,,,,,,,,,201178,,,,,,,,,,,,,,,,,,
front_end,,True,kiss_icp_odometry,,,,,,,,,,,,,,,,,,,,,201208,,,,,,,,,,,,,,,,,,
front_end,,True,kiss_icp_odometry,,,,,,,,,,,,,,,,,,,,,201228,,,,,,,,,,,,,,,,,,
front_end,,True,kiss_icp_odometry,,,,,,,,,,,,,,,,,,,,,201251,,,,,,,,,,,,,,,,,,
optimized_backend,,,,,,,52.4785699963104,,,,,,,,,,,,,,,,,,,,,,,,,,,,185,206,22,0.0035270059015601873,0.0,0.0,pose_graph,True
front_end,,True,kiss_icp_odometry,,,,,,,,,,,,,,,,,,,,,201272,,,,,,,,,,,,,,,,,,
front_end,,True,kiss_icp_odometry,,,,,,,,,,,,,,,,,,,,,201272,,,,,,,,,,,,,,,,,,
front_end,,True,kiss_icp_odometry,,,,,,,,,,,,,,,,,,,,,201311,,,,,,,,,,,,,,,,,,
front_end,,True,kiss_icp_odometry,,,,,,,,,,,,,,,,,,,,,201329,,,,,,,,,,,,,,,,,,
front_end,,True,kiss_icp_odometry,,,,,,,,,,,,,,,,,,,,,201367,,,,,,,,,,,,,,,,,,
front_end,,True,kiss_icp_odometry,,,,,,,,,,,,,,,,,,,,,201387,,,,,,,,,,,,,,,,,,
front_end,,True,kiss_icp_odometry,,,,,,,,,,,,,,,,,,,,,201407,,,,,,,,,,,,,,,,,,
front_end,,True,kiss_icp_odometry,,,,,,,,,,,,,,,,,,,,,201416,,,,,,,,,,,,,,,,,,
front_end,,True,kiss_icp_odometry,,,,,,,,,,,,,,,,,,,,,201434,,,,,,,,,,,,,,,,,,
front_end,,True,kiss_icp_odometry,,,,,,,,,,,,,,,,,,,,,201467,,,,,,,,,,,,,,,,,,
optimized_backend,,,,,,,52.18617900391109,,,,,,,,,,,,,,,,,,,,,,,,,,,,186,207,22,0.0026950001483783126,0.0,0.0,pose_graph,True
front_end,,True,kiss_icp_odometry,,,,,,,,,,,,,,,,,,,,,201484,,,,,,,,,,,,,,,,,,
front_end,,True,kiss_icp_odometry,,,,,,,,,,,,,,,,,,,,,201499,,,,,,,,,,,,,,,,,,
front_end,,True,kiss_icp_odometry,,,,,,,,,,,,,,,,,,,,,201512,,,,,,,,,,,,,,,,,,
front_end,,True,kiss_icp_odometry,,,,,,,,,,,,,,,,,,,,,201522,,,,,,,,,,,,,,,,,,
front_end,,True,kiss_icp_odometry,,,,,,,,,,,,,,,,,,,,,201553,,,,,,,,,,,,,,,,,,
front_end,,True,kiss_icp_odometry,,,,,,,,,,,,,,,,,,,,,201568,,,,,,,,,,,,,,,,,,
front_end,,True,kiss_icp_odometry,,,,,,,,,,,,,,,,,,,,,201583,,,,,,,,,,,,,,,,,,
front_end,,True,kiss_icp_odometry,,,,,,,,,,,,,,,,,,,,,201590,,,,,,,,,,,,,,,,,,
front_end,,True,kiss_icp_odometry,,,,,,,,,,,,,,,,,,,,,201606,,,,,,,,,,,,,,,,,,
front_end,,True,kiss_icp_odometry,,,,,,,,,,,,,,,,,,,,,201632,,,,,,,,,,,,,,,,,,
front_end,,True,kiss_icp_odometry,,,,,,,,,,,,,,,,,,,,,201643,,,,,,,,,,,,,,,,,,
front_end,,True,kiss_icp_odometry,,,,,,,,,,,,,,,,,,,,,201651,,,,,,,,,,,,,,,,,,
front_end,,True,kiss_icp_odometry,,,,,,,,,,,,,,,,,,,,,201682,,,,,,,,,,,,,,,,,,
front_end,,True,kiss_icp_odometry,,,,,,,,,,,,,,,,,,,,,201695,,,,,,,,,,,,,,,,,,
front_end,,True,kiss_icp_odometry,,,,,,,,,,,,,,,,,,,,,201740,,,,,,,,,,,,,,,,,,
front_end,,True,kiss_icp_odometry,,,,,,,,,,,,,,,,,,,,,201757,,,,,,,,,,,,,,,,,,
front_end,,True,kiss_icp_odometry,,,,,,,,,,,,,,,,,,,,,201781,,,,,,,,,,,,,,,,,,
optimized_backend,,,,,,,710.359360993607,,,,,,,,,,,,,,,,,,,,,,,,,,,,187,209,23,470.57804999349173,142.67968300555367,47.56293600075878,pose_graph,True
front_end,,True,kiss_icp_odometry,,,,,,,,,,,,,,,,,,,,,201789,,,,,,,,,,,,,,,,,,
front_end,,True,kiss_icp_odometry,,,,,,,,,,,,,,,,,,,,,201823,,,,,,,,,,,,,,,,,,
front_end,,True,kiss_icp_odometry,,,,,,,,,,,,,,,,,,,,,201847,,,,,,,,,,,,,,,,,,
front_end,,True,kiss_icp_odometry,,,,,,,,,,,,,,,,,,,,,201875,,,,,,,,,,,,,,,,,,
front_end,,True,kiss_icp_odometry,,,,,,,,,,,,,,,,,,,,,201889,,,,,,,,,,,,,,,,,,
optimized_backend,,,,,,,53.14683500910178,,,,,,,,,,,,,,,,,,,,,,,,,,,,188,210,23,0.0019339931895956397,0.0,0.0,pose_graph,True
front_end,,True,kiss_icp_odometry,,,,,,,,,,,,,,,,,,,,,201909,,,,,,,,,,,,,,,,,,
front_end,,True,kiss_icp_odometry,,,,,,,,,,,,,,,,,,,,,201923,,,,,,,,,,,,,,,,,,
front_end,,True,kiss_icp_odometry,,,,,,,,,,,,,,,,,,,,,202003,,,,,,,,,,,,,,,,,,
front_end,,True,kiss_icp_odometry,,,,,,,,,,,,,,,,,,,,,202019,,,,,,,,,,,,,,,,,,
front_end,,True,kiss_icp_odometry,,,,,,,,,,,,,,,,,,,,,202045,,,,,,,,,,,,,,,,,,
front_end,,True,kiss_icp_odometry,,,,,,,,,,,,,,,,,,,,,202069,,,,,,,,,,,,,,,,,,
front_end,,True,kiss_icp_odometry,,,,,,,,,,,,,,,,,,,,,202079,,,,,,,,,,,,,,,,,,
front_end,,True,kiss_icp_odometry,,,,,,,,,,,,,,,,,,,,,202102,,,,,,,,,,,,,,,,,,
front_end,,True,kiss_icp_odometry,,,,,,,,,,,,,,,,,,,,,202117,,,,,,,,,,,,,,,,,,
front_end,,True,kiss_icp_odometry,,,,,,,,,,,,,,,,,,,,,202146,,,,,,,,,,,,,,,,,,
front_end,,True,kiss_icp_odometry,,,,,,,,,,,,,,,,,,,,,202163,,,,,,,,,,,,,,,,,,
front_end,,True,kiss_icp_odometry,,,,,,,,,,,,,,,,,,,,,202183,,,,,,,,,,,,,,,,,,
front_end,,True,kiss_icp_odometry,,,,,,,,,,,,,,,,,,,,,202204,,,,,,,,,,,,,,,,,,
optimized_backend,,,,,,,60.604868005611934,,,,,,,,,,,,,,,,,,,,,,,,,,,,189,211,23,0.003697001375257969,0.0,0.0,pose_graph,True
front_end,,True,kiss_icp_odometry,,,,,,,,,,,,,,,,,,,,,202223,,,,,,,,,,,,,,,,,,
front_end,,True,kiss_icp_odometry,,,,,,,,,,,,,,,,,,,,,202236,,,,,,,,,,,,,,,,,,
front_end,,True,kiss_icp_odometry,,,,,,,,,,,,,,,,,,,,,202251,,,,,,,,,,,,,,,,,,
front_end,,True,kiss_icp_odometry,,,,,,,,,,,,,,,,,,,,,202269,,,,,,,,,,,,,,,,,,
front_end,,True,kiss_icp_odometry,,,,,,,,,,,,,,,,,,,,,202286,,,,,,,,,,,,,,,,,,
front_end,,True,kiss_icp_odometry,,,,,,,,,,,,,,,,,,,,,202305,,,,,,,,,,,,,,,,,,
front_end,,True,kiss_icp_odometry,,,,,,,,,,,,,,,,,,,,,202330,,,,,,,,,,,,,,,,,,
front_end,,True,kiss_icp_odometry,,,,,,,,,,,,,,,,,,,,,202357,,,,,,,,,,,,,,,,,,
front_end,,True,kiss_icp_odometry,,,,,,,,,,,,,,,,,,,,,202370,,,,,,,,,,,,,,,,,,
front_end,,True,kiss_icp_odometry,,,,,,,,,,,,,,,,,,,,,202379,,,,,,,,,,,,,,,,,,
front_end,,True,kiss_icp_odometry,,,,,,,,,,,,,,,,,,,,,202396,,,,,,,,,,,,,,,,,,
front_end,,True,kiss_icp_odometry,,,,,,,,,,,,,,,,,,,,,202407,,,,,,,,,,,,,,,,,,
front_end,,True,kiss_icp_odometry,,,,,,,,,,,,,,,,,,,,,202412,,,,,,,,,,,,,,,,,,
front_end,,True,kiss_icp_odometry,,,,,,,,,,,,,,,,,,,,,202422,,,,,,,,,,,,,,,,,,
front_end,,True,kiss_icp_odometry,,,,,,,,,,,,,,,,,,,,,202431,,,,,,,,,,,,,,,,,,
front_end,,True,kiss_icp_odometry,,,,,,,,,,,,,,,,,,,,,202457,,,,,,,,,,,,,,,,,,
front_end,,True,kiss_icp_odometry,,,,,,,,,,,,,,,,,,,,,202464,,,,,,,,,,,,,,,,,,
front_end,,True,kiss_icp_odometry,,,,,,,,,,,,,,,,,,,,,202472,,,,,,,,,,,,,,,,,,
front_end,,True,kiss_icp_odometry,,,,,,,,,,,,,,,,,,,,,202475,,,,,,,,,,,,,,,,,,
front_end,,True,kiss_icp_odometry,,,,,,,,,,,,,,,,,,,,,202481,,,,,,,,,,,,,,,,,,
front_end,,True,kiss_icp_odometry,,,,,,,,,,,,,,,,,,,,,202484,,,,,,,,,,,,,,,,,,
front_end,,True,kiss_icp_odometry,,,,,,,,,,,,,,,,,,,,,202488,,,,,,,,,,,,,,,,,,
front_end,,True,kiss_icp_odometry,,,,,,,,,,,,,,,,,,,,,202490,,,,,,,,,,,,,,,,,,
front_end,,True,kiss_icp_odometry,,,,,,,,,,,,,,,,,,,,,202494,,,,,,,,,,,,,,,,,,
front_end,,True,kiss_icp_odometry,,,,,,,,,,,,,,,,,,,,,202499,,,,,,,,,,,,,,,,,,
front_end,,True,kiss_icp_odometry,,,,,,,,,,,,,,,,,,,,,202505,,,,,,,,,,,,,,,,,,
front_end,,True,kiss_icp_odometry,,,,,,,,,,,,,,,,,,,,,202509,,,,,,,,,,,,,,,,,,
front_end,,True,kiss_icp_odometry,,,,,,,,,,,,,,,,,,,,,202510,,,,,,,,,,,,,,,,,,
front_end,,True,kiss_icp_odometry,,,,,,,,,,,,,,,,,,,,,202512,,,,,,,,,,,,,,,,,,
front_end,,True,kiss_icp_odometry,,,,,,,,,,,,,,,,,,,,,202517,,,,,,,,,,,,,,,,,,
front_end,,True,kiss_icp_odometry,,,,,,,,,,,,,,,,,,,,,202520,,,,,,,,,,,,,,,,,,
front_end,,True,kiss_icp_odometry,,,,,,,,,,,,,,,,,,,,,202527,,,,,,,,,,,,,,,,,,
optimized_backend,,,,,,,35.63811599451583,,,,,,,,,,,,,,,,,,,,,,,,,,,,190,212,23,0.00441899464931339,0.0,0.0,pose_graph,True
front_end,,True,kiss_icp_odometry,,,,,,,,,,,,,,,,,,,,,202531,,,,,,,,,,,,,,,,,,
front_end,,True,kiss_icp_odometry,,,,,,,,,,,,,,,,,,,,,202532,,,,,,,,,,,,,,,,,,
front_end,,True,kiss_icp_odometry,,,,,,,,,,,,,,,,,,,,,202535,,,,,,,,,,,,,,,,,,
optimized_backend,,,,,,,77.91413100494538,,,,,,,,,,,,,,,,,,,,,,,,,,,,191,213,23,0.003296008799225092,0.0,39.38288700010162,pose_graph,True
front_end,,True,kiss_icp_odometry,,,,,,,,,,,,,,,,,,,,,202536,,,,,,,,,,,,,,,,,,
front_end,,True,kiss_icp_odometry,,,,,,,,,,,,,,,,,,,,,202538,,,,,,,,,,,,,,,,,,
optimized_backend,,,,,,,42.207698003039695,,,,,,,,,,,,,,,,,,,,,,,,,,,,192,214,23,0.00313599593937397,0.0,0.0,pose_graph,True
front_end,,True,kiss_icp_odometry,,,,,,,,,,,,,,,,,,,,,202541,,,,,,,,,,,,,,,,,,
front_end,,True,kiss_icp_odometry,,,,,,,,,,,,,,,,,,,,,202544,,,,,,,,,,,,,,,,,,
front_end,,True,kiss_icp_odometry,,,,,,,,,,,,,,,,,,,,,202545,,,,,,,,,,,,,,,,,,
front_end,,True,kiss_icp_odometry,,,,,,,,,,,,,,,,,,,,,202549,,,,,,,,,,,,,,,,,,
front_end,,True,kiss_icp_odometry,,,,,,,,,,,,,,,,,,,,,202550,,,,,,,,,,,,,,,,,,
front_end,,True,kiss_icp_odometry,,,,,,,,,,,,,,,,,,,,,202551,,,,,,,,,,,,,,,,,,
front_end,,True,kiss_icp_odometry,,,,,,,,,,,,,,,,,,,,,202561,,,,,,,,,,,,,,,,,,
front_end,,True,kiss_icp_odometry,,,,,,,,,,,,,,,,,,,,,202565,,,,,,,,,,,,,,,,,,
front_end,,True,kiss_icp_odometry,,,,,,,,,,,,,,,,,,,,,202569,,,,,,,,,,,,,,,,,,
front_end,,True,kiss_icp_odometry,,,,,,,,,,,,,,,,,,,,,202571,,,,,,,,,,,,,,,,,,
front_end,,True,kiss_icp_odometry,,,,,,,,,,,,,,,,,,,,,202573,,,,,,,,,,,,,,,,,,
optimized_backend,,,,,,,901.4532349974615,,,,,,,,,,,,,,,,,,,,,,,,,,,,193,216,24,721.7220599995926,87.22687099361792,55.96153700025752,pose_graph,True
front_end,,True,kiss_icp_odometry,,,,,,,,,,,,,,,,,,,,,202575,,,,,,,,,,,,,,,,,,
optimized_backend,,,,,,,35.367275995668024,,,,,,,,,,,,,,,,,,,,,,,,,,,,194,217,24,0.002684988430701196,0.0,0.0,pose_graph,True
optimized_backend,,,,,,,38.33734100044239,,,,,,,,,,,,,,,,,,,,,,,,,,,,195,218,24,0.0031859963200986385,0.0,0.0,pose_graph,True
front_end,,True,kiss_icp_odometry,,,,,,,,,,,,,,,,,,,,,202576,,,,,,,,,,,,,,,,,,
front_end,,True,kiss_icp_odometry,,,,,,,,,,,,,,,,,,,,,202576,,,,,,,,,,,,,,,,,,
front_end,,True,kiss_icp_odometry,,,,,,,,,,,,,,,,,,,,,202577,,,,,,,,,,,,,,,,,,
optimized_backend,,,,,,,31.957756000338122,,,,,,,,,,,,,,,,,,,,,,,,,,,,196,219,24,0.0023949978640303016,0.0,0.0,pose_graph,True
front_end,,True,kiss_icp_odometry,,,,,,,,,,,,,,,,,,,,,202580,,,,,,,,,,,,,,,,,,
front_end,,True,kiss_icp_odometry,,,,,,,,,,,,,,,,,,,,,202583,,,,,,,,,,,,,,,,,,
front_end,,True,kiss_icp_odometry,,,,,,,,,,,,,,,,,,,,,202583,,,,,,,,,,,,,,,,,,
front_end,,True,kiss_icp_odometry,,,,,,,,,,,,,,,,,,,,,202588,,,,,,,,,,,,,,,,,,
front_end,,True,kiss_icp_odometry,,,,,,,,,,,,,,,,,,,,,202588,,,,,,,,,,,,,,,,,,
front_end,,True,kiss_icp_odometry,,,,,,,,,,,,,,,,,,,,,202590,,,,,,,,,,,,,,,,,,
front_end,,True,kiss_icp_odometry,,,,,,,,,,,,,,,,,,,,,202593,,,,,,,,,,,,,,,,,,
front_end,,True,kiss_icp_odometry,,,,,,,,,,,,,,,,,,,,,202593,,,,,,,,,,,,,,,,,,
front_end,,True,kiss_icp_odometry,,,,,,,,,,,,,,,,,,,,,202594,,,,,,,,,,,,,,,,,,
front_end,,True,kiss_icp_odometry,,,,,,,,,,,,,,,,,,,,,202612,,,,,,,,,,,,,,,,,,
front_end,,True,kiss_icp_odometry,,,,,,,,,,,,,,,,,,,,,202619,,,,,,,,,,,,,,,,,,
front_end,,True,kiss_icp_odometry,,,,,,,,,,,,,,,,,,,,,202621,,,,,,,,,,,,,,,,,,
front_end,,True,kiss_icp_odometry,,,,,,,,,,,,,,,,,,,,,202622,,,,,,,,,,,,,,,,,,
front_end,,True,kiss_icp_odometry,,,,,,,,,,,,,,,,,,,,,202622,,,,,,,,,,,,,,,,,,
front_end,,True,kiss_icp_odometry,,,,,,,,,,,,,,,,,,,,,202623,,,,,,,,,,,,,,,,,,
front_end,,True,kiss_icp_odometry,,,,,,,,,,,,,,,,,,,,,202627,,,,,,,,,,,,,,,,,,
front_end,,True,kiss_icp_odometry,,,,,,,,,,,,,,,,,,,,,202629,,,,,,,,,,,,,,,,,,
front_end,,True,kiss_icp_odometry,,,,,,,,,,,,,,,,,,,,,202630,,,,,,,,,,,,,,,,,,
front_end,,True,kiss_icp_odometry,,,,,,,,,,,,,,,,,,,,,202645,,,,,,,,,,,,,,,,,,
front_end,,True,kiss_icp_odometry,,,,,,,,,,,,,,,,,,,,,202651,,,,,,,,,,,,,,,,,,
front_end,,True,kiss_icp_odometry,,,,,,,,,,,,,,,,,,,,,202666,,,,,,,,,,,,,,,,,,
front_end,,True,kiss_icp_odometry,,,,,,,,,,,,,,,,,,,,,202672,,,,,,,,,,,,,,,,,,
front_end,,True,kiss_icp_odometry,,,,,,,,,,,,,,,,,,,,,202675,,,,,,,,,,,,,,,,,,
front_end,,True,kiss_icp_odometry,,,,,,,,,,,,,,,,,,,,,202680,,,,,,,,,,,,,,,,,,
front_end,,True,kiss_icp_odometry,,,,,,,,,,,,,,,,,,,,,202687,,,,,,,,,,,,,,,,,,
front_end,,True,kiss_icp_odometry,,,,,,,,,,,,,,,,,,,,,202688,,,,,,,,,,,,,,,,,,
front_end,,True,kiss_icp_odometry,,,,,,,,,,,,,,,,,,,,,202689,,,,,,,,,,,,,,,,,,
front_end,,True,kiss_icp_odometry,,,,,,,,,,,,,,,,,,,,,202699,,,,,,,,,,,,,,,,,,
front_end,,True,kiss_icp_odometry,,,,,,,,,,,,,,,,,,,,,202707,,,,,,,,,,,,,,,,,,
front_end,,True,kiss_icp_odometry,,,,,,,,,,,,,,,,,,,,,202738,,,,,,,,,,,,,,,,,,
front_end,,True,kiss_icp_odometry,,,,,,,,,,,,,,,,,,,,,202751,,,,,,,,,,,,,,,,,,
front_end,,True,kiss_icp_odometry,,,,,,,,,,,,,,,,,,,,,202754,,,,,,,,,,,,,,,,,,
front_end,,True,kiss_icp_odometry,,,,,,,,,,,,,,,,,,,,,202759,,,,,,,,,,,,,,,,,,
front_end,,True,kiss_icp_odometry,,,,,,,,,,,,,,,,,,,,,202830,,,,,,,,,,,,,,,,,,
front_end,,True,kiss_icp_odometry,,,,,,,,,,,,,,,,,,,,,202838,,,,,,,,,,,,,,,,,,
optimized_backend,,,,,,,50.323155999649316,,,,,,,,,,,,,,,,,,,,,,,,,,,,197,220,24,0.00305499997921288,0.0,0.0,pose_graph,True
front_end,,True,kiss_icp_odometry,,,,,,,,,,,,,,,,,,,,,202843,,,,,,,,,,,,,,,,,,
front_end,,True,kiss_icp_odometry,,,,,,,,,,,,,,,,,,,,,202851,,,,,,,,,,,,,,,,,,
front_end,,True,kiss_icp_odometry,,,,,,,,,,,,,,,,,,,,,202857,,,,,,,,,,,,,,,,,,
front_end,,True,kiss_icp_odometry,,,,,,,,,,,,,,,,,,,,,202863,,,,,,,,,,,,,,,,,,
front_end,,True,kiss_icp_odometry,,,,,,,,,,,,,,,,,,,,,202869,,,,,,,,,,,,,,,,,,
front_end,,True,kiss_icp_odometry,,,,,,,,,,,,,,,,,,,,,202874,,,,,,,,,,,,,,,,,,
front_end,,True,kiss_icp_odometry,,,,,,,,,,,,,,,,,,,,,202880,,,,,,,,,,,,,,,,,,
front_end,,True,kiss_icp_odometry,,,,,,,,,,,,,,,,,,,,,202914,,,,,,,,,,,,,,,,,,
front_end,,True,kiss_icp_odometry,,,,,,,,,,,,,,,,,,,,,203009,,,,,,,,,,,,,,,,,,
front_end,,True,kiss_icp_odometry,,,,,,,,,,,,,,,,,,,,,203020,,,,,,,,,,,,,,,,,,
front_end,,True,kiss_icp_odometry,,,,,,,,,,,,,,,,,,,,,203027,,,,,,,,,,,,,,,,,,
optimized_backend,,,,,,,23.89867299643811,,,,,,,,,,,,,,,,,,,,,,,,,,,,198,221,24,0.0023539905669167638,0.0,0.0,pose_graph,True
front_end,,True,kiss_icp_odometry,,,,,,,,,,,,,,,,,,,,,203044,,,,,,,,,,,,,,,,,,
front_end,,True,kiss_icp_odometry,,,,,,,,,,,,,,,,,,,,,203048,,,,,,,,,,,,,,,,,,
front_end,,True,kiss_icp_odometry,,,,,,,,,,,,,,,,,,,,,203052,,,,,,,,,,,,,,,,,,
front_end,,True,kiss_icp_odometry,,,,,,,,,,,,,,,,,,,,,203063,,,,,,,,,,,,,,,,,,
front_end,,True,kiss_icp_odometry,,,,,,,,,,,,,,,,,,,,,203074,,,,,,,,,,,,,,,,,,
front_end,,True,kiss_icp_odometry,,,,,,,,,,,,,,,,,,,,,203083,,,,,,,,,,,,,,,,,,
front_end,,True,kiss_icp_odometry,,,,,,,,,,,,,,,,,,,,,203089,,,,,,,,,,,,,,,,,,
front_end,,True,kiss_icp_odometry,,,,,,,,,,,,,,,,,,,,,203113,,,,,,,,,,,,,,,,,,
front_end,,True,kiss_icp_odometry,,,,,,,,,,,,,,,,,,,,,203138,,,,,,,,,,,,,,,,,,
front_end,,True,kiss_icp_odometry,,,,,,,,,,,,,,,,,,,,,203163,,,,,,,,,,,,,,,,,,
front_end,,True,kiss_icp_odometry,,,,,,,,,,,,,,,,,,,,,203195,,,,,,,,,,,,,,,,,,
front_end,,True,kiss_icp_odometry,,,,,,,,,,,,,,,,,,,,,203218,,,,,,,,,,,,,,,,,,
front_end,,True,kiss_icp_odometry,,,,,,,,,,,,,,,,,,,,,203250,,,,,,,,,,,,,,,,,,
front_end,,True,kiss_icp_odometry,,,,,,,,,,,,,,,,,,,,,203294,,,,,,,,,,,,,,,,,,
front_end,,True,kiss_icp_odometry,,,,,,,,,,,,,,,,,,,,,203325,,,,,,,,,,,,,,,,,,
front_end,,True,kiss_icp_odometry,,,,,,,,,,,,,,,,,,,,,203344,,,,,,,,,,,,,,,,,,
front_end,,True,kiss_icp_odometry,,,,,,,,,,,,,,,,,,,,,203369,,,,,,,,,,,,,,,,,,
front_end,,True,kiss_icp_odometry,,,,,,,,,,,,,,,,,,,,,203387,,,,,,,,,,,,,,,,,,
optimized_backend,,,,,,,729.0366980014369,,,,,,,,,,,,,,,,,,,,,,,,,,,,199,223,25,535.2554870041786,111.6841939947335,46.58147100417409,pose_graph,True
front_end,,True,kiss_icp_odometry,,,,,,,,,,,,,,,,,,,,,203410,,,,,,,,,,,,,,,,,,
front_end,,True,kiss_icp_odometry,,,,,,,,,,,,,,,,,,,,,203423,,,,,,,,,,,,,,,,,,
front_end,,True,kiss_icp_odometry,,,,,,,,,,,,,,,,,,,,,203432,,,,,,,,,,,,,,,,,,
optimized_backend,,,,,,,43.289581008139066,,,,,,,,,,,,,,,,,,,,,,,,,,,,200,224,25,0.0020539882825687528,0.0,0.0,pose_graph,True
front_end,,True,kiss_icp_odometry,,,,,,,,,,,,,,,,,,,,,203449,,,,,,,,,,,,,,,,,,
front_end,,True,kiss_icp_odometry,,,,,,,,,,,,,,,,,,,,,203457,,,,,,,,,,,,,,,,,,
front_end,,True,kiss_icp_odometry,,,,,,,,,,,,,,,,,,,,,203470,,,,,,,,,,,,,,,,,,
front_end,,True,kiss_icp_odometry,,,,,,,,,,,,,,,,,,,,,203480,,,,,,,,,,,,,,,,,,
front_end,,True,kiss_icp_odometry,,,,,,,,,,,,,,,,,,,,,203490,,,,,,,,,,,,,,,,,,
front_end,,True,kiss_icp_odometry,,,,,,,,,,,,,,,,,,,,,203496,,,,,,,,,,,,,,,,,,
front_end,,True,kiss_icp_odometry,,,,,,,,,,,,,,,,,,,,,203503,,,,,,,,,,,,,,,,,,
front_end,,True,kiss_icp_odometry,,,,,,,,,,,,,,,,,,,,,203506,,,,,,,,,,,,,,,,,,
front_end,,True,kiss_icp_odometry,,,,,,,,,,,,,,,,,,,,,203512,,,,,,,,,,,,,,,,,,
front_end,,True,kiss_icp_odometry,,,,,,,,,,,,,,,,,,,,,203515,,,,,,,,,,,,,,,,,,
front_end,,True,kiss_icp_odometry,,,,,,,,,,,,,,,,,,,,,203519,,,,,,,,,,,,,,,,,,
front_end,,True,kiss_icp_odometry,,,,,,,,,,,,,,,,,,,,,203519,,,,,,,,,,,,,,,,,,
front_end,,True,kiss_icp_odometry,,,,,,,,,,,,,,,,,,,,,203523,,,,,,,,,,,,,,,,,,
front_end,,True,kiss_icp_odometry,,,,,,,,,,,,,,,,,,,,,203525,,,,,,,,,,,,,,,,,,
front_end,,True,kiss_icp_odometry,,,,,,,,,,,,,,,,,,,,,203527,,,,,,,,,,,,,,,,,,
front_end,,True,kiss_icp_odometry,,,,,,,,,,,,,,,,,,,,,203528,,,,,,,,,,,,,,,,,,
front_end,,True,kiss_icp_odometry,,,,,,,,,,,,,,,,,,,,,203530,,,,,,,,,,,,,,,,,,
front_end,,True,kiss_icp_odometry,,,,,,,,,,,,,,,,,,,,,203538,,,,,,,,,,,,,,,,,,
front_end,,True,kiss_icp_odometry,,,,,,,,,,,,,,,,,,,,,203543,,,,,,,,,,,,,,,,,,
front_end,,True,kiss_icp_odometry,,,,,,,,,,,,,,,,,,,,,203549,,,,,,,,,,,,,,,,,,
front_end,,True,kiss_icp_odometry,,,,,,,,,,,,,,,,,,,,,203552,,,,,,,,,,,,,,,,,,
front_end,,True,kiss_icp_odometry,,,,,,,,,,,,,,,,,,,,,203558,,,,,,,,,,,,,,,,,,
front_end,,True,kiss_icp_odometry,,,,,,,,,,,,,,,,,,,,,203562,,,,,,,,,,,,,,,,,,
front_end,,True,kiss_icp_odometry,,,,,,,,,,,,,,,,,,,,,203565,,,,,,,,,,,,,,,,,,
front_end,,True,kiss_icp_odometry,,,,,,,,,,,,,,,,,,,,,203569,,,,,,,,,,,,,,,,,,
front_end,,True,kiss_icp_odometry,,,,,,,,,,,,,,,,,,,,,203576,,,,,,,,,,,,,,,,,,
optimized_backend,,,,,,,87.31963399623055,,,,,,,,,,,,,,,,,,,,,,,,,,,,201,225,25,0.003797002136707306,0.0,55.30108499806374,pose_graph,True
front_end,,True,kiss_icp_odometry,,,,,,,,,,,,,,,,,,,,,203579,,,,,,,,,,,,,,,,,,
front_end,,True,kiss_icp_odometry,,,,,,,,,,,,,,,,,,,,,203581,,,,,,,,,,,,,,,,,,
front_end,,True,kiss_icp_odometry,,,,,,,,,,,,,,,,,,,,,203586,,,,,,,,,,,,,,,,,,
front_end,,True,kiss_icp_odometry,,,,,,,,,,,,,,,,,,,,,203590,,,,,,,,,,,,,,,,,,
front_end,,True,kiss_icp_odometry,,,,,,,,,,,,,,,,,,,,,203593,,,,,,,,,,,,,,,,,,
front_end,,True,kiss_icp_odometry,,,,,,,,,,,,,,,,,,,,,203595,,,,,,,,,,,,,,,,,,
front_end,,True,kiss_icp_odometry,,,,,,,,,,,,,,,,,,,,,203603,,,,,,,,,,,,,,,,,,
front_end,,True,kiss_icp_odometry,,,,,,,,,,,,,,,,,,,,,203603,,,,,,,,,,,,,,,,,,
front_end,,True,kiss_icp_odometry,,,,,,,,,,,,,,,,,,,,,203609,,,,,,,,,,,,,,,,,,
front_end,,True,kiss_icp_odometry,,,,,,,,,,,,,,,,,,,,,203611,,,,,,,,,,,,,,,,,,
front_end,,True,kiss_icp_odometry,,,,,,,,,,,,,,,,,,,,,203618,,,,,,,,,,,,,,,,,,
front_end,,True,kiss_icp_odometry,,,,,,,,,,,,,,,,,,,,,203628,,,,,,,,,,,,,,,,,,
front_end,,True,kiss_icp_odometry,,,,,,,,,,,,,,,,,,,,,203630,,,,,,,,,,,,,,,,,,
front_end,,True,kiss_icp_odometry,,,,,,,,,,,,,,,,,,,,,203634,,,,,,,,,,,,,,,,,,
front_end,,True,kiss_icp_odometry,,,,,,,,,,,,,,,,,,,,,203643,,,,,,,,,,,,,,,,,,
front_end,,True,kiss_icp_odometry,,,,,,,,,,,,,,,,,,,,,203648,,,,,,,,,,,,,,,,,,
front_end,,True,kiss_icp_odometry,,,,,,,,,,,,,,,,,,,,,203650,,,,,,,,,,,,,,,,,,
front_end,,True,kiss_icp_odometry,,,,,,,,,,,,,,,,,,,,,203653,,,,,,,,,,,,,,,,,,
front_end,,True,kiss_icp_odometry,,,,,,,,,,,,,,,,,,,,,203657,,,,,,,,,,,,,,,,,,
front_end,,True,kiss_icp_odometry,,,,,,,,,,,,,,,,,,,,,203667,,,,,,,,,,,,,,,,,,
front_end,,True,kiss_icp_odometry,,,,,,,,,,,,,,,,,,,,,203669,,,,,,,,,,,,,,,,,,
front_end,,True,kiss_icp_odometry,,,,,,,,,,,,,,,,,,,,,203670,,,,,,,,,,,,,,,,,,
front_end,,True,kiss_icp_odometry,,,,,,,,,,,,,,,,,,,,,203676,,,,,,,,,,,,,,,,,,
front_end,,True,kiss_icp_odometry,,,,,,,,,,,,,,,,,,,,,203678,,,,,,,,,,,,,,,,,,
front_end,,True,kiss_icp_odometry,,,,,,,,,,,,,,,,,,,,,203683,,,,,,,,,,,,,,,,,,
front_end,,True,kiss_icp_odometry,,,,,,,,,,,,,,,,,,,,,203685,,,,,,,,,,,,,,,,,,
front_end,,True,kiss_icp_odometry,,,,,,,,,,,,,,,,,,,,,203705,,,,,,,,,,,,,,,,,,
front_end,,True,kiss_icp_odometry,,,,,,,,,,,,,,,,,,,,,203714,,,,,,,,,,,,,,,,,,
front_end,,True,kiss_icp_odometry,,,,,,,,,,,,,,,,,,,,,203729,,,,,,,,,,,,,,,,,,
front_end,,True,kiss_icp_odometry,,,,,,,,,,,,,,,,,,,,,203741,,,,,,,,,,,,,,,,,,
front_end,,True,kiss_icp_odometry,,,,,,,,,,,,,,,,,,,,,203749,,,,,,,,,,,,,,,,,,
front_end,,True,kiss_icp_odometry,,,,,,,,,,,,,,,,,,,,,203762,,,,,,,,,,,,,,,,,,
front_end,,True,kiss_icp_odometry,,,,,,,,,,,,,,,,,,,,,203846,,,,,,,,,,,,,,,,,,
front_end,,True,kiss_icp_odometry,,,,,,,,,,,,,,,,,,,,,203865,,,,,,,,,,,,,,,,,,
front_end,,True,kiss_icp_odometry,,,,,,,,,,,,,,,,,,,,,203877,,,,,,,,,,,,,,,,,,
front_end,,True,kiss_icp_odometry,,,,,,,,,,,,,,,,,,,,,203891,,,,,,,,,,,,,,,,,,
front_end,,True,kiss_icp_odometry,,,,,,,,,,,,,,,,,,,,,203913,,,,,,,,,,,,,,,,,,
optimized_backend,,,,,,,65.67644199822098,,,,,,,,,,,,,,,,,,,,,,,,,,,,202,226,25,0.003426001057960093,0.0,0.0,pose_graph,True
front_end,,True,kiss_icp_odometry,,,,,,,,,,,,,,,,,,,,,203921,,,,,,,,,,,,,,,,,,
front_end,,True,kiss_icp_odometry,,,,,,,,,,,,,,,,,,,,,203925,,,,,,,,,,,,,,,,,,
front_end,,True,kiss_icp_odometry,,,,,,,,,,,,,,,,,,,,,203927,,,,,,,,,,,,,,,,,,
front_end,,True,kiss_icp_odometry,,,,,,,,,,,,,,,,,,,,,203931,,,,,,,,,,,,,,,,,,
front_end,,True,kiss_icp_odometry,,,,,,,,,,,,,,,,,,,,,203935,,,,,,,,,,,,,,,,,,
front_end,,True,kiss_icp_odometry,,,,,,,,,,,,,,,,,,,,,203940,,,,,,,,,,,,,,,,,,
front_end,,True,kiss_icp_odometry,,,,,,,,,,,,,,,,,,,,,203942,,,,,,,,,,,,,,,,,,
front_end,,True,kiss_icp_odometry,,,,,,,,,,,,,,,,,,,,,203950,,,,,,,,,,,,,,,,,,
front_end,,True,kiss_icp_odometry,,,,,,,,,,,,,,,,,,,,,203953,,,,,,,,,,,,,,,,,,
front_end,,True,kiss_icp_odometry,,,,,,,,,,,,,,,,,,,,,203967,,,,,,,,,,,,,,,,,,
front_end,,True,kiss_icp_odometry,,,,,,,,,,,,,,,,,,,,,203987,,,,,,,,,,,,,,,,,,
front_end,,True,kiss_icp_odometry,,,,,,,,,,,,,,,,,,,,,203993,,,,,,,,,,,,,,,,,,
front_end,,True,kiss_icp_odometry,,,,,,,,,,,,,,,,,,,,,204000,,,,,,,,,,,,,,,,,,
front_end,,True,kiss_icp_odometry,,,,,,,,,,,,,,,,,,,,,204013,,,,,,,,,,,,,,,,,,
front_end,,True,kiss_icp_odometry,,,,,,,,,,,,,,,,,,,,,204030,,,,,,,,,,,,,,,,,,
front_end,,True,kiss_icp_odometry,,,,,,,,,,,,,,,,,,,,,204039,,,,,,,,,,,,,,,,,,
front_end,,True,kiss_icp_odometry,,,,,,,,,,,,,,,,,,,,,204052,,,,,,,,,,,,,,,,,,
front_end,,True,kiss_icp_odometry,,,,,,,,,,,,,,,,,,,,,204070,,,,,,,,,,,,,,,,,,
front_end,,True,kiss_icp_odometry,,,,,,,,,,,,,,,,,,,,,204075,,,,,,,,,,,,,,,,,,
front_end,,True,kiss_icp_odometry,,,,,,,,,,,,,,,,,,,,,204094,,,,,,,,,,,,,,,,,,
front_end,,True,kiss_icp_odometry,,,,,,,,,,,,,,,,,,,,,204110,,,,,,,,,,,,,,,,,,
front_end,,True,kiss_icp_odometry,,,,,,,,,,,,,,,,,,,,,204124,,,,,,,,,,,,,,,,,,
front_end,,True,kiss_icp_odometry,,,,,,,,,,,,,,,,,,,,,204126,,,,,,,,,,,,,,,,,,
optimized_backend,,,,,,,58.525868007563986,,,,,,,,,,,,,,,,,,,,,,,,,,,,203,227,25,0.002954999217763543,0.0,0.0,pose_graph,True
front_end,,True,kiss_icp_odometry,,,,,,,,,,,,,,,,,,,,,204146,,,,,,,,,,,,,,,,,,
front_end,,True,kiss_icp_odometry,,,,,,,,,,,,,,,,,,,,,204149,,,,,,,,,,,,,,,,,,
front_end,,True,kiss_icp_odometry,,,,,,,,,,,,,,,,,,,,,204163,,,,,,,,,,,,,,,,,,
front_end,,True,kiss_icp_odometry,,,,,,,,,,,,,,,,,,,,,204172,,,,,,,,,,,,,,,,,,
front_end,,True,kiss_icp_odometry,,,,,,,,,,,,,,,,,,,,,204176,,,,,,,,,,,,,,,,,,
optimized_backend,,,,,,,44.51691800204571,,,,,,,,,,,,,,,,,,,,,,,,,,,,204,228,25,0.0024949986254796386,0.0,0.0,pose_graph,True
front_end,,True,kiss_icp_odometry,,,,,,,,,,,,,,,,,,,,,204180,,,,,,,,,,,,,,,,,,
front_end,,True,kiss_icp_odometry,,,,,,,,,,,,,,,,,,,,,204184,,,,,,,,,,,,,,,,,,
front_end,,True,kiss_icp_odometry,,,,,,,,,,,,,,,,,,,,,204191,,,,,,,,,,,,,,,,,,
front_end,,True,kiss_icp_odometry,,,,,,,,,,,,,,,,,,,,,204199,,,,,,,,,,,,,,,,,,
front_end,,True,kiss_icp_odometry,,,,,,,,,,,,,,,,,,,,,204201,,,,,,,,,,,,,,,,,,
front_end,,True,kiss_icp_odometry,,,,,,,,,,,,,,,,,,,,,204203,,,,,,,,,,,,,,,,,,
front_end,,True,kiss_icp_odometry,,,,,,,,,,,,,,,,,,,,,204207,,,,,,,,,,,,,,,,,,
front_end,,True,kiss_icp_odometry,,,,,,,,,,,,,,,,,,,,,204212,,,,,,,,,,,,,,,,,,
front_end,,True,kiss_icp_odometry,,,,,,,,,,,,,,,,,,,,,204217,,,,,,,,,,,,,,,,,,
front_end,,True,kiss_icp_odometry,,,,,,,,,,,,,,,,,,,,,204219,,,,,,,,,,,,,,,,,,
optimized_backend,,,,,,,569.1793739970308,,,,,,,,,,,,,,,,,,,,,,,,,,,,205,230,26,365.1071269996464,102.14721300872043,56.78673800139222,pose_graph,True
front_end,,True,kiss_icp_odometry,,,,,,,,,,,,,,,,,,,,,204220,,,,,,,,,,,,,,,,,,
optimized_backend,,,,,,,56.22105399379507,,,,,,,,,,,,,,,,,,,,,,,,,,,,206,231,26,0.0025040062610059977,0.0,0.0,pose_graph,True
front_end,,True,kiss_icp_odometry,,,,,,,,,,,,,,,,,,,,,204226,,,,,,,,,,,,,,,,,,
optimized_backend,,,,,,,67.87305200123228,,,,,,,,,,,,,,,,,,,,,,,,,,,,207,232,26,0.0027149944799020886,0.0,0.0,pose_graph,True
front_end,,True,kiss_icp_odometry,,,,,,,,,,,,,,,,,,,,,204230,,,,,,,,,,,,,,,,,,
front_end,,True,kiss_icp_odometry,,,,,,,,,,,,,,,,,,,,,204233,,,,,,,,,,,,,,,,,,
optimized_backend,,,,,,,44.4577379967086,,,,,,,,,,,,,,,,,,,,,,,,,,,,208,233,26,0.0023040047381073236,0.0,0.0,pose_graph,True
front_end,,True,kiss_icp_odometry,,,,,,,,,,,,,,,,,,,,,204235,,,,,,,,,,,,,,,,,,
front_end,,True,kiss_icp_odometry,,,,,,,,,,,,,,,,,,,,,204239,,,,,,,,,,,,,,,,,,
front_end,,True,kiss_icp_odometry,,,,,,,,,,,,,,,,,,,,,204240,,,,,,,,,,,,,,,,,,
front_end,,True,kiss_icp_odometry,,,,,,,,,,,,,,,,,,,,,204248,,,,,,,,,,,,,,,,,,
optimized_backend,,,,,,,59.495560999494046,,,,,,,,,,,,,,,,,,,,,,,,,,,,209,234,26,0.003626992111094296,0.0,0.0,pose_graph,True
front_end,,True,kiss_icp_odometry,,,,,,,,,,,,,,,,,,,,,204252,,,,,,,,,,,,,,,,,,
front_end,,True,kiss_icp_odometry,,,,,,,,,,,,,,,,,,,,,204255,,,,,,,,,,,,,,,,,,
front_end,,True,kiss_icp_odometry,,,,,,,,,,,,,,,,,,,,,204258,,,,,,,,,,,,,,,,,,
optimized_backend,,,,,,,37.75740900891833,,,,,,,,,,,,,,,,,,,,,,,,,,,,210,235,26,0.0020330044208094478,0.0,0.0,pose_graph,True
front_end,,True,kiss_icp_odometry,,,,,,,,,,,,,,,,,,,,,204264,,,,,,,,,,,,,,,,,,
front_end,,True,kiss_icp_odometry,,,,,,,,,,,,,,,,,,,,,204270,,,,,,,,,,,,,,,,,,
front_end,,True,kiss_icp_odometry,,,,,,,,,,,,,,,,,,,,,204272,,,,,,,,,,,,,,,,,,
front_end,,True,kiss_icp_odometry,,,,,,,,,,,,,,,,,,,,,204276,,,,,,,,,,,,,,,,,,
front_end,,True,kiss_icp_odometry,,,,,,,,,,,,,,,,,,,,,204281,,,,,,,,,,,,,,,,,,
front_end,,True,kiss_icp_odometry,,,,,,,,,,,,,,,,,,,,,204284,,,,,,,,,,,,,,,,,,
front_end,,True,kiss_icp_odometry,,,,,,,,,,,,,,,,,,,,,204285,,,,,,,,,,,,,,,,,,
front_end,,True,kiss_icp_odometry,,,,,,,,,,,,,,,,,,,,,204296,,,,,,,,,,,,,,,,,,
front_end,,True,kiss_icp_odometry,,,,,,,,,,,,,,,,,,,,,204298,,,,,,,,,,,,,,,,,,
front_end,,True,kiss_icp_odometry,,,,,,,,,,,,,,,,,,,,,204299,,,,,,,,,,,,,,,,,,
optimized_backend,,,,,,,651.9800999958534,,,,,,,,,,,,,,,,,,,,,,,,,,,,211,237,27,417.2338420030428,133.91769499867223,56.36214900005143,pose_graph,True
front_end,,True,kiss_icp_odometry,,,,,,,,,,,,,,,,,,,,,204302,,,,,,,,,,,,,,,,,,
optimized_backend,,,,,,,67.20150899491273,,,,,,,,,,,,,,,,,,,,,,,,,,,,212,238,27,0.0027149944799020886,0.0,0.0,pose_graph,True
front_end,,True,kiss_icp_odometry,,,,,,,,,,,,,,,,,,,,,204306,,,,,,,,,,,,,,,,,,
front_end,,True,kiss_icp_odometry,,,,,,,,,,,,,,,,,,,,,204307,,,,,,,,,,,,,,,,,,
front_end,,True,kiss_icp_odometry,,,,,,,,,,,,,,,,,,,,,204308,,,,,,,,,,,,,,,,,,
optimized_backend,,,,,,,53.46839799312875,,,,,,,,,,,,,,,,,,,,,,,,,,,,213,239,27,0.0027460046112537384,0.0,0.0,pose_graph,True
front_end,,True,kiss_icp_odometry,,,,,,,,,,,,,,,,,,,,,204311,,,,,,,,,,,,,,,,,,
front_end,,True,kiss_icp_odometry,,,,,,,,,,,,,,,,,,,,,204311,,,,,,,,,,,,,,,,,,
front_end,,True,kiss_icp_odometry,,,,,,,,,,,,,,,,,,,,,204313,,,,,,,,,,,,,,,,,,
front_end,,True,kiss_icp_odometry,,,,,,,,,,,,,,,,,,,,,204315,,,,,,,,,,,,,,,,,,
front_end,,True,kiss_icp_odometry,,,,,,,,,,,,,,,,,,,,,204315,,,,,,,,,,,,,,,,,,
front_end,,True,kiss_icp_odometry,,,,,,,,,,,,,,,,,,,,,204318,,,,,,,,,,,,,,,,,,
front_end,,True,kiss_icp_odometry,,,,,,,,,,,,,,,,,,,,,204324,,,,,,,,,,,,,,,,,,
front_end,,True,kiss_icp_odometry,,,,,,,,,,,,,,,,,,,,,204326,,,,,,,,,,,,,,,,,,
front_end,,True,kiss_icp_odometry,,,,,,,,,,,,,,,,,,,,,204329,,,,,,,,,,,,,,,,,,
optimized_backend,,,,,,,25.241898008971475,,,,,,,,,,,,,,,,,,,,,,,,,,,,214,240,27,0.0017929996829479933,0.0,0.0,pose_graph,True
front_end,,True,kiss_icp_odometry,,,,,,,,,,,,,,,,,,,,,204331,,,,,,,,,,,,,,,,,,
front_end,,True,kiss_icp_odometry,,,,,,,,,,,,,,,,,,,,,204331,,,,,,,,,,,,,,,,,,
front_end,,True,kiss_icp_odometry,,,,,,,,,,,,,,,,,,,,,204332,,,,,,,,,,,,,,,,,,
front_end,,True,kiss_icp_odometry,,,,,,,,,,,,,,,,,,,,,204334,,,,,,,,,,,,,,,,,,
front_end,,True,kiss_icp_odometry,,,,,,,,,,,,,,,,,,,,,204335,,,,,,,,,,,,,,,,,,
front_end,,True,kiss_icp_odometry,,,,,,,,,,,,,,,,,,,,,204337,,,,,,,,,,,,,,,,,,
front_end,,True,kiss_icp_odometry,,,,,,,,,,,,,,,,,,,,,204342,,,,,,,,,,,,,,,,,,
front_end,,True,kiss_icp_odometry,,,,,,,,,,,,,,,,,,,,,204343,,,,,,,,,,,,,,,,,,
front_end,,True,kiss_icp_odometry,,,,,,,,,,,,,,,,,,,,,204346,,,,,,,,,,,,,,,,,,
front_end,,True,kiss_icp_odometry,,,,,,,,,,,,,,,,,,,,,204347,,,,,,,,,,,,,,,,,,
front_end,,True,kiss_icp_odometry,,,,,,,,,,,,,,,,,,,,,204350,,,,,,,,,,,,,,,,,,
front_end,,True,kiss_icp_odometry,,,,,,,,,,,,,,,,,,,,,204353,,,,,,,,,,,,,,,,,,
front_end,,True,kiss_icp_odometry,,,,,,,,,,,,,,,,,,,,,204354,,,,,,,,,,,,,,,,,,
front_end,,True,kiss_icp_odometry,,,,,,,,,,,,,,,,,,,,,204361,,,,,,,,,,,,,,,,,,
front_end,,True,kiss_icp_odometry,,,,,,,,,,,,,,,,,,,,,204362,,,,,,,,,,,,,,,,,,
front_end,,True,kiss_icp_odometry,,,,,,,,,,,,,,,,,,,,,204363,,,,,,,,,,,,,,,,,,
front_end,,True,kiss_icp_odometry,,,,,,,,,,,,,,,,,,,,,204365,,,,,,,,,,,,,,,,,,
front_end,,True,kiss_icp_odometry,,,,,,,,,,,,,,,,,,,,,204368,,,,,,,,,,,,,,,,,,
front_end,,True,kiss_icp_odometry,,,,,,,,,,,,,,,,,,,,,204368,,,,,,,,,,,,,,,,,,
front_end,,True,kiss_icp_odometry,,,,,,,,,,,,,,,,,,,,,204370,,,,,,,,,,,,,,,,,,
front_end,,True,kiss_icp_odometry,,,,,,,,,,,,,,,,,,,,,204379,,,,,,,,,,,,,,,,,,
front_end,,True,kiss_icp_odometry,,,,,,,,,,,,,,,,,,,,,204379,,,,,,,,,,,,,,,,,,
front_end,,True,kiss_icp_odometry,,,,,,,,,,,,,,,,,,,,,204390,,,,,,,,,,,,,,,,,,
front_end,,True,kiss_icp_odometry,,,,,,,,,,,,,,,,,,,,,204394,,,,,,,,,,,,,,,,,,
front_end,,True,kiss_icp_odometry,,,,,,,,,,,,,,,,,,,,,204397,,,,,,,,,,,,,,,,,,
front_end,,True,kiss_icp_odometry,,,,,,,,,,,,,,,,,,,,,204403,,,,,,,,,,,,,,,,,,
front_end,,True,kiss_icp_odometry,,,,,,,,,,,,,,,,,,,,,204412,,,,,,,,,,,,,,,,,,
front_end,,True,kiss_icp_odometry,,,,,,,,,,,,,,,,,,,,,204424,,,,,,,,,,,,,,,,,,
front_end,,True,kiss_icp_odometry,,,,,,,,,,,,,,,,,,,,,204430,,,,,,,,,,,,,,,,,,
front_end,,True,kiss_icp_odometry,,,,,,,,,,,,,,,,,,,,,204433,,,,,,,,,,,,,,,,,,
front_end,,True,kiss_icp_odometry,,,,,,,,,,,,,,,,,,,,,204444,,,,,,,,,,,,,,,,,,
front_end,,True,kiss_icp_odometry,,,,,,,,,,,,,,,,,,,,,204447,,,,,,,,,,,,,,,,,,
front_end,,True,kiss_icp_odometry,,,,,,,,,,,,,,,,,,,,,204448,,,,,,,,,,,,,,,,,,
front_end,,True,kiss_icp_odometry,,,,,,,,,,,,,,,,,,,,,204450,,,,,,,,,,,,,,,,,,
front_end,,True,kiss_icp_odometry,,,,,,,,,,,,,,,,,,,,,204456,,,,,,,,,,,,,,,,,,
front_end,,True,kiss_icp_odometry,,,,,,,,,,,,,,,,,,,,,204459,,,,,,,,,,,,,,,,,,
front_end,,True,kiss_icp_odometry,,,,,,,,,,,,,,,,,,,,,204461,,,,,,,,,,,,,,,,,,
optimized_backend,,,,,,,27.945241003180854,,,,,,,,,,,,,,,,,,,,,,,,,,,,215,241,27,0.003186010872013867,0.0,0.0,pose_graph,True
front_end,,True,kiss_icp_odometry,,,,,,,,,,,,,,,,,,,,,204465,,,,,,,,,,,,,,,,,,
front_end,,True,kiss_icp_odometry,,,,,,,,,,,,,,,,,,,,,204466,,,,,,,,,,,,,,,,,,
front_end,,True,kiss_icp_odometry,,,,,,,,,,,,,,,,,,,,,204468,,,,,,,,,,,,,,,,,,
front_end,,True,kiss_icp_odometry,,,,,,,,,,,,,,,,,,,,,204488,,,,,,,,,,,,,,,,,,
front_end,,True,kiss_icp_odometry,,,,,,,,,,,,,,,,,,,,,204495,,,,,,,,,,,,,,,,,,
front_end,,True,kiss_icp_odometry,,,,,,,,,,,,,,,,,,,,,204495,,,,,,,,,,,,,,,,,,
front_end,,True,kiss_icp_odometry,,,,,,,,,,,,,,,,,,,,,204501,,,,,,,,,,,,,,,,,,
front_end,,True,kiss_icp_odometry,,,,,,,,,,,,,,,,,,,,,204503,,,,,,,,,,,,,,,,,,
front_end,,True,kiss_icp_odometry,,,,,,,,,,,,,,,,,,,,,204506,,,,,,,,,,,,,,,,,,
front_end,,True,kiss_icp_odometry,,,,,,,,,,,,,,,,,,,,,204515,,,,,,,,,,,,,,,,,,
front_end,,True,kiss_icp_odometry,,,,,,,,,,,,,,,,,,,,,204517,,,,,,,,,,,,,,,,,,
front_end,,True,kiss_icp_odometry,,,,,,,,,,,,,,,,,,,,,204541,,,,,,,,,,,,,,,,,,
front_end,,True,kiss_icp_odometry,,,,,,,,,,,,,,,,,,,,,204543,,,,,,,,,,,,,,,,,,
front_end,,True,kiss_icp_odometry,,,,,,,,,,,,,,,,,,,,,204545,,,,,,,,,,,,,,,,,,
front_end,,True,kiss_icp_odometry,,,,,,,,,,,,,,,,,,,,,204547,,,,,,,,,,,,,,,,,,
front_end,,True,kiss_icp_odometry,,,,,,,,,,,,,,,,,,,,,204547,,,,,,,,,,,,,,,,,,
front_end,,True,kiss_icp_odometry,,,,,,,,,,,,,,,,,,,,,204547,,,,,,,,,,,,,,,,,,
front_end,,True,kiss_icp_odometry,,,,,,,,,,,,,,,,,,,,,204547,,,,,,,,,,,,,,,,,,
front_end,,True,kiss_icp_odometry,,,,,,,,,,,,,,,,,,,,,204549,,,,,,,,,,,,,,,,,,
front_end,,True,kiss_icp_odometry,,,,,,,,,,,,,,,,,,,,,204549,,,,,,,,,,,,,,,,,,
front_end,,True,kiss_icp_odometry,,,,,,,,,,,,,,,,,,,,,204550,,,,,,,,,,,,,,,,,,
front_end,,True,kiss_icp_odometry,,,,,,,,,,,,,,,,,,,,,204552,,,,,,,,,,,,,,,,,,
front_end,,True,kiss_icp_odometry,,,,,,,,,,,,,,,,,,,,,204555,,,,,,,,,,,,,,,,,,
front_end,,True,kiss_icp_odometry,,,,,,,,,,,,,,,,,,,,,204557,,,,,,,,,,,,,,,,,,
front_end,,True,kiss_icp_odometry,,,,,,,,,,,,,,,,,,,,,204559,,,,,,,,,,,,,,,,,,
front_end,,True,kiss_icp_odometry,,,,,,,,,,,,,,,,,,,,,204564,,,,,,,,,,,,,,,,,,
front_end,,True,kiss_icp_odometry,,,,,,,,,,,,,,,,,,,,,204565,,,,,,,,,,,,,,,,,,
front_end,,True,kiss_icp_odometry,,,,,,,,,,,,,,,,,,,,,204568,,,,,,,,,,,,,,,,,,
front_end,,True,kiss_icp_odometry,,,,,,,,,,,,,,,,,,,,,204572,,,,,,,,,,,,,,,,,,
front_end,,True,kiss_icp_odometry,,,,,,,,,,,,,,,,,,,,,204578,,,,,,,,,,,,,,,,,,
front_end,,True,kiss_icp_odometry,,,,,,,,,,,,,,,,,,,,,204583,,,,,,,,,,,,,,,,,,
front_end,,True,kiss_icp_odometry,,,,,,,,,,,,,,,,,,,,,204587,,,,,,,,,,,,,,,,,,
front_end,,True,kiss_icp_odometry,,,,,,,,,,,,,,,,,,,,,204592,,,,,,,,,,,,,,,,,,
front_end,,True,kiss_icp_odometry,,,,,,,,,,,,,,,,,,,,,204595,,,,,,,,,,,,,,,,,,
front_end,,True,kiss_icp_odometry,,,,,,,,,,,,,,,,,,,,,204597,,,,,,,,,,,,,,,,,,
front_end,,True,kiss_icp_odometry,,,,,,,,,,,,,,,,,,,,,204605,,,,,,,,,,,,,,,,,,
front_end,,True,kiss_icp_odometry,,,,,,,,,,,,,,,,,,,,,204612,,,,,,,,,,,,,,,,,,
front_end,,True,kiss_icp_odometry,,,,,,,,,,,,,,,,,,,,,204623,,,,,,,,,,,,,,,,,,
front_end,,True,kiss_icp_odometry,,,,,,,,,,,,,,,,,,,,,204631,,,,,,,,,,,,,,,,,,
front_end,,True,kiss_icp_odometry,,,,,,,,,,,,,,,,,,,,,204635,,,,,,,,,,,,,,,,,,
front_end,,True,kiss_icp_odometry,,,,,,,,,,,,,,,,,,,,,204643,,,,,,,,,,,,,,,,,,
front_end,,True,kiss_icp_odometry,,,,,,,,,,,,,,,,,,,,,204646,,,,,,,,,,,,,,,,,,
front_end,,True,kiss_icp_odometry,,,,,,,,,,,,,,,,,,,,,204651,,,,,,,,,,,,,,,,,,
front_end,,True,kiss_icp_odometry,,,,,,,,,,,,,,,,,,,,,204653,,,,,,,,,,,,,,,,,,
front_end,,True,kiss_icp_odometry,,,,,,,,,,,,,,,,,,,,,204656,,,,,,,,,,,,,,,,,,
front_end,,True,kiss_icp_odometry,,,,,,,,,,,,,,,,,,,,,204660,,,,,,,,,,,,,,,,,,
front_end,,True,kiss_icp_odometry,,,,,,,,,,,,,,,,,,,,,204663,,,,,,,,,,,,,,,,,,
front_end,,True,kiss_icp_odometry,,,,,,,,,,,,,,,,,,,,,204666,,,,,,,,,,,,,,,,,,
front_end,,True,kiss_icp_odometry,,,,,,,,,,,,,,,,,,,,,204667,,,,,,,,,,,,,,,,,,
front_end,,True,kiss_icp_odometry,,,,,,,,,,,,,,,,,,,,,204667,,,,,,,,,,,,,,,,,,
front_end,,True,kiss_icp_odometry,,,,,,,,,,,,,,,,,,,,,204669,,,,,,,,,,,,,,,,,,
front_end,,True,kiss_icp_odometry,,,,,,,,,,,,,,,,,,,,,204676,,,,,,,,,,,,,,,,,,
front_end,,True,kiss_icp_odometry,,,,,,,,,,,,,,,,,,,,,204676,,,,,,,,,,,,,,,,,,
front_end,,True,kiss_icp_odometry,,,,,,,,,,,,,,,,,,,,,204687,,,,,,,,,,,,,,,,,,
front_end,,True,kiss_icp_odometry,,,,,,,,,,,,,,,,,,,,,204695,,,,,,,,,,,,,,,,,,
front_end,,True,kiss_icp_odometry,,,,,,,,,,,,,,,,,,,,,204703,,,,,,,,,,,,,,,,,,
front_end,,True,kiss_icp_odometry,,,,,,,,,,,,,,,,,,,,,204715,,,,,,,,,,,,,,,,,,
front_end,,True,kiss_icp_odometry,,,,,,,,,,,,,,,,,,,,,204720,,,,,,,,,,,,,,,,,,
front_end,,True,kiss_icp_odometry,,,,,,,,,,,,,,,,,,,,,204733,,,,,,,,,,,,,,,,,,
front_end,,True,kiss_icp_odometry,,,,,,,,,,,,,,,,,,,,,204742,,,,,,,,,,,,,,,,,,
front_end,,True,kiss_icp_odometry,,,,,,,,,,,,,,,,,,,,,204745,,,,,,,,,,,,,,,,,,
front_end,,True,kiss_icp_odometry,,,,,,,,,,,,,,,,,,,,,204756,,,,,,,,,,,,,,,,,,
front_end,,True,kiss_icp_odometry,,,,,,,,,,,,,,,,,,,,,204763,,,,,,,,,,,,,,,,,,
front_end,,True,kiss_icp_odometry,,,,,,,,,,,,,,,,,,,,,204776,,,,,,,,,,,,,,,,,,
front_end,,True,kiss_icp_odometry,,,,,,,,,,,,,,,,,,,,,204798,,,,,,,,,,,,,,,,,,
front_end,,True,kiss_icp_odometry,,,,,,,,,,,,,,,,,,,,,204821,,,,,,,,,,,,,,,,,,
front_end,,True,kiss_icp_odometry,,,,,,,,,,,,,,,,,,,,,204829,,,,,,,,,,,,,,,,,,
front_end,,True,kiss_icp_odometry,,,,,,,,,,,,,,,,,,,,,204835,,,,,,,,,,,,,,,,,,
front_end,,True,kiss_icp_odometry,,,,,,,,,,,,,,,,,,,,,204839,,,,,,,,,,,,,,,,,,
front_end,,True,kiss_icp_odometry,,,,,,,,,,,,,,,,,,,,,204845,,,,,,,,,,,,,,,,,,
front_end,,True,kiss_icp_odometry,,,,,,,,,,,,,,,,,,,,,204848,,,,,,,,,,,,,,,,,,
front_end,,True,kiss_icp_odometry,,,,,,,,,,,,,,,,,,,,,204853,,,,,,,,,,,,,,,,,,
front_end,,True,kiss_icp_odometry,,,,,,,,,,,,,,,,,,,,,204859,,,,,,,,,,,,,,,,,,
front_end,,True,kiss_icp_odometry,,,,,,,,,,,,,,,,,,,,,204865,,,,,,,,,,,,,,,,,,
front_end,,True,kiss_icp_odometry,,,,,,,,,,,,,,,,,,,,,204869,,,,,,,,,,,,,,,,,,
front_end,,True,kiss_icp_odometry,,,,,,,,,,,,,,,,,,,,,204880,,,,,,,,,,,,,,,,,,
front_end,,True,kiss_icp_odometry,,,,,,,,,,,,,,,,,,,,,204882,,,,,,,,,,,,,,,,,,
front_end,,True,kiss_icp_odometry,,,,,,,,,,,,,,,,,,,,,204884,,,,,,,,,,,,,,,,,,
front_end,,True,kiss_icp_odometry,,,,,,,,,,,,,,,,,,,,,204885,,,,,,,,,,,,,,,,,,
front_end,,True,kiss_icp_odometry,,,,,,,,,,,,,,,,,,,,,204886,,,,,,,,,,,,,,,,,,
front_end,,True,kiss_icp_odometry,,,,,,,,,,,,,,,,,,,,,204887,,,,,,,,,,,,,,,,,,
front_end,,True,kiss_icp_odometry,,,,,,,,,,,,,,,,,,,,,204889,,,,,,,,,,,,,,,,,,
front_end,,True,kiss_icp_odometry,,,,,,,,,,,,,,,,,,,,,204890,,,,,,,,,,,,,,,,,,
front_end,,True,kiss_icp_odometry,,,,,,,,,,,,,,,,,,,,,204890,,,,,,,,,,,,,,,,,,
front_end,,True,kiss_icp_odometry,,,,,,,,,,,,,,,,,,,,,204893,,,,,,,,,,,,,,,,,,
front_end,,True,kiss_icp_odometry,,,,,,,,,,,,,,,,,,,,,204898,,,,,,,,,,,,,,,,,,
front_end,,True,kiss_icp_odometry,,,,,,,,,,,,,,,,,,,,,204898,,,,,,,,,,,,,,,,,,
front_end,,True,kiss_icp_odometry,,,,,,,,,,,,,,,,,,,,,204898,,,,,,,,,,,,,,,,,,
front_end,,True,kiss_icp_odometry,,,,,,,,,,,,,,,,,,,,,204899,,,,,,,,,,,,,,,,,,
front_end,,True,kiss_icp_odometry,,,,,,,,,,,,,,,,,,,,,204901,,,,,,,,,,,,,,,,,,
front_end,,True,kiss_icp_odometry,,,,,,,,,,,,,,,,,,,,,204903,,,,,,,,,,,,,,,,,,
front_end,,True,kiss_icp_odometry,,,,,,,,,,,,,,,,,,,,,204906,,,,,,,,,,,,,,,,,,
front_end,,True,kiss_icp_odometry,,,,,,,,,,,,,,,,,,,,,204907,,,,,,,,,,,,,,,,,,
front_end,,True,kiss_icp_odometry,,,,,,,,,,,,,,,,,,,,,204908,,,,,,,,,,,,,,,,,,
front_end,,True,kiss_icp_odometry,,,,,,,,,,,,,,,,,,,,,204908,,,,,,,,,,,,,,,,,,
front_end,,True,kiss_icp_odometry,,,,,,,,,,,,,,,,,,,,,204909,,,,,,,,,,,,,,,,,,
front_end,,True,kiss_icp_odometry,,,,,,,,,,,,,,,,,,,,,204910,,,,,,,,,,,,,,,,,,
front_end,,True,kiss_icp_odometry,,,,,,,,,,,,,,,,,,,,,204914,,,,,,,,,,,,,,,,,,
front_end,,True,kiss_icp_odometry,,,,,,,,,,,,,,,,,,,,,204916,,,,,,,,,,,,,,,,,,
front_end,,True,kiss_icp_odometry,,,,,,,,,,,,,,,,,,,,,204916,,,,,,,,,,,,,,,,,,
front_end,,True,kiss_icp_odometry,,,,,,,,,,,,,,,,,,,,,204918,,,,,,,,,,,,,,,,,,
front_end,,True,kiss_icp_odometry,,,,,,,,,,,,,,,,,,,,,204920,,,,,,,,,,,,,,,,,,
front_end,,True,kiss_icp_odometry,,,,,,,,,,,,,,,,,,,,,204921,,,,,,,,,,,,,,,,,,
front_end,,True,kiss_icp_odometry,,,,,,,,,,,,,,,,,,,,,204925,,,,,,,,,,,,,,,,,,
front_end,,True,kiss_icp_odometry,,,,,,,,,,,,,,,,,,,,,204925,,,,,,,,,,,,,,,,,,
front_end,,True,kiss_icp_odometry,,,,,,,,,,,,,,,,,,,,,204927,,,,,,,,,,,,,,,,,,
front_end,,True,kiss_icp_odometry,,,,,,,,,,,,,,,,,,,,,204928,,,,,,,,,,,,,,,,,,
front_end,,True,kiss_icp_odometry,,,,,,,,,,,,,,,,,,,,,204929,,,,,,,,,,,,,,,,,,
front_end,,True,kiss_icp_odometry,,,,,,,,,,,,,,,,,,,,,204930,,,,,,,,,,,,,,,,,,
front_end,,True,kiss_icp_odometry,,,,,,,,,,,,,,,,,,,,,204930,,,,,,,,,,,,,,,,,,
front_end,,True,kiss_icp_odometry,,,,,,,,,,,,,,,,,,,,,204931,,,,,,,,,,,,,,,,,,
front_end,,True,kiss_icp_odometry,,,,,,,,,,,,,,,,,,,,,204932,,,,,,,,,,,,,,,,,,
front_end,,True,kiss_icp_odometry,,,,,,,,,,,,,,,,,,,,,204932,,,,,,,,,,,,,,,,,,
front_end,,True,kiss_icp_odometry,,,,,,,,,,,,,,,,,,,,,204933,,,,,,,,,,,,,,,,,,
front_end,,True,kiss_icp_odometry,,,,,,,,,,,,,,,,,,,,,204933,,,,,,,,,,,,,,,,,,
front_end,,True,kiss_icp_odometry,,,,,,,,,,,,,,,,,,,,,204934,,,,,,,,,,,,,,,,,,
front_end,,True,kiss_icp_odometry,,,,,,,,,,,,,,,,,,,,,204935,,,,,,,,,,,,,,,,,,
front_end,,True,kiss_icp_odometry,,,,,,,,,,,,,,,,,,,,,204937,,,,,,,,,,,,,,,,,,
front_end,,True,kiss_icp_odometry,,,,,,,,,,,,,,,,,,,,,204939,,,,,,,,,,,,,,,,,,
front_end,,True,kiss_icp_odometry,,,,,,,,,,,,,,,,,,,,,204939,,,,,,,,,,,,,,,,,,
front_end,,True,kiss_icp_odometry,,,,,,,,,,,,,,,,,,,,,204941,,,,,,,,,,,,,,,,,,
front_end,,True,kiss_icp_odometry,,,,,,,,,,,,,,,,,,,,,204941,,,,,,,,,,,,,,,,,,
front_end,,True,kiss_icp_odometry,,,,,,,,,,,,,,,,,,,,,204941,,,,,,,,,,,,,,,,,,
front_end,,True,kiss_icp_odometry,,,,,,,,,,,,,,,,,,,,,204941,,,,,,,,,,,,,,,,,,
front_end,,True,kiss_icp_odometry,,,,,,,,,,,,,,,,,,,,,204942,,,,,,,,,,,,,,,,,,
front_end,,True,kiss_icp_odometry,,,,,,,,,,,,,,,,,,,,,204942,,,,,,,,,,,,,,,,,,
front_end,,True,kiss_icp_odometry,,,,,,,,,,,,,,,,,,,,,204942,,,,,,,,,,,,,,,,,,
front_end,,True,kiss_icp_odometry,,,,,,,,,,,,,,,,,,,,,204943,,,,,,,,,,,,,,,,,,
front_end,,True,kiss_icp_odometry,,,,,,,,,,,,,,,,,,,,,204943,,,,,,,,,,,,,,,,,,
front_end,,True,kiss_icp_odometry,,,,,,,,,,,,,,,,,,,,,204943,,,,,,,,,,,,,,,,,,
