status_source,stamp_s,accepted,reason,points,fitness,rmse,processing_ms,profile_preprocess_ms,profile_deskew_ms,profile_icp_ms,profile_icp_calls,estimated_dropped_scans,pending_lidar_queue_drops,preprocess_ms,icp_ms,primary_icp_ms,prediction_icp_ms,recovery_icp_ms,recovery_prepare_ms,mapping_ms,publish_ms,other_ms,icp_calls,scan_dt_sec,dropped_scans_estimated_last,dropped_scans_estimated_total,icp_target,keyframe_added,local_map_frames,local_map_points,consecutive_rejections,recovery_active,recovery_attempted,recovery_success,recovery_provisional,recovery_confirmed,recovery_confirmations,recovery_reason,recovery_seed_yaw_offset_deg,recovery_imu_error_deg,pose_graph_nodes,pose_graph_edges,loop_closures,loop_detection_ms,optimization_ms,map_publish_ms,backend,optimized
front_end,5451265.018332704,True,initial_frame,2686,,,4.9491160025354475,3.279278986155987,0.05940199480392039,0.0,0,0,0,,,,,,,,,,,,,,initial,True,1,2594,0,False,False,False,,,,inactive,,,,,,,,,,
optimized_backend,,,,,,,,,,,,,,,,,,,,,,,,,,,,,,,,,,,,,,,,,1,0,0,,,,pose_graph,False
front_end,5451265.118385856,True,icp_accepted,2763,0.9876945349258053,0.13753506813659352,7.985939999343827,2.7807129954453558,0.09684200631454587,4.363476997241378,1,0,0,,,,,,,,,,,,,,previous_cloud_bootstrap,False,1,2594,0,False,False,False,,,,inactive,,,,,,,,,,
front_end,5451265.21829904,True,icp_accepted,2598,0.9946112394149346,0.1137781311369392,14.927629992598668,10.604017996229231,7.581782003398985,3.324354998767376,1,0,0,,,,,,,,,,,,,,previous_cloud_bootstrap,False,1,2594,0,False,False,False,,,,inactive,,,,,,,,,,
front_end,5451265.317468832,True,icp_accepted,2531,0.9924930857368629,0.12597741121951936,14.368750009452924,10.340684006223455,7.063468015985563,3.151128999888897,1,0,0,,,,,,,,,,,,,,previous_cloud_bootstrap,False,1,2594,0,False,False,False,,,,inactive,,,,,,,,,,
front_end,5451265.41827424,True,icp_accepted,2601,0.9926951172625913,0.13228873148689171,12.61405399418436,9.092638996662572,6.355488003464416,1.797576987883076,1,0,0,,,,,,,,,,,,,,previous_cloud_bootstrap,True,2,3370,0,False,False,False,,,,inactive,,,,,,,,,,
front_end,5451265.517366112,True,icp_accepted,2627,0.9931480776551199,0.11438305445770441,14.006078999955207,11.099930008640513,8.2996400014963,2.089645015075803,1,0,0,,,,,,,,,,,,,,previous_cloud_bootstrap,False,2,3370,0,False,False,False,,,,inactive,,,,,,,,,,
front_end,5451265.617281216,True,icp_accepted,2606,0.9946277820414429,0.1170567893153435,9.893392998492345,7.101057999534532,4.9743030103854835,2.0551809866447,1,0,0,,,,,,,,,,,,,,previous_cloud_bootstrap,False,2,3370,0,False,False,False,,,,inactive,,,,,,,,,,
front_end,5451265.718354624,True,icp_accepted,2563,0.9933671478735856,0.11335705320686934,9.226180001860484,7.108773017534986,5.177554994588718,1.4366079994942993,1,0,0,,,,,,,,,,,,,,previous_cloud_bootstrap,False,2,3370,0,False,False,False,,,,inactive,,,,,,,,,,
front_end,5451265.818274176,True,icp_accepted,2605,0.9892514395393474,0.14248094034875905,10.701732011511922,7.783029024722055,5.549113993765786,2.326669986359775,1,0,0,,,,,,,,,,,,,,previous_cloud_bootstrap,False,2,3370,0,False,False,False,,,,inactive,,,,,,,,,,
front_end,5451265.918318272,True,icp_accepted,2684,0.9891952309985097,0.12824376699194934,10.31908398726955,6.607271003304049,4.634735989384353,1.8004020093940198,1,0,0,,,,,,,,,,,,,,previous_cloud_bootstrap,True,3,4160,0,False,False,False,,,,inactive,,,,,,,,,,
front_end,5451266.017480992,True,icp_accepted,2592,0.9988425925925926,0.10864901550337336,10.041482019005343,7.054031011648476,5.090202001156285,2.3743299825582653,1,0,0,,,,,,,,,,,,,,local_map_fast,False,3,4160,0,False,False,False,,,,inactive,,,,,,,,,,
front_end,5451266.118289408,True,icp_accepted,2607,0.9992328346758726,0.11942982326473232,10.555757995462045,6.8484339863061905,4.699396988144144,2.8325509920250624,1,0,0,,,,,,,,,,,,,,local_map_fast,False,3,4160,0,False,False,False,,,,inactive,,,,,,,,,,
front_end,5451266.218234848,True,icp_accepted,2585,0.9988394584139265,0.11779428381153405,11.399512994103134,8.004745992366225,5.3240009874571115,2.754254004685208,1,0,0,,,,,,,,,,,,,,local_map_fast,False,3,4160,0,False,False,False,,,,inactive,,,,,,,,,,
front_end,5451266.318287424,True,icp_accepted,2689,0.9981405727036073,0.11942234856507493,10.405445005744696,7.154638995416462,4.968212015228346,2.4338420189451426,1,0,0,,,,,,,,,,,,,,local_map_fast,False,3,4160,0,False,False,False,,,,inactive,,,,,,,,,,
front_end,5451266.418372064,True,icp_accepted,2622,0.9984744469870328,0.11827525699804717,11.213332996703684,7.222827000077814,5.273626011330634,2.320267987670377,1,0,0,,,,,,,,,,,,,,local_map_fast,True,4,4766,0,False,False,False,,,,inactive,,,,,,,,,,
front_end,5451266.518339072,True,icp_accepted,2457,1.0,0.10156792816246468,10.051110002677888,6.8219439999666065,4.883152985712513,2.618868980789557,1,0,0,,,,,,,,,,,,,,local_map_fast,False,4,4766,0,False,False,False,,,,inactive,,,,,,,,,,
front_end,5451266.61744336,True,icp_accepted,2474,0.9975747776879548,0.13217715523772472,9.86218499019742,6.404649990145117,4.468472994631156,2.8037459996994585,1,0,0,,,,,,,,,,,,,,local_map_fast,False,4,4766,0,False,False,False,,,,inactive,,,,,,,,,,
optimized_backend,,,,,,,,,,,,,,,,,,,,,,,,,,,,,,,,,,,,,,,,,2,1,0,,,,pose_graph,False
front_end,5451266.717215488,True,icp_accepted,2442,0.9995904995904996,0.1088219899310897,12.001453986158594,8.571451005991548,6.311366014415398,2.724207006394863,1,0,0,,,,,,,,,,,,,,local_map_fast,False,4,4766,0,False,False,False,,,,inactive,,,,,,,,,,
front_end,5451266.818338176,True,icp_accepted,2550,1.0,0.1080965964836439,12.205877981614321,8.206444996176288,5.467680981382728,3.106044983724132,1,0,0,,,,,,,,,,,,,,local_map_fast,False,4,4766,0,False,False,False,,,,inactive,,,,,,,,,,
front_end,5451266.917385152,True,icp_accepted,2462,1.0,0.10223129698351657,9.845853986917064,6.4302389801014215,4.511885024840012,2.567894000094384,1,0,0,,,,,,,,,,,,,,local_map_fast,False,4,4766,0,False,False,False,,,,inactive,,,,,,,,,,
front_end,5451267.018300128,True,icp_accepted,2522,1.0,0.11238121259033969,13.051215006271377,8.010015997570008,5.510221002623439,2.6256419951096177,1,0,0,,,,,,,,,,,,,,local_map_fast,True,5,5307,0,False,False,False,,,,inactive,,,,,,,,,,
front_end,5451267.118308672,True,icp_accepted,2502,0.9996003197442046,0.09283460294859197,9.340896009234712,6.40329800080508,4.455079004401341,2.175556990550831,1,0,0,,,,,,,,,,,,,,local_map_fast,False,5,5307,0,False,False,False,,,,inactive,,,,,,,,,,
front_end,5451267.217375968,True,icp_accepted,2488,0.9991961414790996,0.11321041738401377,10.188918997300789,7.3009240149986,5.113083985634148,2.1859660046175122,1,0,0,,,,,,,,,,,,,,local_map_fast,False,5,5307,0,False,False,False,,,,inactive,,,,,,,,,,
optimized_backend,,,,,,,,,,,,,,,,,,,,,,,,,,,,,,,,,,,,,,,,,3,2,0,,,,pose_graph,False
front_end,5451267.317338688,True,icp_accepted,2517,1.0,0.11123679464816806,10.19796499167569,6.962407991522923,4.746585997054353,2.642573992488906,1,0,0,,,,,,,,,,,,,,local_map_fast,False,5,5307,0,False,False,False,,,,inactive,,,,,,,,,,
front_end,5451267.418267488,True,icp_accepted,2524,1.0,0.10850075227993153,10.76982999802567,7.0480789872817695,4.859798005782068,2.733013010583818,1,0,0,,,,,,,,,,,,,,local_map_fast,False,5,5307,0,False,False,False,,,,inactive,,,,,,,,,,
front_end,5451267.51743808,True,icp_accepted,2611,0.9996170049789352,0.11307823837643717,11.11422700341791,7.62676598969847,5.231767019722611,2.8663940029218793,1,0,0,,,,,,,,,,,,,,local_map_fast,False,5,5307,0,False,False,False,,,,inactive,,,,,,,,,,
front_end,5451267.618306336,True,icp_accepted,2553,0.9996083039561301,0.12297848443988495,11.452602979261428,6.892386998515576,4.847665986744687,2.6502679975237697,1,0,0,,,,,,,,,,,,,,local_map_fast,True,6,5902,0,False,False,False,,,,inactive,,,,,,,,,,
front_end,5451267.71829296,True,icp_accepted,2635,0.9996204933586338,0.08578264464608305,11.279738013399765,7.161571993492544,5.292270012432709,3.509061993099749,1,0,0,,,,,,,,,,,,,,local_map_fast,False,6,5902,0,False,False,False,,,,inactive,,,,,,,,,,
front_end,5451267.818216224,True,icp_accepted,2525,1.0,0.0972823550852962,10.308764001820236,6.9158810074441135,4.9129080143757164,2.675094990991056,1,0,0,,,,,,,,,,,,,,local_map_fast,False,6,5902,0,False,False,False,,,,inactive,,,,,,,,,,
front_end,5451267.91832336,True,icp_accepted,2615,0.9980879541108987,0.11354159330263755,10.739043005742133,7.094316009897739,4.691171983722597,2.5502000062260777,1,0,0,,,,,,,,,,,,,,local_map_fast,False,6,5902,0,False,False,False,,,,inactive,,,,,,,,,,
front_end,5451268.018329504,True,icp_accepted,2531,1.0,0.10464294149827148,13.226704992121086,8.199672010960057,6.284645001869649,2.3838679771870375,1,0,0,,,,,,,,,,,,,,local_map_fast,True,7,6438,0,False,False,False,,,,inactive,,,,,,,,,,
front_end,5451268.117509888,True,icp_accepted,2462,1.0,0.08655799340951034,11.8073690100573,8.056734019191936,4.869545984547585,3.0044039885979146,1,0,0,,,,,,,,,,,,,,local_map_fast,False,7,6438,0,False,False,False,,,,inactive,,,,,,,,,,
front_end,5451268.218311072,True,icp_accepted,2496,1.0,0.09664685666102306,10.661848005838692,7.24414800060913,5.0033679872285575,2.5957760226447135,1,0,0,,,,,,,,,,,,,,local_map_fast,False,7,6438,0,False,False,False,,,,inactive,,,,,,,,,,
front_end,5451268.318208544,True,icp_accepted,2527,0.999208547685002,0.09612931215782322,10.155005002161488,7.3214029835071415,4.998989985324442,2.0702189940493554,1,0,0,,,,,,,,,,,,,,local_map_fast,False,7,6438,0,False,False,False,,,,inactive,,,,,,,,,,
front_end,5451268.41738992,True,icp_accepted,2534,0.9992107340173638,0.11273534355473214,11.41638497938402,7.215182995423675,4.948194022290409,3.3480489801149815,1,0,0,,,,,,,,,,,,,,local_map_fast,False,7,6438,0,False,False,False,,,,inactive,,,,,,,,,,
optimized_backend,,,,,,,,,,,,,,,,,,,,,,,,,,,,,,,,,,,,,,,,,4,3,0,,,,pose_graph,False
front_end,5451268.518312352,True,icp_accepted,2600,1.0,0.10876504064932976,11.763707007048652,6.953932985197753,4.968121997080743,2.6570310001261532,1,0,0,,,,,,,,,,,,,,local_map_fast,True,8,6936,0,False,False,False,,,,inactive,,,,,,,,,,
front_end,5451268.618215968,True,icp_accepted,2535,0.9996055226824457,0.08370066301364194,10.552291001658887,6.285075010964647,4.297623003367335,3.5133190103806555,1,0,0,,,,,,,,,,,,,,local_map_fast,False,8,6936,0,False,False,False,,,,inactive,,,,,,,,,,
front_end,5451268.717345088,True,icp_accepted,2394,1.0,0.09938024175199654,10.370400006650016,6.228139012819156,4.34734602458775,3.0126489873509854,1,0,0,,,,,,,,,,,,,,local_map_fast,False,8,6936,0,False,False,False,,,,inactive,,,,,,,,,,
front_end,5451268.818223104,True,icp_accepted,2405,0.9991683991683992,0.0962333234374686,10.166897001909092,6.577775988262147,4.640166007447988,2.900068007875234,1,0,0,,,,,,,,,,,,,,local_map_fast,False,8,6936,0,False,False,False,,,,inactive,,,,,,,,,,
front_end,5451268.91824144,True,icp_accepted,2491,1.0,0.0959763409100677,10.134136013220996,6.559611007105559,4.574182006763294,2.908743976149708,1,0,0,,,,,,,,,,,,,,local_map_fast,False,8,6936,0,False,False,False,,,,inactive,,,,,,,,,,
front_end,5451269.018186304,True,icp_accepted,2447,1.0,0.10051574559026638,11.130937986308709,7.545382977696136,5.418667977210134,2.8940670017618686,1,0,0,,,,,,,,,,,,,,local_map_fast,False,8,6936,0,False,False,False,,,,inactive,,,,,,,,,,
front_end,5451269.118309408,True,icp_accepted,2369,1.0,0.1067726792869553,12.311325001064688,6.960523984162137,4.950768983690068,3.1901430047582835,1,0,0,,,,,,,,,,,,,,local_map_fast,True,9,7314,0,False,False,False,,,,inactive,,,,,,,,,,
front_end,5451269.218251616,True,icp_accepted,2410,0.9991701244813278,0.0830098859472174,11.034327006200328,6.948973023099825,4.786870995303616,3.352838015416637,1,0,0,,,,,,,,,,,,,,local_map_fast,False,9,7314,0,False,False,False,,,,inactive,,,,,,,,,,
front_end,5451269.318377856,True,icp_accepted,2381,1.0,0.10729494119323493,11.21315301861614,7.385102013358846,5.017414019675925,2.972414018586278,1,0,0,,,,,,,,,,,,,,local_map_fast,False,9,7314,0,False,False,False,,,,inactive,,,,,,,,,,
front_end,5451269.41824528,True,icp_accepted,2425,1.0,0.09889041907439959,11.128604004625231,7.138679007766768,4.924871027469635,3.2085669809021056,1,0,0,,,,,,,,,,,,,,local_map_fast,False,9,7314,0,False,False,False,,,,inactive,,,,,,,,,,
front_end,5451269.5181848,True,icp_accepted,2462,1.0,0.09402070392911568,10.403902007965371,6.377057987265289,4.4111259921919554,3.317141003208235,1,0,0,,,,,,,,,,,,,,local_map_fast,False,9,7314,0,False,False,False,,,,inactive,,,,,,,,,,
optimized_backend,,,,,,,,,,,,,,,,,,,,,,,,,,,,,,,,,,,,,,,,,5,4,0,,,,pose_graph,False
front_end,5451269.61834496,True,icp_accepted,2382,0.9991603694374476,0.09796512689904623,17.98296900233254,10.760542005300522,8.048578980378807,4.002026980742812,1,0,0,,,,,,,,,,,,,,local_map_fast,True,10,7775,0,False,False,False,,,,inactive,,,,,,,,,,
front_end,5451269.718378048,True,icp_accepted,2342,1.0,0.07758946381778381,11.646627011941746,6.997123011387885,5.066657002316788,3.6877870152238756,1,0,0,,,,,,,,,,,,,,local_map_fast,False,10,7775,0,False,False,False,,,,inactive,,,,,,,,,,
front_end,5451269.818158176,True,icp_accepted,2298,1.0,0.08676545729875657,11.443795985542238,6.720673991367221,4.629516013665125,3.025582991540432,1,0,0,,,,,,,,,,,,,,local_map_fast,False,10,7775,0,False,False,False,,,,inactive,,,,,,,,,,
front_end,5451269.918331488,True,icp_accepted,2397,1.0,0.0871489541228246,11.100029980298132,6.949203001568094,4.968763008946553,3.3856699883472174,1,0,0,,,,,,,,,,,,,,local_map_fast,False,10,7775,0,False,False,False,,,,inactive,,,,,,,,,,
front_end,5451270.018214272,True,icp_accepted,2443,0.9967253376995497,0.11135429165831048,10.869917983654886,6.698432000121102,4.720726981759071,3.084013005718589,1,0,0,,,,,,,,,,,,,,local_map_fast,False,10,7775,0,False,False,False,,,,inactive,,,,,,,,,,
front_end,5451270.118143584,True,icp_accepted,2496,0.9979967948717948,0.12651311368147508,13.765907991910353,6.596670980798081,4.583889996865764,4.085022985236719,1,0,0,,,,,,,,,,,,,,local_map_fast,True,11,8319,0,False,False,False,,,,inactive,,,,,,,,,,
front_end,5451270.218367424,True,icp_accepted,2476,1.0,0.08133048629276136,12.709934002486989,6.714682996971533,4.551749996608123,4.331105999881402,1,0,0,,,,,,,,,,,,,,local_map_fast,False,11,8319,0,False,False,False,,,,inactive,,,,,,,,,,
front_end,5451270.418153696,True,icp_accepted,2467,1.0,0.09277136284602143,15.286513982573524,6.958040001336485,4.85913798911497,3.6931369977537543,1,1,0,,,,,,,,,,,,,,local_map_fast,True,12,8681,0,False,False,False,,,,inactive,,,,,,,,,,
optimized_backend,,,,,,,,,,,,,,,,,,,,,,,,,,,,,,,,,,,,,,,,,6,5,0,,,,pose_graph,False
front_end,5451270.518331168,True,icp_accepted,2541,0.9988193624557261,0.0884849983234908,12.887207005405799,7.66018801368773,5.585792008787394,4.307852010242641,1,1,0,,,,,,,,,,,,,,local_map_fast,False,12,8681,0,False,False,False,,,,inactive,,,,,,,,,,
front_end,5451270.618235392,True,icp_accepted,2560,1.0,0.10278872334290898,14.665186026832089,7.625924015883356,4.938325990224257,3.826397005468607,1,1,0,,,,,,,,,,,,,,local_map_fast,True,12,8280,0,False,False,False,,,,inactive,,,,,,,,,,
front_end,5451270.717287136,True,icp_accepted,2526,1.0,0.08334673307348552,10.707754001487046,6.211308005731553,4.154554015258327,3.4393700188957155,1,1,0,,,,,,,,,,,,,,local_map_fast,False,12,8280,0,False,False,False,,,,inactive,,,,,,,,,,
optimized_backend,,,,,,,,,,,,,,,,,,,,,,,,,,,,,,,,,,,,,,,,,7,6,0,,,,pose_graph,False
front_end,5451270.818376576,True,icp_accepted,2396,0.9995826377295493,0.11451624495728668,11.80600601946935,7.666440011234954,5.567618005443364,3.2704730110708624,1,1,0,,,,,,,,,,,,,,local_map_fast,False,12,8280,0,False,False,False,,,,inactive,,,,,,,,,,
front_end,5451270.918378688,True,icp_accepted,2478,0.9951573849878934,0.13021676180660696,12.296026019612327,6.442331010475755,4.502677998971194,3.2064930128399283,1,1,0,,,,,,,,,,,,,,local_map_fast,True,12,8331,0,False,False,False,,,,inactive,,,,,,,,,,
front_end,5451271.018333152,True,icp_accepted,2553,1.0,0.08019041600930418,12.04373300424777,7.597731979331002,5.172616016352549,3.456001984886825,1,1,0,,,,,,,,,,,,,,local_map_fast,False,12,8331,0,False,False,False,,,,inactive,,,,,,,,,,
front_end,5451271.118362944,True,icp_accepted,2533,0.9996052112120016,0.08947484236880307,12.2647279931698,6.960814993362874,4.718173004221171,4.30336402496323,1,1,0,,,,,,,,,,,,,,local_map_fast,False,12,8331,0,False,False,False,,,,inactive,,,,,,,,,,
front_end,5451271.217230464,True,icp_accepted,2506,1.0,0.0883403901995487,11.156475986354053,6.468669977039099,4.5558069832623005,3.8262569869402796,1,1,0,,,,,,,,,,,,,,local_map_fast,False,12,8331,0,False,False,False,,,,inactive,,,,,,,,,,
front_end,5451271.318108672,True,icp_accepted,2465,1.0,0.09135647876932562,12.323938979534432,6.021319975843653,3.9327070116996765,3.4264159912709147,1,1,0,,,,,,,,,,,,,,local_map_fast,True,12,8196,0,False,False,False,,,,inactive,,,,,,,,,,
front_end,5451271.413409664,True,icp_accepted,2533,1.0,0.07521473744783028,10.545810015173629,6.774916022550315,4.7152469924185425,2.697486983379349,1,1,0,,,,,,,,,,,,,,local_map_fast,False,12,8196,0,False,False,False,,,,inactive,,,,,,,,,,
optimized_backend,,,,,,,,,,,,,,,,,,,,,,,,,,,,,,,,,,,,,,,,,8,7,0,,,,pose_graph,False
front_end,5451271.518280192,True,icp_accepted,2501,1.0,0.08163408119427638,10.618616011925042,6.648498994763941,4.581296001560986,3.2460980000905693,1,1,0,,,,,,,,,,,,,,local_map_fast,False,12,8196,0,False,False,False,,,,inactive,,,,,,,,,,
front_end,5451271.618261984,True,icp_accepted,2573,1.0,0.09069405762325142,11.624325008597225,6.569901015609503,4.618745995685458,3.9695659943390638,1,1,0,,,,,,,,,,,,,,local_map_fast,False,12,8196,0,False,False,False,,,,inactive,,,,,,,,,,
front_end,5451271.718344864,True,icp_accepted,2501,1.0,0.10025420768770148,14.52445299946703,7.819457998266444,5.262824997771531,4.150306020164862,1,1,0,,,,,,,,,,,,,,local_map_fast,True,12,8138,0,False,False,False,,,,inactive,,,,,,,,,,
front_end,5451271.818223648,True,icp_accepted,2474,1.0,0.08023596199001516,11.59340699086897,6.573377992026508,4.552731988951564,3.9708089898340404,1,1,0,,,,,,,,,,,,,,local_map_fast,False,12,8138,0,False,False,False,,,,inactive,,,,,,,,,,
optimized_backend,,,,,,,,,,,,,,,,,,,,,,,,,,,,,,,,,,,,,,,,,9,8,0,,,,pose_graph,False
front_end,5451271.918162976,True,icp_accepted,2439,0.999589995899959,0.09176210432531466,13.614914001664147,7.63760699192062,5.328138009645045,3.5034710017498583,1,1,0,,,,,,,,,,,,,,local_map_fast,True,12,8013,0,False,False,False,,,,inactive,,,,,,,,,,
front_end,5451272.017306112,True,icp_accepted,2441,1.0,0.07809146115294455,10.94587001716718,6.198251998284832,4.367804998764768,3.523068007780239,1,1,0,,,,,,,,,,,,,,local_map_fast,False,12,8013,0,False,False,False,,,,inactive,,,,,,,,,,
front_end,5451272.11453024,True,icp_accepted,2616,1.0,0.08813675338148742,12.328748009167612,7.08142199437134,4.9908150103874505,4.159654024988413,1,1,0,,,,,,,,,,,,,,local_map_fast,False,12,8013,0,False,False,False,,,,inactive,,,,,,,,,,
front_end,5451272.218128608,True,icp_accepted,2587,1.0,0.10524059211815706,11.772874015150592,6.908567011123523,4.953285009833053,3.877002018271014,1,1,0,,,,,,,,,,,,,,local_map_fast,False,12,8013,0,False,False,False,,,,inactive,,,,,,,,,,
front_end,5451272.318307136,True,icp_accepted,2579,1.0,0.10210961014834773,13.412414002232254,6.424867984605953,4.535188025329262,3.5507389984559268,1,1,0,,,,,,,,,,,,,,local_map_fast,True,12,7944,0,False,False,False,,,,inactive,,,,,,,,,,
front_end,5451272.418271232,True,icp_accepted,2501,1.0,0.07553917476102141,15.247811010340229,10.274218017002568,6.802106974646449,4.128675995161757,1,1,0,,,,,,,,,,,,,,local_map_fast,False,12,7944,0,False,False,False,,,,inactive,,,,,,,,,,
optimized_backend,,,,,,,,,,,,,,,,,,,,,,,,,,,,,,,,,,,,,,,,,10,9,0,,,,pose_graph,False
front_end,5451272.51824832,True,icp_accepted,2431,1.0,0.08143677785314378,12.04627801780589,7.906240993179381,5.272743990644813,3.2740290043875575,1,1,0,,,,,,,,,,,,,,local_map_fast,False,12,7944,0,False,False,False,,,,inactive,,,,,,,,,,
front_end,5451272.617352352,True,icp_accepted,2525,1.0,0.08720415861110706,11.034135997761041,6.685268017463386,4.2983239982277155,3.5305219935253263,1,1,0,,,,,,,,,,,,,,local_map_fast,False,12,7944,0,False,False,False,,,,inactive,,,,,,,,,,
front_end,5451272.718253728,True,icp_accepted,2609,1.0,0.09457161070788997,14.076891005970538,6.755850015906617,4.674840980442241,4.611733020283282,1,1,0,,,,,,,,,,,,,,local_map_fast,True,12,7861,0,False,False,False,,,,inactive,,,,,,,,,,
front_end,5451272.81816688,True,icp_accepted,2468,1.0,0.07903344253119125,11.968671984504908,6.805924000218511,4.3057280126959085,3.7479400052689016,1,1,0,,,,,,,,,,,,,,local_map_fast,False,12,7861,0,False,False,False,,,,inactive,,,,,,,,,,
front_end,5451272.9180608,True,icp_accepted,2384,0.9991610738255033,0.08172013787022216,12.813679000828415,8.149136992869899,6.03332300670445,3.908562008291483,1,1,0,,,,,,,,,,,,,,local_map_fast,False,12,7861,0,False,False,False,,,,inactive,,,,,,,,,,
front_end,5451273.018248672,True,icp_accepted,2419,0.9995866060355518,0.1076001963426461,15.352317015640438,6.807116005802527,4.390586982481182,4.797200992470607,1,1,0,,,,,,,,,,,,,,local_map_fast,True,12,7881,0,False,False,False,,,,inactive,,,,,,,,,,
optimized_backend,,,,,,,,,,,,,,,,,,,,,,,,,,,,,,,,,,,,,,,,,11,10,0,,,,pose_graph,False
front_end,5451273.118191392,True,icp_accepted,2400,1.0,0.08195730397523415,16.345793002983555,11.013037001248449,8.404366992181167,4.220658011035994,1,1,0,,,,,,,,,,,,,,local_map_fast,False,12,7881,0,False,False,False,,,,inactive,,,,,,,,,,
front_end,5451273.218142112,True,icp_accepted,2506,1.0,0.08465010251424435,13.388899009441957,8.376773999771103,4.9527030205354095,3.8927019922994077,1,1,0,,,,,,,,,,,,,,local_map_fast,False,12,7881,0,False,False,False,,,,inactive,,,,,,,,,,
front_end,5451273.317230432,True,icp_accepted,2449,1.0,0.09702108201570205,12.507092993473634,7.21459198393859,5.257444980088621,4.460308002308011,1,1,0,,,,,,,,,,,,,,local_map_fast,False,12,7881,0,False,False,False,,,,inactive,,,,,,,,,,
front_end,5451273.418232864,True,icp_accepted,2551,1.0,0.10254395446926169,14.43767998716794,8.032187994103879,5.376810004236177,3.9185799832921475,1,1,0,,,,,,,,,,,,,,local_map_fast,True,12,7948,0,False,False,False,,,,inactive,,,,,,,,,,
front_end,5451273.517329504,True,icp_accepted,2420,1.0,0.08010158300863422,11.958782997680828,6.825951975770295,4.919740982586518,3.866301995003596,1,1,0,,,,,,,,,,,,,,local_map_fast,False,12,7948,0,False,False,False,,,,inactive,,,,,,,,,,
front_end,5451273.618278496,True,icp_accepted,2492,1.0,0.0822880083385372,10.520070005441085,6.4784490095917135,4.520341026363894,3.061010007513687,1,1,0,,,,,,,,,,,,,,local_map_fast,False,12,7948,0,False,False,False,,,,inactive,,,,,,,,,,
optimized_backend,,,,,,,,,,,,,,,,,,,,,,,,,,,,,,,,,,,,,,,,,12,11,0,,,,pose_graph,False
front_end,5451273.718204128,True,icp_accepted,2398,1.0,0.09044759796002563,14.200453995727003,9.641179989557713,5.240372993284836,3.256818017689511,1,1,0,,,,,,,,,,,,,,local_map_fast,False,12,7948,0,False,False,False,,,,inactive,,,,,,,,,,
front_end,5451273.81727744,True,icp_accepted,2455,0.9995926680244399,0.10552672516214016,14.545602025464177,8.166209008777514,5.689496989361942,3.641751012764871,1,1,0,,,,,,,,,,,,,,local_map_fast,True,12,8062,0,False,False,False,,,,inactive,,,,,,,,,,
front_end,5451273.918172864,True,icp_accepted,2439,1.0,0.08295426481533281,13.244838977698237,7.787257985910401,5.481886997586116,3.596374997869134,1,1,0,,,,,,,,,,,,,,local_map_fast,False,12,8062,0,False,False,False,,,,inactive,,,,,,,,,,
front_end,5451274.018177472,True,icp_accepted,2371,1.0,0.08547255748318136,14.605645003030077,8.451285015325993,5.720385001040995,3.557282005203888,1,1,0,,,,,,,,,,,,,,local_map_fast,True,12,8018,0,False,False,False,,,,inactive,,,,,,,,,,
front_end,5451274.117227072,True,icp_accepted,2458,1.0,0.08040589108891086,12.58074099314399,7.695364998653531,4.867804003879428,3.9265950035769492,1,1,0,,,,,,,,,,,,,,local_map_fast,False,12,8018,0,False,False,False,,,,inactive,,,,,,,,,,
optimized_backend,,,,,,,,,,,,,,,,,,,,,,,,,,,,,,,,,,,,,,,,,13,12,0,,,,pose_graph,False
front_end,5451274.218182112,True,icp_accepted,2439,1.0,0.09084163802790673,11.897246993612498,6.426281004678458,4.453455010661855,4.293955978937447,1,1,0,,,,,,,,,,,,,,local_map_fast,False,12,8018,0,False,False,False,,,,inactive,,,,,,,,,,
front_end,5451274.316352,True,icp_accepted,2487,0.9991958182549256,0.0995031892534429,12.21375199384056,8.533760003047064,5.490193027071655,2.8476490115281194,1,1,0,,,,,,,,,,,,,,local_map_fast,False,12,8018,0,False,False,False,,,,inactive,,,,,,,,,,
front_end,5451274.417331136,True,icp_accepted,2482,1.0,0.10468132160858054,14.729007001733407,6.935997982509434,4.837838001549244,5.053132015746087,1,1,0,,,,,,,,,,,,,,local_map_fast,True,12,8092,0,False,False,False,,,,inactive,,,,,,,,,,
front_end,5451274.518097248,True,icp_accepted,2368,1.0,0.07729201270653575,11.87769099487923,6.756692018825561,4.0638240170665085,3.505344007862732,1,1,0,,,,,,,,,,,,,,local_map_fast,False,12,8092,0,False,False,False,,,,inactive,,,,,,,,,,
front_end,5451274.618323328,True,icp_accepted,2382,1.0,0.09001866374322669,11.128613987239078,6.50732300709933,4.544266004813835,3.7886770151089877,1,1,0,,,,,,,,,,,,,,local_map_fast,False,12,8092,0,False,False,False,,,,inactive,,,,,,,,,,
front_end,5451274.717258176,True,icp_accepted,2421,1.0,0.10228848405056774,15.491489000851288,7.538329984527081,5.570793990045786,4.827839002246037,1,1,0,,,,,,,,,,,,,,local_map_fast,True,12,7974,0,False,False,False,,,,inactive,,,,,,,,,,
front_end,5451274.818131904,True,icp_accepted,2401,0.9991670137442732,0.07897393719709463,12.859273992944509,8.337300008861348,5.90713499695994,3.3657419844530523,1,1,0,,,,,,,,,,,,,,local_map_fast,False,12,7974,0,False,False,False,,,,inactive,,,,,,,,,,
optimized_backend,,,,,,,,,,,,,,,,,,,,,,,,,,,,,,,,,,,,,,,,,14,13,0,,,,pose_graph,False
front_end,5451274.918116512,True,icp_accepted,2318,0.999137187230371,0.08322849276406898,16.536771989194676,10.860579990549013,7.8751230030320585,4.220697999699041,1,1,0,,,,,,,,,,,,,,local_map_fast,False,12,7974,0,False,False,False,,,,inactive,,,,,,,,,,
front_end,5451275.018146048,True,icp_accepted,2368,0.9987331081081081,0.09986958611747249,12.73241700255312,7.667252008104697,5.480064020957798,3.6627500085160136,1,1,0,,,,,,,,,,,,,,local_map_fast,False,12,7974,0,False,False,False,,,,inactive,,,,,,,,,,
front_end,5451275.118224608,True,icp_accepted,2390,0.9974895397489539,0.11553796926407407,15.05146297859028,6.652696989476681,4.715197021141648,3.8537590007763356,1,1,0,,,,,,,,,,,,,,local_map_fast,True,12,7801,0,False,False,False,,,,inactive,,,,,,,,,,
front_end,5451275.218193408,True,icp_accepted,2295,0.9978213507625272,0.08594408098572558,11.26238500000909,7.074207998812199,4.576576000545174,3.212132985936478,1,1,0,,,,,,,,,,,,,,local_map_fast,False,12,7801,0,False,False,False,,,,inactive,,,,,,,,,,
front_end,5451275.318237376,True,icp_accepted,2328,0.9961340206185567,0.09790753817044755,11.56353999977,7.2523220151197165,5.2469160000327975,3.2451250008307397,1,1,0,,,,,,,,,,,,,,local_map_fast,False,12,7801,0,False,False,False,,,,inactive,,,,,,,,,,
optimized_backend,,,,,,,,,,,,,,,,,,,,,,,,,,,,,,,,,,,,,,,,,15,14,0,,,,pose_graph,False
front_end,5451275.417256512,True,icp_accepted,2363,0.9957680914092255,0.11611293963321394,12.823136989027262,8.11126601183787,6.103133986471221,3.4948040265589952,1,1,0,,,,,,,,,,,,,,local_map_fast,False,12,7801,0,False,False,False,,,,inactive,,,,,,,,,,
front_end,5451275.518975392,True,icp_accepted,2363,0.9949217096910706,0.12631752487809456,13.977515016449615,6.952519004698843,4.750583000713959,3.4166570112574846,1,1,0,,,,,,,,,,,,,,local_map_fast,True,12,7883,0,False,False,False,,,,inactive,,,,,,,,,,
front_end,5451275.618066112,True,icp_accepted,2363,0.9995768091409225,0.07583103183719882,11.210127006052062,7.335258007515222,5.132810998475179,2.862836990971118,1,1,0,,,,,,,,,,,,,,local_map_fast,False,12,7883,0,False,False,False,,,,inactive,,,,,,,,,,
front_end,5451275.717202944,True,icp_accepted,2300,1.0,0.08852041627402779,13.592411007266492,8.463197009405121,6.094918993767351,4.093669005669653,1,1,0,,,,,,,,,,,,,,local_map_fast,False,12,7883,0,False,False,False,,,,inactive,,,,,,,,,,
front_end,5451275.818089792,True,icp_accepted,2347,1.0,0.09781633872973004,11.960817006183788,6.309272022917867,4.357595025794581,3.102157003013417,1,1,0,,,,,,,,,,,,,,local_map_fast,True,12,7952,0,False,False,False,,,,inactive,,,,,,,,,,
front_end,5451275.91812336,True,icp_accepted,2369,1.0,0.07593124975225278,10.95125000574626,6.57866700203158,4.566015995806083,3.3992349926847965,1,1,0,,,,,,,,,,,,,,local_map_fast,False,12,7952,0,False,False,False,,,,inactive,,,,,,,,,,
optimized_backend,,,,,,,,,,,,,,,,,,,,,,,,,,,,,,,,,,,,,,,,,16,15,0,,,,pose_graph,False
front_end,5451276.018229824,True,icp_accepted,2391,0.999163529903806,0.09005099682534504,12.653717974899337,8.624870999483392,6.734540016623214,3.17122699925676,1,1,0,,,,,,,,,,,,,,local_map_fast,False,12,7952,0,False,False,False,,,,inactive,,,,,,,,,,
front_end,5451276.11813008,True,icp_accepted,2362,0.9995766299745978,0.09430520832491891,10.881478985538706,7.087421981850639,4.87394499941729,2.9028519929852337,1,1,0,,,,,,,,,,,,,,local_map_fast,False,12,7952,0,False,False,False,,,,inactive,,,,,,,,,,
front_end,5451276.21807856,True,icp_accepted,2431,0.9995886466474702,0.10442444224435661,15.0559910107404,7.944231998408213,4.749159998027608,3.632132982602343,1,1,0,,,,,,,,,,,,,,local_map_fast,True,12,8046,0,False,False,False,,,,inactive,,,,,,,,,,
front_end,5451276.317216512,True,icp_accepted,2442,1.0,0.0884894882664401,11.874174000695348,7.181539986049756,5.1473779894877225,3.7754320073872805,1,1,0,,,,,,,,,,,,,,local_map_fast,False,12,8046,0,False,False,False,,,,inactive,,,,,,,,,,
front_end,5451276.418064384,True,icp_accepted,2383,1.0,0.08578790972224366,13.599313999293372,8.410727983573452,6.373471987899393,3.755734011065215,1,1,0,,,,,,,,,,,,,,local_map_fast,False,12,8046,0,False,False,False,,,,inactive,,,,,,,,,,
front_end,5451276.518065728,True,icp_accepted,2444,1.0,0.10198687578337128,12.690777977695689,7.373489992460236,4.766242986079305,3.783416992519051,1,1,0,,,,,,,,,,,,,,local_map_fast,False,12,8046,0,False,False,False,,,,inactive,,,,,,,,,,
front_end,5451276.618131008,True,icp_accepted,2398,0.9983319432860718,0.11917767790528525,13.237816019682214,6.675940006971359,4.72450497909449,3.9783429820090532,1,1,0,,,,,,,,,,,,,,local_map_fast,True,12,8031,0,False,False,False,,,,inactive,,,,,,,,,,
optimized_backend,,,,,,,,,,,,,,,,,,,,,,,,,,,,,,,,,,,,,,,,,17,16,0,,,,pose_graph,False
front_end,5451276.718073856,True,icp_accepted,2319,0.9991375592927986,0.08546964337408561,11.44401601050049,6.513524014735594,4.48965301620774,3.9481660060118884,1,1,0,,,,,,,,,,,,,,local_map_fast,False,12,8031,0,False,False,False,,,,inactive,,,,,,,,,,
front_end,5451276.818180288,True,icp_accepted,2333,1.0,0.08833941568827279,13.446597993606701,8.756827999604866,4.768006008816883,3.6945999891031533,1,1,0,,,,,,,,,,,,,,local_map_fast,False,12,8031,0,False,False,False,,,,inactive,,,,,,,,,,
front_end,5451276.91821008,True,icp_accepted,2400,1.0,0.10378073184528057,11.351502005709335,6.948161026230082,4.913018987281248,3.4219780063722283,1,1,0,,,,,,,,,,,,,,local_map_fast,False,12,8031,0,False,False,False,,,,inactive,,,,,,,,,,
front_end,5451277.018122112,True,icp_accepted,2297,1.0,0.11092167161895446,14.195353985996917,6.609656004002318,4.709936998551711,4.79855397134088,1,1,0,,,,,,,,,,,,,,local_map_fast,True,12,7987,0,False,False,False,,,,inactive,,,,,,,,,,
front_end,5451277.11800192,True,icp_accepted,2308,0.9995667244367418,0.08097785078421008,13.45106601365842,9.271955990698189,6.92276400513947,3.2471289741806686,1,1,0,,,,,,,,,,,,,,local_map_fast,False,12,7987,0,False,False,False,,,,inactive,,,,,,,,,,
optimized_backend,,,,,,,,,,,,,,,,,,,,,,,,,,,,,,,,,,,,,,,,,18,17,0,,,,pose_graph,False
front_end,5451277.217159744,True,icp_accepted,2396,0.9995826377295493,0.08700224343749352,13.346630003070459,9.345594997284934,7.174275990109891,2.8780959837604314,1,1,0,,,,,,,,,,,,,,local_map_fast,False,12,7987,0,False,False,False,,,,inactive,,,,,,,,,,
front_end,5451277.318087968,True,icp_accepted,2392,0.9991638795986622,0.09304762113569363,14.923893002560362,6.992053997237235,4.913038981612772,4.5235879952088,1,1,0,,,,,,,,,,,,,,local_map_fast,True,12,7936,0,False,False,False,,,,inactive,,,,,,,,,,
front_end,5451277.418251968,True,icp_accepted,2445,0.9983640081799591,0.09656100302762452,13.449101999867707,8.217796013923362,5.186813010368496,4.05984598910436,1,1,0,,,,,,,,,,,,,,local_map_fast,False,12,7936,0,False,False,False,,,,inactive,,,,,,,,,,
front_end,5451277.518143776,True,icp_accepted,2294,0.998256320836966,0.10194617346585429,13.529894000384957,6.4785990107338876,4.505804012296721,3.396840998902917,1,1,0,,,,,,,,,,,,,,local_map_fast,True,12,7739,0,False,False,False,,,,inactive,,,,,,,,,,
optimized_backend,,,,,,,,,,,,,,,,,,,,,,,,,,,,,,,,,,,,,,,,,19,18,0,,,,pose_graph,False
front_end,5451277.6182808,True,icp_accepted,2272,0.9991197183098591,0.08424326984874866,11.629744985839352,7.3398969834670424,5.116860993439332,3.2610260241199285,1,1,0,,,,,,,,,,,,,,local_map_fast,False,12,7739,0,False,False,False,,,,inactive,,,,,,,,,,
front_end,5451277.717186592,True,icp_accepted,2320,0.9982758620689656,0.0956086214509328,10.523908014874905,6.6351529967505485,4.655886004911736,3.0441280105151236,1,1,0,,,,,,,,,,,,,,local_map_fast,False,12,7739,0,False,False,False,,,,inactive,,,,,,,,,,
front_end,5451277.817125312,True,icp_accepted,2293,0.9986916703009159,0.10254841134949615,10.468182998010889,6.559551024110988,4.689519002567977,3.122684982372448,1,1,0,,,,,,,,,,,,,,local_map_fast,False,12,7739,0,False,False,False,,,,inactive,,,,,,,,,,
front_end,5451277.918058368,True,icp_accepted,2256,1.0,0.10701345100763897,14.627536002080888,7.115996006177738,5.1432710024528205,3.847636980935931,1,1,0,,,,,,,,,,,,,,local_map_fast,True,12,7734,0,False,False,False,,,,inactive,,,,,,,,,,
front_end,5451278.018046848,True,icp_accepted,2241,1.0,0.09134670590368546,11.711669008946046,7.494628021959215,5.332166008884087,3.161920001730323,1,1,0,,,,,,,,,,,,,,local_map_fast,False,12,7734,0,False,False,False,,,,inactive,,,,,,,,,,
front_end,5451278.118069248,True,icp_accepted,2238,1.0,0.10475881404782715,13.87276899185963,7.986932992935181,5.854516988620162,3.2020249927882105,1,1,0,,,,,,,,,,,,,,local_map_fast,True,12,7740,0,False,False,False,,,,inactive,,,,,,,,,,
front_end,5451278.21799872,True,icp_accepted,2320,0.9991379310344828,0.08036991955747827,11.363654979504645,6.814208987634629,4.947793990140781,3.189270995790139,1,1,0,,,,,,,,,,,,,,local_map_fast,False,12,7740,0,False,False,False,,,,inactive,,,,,,,,,,
optimized_backend,,,,,,,,,,,,,,,,,,,,,,,,,,,,,,,,,,,,,,,,,20,19,0,,,,pose_graph,False
front_end,5451278.3181728,True,icp_accepted,2277,0.9986824769433466,0.08985764823650065,11.07890999992378,6.953050004085526,4.8224880010820925,3.106094984104857,1,1,0,,,,,,,,,,,,,,local_map_fast,False,12,7740,0,False,False,False,,,,inactive,,,,,,,,,,
front_end,5451278.41797888,True,icp_accepted,2335,0.9995717344753747,0.09902147989540487,16.63916400866583,8.501489006448537,6.2327269988600165,3.9589160005562007,1,1,0,,,,,,,,,,,,,,local_map_fast,True,12,7704,0,False,False,False,,,,inactive,,,,,,,,,,
front_end,5451278.518111936,True,icp_accepted,2318,1.0,0.08429062888841923,12.77261198265478,7.772009004838765,5.407766991993412,3.752638993319124,1,1,0,,,,,,,,,,,,,,local_map_fast,False,12,7704,0,False,False,False,,,,inactive,,,,,,,,,,
front_end,5451278.618161536,True,icp_accepted,2330,1.0,0.09220124501789907,12.2759290097747,8.353761018952355,6.329830008326098,2.9923510155640543,1,1,0,,,,,,,,,,,,,,local_map_fast,False,12,7704,0,False,False,False,,,,inactive,,,,,,,,,,
front_end,5451278.718015296,True,icp_accepted,2332,0.9991423670668954,0.09130571853877117,12.87444299669005,6.480703013949096,4.4739040022250265,3.7798100092913955,1,1,0,,,,,,,,,,,,,,local_map_fast,True,12,7614,0,False,False,False,,,,inactive,,,,,,,,,,
front_end,5451278.817949216,True,icp_accepted,2271,0.9986789960369881,0.0808706669366727,11.444597010267898,6.862610025564209,4.927535977913067,3.6197900190018117,1,1,0,,,,,,,,,,,,,,local_map_fast,False,12,7614,0,False,False,False,,,,inactive,,,,,,,,,,
optimized_backend,,,,,,,,,,,,,,,,,,,,,,,,,,,,,,,,,,,,,,,,,21,20,0,,,,pose_graph,False
front_end,5451278.916922944,True,icp_accepted,2364,0.998730964467005,0.09124133538138948,12.466086016502231,7.222607004223391,5.117963999509811,3.6033790092915297,1,1,0,,,,,,,,,,,,,,local_map_fast,False,12,7614,0,False,False,False,,,,inactive,,,,,,,,,,
front_end,5451279.018079936,True,icp_accepted,2336,0.9991438356164384,0.09726933742119095,15.039760997751728,7.06185499439016,4.480185016291216,3.288387000793591,1,1,0,,,,,,,,,,,,,,local_map_fast,True,12,7589,0,False,False,False,,,,inactive,,,,,,,,,,
front_end,5451279.118053984,True,icp_accepted,2444,1.0,0.08057135748025088,10.88752000941895,6.137126998510212,4.238441004417837,3.7432409881148487,1,1,0,,,,,,,,,,,,,,local_map_fast,False,12,7589,0,False,False,False,,,,inactive,,,,,,,,,,
front_end,5451279.218106912,True,icp_accepted,2302,1.0,0.09013725981148604,11.295366974081844,6.152856978587806,4.259511013515294,4.247579025104642,1,1,0,,,,,,,,,,,,,,local_map_fast,False,12,7589,0,False,False,False,,,,inactive,,,,,,,,,,
front_end,5451279.318046016,True,icp_accepted,2332,1.0,0.09559927982574261,13.467898010276258,7.048700004816055,4.9354410148225725,3.570797009160742,1,1,0,,,,,,,,,,,,,,local_map_fast,True,12,7377,0,False,False,False,,,,inactive,,,,,,,,,,
front_end,5451279.417936608,True,icp_accepted,2394,0.9991645781119465,0.07184808608741679,12.699063983745873,7.06685398472473,4.665262997150421,4.241126007400453,1,1,0,,,,,,,,,,,,,,local_map_fast,False,12,7377,0,False,False,False,,,,inactive,,,,,,,,,,
optimized_backend,,,,,,,,,,,,,,,,,,,,,,,,,,,,,,,,,,,,,,,,,22,21,0,,,,pose_graph,False
front_end,5451279.518152704,True,icp_accepted,2385,1.0,0.0795324517808656,11.289595975540578,7.6539969886653125,5.479863990331069,2.536874992074445,1,1,0,,,,,,,,,,,,,,local_map_fast,False,12,7377,0,False,False,False,,,,inactive,,,,,,,,,,
front_end,5451279.618043488,True,icp_accepted,2414,1.0,0.09014510959503767,11.48449198808521,7.715974003076553,4.71299298806116,2.818044013110921,1,1,0,,,,,,,,,,,,,,local_map_fast,False,12,7377,0,False,False,False,,,,inactive,,,,,,,,,,
front_end,5451279.717973024,True,icp_accepted,2452,0.9991843393148451,0.11907422340326002,13.846759014995769,7.187420007539913,5.153960984898731,3.6551360099110752,1,1,0,,,,,,,,,,,,,,local_map_fast,True,12,7479,0,False,False,False,,,,inactive,,,,,,,,,,
front_end,5451279.818025792,True,icp_accepted,2371,1.0,0.08237403834642175,12.147667992394418,8.059638988925144,5.888771993340924,2.8457949811127037,1,1,0,,,,,,,,,,,,,,local_map_fast,False,12,7479,0,False,False,False,,,,inactive,,,,,,,,,,
front_end,5451279.918081888,True,icp_accepted,2342,1.0,0.08067162465542879,12.4025069817435,7.433442980982363,5.186672991840169,3.177487989887595,1,1,0,,,,,,,,,,,,,,local_map_fast,False,12,7479,0,False,False,False,,,,inactive,,,,,,,,,,
optimized_backend,,,,,,,,,,,,,,,,,,,,,,,,,,,,,,,,,,,,,,,,,23,22,0,,,,pose_graph,False
front_end,5451280.017900992,True,icp_accepted,2389,0.9995814148179154,0.09836049176907866,15.169613994657993,7.659146009245887,5.489410978043452,3.7139960040804,1,1,0,,,,,,,,,,,,,,local_map_fast,True,12,7440,0,False,False,False,,,,inactive,,,,,,,,,,
front_end,5451280.11807776,True,icp_accepted,2388,0.998324958123953,0.07821639318654744,11.220516986213624,6.352562981192023,4.376420023618266,3.6276440077926964,1,1,0,,,,,,,,,,,,,,local_map_fast,False,12,7440,0,False,False,False,,,,inactive,,,,,,,,,,
front_end,5451280.21802128,True,icp_accepted,2402,0.9987510407993339,0.08263313155713578,11.368434003088623,6.552909006131813,4.388181987451389,3.7380619905889034,1,1,0,,,,,,,,,,,,,,local_map_fast,False,12,7440,0,False,False,False,,,,inactive,,,,,,,,,,
front_end,5451280.317145792,True,icp_accepted,2386,1.0,0.094790982324529,13.946596998721361,9.385217999806628,7.1255340008065104,3.5892219748347998,1,1,0,,,,,,,,,,,,,,local_map_fast,False,12,7440,0,False,False,False,,,,inactive,,,,,,,,,,
front_end,5451280.418054144,True,icp_accepted,2343,1.0,0.09850682965926899,12.702089996309951,6.5681580163072795,4.6093180135358125,3.5762869811151177,1,1,0,,,,,,,,,,,,,,local_map_fast,True,12,7310,0,False,False,False,,,,inactive,,,,,,,,,,
front_end,5451280.518255296,True,icp_accepted,2343,1.0,0.07825389045999817,12.17837500735186,6.520958006149158,4.57336101680994,4.115090006962419,1,1,0,,,,,,,,,,,,,,local_map_fast,False,12,7310,0,False,False,False,,,,inactive,,,,,,,,,,
optimized_backend,,,,,,,,,,,,,,,,,,,,,,,,,,,,,,,,,,,,,,,,,24,23,0,,,,pose_graph,False
front_end,5451280.618187968,True,icp_accepted,2360,0.9995762711864407,0.08552876049865187,11.882229999173433,6.938553997315466,4.832377017010003,3.382002003490925,1,1,0,,,,,,,,,,,,,,local_map_fast,False,12,7310,0,False,False,False,,,,inactive,,,,,,,,,,
front_end,5451280.718159872,True,icp_accepted,2470,0.9975708502024292,0.0973319911989635,10.677226004190743,6.70985400211066,4.65578498551622,3.0275970057118684,1,1,0,,,,,,,,,,,,,,local_map_fast,False,12,7310,0,False,False,False,,,,inactive,,,,,,,,,,
front_end,5451280.817999232,True,icp_accepted,2534,0.999605367008682,0.12305850629839807,15.563504013698548,9.207714989315718,6.903908011736348,3.747189010027796,1,1,0,,,,,,,,,,,,,,local_map_fast,True,12,7481,0,False,False,False,,,,inactive,,,,,,,,,,
front_end,5451280.917129984,True,icp_accepted,2480,0.9995967741935484,0.08533363993132072,12.046116986311972,6.978427991271019,4.994360991986468,4.12833399605006,1,1,0,,,,,,,,,,,,,,local_map_fast,False,12,7481,0,False,False,False,,,,inactive,,,,,,,,,,
front_end,5451281.018110432,True,icp_accepted,2491,0.9987956643918106,0.08845585326768014,14.06624200171791,6.984098989050835,4.9385359743610024,4.393722978420556,1,1,0,,,,,,,,,,,,,,local_map_fast,True,12,7479,0,False,False,False,,,,inactive,,,,,,,,,,
front_end,5451281.118023648,True,icp_accepted,2514,0.9988066825775657,0.0865525011313734,10.691692994441837,6.6347029933240265,4.533816012553871,3.0471740174107254,1,1,0,,,,,,,,,,,,,,local_map_fast,False,12,7479,0,False,False,False,,,,inactive,,,,,,,,,,
front_end,5451281.217960384,True,icp_accepted,2411,0.9995852343425964,0.10038426861432792,11.303733015665784,6.890263000968844,4.713072994491085,3.3846079895738512,1,1,0,,,,,,,,,,,,,,local_map_fast,False,12,7479,0,False,False,False,,,,inactive,,,,,,,,,,
optimized_backend,,,,,,,,,,,,,,,,,,,,,,,,,,,,,,,,,,,,,,,,,25,24,0,,,,pose_graph,False
front_end,5451281.318118816,True,icp_accepted,2303,1.0,0.09438650178079394,11.912796995602548,7.3229749978054315,4.501085000811145,3.047473990591243,1,1,0,,,,,,,,,,,,,,local_map_fast,False,12,7479,0,False,False,False,,,,inactive,,,,,,,,,,
front_end,5451281.41802224,True,icp_accepted,2301,1.0,0.10046368714383742,13.08349598548375,6.6426279954612255,4.671815986512229,3.745084977708757,1,1,0,,,,,,,,,,,,,,local_map_fast,True,12,7374,0,False,False,False,,,,inactive,,,,,,,,,,
front_end,5451281.517947712,True,icp_accepted,2302,1.0,0.07916966819052869,11.813440010882914,6.567266013007611,4.56978302099742,3.729495976585895,1,1,0,,,,,,,,,,,,,,local_map_fast,False,12,7374,0,False,False,False,,,,inactive,,,,,,,,,,
front_end,5451281.618139712,True,icp_accepted,2289,1.0,0.08781580254241522,13.546125002903864,9.778357023606077,7.829346024664119,2.6979070098605007,1,1,0,,,,,,,,,,,,,,local_map_fast,False,12,7374,0,False,False,False,,,,inactive,,,,,,,,,,
optimized_backend,,,,,,,,,,,,,,,,,,,,,,,,,,,,,,,,,,,,,,,,,26,25,0,,,,pose_graph,False
front_end,5451281.718066688,True,icp_accepted,2379,1.0,0.09642376200617908,17.120538017479703,9.10174602176994,6.586962001165375,3.874346992233768,1,1,0,,,,,,,,,,,,,,local_map_fast,True,12,7463,0,False,False,False,,,,inactive,,,,,,,,,,
front_end,5451281.817891904,True,icp_accepted,2367,0.9995775242923531,0.07552801012629329,13.982423988636583,9.196904982673004,6.535345019074157,3.6732800072059035,1,1,0,,,,,,,,,,,,,,local_map_fast,False,12,7463,0,False,False,False,,,,inactive,,,,,,,,,,
front_end,5451281.918123872,True,icp_accepted,2303,0.9978289188015632,0.09182628233868455,13.492684985976666,9.155156993074343,6.809209997300059,2.8720549889840186,1,1,0,,,,,,,,,,,,,,local_map_fast,False,12,7463,0,False,False,False,,,,inactive,,,,,,,,,,
front_end,5451282.013141152,True,icp_accepted,2475,0.9991919191919192,0.10519097307162603,11.774467013310641,6.660180020844564,4.614878009306267,3.9365649863611907,1,1,0,,,,,,,,,,,,,,local_map_fast,False,12,7463,0,False,False,False,,,,inactive,,,,,,,,,,
front_end,5451282.118206656,True,icp_accepted,2404,1.0,0.10567827929011939,13.812635006615892,7.936959009384736,5.7710410037543625,3.188639006111771,1,1,0,,,,,,,,,,,,,,local_map_fast,True,12,7493,0,False,False,False,,,,inactive,,,,,,,,,,
front_end,5451282.2181336,True,icp_accepted,2363,0.9995768091409225,0.07815038149035368,11.416805005865172,6.912404001923278,4.788324004039168,3.342889016494155,1,1,0,,,,,,,,,,,,,,local_map_fast,False,12,7493,0,False,False,False,,,,inactive,,,,,,,,,,
optimized_backend,,,,,,,,,,,,,,,,,,,,,,,,,,,,,,,,,,,,,,,,,27,26,0,,,,pose_graph,False
front_end,5451282.318039968,True,icp_accepted,2399,0.995831596498541,0.09941596297174038,11.985332996118814,6.759707001037896,4.527573997620493,3.898663999279961,1,1,0,,,,,,,,,,,,,,local_map_fast,False,12,7493,0,False,False,False,,,,inactive,,,,,,,,,,
front_end,5451282.417924128,True,icp_accepted,2407,0.9991690901537184,0.10452432978128821,13.32562998868525,6.1773530032951385,4.203445976600051,3.4885630011558533,1,1,0,,,,,,,,,,,,,,local_map_fast,True,12,7470,0,False,False,False,,,,inactive,,,,,,,,,,
front_end,5451282.517840896,True,icp_accepted,2287,1.0,0.07815362791572249,11.29907401627861,6.470765016274527,4.521763999946415,3.429402015171945,1,1,0,,,,,,,,,,,,,,local_map_fast,False,12,7470,0,False,False,False,,,,inactive,,,,,,,,,,
front_end,5451282.618057056,True,icp_accepted,2298,0.9973890339425587,0.08940491079808224,11.484342016046867,6.774264998966828,4.694989009294659,3.6083680170122534,1,1,0,,,,,,,,,,,,,,local_map_fast,False,12,7470,0,False,False,False,,,,inactive,,,,,,,,,,
front_end,5451282.71719232,True,icp_accepted,2260,0.9969026548672566,0.0935405154006359,14.067765005165711,8.24649998685345,6.237807014258578,3.006566985277459,1,1,0,,,,,,,,,,,,,,local_map_fast,True,12,7511,0,False,False,False,,,,inactive,,,,,,,,,,
front_end,5451282.818075168,True,icp_accepted,2391,1.0,0.07204434185023884,11.94375500199385,7.62419099919498,5.130106001161039,2.9024319956079125,1,1,0,,,,,,,,,,,,,,local_map_fast,False,12,7511,0,False,False,False,,,,inactive,,,,,,,,,,
front_end,5451282.917986496,True,icp_accepted,2367,1.0,0.08469713339852677,11.694405984599143,7.377357978839427,5.167997005628422,3.0338189972098917,1,1,0,,,,,,,,,,,,,,local_map_fast,False,12,7511,0,False,False,False,,,,inactive,,,,,,,,,,
optimized_backend,,,,,,,,,,,,,,,,,,,,,,,,,,,,,,,,,,,,,,,,,28,27,0,,,,pose_graph,False
front_end,5451283.01716288,True,icp_accepted,2384,1.0,0.09148997879700806,14.557344024069607,7.262842002091929,5.14463399304077,3.7602029915433377,1,1,0,,,,,,,,,,,,,,local_map_fast,True,12,7442,0,False,False,False,,,,inactive,,,,,,,,,,
front_end,5451283.118068992,True,icp_accepted,2426,1.0,0.10235224126192465,11.894622992258519,6.854295002995059,4.723511985503137,3.7079240137245506,1,1,0,,,,,,,,,,,,,,local_map_fast,False,12,7442,0,False,False,False,,,,inactive,,,,,,,,,,
front_end,5451283.218018016,True,icp_accepted,2334,1.0,0.09099992758040377,13.560040999436751,6.8631210015155375,4.629395989468321,3.6700739874504507,1,1,0,,,,,,,,,,,,,,local_map_fast,True,12,7481,0,False,False,False,,,,inactive,,,,,,,,,,
front_end,5451283.318134336,True,icp_accepted,2354,0.9995751911639762,0.07357593702240994,13.068407017271966,8.899867010768503,5.9477419999893755,2.873958001146093,1,1,0,,,,,,,,,,,,,,local_map_fast,False,12,7481,0,False,False,False,,,,inactive,,,,,,,,,,
optimized_backend,,,,,,,,,,,,,,,,,,,,,,,,,,,,,,,,,,,,,,,,,29,28,0,,,,pose_graph,False
front_end,5451283.418049408,True,icp_accepted,2356,0.9991511035653651,0.09003750139481206,13.482615002430975,7.963968993863091,5.513697018614039,4.288966010790318,1,1,0,,,,,,,,,,,,,,local_map_fast,False,12,7481,0,False,False,False,,,,inactive,,,,,,,,,,
front_end,5451283.517933632,True,icp_accepted,2430,1.0,0.09793539955539571,14.098552986979485,7.1492989955004305,4.60127301630564,3.3270299900323153,1,1,0,,,,,,,,,,,,,,local_map_fast,True,12,7442,0,False,False,False,,,,inactive,,,,,,,,,,
front_end,5451283.617964992,True,icp_accepted,2403,0.9983354140657511,0.07690774104858407,12.138240010244772,7.321041019167751,5.012445006286725,3.3303750096820295,1,1,0,,,,,,,,,,,,,,local_map_fast,False,12,7442,0,False,False,False,,,,inactive,,,,,,,,,,
front_end,5451283.717942016,True,icp_accepted,2380,0.9995798319327731,0.08481692965503602,14.555280009517446,9.887312015052885,7.8764649806544185,3.47399601014331,1,1,0,,,,,,,,,,,,,,local_map_fast,False,12,7442,0,False,False,False,,,,inactive,,,,,,,,,,
front_end,5451283.817949152,True,icp_accepted,2397,0.9995828118481435,0.08600215678358746,10.929870011750609,6.052489014109597,4.137101001106203,3.4586560213938355,1,1,0,,,,,,,,,,,,,,local_map_fast,False,12,7442,0,False,False,False,,,,inactive,,,,,,,,,,
front_end,5451283.918046688,True,icp_accepted,2305,0.9995661605206074,0.09008416949789426,13.22441000957042,6.249949015909806,4.335723991971463,4.342828004155308,1,1,0,,,,,,,,,,,,,,local_map_fast,True,12,7232,0,False,False,False,,,,inactive,,,,,,,,,,
optimized_backend,,,,,,,,,,,,,,,,,,,,,,,,,,,,,,,,,,,,,,,,,30,29,0,,,,pose_graph,False
front_end,5451284.017958976,True,icp_accepted,2420,1.0,0.07293399849011004,13.566362991696224,7.060481992084533,4.923247994156554,5.014519992982969,1,1,0,,,,,,,,,,,,,,local_map_fast,False,12,7232,0,False,False,False,,,,inactive,,,,,,,,,,
front_end,5451284.118143488,True,icp_accepted,2421,0.9987608426270136,0.07827015969345391,11.29228199715726,6.509206985356286,4.559976019663736,3.326168021885678,1,1,0,,,,,,,,,,,,,,local_map_fast,False,12,7232,0,False,False,False,,,,inactive,,,,,,,,,,
front_end,5451284.217966848,True,icp_accepted,2498,0.9983987189751802,0.09850369828145311,11.635926988674328,6.968037982005626,4.677986988099292,3.2970639877021313,1,1,0,,,,,,,,,,,,,,local_map_fast,False,12,7232,0,False,False,False,,,,inactive,,,,,,,,,,
front_end,5451284.317867296,True,icp_accepted,2479,0.9983864461476402,0.10977390546761638,14.063757000258192,7.05696499790065,4.653051000786945,3.358046989887953,1,1,0,,,,,,,,,,,,,,local_map_fast,True,12,7299,0,False,False,False,,,,inactive,,,,,,,,,,
front_end,5451284.418041952,True,icp_accepted,2398,1.0,0.07561652042323208,10.99913998041302,6.7606990050990134,4.6061019820626825,3.1039400200825185,1,1,0,,,,,,,,,,,,,,local_map_fast,False,12,7299,0,False,False,False,,,,inactive,,,,,,,,,,
front_end,5451284.518012192,True,icp_accepted,2504,1.0,0.0842611485040756,11.876468983246014,6.5976729965768754,4.62838402017951,3.60150498454459,1,1,0,,,,,,,,,,,,,,local_map_fast,False,12,7299,0,False,False,False,,,,inactive,,,,,,,,,,
front_end,5451284.61791344,True,icp_accepted,2517,0.9996027016289233,0.09804448111528855,13.284012995427474,6.402357015758753,4.41439202404581,3.6188369849696755,1,1,0,,,,,,,,,,,,,,local_map_fast,True,12,7324,0,False,False,False,,,,inactive,,,,,,,,,,
optimized_backend,,,,,,,,,,,,,,,,,,,,,,,,,,,,,,,,,,,,,,,,,31,30,0,,,,pose_graph,False
front_end,5451284.717862112,True,icp_accepted,2516,0.9988076311605724,0.07991170755845889,12.54774900735356,7.521237013861537,5.14712801668793,3.6018459941260517,1,1,0,,,,,,,,,,,,,,local_map_fast,False,12,7324,0,False,False,False,,,,inactive,,,,,,,,,,
front_end,5451284.817998176,True,icp_accepted,2385,1.0,0.08300042603239666,11.390525993192568,6.469743006164208,4.461781005375087,3.727091010659933,1,1,0,,,,,,,,,,,,,,local_map_fast,False,12,7324,0,False,False,False,,,,inactive,,,,,,,,,,
front_end,5451284.917945024,True,icp_accepted,2366,0.9987320371935756,0.09239519847118259,12.685898982454091,7.5767219823319465,5.38663798943162,3.4408030041959137,1,1,0,,,,,,,,,,,,,,local_map_fast,False,12,7324,0,False,False,False,,,,inactive,,,,,,,,,,
front_end,5451285.018151136,True,icp_accepted,2352,0.9995748299319728,0.10112871420314315,13.130713981809095,6.879441993078217,4.754631023388356,3.0581849860027432,1,1,0,,,,,,,,,,,,,,local_map_fast,True,12,7286,0,False,False,False,,,,inactive,,,,,,,,,,
front_end,5451285.118070592,True,icp_accepted,2350,1.0,0.07459660833353995,12.054352991981432,7.4318200058769435,4.854488011915237,3.2797099847812206,1,1,0,,,,,,,,,,,,,,local_map_fast,False,12,7286,0,False,False,False,,,,inactive,,,,,,,,,,
optimized_backend,,,,,,,,,,,,,,,,,,,,,,,,,,,,,,,,,,,,,,,,,32,31,0,,,,pose_graph,False
front_end,5451285.218024544,True,icp_accepted,2374,1.0,0.07998069630472217,12.624363007489592,7.511809992138296,4.761003016028553,3.738742001587525,1,1,0,,,,,,,,,,,,,,local_map_fast,False,12,7286,0,False,False,False,,,,inactive,,,,,,,,,,
front_end,5451285.318008416,True,icp_accepted,2334,0.9995715509854327,0.08702206908948702,13.46044399542734,6.4007629989646375,4.404383013024926,4.3710409954655915,1,1,0,,,,,,,,,,,,,,local_map_fast,True,12,7262,0,False,False,False,,,,inactive,,,,,,,,,,
front_end,5451285.41805152,True,icp_accepted,2380,1.0,0.08397879832124999,9.461943001952022,5.308150983182713,3.3244249934796244,2.9932830075267702,1,1,0,,,,,,,,,,,,,,local_map_fast,False,12,7262,0,False,False,False,,,,inactive,,,,,,,,,,
front_end,5451285.517963008,True,icp_accepted,2341,0.9995728321230244,0.10430954631956225,12.687301001278684,6.471545988461003,4.582957975799218,3.4933020069729537,1,1,0,,,,,,,,,,,,,,local_map_fast,True,12,7220,0,False,False,False,,,,inactive,,,,,,,,,,
front_end,5451285.617846112,True,icp_accepted,2309,1.0,0.08044550871055856,13.307947985595092,8.541374001652002,6.321013002889231,3.5394489823374897,1,1,0,,,,,,,,,,,,,,local_map_fast,False,12,7220,0,False,False,False,,,,inactive,,,,,,,,,,
front_end,5451285.718130624,True,icp_accepted,2261,1.0,0.08429394832414729,10.524559009354562,6.423586019081995,4.485975980060175,2.9904069961048663,1,1,0,,,,,,,,,,,,,,local_map_fast,False,12,7220,0,False,False,False,,,,inactive,,,,,,,,,,
optimized_backend,,,,,,,,,,,,,,,,,,,,,,,,,,,,,,,,,,,,,,,,,33,32,0,,,,pose_graph,False
front_end,5451285.817975648,True,icp_accepted,2282,0.9978089395267309,0.09889398242102995,15.305580018321052,6.453312002122402,4.385738022392616,3.898212016792968,1,1,0,,,,,,,,,,,,,,local_map_fast,True,12,7221,0,False,False,False,,,,inactive,,,,,,,,,,
front_end,5451285.917935104,True,icp_accepted,2219,1.0,0.0740691493929552,12.636405997909606,7.926247984869406,4.951880982844159,3.262829006416723,1,1,0,,,,,,,,,,,,,,local_map_fast,False,12,7221,0,False,False,False,,,,inactive,,,,,,,,,,
front_end,5451286.018010208,True,icp_accepted,2234,1.0,0.08267965497982159,12.113664008211344,7.271128008142114,5.292450980050489,3.7460259918589145,1,1,0,,,,,,,,,,,,,,local_map_fast,False,12,7221,0,False,False,False,,,,inactive,,,,,,,,,,
front_end,5451286.118003488,True,icp_accepted,2132,1.0,0.09165456364014885,13.600926991784945,9.070737985894084,7.188933988800272,3.4364750026725233,1,1,0,,,,,,,,,,,,,,local_map_fast,False,12,7221,0,False,False,False,,,,inactive,,,,,,,,,,
front_end,5451286.217931904,True,icp_accepted,2193,1.0,0.10141733252188363,12.926060007885098,7.142757007386535,5.124685994815081,2.619350008899346,1,1,0,,,,,,,,,,,,,,local_map_fast,True,12,7227,0,False,False,False,,,,inactive,,,,,,,,,,
front_end,5451286.322815488,True,icp_accepted,2187,1.0,0.0753969595002453,11.460837995400652,6.598965002922341,4.667076020268723,3.669051977340132,1,1,0,,,,,,,,,,,,,,local_map_fast,False,12,7227,0,False,False,False,,,,inactive,,,,,,,,,,
optimized_backend,,,,,,,,,,,,,,,,,,,,,,,,,,,,,,,,,,,,,,,,,34,33,0,,,,pose_graph,False
front_end,5451286.41792624,True,icp_accepted,2188,1.0,0.09018697460807874,18.094117986038327,9.396009991178289,7.194753998192027,7.537717989180237,1,1,0,,,,,,,,,,,,,,local_map_fast,False,12,7227,0,False,False,False,,,,inactive,,,,,,,,,,
front_end,5451286.517711968,True,icp_accepted,2187,1.0,0.096773303532162,11.011294001946226,7.276207994436845,5.354216991690919,2.6343080098740757,1,1,0,,,,,,,,,,,,,,local_map_fast,False,12,7227,0,False,False,False,,,,inactive,,,,,,,,,,
front_end,5451286.61707008,True,icp_accepted,2279,1.0,0.10844643683070487,14.28345899330452,7.733064994681627,4.6488119987770915,3.7286740262061357,1,1,0,,,,,,,,,,,,,,local_map_fast,True,12,7446,0,False,False,False,,,,inactive,,,,,,,,,,
front_end,5451286.717951296,True,icp_accepted,2199,1.0,0.08154353200670474,12.021790986182168,7.048539002425969,5.041720985900611,3.7567869876511395,1,1,0,,,,,,,,,,,,,,local_map_fast,False,12,7446,0,False,False,False,,,,inactive,,,,,,,,,,
front_end,5451286.818026432,True,icp_accepted,2140,1.0,0.08886896232841644,13.741281989496201,8.452757989289239,6.235902983462438,4.054906981764361,1,1,0,,,,,,,,,,,,,,local_map_fast,False,12,7446,0,False,False,False,,,,inactive,,,,,,,,,,
front_end,5451286.917957824,True,icp_accepted,2233,0.999552171965965,0.10898173118661586,14.439143007621169,8.498734008753672,5.139985005371273,3.050389001145959,1,1,0,,,,,,,,,,,,,,local_map_fast,True,12,7527,0,False,False,False,,,,inactive,,,,,,,,,,
optimized_backend,,,,,,,,,,,,,,,,,,,,,,,,,,,,,,,,,,,,,,,,,35,34,0,,,,pose_graph,False
front_end,5451287.017961408,True,icp_accepted,2160,1.0,0.08422505367962695,13.990890001878142,8.84083702112548,6.220825016498566,3.6803830007556826,1,1,0,,,,,,,,,,,,,,local_map_fast,False,12,7527,0,False,False,False,,,,inactive,,,,,,,,,,
front_end,5451287.11831088,True,icp_accepted,2193,0.9995440036479708,0.08128693135846435,12.211408000439405,7.4978039774578065,4.667316999984905,3.1585429969709367,1,1,0,,,,,,,,,,,,,,local_map_fast,False,12,7527,0,False,False,False,,,,inactive,,,,,,,,,,
front_end,5451287.21777216,True,icp_accepted,2104,0.998574144486692,0.0936832524902239,12.699133978458121,6.876396975712851,4.588960000546649,3.5077680076938123,1,1,0,,,,,,,,,,,,,,local_map_fast,False,12,7527,0,False,False,False,,,,inactive,,,,,,,,,,
front_end,5451287.3179024,True,icp_accepted,2105,0.9995249406175772,0.10530198089275918,14.766497013624758,8.379159000469372,6.1931929958518595,3.449620009632781,1,1,0,,,,,,,,,,,,,,local_map_fast,True,12,7578,0,False,False,False,,,,inactive,,,,,,,,,,
front_end,5451287.417821408,True,icp_accepted,2157,1.0,0.07308529580335818,11.462581023806706,7.288610999239609,5.1374000031501055,2.908663998823613,1,1,0,,,,,,,,,,,,,,local_map_fast,False,12,7578,0,False,False,False,,,,inactive,,,,,,,,,,
front_end,5451287.517918592,True,icp_accepted,2098,1.0,0.08425332117510954,13.6388779792469,8.708847977686673,6.7157849844079465,3.483001986751333,1,1,0,,,,,,,,,,,,,,local_map_fast,False,12,7578,0,False,False,False,,,,inactive,,,,,,,,,,
front_end,5451287.617913824,True,icp_accepted,2177,1.0,0.0919260715950996,13.80745499045588,6.126398016931489,4.2647709778975695,2.8673259948845953,1,1,0,,,,,,,,,,,,,,local_map_fast,True,12,7472,0,False,False,False,,,,inactive,,,,,,,,,,
optimized_backend,,,,,,,,,,,,,,,,,,,,,,,,,,,,,,,,,,,,,,,,,36,35,0,,,,pose_graph,False
front_end,5451287.718068704,True,icp_accepted,2135,1.0,0.0747566526687463,12.798972020391375,7.778902014251798,5.260650999844074,3.4739550028461963,1,1,0,,,,,,,,,,,,,,local_map_fast,False,12,7472,0,False,False,False,,,,inactive,,,,,,,,,,
front_end,5451287.817935104,True,icp_accepted,2239,1.0,0.10347626930567476,11.8123080173973,7.659307011635974,4.71543800085783,2.678422024473548,1,1,0,,,,,,,,,,,,,,local_map_fast,False,12,7472,0,False,False,False,,,,inactive,,,,,,,,,,
front_end,5451287.917936224,True,icp_accepted,2236,1.0,0.09338696443283227,14.849241997580975,8.555840991903096,5.952651001280174,3.4496900043450296,1,1,0,,,,,,,,,,,,,,local_map_fast,True,12,7542,0,False,False,False,,,,inactive,,,,,,,,,,
front_end,5451288.018011936,True,icp_accepted,2240,0.9995535714285714,0.07658183102042215,13.938030024291947,9.563764004269615,7.2514209896326065,2.98560899682343,1,1,0,,,,,,,,,,,,,,local_map_fast,False,12,7542,0,False,False,False,,,,inactive,,,,,,,,,,
optimized_backend,,,,,,,,,,,,,,,,,,,,,,,,,,,,,,,,,,,,,,,,,37,36,0,,,,pose_graph,False
front_end,5451288.117886048,True,icp_accepted,2285,0.9982494529540481,0.08591583936414839,16.233363014180213,9.407150006154552,6.387989007635042,4.524299001786858,1,1,0,,,,,,,,,,,,,,local_map_fast,False,12,7542,0,False,False,False,,,,inactive,,,,,,,,,,
front_end,5451288.218042368,True,icp_accepted,2295,0.9991285403050109,0.099226431299763,13.31105298595503,8.351407013833523,5.672364990459755,3.319987008580938,1,1,0,,,,,,,,,,,,,,local_map_fast,False,12,7542,0,False,False,False,,,,inactive,,,,,,,,,,
front_end,5451288.318020576,True,icp_accepted,2267,0.9995588883987648,0.11352290281180502,14.54842698876746,7.9090560029726475,4.608477000147104,3.5298900038469583,1,1,0,,,,,,,,,,,,,,local_map_fast,True,12,7550,0,False,False,False,,,,inactive,,,,,,,,,,
front_end,5451288.417925056,True,icp_accepted,2219,1.0,0.08902300503620118,11.893609975231811,6.465053971624002,4.465027013793588,4.202383977826685,1,1,0,,,,,,,,,,,,,,local_map_fast,False,12,7550,0,False,False,False,,,,inactive,,,,,,,,,,
front_end,5451288.51806,True,icp_accepted,2208,1.0,0.09290189036318608,13.465733994962648,6.916482001543045,4.600149986799806,3.525491978507489,1,1,0,,,,,,,,,,,,,,local_map_fast,True,12,7285,0,False,False,False,,,,inactive,,,,,,,,,,
optimized_backend,,,,,,,,,,,,,,,,,,,,,,,,,,,,,,,,,,,,,,,,,38,37,0,,,,pose_graph,False
front_end,5451288.6180296,True,icp_accepted,2260,1.0,0.07269549892268545,16.178268007934093,10.608206008328125,7.725370989646763,4.372623021481559,1,1,0,,,,,,,,,,,,,,local_map_fast,False,12,7285,0,False,False,False,,,,inactive,,,,,,,,,,
front_end,5451288.7176992,True,icp_accepted,2204,1.0,0.08384832064722016,11.914950999198481,6.498776987427846,4.506846016738564,4.07642699428834,1,1,0,,,,,,,,,,,,,,local_map_fast,False,12,7285,0,False,False,False,,,,inactive,,,,,,,,,,
front_end,5451288.817942368,True,icp_accepted,2274,0.9986807387862797,0.0937181161902472,13.847830996382982,6.742584984749556,4.795076994923875,4.239572997903451,1,1,0,,,,,,,,,,,,,,local_map_fast,True,12,7278,0,False,False,False,,,,inactive,,,,,,,,,,
front_end,5451288.918019968,True,icp_accepted,2290,1.0,0.08898333972186245,10.815835994435474,5.291209003189579,3.342026990139857,4.059614992002025,1,1,0,,,,,,,,,,,,,,local_map_fast,False,12,7278,0,False,False,False,,,,inactive,,,,,,,,,,
front_end,5451289.01794016,True,icp_accepted,2371,1.0,0.09234051312783859,12.434967007720843,5.8338580129202455,3.546531981555745,3.781092003919184,1,1,0,,,,,,,,,,,,,,local_map_fast,True,12,7217,0,False,False,False,,,,inactive,,,,,,,,,,
front_end,5451289.11798432,True,icp_accepted,2361,0.9991529013130029,0.09877376384930944,9.70521999988705,5.0726890040095896,3.127044008579105,3.3029940095730126,1,1,0,,,,,,,,,,,,,,local_map_fast,False,12,7217,0,False,False,False,,,,inactive,,,,,,,,,,
optimized_backend,,,,,,,,,,,,,,,,,,,,,,,,,,,,,,,,,,,,,,,,,39,38,0,,,,pose_graph,False
front_end,5451289.21798816,True,icp_accepted,2470,0.9846153846153847,0.12969173013090357,11.762895010178909,5.629865016089752,3.5744039923883975,4.2705619998741895,1,1,0,,,,,,,,,,,,,,local_map_fast,False,12,7217,0,False,False,False,,,,inactive,,,,,,,,,,
front_end,5451289.31786528,True,icp_accepted,2491,0.9723002810116419,0.1436338840822206,13.10635800473392,6.059812003513798,4.044146015075967,3.9000859833322465,1,1,0,,,,,,,,,,,,,,local_map_fast,True,12,7190,0,False,False,False,,,,inactive,,,,,,,,,,
front_end,5451289.417974336,True,icp_accepted,2477,0.9995962858296327,0.09976975619617873,12.230904016178101,6.999066012213007,4.607945011230186,3.964736999478191,1,1,0,,,,,,,,,,,,,,local_map_fast,False,12,7190,0,False,False,False,,,,inactive,,,,,,,,,,
front_end,5451289.518064064,True,icp_accepted,2427,0.9938195302843016,0.13691957616502665,12.127639987738803,7.36339099239558,5.123734998051077,3.5046229895669967,1,1,0,,,,,,,,,,,,,,local_map_fast,False,12,7190,0,False,False,False,,,,inactive,,,,,,,,,,
front_end,5451289.617870208,True,icp_accepted,2469,0.9688132847306602,0.1382710588967457,14.586839999537915,6.52825299766846,4.591614997480065,4.735594993690029,1,1,0,,,,,,,,,,,,,,local_map_fast,True,12,7160,0,False,False,False,,,,inactive,,,,,,,,,,
optimized_backend,,,,,,,,,,,,,,,,,,,,,,,,,,,,,,,,,,,,,,,,,40,39,0,,,,pose_graph,False
front_end,5451289.717972832,True,icp_accepted,2502,1.0,0.11783062938647576,17.352263996144757,10.930802003713325,7.575358991743997,5.070824990980327,1,1,0,,,,,,,,,,,,,,local_map_fast,False,12,7160,0,False,False,False,,,,inactive,,,,,,,,,,
front_end,5451289.817825536,True,icp_accepted,2533,0.9944729569680221,0.15560485304986094,12.115448014810681,6.819920992711559,4.82512399321422,3.4326669992879033,1,1,0,,,,,,,,,,,,,,local_map_fast,False,12,7160,0,False,False,False,,,,inactive,,,,,,,,,,
front_end,5451289.917879808,True,icp_accepted,2660,0.9928571428571429,0.17469038161773098,15.760954993311316,7.382356998277828,5.136738996952772,4.716850002296269,1,1,0,,,,,,,,,,,,,,local_map_fast,True,12,7532,0,False,False,False,,,,inactive,,,,,,,,,,
front_end,5451290.017944448,True,icp_accepted,2739,0.9996349032493611,0.10842436547837864,13.57687299605459,7.740941015072167,5.327357008354738,4.106042004423216,1,1,0,,,,,,,,,,,,,,local_map_fast,False,12,7532,0,False,False,False,,,,inactive,,,,,,,,,,
front_end,5451290.117926848,True,icp_accepted,2812,0.9992887624466572,0.1297648195145299,13.1615319987759,6.749597989255562,4.635596997104585,4.328540991991758,1,1,0,,,,,,,,,,,,,,local_map_fast,False,12,7532,0,False,False,False,,,,inactive,,,,,,,,,,
optimized_backend,,,,,,,,,,,,,,,,,,,,,,,,,,,,,,,,,,,,,,,,,41,40,0,,,,pose_graph,False
front_end,5451290.217997888,True,icp_accepted,2809,0.9967960128159488,0.1463520403264154,15.796141000464559,7.556233002105728,5.130776989972219,4.494872991926968,1,1,0,,,,,,,,,,,,,,local_map_fast,True,12,7850,0,False,False,False,,,,inactive,,,,,,,,,,
front_end,5451290.318074592,True,icp_accepted,2807,0.9996437477734236,0.09716808586211324,14.44882998475805,9.481490007601678,7.481001986889169,3.6561579909175634,1,1,0,,,,,,,,,,,,,,local_map_fast,False,12,7850,0,False,False,False,,,,inactive,,,,,,,,,,
front_end,5451290.418089632,True,icp_accepted,2824,0.9992917847025495,0.11307496183062259,14.270424988353625,8.386151981540024,5.959424015600234,4.178407980361953,1,1,0,,,,,,,,,,,,,,local_map_fast,False,12,7850,0,False,False,False,,,,inactive,,,,,,,,,,
front_end,5451290.518201536,True,icp_accepted,2831,0.9989403037795832,0.12378722784733337,11.822828004369512,7.0590300019830465,4.697392985690385,3.3081030123867095,1,1,0,,,,,,,,,,,,,,local_map_fast,False,12,7850,0,False,False,False,,,,inactive,,,,,,,,,,
front_end,5451290.618241536,True,icp_accepted,2839,0.9957731595632265,0.13020147066955925,14.981981978053227,7.090968982083723,4.965988016920164,4.076056007761508,1,1,0,,,,,,,,,,,,,,local_map_fast,True,12,7836,0,False,False,False,,,,inactive,,,,,,,,,,
front_end,5451290.717891136,True,icp_accepted,2721,0.9988974641675854,0.09001113370462686,12.552818981930614,6.7249819985590875,4.672826995374635,3.7180839863140136,1,1,0,,,,,,,,,,,,,,local_map_fast,False,12,7836,0,False,False,False,,,,inactive,,,,,,,,,,
front_end,5451290.817842624,True,icp_accepted,2777,0.9981994958588405,0.09656006675592466,12.94666898320429,7.344785990426317,5.254179995972663,4.091715993126854,1,1,0,,,,,,,,,,,,,,local_map_fast,False,12,7836,0,False,False,False,,,,inactive,,,,,,,,,,
optimized_backend,,,,,,,,,,,,,,,,,,,,,,,,,,,,,,,,,,,,,,,,,42,41,0,,,,pose_graph,False
front_end,5451290.917872704,True,icp_accepted,2729,0.9926713081714914,0.10090619293828679,21.912800992140546,12.218530988320708,9.517126018181443,5.492396972840652,1,1,0,,,,,,,,,,,,,,local_map_fast,True,12,8060,0,False,False,False,,,,inactive,,,,,,,,,,
front_end,5451291.017808576,True,icp_accepted,2710,0.9988929889298893,0.0849100331063674,12.27261297754012,6.586411996977404,4.605299996910617,4.133604001253843,1,1,0,,,,,,,,,,,,,,local_map_fast,False,12,8060,0,False,False,False,,,,inactive,,,,,,,,,,
front_end,5451291.117883936,True,icp_accepted,2759,0.9963754983689742,0.0930325692901172,13.369612977840006,7.656681991647929,5.413728998973966,3.998981002951041,1,1,0,,,,,,,,,,,,,,local_map_fast,False,12,8060,0,False,False,False,,,,inactive,,,,,,,,,,
front_end,5451291.217903232,True,icp_accepted,2772,0.9927849927849928,0.1391193889188614,12.264969001989812,7.025596976745874,4.726187995402142,3.5970059980172664,1,1,0,,,,,,,,,,,,,,local_map_fast,False,12,8060,0,False,False,False,,,,inactive,,,,,,,,,,
front_end,5451291.317958176,True,icp_accepted,2678,0.9943988050784167,0.15256575046172446,14.942687994334847,7.9076740075834095,5.261874001007527,3.2881460210774094,1,1,0,,,,,,,,,,,,,,local_map_fast,True,12,8264,0,False,False,False,,,,inactive,,,,,,,,,,
front_end,5451291.417969088,True,icp_accepted,2627,0.9984773505900266,0.08728401290491795,12.78602599631995,7.108262012479827,4.482168995309621,3.611402993556112,1,1,0,,,,,,,,,,,,,,local_map_fast,False,12,8264,0,False,False,False,,,,inactive,,,,,,,,,,
optimized_backend,,,,,,,,,,,,,,,,,,,,,,,,,,,,,,,,,,,,,,,,,43,42,0,,,,pose_graph,False
front_end,5451291.51778704,True,icp_accepted,2704,0.9985207100591716,0.1096429390773201,12.804300989955664,6.940026010852307,4.676454002037644,3.7783470179419965,1,1,0,,,,,,,,,,,,,,local_map_fast,False,12,8264,0,False,False,False,,,,inactive,,,,,,,,,,
front_end,5451291.617882528,True,icp_accepted,2673,0.9973812196034418,0.11675176366070163,12.20347301568836,7.02462499612011,4.988760018022731,3.9095940010156482,1,1,0,,,,,,,,,,,,,,local_map_fast,False,12,8264,0,False,False,False,,,,inactive,,,,,,,,,,
front_end,5451291.717858752,True,icp_accepted,2585,0.9988394584139265,0.12495039987604223,14.632675010943785,6.968499015783891,4.521413007751107,3.7773950025439262,1,1,0,,,,,,,,,,,,,,local_map_fast,True,12,8459,0,False,False,False,,,,inactive,,,,,,,,,,
front_end,5451291.817977216,True,icp_accepted,2500,1.0,0.09056607739942144,12.131396972108632,6.166171981021762,4.3050170061178505,4.152459994656965,1,1,0,,,,,,,,,,,,,,local_map_fast,False,12,8459,0,False,False,False,,,,inactive,,,,,,,,,,
front_end,5451291.917796384,True,icp_accepted,2521,1.0,0.09989716273355906,11.90742600010708,6.659378006588668,4.684740008087829,3.838400007225573,1,1,0,,,,,,,,,,,,,,local_map_fast,False,12,8459,0,False,False,False,,,,inactive,,,,,,,,,,
front_end,5451292.01787872,True,icp_accepted,2522,0.999603489294211,0.10879079106473047,13.356337993172929,6.254508014535531,4.37579900608398,3.662299015559256,1,1,0,,,,,,,,,,,,,,local_map_fast,True,12,8704,0,False,False,False,,,,inactive,,,,,,,,,,
front_end,5451292.117776384,True,icp_accepted,2491,1.0,0.08188580077894514,17.075523996027187,9.911687986459583,7.036547991447151,5.677823995938525,1,1,0,,,,,,,,,,,,,,local_map_fast,False,12,8704,0,False,False,False,,,,inactive,,,,,,,,,,
optimized_backend,,,,,,,,,,,,,,,,,,,,,,,,,,,,,,,,,,,,,,,,,44,43,0,,,,pose_graph,False
front_end,5451292.219108992,True,icp_accepted,2420,0.9991735537190083,0.09336006701893611,12.167223991127685,6.675307988189161,4.689758992753923,3.8157569942995906,1,1,0,,,,,,,,,,,,,,local_map_fast,False,12,8704,0,False,False,False,,,,inactive,,,,,,,,,,
front_end,5451292.317853056,True,icp_accepted,2499,0.9987995198079231,0.11127995322079208,15.56433501536958,7.273060997249559,4.831655998714268,4.494761989917606,1,1,0,,,,,,,,,,,,,,local_map_fast,True,12,8831,0,False,False,False,,,,inactive,,,,,,,,,,
front_end,5451292.417779936,True,icp_accepted,2521,1.0,0.09170067830013533,18.11606899718754,11.180842004250735,8.354322024388239,4.361753002740443,1,1,0,,,,,,,,,,,,,,local_map_fast,False,12,8831,0,False,False,False,,,,inactive,,,,,,,,,,
front_end,5451292.517770336,True,icp_accepted,2499,0.9995998399359743,0.08874749797641027,15.524160000495613,6.890182005008683,4.619788000127301,3.7105899828020483,1,1,0,,,,,,,,,,,,,,local_map_fast,True,12,8852,0,False,False,False,,,,inactive,,,,,,,,,,
front_end,5451292.6177904,True,icp_accepted,2402,0.9995836802664446,0.08812859934436242,16.483982995850965,9.977901994716376,7.461344997864217,4.82818900491111,1,1,0,,,,,,,,,,,,,,local_map_fast,False,12,8852,0,False,False,False,,,,inactive,,,,,,,,,,
optimized_backend,,,,,,,,,,,,,,,,,,,,,,,,,,,,,,,,,,,,,,,,,45,44,0,,,,pose_graph,False
front_end,5451292.71781408,True,icp_accepted,2393,0.9983284580025074,0.10606386553338797,18.145895010093227,11.367402010364458,8.762199024204165,4.728531988803297,1,1,0,,,,,,,,,,,,,,local_map_fast,False,12,8852,0,False,False,False,,,,inactive,,,,,,,,,,
front_end,5451292.817909152,True,icp_accepted,2465,0.9995943204868154,0.10492019315980163,12.558640009956434,7.640791998710483,5.5140779877547175,3.5570710024330765,1,1,0,,,,,,,,,,,,,,local_map_fast,False,12,8852,0,False,False,False,,,,inactive,,,,,,,,,,
front_end,5451292.917787392,True,icp_accepted,2469,1.0,0.11098839166806124,15.988633007509634,8.999364014016464,6.989018002059311,3.800267993938178,1,1,0,,,,,,,,,,,,,,local_map_fast,True,12,8862,0,False,False,False,,,,inactive,,,,,,,,,,
front_end,5451293.017832288,True,icp_accepted,2385,1.0,0.0880248546085209,14.65680098044686,8.245878998422995,5.160091997822747,4.214386019157246,1,1,0,,,,,,,,,,,,,,local_map_fast,False,12,8862,0,False,False,False,,,,inactive,,,,,,,,,,
front_end,5451293.117950112,True,icp_accepted,2403,1.0,0.09023428113288338,14.47018000180833,6.476224982179701,4.451641987543553,4.475377005292103,1,1,0,,,,,,,,,,,,,,local_map_fast,True,12,8582,0,False,False,False,,,,inactive,,,,,,,,,,
front_end,5451293.217807936,True,icp_accepted,2364,0.9995769881556683,0.0761632028466045,12.219693016959354,6.611549004446715,4.587507020914927,4.190881998511031,1,1,0,,,,,,,,,,,,,,local_map_fast,False,12,8582,0,False,False,False,,,,inactive,,,,,,,,,,
front_end,5451293.31781568,True,icp_accepted,2458,1.0,0.08340142256777387,12.607791984919459,7.774973986670375,5.5118029995355755,3.385869989870116,1,1,0,,,,,,,,,,,,,,local_map_fast,False,12,8582,0,False,False,False,,,,inactive,,,,,,,,,,
optimized_backend,,,,,,,,,,,,,,,,,,,,,,,,,,,,,,,,,,,,,,,,,46,45,0,,,,pose_graph,False
front_end,5451293.41776416,True,icp_accepted,2463,1.0,0.09188908854657982,17.24287902470678,9.623737016227096,7.03353199060075,4.433907975908369,1,1,0,,,,,,,,,,,,,,local_map_fast,True,12,8490,0,False,False,False,,,,inactive,,,,,,,,,,
front_end,5451293.517820704,True,icp_accepted,2571,0.9972773239984442,0.10221098459065699,12.151283997809514,6.896213017171249,4.753749002702534,3.889696003170684,1,1,0,,,,,,,,,,,,,,local_map_fast,False,12,8490,0,False,False,False,,,,inactive,,,,,,,,,,
front_end,5451293.617761376,True,icp_accepted,2526,0.998812351543943,0.10636894106241317,13.008254987653345,6.824128999141976,4.848646989557892,4.141159006394446,1,1,0,,,,,,,,,,,,,,local_map_fast,False,12,8490,0,False,False,False,,,,inactive,,,,,,,,,,
front_end,5451293.717938816,True,icp_accepted,2505,1.0,0.09455941677703174,14.58151001133956,7.313167006941512,4.9594649753998965,3.519962017890066,1,1,0,,,,,,,,,,,,,,local_map_fast,True,12,8440,0,False,False,False,,,,inactive,,,,,,,,,,
optimized_backend,,,,,,,,,,,,,,,,,,,,,,,,,,,,,,,,,,,,,,,,,47,46,0,,,,pose_graph,False
front_end,5451293.817879904,True,icp_accepted,2414,0.9983429991714996,0.10671645304747529,12.339648004854098,6.890933000249788,4.498169000726193,4.039947991259396,1,1,0,,,,,,,,,,,,,,local_map_fast,False,12,8440,0,False,False,False,,,,inactive,,,,,,,,,,
front_end,5451293.917734112,True,icp_accepted,2441,0.9979516591560835,0.11881615518994539,12.51085998956114,6.787368998629972,4.769138002302498,3.5449689894448966,1,1,0,,,,,,,,,,,,,,local_map_fast,False,12,8440,0,False,False,False,,,,inactive,,,,,,,,,,
front_end,5451294.017815808,True,icp_accepted,2502,0.9980015987210232,0.10141094549315643,12.257563997991383,7.316392991924658,4.751655011205003,3.5793129936791956,1,1,0,,,,,,,,,,,,,,local_map_fast,False,12,8440,0,False,False,False,,,,inactive,,,,,,,,,,
front_end,5451294.117887072,True,icp_accepted,2529,1.0,0.11700411928024691,13.551834999816492,6.346009991830215,4.236907989252359,4.0240680100396276,1,1,0,,,,,,,,,,,,,,local_map_fast,True,12,8227,0,False,False,False,,,,inactive,,,,,,,,,,
front_end,5451294.217809952,True,icp_accepted,2562,0.9984387197501952,0.08993228648663504,11.38219001586549,6.70993298990652,4.803502990398556,3.3848579914774746,1,1,0,,,,,,,,,,,,,,local_map_fast,False,12,8227,0,False,False,False,,,,inactive,,,,,,,,,,
front_end,5451294.3178408,True,icp_accepted,2461,0.9967492889069484,0.09548543652485754,12.306245014769956,7.527900015702471,5.12490700930357,3.4666220017243177,1,1,0,,,,,,,,,,,,,,local_map_fast,False,12,8227,0,False,False,False,,,,inactive,,,,,,,,,,
front_end,5451294.417798496,True,icp_accepted,2519,0.9952362048431918,0.10964082047168744,14.413383993087336,6.877198000438511,4.600821994245052,3.661849012132734,1,1,0,,,,,,,,,,,,,,local_map_fast,True,12,8124,0,False,False,False,,,,inactive,,,,,,,,,,
optimized_backend,,,,,,,,,,,,,,,,,,,,,,,,,,,,,,,,,,,,,,,,,48,47,0,,,,pose_graph,False
front_end,5451294.517716192,True,icp_accepted,2510,0.9976095617529881,0.09147085492634961,12.407316011376679,6.713761016726494,4.675542993936688,3.811600006883964,1,1,0,,,,,,,,,,,,,,local_map_fast,False,12,8124,0,False,False,False,,,,inactive,,,,,,,,,,
front_end,5451294.617755936,True,icp_accepted,2564,0.9972698907956318,0.10225613303838751,13.646764011355117,7.54499202594161,4.610029980540276,4.2879339889623225,1,1,0,,,,,,,,,,,,,,local_map_fast,False,12,8124,0,False,False,False,,,,inactive,,,,,,,,,,
front_end,5451294.717853856,True,icp_accepted,2610,0.996551724137931,0.1153285658549962,11.340241006109864,5.989360011881217,4.0991290006786585,3.58963300823234,1,1,0,,,,,,,,,,,,,,local_map_fast,False,12,8124,0,False,False,False,,,,inactive,,,,,,,,,,
front_end,5451294.817739296,True,icp_accepted,2609,0.9946339593714066,0.13165963796283914,13.602891005575657,6.595838989596814,4.355209995992482,3.298666008049622,1,1,0,,,,,,,,,,,,,,local_map_fast,True,12,8046,0,False,False,False,,,,inactive,,,,,,,,,,
front_end,5451294.91787968,True,icp_accepted,2566,0.9984411535463756,0.09759257910358766,12.673344986978918,6.515107990708202,4.584221023833379,4.266032978193834,1,1,0,,,,,,,,,,,,,,local_map_fast,False,12,8046,0,False,False,False,,,,inactive,,,,,,,,,,
front_end,5451295.01770624,True,icp_accepted,2497,0.9987985582699239,0.1179018246403437,14.706635003676638,6.324560003122315,4.435442009707913,3.652461018646136,1,1,0,,,,,,,,,,,,,,local_map_fast,False,12,8046,0,False,False,False,,,,inactive,,,,,,,,,,
optimized_backend,,,,,,,,,,,,,,,,,,,,,,,,,,,,,,,,,,,,,,,,,49,48,0,,,,pose_graph,False
front_end,5451295.11777296,True,icp_accepted,2477,0.9995962858296327,0.13051768611407838,15.818423009477556,8.493374014506117,4.900334984995425,3.674873005365953,1,1,0,,,,,,,,,,,,,,local_map_fast,True,12,8078,0,False,False,False,,,,inactive,,,,,,,,,,
front_end,5451295.217830368,True,icp_accepted,2404,1.0,0.08983163998181361,14.107178983977064,8.60426199506037,6.503756012534723,3.280862991232425,1,1,0,,,,,,,,,,,,,,local_map_fast,False,12,8078,0,False,False,False,,,,inactive,,,,,,,,,,
front_end,5451295.317808384,True,icp_accepted,2438,1.0,0.09235169504468879,12.445997999748215,6.927462003659457,4.789807018823922,4.220036993501708,1,1,0,,,,,,,,,,,,,,local_map_fast,False,12,8078,0,False,False,False,,,,inactive,,,,,,,,,,
front_end,5451295.417874112,True,icp_accepted,2436,0.9991789819376026,0.0993784211717828,12.111500022001565,6.525388016598299,4.484423989197239,3.9974690007511526,1,1,0,,,,,,,,,,,,,,local_map_fast,False,12,8078,0,False,False,False,,,,inactive,,,,,,,,,,
front_end,5451295.517873344,True,icp_accepted,2445,1.0,0.1082438798628977,13.995427987538278,6.2571629823651165,4.302161018131301,3.1472720147576183,1,1,0,,,,,,,,,,,,,,local_map_fast,True,12,8081,0,False,False,False,,,,inactive,,,,,,,,,,
front_end,5451295.617803232,True,icp_accepted,2480,0.9983870967741936,0.0893332190652256,14.397093007573858,8.984937012428418,6.648868991760537,3.696343017509207,1,1,0,,,,,,,,,,,,,,local_map_fast,False,12,8081,0,False,False,False,,,,inactive,,,,,,,,,,
optimized_backend,,,,,,,,,,,,,,,,,,,,,,,,,,,,,,,,,,,,,,,,,50,49,0,,,,pose_graph,False
front_end,5451295.7177656,True,icp_accepted,2496,0.9979967948717948,0.10140610639645434,12.040395988151431,7.024894992355257,5.075213004602119,3.000215976499021,1,1,0,,,,,,,,,,,,,,local_map_fast,False,12,8081,0,False,False,False,,,,inactive,,,,,,,,,,
front_end,5451295.817683072,True,icp_accepted,2539,0.9992122883024813,0.10984738285479109,11.380076000932604,6.731754983775318,4.58425100077875,3.3599820162635297,1,1,0,,,,,,,,,,,,,,local_map_fast,False,12,8081,0,False,False,False,,,,inactive,,,,,,,,,,
front_end,5451295.917762816,True,icp_accepted,2491,0.9983942191890807,0.1223100946944442,12.988236994715407,6.534954998642206,4.60989901330322,3.4765609889291227,1,1,0,,,,,,,,,,,,,,local_map_fast,True,12,8180,0,False,False,False,,,,inactive,,,,,,,,,,
front_end,5451296.017830304,True,icp_accepted,2545,0.9988212180746562,0.1094320765487067,12.420379993272945,7.2516809741500765,4.620780004188418,3.7092269922140986,1,1,0,,,,,,,,,,,,,,local_map_fast,False,12,8180,0,False,False,False,,,,inactive,,,,,,,,,,
front_end,5451296.117816928,True,icp_accepted,2403,0.9987515605493134,0.10396870773998819,13.51989500108175,7.835397991584614,5.8704770053736866,3.23853301233612,1,1,0,,,,,,,,,,,,,,local_map_fast,False,12,8180,0,False,False,False,,,,inactive,,,,,,,,,,
optimized_backend,,,,,,,,,,,,,,,,,,,,,,,,,,,,,,,,,,,,,,,,,51,50,0,,,,pose_graph,False
front_end,5451296.217754912,True,icp_accepted,2451,0.9987760097919217,0.11613658062600885,15.909282985376194,7.944762997794896,5.39057599962689,3.8235819956753403,1,1,0,,,,,,,,,,,,,,local_map_fast,True,12,8234,0,False,False,False,,,,inactive,,,,,,,,,,
front_end,5451296.317690048,True,icp_accepted,2419,1.0,0.09341865697375569,15.177799999946728,9.794427984161302,7.5614440138451755,3.8708909996785223,1,1,0,,,,,,,,,,,,,,local_map_fast,False,12,8234,0,False,False,False,,,,inactive,,,,,,,,,,
front_end,5451296.417854528,True,icp_accepted,2464,0.9995941558441559,0.08985490384978036,13.974458997836336,8.368959999643266,5.533543997444212,3.7785179738420993,1,1,0,,,,,,,,,,,,,,local_map_fast,False,12,8234,0,False,False,False,,,,inactive,,,,,,,,,,
front_end,5451296.517718304,True,icp_accepted,2414,1.0,0.10060964946477623,11.52195199392736,6.334398000035435,4.2812119936570525,3.3681360073387623,1,1,0,,,,,,,,,,,,,,local_map_fast,False,12,8234,0,False,False,False,,,,inactive,,,,,,,,,,
front_end,5451296.617801088,True,icp_accepted,2490,0.9987951807228915,0.10906844098959545,13.714520988287404,5.5223029921762645,3.435734019149095,4.809342994121835,1,1,0,,,,,,,,,,,,,,local_map_fast,True,12,8345,0,False,False,False,,,,inactive,,,,,,,,,,
front_end,5451296.717733408,True,icp_accepted,2509,1.0,0.0852538683199678,11.383492994355038,5.435109982499853,3.4086730156559497,4.568090982502326,1,1,0,,,,,,,,,,,,,,local_map_fast,False,12,8345,0,False,False,False,,,,inactive,,,,,,,,,,
front_end,5451296.81776096,True,icp_accepted,2430,0.9991769547325103,0.09231691887457921,13.189335004426539,5.2330899925436825,3.309856983833015,3.8802680210210383,1,1,0,,,,,,,,,,,,,,local_map_fast,True,12,8332,0,False,False,False,,,,inactive,,,,,,,,,,
optimized_backend,,,,,,,,,,,,,,,,,,,,,,,,,,,,,,,,,,,,,,,,,52,51,0,,,,pose_graph,False
front_end,5451296.917849952,True,icp_accepted,2559,0.9996092223524814,0.08543584164923923,12.728589004836977,5.646835983498022,3.5594050132203847,4.750013002194464,1,1,0,,,,,,,,,,,,,,local_map_fast,False,12,8332,0,False,False,False,,,,inactive,,,,,,,,,,
front_end,5451297.017790176,True,icp_accepted,2576,0.9992236024844721,0.0981462281561896,10.433988005388528,5.592595000052825,3.683618997456506,3.421055997023359,1,1,0,,,,,,,,,,,,,,local_map_fast,False,12,8332,0,False,False,False,,,,inactive,,,,,,,,,,
front_end,5451297.117722496,True,icp_accepted,2680,0.9985074626865672,0.12056634091357848,11.005290987668559,5.733879981562495,3.833230002783239,3.3348540018778294,1,1,0,,,,,,,,,,,,,,local_map_fast,False,12,8332,0,False,False,False,,,,inactive,,,,,,,,,,
front_end,5451297.217641504,True,icp_accepted,2671,0.9996256083863722,0.12487239335971663,14.133468008367345,6.8089800188317895,4.570083983708173,3.199299011612311,1,1,0,,,,,,,,,,,,,,local_map_fast,True,12,8673,0,False,False,False,,,,inactive,,,,,,,,,,
front_end,5451297.317774848,True,icp_accepted,2563,1.0,0.08325298110279261,13.179585977923125,7.410088990582153,4.592395998770371,4.392781003843993,1,1,0,,,,,,,,,,,,,,local_map_fast,False,12,8673,0,False,False,False,,,,inactive,,,,,,,,,,
front_end,5451297.417680672,True,icp_accepted,2641,0.9996213555471413,0.10217869524575263,13.956134993350133,8.268481004051864,5.257734999759123,3.692214988404885,1,1,0,,,,,,,,,,,,,,local_map_fast,False,12,8673,0,False,False,False,,,,inactive,,,,,,,,,,
optimized_backend,,,,,,,,,,,,,,,,,,,,,,,,,,,,,,,,,,,,,,,,,53,52,0,,,,pose_graph,False
front_end,5451297.51783232,True,icp_accepted,2542,0.9996066089693155,0.11797426709744989,15.075287024956197,7.990630023414269,4.934959986712784,3.8010290008969605,1,1,0,,,,,,,,,,,,,,local_map_fast,True,12,8804,0,False,False,False,,,,inactive,,,,,,,,,,
front_end,5451297.61764464,True,icp_accepted,2676,0.9985052316890882,0.08979240140711052,10.721558996010572,5.98705600714311,4.048154019983485,3.280642005847767,1,1,0,,,,,,,,,,,,,,local_map_fast,False,12,8804,0,False,False,False,,,,inactive,,,,,,,,,,
front_end,5451297.717727424,True,icp_accepted,2752,0.9956395348837209,0.11724507145083382,13.504515984095633,7.16989699867554,4.320556006859988,4.922727006487548,1,1,0,,,,,,,,,,,,,,local_map_fast,False,12,8804,0,False,False,False,,,,inactive,,,,,,,,,,
front_end,5451297.817741568,True,icp_accepted,2820,0.9886524822695035,0.1282173427161158,18.62767999409698,8.92835098784417,6.717327021760866,5.325934005668387,1,1,0,,,,,,,,,,,,,,local_map_fast,True,12,8896,0,False,False,False,,,,inactive,,,,,,,,,,
front_end,5451297.917762016,True,icp_accepted,2766,1.0,0.0842169223268348,12.252093991264701,6.827784993220121,4.7630370245315135,3.847026004223153,1,1,0,,,,,,,,,,,,,,local_map_fast,False,12,8896,0,False,False,False,,,,inactive,,,,,,,,,,
optimized_backend,,,,,,,,,,,,,,,,,,,,,,,,,,,,,,,,,,,,,,,,,54,53,0,,,,pose_graph,False
front_end,5451298.017719936,True,icp_accepted,2707,1.0,0.09944001690911812,12.446750013623387,6.580721004866064,4.283725982531905,4.380447993753478,1,1,0,,,,,,,,,,,,,,local_map_fast,False,12,8896,0,False,False,False,,,,inactive,,,,,,,,,,
front_end,5451298.1178056,True,icp_accepted,2857,0.9985999299964998,0.1056346081848648,13.817244005622342,8.674895012518391,6.501863012090325,3.652540995972231,1,1,0,,,,,,,,,,,,,,local_map_fast,False,12,8896,0,False,False,False,,,,inactive,,,,,,,,,,
front_end,5451298.217710304,True,icp_accepted,2842,1.0,0.1243664646132326,13.692730019101873,6.561034009791911,4.253099003108218,3.7133550213184208,1,1,0,,,,,,,,,,,,,,local_map_fast,True,12,9084,0,False,False,False,,,,inactive,,,,,,,,,,
front_end,5451298.31764336,True,icp_accepted,3023,0.99801521667218,0.10773188590532322,11.983589007286355,6.144721992313862,3.9324070094153285,4.36933699529618,1,1,0,,,,,,,,,,,,,,local_map_fast,False,12,9084,0,False,False,False,,,,inactive,,,,,,,,,,
front_end,5451298.417709408,True,icp_accepted,2826,0.9989384288747346,0.09652837225327648,15.261025982908905,8.197026996640489,5.27587000397034,3.580935997888446,1,1,0,,,,,,,,,,,,,,local_map_fast,True,12,9259,0,False,False,False,,,,inactive,,,,,,,,,,
optimized_backend,,,,,,,,,,,,,,,,,,,,,,,,,,,,,,,,,,,,,,,,,55,54,0,,,,pose_graph,False
front_end,5451298.517698496,True,icp_accepted,2858,1.0,0.08978168340261901,15.790761011885479,9.847717999946326,7.262060971697792,4.429258988238871,1,1,0,,,,,,,,,,,,,,local_map_fast,False,12,9259,0,False,False,False,,,,inactive,,,,,,,,,,
front_end,5451298.617644416,True,icp_accepted,2928,1.0,0.10684349201710368,12.025578995235264,6.742795987520367,4.797992005478591,3.7414479884319007,1,1,0,,,,,,,,,,,,,,local_map_fast,False,12,9259,0,False,False,False,,,,inactive,,,,,,,,,,
front_end,5451298.717796544,True,icp_accepted,2973,1.0,0.10173829816693072,13.348452979698777,6.189204985275865,3.919501992641017,3.777905978495255,1,1,0,,,,,,,,,,,,,,local_map_fast,True,12,9140,0,False,False,False,,,,inactive,,,,,,,,,,
front_end,5451298.817662208,True,icp_accepted,2905,1.0,0.09086875431004747,13.288882008055225,7.894278998719528,5.928755999775603,3.7219219957478344,1,1,0,,,,,,,,,,,,,,local_map_fast,False,12,9140,0,False,False,False,,,,inactive,,,,,,,,,,
front_end,5451298.917694784,True,icp_accepted,3046,0.9996717005909389,0.1221845191767645,11.477057996671647,6.302077992586419,4.256263986462727,3.5175380180589855,1,1,0,,,,,,,,,,,,,,local_map_fast,False,12,9140,0,False,False,False,,,,inactive,,,,,,,,,,
front_end,5451299.017666848,True,icp_accepted,3056,1.0,0.12681631486645148,15.482772985706106,7.7473729907069355,4.644394008209929,4.3563119834288955,1,1,0,,,,,,,,,,,,,,local_map_fast,True,12,8984,0,False,False,False,,,,inactive,,,,,,,,,,
optimized_backend,,,,,,,,,,,,,,,,,,,,,,,,,,,,,,,,,,,,,,,,,56,55,0,,,,pose_graph,False
front_end,5451299.1176624,True,icp_accepted,3036,0.9996706192358367,0.08783074620698897,18.665801006136462,11.894041002960876,9.56371400388889,4.505141987465322,1,1,0,,,,,,,,,,,,,,local_map_fast,False,12,8984,0,False,False,False,,,,inactive,,,,,,,,,,
front_end,5451299.217623264,True,icp_accepted,2953,1.0,0.08811874394501548,12.855948007199913,7.250158989336342,5.295876995660365,3.769159986404702,1,1,0,,,,,,,,,,,,,,local_map_fast,False,12,8984,0,False,False,False,,,,inactive,,,,,,,,,,
front_end,5451299.31778432,True,icp_accepted,3062,0.999346832135859,0.09609476200487686,11.906224011909217,6.74273501499556,4.384956991998479,3.5491869784891605,1,1,0,,,,,,,,,,,,,,local_map_fast,False,12,8984,0,False,False,False,,,,inactive,,,,,,,,,,
front_end,5451299.417654688,True,icp_accepted,3098,0.9945125887669464,0.12448453257976126,13.993956003105268,6.675128999631852,4.654251999454573,3.6241070192772895,1,1,0,,,,,,,,,,,,,,local_map_fast,True,12,9079,0,False,False,False,,,,inactive,,,,,,,,,,
front_end,5451299.519009792,True,icp_accepted,3069,0.9986966438579342,0.09354012008919703,12.432282004738227,6.969851994654164,4.617222992237657,3.9924890152178705,1,1,0,,,,,,,,,,,,,,local_map_fast,False,12,9079,0,False,False,False,,,,inactive,,,,,,,,,,
front_end,5451299.6176984,True,icp_accepted,3030,0.9993399339933994,0.09824956957241426,14.651129982667044,7.588924985611811,5.297169991536066,5.460156011395156,1,1,0,,,,,,,,,,,,,,local_map_fast,False,12,9079,0,False,False,False,,,,inactive,,,,,,,,,,
front_end,5451299.717642944,True,icp_accepted,3078,0.9993502274204028,0.11629233437478394,14.284822012996301,7.393127016257495,4.410413996083662,3.3937650150619447,1,1,0,,,,,,,,,,,,,,local_map_fast,True,12,9338,0,False,False,False,,,,inactive,,,,,,,,,,
optimized_backend,,,,,,,,,,,,,,,,,,,,,,,,,,,,,,,,,,,,,,,,,57,56,0,,,,pose_graph,False
front_end,5451299.817636384,True,icp_accepted,3044,0.9993429697766097,0.08426175584803898,13.317695003934205,7.125233008991927,4.731157008791342,3.771003015572205,1,1,0,,,,,,,,,,,,,,local_map_fast,False,12,9338,0,False,False,False,,,,inactive,,,,,,,,,,
front_end,5451299.917762336,True,icp_accepted,3024,0.9996693121693122,0.08614344576456244,12.864243006333709,6.697129021631554,4.242509021423757,4.088389017852023,1,1,0,,,,,,,,,,,,,,local_map_fast,False,12,9338,0,False,False,False,,,,inactive,,,,,,,,,,
front_end,5451300.01763936,True,icp_accepted,3037,1.0,0.09007877670270081,13.842632004525512,6.419579003704712,4.400314996019006,3.6698129842989147,1,1,0,,,,,,,,,,,,,,local_map_fast,True,12,9398,0,False,False,False,,,,inactive,,,,,,,,,,
front_end,5451300.117608768,True,icp_accepted,3013,1.0,0.07636784894668129,12.324769981205463,7.223858992801979,5.255180993117392,3.5849830019287765,1,1,0,,,,,,,,,,,,,,local_map_fast,False,12,9398,0,False,False,False,,,,inactive,,,,,,,,,,
front_end,5451300.217673408,True,icp_accepted,2991,0.9993313273152792,0.08604001020253867,11.259308987064287,6.1553120031021535,4.211441002553329,3.3572760003153235,1,1,0,,,,,,,,,,,,,,local_map_fast,False,12,9398,0,False,False,False,,,,inactive,,,,,,,,,,
front_end,5451300.317637344,True,icp_accepted,3001,0.9996667777407531,0.0872280284589546,12.081974011380225,6.709242006763816,4.656146018533036,3.845202998491004,1,1,0,,,,,,,,,,,,,,local_map_fast,False,12,9398,0,False,False,False,,,,inactive,,,,,,,,,,
front_end,5451300.4176328,True,icp_accepted,3025,1.0,0.08826427743379714,12.046919000567868,6.425791012588888,4.411465983139351,3.9117780106607825,1,1,0,,,,,,,,,,,,,,local_map_fast,False,12,9398,0,False,False,False,,,,inactive,,,,,,,,,,
front_end,5451300.517722464,True,icp_accepted,2924,1.0,0.09504208677016861,13.077704003080726,7.934544002637267,4.7645000158809125,2.817742992192507,1,1,0,,,,,,,,,,,,,,local_map_fast,False,12,9398,0,False,False,False,,,,inactive,,,,,,,,,,
front_end,5451300.617605728,True,icp_accepted,2889,0.9996538594669436,0.09235217636124543,11.058110976591706,6.621166976401582,4.660343023715541,2.9527570004574955,1,1,0,,,,,,,,,,,,,,local_map_fast,False,12,9398,0,False,False,False,,,,inactive,,,,,,,,,,
front_end,5451300.717630912,True,icp_accepted,2887,0.9996536196744025,0.09651962234935868,11.5650329971686,7.6361730170901865,4.70151100307703,2.3716150026302785,1,1,0,,,,,,,,,,,,,,local_map_fast,False,12,9398,0,False,False,False,,,,inactive,,,,,,,,,,
front_end,5451300.81773792,True,icp_accepted,2907,1.0,0.09621026067662675,12.593635998200625,6.534063984872773,4.515702981734648,3.8314769917633384,1,1,0,,,,,,,,,,,,,,local_map_fast,False,12,9398,0,False,False,False,,,,inactive,,,,,,,,,,
front_end,5451300.917678464,True,icp_accepted,2879,1.0,0.09848746121735077,12.731344002531841,6.848873978015035,4.6383829903788865,3.1459290185011923,1,1,0,,,,,,,,,,,,,,local_map_fast,False,12,9398,0,False,False,False,,,,inactive,,,,,,,,,,
front_end,5451301.017602336,True,icp_accepted,2889,0.9996538594669436,0.09817344447980644,12.518093979451805,7.666760997381061,4.922146006720141,2.585957001429051,1,1,0,,,,,,,,,,,,,,local_map_fast,False,12,9398,0,False,False,False,,,,inactive,,,,,,,,,,
front_end,5451301.117702592,True,icp_accepted,2832,0.9996468926553672,0.10038262216111633,11.523705994477496,6.6440099908504635,4.451621003681794,2.549989992985502,1,1,0,,,,,,,,,,,,,,local_map_fast,False,12,9398,0,False,False,False,,,,inactive,,,,,,,,,,
front_end,5451301.217560448,True,icp_accepted,2816,0.9996448863636364,0.10414285731609334,10.7087749929633,6.693213013932109,4.426754981977865,2.592398988781497,1,1,0,,,,,,,,,,,,,,local_map_fast,False,12,9398,0,False,False,False,,,,inactive,,,,,,,,,,
front_end,5451301.31760528,True,icp_accepted,2850,0.9992982456140351,0.10086010076022697,10.197535011684522,6.399130012141541,4.414511990034953,2.33390397625044,1,1,0,,,,,,,,,,,,,,local_map_fast,False,12,9398,0,False,False,False,,,,inactive,,,,,,,,,,
front_end,5451301.417689248,True,icp_accepted,2853,0.9996494917630564,0.10156222095682936,10.52663300652057,6.688443012535572,4.318552004406229,2.364951971685514,1,1,0,,,,,,,,,,,,,,local_map_fast,False,12,9398,0,False,False,False,,,,inactive,,,,,,,,,,
front_end,5451301.51759664,True,icp_accepted,2816,1.0,0.10131376037086444,12.44293199852109,7.569517998490483,5.6950480211526155,2.577160019427538,1,1,0,,,,,,,,,,,,,,local_map_fast,False,12,9398,0,False,False,False,,,,inactive,,,,,,,,,,
front_end,5451301.617554688,True,icp_accepted,2807,0.9996437477734236,0.1029847415254444,10.837717010872439,6.208501989021897,4.2881949921138585,2.3424800019711256,1,1,0,,,,,,,,,,,,,,local_map_fast,False,12,9398,0,False,False,False,,,,inactive,,,,,,,,,,
front_end,5451301.717710176,True,icp_accepted,2772,0.9996392496392497,0.10095431783911583,13.382627017563209,8.899606997147202,6.354626006213948,2.846917981514707,1,1,0,,,,,,,,,,,,,,local_map_fast,False,12,9398,0,False,False,False,,,,inactive,,,,,,,,,,
front_end,5451301.817674368,True,icp_accepted,2750,0.9996363636363637,0.10440771215074836,10.898791981162503,6.760528980521485,4.315016005421057,2.720930991927162,1,1,0,,,,,,,,,,,,,,local_map_fast,False,12,9398,0,False,False,False,,,,inactive,,,,,,,,,,
front_end,5451301.917590944,True,icp_accepted,2753,0.9996367598982928,0.1061785059000297,11.631989007582888,7.4506950040813535,4.556739004328847,2.525504009099677,1,1,0,,,,,,,,,,,,,,local_map_fast,False,12,9398,0,False,False,False,,,,inactive,,,,,,,,,,
front_end,5451302.01769056,True,icp_accepted,2739,1.0,0.10256162018410522,10.882381000556052,6.964602012885734,4.671874979976565,2.4713930033612996,1,1,0,,,,,,,,,,,,,,local_map_fast,False,12,9398,0,False,False,False,,,,inactive,,,,,,,,,,
front_end,5451302.117574144,True,icp_accepted,2736,0.9996345029239766,0.09923476782434637,10.340754000935704,6.412023998564109,4.20536901219748,2.33215099433437,1,1,0,,,,,,,,,,,,,,local_map_fast,False,12,9398,0,False,False,False,,,,inactive,,,,,,,,,,
front_end,5451302.217556096,True,icp_accepted,2771,0.9992782389029231,0.1029821665261041,12.171994021628052,6.572015001438558,4.576416016789153,2.627123991260305,1,1,0,,,,,,,,,,,,,,local_map_fast,False,12,9398,0,False,False,False,,,,inactive,,,,,,,,,,
front_end,5451302.317636256,True,icp_accepted,2729,0.9992671308171491,0.10353702601923263,10.622102010529488,6.844486022600904,4.389786015963182,2.3016530030872673,1,1,0,,,,,,,,,,,,,,local_map_fast,False,12,9398,0,False,False,False,,,,inactive,,,,,,,,,,
front_end,5451302.41761232,True,icp_accepted,2725,0.9996330275229358,0.09882951587161318,11.235384998144582,6.2972390151117,4.307621013140306,2.645929984282702,1,1,0,,,,,,,,,,,,,,local_map_fast,False,12,9398,0,False,False,False,,,,inactive,,,,,,,,,,
front_end,5451302.517585664,True,icp_accepted,2688,1.0,0.09918752976323274,11.625315994024277,7.274383999174461,4.524768999544904,2.7962219901382923,1,1,0,,,,,,,,,,,,,,local_map_fast,False,12,9398,0,False,False,False,,,,inactive,,,,,,,,,,
front_end,5451302.617510272,True,icp_accepted,2773,1.0,0.10993490154150977,10.897619999013841,6.409428984625265,4.487429017899558,2.760175004368648,1,1,0,,,,,,,,,,,,,,local_map_fast,False,12,9398,0,False,False,False,,,,inactive,,,,,,,,,,
front_end,5451302.717627744,True,icp_accepted,2727,0.9992665933259993,0.10873687993130385,10.41159700253047,6.389462010702118,4.446812003152445,2.4948760110419244,1,1,0,,,,,,,,,,,,,,local_map_fast,False,12,9398,0,False,False,False,,,,inactive,,,,,,,,,,
front_end,5451302.817567296,True,icp_accepted,2689,1.0,0.10341817171247666,10.934038000414148,6.716745992889628,4.418980999616906,2.675837022252381,1,1,0,,,,,,,,,,,,,,local_map_fast,False,12,9398,0,False,False,False,,,,inactive,,,,,,,,,,
front_end,5451302.91771952,True,icp_accepted,2693,1.0,0.10367233310762494,11.733469989849254,6.840649992227554,4.7058300115168095,3.1366519979201257,1,1,0,,,,,,,,,,,,,,local_map_fast,False,12,9398,0,False,False,False,,,,inactive,,,,,,,,,,
front_end,5451303.017505216,True,icp_accepted,2733,0.9992682034394438,0.10026194658678456,11.478530999738723,7.151262980187312,4.489593004109338,2.794318017549813,1,1,0,,,,,,,,,,,,,,local_map_fast,False,12,9398,0,False,False,False,,,,inactive,,,,,,,,,,
front_end,5451303.11757584,True,icp_accepted,2830,0.9989399293286219,0.09673124630096232,10.737649019574746,6.950434995815158,4.857083986280486,2.2757650003768504,1,1,0,,,,,,,,,,,,,,local_map_fast,False,12,9398,0,False,False,False,,,,inactive,,,,,,,,,,
front_end,5451303.217684352,True,icp_accepted,2765,1.0,0.09629868256888334,10.434109019115567,6.296377017861232,4.363785992609337,2.565859002061188,1,1,0,,,,,,,,,,,,,,local_map_fast,False,12,9398,0,False,False,False,,,,inactive,,,,,,,,,,
front_end,5451303.317674272,True,icp_accepted,2687,1.0,0.10045808252723731,11.131699022371322,6.121056998381391,4.233301995554939,2.698047988815233,1,1,0,,,,,,,,,,,,,,local_map_fast,False,12,9398,0,False,False,False,,,,inactive,,,,,,,,,,
front_end,5451303.417507872,True,icp_accepted,2731,0.9992676675210546,0.10329309552466989,10.740033001638949,6.6467750002630055,4.453344998182729,2.576459024567157,1,1,0,,,,,,,,,,,,,,local_map_fast,False,12,9398,0,False,False,False,,,,inactive,,,,,,,,,,
front_end,5451303.517486944,True,icp_accepted,2669,0.9996253278381416,0.10116924860045885,12.144962005550042,7.991089980350807,5.781248997664079,2.56746300146915,1,1,0,,,,,,,,,,,,,,local_map_fast,False,12,9398,0,False,False,False,,,,inactive,,,,,,,,,,
front_end,5451303.617557792,True,icp_accepted,2710,0.9992619926199262,0.10420139528551442,10.628755000652745,6.37008500052616,4.281952977180481,2.805469004670158,1,1,0,,,,,,,,,,,,,,local_map_fast,False,12,9398,0,False,False,False,,,,inactive,,,,,,,,,,
front_end,5451303.717527616,True,icp_accepted,2713,0.9992628086988573,0.10144726675059684,11.214414989808574,6.3852939929347485,4.45015900186263,2.6155129889957607,1,1,0,,,,,,,,,,,,,,local_map_fast,False,12,9398,0,False,False,False,,,,inactive,,,,,,,,,,
front_end,5451303.817608928,True,icp_accepted,2759,0.9996375498368975,0.10494555242535547,12.552317988593131,8.34766001207754,5.9984469844494015,2.585395995993167,1,1,0,,,,,,,,,,,,,,local_map_fast,False,12,9398,0,False,False,False,,,,inactive,,,,,,,,,,
front_end,5451303.91750272,True,icp_accepted,2679,1.0,0.09436924507687444,14.476582990027964,9.403333009686321,6.907103990670294,3.163301997119561,1,1,0,,,,,,,,,,,,,,local_map_fast,False,12,9398,0,False,False,False,,,,inactive,,,,,,,,,,
front_end,5451304.014283744,True,icp_accepted,2763,0.9992761491132827,0.10231024868781488,10.464266000781208,6.303981994278729,4.368786001577973,2.663102000951767,1,1,0,,,,,,,,,,,,,,local_map_fast,False,12,9398,0,False,False,False,,,,inactive,,,,,,,,,,
front_end,5451304.11766816,True,icp_accepted,2805,0.9996434937611408,0.10409376616865791,14.274373010266572,10.270411992678419,7.604725018609315,2.3760330223012716,1,1,0,,,,,,,,,,,,,,local_map_fast,False,12,9398,0,False,False,False,,,,inactive,,,,,,,,,,
front_end,5451304.217535392,True,icp_accepted,2733,1.0,0.1026356470354425,11.418448004405946,6.4711949962656945,4.540217982139438,2.5358029815834016,1,1,0,,,,,,,,,,,,,,local_map_fast,False,12,9398,0,False,False,False,,,,inactive,,,,,,,,,,
front_end,5451304.317659968,True,icp_accepted,2731,0.9992676675210546,0.1054148904774514,10.68935901275836,6.515268003568053,4.537191998679191,2.591297001345083,1,1,0,,,,,,,,,,,,,,local_map_fast,False,12,9398,0,False,False,False,,,,inactive,,,,,,,,,,
front_end,5451304.417486016,True,icp_accepted,2720,1.0,0.10414853268078442,14.024642994627357,8.144127001287416,5.773905984824523,3.837608004687354,1,1,0,,,,,,,,,,,,,,local_map_fast,False,12,9398,0,False,False,False,,,,inactive,,,,,,,,,,
front_end,5451304.517513376,True,icp_accepted,2812,0.9996443812233285,0.09936719917913764,12.75558999623172,7.6308129937388,4.915774014079943,2.9705699998885393,1,1,0,,,,,,,,,,,,,,local_map_fast,False,12,9398,0,False,False,False,,,,inactive,,,,,,,,,,
front_end,5451304.617471264,True,icp_accepted,2758,1.0,0.09786307278523428,10.998117999406531,6.960925005842,5.095861997688189,2.266407012939453,1,1,0,,,,,,,,,,,,,,local_map_fast,False,12,9398,0,False,False,False,,,,inactive,,,,,,,,,,
front_end,5451304.717632992,True,icp_accepted,2751,0.9996364958197019,0.106218323731743,11.583457991946489,6.669016991509125,4.387029999634251,2.4962190072983503,1,1,0,,,,,,,,,,,,,,local_map_fast,False,12,9398,0,False,False,False,,,,inactive,,,,,,,,,,
front_end,5451304.817570016,True,icp_accepted,2712,0.9996312684365781,0.10033145016271429,15.205070987576619,9.648103005019948,7.065109995892271,3.5833200090564787,1,1,0,,,,,,,,,,,,,,local_map_fast,False,12,9398,0,False,False,False,,,,inactive,,,,,,,,,,
front_end,5451304.917596928,True,icp_accepted,2773,1.0,0.10549550939304694,10.380468011135235,6.201478012371808,4.201591975288466,2.629018999869004,1,1,0,,,,,,,,,,,,,,local_map_fast,False,12,9398,0,False,False,False,,,,inactive,,,,,,,,,,
front_end,5451305.017601632,True,icp_accepted,2749,0.9996362313568571,0.10418602419106364,10.381981992395595,6.433814996853471,4.234343999996781,2.338441991014406,1,1,0,,,,,,,,,,,,,,local_map_fast,False,12,9398,0,False,False,False,,,,inactive,,,,,,,,,,
front_end,5451305.117545376,True,icp_accepted,2717,1.0,0.10783417069856784,10.943745990516618,6.888829986564815,4.8254339781124145,2.5077200261875987,1,1,0,,,,,,,,,,,,,,local_map_fast,False,12,9398,0,False,False,False,,,,inactive,,,,,,,,,,
front_end,5451305.217597248,True,icp_accepted,2748,0.9992721979621543,0.10357555534112681,10.187035019043833,6.418375996872783,4.423289006808773,2.2549059940502048,1,1,0,,,,,,,,,,,,,,local_map_fast,False,12,9398,0,False,False,False,,,,inactive,,,,,,,,,,
front_end,5451305.317581504,True,icp_accepted,2726,0.9996331621423331,0.0987553092587253,11.6145669890102,7.040886004688218,4.292241996154189,2.8303160215727985,1,1,0,,,,,,,,,,,,,,local_map_fast,False,12,9398,0,False,False,False,,,,inactive,,,,,,,,,,
front_end,5451305.4175464,True,icp_accepted,2728,0.999266862170088,0.10320902674780129,11.514227982843295,6.501080992165953,4.554804996587336,2.7832280029542744,1,1,0,,,,,,,,,,,,,,local_map_fast,False,12,9398,0,False,False,False,,,,inactive,,,,,,,,,,
front_end,5451305.517489632,True,icp_accepted,2757,0.9996372869060574,0.1023703503383256,11.913808004464954,7.142044982174411,4.686543019488454,2.59189898497425,1,1,0,,,,,,,,,,,,,,local_map_fast,False,12,9398,0,False,False,False,,,,inactive,,,,,,,,,,
front_end,5451305.617470496,True,icp_accepted,2760,0.9996376811594203,0.10157635928574352,12.509716994827613,7.848542009014636,5.1713330030906945,2.303607005160302,1,1,0,,,,,,,,,,,,,,local_map_fast,False,12,9398,0,False,False,False,,,,inactive,,,,,,,,,,
front_end,5451305.71758048,True,icp_accepted,2704,1.0,0.09860786704709545,11.291309987427667,6.781007978133857,4.843126982450485,2.5320459972135723,1,1,0,,,,,,,,,,,,,,local_map_fast,False,12,9398,0,False,False,False,,,,inactive,,,,,,,,,,
front_end,5451305.817493568,True,icp_accepted,2683,1.0,0.10388224595969804,11.976906971540302,6.828466983279213,4.711199988378212,2.5268559984397143,1,1,0,,,,,,,,,,,,,,local_map_fast,False,12,9398,0,False,False,False,,,,inactive,,,,,,,,,,
front_end,5451305.917555392,True,icp_accepted,2774,0.9992790194664743,0.10240972219200943,10.798753995914012,6.486083002528176,4.523496987530962,2.7258000045549124,1,1,0,,,,,,,,,,,,,,local_map_fast,False,12,9398,0,False,False,False,,,,inactive,,,,,,,,,,
front_end,5451306.017547392,True,icp_accepted,2714,0.9996315401621223,0.1008157184305672,12.82732401159592,8.147334010573104,5.338107002899051,2.5625830166973174,1,1,0,,,,,,,,,,,,,,local_map_fast,False,12,9398,0,False,False,False,,,,inactive,,,,,,,,,,
front_end,5451306.117479872,True,icp_accepted,2679,0.9996267263904441,0.10194890165757796,10.887540993280709,6.716385978506878,4.6983959909994155,2.475599991157651,1,1,0,,,,,,,,,,,,,,local_map_fast,False,12,9398,0,False,False,False,,,,inactive,,,,,,,,,,
front_end,5451306.217483424,True,icp_accepted,2745,0.9996357012750455,0.10506783367998229,12.450365989934653,7.302245998289436,4.747488012071699,3.2265399931930006,1,1,0,,,,,,,,,,,,,,local_map_fast,False,12,9398,0,False,False,False,,,,inactive,,,,,,,,,,
front_end,5451306.317542528,True,icp_accepted,2768,0.9992774566473989,0.10215969323934768,10.695681005017832,6.715354014886543,4.143833997659385,2.343501982977614,1,1,0,,,,,,,,,,,,,,local_map_fast,False,12,9398,0,False,False,False,,,,inactive,,,,,,,,,,
front_end,5451306.417452576,True,icp_accepted,2735,1.0,0.10147316158263313,10.699286998715252,6.6714010026771575,4.434539994690567,2.455702982842922,1,1,0,,,,,,,,,,,,,,local_map_fast,False,12,9398,0,False,False,False,,,,inactive,,,,,,,,,,
front_end,5451306.517428832,True,icp_accepted,2714,1.0,0.10461392532334608,13.610516005428508,8.205053018173203,5.880755983525887,3.1518699834123254,1,1,0,,,,,,,,,,,,,,local_map_fast,False,12,9398,0,False,False,False,,,,inactive,,,,,,,,,,
front_end,5451306.617483776,True,icp_accepted,2714,0.998894620486367,0.10203467987840693,11.788902978878468,7.433612976456061,4.465278005227447,2.6894610200542957,1,1,0,,,,,,,,,,,,,,local_map_fast,False,12,9398,0,False,False,False,,,,inactive,,,,,,,,,,
front_end,5451306.717444576,True,icp_accepted,2649,1.0,0.10125475148423749,12.356229999568313,7.573124981718138,5.32502299756743,2.7811540057882667,1,1,0,,,,,,,,,,,,,,local_map_fast,False,12,9398,0,False,False,False,,,,inactive,,,,,,,,,,
front_end,5451306.817452736,True,icp_accepted,2733,0.9996341017197219,0.10093438399151028,10.939708998193964,6.556555978022516,4.513898020377383,2.6329059910494834,1,1,0,,,,,,,,,,,,,,local_map_fast,False,12,9398,0,False,False,False,,,,inactive,,,,,,,,,,
front_end,5451306.917528128,True,icp_accepted,2696,0.9992581602373887,0.10486565653680543,13.221804983913898,8.6551170097664,5.606491002254188,2.7744820108637214,1,1,0,,,,,,,,,,,,,,local_map_fast,False,12,9398,0,False,False,False,,,,inactive,,,,,,,,,,
front_end,5451307.017451616,True,icp_accepted,2748,0.9992721979621543,0.10153570164426305,12.282912008231506,7.673815009184182,4.896387021290138,2.4033750232774764,1,1,0,,,,,,,,,,,,,,local_map_fast,False,12,9398,0,False,False,False,,,,inactive,,,,,,,,,,
front_end,5451307.117574336,True,icp_accepted,2728,0.999266862170088,0.10624925340592938,14.273691980633885,9.179021988529712,6.655721983406693,2.5597579951863736,1,1,0,,,,,,,,,,,,,,local_map_fast,False,12,9398,0,False,False,False,,,,inactive,,,,,,,,,,
front_end,5451307.217417504,True,icp_accepted,2743,0.999635435654393,0.10285987131557299,11.833005992230028,7.568896980956197,4.767144011566415,2.5777719856705517,1,1,0,,,,,,,,,,,,,,local_map_fast,False,12,9398,0,False,False,False,,,,inactive,,,,,,,,,,
front_end,5451307.317450368,True,icp_accepted,2733,1.0,0.1041652843556952,13.06835698778741,9.087949991226196,6.647075992077589,2.3705930216237903,1,1,0,,,,,,,,,,,,,,local_map_fast,False,12,9398,0,False,False,False,,,,inactive,,,,,,,,,,
front_end,5451307.417399008,True,icp_accepted,2701,1.0,0.10171654182854115,10.665734007488936,6.790545012336224,4.851011995924637,2.2339969873428345,1,1,0,,,,,,,,,,,,,,local_map_fast,False,12,9398,0,False,False,False,,,,inactive,,,,,,,,,,
front_end,5451307.517479392,True,icp_accepted,2746,0.9996358339402768,0.10468727294647712,10.208414983935654,6.18122098967433,3.946441982407123,2.430735999951139,1,1,0,,,,,,,,,,,,,,local_map_fast,False,12,9398,0,False,False,False,,,,inactive,,,,,,,,,,
front_end,5451307.617410816,True,icp_accepted,2734,0.9989027066569129,0.10254911742916174,10.78422600403428,6.131075992016122,4.124216997297481,2.672609989531338,1,1,0,,,,,,,,,,,,,,local_map_fast,False,12,9398,0,False,False,False,,,,inactive,,,,,,,,,,
front_end,5451307.717419936,True,icp_accepted,2754,0.9992737835875091,0.10101351434589873,10.559374000877142,6.408546993043274,4.185622005024925,2.505166019545868,1,1,0,,,,,,,,,,,,,,local_map_fast,False,12,9398,0,False,False,False,,,,inactive,,,,,,,,,,
front_end,5451307.817404096,True,icp_accepted,2770,0.9996389891696751,0.10875368244829248,12.36783099011518,7.01419499819167,4.468693980015814,2.6650649961084127,1,1,0,,,,,,,,,,,,,,local_map_fast,False,12,9398,0,False,False,False,,,,inactive,,,,,,,,,,
front_end,5451307.917395552,True,icp_accepted,2772,0.9996392496392497,0.10440232339245133,11.22252899222076,7.193070981884375,4.601293010637164,2.345685992622748,1,1,0,,,,,,,,,,,,,,local_map_fast,False,12,9398,0,False,False,False,,,,inactive,,,,,,,,,,
front_end,5451308.017483136,True,icp_accepted,2734,1.0,0.09919088407946787,11.826082976767793,7.799699989845976,5.488388997036964,2.32931601931341,1,1,0,,,,,,,,,,,,,,local_map_fast,False,12,9398,0,False,False,False,,,,inactive,,,,,,,,,,
front_end,5451308.117450624,True,icp_accepted,2726,1.0,0.10471790552685142,12.776128016412258,8.55835500988178,6.546496995724738,2.6062549732159823,1,1,0,,,,,,,,,,,,,,local_map_fast,False,12,9398,0,False,False,False,,,,inactive,,,,,,,,,,
front_end,5451308.217386176,True,icp_accepted,2757,0.9992745738121146,0.10633071653820483,11.370508000254631,6.847401993582025,4.7356549766846,2.693980000913143,1,1,0,,,,,,,,,,,,,,local_map_fast,False,12,9398,0,False,False,False,,,,inactive,,,,,,,,,,
front_end,5451308.317365024,True,icp_accepted,2743,1.0,0.10534383034240113,10.90191799448803,6.598403997486457,4.394935007439926,2.629049005918205,1,1,0,,,,,,,,,,,,,,local_map_fast,False,12,9398,0,False,False,False,,,,inactive,,,,,,,,,,
front_end,5451308.417424064,True,icp_accepted,2781,0.9996404171161453,0.10518095120282703,11.364506994141266,6.827033997979015,4.829431010875851,2.776825975161046,1,1,0,,,,,,,,,,,,,,local_map_fast,False,12,9398,0,False,False,False,,,,inactive,,,,,,,,,,
front_end,5451308.51756464,True,icp_accepted,2761,1.0,0.10982530223370478,11.693884996930137,6.709231995046139,4.728230996988714,2.8432600083760917,1,1,0,,,,,,,,,,,,,,local_map_fast,False,12,9398,0,False,False,False,,,,inactive,,,,,,,,,,
front_end,5451308.617552928,True,icp_accepted,2795,0.9989266547406083,0.10239332419181948,11.43132202560082,6.806204008171335,4.788183985510841,2.9224590107332915,1,1,0,,,,,,,,,,,,,,local_map_fast,False,12,9398,0,False,False,False,,,,inactive,,,,,,,,,,
front_end,5451308.71746592,True,icp_accepted,2766,0.9996384671005062,0.10220961924290205,12.09744397783652,7.822353974916041,5.901315016672015,2.6146610034629703,1,1,0,,,,,,,,,,,,,,local_map_fast,False,12,9398,0,False,False,False,,,,inactive,,,,,,,,,,
front_end,5451308.8175528,True,icp_accepted,2743,0.999635435654393,0.10229747659711726,12.193993985420093,8.020034001674503,6.063048989744857,2.456013986375183,1,1,0,,,,,,,,,,,,,,local_map_fast,False,12,9398,0,False,False,False,,,,inactive,,,,,,,,,,
front_end,5451308.917565984,True,icp_accepted,2801,0.9992859692966798,0.10588970233170829,11.472448997665197,7.071101979818195,4.905644978862256,2.7183860074728727,1,1,0,,,,,,,,,,,,,,local_map_fast,False,12,9398,0,False,False,False,,,,inactive,,,,,,,,,,
front_end,5451309.017430912,True,icp_accepted,2752,0.9996366279069767,0.10244229987033472,10.649111995007843,6.656834011664614,4.756444017402828,2.2803129977546632,1,1,0,,,,,,,,,,,,,,local_map_fast,False,12,9398,0,False,False,False,,,,inactive,,,,,,,,,,
front_end,5451309.11739008,True,icp_accepted,2745,1.0,0.10095966235389185,10.215178015641868,6.1338620143942535,3.714355989359319,2.40808300441131,1,1,0,,,,,,,,,,,,,,local_map_fast,False,12,9398,0,False,False,False,,,,inactive,,,,,,,,,,
front_end,5451309.217509184,True,icp_accepted,2728,0.999266862170088,0.10310250733666791,11.615258001256734,6.506210978841409,4.540838999673724,2.538628992624581,1,1,0,,,,,,,,,,,,,,local_map_fast,False,12,9398,0,False,False,False,,,,inactive,,,,,,,,,,
front_end,5451309.317463968,True,icp_accepted,2760,0.9992753623188406,0.10846872258590441,10.668217990314588,6.242164003197104,4.322569002397358,2.801591996103525,1,1,0,,,,,,,,,,,,,,local_map_fast,False,12,9398,0,False,False,False,,,,inactive,,,,,,,,,,
front_end,5451309.41747568,True,icp_accepted,2734,0.9996342355523044,0.09775481917389245,11.719923990312964,7.198761973995715,5.182744993362576,2.8005510102957487,1,1,0,,,,,,,,,,,,,,local_map_fast,False,12,9398,0,False,False,False,,,,inactive,,,,,,,,,,
front_end,5451309.517492544,True,icp_accepted,2651,0.999245567710298,0.10129097983921194,11.451409984147176,6.965212989598513,4.417427000589669,2.7582909970078617,1,1,0,,,,,,,,,,,,,,local_map_fast,False,12,9398,0,False,False,False,,,,inactive,,,,,,,,,,
front_end,5451309.617403936,True,icp_accepted,2688,1.0,0.10824655729180861,10.981046012602746,6.879963009851053,4.910574003588408,2.377555996645242,1,1,0,,,,,,,,,,,,,,local_map_fast,False,12,9398,0,False,False,False,,,,inactive,,,,,,,,,,
front_end,5451309.717504864,True,icp_accepted,2647,0.9996222138269739,0.10425906778708817,11.972659005550668,7.904308004071936,5.890914995688945,2.4292030138894916,1,1,0,,,,,,,,,,,,,,local_map_fast,False,12,9398,0,False,False,False,,,,inactive,,,,,,,,,,
front_end,5451309.817449088,True,icp_accepted,2649,1.0,0.10437953452568333,11.233720986638218,6.908867973834276,4.533034982159734,2.5809780054260045,1,1,0,,,,,,,,,,,,,,local_map_fast,False,12,9398,0,False,False,False,,,,inactive,,,,,,,,,,
front_end,5451309.917456096,True,icp_accepted,2586,0.9996133023975251,0.11043103086867856,11.518234998220578,6.842892995337024,4.792541993083432,3.039228991838172,1,1,0,,,,,,,,,,,,,,local_map_fast,False,12,9398,0,False,False,False,,,,inactive,,,,,,,,,,
front_end,5451310.017321664,True,icp_accepted,2605,0.9992322456813819,0.11218005547140789,11.529927985975519,7.2348699904978275,4.828770004678518,2.6521120162215084,1,1,0,,,,,,,,,,,,,,local_map_fast,False,12,9398,0,False,False,False,,,,inactive,,,,,,,,,,
front_end,5451310.117490016,True,icp_accepted,2702,0.999259807549963,0.10679949551509013,10.542301984969527,6.6051160101778805,4.646407003747299,2.285563008626923,1,1,0,,,,,,,,,,,,,,local_map_fast,False,12,9398,0,False,False,False,,,,inactive,,,,,,,,,,
front_end,5451310.21748784,True,icp_accepted,2667,0.9981252343457068,0.11908753082214975,12.094959005480632,6.603003013879061,4.566997988149524,2.754282992100343,1,1,0,,,,,,,,,,,,,,local_map_fast,False,12,9398,0,False,False,False,,,,inactive,,,,,,,,,,
front_end,5451310.317507264,True,icp_accepted,2744,0.9974489795918368,0.1228171643061487,11.429709004005417,6.51731199468486,4.4424439838621765,3.2487819844391197,1,1,0,,,,,,,,,,,,,,local_map_fast,False,12,9398,0,False,False,False,,,,inactive,,,,,,,,,,
front_end,5451310.417463232,True,icp_accepted,2828,0.987977369165488,0.1453977127565987,11.613214010139927,7.1293910150416195,4.944067011820152,2.6847830158658326,1,1,0,,,,,,,,,,,,,,local_map_fast,False,12,9398,0,False,False,False,,,,inactive,,,,,,,,,,
front_end,5451310.517417504,True,icp_accepted,2935,0.9908006814310051,0.14695177896258813,11.365659011062235,7.320851000258699,4.413540009409189,2.403393998974934,1,1,0,,,,,,,,,,,,,,local_map_fast,False,12,9398,0,False,False,False,,,,inactive,,,,,,,,,,
front_end,5451310.617501888,True,icp_accepted,2955,0.9895093062605753,0.15418471583588764,12.211437977384776,7.7418019936885685,5.802719009807333,2.647322020493448,1,1,0,,,,,,,,,,,,,,local_map_fast,False,12,9398,0,False,False,False,,,,inactive,,,,,,,,,,
front_end,5451310.7174832,True,icp_accepted,2958,0.9871534820824882,0.15018695563574172,10.969174007186666,6.261230999371037,3.9704079972580075,2.5550999853294343,1,1,0,,,,,,,,,,,,,,local_map_fast,False,12,9398,0,False,False,False,,,,inactive,,,,,,,,,,
front_end,5451310.8174648,True,icp_accepted,2934,0.9894342194955692,0.15354321673701787,11.598555982345715,6.858823006041348,4.916675010463223,3.0426149896811694,1,1,0,,,,,,,,,,,,,,local_map_fast,False,12,9398,0,False,False,False,,,,inactive,,,,,,,,,,
front_end,5451310.917373568,True,icp_accepted,2895,0.9910189982728843,0.15642113254726014,11.322476988425478,7.207888993434608,4.320655018091202,2.5003070186357945,1,1,0,,,,,,,,,,,,,,local_map_fast,False,12,9398,0,False,False,False,,,,inactive,,,,,,,,,,
front_end,5451311.017482528,True,icp_accepted,2964,0.9875168690958165,0.1553007838741746,12.3733319924213,8.030223980313167,6.1234319873619825,2.5004069902934134,1,1,0,,,,,,,,,,,,,,local_map_fast,False,12,9398,0,False,False,False,,,,inactive,,,,,,,,,,
front_end,5451311.117368224,True,icp_accepted,2949,0.9898270600203459,0.15411543826836255,11.692082014633343,7.168395008193329,5.2682560053654015,2.556541992817074,1,1,0,,,,,,,,,,,,,,local_map_fast,False,12,9398,0,False,False,False,,,,inactive,,,,,,,,,,
front_end,5451311.217347008,True,icp_accepted,2936,0.9897820163487738,0.15779944991887837,11.480223998660222,7.2947220178321,4.612875025486574,2.3870639852248132,1,1,0,,,,,,,,,,,,,,local_map_fast,False,12,9398,0,False,False,False,,,,inactive,,,,,,,,,,
front_end,5451311.317329568,True,icp_accepted,2939,0.9891119428376999,0.15684615217400497,10.71694100392051,6.409470021026209,4.508938989602029,2.639418002218008,1,1,0,,,,,,,,,,,,,,local_map_fast,False,12,9398,0,False,False,False,,,,inactive,,,,,,,,,,
front_end,5451311.417400288,True,icp_accepted,2782,0.98705966930266,0.16411459289523783,10.83023298997432,6.0927549784537405,4.245554999215528,2.9586869932245463,1,1,0,,,,,,,,,,,,,,local_map_fast,False,12,9398,0,False,False,False,,,,inactive,,,,,,,,,,
front_end,5451311.617452672,True,icp_accepted,2894,0.9913614374568072,0.153679891582512,11.303952982416376,6.876767001813278,4.975274991011247,2.7026470052078366,1,2,0,,,,,,,,,,,,,,local_map_fast,False,12,9398,0,False,False,False,,,,inactive,,,,,,,,,,
front_end,5451311.717446112,True,icp_accepted,2825,0.9943362831858407,0.15678789963260523,12.250972009496763,7.21757800783962,4.405143990879878,2.7660259802360088,1,2,0,,,,,,,,,,,,,,local_map_fast,False,12,9398,0,False,False,False,,,,inactive,,,,,,,,,,
front_end,5451311.817451744,True,icp_accepted,2872,0.9979108635097493,0.149188388438589,10.667707014363259,6.238617992494255,4.243350005708635,2.606605994515121,1,2,0,,,,,,,,,,,,,,local_map_fast,False,12,9398,0,False,False,False,,,,inactive,,,,,,,,,,
front_end,5451311.917472608,True,icp_accepted,2844,0.9989451476793249,0.1354334376722828,12.079509993782267,7.374922977760434,5.375287000788376,2.9039450164418668,1,2,0,,,,,,,,,,,,,,local_map_fast,False,12,9398,0,False,False,False,,,,inactive,,,,,,,,,,
front_end,5451312.017326592,True,icp_accepted,2814,1.0,0.13315250577499974,12.584026990225539,7.313085981877521,4.490684979828075,2.719057025387883,1,2,0,,,,,,,,,,,,,,local_map_fast,False,12,9398,0,False,False,False,,,,inactive,,,,,,,,,,
front_end,5451312.117303936,True,icp_accepted,2807,0.9985749910936943,0.1315429059708002,11.090191022958606,6.57071202294901,4.624876979505643,2.6843819941859692,1,2,0,,,,,,,,,,,,,,local_map_fast,False,12,9398,0,False,False,False,,,,inactive,,,,,,,,,,
front_end,5451312.217311392,True,icp_accepted,2815,0.9992895204262877,0.12743376341100573,11.419680988183245,6.85947499005124,4.897679988062009,2.4935639812611043,1,2,0,,,,,,,,,,,,,,local_map_fast,False,12,9398,0,False,False,False,,,,inactive,,,,,,,,,,
front_end,5451312.317390496,True,icp_accepted,2804,0.9996433666191156,0.13902926158389706,11.332466005114838,6.7608089884743094,4.678016994148493,2.481811010511592,1,2,0,,,,,,,,,,,,,,local_map_fast,False,12,9398,0,False,False,False,,,,inactive,,,,,,,,,,
front_end,5451312.417321504,True,icp_accepted,2774,0.9989185291997116,0.13434113276311735,11.983528995187953,7.750188000500202,5.312549008522183,2.3358979960903525,1,2,0,,,,,,,,,,,,,,local_map_fast,False,12,9398,0,False,False,False,,,,inactive,,,,,,,,,,
front_end,5451312.51734224,True,icp_accepted,2845,0.9982425307557118,0.14034077110805968,11.316726973745972,6.881715991767123,4.368455003714189,2.3289739910978824,1,2,0,,,,,,,,,,,,,,local_map_fast,False,12,9398,0,False,False,False,,,,inactive,,,,,,,,,,
front_end,5451312.6173384,True,icp_accepted,2800,0.9978571428571429,0.14397626874030975,11.25461101764813,6.2779830186627805,4.33776798308827,3.2407680118922144,1,2,0,,,,,,,,,,,,,,local_map_fast,False,12,9398,0,False,False,False,,,,inactive,,,,,,,,,,
front_end,5451312.717329664,True,icp_accepted,2885,0.9920277296360486,0.144491155079152,11.582627019379288,6.603904999792576,4.5425429998431355,3.229046007618308,1,2,0,,,,,,,,,,,,,,local_map_fast,False,12,9398,0,False,False,False,,,,inactive,,,,,,,,,,
front_end,5451312.817396224,True,icp_accepted,2957,0.9871491376394995,0.15021553480021282,12.92679100879468,6.773613014956936,4.555727005936205,3.5354110004846007,1,2,0,,,,,,,,,,,,,,local_map_fast,False,12,9398,0,False,False,False,,,,inactive,,,,,,,,,,
optimized_backend,,,,,,,,,,,,,,,,,,,,,,,,,,,,,,,,,,,,,,,,,58,57,0,,,,pose_graph,False
front_end,5451312.917404064,True,icp_accepted,3096,0.9861111111111112,0.15963028092378984,14.773229020647705,6.756841001333669,4.70341500476934,3.916326997568831,1,2,0,,,,,,,,,,,,,,local_map_fast,True,12,9618,0,False,False,False,,,,inactive,,,,,,,,,,
front_end,5451313.017445248,True,icp_accepted,3242,0.9972239358420728,0.10918780622613262,14.29555201320909,6.497435009805486,4.50221702340059,3.1900519970804453,1,2,0,,,,,,,,,,,,,,local_map_fast,True,12,9809,0,False,False,False,,,,inactive,,,,,,,,,,
optimized_backend,,,,,,,,,,,,,,,,,,,,,,,,,,,,,,,,,,,,,,,,,59,58,0,,,,pose_graph,False
front_end,5451313.11726016,True,icp_accepted,3236,0.9990729295426453,0.09333171547433826,13.984227000037208,6.875575025333092,4.822978982701898,2.9604409937746823,1,2,0,,,,,,,,,,,,,,local_map_fast,True,12,9842,0,False,False,False,,,,inactive,,,,,,,,,,
front_end,5451313.2172912,True,icp_accepted,3193,0.9996868149076104,0.08761790322357378,12.509917985880747,6.823156989412382,4.89256001310423,3.3202159975189716,1,2,0,,,,,,,,,,,,,,local_map_fast,False,12,9842,0,False,False,False,,,,inactive,,,,,,,,,,
optimized_backend,,,,,,,,,,,,,,,,,,,,,,,,,,,,,,,,,,,,,,,,,60,59,0,,,,pose_graph,False
front_end,5451313.317309472,True,icp_accepted,3194,0.9990607388854101,0.09439632228015998,16.146409005159512,8.509453997248784,6.0296459996607155,3.5428249975666404,1,2,0,,,,,,,,,,,,,,local_map_fast,True,12,9751,0,False,False,False,,,,inactive,,,,,,,,,,
front_end,5451313.417309152,True,icp_accepted,3285,0.9993911719939117,0.08571759684726338,13.283862004755065,8.128307992592454,5.171803990378976,3.1318619730882347,1,2,0,,,,,,,,,,,,,,local_map_fast,False,12,9751,0,False,False,False,,,,inactive,,,,,,,,,,
front_end,5451313.517299136,True,icp_accepted,3055,0.9996726677577742,0.08630990262357702,10.93541001318954,6.1520950112026185,4.236287000821903,2.803145005600527,1,2,0,,,,,,,,,,,,,,local_map_fast,False,12,9751,0,False,False,False,,,,inactive,,,,,,,,,,
front_end,5451313.617252512,True,icp_accepted,3272,1.0,0.08201492655374541,12.693162017967552,6.918395025422797,4.3841150181833655,3.871321998303756,1,2,0,,,,,,,,,,,,,,local_map_fast,False,12,9751,0,False,False,False,,,,inactive,,,,,,,,,,
front_end,5451313.717246944,True,icp_accepted,3354,0.9836016696481813,0.12705630324611536,15.48941500368528,6.45899199298583,4.439067997736856,4.082667990587652,1,2,0,,,,,,,,,,,,,,local_map_fast,True,12,9959,0,False,False,False,,,,inactive,,,,,,,,,,
optimized_backend,,,,,,,,,,,,,,,,,,,,,,,,,,,,,,,,,,,,,,,,,61,60,0,,,,pose_graph,False
front_end,5451313.817324736,True,icp_accepted,3239,0.9990737882062365,0.09476872994054744,14.67356298235245,7.730882003670558,4.950117989210412,4.7585889988113195,1,2,0,,,,,,,,,,,,,,local_map_fast,False,12,9959,0,False,False,False,,,,inactive,,,,,,,,,,
front_end,5451313.9173176,True,icp_accepted,3513,0.9988613720466838,0.08845080812034133,17.14546501170844,8.20758700137958,5.73990200064145,3.8420459895860404,1,2,0,,,,,,,,,,,,,,local_map_fast,True,12,9985,0,False,False,False,,,,inactive,,,,,,,,,,
optimized_backend,,,,,,,,,,,,,,,,,,,,,,,,,,,,,,,,,,,,,,,,,62,61,0,,,,pose_graph,False
front_end,5451314.017381216,True,icp_accepted,3356,0.99880810488677,0.10051298776444606,16.396348015405238,7.342702010646462,4.9849430215545,4.360330000054091,1,2,0,,,,,,,,,,,,,,local_map_fast,True,12,9894,0,False,False,False,,,,inactive,,,,,,,,,,
front_end,5451314.117234144,True,icp_accepted,3670,0.999182561307902,0.08857629173771173,15.430583996931091,6.431170011637732,4.471770022064447,4.0211429877672344,1,2,0,,,,,,,,,,,,,,local_map_fast,True,12,9822,0,False,False,False,,,,inactive,,,,,,,,,,
optimized_backend,,,,,,,,,,,,,,,,,,,,,,,,,,,,,,,,,,,,,,,,,63,62,0,,,,pose_graph,False
front_end,5451314.21737968,True,icp_accepted,3461,0.9965327939901762,0.09630090066996275,16.193968011066318,7.848782988730818,5.589770007645711,3.2777560118120164,1,2,0,,,,,,,,,,,,,,local_map_fast,True,12,9739,0,False,False,False,,,,inactive,,,,,,,,,,
optimized_backend,,,,,,,,,,,,,,,,,,,,,,,,,,,,,,,,,,,,,,,,,64,63,0,,,,pose_graph,False
front_end,5451314.317366144,True,icp_accepted,3421,0.9964922537269805,0.11217394686507909,17.874985991511494,8.515565015841275,5.708672979380935,4.160695010796189,1,2,0,,,,,,,,,,,,,,local_map_fast,True,12,9529,0,False,False,False,,,,inactive,,,,,,,,,,
optimized_backend,,,,,,,,,,,,,,,,,,,,,,,,,,,,,,,,,,,,,,,,,65,64,0,,,,pose_graph,False
front_end,5451314.417296128,True,icp_accepted,3410,1.0,0.10330943298383305,16.03559998329729,7.621725992066786,5.256693984847516,3.527585999108851,1,2,0,,,,,,,,,,,,,,local_map_fast,True,12,9678,0,False,False,False,,,,inactive,,,,,,,,,,
optimized_backend,,,,,,,,,,,,,,,,,,,,,,,,,,,,,,,,,,,,,,,,,66,65,0,,,,pose_graph,False
front_end,5451314.517347936,True,icp_accepted,3570,1.0,0.09564419309657335,18.37805099785328,8.213087014155462,5.793322023237124,4.893731995252892,1,2,0,,,,,,,,,,,,,,local_map_fast,True,12,9609,0,False,False,False,,,,inactive,,,,,,,,,,
optimized_backend,,,,,,,,,,,,,,,,,,,,,,,,,,,,,,,,,,,,,,,,,67,66,0,,,,pose_graph,False
front_end,5451314.617422976,True,icp_accepted,3491,1.0,0.07702445883720907,17.347975983284414,8.217766007874161,5.559883022215217,4.161215998465195,1,2,0,,,,,,,,,,,,,,local_map_fast,True,12,9683,0,False,False,False,,,,inactive,,,,,,,,,,
front_end,5451314.717340832,True,icp_accepted,3497,1.0,0.07345570550473213,11.638121010037139,6.513675005408004,4.50482199084945,3.14588999026455,1,2,0,,,,,,,,,,,,,,local_map_fast,False,12,9683,0,False,False,False,,,,inactive,,,,,,,,,,
optimized_backend,,,,,,,,,,,,,,,,,,,,,,,,,,,,,,,,,,,,,,,,,68,67,0,,,,pose_graph,False
front_end,5451314.817381856,True,icp_accepted,3449,0.9997100608872137,0.07398049258269694,19.071303016971797,9.947585000190884,7.2953229828272015,3.824343002634123,1,2,0,,,,,,,,,,,,,,local_map_fast,True,12,9728,0,False,False,False,,,,inactive,,,,,,,,,,
front_end,5451314.917224608,True,icp_accepted,3417,1.0,0.07883356770545544,11.6892869991716,6.4599440083839,4.332437994889915,3.3855389920063317,1,2,0,,,,,,,,,,,,,,local_map_fast,False,12,9728,0,False,False,False,,,,inactive,,,,,,,,,,
front_end,5451315.01732336,True,icp_accepted,3348,1.0,0.07855932709933587,12.534453999251127,7.1167980204336345,4.51530099962838,3.4733539796434343,1,2,0,,,,,,,,,,,,,,local_map_fast,False,12,9728,0,False,False,False,,,,inactive,,,,,,,,,,
front_end,5451315.117284736,True,icp_accepted,3325,1.0,0.08039490307723404,12.668696988839656,7.154619001084939,4.550978017505258,2.611765987239778,1,2,0,,,,,,,,,,,,,,local_map_fast,False,12,9728,0,False,False,False,,,,inactive,,,,,,,,,,
front_end,5451315.217236576,True,icp_accepted,3369,1.0,0.07925625062688094,12.030898011289537,6.827164004789665,4.670523019740358,2.9552509950008243,1,2,0,,,,,,,,,,,,,,local_map_fast,False,12,9728,0,False,False,False,,,,inactive,,,,,,,,,,
front_end,5451315.317260096,True,icp_accepted,3266,1.0,0.07885079543147755,10.939849016722292,6.450696993852034,4.465467995032668,2.721141994697973,1,2,0,,,,,,,,,,,,,,local_map_fast,False,12,9728,0,False,False,False,,,,inactive,,,,,,,,,,
front_end,5451315.417249376,True,icp_accepted,3217,1.0,0.08103284207070756,11.445758980698884,6.800442992243916,4.739331983728334,2.53427101415582,1,2,0,,,,,,,,,,,,,,local_map_fast,False,12,9728,0,False,False,False,,,,inactive,,,,,,,,,,
front_end,5451315.517347296,True,icp_accepted,3184,1.0,0.07965755664238539,14.258371986215934,9.170074976282194,6.471175001934171,3.339162009069696,1,2,0,,,,,,,,,,,,,,local_map_fast,False,12,9728,0,False,False,False,,,,inactive,,,,,,,,,,
front_end,5451315.61734272,True,icp_accepted,3142,0.9996817313812858,0.07880514110097353,15.002169995568693,8.839593996526673,6.749548017978668,3.0657780007459223,1,2,0,,,,,,,,,,,,,,local_map_fast,False,12,9728,0,False,False,False,,,,inactive,,,,,,,,,,
front_end,5451315.71721712,True,icp_accepted,3088,1.0,0.08184842303790459,12.427654000930488,7.8834179730620235,5.845379986567423,2.743283024756238,1,2,0,,,,,,,,,,,,,,local_map_fast,False,12,9728,0,False,False,False,,,,inactive,,,,,,,,,,
front_end,5451315.817204384,True,icp_accepted,3003,0.9996669996669997,0.08591766520186776,11.995552020380273,6.292299018241465,4.403360973810777,2.8249259921722114,1,2,0,,,,,,,,,,,,,,local_map_fast,False,12,9728,0,False,False,False,,,,inactive,,,,,,,,,,
front_end,5451315.917282016,True,icp_accepted,3103,1.0,0.08475929663794991,11.788583011366427,7.316672999877483,4.354208998847753,2.644747990416363,1,2,0,,,,,,,,,,,,,,local_map_fast,False,12,9728,0,False,False,False,,,,inactive,,,,,,,,,,
front_end,5451316.01723792,True,icp_accepted,3071,1.0,0.0875209356104748,12.485993007430807,6.687381013762206,4.59125402267091,3.028047998668626,1,2,0,,,,,,,,,,,,,,local_map_fast,False,12,9728,0,False,False,False,,,,inactive,,,,,,,,,,
front_end,5451316.11726112,True,icp_accepted,3018,1.0,0.08667728347024882,17.41055300226435,8.931476011639461,6.614924990572035,3.442165005253628,1,2,0,,,,,,,,,,,,,,local_map_fast,True,12,9717,0,False,False,False,,,,inactive,,,,,,,,,,
optimized_backend,,,,,,,,,,,,,,,,,,,,,,,,,,,,,,,,,,,,,,,,,69,68,0,,,,pose_graph,False
front_end,5451316.217245472,True,icp_accepted,2943,0.9989806320081549,0.07557179522401049,15.846986003452912,10.000314010540023,7.017461000941694,3.7514160212595016,1,2,0,,,,,,,,,,,,,,local_map_fast,False,12,9717,0,False,False,False,,,,inactive,,,,,,,,,,
front_end,5451316.317181888,True,icp_accepted,2876,0.9993045897079277,0.0711108072345654,11.824420012999326,6.357291014865041,4.361271974630654,3.3707210095599294,1,2,0,,,,,,,,,,,,,,local_map_fast,False,12,9717,0,False,False,False,,,,inactive,,,,,,,,,,
front_end,5451316.417291616,True,icp_accepted,2812,0.9989331436699858,0.07139994301756593,10.454537987243384,5.865598010132089,3.9609899977222085,2.7554660046007484,1,2,0,,,,,,,,,,,,,,local_map_fast,False,12,9717,0,False,False,False,,,,inactive,,,,,,,,,,
front_end,5451316.517327712,True,icp_accepted,2687,0.9996278377372534,0.07582582803288983,11.693584005115554,6.552888022270054,4.516172979492694,2.943387982668355,1,2,0,,,,,,,,,,,,,,local_map_fast,False,12,9717,0,False,False,False,,,,inactive,,,,,,,,,,
front_end,5451316.617193984,True,icp_accepted,2745,0.9989071038251366,0.07529304502171827,13.867599016521126,6.688313005724922,4.626559995813295,2.9976510268170387,1,2,0,,,,,,,,,,,,,,local_map_fast,True,12,9511,0,False,False,False,,,,inactive,,,,,,,,,,
front_end,5451316.71735216,True,icp_accepted,2636,1.0,0.0727124948478932,12.78754899976775,6.866017007268965,4.674800991779193,3.696282976306975,1,2,0,,,,,,,,,,,,,,local_map_fast,False,12,9511,0,False,False,False,,,,inactive,,,,,,,,,,
front_end,5451316.817213568,True,icp_accepted,2704,0.9992603550295858,0.07028537798988121,12.170330999651924,7.3938989953603595,5.433665995951742,2.8867319924756885,1,2,0,,,,,,,,,,,,,,local_map_fast,False,12,9511,0,False,False,False,,,,inactive,,,,,,,,,,
front_end,5451316.917201888,True,icp_accepted,2617,1.0,0.07631107532683667,11.247435992117971,6.8587129935622215,4.074602999025956,2.477533998899162,1,2,0,,,,,,,,,,,,,,local_map_fast,False,12,9511,0,False,False,False,,,,inactive,,,,,,,,,,
front_end,5451317.017267104,True,icp_accepted,2750,0.9996363636363637,0.07633842387982771,11.341392993927002,6.906933995196596,4.757004993734881,2.6292389957234263,1,2,0,,,,,,,,,,,,,,local_map_fast,False,12,9511,0,False,False,False,,,,inactive,,,,,,,,,,
front_end,5451317.117271744,True,icp_accepted,2782,1.0,0.07761229509663953,11.055326001951471,6.6440099908504635,4.747788014356047,2.4939549912232906,1,2,0,,,,,,,,,,,,,,local_map_fast,False,12,9511,0,False,False,False,,,,inactive,,,,,,,,,,
front_end,5451317.21732624,True,icp_accepted,2842,1.0,0.0738892529647244,14.257902017561719,8.067374001257122,6.07758600381203,3.437045990722254,1,2,0,,,,,,,,,,,,,,local_map_fast,False,12,9511,0,False,False,False,,,,inactive,,,,,,,,,,
front_end,5451317.31736752,True,icp_accepted,2900,1.0,0.08405359087276872,12.598183995578438,6.876676983665675,4.658740013837814,3.265292994910851,1,2,0,,,,,,,,,,,,,,local_map_fast,False,12,9511,0,False,False,False,,,,inactive,,,,,,,,,,
front_end,5451317.417133984,True,icp_accepted,2890,1.0,0.08143278655593036,13.55359799345024,7.304861006559804,5.428145988844335,3.168221010128036,1,2,0,,,,,,,,,,,,,,local_map_fast,False,12,9511,0,False,False,False,,,,inactive,,,,,,,,,,
optimized_backend,,,,,,,,,,,,,,,,,,,,,,,,,,,,,,,,,,,,,,,,,70,69,0,,,,pose_graph,False
front_end,5451317.517200416,True,icp_accepted,2858,1.0,0.08553937380551373,11.697212001308799,6.249338999623433,4.117374017369002,3.450691991019994,1,2,0,,,,,,,,,,,,,,local_map_fast,False,12,9511,0,False,False,False,,,,inactive,,,,,,,,,,
front_end,5451317.613205344,True,icp_accepted,2945,1.0,0.0877693277990605,12.673476012423635,6.812687002820894,4.744632024085149,3.778056998271495,1,2,0,,,,,,,,,,,,,,local_map_fast,False,12,9511,0,False,False,False,,,,inactive,,,,,,,,,,
front_end,5451317.717248224,True,icp_accepted,2984,0.9993297587131368,0.08393561270125678,12.2959160071332,6.780226016417146,4.663059022277594,3.456171980360523,1,2,0,,,,,,,,,,,,,,local_map_fast,False,12,9511,0,False,False,False,,,,inactive,,,,,,,,,,
front_end,5451317.81730256,True,icp_accepted,2947,1.0,0.08318639373491393,12.295015010749921,6.570673023816198,4.596543993102387,3.546160995028913,1,2,0,,,,,,,,,,,,,,local_map_fast,False,12,9511,0,False,False,False,,,,inactive,,,,,,,,,,
front_end,5451317.917340704,True,icp_accepted,2874,0.999652052887961,0.08695369202921344,12.680479005211964,7.0558839943259954,4.358125996077433,3.579112992156297,1,2,0,,,,,,,,,,,,,,local_map_fast,False,12,9511,0,False,False,False,,,,inactive,,,,,,,,,,
front_end,5451318.017221632,True,icp_accepted,2873,1.0,0.08621308155409392,12.348404998192564,6.657976016867906,4.620138002792373,3.5067370044998825,1,2,0,,,,,,,,,,,,,,local_map_fast,False,12,9511,0,False,False,False,,,,inactive,,,,,,,,,,
front_end,5451318.117286272,True,icp_accepted,2851,1.0,0.0868107552281512,11.403088981751353,6.77648899727501,4.6451149974018335,2.7713460149243474,1,2,0,,,,,,,,,,,,,,local_map_fast,False,12,9511,0,False,False,False,,,,inactive,,,,,,,,,,
front_end,5451318.21730064,True,icp_accepted,2963,1.0,0.09146852604127297,11.778535001212731,6.496032001450658,4.307680996134877,3.340914990985766,1,2,0,,,,,,,,,,,,,,local_map_fast,False,12,9511,0,False,False,False,,,,inactive,,,,,,,,,,
front_end,5451318.317228128,True,icp_accepted,2980,1.0,0.08850608039285787,15.49085698206909,6.744718994013965,4.792310995981097,4.265942989150062,1,2,0,,,,,,,,,,,,,,local_map_fast,True,12,9517,0,False,False,False,,,,inactive,,,,,,,,,,
front_end,5451318.417148544,True,icp_accepted,2989,1.0,0.0723223567851103,12.666101014474407,6.260769994696602,4.325996007537469,3.794638003455475,1,2,0,,,,,,,,,,,,,,local_map_fast,False,12,9517,0,False,False,False,,,,inactive,,,,,,,,,,
front_end,5451318.517254528,True,icp_accepted,3053,0.9996724533245988,0.07174225515441134,13.063527992926538,6.854414998088032,4.672306007705629,3.8031940057408065,1,2,0,,,,,,,,,,,,,,local_map_fast,False,12,9517,0,False,False,False,,,,inactive,,,,,,,,,,
front_end,5451318.617269792,True,icp_accepted,3128,1.0,0.09237301518128088,12.949633994139731,6.8413299741223454,4.633864009520039,3.93367899232544,1,2,0,,,,,,,,,,,,,,local_map_fast,False,12,9517,0,False,False,False,,,,inactive,,,,,,,,,,
front_end,5451318.717272192,True,icp_accepted,3073,0.9986983403839896,0.10262922146323715,13.14409900805913,7.388647994957864,4.698384989751503,3.817850985797122,1,2,0,,,,,,,,,,,,,,local_map_fast,False,12,9517,0,False,False,False,,,,inactive,,,,,,,,,,
front_end,5451318.817217696,True,icp_accepted,3086,1.0,0.09151994555598542,14.7763249988202,6.819689006078988,4.937844991218299,3.674322011647746,1,2,0,,,,,,,,,,,,,,local_map_fast,True,12,9541,0,False,False,False,,,,inactive,,,,,,,,,,
front_end,5451318.917208672,True,icp_accepted,2969,0.9993263725159987,0.0759640434676195,12.654009013203904,6.7834919900633395,4.621600994141772,3.766424022614956,1,2,0,,,,,,,,,,,,,,local_map_fast,False,12,9541,0,False,False,False,,,,inactive,,,,,,,,,,
optimized_backend,,,,,,,,,,,,,,,,,,,,,,,,,,,,,,,,,,,,,,,,,71,70,0,,,,pose_graph,False
front_end,5451319.017240288,True,icp_accepted,3033,0.9996702934388394,0.08370010491460877,20.882193988654763,11.133411986520514,8.043428999371827,4.933527001412585,1,2,0,,,,,,,,,,,,,,local_map_fast,True,12,9557,0,False,False,False,,,,inactive,,,,,,,,,,
front_end,5451319.117227776,True,icp_accepted,3075,1.0,0.07302635840781786,12.735380994854495,7.010206987615675,4.608266026480123,3.737880993867293,1,2,0,,,,,,,,,,,,,,local_map_fast,False,12,9557,0,False,False,False,,,,inactive,,,,,,,,,,
front_end,5451319.217155808,True,icp_accepted,3182,1.0,0.07661612388278477,14.02615601546131,6.993696006247774,4.5885390136390924,4.916514997603372,1,2,0,,,,,,,,,,,,,,local_map_fast,False,12,9557,0,False,False,False,,,,inactive,,,,,,,,,,
front_end,5451319.317104192,True,icp_accepted,3066,1.0,0.08956308265003575,12.987676018383354,6.632969016209245,4.588808980770409,4.335432982770726,1,2,0,,,,,,,,,,,,,,local_map_fast,False,12,9557,0,False,False,False,,,,inactive,,,,,,,,,,
front_end,5451319.417217408,True,icp_accepted,2987,0.9986608637428859,0.08817427071684726,16.236707975622267,7.5828829722013324,5.3393589914776385,4.220346978399903,1,2,0,,,,,,,,,,,,,,local_map_fast,True,12,9582,0,False,False,False,,,,inactive,,,,,,,,,,
front_end,5451319.517167648,True,icp_accepted,2937,0.9979570990806946,0.09051723695360088,14.487111999187618,8.19909101119265,4.984963015886024,4.257236985722557,1,2,0,,,,,,,,,,,,,,local_map_fast,False,12,9582,0,False,False,False,,,,inactive,,,,,,,,,,
front_end,5451319.61732464,True,icp_accepted,2851,0.9989477376359173,0.09139388054493311,13.041416998021305,6.6418860224075615,4.374426993308589,4.026021983008832,1,2,0,,,,,,,,,,,,,,local_map_fast,False,12,9582,0,False,False,False,,,,inactive,,,,,,,,,,
optimized_backend,,,,,,,,,,,,,,,,,,,,,,,,,,,,,,,,,,,,,,,,,72,71,0,,,,pose_graph,False
front_end,5451319.717129152,True,icp_accepted,3140,0.9993630573248408,0.09033977954022733,12.108633993193507,2.3955499927978963,0.189146026968956,4.960627993568778,1,2,0,,,,,,,,,,,,,,local_map_fast,True,12,9711,0,False,False,False,,,,inactive,,,,,,,,,,
front_end,5451319.817253024,True,icp_accepted,2943,1.0,0.07766095665290838,13.656220980919898,6.258626002818346,3.4510630066506565,4.481528012547642,1,2,0,,,,,,,,,,,,,,local_map_fast,False,12,9711,0,False,False,False,,,,inactive,,,,,,,,,,
front_end,5451319.917353856,True,icp_accepted,2901,1.0,0.08647418875911972,12.921702000312507,5.625146004604176,3.594562003854662,5.042591976234689,1,2,0,,,,,,,,,,,,,,local_map_fast,False,12,9711,0,False,False,False,,,,inactive,,,,,,,,,,
front_end,5451320.0171984,True,icp_accepted,2832,1.0,0.09316480909368083,13.951286004157737,5.452471988974139,3.3761319937184453,4.181424010312185,1,2,0,,,,,,,,,,,,,,local_map_fast,True,12,9738,0,False,False,False,,,,inactive,,,,,,,,,,
optimized_backend,,,,,,,,,,,,,,,,,,,,,,,,,,,,,,,,,,,,,,,,,73,72,0,,,,pose_graph,False
front_end,5451320.117164352,True,icp_accepted,2841,0.9996480112636396,0.07582525567064598,17.04494599835016,8.154225972248241,5.501955020008609,4.879144980804995,1,2,0,,,,,,,,,,,,,,local_map_fast,False,12,9738,0,False,False,False,,,,inactive,,,,,,,,,,
front_end,5451320.217261248,True,icp_accepted,2800,0.9982142857142857,0.0828900939437016,15.816528990399092,9.025203005876392,6.681169004878029,4.638782993424684,1,2,0,,,,,,,,,,,,,,local_map_fast,False,12,9738,0,False,False,False,,,,inactive,,,,,,,,,,
front_end,5451320.317291744,True,icp_accepted,2958,0.9983096686950642,0.11202553818337481,16.492909024236724,7.646372017916292,5.334671004675329,4.538355016848072,1,2,0,,,,,,,,,,,,,,local_map_fast,True,12,9763,0,False,False,False,,,,inactive,,,,,,,,,,
front_end,5451320.417151264,True,icp_accepted,2862,1.0,0.09276902117192995,14.383266010554507,7.454150996636599,4.582627996569499,4.755522997584194,1,2,0,,,,,,,,,,,,,,local_map_fast,False,12,9763,0,False,False,False,,,,inactive,,,,,,,,,,
front_end,5451320.517252192,True,icp_accepted,2771,1.0,0.08438740348437895,18.40957999229431,8.886903000529855,6.301135988906026,4.632511991076171,1,2,0,,,,,,,,,,,,,,local_map_fast,True,12,9615,0,False,False,False,,,,inactive,,,,,,,,,,
front_end,5451320.61720784,True,icp_accepted,2696,0.9981454005934718,0.09007369489669105,12.924868002301082,6.750961008947343,4.524728981778026,4.005172988399863,1,2,0,,,,,,,,,,,,,,local_map_fast,False,12,9615,0,False,False,False,,,,inactive,,,,,,,,,,
optimized_backend,,,,,,,,,,,,,,,,,,,,,,,,,,,,,,,,,,,,,,,,,74,73,0,,,,pose_graph,False
front_end,5451320.717155808,True,icp_accepted,2612,0.9973200612557427,0.10195362381864391,17.459515016525984,9.29899699985981,6.2637850060127676,5.849166976986453,1,2,0,,,,,,,,,,,,,,local_map_fast,False,12,9615,0,False,False,False,,,,inactive,,,,,,,,,,
front_end,5451320.817262816,True,icp_accepted,2399,0.9991663192997082,0.09567130095582521,12.768022977979854,6.789081991882995,4.641657986212522,4.060077015310526,1,2,0,,,,,,,,,,,,,,local_map_fast,False,12,9615,0,False,False,False,,,,inactive,,,,,,,,,,
front_end,5451320.917256928,True,icp_accepted,2438,1.0,0.09603050231667315,15.433499007485807,6.318428000668064,4.364146996522322,5.033615016145632,1,2,0,,,,,,,,,,,,,,local_map_fast,True,12,9403,0,False,False,False,,,,inactive,,,,,,,,,,
front_end,5451321.017105856,True,icp_accepted,2366,0.9991546914623838,0.07618554331727731,12.13557500159368,6.439354998292401,4.475556983379647,3.5974570200778544,1,2,0,,,,,,,,,,,,,,local_map_fast,False,12,9403,0,False,False,False,,,,inactive,,,,,,,,,,
front_end,5451321.117071904,True,icp_accepted,2448,0.9983660130718954,0.08591736277284631,19.376707001356408,10.056270024506375,6.6898560035042465,5.24862902238965,1,2,0,,,,,,,,,,,,,,local_map_fast,True,12,9089,0,False,False,False,,,,inactive,,,,,,,,,,
front_end,5451321.217149312,True,icp_accepted,2264,0.9991166077738516,0.08605346426570844,14.385991991730407,7.859573001042008,5.929919017944485,4.128154017962515,1,2,0,,,,,,,,,,,,,,local_map_fast,False,12,9089,0,False,False,False,,,,inactive,,,,,,,,,,
front_end,5451321.317209024,True,icp_accepted,2358,0.9987277353689568,0.09156880628193391,30.141016002744436,10.312961996532977,7.054810994304717,16.480967024108395,1,2,0,,,,,,,,,,,,,,local_map_fast,False,12,9089,0,False,False,False,,,,inactive,,,,,,,,,,
front_end,5451321.417253344,True,icp_accepted,2265,0.9995584988962473,0.09766431554888849,34.32578602223657,12.113322998629883,8.590015000663698,15.420865995110944,1,2,0,,,,,,,,,,,,,,local_map_fast,True,12,8916,0,False,False,False,,,,inactive,,,,,,,,,,
optimized_backend,,,,,,,,,,,,,,,,,,,,,,,,,,,,,,,,,,,,,,,,,75,75,1,,,,pose_graph,True
front_end,5451321.517079488,True,icp_accepted,2340,0.9987179487179487,0.10511175871278348,19.024013978196308,10.095382982399315,7.364843011600897,5.418267013737932,1,2,0,,,,,,,,,,,,,,local_map_fast,False,12,8916,0,False,False,False,,,,inactive,,,,,,,,,,
front_end,5451321.617110528,True,icp_accepted,2231,0.9950694755714926,0.11662852451694884,14.223737001884729,7.126835989765823,4.670914000598714,4.859107022639364,1,2,0,,,,,,,,,,,,,,local_map_fast,False,12,8916,0,False,False,False,,,,inactive,,,,,,,,,,
front_end,5451321.717415808,True,icp_accepted,2112,0.9900568181818182,0.13873452954014479,18.689115007873625,8.915957005228847,6.789333012420684,5.097364017274231,1,2,0,,,,,,,,,,,,,,local_map_fast,True,12,8787,0,False,False,False,,,,inactive,,,,,,,,,,
front_end,5451321.817218656,True,icp_accepted,2234,0.9982094897045658,0.10913157784233496,13.120253977831453,7.191748998593539,5.164069996681064,3.382783994311467,1,2,0,,,,,,,,,,,,,,local_map_fast,False,12,8787,0,False,False,False,,,,inactive,,,,,,,,,,
front_end,5451321.917253792,True,icp_accepted,2246,0.9982190560997328,0.0979210793408972,31.856417015660554,13.081771990982816,10.49123698612675,15.208947996143252,1,2,0,,,,,,,,,,,,,,local_map_fast,False,12,8787,0,False,False,False,,,,inactive,,,,,,,,,,
front_end,5451322.017080192,True,icp_accepted,2234,1.0,0.095968028607401,31.200476019876078,9.873446018900722,6.982135004363954,17.1318190114107,1,2,0,,,,,,,,,,,,,,local_map_fast,False,12,8787,0,False,False,False,,,,inactive,,,,,,,,,,
front_end,5451322.11794032,True,icp_accepted,2246,1.0,0.12530648963720842,24.42199399229139,10.363125998992473,7.912281987955794,8.491098997183144,1,2,0,,,,,,,,,,,,,,local_map_fast,True,12,8805,0,False,False,False,,,,inactive,,,,,,,,,,
optimized_backend,,,,,,,,,,,,,,,,,,,,,,,,,,,,,,,,,,,,,,,,,76,77,2,,,,pose_graph,True
front_end,5451322.217162816,True,icp_accepted,2192,1.0,0.0842260423206385,19.464791024802253,11.738729022908956,9.474867023527622,5.196762009290978,1,2,0,,,,,,,,,,,,,,local_map_fast,False,12,8805,0,False,False,False,,,,inactive,,,,,,,,,,
front_end,5451322.31732608,True,icp_accepted,2184,0.9995421245421245,0.10028313231815465,14.44399100728333,7.706656004302204,5.467019014758989,4.210087994579226,1,2,0,,,,,,,,,,,,,,local_map_fast,False,12,8805,0,False,False,False,,,,inactive,,,,,,,,,,
front_end,5451322.417137888,True,icp_accepted,2217,0.9981957600360848,0.10238189932846503,15.667628991650417,7.074708002619445,4.689007007982582,4.234252992318943,1,2,0,,,,,,,,,,,,,,local_map_fast,True,12,8694,0,False,False,False,,,,inactive,,,,,,,,,,
front_end,5451322.51726816,True,icp_accepted,2293,1.0,0.08095365737135411,48.663457011571154,14.529762003803626,9.885849023703486,31.19386301841587,1,2,0,,,,,,,,,,,,,,local_map_fast,False,12,8694,0,False,False,False,,,,inactive,,,,,,,,,,
front_end,5451322.617093056,True,icp_accepted,2265,1.0,0.11441402061733057,19.667693006340414,9.679460985353217,7.358191011007875,6.842542992671952,1,2,0,,,,,,,,,,,,,,local_map_fast,False,12,8694,0,False,False,False,,,,inactive,,,,,,,,,,
front_end,5451322.71719232,True,icp_accepted,2258,0.9995571302037201,0.11417904163647404,30.05771801690571,9.736779000377283,6.496393005363643,14.165016997139901,1,2,0,,,,,,,,,,,,,,local_map_fast,True,12,8678,0,False,False,False,,,,inactive,,,,,,,,,,
front_end,5451322.817145728,True,icp_accepted,2196,1.0,0.08498793853934915,27.473674999782816,8.527728001354262,6.1622950015589595,13.884570013033226,1,2,0,,,,,,,,,,,,,,local_map_fast,False,12,8678,0,False,False,False,,,,inactive,,,,,,,,,,
optimized_backend,,,,,,,,,,,,,,,,,,,,,,,,,,,,,,,,,,,,,,,,,77,79,3,,,,pose_graph,True
front_end,5451322.917107104,True,icp_accepted,2292,0.9965095986038395,0.11192991586226865,25.714281015098095,8.649666997371241,6.157977011753246,14.351717982208356,1,2,0,,,,,,,,,,,,,,local_map_fast,False,12,8678,0,False,False,False,,,,inactive,,,,,,,,,,
front_end,5451323.017032192,True,icp_accepted,2328,0.9974226804123711,0.10245968815434062,30.2912280021701,10.231890017166734,7.308607979211956,13.685916987014934,1,2,0,,,,,,,,,,,,,,local_map_fast,True,12,8586,0,False,False,False,,,,inactive,,,,,,,,,,
front_end,5451323.117132224,True,icp_accepted,2415,1.0,0.08702465122772593,25.31747499597259,9.76648399955593,7.072834996506572,12.801895994925871,1,2,0,,,,,,,,,,,,,,local_map_fast,False,12,8586,0,False,False,False,,,,inactive,,,,,,,,,,
optimized_backend,,,,,,,,,,,,,,,,,,,,,,,,,,,,,,,,,,,,,,,,,78,81,4,,,,pose_graph,True
front_end,5451323.217052704,True,icp_accepted,2416,1.0,0.0969925694754636,19.70360998529941,11.307840002700686,7.8944490232970566,5.033764988183975,1,2,0,,,,,,,,,,,,,,local_map_fast,False,12,8586,0,False,False,False,,,,inactive,,,,,,,,,,
front_end,5451323.317056448,True,icp_accepted,2383,1.0,0.11347322911422444,19.483456999296322,10.251765983412042,8.008292003069073,4.759911011205986,1,2,0,,,,,,,,,,,,,,local_map_fast,True,12,8228,0,False,False,False,,,,inactive,,,,,,,,,,
front_end,5451323.417141088,True,icp_accepted,2434,1.0,0.08249578776904254,18.529283988755196,11.421112983953208,8.86553298914805,4.708644992206246,1,2,0,,,,,,,,,,,,,,local_map_fast,False,12,8228,0,False,False,False,,,,inactive,,,,,,,,,,
front_end,5451323.517066912,True,icp_accepted,2410,0.9995850622406639,0.09594452238533953,16.05620901682414,8.572913007810712,5.112012004246935,3.4208949946332723,1,2,0,,,,,,,,,,,,,,local_map_fast,True,12,7996,0,False,False,False,,,,inactive,,,,,,,,,,
front_end,5451323.617094848,True,icp_accepted,2462,1.0,0.08727428680115337,25.89552098652348,9.526363981422037,6.234150001546368,13.761659996816888,1,2,0,,,,,,,,,,,,,,local_map_fast,False,12,7996,0,False,False,False,,,,inactive,,,,,,,,,,
front_end,5451323.717190304,True,icp_accepted,2537,1.0,0.09138239793008912,18.530517001636326,10.133113974006847,7.353332999628037,5.704794981284067,1,2,0,,,,,,,,,,,,,,local_map_fast,False,12,7996,0,False,False,False,,,,inactive,,,,,,,,,,
front_end,5451323.817155616,True,icp_accepted,2531,1.0,0.09763568784683906,23.74024299206212,8.982842991827056,6.5550029976293445,9.845513006439433,1,2,0,,,,,,,,,,,,,,local_map_fast,True,12,7781,0,False,False,False,,,,inactive,,,,,,,,,,
optimized_backend,,,,,,,,,,,,,,,,,,,,,,,,,,,,,,,,,,,,,,,,,79,83,5,,,,pose_graph,True
front_end,5451323.917172096,True,icp_accepted,2539,1.0,0.07966588760008031,15.581187006318942,8.504675002768636,5.936551024205983,4.530209000222385,1,2,0,,,,,,,,,,,,,,local_map_fast,False,12,7781,0,False,False,False,,,,inactive,,,,,,,,,,
front_end,5451324.017007584,True,icp_accepted,2498,0.9991993594875901,0.10385326201677575,13.405400008196011,6.4602049824316055,4.4364630011841655,3.489253984298557,1,2,0,,,,,,,,,,,,,,local_map_fast,False,12,7781,0,False,False,False,,,,inactive,,,,,,,,,,
front_end,5451324.117132608,True,icp_accepted,2499,0.9991996798719488,0.10566802343517091,29.896355990786105,9.725187002914026,6.543841998791322,14.030664984602481,1,2,0,,,,,,,,,,,,,,local_map_fast,True,12,7671,0,False,False,False,,,,inactive,,,,,,,,,,
front_end,5451324.21710352,True,icp_accepted,2541,0.9996064541519087,0.08621830197151212,32.86094398936257,13.432109990390018,10.739852994447574,15.680423006415367,1,2,0,,,,,,,,,,,,,,local_map_fast,False,12,7671,0,False,False,False,,,,inactive,,,,,,,,,,
front_end,5451324.31705888,True,icp_accepted,2652,1.0,0.09013048140472729,21.189610997680575,8.82201999775134,6.634342018514872,8.86843801708892,1,2,0,,,,,,,,,,,,,,local_map_fast,False,12,7671,0,False,False,False,,,,inactive,,,,,,,,,,
optimized_backend,,,,,,,,,,,,,,,,,,,,,,,,,,,,,,,,,,,,,,,,,80,85,6,,,,pose_graph,True
front_end,5451324.417009888,True,icp_accepted,2603,1.0,0.10432696147670842,16.175944008864462,7.859814009862021,5.164581001736224,4.152529989369214,1,2,0,,,,,,,,,,,,,,local_map_fast,True,12,7560,0,False,False,False,,,,inactive,,,,,,,,,,
front_end,5451324.517149536,True,icp_accepted,2527,1.0,0.0785973718515239,14.310689992271364,7.943971984786913,4.826104996027425,4.266543983248994,1,2,0,,,,,,,,,,,,,,local_map_fast,False,12,7560,0,False,False,False,,,,inactive,,,,,,,,,,
front_end,5451324.617109856,True,icp_accepted,2554,1.0,0.08346517094229061,14.032648992724717,6.396926008164883,4.50572301633656,3.8292930112220347,1,2,0,,,,,,,,,,,,,,local_map_fast,True,12,7494,0,False,False,False,,,,inactive,,,,,,,,,,
front_end,5451324.717066848,True,icp_accepted,2537,0.9996058336618053,0.07662154991654715,26.716824009781703,7.6760379888582975,5.333547975169495,15.552794007817283,1,2,0,,,,,,,,,,,,,,local_map_fast,False,12,7494,0,False,False,False,,,,inactive,,,,,,,,,,
front_end,5451324.816973856,True,icp_accepted,2651,0.998868351565447,0.08463741395776878,37.09381498629227,12.27889399160631,9.990707010729238,18.012072978308424,1,2,0,,,,,,,,,,,,,,local_map_fast,False,12,7494,0,False,False,False,,,,inactive,,,,,,,,,,
front_end,5451324.917256832,True,icp_accepted,2625,0.9988571428571429,0.12048802164127358,32.34274100395851,8.971461997134611,6.068037997465581,15.536552993580699,1,2,0,,,,,,,,,,,,,,local_map_fast,True,12,7409,0,False,False,False,,,,inactive,,,,,,,,,,
optimized_backend,,,,,,,,,,,,,,,,,,,,,,,,,,,,,,,,,,,,,,,,,81,87,7,,,,pose_graph,True
front_end,5451325.017008224,True,icp_accepted,2593,1.0,0.07631882914032297,18.465544999344274,10.146819986402988,7.172171986894682,5.310484993970022,1,2,0,,,,,,,,,,,,,,local_map_fast,False,12,7409,0,False,False,False,,,,inactive,,,,,,,,,,
front_end,5451325.116968928,True,icp_accepted,2659,0.9992478375329071,0.09266349709375571,30.749499012017623,8.857667999109253,6.5859110036399215,13.846118003129959,1,2,0,,,,,,,,,,,,,,local_map_fast,True,12,7346,0,False,False,False,,,,inactive,,,,,,,,,,
front_end,5451325.217155168,True,icp_accepted,2598,0.9996150885296382,0.0916903520535535,28.2389729982242,8.630922005977482,6.371436989866197,16.548313986277208,1,2,0,,,,,,,,,,,,,,local_map_fast,False,12,7346,0,False,False,False,,,,inactive,,,,,,,,,,
front_end,5451325.317074624,True,icp_accepted,2545,0.999607072691552,0.09587172497770052,22.56793002015911,11.075814021751285,8.529712009476498,8.958477003034204,1,2,0,,,,,,,,,,,,,,local_map_fast,False,12,7346,0,False,False,False,,,,inactive,,,,,,,,,,
optimized_backend,,,,,,,,,,,,,,,,,,,,,,,,,,,,,,,,,,,,,,,,,82,89,8,,,,pose_graph,True
front_end,5451325.51727328,True,icp_accepted,2524,1.0,0.10319821570763556,16.7278709996026,7.772379001835361,4.370749986264855,4.510131984716281,1,3,0,,,,,,,,,,,,,,local_map_fast,True,12,7421,0,False,False,False,,,,inactive,,,,,,,,,,
front_end,5451325.616964992,True,icp_accepted,2669,1.0,0.07237430888613058,15.091608016518876,8.490980020724237,6.597964005777612,3.5213750088587403,1,3,0,,,,,,,,,,,,,,local_map_fast,False,12,7421,0,False,False,False,,,,inactive,,,,,,,,,,
front_end,5451325.716976512,True,icp_accepted,2594,0.9992289899768697,0.08654851758876138,36.76916498807259,15.654804999940097,13.409296981990337,14.392454002518207,1,3,0,,,,,,,,,,,,,,local_map_fast,True,12,7417,0,False,False,False,,,,inactive,,,,,,,,,,
front_end,5451325.817060704,True,icp_accepted,2648,0.9988670694864048,0.07873617274025009,24.373362015467137,10.11296600336209,7.8198979899752885,11.304774001473561,1,3,0,,,,,,,,,,,,,,local_map_fast,False,12,7417,0,False,False,False,,,,inactive,,,,,,,,,,
front_end,5451325.917015456,True,icp_accepted,2571,0.9988331388564761,0.0911639011048659,28.162629023427144,8.543728006770834,5.99230601801537,16.28909702412784,1,3,0,,,,,,,,,,,,,,local_map_fast,False,12,7417,0,False,False,False,,,,inactive,,,,,,,,,,
optimized_backend,,,,,,,,,,,,,,,,,,,,,,,,,,,,,,,,,,,,,,,,,83,91,9,,,,pose_graph,True
front_end,5451326.017071488,True,icp_accepted,2668,1.0,0.0973387948291082,25.62905100057833,9.288937988458201,6.827614008216187,7.203810993814841,1,3,0,,,,,,,,,,,,,,local_map_fast,True,12,7473,0,False,False,False,,,,inactive,,,,,,,,,,
front_end,5451326.117058272,True,icp_accepted,2630,0.9988593155893536,0.0824475094017744,12.998074991628528,6.944113993085921,4.882661014562473,3.796250995947048,1,3,0,,,,,,,,,,,,,,local_map_fast,False,12,7473,0,False,False,False,,,,inactive,,,,,,,,,,
front_end,5451326.217043392,True,icp_accepted,2510,0.99800796812749,0.09688321338327216,14.143417007289827,7.333094021305442,5.263165978249162,3.6142189928796142,1,3,0,,,,,,,,,,,,,,local_map_fast,False,12,7473,0,False,False,False,,,,inactive,,,,,,,,,,
front_end,5451326.318112832,True,icp_accepted,2598,0.9926866820631255,0.10868683164480247,30.663135985378176,10.281752998707816,7.381264993455261,15.04168298561126,1,3,0,,,,,,,,,,,,,,local_map_fast,False,12,7473,0,False,False,False,,,,inactive,,,,,,,,,,
front_end,5451326.417306592,True,icp_accepted,2614,0.9858454475899006,0.1332816740955884,46.374256984563544,22.28774398099631,19.163535995176062,15.71128101204522,1,3,0,,,,,,,,,,,,,,local_map_fast,True,12,7737,0,False,False,False,,,,inactive,,,,,,,,,,
front_end,5451326.51695616,True,icp_accepted,2682,0.9988814317673378,0.09753552438244165,31.20802898774855,10.86275398847647,7.770395022816956,16.252828994765878,1,3,0,,,,,,,,,,,,,,local_map_fast,False,12,7737,0,False,False,False,,,,inactive,,,,,,,,,,
optimized_backend,,,,,,,,,,,,,,,,,,,,,,,,,,,,,,,,,,,,,,,,,84,93,10,,,,pose_graph,True
front_end,5451326.617081376,True,icp_accepted,2756,0.9912917271407837,0.12576626558962783,18.294162990059704,10.94380600261502,7.741521985735744,4.299224994610995,1,3,0,,,,,,,,,,,,,,local_map_fast,False,12,7737,0,False,False,False,,,,inactive,,,,,,,,,,
front_end,5451326.717226336,True,icp_accepted,2843,0.9838199085473092,0.13527610388593922,16.20510799693875,7.121706992620602,4.9268139991909266,3.875419992255047,1,3,0,,,,,,,,,,,,,,local_map_fast,True,12,8011,0,False,False,False,,,,inactive,,,,,,,,,,
front_end,5451326.817138784,True,icp_accepted,2896,0.9982734806629834,0.09738825882081309,20.257099997252226,9.373827982926741,6.424538005376235,4.804464988410473,1,3,0,,,,,,,,,,,,,,local_map_fast,False,12,8011,0,False,False,False,,,,inactive,,,,,,,,,,
front_end,5451327.017199904,True,icp_accepted,2964,0.9807692307692307,0.13356310136372015,28.429309983039275,10.624264978105202,7.160389999626204,11.29704900085926,1,4,0,,,,,,,,,,,,,,local_map_fast,True,12,8253,0,False,False,False,,,,inactive,,,,,,,,,,
front_end,5451327.11713728,True,icp_accepted,3112,1.0,0.09735766730195845,28.769338998245075,8.978725003544241,6.55912997899577,16.37066001421772,1,4,0,,,,,,,,,,,,,,local_map_fast,False,12,8253,0,False,False,False,,,,inactive,,,,,,,,,,
front_end,5451327.217206528,True,icp_accepted,3017,1.0,0.14249822270901744,35.053803003393114,12.570671999128535,10.044876980828121,17.170862993225455,1,4,0,,,,,,,,,,,,,,local_map_fast,True,12,8505,0,False,False,False,,,,inactive,,,,,,,,,,
optimized_backend,,,,,,,,,,,,,,,,,,,,,,,,,,,,,,,,,,,,,,,,,85,95,11,,,,pose_graph,True
front_end,5451327.317015456,True,icp_accepted,2976,0.9996639784946236,0.09760700693170654,13.867157977074385,7.578534976346418,5.1628870132844895,3.5980489919893444,1,4,0,,,,,,,,,,,,,,local_map_fast,False,12,8505,0,False,False,False,,,,inactive,,,,,,,,,,
front_end,5451327.41692768,True,icp_accepted,2915,0.9979416809605489,0.1344739979918446,25.20336100133136,8.78481101244688,6.403096980648115,12.97981000971049,1,4,0,,,,,,,,,,,,,,local_map_fast,False,12,8505,0,False,False,False,,,,inactive,,,,,,,,,,
front_end,5451327.51724704,True,icp_accepted,3047,0.9934361667213653,0.15380402379483213,33.20316702593118,10.901657020440325,8.081720006885007,15.049798996187747,1,4,0,,,,,,,,,,,,,,local_map_fast,True,12,9023,0,False,False,False,,,,inactive,,,,,,,,,,
front_end,5451327.617195456,True,icp_accepted,3018,1.0,0.09896801269911266,27.586776996031404,10.073971992824227,7.6137909782119095,12.973358010640368,1,4,0,,,,,,,,,,,,,,local_map_fast,False,12,9023,0,False,False,False,,,,inactive,,,,,,,,,,
optimized_backend,,,,,,,,,,,,,,,,,,,,,,,,,,,,,,,,,,,,,,,,,86,97,12,,,,pose_graph,True
front_end,5451327.717165792,True,icp_accepted,2968,0.9996630727762803,0.13337398305004006,22.20272397971712,10.06129797315225,7.164578011725098,5.572507012402639,1,4,0,,,,,,,,,,,,,,local_map_fast,True,12,9342,0,False,False,False,,,,inactive,,,,,,,,,,
front_end,5451327.81721584,True,icp_accepted,2922,1.0,0.08771172928638019,19.87896001082845,6.613873993046582,4.621441010385752,3.948616998968646,1,4,0,,,,,,,,,,,,,,local_map_fast,False,12,9342,0,False,False,False,,,,inactive,,,,,,,,,,
front_end,5451327.917236768,True,icp_accepted,2898,1.0,0.12189295944083521,35.909730999264866,11.370877997251227,8.774732006713748,15.074334980454296,1,4,0,,,,,,,,,,,,,,local_map_fast,True,12,9504,0,False,False,False,,,,inactive,,,,,,,,,,
front_end,5451328.01713632,True,icp_accepted,2808,1.0,0.08626683156260033,26.359191979281604,8.960330975241959,6.571153004188091,14.206204999936745,1,4,0,,,,,,,,,,,,,,local_map_fast,False,12,9504,0,False,False,False,,,,inactive,,,,,,,,,,
front_end,5451328.117184192,True,icp_accepted,2748,0.9996360989810772,0.10232281740987516,31.019826012197882,10.116802994161844,7.445044000633061,17.156095011159778,1,4,0,,,,,,,,,,,,,,local_map_fast,False,12,9504,0,False,False,False,,,,inactive,,,,,,,,,,
optimized_backend,,,,,,,,,,,,,,,,,,,,,,,,,,,,,,,,,,,,,,,,,87,99,13,,,,pose_graph,True
front_end,5451328.217178528,True,icp_accepted,2728,0.9959677419354839,0.11995555354761024,18.070263002300635,7.421601010719314,5.10709299123846,5.090351012768224,1,4,0,,,,,,,,,,,,,,local_map_fast,True,12,9643,0,False,False,False,,,,inactive,,,,,,,,,,
front_end,5451328.317146432,True,icp_accepted,2524,1.0,0.08838242562472892,16.812910995213315,10.465638973983005,6.378121004672721,3.606364014558494,1,4,0,,,,,,,,,,,,,,local_map_fast,False,12,9643,0,False,False,False,,,,inactive,,,,,,,,,,
front_end,5451328.417202816,True,icp_accepted,2464,0.9995941558441559,0.11727133508410428,15.6698529899586,6.402986997272819,4.33614500798285,4.496565990848467,1,4,0,,,,,,,,,,,,,,local_map_fast,True,12,9578,0,False,False,False,,,,inactive,,,,,,,,,,
front_end,5451328.517139456,True,icp_accepted,2313,0.9991353220925205,0.08809750746242369,29.01419799309224,10.734131996287033,7.549971982371062,14.206555002601817,1,4,0,,,,,,,,,,,,,,local_map_fast,False,12,9578,0,False,False,False,,,,inactive,,,,,,,,,,
front_end,5451328.617060256,True,icp_accepted,2377,1.0,0.08813607589503132,29.666093993000686,12.08891801070422,9.647992003010586,14.734958007466048,1,4,0,,,,,,,,,,,,,,local_map_fast,False,12,9578,0,False,False,False,,,,inactive,,,,,,,,,,
front_end,5451328.717045888,True,icp_accepted,2278,0.9995610184372257,0.09142841095291784,34.64519602130167,11.235444020712748,7.95878897770308,17.674558999715373,1,4,0,,,,,,,,,,,,,,local_map_fast,True,12,9517,0,False,False,False,,,,inactive,,,,,,,,,,
optimized_backend,,,,,,,,,,,,,,,,,,,,,,,,,,,,,,,,,,,,,,,,,88,101,14,,,,pose_graph,True
front_end,5451328.81712224,True,icp_accepted,2360,1.0,0.07404295582973495,14.92599697667174,7.105145981768146,4.9566310190130025,4.990934015950188,1,4,0,,,,,,,,,,,,,,local_map_fast,False,12,9517,0,False,False,False,,,,inactive,,,,,,,,,,
front_end,5451328.917152608,True,icp_accepted,2313,1.0,0.08273403631842319,18.405853013973683,7.836470002075657,5.146015988430008,5.082727002445608,1,4,0,,,,,,,,,,,,,,local_map_fast,True,12,9348,0,False,False,False,,,,inactive,,,,,,,,,,
front_end,5451329.01720544,True,icp_accepted,2273,0.9995600527936648,0.07696165970736499,16.434699995443225,6.7827099992427975,4.783975979080424,3.9793940086383373,1,4,0,,,,,,,,,,,,,,local_map_fast,False,12,9348,0,False,False,False,,,,inactive,,,,,,,,,,
front_end,5451329.117192224,True,icp_accepted,2251,0.9991115059973346,0.0837134507611457,32.92763902572915,12.23438000306487,6.90075199236162,15.392703004181385,1,4,0,,,,,,,,,,,,,,local_map_fast,False,12,9348,0,False,False,False,,,,inactive,,,,,,,,,,
front_end,5451329.317189728,True,icp_accepted,2327,1.0,0.1026848168998913,26.094164000824094,13.541966996854171,10.663639986887574,5.527732981136069,1,5,0,,,,,,,,,,,,,,local_map_fast,True,12,9214,0,False,False,False,,,,inactive,,,,,,,,,,
optimized_backend,,,,,,,,,,,,,,,,,,,,,,,,,,,,,,,,,,,,,,,,,89,103,15,,,,pose_graph,True
front_end,5451329.417665408,True,icp_accepted,2306,1.0,0.08216134507079999,14.264122990425676,7.082141994033009,4.714436014182866,3.9854659989941865,1,5,0,,,,,,,,,,,,,,local_map_fast,False,12,9214,0,False,False,False,,,,inactive,,,,,,,,,,
front_end,5451329.5172768,True,icp_accepted,2202,0.9963669391462306,0.1011297360577217,31.743595987791196,9.053315996425226,6.389973015757278,15.596045006532222,1,5,0,,,,,,,,,,,,,,local_map_fast,True,12,8963,0,False,False,False,,,,inactive,,,,,,,,,,
front_end,5451329.617165536,True,icp_accepted,2246,0.9995547640249333,0.09455751597268297,20.639608992496505,9.590133995516226,7.174547004979104,8.331960008945316,1,5,0,,,,,,,,,,,,,,local_map_fast,False,12,8963,0,False,False,False,,,,inactive,,,,,,,,,,
front_end,5451329.717094944,True,icp_accepted,2274,1.0,0.08987059203478992,32.907631975831464,14.685724978335202,12.030647980282083,14.657841995358467,1,5,0,,,,,,,,,,,,,,local_map_fast,False,12,8963,0,False,False,False,,,,inactive,,,,,,,,,,
optimized_backend,,,,,,,,,,,,,,,,,,,,,,,,,,,,,,,,,,,,,,,,,90,105,16,,,,pose_graph,True
front_end,5451329.817659584,True,icp_accepted,2216,1.0,0.09940022178869856,14.392735000001267,7.629350991919637,5.3910760034341365,3.9746559923514724,1,5,0,,,,,,,,,,,,,,local_map_fast,False,12,8963,0,False,False,False,,,,inactive,,,,,,,,,,
front_end,5451329.917227008,True,icp_accepted,2199,0.9995452478399273,0.10439813724837589,14.77631600573659,6.810944003518671,4.591955977957696,3.849219996482134,1,5,0,,,,,,,,,,,,,,local_map_fast,True,12,8871,0,False,False,False,,,,inactive,,,,,,,,,,
front_end,5451330.01759424,True,icp_accepted,2209,1.0,0.07578991223231393,14.55166601226665,7.7177080092951655,5.609525978798047,3.34236299386248,1,5,0,,,,,,,,,,,,,,local_map_fast,False,12,8871,0,False,False,False,,,,inactive,,,,,,,,,,
front_end,5451330.117102016,True,icp_accepted,2177,1.0,0.08629152089963145,26.47076197899878,10.34435597830452,7.761981978546828,12.711065006442368,1,5,0,,,,,,,,,,,,,,local_map_fast,False,12,8871,0,False,False,False,,,,inactive,,,,,,,,,,
front_end,5451330.217141376,True,icp_accepted,2198,1.0,0.09392643442674688,32.035092008300126,14.114093006355688,11.4126049738843,11.00741300615482,1,5,0,,,,,,,,,,,,,,local_map_fast,True,12,8590,0,False,False,False,,,,inactive,,,,,,,,,,
front_end,5451330.317084512,True,icp_accepted,2216,1.0,0.07876956589421086,25.104294007178396,8.369793999008834,5.944664997514337,10.046615992905572,1,5,0,,,,,,,,,,,,,,local_map_fast,False,12,8590,0,False,False,False,,,,inactive,,,,,,,,,,
optimized_backend,,,,,,,,,,,,,,,,,,,,,,,,,,,,,,,,,,,,,,,,,91,107,17,,,,pose_graph,True
front_end,5451330.41722288,True,icp_accepted,2175,1.0,0.08747977909103023,22.086756012868136,10.520281997742131,8.23936698725447,3.7332330248318613,1,5,0,,,,,,,,,,,,,,local_map_fast,True,12,8372,0,False,False,False,,,,inactive,,,,,,,,,,
front_end,5451330.517240832,True,icp_accepted,2218,1.0,0.07936896664444923,13.445457996567711,7.085235003614798,5.121841008076444,3.653391991974786,1,5,0,,,,,,,,,,,,,,local_map_fast,False,12,8372,0,False,False,False,,,,inactive,,,,,,,,,,
front_end,5451330.617158176,True,icp_accepted,2194,0.9990884229717412,0.0977976675476531,14.197991986293346,7.680892013013363,5.184598994674161,3.497035999316722,1,5,0,,,,,,,,,,,,,,local_map_fast,False,12,8372,0,False,False,False,,,,inactive,,,,,,,,,,
front_end,5451330.817149504,True,icp_accepted,2214,1.0,0.11467658708892149,32.59189301752485,9.626754006603733,6.821265997132286,13.775983999948949,1,6,0,,,,,,,,,,,,,,local_map_fast,True,12,7878,0,False,False,False,,,,inactive,,,,,,,,,,
front_end,5451330.91726992,True,icp_accepted,2183,1.0,0.07841274038730009,14.875374006805941,7.932879001600668,5.373126012273133,3.82733199512586,1,6,0,,,,,,,,,,,,,,local_map_fast,False,12,7878,0,False,False,False,,,,inactive,,,,,,,,,,
optimized_backend,,,,,,,,,,,,,,,,,,,,,,,,,,,,,,,,,,,,,,,,,92,109,18,,,,pose_graph,True
front_end,5451331.017116864,True,icp_accepted,2257,1.0,0.08615642727509282,14.565919002052397,7.886470993980765,5.149762990185991,3.713335987413302,1,6,0,,,,,,,,,,,,,,local_map_fast,False,12,7878,0,False,False,False,,,,inactive,,,,,,,,,,
front_end,5451331.117165856,True,icp_accepted,2268,1.0,0.09021495657776324,15.385930018965155,6.921836000401527,4.8878380039241165,3.7929959944449365,1,6,0,,,,,,,,,,,,,,local_map_fast,True,12,7622,0,False,False,False,,,,inactive,,,,,,,,,,
front_end,5451331.216913216,True,icp_accepted,2321,0.999569151227919,0.0793437080354669,13.057745003607124,6.928649003384635,4.449969012057409,3.2938820077106357,1,6,0,,,,,,,,,,,,,,local_map_fast,False,12,7622,0,False,False,False,,,,inactive,,,,,,,,,,
front_end,5451331.317619744,True,icp_accepted,2276,1.0,0.08119923399497779,32.0397189934738,14.727253990713507,11.51807201677002,10.17688401043415,1,6,0,,,,,,,,,,,,,,local_map_fast,False,12,7622,0,False,False,False,,,,inactive,,,,,,,,,,
front_end,5451331.417275616,True,icp_accepted,2318,1.0,0.09231010428460086,32.34298201277852,14.554316003341228,11.647217004792765,10.913408012129366,1,6,0,,,,,,,,,,,,,,local_map_fast,True,12,7255,0,False,False,False,,,,inactive,,,,,,,,,,
front_end,5451331.517252864,True,icp_accepted,2313,1.0,0.07629628036205348,20.96881199395284,12.977784004760906,10.217471019132063,5.473234981764108,1,6,0,,,,,,,,,,,,,,local_map_fast,False,12,7255,0,False,False,False,,,,inactive,,,,,,,,,,
optimized_backend,,,,,,,,,,,,,,,,,,,,,,,,,,,,,,,,,,,,,,,,,93,111,19,,,,pose_graph,True
front_end,5451331.617100896,True,icp_accepted,2258,1.0,0.0849247440622799,14.99856699956581,7.0970680098980665,4.418338998220861,4.0830650250427425,1,6,0,,,,,,,,,,,,,,local_map_fast,True,12,6975,0,False,False,False,,,,inactive,,,,,,,,,,
front_end,5451331.71755776,True,icp_accepted,2248,0.9973309608540926,0.10069152505560654,31.441967003047466,8.007259020814672,5.84727298701182,19.58353098598309,1,6,0,,,,,,,,,,,,,,local_map_fast,False,12,6975,0,False,False,False,,,,inactive,,,,,,,,,,
front_end,5451331.817305376,True,icp_accepted,2319,0.9987063389391979,0.09413475194018255,24.92070899461396,7.603495003422722,5.341064999811351,13.625879975734279,1,6,0,,,,,,,,,,,,,,local_map_fast,False,12,6975,0,False,False,False,,,,inactive,,,,,,,,,,
front_end,5451331.917093568,True,icp_accepted,2369,1.0,0.08599429783501678,33.659222011920065,9.564395004417747,6.779696996090934,19.378733006305993,1,6,0,,,,,,,,,,,,,,local_map_fast,True,12,6754,0,False,False,False,,,,inactive,,,,,,,,,,
front_end,5451332.017592192,True,icp_accepted,2347,1.0,0.081209160545374,18.350227997871116,8.059248008066788,5.885806021979079,7.515768986195326,1,6,0,,,,,,,,,,,,,,local_map_fast,False,12,6754,0,False,False,False,,,,inactive,,,,,,,,,,
front_end,5451332.117292864,True,icp_accepted,2307,1.0,0.08737921835964484,28.074546018615365,7.367168000200763,5.068789992947131,12.986418994842097,1,6,0,,,,,,,,,,,,,,local_map_fast,True,12,6671,0,False,False,False,,,,inactive,,,,,,,,,,
optimized_backend,,,,,,,,,,,,,,,,,,,,,,,,,,,,,,,,,,,,,,,,,94,113,20,,,,pose_graph,True
front_end,5451332.217149248,True,icp_accepted,2366,1.0,0.07255468873246926,17.108077998273075,9.10227099666372,6.682323000859469,4.7608680033590645,1,6,0,,,,,,,,,,,,,,local_map_fast,False,12,6671,0,False,False,False,,,,inactive,,,,,,,,,,
front_end,5451332.317677984,True,icp_accepted,2347,0.9995739241585002,0.08775063850133927,33.91720002400689,8.325672009959817,5.964153999229893,22.075815999414772,1,6,0,,,,,,,,,,,,,,local_map_fast,False,12,6671,0,False,False,False,,,,inactive,,,,,,,,,,
front_end,5451332.41729888,True,icp_accepted,2471,0.9995953055443141,0.0896819515031611,30.924797989428043,9.477710991632193,7.161890011047944,16.57509899814613,1,6,0,,,,,,,,,,,,,,local_map_fast,True,12,6575,0,False,False,False,,,,inactive,,,,,,,,,,
front_end,5451332.51713632,True,icp_accepted,2478,1.0,0.07935645782419579,23.126404004869983,9.538857004372403,6.586321018403396,10.631103999912739,1,6,0,,,,,,,,,,,,,,local_map_fast,False,12,6575,0,False,False,False,,,,inactive,,,,,,,,,,
optimized_backend,,,,,,,,,,,,,,,,,,,,,,,,,,,,,,,,,,,,,,,,,95,115,21,,,,pose_graph,True
front_end,5451332.617724192,True,icp_accepted,2469,1.0,0.08408134016560745,17.49412700883113,7.958336005685851,5.574345996137708,4.440290009370074,1,6,0,,,,,,,,,,,,,,local_map_fast,True,12,6596,0,False,False,False,,,,inactive,,,,,,,,,,
front_end,5451332.717159584,True,icp_accepted,2357,0.9991514637250742,0.07892233324208227,13.059998978860676,7.073953980579972,5.085561017040163,3.2486759882885963,1,6,0,,,,,,,,,,,,,,local_map_fast,False,12,6596,0,False,False,False,,,,inactive,,,,,,,,,,
front_end,5451332.817530432,True,icp_accepted,2362,0.997883149872989,0.10045610289306398,12.547308986540884,6.568918004631996,4.479024006286636,3.5249190113972872,1,6,0,,,,,,,,,,,,,,local_map_fast,False,12,6596,0,False,False,False,,,,inactive,,,,,,,,,,
front_end,5451332.917747424,True,icp_accepted,2424,0.9991749174917491,0.09154526675567075,29.36396500444971,9.65336398803629,7.280703983269632,12.989695998840034,1,6,0,,,,,,,,,,,,,,local_map_fast,True,12,6431,0,False,False,False,,,,inactive,,,,,,,,,,
front_end,5451333.017120576,True,icp_accepted,2493,1.0,0.0733428430325353,33.26384298270568,9.741891000885516,7.2382339858449996,17.875099001685157,1,6,0,,,,,,,,,,,,,,local_map_fast,False,12,6431,0,False,False,False,,,,inactive,,,,,,,,,,
front_end,5451333.117069632,True,icp_accepted,2495,1.0,0.08643164342038691,32.23228099523112,13.873276999220252,11.135036998894066,15.194156992947683,1,6,0,,,,,,,,,,,,,,local_map_fast,False,12,6431,0,False,False,False,,,,inactive,,,,,,,,,,
optimized_backend,,,,,,,,,,,,,,,,,,,,,,,,,,,,,,,,,,,,,,,,,96,117,22,,,,pose_graph,True
front_end,5451333.217197664,True,icp_accepted,2419,1.0,0.08870338848789505,19.848793017445132,9.968250000383705,7.03589097247459,4.413379007019103,1,6,0,,,,,,,,,,,,,,local_map_fast,True,12,6442,0,False,False,False,,,,inactive,,,,,,,,,,
front_end,5451333.317105376,True,icp_accepted,2480,0.9991935483870967,0.07794774453877168,13.362761994358152,7.136581989470869,4.663282976252958,3.4233269980177283,1,6,0,,,,,,,,,,,,,,local_map_fast,False,12,6442,0,False,False,False,,,,inactive,,,,,,,,,,
front_end,5451333.417241344,True,icp_accepted,2527,0.998812821527503,0.08359511058069616,30.443878000369295,11.660971998935565,8.143065992044285,11.924049002118409,1,6,0,,,,,,,,,,,,,,local_map_fast,False,12,6442,0,False,False,False,,,,inactive,,,,,,,,,,
front_end,5451333.517722912,True,icp_accepted,2525,1.0,0.08919651230153489,22.501439991174266,9.606133971828967,6.645571993431076,8.054798992816359,1,6,0,,,,,,,,,,,,,,local_map_fast,True,12,6500,0,False,False,False,,,,inactive,,,,,,,,,,
front_end,5451333.617513376,True,icp_accepted,2632,1.0,0.08559126554777109,31.748504989081994,21.21433598222211,17.634542018640786,6.769586994778365,1,6,0,,,,,,,,,,,,,,local_map_fast,False,12,6500,0,False,False,False,,,,inactive,,,,,,,,,,
front_end,5451333.71747728,True,icp_accepted,2543,0.9996067636649626,0.08516047670594466,36.11348400590941,14.706243004184216,12.009981990559027,16.76639000652358,1,6,0,,,,,,,,,,,,,,local_map_fast,True,12,6437,0,False,False,False,,,,inactive,,,,,,,,,,
optimized_backend,,,,,,,,,,,,,,,,,,,,,,,,,,,,,,,,,,,,,,,,,97,119,23,,,,pose_graph,True
front_end,5451333.81764224,True,icp_accepted,2621,0.9984738649370469,0.0899293896491319,15.315114986151457,7.883224985562265,5.0760429876390845,3.888848004862666,1,6,0,,,,,,,,,,,,,,local_map_fast,False,12,6437,0,False,False,False,,,,inactive,,,,,,,,,,
front_end,5451333.917541184,True,icp_accepted,2492,0.9975922953451043,0.10584073704544526,30.790732998866588,13.930875982623547,11.286894005024806,11.84020098298788,1,6,0,,,,,,,,,,,,,,local_map_fast,False,12,6437,0,False,False,False,,,,inactive,,,,,,,,,,
front_end,5451334.017126272,True,icp_accepted,2650,0.9981132075471698,0.0965404470813224,26.851550006540492,8.58123498619534,6.0227350040804595,15.416826994623989,1,6,0,,,,,,,,,,,,,,local_map_fast,False,12,6437,0,False,False,False,,,,inactive,,,,,,,,,,
front_end,5451334.117571328,True,icp_accepted,2667,0.9996250468691413,0.10596454025356064,24.94756897795014,8.185515995137393,5.841892998432741,11.345845996402204,1,6,0,,,,,,,,,,,,,,local_map_fast,True,12,6548,0,False,False,False,,,,inactive,,,,,,,,,,
optimized_backend,,,,,,,,,,,,,,,,,,,,,,,,,,,,,,,,,,,,,,,,,98,121,24,,,,pose_graph,True
front_end,5451334.217492352,True,icp_accepted,2546,1.0,0.07140955486065333,13.78139402368106,6.940541003132239,4.864353017183021,4.0042960026767105,1,6,0,,,,,,,,,,,,,,local_map_fast,False,12,6548,0,False,False,False,,,,inactive,,,,,,,,,,
front_end,5451334.317207328,True,icp_accepted,2704,1.0,0.08543700443666602,14.732071984326467,6.595799000933766,4.354459000751376,3.165909001836553,1,6,0,,,,,,,,,,,,,,local_map_fast,True,12,6699,0,False,False,False,,,,inactive,,,,,,,,,,
front_end,5451334.41761392,True,icp_accepted,2588,0.999227202472952,0.07517401149323195,31.820570991840214,9.331894980277866,6.3488620216958225,16.850169020472094,1,6,0,,,,,,,,,,,,,,local_map_fast,False,12,6699,0,False,False,False,,,,inactive,,,,,,,,,,
front_end,5451334.517648128,True,icp_accepted,2615,1.0,0.07680424254707591,33.59387599630281,12.67054199706763,9.936258982634172,18.10872001806274,1,6,0,,,,,,,,,,,,,,local_map_fast,False,12,6699,0,False,False,False,,,,inactive,,,,,,,,,,
front_end,5451334.617142432,True,icp_accepted,2676,1.0,0.08134280765000564,37.4154860037379,10.660238011041656,7.307755993679166,20.25761501863599,1,6,0,,,,,,,,,,,,,,local_map_fast,True,12,6692,0,False,False,False,,,,inactive,,,,,,,,,,
front_end,5451334.7170744,True,icp_accepted,2700,1.0,0.08201399628456957,35.10106701287441,11.335776012856513,8.799617004115134,20.90316600515507,1,6,0,,,,,,,,,,,,,,local_map_fast,False,12,6692,0,False,False,False,,,,inactive,,,,,,,,,,
optimized_backend,,,,,,,,,,,,,,,,,,,,,,,,,,,,,,,,,,,,,,,,,99,123,25,,,,pose_graph,True
front_end,5451334.817543968,True,icp_accepted,2579,0.9996122528111672,0.08933921524376116,17.603724991204217,6.465461978223175,4.361752013210207,3.5910140140913427,1,6,0,,,,,,,,,,,,,,local_map_fast,True,12,6749,0,False,False,False,,,,inactive,,,,,,,,,,
front_end,5451334.916956864,True,icp_accepted,2506,0.9996009577015164,0.08566486012779641,13.078823016257957,6.457195995608345,4.349948983872309,3.4162329975515604,1,6,0,,,,,,,,,,,,,,local_map_fast,False,12,6749,0,False,False,False,,,,inactive,,,,,,,,,,
front_end,5451335.01719056,True,icp_accepted,2553,1.0,0.09471425514420999,29.805177997332066,10.359339008573443,7.696390995988622,16.311989980749786,1,6,0,,,,,,,,,,,,,,local_map_fast,False,12,6749,0,False,False,False,,,,inactive,,,,,,,,,,
front_end,5451335.117450656,True,icp_accepted,2572,0.999611197511664,0.08885143161792709,27.927334973355755,9.25881598959677,6.607218994759023,13.348444015718997,1,6,0,,,,,,,,,,,,,,local_map_fast,True,12,6782,0,False,False,False,,,,inactive,,,,,,,,,,
front_end,5451335.217535424,True,icp_accepted,2602,1.0,0.08064304550322723,26.16743600810878,12.218485993798822,9.933823981555179,10.087925009429455,1,6,0,,,,,,,,,,,,,,local_map_fast,False,12,6782,0,False,False,False,,,,inactive,,,,,,,,,,
front_end,5451335.317163488,True,icp_accepted,2618,1.0,0.0847679700293457,33.90528500312939,11.316680000163615,8.821590017760172,15.453605999937281,1,6,0,,,,,,,,,,,,,,local_map_fast,True,12,6897,0,False,False,False,,,,inactive,,,,,,,,,,
front_end,5451335.417188768,True,icp_accepted,2685,0.9988826815642458,0.08266389453989906,24.59657398867421,9.877376985969022,7.504147011786699,10.301408998202533,1,6,0,,,,,,,,,,,,,,local_map_fast,False,12,6897,0,False,False,False,,,,inactive,,,,,,,,,,
optimized_backend,,,,,,,,,,,,,,,,,,,,,,,,,,,,,,,,,,,,,,,,,100,125,26,,,,pose_graph,True
front_end,5451335.517502112,True,icp_accepted,2497,0.9995995194233079,0.08269557140784124,30.96371900755912,10.601987014524639,7.861844002036378,16.119164996780455,1,6,0,,,,,,,,,,,,,,local_map_fast,False,12,6897,0,False,False,False,,,,inactive,,,,,,,,,,
front_end,5451335.617148416,True,icp_accepted,2539,0.9988184324537219,0.08839124520549228,32.05520400661044,9.452102007344365,7.062983000651002,13.737769972067326,1,6,0,,,,,,,,,,,,,,local_map_fast,True,12,6910,0,False,False,False,,,,inactive,,,,,,,,,,
front_end,5451335.717668896,True,icp_accepted,2578,0.9996121024049651,0.08575619439108977,32.48888399684802,9.179657005006447,6.8179480149410665,19.600712024839595,1,6,0,,,,,,,,,,,,,,local_map_fast,False,12,6910,0,False,False,False,,,,inactive,,,,,,,,,,
optimized_backend,,,,,,,,,,,,,,,,,,,,,,,,,,,,,,,,,,,,,,,,,101,127,27,,,,pose_graph,True
front_end,5451335.817460672,True,icp_accepted,2497,0.9987985582699239,0.08356144443830583,17.902388994116336,7.396122993668541,5.336686997907236,4.172514018137008,1,6,0,,,,,,,,,,,,,,local_map_fast,True,12,6982,0,False,False,False,,,,inactive,,,,,,,,,,
front_end,5451335.917121504,True,icp_accepted,2426,0.9995877988458368,0.07948075016429478,14.722343010362238,7.8546500008087605,5.159201013157144,3.812383016338572,1,6,0,,,,,,,,,,,,,,local_map_fast,False,12,6982,0,False,False,False,,,,inactive,,,,,,,,,,
front_end,5451336.017591968,True,icp_accepted,2487,0.9987937273823885,0.1033286639609454,26.80062298895791,10.0462659902405,7.475392980268225,12.301392009248957,1,6,0,,,,,,,,,,,,,,local_map_fast,False,12,6982,0,False,False,False,,,,inactive,,,,,,,,,,
front_end,5451336.117421888,True,icp_accepted,2395,0.9991649269311065,0.10872842818285863,26.77027601748705,9.89024099544622,6.763495999621227,11.250404000747949,1,6,0,,,,,,,,,,,,,,local_map_fast,True,12,7093,0,False,False,False,,,,inactive,,,,,,,,,,
front_end,5451336.217089472,True,icp_accepted,2566,0.9996102883865939,0.08596510821388499,32.963523000944406,15.217098989523947,11.819550971267745,14.230402011889964,1,6,0,,,,,,,,,,,,,,local_map_fast,False,12,7093,0,False,False,False,,,,inactive,,,,,,,,,,
front_end,5451336.316993376,True,icp_accepted,2583,1.0,0.09411327349440815,18.092388985678554,8.340258995303884,5.527376983081922,6.15610700333491,1,6,0,,,,,,,,,,,,,,local_map_fast,False,12,7093,0,False,False,False,,,,inactive,,,,,,,,,,
optimized_backend,,,,,,,,,,,,,,,,,,,,,,,,,,,,,,,,,,,,,,,,,102,129,28,,,,pose_graph,True
front_end,5451336.417443232,True,icp_accepted,2590,1.0,0.09039430908572031,16.78698798059486,7.028856984106824,4.747761995531619,4.486878984607756,1,6,0,,,,,,,,,,,,,,local_map_fast,True,12,7120,0,False,False,False,,,,inactive,,,,,,,,,,
front_end,5451336.516983808,True,icp_accepted,2512,0.9988057324840764,0.0856123928436844,13.913272006902844,6.840712012490258,4.321134998463094,3.4493959974497557,1,6,0,,,,,,,,,,,,,,local_map_fast,False,12,7120,0,False,False,False,,,,inactive,,,,,,,,,,
front_end,5451336.617506112,True,icp_accepted,2481,0.9979846835953244,0.09173269753535428,38.88290000031702,9.829777001868933,6.301531015196815,25.87667398620397,1,6,0,,,,,,,,,,,,,,local_map_fast,False,12,7120,0,False,False,False,,,,inactive,,,,,,,,,,
front_end,5451336.71742576,True,icp_accepted,2560,1.0,0.09894916904503552,31.75986499991268,9.524057997623459,6.802488991525024,15.90878699789755,1,6,0,,,,,,,,,,,,,,local_map_fast,True,12,7186,0,False,False,False,,,,inactive,,,,,,,,,,
front_end,5451336.817224352,True,icp_accepted,2632,0.9996200607902735,0.09332868628354457,15.448606020072475,7.9409230093006045,5.119795008795336,4.497309011640027,1,6,0,,,,,,,,,,,,,,local_map_fast,False,12,7186,0,False,False,False,,,,inactive,,,,,,,,,,
optimized_backend,,,,,,,,,,,,,,,,,,,,,,,,,,,,,,,,,,,,,,,,,103,131,29,,,,pose_graph,True
front_end,5451336.917475744,True,icp_accepted,2597,1.0,0.0903999662554349,17.870769021101296,7.650514016859233,4.920187988318503,3.510071022901684,1,6,0,,,,,,,,,,,,,,local_map_fast,True,12,7169,0,False,False,False,,,,inactive,,,,,,,,,,
front_end,5451337.017350656,True,icp_accepted,2490,0.9955823293172691,0.09080889904000128,24.549553985707462,9.371669992106035,6.570992001798004,11.60010599414818,1,6,0,,,,,,,,,,,,,,local_map_fast,False,12,7169,0,False,False,False,,,,inactive,,,,,,,,,,
optimized_backend,,,,,,,,,,,,,,,,,,,,,,,,,,,,,,,,,,,,,,,,,104,133,30,,,,pose_graph,True
front_end,5451337.217527712,True,icp_accepted,2566,0.9984411535463756,0.10009704788181516,17.541907000122592,7.518755010096356,5.255411990219727,4.177922994131222,1,7,0,,,,,,,,,,,,,,local_map_fast,False,12,7169,0,False,False,False,,,,inactive,,,,,,,,,,
front_end,5451337.317569152,True,icp_accepted,2670,0.998876404494382,0.10832707479330227,15.547985007287934,7.383257994661108,5.0219800032209605,3.793847019551322,1,7,0,,,,,,,,,,,,,,local_map_fast,True,12,7264,0,False,False,False,,,,inactive,,,,,,,,,,
front_end,5451337.417644608,True,icp_accepted,2604,1.0,0.07567478831939016,14.012148982146755,7.329606974963099,4.873690981185064,4.153016983764246,1,7,0,,,,,,,,,,,,,,local_map_fast,False,12,7264,0,False,False,False,,,,inactive,,,,,,,,,,
front_end,5451337.517704512,True,icp_accepted,2705,1.0,0.08811493220584553,14.90503698005341,2.8115889872424304,0.20785300876013935,3.9125919865909964,1,7,0,,,,,,,,,,,,,,local_map_fast,True,12,7309,0,False,False,False,,,,inactive,,,,,,,,,,
front_end,5451337.61774336,True,icp_accepted,2617,0.9980894153611005,0.08370846817569932,28.06962199974805,8.304300019517541,5.387601995607838,16.508621018147096,1,7,0,,,,,,,,,,,,,,local_map_fast,False,12,7309,0,False,False,False,,,,inactive,,,,,,,,,,
front_end,5451337.717792544,True,icp_accepted,2711,0.9992622648469199,0.08859314246436868,31.035502994200215,7.5026330014225096,4.417576972628012,20.066272001713514,1,7,0,,,,,,,,,,,,,,local_map_fast,False,12,7309,0,False,False,False,,,,inactive,,,,,,,,,,
front_end,5451337.817395872,True,icp_accepted,2734,0.9978054133138259,0.10299066072383353,26.99547098018229,7.9809089947957546,5.323221004800871,13.947867002571002,1,7,0,,,,,,,,,,,,,,local_map_fast,True,12,7324,0,False,False,False,,,,inactive,,,,,,,,,,
front_end,5451337.917529696,True,icp_accepted,2640,1.0,0.08376161678202644,28.792730008717626,9.084887016797438,6.677172001218423,16.588602011324838,1,7,0,,,,,,,,,,,,,,local_map_fast,False,12,7324,0,False,False,False,,,,inactive,,,,,,,,,,
front_end,5451338.017428256,True,icp_accepted,2630,0.9965779467680609,0.09790194762413462,29.952644981676713,9.832741983700544,7.5247460044920444,13.963867007987574,1,7,0,,,,,,,,,,,,,,local_map_fast,True,12,7443,0,False,False,False,,,,inactive,,,,,,,,,,
optimized_backend,,,,,,,,,,,,,,,,,,,,,,,,,,,,,,,,,,,,,,,,,105,135,31,,,,pose_graph,True
front_end,5451338.117410784,True,icp_accepted,2702,0.9951887490747594,0.10079348380122059,28.60883198445663,11.713298998074606,9.237876016413793,12.727578985504806,1,7,0,,,,,,,,,,,,,,local_map_fast,False,12,7443,0,False,False,False,,,,inactive,,,,,,,,,,
front_end,5451338.217564768,True,icp_accepted,2661,0.9992484028560692,0.09051497550797549,30.02933002426289,13.063404010608792,10.161273006815463,12.962272012373433,1,7,0,,,,,,,,,,,,,,local_map_fast,False,12,7443,0,False,False,False,,,,inactive,,,,,,,,,,
front_end,5451338.317434976,True,icp_accepted,2656,1.0,0.08434224628775983,28.80706699215807,10.487691004527733,8.15174201852642,12.671202013734728,1,7,0,,,,,,,,,,,,,,local_map_fast,True,12,7411,0,False,False,False,,,,inactive,,,,,,,,,,
front_end,5451338.417400288,True,icp_accepted,2624,0.9996189024390244,0.07913034733620897,30.613725015427917,8.893976017134264,5.965967022348195,18.46351899439469,1,7,0,,,,,,,,,,,,,,local_map_fast,False,12,7411,0,False,False,False,,,,inactive,,,,,,,,,,
optimized_backend,,,,,,,,,,,,,,,,,,,,,,,,,,,,,,,,,,,,,,,,,106,137,32,,,,pose_graph,True
front_end,5451338.517544768,True,icp_accepted,2656,1.0,0.07763525504995204,17.556303006131202,6.733438989613205,4.57703901338391,4.341273015597835,1,7,0,,,,,,,,,,,,,,local_map_fast,True,12,7474,0,False,False,False,,,,inactive,,,,,,,,,,
front_end,5451338.617409696,True,icp_accepted,2651,1.0,0.0793246165205887,22.838636010419577,8.980540005723014,6.365070992615074,10.478804004378617,1,7,0,,,,,,,,,,,,,,local_map_fast,False,12,7474,0,False,False,False,,,,inactive,,,,,,,,,,
front_end,5451338.717385056,True,icp_accepted,2627,0.9996193376475067,0.08688219645319385,27.399353013606742,13.866302004316822,11.20723198982887,10.565497010247782,1,7,0,,,,,,,,,,,,,,local_map_fast,False,12,7474,0,False,False,False,,,,inactive,,,,,,,,,,
front_end,5451338.817565376,True,icp_accepted,2689,1.0,0.09928885178731295,28.717046981910244,10.785583988763392,7.133054983569309,11.873701994773,1,7,0,,,,,,,,,,,,,,local_map_fast,True,12,7502,0,False,False,False,,,,inactive,,,,,,,,,,
front_end,5451338.917413792,True,icp_accepted,2672,1.0,0.08969591503270186,31.15494901430793,8.841346018016338,6.46237499313429,18.862814002204686,1,7,0,,,,,,,,,,,,,,local_map_fast,False,12,7502,0,False,False,False,,,,inactive,,,,,,,,,,
optimized_backend,,,,,,,,,,,,,,,,,,,,,,,,,,,,,,,,,,,,,,,,,107,139,33,,,,pose_graph,True
front_end,5451339.017616992,True,icp_accepted,2683,1.0,0.08444782524063277,17.264891997911036,7.88714099326171,5.441063025500625,3.981952992035076,1,7,0,,,,,,,,,,,,,,local_map_fast,True,12,7534,0,False,False,False,,,,inactive,,,,,,,,,,
front_end,5451339.117542432,True,icp_accepted,2641,1.0,0.1002328007856249,14.171279006404802,6.923157023265958,4.733425012091175,3.966753982240334,1,7,0,,,,,,,,,,,,,,local_map_fast,False,12,7534,0,False,False,False,,,,inactive,,,,,,,,,,
front_end,5451339.217496864,True,icp_accepted,2606,0.9969301611665388,0.11203545580816444,41.68349600513466,13.88712099287659,10.421826009405777,20.717432984383777,1,7,0,,,,,,,,,,,,,,local_map_fast,False,12,7534,0,False,False,False,,,,inactive,,,,,,,,,,
front_end,5451339.31838704,True,icp_accepted,2620,0.999236641221374,0.09741314275839036,29.01927797938697,9.5340859843418,7.051160006085411,9.429639001609758,1,7,0,,,,,,,,,,,,,,local_map_fast,True,12,7461,0,False,False,False,,,,inactive,,,,,,,,,,
front_end,5451339.417536992,True,icp_accepted,2576,1.0,0.07623133812009673,28.293915995163843,12.119507999159396,8.599948982009664,11.923707003006712,1,7,0,,,,,,,,,,,,,,local_map_fast,False,12,7461,0,False,False,False,,,,inactive,,,,,,,,,,
optimized_backend,,,,,,,,,,,,,,,,,,,,,,,,,,,,,,,,,,,,,,,,,108,141,34,,,,pose_graph,True
front_end,5451339.517421312,True,icp_accepted,2600,1.0,0.08315185911536505,14.673117984784767,6.785236007999629,4.658032004954293,4.453203990124166,1,7,0,,,,,,,,,,,,,,local_map_fast,False,12,7461,0,False,False,False,,,,inactive,,,,,,,,,,
front_end,5451339.618358464,True,icp_accepted,2507,1.0,0.09273128804805167,14.193139999406412,6.258178997086361,4.187993006780744,4.046574991662055,1,7,0,,,,,,,,,,,,,,local_map_fast,True,12,7433,0,False,False,False,,,,inactive,,,,,,,,,,
front_end,5451339.717464512,True,icp_accepted,2596,1.0,0.07585888141801476,14.263753982959315,7.364922988926992,4.92393400054425,3.7614860048051924,1,7,0,,,,,,,,,,,,,,local_map_fast,False,12,7433,0,False,False,False,,,,inactive,,,,,,,,,,
front_end,5451339.817362912,True,icp_accepted,2528,1.0,0.08782823494135876,31.2148810189683,16.2269180000294,13.476814987370744,11.05965199531056,1,7,0,,,,,,,,,,,,,,local_map_fast,False,12,7433,0,False,False,False,,,,inactive,,,,,,,,,,
front_end,5451339.918348384,True,icp_accepted,2667,1.0,0.10115001570517984,31.112227006815374,8.480883989250287,6.124275998445228,17.27863698033616,1,7,0,,,,,,,,,,,,,,local_map_fast,True,12,7477,0,False,False,False,,,,inactive,,,,,,,,,,
front_end,5451340.018358656,True,icp_accepted,2672,1.0,0.08637449250364015,26.197519997367635,10.342845984268934,8.008831006009132,11.854125012177974,1,7,0,,,,,,,,,,,,,,local_map_fast,False,12,7477,0,False,False,False,,,,inactive,,,,,,,,,,
front_end,5451340.117433568,True,icp_accepted,2612,1.0,0.09008492035269126,35.12672198121436,11.638967989711091,9.362171025713906,13.859959988621995,1,7,0,,,,,,,,,,,,,,local_map_fast,True,12,7503,0,False,False,False,,,,inactive,,,,,,,,,,
front_end,5451340.218439936,True,icp_accepted,2588,1.0,0.09442010517203075,21.328237984562293,8.5644009814132,6.192635017214343,9.749082993948832,1,7,0,,,,,,,,,,,,,,local_map_fast,False,12,7503,0,False,False,False,,,,inactive,,,,,,,,,,
optimized_backend,,,,,,,,,,,,,,,,,,,,,,,,,,,,,,,,,,,,,,,,,109,143,35,,,,pose_graph,True
front_end,5451340.317513632,True,icp_accepted,2599,0.9984609465178915,0.1168929723474811,35.749550006585196,12.450954993255436,10.140102996956557,19.73548499518074,1,7,0,,,,,,,,,,,,,,local_map_fast,False,12,7503,0,False,False,False,,,,inactive,,,,,,,,,,
front_end,5451340.417377728,True,icp_accepted,2707,1.0,0.10373825510651719,26.5838100167457,9.027037012856454,6.739861011737958,12.3433509725146,1,7,0,,,,,,,,,,,,,,local_map_fast,True,12,7538,0,False,False,False,,,,inactive,,,,,,,,,,
front_end,5451340.518329312,True,icp_accepted,2696,0.9992581602373887,0.09246537063703764,28.93819398013875,9.131323982728645,6.2365379999391735,16.437685990240425,1,7,0,,,,,,,,,,,,,,local_map_fast,False,12,7538,0,False,False,False,,,,inactive,,,,,,,,,,
front_end,5451340.61744176,True,icp_accepted,2630,0.9992395437262357,0.10020478930868125,30.761342000914738,12.026561016682535,9.622553014196455,13.096645008772612,1,7,0,,,,,,,,,,,,,,local_map_fast,True,12,7570,0,False,False,False,,,,inactive,,,,,,,,,,
optimized_backend,,,,,,,,,,,,,,,,,,,,,,,,,,,,,,,,,,,,,,,,,110,145,36,,,,pose_graph,True
front_end,5451340.717354944,True,icp_accepted,2630,1.0,0.07391748381840094,14.902192022418603,6.86307402793318,4.766105994349346,4.4026489777024835,1,7,0,,,,,,,,,,,,,,local_map_fast,False,12,7570,0,False,False,False,,,,inactive,,,,,,,,,,
front_end,5451340.817632576,True,icp_accepted,2569,0.9996107434799533,0.07851418014344781,32.753462000982836,9.045582002727315,6.546605000039563,16.168034984730184,1,7,0,,,,,,,,,,,,,,local_map_fast,True,12,7483,0,False,False,False,,,,inactive,,,,,,,,,,
front_end,5451340.91745376,True,icp_accepted,2651,1.0,0.07552512963366664,30.985156015958637,9.47007499053143,7.029747997876257,18.028024991508573,1,7,0,,,,,,,,,,,,,,local_map_fast,False,12,7483,0,False,False,False,,,,inactive,,,,,,,,,,
front_end,5451341.01742688,True,icp_accepted,2592,1.0,0.09280723528801338,15.013321011792868,8.09878099244088,5.698159016901627,4.222076997393742,1,7,0,,,,,,,,,,,,,,local_map_fast,False,12,7483,0,False,False,False,,,,inactive,,,,,,,,,,
optimized_backend,,,,,,,,,,,,,,,,,,,,,,,,,,,,,,,,,,,,,,,,,111,147,37,,,,pose_graph,True
front_end,5451341.117613824,True,icp_accepted,2692,0.9992570579494799,0.10160373808738353,17.22795100067742,8.729263994609937,6.30794299650006,3.6043080035597086,1,7,0,,,,,,,,,,,,,,local_map_fast,True,12,7529,0,False,False,False,,,,inactive,,,,,,,,,,
front_end,5451341.217473888,True,icp_accepted,2600,1.0,0.08403992100973084,13.119648996507749,6.362335989251733,4.307819006498903,3.3165939967148006,1,7,0,,,,,,,,,,,,,,local_map_fast,False,12,7529,0,False,False,False,,,,inactive,,,,,,,,,,
front_end,5451341.31736432,True,icp_accepted,2523,0.998414585810543,0.10729098943237686,16.002353018848225,7.210320996819064,5.198333994485438,3.0713400046806782,1,7,0,,,,,,,,,,,,,,local_map_fast,True,12,7661,0,False,False,False,,,,inactive,,,,,,,,,,
front_end,5451341.418438752,True,icp_accepted,2580,0.9996124031007751,0.08020575002004716,39.536713011329994,9.731630008900538,7.213284989120439,25.675050012068823,1,7,0,,,,,,,,,,,,,,local_map_fast,False,12,7661,0,False,False,False,,,,inactive,,,,,,,,,,
front_end,5451341.518323392,True,icp_accepted,2593,1.0,0.08631544192745186,27.278263005428016,9.862186998361722,7.165394985349849,14.150679024169222,1,7,0,,,,,,,,,,,,,,local_map_fast,False,12,7661,0,False,False,False,,,,inactive,,,,,,,,,,
front_end,5451341.617269632,True,icp_accepted,2607,1.0,0.10190802561924275,27.183442987734452,11.172023980179802,8.853227976942435,10.517576010897756,1,7,0,,,,,,,,,,,,,,local_map_fast,True,12,7760,0,False,False,False,,,,inactive,,,,,,,,,,
optimized_backend,,,,,,,,,,,,,,,,,,,,,,,,,,,,,,,,,,,,,,,,,112,149,38,,,,pose_graph,True
front_end,5451341.718309344,True,icp_accepted,2585,1.0,0.07737013368591762,15.400904027046636,7.961902010720223,5.873540998436511,4.672890005167574,1,7,0,,,,,,,,,,,,,,local_map_fast,False,12,7760,0,False,False,False,,,,inactive,,,,,,,,,,
front_end,5451341.817505984,True,icp_accepted,2532,1.0,0.07860146301812491,37.267890002112836,9.584490995621309,7.239453989313915,20.316241978434846,1,7,0,,,,,,,,,,,,,,local_map_fast,True,12,7666,0,False,False,False,,,,inactive,,,,,,,,,,
front_end,5451341.917345024,True,icp_accepted,2515,1.0,0.07649007089660662,22.981485002674162,8.465955994324759,5.948892998276278,10.953750985208899,1,7,0,,,,,,,,,,,,,,local_map_fast,False,12,7666,0,False,False,False,,,,inactive,,,,,,,,,,
front_end,5451342.017638848,True,icp_accepted,2595,0.9988439306358381,0.07941669964225227,15.922160993795842,8.140350022586063,5.876076000276953,4.868168995017186,1,7,0,,,,,,,,,,,,,,local_map_fast,False,12,7666,0,False,False,False,,,,inactive,,,,,,,,,,
optimized_backend,,,,,,,,,,,,,,,,,,,,,,,,,,,,,,,,,,,,,,,,,113,151,39,,,,pose_graph,True
front_end,5451342.118311776,True,icp_accepted,2631,0.999619916381604,0.09850492506172501,16.263665980659425,6.915982987266034,4.842049995204434,4.437605006387457,1,7,0,,,,,,,,,,,,,,local_map_fast,True,12,7684,0,False,False,False,,,,inactive,,,,,,,,,,
front_end,5451342.217406176,True,icp_accepted,2526,1.0,0.07366962782401446,12.407622009050101,6.654928991338238,4.661097016651183,3.166670008795336,1,7,0,,,,,,,,,,,,,,local_map_fast,False,12,7684,0,False,False,False,,,,inactive,,,,,,,,,,
front_end,5451342.317365504,True,icp_accepted,2512,0.9988057324840764,0.0923735884276562,14.204751001670957,6.088116992032155,4.13869897602126,3.60086202272214,1,7,0,,,,,,,,,,,,,,local_map_fast,True,12,7622,0,False,False,False,,,,inactive,,,,,,,,,,
front_end,5451342.41760064,True,icp_accepted,2489,1.0,0.09384049995561906,35.084899980574846,7.352097978582606,5.109685007482767,24.338279996300116,1,7,0,,,,,,,,,,,,,,local_map_fast,False,12,7622,0,False,False,False,,,,inactive,,,,,,,,,,
front_end,5451342.5174648,True,icp_accepted,2574,0.9996114996114996,0.0828763764975691,24.289808003231883,7.384519005427137,4.908967006485909,11.78175798850134,1,7,0,,,,,,,,,,,,,,local_map_fast,False,12,7622,0,False,False,False,,,,inactive,,,,,,,,,,
front_end,5451342.617344896,True,icp_accepted,2486,1.0,0.08997569566622375,23.764906014548615,6.7572630068752915,4.3479049927555025,11.081303004175425,1,7,0,,,,,,,,,,,,,,local_map_fast,True,12,7598,0,False,False,False,,,,inactive,,,,,,,,,,
front_end,5451342.71836544,True,icp_accepted,2524,0.9992076069730587,0.07491728586328891,20.637799985706806,6.960025988519192,4.610602016327903,10.337044019252062,1,7,0,,,,,,,,,,,,,,local_map_fast,False,12,7598,0,False,False,False,,,,inactive,,,,,,,,,,
optimized_backend,,,,,,,,,,,,,,,,,,,,,,,,,,,,,,,,,,,,,,,,,114,153,40,,,,pose_graph,True
front_end,5451342.817418144,True,icp_accepted,2486,0.999195494770716,0.0810148688588318,15.06094099022448,5.621824995614588,3.529787005390972,4.709038010332733,1,7,0,,,,,,,,,,,,,,local_map_fast,True,12,7534,0,False,False,False,,,,inactive,,,,,,,,,,
front_end,5451342.917334464,True,icp_accepted,2464,0.9995941558441559,0.07530699251744748,14.459191996138543,7.366094010649249,5.137097992701456,3.2791129779070616,1,7,0,,,,,,,,,,,,,,local_map_fast,False,12,7534,0,False,False,False,,,,inactive,,,,,,,,,,
front_end,5451343.018281696,True,icp_accepted,2602,1.0,0.07932383176318351,33.13595301005989,9.022117010317743,6.604363996302709,20.03806599532254,1,7,0,,,,,,,,,,,,,,local_map_fast,False,12,7534,0,False,False,False,,,,inactive,,,,,,,,,,
front_end,5451343.117511296,True,icp_accepted,2606,1.0,0.10096660089965774,43.238703976385295,15.498858992941678,12.222029996337369,19.948235974879935,1,7,0,,,,,,,,,,,,,,local_map_fast,True,12,7543,0,False,False,False,,,,inactive,,,,,,,,,,
front_end,5451343.2173512,True,icp_accepted,2541,1.0,0.08255784538388078,21.33013101411052,10.083314991788939,7.309696986339986,7.901346980361268,1,7,0,,,,,,,,,,,,,,local_map_fast,False,12,7543,0,False,False,False,,,,inactive,,,,,,,,,,
optimized_backend,,,,,,,,,,,,,,,,,,,,,,,,,,,,,,,,,,,,,,,,,115,155,41,,,,pose_graph,True
front_end,5451343.318363072,True,icp_accepted,2471,1.0,0.10412662156156104,16.839394986163825,8.04412699653767,5.633446999127045,3.7784570013172925,1,7,0,,,,,,,,,,,,,,local_map_fast,True,12,7530,0,False,False,False,,,,inactive,,,,,,,,,,
front_end,5451343.41755136,True,icp_accepted,2522,0.999603489294211,0.0819181602307386,37.29248500894755,11.579545011045411,8.85242599179037,21.153745998162776,1,7,0,,,,,,,,,,,,,,local_map_fast,False,12,7530,0,False,False,False,,,,inactive,,,,,,,,,,
front_end,5451343.5183568,True,icp_accepted,2625,0.9996190476190476,0.08242833100103412,32.918681972660124,10.924214991973713,7.966750010382384,17.840098007582128,1,7,0,,,,,,,,,,,,,,local_map_fast,False,12,7530,0,False,False,False,,,,inactive,,,,,,,,,,
front_end,5451343.617391168,True,icp_accepted,2524,1.0,0.0904883655090586,38.56775801978074,9.38739802222699,6.772041000658646,14.915955980541185,1,7,0,,,,,,,,,,,,,,local_map_fast,True,12,7560,0,False,False,False,,,,inactive,,,,,,,,,,
optimized_backend,,,,,,,,,,,,,,,,,,,,,,,,,,,,,,,,,,,,,,,,,116,157,42,,,,pose_graph,True
front_end,5451343.718318176,True,icp_accepted,2571,1.0,0.0819021931538538,15.149348007980734,7.743207999737933,5.062317010015249,4.137226002058014,1,7,0,,,,,,,,,,,,,,local_map_fast,False,12,7560,0,False,False,False,,,,inactive,,,,,,,,,,
front_end,5451343.818326016,True,icp_accepted,2540,1.0,0.0795668731272514,19.70933299162425,10.131535003893077,7.353129010880366,4.549066012259573,1,7,0,,,,,,,,,,,,,,local_map_fast,True,12,7525,0,False,False,False,,,,inactive,,,,,,,,,,
front_end,5451343.917522912,True,icp_accepted,2622,1.0,0.07528869773344284,13.68554899818264,7.055787020362914,5.050183011917397,3.091267979471013,1,7,0,,,,,,,,,,,,,,local_map_fast,False,12,7525,0,False,False,False,,,,inactive,,,,,,,,,,
front_end,5451344.018317888,True,icp_accepted,2614,1.0,0.08964413678775209,31.488355016335845,11.43890802632086,8.981730992672965,16.709018003894016,1,7,0,,,,,,,,,,,,,,local_map_fast,False,12,7525,0,False,False,False,,,,inactive,,,,,,,,,,
front_end,5451344.118304992,True,icp_accepted,2677,1.0,0.08600960957835181,31.070725002791733,11.386319005396217,9.028579021105543,12.177194992545992,1,7,0,,,,,,,,,,,,,,local_map_fast,True,12,7543,0,False,False,False,,,,inactive,,,,,,,,,,
front_end,5451344.21729744,True,icp_accepted,2703,1.0,0.07836582119861008,30.878201010636985,10.579452995443717,7.966530974954367,15.86800700169988,1,7,0,,,,,,,,,,,,,,local_map_fast,False,12,7543,0,False,False,False,,,,inactive,,,,,,,,,,
front_end,5451344.318329536,True,icp_accepted,2597,0.9996149403157489,0.08486552591272963,25.453038979321718,9.305522980866954,6.929488998139277,9.022428013850003,1,7,0,,,,,,,,,,,,,,local_map_fast,True,12,7384,0,False,False,False,,,,inactive,,,,,,,,,,
front_end,5451344.417486304,True,icp_accepted,2677,0.9981322375793799,0.09764436575947338,25.14091899502091,9.168995020445436,6.716825999319553,12.178948003565893,1,7,0,,,,,,,,,,,,,,local_map_fast,False,12,7384,0,False,False,False,,,,inactive,,,,,,,,,,
optimized_backend,,,,,,,,,,,,,,,,,,,,,,,,,,,,,,,,,,,,,,,,,117,159,43,,,,pose_graph,True
front_end,5451344.51833888,True,icp_accepted,2644,0.9969742813918305,0.10239527482868911,34.12538400152698,12.91941897943616,10.099625011207536,16.650095989461988,1,7,0,,,,,,,,,,,,,,local_map_fast,False,12,7384,0,False,False,False,,,,inactive,,,,,,,,,,
front_end,5451344.617621504,True,icp_accepted,2663,0.9996244836650394,0.10245801494519054,25.549509999109432,10.01257001189515,7.4907499947585166,11.741561000235379,1,7,0,,,,,,,,,,,,,,local_map_fast,False,12,7384,0,False,False,False,,,,inactive,,,,,,,,,,
front_end,5451344.718375456,True,icp_accepted,2773,0.999639379733141,0.09982728099965348,31.349562981631607,13.89587699668482,10.527543985517696,9.747849020641297,1,7,0,,,,,,,,,,,,,,local_map_fast,True,12,7519,0,False,False,False,,,,inactive,,,,,,,,,,
front_end,5451344.817305248,True,icp_accepted,2620,0.999236641221374,0.0769358317145491,14.59229300962761,7.292344002053142,4.900189989712089,4.156223003519699,1,7,0,,,,,,,,,,,,,,local_map_fast,False,12,7519,0,False,False,False,,,,inactive,,,,,,,,,,
optimized_backend,,,,,,,,,,,,,,,,,,,,,,,,,,,,,,,,,,,,,,,,,118,161,44,,,,pose_graph,True
front_end,5451344.91836336,True,icp_accepted,2765,0.9989150090415914,0.08532680782459864,17.998266004724428,8.21233500028029,6.075612996937707,4.131916008191183,1,7,0,,,,,,,,,,,,,,local_map_fast,True,12,7576,0,False,False,False,,,,inactive,,,,,,,,,,
front_end,5451345.01830448,True,icp_accepted,2662,1.0,0.07982148059373088,15.833111014217138,9.174083999823779,6.892669014632702,3.4314210060983896,1,7,0,,,,,,,,,,,,,,local_map_fast,False,12,7576,0,False,False,False,,,,inactive,,,,,,,,,,
front_end,5451345.118325888,True,icp_accepted,2646,1.0,0.08577469686570874,32.41353502380662,7.7456920116674155,5.4210450034588575,20.05984599236399,1,7,0,,,,,,,,,,,,,,local_map_fast,False,12,7576,0,False,False,False,,,,inactive,,,,,,,,,,
front_end,5451345.217342432,True,icp_accepted,2682,1.0,0.08953102295057624,37.15165797621012,12.389014998916537,9.974037006031722,19.927415996789932,1,7,0,,,,,,,,,,,,,,local_map_fast,False,12,7576,0,False,False,False,,,,inactive,,,,,,,,,,
front_end,5451345.318488832,True,icp_accepted,2727,0.9996332966629996,0.11460329456647814,34.19737899093889,13.185541989514604,10.569392994511873,13.515565980924293,1,7,0,,,,,,,,,,,,,,local_map_fast,True,12,7701,0,False,False,False,,,,inactive,,,,,,,,,,
front_end,5451345.418305728,True,icp_accepted,2742,1.0,0.07961785935781444,30.33538398449309,11.486378003610298,9.037124982569367,13.519523985451087,1,7,0,,,,,,,,,,,,,,local_map_fast,False,12,7701,0,False,False,False,,,,inactive,,,,,,,,,,
optimized_backend,,,,,,,,,,,,,,,,,,,,,,,,,,,,,,,,,,,,,,,,,119,163,45,,,,pose_graph,True
front_end,5451345.517236032,True,icp_accepted,2532,1.0,0.08905955666024819,42.12656800518744,9.603226004401222,7.038332987576723,19.83278599800542,1,7,0,,,,,,,,,,,,,,local_map_fast,True,12,7580,0,False,False,False,,,,inactive,,,,,,,,,,
front_end,5451345.61751616,True,icp_accepted,2576,0.9984472049689441,0.08937384789904136,27.4082459800411,8.298637985717505,5.829417001223192,13.770928984740749,1,7,0,,,,,,,,,,,,,,local_map_fast,False,12,7580,0,False,False,False,,,,inactive,,,,,,,,,,
front_end,5451345.718278336,True,icp_accepted,2549,0.9980384464495881,0.09130568207032365,31.421837978996336,9.26224997965619,6.73369801370427,17.587209003977478,1,7,0,,,,,,,,,,,,,,local_map_fast,False,12,7580,0,False,False,False,,,,inactive,,,,,,,,,,
front_end,5451345.818243136,True,icp_accepted,2652,1.0,0.09163880359838873,27.568719000555575,9.538271988276392,7.017124007688835,13.745370990363881,1,7,0,,,,,,,,,,,,,,local_map_fast,False,12,7580,0,False,False,False,,,,inactive,,,,,,,,,,
front_end,5451345.918297568,True,icp_accepted,2632,1.0,0.10193361357563702,27.535275992704555,11.55028899665922,8.605918992543593,10.30026501393877,1,7,0,,,,,,,,,,,,,,local_map_fast,True,12,7721,0,False,False,False,,,,inactive,,,,,,,,,,
front_end,5451346.017451008,True,icp_accepted,2627,0.9996193376475067,0.07776643071433834,18.20623900857754,8.836094988510013,5.926361016463488,6.496309011708945,1,7,0,,,,,,,,,,,,,,local_map_fast,False,12,7721,0,False,False,False,,,,inactive,,,,,,,,,,
optimized_backend,,,,,,,,,,,,,,,,,,,,,,,,,,,,,,,,,,,,,,,,,120,165,46,,,,pose_graph,True
front_end,5451346.11836208,True,icp_accepted,2627,1.0,0.08376555504553879,46.35046800831333,13.043283019214869,10.496325005078688,22.820708982180804,1,7,0,,,,,,,,,,,,,,local_map_fast,True,12,7716,0,False,False,False,,,,inactive,,,,,,,,,,
front_end,5451346.218181696,True,icp_accepted,2525,0.9996039603960396,0.07895944406113968,32.32869299245067,15.49367798725143,12.244181998539716,12.391911004669964,1,7,0,,,,,,,,,,,,,,local_map_fast,False,12,7716,0,False,False,False,,,,inactive,,,,,,,,,,
front_end,5451346.318210624,True,icp_accepted,2690,0.9996282527881041,0.07868843184776593,32.33534601167776,10.330361023079604,7.206320995464921,16.05932801612653,1,7,0,,,,,,,,,,,,,,local_map_fast,False,12,7716,0,False,False,False,,,,inactive,,,,,,,,,,
front_end,5451346.418301088,True,icp_accepted,2617,1.0,0.10611606369465117,27.22036000341177,9.845544002018869,7.5156269886065274,11.231014010263607,1,7,0,,,,,,,,,,,,,,local_map_fast,True,12,7818,0,False,False,False,,,,inactive,,,,,,,,,,
optimized_backend,,,,,,,,,,,,,,,,,,,,,,,,,,,,,,,,,,,,,,,,,121,167,47,,,,pose_graph,True
front_end,5451346.517536096,True,icp_accepted,2580,1.0,0.07598251400740345,14.208837994374335,7.028765976428986,4.8282030038535595,4.267673008143902,1,7,0,,,,,,,,,,,,,,local_map_fast,False,12,7818,0,False,False,False,,,,inactive,,,,,,,,,,
front_end,5451346.618246304,True,icp_accepted,2442,0.9987714987714987,0.09530513448637708,14.402574015548453,7.441106019541621,5.532125011086464,3.99786198977381,1,7,0,,,,,,,,,,,,,,local_map_fast,False,12,7818,0,False,False,False,,,,inactive,,,,,,,,,,
front_end,5451346.71834448,True,icp_accepted,2437,0.9987689782519491,0.12130660034612338,24.734498001635075,8.561826020013541,6.205397978192195,10.66678698407486,1,7,0,,,,,,,,,,,,,,local_map_fast,True,12,7967,0,False,False,False,,,,inactive,,,,,,,,,,
front_end,5451346.818234688,True,icp_accepted,2565,1.0,0.08082494410585474,38.004188012564555,12.846650002757087,10.128289024578407,17.993607005337253,1,7,0,,,,,,,,,,,,,,local_map_fast,False,12,7967,0,False,False,False,,,,inactive,,,,,,,,,,
front_end,5451346.9183672,True,icp_accepted,2523,1.0,0.08087752044852825,21.433112997328863,8.29225598135963,5.818547011585906,8.773135021328926,1,7,0,,,,,,,,,,,,,,local_map_fast,False,12,7967,0,False,False,False,,,,inactive,,,,,,,,,,
front_end,5451347.018352576,True,icp_accepted,2512,1.0,0.08742792697726792,36.987746017985046,11.000899015925825,8.22083099046722,18.763943982776254,1,7,0,,,,,,,,,,,,,,local_map_fast,True,12,7936,0,False,False,False,,,,inactive,,,,,,,,,,
front_end,5451347.118332736,True,icp_accepted,2546,1.0,0.07712554387117644,20.24384299875237,11.495985992951319,9.019260993227363,5.48406399320811,1,7,0,,,,,,,,,,,,,,local_map_fast,False,12,7936,0,False,False,False,,,,inactive,,,,,,,,,,
optimized_backend,,,,,,,,,,,,,,,,,,,,,,,,,,,,,,,,,,,,,,,,,122,169,48,,,,pose_graph,True
front_end,5451347.218200416,True,icp_accepted,2551,1.0,0.08673513831069171,36.50890997960232,12.27996899979189,7.461614994099364,18.178486003307626,1,7,0,,,,,,,,,,,,,,local_map_fast,True,12,7909,0,False,False,False,,,,inactive,,,,,,,,,,
front_end,5451347.318353728,True,icp_accepted,2505,1.0,0.07795961254553113,31.444821011973545,13.686279009561986,11.301318008918315,14.329636003822088,1,7,0,,,,,,,,,,,,,,local_map_fast,False,12,7909,0,False,False,False,,,,inactive,,,,,,,,,,
front_end,5451347.418258912,True,icp_accepted,2558,1.0,0.08353636161127148,32.13484599837102,9.612061985535547,6.997485994361341,16.553742985706776,1,7,0,,,,,,,,,,,,,,local_map_fast,False,12,7909,0,False,False,False,,,,inactive,,,,,,,,,,
front_end,5451347.51737776,True,icp_accepted,2604,1.0,0.1054877213983546,39.946121018147096,14.811738015851006,11.74561699735932,17.96313902013935,1,7,0,,,,,,,,,,,,,,local_map_fast,True,12,7924,0,False,False,False,,,,inactive,,,,,,,,,,
optimized_backend,,,,,,,,,,,,,,,,,,,,,,,,,,,,,,,,,,,,,,,,,123,171,49,,,,pose_graph,True
front_end,5451347.6182632,True,icp_accepted,2544,1.0,0.07919638596641446,15.966532024322078,8.941503008827567,6.5656900114845484,4.061593004735187,1,7,0,,,,,,,,,,,,,,local_map_fast,False,12,7924,0,False,False,False,,,,inactive,,,,,,,,,,
front_end,5451347.718214464,True,icp_accepted,2517,0.9996027016289233,0.08886540367166897,17.822442983742803,6.393303978256881,4.384394007502124,3.2971170148812234,1,7,0,,,,,,,,,,,,,,local_map_fast,True,12,7915,0,False,False,False,,,,inactive,,,,,,,,,,
front_end,5451347.81832688,True,icp_accepted,2555,0.9996086105675147,0.08979360966078138,26.499135012272745,8.272728009615093,5.752751021645963,14.06298199435696,1,7,0,,,,,,,,,,,,,,local_map_fast,False,12,7915,0,False,False,False,,,,inactive,,,,,,,,,,
front_end,5451347.91825776,True,icp_accepted,2581,0.9996125532739248,0.08167209533026858,25.286301010055467,11.370268010068685,9.007648011902347,9.58128401543945,1,7,0,,,,,,,,,,,,,,local_map_fast,False,12,7915,0,False,False,False,,,,inactive,,,,,,,,,,
front_end,5451348.018190112,True,icp_accepted,2526,0.9996041171813144,0.08980605393446028,34.03868697932921,11.663080978905782,8.416711003519595,14.54432200989686,1,7,0,,,,,,,,,,,,,,local_map_fast,True,12,7822,0,False,False,False,,,,inactive,,,,,,,,,,
front_end,5451348.117345728,True,icp_accepted,2590,1.0,0.07586155212363392,23.087090987246484,9.181938978144899,6.230514991329983,10.415060998639092,1,7,0,,,,,,,,,,,,,,local_map_fast,False,12,7822,0,False,False,False,,,,inactive,,,,,,,,,,
optimized_backend,,,,,,,,,,,,,,,,,,,,,,,,,,,,,,,,,,,,,,,,,124,173,50,,,,pose_graph,True
front_end,5451348.218235424,True,icp_accepted,2570,1.0,0.0803770496302858,14.638369000749663,7.585858984384686,5.146315001184121,3.9432490011677146,1,7,0,,,,,,,,,,,,,,local_map_fast,False,12,7822,0,False,False,False,,,,inactive,,,,,,,,,,
front_end,5451348.318250496,True,icp_accepted,2541,1.0,0.0858868317135779,19.461653981124982,6.580837973160669,4.470996995223686,3.5516589996404946,1,7,0,,,,,,,,,,,,,,local_map_fast,True,12,7682,0,False,False,False,,,,inactive,,,,,,,,,,
front_end,5451348.418346176,True,icp_accepted,2571,1.0,0.07530497110349146,31.498040014412254,14.149484020890668,11.675816000206396,10.60164300724864,1,7,0,,,,,,,,,,,,,,local_map_fast,False,12,7682,0,False,False,False,,,,inactive,,,,,,,,,,
front_end,5451348.5182456,True,icp_accepted,2605,1.0,0.08129785970238639,24.06578097725287,9.103939984925091,6.5673319913912565,11.643192992778495,1,7,0,,,,,,,,,,,,,,local_map_fast,False,12,7682,0,False,False,False,,,,inactive,,,,,,,,,,
front_end,5451348.617341024,True,icp_accepted,2614,1.0,0.09642736820836785,24.583942024037242,9.727260010549799,7.28003098629415,8.24737999937497,1,7,0,,,,,,,,,,,,,,local_map_fast,True,12,7680,0,False,False,False,,,,inactive,,,,,,,,,,
optimized_backend,,,,,,,,,,,,,,,,,,,,,,,,,,,,,,,,,,,,,,,,,125,175,51,,,,pose_graph,True
front_end,5451348.718259744,True,icp_accepted,2569,1.0,0.07573110142865312,13.753314997302368,6.5022789931390435,4.411986010381952,3.5012529988307506,1,7,0,,,,,,,,,,,,,,local_map_fast,False,12,7680,0,False,False,False,,,,inactive,,,,,,,,,,
front_end,5451348.818197856,True,icp_accepted,2564,0.999609984399376,0.08576558264034459,31.2362750119064,12.139212019974366,6.523980991914868,12.849524995544925,1,7,0,,,,,,,,,,,,,,local_map_fast,True,12,7551,0,False,False,False,,,,inactive,,,,,,,,,,
front_end,5451348.918200512,True,icp_accepted,2608,1.0,0.08911197349120283,31.00653999717906,8.738678996451199,6.270871992455795,13.690656021935865,1,7,0,,,,,,,,,,,,,,local_map_fast,False,12,7551,0,False,False,False,,,,inactive,,,,,,,,,,
front_end,5451349.018286848,True,icp_accepted,2571,0.999611046285492,0.0843170208468462,35.57051398092881,12.138991995016113,9.303037979407236,19.61471201502718,1,7,0,,,,,,,,,,,,,,local_map_fast,False,12,7551,0,False,False,False,,,,inactive,,,,,,,,,,
front_end,5451349.118175264,True,icp_accepted,2535,1.0,0.08959067102320731,32.13273102301173,10.82924401271157,8.398475998546928,15.729011996882036,1,7,0,,,,,,,,,,,,,,local_map_fast,True,12,7551,0,False,False,False,,,,inactive,,,,,,,,,,
front_end,5451349.218384192,True,icp_accepted,2587,0.9996134518747584,0.07342057894548358,28.45319002517499,11.65011600824073,9.061479999218136,12.987175985472277,1,7,0,,,,,,,,,,,,,,local_map_fast,False,12,7551,0,False,False,False,,,,inactive,,,,,,,,,,
optimized_backend,,,,,,,,,,,,,,,,,,,,,,,,,,,,,,,,,,,,,,,,,126,177,52,,,,pose_graph,True
front_end,5451349.318412192,True,icp_accepted,2597,1.0,0.07734899442806317,17.199763999087736,7.648928003618494,4.779220005730167,3.6713540030177683,1,7,0,,,,,,,,,,,,,,local_map_fast,True,12,7482,0,False,False,False,,,,inactive,,,,,,,,,,
front_end,5451349.418140992,True,icp_accepted,2511,1.0,0.0702595345232124,42.11104498244822,8.638900995720178,6.018974992912263,29.24248401541263,1,7,0,,,,,,,,,,,,,,local_map_fast,False,12,7482,0,False,False,False,,,,inactive,,,,,,,,,,
front_end,5451349.518153312,True,icp_accepted,2486,1.0,0.0790320374899143,42.37273000762798,11.206867988221347,8.587001997511834,26.679123984649777,1,7,0,,,,,,,,,,,,,,local_map_fast,False,12,7482,0,False,False,False,,,,inactive,,,,,,,,,,
front_end,5451349.618279392,True,icp_accepted,2623,1.0,0.0833849470804299,32.67706898623146,10.501793993171304,8.148493012413383,9.245679015293717,1,7,0,,,,,,,,,,,,,,local_map_fast,True,12,7306,0,False,False,False,,,,inactive,,,,,,,,,,
front_end,5451349.718128576,True,icp_accepted,2607,0.9992328346758726,0.09309946047746694,41.08688700944185,15.115652000531554,7.77785200625658,20.81306799664162,1,7,0,,,,,,,,,,,,,,local_map_fast,False,12,7306,0,False,False,False,,,,inactive,,,,,,,,,,
optimized_backend,,,,,,,,,,,,,,,,,,,,,,,,,,,,,,,,,,,,,,,,,127,179,53,,,,pose_graph,True
front_end,5451349.818354784,True,icp_accepted,2569,1.0,0.08263415067058523,17.350669018924236,7.262026017997414,5.00653000199236,3.965509997215122,1,7,0,,,,,,,,,,,,,,local_map_fast,True,12,7118,0,False,False,False,,,,inactive,,,,,,,,,,
front_end,5451349.91822592,True,icp_accepted,2566,0.9992205767731879,0.08497264226810003,14.809593005338684,7.812968018697575,5.723386013414711,3.421120985876769,1,7,0,,,,,,,,,,,,,,local_map_fast,False,12,7118,0,False,False,False,,,,inactive,,,,,,,,,,
front_end,5451350.018174688,True,icp_accepted,2430,0.9991769547325103,0.10850964106237526,31.744545995024964,12.204434984596446,9.579801000654697,15.182948991423473,1,7,0,,,,,,,,,,,,,,local_map_fast,False,12,7118,0,False,False,False,,,,inactive,,,,,,,,,,
front_end,5451350.118352768,True,icp_accepted,2559,1.0,0.08890127336749197,26.763133995700628,10.731228976510465,7.059964002110064,8.399126993026584,1,7,0,,,,,,,,,,,,,,local_map_fast,True,12,7176,0,False,False,False,,,,inactive,,,,,,,,,,
front_end,5451350.218237216,True,icp_accepted,2529,0.9996045867931989,0.08106154446778456,28.514987003291026,12.986023008124903,10.395724006230012,10.799797979416326,1,7,0,,,,,,,,,,,,,,local_map_fast,False,12,7176,0,False,False,False,,,,inactive,,,,,,,,,,
front_end,5451350.31814448,True,icp_accepted,2524,0.998811410459588,0.08792842363099061,36.27375198993832,17.597646015929058,9.464152011787519,15.273911005351692,1,7,0,,,,,,,,,,,,,,local_map_fast,False,12,7176,0,False,False,False,,,,inactive,,,,,,,,,,
front_end,5451350.418356864,True,icp_accepted,2537,1.0,0.09162407589097507,25.307008996605873,13.172967010177672,10.734513984061778,5.91383600840345,1,7,0,,,,,,,,,,,,,,local_map_fast,True,12,7200,0,False,False,False,,,,inactive,,,,,,,,,,
optimized_backend,,,,,,,,,,,,,,,,,,,,,,,,,,,,,,,,,,,,,,,,,128,181,54,,,,pose_graph,True
front_end,5451350.518299872,True,icp_accepted,2488,1.0,0.07495010404690462,14.380872016772628,7.035839022137225,4.8366489936597645,3.7784359883517027,1,7,0,,,,,,,,,,,,,,local_map_fast,False,12,7200,0,False,False,False,,,,inactive,,,,,,,,,,
front_end,5451350.618096544,True,icp_accepted,2530,1.0,0.08215700626583912,27.230676991166547,9.313315997133031,6.5503699879627675,13.49822201882489,1,7,0,,,,,,,,,,,,,,local_map_fast,False,12,7200,0,False,False,False,,,,inactive,,,,,,,,,,
front_end,5451350.717337952,True,icp_accepted,2597,1.0,0.09557931542322286,29.47299901279621,10.201326018432155,6.635191006353125,10.655696009052917,1,7,0,,,,,,,,,,,,,,local_map_fast,True,12,7295,0,False,False,False,,,,inactive,,,,,,,,,,
front_end,5451350.81824736,True,icp_accepted,2529,0.9972321075523922,0.08565635280026991,26.251605013385415,9.57662399741821,7.2513860068283975,11.516002006828785,1,7,0,,,,,,,,,,,,,,local_map_fast,False,12,7295,0,False,False,False,,,,inactive,,,,,,,,,,
front_end,5451350.918168352,True,icp_accepted,2509,1.0,0.08460568348295033,20.562724996125326,8.937084989156574,6.02841199724935,5.245381995337084,1,7,0,,,,,,,,,,,,,,local_map_fast,True,12,7243,0,False,False,False,,,,inactive,,,,,,,,,,
optimized_backend,,,,,,,,,,,,,,,,,,,,,,,,,,,,,,,,,,,,,,,,,129,183,55,,,,pose_graph,True
front_end,5451351.017329472,True,icp_accepted,2536,0.9996056782334385,0.09353036303157981,14.211411005817354,7.323302008444443,4.89556000684388,3.31329699838534,1,7,0,,,,,,,,,,,,,,local_map_fast,False,12,7243,0,False,False,False,,,,inactive,,,,,,,,,,
front_end,5451351.118336416,True,icp_accepted,2620,0.998854961832061,0.11076962165561,28.190202021505684,11.218108993489295,8.282487018732354,12.761657999362797,1,7,0,,,,,,,,,,,,,,local_map_fast,False,12,7243,0,False,False,False,,,,inactive,,,,,,,,,,
optimized_backend,,,,,,,,,,,,,,,,,,,,,,,,,,,,,,,,,,,,,,,,,130,184,55,,,,pose_graph,True
front_end,5451351.218160576,True,icp_accepted,2584,1.0,0.09443875774862595,15.074724011356011,6.380058010108769,4.433555994182825,4.209242004435509,1,7,0,,,,,,,,,,,,,,local_map_fast,True,12,7209,0,False,False,False,,,,inactive,,,,,,,,,,
front_end,5451351.318088576,True,icp_accepted,2560,0.998046875,0.0760519376384994,13.351955014513806,7.235716009745374,5.230623995885253,3.370465012267232,1,7,0,,,,,,,,,,,,,,local_map_fast,False,12,7209,0,False,False,False,,,,inactive,,,,,,,,,,
front_end,5451351.417243744,True,icp_accepted,2535,0.9972386587771204,0.08758548641573764,14.548248000210151,6.996693991823122,4.590421973261982,3.842739009996876,1,7,0,,,,,,,,,,,,,,local_map_fast,False,12,7209,0,False,False,False,,,,inactive,,,,,,,,,,
front_end,5451351.518291616,True,icp_accepted,2568,0.9992211838006231,0.08496436292057774,16.514546994585544,8.397603989578784,5.693188984878361,3.2220350112766027,1,7,0,,,,,,,,,,,,,,local_map_fast,True,12,7242,0,False,False,False,,,,inactive,,,,,,,,,,
front_end,5451351.617317088,True,icp_accepted,2493,1.0,0.07450065880243469,15.57118201162666,6.949895003344864,4.460988013306633,4.438093979842961,1,7,0,,,,,,,,,,,,,,local_map_fast,False,12,7242,0,False,False,False,,,,inactive,,,,,,,,,,
optimized_backend,,,,,,,,,,,,,,,,,,,,,,,,,,,,,,,,,,,,,,,,,131,185,55,,,,pose_graph,True
front_end,5451351.71612128,True,icp_accepted,2609,1.0,0.0833121723190468,15.446525998413563,8.729862020118162,6.441114004701376,3.323505981825292,1,7,0,,,,,,,,,,,,,,local_map_fast,False,12,7242,0,False,False,False,,,,inactive,,,,,,,,,,
front_end,5451351.818175872,True,icp_accepted,2660,0.9992481203007518,0.09349644769086958,17.21548300702125,6.9722679909318686,4.854913015151396,3.769530012505129,1,7,0,,,,,,,,,,,,,,local_map_fast,True,12,7296,0,False,False,False,,,,inactive,,,,,,,,,,
front_end,5451351.917382112,True,icp_accepted,2556,0.9976525821596244,0.09244875797387529,16.013559012208134,8.446476014796644,5.8612060092855245,4.197550006210804,1,7,0,,,,,,,,,,,,,,local_map_fast,False,12,7296,0,False,False,False,,,,inactive,,,,,,,,,,
front_end,5451352.017239936,True,icp_accepted,2546,0.9996072270227808,0.08542743699692709,16.426821006461978,7.138292014133185,4.6602439833804965,3.7450040108524263,1,7,0,,,,,,,,,,,,,,local_map_fast,True,12,7240,0,False,False,False,,,,inactive,,,,,,,,,,
front_end,5451352.118230496,True,icp_accepted,2562,0.9992193598750976,0.08876054995612845,15.985467005521059,7.84834599471651,5.320033000316471,4.228027013596147,1,7,0,,,,,,,,,,,,,,local_map_fast,False,12,7240,0,False,False,False,,,,inactive,,,,,,,,,,
optimized_backend,,,,,,,,,,,,,,,,,,,,,,,,,,,,,,,,,,,,,,,,,132,186,55,,,,pose_graph,True
front_end,5451352.218035968,True,icp_accepted,2577,0.9992239037640668,0.09290536836417806,14.628820004872978,6.826742988778278,4.692986985901371,3.7388520140666515,1,7,0,,,,,,,,,,,,,,local_map_fast,False,12,7240,0,False,False,False,,,,inactive,,,,,,,,,,
front_end,5451352.318253856,True,icp_accepted,2520,1.0,0.08684034297527703,16.114350000862032,7.616675982717425,5.21928200032562,3.3821169927250594,1,7,0,,,,,,,,,,,,,,local_map_fast,True,12,7201,0,False,False,False,,,,inactive,,,,,,,,,,
front_end,5451352.418209632,True,icp_accepted,2532,0.9988151658767772,0.08356113580539243,15.859126986470073,8.285702002467588,5.939944996498525,4.203671007417142,1,7,0,,,,,,,,,,,,,,local_map_fast,False,12,7201,0,False,False,False,,,,inactive,,,,,,,,,,
front_end,5451352.517353984,True,icp_accepted,2484,0.998792270531401,0.09157959480941856,15.145566983846948,8.834629988996312,6.389755988493562,3.263813996454701,1,7,0,,,,,,,,,,,,,,local_map_fast,False,12,7201,0,False,False,False,,,,inactive,,,,,,,,,,
front_end,5451352.618294016,True,icp_accepted,2537,1.0,0.09415959223124463,14.9671999970451,6.531594000989571,4.347101988969371,3.519717021845281,1,7,0,,,,,,,,,,,,,,local_map_fast,True,12,7191,0,False,False,False,,,,inactive,,,,,,,,,,
front_end,5451352.718173472,True,icp_accepted,2549,0.9996076892899176,0.07591302159961302,17.76181597961113,9.743218979565427,7.765649002976716,4.592707002302632,1,7,0,,,,,,,,,,,,,,local_map_fast,False,12,7191,0,False,False,False,,,,inactive,,,,,,,,,,
optimized_backend,,,,,,,,,,,,,,,,,,,,,,,,,,,,,,,,,,,,,,,,,133,187,55,,,,pose_graph,True
front_end,5451352.817270208,True,icp_accepted,2529,0.9992091735863978,0.08120999932101627,16.216251999139786,8.92918900353834,6.589122989680618,3.61163099296391,1,7,0,,,,,,,,,,,,,,local_map_fast,False,12,7191,0,False,False,False,,,,inactive,,,,,,,,,,
front_end,5451352.918324288,True,icp_accepted,2648,0.9977341389728097,0.10040138497437205,18.941376998554915,7.6709589920938015,5.3971679881215096,3.5929559962823987,1,7,0,,,,,,,,,,,,,,local_map_fast,True,12,7373,0,False,False,False,,,,inactive,,,,,,,,,,
front_end,5451353.018260352,True,icp_accepted,2626,0.9996191926884996,0.08270133166236168,14.704703004099429,6.972748989937827,4.8262589843943715,4.125724022742361,1,7,0,,,,,,,,,,,,,,local_map_fast,False,12,7373,0,False,False,False,,,,inactive,,,,,,,,,,
front_end,5451353.118063936,True,icp_accepted,2455,0.9983706720977596,0.08801924392684514,16.856464004376903,6.468665989814326,4.470386018510908,3.81253199884668,1,7,0,,,,,,,,,,,,,,local_map_fast,True,12,7392,0,False,False,False,,,,inactive,,,,,,,,,,
optimized_backend,,,,,,,,,,,,,,,,,,,,,,,,,,,,,,,,,,,,,,,,,134,188,55,,,,pose_graph,True
front_end,5451353.217255488,True,icp_accepted,2481,0.9991938734381298,0.08739569158233425,16.31902699591592,9.143283998128027,6.848052988061681,4.134399991016835,1,7,0,,,,,,,,,,,,,,local_map_fast,False,12,7392,0,False,False,False,,,,inactive,,,,,,,,,,
front_end,5451353.318184416,True,icp_accepted,2505,1.0,0.08983385240493781,16.88105898210779,10.1111939875409,7.54913900163956,3.7683980190195143,1,7,0,,,,,,,,,,,,,,local_map_fast,False,12,7392,0,False,False,False,,,,inactive,,,,,,,,,,
front_end,5451353.41812016,True,icp_accepted,2599,0.9992304732589458,0.08524927093720662,15.00121399294585,6.240453978534788,4.241030983394012,4.604338988428935,1,7,0,,,,,,,,,,,,,,local_map_fast,False,12,7392,0,False,False,False,,,,inactive,,,,,,,,,,
front_end,5451353.517254976,True,icp_accepted,2518,0.9988085782366958,0.10068236329031954,15.74839698150754,6.4502299937885255,4.4395269942469895,4.129111010115594,1,7,0,,,,,,,,,,,,,,local_map_fast,True,12,7302,0,False,False,False,,,,inactive,,,,,,,,,,
front_end,5451353.618126048,True,icp_accepted,2651,0.999622783855149,0.0791125445910966,15.059975004987791,7.659989001695067,5.629146995488554,4.184875986538827,1,7,0,,,,,,,,,,,,,,local_map_fast,False,12,7302,0,False,False,False,,,,inactive,,,,,,,,,,
front_end,5451353.718270208,True,icp_accepted,2525,1.0,0.08039281537050831,17.903542990097776,6.887397001264617,4.846516996622086,4.714366979897022,1,7,0,,,,,,,,,,,,,,local_map_fast,True,12,7264,0,False,False,False,,,,inactive,,,,,,,,,,
optimized_backend,,,,,,,,,,,,,,,,,,,,,,,,,,,,,,,,,,,,,,,,,135,189,55,,,,pose_graph,True
front_end,5451353.818192704,True,icp_accepted,2534,1.0,0.07782360183917306,14.665660011814907,7.696227025007829,5.338076007319614,3.681753994897008,1,7,0,,,,,,,,,,,,,,local_map_fast,False,12,7264,0,False,False,False,,,,inactive,,,,,,,,,,
front_end,5451353.918127424,True,icp_accepted,2623,1.0,0.07809860371003646,15.212052006972954,7.375168992439285,5.207228998187929,3.641487011918798,1,7,0,,,,,,,,,,,,,,local_map_fast,False,12,7264,0,False,False,False,,,,inactive,,,,,,,,,,
front_end,5451354.01805888,True,icp_accepted,2649,1.0,0.09605585243897398,13.972517976071686,6.874872982734814,4.740195989143103,3.6342740058898926,1,7,0,,,,,,,,,,,,,,local_map_fast,False,12,7264,0,False,False,False,,,,inactive,,,,,,,,,,
front_end,5451354.117190912,True,icp_accepted,2692,0.99962852897474,0.1055324028315382,16.227203013841063,7.030428008874878,4.794228007085621,4.3318830139469355,1,7,0,,,,,,,,,,,,,,local_map_fast,True,12,7342,0,False,False,False,,,,inactive,,,,,,,,,,
front_end,5451354.218103744,True,icp_accepted,2572,1.0,0.08054536627012662,14.4925519998651,8.018836990231648,4.686795000452548,3.6199570167809725,1,7,0,,,,,,,,,,,,,,local_map_fast,False,12,7342,0,False,False,False,,,,inactive,,,,,,,,,,
front_end,5451354.318256096,True,icp_accepted,2638,0.9992418498862775,0.10123296508278799,15.323903993703425,6.897966988617554,4.668900975957513,4.515440989052877,1,7,0,,,,,,,,,,,,,,local_map_fast,False,12,7342,0,False,False,False,,,,inactive,,,,,,,,,,
optimized_backend,,,,,,,,,,,,,,,,,,,,,,,,,,,,,,,,,,,,,,,,,136,190,55,,,,pose_graph,True
front_end,5451354.41822464,True,icp_accepted,2626,0.9996191926884996,0.1161018701357992,19.25222499994561,9.342901990748942,6.3254740089178085,3.9772829913999885,1,7,0,,,,,,,,,,,,,,local_map_fast,True,12,7582,0,False,False,False,,,,inactive,,,,,,,,,,
front_end,5451354.518098368,True,icp_accepted,2643,0.9992432841468029,0.08026838703281343,14.147739013424143,6.725470011588186,4.731589026050642,4.414560011355206,1,7,0,,,,,,,,,,,,,,local_map_fast,False,12,7582,0,False,False,False,,,,inactive,,,,,,,,,,
front_end,5451354.618259232,True,icp_accepted,2567,0.9988313206077133,0.08268101490006137,14.56099102506414,7.208284019725397,5.222437001066282,4.439707001438364,1,7,0,,,,,,,,,,,,,,local_map_fast,False,12,7582,0,False,False,False,,,,inactive,,,,,,,,,,
front_end,5451354.718114496,True,icp_accepted,2540,1.0,0.08933833616465535,14.687419985421002,6.857911997940391,4.6551349805668,3.2421319920103997,1,7,0,,,,,,,,,,,,,,local_map_fast,True,12,7472,0,False,False,False,,,,inactive,,,,,,,,,,
front_end,5451354.81739088,True,icp_accepted,2690,0.9992565055762082,0.07543482777992533,15.795154991792515,7.793861004756764,5.779290979262441,4.567438998492435,1,7,0,,,,,,,,,,,,,,local_map_fast,False,12,7472,0,False,False,False,,,,inactive,,,,,,,,,,
optimized_backend,,,,,,,,,,,,,,,,,,,,,,,,,,,,,,,,,,,,,,,,,137,191,55,,,,pose_graph,True
front_end,5451354.918318304,True,icp_accepted,2595,1.0,0.08245643057926778,15.97237098030746,6.395396980224177,4.30342901381664,3.7468269874807447,1,7,0,,,,,,,,,,,,,,local_map_fast,True,12,7448,0,False,False,False,,,,inactive,,,,,,,,,,
front_end,5451355.018251936,True,icp_accepted,2588,0.999227202472952,0.07587343620511362,13.729808997595683,6.925960013177246,4.941326013067737,3.8103070110082626,1,7,0,,,,,,,,,,,,,,local_map_fast,False,12,7448,0,False,False,False,,,,inactive,,,,,,,,,,
front_end,5451355.118189792,True,icp_accepted,2698,0.9996293550778355,0.08914196610082926,12.497888994403183,6.238809990463778,4.249577992595732,3.441829001531005,1,7,0,,,,,,,,,,,,,,local_map_fast,False,12,7448,0,False,False,False,,,,inactive,,,,,,,,,,
front_end,5451355.218015424,True,icp_accepted,2672,0.9958832335329342,0.10837316754813071,15.642345999367535,6.851007987279445,4.457771021407098,3.956873988499865,1,7,0,,,,,,,,,,,,,,local_map_fast,True,12,7605,0,False,False,False,,,,inactive,,,,,,,,,,
front_end,5451355.3182384,True,icp_accepted,2616,1.0,0.08311575234435097,13.885733991628513,6.798488990170881,4.8837270005606115,4.056521982420236,1,7,0,,,,,,,,,,,,,,local_map_fast,False,12,7605,0,False,False,False,,,,inactive,,,,,,,,,,
front_end,5451355.417963712,True,icp_accepted,2620,0.999236641221374,0.08742013258309615,16.309667989844456,6.5746250038500875,4.507113975705579,3.628914011642337,1,7,0,,,,,,,,,,,,,,local_map_fast,True,12,7743,0,False,False,False,,,,inactive,,,,,,,,,,
optimized_backend,,,,,,,,,,,,,,,,,,,,,,,,,,,,,,,,,,,,,,,,,138,192,55,,,,pose_graph,True
front_end,5451355.518253472,True,icp_accepted,2654,0.9984928409947249,0.07738229522907145,16.365672985557467,9.290961985243484,6.0191449883859605,3.989825985627249,1,7,0,,,,,,,,,,,,,,local_map_fast,False,12,7743,0,False,False,False,,,,inactive,,,,,,,,,,
front_end,5451355.618139328,True,icp_accepted,2635,0.9992409867172676,0.08183628827516308,13.9621080015786,6.596677005290985,4.475424997508526,4.116927011637017,1,7,0,,,,,,,,,,,,,,local_map_fast,False,12,7743,0,False,False,False,,,,inactive,,,,,,,,,,
front_end,5451355.717178848,True,icp_accepted,2572,0.999611197511664,0.08636039167307628,17.465895012719557,8.476322022033855,6.371249997755513,3.9492190117016435,1,7,0,,,,,,,,,,,,,,local_map_fast,True,12,7739,0,False,False,False,,,,inactive,,,,,,,,,,
front_end,5451355.81721664,True,icp_accepted,2674,0.9996260284218399,0.07915847704521188,14.040264999493957,6.780653988244012,4.77282700012438,3.849339991575107,1,7,0,,,,,,,,,,,,,,local_map_fast,False,12,7739,0,False,False,False,,,,inactive,,,,,,,,,,
front_end,5451355.918178304,True,icp_accepted,2610,1.0,0.07849263353586965,17.68973801517859,6.238619011128321,4.28767001722008,5.066432000603527,1,7,0,,,,,,,,,,,,,,local_map_fast,True,12,7656,0,False,False,False,,,,inactive,,,,,,,,,,
optimized_backend,,,,,,,,,,,,,,,,,,,,,,,,,,,,,,,,,,,,,,,,,139,193,55,,,,pose_graph,True
front_end,5451356.018052128,True,icp_accepted,2593,0.9996143463170073,0.07321141077467873,18.727811984717846,8.838496985845268,6.170701002702117,4.845274001127109,1,7,0,,,,,,,,,,,,,,local_map_fast,False,12,7656,0,False,False,False,,,,inactive,,,,,,,,,,
front_end,5451356.118050752,True,icp_accepted,2599,1.0,0.07628341023478828,15.426046011270955,7.33364000916481,5.021538003347814,4.779200011398643,1,7,0,,,,,,,,,,,,,,local_map_fast,False,12,7656,0,False,False,False,,,,inactive,,,,,,,,,,
front_end,5451356.218001856,True,icp_accepted,2657,0.9996236356793377,0.08216901699964599,15.918416989734396,7.058228977257386,4.511403007199988,3.7312270142138004,1,7,0,,,,,,,,,,,,,,local_map_fast,True,12,7656,0,False,False,False,,,,inactive,,,,,,,,,,
front_end,5451356.318077216,True,icp_accepted,2656,0.9996234939759037,0.08038409135308572,13.431394007056952,6.823246018029749,4.578149004373699,3.5146379959769547,1,7,0,,,,,,,,,,,,,,local_map_fast,False,12,7656,0,False,False,False,,,,inactive,,,,,,,,,,
front_end,5451356.417946112,True,icp_accepted,2364,1.0,0.07877548515871588,16.771021008025855,6.086993002099916,4.21315900166519,3.7336820096243173,1,7,0,,,,,,,,,,,,,,local_map_fast,True,12,7565,0,False,False,False,,,,inactive,,,,,,,,,,
optimized_backend,,,,,,,,,,,,,,,,,,,,,,,,,,,,,,,,,,,,,,,,,140,194,55,,,,pose_graph,True
front_end,5451356.506403136,True,icp_accepted,2701,0.9992595335061089,0.08164292210330563,15.104588004760444,8.103747008135542,5.721591005567461,3.4031470131594688,1,7,0,,,,,,,,,,,,,,local_map_fast,False,12,7565,0,False,False,False,,,,inactive,,,,,,,,,,
front_end,5451356.617982528,True,icp_accepted,2485,0.9979879275653923,0.08879456787101708,13.721232011448592,6.889320007758215,4.451639979379252,3.1256009824573994,1,7,0,,,,,,,,,,,,,,local_map_fast,False,12,7565,0,False,False,False,,,,inactive,,,,,,,,,,
front_end,5451356.717942208,True,icp_accepted,2567,0.9996104402025711,0.0824930891689595,18.027006008196622,8.366725000087172,6.371189985657111,3.701080015162006,1,7,0,,,,,,,,,,,,,,local_map_fast,True,12,7537,0,False,False,False,,,,inactive,,,,,,,,,,
front_end,5451356.81820896,True,icp_accepted,2513,0.9996020692399522,0.07948054488952917,13.54246400296688,6.580346002010629,4.329088027589023,3.3434439974371344,1,7,0,,,,,,,,,,,,,,local_map_fast,False,12,7537,0,False,False,False,,,,inactive,,,,,,,,,,
front_end,5451356.918144384,True,icp_accepted,2646,1.0,0.07758009286102394,16.560582007514313,6.699791003484279,4.615990997990593,3.791772003751248,1,7,0,,,,,,,,,,,,,,local_map_fast,True,12,7456,0,False,False,False,,,,inactive,,,,,,,,,,
front_end,5451357.017973504,True,icp_accepted,2606,0.9996162701458173,0.07446263511109949,15.673915011575446,8.173078007530421,6.009747012285516,3.474632016150281,1,7,0,,,,,,,,,,,,,,local_map_fast,False,12,7456,0,False,False,False,,,,inactive,,,,,,,,,,
optimized_backend,,,,,,,,,,,,,,,,,,,,,,,,,,,,,,,,,,,,,,,,,141,195,55,,,,pose_graph,True
front_end,5451357.118164,True,icp_accepted,2580,1.0,0.0785605640199176,17.694016016321257,9.633050009142607,5.6818469893187284,4.280065011698753,1,7,0,,,,,,,,,,,,,,local_map_fast,False,12,7456,0,False,False,False,,,,inactive,,,,,,,,,,
front_end,5451357.21804256,True,icp_accepted,2576,1.0,0.08083893068447338,16.92697498947382,6.867238000268117,4.744924022816122,3.291766013717279,1,7,0,,,,,,,,,,,,,,local_map_fast,True,12,7288,0,False,False,False,,,,inactive,,,,,,,,,,
front_end,5451357.317149248,True,icp_accepted,2656,0.9996234939759037,0.0851442507230448,15.855108009418473,8.081625011982396,5.996330990456045,3.85864800773561,1,7,0,,,,,,,,,,,,,,local_map_fast,False,12,7288,0,False,False,False,,,,inactive,,,,,,,,,,
front_end,5451357.418081568,True,icp_accepted,2589,0.9980687524140595,0.10001422729401135,15.754317020764574,7.05487301456742,4.905036999844015,3.858808981021866,1,7,0,,,,,,,,,,,,,,local_map_fast,True,12,7114,0,False,False,False,,,,inactive,,,,,,,,,,
front_end,5451357.517988224,True,icp_accepted,2567,0.9996104402025711,0.07367657094784011,14.177855016896501,6.470447027822956,4.167412000242621,3.307997016236186,1,7,0,,,,,,,,,,,,,,local_map_fast,False,12,7114,0,False,False,False,,,,inactive,,,,,,,,,,
optimized_backend,,,,,,,,,,,,,,,,,,,,,,,,,,,,,,,,,,,,,,,,,142,196,55,,,,pose_graph,True
front_end,5451357.618153952,True,icp_accepted,2492,0.9971910112359551,0.10251529973012159,14.082194014918059,7.594875001814216,5.210935982177034,3.2863160013221204,1,7,0,,,,,,,,,,,,,,local_map_fast,False,12,7114,0,False,False,False,,,,inactive,,,,,,,,,,
front_end,5451357.718150848,True,icp_accepted,2489,0.9963840899959823,0.11037289153654384,15.39762201718986,6.87075502355583,4.6318109962157905,3.2947709842119366,1,7,0,,,,,,,,,,,,,,local_map_fast,True,12,7344,0,False,False,False,,,,inactive,,,,,,,,,,
front_end,5451357.81803488,True,icp_accepted,2539,1.0,0.07829418679922179,14.074629987590015,7.326085993554443,5.1663420163095,3.5924950207117945,1,7,0,,,,,,,,,,,,,,local_map_fast,False,12,7344,0,False,False,False,,,,inactive,,,,,,,,,,
front_end,5451357.91788528,True,icp_accepted,2550,1.0,0.08975857379987938,14.68880198081024,7.615693990373984,5.5345580040011555,3.845172992441803,1,7,0,,,,,,,,,,,,,,local_map_fast,False,12,7344,0,False,False,False,,,,inactive,,,,,,,,,,
front_end,5451358.018116736,True,icp_accepted,2588,0.999613601236476,0.10397116742453894,18.022767995717004,8.264360978500918,5.7857229840010405,3.485783003270626,1,7,0,,,,,,,,,,,,,,local_map_fast,True,12,7365,0,False,False,False,,,,inactive,,,,,,,,,,
front_end,5451358.11802464,True,icp_accepted,2594,0.9988434849653045,0.07677202057191719,14.413300988962874,6.646741996519268,4.5303280057851225,3.51927598239854,1,7,0,,,,,,,,,,,,,,local_map_fast,False,12,7365,0,False,False,False,,,,inactive,,,,,,,,,,
optimized_backend,,,,,,,,,,,,,,,,,,,,,,,,,,,,,,,,,,,,,,,,,143,197,55,,,,pose_graph,True
front_end,5451358.217145568,True,icp_accepted,2558,0.9976544175136826,0.07736753440687312,13.674843998160213,7.028482999885455,4.850463999900967,3.484219021629542,1,7,0,,,,,,,,,,,,,,local_map_fast,False,12,7365,0,False,False,False,,,,inactive,,,,,,,,,,
front_end,5451358.318058816,True,icp_accepted,2628,0.997716894977169,0.08436441296694148,16.58658098313026,7.346724974922836,5.0607820157893,3.2285059860441834,1,7,0,,,,,,,,,,,,,,local_map_fast,True,12,7254,0,False,False,False,,,,inactive,,,,,,,,,,
front_end,5451358.417919744,True,icp_accepted,2625,0.9992380952380953,0.08900180962557173,13.23287800187245,6.232668994925916,4.270496981916949,3.1151120201684535,1,7,0,,,,,,,,,,,,,,local_map_fast,False,12,7254,0,False,False,False,,,,inactive,,,,,,,,,,
front_end,5451358.509189088,True,icp_accepted,2619,0.9996181748759069,0.10052497703716819,14.827904000412673,6.734236987540498,4.721609991975129,3.3109220094047487,1,7,0,,,,,,,,,,,,,,local_map_fast,True,12,7199,0,False,False,False,,,,inactive,,,,,,,,,,
front_end,5451358.618127264,True,icp_accepted,2755,0.9996370235934664,0.0800512633939919,12.600212008692324,6.354609009576961,4.435638984432444,3.4198279900010675,1,7,0,,,,,,,,,,,,,,local_map_fast,False,12,7199,0,False,False,False,,,,inactive,,,,,,,,,,
front_end,5451358.712220992,True,icp_accepted,2632,0.9984802431610942,0.0984464809499024,16.744409018428996,10.179553006310016,7.575186988105997,3.1206519925035536,1,7,0,,,,,,,,,,,,,,local_map_fast,False,12,7199,0,False,False,False,,,,inactive,,,,,,,,,,
optimized_backend,,,,,,,,,,,,,,,,,,,,,,,,,,,,,,,,,,,,,,,,,144,198,55,,,,pose_graph,True
front_end,5451358.817102016,True,icp_accepted,2645,0.998109640831758,0.103751056106644,17.75615301448852,8.962410996900871,5.993205006234348,3.439446008997038,1,7,0,,,,,,,,,,,,,,local_map_fast,True,12,7393,0,False,False,False,,,,inactive,,,,,,,,,,
front_end,5451358.918124704,True,icp_accepted,2616,1.0,0.07822294139334882,14.947579998988658,7.872779999161139,5.544325977098197,3.84459100314416,1,7,0,,,,,,,,,,,,,,local_map_fast,False,12,7393,0,False,False,False,,,,inactive,,,,,,,,,,
front_end,5451359.017906688,True,icp_accepted,2665,0.999624765478424,0.08236275982966725,14.621064008679241,8.121291000861675,5.465427006129175,3.3490339992567897,1,7,0,,,,,,,,,,,,,,local_map_fast,False,12,7393,0,False,False,False,,,,inactive,,,,,,,,,,
front_end,5451359.118116512,True,icp_accepted,2667,0.9996250468691413,0.09107059240187086,16.974333993857726,7.820540980901569,5.138628999702632,3.7988550029695034,1,7,0,,,,,,,,,,,,,,local_map_fast,True,12,7368,0,False,False,False,,,,inactive,,,,,,,,,,
front_end,5451359.217995936,True,icp_accepted,2628,1.0,0.07605458638839296,13.881994993425906,6.556129985256121,4.457030008779839,2.946562977740541,1,7,0,,,,,,,,,,,,,,local_map_fast,False,12,7368,0,False,False,False,,,,inactive,,,,,,,,,,
optimized_backend,,,,,,,,,,,,,,,,,,,,,,,,,,,,,,,,,,,,,,,,,145,199,55,,,,pose_graph,True
front_end,5451359.317942176,True,icp_accepted,2705,1.0,0.08560386168237683,15.013083990197629,8.313693979289383,5.588709987932816,3.4390040091238916,1,7,0,,,,,,,,,,,,,,local_map_fast,False,12,7368,0,False,False,False,,,,inactive,,,,,,,,,,
front_end,5451359.418007264,True,icp_accepted,2687,1.0,0.09034721320605255,17.41153100738302,6.779462011763826,4.469482984859496,3.919993992894888,1,7,0,,,,,,,,,,,,,,local_map_fast,True,12,7400,0,False,False,False,,,,inactive,,,,,,,,,,
front_end,5451359.518140704,True,icp_accepted,2801,0.9996429846483399,0.09317801003449852,14.774943992961198,7.77896199724637,5.532663984922692,3.4878170117735863,1,7,0,,,,,,,,,,,,,,local_map_fast,False,12,7400,0,False,False,False,,,,inactive,,,,,,,,,,
front_end,5451359.617885824,True,icp_accepted,2667,0.9996250468691413,0.09438039319375702,15.638918004697189,6.6560790000949055,4.58260698360391,3.340548020787537,1,7,0,,,,,,,,,,,,,,local_map_fast,True,12,7462,0,False,False,False,,,,inactive,,,,,,,,,,
front_end,5451359.718097824,True,icp_accepted,2685,1.0,0.07975382763876375,14.935376995708793,7.9115529952105135,5.916680995142087,3.537992015480995,1,7,0,,,,,,,,,,,,,,local_map_fast,False,12,7462,0,False,False,False,,,,inactive,,,,,,,,,,
optimized_backend,,,,,,,,,,,,,,,,,,,,,,,,,,,,,,,,,,,,,,,,,146,200,55,,,,pose_graph,True
front_end,5451359.818049024,True,icp_accepted,2716,0.9996318114874816,0.09036465938122944,15.182435017777607,7.893278991105035,5.53473801119253,3.911126987077296,1,7,0,,,,,,,,,,,,,,local_map_fast,False,12,7462,0,False,False,False,,,,inactive,,,,,,,,,,
front_end,5451359.918134144,True,icp_accepted,2575,0.9992233009708738,0.10288143924225455,17.348780995234847,8.325596019858494,6.063787994207814,3.2497060019522905,1,7,0,,,,,,,,,,,,,,local_map_fast,True,12,7513,0,False,False,False,,,,inactive,,,,,,,,,,
front_end,5451360.018071232,True,icp_accepted,2683,0.9996272828922848,0.07980714122100821,14.815399976214394,8.137469994835556,4.8045869916677475,3.404179005883634,1,7,0,,,,,,,,,,,,,,local_map_fast,False,12,7513,0,False,False,False,,,,inactive,,,,,,,,,,
front_end,5451360.118083552,True,icp_accepted,2649,1.0,0.09024209827689902,13.924083992606029,7.188716001110151,5.223629996180534,3.6785269912797958,1,7,0,,,,,,,,,,,,,,local_map_fast,False,12,7513,0,False,False,False,,,,inactive,,,,,,,,,,
front_end,5451360.2179272,True,icp_accepted,2669,0.9985013113525665,0.09820076164781162,16.018505004467443,6.959080987144262,4.935534991091117,3.7886149948462844,1,7,0,,,,,,,,,,,,,,local_map_fast,True,12,7552,0,False,False,False,,,,inactive,,,,,,,,,,
front_end,5451360.318123712,True,icp_accepted,2663,0.9984979346601577,0.07949598268474344,14.650608994998038,7.140534988138825,5.176079022930935,4.007277981145307,1,7,0,,,,,,,,,,,,,,local_map_fast,False,12,7552,0,False,False,False,,,,inactive,,,,,,,,,,
optimized_backend,,,,,,,,,,,,,,,,,,,,,,,,,,,,,,,,,,,,,,,,,147,201,55,,,,pose_graph,True
front_end,5451360.418049664,True,icp_accepted,2598,0.9984603541185527,0.09177188472625787,15.316807985072955,7.81446899054572,5.7292050041724,3.7224300031084567,1,7,0,,,,,,,,,,,,,,local_map_fast,False,12,7552,0,False,False,False,,,,inactive,,,,,,,,,,
front_end,5451360.518112768,True,icp_accepted,2730,0.9981684981684982,0.09530512926032558,16.293846012558788,7.009727996774018,4.39148599980399,3.41793498955667,1,7,0,,,,,,,,,,,,,,local_map_fast,True,12,7654,0,False,False,False,,,,inactive,,,,,,,,,,
front_end,5451360.617990528,True,icp_accepted,2614,0.9980872226472839,0.09578945434674606,15.526806004345417,7.210446987301111,5.173745012143627,3.1389769865199924,1,7,0,,,,,,,,,,,,,,local_map_fast,False,12,7654,0,False,False,False,,,,inactive,,,,,,,,,,
front_end,5451360.717967456,True,icp_accepted,2626,0.9996191926884996,0.09168105331918565,15.531112992903218,7.077445014147088,5.0915899919345975,3.9321670192293823,1,7,0,,,,,,,,,,,,,,local_map_fast,True,12,7585,0,False,False,False,,,,inactive,,,,,,,,,,
front_end,5451360.817952896,True,icp_accepted,2550,0.9996078431372549,0.08940357248820675,14.088826021179557,7.023934012977406,4.40201599849388,3.2897519995458424,1,7,0,,,,,,,,,,,,,,local_map_fast,False,12,7585,0,False,False,False,,,,inactive,,,,,,,,,,
optimized_backend,,,,,,,,,,,,,,,,,,,,,,,,,,,,,,,,,,,,,,,,,148,202,55,,,,pose_graph,True
front_end,5451360.91802352,True,icp_accepted,2512,0.9996019108280255,0.09179123342429794,15.894982003374025,7.7984289964661,5.58968199766241,4.130151006393135,1,7,0,,,,,,,,,,,,,,local_map_fast,False,12,7585,0,False,False,False,,,,inactive,,,,,,,,,,
front_end,5451361.018008096,True,icp_accepted,2611,0.9996170049789352,0.10754482930672549,19.05822497792542,8.974152995506302,6.541252019815147,3.740824991837144,1,7,0,,,,,,,,,,,,,,local_map_fast,True,12,7548,0,False,False,False,,,,inactive,,,,,,,,,,
front_end,5451361.118185344,True,icp_accepted,2574,1.0,0.08156774181563309,13.52075202157721,6.65734100039117,4.533083003479987,3.382908005733043,1,7,0,,,,,,,,,,,,,,local_map_fast,False,12,7548,0,False,False,False,,,,inactive,,,,,,,,,,
front_end,5451361.218074304,True,icp_accepted,2736,1.0,0.0943884949648011,11.617281998042017,3.079925023484975,0.2742380020208657,3.2666780170984566,1,7,0,,,,,,,,,,,,,,local_map_fast,True,12,7711,0,False,False,False,,,,inactive,,,,,,,,,,
front_end,5451361.318033984,True,icp_accepted,2575,1.0,0.0769202015218099,12.0897350134328,5.209472001297399,3.273941983934492,3.700247994856909,1,7,0,,,,,,,,,,,,,,local_map_fast,False,12,7711,0,False,False,False,,,,inactive,,,,,,,,,,
front_end,5451361.417940576,True,icp_accepted,2565,0.9988304093567252,0.08389275484672117,14.397489983821288,6.086721987230703,3.895757981808856,3.6147760110907257,1,7,0,,,,,,,,,,,,,,local_map_fast,False,12,7711,0,False,False,False,,,,inactive,,,,,,,,,,
optimized_backend,,,,,,,,,,,,,,,,,,,,,,,,,,,,,,,,,,,,,,,,,149,203,55,,,,pose_graph,True
front_end,5451361.517867488,True,icp_accepted,2589,1.0,0.09094470872662909,16.800353972939774,5.739354994148016,3.612311993492767,3.5432709846645594,1,7,0,,,,,,,,,,,,,,local_map_fast,True,12,7756,0,False,False,False,,,,inactive,,,,,,,,,,
front_end,5451361.618047008,True,icp_accepted,2606,1.0,0.07793290147964034,13.01372199668549,6.037669023498893,4.035863006720319,3.3645930234342813,1,7,0,,,,,,,,,,,,,,local_map_fast,False,12,7756,0,False,False,False,,,,inactive,,,,,,,,,,
front_end,5451361.717998304,True,icp_accepted,2619,0.9984726995036274,0.11226632423647206,13.598848978290334,6.569955992745236,4.501162999076769,3.8885140093043447,1,7,0,,,,,,,,,,,,,,local_map_fast,False,12,7756,0,False,False,False,,,,inactive,,,,,,,,,,
front_end,5451361.81784144,True,icp_accepted,2599,1.0,0.10709093787106146,17.177747999085113,7.014586997684091,4.7576180077157915,3.589830012060702,1,7,0,,,,,,,,,,,,,,local_map_fast,True,12,7837,0,False,False,False,,,,inactive,,,,,,,,,,
front_end,5451361.918052736,True,icp_accepted,2553,0.9996083039561301,0.07677534026068296,22.22592500038445,6.596195016754791,4.600259999278933,3.647969017038122,1,7,0,,,,,,,,,,,,,,local_map_fast,False,12,7837,0,False,False,False,,,,inactive,,,,,,,,,,
optimized_backend,,,,,,,,,,,,,,,,,,,,,,,,,,,,,,,,,,,,,,,,,150,204,55,,,,pose_graph,True
front_end,5451362.017923872,True,icp_accepted,2541,0.9996064541519087,0.08611488812049053,16.029085003538057,9.193957987008616,6.606834998819977,3.7077520100865513,1,7,0,,,,,,,,,,,,,,local_map_fast,False,12,7837,0,False,False,False,,,,inactive,,,,,,,,,,
front_end,5451362.1172472,True,icp_accepted,2538,0.9996059889676912,0.09011285626288261,14.499170996714383,7.01167099759914,4.774119006469846,3.662436007289216,1,7,0,,,,,,,,,,,,,,local_map_fast,False,12,7837,0,False,False,False,,,,inactive,,,,,,,,,,
front_end,5451362.218080288,True,icp_accepted,2613,1.0,0.09668421880568752,15.990903018973768,6.275298015680164,4.175687994575128,3.519285994116217,1,7,0,,,,,,,,,,,,,,local_map_fast,True,12,7725,0,False,False,False,,,,inactive,,,,,,,,,,
front_end,5451362.31818624,True,icp_accepted,2600,0.9996153846153846,0.08323098890290803,14.166742010274902,7.026308012427762,5.058257025666535,4.022918990813196,1,7,0,,,,,,,,,,,,,,local_map_fast,False,12,7725,0,False,False,False,,,,inactive,,,,,,,,,,
front_end,5451362.41794416,True,icp_accepted,2598,1.0,0.08501836256879532,16.261083976132795,6.572019978193566,4.53755198395811,4.416904004756361,1,7,0,,,,,,,,,,,,,,local_map_fast,True,12,7691,0,False,False,False,,,,inactive,,,,,,,,,,
front_end,5451362.518018912,True,icp_accepted,2548,0.9988226059654631,0.07808446616732798,15.201169007923454,6.361440988257527,4.279483982827514,3.815595991909504,1,7,0,,,,,,,,,,,,,,local_map_fast,False,12,7691,0,False,False,False,,,,inactive,,,,,,,,,,
optimized_backend,,,,,,,,,,,,,,,,,,,,,,,,,,,,,,,,,,,,,,,,,151,205,55,,,,pose_graph,True
front_end,5451362.618024192,True,icp_accepted,2609,1.0,0.07989548941750231,17.57933699991554,8.458206983050331,5.912732012802735,4.609116993378848,1,7,0,,,,,,,,,,,,,,local_map_fast,False,12,7691,0,False,False,False,,,,inactive,,,,,,,,,,
front_end,5451362.717099552,True,icp_accepted,2620,0.998854961832061,0.08887941720571339,15.833515004487708,7.612888002768159,4.464183002710342,3.1684620189480484,1,7,0,,,,,,,,,,,,,,local_map_fast,True,12,7687,0,False,False,False,,,,inactive,,,,,,,,,,
front_end,5451362.81800496,True,icp_accepted,2733,0.9952433223563849,0.08703542315119125,14.341332978801802,7.232428004499525,4.677416000049561,3.85362800443545,1,7,0,,,,,,,,,,,,,,local_map_fast,False,12,7687,0,False,False,False,,,,inactive,,,,,,,,,,
front_end,5451362.918111008,True,icp_accepted,2572,1.0,0.08591184893081961,16.29082899307832,6.667739973636344,4.5764759997837245,3.497465018881485,1,7,0,,,,,,,,,,,,,,local_map_fast,True,12,7624,0,False,False,False,,,,inactive,,,,,,,,,,
front_end,5451363.017139168,True,icp_accepted,2462,0.9995938261575954,0.08294302899787818,16.64231499307789,7.053218985674903,4.742580000311136,3.762565989745781,1,7,0,,,,,,,,,,,,,,local_map_fast,False,12,7624,0,False,False,False,,,,inactive,,,,,,,,,,
optimized_backend,,,,,,,,,,,,,,,,,,,,,,,,,,,,,,,,,,,,,,,,,152,206,55,,,,pose_graph,True
front_end,5451363.117991744,True,icp_accepted,2563,0.9980491611392899,0.09075750158582532,14.220623997971416,7.06913901376538,5.034561007050797,3.1620999798178673,1,7,0,,,,,,,,,,,,,,local_map_fast,False,12,7624,0,False,False,False,,,,inactive,,,,,,,,,,
front_end,5451363.218135264,True,icp_accepted,2665,0.999624765478424,0.09108607472416853,15.650989982532337,7.149811979616061,4.780440998729318,3.4964820079039782,1,7,0,,,,,,,,,,,,,,local_map_fast,True,12,7455,0,False,False,False,,,,inactive,,,,,,,,,,
front_end,5451363.318022208,True,icp_accepted,2638,0.9996209249431387,0.0851826707270854,16.058339999290183,8.063320012297481,6.120706006186083,3.859659016598016,1,7,0,,,,,,,,,,,,,,local_map_fast,False,12,7455,0,False,False,False,,,,inactive,,,,,,,,,,
front_end,5451363.418023328,True,icp_accepted,2565,0.9992202729044835,0.09075584605593338,19.192146020941436,9.454510000068694,7.464606984285638,3.5616459790617228,1,7,0,,,,,,,,,,,,,,local_map_fast,True,12,7411,0,False,False,False,,,,inactive,,,,,,,,,,
front_end,5451363.517890784,True,icp_accepted,2588,1.0,0.07865934901281038,15.572431002510712,7.512707990827039,5.315582995535806,3.632198990089819,1,7,0,,,,,,,,,,,,,,local_map_fast,False,12,7411,0,False,False,False,,,,inactive,,,,,,,,,,
optimized_backend,,,,,,,,,,,,,,,,,,,,,,,,,,,,,,,,,,,,,,,,,153,207,55,,,,pose_graph,True
front_end,5451363.617064032,True,icp_accepted,2566,1.0,0.08799664948540553,15.151784988120198,6.519138987641782,4.413356014993042,3.626749006798491,1,7,0,,,,,,,,,,,,,,local_map_fast,True,12,7363,0,False,False,False,,,,inactive,,,,,,,,,,
front_end,5451363.717779008,True,icp_accepted,2639,1.0,0.0792362993812274,13.757027016254142,6.331073003821075,4.37052600318566,4.161891003604978,1,7,0,,,,,,,,,,,,,,local_map_fast,False,12,7363,0,False,False,False,,,,inactive,,,,,,,,,,
front_end,5451363.818097376,True,icp_accepted,2710,0.9970479704797048,0.09933039749533305,14.129612012766302,6.439749005949125,4.478619986912236,3.915525012416765,1,7,0,,,,,,,,,,,,,,local_map_fast,False,12,7363,0,False,False,False,,,,inactive,,,,,,,,,,
front_end,5451363.918086752,True,icp_accepted,2476,0.9995961227786753,0.10014117430166337,16.46291499491781,6.329299998469651,4.366578010376543,3.4368589986115694,1,7,0,,,,,,,,,,,,,,local_map_fast,True,12,7415,0,False,False,False,,,,inactive,,,,,,,,,,
front_end,5451364.013003776,True,icp_accepted,2761,1.0,0.08865349212197592,14.750035014003515,7.0499829889740795,4.990538000129163,3.953737992560491,1,7,0,,,,,,,,,,,,,,local_map_fast,False,12,7415,0,False,False,False,,,,inactive,,,,,,,,,,
front_end,5451364.118049632,True,icp_accepted,2648,0.9988670694864048,0.0990127796106412,16.812204994494095,6.254248000914231,4.339467006502673,4.133848007768393,1,7,0,,,,,,,,,,,,,,local_map_fast,True,12,7512,0,False,False,False,,,,inactive,,,,,,,,,,
optimized_backend,,,,,,,,,,,,,,,,,,,,,,,,,,,,,,,,,,,,,,,,,154,208,55,,,,pose_graph,True
front_end,5451364.217904896,True,icp_accepted,2649,0.9988674971687429,0.08257945789159632,13.553161988966167,7.058109011268243,4.995967989088967,3.5917619825340807,1,7,0,,,,,,,,,,,,,,local_map_fast,False,12,7512,0,False,False,False,,,,inactive,,,,,,,,,,
front_end,5451364.317788,True,icp_accepted,2697,1.0,0.09089921828582312,13.678989984327927,6.4238889899570495,4.466307000257075,4.18785001966171,1,7,0,,,,,,,,,,,,,,local_map_fast,False,12,7512,0,False,False,False,,,,inactive,,,,,,,,,,
front_end,5451364.418049664,True,icp_accepted,2638,1.0,0.09642760837069889,13.327976019354537,6.195507012307644,4.266648989869282,3.866130980895832,1,7,0,,,,,,,,,,,,,,local_map_fast,False,12,7512,0,False,False,False,,,,inactive,,,,,,,,,,
front_end,5451364.51801456,True,icp_accepted,2677,1.0,0.09628361473578433,15.239190019201487,6.563653005287051,4.552309022983536,3.7844970065634698,1,7,0,,,,,,,,,,,,,,local_map_fast,True,12,7369,0,False,False,False,,,,inactive,,,,,,,,,,
front_end,5451364.618098112,True,icp_accepted,2699,1.0,0.07900496994781954,17.311449017142877,7.815932010998949,4.934572003548965,4.2792329913936555,1,7,0,,,,,,,,,,,,,,local_map_fast,False,12,7369,0,False,False,False,,,,inactive,,,,,,,,,,
optimized_backend,,,,,,,,,,,,,,,,,,,,,,,,,,,,,,,,,,,,,,,,,155,209,55,,,,pose_graph,True
front_end,5451364.718060608,True,icp_accepted,2638,0.9996209249431387,0.08875667239230406,15.226315998006612,7.489454001188278,5.138687993166968,4.248985991580412,1,7,0,,,,,,,,,,,,,,local_map_fast,False,12,7369,0,False,False,False,,,,inactive,,,,,,,,,,
front_end,5451364.818050048,True,icp_accepted,2616,0.9988532110091743,0.0927323345013046,15.208160999463871,6.971975002670661,4.898974992102012,3.355455002747476,1,7,0,,,,,,,,,,,,,,local_map_fast,True,12,7361,0,False,False,False,,,,inactive,,,,,,,,,,
front_end,5451364.918136352,True,icp_accepted,2658,0.9996237772761475,0.09377621522942133,13.139999995473772,6.262394017539918,4.276908002793789,3.782624000450596,1,7,0,,,,,,,,,,,,,,local_map_fast,False,12,7361,0,False,False,False,,,,inactive,,,,,,,,,,
front_end,5451365.017802464,True,icp_accepted,2734,0.9941477688368691,0.10887192003769584,16.224293009145185,6.213511020177975,4.133427020860836,4.942437022691593,1,7,0,,,,,,,,,,,,,,local_map_fast,True,12,7434,0,False,False,False,,,,inactive,,,,,,,,,,
front_end,5451365.11804272,True,icp_accepted,2643,1.0,0.09242050198773837,14.904428011504933,6.277020991547033,4.283240006770939,3.971259982790798,1,7,0,,,,,,,,,,,,,,local_map_fast,False,12,7434,0,False,False,False,,,,inactive,,,,,,,,,,
optimized_backend,,,,,,,,,,,,,,,,,,,,,,,,,,,,,,,,,,,,,,,,,156,210,55,,,,pose_graph,True
front_end,5451365.217852224,True,icp_accepted,2577,0.9988358556461001,0.10384043322089324,14.393321005627513,6.9080350222066045,4.704427003161982,3.506902023218572,1,7,0,,,,,,,,,,,,,,local_map_fast,False,12,7434,0,False,False,False,,,,inactive,,,,,,,,,,
front_end,5451365.3180752,True,icp_accepted,2547,0.9960738123282293,0.10174607422203029,15.706805017543957,6.861417001346126,4.718954005511478,3.778696001973003,1,7,0,,,,,,,,,,,,,,local_map_fast,True,12,7526,0,False,False,False,,,,inactive,,,,,,,,,,
front_end,5451365.41802096,True,icp_accepted,2550,1.0,0.07921611181018269,13.45727001898922,6.14198500989005,4.240309004671872,3.9436180086340755,1,7,0,,,,,,,,,,,,,,local_map_fast,False,12,7526,0,False,False,False,,,,inactive,,,,,,,,,,
front_end,5451365.51797856,True,icp_accepted,2499,1.0,0.08617151781547334,13.505070004612207,6.769892992451787,4.769780003698543,3.3687000104691833,1,7,0,,,,,,,,,,,,,,local_map_fast,False,12,7526,0,False,False,False,,,,inactive,,,,,,,,,,
front_end,5451365.617764896,True,icp_accepted,2539,0.9996061441512406,0.10264420378850055,16.001971991499886,7.4245010036975145,5.47286999062635,3.512623021379113,1,7,0,,,,,,,,,,,,,,local_map_fast,True,12,7583,0,False,False,False,,,,inactive,,,,,,,,,,
front_end,5451365.717977824,True,icp_accepted,2628,1.0,0.08047712505603094,14.417686994420364,6.926600006408989,4.901999986032024,3.670762002002448,1,7,0,,,,,,,,,,,,,,local_map_fast,False,12,7583,0,False,False,False,,,,inactive,,,,,,,,,,
optimized_backend,,,,,,,,,,,,,,,,,,,,,,,,,,,,,,,,,,,,,,,,,157,211,55,,,,pose_graph,True
front_end,5451365.817839776,True,icp_accepted,2487,1.0,0.09260084456143003,16.884360986296088,7.842631981475279,4.771262989379466,5.835525982547551,1,7,0,,,,,,,,,,,,,,local_map_fast,False,12,7583,0,False,False,False,,,,inactive,,,,,,,,,,
front_end,5451365.917165856,True,icp_accepted,2505,0.9988023952095808,0.1039496946089614,14.419840008486062,6.096208991948515,4.146873019635677,3.3820260141510516,1,7,0,,,,,,,,,,,,,,local_map_fast,True,12,7730,0,False,False,False,,,,inactive,,,,,,,,,,
front_end,5451366.018004512,True,icp_accepted,2534,0.999605367008682,0.10093219019779005,13.652930007083341,6.585373979760334,4.637571022612974,3.9251330017577857,1,7,0,,,,,,,,,,,,,,local_map_fast,False,12,7730,0,False,False,False,,,,inactive,,,,,,,,,,
front_end,5451366.117904736,True,icp_accepted,2609,0.9992334227673438,0.11784864410684336,15.144089993555099,6.252505001612008,4.305993992602453,3.9204749919008464,1,7,0,,,,,,,,,,,,,,local_map_fast,True,12,7881,0,False,False,False,,,,inactive,,,,,,,,,,
front_end,5451366.218020288,True,icp_accepted,2532,0.9996050552922591,0.083321648352196,14.048178010853007,6.861976988147944,4.902009997749701,3.3914640080183744,1,7,0,,,,,,,,,,,,,,local_map_fast,False,12,7881,0,False,False,False,,,,inactive,,,,,,,,,,
optimized_backend,,,,,,,,,,,,,,,,,,,,,,,,,,,,,,,,,,,,,,,,,158,212,55,,,,pose_graph,True
front_end,5451366.317934976,True,icp_accepted,2361,0.9991529013130029,0.09550876311572869,13.309680012753233,6.185748003190383,4.173872992396355,3.84389900136739,1,7,0,,,,,,,,,,,,,,local_map_fast,False,12,7881,0,False,False,False,,,,inactive,,,,,,,,,,
front_end,5451366.420663584,True,icp_accepted,2550,0.9968627450980392,0.1024994559603371,12.868896999862045,6.4369330066256225,4.3410299986135215,3.3891700149979442,1,7,0,,,,,,,,,,,,,,local_map_fast,False,12,7881,0,False,False,False,,,,inactive,,,,,,,,,,
front_end,5451366.517946336,True,icp_accepted,2473,0.9987868985038415,0.10543526865479232,15.24541201069951,6.601614993996918,4.689177992986515,3.7062290066387504,1,7,0,,,,,,,,,,,,,,local_map_fast,True,12,7890,0,False,False,False,,,,inactive,,,,,,,,,,
front_end,5451366.617929376,True,icp_accepted,2440,0.9995901639344262,0.08360929244450083,13.250768999569118,6.256030988879502,4.400801990414038,3.8828130054753274,1,7,0,,,,,,,,,,,,,,local_map_fast,False,12,7890,0,False,False,False,,,,inactive,,,,,,,,,,
front_end,5451366.71786928,True,icp_accepted,2391,1.0,0.08731348598991955,15.080048993695527,6.464055011747405,4.465133999474347,3.79235198488459,1,7,0,,,,,,,,,,,,,,local_map_fast,True,12,7871,0,False,False,False,,,,inactive,,,,,,,,,,
front_end,5451366.818028192,True,icp_accepted,2468,1.0,0.0844199052489309,17.455299996072426,9.583834005752578,6.388762005371973,3.448661998845637,1,7,0,,,,,,,,,,,,,,local_map_fast,False,12,7871,0,False,False,False,,,,inactive,,,,,,,,,,
optimized_backend,,,,,,,,,,,,,,,,,,,,,,,,,,,,,,,,,,,,,,,,,159,213,55,,,,pose_graph,True
front_end,5451366.917909024,True,icp_accepted,2439,1.0,0.09085564106884556,16.516373987542465,8.109174988931045,5.5640020000282675,3.8752490072511137,1,7,0,,,,,,,,,,,,,,local_map_fast,False,12,7871,0,False,False,False,,,,inactive,,,,,,,,,,
front_end,5451367.018061664,True,icp_accepted,2479,1.0,0.1128753306830075,17.552804987644777,6.901020999066532,4.7847079986240715,3.795096999965608,1,7,0,,,,,,,,,,,,,,local_map_fast,True,12,7965,0,False,False,False,,,,inactive,,,,,,,,,,
front_end,5451367.117972064,True,icp_accepted,2510,0.999203187250996,0.09535086922494056,14.085547998547554,6.7079059954266995,4.6698920195922256,4.1153120109811425,1,7,0,,,,,,,,,,,,,,local_map_fast,False,12,7965,0,False,False,False,,,,inactive,,,,,,,,,,
front_end,5451367.217883776,True,icp_accepted,2434,0.9995891536565324,0.10721974777622809,16.32893001078628,6.8926440144423395,4.813833016669378,3.6717639886774123,1,7,0,,,,,,,,,,,,,,local_map_fast,True,12,8027,0,False,False,False,,,,inactive,,,,,,,,,,
front_end,5451367.317890016,True,icp_accepted,2410,1.0,0.09298330561460015,14.299411996034905,6.550477992277592,4.6061000030022115,3.8397510070353746,1,7,0,,,,,,,,,,,,,,local_map_fast,False,12,8027,0,False,False,False,,,,inactive,,,,,,,,,,
optimized_backend,,,,,,,,,,,,,,,,,,,,,,,,,,,,,,,,,,,,,,,,,160,214,55,,,,pose_graph,True
front_end,5451367.417987136,True,icp_accepted,2447,0.9967306906416019,0.11357737911845749,16.976946004433557,8.328080002684146,5.752508994191885,4.064706998178735,1,7,0,,,,,,,,,,,,,,local_map_fast,False,12,8027,0,False,False,False,,,,inactive,,,,,,,,,,
front_end,5451367.517891872,True,icp_accepted,2448,0.9979575163398693,0.1078762187221337,16.84093798394315,7.045423990348354,5.080809001810849,3.6865420115645975,1,7,0,,,,,,,,,,,,,,local_map_fast,True,12,7942,0,False,False,False,,,,inactive,,,,,,,,,,
front_end,5451367.618018976,True,icp_accepted,2404,1.0,0.07951633509560993,15.570554998703301,7.687006989726797,5.692545004421845,4.4330240052659065,1,7,0,,,,,,,,,,,,,,local_map_fast,False,12,7942,0,False,False,False,,,,inactive,,,,,,,,,,
front_end,5451367.717978176,True,icp_accepted,2446,0.9995911692559281,0.08531228859928987,16.825238009914756,9.181263012578711,7.144080009311438,3.98496599518694,1,7,0,,,,,,,,,,,,,,local_map_fast,False,12,7942,0,False,False,False,,,,inactive,,,,,,,,,,
front_end,5451367.81790704,True,icp_accepted,2446,1.0,0.0943780756680605,16.35053101927042,6.856336025521159,4.6573780127801,3.908181010046974,1,7,0,,,,,,,,,,,,,,local_map_fast,True,12,7939,0,False,False,False,,,,inactive,,,,,,,,,,
front_end,5451367.918133536,True,icp_accepted,2393,1.0,0.08414243862127486,14.254447014536709,6.403078994480893,4.275926010450348,3.8064979889895767,1,7,0,,,,,,,,,,,,,,local_map_fast,False,12,7939,0,False,False,False,,,,inactive,,,,,,,,,,
optimized_backend,,,,,,,,,,,,,,,,,,,,,,,,,,,,,,,,,,,,,,,,,161,215,55,,,,pose_graph,True
front_end,5451368.017982272,True,icp_accepted,2469,0.9995949777237748,0.09060184091108331,16.758451994974166,7.355870999163017,5.20759800565429,4.226072021992877,1,7,0,,,,,,,,,,,,,,local_map_fast,False,12,7939,0,False,False,False,,,,inactive,,,,,,,,,,
front_end,5451368.11787312,True,icp_accepted,2491,1.0,0.0980480397529267,17.29487700504251,6.4632729918230325,4.421682009706274,4.242263006744906,1,7,0,,,,,,,,,,,,,,local_map_fast,True,12,7980,0,False,False,False,,,,inactive,,,,,,,,,,
front_end,5451368.218013952,True,icp_accepted,2495,0.9995991983967936,0.10275543115930319,15.447262005181983,6.804036995163187,4.321332002291456,3.8833440048620105,1,7,0,,,,,,,,,,,,,,local_map_fast,False,12,7980,0,False,False,False,,,,inactive,,,,,,,,,,
front_end,5451368.318006464,True,icp_accepted,2476,0.9995961227786753,0.09328072452841361,18.950547993881628,8.910540986107662,6.089786998927593,3.872233006404713,1,7,0,,,,,,,,,,,,,,local_map_fast,True,12,7966,0,False,False,False,,,,inactive,,,,,,,,,,
optimized_backend,,,,,,,,,,,,,,,,,,,,,,,,,,,,,,,,,,,,,,,,,162,216,55,,,,pose_graph,True
front_end,5451368.416927008,True,icp_accepted,2394,0.9995822890559732,0.08472365883925326,17.46098100556992,7.862188009312376,5.007890023989603,4.221012000925839,1,7,0,,,,,,,,,,,,,,local_map_fast,False,12,7966,0,False,False,False,,,,inactive,,,,,,,,,,
front_end,5451368.517949088,True,icp_accepted,2423,0.9975237309120925,0.11286053576513363,15.893927018623799,7.442234025802463,4.639122984372079,3.2959530071821064,1,7,0,,,,,,,,,,,,,,local_map_fast,False,12,7966,0,False,False,False,,,,inactive,,,,,,,,,,
front_end,5451368.618065312,True,icp_accepted,2404,0.9995840266222962,0.10884598178057617,16.740517981816083,7.905239996034652,5.829995003296062,3.509576985379681,1,7,0,,,,,,,,,,,,,,local_map_fast,True,12,7826,0,False,False,False,,,,inactive,,,,,,,,,,
front_end,5451368.71688672,True,icp_accepted,2363,1.0,0.08320111795063377,14.275876979809254,7.638896000571549,5.481585976667702,2.779765985906124,1,7,0,,,,,,,,,,,,,,local_map_fast,False,12,7826,0,False,False,False,,,,inactive,,,,,,,,,,
front_end,5451368.817975296,True,icp_accepted,2388,1.0,0.09268480967251881,13.152672996511683,6.493630004115403,4.337591992225498,3.4239350061398,1,7,0,,,,,,,,,,,,,,local_map_fast,False,12,7826,0,False,False,False,,,,inactive,,,,,,,,,,
front_end,5451368.917946272,True,icp_accepted,2343,0.9995731967562953,0.09655070588531234,17.54981800331734,7.365098019363359,5.362922005588189,4.151811997871846,1,7,0,,,,,,,,,,,,,,local_map_fast,True,12,7745,0,False,False,False,,,,inactive,,,,,,,,,,
optimized_backend,,,,,,,,,,,,,,,,,,,,,,,,,,,,,,,,,,,,,,,,,163,217,55,,,,pose_graph,True
front_end,5451369.01801232,True,icp_accepted,2326,0.9995700773860705,0.07539370942331583,13.935844006482512,7.492047996493056,4.7345939965453,3.3262299839407206,1,7,0,,,,,,,,,,,,,,local_map_fast,False,12,7745,0,False,False,False,,,,inactive,,,,,,,,,,
front_end,5451369.11773904,True,icp_accepted,2301,0.9995654063450674,0.09319212457536512,12.752055015880615,6.504991004476324,4.385564010590315,3.0198910098988563,1,7,0,,,,,,,,,,,,,,local_map_fast,False,12,7745,0,False,False,False,,,,inactive,,,,,,,,,,
front_end,5451369.217920192,True,icp_accepted,2401,1.0,0.09893189000231441,14.880058995913714,6.950353010324761,4.816478001885116,3.1089189869817346,1,7,0,,,,,,,,,,,,,,local_map_fast,True,12,7663,0,False,False,False,,,,inactive,,,,,,,,,,
front_end,5451369.317869536,True,icp_accepted,2327,0.9969918349806618,0.09000918225964118,14.941716013709083,8.589163015130907,6.321494001895189,3.257129981648177,1,7,0,,,,,,,,,,,,,,local_map_fast,False,12,7663,0,False,False,False,,,,inactive,,,,,,,,,,
front_end,5451369.417936256,True,icp_accepted,2412,0.9995854063018242,0.09393093828413619,17.33219699235633,7.78702599927783,5.194343015318736,3.884135017869994,1,7,0,,,,,,,,,,,,,,local_map_fast,True,12,7481,0,False,False,False,,,,inactive,,,,,,,,,,
front_end,5451369.517739968,True,icp_accepted,2365,0.9978858350951374,0.0899572524778291,14.233466994483024,7.411847007460892,5.40600300882943,3.0868269968777895,1,7,0,,,,,,,,,,,,,,local_map_fast,False,12,7481,0,False,False,False,,,,inactive,,,,,,,,,,
optimized_backend,,,,,,,,,,,,,,,,,,,,,,,,,,,,,,,,,,,,,,,,,164,218,55,,,,pose_graph,True
front_end,5451369.617066816,True,icp_accepted,2296,0.9986933797909407,0.11077147025887399,13.48796600359492,6.606392998946831,4.471104999538511,3.184342000167817,1,7,0,,,,,,,,,,,,,,local_map_fast,False,12,7481,0,False,False,False,,,,inactive,,,,,,,,,,
front_end,5451369.71782896,True,icp_accepted,2351,0.9991492981709911,0.09647883174663544,16.032688989071175,7.0691879955120385,4.799775982974097,3.4913830168079585,1,7,0,,,,,,,,,,,,,,local_map_fast,True,12,7410,0,False,False,False,,,,inactive,,,,,,,,,,
front_end,5451369.817918176,True,icp_accepted,2400,0.9979166666666667,0.09041827907122935,16.52559099602513,9.673342981841415,7.479854975827038,2.983250975375995,1,7,0,,,,,,,,,,,,,,local_map_fast,False,12,7410,0,False,False,False,,,,inactive,,,,,,,,,,
front_end,5451369.917877504,True,icp_accepted,2414,0.9821872410936205,0.12113912684404489,16.148227994563058,6.932449992746115,4.784899007063359,3.708322998136282,1,7,0,,,,,,,,,,,,,,local_map_fast,True,12,7435,0,False,False,False,,,,inactive,,,,,,,,,,
front_end,5451370.019254592,True,icp_accepted,2518,0.9912629070691025,0.12363028046761894,13.708814978599548,7.119623973267153,4.910246003419161,3.2546650036238134,1,7,0,,,,,,,,,,,,,,local_map_fast,False,12,7435,0,False,False,False,,,,inactive,,,,,,,,,,
front_end,5451370.117844512,True,icp_accepted,2554,0.995301487862177,0.15721573717979787,15.372510009910911,6.595142011065036,4.556045983918011,3.3848110178951174,1,7,0,,,,,,,,,,,,,,local_map_fast,False,12,7435,0,False,False,False,,,,inactive,,,,,,,,,,
optimized_backend,,,,,,,,,,,,,,,,,,,,,,,,,,,,,,,,,,,,,,,,,165,219,55,,,,pose_graph,True
front_end,5451370.217844192,True,icp_accepted,2551,0.9945119560956488,0.15598303099707755,13.536267972085625,6.724055972881615,4.333174001658335,3.300261014373973,1,7,0,,,,,,,,,,,,,,local_map_fast,False,12,7435,0,False,False,False,,,,inactive,,,,,,,,,,
front_end,5451370.317977376,True,icp_accepted,2469,0.991494532199271,0.17514969906206188,15.929885004879907,7.978537993039936,5.817530996864662,2.7568739897105843,1,7,0,,,,,,,,,,,,,,local_map_fast,False,12,7435,0,False,False,False,,,,inactive,,,,,,,,,,
front_end,5451370.41878256,True,icp_accepted,2528,0.9920886075949367,0.17606916245696458,16.462883009808138,10.015250009018928,7.356501999311149,3.0825790017843246,1,7,0,,,,,,,,,,,,,,local_map_fast,False,12,7435,0,False,False,False,,,,inactive,,,,,,,,,,
front_end,5451370.517892192,True,icp_accepted,2540,0.9901574803149606,0.16688436059939754,13.60323399421759,7.222998974611983,4.574760998366401,3.057712019653991,1,7,0,,,,,,,,,,,,,,local_map_fast,False,12,7435,0,False,False,False,,,,inactive,,,,,,,,,,
front_end,5451370.617948864,True,icp_accepted,2511,0.9888490641178813,0.1667284968266383,14.888323988998309,9.357105009257793,7.004014973063022,2.43537500500679,1,7,0,,,,,,,,,,,,,,local_map_fast,False,12,7435,0,False,False,False,,,,inactive,,,,,,,,,,
front_end,5451370.717866496,True,icp_accepted,2461,0.9914668833807395,0.16795218010492755,14.994245022535324,7.173685997258872,4.506763012614101,2.3304969945456833,1,7,0,,,,,,,,,,,,,,local_map_fast,True,12,7560,0,False,False,False,,,,inactive,,,,,,,,,,
front_end,5451370.820435104,True,icp_accepted,2516,0.9984101748807631,0.08993260765967553,13.028567016590387,7.556760014267638,5.277949996525422,2.190151979448274,1,7,0,,,,,,,,,,,,,,local_map_fast,False,12,7560,0,False,False,False,,,,inactive,,,,,,,,,,
front_end,5451370.918030176,True,icp_accepted,2634,0.9848139711465452,0.10325681422276002,13.77831501304172,7.610861997818574,5.4096799867693335,2.712840010644868,1,7,0,,,,,,,,,,,,,,local_map_fast,False,12,7560,0,False,False,False,,,,inactive,,,,,,,,,,
front_end,5451371.017957952,True,icp_accepted,2632,0.986322188449848,0.11755083976511627,13.387215993134305,6.527263991301879,4.575091996230185,2.6492899924051017,1,7,0,,,,,,,,,,,,,,local_map_fast,False,12,7560,0,False,False,False,,,,inactive,,,,,,,,,,
front_end,5451371.117868512,True,icp_accepted,2632,0.9836626139817629,0.13018694592316019,13.740553986281157,6.849511992186308,4.781000985531136,2.80605599982664,1,7,0,,,,,,,,,,,,,,local_map_fast,False,12,7560,0,False,False,False,,,,inactive,,,,,,,,,,
front_end,5451371.217923776,True,icp_accepted,2643,0.9780552402572834,0.15781321860211556,13.340767996851355,6.3319740002043545,4.25618898589164,3.440445987507701,1,7,0,,,,,,,,,,,,,,local_map_fast,False,12,7560,0,False,False,False,,,,inactive,,,,,,,,,,
front_end,5451371.317824768,True,icp_accepted,2666,0.9722430607651913,0.17503588436174322,15.945203020237386,7.394694024696946,5.35025802673772,3.101585985859856,1,7,0,,,,,,,,,,,,,,local_map_fast,False,12,7560,0,False,False,False,,,,inactive,,,,,,,,,,
front_end,5451371.417916224,True,icp_accepted,2634,0.9677296886864085,0.17878868209893717,15.472519007744268,6.5652850025799125,4.294200974982232,3.7375079991761595,1,7,0,,,,,,,,,,,,,,local_map_fast,True,12,7972,0,False,False,False,,,,inactive,,,,,,,,,,
front_end,5451371.517925344,True,icp_accepted,2614,0.9961744452945677,0.10393503755961521,17.758271016646177,7.1231799956876785,4.747166996821761,2.8345400060061365,1,7,0,,,,,,,,,,,,,,local_map_fast,False,12,7972,0,False,False,False,,,,inactive,,,,,,,,,,
optimized_backend,,,,,,,,,,,,,,,,,,,,,,,,,,,,,,,,,,,,,,,,,166,220,55,,,,pose_graph,True
front_end,5451371.617874272,True,icp_accepted,2603,0.9953899346907414,0.1362066617596236,17.99359600408934,8.500864991219714,5.876352021005005,4.325649992097169,1,7,0,,,,,,,,,,,,,,local_map_fast,False,12,7972,0,False,False,False,,,,inactive,,,,,,,,,,
front_end,5451371.717860704,True,icp_accepted,2738,0.9926953981008035,0.16721707009043602,15.275506011676043,6.889948999742046,4.334275989094749,3.785707987844944,1,7,0,,,,,,,,,,,,,,local_map_fast,False,12,7972,0,False,False,False,,,,inactive,,,,,,,,,,
front_end,5451371.817871712,True,icp_accepted,2882,0.9927133934767522,0.1760060441686976,17.188333993544802,7.324560981942341,4.736466973554343,2.979844983201474,1,7,0,,,,,,,,,,,,,,local_map_fast,True,12,8265,0,False,False,False,,,,inactive,,,,,,,,,,
front_end,5451371.917806944,True,icp_accepted,2996,0.9989986648865153,0.10750236360640776,15.090286993654445,7.128119992557913,4.1239789861720055,3.8682549784425646,1,7,0,,,,,,,,,,,,,,local_map_fast,False,12,8265,0,False,False,False,,,,inactive,,,,,,,,,,
front_end,5451372.017821952,True,icp_accepted,2907,0.9993120055039559,0.11860183870035333,15.397948009194806,7.205856003565714,5.0188410095870495,4.101015016203746,1,7,0,,,,,,,,,,,,,,local_map_fast,False,12,8265,0,False,False,False,,,,inactive,,,,,,,,,,
front_end,5451372.11787296,True,icp_accepted,2932,0.9962482946793997,0.13830125303026666,15.100935997907072,7.488250004826114,5.315522023010999,3.399748995434493,1,7,0,,,,,,,,,,,,,,local_map_fast,False,12,8265,0,False,False,False,,,,inactive,,,,,,,,,,
front_end,5451372.2177464,True,icp_accepted,2884,0.9889042995839112,0.1641777295773116,14.58247599657625,6.333325989544392,4.270035016816109,3.7856690178159624,1,7,0,,,,,,,,,,,,,,local_map_fast,False,12,8265,0,False,False,False,,,,inactive,,,,,,,,,,
front_end,5451372.317941952,True,icp_accepted,2808,0.9950142450142451,0.1650151442935505,10.655480000423267,3.0499380081892014,0.7866070081945509,4.315309983212501,1,7,0,,,,,,,,,,,,,,local_map_fast,False,12,8265,0,False,False,False,,,,inactive,,,,,,,,,,
front_end,5451372.417975552,True,icp_accepted,2953,0.9867930917710802,0.1558909677384671,14.391114003956318,6.915256992215291,4.538671986665577,3.8707199855707586,1,7,0,,,,,,,,,,,,,,local_map_fast,False,12,8265,0,False,False,False,,,,inactive,,,,,,,,,,
front_end,5451372.517829952,True,icp_accepted,2863,0.9853300733496333,0.1497258415234604,19.092873990302905,10.361533000832424,7.955413981107995,3.107647004071623,1,7,0,,,,,,,,,,,,,,local_map_fast,False,12,8265,0,False,False,False,,,,inactive,,,,,,,,,,
front_end,5451372.617946304,True,icp_accepted,2842,0.9890921885995778,0.16338808124360202,12.577914982102811,6.083504005800933,4.035571007989347,3.1743120052851737,1,7,0,,,,,,,,,,,,,,local_map_fast,False,12,8265,0,False,False,False,,,,inactive,,,,,,,,,,
front_end,5451372.717932768,True,icp_accepted,2845,0.9894551845342706,0.17140633867255053,15.01230799476616,8.349307987373322,5.9808900114148855,3.1669579911977053,1,7,0,,,,,,,,,,,,,,local_map_fast,False,12,8265,0,False,False,False,,,,inactive,,,,,,,,,,
front_end,5451372.818042368,True,icp_accepted,2943,0.9819911654774041,0.16288024352057093,16.620420006802306,7.791083015035838,5.260247009573504,2.7509420178830624,1,7,0,,,,,,,,,,,,,,local_map_fast,True,12,8778,0,False,False,False,,,,inactive,,,,,,,,,,
front_end,5451372.91780224,True,icp_accepted,2946,0.9989816700610998,0.10077074673815924,13.20052199298516,6.395733973477036,4.29450100637041,3.240096993977204,1,7,0,,,,,,,,,,,,,,local_map_fast,False,12,8778,0,False,False,False,,,,inactive,,,,,,,,,,
front_end,5451373.017715872,True,icp_accepted,2911,0.998282377189969,0.10978079318764816,12.618551991181448,6.117076991358772,4.088962014066055,3.056159010156989,1,7,0,,,,,,,,,,,,,,local_map_fast,False,12,8778,0,False,False,False,,,,inactive,,,,,,,,,,
front_end,5451373.116642112,True,icp_accepted,2931,0.9982940975776186,0.11966140827039073,17.6571499905549,7.354076980846003,4.911127005470917,3.068561985855922,1,7,0,,,,,,,,,,,,,,local_map_fast,True,12,9058,0,False,False,False,,,,inactive,,,,,,,,,,
optimized_backend,,,,,,,,,,,,,,,,,,,,,,,,,,,,,,,,,,,,,,,,,167,221,55,,,,pose_graph,True
front_end,5451373.217898464,True,icp_accepted,2670,0.998876404494382,0.09789022384647222,15.490122023038566,6.648812995990738,4.52921399846673,3.3854219946078956,1,7,0,,,,,,,,,,,,,,local_map_fast,True,12,9026,0,False,False,False,,,,inactive,,,,,,,,,,
front_end,5451373.317936704,True,icp_accepted,2608,0.9996165644171779,0.08800208543192259,17.039091006154194,7.483200985006988,5.432784004369751,3.0252200085669756,1,7,0,,,,,,,,,,,,,,local_map_fast,False,12,9026,0,False,False,False,,,,inactive,,,,,,,,,,
optimized_backend,,,,,,,,,,,,,,,,,,,,,,,,,,,,,,,,,,,,,,,,,168,222,55,,,,pose_graph,True
front_end,5451373.416635744,True,icp_accepted,2536,0.9988170347003155,0.09714379074155614,14.039178000530228,7.229380978969857,4.979135992471129,3.2934080227278173,1,7,0,,,,,,,,,,,,,,local_map_fast,False,12,9026,0,False,False,False,,,,inactive,,,,,,,,,,
front_end,5451373.51773552,True,icp_accepted,2539,0.9992122883024813,0.09026559812208784,14.60647099884227,8.333628997206688,6.232234998606145,2.911685995059088,1,7,0,,,,,,,,,,,,,,local_map_fast,False,12,9026,0,False,False,False,,,,inactive,,,,,,,,,,
front_end,5451373.617960992,True,icp_accepted,2438,0.9991796554552912,0.09111972451819433,12.927214993396774,6.661096005700529,4.791079991264269,2.964345010695979,1,7,0,,,,,,,,,,,,,,local_map_fast,False,12,9026,0,False,False,False,,,,inactive,,,,,,,,,,
front_end,5451373.717802464,True,icp_accepted,2334,0.9978577549271637,0.09454376672435766,14.258743001846597,6.041144020855427,4.135530005441979,3.3353779872413725,1,7,0,,,,,,,,,,,,,,local_map_fast,True,12,8862,0,False,False,False,,,,inactive,,,,,,,,,,
front_end,5451373.817859808,True,icp_accepted,2234,0.999104744852283,0.08539819510236055,14.582384988898411,7.195235986728221,5.166589980944991,3.3533509995322675,1,7,0,,,,,,,,,,,,,,local_map_fast,False,12,8862,0,False,False,False,,,,inactive,,,,,,,,,,
optimized_backend,,,,,,,,,,,,,,,,,,,,,,,,,,,,,,,,,,,,,,,,,169,223,55,,,,pose_graph,True
front_end,5451373.91782784,True,icp_accepted,2334,0.998286203941731,0.0977603512702771,15.027407003799453,6.73904299037531,4.697422991739586,3.0456289823632687,1,7,0,,,,,,,,,,,,,,local_map_fast,True,12,8819,0,False,False,False,,,,inactive,,,,,,,,,,
front_end,5451374.017774752,True,icp_accepted,2590,0.9934362934362935,0.09689602919304532,17.234580998774618,6.546619988512248,4.539824003586546,3.4352959773968905,1,7,0,,,,,,,,,,,,,,local_map_fast,True,12,8842,0,False,False,False,,,,inactive,,,,,,,,,,
optimized_backend,,,,,,,,,,,,,,,,,,,,,,,,,,,,,,,,,,,,,,,,,170,224,55,,,,pose_graph,True
front_end,5451374.118281152,True,icp_accepted,2791,0.9989251164457184,0.12249523109051176,18.243598024128005,6.546069023897871,4.303827998228371,3.7151160067878664,1,7,0,,,,,,,,,,,,,,local_map_fast,True,12,8903,0,False,False,False,,,,inactive,,,,,,,,,,
front_end,5451374.217842784,True,icp_accepted,2798,1.0,0.10270743595548082,14.586973993573338,6.475125002907589,4.464372002985328,4.221782990498468,1,7,0,,,,,,,,,,,,,,local_map_fast,False,12,8903,0,False,False,False,,,,inactive,,,,,,,,,,
optimized_backend,,,,,,,,,,,,,,,,,,,,,,,,,,,,,,,,,,,,,,,,,171,225,55,,,,pose_graph,True
front_end,5451374.317744832,True,icp_accepted,2982,0.999664654594232,0.09379256225270804,16.91614798619412,7.265758991707116,4.833629995118827,3.815966018009931,1,7,0,,,,,,,,,,,,,,local_map_fast,True,12,9007,0,False,False,False,,,,inactive,,,,,,,,,,
front_end,5451374.417733024,True,icp_accepted,2984,0.9993297587131368,0.10468241211403065,14.5465369860176,6.980199977988377,4.797411005711183,3.7828139902558178,1,7,0,,,,,,,,,,,,,,local_map_fast,False,12,9007,0,False,False,False,,,,inactive,,,,,,,,,,
front_end,5451374.517822816,True,icp_accepted,3118,0.9993585631815266,0.11686363032837112,15.025853004772216,6.79653201950714,4.53677901532501,3.9607690123375505,1,7,0,,,,,,,,,,,,,,local_map_fast,False,12,9007,0,False,False,False,,,,inactive,,,,,,,,,,
front_end,5451374.6177856,True,icp_accepted,2988,0.999330655957162,0.12634219561244794,16.950012010056525,6.845925992820412,4.850521974731237,4.169455001829192,1,7,0,,,,,,,,,,,,,,local_map_fast,False,12,9007,0,False,False,False,,,,inactive,,,,,,,,,,
front_end,5451374.717930176,True,icp_accepted,3007,0.9996674426338543,0.10603039799011368,16.01374099845998,7.44747300632298,5.228677007835358,4.4626589806284755,1,7,0,,,,,,,,,,,,,,local_map_fast,False,12,9007,0,False,False,False,,,,inactive,,,,,,,,,,
front_end,5451374.8178704,True,icp_accepted,3082,1.0,0.10218719443813466,13.924239989137277,7.533966010669246,4.7315369884017855,2.298456005519256,1,7,0,,,,,,,,,,,,,,local_map_fast,False,12,9007,0,False,False,False,,,,inactive,,,,,,,,,,
front_end,5451374.917768544,True,icp_accepted,2886,0.9996534996534997,0.09243367334287135,16.547951992833987,7.245941989822313,5.080267001176253,3.8996539951767772,1,7,0,,,,,,,,,,,,,,local_map_fast,False,12,9007,0,False,False,False,,,,inactive,,,,,,,,,,
front_end,5451375.017732928,True,icp_accepted,3039,1.0,0.09407856180260318,14.12755501223728,7.132808008464053,4.728972009615973,3.6672140122391284,1,7,0,,,,,,,,,,,,,,local_map_fast,False,12,9007,0,False,False,False,,,,inactive,,,,,,,,,,
front_end,5451375.117728032,True,icp_accepted,2963,0.9996625042186973,0.10094403980023697,13.083350990200415,6.606332986848429,4.663839004933834,3.3639619941823184,1,7,0,,,,,,,,,,,,,,local_map_fast,False,12,9007,0,False,False,False,,,,inactive,,,,,,,,,,
front_end,5451375.21778336,True,icp_accepted,3077,0.9996750081247969,0.09943658023598635,13.414276007097214,6.6168820194434375,4.556626983685419,2.655400981893763,1,7,0,,,,,,,,,,,,,,local_map_fast,False,12,9007,0,False,False,False,,,,inactive,,,,,,,,,,
front_end,5451375.318519968,True,icp_accepted,2911,1.0,0.10309207873842967,13.522130000637844,6.652969983406365,4.5443029957823455,3.33740099449642,1,7,0,,,,,,,,,,,,,,local_map_fast,False,12,9007,0,False,False,False,,,,inactive,,,,,,,,,,
front_end,5451375.417803616,True,icp_accepted,2948,0.9996607869742198,0.10511595060064054,12.43470300687477,6.483069009846076,4.544082999927923,2.7575140120461583,1,7,0,,,,,,,,,,,,,,local_map_fast,False,12,9007,0,False,False,False,,,,inactive,,,,,,,,,,
front_end,5451375.517830464,True,icp_accepted,3176,1.0,0.10016818472327256,14.067300013266504,6.810238002799451,4.706339008407667,3.3170020033139735,1,7,0,,,,,,,,,,,,,,local_map_fast,False,12,9007,0,False,False,False,,,,inactive,,,,,,,,,,
optimized_backend,,,,,,,,,,,,,,,,,,,,,,,,,,,,,,,,,,,,,,,,,172,226,55,,,,pose_graph,True
front_end,5451375.617744768,True,icp_accepted,2954,1.0,0.09821841396348668,15.28535402030684,6.757368013495579,4.665782005758956,3.0905040039215237,1,7,0,,,,,,,,,,,,,,local_map_fast,True,12,9048,0,False,False,False,,,,inactive,,,,,,,,,,
front_end,5451375.71775968,True,icp_accepted,3087,0.9996760609005507,0.08519382335062317,14.24334300099872,7.111947983503342,5.071649997262284,3.8111569883767515,1,7,0,,,,,,,,,,,,,,local_map_fast,False,12,9048,0,False,False,False,,,,inactive,,,,,,,,,,
front_end,5451375.817771456,True,icp_accepted,2935,0.9996592844974447,0.0915066027323606,14.369101001648232,7.96674401499331,5.95254500512965,3.0588340014219284,1,7,0,,,,,,,,,,,,,,local_map_fast,False,12,9048,0,False,False,False,,,,inactive,,,,,,,,,,
front_end,5451375.917735744,True,icp_accepted,3084,1.0,0.08245474629529492,13.438471010886133,6.783897988498211,4.712802008725703,3.1671180040575564,1,7,0,,,,,,,,,,,,,,local_map_fast,False,12,9048,0,False,False,False,,,,inactive,,,,,,,,,,
front_end,5451376.01786224,True,icp_accepted,3007,1.0,0.08175798687528349,13.858635997166857,7.203651999589056,5.0480250210966915,3.227433015126735,1,7,0,,,,,,,,,,,,,,local_map_fast,False,12,9048,0,False,False,False,,,,inactive,,,,,,,,,,
front_end,5451376.117666176,True,icp_accepted,2980,0.9996644295302013,0.09017632388166451,13.314145995536819,6.434708018787205,4.444744990905747,3.370373015059158,1,7,0,,,,,,,,,,,,,,local_map_fast,False,12,9048,0,False,False,False,,,,inactive,,,,,,,,,,
front_end,5451376.217714304,True,icp_accepted,3102,0.9996776273372018,0.08747402371217416,15.158613998210058,6.84581499081105,4.648450005333871,2.8713589999824762,1,7,0,,,,,,,,,,,,,,local_map_fast,False,12,9048,0,False,False,False,,,,inactive,,,,,,,,,,
front_end,5451376.317771744,True,icp_accepted,2918,1.0,0.09142356330835481,16.042845993069932,7.354566972935572,5.337101989425719,3.4532900026533753,1,7,0,,,,,,,,,,,,,,local_map_fast,True,12,9071,0,False,False,False,,,,inactive,,,,,,,,,,
front_end,5451376.417771104,True,icp_accepted,3106,0.9971023824855119,0.10215284065861883,14.13357601268217,6.648170994594693,4.591722012264654,3.4703520068433136,1,7,0,,,,,,,,,,,,,,local_map_fast,False,12,9071,0,False,False,False,,,,inactive,,,,,,,,,,
optimized_backend,,,,,,,,,,,,,,,,,,,,,,,,,,,,,,,,,,,,,,,,,173,227,55,,,,pose_graph,True
front_end,5451376.517722368,True,icp_accepted,3144,0.9872773536895675,0.1185110132380472,16.739824000978842,6.8207870062906295,4.708824009867385,4.258000990375876,1,7,0,,,,,,,,,,,,,,local_map_fast,True,12,9179,0,False,False,False,,,,inactive,,,,,,,,,,
front_end,5451376.617813536,True,icp_accepted,3047,1.0,0.09720820493779771,14.178971003275365,6.670512986602262,4.715577000752091,4.094532981980592,1,7,0,,,,,,,,,,,,,,local_map_fast,False,12,9179,0,False,False,False,,,,inactive,,,,,,,,,,
front_end,5451376.717798048,True,icp_accepted,2929,0.99965858654831,0.09767298851126656,15.340176993049681,8.948500995757058,6.938149977941066,2.7578049921430647,1,7,0,,,,,,,,,,,,,,local_map_fast,False,12,9179,0,False,False,False,,,,inactive,,,,,,,,,,
front_end,5451376.817862496,True,icp_accepted,2995,1.0,0.09049549121978485,12.577403016621247,6.44974599708803,4.4165910221636295,2.9975779762025923,1,7,0,,,,,,,,,,,,,,local_map_fast,False,12,9179,0,False,False,False,,,,inactive,,,,,,,,,,
front_end,5451376.917681952,True,icp_accepted,3043,1.0,0.09175940770268871,14.499187003821135,6.857447006041184,4.77004999993369,3.6098859854973853,1,7,0,,,,,,,,,,,,,,local_map_fast,False,12,9179,0,False,False,False,,,,inactive,,,,,,,,,,
optimized_backend,,,,,,,,,,,,,,,,,,,,,,,,,,,,,,,,,,,,,,,,,174,228,55,,,,pose_graph,True
front_end,5451377.017692064,True,icp_accepted,2939,0.9996597482136781,0.09677053163866765,14.714002987602726,6.839312001829967,4.636306985048577,3.366566001204774,1,7,0,,,,,,,,,,,,,,local_map_fast,False,12,9179,0,False,False,False,,,,inactive,,,,,,,,,,
front_end,5451377.117648064,True,icp_accepted,3060,0.9996732026143791,0.0919859143091888,15.120221010874957,7.821178995072842,5.206405010540038,2.9029090073890984,1,7,0,,,,,,,,,,,,,,local_map_fast,False,12,9179,0,False,False,False,,,,inactive,,,,,,,,,,
front_end,5451377.217733856,True,icp_accepted,3006,1.0,0.08885848846777201,12.85386600648053,6.312145997071639,4.306793998694047,3.156468999804929,1,7,0,,,,,,,,,,,,,,local_map_fast,False,12,9179,0,False,False,False,,,,inactive,,,,,,,,,,
front_end,5451377.317649568,True,icp_accepted,3135,0.9996810207336523,0.10011760867263615,13.725824013818055,6.879899010527879,4.6969719987828285,3.242070000851527,1,7,0,,,,,,,,,,,,,,local_map_fast,False,12,9179,0,False,False,False,,,,inactive,,,,,,,,,,
front_end,5451377.417732928,True,icp_accepted,3056,0.99967277486911,0.08561799562544437,13.708250975469127,6.862585985800251,4.7232409997377545,3.255837014876306,1,7,0,,,,,,,,,,,,,,local_map_fast,False,12,9179,0,False,False,False,,,,inactive,,,,,,,,,,
front_end,5451377.517764064,True,icp_accepted,3078,0.9993502274204028,0.08898141722462453,14.41191099002026,6.28635598695837,4.273701022611931,3.0520209984388202,1,7,0,,,,,,,,,,,,,,local_map_fast,False,12,9179,0,False,False,False,,,,inactive,,,,,,,,,,
optimized_backend,,,,,,,,,,,,,,,,,,,,,,,,,,,,,,,,,,,,,,,,,175,229,55,,,,pose_graph,True
front_end,5451377.617648928,True,icp_accepted,3036,0.9996706192358367,0.09405802417261262,17.545868002343923,6.570564000867307,4.112455993890762,6.516421999549493,1,7,0,,,,,,,,,,,,,,local_map_fast,False,12,9179,0,False,False,False,,,,inactive,,,,,,,,,,
front_end,5451377.71761792,True,icp_accepted,3004,0.9996671105193076,0.07868918795384859,15.782792994286865,5.561745987506583,3.4307479800190777,4.544243012787774,1,7,0,,,,,,,,,,,,,,local_map_fast,False,12,9179,0,False,False,False,,,,inactive,,,,,,,,,,
front_end,5451377.81776896,True,icp_accepted,3106,0.9996780424983902,0.0791816974915696,14.518872980261222,5.462538974825293,3.3476200187578797,3.5474380129016936,1,7,0,,,,,,,,,,,,,,local_map_fast,True,12,8885,0,False,False,False,,,,inactive,,,,,,,,,,
front_end,5451377.917653408,True,icp_accepted,3010,1.0,0.08452235479841716,13.70782998856157,5.188941984670237,3.2372510177083313,3.2542539993301034,1,7,0,,,,,,,,,,,,,,local_map_fast,False,12,8885,0,False,False,False,,,,inactive,,,,,,,,,,
front_end,5451378.017623648,True,icp_accepted,3139,1.0,0.08726774637624964,12.469629000406712,5.368941987399012,3.335265995701775,3.4963710058946162,1,7,0,,,,,,,,,,,,,,local_map_fast,False,12,8885,0,False,False,False,,,,inactive,,,,,,,,,,
front_end,5451378.11770288,True,icp_accepted,3038,0.9993416721527321,0.09238620344181989,14.693414006615058,5.583878984907642,3.642857976956293,3.445856011239812,1,7,0,,,,,,,,,,,,,,local_map_fast,True,12,8827,0,False,False,False,,,,inactive,,,,,,,,,,
front_end,5451378.217636832,True,icp_accepted,3107,1.0,0.08211788032252516,13.623129983898252,6.010545999743044,3.4510150144342333,3.853105998132378,1,7,0,,,,,,,,,,,,,,local_map_fast,False,12,8827,0,False,False,False,,,,inactive,,,,,,,,,,
front_end,5451378.317622528,True,icp_accepted,3144,0.9990458015267175,0.08758983634886501,13.505097012966871,6.665935012279078,4.616127989720553,3.3979550062213093,1,7,0,,,,,,,,,,,,,,local_map_fast,False,12,8827,0,False,False,False,,,,inactive,,,,,,,,,,
front_end,5451378.41767776,True,icp_accepted,2934,0.9996591683708248,0.09319161843942508,13.109879015246406,6.532953004352748,4.542259004665539,3.069644997594878,1,7,0,,,,,,,,,,,,,,local_map_fast,False,12,8827,0,False,False,False,,,,inactive,,,,,,,,,,
front_end,5451378.51765776,True,icp_accepted,3033,1.0,0.08920363641117451,13.38794399634935,6.667245994322002,4.720505996374413,3.411109995795414,1,7,0,,,,,,,,,,,,,,local_map_fast,False,12,8827,0,False,False,False,,,,inactive,,,,,,,,,,
front_end,5451378.617786528,True,icp_accepted,2912,0.9996565934065934,0.09622040914386158,15.549121017102152,6.149368011392653,4.048285016324371,3.16286098677665,1,7,0,,,,,,,,,,,,,,local_map_fast,True,12,8830,0,False,False,False,,,,inactive,,,,,,,,,,
front_end,5451378.717714464,True,icp_accepted,2854,0.9975473020322354,0.07585261569498647,14.040026988368481,6.912821001606062,4.828119999729097,3.2278629951179028,1,7,0,,,,,,,,,,,,,,local_map_fast,False,12,8830,0,False,False,False,,,,inactive,,,,,,,,,,
front_end,5451378.817608192,True,icp_accepted,2817,0.9957401490947817,0.085103702868865,14.073670987272635,7.309129985515028,4.768857994349673,3.1531320128124207,1,7,0,,,,,,,,,,,,,,local_map_fast,False,12,8830,0,False,False,False,,,,inactive,,,,,,,,,,
front_end,5451378.917787296,True,icp_accepted,2781,0.9989212513484358,0.0869536736079076,16.508695989614353,8.310734003316611,6.045752001227811,4.269232973456383,1,7,0,,,,,,,,,,,,,,local_map_fast,False,12,8830,0,False,False,False,,,,inactive,,,,,,,,,,
front_end,5451379.017658464,True,icp_accepted,2685,0.9966480446927374,0.09117987802031763,13.116401009028777,6.486744998255745,4.455794987734407,3.0857750098221004,1,7,0,,,,,,,,,,,,,,local_map_fast,False,12,8830,0,False,False,False,,,,inactive,,,,,,,,,,
front_end,5451379.117613824,True,icp_accepted,2685,0.9895716945996276,0.095746327360828,16.056530992500484,6.556186999659985,4.5899789838586,3.522740997141227,1,7,0,,,,,,,,,,,,,,local_map_fast,False,12,8830,0,False,False,False,,,,inactive,,,,,,,,,,
front_end,5451379.217611648,True,icp_accepted,2742,0.9923413566739606,0.10043628931371062,13.570449984399602,6.148936983663589,4.197055997792631,3.1017450091894716,1,7,0,,,,,,,,,,,,,,local_map_fast,False,12,8830,0,False,False,False,,,,inactive,,,,,,,,,,
optimized_backend,,,,,,,,,,,,,,,,,,,,,,,,,,,,,,,,,,,,,,,,,176,230,55,,,,pose_graph,True
front_end,5451379.3176672,True,icp_accepted,2684,0.9970193740685543,0.1084951929349586,19.900027982657775,8.780623000347987,6.538103014463559,3.995525010395795,1,7,0,,,,,,,,,,,,,,local_map_fast,True,12,8713,0,False,False,False,,,,inactive,,,,,,,,,,
front_end,5451379.417588672,True,icp_accepted,2667,1.0,0.07783331236059196,15.312264004023746,8.665305009344593,5.920344003243372,2.7387590089347214,1,7,0,,,,,,,,,,,,,,local_map_fast,False,12,8713,0,False,False,False,,,,inactive,,,,,,,,,,
front_end,5451379.517763136,True,icp_accepted,2603,0.9992316557817903,0.08616540172916695,18.736326979706064,7.408367993775755,5.0560600066091865,3.0166440119501203,1,7,0,,,,,,,,,,,,,,local_map_fast,True,12,8728,0,False,False,False,,,,inactive,,,,,,,,,,
optimized_backend,,,,,,,,,,,,,,,,,,,,,,,,,,,,,,,,,,,,,,,,,177,231,55,,,,pose_graph,True
front_end,5451379.617688,True,icp_accepted,2506,0.9996009577015164,0.08662354427314646,15.631948015652597,6.633884011534974,4.5808019931428134,4.194440989522263,1,7,0,,,,,,,,,,,,,,local_map_fast,False,12,8728,0,False,False,False,,,,inactive,,,,,,,,,,
front_end,5451379.717601792,True,icp_accepted,2447,0.9991826726604005,0.09019256847962497,12.78239898965694,6.379201979143545,4.411180998431519,2.9111549956724048,1,7,0,,,,,,,,,,,,,,local_map_fast,False,12,8728,0,False,False,False,,,,inactive,,,,,,,,,,
front_end,5451379.8177312,True,icp_accepted,2444,1.0,0.09339467553256636,13.300669990712777,6.421361991669983,4.525786993326619,3.392774990061298,1,7,0,,,,,,,,,,,,,,local_map_fast,False,12,8728,0,False,False,False,,,,inactive,,,,,,,,,,
front_end,5451379.9176856,True,icp_accepted,2377,1.0,0.09650480459849478,16.2006730097346,6.846506003057584,4.706009000074118,3.1442950130440295,1,7,0,,,,,,,,,,,,,,local_map_fast,False,12,8728,0,False,False,False,,,,inactive,,,,,,,,,,
front_end,5451380.017584192,True,icp_accepted,2330,1.0,0.11423650150497332,12.96584599185735,6.491394015029073,4.582955007208511,3.091175021836534,1,7,0,,,,,,,,,,,,,,local_map_fast,False,12,8728,0,False,False,False,,,,inactive,,,,,,,,,,
front_end,5451380.117625248,True,icp_accepted,2364,1.0,0.14821328787856647,15.557546983473003,6.44634899799712,4.4896289764437824,3.007246006745845,1,7,0,,,,,,,,,,,,,,local_map_fast,False,12,8728,0,False,False,False,,,,inactive,,,,,,,,,,
front_end,5451380.217667904,True,icp_accepted,2326,0.9987102321582115,0.1626780471891464,12.526635982794687,5.891479988349602,4.016725026303902,3.2867139962036163,1,7,0,,,,,,,,,,,,,,local_map_fast,False,12,8728,0,False,False,False,,,,inactive,,,,,,,,,,
front_end,5451380.317595392,True,icp_accepted,2291,0.9995635093845482,0.17724453323576886,14.464459993178025,7.815217017196119,5.149857985088602,3.162800014251843,1,7,0,,,,,,,,,,,,,,local_map_fast,False,12,8728,0,False,False,False,,,,inactive,,,,,,,,,,
front_end,5451380.41774336,True,icp_accepted,2301,0.9930465015210778,0.1972464007443954,18.78779398975894,6.770111009245738,4.852204991038889,3.3863430144265294,1,7,0,,,,,,,,,,,,,,local_map_fast,True,12,9018,0,False,False,False,,,,inactive,,,,,,,,,,
front_end,5451380.517682464,True,icp_accepted,2271,0.9995596653456627,0.07857884078747268,13.85288400342688,6.815517001086846,4.571083001792431,3.023486991878599,1,7,0,,,,,,,,,,,,,,local_map_fast,False,12,9018,0,False,False,False,,,,inactive,,,,,,,,,,
front_end,5451380.617582976,True,icp_accepted,2289,0.9986893840104849,0.09346783806351495,13.311429996974766,6.801190000260249,4.536016989732161,3.1102109933272004,1,7,0,,,,,,,,,,,,,,local_map_fast,False,12,9018,0,False,False,False,,,,inactive,,,,,,,,,,
front_end,5451380.717666848,True,icp_accepted,2266,0.9973521624007061,0.08761614035051075,12.971937976544723,6.324578978819773,4.391993978060782,2.985494997119531,1,7,0,,,,,,,,,,,,,,local_map_fast,False,12,9018,0,False,False,False,,,,inactive,,,,,,,,,,
front_end,5451380.817630432,True,icp_accepted,2244,1.0,0.09062505638612589,13.420556002529338,6.6153490042779595,4.696591000538319,2.9479739896487445,1,7,0,,,,,,,,,,,,,,local_map_fast,False,12,9018,0,False,False,False,,,,inactive,,,,,,,,,,
front_end,5451380.91761264,True,icp_accepted,2202,0.9995458673932789,0.10239350272426352,14.060285000596195,7.354346016654745,5.408205994172022,3.1184960098471493,1,7,0,,,,,,,,,,,,,,local_map_fast,False,12,9018,0,False,False,False,,,,inactive,,,,,,,,,,
front_end,5451381.017634528,True,icp_accepted,2261,0.9964617425917736,0.10623428487490792,13.970435014925897,7.3602670163381845,5.010313994716853,2.7639959880616516,1,7,0,,,,,,,,,,,,,,local_map_fast,False,12,9018,0,False,False,False,,,,inactive,,,,,,,,,,
front_end,5451381.117703392,True,icp_accepted,2295,0.9925925925925926,0.12311323894351844,14.29172299685888,7.094513974152505,4.976408992661163,2.718069008551538,1,7,0,,,,,,,,,,,,,,local_map_fast,False,12,9018,0,False,False,False,,,,inactive,,,,,,,,,,
optimized_backend,,,,,,,,,,,,,,,,,,,,,,,,,,,,,,,,,,,,,,,,,178,232,55,,,,pose_graph,True
front_end,5451381.219105472,True,icp_accepted,2308,0.987001733102253,0.14124712127970235,18.027537007583305,6.897231010952964,4.871882003499195,3.044256998691708,1,7,0,,,,,,,,,,,,,,local_map_fast,True,12,9105,0,False,False,False,,,,inactive,,,,,,,,,,
front_end,5451381.317668128,True,icp_accepted,2391,1.0,0.0858956829986524,17.64405198628083,9.732523001730442,7.442692993208766,3.675590007333085,1,7,0,,,,,,,,,,,,,,local_map_fast,False,12,9105,0,False,False,False,,,,inactive,,,,,,,,,,
front_end,5451381.41766336,True,icp_accepted,2329,1.0,0.09371174907105742,12.629270000616089,6.4853529911488295,4.440676973899826,2.7532259991858155,1,7,0,,,,,,,,,,,,,,local_map_fast,False,12,9105,0,False,False,False,,,,inactive,,,,,,,,,,
front_end,5451381.517573792,True,icp_accepted,2428,1.0,0.10623039191869045,13.310548005392775,6.454644986661151,4.469490988412872,3.128094016574323,1,7,0,,,,,,,,,,,,,,local_map_fast,False,12,9105,0,False,False,False,,,,inactive,,,,,,,,,,
front_end,5451381.617645184,True,icp_accepted,2311,0.9982691475551709,0.13758190138890566,13.209968019509688,6.432924012187868,4.489718994591385,3.3512569789309055,1,7,0,,,,,,,,,,,,,,local_map_fast,False,12,9105,0,False,False,False,,,,inactive,,,,,,,,,,
front_end,5451381.719059872,True,icp_accepted,2259,0.9915891987605135,0.15378386379106668,12.421627005096525,6.125170999439433,4.1728499927558005,2.9339269967749715,1,7,0,,,,,,,,,,,,,,local_map_fast,False,12,9105,0,False,False,False,,,,inactive,,,,,,,,,,
front_end,5451381.817575104,True,icp_accepted,2212,0.9959312839059674,0.1658900386763571,14.67576899449341,6.383549974998459,4.367408022517338,4.71224999637343,1,7,0,,,,,,,,,,,,,,local_map_fast,False,12,9105,0,False,False,False,,,,inactive,,,,,,,,,,
front_end,5451381.917695808,True,icp_accepted,2199,0.9977262391996362,0.17079906012379523,12.799430987797678,6.32675297674723,4.331671021645889,2.9521220130845904,1,7,0,,,,,,,,,,,,,,local_map_fast,False,12,9105,0,False,False,False,,,,inactive,,,,,,,,,,
front_end,5451382.017663936,True,icp_accepted,2207,0.9995468962392388,0.17906031718760532,15.901637001661584,7.0871209900360554,4.202245996566489,3.0188079981599003,1,7,0,,,,,,,,,,,,,,local_map_fast,False,12,9105,0,False,False,False,,,,inactive,,,,,,,,,,
front_end,5451382.117614624,True,icp_accepted,2218,0.9995491433724075,0.1884633242965266,15.313634998165071,6.437511998228729,4.4119119993411005,3.4106590028386563,1,7,0,,,,,,,,,,,,,,local_map_fast,True,12,9467,0,False,False,False,,,,inactive,,,,,,,,,,
front_end,5451382.21764624,True,icp_accepted,2250,1.0,0.08318531928349289,13.814972015097737,6.984747014939785,4.259303008439019,3.3302069932688028,1,7,0,,,,,,,,,,,,,,local_map_fast,False,12,9467,0,False,False,False,,,,inactive,,,,,,,,,,
front_end,5451382.317633152,True,icp_accepted,2307,1.0,0.09714267183602314,12.870817008661106,6.189042993355542,4.349202994490042,3.0765370174776763,1,7,0,,,,,,,,,,,,,,local_map_fast,False,12,9467,0,False,False,False,,,,inactive,,,,,,,,,,
front_end,5451382.417560384,True,icp_accepted,2313,1.0,0.10032705528813508,14.350353012559935,7.114452018868178,5.1734620064962655,3.0452280188910663,1,7,0,,,,,,,,,,,,,,local_map_fast,False,12,9467,0,False,False,False,,,,inactive,,,,,,,,,,
front_end,5451382.517556512,True,icp_accepted,2264,0.9995583038869258,0.10485314189403955,16.27718601957895,9.185748000163585,6.739794014720246,3.42352400184609,1,7,0,,,,,,,,,,,,,,local_map_fast,False,12,9467,0,False,False,False,,,,inactive,,,,,,,,,,
front_end,5451382.61762032,True,icp_accepted,2184,1.0,0.11514244882909454,13.778593012830243,6.599368003662676,4.515968990745023,3.570701985154301,1,7,0,,,,,,,,,,,,,,local_map_fast,False,12,9467,0,False,False,False,,,,inactive,,,,,,,,,,
front_end,5451382.717626944,True,icp_accepted,2146,1.0,0.12507204398124888,17.266496986849234,9.826499997870997,7.651467982213944,2.933056006440893,1,7,0,,,,,,,,,,,,,,local_map_fast,False,12,9467,0,False,False,False,,,,inactive,,,,,,,,,,
front_end,5451382.817677536,True,icp_accepted,2258,0.9995571302037201,0.1381508644302775,13.440964015899226,6.349936011247337,4.250415979186073,2.865578018827364,1,7,0,,,,,,,,,,,,,,local_map_fast,False,12,9467,0,False,False,False,,,,inactive,,,,,,,,,,
optimized_backend,,,,,,,,,,,,,,,,,,,,,,,,,,,,,,,,,,,,,,,,,179,233,55,,,,pose_graph,True
front_end,5451382.917511008,True,icp_accepted,2270,1.0,0.14195581453439066,15.529614000115544,7.06850501592271,5.022436002036557,2.871848992072046,1,7,0,,,,,,,,,,,,,,local_map_fast,True,12,9668,0,False,False,False,,,,inactive,,,,,,,,,,
front_end,5451383.017521056,True,icp_accepted,2341,1.0,0.08939006996109686,13.823137007420883,6.295373023021966,4.303837020415813,3.350815997691825,1,7,0,,,,,,,,,,,,,,local_map_fast,False,12,9668,0,False,False,False,,,,inactive,,,,,,,,,,
front_end,5451383.117508384,True,icp_accepted,2305,1.0,0.10793618536742358,14.306620985735208,6.753900001058355,4.67455800389871,3.4102179924957454,1,7,0,,,,,,,,,,,,,,local_map_fast,False,12,9668,0,False,False,False,,,,inactive,,,,,,,,,,
front_end,5451383.21763888,True,icp_accepted,2333,1.0,0.1105575561194974,16.593143984209746,10.030976991401985,7.034470996586606,3.0131870007608086,1,7,0,,,,,,,,,,,,,,local_map_fast,False,12,9668,0,False,False,False,,,,inactive,,,,,,,,,,
front_end,5451383.31762512,True,icp_accepted,2266,1.0,0.13312676840859924,15.84811499924399,8.079206018010154,5.854048999026418,3.7516529846470803,1,7,0,,,,,,,,,,,,,,local_map_fast,False,12,9668,0,False,False,False,,,,inactive,,,,,,,,,,
front_end,5451383.417607936,True,icp_accepted,2288,1.0,0.1653768950137339,14.035578002221882,6.6518569947220385,4.530415986664593,3.799955011345446,1,7,0,,,,,,,,,,,,,,local_map_fast,False,12,9668,0,False,False,False,,,,inactive,,,,,,,,,,
front_end,5451383.517671936,True,icp_accepted,2321,0.999138302455838,0.18373111453091606,13.299315993208438,6.282869988353923,4.416590993059799,3.547116997651756,1,7,0,,,,,,,,,,,,,,local_map_fast,False,12,9668,0,False,False,False,,,,inactive,,,,,,,,,,
front_end,5451383.61762544,True,icp_accepted,2334,0.998286203941731,0.18838287071759577,13.592621020507067,6.6646320046857,4.681050981162116,3.1746230088174343,1,7,0,,,,,,,,,,,,,,local_map_fast,False,12,9668,0,False,False,False,,,,inactive,,,,,,,,,,
front_end,5451383.717764192,True,icp_accepted,2455,0.9951120162932791,0.1958895382843497,17.070697009330615,7.0934419927652925,4.570582008454949,3.9281270001083612,1,7,0,,,,,,,,,,,,,,local_map_fast,True,12,10145,0,False,False,False,,,,inactive,,,,,,,,,,
front_end,5451383.817671616,True,icp_accepted,2385,1.0,0.08426494301775138,13.069842010736465,6.40893800300546,4.485681012738496,3.2451650185976177,1,7,0,,,,,,,,,,,,,,local_map_fast,False,12,10145,0,False,False,False,,,,inactive,,,,,,,,,,
front_end,5451383.917572512,True,icp_accepted,2499,1.0,0.10081063027918465,17.03195399022661,9.951766987796873,7.463902002200484,3.2572289928793907,1,7,0,,,,,,,,,,,,,,local_map_fast,False,12,10145,0,False,False,False,,,,inactive,,,,,,,,,,
front_end,5451384.017623104,True,icp_accepted,2635,1.0,0.1326832747065893,15.259902982506901,8.186759980162606,5.330118001438677,3.265804989496246,1,7,0,,,,,,,,,,,,,,local_map_fast,False,12,10145,0,False,False,False,,,,inactive,,,,,,,,,,
front_end,5451384.11763264,True,icp_accepted,2550,1.0,0.12017796526555094,13.975515001220629,6.020644010277465,3.9915369998198003,4.105082014575601,1,7,0,,,,,,,,,,,,,,local_map_fast,False,12,10145,0,False,False,False,,,,inactive,,,,,,,,,,
front_end,5451384.217481216,True,icp_accepted,2598,1.0,0.12178418617003864,17.1086180198472,9.988264995627105,7.747910014586523,3.581993019906804,1,7,0,,,,,,,,,,,,,,local_map_fast,False,12,10145,0,False,False,False,,,,inactive,,,,,,,,,,
front_end,5451384.317579936,True,icp_accepted,2474,1.0,0.14234790910408426,15.951971989125013,6.79257299634628,4.752004984766245,3.716617007739842,1,7,0,,,,,,,,,,,,,,local_map_fast,False,12,10145,0,False,False,False,,,,inactive,,,,,,,,,,
optimized_backend,,,,,,,,,,,,,,,,,,,,,,,,,,,,,,,,,,,,,,,,,180,234,55,,,,pose_graph,True
front_end,5451384.417724064,True,icp_accepted,2631,1.0,0.14885939994754951,13.797858002362773,6.454843998653814,4.241169022861868,3.649129008408636,1,7,0,,,,,,,,,,,,,,local_map_fast,False,12,10145,0,False,False,False,,,,inactive,,,,,,,,,,
front_end,5451384.51746736,True,icp_accepted,2583,1.0,0.14904122163848793,19.875108991982415,6.646085996180773,4.596712009515613,3.7308539904188365,1,7,0,,,,,,,,,,,,,,local_map_fast,True,12,10395,0,False,False,False,,,,inactive,,,,,,,,,,
front_end,5451384.617526464,True,icp_accepted,2695,1.0,0.0798983587265611,13.631073001306504,6.623502995353192,4.602372006047517,3.363319003256038,1,7,0,,,,,,,,,,,,,,local_map_fast,False,12,10395,0,False,False,False,,,,inactive,,,,,,,,,,
front_end,5451384.71752352,True,icp_accepted,2631,1.0,0.08533206637818656,17.87495700409636,10.071172000607476,7.937507994938642,3.5812510177493095,1,7,0,,,,,,,,,,,,,,local_map_fast,False,12,10395,0,False,False,False,,,,inactive,,,,,,,,,,
front_end,5451384.817527008,True,icp_accepted,2620,1.0,0.09081060708752954,14.224665006622672,6.391925009666011,4.266157018719241,3.7930920079816133,1,7,0,,,,,,,,,,,,,,local_map_fast,False,12,10395,0,False,False,False,,,,inactive,,,,,,,,,,
front_end,5451384.91753552,True,icp_accepted,2828,1.0,0.10153433754523686,14.50094801839441,6.5746610052883625,4.368239984614775,4.155045986408368,1,7,0,,,,,,,,,,,,,,local_map_fast,False,12,10395,0,False,False,False,,,,inactive,,,,,,,,,,
front_end,5451385.0175656,True,icp_accepted,2720,0.9988970588235294,0.12136611543263225,13.461973023368046,6.544514006236568,4.544943978544325,3.2924550177995116,1,7,0,,,,,,,,,,,,,,local_map_fast,False,12,10395,0,False,False,False,,,,inactive,,,,,,,,,,
front_end,5451385.117638656,True,icp_accepted,2855,0.9992994746059545,0.14563786528108796,19.191997009329498,6.807661993661895,4.728900996269658,4.5807310089003295,1,7,0,,,,,,,,,,,,,,local_map_fast,True,12,10400,0,False,False,False,,,,inactive,,,,,,,,,,
optimized_backend,,,,,,,,,,,,,,,,,,,,,,,,,,,,,,,,,,,,,,,,,181,235,55,,,,pose_graph,True
front_end,5451385.217796192,True,icp_accepted,2757,1.0,0.08111019452782856,17.415307986084372,8.284573996206746,6.085525994421914,3.960428002756089,1,7,0,,,,,,,,,,,,,,local_map_fast,False,12,10400,0,False,False,False,,,,inactive,,,,,,,,,,
front_end,5451385.317794688,True,icp_accepted,2784,0.9974856321839081,0.09433801629073668,18.122815992683172,9.776574996067211,7.293781003681943,3.793283016420901,1,7,0,,,,,,,,,,,,,,local_map_fast,False,12,10400,0,False,False,False,,,,inactive,,,,,,,,,,
front_end,5451385.417848096,True,icp_accepted,2921,0.9958918178705922,0.09849498085821444,16.485019004903734,6.883274007122964,4.834621009649709,3.528001019731164,1,7,0,,,,,,,,,,,,,,local_map_fast,True,12,10219,0,False,False,False,,,,inactive,,,,,,,,,,
front_end,5451385.519213856,True,icp_accepted,2736,1.0,0.06994014143710559,13.945337006589398,6.550054007675499,4.2994089890271425,3.763255022931844,1,7,0,,,,,,,,,,,,,,local_map_fast,False,12,10219,0,False,False,False,,,,inactive,,,,,,,,,,
front_end,5451385.61755824,True,icp_accepted,2852,1.0,0.07457758367980898,14.224623999325559,6.5243649878539145,4.544402007013559,3.6403529811650515,1,7,0,,,,,,,,,,,,,,local_map_fast,False,12,10219,0,False,False,False,,,,inactive,,,,,,,,,,
front_end,5451385.717526976,True,icp_accepted,2856,1.0,0.07904055147515285,13.644157006638125,6.495661014923826,4.511039005592465,3.7224780244287103,1,7,0,,,,,,,,,,,,,,local_map_fast,False,12,10219,0,False,False,False,,,,inactive,,,,,,,,,,
front_end,5451385.817483744,True,icp_accepted,2864,1.0,0.08405893174109368,14.54867800930515,6.5871050173882395,4.537619010079652,3.810194000834599,1,7,0,,,,,,,,,,,,,,local_map_fast,False,12,10219,0,False,False,False,,,,inactive,,,,,,,,,,
front_end,5451385.91757872,True,icp_accepted,2941,1.0,0.1040754487829033,15.389136009616777,6.981079000979662,5.038535979110748,3.626507008448243,1,7,0,,,,,,,,,,,,,,local_map_fast,False,12,10219,0,False,False,False,,,,inactive,,,,,,,,,,
optimized_backend,,,,,,,,,,,,,,,,,,,,,,,,,,,,,,,,,,,,,,,,,182,236,55,,,,pose_graph,True
front_end,5451386.017501888,True,icp_accepted,2960,1.0,0.12066779799480763,18.926285003544763,7.681132992729545,5.190073017729446,3.9091919898055494,1,7,0,,,,,,,,,,,,,,local_map_fast,True,12,9946,0,False,False,False,,,,inactive,,,,,,,,,,
front_end,5451386.117549792,True,icp_accepted,2923,1.0,0.09189400649669827,16.51306200074032,7.543062005424872,5.08278000052087,3.477946011116728,1,7,0,,,,,,,,,,,,,,local_map_fast,False,12,9946,0,False,False,False,,,,inactive,,,,,,,,,,
optimized_backend,,,,,,,,,,,,,,,,,,,,,,,,,,,,,,,,,,,,,,,,,183,237,55,,,,pose_graph,True
front_end,5451386.217530624,True,icp_accepted,2938,1.0,0.08990702579758819,18.581322015961632,7.72410401259549,5.343483004253358,3.3294550084974617,1,7,0,,,,,,,,,,,,,,local_map_fast,True,12,9584,0,False,False,False,,,,inactive,,,,,,,,,,
front_end,5451386.317475712,True,icp_accepted,2948,1.0,0.06816228304536256,14.808879990596324,6.47454199497588,4.338451981311664,3.9360219961963594,1,7,0,,,,,,,,,,,,,,local_map_fast,False,12,9584,0,False,False,False,,,,inactive,,,,,,,,,,
