stamp_s,x_m,y_m,z_m,yaw_rad,yaw_deg
4316753.668150948,-0.0006093431052337376,-0.00532180075372817,0.008664953668757178,-6.1344626880113e-05,-0.003514788216035258
4316753.768237573,-0.002992352773118781,-0.0014633090689226272,0.010149501187816545,0.0008377292455675032,0.047998350145696464
4316753.868186215,-0.004767237047052683,0.00040153580226909443,0.00841917439442448,0.0005638813046343059,0.032308018901876394
4316753.968110984,-0.00031571327786175066,-0.0011416386164491928,0.012141156062655872,-0.0008009228577043344,-0.04588949946201536
4316754.068248169,0.0017022079714182426,-0.0006929580704024716,0.014264464015721814,0.00018918538906393463,0.010839524338903894
4316754.16813122,0.00015355846359168529,-0.0004070123588396245,0.015547162854956838,0.0002462277489932559,0.014107810816320168
4316754.268091697,0.0003213628406650964,-0.0001554301571734482,0.017370725860490425,-0.0003647804768212364,-0.020900381770626596
4316754.368178822,0.002208081278681223,-0.0006145430459235635,0.019138164343260676,-0.00011232401978363235,-0.006435692271546096
4316754.468076803,0.00266826358571173,-0.0012474166706964026,0.019960658639506065,-0.00017734964392372745,-0.010161386094977548
4316754.568070054,0.002206182504600115,-0.0011541992506607663,0.019212143766742438,-0.001244167381727646,-0.07128553998083613
4316754.668078788,0.0033646522029298887,-0.003197643966103559,0.020958959933653702,-0.00047247867632226585,-0.027071034063193535
4316754.768103621,0.0027764360109956477,-0.0027300333370356,0.02297505299002063,0.0005637750541900605,0.03230193119984975
4316754.868143301,0.0012789183587140463,-0.00189711957854151,0.022881792360998153,0.00046464452426875504,0.026622170214463618
4316754.968167336,0.002569140921417652,-0.0028383444513739686,0.022497294605952785,-0.00042209288617776615,-0.02418414094048184
4316755.068134948,0.003425073394545558,-0.0026607890465673574,0.023022122294601297,-0.00013023325778953004,-0.007461816023579324
4316755.168272068,0.003182737184052103,-0.0021522546504914603,0.023312777518947763,-0.0002516192785762548,-0.014416722706545934
4316755.268235817,0.0030728519526607694,-0.0019901965600620563,0.023205401117371276,0.0001835252720693771,0.010515223523565476
4316755.368154774,0.0043149627402056055,-0.0023119473821864673,0.023291144699665197,-0.0008090831171939696,-0.04635704789050303
4316755.468043647,0.004644594591560396,-0.002834032007141042,0.023830783181649686,-0.000423988606516334,-0.024292757715018893
4316755.568234213,0.003853093699081433,-0.002177727910963235,0.022835648029870724,-0.00012014357922914458,-0.006883720025425605
4316755.668115815,0.002742641575903851,-0.0026213867323556235,0.022842125913488345,-0.00022808443688691424,-0.013068275606238178
4316755.768187623,0.0032907321497607704,-0.0035928329552113755,0.025143692096489676,0.00039944381192726536,0.02288644457604972
4316755.868230569,0.0033475437159287253,-0.0015553514264691941,0.028111573950186562,-0.0006842041831788833,-0.039202012021345885
4316755.968092775,0.0031113655565092645,-0.0015253168279968504,0.02637489373779175,-8.239487297071854e-05,-0.004720878474738716
4316756.068161835,0.00386021951911402,-0.001685078650216236,0.027385923665049484,-0.0010805500023103674,-0.06191095468523541
4316756.168171497,0.0046509934610077935,-0.0011062132556327762,0.029093237093602342,-0.0008396596994816935,-0.04810895700752407
4316756.26813082,0.004811526180480426,-0.0010906748296884087,0.029693999001752052,-0.0006478875447469019,-0.037121221913090745
4316756.368004214,0.006314808254908957,-0.0009320225300071089,0.028890791202589024,-0.00087420652156544,-0.050088344108512095
4316756.468160802,0.005682365978293333,-0.0016261631461635434,0.02807736708517143,-0.0007168407611285417,-0.04107195019561104
4316756.568097992,0.005508206273202329,-0.0006295707195476747,0.02703378206714763,-0.0008424995228013181,-0.048271666898301396
4316756.66807041,0.0049727099407493825,0.00197043928528226,0.026298856256739445,-0.00012368491703264287,-0.007086623735396186
4316756.768224521,0.004937554299812128,0.0004883298718535955,0.028191469001469596,-0.0010347016432152188,-0.05928403721148315
4316756.868098729,0.004616463611939078,-0.0008250342835113792,0.02911837983235364,-0.001229494309228244,-0.07044483485413092
4316756.968195722,0.004864419518351965,-0.0001137692786580203,0.028980568178521016,-0.0010531704737970278,-0.06034222325636295
4316757.068039858,0.00508550089951165,0.0006776873273299446,0.028161932424551932,-0.0006878029098174073,-0.03940820386935462
4316757.168094408,0.005199368938805286,-0.00012843195271846394,0.028187865422337345,-0.001227218639270601,-0.07031444856999326
4316757.268274311,0.0056382719221573655,0.0008471773432144747,0.027454426179098112,-0.0007899013362560843,-0.045258012799217706
4316757.367889522,0.006461288196630049,0.00016547663591760458,0.026896643596345794,0.0002066586851985899,0.011840670461601897
4316757.468116394,0.005998290546744872,-0.0012932591857872263,0.027881519421418827,-0.0008654757153191375,-0.0495881057588525
4316757.568222964,0.005737060235346181,-0.0022005597913808193,0.029028662903700386,-0.001124040945006303,-0.06440280214875783
4316757.668094794,0.007420904075742797,-7.173416856430028e-05,0.02895048351611669,-0.0013753940564156545,-0.07880427459999526
4316757.768125095,0.007542147298823345,0.00037222236764654717,0.028624963566713207,-0.0015848365420345423,-0.09080444507668696
4316757.868226182,0.008193860263842202,0.0009624089202463452,0.029440638812715234,-0.0017492303347545072,-0.10022351557768942
4316757.968119204,0.007782886550366024,0.0005019829582546849,0.02856881221947339,-0.001769656072707135,-0.10139382415581519
4316758.067950671,0.0076981592868195425,-0.0002832053103405862,0.02785146452508623,-0.0014867420411735128,-0.08518404418390756
4316758.168206794,0.00717713810018545,-0.0012325765440916938,0.028756889789115763,-0.0008148786457498084,-0.04668910721680014
4316758.268104552,0.007206847354768091,-0.0014030739537269528,0.03020709807908895,-0.0013958968481837788,-0.07997899803654435
4316758.368242627,0.007489900062913248,-0.000615509838510124,0.029235701289417958,-0.001451999683562623,-0.08319345372246935
4316758.468262313,0.008063141852481522,-0.0020446146827238464,0.029460782193269225,-0.00024409423901600315,-0.013985569699074534
4316758.568155683,0.009192849022467848,-0.0027526015676158895,0.029486537976132637,-0.0020624696836610236,-0.11817080824745865
4316758.668070439,0.009098867125609322,-0.004207840566908401,0.02821149166793769,-0.0021849193733731497,-0.12518665867065
4316758.76823223,0.009750005676083855,-0.004511765223335206,0.028542344858752327,-0.0009777656338129707,-0.056021844170417154
4316758.868137317,0.009669410386699002,-0.0038271619466397045,0.029348866616209383,-0.0015414516958148607,-0.0883186764934751
4316758.968264042,0.01047682235387705,-0.003182202452899148,0.02945183934325543,-0.0013441101486796898,-0.07701183872004781
4316759.068272585,0.00973445612130872,-0.0023373313997196387,0.028822921291046105,-0.0011120907764116726,-0.06371810792381573
4316759.168116744,0.007930295000233845,-0.0022885862051335243,0.030599378789573174,-0.0005267149718005145,-0.03017854489052165
4316759.268239909,0.006615166906019584,-0.0030867455627463275,0.030163105058856818,-0.0019391010394259481,-0.11110230560853787
4316759.368084613,0.007893120426384606,-0.0037083429676069506,0.03027992025941224,-0.0006895302197019243,-0.03950717143564867
4316759.46813489,0.008672445474485995,-0.005281109396281113,0.03073796199306413,-0.0013893835048942608,-0.07960581095553511
4316759.568248291,0.009099853581150055,-0.004907472982994154,0.03019864743800076,-0.0016139651799052712,-0.09247339308964467
4316759.668138951,0.009856709030526292,-0.004091766899428074,0.028834351881343475,-0.0014907877025768198,-0.08541584350765602
4316759.768171912,0.008661617207143289,-0.0037464478147174614,0.02884466334777736,-0.000595472282836241,-0.03411804862353706
4316759.868065664,0.0065014267872905455,-0.003265074872608686,0.029672837889580955,3.8694967961345544e-05,0.002217058352579039
4316759.968198505,0.008015587468575674,-0.0035279383515025914,0.03088870036444689,-0.001119474272908765,-0.06414115111114875
4316760.068197672,0.00943361576870402,-0.003546390491814914,0.030873151799760683,-0.0006855687414540979,-0.03928019545141533
4316760.168159355,0.010230953920919224,-0.004092483025186268,0.030623158371661567,3.052787737777562e-05,0.0017491185312394455
4316760.268182597,0.010854686156642604,-0.0045515574431806306,0.031128879400067172,-0.0013948321928634634,-0.07991799778005412
4316760.368049321,0.01147075586058708,-0.004470561040079115,0.030563910849989138,-0.0019346321616251555,-0.11084625777139274
4316760.468214247,0.009743656246891289,-0.003434614776289446,0.029503488200265025,-0.0008261724715991174,-0.0473361957725213
4316760.568124393,0.009983494074010864,-0.0044648178874346625,0.0300443948439323,-0.0012397973590501385,-0.0710351561250385
4316760.667767501,0.01113782483566895,-0.005244061499958184,0.030102827238032148,-0.0014440074470579525,-0.08273553230188134
4316760.768007369,0.012454786034190885,-0.004327394681775781,0.030739897615215634,-0.0013145564727645445,-0.07531853782101254
4316760.868138803,0.007633480375054679,0.0056174669354678896,0.03315717819975336,-0.0009058132797285667,-0.05189927795534992
4316760.967805799,0.009457597108672668,-0.001997105547013383,0.031837931555100465,-0.005030405948060132,-0.2882210300613512
4316761.067972758,0.013665650973898418,-0.029211372119522978,0.02809798872930094,0.007418170322647403,0.42502985119689635
4316761.168126343,0.02282393954595418,-0.07301803663071207,0.020094893853857262,0.020213509515399065,1.1581487843798963
4316761.268406503,0.0283713224655966,-0.11047395513337992,0.01083189005209839,0.057215358888399286,3.2781985876316004
4316761.36817348,0.033009617001443656,-0.13500531854429984,0.01521558543772097,0.05615909584266707,3.2176791730555103
4316761.468159066,0.057506576309098105,-0.14586581708374832,0.021322045497540392,0.05992934662920042,3.433698630829751
4316761.567808235,0.08272163891396789,-0.13833638895769196,0.02501871411143029,0.04197475904888581,2.4049765395797187
4316761.66814224,0.10634281753968891,-0.11195310580960734,0.02748201483724989,0.028383083065128868,1.6262308692011245
4316761.768128343,0.12827380916838185,-0.06707609303804893,0.02573571305240223,0.03309473699240522,1.8961887537602986
4316761.867821702,0.15167559283466334,-0.03555642720169204,0.034867675709862246,0.036812861134074046,2.109221574783624
4316761.967832372,0.1677399946642013,-0.019254298094814274,0.03909173266969414,0.04493870767109255,2.57479828632578
4316762.068133221,0.18190352417575306,-0.013783548995245126,0.043988788886334826,0.04603279531207486,2.637484890571491
4316762.168421033,0.19342261814732095,-0.02553854433998,0.043693862230081794,0.030648388504962605,1.7560233102116243
4316762.268216006,0.2089286075807256,-0.05181970379186049,0.042781348396977885,0.025485816327155734,1.4602297129916284
4316762.368047103,0.23424433967396105,-0.08600406760149008,0.043564677539612594,0.0025565179251382784,0.1464776873599655
4316762.467964823,0.2544541688079291,-0.10375064839416902,0.042655342129882715,0.014011677923996768,0.8028100089416419
4316762.568145925,0.28131626280700645,-0.11251919955181053,0.04339603760111888,0.014543535931641129,0.8332832280799004
4316762.668146692,0.30484205487923544,-0.1070439601411717,0.042377953028642605,0.021112808696514662,1.2096748319773911
4316762.768365923,0.32507862340091204,-0.08388845804113641,0.04425151982660768,0.029130964724433175,1.6690813318545021
4316762.868191109,0.35470100654592984,-0.055973704164654775,0.05214053139520337,0.04869079455515591,2.7897770291490023
4316762.969312842,0.3752423359645358,-0.04190097116441519,0.05754695832470429,0.04170768929776284,2.3896745700047632
4316763.068112714,0.38991259924024707,-0.04299809947708101,0.05886787986874214,0.04196619988303995,2.404486135500598
4316763.168082021,0.4058172033092605,-0.06094320343949673,0.059265660749409296,0.030661049785547248,1.7567487481523552
4316763.26816231,0.4285777381283137,-0.09536847045014667,0.05358744288065992,0.031415237738847995,1.7999605348360976
4316763.369308398,0.4543921153087404,-0.11868368196561431,0.057174629605374144,0.00544226190851906,0.31181863836295465
4316763.468337413,0.47765761214103664,-0.12614745354434806,0.057623531751734285,0.019966844421156187,1.1440159155265828
4316763.568054633,0.5061983505914508,-0.126357555455835,0.058407371869404985,0.016549616164831707,0.9482231588063406
4316763.66825044,0.5343160319900409,-0.11212051728756442,0.06021258289293378,0.027721897960942224,1.588347753254312
4316763.768151402,0.5571838396634372,-0.07999938421079368,0.061330680225632934,0.034691323099059125,1.9876663993007915
4316763.868124973,0.5841316061227718,-0.05070238426535509,0.07002521544375216,0.04894166036534207,2.804150581296799
4316763.968374053,0.6047024701282311,-0.03698172091528446,0.07470180413292843,0.039850477148214755,2.283264152175238
4316764.068094053,0.6246311190767369,-0.036205206074613146,0.07780660309538709,0.04170827697014209,2.3897082411518302
4316764.168065065,0.6403024287735202,-0.04667833627763815,0.07808746027643412,0.0320615465348019,1.8369913011064383
4316764.268338534,0.6579704699198935,-0.07239788861947424,0.07636987776649067,0.030020876351668443,1.7200695122347023
4316764.368098089,0.6866773324926504,-0.10320182730147553,0.07709606111675488,0.01657720106859966,0.9498036573705189
4316764.468097416,0.7085869945686484,-0.11623733030128401,0.07715929157998899,0.02716422666844313,1.5563955418385085
4316764.568076814,0.7344542747476026,-0.11903143472110742,0.07925263192303024,0.028754421013550347,1.6475069664187219
4316764.668098693,0.756798802789859,-0.11064638369872393,0.07925424355105266,0.03484523658764714,1.9964849926070196
4316764.768073738,0.7746179873465373,-0.08649458706420683,0.08140958331555288,0.043450593624861915,2.4895356320426285
4316764.868348486,0.7995055884068345,-0.062044851772388415,0.09042645380588657,0.059378828120829626,3.4021562437562665
4316764.96809386,0.8230711409809605,-0.04830839497507187,0.09900372570777638,0.054653327312437765,3.131404991349754
4316765.068081609,0.8429951001995104,-0.04719421516462698,0.10234818685814964,0.05435895375415589,3.1145386288599544
4316765.168289543,0.8607314490715056,-0.059672555711735804,0.0999693868495189,0.0448845349820656,2.571694419879661
4316765.267976166,0.8788847162389254,-0.08441611556854822,0.09535866039857241,0.03957030187174898,2.2672112913098386
4316765.369284324,0.900193723511931,-0.10645479524653519,0.0948488844062642,0.031761780424098676,1.819815968122092
4316765.468386085,0.9177521843796183,-0.11717900629531833,0.09278950440705963,0.045382142937971014,2.6002052556051733
4316765.569327946,0.9384796330668966,-0.11572339133392569,0.09359646614486473,0.04936411623129359,2.8283555194463657
4316765.668065733,0.9571595102769217,-0.10224191964289456,0.09428250325577713,0.0432915041674494,2.4804204775678653
4316765.768376837,0.9695460418412798,-0.06794900865993306,0.09304566716921278,0.045608031585351344,2.613147721739985
4316765.868143172,0.9758177710301613,-0.03788015554466598,0.09921899498065896,0.0500659444664422,2.8685673152634963
4316765.968411752,0.9849981358036525,-0.019116847698840218,0.10447792805128236,0.03917750752124215,2.244705832809214
4316766.068285285,0.9988848801305972,-0.014934001436673948,0.1070783548181352,0.044295207436065465,2.5379284387430516
4316766.168084387,1.008706390251094,-0.0256174680270603,0.10793522853578141,0.04003508439724264,2.2938413684120564
4316766.268311494,1.0154026437911932,-0.05170647857276491,0.10809674522098499,0.04016706400851906,2.3014032431199727
4316766.368264489,1.0284079765916168,-0.09028925399961112,0.10709799515337066,0.03714930757213062,2.1284985357164756
4316766.468119493,1.041640687986493,-0.11395360513475782,0.10944724793947877,0.02785396897242472,1.595914864808283
4316766.568357736,1.06303387320278,-0.12649714322437428,0.11256816907558166,0.02226859955706851,1.27589677028692
4316766.668375111,1.079966261898634,-0.12180814919191436,0.1108722831426766,0.02889316132952376,1.6554562009723097
4316766.768067686,1.09695371130584,-0.10504507986488963,0.10761605721168804,0.038977978656141325,2.233273670947902
4316766.868372713,1.1202461034278048,-0.07539414781527536,0.11509020778484567,0.05784902272880345,3.3145048513168103
4316766.968274506,1.1460836637236222,-0.05281485589457851,0.12037321157260157,0.057401086581813816,3.288840000602953
4316767.068264617,1.1640816985608144,-0.04518159571349054,0.12054744506006708,0.05858916330720425,3.3569117827055477
4316767.16842148,1.1807623228964292,-0.054942309414879625,0.12013993635269246,0.052361705006082324,3.0001047049575518
4316767.268314884,1.2012904107221256,-0.0803782589418321,0.11773688717572131,0.04101496990139087,2.349984672205799
4316767.369190237,1.2301088738370696,-0.10895587504373196,0.1166089496828484,0.03094143452724307,1.7728136104913914
4316767.468446628,1.253677794430158,-0.11292833780475431,0.11836629119213081,0.03161204806464443,1.811236935868828
4316767.56822564,1.283230273007843,-0.1096255006576866,0.12072890241616678,0.03615770519590762,2.0716839046037543
4316767.668254662,1.3132309688281396,-0.09679098967382896,0.12203175199151314,0.04657050362294619,2.6682933073935264
4316767.769215144,1.3359156359059134,-0.06954897503569436,0.12013094623378451,0.05513251413654847,3.158860373969575
4316767.868245955,1.3597914991150521,-0.03708507148878233,0.12395675666957526,0.06469368640501504,3.706675192150233
4316767.969305477,1.374840595437821,-0.016624698154830028,0.12866601594820185,0.04407712331868399,2.5254331392382574
4316768.068419693,1.3876411501073456,-0.011035669069250548,0.133624172146083,0.03137427288131201,1.797613421390931
4316768.168232071,1.4001731660679326,-0.018061300180210328,0.13443330241794704,0.029806115372721674,1.7077646145369545
4316768.26821898,1.402455190082027,-0.03572328124782296,0.13427057159480357,0.031470446410408935,1.8031237587090634
4316768.368092235,1.41085783123906,-0.07567333068597247,0.1342517063678289,0.03363291680682144,1.9270241857454822
4316768.468208932,1.4355380399058715,-0.11002474428306291,0.13792036185243237,0.02428794544659834,1.3915967671340703
4316768.569172197,1.4499400696430147,-0.12612243084879285,0.13773534453969588,0.029916539840994707,1.7140914705239756
4316768.668342026,1.4563710760897628,-0.12495524740096363,0.13595579288360587,0.025636551428800905,1.4688661981403723
4316768.768246503,1.4538086112549622,-0.10617699203563015,0.13064552515038794,0.02643036081532295,1.5143481257259546
4316768.868215176,1.4462272357740833,-0.07491686818889916,0.13160481072305627,0.028649886004676356,1.6415175515988796
4316768.968343945,1.445376195405492,-0.04414410215169535,0.1370746226772994,0.024971848584972974,1.4307815305586884
4316769.068107694,1.4476326394852725,-0.03366093066861453,0.13883121038050997,0.02319500579223414,1.3289759376765147
4316769.16913786,1.4507568164288538,-0.04286674124754328,0.13933971734011158,0.030733451113124755,1.7608970386536904
4316769.26819138,1.4514700086444958,-0.06865028703835756,0.1363386563031412,0.03436638070285992,1.969048571413709
4316769.368197128,1.453668541103022,-0.10175115797543563,0.13217888549992293,0.05389118078100103,3.0877372117278945
4316769.469293671,1.4588134818345035,-0.10447842239051323,0.13221911783571483,0.044105717545715746,2.527071467765616
4316769.568346921,1.472701003059992,-0.09721045388864459,0.14031752757532087,0.032044871063955004,1.8360358670055177
4316769.668277382,1.4936558026575535,-0.09012259048046864,0.14292899209756793,0.032605592854828884,1.8681628591036081
4316769.769185961,1.498795302887617,-0.08366222247321925,0.14340687972254842,0.025789966734222285,1.4776562476537278
4316769.868320422,1.4928219541967014,-0.0792682201835767,0.14347381460478983,0.029035873417246706,1.6636330012843354
4316769.969168808,1.480562238909908,-0.07983739761277847,0.140679434124564,0.03277771307327039,1.8780246211891762
4316770.068444355,1.4748909492440583,-0.08375754903701958,0.1388035315081047,0.034985606866552436,2.0045276171573674
4316770.167910449,1.4704401829931935,-0.09111062649567489,0.13935349982906123,0.03484381709267815,1.9964036615362564
4316770.268206703,1.4648342892802992,-0.11410107821616283,0.13795042216697118,0.04233727953540654,2.425747433444385
4316770.368332423,1.4619765828076676,-0.11061091519480237,0.1354027146737292,0.04968284540162812,2.846617355714241
4316770.469157001,1.4607977934614516,-0.0972749394131341,0.1345532193706631,0.06020909552644718,3.449727061965429
4316770.568207787,1.4630656755261457,-0.06634465362058432,0.13346476738048957,0.061211032441103035,3.5071338185135685
4316770.668238691,1.4635210427934502,-0.02794538047752109,0.13399122471268088,0.07571934473836453,4.338398881004404
4316770.767587134,1.4619390725777333,0.0013710000426973698,0.13787644390572487,0.08880148488919455,5.087950298645603
4316770.868186379,1.4595874065497982,0.013505961808426344,0.13977665601113348,0.10848646366355429,6.215816502221023
4316770.968287571,1.4580264542905816,0.012756614248367597,0.14216067671969115,0.13355355132100105,7.6520548296772
4316771.067768626,1.4597439470101001,-0.002591390311721801,0.14098496838376226,0.169675121018085,9.721668322707758
4316771.16763379,1.4624897460816837,-0.03315617705008474,0.13843622691429777,0.20715179051786684,11.868923315251916
4316771.267396569,1.4705631113728936,-0.06748189604199988,0.14269007008259188,0.24249616623853693,13.89400687357097
4316771.369115277,1.47556183158402,-0.0786309401257398,0.14216597334295647,0.2750214828236866,15.757570241226905
4316771.468197187,1.482448243370638,-0.07891024641442675,0.14224848226650372,0.2976308088696578,17.05298920129626
4316771.567919817,1.4857083382819027,-0.07122384138846087,0.13906328007339508,0.3202377335057117,18.348270570712476
4316771.667546566,1.478124920550279,-0.04679846087397705,0.13486748449694788,0.3472582379047345,19.896431433091152
4316771.767987241,1.4672708057293775,-0.025840134581770903,0.1391376679878847,0.3888592405013146,22.279993305387972
4316771.868149773,1.457433151728109,-0.016644184728237796,0.1359131224589678,0.4138499109940838,23.71185325182577
4316771.968218576,1.4570645674753346,-0.017202615670312834,0.13638535750798314,0.44159621836996893,25.301599561536694
4316772.06780965,1.461355372906172,-0.030629050728908046,0.13635076990069564,0.4585660968232699,26.273901975760833
4316772.168319144,1.4741170291339085,-0.05748332315436229,0.13359564300836313,0.4870421050661662,27.90545706545853
4316772.268299171,1.4841730900671586,-0.07878346433095457,0.13485290146446755,0.49982042927712556,28.637601111996343
4316772.368089674,1.4865281323970387,-0.0850990797037666,0.13609336027386212,0.5261066955919468,30.143693230992504
4316772.468155724,1.484677201320337,-0.08095958756043095,0.13594577440862593,0.5287489301345292,30.295082118766153
4316772.569125927,1.4740656036001387,-0.059590452388229555,0.13549627789717666,0.5234944904888553,29.994024903362824
4316772.668033515,1.4510678661461576,-0.028373360496126362,0.13206619153071808,0.5238352623048282,30.013549690195084
4316772.768100069,1.435427033959653,-0.008347623319574046,0.13588341989962915,0.5324598501532246,30.50770217394801
4316772.868286542,1.4276713425944128,0.004144535106879548,0.13641457426356443,0.5364621149455544,30.73701505504231
4316772.968085766,1.4279135270166234,0.006366003756576816,0.13745565627405806,0.5489083369258685,31.450131045397264
4316773.068105523,1.4340503209770494,-0.007278619672054196,0.1382949438074525,0.5555429318316724,31.830265332278824
4316773.168212582,1.4470750232507947,-0.03549249752665812,0.13584552477933237,0.5632206465639968,32.27016598274643
4316773.268156837,1.4599647825983082,-0.06155298558349834,0.13465411627899812,0.5723885052205253,32.79544559093799
4316773.369099783,1.4632605804511911,-0.059018023378417356,0.13759848552932202,0.5674173746145801,32.51062078780902
4316773.468279491,1.4736288257146914,-0.044030417118351976,0.14501236080179108,0.5656377945269081,32.40865835947989
4316773.569199208,1.4742223810111053,-0.03459457077003096,0.1452618074197756,0.5620928566851362,32.205548382510145
4316773.668267465,1.4611300231221946,-0.029631085214796994,0.14359503355931416,0.5624479729700266,32.225895046870725
4316773.768019647,1.4498141596234309,-0.03218032409031702,0.14171807511879467,0.5656466231908447,32.4091642046622
4316773.869223939,1.4460872639757916,-0.033772579888479176,0.14107083566043918,0.5670933220718785,32.492053944771726
4316773.968397033,1.4469847780201983,-0.0380871541788132,0.14069155199284955,0.5683308955793721,32.56296168358832
4316774.068251366,1.452063264233127,-0.03905829856380352,0.14020114782349669,0.5675218360626468,32.516605987905066
4316774.168128615,1.4584065083770457,-0.03870679653392355,0.14097561843228495,0.5662875364626935,32.445885830173054
4316774.268083523,1.4631652688471894,-0.03967736053469638,0.14116246209167965,0.5648113795776031,32.361308270758194
4316774.369135145,1.4649737766978876,-0.036717931044815987,0.14044498708486522,0.5647774300471091,32.35936310594444
4316774.468019015,1.4648714657312243,-0.037311160531463244,0.14066787653713458,0.5646348217772754,32.351192253959304
4316774.569051812,1.4629462654622307,-0.037918027186948804,0.14098623333639165,0.5648086029044713,32.361149179106654
4316774.668218822,1.4610023902747094,-0.04019227643049565,0.14098768640127243,0.5648430328794489,32.363121871361614
4316774.768144228,1.459938347695997,-0.04005577865639899,0.1407778762831339,0.5643646356857048,32.335711731229175
4316774.869022022,1.4602070215207685,-0.038842568642777534,0.14133844939281362,0.5642203932601793,32.32744724901983
4316774.968186055,1.4613826412838966,-0.039646760387295366,0.14192585051499043,0.5646911200291166,32.35441790618377
4316775.068116422,1.4631387788842407,-0.03866125549659336,0.14131455227498652,0.5639253924792152,32.31054494931753
4316775.169100936,1.4650110297754984,-0.03698326710793819,0.1422594157362638,0.5641529580521778,32.32358349621076
4316775.268163078,1.4684316471680807,-0.03735410850355373,0.14347950823032066,0.5637903123223458,32.30280542643295
4316775.369160515,1.469333065343097,-0.03560402711186965,0.14318057439751491,0.5642580561213432,32.32960517200891
4316775.46825012,1.4646751408378458,-0.03303531970710974,0.1427026426549764,0.5664580714637326,32.455656765991854
4316775.568152456,1.4545475996246542,-0.028591717463845437,0.14038643900757053,0.5693211316464992,32.619698030956336
4316775.668098206,1.4616587148852902,-0.03996738661293274,0.1385529186407523,0.5663318780673545,32.448426416976965
4316775.769072138,1.4819319656612941,-0.06306937614133243,0.13568853120536234,0.5810774363731324,33.293284674462114
4316775.868130696,1.5137555633543223,-0.09578913514014065,0.12939513078479764,0.5960378177889814,34.15045138949621
4316775.968080458,1.5359615884590825,-0.12279823890335573,0.12877231163035746,0.6133823781356347,35.14422149486941
4316776.068300612,1.5559137543720465,-0.13578810319603538,0.13679188499863185,0.6224958247071671,35.66638352023619
4316776.168160036,1.5797189202199922,-0.12621419620419727,0.14194602659747793,0.6173437504983672,35.37119141233375
4316776.268064771,1.591361248636817,-0.10497443021076809,0.14281692430659126,0.6044744951451014,34.633837395115485
4316776.368190282,1.5896617986976487,-0.06975467942095688,0.14112897211194664,0.5970345011892856,34.20755714184439
4316776.468071749,1.5775746821309198,-0.02794544412694844,0.141760916190743,0.6079951574578019,34.83555648672399
4316776.568069189,1.5723271444403524,0.0033428780563583456,0.14691965084750702,0.6066826565103742,34.76035572182946
4316776.669033191,1.5703021757226374,0.021624083541658824,0.14987110675240825,0.6094936773598902,34.92141535263001
4316776.768185798,1.5788710775868844,0.027200395161461444,0.15219566481452595,0.6143280187355957,35.1984027101834
4316776.868098535,1.594334256309985,0.017498993004277257,0.1525401234480749,0.5995403191159453,34.351129933270215
4316776.968993445,1.6298029173337787,-0.0034763475080652893,0.15222434216975503,0.5981633601566732,34.272235996341195
4316777.069023754,1.6640538501793094,-0.010996631386676014,0.1572168403741807,0.5828378724082494,33.39415022937706
4316777.168048484,1.6829733964617377,-0.008156982620929181,0.15982707813209038,0.5886350583729619,33.72630451820757
4316777.268920326,1.6996856535534988,0.0033114184109935543,0.1594709435046023,0.5925798409545331,33.95232391122832
4316777.368097832,1.703768272170609,0.020980231177019887,0.15707048876439164,0.5959185312905635,34.143616776583976
4316777.468208451,1.698576731777133,0.04940761997724981,0.15548433721421534,0.6057896563630598,34.70919058228378
4316777.567931436,1.7001230657940019,0.08032911981537535,0.1633015383787351,0.615707550844697,35.277444077737684
4316777.668946769,1.7034059156003096,0.09661182982901921,0.16382114345850604,0.6177387931616671,35.393825689668446
4316777.768046787,1.7168240850128544,0.1041710413813452,0.16459734313540647,0.6184944474000411,35.437121488298445
4316777.868981876,1.7357215027006538,0.09934240594416852,0.16436743790730945,0.6054548612653601,34.69000823618392
4316777.969017156,1.7683895639867662,0.08437966023380782,0.16258444099176442,0.6073959392631226,34.801223813161414
4316778.068066886,1.7981732043620633,0.07438348604570967,0.16651839492942958,0.5919599397869407,33.916806190610046
4316778.169021897,1.8214610354175924,0.07660577408949708,0.16915296431344182,0.5987829546379861,34.30773614513003
4316778.267983039,1.8383135074860666,0.09415550428622828,0.1707616986479894,0.6010802048405592,34.43935888622304
4316778.368980006,1.84386693063474,0.11697161600938483,0.17024670164989925,0.6082378362365647,34.84946095652448
4316778.46794981,1.8331194562718185,0.15595197086558246,0.16595036548085948,0.61826429002811,35.423934442262976
4316778.568101767,1.8334404238913449,0.18838945732748327,0.17282751513311145,0.6254412818815034,35.83514578506219
4316778.668095882,1.837677468307133,0.2083500454194983,0.17575355402103116,0.6231902798849681,35.70617287098519
4316778.768142767,1.8531258953461365,0.21706026434117545,0.17700638873841454,0.6265525369348228,35.898816009579974
4316778.868114085,1.875651576161747,0.2115573541738339,0.17710394423084722,0.6123832643196372,35.08697648995955
4316778.969096804,1.9108200868977705,0.19383533824972138,0.17605590642860036,0.613206626092978,35.134151644584385
4316779.068937674,1.9438273614454367,0.1856843888989409,0.17833259029711868,0.5896691131301556,33.78555149158019
4316779.168088746,1.9655695710462708,0.18777343151770484,0.1810960642153707,0.5984148630445837,34.28664605035382
4316779.268056549,1.9846817701511068,0.20314762187307972,0.18292155940870877,0.5954481443991865,34.116665592969795
4316779.368153288,1.9921937584816696,0.22460737747878398,0.1818048801172145,0.6072211221307362,34.791207529289096
4316779.468070375,1.9880155416664107,0.2589366043570527,0.18157874630585646,0.6150772755096813,35.241331961110085
4316779.569046979,1.9946462333521913,0.2926534532041131,0.1882755148408994,0.625195015300649,35.82103574934412
4316779.66892523,2.0026746460058815,0.31133876397469423,0.19134049751352214,0.6180307304138125,35.41055246209902
4316779.768948099,2.0187856212421216,0.31772466665274857,0.1944874990507452,0.6213617176590068,35.60140397286057
4316779.868976519,2.039692601196938,0.3110141685915107,0.19469418910270736,0.6101364322525816,34.95824249524261
4316779.968996906,2.070681939340758,0.2939845340963351,0.19248102073672474,0.6123519182849894,35.08518049446975
4316780.068106213,2.099875756328313,0.2833690087323585,0.19362129908339998,0.5949104657505955,34.08585887567123
4316780.168903082,2.122556112680876,0.2843969617231454,0.19567712155475528,0.6118328066306941,35.05543758758258
4316780.267972418,2.1401704263518107,0.2989033394394025,0.1974037160650725,0.6108718757686045,35.000380304780975
4316780.368638248,2.1467247396125546,0.32499624395284,0.1991625511458449,0.6165043964879197,35.32309997001773
4316780.468846174,2.140686637435503,0.36194455734508696,0.20005487082316742,0.6236516114555642,35.73260522293649
4316780.568093474,2.151536822457096,0.3956836759903469,0.20871067461922213,0.6349917107021895,36.382345049027606
4316780.668048136,2.1712855567878733,0.4136116374091067,0.2108844645826615,0.6239184201025106,35.74789223234412
4316780.768885002,2.1867612558732428,0.42385173750296096,0.21102363906821572,0.6285211275666122,36.011607944370496
4316780.867696499,2.2010102173110684,0.4217965008323198,0.20805119704689604,0.6180686883477231,35.41272729151114
4316780.968602649,2.2265966779944715,0.4073383539604961,0.2058043314437978,0.6175030255445372,35.38031720026105
4316781.068836629,2.258077877485644,0.39561434656603045,0.20734909179528507,0.6001064341569788,34.383565935840316
4316781.168480439,2.2780503447852287,0.39567342147540985,0.2091220798505589,0.6132755330476973,35.1380997222689
4316781.267808522,2.297146921784593,0.40805132407098416,0.21182702420392374,0.6129318183076137,35.11840631830567
4316781.368884101,2.3060873392947205,0.4283510905521819,0.2120628904065884,0.6230086545327116,35.69576650484832
4316781.468091239,2.304147231474363,0.4602487912743604,0.21026521272477117,0.6315451543217075,36.184871914572106
4316781.568951174,2.3080677601263178,0.49856570060385064,0.21667911860531586,0.654876202558371,37.521642510149064
4316781.66877433,2.316389238120136,0.524326243751646,0.2207864864223205,0.6391443388807645,36.62027311754705
4316781.768952981,2.331847151807512,0.5372748349981032,0.22523432854138153,0.6421401990275186,36.791923259967504
4316781.867920883,2.3552797649547297,0.5357221819738118,0.22537612410042993,0.6325884143285778,36.24464630990056
4316781.967497937,2.3855615531504855,0.5203788218444546,0.22340466788826055,0.6279867880365099,35.980992544468634
4316782.067658973,2.4222469384639127,0.5101651208425263,0.22387161227275634,0.6174739804368913,35.37865303817743
4316782.168717803,2.4479913470037302,0.5062271637912777,0.22738155198775378,0.6297078326093635,36.07960113484704
4316782.268839752,2.467593945559832,0.5172128343981396,0.22959045999726357,0.6313097067785381,36.17138176405177
4316782.36895713,2.4769391088714805,0.5423004734950946,0.22989899648373233,0.6387229297977585,36.596128155642326
4316782.468936261,2.474282006574586,0.5788354516434561,0.22684681458298997,0.6470043809134368,37.07062035281461
4316782.568939111,2.478265432406681,0.616490288303046,0.23009293971265757,0.6625911423703145,37.96367600057088
4316782.668119492,2.485442674457373,0.6414258276547771,0.23466252897264508,0.6471702319933709,37.08012291972251
4316782.768853418,2.5017875089754558,0.6578976153671471,0.23923495140277315,0.6518662533232811,37.34918512242978
4316782.868933127,2.5239340232015093,0.659191494003018,0.24059817010887002,0.6437739565178378,36.885530668910675
4316782.967796645,2.553999015972047,0.6462068565056485,0.2389978795534462,0.6420750398315053,36.788189913039474
4316783.069035526,2.5921244488423607,0.6332151420471984,0.23809962661475595,0.6258585060226695,35.859050967461975
4316783.168834856,2.6191179080060287,0.6270246530984946,0.23861987885045394,0.6398394835695049,36.66010197436282
4316783.268095557,2.643807705540476,0.634949738372011,0.24078009217785687,0.6426836203007668,36.82305900542225
4316783.368930375,2.6576528346545687,0.6540060993308386,0.24038565773702536,0.6491422697648209,37.19311236106699
4316783.468894724,2.6602622076144544,0.6833595712909445,0.24200003632384612,0.6571478335545576,37.65179737884166
4316783.568858858,2.655759010839443,0.7189582513201821,0.24797300185888088,0.6733754620372503,38.581572002406226
4316783.668886179,2.66022487117956,0.7442226358794425,0.25236127741483466,0.6476233968107736,37.10608735118351
4316783.76901834,2.666885033640651,0.7546890852537389,0.25593453296849306,0.6462892545342236,37.029646629467216
4316783.867953415,2.6781172946359284,0.7492718283969978,0.2572274392962703,0.6505477467704966,37.27364026169489
4316783.968891943,2.693446090969493,0.7267417825635477,0.25404689114049017,0.654617119776558,37.50679816020667
4316784.068929337,2.702220004525329,0.7059909869991596,0.25067271807729546,0.6572874443502358,37.65979648820848
4316784.16893962,2.7175109476355535,0.6948605174603844,0.2500517931389419,0.6578162573290594,37.69009524004681
4316784.268850377,2.7299096165331616,0.6973394985152077,0.24966223173625926,0.6578005585184122,37.68919576445335
4316784.368929066,2.7361073888621252,0.7112576080782193,0.24886848191905295,0.6555270921547696,37.558935736951675
4316784.468872295,2.7267921437907314,0.7367229373476544,0.2467090132330746,0.6516631023942572,37.337545431592545
4316784.568847336,2.7072581179865938,0.7680279918123497,0.25297814869877633,0.6518844291001453,37.350226517733475
4316784.668820325,2.6975601249154035,0.7879866618359952,0.25818366419965916,0.6434550244321892,36.86725720645171
4316784.768792899,2.6972988192043994,0.7925504631798928,0.258793258625853,0.6447308198941387,36.940354901943365
4316784.868826311,2.702601523145538,0.7836530012966217,0.259684658459542,0.6482153247544867,37.14000232413412
4316784.968935178,2.7189584741003494,0.76001230780362,0.25701543615545647,0.6522206254590857,37.36948915018842
4316785.068931819,2.731669362062823,0.7310061223684261,0.25356471643901723,0.6629684337909887,37.985293206622
4316785.168862723,2.7388088702703266,0.7238348898174237,0.25252865513538947,0.639080654087335,36.61662424766438
4316785.268935908,2.7508794502826737,0.7347593656762044,0.25707420920811863,0.6388781854447856,36.60502364896256
4316785.368775688,2.7570865992765827,0.7478550022292192,0.25983194482582783,0.6249558035741508,35.80732992700573
4316785.468679012,2.749936009707411,0.7531587406866846,0.26084870964721973,0.6276445978384715,35.96138649033029
4316785.56875748,2.734630223970768,0.7530495708694069,0.2597811621742744,0.6276073652859463,35.959253222210094
4316785.668916552,2.728773464312354,0.7532045332429037,0.25819482277350153,0.6310747483974888,36.15791964045642
4316785.768460875,2.7293727148899953,0.7543589013294536,0.2589706803000835,0.635831892032316,36.430483893269546
4316785.868829993,2.7316023279244765,0.7522639365066021,0.2599108203836009,0.6374065499619683,36.52070514681543
4316785.968860713,2.7351036226798806,0.7522025545786284,0.26006654660917544,0.6349820103446868,36.381789259482936
4316786.068817123,2.739048683631567,0.7521220338844061,0.26130528879217424,0.633973019891783,36.32397836496255
4316786.168806499,2.741364551569319,0.752680204794239,0.2617472159048854,0.6321504445427407,36.21955248961785
4316786.268919811,2.7394099078490326,0.7532114798448715,0.26223264979741195,0.6314263510655379,36.17806498940117
4316786.368797797,2.727629850690154,0.7589755535152974,0.26273585531020216,0.625134596099347,35.81757398410796
4316786.467779635,2.727219596550892,0.7545806961841223,0.2599042901026077,0.6159065094673024,35.28884356711071
4316786.568845432,2.740703170104976,0.7310380324901222,0.2553406505118862,0.605941941897424,34.71791590068374
4316786.668290625,2.7609751505736893,0.692544259518427,0.2478228221983232,0.5894211032897679,33.771341574448265
4316786.768329991,2.7771709581440214,0.6502421898355673,0.2438784909853415,0.5636601063117824,32.29534517156043
4316786.868769861,2.7846407089357643,0.6310154598115812,0.2529626568471417,0.5284955958716876,30.28056713469927
4316786.968885703,2.7983775816874763,0.6303116557123467,0.25720848515093836,0.5140427922584225,29.452482485527756
4316787.068710723,2.810617720916406,0.6438669681433906,0.2568675988959604,0.4667241253358673,26.74132257868005
4316787.168766504,2.8090909258450796,0.6690470327985648,0.2544029644133196,0.42595915331522133,24.405661729928152
4316787.268743235,2.7993469095818395,0.7047756995133333,0.2530011921765958,0.36513620640253286,20.92076357428284
4316787.368892743,2.7861765912277767,0.7316248793773118,0.26417542961187,0.3231524139785569,18.515269460435697
4316787.468827719,2.7782952625848916,0.7380341459570146,0.2621749754912919,0.28380986859212437,16.261107654491227
4316787.568820004,2.772037500077934,0.7326475381542127,0.26027044290987394,0.24868186924482974,14.248421549152933
4316787.668712319,2.768831971577466,0.7126974722535719,0.2591007400780341,0.20459627231851915,11.722502907960422
4316787.768846313,2.771502242562317,0.6719995662116636,0.25481687794617053,0.16235248480841147,9.30211217298379
4316787.868743836,2.767979084038603,0.6450996252712873,0.25451832292182575,0.10991450340182381,6.297637152200834
4316787.968749831,2.770807810857646,0.6329701777233293,0.2550208370908882,0.07568193859933568,4.336255667110172
4316788.068759939,2.774728077398931,0.6362646669965716,0.25581646379625295,0.02653488115712898,1.5203367001847048
4316788.168673066,2.7789375257275104,0.6557939208791975,0.25466405094555467,-0.031101195017174083,-1.7819672122973809
4316788.268735203,2.781867860277355,0.6920837618724673,0.25379922661855,-0.09889217568295548,-5.666104293499618
4316788.368708687,2.78654971473842,0.7204548521290319,0.2614807934059323,-0.1409405724439767,-8.075299963197695
4316788.468757959,2.7882459737534067,0.7325999459888325,0.2611861300791636,-0.19773310942844816,-11.329272640248545
4316788.568700903,2.7902841082506282,0.7284913509489211,0.26283990084868647,-0.23368495469898057,-13.389161639957422
4316788.668833126,2.7868941257979687,0.7084719486332951,0.2611192224752105,-0.27642993692657897,-15.838268716960522
4316788.768796869,2.770992572942025,0.676413006081226,0.2525264275628437,-0.3212502003735017,-18.40628064913367
4316788.868730952,2.757669990488879,0.6582776424565302,0.2503718820524517,-0.37452430858072017,-21.458662206730548
4316788.968874916,2.751434646447257,0.6528252379925318,0.25130897574769384,-0.41070754903233553,-23.531809173715143
4316789.068749671,2.751449585780327,0.6515648555414271,0.25378017241485895,-0.45678703338290133,-26.171969149141688
4316789.168816419,2.760144084098363,0.6657267542165354,0.2528232621940775,-0.5174592259157292,-29.648229715077875
4316789.268640794,2.780375916635963,0.6904202530275628,0.2533556677696489,-0.5876480986885751,-33.669755893742646
4316789.368754507,2.8007274086892218,0.7070168115248473,0.2640228288710735,-0.6380402075023295,-36.557011049534765
4316789.468675785,2.808777436923408,0.7130899001147237,0.264833869374728,-0.690423412677331,-39.5583476234302
4316789.568824038,2.809892104501855,0.7105426220141349,0.2636007140758524,-0.7215567715685871,-41.342157689965276
4316789.668679242,2.798458620699544,0.6997002651233388,0.2604818221325077,-0.7541512290208237,-43.209682537497166
4316789.768699306,2.7722566485578892,0.6754013502035384,0.24960984230369315,-0.7863954769261232,-45.057141856044375
4316789.868812357,2.7481730337868817,0.66262929225989,0.2459864814282322,-0.8267848323670803,-47.371281460064964
4316789.968704933,2.73890767450442,0.6568764880828658,0.24599554468733234,-0.8435006393272388,-48.329026650037456
4316790.068719619,2.741263156125994,0.6536625737969608,0.2486216651211467,-0.8635616750525162,-49.478439329757016
4316790.168679609,2.7537640854750878,0.6610170061742804,0.24981404093177179,-0.89397971532927,-51.22126465867395
4316790.268642983,2.780844352752602,0.6789745710553436,0.2509182130510272,-0.9299273124212555,-53.280910255681476
4316790.36862824,2.806977442768391,0.6942570104072452,0.26065925831630055,-0.960164320117544,-55.0133631817834
4316790.468629393,2.821144254753278,0.7024433208835787,0.263637796828668,-0.9822501076157638,-56.27878559265419
4316790.568660741,2.8224344618196016,0.7021619820182226,0.26412673094454775,-0.983878051404729,-56.37205990104643
4316790.668817318,2.8116141186893784,0.696476300610495,0.26349062482984664,-0.9866102545757144,-56.528603611516154
4316790.768808007,2.787381486117461,0.6821029406047471,0.2574223169711923,-0.9915866104335292,-56.813727799524145
4316790.868687108,2.761825174904089,0.6717573992038878,0.251197311276686,-1.0067562244291888,-57.68288265831802
4316790.968387749,2.7558935157264393,0.6590077351029193,0.2488584484412233,-1.0197953287265926,-58.42996830319016
4316791.068610124,2.7611474707890014,0.6532222439795025,0.24863808679707305,-1.027622499011085,-58.87843212602178
4316791.168621078,2.775668526029761,0.6576026302556796,0.2508463127916125,-1.0325948083608008,-59.163324466193934
4316791.268348352,2.799283672718816,0.6707767131876254,0.2513885250318575,-1.0524511037815145,-60.301006390565774
4316791.367776276,2.8214896862926935,0.6875945902420778,0.26140344978400276,-1.0581089169690623,-60.625175207485725
4316791.468648648,2.833703032408525,0.6969552544653153,0.26553154888640434,-1.065742437055569,-61.062543691270896
4316791.568592871,2.8354017384882977,0.6975466843388499,0.2659964456850226,-1.0580649031838572,-60.62265340335308
4316791.668780772,2.8265831689201426,0.6925373699881816,0.2653564869862851,-1.0554205707521291,-60.471144315385494
4316791.768694888,2.8043771628107876,0.6800191972680584,0.25978246881899136,-1.0548428975714812,-60.438046080196465
4316791.867457058,2.7815667440863514,0.6706319495848376,0.25454140670353187,-1.0513175367591632,-60.236057784389835
4316791.968450112,2.7798634833170164,0.6672608012747893,0.25433458844930373,-1.0641966895589057,-60.97397888351917
4316792.06859003,2.791176827748212,0.6583334328373553,0.2617906290106294,-1.070637185449631,-61.34299211602909
4316792.168375051,2.8020406622266423,0.6527595679280234,0.2626809064608837,-1.0755768327207273,-61.62601305694622
4316792.268263702,2.806301132662199,0.6593346724366538,0.2644988416681932,-1.0753909300184972,-61.615361616708356
4316792.368721379,2.801943311211498,0.6704466311400983,0.2637709212422626,-1.0734013031478749,-61.50136439421588
4316792.46875671,2.797647269089006,0.676616177529716,0.2644675204904088,-1.0699130356443587,-61.30150138845176
4316792.568731941,2.796529429809759,0.6749792886739383,0.26387001579935243,-1.067120217967189,-61.14148472260041
4316792.668593765,2.7954689632789504,0.670290508750741,0.2625783909220675,-1.0663003657498618,-61.094510650723116
4316792.768709804,2.7970934135000145,0.6640177654122167,0.26210643174005865,-1.0662885369512005,-61.093832910483115
4316792.868611334,2.798651870193515,0.6606374811938931,0.26069132731347877,-1.0682852072321463,-61.20823369066051
4316792.968794565,2.8001266593015006,0.6582919466789708,0.26044055566080765,-1.0694705098671733,-61.276146529093296
4316793.068746275,2.800935174419952,0.6590294650724764,0.2614084672220901,-1.070804594909182,-61.352583971511926
4316793.168699367,2.800015943692387,0.6622930139370856,0.2625720413387978,-1.0710742912172642,-61.368036431715296
4316793.268576933,2.798460213443933,0.6648278515227537,0.2629600768599893,-1.0707369423655253,-61.34870776628707
4316793.368686086,2.796963470904122,0.666985493892975,0.2624927971476549,-1.0702633943828959,-61.32157546548547
4316793.468706886,2.7973609837059827,0.6683988118920626,0.2626154167592418,-1.0717363998467349,-61.405972461763156
4316793.568723687,2.797425422140316,0.6667437446177213,0.26213461159373996,-1.0700641025353292,-61.31015688372854
4316793.668619528,2.7981719522225967,0.6644986374508659,0.2622682684396665,-1.0712229146920382,-61.37655192955642
4316793.768735877,2.7981725560701265,0.6620251468516735,0.26265654414872536,-1.070565423945603,-61.338880484716775
4316793.868575587,2.799284879353353,0.6590251399754647,0.262364742862466,-1.0708704321540174,-61.356356167775765
4316793.968558085,2.8024069680657364,0.6660163900830003,0.26382826429871514,-1.070771802188037,-61.35070508699157
4316794.068666468,2.803400014367323,0.6671999857098676,0.26271508232147045,-1.073841907224311,-61.52660914823193
4316794.168692292,2.788412551860109,0.6518810452579283,0.25748549785623115,-1.0634783224321531,-60.932819479015315
4316794.268719047,2.760096889591442,0.6261881345020218,0.24795564906178197,-1.0511200483742942,-60.22474253343398
4316794.368517769,2.7267903263779787,0.5932818046467958,0.23522684059284882,-1.019681491596504,-58.4234459160842
4316794.468673411,2.7074541649184387,0.5649186154740733,0.24054141621217537,-1.016883923631254,-58.26315707877437
4316794.56859332,2.7023647355874263,0.5395415889646847,0.2453419759791549,-1.0125667617166252,-58.015801921591525
4316794.668463583,2.715607720418285,0.5191119415976911,0.24710273084880507,-1.0294305837149529,-58.98202774855557
4316794.768652969,2.749108211735033,0.5112086763980239,0.24913275244819438,-1.041855845164555,-59.69394278896438
4316794.868595555,2.79563373603076,0.51117505601432,0.24940706079685737,-1.0371086985997024,-59.4219513260683
4316794.968519718,2.8401102827241895,0.5053941018651948,0.25740823837704285,-1.0244019037346388,-58.69390560916165
4316795.068705864,2.865010885395188,0.49817507909663594,0.2631517737399128,-1.0131485253484398,-58.0491345223687
4316795.168529029,2.877311654092714,0.48187600663454006,0.2655104443762111,-1.0129933966337967,-58.040246301738364
4316795.268660996,2.877793132802115,0.4625063982151739,0.2653036863987569,-1.0264519966719576,-58.811367282079594
4316795.368687978,2.864581274438273,0.4333228747775858,0.2609497252742295,-1.0377779862822318,-59.460298685557326
4316795.468568296,2.84972548228826,0.3920002335789602,0.2556048592467989,-1.0612623940428103,-60.80585613460275
4316795.568656342,2.848319307162732,0.36477165551752705,0.25609409622590673,-1.0517190495945972,-60.25906277528053
4316795.668537129,2.857672967188251,0.3422570211129296,0.25649409868583073,-1.0434000277468993,-59.78241793373032
4316795.768549263,2.8802306977702594,0.3243605037017203,0.2567427891323215,-1.0394966598147188,-59.558771425329674
4316795.868504818,2.909292002045037,0.3152191862554835,0.2570590884444776,-1.0339190097498392,-59.2391956170112
4316795.96854161,2.9491831225833987,0.3039984046590172,0.26290580182603474,-1.015043884326008,-58.15773059244559
4316796.068545634,2.978017008639864,0.2941312171876495,0.2641663702998348,-1.0231395214322654,-58.62157643110364
4316796.16857561,2.993441488804924,0.2764933645154661,0.26506990593219343,-1.0212373879857242,-58.51259221254616
4316796.268582663,2.9960538044983447,0.25323585458638304,0.2654741227419528,-1.0291310820312052,-58.96486756611977
4316796.368581925,2.9844352262475,0.22291910085757854,0.2620017329147519,-1.0358302276097935,-59.34870033411661
4316796.468410653,2.976734087008987,0.18426733755005695,0.2611623650861228,-1.049244349551771,-60.11727290726574
4316796.568420863,2.9733592947982994,0.15502692963217019,0.26125274873714477,-1.0454747148301013,-59.9012887474081
4316796.668617541,2.9812615396611495,0.13119397362335256,0.2635727969199616,-1.0372049541085235,-59.42746636047863
4316796.76850916,3.0040892335614298,0.11322716433037927,0.26360589788352423,-1.0287387650559268,-58.942389459204975
4316796.868285168,3.0383661377190485,0.10590446644827417,0.26181493071809514,-1.0217483218002084,-58.54186656372662
4316796.96866634,3.0800536555916413,0.09725753114651234,0.2661627684907892,-1.0037670204868552,-57.51161388831844
4316797.068507079,3.110073716496847,0.08420257904747083,0.27191134396256034,-1.0138625584485008,-58.090045605434845
4316797.16851428,3.126733678486473,0.06730474129967635,0.27516849268051413,-1.0147145986365274,-58.1388639121843
4316797.268644616,3.130667388812813,0.04591835590903974,0.27470053633422914,-1.020713674649967,-58.48258564873255
4316797.368616198,3.121026520248672,0.018411102679653114,0.2703328646028194,-1.0298956989052706,-59.0086768859482
4316797.468635269,3.105456222132442,-0.02587172107669587,0.2664890270992287,-1.0454152979840576,-59.897884412897824
4316797.568528582,3.1068498327956275,-0.05717091923261799,0.2668928635452959,-1.0430767745477272,-59.76389688970366
4316797.668603847,3.1158381917598486,-0.0852521149240222,0.2666763850280085,-1.0354397709852274,-59.32632881744605
4316797.768433559,3.1341991386666246,-0.11151764296306746,0.263588591879621,-1.0294124997749456,-58.98099161511619
4316797.868632037,3.1650324109370427,-0.12636755919721662,0.2626116254968061,-1.0181921926604989,-58.33811537261778
4316797.968497322,3.202638585386071,-0.14844816902043972,0.2654728874730346,-0.9981603139166878,-57.19037326487958
4316798.068450277,3.2347626475328166,-0.16726319699061656,0.2693388678568912,-1.0109410392545064,-57.9226548858525
4316798.168496166,3.25229168234362,-0.1810966909296545,0.2724290070975283,-1.0081459311869565,-57.762506990298924
4316798.268639177,3.258468518074791,-0.19842094372537322,0.2761406923262558,-1.0173069945070727,-58.28739725439369
4316798.368615527,3.254146654098165,-0.22264643432933715,0.2734694884951358,-1.0281100611789664,-58.90636738049164
4316798.468622218,3.246386406408756,-0.26483783538924804,0.2706049093413339,-1.0445127859756904,-59.8461742838585
4316798.56859809,3.2479503703577777,-0.29381879876633593,0.273039833205826,-1.0479285359661479,-60.04188234218357
4316798.668547779,3.2606078249310966,-0.3189982999804474,0.2741926369583308,-1.0450427400841074,-59.87653841760641
4316798.768350582,3.2839376133637974,-0.3403699169924607,0.2731968640246088,-1.0372579956963779,-59.43050541960136
4316798.868578889,3.319027368623864,-0.35368876988114417,0.2718508269964806,-1.0304341022706336,-59.03952512645915
4316798.96842801,3.362371028526921,-0.3670032735909524,0.27370848677718645,-1.0090168519318317,-57.81240707327066
4316799.068582152,3.3934398121630855,-0.38203173948503155,0.2791323861241574,-1.0207625252762151,-58.48538458344314
4316799.168467816,3.409391122655448,-0.40102777595740763,0.28307688854264523,-1.0191617250003338,-58.393665483791764
4316799.268449222,3.4137583652244983,-0.427309211553042,0.2826602775289093,-1.0294305673412532,-58.98202681041168
4316799.368441865,3.4056464655691023,-0.4558497804464943,0.2805721155700094,-1.0396775401859952,-59.569135107200566
4316799.468536035,3.3886724017934964,-0.5006721508095293,0.27254562826803813,-1.0446502243344202,-59.85404892175693
4316799.568460199,3.376674423381232,-0.5317774160117091,0.2806445396030471,-1.0507454618438952,-60.20328030617967
4316799.66847385,3.3798155423749514,-0.5597671710596991,0.2817132998625255,-1.0446775949128364,-59.855617140383
4316799.768550212,3.4009263202974886,-0.5871303265293164,0.2815077758782372,-1.0389230464249448,-59.52590579902343
4316799.868587332,3.436151722138233,-0.6059860078326128,0.2797406006575131,-1.0334632156924177,-59.213080541193804
4316799.968497545,3.4832206719902508,-0.6174107942529841,0.28107141021980137,-1.020303098623096,-58.459061375223605
4316800.068434474,3.5231196576417467,-0.6318461472226091,0.28763670551624765,-1.0210629204666442,-58.50259596004076
4316800.168382311,3.5435593158020664,-0.6473831721587249,0.28704375017938105,-1.0194447410445646,-58.40988110866068
4316800.268134504,3.551920306493179,-0.6686476248969596,0.2865643386830884,-1.0243784805968807,-58.69256356222516
4316800.368129599,3.544229572525297,-0.6950245551557531,0.28486189712892324,-1.0348211625625217,-59.29088516565376
4316800.468415843,3.5287237473819895,-0.7385103113087876,0.27882621395539164,-1.0393088264533181,-59.54800936646966
4316800.568171075,3.525246815292017,-0.7688820596759801,0.28128264792290497,-1.04231113925797,-59.720029218954295
4316800.667476799,3.528794671964831,-0.7954802694051032,0.2828185806968142,-1.0381020643313705,-59.478866990005805
4316800.768457603,3.548218723477997,-0.8173654043102399,0.2845912539967446,-1.033362004436444,-59.20728156338729
4316800.868361705,3.5829463396290384,-0.8288427212773767,0.2841708980601172,-1.025949477472349,-58.78257505281773
4316800.968521959,3.631130637576387,-0.8354511222001599,0.28336059452433154,-1.0115865517572427,-57.959640027882216
4316801.068367466,3.661585613880389,-0.8478699198541597,0.28940075551021777,-1.0127967959135038,-58.02898191021635
4316801.167043524,3.6840799501987163,-0.8622493739951358,0.2946298563662279,-1.0163789957605602,-58.234226842825095
4316801.267670482,3.696989424142369,-0.8843254653325573,0.2977714246037021,-1.01838326739618,-58.349063148543884
4316801.368298516,3.6938093092195734,-0.9079820110606871,0.29530333352202964,-1.0280479745586477,-58.90281007918315
4316801.467325109,3.6765481930048534,-0.9451781245877561,0.28845636758279025,-1.0301054791159279,-59.020696406644234
4316801.566876467,3.6680976381794785,-0.9823044074234552,0.2885020683838973,-1.0475015389256483,-60.01741721389837
4316801.668345608,3.6687970297974792,-1.0091792372171455,0.2865587664288135,-1.0400014379814388,-59.58769308387308
4316801.768459848,3.6813081156196623,-1.0354590720465664,0.28699952822374364,-1.0358245614383135,-59.3483756864048
4316801.868482155,3.7044876544502143,-1.052855666415293,0.2859772985628941,-1.0274239333292803,-58.86705515049824
4316801.968155432,3.7428481495573984,-1.0618378668072794,0.2876912479934087,-1.0195063530955695,-58.413411219150404
4316802.068328044,3.7819736452456127,-1.0755942281702224,0.2965448049186685,-1.006350195129285,-57.659618893074885
4316802.168471914,3.8036282723487718,-1.0914038704680522,0.29883142573221727,-1.0099827924998057,-57.86775139107604
4316802.268402293,3.815227303983165,-1.1113284955846199,0.3008182667814247,-1.0108385210727058,-57.916781026711966
4316802.368226023,3.8116285905191476,-1.1353919387627118,0.29824259395514263,-1.0218683707685012,-58.5487448629447
4316802.468387877,3.7975564107809254,-1.1730790903677184,0.29089181308959977,-1.0241591562446233,-58.67999720249637
4316802.568518312,3.793737779330948,-1.2086767862446564,0.2928862280129343,-1.037736669923275,-59.45793143256426
4316802.668515206,3.7999678925334535,-1.2339878095432948,0.2931948931368274,-1.0275507500992667,-58.874321216189934
4316802.76831879,3.8160783663270355,-1.2563277843699165,0.29482355708724833,-1.022172700289242,-58.56618166006439
4316802.868411537,3.84217955562984,-1.2695482051644265,0.29394506315844865,-1.0140026574123273,-58.098072684776255
4316802.968320318,3.883881369922366,-1.276796035111223,0.29664739912406923,-1.0056734082896273,-57.6208418635325
4316803.068384265,3.9208988345535025,-1.2991144987898584,0.3040099804705244,-0.9968475308396141,-57.11515633514706
4316803.168374691,3.9398678489749184,-1.3162678110099182,0.3057428737265612,-1.0046078867594586,-57.55979197687351
4316803.268478341,3.9520315217909903,-1.3362049296269238,0.3060111226063187,-1.0057491001325989,-57.62517868667834
4316803.368440645,3.948095666582206,-1.3567058498999272,0.30293634449221946,-1.0169316508455963,-58.26589164672411
4316803.468483333,3.934946834581064,-1.3886102042176192,0.2977354070526001,-1.0203214737694697,-58.460114193558745
4316803.568330342,3.926542782553114,-1.4238064173248868,0.29752580884341795,-1.0396704661361191,-59.56872979399861
4316803.668361931,3.9345417585732134,-1.4478130710736528,0.29763392899129293,-1.0273598169207685,-58.863381550892974
4316803.768325445,3.9513944024215095,-1.4735640057904604,0.29758613420305885,-1.0250488321282398,-58.730971875762165
4316803.8684106,3.974893229831447,-1.491193873597972,0.2963594680962259,-1.019263068584307,-58.39947204343416
4316803.968431401,4.010421774077905,-1.497524951602914,0.29843847579161936,-1.010956747735594,-57.923554915521386
4316804.068410119,4.0482904290574195,-1.511316010976931,0.3075114985280582,-0.9956406071551915,-57.046004701835265
4316804.168322481,4.0687709758347,-1.5245589421766137,0.3117572594033096,-1.0018054160187193,-57.39922223122025
4316804.268338385,4.082707294753708,-1.5441909460125887,0.31374074761543663,-1.0021255680314536,-57.417565590352545
4316804.368440454,4.082569365320261,-1.568416427448277,0.3120721420663164,-1.0136460945997887,-58.07764314048648
4316804.468337256,4.072284953442341,-1.6015443026536145,0.30877897034405766,-1.0180893172437664,-58.33222104542336
4316804.568388166,4.067280925505193,-1.6422802066516475,0.31021880553207176,-1.041111107311154,-59.651272453120875
4316804.66828244,4.075880583476384,-1.668092029286397,0.3084710100352389,-1.0351306080591915,-59.30861508660227
4316804.768415816,4.091907917543744,-1.6918502005151432,0.3082523892919886,-1.0317284077120568,-59.11368336565351
4316804.868308015,4.11840776216049,-1.7105370061815792,0.3078324077775028,-1.0259387733496816,-58.7819617517655
4316804.968308163,4.154736968282733,-1.7174254970932357,0.3071541566482401,-1.0142494876539978,-58.11221501588017
4316805.068278567,4.193253916283404,-1.732523025886307,0.3138151521020945,-1.0009133740183538,-57.3481119894509
4316805.168388198,4.215719282239704,-1.7462906353652516,0.3172892009348319,-1.0079930852091916,-57.75374956085744
4316805.268417544,4.22715071092747,-1.7674935462785402,0.3191835774894138,-1.0091454184504005,-57.81977339217134
4316805.368295974,4.224415247183944,-1.7921476954281537,0.3177023344784825,-1.0212833233702068,-58.51522411620732
4316805.468425413,4.209378764854457,-1.82658929201455,0.31244418344387864,-1.0270211475547497,-58.84397722556972
4316805.568406215,4.199538776158295,-1.8699386395270865,0.31159057319210415,-1.0394939793062932,-59.558617843509936
4316805.668329673,4.196724416063712,-1.9008876760601254,0.3125941440139409,-1.0301651255145101,-59.02411389354615
4316805.768296583,4.208129427399512,-1.9267823269651783,0.3140274693651325,-1.0270697913187066,-58.846764307944085
4316805.86817382,4.231995899784252,-1.945708096728483,0.314459500918292,-1.0199350607772426,-58.43797435995511
4316805.968275718,4.269533521374578,-1.9524734450832117,0.3158816118082345,-1.0086255821255536,-57.78998896472003
4316806.067440334,4.312560394003565,-1.9656560836626062,0.3207828201863926,-0.9975474143578431,-57.15525670689235
4316806.16826055,4.341050250063813,-1.9804415913450435,0.32348000528482096,-1.0045725331440387,-57.55776636391943
4316806.26843559,4.356475936004268,-1.9994128651978584,0.3261574804536817,-1.0035742800617156,-57.500570675416384
4316806.36825932,4.358375940032816,-2.0252392517664046,0.3252988381181222,-1.0162913180348307,-58.22920327918349
4316806.468239138,4.3504376728629115,-2.0593544623843454,0.3191823026674329,-1.023438837270479,-58.638725965374704
4316806.568344932,4.345524613731757,-2.098615899553819,0.317992889853329,-1.04179244834091,-59.690310418534985
4316806.668355049,4.350563164015944,-2.125653135484489,0.323267392791067,-1.03689328260828,-59.40960889892017
4316806.767993658,4.364829423690024,-2.1518776923820955,0.32557952670679435,-1.032959535030062,-59.18422176501847
4316806.868408231,4.38812575402696,-2.1712746214174734,0.3250032728090966,-1.0241304922056778,-58.678354874040984
4316806.968239621,4.420472045762077,-2.1795230005750774,0.3228377761094622,-1.0155709557663182,-58.18792956147725
4316807.068407492,4.454709664671814,-2.1927491430004817,0.32973265609109964,-1.002857407470593,-57.45949690149645
4316807.168300744,4.4769155474764,-2.204480961829314,0.3336785872903098,-1.0236923521661467,-58.65325129894016
4316807.268321797,4.484648685710819,-2.2193930444333936,0.334809943587557,-1.025955310972239,-58.78290928774122
4316807.368311204,4.479470464265045,-2.2373677406404218,0.33380455127551445,-1.0272768607877685,-58.858628514587345
4316807.468257254,4.460484884022862,-2.257565737481597,0.32916678217360706,-1.0287866518337732,-58.945133169470054
4316807.568216355,4.442955311502716,-2.286280022878134,0.3261391830504252,-1.0345822295887093,-59.2771953146678
4316807.668354503,4.433245625546476,-2.3076467211929397,0.3238194068335876,-1.0275491246638246,-58.874228085599235
4316807.768301244,4.439989749064421,-2.325679530039652,0.32476371683175,-1.0238472245329042,-58.66212483191857
4316807.868318278,4.458699975665107,-2.3366539143211953,0.32632510404111864,-1.0220649633189283,-58.56000878636789
4316807.968039628,4.488665700006571,-2.3332430683867624,0.3257399423659669,-1.0221267986596594,-58.56355169041653
4316808.068414051,4.52280944554877,-2.3216370772578188,0.33293464601154027,-1.0166256081505702,-58.2483566919483
4316808.168175429,4.546505313821112,-2.3198393843366847,0.33704460173036743,-1.0276419647531245,-58.87954743088574
4316808.268271016,4.551393937141686,-2.3245189913238185,0.3355399233761446,-1.0274051560989734,-58.86597929445071
4316808.368332643,4.543277313159282,-2.3301968635101202,0.33414246599910374,-1.02172373112111,-58.540457621598925
4316808.468227049,4.518534086255841,-2.3456231257856683,0.33010790565917864,-1.0199444209778084,-58.43851065994292
4316808.568225764,4.49116035186594,-2.3619508984458175,0.32581999627663427,-1.0049717326655534,-57.58063881168586
4316808.668192364,4.490034325384435,-2.3770945535140817,0.33055970309256777,-1.0206378283175996,-58.47823997399636
4316808.768258532,4.502507094605031,-2.394856864614136,0.33700266377315674,-1.0286549372699985,-58.93758648086536
4316808.868370407,4.516511732102666,-2.4103500028680136,0.33875591924984244,-1.0297629715953165,-59.00107217126171
4316808.968147094,4.523710669595874,-2.4078901015721037,0.3387260435499316,-1.0336578347286782,-59.224231390584436
4316809.068190404,4.523871990867819,-2.4007901520449018,0.33905981229496635,-1.030690040772221,-59.054189322415006
4316809.168250022,4.5190038684831615,-2.3912222165731207,0.3374810999104635,-1.0335584949338175,-59.21853963960122
4316809.268308742,4.51363247548779,-2.385152935863365,0.33756990686261845,-1.0361839366884547,-59.368966371499354
4316809.368305097,4.510791073666089,-2.3869154937672623,0.33709578075004354,-1.0355681606716267,-59.333685004609734
4316809.468391399,4.510908150218521,-2.3902842600638077,0.3374690389126707,-1.0366113914294242,-59.393457724089764
4316809.568267495,4.512461134802772,-2.392170578375613,0.3376036026291657,-1.039033802469098,-59.53225165290897
4316809.66826183,4.514796645142579,-2.393537650221526,0.33672267625027025,-1.0392004606402743,-59.54180046273874
4316809.768184675,4.515238505241145,-2.3939515678264023,0.33751444612472836,-1.038391262084507,-59.49543680070519
4316809.86830673,4.514985490333326,-2.39378826308181,0.3367729312955794,-1.0390605304084166,-59.53378305102701
4316809.968266757,4.513310974235875,-2.391506242092865,0.3364517127503559,-1.0393342611763101,-59.549466668750185
4316810.068154118,4.511631548268822,-2.390761529709834,0.3370397221950817,-1.0383007016875014,-59.49024807216575
4316810.1681921,4.511997945699576,-2.390176414255363,0.3372229175064854,-1.0388838265231093,-59.523658664175336
4316810.268238711,4.512773675794762,-2.3895926963833247,0.3373282743598913,-1.0398469617446182,-59.578842247468195
4316810.368149453,4.513208014831314,-2.390040593177664,0.33636108339974174,-1.0389276774662035,-59.5261711381423
4316810.46813693,4.519591157050263,-2.380805862108862,0.3387988464777111,-1.0449311393718275,-59.870144167802124
4316810.568226407,4.516495374575125,-2.3819381091869607,0.33722016507120484,-1.0459833406867205,-59.930430862343606
4316810.668004496,4.49583868756457,-2.3887579218941415,0.3308117270389751,-1.0479237450971395,-60.041607845609185
4316810.768237383,4.460549525620158,-2.4026160104148544,0.32109196694482006,-1.0601574550012554,-60.74254779090242
4316810.868199207,4.420630713955557,-2.4142199795342933,0.3132766768382036,-1.0929328643973206,-62.62044042111038
4316810.968145605,4.392446778893609,-2.430030755290428,0.31632881143282127,-1.1159348891019836,-63.938359356943224
4316811.068312932,4.37768953555553,-2.4428291662556987,0.3197053694151803,-1.1196489849719582,-64.15116137499975
4316811.168224972,4.380341355805944,-2.447545065101284,0.317994987272087,-1.1429431837242285,-65.48582065064375
4316811.267197988,4.396413490758959,-2.4446875866738838,0.316589558196059,-1.1740511382622654,-67.26817515495809
4316811.366739784,4.4242259028240865,-2.435638878109761,0.31944341106161156,-1.2250549336496332,-70.19047736980308
4316811.468117718,4.457442038171517,-2.4221142860109115,0.3316588329588799,-1.2560146132833396,-71.96433634789159
4316811.567766112,4.477238660649175,-2.4162248978509817,0.33475796817853654,-1.286295589544671,-73.6993084872017
4316811.668050668,4.48043812862427,-2.4133123113500052,0.3349604427758552,-1.3075992105210994,-74.91991605749743
4316811.768233645,4.468211214624629,-2.411121821997711,0.3336131428889922,-1.3270871818359586,-76.03649456511087
4316811.868105258,4.443896759323685,-2.4080669408775557,0.3308860846077971,-1.3565663877981655,-77.72552865014222
4316811.968139594,4.411988995797369,-2.403756282667886,0.3284967588682986,-1.3959842287350719,-79.98400457334496
4316812.06816229,4.3994598947779515,-2.402318489666788,0.3271925218590097,-1.4285544126002643,-81.85013864678557
4316812.167133335,4.397933041562735,-2.4082356573332313,0.32688191487901236,-1.4542832111176804,-83.32429021377597
4316812.267865882,4.41062008424306,-2.416567406073226,0.3240228125718555,-1.4945379054900667,-85.63071430690273
4316812.368184682,4.433368342485127,-2.4182162102685236,0.3240197210871732,-1.5366093344774296,-88.04122962596297
4316812.468294136,4.457426809502876,-2.4166751967017324,0.33318269037050174,-1.5599101861298454,-89.37627008470683
4316812.56807902,4.464476607338541,-2.4171878124665107,0.33343188594534473,-1.5877048021984643,-90.9687842786252
4316812.668092644,4.458117904636029,-2.4161582992511397,0.33216678053538223,-1.6063123421099412,-92.03491778267406
4316812.768120325,4.43564001838614,-2.412970037251718,0.32875488463070845,-1.6309743191587427,-93.44794498201888
4316812.868095875,4.396688383218117,-2.405734205347869,0.3161723606970185,-1.6601142558460849,-95.11754036948201
4316812.96808948,4.372417852395885,-2.3976980102497913,0.31805545325985224,-1.6955147900976413,-97.1458415746045
4316813.068190532,4.358788884809331,-2.4014951399783655,0.31846615331718725,-1.719217039977882,-98.50388045770676
4316813.168192494,4.356349017633031,-2.4076068659912546,0.31811527296437137,-1.7462176566130965,-100.05090183515527
4316813.26818257,4.3705642059609096,-2.4138174410751505,0.3183367060762295,-1.7828392684104126,-102.149165630108
4316813.368067814,4.4008060515943725,-2.4261240052572943,0.3184485271639159,-1.833058332493877,-105.02650605318752
4316813.468239109,4.427781607314406,-2.433673721200872,0.3224018496036125,-1.867030487094013,-106.97296713274126
4316813.56806906,4.439035125393577,-2.4352330668275983,0.32202784677514684,-1.8995783275172855,-108.83782102126007
4316813.66812599,4.436325140675664,-2.4342237531495274,0.32285769689319604,-1.9227275872883578,-110.1641759049945
4316813.768090698,4.425319722646361,-2.4267217061648,0.3234595086415167,-1.9445358449474952,-111.41369702739692
4316813.868100899,4.399225608639482,-2.412149293145704,0.3198132694219826,-1.9712475185869542,-112.94416319066877
4316813.968167429,4.376841042226723,-2.392557643629778,0.3214600818233417,-2.005746447465734,-114.92080621314486
4316814.068092909,4.3614489599933455,-2.383654836591493,0.32199585037794387,-2.0233925222240248,-115.93185182176725
4316814.168189448,4.357943676694077,-2.386330903025961,0.32205974220252415,-2.050923838925212,-117.50928007318332
4316814.268102371,4.368665185261653,-2.397400545220057,0.32167967301981937,-2.089949091263514,-119.74526232660106
4316814.368248263,4.393375500954613,-2.4173924729677876,0.3209721588823395,-2.142488277970189,-122.75553598394337
4316814.468094442,4.41704304666126,-2.4336064593303495,0.329051089676619,-2.175216989752714,-124.63075303798215
4316814.568138884,4.428955387935509,-2.4436716315646776,0.3298777034399941,-2.207392631327661,-126.47428150335227
4316814.668121859,4.424448152840895,-2.442765920154796,0.3287264986012813,-2.224345764646675,-127.44562449205439
4316814.768252005,4.4091876345998475,-2.4325435631150825,0.32650099747212435,-2.2451725509755347,-128.63891144951882
4316814.868122523,4.381417744410942,-2.4082061551054235,0.31936058455839805,-2.2713943165232697,-130.1413079467856
4316814.968053961,4.3602621178815415,-2.3819218600107512,0.3173262308425437,-2.3098096716886087,-132.3423456662556
4316815.068066346,4.342242237111339,-2.3663947074852163,0.315694306395588,-2.3229453479316273,-133.0949644760308
4316815.168098884,4.335273532774724,-2.3643548622947796,0.31819902357291124,-2.345059810065318,-134.36202982249316
4316815.268180775,4.341721355348536,-2.374164017380002,0.3190121189493001,-2.38811723875628,-136.8290387631708
4316815.368138481,4.361164190910089,-2.39746617482592,0.32040475640755284,-2.4362827277874177,-139.58871800283865
4316815.468130824,4.380909379259692,-2.4231395313343027,0.3277729205413316,-2.4750457632976492,-141.80967633869065
4316815.568273194,4.388269188102171,-2.4347462290084807,0.32782069704738315,-2.5104811228524846,-143.83997288671128
4316815.668186118,4.383945355132329,-2.4328217237646337,0.3257623540579491,-2.525434788076752,-144.69675479231336
4316815.768228199,4.3754566691097985,-2.4222122920665274,0.32517287028918745,-2.5469699849974807,-145.93063068685424
4316815.868066214,4.359776990775177,-2.3951079784161986,0.3206132229767827,-2.573414861315125,-147.44581048960072
4316815.96766239,4.348212512796801,-2.3644382819108554,0.31884930865269506,-2.611241079796895,-149.6130931635459
4316816.068259562,4.342917908414862,-2.3536686594093488,0.31841768851271607,-2.6330914204644684,-150.86502546472093
4316816.168080564,4.339387475165017,-2.3537724308321484,0.3189780291328284,-2.643943974300799,-151.48683099648116
4316816.268089322,4.342276377401101,-2.3661258314729645,0.3186617688982658,-2.66671433245365,-152.79147641664085
4316816.368007925,4.352565874058867,-2.3914059588774244,0.31844508911268254,-2.6897013933476845,-154.10853798927926
4316816.468172294,4.363762064390688,-2.4188371445937498,0.3239019170970229,-2.7188911661255277,-155.78098877439552
4316816.568083017,4.368849611060399,-2.434607068899903,0.32550286490184743,-2.74132944719421,-157.0666075791593
4316816.668250533,4.369805564030598,-2.4369885080030778,0.32598708135380317,-2.743484923772055,-157.19010728990912
4316816.768101225,4.365942120890376,-2.4255116885394323,0.3248489226348146,-2.7446305541426828,-157.2557470750281
4316816.86803851,4.354813055646981,-2.4003487118579416,0.3223735610412771,-2.7474102752837957,-157.41501336463716
4316816.968188489,4.346496899955879,-2.372556077895371,0.3216189407693284,-2.756043822691991,-157.90967919335287
4316817.068222469,4.341222351092229,-2.3668169464983198,0.324880237903454,-2.7718473938385744,-158.81515712128683
4316817.167876624,4.336961093473106,-2.369276249845949,0.32632005597858355,-2.7763397197842887,-159.07254843817336
4316817.268263621,4.335899905448238,-2.382221076292829,0.32397075225682,-2.7799182196497902,-159.27758137745474
4316817.368069475,4.338601594870216,-2.4053720445722977,0.31944814172640323,-2.790999525340684,-159.91249342503724
4316817.468126916,4.349103358118449,-2.4303719088694398,0.3197043920435858,-2.808207302184651,-160.8984264129995
4316817.568057539,4.352436161590939,-2.4435739881488527,0.31952503762219825,-2.820940106601954,-161.6279623674765
4316817.668232227,4.354823161126679,-2.445435219954012,0.31990878299686204,-2.816880277440178,-161.39535129096262
4316817.768096196,4.353883136478439,-2.4340377583023334,0.32013700651424576,-2.8133648178227197,-161.19393029183357
4316817.868136069,4.348484245823267,-2.4091858933393,0.31858532579236115,-2.8120716834319106,-161.11983914889697
4316817.96811623,4.341580059135838,-2.3780179446450815,0.31835509412148255,-2.802883508153629,-160.593395484025
4316818.068187686,4.335005225556289,-2.3638417502667806,0.3197417667641798,-2.819740824042316,-161.5592485383656
4316818.168222407,4.321714807679334,-2.374717785335186,0.32239198333651414,-2.814978430699008,-161.28638349941286
4316818.268063977,4.313550381612968,-2.3915839190229216,0.3224325318531082,-2.82294353893521,-161.74275058471213
4316818.368079751,4.321311782219901,-2.4023205891026134,0.32330880054803457,-2.8209289015280707,-161.62732036403386
4316818.468235909,4.338399228820322,-2.4074728138974577,0.32350724974147876,-2.81468562267786,-161.2696068355935
4316818.568090274,4.34726077608809,-2.409948282205102,0.3232659482974316,-2.814524854468493,-161.2603954957169
4316818.668056551,4.34687956982977,-2.4078035614997613,0.32250835906760905,-2.8118405715406753,-161.10659741293392
4316818.7682346,4.344488323680463,-2.403912990563635,0.32163274582763773,-2.8134429817385587,-161.19840875432135
4316818.868097865,4.338302959197263,-2.402537866568342,0.3211748345500852,-2.8139449244424983,-161.22716795281448
4316818.968079942,4.331199576972497,-2.401419594875689,0.32153391276121224,-2.815584656612,-161.32111768565878
4316819.06816852,4.325741625884251,-2.400624050684286,0.32092295948270794,-2.8170412480548443,-161.4045742278086
4316819.168161539,4.321115202463019,-2.400151970572326,0.3209423290350735,-2.8162728023788177,-161.36054553378722
4316819.268039843,4.322438692742827,-2.402826590078697,0.32047345643374553,-2.814453021716405,-161.25627978219143
4316819.368231914,4.329754764207322,-2.4098931778936503,0.3223726685092642,-2.815490941546411,-161.31574820792372
4316819.468173891,4.325893468243658,-2.3971498342913655,0.31933059766085864,-2.814487985808694,-161.2582830771141
4316819.568025545,4.313971288816169,-2.369166997727702,0.31473863296672017,-2.800851828530728,-160.47698881631004
4316819.66814475,4.291193314889697,-2.3261448210929534,0.3018960556513048,-2.7794743853315365,-159.25215154421574
4316819.768182019,4.273158012281851,-2.299366568250282,0.3031608502571699,-2.753280042526197,-157.75132625435091
4316819.86808946,4.2517348746587675,-2.286709460154691,0.30999036432975946,-2.7543455953550167,-157.8123779342905
4316819.96815559,4.225916123593757,-2.296381517559922,0.3106885028828676,-2.767198953633107,-158.54882111619463
4316820.068155272,4.207949545672098,-2.319152717940068,0.30794442496696417,-2.783615996861306,-159.48944840525425
4316820.168254758,4.196216174804343,-2.358674248518259,0.303893256724911,-2.7897956886802087,-159.8435186651689
4316820.2681266,4.1836022730777955,-2.4081790552808293,0.30296818045635804,-2.7762933250217205,-159.0698902140867
4316820.368144707,4.1685115075859995,-2.438201527028713,0.30420571217748726,-2.77539960709892,-159.01868394903505
4316820.46798657,4.153962896282866,-2.453248996462146,0.3028081201890278,-2.769927035788781,-158.7051287098797
4316820.568156312,4.136517793838056,-2.4560950209157224,0.3018792193516934,-2.7743350285599866,-158.95768809179395
4316820.668233489,4.114507320190122,-2.4446147626463484,0.2987428332033804,-2.791312355331995,-159.9304172632445
4316820.767932781,4.0783852935627545,-2.4186640554376337,0.2925689517612031,-2.799201020611064,-160.38240448972653
4316820.867818909,4.0418339235091425,-2.4059713530142868,0.2943049068938948,-2.807423055079467,-160.85349236377712
4316820.967549315,4.011875446067414,-2.403585473506971,0.29365497957319103,-2.800877633529761,-160.47846733384497
4316821.068174697,3.9825943833601305,-2.413200522599681,0.29060221136648295,-2.794594935888117,-160.11849527502196
4316821.168119076,3.9651848825203646,-2.4361952331711043,0.28737856593867683,-2.7886402226759395,-159.77731533975341
4316821.268103972,3.949436899690152,-2.472352427053433,0.2860542733547473,-2.7743017855157968,-158.9557834056637
4316821.3677079,3.9242878177047813,-2.5073706695702622,0.2898799364301289,-2.77307397622444,-158.885435115222
4316821.467938319,3.906569481363604,-2.5233476218407254,0.2893979261143237,-2.775378460695728,-159.01747234938026
4316821.568043367,3.884784082228362,-2.5271525807565567,0.2865569954216466,-2.7758755986513766,-159.04595625607467
4316821.668183445,3.8583982697426253,-2.516841104624544,0.2825145856479394,-2.7872149124530794,-159.69565107948668
4316821.767650904,3.81265243651323,-2.4919382610101883,0.2723801669101491,-2.7911242329804113,-159.91963864646667
4316821.868271562,3.779813020442512,-2.4875622520421814,0.27155734620903066,-2.799619947801191,-160.4064072496441
4316821.968167752,3.7516647543942647,-2.4927232989718933,0.2707835560958561,-2.7923947708721655,-159.99243510537562
4316822.068126918,3.7239921852599394,-2.510941809447035,0.26936381360878686,-2.7898012515230146,-159.84383739258377
4316822.168112424,3.706202071447798,-2.5434840579635805,0.26533714408580356,-2.779352393871002,-159.24516194839046
4316822.268184646,3.687504246932285,-2.5882124510337285,0.2636499858892799,-2.7554908705588197,-157.8779973698494
4316822.367902443,3.668449722529679,-2.6185131518311047,0.26992945048219774,-2.7666446884159286,-158.5170640585194
4316822.46805912,3.64996180497461,-2.636667714280139,0.27254140764138624,-2.767874521629008,-158.58752831113384
4316822.568185987,3.623762688930972,-2.6424173148484584,0.2721412621024241,-2.7739937811884623,-158.93813605763566
4316822.668233305,3.596396118630167,-2.633030255857659,0.26656365489886374,-2.7824493169889006,-159.42260257252255
4316822.768085812,3.556873614255233,-2.61230363558491,0.25585393269914364,-2.7819663939711483,-159.39493312177564
4316822.868165092,3.520629886991999,-2.603803896552014,0.25166077729042086,-2.805311210983199,-160.73249261007135
4316822.968108137,3.4923159549527734,-2.605501204328876,0.2508330033099536,-2.798783675373795,-160.35849236903113
4316823.068058665,3.4605572855425373,-2.617938391600759,0.24915138568975792,-2.791297939756487,-159.92959131160862
4316823.168085031,3.4347394647004705,-2.6383773098253704,0.24584608731520624,-2.7834580364664423,-159.48039794129832
4316823.268079812,3.412713909971029,-2.6746477380692983,0.24124923602187132,-2.7728905316077155,-158.8749245129093
4316823.368197767,3.384629723083804,-2.71010205170282,0.2445066490016184,-2.7677696406652776,-158.58151907456084
4316823.468176419,3.365888773469268,-2.7271507582962857,0.24576460495714356,-2.7730005313988895,-158.8812270366909
4316823.568092584,3.343092805927276,-2.734483597832007,0.24607495228270393,-2.778636501618813,-159.2041443437539
4316823.668011806,3.317212053319562,-2.7276256007858084,0.2431019295160187,-2.7908923574852174,-159.90635315921955
4316823.768255303,3.2766645235414145,-2.708610614272551,0.23290720742056464,-2.7933050829983306,-160.04459214824448
4316823.868047939,3.2335726626008245,-2.694259555233598,0.2319174883401767,-2.8076559345878294,-160.86683537674136
4316823.968262185,3.2024434953222474,-2.6929240975844277,0.2305529039221742,-2.798048811309695,-160.31638775964237
4316824.068074184,3.176795712814875,-2.7132009370091077,0.2300871694280174,-2.7927731636426927,-160.0141154141251
4316824.167931396,3.158270631662576,-2.744011497276406,0.22728602033327777,-2.7827482821911342,-159.4397320168318
4316824.268147813,3.1430448620710374,-2.792601881642807,0.21957658340942515,-2.7742835267192927,-158.954737253685
4316824.36809278,3.1193540538899804,-2.828396773376501,0.2232083437747542,-2.7725215537695944,-158.8537836400511
4316824.468182212,3.0994234736745954,-2.8468149449544717,0.2237004125170714,-2.776853189044239,-159.10196805967823
4316824.568149778,3.0728757636729993,-2.8528214969049333,0.22441202779807987,-2.778993286447586,-159.2245866086369
4316824.668076227,3.0429224630607017,-2.84580476054004,0.22058449440135652,-2.7894977096235296,-159.8264457228379
4316824.768093226,3.0028127793238153,-2.823306597188749,0.2126465530729059,-2.7917971109515993,-159.95819171434306
4316824.868155082,2.9590871062994064,-2.8053830036257286,0.21162168293660327,-2.816369074819126,-161.3660615383003
4316824.968249027,2.927467762341674,-2.800055891965159,0.21182652840107874,-2.808997677740227,-160.9437115965643
4316825.068062866,2.894761784231628,-2.809359304186684,0.20985145152098883,-2.805808599870925,-160.76099089411474
4316825.168069606,2.8671053404850793,-2.830487548128455,0.20554063476745144,-2.7948733820265534,-160.1344490635761
4316825.268108776,2.844535138622428,-2.863099948202753,0.20116211161476646,-2.782442282278116,-159.4221995132845
4316825.367835469,2.8137089716587558,-2.9014402847641567,0.20147495776748453,-2.767073536188529,-158.54163522594297
4316825.468143176,2.7910720127953565,-2.9244034121764,0.1993086629235523,-2.773637696153367,-158.91773388797694
4316825.56821268,2.7686952661406097,-2.9316599469431317,0.19725345145423137,-2.7794003495812887,-159.24790960819345
4316825.66827748,2.741750929399589,-2.9232572811138184,0.1932478333548872,-2.794079658365893,-160.08897204772057
4316825.768204964,2.698714060966318,-2.901095118546075,0.18470683273901847,-2.7963520127389994,-160.2191683628577
4316825.868128041,2.6599617722563402,-2.890474875583428,0.18403653712661575,-2.817065439408219,-161.4059602902577
4316825.967940569,2.6269510139087155,-2.8916043199682786,0.1844248564791079,-2.8109481853555773,-161.05546745083203
4316826.068211655,2.5937814307655658,-2.9051175338995883,0.18235584390223222,-2.8049985163622035,-160.71457652801186
4316826.168083556,2.564536339517849,-2.9319054373975213,0.17925959941461656,-2.7959135250877534,-160.1940448710727
4316826.268245864,2.5437728778314397,-2.9741999921983218,0.1750595499092868,-2.7928966705725227,-160.02119183994498
4316826.368215368,2.5170767210986713,-3.0149127021612485,0.17801687568233585,-2.7838230320570974,-159.50131064818376
4316826.46807921,2.4962198287404247,-3.037489763945639,0.1789725139420498,-2.7928545013464117,-160.01877572126347
4316826.568240163,2.469572474415688,-3.0454985403359056,0.17788893581987483,-2.7925954839645915,-160.00393511846465
4316826.66809569,2.4384839429624887,-3.0379328307947167,0.17494905419625523,-2.8081432721739854,-160.8947577636262
4316826.768089542,2.399980455223935,-3.0198671258192507,0.16792158379264577,-2.8088948673554763,-160.93782099542798
4316826.868258567,2.3536073176558143,-3.0042539405075472,0.16503295590795541,-2.8269473756332535,-161.9721535293696
4316826.96808439,2.3210530114692594,-3.000255234944936,0.1632034552514455,-2.815100932082914,-161.2934023116952
4316827.06809706,2.2895963669258217,-3.008756584958493,0.16245772120077492,-2.811042395357405,-161.06086528632466
4316827.168080372,2.2619815730093547,-3.034279989090619,0.15899464684213271,-2.7983190538928953,-160.33187151910445
4316827.268124933,2.243665419168521,-3.0764521180580737,0.15242174705734654,-2.787434194596608,-159.70821502083345
4316827.368272003,2.215027802407573,-3.1207123075979877,0.15547056294060904,-2.771748050345626,-158.8094651584188
4316827.468094243,2.1896626187921244,-3.1450943400447144,0.15736088973891033,-2.7839523733852922,-159.50872136040593
4316827.56817156,2.1643289553534197,-3.1555765195950376,0.1571669872168559,-2.7825111969193186,-159.42614803137207
4316827.668039685,2.134635168385909,-3.148169168021131,0.15245552757278172,-2.796072181710412,-160.20313522594282
4316827.768279881,2.100682969034019,-3.128727850398335,0.14411606020194206,-2.799085602777393,-160.37579153497666
4316827.868039368,2.061751843975911,-3.1148906114785806,0.13994767755866078,-2.8125202827723923,-161.14554199779894
4316827.968127273,2.0328548837405234,-3.107790806272709,0.13728556244163975,-2.805667608562354,-160.75291268718559
4316828.068092675,2.003157405278935,-3.115359891759508,0.13569286917974493,-2.800011958021561,-160.42886778079728
4316828.168012882,1.9754762540975472,-3.137322267020454,0.1327394983676391,-2.7917882498529862,-159.95768401079067
4316828.268266186,1.9550892739227788,-3.173307426719684,0.1254597682849339,-2.7818271192249395,-159.3869532666251
4316828.368199334,1.9291877662386518,-3.2117803237479476,0.12751682477425189,-2.7699604917738347,-158.70704559662272
4316828.468050474,1.9073794740350944,-3.2341284854880494,0.12858512528252888,-2.7826157615293505,-159.43213914221332
4316828.568635564,1.8825959804414327,-3.2465205677709226,0.1266486310920141,-2.780129891971496,-159.2897093081282
4316828.668145574,1.8551537541518095,-3.2445276897696482,0.12431980563077921,-2.793757812273442,-160.07053162497039
4316828.76814439,1.822956511983125,-3.2276685531418017,0.11752593144256768,-2.7969092607265047,-160.2510963206839
4316828.868095901,1.7776751594257456,-3.212539737043817,0.11294030859814369,-2.8061751552768617,-160.7819929718326
4316828.968163338,1.7425649868507205,-3.2009630909369484,0.110087651274836,-2.797554272477229,-160.28805277173674
4316829.06866362,1.7083665667589507,-3.2041804307864106,0.11032374952636664,-2.7893704050012142,-159.8191517052667
4316829.168634633,1.6788333265543092,-3.2224978360250733,0.10700258581436785,-2.7801056852703057,-159.28832236631408
4316829.268614053,1.662618671047648,-3.258802990375039,0.10253350777758193,-2.770202527328686,-158.7209132124078
4316829.368173252,1.6392341941341046,-3.3048630339938705,0.10228211944986972,-2.751622642935356,-157.656364252829
4316829.468621444,1.6180684467788784,-3.334157964845265,0.10316373087924612,-2.762253457216291,-158.265465043914
4316829.568210692,1.5957496237606377,-3.3476620370970096,0.10309664293314158,-2.7593538367176875,-158.0993290271544
4316829.668174562,1.5679235073745348,-3.345173901208987,0.09968124511169758,-2.7749138697406828,-158.9908532484562
4316829.768051274,1.5310442115477907,-3.327351573063594,0.09352787075905972,-2.7792672736294843,-159.24028491780038
4316829.868176424,1.4818442783832078,-3.3114072482958266,0.08817399760024382,-2.790460657218625,-159.88161855592912
4316829.968612835,1.4437581163626203,-3.303089736793803,0.08628440863930521,-2.781902384103829,-159.39126562653104
4316830.068217639,1.4116026117481104,-3.309560718251534,0.08676055289774161,-2.7739393182731007,-158.93501556244547
4316830.168179494,1.3845758496350546,-3.3319097978123384,0.08398941859481021,-2.7635558260667747,-158.340085282416
4316830.26864305,1.3650496156602963,-3.368056002839989,0.07925022984260983,-2.7564769838521728,-157.93449749968028
4316830.368197352,1.339737728128477,-3.408159104057863,0.07954212645739926,-2.7405056545921993,-157.01940773987
4316830.468140904,1.3170584390816984,-3.4347555734494484,0.08274237064399448,-2.7532423152742287,-157.74916464204048
4316830.567774751,1.2909775004131872,-3.445199628899504,0.08515781768835953,-2.750508042947574,-157.59250237768376
4316830.66784586,1.2587949789065156,-3.4415989968229517,0.08190312193803931,-2.7593835117935366,-158.10102928375727
4316830.768149552,1.2293277019215672,-3.426054553652649,0.07432015168685568,-2.7650891221992406,-158.42793667955004
4316830.868508012,1.1939263666004245,-3.414309088131163,0.06535435598293056,-2.7896043040349263,-159.8325531327306
4316830.967915146,1.1655762601948918,-3.412621035438826,0.060944434187409614,-2.7767163429469304,-159.0941273558596
4316831.067555402,1.1323426341055702,-3.4191973444035173,0.057633476608184894,-2.766487101257673,-158.50803497944588
4316831.168584073,1.0983115139374948,-3.4357973617294726,0.054764241877703464,-2.7543468006482676,-157.81244699250686
4316831.268151911,1.0712482457019985,-3.462011091555196,0.0529264727105692,-2.743180500009106,-157.17266509310866
4316831.368026306,1.0507034360780971,-3.4933648690326846,0.057135401233115064,-2.7294363799854495,-156.3851850226319
4316831.467683913,1.034895175949659,-3.519068781021367,0.061704166895222304,-2.753349768003906,-157.75532122994815
4316831.567929624,1.02271202544002,-3.5274128772781728,0.06283485071245204,-2.76709448736749,-158.54283564007326
4316831.668059735,1.0114907193174334,-3.523099435584964,0.06393472259794962,-2.764563037175723,-158.3977942280374
4316831.768243389,1.0048236367528893,-3.4996452879458766,0.06287789347105252,-2.7622819787865143,-158.26709920951285
4316831.867627621,0.9872670960706269,-3.4743474860500503,0.06020254476479319,-2.7620417373404487,-158.2533343885892
4316831.968096456,0.9755793560016234,-3.460853562857779,0.06023939820741772,-2.759314944302628,-158.0971006559164
4316832.068577256,0.9608916723687166,-3.4629894658703697,0.05904086831849182,-2.750643205259973,-157.60024660773345
4316832.168557737,0.9474801726897636,-3.477562326705181,0.057185913542134405,-2.7549692212968693,-157.84810906875353
4316832.267888426,0.9454006444694489,-3.504386736874262,0.0540885555659308,-2.758007323871211,-158.02217952399113
4316832.367790362,0.9535619047252396,-3.5370022944347346,0.057461544512531056,-2.758374901717417,-158.04324018322126
4316832.468198566,0.9597803506178956,-3.5608333076177963,0.06105723546580037,-2.7670333555143545,-158.53933304289478
4316832.568114605,0.9600230068653939,-3.569537997572918,0.06239614002578977,-2.7636594802718735,-158.34602423089694
4316832.668513139,0.9548869132699828,-3.5618444020641284,0.061317975140955897,-2.762739827536961,-158.2933320105688
4316832.768123527,0.9449233239519449,-3.535405831042668,0.05937188824075474,-2.7595719743207408,-158.11182739116245
4316832.868078791,0.9319934527145355,-3.50018585457532,0.05394097468667236,-2.744087900979394,-157.22465533903224
4316832.968092811,0.9231471043966192,-3.4877507690586396,0.05765043149408576,-2.7614549660279297,-158.2197148688425
4316833.06851812,0.9113341392128753,-3.497889384469581,0.06270436165528329,-2.768765546259092,-158.63858026187987
4316833.168129772,0.8983153853103824,-3.508757798603152,0.06288869615884266,-2.7669000762403573,-158.53169670299818
4316833.268074855,0.8992326481699888,-3.5187398461828163,0.06241560300606638,-2.7748419162031235,-158.98673061443301
4316833.367987373,0.9077812900032467,-3.5247625068894974,0.0629973435593146,-2.7747126542371006,-158.97932444932835
4316833.468099366,0.9175112922917431,-3.524907551154225,0.06304226213082698,-2.776443436902509,-159.07849099131064
4316833.568505125,0.9211204949787128,-3.520518156190979,0.062238301416556126,-2.7755064804867637,-159.02480734310075
4316833.668526277,0.9202385165377258,-3.517523905342106,0.06115351928001715,-2.7715783717876668,-158.79974329317386
4316833.768129285,0.9178406310257934,-3.516768909527958,0.06298178445655891,-2.7696335972648067,-158.68831592090942
4316833.868069284,0.9146111155363814,-3.5177749355965715,0.0638722684969219,-2.7685513934385986,-158.62631020909478
4316833.968509289,0.9114779318423387,-3.51871367724099,0.06241435289740326,-2.7702573763677316,-158.72405583085546
4316834.068595591,0.9094636044945711,-3.5193905573787196,0.06429733992876979,-2.77153904706163,-158.79749015234142
4316834.168045286,0.9076136772715927,-3.519630349623876,0.06334410011945531,-2.7723433223155904,-158.8435717299602
4316834.268176165,0.9082014834300282,-3.5188223462626325,0.062486224561714716,-2.77335698297554,-158.90165020763374
4316834.368141818,0.9109007120065814,-3.5166798353312156,0.06268669721766983,-2.773220277764109,-158.8938175759813
4316834.468498662,0.9136727104365232,-3.51581853549719,0.06269978492742895,-2.774111872373792,-158.94490218415274
4316834.568234758,0.9153134266776781,-3.514905798629215,0.06410239718815547,-2.773420752950685,-158.90530395806923
4316834.668649509,0.9150188927871136,-3.5139443112371573,0.0634841488892659,-2.773784570384951,-158.92614916156592
4316834.768060326,0.914318149574165,-3.513100577283017,0.06359213448288642,-2.7732974666833448,-158.8982401752787
4316834.868073904,0.9134440393707633,-3.5134791229699993,0.06270255920813667,-2.773651972731662,-158.91855187565912
4316834.968547048,0.9110177045850572,-3.513984903855305,0.06209345185903772,-2.773362460462787,-158.90196404453533
4316835.068493667,0.918873503146464,-3.519080433006718,0.06359496948533637,-2.7779175025807894,-159.1629487334012
4316835.168210309,0.9218348763984222,-3.5196050842628037,0.06378642889482862,-2.7795092399842467,-159.25414856871242
4316835.268057607,0.9180602451787937,-3.501992760883604,0.05953635130216604,-2.7784395021675334,-159.19285710662922
4316835.368301235,0.9074623731022536,-3.466813492513473,0.053396995382654494,-2.782279500149487,-159.4128727843339
4316835.468084198,0.8985155976047132,-3.4231547233872406,0.042938372865783385,-2.803360401830689,-160.62071947899702
4316835.568580393,0.8895275185335887,-3.386579400550585,0.05089494487942139,-2.8177311725616607,-161.44410399023184
4316835.668522853,0.8768824885275032,-3.3663330846817208,0.05556414464528926,-2.819142463699895,-161.52496501611688
4316835.768104841,0.8686260260602,-3.3654240862662976,0.057517301408316644,-2.824637002553025,-161.83977890277188
4316835.868537702,0.8711772690492579,-3.380968957709488,0.055244057042395066,-2.8470953050365604,-163.12654485010663
4316835.968485385,0.8776250847025673,-3.40701122489798,0.05325512436815092,-2.880340209771717,-165.03133758174556
4316836.068602758,0.888021065724566,-3.4427082993072804,0.06263230546162982,-2.898111931478827,-166.04958223024403
4316836.167988429,0.8915498384987542,-3.4691170514728906,0.06661908094256902,-2.914145362549041,-166.9682301616812
4316836.267583926,0.8952646794763247,-3.476730703415264,0.06533009889827532,-2.914977723244973,-167.0159209165907
4316836.367306009,0.8955395155236229,-3.464670566854059,0.06406167296976123,-2.9157524464358655,-167.06030928571974
4316836.468529379,0.8952733942105834,-3.436419329082391,0.06220767337272669,-2.920225782177903,-167.3166125440835
4316836.568481288,0.8952675963385233,-3.4045726930735616,0.059546732283399635,-2.9315183314956204,-167.96362795993204
4316836.668249066,0.8945611032588022,-3.401188160726932,0.05938463004746942,-2.949426624204361,-168.9896975504278
4316836.767826253,0.8897862141837455,-3.4020864277142255,0.05984585920514196,-2.9559384688255554,-169.36279876406718
4316836.868485353,0.8862059606286634,-3.4119199450294637,0.05807193999566211,-2.961786048710666,-169.69784041184963
4316836.96835519,0.887660962242233,-3.4347560483518937,0.0552125225372291,-2.97458511852317,-170.4311730937994
4316837.068370056,0.8934134135431483,-3.4612029927752905,0.060760841311089366,-2.981456190784524,-170.82485653510437
4316837.168051941,0.8958089585106476,-3.477260468042938,0.06426621229029242,-2.9919206868592667,-171.42442799491837
4316837.268202113,0.8986073590297988,-3.4772643037027695,0.06396760601897368,-2.9873286642550916,-171.16132448027045
4316837.368464778,0.9010150002359407,-3.4630950081749505,0.06411738953092197,-2.9821817842806952,-170.86642998007716
4316837.468452905,0.8979149947291631,-3.4338290316451525,0.060955579046912345,-2.978915602754899,-170.67929156352542
4316837.568553674,0.8921972479381552,-3.4015679299962707,0.05826620372956876,-2.9739811886220595,-170.39657045934402
4316837.668481449,0.8835256483987468,-3.3952914931069533,0.059568412347439516,-2.991646098573923,-171.40869524506445
4316837.768207048,0.8660618321173734,-3.4048374450084067,0.06209946298010538,-2.9932917787999225,-171.50298577644233
4316837.868586244,0.8605280289431728,-3.412828851439479,0.06128332180959082,-2.9990654007791235,-171.83378994835454
4316837.968187488,0.8690573849472553,-3.4209599617575055,0.06036408219631865,-2.9920925213922422,-171.43427338843247
4316838.068403814,0.8797790532665395,-3.4271132084586506,0.06088265059635091,-2.9869663727448015,-171.14056670577742
4316838.168428205,0.8848439547399161,-3.4285729128800626,0.0625660371492783,-2.987643928317584,-171.1793877804834
4316838.268455303,0.8876191926110092,-3.4245353900794595,0.06274895770489626,-2.9884127535691367,-171.22343822258048
4316838.368433062,0.8858470327717185,-3.421349119272536,0.06192530126324131,-2.991109714949404,-171.37796272717955
4316838.468579203,0.880456376429695,-3.418758979072367,0.06237132718536729,-2.9940840735033243,-171.54838091907783
4316838.568468324,0.8761607316972065,-3.4158757448990213,0.06260617761477429,-2.9929380236550447,-171.4827170996598
4316838.668443108,0.8742033607774647,-3.4160059302711274,0.06196774099224607,-2.99102142546949,-171.37290411260508
4316838.768577163,0.8719294254118206,-3.415737846030162,0.06131586249272897,-2.9888024546547873,-171.24576645005993
4316838.868523594,0.8730173462864026,-3.414371300527411,0.06075173708520008,-2.9895245279849747,-171.2871382043786
4316838.968239462,0.876405143215045,-3.4127719910882286,0.06076582756365862,-2.990859322560452,-171.36361630007042
4316839.068497288,0.8788177832618428,-3.4115441433373968,0.06053623033732205,-2.991164201340206,-171.38108456741344
4316839.168096518,0.8807028931209488,-3.4119049855815757,0.06202228531713295,-2.992331405472779,-171.44796043804007
4316839.268444743,0.8809216310765703,-3.4128029433230815,0.06241142088128144,-2.9932245956646826,-171.49913646633863
4316839.368526883,0.8820419883916387,-3.4136523493891415,0.062296762527147144,-2.993692339767316,-171.52593622931167
4316839.46847377,0.8874737913968741,-3.425782328171229,0.06266176745920285,-2.9957245461753748,-171.6423730795929
4316839.568163977,0.8835375426562175,-3.42162431140111,0.06192116937353186,-2.9982733836021107,-171.78841070680983
4316839.66838151,0.8819485505382069,-3.3979913854515744,0.06143009718567602,-2.9965018220337116,-171.68690770579298
4316839.768447875,0.8798199771861873,-3.352943491743044,0.053843302157484084,-3.001018062337227,-171.9456692144513
4316839.867979444,0.8826093614928443,-3.306418112285921,0.04635309341789645,-3.014203604170427,-172.70114511208686
4316839.968441315,0.8768022397326556,-3.2683432881073964,0.05211312351534204,-3.0449186809877498,-174.46098938113957
4316840.068394728,0.8717578102337896,-3.264621331071446,0.05546292215913645,-3.0630672232603207,-175.50082425767263
4316840.168394052,0.8716474599694224,-3.2858521548647617,0.05577598622863464,-3.07875234006901,-176.39951525198023
4316840.268526408,0.8733442533199083,-3.3286250168892297,0.05436832576604739,-3.0928846391732745,-177.2092363454711
4316840.368358088,0.8781450976013628,-3.381055314031823,0.0541964933326941,-3.1121291364292496,-178.31186481708957
4316840.468390694,0.8800101148866022,-3.4163528400989307,0.06136917097030115,-3.126654372717372,-179.14409955282926
4316840.568455924,0.8790376374116827,-3.43310238423391,0.06258429991658368,3.137524450829841,179.76690915165128
4316840.667692935,0.8761804210814088,-3.4354978289179483,0.06223774270998758,3.1294870848875838,179.30640200475773
4316840.768482253,0.8747176612606261,-3.4202604626983146,0.06282835875456762,3.1252026524775998,179.0609221100566
4316840.868230058,0.8769969861701689,-3.386614043856751,0.05968140127072398,3.1276287621544863,179.19992795517803
4316840.968353998,0.8790406524553556,-3.363938366044547,0.057529382970900114,3.130459641219256,179.3621253779013
4316841.067713719,0.8784971481591939,-3.363364717997689,0.05895193467085992,3.1224006716591695,178.9003804348839
4316841.168383625,0.8661818199458943,-3.3697713972568684,0.06325615498113817,3.1210637355375015,178.82377963763378
4316841.268366627,0.8574868864807688,-3.3744103508049355,0.06178635949972946,3.119986232075222,178.76204323683442
4316841.36837306,0.8638152564152881,-3.3789069909048552,0.061399319799274946,3.1228933242615518,178.92860734976657
4316841.468059016,0.8760993490070422,-3.3826199542515707,0.06088578117782554,3.125364619586739,179.0702021418302
4316841.567508081,0.8793888942737705,-3.3817814945453994,0.05902787212577807,3.127739985454654,179.20630058086115
4316841.66774794,0.8805704040249395,-3.378569287400729,0.05927670245688953,3.126772082653651,179.1508438353848
4316841.768034709,0.8833256766027412,-3.3626739207135947,0.062045188438322754,3.127142239885262,179.17205228251237
4316841.868261297,0.891959484454179,-3.3431579291390765,0.06082118471424208,3.1257023959495434,179.08955530183817
4316841.968476798,0.9051688277442064,-3.3520726031597134,0.060825443425367096,3.1139408677504625,178.41566937540674
4316842.068431207,0.9161285906730628,-3.3696594752121958,0.06065082193111833,3.1108319909731805,178.23754385704225
4316842.168372293,0.9220902753423706,-3.4051854460709445,0.056871787460975674,3.1022937829499324,177.7483405727054
4316842.268393573,0.9314493244664364,-3.4375573628410714,0.06126577212030887,3.0925457948756727,177.18982199730647
4316842.367979299,0.9393679457869533,-3.45973046600004,0.06330573066467975,3.0813905363180165,176.55067276257557
4316842.468336614,0.9491771591149551,-3.4634412866465074,0.06463517654516265,3.078867133943721,176.40609245651513
4316842.567693726,0.9603148442031811,-3.4529333942169793,0.06301968759560059,3.0841764946444523,176.71029641657967
4316842.668210021,0.9754901472183127,-3.4262401375774623,0.06193912305282721,3.097491410290441,177.47318488766751
4316842.768176009,0.9917409856586757,-3.385997037786185,0.05919157425629899,3.1093023711550725,178.14990309720508
4316842.868289109,0.9978016507969988,-3.3734579046607727,0.06757321188336303,3.1004478710160748,177.6425776095425
4316842.968313287,0.9855413643900565,-3.3847785786487803,0.06939917979791169,3.096475866581106,177.41499851921157
4316843.068386215,0.9792512208276802,-3.3976639868526926,0.07085211202362278,3.0818031184951296,176.57431198002647
4316843.16832129,0.9895182105599184,-3.41102793763781,0.07062038768454382,3.0830605442587733,176.64635716933427
4316843.268325129,0.9982483221693709,-3.4190030743981032,0.06804945403295437,3.0841964319711956,176.71143874125684
4316843.368374986,1.001896530224762,-3.42085454271858,0.06823690774723,3.0967218443024627,177.42909200449955
4316843.469359302,1.0033002212292967,-3.419062923850284,0.06861762804243389,3.0948741164733953,177.32322499820512
4316843.568343281,1.0029295076694549,-3.4142458864713046,0.0681534089234166,3.093124421257773,177.22297484691572
4316843.668328164,0.9982536393147917,-3.408261913428681,0.06752430211901854,3.0874792396681885,176.89952976724757
4316843.768333603,0.9926553994961536,-3.4041953418907562,0.06617632691842415,3.0864433491716756,176.8401776137597
4316843.868461797,0.9891275509543025,-3.4012225022473705,0.06739311448572406,3.0851287698924,176.76485776922186
4316843.968339459,0.9891318753565777,-3.399868383296115,0.06676815982252518,3.085548518255315,176.7889075788744
4316844.068043018,0.9894035892035888,-3.399820423190988,0.06642333882013976,3.086710511271661,176.8554848745347
4316844.16828244,0.9927475367294905,-3.4016652608057476,0.06756051197330343,3.085777543267304,176.8020297454643
4316844.268396071,0.995763548208227,-3.4028395234236295,0.06747117954706698,3.085996074198995,176.81455064554325
4316844.36809607,0.9968047884326758,-3.403357742340962,0.06667516770317494,3.0853411579894088,176.77702671079925
4316844.468310441,0.995758700041941,-3.4026895363487144,0.06549294128602562,3.0859196235352755,176.81017034517114
4316844.567935503,0.9940715712420476,-3.402279424560361,0.06398535589989321,3.0859170581170727,176.81002335753544
4316844.66827098,0.9938632750385517,-3.402357687445738,0.06435638900120066,3.0854061786070037,176.78075211776877
4316844.768250537,0.9925569818019643,-3.4026908246166028,0.06497694419724961,3.085878756994751,176.8078288648758
4316844.868440746,0.9941581215614604,-3.402250201059984,0.06585119261668536,3.0859214780485225,176.81027660095324
4316844.969364676,0.9963458303494447,-3.4013457853319076,0.06579782704826209,3.0858530860020217,176.8063580253365
4316845.068257479,0.9977596103155333,-3.401839010124594,0.0667209906098148,3.086455146835904,176.84085357012808
4316845.168334916,0.9986907376847276,-3.4009196905842556,0.06713830994051856,3.0860029774975475,176.81494617541503
4316845.267925865,0.9978854685614136,-3.399480237715313,0.06669242511175619,3.08550105825996,176.78618832144483
4316845.368269137,0.9969416600850963,-3.4000307776353536,0.06506168868085146,3.0853170133718546,176.77564332611544
4316845.468290729,0.9954697734770329,-3.400373327821408,0.06550616582515512,3.085675186014804,176.7961651068935
4316845.56824497,0.9949999863479216,-3.4012480650872834,0.06525734653212512,3.0857997986731815,176.80330488629244
4316845.668354602,0.9961273503586164,-3.4021306919439267,0.0664745098052846,3.0853927934880687,176.77998520694553
4316845.768308069,0.9958014513003373,-3.402653391920248,0.06582878153641751,3.0856261744489846,176.79335695102472
4316845.868236005,0.9942369424674797,-3.4046536213502905,0.06672468180434687,3.0855851614259087,176.79100707789738
4316845.968346981,0.993495608562757,-3.405581604596576,0.06634339560161828,3.0854497395532388,176.78324797613965
4316846.068338854,0.9974831032142784,-3.3992542572462896,0.06664940266016779,3.0831082794873406,176.64909219646526
4316846.168234404,1.0051308359331363,-3.3888361704982257,0.06550107358859582,3.08211439348783,176.59214672337617
4316846.267656025,1.0131886324385326,-3.4040014835794006,0.06110126311066557,3.071061097336909,175.95883950422018
4316846.367493456,1.0154930524889454,-3.4306291316692166,0.059885033623282985,3.067903283061443,175.77791007374984
4316846.468182872,1.0073681069838742,-3.4748231248736925,0.05500365127749753,3.0534086627189203,174.9474295024788
4316846.568290664,1.0060523391157277,-3.526777630361567,0.06468882508573624,3.0429315278905538,174.3471338954239
4316846.668326918,1.0082015690485904,-3.570752867249819,0.07420659188636433,3.032864646569088,173.77034408284482
4316846.768234468,1.0110883090678895,-3.5846755031595428,0.08031625860065887,3.0343222459746806,173.85385837700605
4316846.868230731,1.0141219202510963,-3.577283861617938,0.07966231286543661,3.044750083756855,174.45132947137168
4316846.968280323,1.0219510554863724,-3.556826726821875,0.07520769706934566,3.0498739152003624,174.7449033880211
4316847.068270117,1.0285123044441078,-3.516028700845883,0.06670160743419748,3.0621860912042647,175.45033910966694
4316847.168280071,1.0263594489253274,-3.500754493520512,0.06523075039432492,3.0300840962167706,173.6110302829334
4316847.268214531,1.0107520294666676,-3.5020434941808705,0.0654112212387227,3.0244431584939737,173.28782835892102
4316847.369076913,0.9908423731023636,-3.5074501564864566,0.06474637775487126,3.0049266627656652,172.16961552280384
4316847.46827322,0.9907561644005956,-3.515169949308234,0.06345497023303912,3.0109084708878533,172.5123478820623
4316847.568237572,1.002549908975354,-3.5236658209060363,0.06411547166077437,3.0180130939295737,172.91941279738427
4316847.66823431,1.0137097373708281,-3.5293106268897985,0.06578286780750436,3.025553209772032,173.35142961219685
4316847.768319204,1.0172359228693397,-3.5330510798253068,0.06703671927537239,3.029475140081782,173.57613966648995
4316847.868218601,1.0193301558843122,-3.533771393940336,0.06810875600079175,3.025741494689106,173.36221754329117
4316847.968169795,1.0164649356247253,-3.534098343484173,0.06869237389309348,3.0218523593515165,173.1393865024921
4316848.068312727,1.0207302116308905,-3.5165333066052358,0.07032562065223347,3.0157390570914964,172.78912008410515
4316848.168048209,1.024028631045075,-3.5154826041808978,0.06700623873919749,3.006796698657351,172.27676068693543
4316848.269265224,1.0230964393297375,-3.5302491317025018,0.06544892483127171,2.9996391021990125,171.86666061841484
4316848.368051822,1.013393056662554,-3.561965589867989,0.061667819191984205,2.993061695668099,171.48980298405172
4316848.468257829,1.0062266364722736,-3.609157065206996,0.05877609799055103,2.983910403445878,170.96547256262753
4316848.56820775,1.000145586006923,-3.6573705505464313,0.06354948344357919,2.9706523945674026,170.20584460914392
4316848.668303366,1.0004498182411614,-3.6826120531382993,0.06682128280666134,2.964356805157052,169.8451339063836
4316848.769272457,1.0032423614354669,-3.6870238660049526,0.06698713836727924,2.966538811290971,169.97015364872883
4316848.868149092,1.010878786813278,-3.6778537324647473,0.06448794791162413,2.9735297321752627,170.37070391030858
4316848.968326793,1.0232033505253655,-3.657413338982103,0.0625970170079306,2.9804326192739627,170.7662102075194
4316849.068056381,1.0297748541745058,-3.644613508874683,0.06115572774854296,2.982874073159846,170.90609521105634
4316849.169287048,1.0221019786369223,-3.6489384327741505,0.06317809223325016,2.9679725595900104,170.05230137514783
4316849.268077877,1.0001734262651485,-3.6566418820680187,0.06681409360595157,2.960811771470347,169.6420184379037
4316849.368165542,0.9941567480636986,-3.6619125005016073,0.06635984253111234,2.951735236468041,169.12197128966878
4316849.468203402,1.0029481940553315,-3.6673279704481985,0.06557509809397599,2.9591935869255988,169.54930329301632
4316849.568112643,1.0119665951846675,-3.6697146641978744,0.06574665583196333,2.964268779159396,169.84009038823046
4316849.668176681,1.0172954798479565,-3.6700131232492903,0.06749351552644131,2.9734334937881584,170.36518985690037
4316849.769221353,1.0193648787902494,-3.6678608333459253,0.06771866797235794,2.975988222205063,170.51156501299113
4316849.868136166,1.0169907791656754,-3.664867133213428,0.06738012554089651,2.9722439347912606,170.2970331468963
4316849.96818804,1.0101568942321715,-3.6625759125379584,0.06773738613217818,2.968035302756267,170.05589629376763
4316850.069172522,1.0051762101704491,-3.6593654143408623,0.0667482547361035,2.963736505110525,169.80959333168582
4316850.168078307,1.0038898762236559,-3.658104315790275,0.06576219671083845,2.964616733756147,169.86002671808646
4316850.268197544,1.005168173070812,-3.6571114936815086,0.0647627252052019,2.9651562147118793,169.89093669997763
4316850.368272197,1.0084698414387356,-3.6536836512313493,0.06495757821986267,2.9647469744922983,169.86748896258862
4316850.468203786,1.010212373387709,-3.6519942086153128,0.06448522902006382,2.9642597917615126,169.83957544826293
4316850.568142249,1.011219562988789,-3.6528267546713677,0.06534840932928696,2.965212539786794,169.894163889051
4316850.668150596,1.010535992992721,-3.6548126961761365,0.06649844090108216,2.9647683655292174,169.8687145787235
4316850.767608278,1.008987560693049,-3.6531398899350673,0.06764274281239796,2.963085655950046,169.77230242169074
4316850.868083595,1.0077541801646852,-3.651386515628528,0.06647149471960781,2.964253604694182,169.83922095541735
4316850.968256626,1.0072475927429958,-3.6513531887826245,0.06443705153051835,2.965330648776946,169.90093103570928
4316851.067741784,1.0080433802198612,-3.6510082572556204,0.06534662603211878,2.9633039965139454,169.78481241449867
4316851.167908423,1.0214730396890053,-3.6280289172555706,0.06832036687832758,2.9655915878350925,169.91588174245118
4316851.268273379,1.028118112864465,-3.6312453053938927,0.06270022930822433,2.956215332149257,169.37866186401723
4316851.368095496,1.030891575601497,-3.647023113088596,0.06201716745827925,2.93659143848258,168.25429557930315
4316851.468131079,1.022395768114235,-3.6743401227019743,0.05963790183227403,2.9163051852307946,167.0919788858423
4316851.568123849,1.01014305961246,-3.713220807736729,0.05821422756314025,2.885912958690661,165.35063257508716
4316851.66733988,1.0001555112248115,-3.747224423689537,0.06308120698581646,2.8592959447202793,163.82559001134354
4316851.767721866,0.999883197423142,-3.7638048942079556,0.06456811241143812,2.850292224741177,163.30971485662334
4316851.868094795,1.0051457741391325,-3.7611067861375114,0.06431510036685563,2.840798552257298,162.76576749121762
4316851.968098351,1.0139679942994093,-3.746074228757528,0.0657878298320971,2.8320467025272906,162.2643234387555
4316852.067702746,1.029613318931181,-3.7166356048841402,0.06489461354958308,2.8226387304634972,161.72528634572313
4316852.168236618,1.0421419357985564,-3.6849830444809992,0.06765851381888469,2.8093404214326023,160.96334936359216
4316852.268102951,1.046363785114551,-3.667380880533358,0.0684841885538299,2.792953783418916,160.0244641649993
4316852.369195657,1.0415492439048346,-3.658292963987306,0.06861877897660536,2.7828790318540113,159.44722342068744
4316852.468147782,1.0319696221392123,-3.664742487339832,0.06363302056688455,2.7636654303253807,158.3463651438508
4316852.568068901,1.0181165880259269,-3.688641319479767,0.05989678776408081,2.738929029937773,156.9290738012951
4316852.669142308,1.0095049780700431,-3.715856305168814,0.0653554055315735,2.7276996759105154,156.285679208875
4316852.769100245,1.0061148856325437,-3.73128333712986,0.06623669040236911,2.72447092586671,156.1006854582623
4316852.868055504,1.0107344797697735,-3.7303675708707615,0.06625810592274263,2.721666991317113,155.94003184253947
4316852.968090407,1.0242245994274264,-3.7129260421381662,0.06514101754175172,2.719452042375173,155.81312461632933
4316853.068280261,1.0446161305523607,-3.680205491221793,0.060769753255621305,2.716310200001409,155.6331103084173
4316853.168124966,1.0574375578766144,-3.6610820912226236,0.06400356536673409,2.698263282665956,154.59909811187433
4316853.26917313,1.0596228157998904,-3.6450586372227884,0.06493292883828973,2.6959252826447684,154.46514057815878
4316853.368066472,1.0533619657001696,-3.640842844692394,0.06646907813276212,2.682214101767173,153.67954778173208
4316853.46817274,1.0434276618443354,-3.6518600626858597,0.06589486396422874,2.6572113795372703,152.24699732162074
4316853.569134471,1.027720528581955,-3.6790174744385498,0.06357261956862308,2.615569144267314,149.86107299116142
4316853.669094313,1.0181930620974886,-3.7088440805070366,0.0700623193398254,2.5865848631927166,148.2003960133661
4316853.768080676,1.015349057874231,-3.7205800635913833,0.06967720261273254,2.5557347073738885,146.4328122876263
4316853.868076229,1.0183702646799089,-3.717378179891684,0.07165852338613217,2.5361654296953495,145.31157526852644
4316853.968155774,1.0295985616326808,-3.702577762817522,0.07103014921617763,2.51053229063683,143.84290458480132
4316854.068135849,1.0522797847784728,-3.674887670508541,0.06817452805740432,2.47779381710907,141.9671282239599
4316854.169146921,1.0762577717718926,-3.655368457781037,0.0680991580877903,2.444573496800414,140.06374407620117
4316854.268099939,1.086995346014342,-3.6416050265250077,0.06811511999530548,2.4134701247615356,138.28165212974824
4316854.368148166,1.0831280028044439,-3.6352654498718486,0.0683563477926149,2.379322145132055,136.32511701808028
4316854.467990826,1.0680800241301254,-3.640848001108638,0.06690108354669619,2.3307833952201493,133.5440515052871
4316854.569051272,1.0427532336642462,-3.661391389086821,0.06462975425200931,2.272149024741379,130.1845495424471
4316854.668064055,1.0169520366996332,-3.6847217820644484,0.07003817812045281,2.2315888315427403,127.86062165592986
4316854.769064199,1.0038367045821708,-3.6947624025892396,0.07050887326898651,2.184832576326174,125.18168556618407
4316854.868190276,1.00694299078362,-3.6974312953944186,0.0694914208591202,2.1542138608173236,123.42736239341518
4316854.968152358,1.0209703606929206,-3.6932574556693627,0.06806557572801142,2.118305400324985,121.36995915839192
4316855.069109381,1.0515727591007042,-3.6782246732394257,0.06763869594727819,2.073735612404845,118.81629841677476
4316855.168268712,1.080332128919744,-3.6699610435337306,0.06941633342997373,2.0308222483146077,116.35754376969588
4316855.268170119,1.0868257981796854,-3.668118782994142,0.0700055944909358,2.0009763885686964,114.64750197031577
4316855.369010697,1.0897013067874495,-3.6645031910792945,0.07209750458737355,1.9596693574136836,112.28078342091814
4316855.469048586,1.0802908225077688,-3.6681072791380926,0.07236708252032298,1.9052794520895484,109.16447139772906
4316855.568920401,1.0585195045965048,-3.6739843061435176,0.06836502296273661,1.844901998242828,105.70509811456607
4316855.667895542,1.0367121352427897,-3.6759741636952104,0.07095880986842697,1.7968702794037312,102.9530833423268
4316855.768150825,1.0248876809012077,-3.6768859436244954,0.07049545325728408,1.7439988889087152,99.9237758099743
4316855.868066788,1.030385867399325,-3.675044608162995,0.07032757916121474,1.7027024902012804,97.55766645494877
4316855.969026694,1.0471893543206838,-3.670453508758863,0.06991433615934267,1.6700474756418762,95.68667194075665
4316856.069055562,1.0832786183897811,-3.6695534963780188,0.06699314680938127,1.6241819041150864,93.05876826731621
4316856.167821799,1.1161492047892554,-3.6788704194430686,0.06673870964547875,1.578539680375141,90.44366147942553
4316856.267179227,1.1316907065526411,-3.6801964291553264,0.06971195796849021,1.542423743430672,88.37437071934684
4316856.368079018,1.1351345669399604,-3.6777292272222404,0.07293239275001508,1.5062359861520254,86.30096495723656
4316856.469047787,1.1241709459226064,-3.6733668780730118,0.07332298684476438,1.4474102405837956,82.93049800946659
4316856.568075878,1.1011741259402241,-3.6671057642014206,0.07121684148750551,1.3869730638682793,79.46770285798118
4316856.668100741,1.0711360888012376,-3.6627161635848235,0.07326288202137957,1.3307034702275622,76.2436926274519
4316856.768090342,1.0528064870326816,-3.6555288249271554,0.07502480762544254,1.2818857483546784,73.44664319869219
4316856.869093542,1.0508927823213237,-3.653701099302551,0.07417113380177326,1.239708299078166,71.03005336452092
4316856.968126505,1.0610411203273657,-3.6572608874690795,0.07200145813046133,1.2037097623097965,68.96748913904683
4316857.068096132,1.0878993074524317,-3.6704176540461755,0.07086212390964568,1.157168352870857,66.30086280560526
4316857.167827175,1.118590516013787,-3.691212568949199,0.06628012034047145,1.10809800586337,63.48933902283385
4316857.269142118,1.132146796684901,-3.7009852502580145,0.0637749284628455,1.0635686202538812,60.93799316309956
4316857.369133322,1.13753967781503,-3.7022671956255726,0.06398505278021503,1.0254977739330906,58.7566943464271
4316857.468980618,1.1338985171442466,-3.6970709881235035,0.0649816394668787,0.9707750734956024,55.621314567800326
4316857.567763211,1.1138867237155137,-3.6835958662409585,0.0638076421969279,0.9079331839086976,52.02073951784356
4316857.668081093,1.0872142247773218,-3.6615433147559457,0.06978858803993541,0.8515705484967924,48.79139838650679
4316857.769066503,1.0750685897835133,-3.6449898363505966,0.07461848027285302,0.8081108952641074,46.30134367717186
4316857.868155817,1.073494032249733,-3.643472135549602,0.07522075862157186,0.7695060827820301,44.08945085305487
4316857.969107463,1.079209120774037,-3.652504420509291,0.07651530613134175,0.7360612846264929,42.17320507207567
4316858.068236164,1.0982009312116279,-3.6747225277338726,0.0760606429941735,0.6879032166419706,39.41395102705845
4316858.168179908,1.116622266324975,-3.709352157938702,0.07462117224653791,0.6406526779694769,36.70669458140488
4316858.267799457,1.1262519092516725,-3.726713412458723,0.07332051258356737,0.5917737456923599,33.9061380548203
4316858.369036552,1.1283617106375012,-3.732641315849492,0.07518265121953999,0.5580665275761546,31.97485671763483
4316858.467936419,1.1244959096313383,-3.7212844501339823,0.07361886287248441,0.5046707755958545,28.915505485236327
4316858.568975355,1.1096191056814302,-3.69308572548652,0.07155549243207945,0.44256455264253103,25.357081028512372
4316858.668991237,1.0975294400089075,-3.6593355049805285,0.07320772113689845,0.381279938323714,21.845731278957143
4316858.768092099,1.0938695422033982,-3.6400454520309644,0.07752531416832706,0.3276347615842967,18.77208906055516
4316858.868956614,1.0973543246315212,-3.6328834182227907,0.07861467255553317,0.28872580072682424,16.542769818182265
4316858.968997092,1.0986928857042442,-3.6348257343473915,0.0774825655529015,0.27117681525812004,15.537287016089104
4316859.068153799,1.0991812197377304,-3.6500153397604516,0.07606456994955527,0.24915237452299982,14.275379515830707
4316859.168119492,1.096528072005141,-3.679912394700932,0.07182319545179561,0.22197580973719863,12.718277051940445
4316859.269000488,1.094766729953073,-3.7022732008822214,0.0749148329285909,0.1863348033499814,10.676197808354088
4316859.368946915,1.0972566537116442,-3.7072021813446145,0.07254475371182954,0.17328950639991073,9.928757350620153
4316859.469043528,1.0984995077907367,-3.7022726945284905,0.07057127361712137,0.15099405785943426,8.65132224689974
4316859.568931463,1.0994738317056396,-3.6777663234107982,0.06882746908463182,0.12060308590934915,6.910047818859394
4316859.668150981,1.0919631783881585,-3.639975566379525,0.07027789660185363,0.09957733420023894,5.705360984837402
4316859.769023748,1.0876851616552377,-3.6110254329070184,0.07257979771326346,0.07941453766570737,4.550117840227741
4316859.868978469,1.0856601198499123,-3.597814488583326,0.07238057934346466,0.07119189519187195,4.078995130031961
4316859.968139369,1.082629048317771,-3.5966087557849415,0.07276743955868985,0.0660669393885651,3.7853567923113998
4316860.068779226,1.0803971576843387,-3.6104585751107625,0.07162572656916265,0.06018487055717479,3.4483390734672867
4316860.16895892,1.0815970904708843,-3.642901106198425,0.0682991629308605,0.05514005928012453,3.159292678852304
4316860.269041221,1.080976842389837,-3.665372544369047,0.06988861323669995,0.0428863297235582,2.4572056919663394
4316860.369008997,1.0831344878207676,-3.6733430033789873,0.07130496939170547,0.041580378617580134,2.3823802053433543
4316860.468154359,1.0894320792478984,-3.665766646618062,0.06959173625841618,0.023351998683937416,1.3379709677846667
4316860.568904746,1.0954773326546678,-3.638749719113474,0.06788218992234132,0.008173553269355802,0.46831010595944317
4316860.669021033,1.094328238992302,-3.606473418864806,0.06766342933764337,-0.0033271488010695634,-0.1906315841132979
4316860.768915083,1.0958177045286144,-3.5835876706111045,0.07025626668574239,-0.011997826244590433,-0.6874248071463259
4316860.867764563,1.0931149063997436,-3.5726811002223315,0.070333673577535,-0.00653833247886738,-0.37461885609241036
4316860.968650843,1.090017628244769,-3.5759541379357023,0.07240253984966105,-0.003223423151440429,-0.1846885421622958
4316861.068956749,1.0859044452318953,-3.592772605410385,0.0727978695526615,-0.0024350264085165447,-0.13951673621089666
4316861.168564481,1.0846512255026806,-3.6263404503831826,0.0672601953382119,0.006935544533239347,0.39737743037964507
4316861.267797961,1.0808752240686421,-3.639601000742019,0.0656157035629735,-0.0007929834908685827,-0.04543460725032064
4316861.368078428,1.0823504348032145,-3.6486591061193674,0.06869851913884614,-0.002539508674366128,-0.14550312907804164
4316861.468852185,1.0898718153139377,-3.643820882354535,0.06947207123010202,-0.008409210539596713,-0.4818122729558213
4316861.569035462,1.0902184455864936,-3.6174207696176723,0.06868508690963687,-0.01862273803079648,-1.0670042921424079
4316861.668085114,1.0889319054224949,-3.575594696485571,0.06850456700865275,-0.011770312954764382,-0.6743892558561565
4316861.767683991,1.0873035806340368,-3.523075669292147,0.06584418005220541,0.01060308660495247,0.6075121122754733
4316861.868498136,1.0886236639423987,-3.4743069294414424,0.07650244867073265,0.028033829148846785,1.6062200938197457
4316861.968907224,1.0943230773321035,-3.4526862707477335,0.07969381387041034,0.045837365896992395,2.6262876098945553
4316862.068779434,1.0984173972633762,-3.4571231661523725,0.0791313930876628,0.06751362164764632,3.8682455800532054
4316862.167729637,1.1001428552505002,-3.478405190567519,0.07754594627617623,0.1016257103924832,5.822724295508077
4316862.26885354,1.1034581709729527,-3.517524480955433,0.0758761662673575,0.14139810174049022,8.10151446089151
4316862.368869001,1.1147609401800862,-3.5718203910634396,0.08058201997602285,0.19061171762708468,10.921246945771351
4316862.468939271,1.1231462186800225,-3.618409386919909,0.07353723134403613,0.22007979397531913,12.609643350894467
4316862.56882646,1.1272200086266506,-3.63917745941132,0.0689754477652142,0.24945572007671554,14.292759935792677
4316862.667681791,1.1311374327551948,-3.6382914820517187,0.06596426835493167,0.2734375325826307,15.666816577455672
4316862.768894053,1.125314627575136,-3.61313450439555,0.06478499411814886,0.3008198440669554,17.23570745882008
4316862.868920133,1.1123747101117505,-3.5767915868803843,0.07063989006781005,0.3467396080443791,19.86671613096333
4316862.96858682,1.1044599047428243,-3.5488826465899304,0.07515874450494742,0.379157429567336,21.724120485237123
4316863.068875878,1.0993201440678801,-3.538730492324197,0.07684065990845959,0.41130636743293575,23.566118940764312
4316863.168838245,1.0992647901788346,-3.542126739329851,0.07791833937852123,0.440080094686537,25.21473207325622
4316863.26892763,1.111524835653982,-3.5639894855191065,0.07667738411340787,0.4664575693682643,26.726050046732375
4316863.368915403,1.1261371911109916,-3.5872930912479584,0.07810160952372432,0.49704212249825913,28.47841585937471
4316863.46891162,1.1384035949192046,-3.6042585654135983,0.0772765975275449,0.5181233415057539,29.68628073549513
4316863.56807028,1.1419861887108638,-3.608374674204892,0.07668059062621245,0.5293270783468081,30.328207571262773
4316863.668836839,1.1339274625895264,-3.594149366405866,0.0757701474443616,0.5373064100771946,30.785389602748737
4316863.768856265,1.1150626151295293,-3.566103481705718,0.07096469663006863,0.5378263083575539,30.81517757998943
4316863.868951111,1.0919026643583123,-3.543688620554865,0.07306849868826636,0.5502533993796468,31.52719744718027
4316863.968859206,1.0796341830362683,-3.5253212080314666,0.07469096385259907,0.5512075152579707,31.58186426017465
4316864.06885271,1.079323700087893,-3.520647337972659,0.07714094177578641,0.5625625805061839,32.23246157499294
4316864.168998246,1.0870511743237163,-3.5266502785937033,0.07783741335400296,0.5702377317534125,32.672215348583705
4316864.268849413,1.1009050911976943,-3.54889091595846,0.07699594540553079,0.5798363783998002,33.22217729045912
4316864.368865124,1.1129889873876486,-3.5775545549756282,0.07446699705887151,0.6056350181771395,34.70033046687899
4316864.46893432,1.1217155152897813,-3.5920029776449565,0.07135449579097708,0.5980742596450889,34.26713091307496
4316864.568861892,1.1297929399079962,-3.5859976550442854,0.07558276528733614,0.5999301567502477,34.37346598441111
4316864.668900839,1.1317671550467003,-3.573731295048928,0.07679436886780054,0.5968067303349813,34.19450683319667
4316864.768803555,1.1217098928821656,-3.5681864088412816,0.07778770989864352,0.5932433208298333,33.99033850787489
4316864.868805319,1.1084051532429122,-3.566959578991624,0.0767923048699567,0.5954958443987993,34.11939860163039
4316864.968993477,1.1022613664014234,-3.566883546868537,0.07712432309106639,0.5958633438913177,34.14045477152489
4316865.068964357,1.1021279987749362,-3.5649197851902485,0.07857638789825167,0.604521065369528,34.636505672426104
4316865.168862122,1.1054622194791415,-3.563954877163605,0.08099583874174031,0.604462486723218,34.63314936322295
4316865.268746224,1.1119825264124907,-3.56264170580204,0.08205753360517111,0.6007516032239409,34.42053140044963
4316865.368917549,1.1180140667512508,-3.5614041005800408,0.08172781445425936,0.5975937809977956,34.2396015144389
4316865.46837501,1.1216666862843,-3.561080232965124,0.0836805984247853,0.596946742286739,34.202528927113775
4316865.568832678,1.123685651157937,-3.5639517994446424,0.08211451801627587,0.5977917860901883,34.250946370555106
4316865.668949347,1.1219869665297626,-3.5660613843753564,0.08075347204922995,0.5973617749806674,34.22630854883582
4316865.768814695,1.117406594389101,-3.5666339858347147,0.07936802092671397,0.5990756750871984,34.32450779144706
4316865.868944266,1.1158880912679388,-3.568472389853364,0.07923303796296656,0.5982529288906796,34.2773679067761
4316865.968905,1.1147409151447552,-3.568105851070099,0.0785124674765689,0.5973744262343603,34.22703341227797
4316866.068824168,1.1149013078194876,-3.567546195874424,0.07912607682079364,0.5972278409666287,34.21863469509815
4316866.168661051,1.1157479913688693,-3.566147211491063,0.07948585013390236,0.5972428762746003,34.2194961547886
4316866.267121472,1.1171436460037414,-3.566877025574654,0.07970024532735186,0.5973204987715621,34.22394359625979
4316866.368869192,1.1191244739674953,-3.566093674888232,0.08157919702510662,0.5977217961368407,34.24693624161997
4316866.468883653,1.1202339286306686,-3.5631637302804786,0.08086984473861689,0.5976371919369495,34.24208877803712
4316866.568768642,1.121983909026221,-3.5635756754975736,0.0805490367585934,0.5979980388786474,34.26276378484661
4316866.66872857,1.1245836848703625,-3.562729727025462,0.07907019624619434,0.5966926462728833,34.18797029792874
4316866.768915175,1.126148690282598,-3.562230150873129,0.08062285555455037,0.5971539142466928,34.21439900605258
4316866.868866602,1.1269304805611666,-3.5626474789476057,0.08139104121132647,0.5970590560045567,34.20896402912615
4316866.968778247,1.1249832535277025,-3.562735556676892,0.08255447597579119,0.596720220933074,34.189550209579174
4316867.068723749,1.124217669286334,-3.5624803018553988,0.08324541967813585,0.5974389985712815,34.230733134656845
4316867.168891976,1.1225038359802524,-3.5616012556023335,0.08119422931796808,0.5979434002988616,34.259633224826295
4316867.268804006,1.1220976054248042,-3.56222355739929,0.07943239180353909,0.5980492105822532,34.26569570749372
4316867.368720814,1.1224065888158008,-3.5622865715779954,0.07860814345713277,0.5968510046774432,34.19704356616045
4316867.468730791,1.1221024207731638,-3.5616053476032574,0.07925374358157457,0.5962555690709161,34.16292761893464
4316867.568861603,1.123129879386101,-3.5629756069819645,0.0799164539228776,0.5973083189935202,34.223245746382574
4316867.668900166,1.1235439953263273,-3.564194416946811,0.07978864807017604,0.5972085864348308,34.21753149168963
4316867.768852585,1.1235961247198802,-3.565333637913454,0.08046556527665319,0.5980909418065782,34.26808673052145
4316867.868826023,1.1235193706109108,-3.5646557390038796,0.08134375840408029,0.5969093887136352,34.20038872502519
4316867.968741321,1.1222455895017034,-3.5658255780862995,0.08092746600273296,0.5968359611340819,34.19618163461693
4316868.06883498,1.122367862142286,-3.5656782749371416,0.08036113672888501,0.5970660131840588,34.20936264614894
4316868.168794189,1.1219609298458066,-3.5646749339208363,0.08156820518833999,0.5974973676984178,34.23407743929562
4316868.268735113,1.1216310450934877,-3.5632206938752184,0.07965639375707691,0.5983894212115386,34.28518834069726
4316868.368677093,1.1139032984232253,-3.563158452645117,0.07921259605681778,0.5991865420058489,34.330859997973356
4316868.468805491,1.1057775530605476,-3.5574924670926276,0.07990664187129633,0.5908374314114477,33.85249119822621
4316868.568772456,1.1116687248284798,-3.575844284060389,0.07767604687203077,0.5852906618420582,33.534684711968595
4316868.668796547,1.1283773629616147,-3.6120325515777356,0.07199423580105754,0.5830273082439893,33.405004103253496
4316868.768753319,1.1510955993990497,-3.660434326056231,0.05859814009895335,0.5799610178411252,33.229318604407915
4316868.868704677,1.1590059936077917,-3.69241053680759,0.06766720810703265,0.5682658660480937,32.55923576590235
4316868.968833352,1.173638508786745,-3.7103920715587817,0.07459745274743083,0.5657586267603563,32.41558153648561
4316869.068736359,1.1908470127015576,-3.7028637841286445,0.07723008677724151,0.5604808514832518,32.11318728788903
4316869.168729739,1.1927143187984621,-3.6818408637820585,0.075833867145347,0.5449569482594947,31.22373315159822
4316869.268567398,1.179546963620218,-3.646626339424346,0.07544778465787257,0.5227114800939633,29.94916171242064
4316869.368743015,1.1601366426103494,-3.612528675913731,0.08123797991844171,0.5105888626092739,29.25458689389644
4316869.468754055,1.1439205462290558,-3.5926285030329663,0.0846345487863476,0.4966906751958532,28.458279412225593
4316869.568454219,1.137329533432495,-3.588551838208494,0.0881264510808832,0.4971272860751963,28.48329537290145
4316869.668787587,1.1372392742109436,-3.5991624304313707,0.08519534988272309,0.500192759066894,28.658934037537065
4316869.768687494,1.1425622807824043,-3.6235736388678594,0.08266392862793225,0.4982081675068924,28.545225317091692
4316869.868791495,1.1505398362175943,-3.649970496164731,0.0814946168363029,0.5047591113264988,28.92056674978245
4316869.968827718,1.1564210799515808,-3.660245878638598,0.08208885662895969,0.4659214930138839,26.695335134129618
4316870.068665768,1.1685094498876265,-3.6455765136846727,0.08554025066218522,0.4656229470765298,26.67822971192845
4316870.168669257,1.169727956487765,-3.6294130992704967,0.08530356578200911,0.45227841885514936,25.91364456525013
4316870.26866897,1.1598846264981388,-3.623351003785897,0.08515794053920775,0.459502266688807,26.327540557963438
4316870.36871322,1.1497004704126648,-3.622810416352769,0.0844494983247254,0.46898982487790447,26.871137600083504
4316870.468776837,1.1459525339260468,-3.625187837887701,0.0846445113816807,0.46780027202103164,26.802981241876964
4316870.568666501,1.145113773574827,-3.6297693403460642,0.08338654979505389,0.46703491276966774,26.75912938696252
4316870.668805669,1.1482560831499948,-3.6350673509752096,0.08452182439989588,0.464821069298496,26.632285499561785
4316870.768793738,1.1534594559329998,-3.6363744934529016,0.08493203435461423,0.4616391913455146,26.449977321930227
4316870.868712263,1.1573605528901425,-3.635361022901422,0.08529828102595893,0.4628289151021241,26.5181434719704
4316870.96773754,1.1594793206052458,-3.6331247350968874,0.08530861147941107,0.4632156241304277,26.540300267191803
4316871.06713239,1.1614049361462846,-3.6323295137633917,0.08387086749200516,0.4626314426500329,26.506829133895476
4316871.168705169,1.1602091163903485,-3.6328606217191917,0.08385640349822096,0.462596572992983,26.504831249713448
4316871.268519916,1.1575483011766894,-3.63499430320635,0.08181740748904386,0.46398600366952203,26.58443976340514
4316871.368599061,1.1558637363255237,-3.6351751244306243,0.08325743803201241,0.46300404992874644,26.528177958381615
4316871.4670829,1.1556786386052205,-3.6335232483887916,0.08300891727943092,0.4625977681804631,26.504899728911784
4316871.568772263,1.1566416309936571,-3.633960313388523,0.08293426623379184,0.4619248602765118,26.46634494601438
4316871.668625354,1.1573859886688316,-3.634422181850285,0.08457094706092447,0.46307166654915843,26.53205210535616
4316871.768765927,1.1586727947424158,-3.6342403429305246,0.08547190962887864,0.46259419732828766,26.504695134152865
4316871.867594386,1.1596823436594463,-3.632825156563732,0.08644030450553708,0.4640915149401167,26.590485113901277
4316871.968490242,1.1594922865905564,-3.6338653502220417,0.08470838808084497,0.46316830862857633,26.537589288630173
4316872.068705843,1.1602589149917855,-3.635128993795871,0.085715718069512,0.4622229668491631,26.483425194472407
4316872.168469064,1.1608687551528711,-3.6338742256249987,0.0849042917299019,0.46266587118542407,26.508801743668204
4316872.268253978,1.1611250957089483,-3.632824259911896,0.08436983437491274,0.4631411490275693,26.536033158119213
4316872.368620767,1.1596097213566534,-3.629971728148099,0.08547883168198037,0.4645683645853868,26.617806586037563
4316872.468742565,1.1490466293728538,-3.6211471740103938,0.08459264825219323,0.4670313181100761,26.75892342813913
4316872.568732548,1.1560057593746063,-3.628161604201129,0.08179068973424625,0.4615914144080872,26.447239905057575
4316872.668742148,1.1717225631899824,-3.651521875492205,0.07839954227528004,0.47543057909312897,27.240165633496964
4316872.76876615,1.195396459680086,-3.6887540879268745,0.0725013687953317,0.4833548124573383,27.694190761142913
4316872.868422354,1.2171954561978755,-3.7191734726540275,0.06129113346510988,0.4980319488170725,28.53512872989369
4316872.968677029,1.2411374654161098,-3.7333290969563007,0.0661189854408941,0.5080310032374332,29.108032347301986
4316873.068567345,1.2665597458732516,-3.7379315799894135,0.0733214382199916,0.5110451350606622,29.280729379669076
4316873.168577475,1.284982797132314,-3.7282470680557838,0.07538696998674646,0.4928179414355778,28.23638811258398
4316873.268587012,1.2921973722697622,-3.703702202621976,0.07816855660104238,0.4813400282823057,27.578752131283796
4316873.368590584,1.2871958077157015,-3.6642822973539455,0.08055236516252727,0.48701155945049013,27.903706930597664
4316873.468679433,1.293088786998029,-3.627602472427378,0.08776430506328448,0.49545341159528067,28.387389429767627
4316873.568730826,1.2945069793187989,-3.6022544301748316,0.09010608977333602,0.5008674754552112,28.69759243895595
4316873.668601994,1.301520166275841,-3.589967434825077,0.0934998776257041,0.49979256437328706,28.63600457060986
4316873.768626245,1.3136370144282485,-3.590778985499998,0.09297265786981933,0.48622620658475396,27.858709525962478
4316873.868595945,1.3386002136121136,-3.602212401534868,0.09082220697204767,0.47900625372706196,27.44503669893331
4316873.968633032,1.3686741873610089,-3.61932366877553,0.09110331068374977,0.45979912465804573,26.344549266715642
4316874.068686499,1.3885599106432718,-3.624567122782984,0.09160946229178489,0.4659197879898559,26.695237443448846
4316874.168645639,1.4117448529387977,-3.6200850957391455,0.09428245089016567,0.46670147236035747,26.740024658789924
4316874.268564484,1.4272266028113776,-3.6040973048916998,0.09246263215528935,0.472614869037747,27.078837330991032
4316874.368693925,1.4331538368699448,-3.571202548199061,0.09186928859526552,0.48163348781807913,27.595566124141484
4316874.46868785,1.4486309783311118,-3.53210511638365,0.09676297264170491,0.4935484673293812,28.27824416312394
4316874.568637097,1.4614277396603474,-3.5101340161084367,0.09809608275321421,0.48829268502314765,27.97711001893722
4316874.668507657,1.47883110972156,-3.503672672011666,0.10042845345223103,0.49123742433237033,28.14583115312195
4316874.768546212,1.4975078895155272,-3.512380748575289,0.10219228041727625,0.48002055983136066,27.50315215784398
4316874.868647654,1.5282763255624154,-3.5325034955172563,0.10046289455219272,0.4780715503296823,27.391482139166914
4316874.968559655,1.5606014143827702,-3.546051418800242,0.1033800339396566,0.4582224273777185,26.254211166983136
4316875.068603835,1.5848630881127874,-3.5454334463948878,0.10360914485260012,0.46587522349207444,26.692684085809848
4316875.168523821,1.6096972540143033,-3.5327246570381545,0.10312409045459492,0.46384511702651354,26.576367553370986
4316875.268677962,1.626813594498769,-3.5069882018595986,0.10158870075956256,0.47668145004242557,27.311835259607182
4316875.368636776,1.6285990408418156,-3.4636981305026127,0.09854876303836535,0.4826244806545366,27.652345831198193
4316875.468625161,1.6373567706469467,-3.4222985121446814,0.10440999443899679,0.4919609646665515,28.187286960578017
4316875.56860319,1.6466237321909738,-3.395360919591146,0.10948754839739297,0.4826796264568684,27.65550545292967
4316875.668696739,1.6628301358743895,-3.384425420136453,0.11262143855389155,0.48343324593486353,27.69868466837764
4316875.76859671,1.6814265876079986,-3.3861199477290804,0.11553144262976613,0.47531012536287415,27.233264143126757
4316875.868433121,1.7078796548354236,-3.4016503740643453,0.11596015368275572,0.47295753608057906,27.098470706323535
4316875.968543685,1.746345389251163,-3.420206846354639,0.11954850604469767,0.45761174575602054,26.219221687433638
4316876.068652465,1.780520929351477,-3.4271199216531842,0.11944011221044112,0.46556371552616266,26.674835994078396
4316876.16864369,1.8125957324337971,-3.4211115750985543,0.12014603751805618,0.4649527321416173,26.63982922479133
4316876.268534287,1.8363754799222045,-3.40586712443374,0.11829376218009832,0.47322986571715475,27.114074045135656
4316876.368531816,1.844322344498523,-3.377010226956234,0.11711973278461948,0.4832914207111917,27.690558681632748
4316876.468534372,1.8552306079922711,-3.336463083390622,0.12432309086438859,0.5011108899980641,28.71153906493353
4316876.56830909,1.8720720498746142,-3.308724866174815,0.13136380138550233,0.4928819201659911,28.24005382381527
4316876.668645096,1.8898571173370142,-3.29509986956557,0.1344025171533668,0.49184952947792576,28.18090219458052
4316876.768504201,1.910877320865806,-3.2936821758568517,0.13538062101415488,0.4814548739535326,27.585332303540444
4316876.86826974,1.9364346457402806,-3.304813991709713,0.13438086518257536,0.478657010113925,27.42502651387866
4316876.96864324,1.9705327925272136,-3.3160598208647434,0.13601575629615623,0.4606458366437631,26.393062289960387
4316877.068602969,1.99501557213759,-3.319031995053867,0.13518073874352624,0.4705921714389965,26.962945295351382
4316877.168554979,2.0142570019437294,-3.3092159884499606,0.13596342840411968,0.4780868853351151,27.392360770257028
4316877.268665258,2.025529324437106,-3.283444631581436,0.1343584038687404,0.4825520354284091,27.648195025495216
4316877.368471588,2.024681143999181,-3.245349343430256,0.1325790126130851,0.49066698036179146,28.1131471211591
4316877.468565862,2.025079213647284,-3.204488658807569,0.1381285698156755,0.5000637442939331,28.651542035551568
4316877.568616553,2.029636249310301,-3.1781732433453316,0.143348004301338,0.4908541229939911,28.123869604151107
4316877.668494693,2.043731353447885,-3.1633662761975225,0.14817780044751733,0.49004442641413415,28.077477407439126
4316877.768544647,2.066521356976165,-3.1645749436628843,0.1488378295304506,0.4827727217901404,27.66083942261852
4316877.868657765,2.0945058934685723,-3.181691918038027,0.14856814036678406,0.47817522813723884,27.397422439969073
4316877.968564432,2.130579057772009,-3.2003693715550017,0.1497407608736404,0.46662951026604965,26.735901534501163
4316878.068540586,2.1599053321660633,-3.2013122952104287,0.14702992351185398,0.474251483511497,27.172608433026927
4316878.168465221,2.188221880119687,-3.1968274076265537,0.14744908214001867,0.47950856219465554,27.473816854140107
4316878.268473188,2.2107002275496326,-3.185358057523977,0.1478715995924915,0.4812630705534387,27.574342778218806
4316878.368616131,2.2195151831210067,-3.165467498805515,0.14786898126712633,0.48674522736185805,27.888447225970143
4316878.468607625,2.2248335962798333,-3.137415352599012,0.15336214087237687,0.5077108616192744,29.089689583734994
4316878.568519685,2.2354082744924257,-3.108165707774943,0.15704791298261883,0.49357551118494775,28.279793661909665
4316878.668549866,2.24797223109996,-3.0927166596031257,0.16000570019177385,0.4960113120453257,28.419354770943656
4316878.768359608,2.265475143340488,-3.089996297104197,0.16067465731408023,0.4893323892183346,28.03668068126348
4316878.868578093,2.285413584226493,-3.10262696310236,0.16084108386260967,0.4819377286607635,27.6129978403828
4316878.968458614,2.319121106749881,-3.119291597037271,0.161658531597705,0.467979073259544,26.813225798215434
4316879.068486537,2.3407139279582414,-3.124008917469231,0.16247847622592915,0.4604633600914232,26.382607153651215
4316879.168576004,2.3593636242244984,-3.1181996957954725,0.1638490410323291,0.4609847204736763,26.41247890315964
4316879.26853745,2.3748357567277396,-3.1008974728245544,0.16423066142481235,0.4622581142786701,26.485438993843893
4316879.368498406,2.3784448841755115,-3.070662835828741,0.16291647022239786,0.471294538223414,27.003187947768676
4316879.468558661,2.3788031936908776,-3.0338438483434658,0.16774655522604132,0.488100878680601,27.966120325025457
4316879.568559339,2.3850687007620497,-3.0068473838016803,0.17215891202079553,0.4771089509353966,27.336329256512496
4316879.668447,2.395912452019855,-2.9926386372453857,0.17521358389061528,0.47849499220038794,27.415743571227473
4316879.768432207,2.415746527952586,-2.991972400605257,0.17672807046960987,0.4746458038014347,27.195201321416732
4316879.868452355,2.440064775120011,-3.007400774156484,0.17664730302384543,0.46545825036447863,26.668793285428237
4316879.968460651,2.4816393016162768,-3.0300453522009656,0.1779986289178063,0.4551227802216542,26.076614466960923
4316880.068581734,2.5166868954466604,-3.0488889492699944,0.18460981196896126,0.45210885838080883,25.903929465698184
4316880.16848513,2.5448224676873443,-3.0502951825316136,0.18661390466778477,0.4533694233573209,25.976154518654333
4316880.268427971,2.563066849791792,-3.038935163069599,0.18635615114443638,0.45625027238948973,26.141215009611955
4316880.36842753,2.569496370104734,-3.0143398612307037,0.18169986616817368,0.4665393460725806,26.730735506752186
4316880.468486502,2.577243759681949,-2.9764676296439263,0.1820003611793208,0.485001289039855,27.788526920388243
4316880.568203945,2.590746517021882,-2.9472289072615383,0.1867986347250044,0.48840246155231215,27.983399750747942
4316880.668110402,2.6028812553965324,-2.9294682059428725,0.18833047639760966,0.4902780779035942,28.09086465166213
4316880.768421379,2.6219042673649398,-2.9208977224640287,0.1905286075590592,0.48530344997610825,27.805839466769275
4316880.868582821,2.644466058434986,-2.9262643536432216,0.1900249819345247,0.4729977402010735,27.1007742327469
4316880.968531621,2.6832336956107294,-2.940439641490448,0.1883352350311958,0.46489771696578436,26.63667708740693
4316881.068369268,2.7084164331907323,-2.939344354190855,0.1935201927436405,0.47041737477365864,26.95293018415456
4316881.168541478,2.7316604102631667,-2.9352016938333008,0.19676210569785862,0.4782696926845146,27.40283485984159
4316881.268081909,2.7516213653250654,-2.9179987529276095,0.19685216655196416,0.4840414643459843,27.733533016357015
4316881.368426772,2.7600981810672596,-2.8929521884025275,0.19720640106622217,0.4884218255487302,27.984509226017206
4316881.468265186,2.7657865240949415,-2.853006300540836,0.19705980110276214,0.5109748381733811,29.276701664714963
4316881.567165923,2.78116787966735,-2.8323116904519554,0.1999224857817608,0.4938194831274503,28.293772224534667
4316881.66841661,2.798100238619761,-2.8163576142024493,0.20307549180959164,0.4920671977383028,28.19337366723408
4316881.768395878,2.819860522906808,-2.8080526768566005,0.20631895729861935,0.4893693581327352,28.038798844031817
4316881.868480649,2.8426373587053337,-2.8133295390490956,0.20712037453118767,0.48271531802549755,27.65755042917632
4316881.968219712,2.8807448540994653,-2.830769508208756,0.20420428157650472,0.4856968560225319,27.828379972864276
4316882.068452017,2.913243977873334,-2.8341251094411812,0.2069786739895209,0.4685369992217738,26.845192601131973
4316882.167349203,2.93652208088544,-2.823188751752059,0.20931772487188416,0.47201607589565003,27.044529011147496
4316882.268470868,2.9596902900943554,-2.8027705144855206,0.2119287614315116,0.4753725673606042,27.23684180606105
4316882.368232774,2.9745395649996347,-2.7766777964734652,0.21181544418375534,0.48449672259467386,27.759617392595445
4316882.468403721,2.98477828590571,-2.742540992632584,0.21193455919493528,0.49630699281334556,28.43629603103438
4316882.568510441,3.0015491396199563,-2.713075452955036,0.21783447428801817,0.4994483578190725,28.61628298777262
4316882.668511237,3.016759896848293,-2.696105640944947,0.21987004665208615,0.4966124631716742,28.453798193332958
4316882.768535587,3.0368668688280818,-2.6879125473289034,0.2222452282382337,0.4928276699348012,28.23694551453048
4316882.868474371,3.060602183722045,-2.690620045859785,0.22305216467806874,0.4814514664158141,27.585137066010642
4316882.968380454,3.096666758281642,-2.7018471876542924,0.22104556821131388,0.47827788961142964,27.4033045091588
4316883.068372488,3.127235430098982,-2.703131497354692,0.22432562499590045,0.45537614485143,26.091131190924973
4316883.168502921,3.150937647714663,-2.6932897815760453,0.22543736271476136,0.4604162792389092,26.379909619506286
4316883.268534567,3.1689476683654587,-2.6740497583094056,0.22913086543572056,0.4642685496939133,26.60062845812096
4316883.368469161,3.1817199545559967,-2.647007140700366,0.23171371507911379,0.47164036752971833,27.023002507451853
4316883.468431719,3.1919813701822988,-2.605621347326346,0.23157729953575196,0.4866158316509341,27.881033397847105
4316883.568494405,3.209193602987887,-2.57553263335292,0.24169286381969401,0.48533198902689106,27.80747463393044
4316883.668450564,3.2273758370694923,-2.5588381140769556,0.24755287351869915,0.4830808196680182,27.67849213069785
4316883.768460808,3.2535013124594223,-2.553366049168791,0.2484980571068839,0.4810273864918576,27.56083907619171
4316883.868350222,3.281182026639814,-2.5623289735771304,0.24765184978317148,0.47067709044629447,26.967810796069994
4316883.968358696,3.3233831887060847,-2.5808993799443893,0.2431823806274102,0.47021194299327085,26.94115981016048
4316884.06842276,3.364285885271241,-2.595759933349725,0.24541350166158377,0.4596719734703595,26.337264040301143
4316884.168284994,3.3931166991406907,-2.596480013747981,0.24716822501010263,0.4704357785017708,26.953984640102693
4316884.268384551,3.4174199913370895,-2.583797187102894,0.24815153849833751,0.4767624312470073,27.3164751408496
4316884.3682549,3.431873388535335,-2.559101233890569,0.2477856350780613,0.48413824528390526,27.739078155637202
4316884.468460067,3.4403736933594695,-2.5216649301811116,0.2466679100940307,0.4957548881786711,28.40466276561792
4316884.56843853,3.45716848112386,-2.482649891254429,0.2529843279286543,0.5059175223478584,28.986938812247793
4316884.668425608,3.4691997315412437,-2.4571854347405817,0.2573897742209254,0.5011993892274687,28.71660969726857
4316884.768350499,3.488878981869139,-2.4432678776464773,0.2606323327816072,0.49872670959411813,28.574935590189632
4316884.868339785,3.5135445205732325,-2.4425363282991883,0.26300418402029646,0.48758430712317946,27.936522954968705
4316884.968406342,3.5469068348196147,-2.4534597700792125,0.260083964008658,0.484297861656729,27.74822350014119
4316885.068342025,3.5759920674468297,-2.460752297948623,0.2610560923800467,0.4657873580005138,26.68764976397858
4316885.168419812,3.600852684988159,-2.457854091534502,0.2596309101440438,0.47297276828939505,27.099343447601353
4316885.268344393,3.6258430382718774,-2.4461075143455786,0.2604462118960904,0.47445751027220423,27.184412896882204
4316885.368333769,3.64743485942789,-2.4204701088098863,0.2614188851572666,0.48400709585911544,27.73156384711118
4316885.468392163,3.661512916495176,-2.383608456274892,0.2611522737938253,0.4951000273304876,28.36714200284865
4316885.568412362,3.6783417444049813,-2.345130228569446,0.26854651777791755,0.5054715684892501,28.961387538291966
4316885.668476296,3.695313010105832,-2.325343494454637,0.27348969635627857,0.49999180976177743,28.6474204904578
4316885.768116167,3.7168604294938516,-2.313348363947639,0.2784387822559183,0.49984442704786647,28.638976082977518
4316885.868297029,3.741927929070707,-2.3141446320425176,0.28133256489041514,0.48736837607665123,27.924151017336794
4316885.968337798,3.7761784751994485,-2.3247049795364894,0.2806948860643193,0.48215360649641653,27.62536672925614
4316886.068358378,3.820002104831328,-2.3355468120223697,0.28245580301417655,0.46520725391449624,26.65441224817148
4316886.168330692,3.8450628530344284,-2.3311856797469224,0.2850540171180793,0.4741632425385413,27.16755259769644
4316886.268426822,3.871459503143424,-2.3147693518161017,0.2876772974131136,0.4802234528625792,27.51477707222542
4316886.368454788,3.890087300063726,-2.290145172470804,0.2865183986919448,0.4841278705651123,27.738483728036734
4316886.46830727,3.899139131267804,-2.2537197092253596,0.284595774798385,0.49699915547326134,28.475954030184102
4316886.568316712,3.9191975724998636,-2.2151243904923192,0.2908474870715753,0.5040715245598661,28.88117093000535
4316886.668320515,3.9370607199699736,-2.1923029620039514,0.2941656572718197,0.49607632034760263,28.423079472297434
4316886.767901444,3.9601243986492896,-2.181042754749052,0.2965863340096289,0.49841117792258677,28.556856957108174
4316886.868333254,3.984699436318521,-2.1852784878781293,0.2984318914168179,0.4887956445456364,28.005927476841745
4316886.968353983,4.019820025936042,-2.2028486909466944,0.2985206775253694,0.4852258571201142,27.801393723600448
4316887.068261895,4.050954800533772,-2.2145303884962115,0.29928837291370913,0.4729653416119289,27.09891793032674
4316887.168262537,4.07362776670897,-2.2184416171246437,0.30001576376805184,0.48511168180493847,27.794851959916304
4316887.268410085,4.099952990789437,-2.2059268034150814,0.3007645203277397,0.48883395183442735,28.008122322814053
4316887.368318153,4.122492898259203,-2.17912893614854,0.302195418766819,0.4959700708536327,28.416991824717556
4316887.468285284,4.136468696014234,-2.141845516012054,0.3017206954838787,0.5091671809635364,29.17313053578447
4316887.568392775,4.1574616273064,-2.1018806780110846,0.3077434638739503,0.5209544849944565,29.848493308593735
4316887.668278501,4.175346937550415,-2.0772639400463655,0.3113070391866842,0.5122538509662964,29.34998369969225
4316887.768239558,4.198769426671799,-2.0644237652080455,0.3146631945628359,0.5063807908279067,29.013482140936
4316887.868245507,4.219866711238818,-2.0634281306316846,0.31639040708310096,0.4966820612638228,28.457785870275238
4316887.968208057,4.242108143020372,-2.07730995853396,0.31579864434969657,0.4949286841772705,28.357324763320847
4316888.06822437,4.270748539762385,-2.095162888809142,0.3173508535967107,0.4838428383005529,27.722152582252424
4316888.168401477,4.292928671892772,-2.0969614904396523,0.3199186459729028,0.49970195829935776,28.63081322497546
4316888.268296614,4.311834538276562,-2.0901619499016433,0.3216392171050263,0.5131735841605596,29.402680530001618
4316888.368431113,4.32209904364167,-2.0760416072729937,0.32081639035188925,0.5095935051019145,29.197557109618085
4316888.468398086,4.317013224650658,-2.0513428074737154,0.31848992888110256,0.51012177010736,29.22782446489457
4316888.568263077,4.301739556949743,-2.0192947369441345,0.32581061288027785,0.5085647656936123,29.138614683303583
4316888.668311335,4.299935453751601,-1.9985009026870486,0.3291696299412479,0.4955360032164726,28.392121581085068
4316888.768390855,4.303900420244055,-1.9914739119362428,0.32976104357543506,0.4980542587199118,28.536406993167727
4316888.868305287,4.314569603151828,-2.0002161135415637,0.32830417086335,0.5062726340506962,29.007285214076106
4316888.968349159,4.3299037184193745,-2.0278121570529657,0.32595137708151495,0.5101195131045178,29.22769514815736
4316889.068307355,4.345141025746706,-2.0589283579377264,0.32398697960254885,0.5217623725791265,29.894781857516342
4316889.168250567,4.356946830715442,-2.0636504670322497,0.32849561156786533,0.49571937157520124,28.40262781413646
4316889.268345573,4.378288138016033,-2.0542739967054238,0.3331417269178017,0.49401210027395837,28.304808374091433
4316889.368360293,4.384744910147008,-2.042094343569414,0.3309940801100174,0.48741220889012493,27.92666245255302
4316889.468216651,4.375372731678837,-2.033624903698718,0.32951012336406343,0.4823559538595415,27.6369603791588
4316889.568073833,4.362628008813027,-2.0317170255511483,0.329136664001094,0.48063130968533624,27.538145546815013
4316889.668293764,4.352807280164021,-2.032231505356617,0.3280011365523896,0.48156291821317715,27.591522783618693
4316889.768331015,4.350706965086329,-2.0338312112726276,0.3272455661274037,0.48146070906506283,27.585666630804116
4316889.868356293,4.353069686922266,-2.034239537300426,0.329304175264109,0.4861451166345477,27.854063414054732
4316889.968278663,4.35790014898831,-2.0350641461087835,0.3286659543483023,0.4873493469228515,27.923060727136363
4316890.068227078,4.3621000925059805,-2.035849996402593,0.32905698269678146,0.4853762994545167,27.81001343442181
4316890.168208328,4.363432455071707,-2.0353427530065846,0.32988791708550197,0.4869618571955289,27.900859201156106
4316890.268272837,4.362316809361986,-2.035435272257961,0.3303960780678422,0.48727703570355835,27.918917599459423
4316890.368245033,4.360060198181685,-2.037022137789872,0.330596689978998,0.4865167461149313,27.875356214823356
4316890.468165809,4.35922038962967,-2.0384946184976718,0.3295202239931118,0.48409354833468093,27.736517209089538
4316890.568260681,4.354303742621679,-2.0358788986128076,0.32891860151907526,0.48447543473927457,27.75839768832618
4316890.668209815,4.346509171677748,-2.0291924678822313,0.32692912761799203,0.4919083360227862,28.18427156140877
4316890.768186726,4.350583881950785,-2.03764391628535,0.3244754530700946,0.5091606165095851,29.172754420278252
4316890.868224708,4.3629424682702025,-2.058884945807819,0.322449488654179,0.5376530323506196,30.805249596101216
4316890.968189898,4.38317064744179,-2.0979691645449816,0.3161901818416129,0.572878995142634,32.823548593368514
4316891.068325802,4.395518829844485,-2.130688410738682,0.3200678656140852,0.6162444275290054,35.308204845867536
4316891.168286792,4.410643439668853,-2.1515544464557297,0.3260806896261367,0.6519381498104656,37.35330448770727
4316891.267784021,4.420622766305804,-2.1547379708662056,0.331792142945023,0.6839759268674486,39.188933898053456
4316891.368078661,4.419361617183768,-2.146679577284804,0.33051108811931146,0.7196591165673383,41.23343006742182
4316891.468225172,4.403961348917378,-2.1268672130030395,0.32652229202389643,0.7597884367122493,43.532670746454535
4316891.567922654,4.372778531847316,-2.0995137204254792,0.32505185472338716,0.809700437423573,46.39241773426735
4316891.667218381,4.352135232390616,-2.088560008821774,0.32779423707470884,0.859731386650583,49.25897997000833
4316891.768247621,4.341049693415318,-2.082719758566784,0.32709763994816987,0.8999526946889855,51.56349116710441
4316891.868196643,4.339191395230233,-2.0837148559863903,0.32667513100916074,0.9510132851439052,54.48904749961728
4316891.968327683,4.352709697957361,-2.0929851154056536,0.3265661863626157,1.0061009687512383,57.64533927346948
4316892.068202456,4.3875486387170115,-2.1061312131355803,0.3233711308169742,1.0783541082595112,61.78513922386346
4316892.168325194,4.407762978582582,-2.1117997810064284,0.32324484186450486,1.1221935356502144,64.29695338962097
4316892.268134183,4.406886019204805,-2.1123839670895292,0.3212584200141355,1.1747990134203024,67.31102524511628
4316892.368278315,4.4001666858703095,-2.11069989919357,0.32560552270938603,1.218617705762185,69.82165138008838
4316892.467768031,4.385476150664413,-2.105512790474869,0.3255295979068539,1.262736344109496,72.34946315525333
4316892.568110804,4.354478534449536,-2.1000107928526677,0.3238630052271848,1.3248574273544556,75.90873904397037
4316892.668230954,4.343661894425957,-2.0987211207047674,0.32642255734071685,1.3692637511271655,78.4530339798381
4316892.768198758,4.3384537345798995,-2.099967767681655,0.32809545523781397,1.4134471207268573,80.98455458256707
4316892.868142947,4.347117938791692,-2.1048714376933173,0.32878435060728883,1.4658540296621512,83.98724928188585
4316892.968297705,4.369884071394024,-2.108248810083584,0.32582318255808784,1.5169418383475,86.91436510412812
4316893.068139907,4.407133644267091,-2.1063701105453183,0.3266793090755177,1.5904895570391517,91.1283389779752
4316893.168124902,4.418211051270723,-2.1030810566613023,0.33239360151672276,1.638724508134248,93.89199810074416
4316893.268251813,4.415937852438216,-2.0988268747354453,0.33067105814715286,1.6886482977187347,96.75242054123441
4316893.368085456,4.407383832682631,-2.095232895783822,0.3299575553376653,1.7287495589566624,99.05005356331924
4316893.468231433,4.385126864487448,-2.09828094897067,0.32660468199796244,1.76742773376326,101.26614973900651
4316893.568135139,4.350842923565284,-2.1100088201437828,0.3217820562191548,1.828422635961357,104.76090020677069
4316893.668104266,4.326791771576783,-2.118961110643832,0.3224952549652459,1.864834629157044,106.84715374054262
4316893.768154307,4.314936745777138,-2.1235847975778857,0.3244604848036999,1.8999181775939253,108.85729299631873
4316893.868291684,4.320065906467694,-2.120081127780243,0.3260921461225133,1.943578424152139,111.35884085660496
4316893.968104995,4.340876983303315,-2.116011058125911,0.3265932237755463,1.9903552653684304,114.03895643725205
4316894.068211046,4.375935078665131,-2.1021727789194733,0.32636689953111814,2.038756142127222,116.81212240026363
4316894.168221094,4.4008534631937755,-2.0880608279766624,0.33075830585390587,2.0670788375027516,118.43489330971617
4316894.268108712,4.407915666531038,-2.0858349482531358,0.32960605929755804,2.0987239293729307,120.24802351618119
4316894.368265252,4.403692887295862,-2.087138613740566,0.3286225540943574,2.108274382900099,120.79522419572376
4316894.468201221,4.388055445377811,-2.0968522388242854,0.3249869673487941,2.1199426632251592,121.46376741252526
4316894.568115305,4.360351657652391,-2.121893143352885,0.32158597112445375,2.1328240571550925,122.20181691895587
4316894.668235012,4.34770940114163,-2.1367175339593443,0.3241145907730283,2.1441754110335993,122.85220158795377
4316894.768242569,4.339354876294255,-2.144787325494075,0.32454346815807517,2.1497697152699957,123.17273161001144
4316894.86809492,4.338224900613661,-2.1490550862152267,0.3269566748585093,2.161371354664709,123.83745658276122
4316894.967945092,4.351183028276651,-2.1435366598975887,0.32785133609558126,2.1815748939180843,124.99503411320651
4316895.068182536,4.3753692423636625,-2.1294875791231513,0.32654859862614033,2.201565266442028,126.14039808972278
4316895.168161895,4.395660434084917,-2.1146819924303872,0.3293905095861801,2.212035260408481,126.74028455552798
4316895.268183561,4.400786182168702,-2.107458774851501,0.33019630671545475,2.215852586871616,126.95900125088922
4316895.368195491,4.392036607232227,-2.1085998859863517,0.32889044012689744,2.2112061540892447,126.6927802626681
4316895.468108873,4.371487723253805,-2.1234649341150886,0.3243545723876566,2.203097313729808,126.22817793332703
4316895.568266024,4.349650504313154,-2.1471440594201527,0.3175930431157302,2.204036499115379,126.28198929210062
4316895.668140163,4.335413188709145,-2.1646883802931556,0.32050982634519254,2.206779459023124,126.439149318188
4316895.768119167,4.322939009919645,-2.172087949821624,0.3236789816161594,2.2080145492253176,126.50991477409165
4316895.868109894,4.317371181499649,-2.1742000644075947,0.3281180230546399,2.2096596941775615,126.60417463654248
4316895.968066287,4.323926706125304,-2.1731628057035737,0.3300258973631543,2.20907863710624,126.57088251869953
4316896.068125349,4.346243982198303,-2.163966355952032,0.3311768765692654,2.213288087879606,126.81206628208149
4316896.168046026,4.368299295608394,-2.154881735240861,0.33149149140918815,2.216113849888045,126.97397051907343
4316896.267921713,4.372634881048991,-2.1551410840529046,0.33017525993665714,2.189863703259115,125.46994790563618
4316896.368063815,4.381824235573762,-2.1429325729452997,0.3306495096485742,2.1805471648848966,124.9361495771218
4316896.468067767,4.370948050884613,-2.1525543330359103,0.32552864856737745,2.1599144600406155,123.75398266960536
4316896.568080484,4.352220425371101,-2.1729425108927534,0.32196414427849057,2.142133907012924,122.7352320237101
4316896.668062375,4.317251543088717,-2.2015010201625733,0.3119405202948216,2.117847199799454,121.34370620210832
4316896.768229287,4.282114230417755,-2.2272476292269543,0.3177828413292272,2.094880047113649,120.02778528577913
4316896.86823704,4.256713067200588,-2.2385384450422374,0.3212947835307208,2.0696464769413767,118.58200821286074
4316896.968239241,4.249607890329272,-2.2354039892527195,0.32276331001545217,2.0455859213866163,117.20343992683291
4316897.068234915,4.261689368325031,-2.2311405155772226,0.3212156292657201,2.0348569565778876,116.58871552474838
4316897.167870093,4.29204079749559,-2.2216339046083142,0.3226164187894092,2.0271289150244516,116.14593135983478
4316897.26823076,4.340280696351736,-2.2029120277197465,0.32045300829236556,2.0260150977634783,116.08211433163218
4316897.36821447,4.376665729921077,-2.1929210326078605,0.33127338332985795,2.0084751596957777,115.07714990743209
4316897.468044742,4.391072740731362,-2.1853400602214688,0.3345691883123054,2.003688592670033,114.80289981850042
4316897.568072198,4.382376851558189,-2.182166075290739,0.332346478009521,1.9941099256665247,114.25408262583818
4316897.668243973,4.359546049964865,-2.1859456999853024,0.32660366105063576,1.9764729317590537,113.24355731164215
4316897.768104906,4.327204203004757,-2.195535591086615,0.32197830947244466,1.9571012044788791,112.1336390966097
4316897.868199242,4.306217921579732,-2.204509181813173,0.32342260080102786,1.9555195657197433,112.0430178709969
4316897.96815354,4.297894538487575,-2.2099220551750536,0.32234552282401874,1.9557229993828467,112.05467376130362
4316898.068074474,4.301519189455819,-2.2105866326882997,0.32237160571055706,1.9615212099927823,112.3868867579809
4316898.168235302,4.320181508471154,-2.2086251120518248,0.3229387387690189,1.9617773141005808,112.40156044247372
4316898.268128424,4.352534833560493,-2.2019220237952304,0.3199287169529338,1.9701896543400852,112.8835520340254
4316898.368092647,4.364983902219282,-2.199336877571308,0.3253096652347779,1.945621907279754,111.47592381532348
4316898.468187206,4.355213337737844,-2.1930832431224987,0.33040572424461917,1.9300472414279433,110.5835611946882
4316898.568247044,4.339898309997483,-2.1823426924047564,0.33188494803803453,1.910888905351938,109.48586939503987
4316898.668231111,4.332945356711576,-2.1895865175816644,0.33004049059691337,1.9115243043449748,109.52227507564774
4316898.767898244,4.328438900048601,-2.201362873152716,0.3280077292704329,1.9215108669762848,110.09446296626487
4316898.868087815,4.327065139379934,-2.2054720229297198,0.32660928760134134,1.9253113920410543,110.31221701240985
4316898.968055396,4.332316808154781,-2.203995132894699,0.3273947305720101,1.926557193382541,110.38359617138877
4316899.068190152,4.337727029048493,-2.2016772515449183,0.32688368814233343,1.9235226557581373,110.20972997273678
4316899.16811882,4.342059951450419,-2.196351585670508,0.327376938848351,1.9166111409142788,109.81372934214167
4316899.268239911,4.343283235536245,-2.1919612527595644,0.32837351329356246,1.9181106611848695,109.89964552494084
4316899.36820372,4.343337324079065,-2.1908652731307026,0.3278800647013987,1.922331857141245,110.14150223773885
4316899.468167848,4.3418686250187815,-2.190796738138891,0.32819018880707496,1.9245419725698105,110.2681325240324
4316899.56827252,4.339677506447111,-2.191353224837366,0.3275617551805429,1.9250669337568376,110.29821058445722
4316899.668047662,4.339554352658213,-2.1927103113162465,0.32783950733202755,1.9233756852116621,110.20130918071102
4316899.768194601,4.339103404820087,-2.194123264202812,0.3289616068134469,1.9219326621674468,110.11863005053738
4316899.868077841,4.340603894398347,-2.1950238941419724,0.3286180164122757,1.9194447043526932,109.97608056814539
4316899.968202983,4.34158725510885,-2.195955698154606,0.3278277293266913,1.9199373162951967,110.00430515338859
4316900.06812263,4.342494900323406,-2.1962043803381817,0.3271627310291905,1.920351021821263,110.02800873399342
4316900.168222407,4.340766041696175,-2.194062411511077,0.3268458585653747,1.9207695857331477,110.0519906796009
4316900.268144682,4.341454313778157,-2.1935444962117514,0.3268898592159583,1.9199987142869743,110.00782299918802
4316900.368140198,4.339722814436891,-2.1922290859817526,0.32676818190537915,1.9198379639815024,109.99861268512905
4316900.468209382,4.339204450155016,-2.190251461291429,0.327363561852989,1.9195585229931142,109.98260189587144
4316900.568073635,4.3370260192125185,-2.187072496517755,0.3275614687827048,1.9200810872057652,110.01254261978092
4316900.668140269,4.3329601461503175,-2.1957555596868237,0.32826313628448117,1.9250269309592674,110.29591859298773
4316900.767858079,4.331449289471679,-2.2035392412800974,0.32909561949582317,1.9223565577093071,110.14291747604038
4316900.868032356,4.351220623290272,-2.1962503711884898,0.32790508640477495,1.9330026119229287,110.75289145094835
4316900.968252648,4.385098939057281,-2.178325351985088,0.32247537265910076,1.943021373278895,111.32692419259399
4316901.068191625,4.428565080853624,-2.1467888055295568,0.3135085015546328,1.9488374322718,111.66015982628656
4316901.168254408,4.446259254301119,-2.1256403574497513,0.32177905070082097,1.9584226011433314,112.20934954854549
4316901.268116748,4.451089446827363,-2.1013158879823393,0.32799118420476586,1.9595024763702942,112.27122184145118
4316901.367771487,4.440654496648952,-2.080251771306527,0.32912279595085603,1.9418325208766862,111.25880796748343
4316901.468025968,4.41337356999475,-2.0685050553663635,0.3256247031713056,1.9311513909786617,110.64682430389564
4316901.567819315,4.372198011419932,-2.0672038230355874,0.32168985132350364,1.9355054797957643,110.89629521674073
4316901.667823789,4.3326566364571555,-2.0609407969714924,0.32410219152667996,1.9441434841326157,111.39121640865801
4316901.767690939,4.309932995270562,-2.052012319634681,0.3252127617550621,1.9525783321293713,111.87449759970649
4316901.868241892,4.30144122712078,-2.040141672350548,0.3266053230324427,1.9539923541154958,111.95551509165013
4316901.968204484,4.306053890724926,-2.025045234751007,0.3268419368278454,1.9464088490642077,111.52101225829517
4316902.068116132,4.3252764939799375,-1.9990934034571592,0.3238086254296679,1.9324767008389996,110.72275896544006
4316902.167903588,4.3452841078849636,-1.9609544787752833,0.32435433158512783,1.9099019522578053,109.4293211481687
4316902.267593806,4.359390461710729,-1.9308300732466968,0.32476309628097055,1.917075775771425,109.84035095847081
4316902.367931879,4.353366219214964,-1.9038339815853387,0.32544194418999084,1.9173603937691737,109.85665836851527
4316902.468079594,4.3338622315714845,-1.8852904019835812,0.32543446187753766,1.9257714706377995,110.33857757424765
4316902.568212038,4.305556223454737,-1.8736489054179573,0.31987635793823105,1.9363482597022352,110.94458294843994
4316902.66772772,4.274625831362914,-1.8560431669828141,0.31817208819567383,1.953806767429964,111.94488175783533
4316902.768187528,4.245975918420375,-1.837708715488916,0.3186439651053658,1.9449174517909065,111.43556148895769
4316902.868153735,4.227271692299845,-1.8173174258047007,0.32112430939534137,1.9483515463654162,111.63232061452588
4316902.968122755,4.225252997431188,-1.791892186776161,0.3229877781855782,1.9372247556683595,110.9948024680591
4316903.068133288,4.237006293954682,-1.7589498608909446,0.3226291837974935,1.929282724487243,110.53975760061982
4316903.168180994,4.249909482159384,-1.7198635063575938,0.3229220399563678,1.9101714917941468,109.44476462601297
4316903.267811415,4.265223472155126,-1.6909195011124944,0.3233437063322758,1.9203424580350652,110.02751806518764
4316903.368056488,4.262668618863458,-1.660378720331837,0.3249234349328183,1.922803793629118,110.1685422066922
4316903.468177347,4.244422349865981,-1.635173825487379,0.32193894718795507,1.9325325358144174,110.72595807388073
4316903.568142887,4.209917448008484,-1.6164356588629674,0.31544361741989374,1.9432366416090725,111.33925815937599
4316903.668231274,4.170023821307594,-1.5916338288070868,0.3120967307982655,1.9630689147878446,112.47556371067013
4316903.7681626,4.142446094082881,-1.5658487751594257,0.31316649415830455,1.9462588507761462,111.51241798945506
4316903.868226086,4.129021048687056,-1.5389369303127076,0.31439485063716693,1.9492185131634823,111.68199415303303
4316903.968257642,4.1290235644773245,-1.5100113244997913,0.31472333527611657,1.9337039331607628,110.79307419795914
4316904.068073028,4.142649741320314,-1.4774377078361594,0.312372815937847,1.9304812233660051,110.60842652812406
4316904.167961833,4.15776745091189,-1.429591462228401,0.3133463908973885,1.910832342217684,109.48262856617109
4316904.268179491,4.173553356483792,-1.3945085043652232,0.31522009132483547,1.9289945047792654,110.52324382778022
4316904.368086171,4.169757195828432,-1.3625548462702954,0.3170767658935377,1.9402500459788359,111.16813883465122
4316904.468121732,4.149443290225754,-1.3329039718249602,0.3155436648173424,1.949678937862569,111.70837454507428
4316904.568082666,4.115859438859894,-1.3148500590209629,0.30893495513364105,1.9617773625033754,112.40156321574958
4316904.668178053,4.068804748528732,-1.290801046879511,0.3042049956653597,1.9879761403842708,113.90264261672557
4316904.768108582,4.0290834547582515,-1.2692502756540698,0.3043565913887774,1.971854265518215,112.97892722906253
4316904.868210437,4.008798929222179,-1.2454823282386962,0.30505481889718683,1.9698491272006926,112.86404126612854
4316904.968193481,4.0041652239287595,-1.214540916501886,0.3067467347928107,1.9557122944161032,112.05406041188938
4316905.068024845,4.014015668965414,-1.1811115511030543,0.30879406348917926,1.946107597506018,111.50375181543917
4316905.168077386,4.026010282138345,-1.1309916384295415,0.30841690868417987,1.9315775287609191,110.67124020031005
4316905.268066088,4.029330409411898,-1.100633909852827,0.31116106761988643,1.9321401201339918,110.7034743115776
4316905.367812758,4.023236543774337,-1.0756024313285526,0.3132987420543399,1.9329096195930073,110.74756338291678
4316905.46820881,4.005754657532661,-1.0502403704009384,0.3126693708289708,1.9426457746477044,111.30540397623588
4316905.568124679,3.975034715196748,-1.0310987344668843,0.30835359890004455,1.9531785842653997,111.90888951374463
4316905.668081188,3.938708881641756,-1.0076569605405374,0.3031136413479659,1.9714045586009077,112.95316092068299
4316905.768183715,3.9047995533984587,-0.9909488475156055,0.30710468765529303,1.9566410382509116,112.10727351387271
4316905.868127495,3.8904336812271634,-0.9686798655540428,0.30786502565189156,1.9591834785630406,112.25294461342162
4316905.968057256,3.89005329866447,-0.9405591585764885,0.30811397686114556,1.9505512147155375,111.75835232731633
4316906.068228323,3.909973395636287,-0.9085592357514832,0.30696564317362124,1.946910226202526,111.54973905226515
4316906.168050343,3.933030407913054,-0.8706564929798966,0.3051974314742353,1.9303416732017518,110.60043089268198
4316906.268256613,3.935579326323507,-0.8521621848966561,0.31476645941716835,1.929160716609751,110.53276706417219
4316906.368174084,3.9285277712408435,-0.8275841665543862,0.31841573352044705,1.933248935891636,110.7670047747482
4316906.468282213,3.9087379059307548,-0.7991980161139439,0.3166003055606281,1.9357091528169454,110.90796482125508
4316906.568227748,3.8791872434816597,-0.7755983448679323,0.3110542862388752,1.9379237237614313,111.03485038980642
4316906.668089604,3.841125777223244,-0.7561146683098895,0.3063974725989136,1.9595679710384812,112.2749744095189
4316906.767804292,3.8096336759851472,-0.7336678776940387,0.307322893950093,1.9483447879688747,111.63193338692777
4316906.868113781,3.793529162550102,-0.7122470294046559,0.30667887064878807,1.9486248770767411,111.64798131069611
4316906.967633875,3.792385895591799,-0.6861396956114749,0.30622432653395787,1.9432931375865639,111.3424951404457
4316907.068039931,3.806526926478578,-0.6615040473655641,0.3063177336858797,1.9363988719903342,110.9474828189395
4316907.168040889,3.8312467305086657,-0.6217066655303657,0.3023830412329563,1.930170864608427,110.5906442811799
4316907.268241608,3.8417149951650598,-0.5936499207551486,0.3078456112665287,1.9270255503210578,110.41043104727146
4316907.368223299,3.8416094968941996,-0.5685226456788949,0.3090828477039976,1.9382950017354141,111.0561230507418
4316907.468106214,3.8254588761960124,-0.5453757038973656,0.30915458831911286,1.9468033517548882,111.54361559747773
4316907.568220195,3.7965046898898502,-0.5311862980147648,0.30569876756446357,1.9546035638253842,111.99053482842415
4316907.66807562,3.7523446656988937,-0.519477910983988,0.3009441707924664,1.9693303339908028,112.83431660476181
4316907.768187622,3.717266937315701,-0.49827966415224195,0.30581504408347254,1.9672305375735692,112.71400713221763
4316907.868162249,3.700406348899411,-0.48636938068407637,0.30739555482441727,1.9668503515741755,112.69222407902241
4316907.968160037,3.6983631911659125,-0.46604987621548377,0.30610934625383546,1.9612627141894798,112.37207603942983
4316908.068706179,3.7088939201624678,-0.44019065803756047,0.30467385765655286,1.9540700812926075,111.9599685308521
4316908.168016082,3.7306213558596863,-0.40401812371479273,0.29924982958950935,1.9543525508164015,111.97615284240655
4316908.268169028,3.741035691412188,-0.3677424617116556,0.30279292344662784,1.9343012363008112,110.82729714697383
4316908.368167881,3.739274667130027,-0.3368680257304775,0.301834640186315,1.9411681538539998,111.22074254103583
4316908.468130405,3.7217225601743302,-0.30623572350434175,0.3001543665394922,1.9477502525810273,111.59786901843295
4316908.568081188,3.691741622717422,-0.283910370697854,0.2972142154680831,1.958817142006553,112.23195507485353
4316908.668179978,3.650833626112665,-0.26119277545489283,0.291568210329227,1.9722651626244785,113.00246989906557
4316908.768213636,3.6138312194892026,-0.23728087708383558,0.2982995619577655,1.9765729159715433,113.24928598503574
4316908.867931848,3.597579605580245,-0.21745406195060826,0.30235998201679976,1.9749928869272275,113.15875698928835
4316908.968216422,3.592421612484071,-0.18956043527645172,0.3035968391796839,1.9713641393262016,112.95084506683135
4316909.068689865,3.6025208080373523,-0.15837633504520066,0.3019271457674083,1.9585356077733487,112.21582435150246
4316909.168140388,3.62378439381603,-0.11225145212446197,0.2962234289241678,1.9534583362635094,111.92491812254666
4316909.268186404,3.631546749102701,-0.07195634350002858,0.2999197652324772,1.9432470892015568,111.33985676233141
4316909.368130889,3.63344480361634,-0.03638992336454162,0.2987517833873721,1.9526573217874346,111.87902337373869
4316909.468096839,3.6168998640394014,-0.0013788952107208438,0.29673093813015217,1.9636297971971841,112.50769990552841
4316909.56813543,3.586055762864347,0.026132472591525596,0.29021185526451154,1.9782533911920503,113.3455701227471
4316909.668093319,3.5389801424592258,0.05136642883499781,0.28567914554572754,1.9865175061299536,113.81906903009998
4316909.76825991,3.498326377569863,0.08036691898012278,0.28691234364643753,1.9846782765976512,113.71368894034323
4316909.868184803,3.4752570868989725,0.09659917744953206,0.28911669278145286,1.9687933201057215,112.80354797560672
4316909.968224681,3.4707666427981194,0.11326184743871115,0.2916680642879792,1.9605852766550735,112.3332617278246
4316910.068266503,3.48472738550192,0.12839771246785153,0.2952650704708469,1.965447649612605,112.6118551767097
4316910.16807843,3.5137087604555672,0.15186291423905274,0.2927487148311148,1.9759333959075462,113.21264418445477
4316910.26867191,3.5352852225286986,0.17171528949647416,0.2975051026106884,1.96798284347845,112.75711108547007
4316910.368207721,3.5427995132493946,0.18798381893707422,0.29676794363084513,1.986361092903774,113.81010721237988
4316910.468157478,3.5363500505333936,0.20240186668211033,0.2966339570494706,1.9822988610577879,113.57735847220123
4316910.56826868,3.5166642906843855,0.2083161818433294,0.29337369895293425,1.974487855517198,113.12982082097213
4316910.667933565,3.4825619031498793,0.20215305098682596,0.2897985620739553,1.976989533513416,113.27315641185616
4316910.768071305,3.4571532188804794,0.19569953757375866,0.2937038682700173,1.9799019996991643,113.4400284322741
4316910.868216599,3.446822765518133,0.1952762877874991,0.29560099081904656,1.9710018649109078,112.93008827180944
4316910.96775872,3.4457893241042026,0.20606487786950578,0.29606397783777355,1.978075247901605,113.33536326405601
4316911.067630349,3.462993643145556,0.21822715867738585,0.2967062106475891,1.9790128388029045,113.38908326561034
4316911.168632584,3.497735494999604,0.23197521771154678,0.29334582176215995,1.9906630621522183,114.05659189391079
4316911.268172906,3.5096276875814043,0.2327232759498633,0.2958608089487363,1.9851887124580674,113.74293476085721
4316911.36811969,3.499363511649502,0.24164138003251623,0.29845140072476556,1.9606778396730642,112.33856519809446
4316911.468197261,3.4901014399156702,0.2606288659191473,0.30360670577639565,1.95370641894709,111.93913221328611
4316911.567753788,3.4885626578688944,0.26592322345065755,0.30685857795787436,1.9458951691756365,111.4915805686593
4316911.66806639,3.5083495709141994,0.27306164418181456,0.3069121985209919,1.9718608230931673,112.97930295043115
4316911.767580122,3.5033435764004506,0.27076974564246087,0.30470448609652795,1.9892551550357183,113.97592475818891
4316911.867672069,3.4874059497255296,0.2624756949431499,0.3018233506072773,1.995926547686073,114.35816740052883
4316911.967431371,3.4573019303650563,0.24992648138036644,0.2952423229771847,2.0030455941522183,114.76605871719647
4316912.068590916,3.420469948186652,0.23207705011438456,0.2911115560734563,2.027114966317214,116.14513215778038
4316912.168164552,3.3941533615221915,0.21957282264313022,0.2907647214277573,2.029044248577906,116.25567188880751
4316912.267957651,3.380425509184731,0.2160061706525121,0.2915281690955859,2.043482722985226,117.08293553495459
4316912.368202258,3.386894984737945,0.2211441076990479,0.2928141976657623,2.0663844448329014,118.39510754040894
4316912.467837429,3.4080368188689025,0.22957211381771725,0.292920019767948,2.0904937387434344,119.77646832852294
4316912.568061675,3.4443430584135024,0.24765574165705745,0.2924518937625817,2.11861022528012,121.38742434181144
4316912.667733754,3.4720842047800096,0.2653289997291563,0.29751475516177694,2.130179628950235,122.05030234359218
4316912.767768857,3.482514948049252,0.2777730709407432,0.2992281003555374,2.152107786961904,123.3066932501568
4316912.868150794,3.4835901429417633,0.2830248933446291,0.2990828876451305,2.1529358411394193,123.3541372597366
4316912.968191816,3.47266908133858,0.27890040340661787,0.2949742651950027,2.1563841482651154,123.55171070450388
4316913.068108485,3.44631480865975,0.2638674473526252,0.2920335675045922,2.16188922239316,123.86712821794748
4316913.168071176,3.422574782228638,0.24504323500762615,0.2968863244033996,2.1794243930158372,124.87181948766869
4316913.268079463,3.412667372388774,0.2305931718675483,0.297071756113651,2.184322503106147,125.15246052343387
4316913.368232934,3.4184630612698648,0.2252450831446864,0.2967359371367458,2.1915626457946558,125.56729014255792
4316913.468089481,3.43680547539407,0.23224136825569786,0.2946624151366077,2.2012719288911495,126.12359108608473
4316913.567898024,3.4660491938237805,0.25497701010465984,0.2900081125880072,2.2254649916146234,127.50975147363506
4316913.66818516,3.480348436546619,0.2656809436562422,0.29153389896906995,2.234107934845556,128.00495564333866
4316913.768092232,3.471926118140174,0.26719501608193325,0.29399522001082734,2.244005542787342,128.57204680567818
4316913.868202215,3.4614038319538523,0.27636898623978884,0.2970297996061024,2.237607211304161,128.20544941576622
4316913.968132516,3.4562157697218687,0.2698201472097191,0.29753146183155443,2.232137815898472,127.892076142532
4316914.068678215,3.4549036041569896,0.2580062707578669,0.29923932744084314,2.233270346999236,127.95696539477308
4316914.168053544,3.4530351663265404,0.2503018881437428,0.3007106184506696,2.2342162266973165,128.0111603094002
4316914.268115463,3.4522177214161407,0.24854496471144766,0.2995937277883198,2.2395061796461238,128.31425228718965
4316914.368092294,3.4529129996799743,0.25219594070214396,0.29960271793894167,2.2418002131475885,128.4456907248852
4316914.468078908,3.450986843253702,0.2566488060801585,0.3004737970290448,2.238709076681164,128.2685816514601
4316914.568115562,3.4521930041752484,0.26081387366111414,0.29938097586606527,2.2350964800518294,128.06159511151603
4316914.668093291,3.453468100370889,0.2642786550208926,0.2995389161392637,2.2343216391005116,128.0171999952116
4316914.768535972,3.453803495095177,0.2657262375510629,0.2991283221649357,2.23486487172205,128.04832493171958
4316914.868117866,3.4531962379428514,0.2645699433121296,0.2972205089719703,2.235425593775398,128.08045193885633
4316914.968658573,3.4540087698800774,0.2617505202650087,0.2986683453427483,2.2359866780784414,128.11259970137175
4316915.068557222,3.456444467042376,0.26063435552150055,0.29918019933421913,2.234578891674392,128.03193948196383
4316915.168120068,3.456494485379438,0.2596302056404292,0.2994862234668745,2.2346788009215546,128.03766386016056
4316915.268579272,3.455878310587487,0.2588532134224782,0.2994574361994719,2.2347273013794293,128.04044273170126
4316915.367972888,3.454962721864008,0.258958163279748,0.2997499939211838,2.2343106593056223,128.01657089930453
4316915.468036502,3.4529847909276103,0.25859955432202175,0.2999812603328574,2.234904810942022,128.05061328046105
4316915.568259141,3.4522223402049117,0.25775158905649176,0.29746253201146977,2.2347041592160735,128.03911678341217
4316915.668511396,3.451949136499974,0.25630811191493275,0.2972154076616739,2.234473345825312,128.02589215026643
4316915.768138663,3.4498567624644094,0.2559494316237697,0.2966905008163031,2.2351163394291387,128.0627329700196
4316915.86854644,3.44884312563637,0.25628173922521297,0.29616083928977804,2.2347426339699243,128.04132122442562
4316915.968491875,3.4463772244695483,0.25580624623682713,0.2966371369325032,2.2354497693805606,128.08183709899933
4316916.068001733,3.4464734784329694,0.2557827893034925,0.2990983141376452,2.234721857236032,128.04013080526153
4316916.168087747,3.446614490510444,0.2558184578573574,0.2991743947719836,2.2355607137002957,128.0881937402811
4316916.268094888,3.4471611686196635,0.25530812023676114,0.2990892729832752,2.235390056773802,128.07841581864832
4316916.367805102,3.4471593685537005,0.2541943558740612,0.2982802914809321,2.235104745847406,128.06206870671687
4316916.468226314,3.4605832939259833,0.25843756483906677,0.30079063802271794,2.2350492268620417,128.05888770317264
4316916.56809332,3.4711743976189307,0.25780754059495825,0.2982427418804753,2.231788120667612,127.87204008168786
4316916.668386832,3.4674139993497546,0.23928255840262364,0.2958415131154694,2.2205872779010485,127.23027906417414
4316916.768270089,3.4451369878482776,0.22029548834148316,0.29211035904294996,2.214885144682229,126.90357089651444
4316916.868087559,3.4026563058378354,0.19415990630925117,0.2804450524180538,2.198647796665465,125.97323938466873
4316916.968060936,3.3591667333047175,0.1662115412567957,0.2813530642692912,2.19542329492403,125.78848904385192
4316917.067886442,3.332740141317767,0.15000872026644538,0.28234252170016066,2.1860466433424994,125.25124648226556
4316917.168106922,3.328770967570289,0.14800427341001837,0.2846097467019795,2.1858789451191143,125.24163808183374
4316917.268215202,3.3429621234916906,0.15522998230566395,0.2855780266587056,2.1941552128650503,125.71583329379614
4316917.368273225,3.371618902053908,0.1683773681501561,0.28695452023583723,2.2022483454365056,126.17953563318038
4316917.468125251,3.4029900581887302,0.18329943118466752,0.2865351965622394,2.2164014097181863,126.99044648369804
4316917.568559913,3.4174108354326984,0.19154718644484667,0.28842379570427346,2.1874967918385377,125.3343338707558
4316917.66850161,3.4019507384220606,0.19897476567541553,0.29360973167001236,2.1902344825384628,125.49119199347372
4316917.768120516,3.3820882619344763,0.19696416326304506,0.2942883006234575,2.175156849080081,124.62730723126319
4316917.867990639,3.371443770159772,0.18262917117402375,0.29387172798675487,2.184514558836694,125.16346450622551
4316917.967952442,3.3657242773256786,0.16483700761783932,0.2934697966977224,2.1890454706138,125.42306662839982
4316918.068114921,3.3604299593751037,0.1530021295877022,0.2921804907496388,2.1911433518858017,125.54326637120505
4316918.168445467,3.3592543232397807,0.14979296828235947,0.2921253121946726,2.193204107299827,125.66133895903744
4316918.268466793,3.361491104143685,0.15241593284601532,0.29203871393756425,2.191329042582686,125.55390566443135
4316918.368181258,3.363048161984668,0.15874646584449473,0.2916256942055375,2.187931658615495,125.3592499017259
4316918.468524933,3.363739871709419,0.16646839315365156,0.2929240636673149,2.187765971868677,125.34975675041197
4316918.568512425,3.3634392547676293,0.1706037481312863,0.29373697204282384,2.187952970964583,125.36047100938016
4316918.668446214,3.3636721773511917,0.17206034792332175,0.2931310791187751,2.188430423712337,125.38782703674339
4316918.768621608,3.3643365723631935,0.1733574923958323,0.29229649639120314,2.1881013271682277,125.36897119371358
4316918.868474915,3.3704631859729504,0.1743367989292424,0.293288424511359,2.1873088054708703,125.32356304528246
4316918.968158887,3.3885298969975524,0.17970217850592704,0.2952268146419432,2.1987040493971373,125.97646242877964
4316919.068472037,3.3855468135276183,0.17009307438234744,0.29343213672661317,2.2077679425389922,126.4957852517655
4316919.168460593,3.3670339102294338,0.15987204924741216,0.2907362286128369,2.198098079824631,125.94174292976167
4316919.268142159,3.3254638318669585,0.1480304309382452,0.282151766177957,2.174782871925649,124.60587991867993
4316919.368436424,3.2804207097965397,0.13386735486389276,0.27979663760020224,2.161103718873609,123.82212218148454
4316919.468221481,3.2460481576092284,0.12543036372186597,0.2812390436085883,2.1538899684857924,123.40880472980179
4316919.568423594,3.2264691496639726,0.13437895689932375,0.2854915350457422,2.1694388385774905,124.29968936225329
4316919.668563144,3.227347994040461,0.160134717672686,0.2862943739515427,2.184855201403784,125.18298188764228
4316919.768456135,3.2440462709443962,0.1961751364016938,0.2844085989197263,2.1899646317055073,125.47573067964727
4316919.867941326,3.2712267546621017,0.2515414257787164,0.27865686804213324,2.1879665280671885,125.36124777414187
4316919.968452613,3.2850201026364263,0.2915932164651419,0.28120300654432306,2.1617734562518014,123.86049530663713
4316920.067914766,3.281214895649079,0.3250338898079578,0.2810326550420172,2.1582991288858886,123.66143101192353
4316920.168149575,3.261156288827556,0.34693220932183333,0.2810780398320761,2.158494795977057,123.67264191043706
4316920.268391204,3.2258775338288785,0.3552875162846002,0.2778746382672093,2.17767531890367,124.7716049229859
4316920.368147952,3.175272452330213,0.35497760457058725,0.27486169352795464,2.1933467445084824,125.66951146909491
4316920.468411462,3.129801767385246,0.3654512005214127,0.2822159937641556,2.194815227855222,125.75364936714834
4316920.56852273,3.1018018055846435,0.37717510817801997,0.2849425876290174,2.1885945041393855,125.39722815271396
4316920.66814196,3.0866217506023172,0.40073740831358756,0.28483494999606906,2.1858553159165415,125.24028422825306
4316920.76849642,3.085768846243763,0.4332285340062088,0.2821117001529768,2.1716815805459557,124.42818901158321
4316920.868476088,3.0919810582180887,0.48230950319246485,0.27514930719373604,2.1687188652444145,124.25843792890606
4316920.968059596,3.095401074843558,0.5317924907399494,0.27824846907676193,2.1409124581501,122.6652481589792
4316921.068513638,3.089620714777529,0.5667470022822492,0.2794736521170232,2.1505656311518244,123.21833423088766
4316921.168361458,3.071435380004511,0.5962367259251266,0.2773696473750753,2.1505065685823643,123.2149501949304
4316921.268420488,3.0390818531548858,0.6174975388268814,0.2735536815388194,2.1648934122702586,124.03925561876116
4316921.368520168,2.992751946749303,0.6308832274458755,0.26635388736364785,2.180973557470186,124.96058007267455
4316921.46813126,2.9454341123886083,0.653331557121869,0.2689812927676019,2.1966648514724767,125.85962499410475
4316921.567547215,2.917853709096856,0.6703000476641227,0.2718753432057536,2.1894670923406023,125.44722377389661
4316921.668484562,2.9021080182102286,0.6965251940925576,0.2737851093324333,2.1864943826882604,125.27690005709961
4316921.768136061,2.899672025927482,0.7289675524509581,0.2729346511098352,2.168401658318678,124.24026331082905
4316921.868008051,2.90388360986704,0.7731214159473215,0.2684648702665477,2.1662082254562067,124.11458886516414
4316921.968407353,2.899342002780226,0.8126610950276235,0.2740381221145072,2.1451455788327776,122.90778810826617
4316922.06844315,2.8908994801817975,0.8398835167809291,0.27235033905205347,2.155115287919667,123.47901036191817
4316922.168382214,2.8702064642170644,0.8655400685359664,0.26830238009291785,2.161709578214894,123.85683536471875
4316922.268516133,2.834958050770709,0.8873530681166523,0.2630872812968699,2.1745477329565155,124.59240744814953
4316922.367924125,2.783267776573026,0.9029795076940972,0.25349539630970724,2.1823318211622693,125.03840284969678
4316922.468123171,2.7334867981913757,0.924392642177627,0.2555495551120961,2.1891297815039827,125.42789728657428
4316922.568452971,2.702995463935901,0.9403519307942203,0.2583565474483627,2.1791265538372966,124.85475455976466
4316922.668208805,2.6848254025096767,0.965731614738296,0.2591901764326833,2.1714754106964396,124.41637634934308
4316922.768074224,2.6795571938699307,0.995468857314749,0.2596591994770604,2.1611931240332787,123.8272447198003
4316922.868427013,2.687414797650209,1.0344682337660556,0.25842203360806865,2.158943844795136,123.69837051250833
4316922.968391771,2.69215441799253,1.0798820406909757,0.2646435054466295,2.138747052785459,122.5411795706503
4316923.068416197,2.6853362685762834,1.1100798417903444,0.26502514553443013,2.1515846185222,123.27671790658731
4316923.168506505,2.670204668394019,1.1353796104348666,0.26369047206736684,2.16549760734391,124.07387344648399
4316923.268451525,2.648435361853187,1.1509805193121152,0.25711534521725965,2.1676505028990234,124.19722527552446
4316923.368070275,2.6187608194738585,1.1545753607514797,0.25221816439768213,2.169790927436236,124.31986256787299
4316923.468459848,2.5902844837923134,1.1580835714000237,0.2567660838986776,2.1737466619543944,124.54650946063768
4316923.568403511,2.574158521464236,1.159494299249824,0.2576604730897973,2.155764514363813,123.51620829711601
4316923.668327081,2.567081675637102,1.1655046004236103,0.25848935576243975,2.1525417528390776,123.33155766337153
4316923.768062184,2.5717994184539537,1.176458968713767,0.2573675712653396,2.1567583956858476,123.57315350220549
4316923.868439747,2.5938817861681334,1.1883992007914304,0.25488376546404024,2.160586682494478,123.79249817910562
4316923.968477318,2.6161281003446293,1.2054909350993674,0.25783656702313534,2.154151393922945,123.42378330400801
4316924.068404547,2.6196558765660916,1.212115595477228,0.2572506088287863,2.150871930119854,123.23588386902496
4316924.16832868,2.60978085916671,1.2206820219292773,0.25756581664269323,2.15456282588621,123.44735661905986
4316924.268343177,2.5922019414689785,1.2210609858981174,0.25735012901372034,2.151043815569986,123.24573217987722
4316924.368046535,2.5622411461339962,1.2080568228935091,0.2495575801432402,2.1447024731842483,122.88240002472705
4316924.46843873,2.5361411040587574,1.1921188450400457,0.25424124653100666,2.1408596518388507,122.66222258021298
4316924.568201758,2.5207654549606664,1.1866419380645943,0.25671133238256627,2.131912385650683,122.14958198945088
4316924.668360393,2.517092137461228,1.1888731062449127,0.25763581023154597,2.134395444279338,122.29185076915633
4316924.768317094,2.5284920146518823,1.197135632267269,0.25912415639324105,2.1378779182970287,122.49138183263398
4316924.868378885,2.5521419180129437,1.2094340560880477,0.2601297602948957,2.1440992777598895,122.84783947268969
4316924.968328809,2.5796995009638284,1.2247784805255382,0.2587917260918537,2.155601266159158,123.50685486397622
4316925.068462095,2.5830787938528808,1.2312983612936559,0.2591904144600264,2.1360748750077594,122.38807506187946
4316925.168371624,2.568214322544574,1.2431688398130731,0.2649284261294727,2.1354607851678966,122.35289030581346
4316925.269343594,2.553031228141634,1.2497365680953252,0.2644820017532819,2.126005243340543,121.81112766609668
4316925.368389447,2.5496427494256517,1.2429477663751352,0.26363324562554713,2.12881393963003,121.97205410941834
4316925.46836401,2.5515628397354972,1.2302920758099247,0.2637087800759883,2.1333447966685943,122.23165309530522
4316925.568327556,2.5535659952948775,1.2220827792989306,0.2636956936506043,2.132804792764034,122.20071315065333
4316925.66813137,2.5566833322993796,1.2234709280677187,0.26487338916998454,2.137526028848943,122.47122005240348
4316925.768079716,2.5734405541643697,1.229266861121866,0.26821403943010325,2.1433076646436273,122.80248338212066
4316925.868320771,2.584529838428795,1.232439308452304,0.27150143596334375,2.162538241075171,123.90431424925187
4316925.96837201,2.5794818962358956,1.2222366794225672,0.2677571561726623,2.1798033994774495,124.89353495832725
4316926.068340618,2.558728790936981,1.2095645134148794,0.26350974380515585,2.2075851560289967,126.48531235619083
4316926.168372197,2.5250834697229934,1.1913764952638348,0.254010065780393,2.2368131648511067,128.15995390526888
4316926.268269833,2.499375606515642,1.174671647986133,0.2586017495913091,2.2889205957037997,131.14548977439796
4316926.369230234,2.4820634717305965,1.163398453056066,0.2556896505921595,2.333912983886587,133.72336372748595
4316926.468505221,2.4762409411356288,1.1634752707839866,0.25723158634972676,2.3884126750572343,136.84596601633044
4316926.568327045,2.485816870090925,1.1734076355918126,0.256940923144273,2.459044338376464,140.8928622245113
4316926.668443365,2.505335586455974,1.1930506313562084,0.2562001382935946,2.541008697794663,145.58907408966746
4316926.768346022,2.52911253433221,1.226667837336306,0.26138744275593556,2.636373146397475,151.05305451020084
4316926.86819826,2.539657647309428,1.249861631915892,0.26234167786197543,2.7118066957820894,155.37507852363092
4316926.969298276,2.5393887598341895,1.2601338139516451,0.26171163372881256,2.7898420817760177,159.84617679375728
4316927.068340332,2.533599343813256,1.262558339792079,0.2603312663184957,2.8669565364537704,164.2645095862454
4316927.168248457,2.5255591429035475,1.243482277925035,0.25622108801402993,2.9549168963403685,169.3042669721993
4316927.269284041,2.5183350363380046,1.211605947723715,0.25378667725676196,3.061304524376989,175.3998290511053
4316927.36819845,2.5123929316881957,1.1866793850720678,0.25235100638604685,-3.1309706818765486,-179.39140585072374
4316927.468326051,2.508988126115815,1.176180070564485,0.2504779025847609,-3.0444528523020433,-174.43429936347246
4316927.5693218,2.510579687165717,1.1799616602389915,0.25178127032932607,-2.9539748785576463,-169.25029332902304
4316927.669259619,2.5074182208971147,1.2015960108822334,0.25181507412156584,-2.8563610550694314,-163.65743322101335
4316927.768306052,2.4945717150318285,1.234482729688903,0.25490473112788564,-2.741317506464566,-157.06592342574638
4316927.868256423,2.481245176072797,1.2507079499555622,0.25675945121255545,-2.6507735384182585,-151.87813619632558
4316927.968267722,2.4804516886043917,1.251318144946329,0.25811582931062604,-2.5814340480939286,-147.90527604715328
4316928.068240355,2.485445706189178,1.2434137554771791,0.2600369905263377,-2.532794425133762,-145.11843093442812
4316928.169286821,2.50745898816852,1.2201534224555894,0.25623716334285007,-2.486847468479466,-142.48586423666643
4316928.268322385,2.538276390598545,1.1900404246750331,0.25846565688335715,-2.4326874843191697,-139.38272572578606
4316928.367859051,2.557224004768962,1.1646310378762936,0.2594549527671012,-2.3891457466934365,-136.88796792716556
4316928.468250821,2.5678927709193733,1.1511236258169573,0.25970533736089846,-2.3586499629227737,-135.14068822416303
4316928.569232264,2.566702478925712,1.1542264943908163,0.25896225258241623,-2.326997605796895,-133.32714174920935
4316928.668324035,2.554637230755648,1.1664975546395737,0.2578756295960728,-2.2964075138592683,-131.5744585862662
4316928.76824167,2.5296306656457235,1.189069909108945,0.25618131570062547,-2.2561945903619556,-129.2704277879877
4316928.868219267,2.5064473856176885,1.2065196824722495,0.2563086913737126,-2.238268523175909,-128.24333979495927
4316928.968388327,2.5022122532895033,1.2125772750859356,0.25366774531202224,-2.2161168487795058,-126.97414234289737
4316929.068128524,2.509871500212052,1.2073758703924578,0.2544383386634189,-2.2060502655683174,-126.39736961077902
4316929.169217257,2.5302514278167063,1.1930110162662346,0.2538369329817453,-2.2039705586271103,-126.2782111804238
4316929.268178809,2.5621099040981807,1.1779725751854462,0.25506769555054287,-2.1928625167537596,-125.6417672624262
4316929.369244037,2.583261185481328,1.1641266033194069,0.2589988609907839,-2.1902773669167286,-125.4936490873554
4316929.469210276,2.5916226517080125,1.1582391905932168,0.260889808277045,-2.185692728583881,-125.23096866028934
4316929.568242439,2.590536057088175,1.1600205123605034,0.2616583569211968,-2.188096400281369,-125.36868890389046
4316929.668188803,2.579863029725281,1.1715287358971174,0.26059733965590415,-2.2054419405923564,-126.36251515708406
4316929.768338217,2.5592868051237296,1.189152598410133,0.2576474912626406,-2.2336510333306068,-127.97877711487894
4316929.868346275,2.5417698623798413,1.201697730423344,0.25799726719193683,-2.2796837944787534,-130.61626004800152
4316929.968239879,2.5413044505782887,1.2039864790823722,0.2557278638600302,-2.3211134182674558,-132.990002637909
4316930.068275813,2.546689124532592,1.1987708736321663,0.2573668161481678,-2.382755394099801,-136.52182769394977
4316930.168104757,2.5671662285735093,1.181766929069389,0.2573090364607267,-2.4533909729745615,-140.568948246937
4316930.268189001,2.595987470743412,1.157432631450511,0.259276531653783,-2.5191445495305276,-144.3363506714842
4316930.368242728,2.6130767209530035,1.1374114939455693,0.2650616279234958,-2.5647625347854652,-146.95006869648213
4316930.46815762,2.6217704711328595,1.1294360662484582,0.26546522099282044,-2.6054960861059593,-149.283929271726
4316930.568179588,2.6243294724020614,1.1326509485698737,0.26602733392842226,-2.6247174473401818,-150.3852321469433
4316930.668149731,2.618974363031405,1.1517273193866189,0.26467966749455196,-2.6477394319105323,-151.7042946988397
4316930.767928376,2.6057163377220687,1.1824853217880162,0.261847651767798,-2.6672203679635165,-152.82047011563995
4316930.867953342,2.6048325943586024,1.189357799102068,0.2556993616609973,-2.6937736111725585,-154.34185888390246
4316930.968284232,2.6038656568666605,1.1810942424121451,0.24944485807976463,-2.7113332910626218,-155.34795443120385
4316931.067850174,2.598730385904984,1.1678779942865571,0.24673432705355258,-2.733884927336116,-156.6400680107892
4316931.167724429,2.603596340859162,1.146685067919228,0.24658786771381583,-2.758790177342081,-158.06703372384914
4316931.268245384,2.6179183583032657,1.1170701907775535,0.25151554809409077,-2.783472687146149,-159.48123736341253
4316931.368138535,2.6239144913519126,1.099182707242182,0.26048149771901624,-2.8046877074036494,-160.69676848645184
4316931.468181891,2.62860024300258,1.0962955984354987,0.2657777037548924,-2.8107923149042406,-161.04653673181963
4316931.568119325,2.6295083665006516,1.1062094282805064,0.26851189935038433,-2.8143427268670163,-161.24996035281944
4316931.667517182,2.627848002873412,1.1286024048672765,0.26742279607920144,-2.8192630005648986,-161.53187126975732
4316931.767814257,2.6233479463786074,1.1644225622763875,0.26374840229587043,-2.8237436641481293,-161.7885943824944
4316931.868149551,2.6209910904024776,1.1789802861219867,0.26488742122681974,-2.8402681004827124,-162.73537484329864
4316931.967578867,2.619811617519629,1.1769571864378645,0.2649137813187849,-2.8420663413794744,-162.83840645723092
4316932.067571998,2.6152469356887074,1.1659420701721366,0.26228660828101086,-2.847515430110692,-163.15061624372197
4316932.168199303,2.6162638202653703,1.1455442929362962,0.25834684501052313,-2.852948242440767,-163.46189346112192
4316932.268135785,2.629083717183998,1.1115319406393587,0.25776746003367046,-2.854466709441353,-163.5488952115854
4316932.368137546,2.638631364459115,1.0880420099671602,0.26338077282562783,-2.858198670067462,-163.76272080477045
4316932.468117125,2.6418376939654675,1.080855097566544,0.2645202100447478,-2.8549012870613497,-163.57379467508204
4316932.567503511,2.6365461276066195,1.0886051337148694,0.2652749053291911,-2.8502813166922536,-163.30908987145733
4316932.669147083,2.634742084564252,1.1073114155266606,0.26621794558099265,-2.8478528561842564,-163.1699493336349
4316932.768219444,2.6337930239448446,1.1398990203577284,0.2632029614056741,-2.838233020929121,-162.61877337390447
4316932.868121609,2.632533150031622,1.1589663513134068,0.2620717783312108,-2.837948837527265,-162.60249086437045
4316932.96915185,2.6283970071046316,1.1554743514316803,0.2638091779301306,-2.8355753692106833,-162.4665011470223
4316933.068134406,2.6167284913943245,1.1444880198676304,0.265179829531473,-2.83979292483351,-162.70814928407194
4316933.169211337,2.6141393674033866,1.148732301368083,0.26490788754403516,-2.8437679358872154,-162.93590064096713
4316933.268081157,2.6132926008698156,1.1595433055573852,0.263142190312945,-2.816233190176491,-161.35827592177665
4316933.369116358,2.622757077031384,1.144272098603024,0.2605364491200585,-2.8085043081117003,-160.9154435991098
4316933.468241317,2.633743461405678,1.1186146036276288,0.2598319540995071,-2.801546376411482,-160.516783478547
4316933.569161827,2.6474016329961807,1.0749697788986157,0.2551634094332907,-2.7949630077018353,-160.13958423650575
4316933.668218563,2.6613997544698416,1.0417650072017313,0.26108955760840824,-2.7923710539162543,-159.99107622389903
4316933.768083909,2.6710626353058537,1.016486137768719,0.2634289434786388,-2.792377636102648,-159.99145335539936
4316933.868118916,2.674000531217231,1.0084286472072803,0.26734089416420387,-2.7867500753975585,-159.66901787804406
4316933.968108584,2.6715871818989436,1.0175577065340318,0.26661145270818276,-2.770693188247691,-158.7490260122388
4316934.068092103,2.66721452345035,1.039981843263004,0.2654355687676887,-2.7560221630866657,-157.9084381893818
4316934.169136297,2.6577749163099624,1.0784137858368983,0.26127240135456553,-2.741638999765851,-157.08434363505177
4316934.268079976,2.6461264983364683,1.1041722799771807,0.26511072825957005,-2.741362734658633,-157.06851481038143
4316934.368184967,2.6393642436523495,1.118522176816553,0.2629269252958679,-2.732602262515628,-156.5665767300453
4316934.467968843,2.6335602953536488,1.1159591911164963,0.2590028865215462,-2.731170313254235,-156.48453208089063
4316934.568161224,2.636153885451813,1.1002245188966326,0.25522851076774666,-2.733477287410024,-156.6167119634631
4316934.668091998,2.6476194687034593,1.07534575941698,0.2557787454577709,-2.731747911408683,-156.51762601739506
4316934.768097988,2.659706363828187,1.0549659569059628,0.2628073125595106,-2.7315607106410678,-156.50690020348907
4316934.86811079,2.6649579460870356,1.0479926019170946,0.2646955055482196,-2.7252870711573123,-156.14744713888325
4316934.968119431,2.6646721577507324,1.0522428465998428,0.2659043222366277,-2.717496366082432,-155.70107261866147
4316935.069122857,2.6586989021172114,1.0722127115793236,0.26510326002083673,-2.7138263161572507,-155.4907942473463
4316935.168197256,2.6465399469624216,1.0987898031448071,0.26038625003571314,-2.698920912063067,-154.63677750081254
4316935.268242022,2.640841697974269,1.1028488667192455,0.26373341342554374,-2.7099333636445944,-155.2677444985262
4316935.368113328,2.631313658423885,1.0866753069957018,0.266628194152498,-2.7129879317671866,-155.44275836018596
4316935.468151333,2.626102121064028,1.0737747357045548,0.26696478143857183,-2.724256509713448,-156.0884003176209
4316935.568890318,2.633469048031002,1.0712755296667038,0.26538578913236727,-2.7228995658761277,-156.01065316270618
4316935.66792031,2.6461148371588066,1.072293975264563,0.26669454673704845,-2.7191547476259017,-155.79609088192467
4316935.768111268,2.6517348086457098,1.077050248330619,0.2672326233347517,-2.716598246478458,-155.6496141558558
4316935.868073,2.6510461098773006,1.0814925718489297,0.2684999677860709,-2.7116369602062127,-155.36535339149995
4316935.968090117,2.6473619009194764,1.0869490377019548,0.26913849734718515,-2.712899666567807,-155.4377011367836
4316936.068153796,2.641993080332474,1.088456169779661,0.2683140664116765,-2.7156414356731586,-155.59479293491964
4316936.168073764,2.6371729199043514,1.0885846624077475,0.2657710435913402,-2.7190593946677857,-155.79062755986052
4316936.268077031,2.6342005592767856,1.0898623238875247,0.2656843313108091,-2.7202322925893223,-155.85782966056425
4316936.368111493,2.634887029963435,1.0894474982033098,0.2643105753214535,-2.7184103699017035,-155.75344117996457
4316936.468043717,2.637269911100756,1.0896029283472908,0.26506761728371425,-2.7170558538829583,-155.6758331288076
4316936.567902058,2.6387172092737274,1.089821066255343,0.265553939776028,-2.7169566050420526,-155.67014658910213
4316936.668105062,2.639986032132259,1.0896976316746156,0.2657814687802876,-2.716842860573064,-155.66362951108613
4316936.769088841,2.6523088012753506,1.0811580115812902,0.26853189437919617,-2.717624889550855,-155.7084364709705
4316936.869035845,2.6476833880602992,1.0851641411214368,0.26649766478402903,-2.72546250843172,-156.1574989542761
4316936.968080228,2.631186479689709,1.1027966773333777,0.2633435699267127,-2.7146999398977836,-155.54084920056124
4316937.068991918,2.6025362142146133,1.1370864920386403,0.25619327122655267,-2.6980671169566053,-154.58785864464335
4316937.168233156,2.570790891594034,1.1682635016806802,0.24848977400630978,-2.6526746803386994,-151.98706360462225
4316937.268020222,2.543302245305262,1.1872147552940215,0.2524157460023774,-2.654181732974731,-152.07341136017092
4316937.369144677,2.5139709587896046,1.1859027077109843,0.2545104146880892,-2.6633173732288635,-152.59684498988256
4316937.469018982,2.489121752793695,1.1659331575721434,0.2509718815582738,-2.688726229415935,-154.0526652116566
4316937.567896394,2.4682946057282154,1.1278882893670215,0.24671070931599162,-2.7034253500926715,-154.8948627889871
4316937.668117252,2.45091756309455,1.0697566491902168,0.24012304938879922,-2.689446482633551,-154.09393268120672
4316937.76904007,2.4271317920802224,1.0223830552279416,0.24507976054187142,-2.66719072453695,-152.8187716724074
4316937.868133094,2.409884259911926,0.9930677669889303,0.24883031769201885,-2.6613710852322647,-152.48533090196045
4316937.969114031,2.3833067964763233,0.9739503723032533,0.25041144446432684,-2.6725955237958097,-153.12844385905547
4316938.069065672,2.351797651753375,0.9702468086404993,0.2466241731833662,-2.69760635519846,-154.5614589405406
4316938.16804964,2.3049729414535327,0.9799576938703123,0.23708250353466603,-2.7119911782600674,-155.38564859101317
4316938.267821117,2.2431048263093314,0.9869816906703723,0.23147627723497882,-2.730545147095149,-156.44871269848062
4316938.369074758,2.2019906929217354,0.9813458992835529,0.2284699343361047,-2.7180066484486476,-155.73030964460557
4316938.468033083,2.1630375779226374,0.9655397353228586,0.22482629199637957,-2.709771693726652,-155.2584814945539
4316938.569044101,2.129029804814406,0.9367002138054767,0.21905335292192665,-2.6931317956554635,-154.30508556354692
4316938.668174698,2.097362505049146,0.8940913432688181,0.21074668504815586,-2.6809154871939542,-153.6051426474725
4316938.769150535,2.0534566641503638,0.8458095637772088,0.2107305163778686,-2.6619574374328865,-152.5189264083643
4316938.869027717,2.0279149699729566,0.8164531520788765,0.21161579486326193,-2.669941006798399,-152.97635123845808
4316938.968981735,1.9974856749036776,0.8002850189629024,0.21133655894341863,-2.6754011678572716,-153.28919542259317
4316939.068199178,1.9594436854529915,0.7966695522320523,0.20674745322245652,-2.6979169441261175,-154.57925437525887
4316939.168254858,1.9027019261021059,0.7970908202018789,0.1943855061884878,-2.707995288100969,-155.15670094949894
4316939.268982025,1.8413477058697076,0.7959138342152943,0.18945552888783337,-2.73653843788266,-156.7921029659996
4316939.368055461,1.7987585474503809,0.7861298844014,0.1897448250335554,-2.7254701859370383,-156.15793884292802
4316939.46899284,1.7584551033770406,0.7648236962586697,0.19084691613798876,-2.719217897008256,-155.79970907501243
4316939.569008565,1.7245755356470387,0.7293492618992692,0.18519782106201899,-2.70116996962423,-154.76563900694916
4316939.669115721,1.693441962180304,0.6706964849637286,0.17243893859008955,-2.6868726258171347,-153.9464615485551
4316939.769089449,1.6489359035132272,0.6105355728509272,0.16923903659430073,-2.66969676742062,-152.96235735292046
4316939.868946569,1.6180514012440899,0.5735769668500182,0.17267984052909566,-2.6891424647972992,-154.0765137422928
4316939.968165897,1.5804974948383888,0.5534514118158531,0.1728333524569436,-2.6974230199115556,-154.55095460236515
4316940.068704762,1.5380956401007473,0.5478395102255438,0.16985210605924023,-2.715182417955098,-155.56849315695302
4316940.168938692,1.4827213789698515,0.5563948657622778,0.16107885461152868,-2.725952443311155,-156.18557015510396
4316940.268052037,1.4218520050309316,0.5660296087225061,0.1535488339299763,-2.7425404548588426,-157.13599320730074
4316940.368990826,1.377829637781996,0.5583494529063072,0.15166720339225684,-2.732112631478805,-156.53852293811676
4316940.468958116,1.3347229537792964,0.5429757754601328,0.14941806568720767,-2.7148419395458365,-155.548985181087
4316940.569106918,1.2890241403784253,0.5189286708033967,0.1425707698581773,-2.69243093451913,-154.26492917841026
4316940.668962635,1.248301830816251,0.48095408933401573,0.13477663188788222,-2.6814323505837008,-153.63475673828978
4316940.76813012,1.1992628291526601,0.4307776564631739,0.13085133895859982,-2.6771659066341957,-153.390307506454
4316940.868961218,1.1668141694158003,0.3989477885234671,0.13170220748278225,-2.724620754565866,-156.10927001037385
4316940.968816006,1.1366645601125944,0.3855959966052246,0.13154015010979594,-2.7404863728311493,-157.01830297634024
4316941.068047371,1.0993996504010854,0.38024772217690667,0.12939127864614008,-2.7368807927243344,-156.8117184535234
4316941.16896075,1.0482629128083123,0.3850513169813865,0.12084809977195435,-2.7328470828301916,-156.58060390080888
4316941.267814766,0.9890249652517819,0.388845100018307,0.11572550407899093,-2.737998654539862,-156.875767217632
4316941.368954757,0.9552736357905375,0.38743955717867523,0.11415736671675832,-2.7299884121494684,-156.41681413578564
4316941.469008325,0.9274373151717228,0.37443826850687917,0.11687586028896108,-2.7194838099322807,-155.81494476327703
4316941.56896161,0.9040674679543415,0.3484518055925159,0.11488807137070746,-2.7190472810706194,-155.78993350186818
4316941.668118086,0.8961523882014997,0.30696973363438296,0.10966842838220411,-2.720607989274288,-155.87935549498985
4316941.767519464,0.8921758383615424,0.2690017381408165,0.11004891900719022,-2.7193938231429167,-155.80978890003453
4316941.868543998,0.8912975883119796,0.24131140897724943,0.11357804500614543,-2.7382838285777993,-156.8921064864325
4316941.968615863,0.8815353059047746,0.22841694837340368,0.11709123422617702,-2.746191553643705,-157.3451857582587
4316942.068732742,0.869144840184568,0.23154173578686893,0.1167769366900701,-2.745630499378314,-157.313039716774
4316942.167717802,0.8585792046805738,0.25169043597008833,0.11535162261959943,-2.744720671302618,-157.2609104079541
4316942.268939843,0.8438090833724078,0.2876836216138403,0.11393379716794763,-2.745740266932834,-157.31932893437548
4316942.368991492,0.8312699806822909,0.3052231996640093,0.1133951938161681,-2.7518932929394744,-157.6718713557902
4316942.468912614,0.8152994633336703,0.31177042027214313,0.11078647906324804,-2.7493843602233516,-157.52812010007406
4316942.568055514,0.802651733724123,0.30832465000582576,0.10656873163203641,-2.7527495059389904,-157.7209287470267
4316942.668954348,0.7997436776703452,0.2905696723752027,0.10440393369707732,-2.753981118588588,-157.79149495384354
4316942.768959191,0.8036294754535285,0.26365543544940706,0.10838782643830011,-2.7532883561642474,-157.7518025907236
4316942.868902212,0.8052503322366907,0.23619703698070232,0.11282788996970251,-2.7621382175654383,-158.25886229828757
4316942.968929809,0.8023383191859792,0.22771812361815685,0.1128763198493204,-2.7421154227883147,-157.1116406635018
4316943.068128459,0.7932650923529263,0.23276096267060406,0.11065996737415991,-2.733578043386587,-156.62248485568085
4316943.168902313,0.7801182351536027,0.2539627407341726,0.1081398826910934,-2.7367589386875237,-156.80473673149754
4316943.268972165,0.7525079879433932,0.2815467068656849,0.10468792421136852,-2.740363786512965,-157.01127929768222
4316943.368982981,0.7242800124261651,0.29363403157318596,0.10193508089234543,-2.760324772707695,-158.15495956155917
4316943.468113616,0.6985666430677171,0.28755439169299346,0.09899595407332543,-2.762432369302283,-158.2757159513452
4316943.568127366,0.6779602635225733,0.26488817575302936,0.0972248211814722,-2.7630049837913835,-158.3085243448587
4316943.668146279,0.6669858967998139,0.22334902006355806,0.0928020238241054,-2.743280984301112,-157.17842241894797
4316943.768871401,0.6510722057160585,0.1743301987258379,0.09024776488165893,-2.715589271858629,-155.59180416850378
4316943.868909607,0.6383593352117577,0.13875965205400528,0.09253850951330947,-2.7187834472608383,-155.77481693807488
4316943.968943202,0.617993393685477,0.11919710850527197,0.09369565349929411,-2.7183648147923054,-155.75083106446078
4316944.068902024,0.5861699661775637,0.1120039353035689,0.09240870692171195,-2.7325951248837765,-156.56616777386452
4316944.168975619,0.5508177998005099,0.12263608532335545,0.08802092860732319,-2.7487049558491816,-157.48919309685138
4316944.268841907,0.4981631034910252,0.14191347288205716,0.07883065003629237,-2.760137319420718,-158.14421927935953
4316944.369046505,0.45949338346058044,0.15180857064597628,0.07753275435843819,-2.748006159086257,-157.4491549915984
4316944.46890241,0.43172794852393004,0.1467659050439241,0.0758005605740251,-2.717950064269186,-155.7270676099352
4316944.568097962,0.40633837584720406,0.13373300289421639,0.07187989146443267,-2.7084192166327745,-155.1809902651866
4316944.66886116,0.3920578677069261,0.10958210647712428,0.0669967154111813,-2.7081868248901366,-155.16767519913975
4316944.76888855,0.38834563020032514,0.0763266269608074,0.06624108085044957,-2.703653362918491,-154.9079269615814
4316944.868149859,0.3753411491290765,0.048970624226876036,0.07605051307074646,-2.715238391750989,-155.5717002192209
4316944.96884314,0.36553008137694293,0.04122772274181217,0.07942760135139194,-2.7240294897720445,-156.0753930331132
4316945.068950403,0.35523602533663207,0.04610958514578016,0.07943412320414915,-2.7172837565223533,-155.68889098818482
4316945.168865318,0.3464170150428818,0.0665323991721122,0.07755236751975798,-2.7167788332842986,-155.6599610176662
4316945.268977095,0.33176184580008,0.09741003044959581,0.07123409194967915,-2.6999678587806817,-154.69676312910693
4316945.368941321,0.32178335165573163,0.11007586465467287,0.0727587990355925,-2.719346738924586,-155.8070911730425
4316945.467928541,0.30663193543201667,0.11031041644241946,0.07028793762484363,-2.723476660568899,-156.04371825298136
4316945.568955428,0.2912412562321014,0.09516423623847577,0.06759020156220596,-2.7224975950335235,-155.98762192993766
4316945.668916261,0.2830897212794112,0.0678237816779423,0.06247575719863082,-2.72071060932292,-155.88523519066987
4316945.768830791,0.2856426775078064,0.03108748691967697,0.06087844831351925,-2.7110430287581844,-155.33132362620782
4316945.868947752,0.2858352631576981,0.005716905921250612,0.06416068481338803,-2.719632174650766,-155.8234454354749
4316945.968968842,0.2789994463855225,-0.00833177948881957,0.06659409013071228,-2.7119927284235015,-155.3857374088355
4316946.068844262,0.2635495641012255,-0.009681121648660777,0.06683166268588059,-2.708627164486955,-155.19290479958994
4316946.168790659,0.24638244181569482,0.0038700430291030413,0.06507562292960084,-2.721879037301706,-155.95218118251933
4316946.268980484,0.2183295473733629,0.029103325337944,0.05811497166831826,-2.7230259179672744,-156.01789260426156
4316946.368852904,0.1919847835350228,0.04667340726499577,0.05991105170450264,-2.737971076351673,-156.87418710384213
4316946.468847909,0.17373675262115534,0.049088155066012856,0.06108429649048385,-2.724398914489863,-156.096559510292
4316946.568913416,0.1641187872191486,0.03798372008941111,0.06019144445683343,-2.72537006783974,-156.15220249849995
4316946.668687262,0.16584135222525762,0.016344968740279388,0.057468309684741405,-2.7316264991559236,-156.51066960773076
4316946.768892711,0.1771415125385367,-0.015661992833993003,0.05841610312198244,-2.7309613203613403,-156.47255767017953
4316946.868940458,0.18422720687061678,-0.04066050308420506,0.06369349063212727,-2.7324000393531334,-156.55499019631458
4316946.968809673,0.18243539326498037,-0.054157579736188524,0.06308676180379166,-2.7276535914793407,-156.28303876546744
4316947.068791369,0.17487119080216076,-0.054240699124982875,0.06177280873252161,-2.728708486744654,-156.3434798119982
4316947.168911016,0.16317149159613653,-0.039706487426525404,0.05950740743400139,-2.7351840325051118,-156.71450125411627
4316947.268789575,0.1471108631733245,-0.008276048731358503,0.0524400279507276,-2.725230169997247,-156.14418694256213
4316947.368852069,0.13595248452847364,0.009796596008587814,0.05299198115161871,-2.7411670464852333,-157.057302703945
4316947.468927239,0.1239555701303673,0.008674834871663083,0.055997100668092825,-2.744072368045359,-157.2237653674686
4316947.568842309,0.10338728874640132,-0.005841766880629797,0.05785696060662726,-2.749666927046679,-157.54430998648112
4316947.668854313,0.09971824671066702,-0.013938203306035596,0.05895160976855032,-2.7526831921054082,-157.7171292442391
4316947.76883873,0.10880917716914541,-0.020958617410937963,0.05978785225376908,-2.7496727409675326,-157.54464309960846
4316947.868822086,0.12556320004473095,-0.02011953119588933,0.06277937997030954,-2.747646251516918,-157.42853380686046
4316947.96880545,0.13478619171700607,-0.01966082052579241,0.06313072736453045,-2.7481511279942157,-157.45746109818506
4316948.068794661,0.1326977807775781,-0.01987904370449622,0.061882731264556186,-2.7460422460395693,-157.33663106269253
4316948.168780901,0.12999337028975616,-0.02023977853337428,0.06094223477650999,-2.7430002512631293,-157.16233760070168
4316948.268743171,0.12666107441621158,-0.020746593873631116,0.06064453615464187,-2.7427312662000443,-157.14692589183483
4316948.368752646,0.1234075593118768,-0.02286142599275635,0.060774857344556274,-2.7424802061721434,-157.13254121183166
4316948.468844648,0.12324280118956903,-0.02470059798422998,0.05937247716222691,-2.743915387913753,-157.21477106846015
4316948.568823209,0.12979323945043497,-0.03023237187941777,0.06057672859698462,-2.748720507382485,-157.49008413407464
4316948.668159363,0.12435469502474547,-0.022919019062686438,0.05997622206510293,-2.75553572394699,-157.88056727968842
4316948.768737444,0.11629344574632834,0.0019319242041124706,0.05525695647468429,-2.763329001264327,-158.32708917854686
4316948.868944483,0.10591955563736719,0.04533871653977119,0.042155525146525916,-2.7777191658467024,-159.1515848756156
4316948.968838247,0.10024632831130102,0.08546982784546793,0.040437380291920594,-2.8058007329522296,-160.76054015287573
4316949.06879194,0.09012768718008277,0.10843361542964632,0.0459197517934236,-2.830450072185436,-162.1728432587247
4316949.168893226,0.07888359592504902,0.11438747704070265,0.0472963969459614,-2.8409553561088847,-162.77475169012493
4316949.268472827,0.07570668892951658,0.10323819951881617,0.04667870375392037,-2.864339495193206,-164.11456416720347
4316949.368761437,0.07831475309465732,0.07513482162296496,0.04640440442335578,-2.8986955590049694,-166.08302162429965
4316949.468695344,0.08768463748374611,0.03657597757459045,0.04953511907748911,-2.936313802803881,-168.23838822667145
4316949.568795523,0.09528236752158109,0.005408092212822841,0.0561873168043169,-2.9559447756017865,-169.36316011572757
4316949.668917384,0.09863570763099795,-0.004740112074163335,0.05741355097781444,-2.969491865143637,-170.1393511711614
4316949.768753446,0.10004965035178524,-0.001128154106888611,0.05826893763482598,-2.9769333034029564,-170.5657141769276
4316949.868781192,0.1013209769818778,0.01701456278878246,0.05716276027001697,-2.996737629442026,-171.70041847506732
4316949.968743621,0.10281506389702369,0.05327170786673606,0.05033075602256384,-3.01098523258444,-172.51674600330497
4316950.068882311,0.10524354794680647,0.067850853552991,0.05211603921795955,-3.0420019665864726,-174.29387395590135
4316950.168778654,0.10363406828453652,0.07040493517134254,0.050590593404942305,-3.053729894322395,-174.9658347176041
4316950.268850602,0.09921605737768069,0.06482889534358158,0.0492341820902796,-3.0792682799766915,-176.42907643117277
4316950.368646604,0.09790329025587341,0.04478017606401343,0.04536456302777975,-3.1174185457343966,-178.61492564639173
4316950.468782513,0.09885615341292364,0.01239052372874053,0.045173291245344006,3.123845368976574,178.9831554938451
4316950.568818249,0.09948099592536684,-0.010998025547448404,0.05149849128968534,3.094167725149585,177.28275175666613
4316950.668911205,0.09747536107554695,-0.014028561523904942,0.05410461984698617,3.0718723529208534,176.00532102528663
4316950.76877095,0.097943164165766,-0.00441140035331003,0.057161435192530266,3.057562008963156,175.18539871313
4316950.868685672,0.10145215662369662,0.015580026225471567,0.057062423436147064,3.0299251065703987,173.60192084721
4316950.967750464,0.11103501845820933,0.05077688764776227,0.052883626558284755,2.9939555397871063,171.5410164796134
4316951.068764081,0.12276249814530887,0.07484380673549783,0.055639781593269155,2.9504228660491023,169.04677800350578
4316951.168707986,0.12524393048738475,0.08421999518007252,0.056851165837474286,2.9251545923212787,167.5990125633202
4316951.267812811,0.1212408840183352,0.08052454837497779,0.05691835896034852,2.8877683164426045,165.4569367437604
4316951.368405374,0.11206574423041085,0.06252847484984374,0.05291916203521019,2.836958857375406,162.54576917986722
4316951.467255867,0.09934601261716992,0.028412393930172142,0.050427789976207615,2.7852384290418497,159.58240692174562
4316951.568703145,0.08734603901866066,0.002102254549984637,0.058922275137883354,2.7507646112668107,157.6072026595328
4316951.668779368,0.08334892025471301,-0.006581769109346825,0.058380682404926665,2.7134925314933267,155.47166979483723
4316951.768662119,0.08707611795021615,-0.001930601068036156,0.0591471902235786,2.683047122164564,153.7272763347509
4316951.867587728,0.0972790589552885,0.01467753513987269,0.0590678097386474,2.6450811182413774,151.5519845449752
4316951.968572841,0.12141849511726477,0.04617986827589312,0.05427035560226657,2.604639016403939,149.23482279505168
4316952.068625367,0.1422588899370734,0.0629770249998973,0.05978331602916486,2.552939989785495,146.27268676488038
4316952.168700504,0.14804106904170813,0.07392325171920275,0.062213859400785866,2.5255133045152798,144.7012534528634
4316952.268248726,0.13973773623831082,0.0788764422821449,0.061912850367842914,2.4744676404154093,141.77655233749837
4316952.368730981,0.12273765504848902,0.0682378554273522,0.06036300779150203,2.4153416346236694,138.3888817461656
4316952.468799208,0.09469689189416461,0.04185492846810106,0.05613694918040202,2.349328056640532,134.6065823371741
4316952.568804618,0.07470276123678443,0.02837388939175282,0.05968885797878304,2.3021115133317784,131.90127368238586
4316952.668626883,0.06775091307437466,0.022481873731609595,0.05778435903922313,2.2505667521541826,128.94797641089983
4316952.768767177,0.07013858165882934,0.022846573661693553,0.059545998650113105,2.2164903257698834,126.99554099819125
4316952.868488604,0.08560775164628578,0.03136282642931036,0.058956945062496886,2.1734134555502784,124.5274181399751
4316952.968717033,0.11699838296971864,0.046183292357693334,0.05509755096291547,2.1230236428297284,121.64029454063295
4316953.068749419,0.14529341277119714,0.0503006969608907,0.055372792220124,2.060237189446636,118.04289575118688
4316953.168775875,0.15523051726185674,0.05122471921583525,0.053833696320828524,2.0122982683675494,115.29619789894447
4316953.268584917,0.15363257561895563,0.05219517485673784,0.05453043310823488,1.954376466125781,111.97752308869975
4316953.36864343,0.1338713512867046,0.04559256678748606,0.05379210349509417,1.886513560064961,108.08926498592199
4316953.468672772,0.09477356953757439,0.036297820287465685,0.05157951532376657,1.8125579499609588,103.85192065564759
4316953.568636292,0.06596243023910496,0.036330857642956106,0.05981331391436263,1.752503909136938,100.41107757372487
4316953.668787878,0.05288786820226959,0.03103658943169008,0.06199690534065295,1.680465237280375,96.28356571461593
4316953.76875572,0.05528635945469364,0.03627304854161012,0.062466419694560425,1.6346801626368903,93.66027417285282
4316953.868705924,0.07680740111234072,0.038092597304497225,0.06298361209033755,1.5836752270190813,90.73790662761587
4316953.968828451,0.11359938629635712,0.0374876225653343,0.05889522491557526,1.5257670810181618,87.42001426233581
4316954.068067209,0.143474294373942,0.03109791923571466,0.05702351661655258,1.456857251616438,83.47177187065053
4316954.168761777,0.15811955051966994,0.025910332613019477,0.05645544297299841,1.4023270152147547,80.34741946898342
4316954.26877956,0.15781479510299753,0.028198500205404892,0.05549372683719352,1.339572574715239,76.75185488265633
4316954.368681735,0.13693757166646078,0.031942227058178396,0.05278925339190682,1.2654503111681077,72.50496201344932
4316954.46864298,0.09622486142959658,0.043247694251114396,0.04849531309656285,1.181390460235767,67.68868732852735
4316954.568585832,0.06443964966345457,0.056888053413162366,0.05744744278522808,1.1198026242349344,64.15996425633577
4316954.668500266,0.04738823839514089,0.0631844245338175,0.05916009609907657,1.0454087383049462,59.89750857096978
4316954.768747111,0.046089893094124056,0.06427713555200372,0.05940608479668562,0.9921384156789266,56.8453439111986
4316954.868661665,0.053586766178228065,0.05621699823743391,0.06100064947029598,0.9323490684431691,53.419666654747516
4316954.968635178,0.07356200639534266,0.037924431132818855,0.060918801066281884,0.8661941832207829,49.62927093733241
4316955.068566952,0.09288252201926366,0.01088522033396965,0.059334660089257835,0.79098989348081,45.32038253395296
4316955.168592938,0.09934257074843458,0.0016076302978779754,0.05722295162008915,0.7181854138351447,41.14899312061023
4316955.268677607,0.10143965081250268,0.0016568932164642493,0.056684391060021926,0.6505964391910811,37.27643013188865
4316955.368657927,0.09024299012134908,0.016376414870161914,0.05424220803811687,0.5718537614432,32.764807029376364
4316955.468697669,0.07035785278542715,0.047117700822974146,0.04861065852115257,0.4829901654878746,27.673298028780405
4316955.568702259,0.0597105986919806,0.0747096981698824,0.05254245068093876,0.4229850365325758,24.235257390503534
4316955.66867959,0.05124572919731643,0.09009499883723687,0.05288957608680586,0.3440233121544168,19.71108384055976
4316955.768568581,0.04458572959946828,0.09282723431677449,0.05272143089373269,0.2948370368952413,16.892917858240263
4316955.86836485,0.04176381029056641,0.08379494693830775,0.05243872226808663,0.242269354242213,13.881011503438671
4316955.968712517,0.04175673958567353,0.057075933901083224,0.05135241100161025,0.19504158155965506,11.17505945292486
4316956.068766662,0.03799587781769478,0.02555189360953383,0.04883205595863721,0.15820115669204307,9.064258592541888
4316956.168613226,0.03543643405706428,0.019845398983239185,0.04859356009507759,0.11862082492936353,6.796472630812752
4316956.268740131,0.03812964956236256,0.021353762591346644,0.04960768385798522,0.08684031852674381,4.975583743154152
4316956.368656458,0.03926044949193622,0.0371969866062407,0.04971553390551076,0.0502025699343958,2.8763953779512375
4316956.46864948,0.038608228012185226,0.07078207339654591,0.047359375916162176,0.005584990707945554,0.31999639618506204
4316956.568727047,0.03814700150488948,0.10469978732108134,0.05271834013546958,-0.032676039015164776,-1.8721991267737568
4316956.668695622,0.039191738555072776,0.12237153607434338,0.05423247391471506,-0.056589509451312685,-3.2423400562759
4316956.768595079,0.038019883704833835,0.12610719537965076,0.05393943785901736,-0.06278068598550188,-3.597068341905373
4316956.868670617,0.035775854339201475,0.11726062594202409,0.05224565732317207,-0.06984275411952265,-4.001695040618592
4316956.968683686,0.030248869843446005,0.09569566225239456,0.05258669901115222,-0.08455835581651718,-4.84483691085193
4316957.068594618,0.022780891106853867,0.06363204024124149,0.05045808245820591,-0.1000510813352944,-5.732504696232494
4316957.168526407,0.019449638928585002,0.046807521784766194,0.04862775621577784,-0.11199597644579849,-6.416896772790832
4316957.268624645,0.024940914160332096,0.04271046581268474,0.04744759363300427,-0.12350885778196244,-7.076536283387962
4316957.368594312,0.032837512867577065,0.054775487305446166,0.04528925548019976,-0.13657212225820836,-7.825006204540029
4316957.46858132,0.0393181640940668,0.08977487590409104,0.042198328788819205,-0.1588216991508514,-9.099813056440276
4316957.568549123,0.04600105910454889,0.12377321955817384,0.05071710908574105,-0.17925702724813522,-10.270671109379746
4316957.668612109,0.050835714208941105,0.14737921281818292,0.05411087270711721,-0.1872441064999615,-10.728297041145899
4316957.768593803,0.04995773009667496,0.15570469414027796,0.056994306588742515,-0.18177844221704106,-10.41513754549916
4316957.868651497,0.04265327500425689,0.1476680879907132,0.05784263971672553,-0.17614572380110669,-10.092406553080506
4316957.968549128,0.03351062958508905,0.12272038951030152,0.057259015200921796,-0.1704654509065031,-9.766950889737162
4316958.068526566,0.025193646274438417,0.08496903730561627,0.05441779167089844,-0.1583005203502161,-9.069951710792184
4316958.168514057,0.020668214916083737,0.05488420613908205,0.0538261288756457,-0.15135461068418526,-8.671980402049494
4316958.268586083,0.02046716091924088,0.046132740925085194,0.05200802179774521,-0.1366050724970093,-7.8268941141572705
4316958.368552232,0.027605905855140733,0.05593485373160643,0.049814608376638675,-0.12643202398270212,-7.244021369505637
4316958.468671203,0.035233905287592654,0.08419361613883128,0.045882192839785334,-0.11776365709759001,-6.747360531717749
4316958.568518055,0.036239902737684675,0.11860750364196398,0.04868710110153927,-0.08515246691367358,-4.878876969280879
4316958.668510275,0.0392346720991375,0.14533317454332093,0.051349096503132,-0.064889570293654,-3.717898512243856
4316958.768561448,0.04030296000022743,0.16019731116635846,0.054989917467249405,-0.03359366535379823,-1.924775243147496
4316958.868564998,0.04012069998137147,0.16028205007945695,0.05638998669355779,0.00018818014285659657,0.01078192797385189
4316958.968580165,0.04099960150443469,0.1427145205545649,0.05520280035593168,0.03238943312151686,1.8557778186841558
4316959.068614183,0.04309726807778836,0.11144918932673824,0.04843844848207673,0.06838389435731256,3.9181085333424948
4316959.168618953,0.0476187727853512,0.09789458860179868,0.05048800560284081,0.08455886524505128,4.844866098956898
4316959.268517959,0.050911043615088615,0.0903472818477243,0.05369084675954178,0.10927423939366844,6.260952726759402
4316959.36850298,0.05603547900026627,0.09310784585237246,0.05379545119014926,0.11050496786282184,6.331468273768488
4316959.468495143,0.05418561560478369,0.10820882340029783,0.051326769057594215,0.11310864257489361,6.480647845995141
4316959.568604707,0.04330807643439372,0.1402991091813253,0.05308373309660989,0.12644102343607405,7.244537000201773
4316959.668549353,0.03942356092540844,0.16287847120864085,0.05555114873553762,0.13338000929617358,7.642111604086432
4316959.768582151,0.036430772470137866,0.1726825143012584,0.055685999368792975,0.14270688117932162,8.17650199905005
4316959.86864228,0.03479880917005127,0.16857085256670665,0.055030492863574455,0.15131915076455976,8.669948698313078
4316959.968668006,0.03697165415471206,0.14839861335222326,0.0534298821683669,0.16250108197211635,9.310626163311696
4316960.068555719,0.04522334671585638,0.11850160541821284,0.05098451425114194,0.19139941400982666,10.966378624040187
4316960.168461798,0.05435703802569775,0.09881068937367106,0.05059919795447394,0.19230103806913784,11.018037877346172
4316960.268459754,0.06447769281703143,0.10486732266911584,0.056285116551843,0.1981262504711828,11.351797962750611
4316960.368247316,0.06987115294553342,0.1152707357293214,0.05746840239624381,0.19653167195087823,11.260435343434944
4316960.468439399,0.061266814367334214,0.12305653846959437,0.05702667457659868,0.1880285833529173,10.773244253945972
4316960.568572649,0.04662486176047882,0.13018494118401275,0.056225473339155,0.19057796579541347,10.919313108265754
4316960.668468379,0.03793527171447557,0.1350849986634927,0.056175938014013965,0.1896446894036837,10.865840309900442
4316960.76845229,0.03687606178190029,0.1361036958640062,0.05570238510346993,0.1961765628218873,11.240089089077198
4316960.868570021,0.03871009172430515,0.13413747795329922,0.05514399454110039,0.19716250313923403,11.296579308112955
4316960.968562826,0.044061865833326976,0.13460133790184162,0.05511624970556366,0.19577564350278082,11.217118104167138
4316961.06815699,0.049558653820529916,0.13545521024453722,0.05679191088037919,0.19673574544274358,11.272127893229326
4316961.168045724,0.05320725482549192,0.13378704636756497,0.056692659620104016,0.19522418799032967,11.185522030714463
4316961.268151829,0.054546314943721766,0.1315771178341301,0.05645193452719027,0.19503828446988072,11.174870543596114
4316961.368432726,0.050168723293722774,0.1303822424539933,0.05723860784060772,0.1941143197402056,11.121931264166783
4316961.468387054,0.04799323063129603,0.12673891195557574,0.058447481366713266,0.19458549816688903,11.148927799413357
4316961.567191016,0.047619137746033116,0.1256065748872993,0.05799299943585656,0.19427335321898886,11.131043211302348
4316961.668557913,0.04826603866482006,0.12538309027501826,0.057584147795683514,0.19464299766608084,11.152222278041165
4316961.768564458,0.04966665097191694,0.12644339343765,0.056303037156748885,0.19405264791084734,11.118397728629704
4316961.868485477,0.05206041169894998,0.12473210451562826,0.05597459597783955,0.1940060144678734,11.115725829163134
4316961.967518113,0.05370468204557676,0.12319659512491839,0.05597250567571549,0.19355066196788562,11.089636052723103
4316962.068511159,0.053274626888137444,0.11967210204566255,0.0559528065692617,0.19312084249494832,11.065009210971258
4316962.167392151,0.05317295043959258,0.11596897888194052,0.05612201501573751,0.19411141864828974,11.121765043844025
4316962.267635129,0.053810236430405785,0.11413871062945895,0.05527394976317428,0.1941076096915504,11.121546806698513
4316962.367949371,0.054369301725825166,0.11482057322342569,0.05564487291573384,0.19575986871228013,11.216214275248745
4316962.467245576,0.056449918667737964,0.11408293789727433,0.05683930476953036,0.1955738185925166,11.205554388608391
4316962.568440388,0.057446281402543965,0.1143833034787375,0.0567694797375206,0.19524499931867775,11.186714431994869
4316962.668451752,0.058003711206953114,0.11488167075890754,0.056971674580110765,0.1944886971870584,11.143381511816333
4316962.768487404,0.05483766274439867,0.11541881432975482,0.058407036560468036,0.1946282395994622,11.151376703110145
4316962.867556315,0.047450293232450945,0.11869319255873505,0.05724163960903408,0.1943040664489682,11.132802949755378
4316962.968384434,0.04611174523404297,0.10334163056855529,0.05370176624804877,0.20301149714375408,11.631701978969275
4316963.068395589,0.04819459803639103,0.06710768124435997,0.04860989230108399,0.2074187652370756,11.884219839899266
4316963.168433606,0.05345615183680634,0.013044605795376545,0.038503849731923646,0.22289574531852205,12.770985478174191
4316963.268490789,0.05142224701140838,-0.03698820501454946,0.03396752205491477,0.2540772527199131,14.557554251129837
4316963.368432104,0.05653121828400678,-0.06509305915746381,0.04521293253242291,0.26526349510716024,15.198478728529444
4316963.46860663,0.07249643079656858,-0.07587969810363267,0.05137834725618594,0.26901206107791586,15.413255737880103
4316963.568411498,0.08312031741435448,-0.07069564666045683,0.051330755229332455,0.26384022261660767,15.116931221723709
4316963.668463332,0.08593666016866357,-0.050962123517376126,0.04936722984223903,0.24193845973962871,13.862052644976512
4316963.768442185,0.08342131188152177,-0.01805237453959647,0.049576094881130364,0.23254676861314538,13.32394838093855
4316963.868435347,0.07654628967905433,0.0019916125021928943,0.05619188378736179,0.23914408192561254,13.701946589868392
4316963.968390214,0.06993290160479838,0.006061746105765905,0.055119126655089314,0.24290280987555962,13.917305837738219
4316964.068415812,0.06382467071161332,-0.0037729774034940366,0.05410798826046612,0.24748686756774688,14.17995299654503
4316964.168479146,0.06257245200850588,-0.02906872096967117,0.052384948294677214,0.24870793994298576,14.249915290126232
4316964.268401736,0.07268566629427876,-0.07129960930645753,0.04737426426141341,0.25948788410452195,14.86756059396895
4316964.368404963,0.07208512529369145,-0.08495999035311358,0.05766009528937602,0.2421414360194217,13.873682329149917
4316964.468531207,0.08206899786680459,-0.07645649410540763,0.06738122772238916,0.21691600018587281,12.428371319509493
4316964.568460963,0.0924021793600835,-0.0627666500258001,0.07605251887585725,0.2058727925328886,11.795642128706925
4316964.668526983,0.08864056745775897,-0.05384694497558711,0.07475808134532386,0.20409293659664288,11.69366389541874
4316964.768401976,0.08119978500016793,-0.052686929239515734,0.06990808346236108,0.20547046739280886,11.772590596188348
4316964.868349893,0.07837849286275933,-0.057502482144190945,0.06627934286278622,0.21149406963760586,12.117717582280743
4316964.968393762,0.07847104962550841,-0.06324763238770939,0.06167529512359553,0.21512636973810162,12.325833047964096
4316965.068388806,0.08246627767944531,-0.07082737856587386,0.057798741259104475,0.21357172478786343,12.236758453674122
4316965.16836314,0.08675090016001548,-0.07556226823255316,0.054751900579964805,0.20998803631732563,12.031428229222612
4316965.268523529,0.08975825472577588,-0.07974493300526807,0.05324315887025311,0.20846665211449067,11.944259335382295
4316965.368487881,0.09217314752487125,-0.07994219905352698,0.05386220492766227,0.20825650462934867,11.932218771408369
4316965.468370441,0.09182645992809492,-0.0806247113126344,0.05550626524705647,0.20966883377814413,12.013139270917653
4316965.568367716,0.09131246463920711,-0.08178313752434783,0.057225753662307734,0.20985341757115047,12.023715143223434
4316965.668426503,0.0836729134219285,-0.078590149889446,0.05717271763796789,0.21018745307224201,12.042853967643516
4316965.768075495,0.07937335705857479,-0.08107948618537004,0.05700797392922611,0.2130663441263504,12.207802274721894
4316965.868353706,0.0812536596594162,-0.10568719949877914,0.05176142350362248,0.22239885149826583,12.742515559407376
4316965.968471354,0.08782073962822587,-0.15069880708576916,0.04374108599610423,0.2300009072229589,13.178081268055557
4316966.068312009,0.09363309313874439,-0.20146844855502408,0.03358678109578569,0.23981403457355943,13.740332049069362
4316966.168415584,0.09551300492890849,-0.22105771466035948,0.04317177523412655,0.2603678830856352,14.91798082156255
4316966.268420998,0.10487687809908469,-0.23309801183362241,0.05231352026570863,0.2631981304891103,15.080142052759532
4316966.368413226,0.11689492379539697,-0.2323976432540547,0.053015547543825835,0.26448949963733487,15.154132054746206
4316966.468488553,0.11994454091054663,-0.22159121407723575,0.051507623216257785,0.24918327052294464,14.277149726231382
4316966.568482089,0.11729467870219011,-0.1987669723782529,0.049410066724639885,0.2376159038578103,13.614388436238867
4316966.668317605,0.10921600359064244,-0.17578320071474368,0.05560679196463655,0.24274654327438244,13.908352421011912
4316966.768433411,0.10167730120777203,-0.16530333356738705,0.05652536454933557,0.23928501071733294,13.710021214845849
4316966.868476456,0.09831375344030649,-0.16839281438613377,0.05593275838621532,0.24235479316460276,13.885906793097751
4316966.968216123,0.0972546350336169,-0.18605564796367252,0.054777762995898274,0.24607306162356632,14.098947882892976
4316967.068437257,0.09999928207125411,-0.21695053554696708,0.05327686892712642,0.25050505713070875,14.35288252027318
4316967.168215758,0.10450020645031605,-0.2417219127796942,0.04993014159013876,0.2594894905659674,14.867652637429723
4316967.268337832,0.1133838170946698,-0.2393422550135544,0.055527209925150596,0.23684384616450355,13.570152788871784
4316967.368446758,0.13192730552767615,-0.22658573942067123,0.062455732850180024,0.22464136068975604,12.871001871599061
4316967.468393641,0.13149971945347083,-0.22102754349253442,0.061491952813657706,0.22355287385942235,12.808636170165368
4316967.568355592,0.12171002497238942,-0.2186293752713206,0.05873695264408785,0.22655829226358556,12.980833960394863
4316967.668259241,0.11155574717336086,-0.21708101848042785,0.05824551695181799,0.23175034929275967,13.278316915157772
4316967.768428871,0.10863409153602695,-0.21884364208361218,0.05788205066413567,0.2394271420918388,13.718164742741427
4316967.868361742,0.09874478820498792,-0.21789770456992358,0.05787522389992337,0.23762954851029014,13.615170217238884
4316967.968490697,0.09192687026811718,-0.2172288411667009,0.06033440584917141,0.2370556297852792,13.582287096512227
4316968.068366322,0.0944609052183657,-0.23797298481817925,0.05856194929541825,0.24269523725848596,13.905412802837414
4316968.168304426,0.10149371549137973,-0.27409191082357637,0.05289268176619754,0.263519060159762,15.0985299684084
4316968.268303685,0.1168288595831573,-0.320300503789834,0.03943774038932412,0.2893546364665402,16.57879945207498
4316968.368422247,0.12067896151172439,-0.3377986162961075,0.04553896647392233,0.3029445688435062,17.35744522114332
4316968.468280266,0.13218790964523805,-0.3433505808877508,0.05110545110444491,0.3098993584238178,17.755925311496735
4316968.568301894,0.14479007740401695,-0.3379931474371318,0.052211866426462604,0.3143223111266347,18.009341834354125
4316968.668417001,0.145587169026974,-0.32221468231558603,0.050667744041332494,0.30790126141818686,17.641442786016356
4316968.768464741,0.13913241472291393,-0.29366599772537033,0.046974963067542265,0.3035994882490154,17.394969339000212
4316968.868303977,0.12336053555727676,-0.2649077172933082,0.04791010606974805,0.30410337626544953,17.423839995689107
4316968.968459882,0.10909884376832862,-0.24719812745569464,0.04964014375369441,0.30469763034947556,17.45788824666221
4316969.068477929,0.10240072266224225,-0.24217436243068907,0.05054895289358591,0.307796839801996,17.635459868118684
4316969.168296486,0.09965611088017198,-0.25210339988279373,0.052235034964274805,0.31237782722754015,17.897931113604866
4316969.268406983,0.10125946632548681,-0.2766377829565273,0.05145373130604222,0.3136387156918555,17.970174701046865
4316969.368301092,0.10927935342448053,-0.30530443756118353,0.05398384000062813,0.32640724068203686,18.70175729359158
4316969.468238279,0.11650929270259995,-0.31937728530935017,0.05394793409467676,0.30097857382858906,17.244802004244807
4316969.56809403,0.1299162244654839,-0.3108369827414994,0.057092596487988374,0.305419622653524,17.499255358525115
4316969.668251402,0.1343121197903127,-0.30363356213711357,0.057861972456011684,0.29262585017171633,16.76622619126692
4316969.768409747,0.12765714415682075,-0.2978662035490616,0.0565227416026543,0.2968763585514368,17.009762382209892
4316969.868314246,0.11657344701808432,-0.2952483942657311,0.054382331992648046,0.3032000631111221,17.372083964367494
4316969.968220259,0.10834377115338643,-0.2918313100474811,0.05379139705865391,0.30863265895568587,17.68334877806131
4316970.068268042,0.10817962512419028,-0.29083924234736697,0.0555444004485355,0.30933501616758047,17.723590882013447
4316970.168332971,0.10985567223114899,-0.29035727718025434,0.05701509342493088,0.30518976972581385,17.486085755858596
4316970.268252708,0.11338763754614126,-0.28894962635674104,0.05681156901056326,0.3024534340219322,17.32930526869522
4316970.368408038,0.11817126268779342,-0.28792456732576266,0.05701811914911361,0.30075824407179275,17.232178039079237
4316970.468233121,0.12040528788366167,-0.2863488757187819,0.057479958589476514,0.2991757629346873,17.14150854876403
4316970.568257092,0.12089701503247015,-0.2869974355795823,0.05763051962294293,0.29999499902677706,17.188447319265563
4316970.668392018,0.11787619971017066,-0.288276659619599,0.057260022924121745,0.30128268069677744,17.262226044312943
4316970.768206231,0.11552217208970358,-0.2899333714569208,0.05755402986536815,0.30083850655858047,17.2367767408254
4316970.868216163,0.11438351122946226,-0.2909605373858303,0.05705068789815272,0.300742443506409,17.231272733368826
4316970.968253931,0.11344124882598162,-0.28999022151508363,0.05733889430238172,0.3011523803566915,17.2547603847569
4316971.068354535,0.11413600274706444,-0.2881724597159713,0.05740502787878753,0.30106129529568926,17.24954159518478
4316971.168219236,0.11447816987226492,-0.2873473283354818,0.05680703346337031,0.30032329098473026,17.207257062904368
4316971.267183497,0.11601195147801928,-0.28591489523267577,0.05753971190144945,0.3011831641157003,17.256524164225652
4316971.368135586,0.11549956417095349,-0.2836047414977691,0.05745151597067669,0.3008723126263249,17.238713685829087
4316971.468201302,0.11666426176406744,-0.28363953442794715,0.0569799588685258,0.3006674018126669,17.22697316102989
4316971.568032298,0.11719089543007667,-0.2840498728977092,0.05763251693968605,0.3001386101094929,17.196675628196484
4316971.667247511,0.11827591702285721,-0.2845238864419189,0.05639395012628631,0.29999684007793753,17.188552803726928
4316971.766592626,0.11763122542159758,-0.28339057767387577,0.0569202300252036,0.3003914763963562,17.211163799214898
4316971.868201478,0.11763274981823837,-0.28480049382598355,0.057239512183732126,0.3005250463090012,17.218816791479387
4316971.968318149,0.11656730837450673,-0.2838272224975619,0.056361379004892964,0.30058541662510746,17.222275755800148
4316972.068224707,0.1144458103851235,-0.2905969970073791,0.05864209444243072,0.2996550547187201,17.168969945144408
4316972.166941011,0.11379842742124477,-0.3074525314526844,0.05723334405218307,0.30459281266792276,17.45188263589089
4316972.267986146,0.10328784829447307,-0.2989261593559638,0.05167456667299374,0.29831777378474933,17.092349391604568
4316972.368172659,0.0896561820843401,-0.2756062328999376,0.05079895431189359,0.29320256813436746,16.799269696496214
4316972.468245134,0.07888023678529697,-0.23414148913060664,0.046027146589340526,0.2782462970117239,15.942338483915348
4316972.567161233,0.06518448012261711,-0.1851734718647596,0.045733894093977864,0.2768278206010661,15.86106577224579
4316972.668231723,0.055268277427154656,-0.14393845457529128,0.047354283476863615,0.26544735195171787,15.20901294975719
4316972.768173767,0.04947456752771554,-0.1299974040662432,0.047686926742243216,0.2634310482432755,15.093487257046865
4316972.868281065,0.05120604131229968,-0.1373609019354025,0.04863471621297333,0.26551943891096746,15.213143228280122
4316972.968171911,0.05426694938320324,-0.15723872930689706,0.04775885909570947,0.26914489319324486,15.420866457472249
4316973.068334089,0.05771846707116026,-0.1905942542378957,0.046485654254764426,0.27856646996227646,15.960683042696262
4316973.167912948,0.05637947018882859,-0.20173411019768947,0.04561053449550199,0.25970396322083883,14.879941015374822
4316973.268222441,0.06392775386796042,-0.19576760545332741,0.050008546699079316,0.2628635293012624,15.060970816875784
4316973.368304901,0.07765473335145019,-0.18610614573627876,0.05536642501119329,0.24135372775148892,13.828549969909806
4316973.4682889,0.07471141239127936,-0.18209262616844732,0.05474019466884418,0.2455408037754759,14.068451754584679
4316973.568135076,0.06423134652213393,-0.180211578737933,0.0536399014867543,0.24982291923406924,14.313798897749804
4316973.668108014,0.05686543222000089,-0.17717102124233308,0.05365397892141502,0.2516867389946724,14.42058790380545
4316973.768310532,0.05723703449353889,-0.17877885301224045,0.05415909338558891,0.2585655167198905,14.814712835669045
4316973.86815877,0.059284877259040726,-0.18029567608161276,0.05576435096377499,0.25828322080757093,14.798538471319342
4316973.968244389,0.06404585856278999,-0.1817006937397328,0.055419096813368325,0.2565474477529774,14.6990860010986
4316974.068239107,0.06943851567612751,-0.18093118889497461,0.05523142184235234,0.2539277427453405,14.54898796059172
4316974.168214917,0.07301622866842715,-0.1806239174546353,0.055657117969610405,0.25202370942319813,14.439894887180687
4316974.268281027,0.07568275417756733,-0.18129471850062723,0.05552590683315707,0.2506992462271552,14.36400873592702
4316974.368213223,0.0757556552386363,-0.1805485548732084,0.05507704191962949,0.25148326538261084,14.408929724592038
4316974.46814707,0.07301984979274675,-0.1828589014228109,0.055698575543489365,0.25175560550436993,14.424533664160913
4316974.56815207,0.07086671868375487,-0.18384141727401201,0.05576475972731814,0.25198692497151987,14.43778729334782
4316974.668170982,0.06819444243107683,-0.1834952551326582,0.056030882250410204,0.2531302405738744,14.503294452014192
4316974.768115879,0.06813633596529459,-0.18342555736966645,0.056304849302336986,0.25277497669799603,14.482939331312902
4316974.868076197,0.07007972619245456,-0.1833231802387124,0.05606866288716211,0.253056940553143,14.499094670188061
4316974.96822257,0.07150297934218997,-0.18912095484796257,0.057800827748978705,0.2512729710338384,14.396880745951925
4316975.068097032,0.07066557462073726,-0.2080546834566387,0.05676745532904751,0.25997069199238626,14.8952234482592
4316975.168164262,0.06849253923902412,-0.2005139290455739,0.05370526219936403,0.2603378589081445,14.916260562908981
4316975.268176008,0.07015468510057032,-0.18247924660812348,0.05377127445149883,0.25289711410634,14.48993728933168
4316975.368142856,0.07522223467612202,-0.14291492987721582,0.0498635656771425,0.24209808480261363,13.871198487390057
4316975.468097827,0.07593723060695731,-0.10543094736647382,0.052008974630785514,0.23131591001552299,13.253425378117395
4316975.568260328,0.0794913644781951,-0.07289073706298557,0.05534028610656468,0.23127538872515238,13.251103679198737
4316975.668091977,0.09139102974909767,-0.062398576249759106,0.05989824875962889,0.24704118269886757,14.154417134565405
4316975.768083208,0.10884699078289727,-0.06802749815434377,0.061779080123366116,0.2607814671619385,14.941677443608548
4316975.86809476,0.12737998213227958,-0.086304436842874,0.0615015077362266,0.26312377849663277,15.075881997392182
4316975.968062466,0.15744341829539485,-0.12115463118133958,0.058323363349665,0.255300234595165,14.627625951002765
4316976.068089157,0.18690186904338554,-0.14630393945144343,0.05940626753209287,0.22734418194895495,13.025862122529393
4316976.167923407,0.21331125949507823,-0.15296216706229235,0.060539985858746044,0.22855660703356268,13.095328962853207
4316976.268094277,0.2412594439952831,-0.1498819315989779,0.062049372636993665,0.229598658122273,13.155034092273322
4316976.368078057,0.2609103321654853,-0.13366340744746508,0.06032248636911888,0.2478909859290254,14.203107273070032
4316976.468180744,0.2750281345630752,-0.09920105178698782,0.06179426372917101,0.26450418092870426,15.154973230779474
4316976.568164552,0.2990153726724873,-0.06280501018192529,0.0709080875239228,0.27350240753814736,15.670533638602876
4316976.668051075,0.31774087086952596,-0.044452864261212026,0.07442720668854698,0.2671235588026944,15.305052527909059
4316976.768145988,0.3381672369235154,-0.04054133908550026,0.07608767497442716,0.25913798701504076,14.847512967477765
4316976.867852899,0.35687825459877537,-0.04865608341443143,0.0780142262370788,0.24895086827004376,14.26383405799083
4316976.968096194,0.3879807386245562,-0.06704996159065037,0.07658749950428302,0.24429430129404775,13.997032423246262
4316977.068188453,0.42424819561722354,-0.08060964013579638,0.08001029353881736,0.2324166399927578,13.316492560196481
4316977.167795979,0.4494575943608285,-0.08094292405973921,0.0819905818259283,0.23645143172974137,13.547669097939899
4316977.268126719,0.4774304963765542,-0.07066787393432387,0.08307972629987861,0.23272693506426645,13.334271158197637
4316977.36824759,0.5011746289207829,-0.04435605706287997,0.08259707417254075,0.24322093414563223,13.93553301577406
4316977.468102532,0.5217292128481001,0.0007342256821217003,0.07873488489637209,0.260028163372727,14.898516315795515
4316977.568250982,0.5493203812135471,0.031397601674125045,0.08680081622904745,0.2705499650044433,15.50137114216672
4316977.668149192,0.5695177920279264,0.05024936588861368,0.09295214901658096,0.2695138292965302,15.442004939100503
4316977.768131623,0.5984149895773818,0.05683540175020694,0.09484709680082536,0.2680229389005159,15.356583211692293
4316977.868154762,0.6301755823689579,0.049426716133024205,0.09527772349628283,0.249701482494758,14.306841085109438
4316977.9682154,0.674760909572421,0.030245977250792,0.09407732112582345,0.24019330498847086,13.762062643137963
4316978.068057061,0.7241871575223492,0.015253104038133772,0.1000205226821686,0.2174353952068806,12.458130462113347
4316978.16819031,0.7629903171773073,0.01824977511747851,0.10449191197744039,0.22647389750807198,12.975998497090897
4316978.268092483,0.8047862819523778,0.03323556250496903,0.10720603162304286,0.233727530413135,13.391601048688225
4316978.368077925,0.84666270377231,0.05735528171582913,0.10764688304527684,0.24909475856425264,14.272078364561894
4316978.468235464,0.8900917675167951,0.09395335828371576,0.1088483689626867,0.2627507106995703,15.05450678714826
4316978.568185092,0.9477306976354917,0.12481038114054796,0.1205747695417641,0.2844264946788604,16.296437726798867
4316978.668065731,0.9858329068321029,0.13995480710983152,0.12747925121080955,0.26841733513261967,15.379180451247702
4316978.768225896,1.0243093622750081,0.14507477225453644,0.1297727517003947,0.2624141470677869,15.035223111509476
4316978.868250213,1.0669367953152091,0.13382908507393088,0.1286908322862756,0.2425620109604145,13.897779498237767
4316978.968099365,1.1196571070083998,0.11287657269887043,0.12275716555419668,0.2357499999035374,13.507480014682258
4316979.068213286,1.1694201368736694,0.10464280543097913,0.12561505183252503,0.20636371653489483,11.823770002083554
4316979.168059717,1.2082709051090503,0.10912671050163039,0.13244551649323166,0.21943092217457974,12.572465735267047
4316979.268194952,1.2515833618640968,0.12345629122400958,0.13887590348558662,0.22736776784404814,13.027213494774271
4316979.368243334,1.297309536965465,0.15245792205715158,0.14172392549343957,0.2473449388940795,14.171821082551999
4316979.468184294,1.3455123063074668,0.1978179580685285,0.1391020689885883,0.2595313575476948,14.870051438783655
4316979.568056677,1.4007978645285468,0.2441132699289016,0.14778520201934342,0.2820965960891575,16.162944370915408
4316979.668113709,1.4362488751782256,0.2712290917918834,0.15617441771244503,0.26678892422874356,15.285879379142518
4316979.768239622,1.4765970457089113,0.28408111437289085,0.1619055077917044,0.25775804652588097,14.768448201469692
4316979.868066499,1.5214247852376241,0.2810829267198746,0.1642353261027436,0.23162661347284869,13.271227374902281
4316979.968202371,1.5794108073536721,0.2669073553284233,0.16248927447035613,0.22368006273738167,12.815923556073441
4316980.068159208,1.6485531946964718,0.25216959915303616,0.16974191688374637,0.20103029833021394,11.518187648577099
4316980.168192612,1.6964016888828641,0.25881531917460787,0.17464399034274797,0.21377680472037947,12.248508668270118
4316980.268226789,1.744946149290602,0.2714211452047,0.18108857528739758,0.2239784535382278,12.833020089607453
4316980.368170279,1.7934635628412041,0.29604463598245495,0.18405872670126341,0.24756224323586803,14.18427170420635
4316980.468234602,1.8430870262107162,0.3303359112306659,0.1796349093669592,0.26358770777877777,15.102463187251626
4316980.568115722,1.9043851639622,0.36279316179043597,0.18463899254379162,0.2799122041545996,16.037787932262823
4316980.668088885,1.94151669306974,0.3797710001345325,0.19336707029900047,0.26532115571740694,15.201782438140729
4316980.768014214,1.9808474400464662,0.39035956266542166,0.1998732295324077,0.25743310692221566,14.749830533583015
4316980.868056743,2.0263616670935836,0.3883948739731194,0.2042526484616662,0.2352455721770269,13.478578434883827
4316980.966877302,2.0846294760959787,0.3762842647160284,0.2007925412117048,0.22605433920625265,12.951959577136973
4316981.068225257,2.1490469644422543,0.3714768563769401,0.2063016619412049,0.2036042135278531,11.665662126226405
4316981.168188487,2.1950089912491757,0.3827504505815207,0.21358182246420893,0.22012278864551693,12.612106764038359
4316981.268222257,2.2419345268078152,0.4026655478938528,0.22123706642352253,0.2278571437948802,13.05525267135215
4316981.367882573,2.2900790631680294,0.4360721989145784,0.22281918452559202,0.2447038176760431,14.020495983576062
4316981.46813503,2.339995547157024,0.4812028131450741,0.21984771232848482,0.2597222311312084,14.880987689539522
4316981.56819093,2.3942447121611137,0.5202299811734357,0.2279138761937488,0.28439245368018634,16.294487321244436
4316981.66783506,2.427264525891212,0.5422248211302838,0.23908495135466212,0.2664114014916839,15.264248919638773
4316981.767681758,2.466940750092241,0.5537464969691975,0.24751625703379054,0.25301819868853004,14.496874924855272
4316981.868250563,2.5162823249182242,0.5545191785884594,0.2504280072279129,0.2266969028493675,12.988775761956004
4316981.968205319,2.571119264279201,0.545539082077898,0.24830669667777797,0.21659776285087476,12.410137663330614
4316982.068047338,2.6261643990897237,0.5361683795503134,0.2515084722856616,0.2025066028010151,11.6027736640303
4316982.168001846,2.6710042931127975,0.543263715288154,0.257233260822216,0.22699170539076072,13.005666703367567
4316982.267670807,2.714832171370178,0.550589377303907,0.26424370295635846,0.25333387192129697,14.514961668798069
4316982.368008879,2.754155861758752,0.5639294221486841,0.267338925821488,0.24979646562296243,14.312283217480504
4316982.468070254,2.7800872589219376,0.5893686314837391,0.2659442004453569,0.2481042605305298,14.215327007613569
4316982.568141967,2.8028874520137896,0.617687776938657,0.2709272384613094,0.24741223341584873,14.175676774633727
4316982.668216546,2.8159092866512943,0.6332023168978979,0.2752431136480586,0.22810510364786626,13.069459724416935
4316982.76822551,2.8290070024649956,0.6375158998461303,0.2760613329062367,0.22549965472342004,12.920178497309267
4316982.868195108,2.840912830161189,0.6299996362394725,0.2753126136276513,0.23022498552334955,13.190920008948405
4316982.968252614,2.8516491291703923,0.6075135261744231,0.2720964637541117,0.2300609871356026,13.181523593483556
4316983.068236483,2.872422423464517,0.577541035196901,0.271283085895312,0.22531444708871368,12.909566881506992
4316983.168189001,2.8860007108705674,0.5708676686329056,0.27160853888416087,0.22755123493031976,13.037725384497197
4316983.267916682,2.9010748537566937,0.5743858918464935,0.2730910438353115,0.23380964052968145,13.396305611821665
4316983.368152792,2.912383842320842,0.5925555413136192,0.27469466709833,0.23247472148354742,13.319820384486555
4316983.468178696,2.9142416599054224,0.6228823606367818,0.2725226448084335,0.2287493506846137,13.106372360586374
4316983.568010346,2.9102127872317567,0.6528398153453782,0.2771828332693295,0.23091422902684744,13.230410752755645
4316983.668057604,2.908643378182285,0.6735148014928136,0.28056524067857536,0.2202698133744598,12.620530660490841
4316983.768153125,2.918134247714491,0.6755402890285637,0.28109730314957676,0.22375708047291915,12.820336347267393
4316983.868091941,2.927254157835284,0.6630658524780556,0.27937836701177293,0.22399960561509114,12.834232014339658
4316983.96817783,2.938070497743396,0.6363369434899846,0.27759422477015117,0.22618975926940801,12.95971857521717
4316984.068181699,2.9495023221328633,0.6003574201260529,0.2750950305171542,0.2348880964069625,13.458096581980948
4316984.168258726,2.957914549855293,0.5907476461558611,0.2745306340632034,0.21412711759204742,12.2685801173258
4316984.268108998,2.9706479317077252,0.5987962574523865,0.28112686451745517,0.2126417757164234,12.183476296718498
4316984.367836945,2.9821398359695976,0.6130599509734445,0.2837186171091924,0.2035217985410635,11.660940095314734
4316984.468194826,2.9742169070439224,0.6251845398931668,0.2866963314224696,0.20525788965328523,11.760410788895213
4316984.568012134,2.959972583904197,0.6307385744808435,0.28613439370400656,0.21024504587277681,12.0461537920445
4316984.668181033,2.9481294748405564,0.6329569523642553,0.2867677356126367,0.2115912688636121,12.123286687702839
4316984.768052547,2.945783381218969,0.6320919672728043,0.2882703922878314,0.2130025193463917,12.20414538420191
4316984.868144682,2.9484548828819133,0.6263437996995354,0.2895396600585357,0.21111329855839003,12.095901006481036
4316984.968111432,2.9511568843866236,0.5980447473995615,0.2887742817743851,0.2047466866539382,11.731121014558198
4316985.067981193,2.945551458853797,0.5982819926605762,0.2860747395076306,0.18582987724897018,10.64726767380015
4316985.168105768,2.9392977957083954,0.611009028733653,0.2836537356668227,0.14780078409977165,8.4683611376412
4316985.268123942,2.941606203939155,0.6392721618758518,0.28043368069467023,0.09342621090747773,5.35292758089757
4316985.367779035,2.946146460796452,0.6768101512299446,0.2802482895980173,0.02762199340989437,1.5826236441251207
4316985.46880839,2.9485834539591482,0.7060484808479774,0.28681222147590923,-0.029372015367488704,-1.6828925163504984
4316985.568149828,2.9478227046757652,0.7167940129783787,0.2837273442133246,-0.09153166731372941,-5.244378228872245
4316985.6681041,2.947927693817192,0.712084964994525,0.28226780479273567,-0.14664112191794076,-8.401917388961358
4316985.768112229,2.9417326976608753,0.6895474079501928,0.2777331095098938,-0.21602469634474436,-12.377303371149033
4316985.868050569,2.92815176743591,0.6523919875115772,0.270264840298521,-0.29351506907447095,-16.817174681458017
4316985.967938782,2.916964039760962,0.6374698751562954,0.270255870729024,-0.3812946269161753,-21.846572873312166
4316986.068797125,2.9123796351284397,0.6322868640558211,0.26969502856562744,-0.452910388670784,-25.94985376846566
4316986.16806762,2.917373442381129,0.6344754781006516,0.27076664627560154,-0.5430855556758406,-31.116510254742757
4316986.268004153,2.9306899406415345,0.6533208614010629,0.2732612922983729,-0.6483319974508046,-37.14668717721755
4316986.368132679,2.9590166131048226,0.6816516644620116,0.2800088038632672,-0.7473008621000758,-42.817185424822284
4316986.468259625,2.980896466333312,0.6960621900720132,0.29252643636392434,-0.8208402861655315,-47.03068405159569
4316986.568068326,2.989768212465168,0.704573877630589,0.29452400451639466,-0.9130472211595617,-52.31375226859076
4316986.66813796,2.9897656528204677,0.7050560237173419,0.2950146459412414,-0.9693663648485263,-55.54060150775928
4316986.768040036,2.9765480130251456,0.6962609475428856,0.2908439274996782,-1.02913058899497,-58.964839317224346
4316986.867728859,2.94733515546744,0.6854072901600625,0.2807748412004208,-1.0771154011344999,-61.71416653354753
4316986.968271587,2.918957148224238,0.6800990275679033,0.27689022215874587,-1.126915660508983,-64.56751121436221
4316987.068229158,2.909710501007952,0.6794723070954037,0.27401776989760873,-1.1710163249300032,-67.09429315940943
4316987.168038193,2.911796118179968,0.6784845454999455,0.27405729079352675,-1.211233032155646,-69.39854074935204
4316987.268031612,2.932742592836998,0.6849983087748982,0.27428851551337985,-1.2559303144632326,-71.95950638128151
4316987.368201572,2.9702365170295257,0.6987826953472055,0.2751355251490388,-1.3040207349703092,-74.7148845113464
4316987.468042982,2.994312684533764,0.7088006654355153,0.2833508779505434,-1.339642791599336,-76.75587801376565
4316987.568152804,3.0058388114515084,0.7074060374804763,0.28571244888586717,-1.3606114964275862,-77.95729630227997
4316987.668207308,3.011231297630215,0.7070894320603563,0.2891353799453646,-1.3708242630275067,-78.5424447256076
4316987.768042217,3.0028849497383185,0.708172581711115,0.28833201326216806,-1.3877940952665133,-79.51474449194771
4316987.867977431,2.978920785791129,0.7076157837802584,0.284560386280418,-1.4001643792080996,-80.22350955317906
4316987.96824193,2.9512362221509507,0.7092714574783576,0.28387400195770773,-1.4102076447732277,-80.79894628258997
4316988.068150022,2.939954494551724,0.7115399858604657,0.28406619784738535,-1.419874739704433,-81.35283002230034
4316988.167932718,2.939515525895518,0.7084465275707521,0.28395924800739925,-1.4345155098813542,-82.19168436225894
4316988.268149284,2.956962933023144,0.705512387126049,0.2817660371049413,-1.4507343680949116,-83.12095648641687
4316988.3682458,2.993771013317013,0.7027546660315837,0.2792138225214966,-1.4768652352642646,-84.61814489023776
4316988.468144967,3.0203710968835336,0.7052905656430539,0.2871864445645714,-1.4887687832418148,-85.30016795058287
4316988.568247976,3.0370273169289237,0.7056947754185113,0.28889811754681305,-1.499190137139429,-85.89726754572837
4316988.668089051,3.0384284470656246,0.7055038132807764,0.28999443604926456,-1.4941503466362944,-85.60850882026865
4316988.768066933,3.0234083720416556,0.7083795097916903,0.2868528833016687,-1.4936502443261508,-85.57985506857267
4316988.868146665,2.992785254954098,0.7091487228472944,0.28169356129733986,-1.4925663023469085,-85.51774976792504
4316988.968221893,2.9627994721693574,0.7110812932553138,0.2811753516411651,-1.4879085120496531,-85.25087804203532
4316989.068145929,2.9543448037949647,0.706468655028839,0.281552344664388,-1.5015359266516661,-86.03167138440561
4316989.168079494,2.9612522469372795,0.6909091829517104,0.29026724620548117,-1.504461631706703,-86.19930193615932
4316989.268725479,2.9738632737603075,0.684882421806391,0.29068420458754457,-1.5036799348391576,-86.15451400479037
4316989.368113923,2.9844451350598318,0.6926801177648425,0.28996478267930653,-1.4977157251202233,-85.81278995976453
4316989.468190087,2.9921800222869064,0.7044289211576972,0.2895005971380525,-1.4951038106624492,-85.66313828488487
4316989.568098799,2.9943776911881117,0.7071671671476635,0.28896864389199756,-1.4931556057294666,-85.5515143645984
4316989.668199819,2.992415256765295,0.7059369197314832,0.28791365356471693,-1.4924890665522539,-85.513324482864
4316989.768204678,2.9900730169021714,0.7013542440256917,0.2880833538576832,-1.4962768359713516,-85.73034768434701
4316989.868175621,2.9849804979247443,0.6967879489879654,0.28668793513474033,-1.4954810708458028,-85.68475370116937
4316989.968274282,2.9808804747444886,0.692289486288702,0.2866999294366765,-1.497822152072513,-85.81888777495716
4316990.068222023,2.9792598161620525,0.691187703968312,0.2861568861851735,-1.4963638215796626,-85.7353315925816
4316990.168077563,2.9894752944937375,0.6993014354660296,0.28646293078949836,-1.4927346890544235,-85.52739761559175
4316990.268275302,2.9853929555437353,0.7012202469708559,0.28458027518771,-1.4805588066531923,-84.82977094215359
4316990.368179269,2.9650049882483756,0.7050196370098832,0.27989082320413716,-1.459979516609364,-83.65066447726663
4316990.468057413,2.9281345405136374,0.7071428596328447,0.2728111069954929,-1.4314411426411124,-82.0155360947198
4316990.568253156,2.8855454987252016,0.7091413186134488,0.26767297092605974,-1.3859194858130541,-79.40733728202918
4316990.667946674,2.8679387739345787,0.7074345067351524,0.27017164549112666,-1.3524556999540849,-77.49000358578067
4316990.768163274,2.8658818698620485,0.6958710218012718,0.27218176005598493,-1.3308925728531735,-76.25452740979428
4316990.868209445,2.871689819169736,0.6922233932013577,0.2728960801904259,-1.3236025968341503,-75.83684255115267
4316990.967888589,2.888014530860197,0.6934832604968403,0.2718311211285024,-1.3255195657263654,-75.94667677813446
4316991.06863028,2.922051437537524,0.6997808988368862,0.27516272888198334,-1.326433246606298,-75.9990268363764
4316991.168209414,2.962499670183739,0.7088805612346759,0.29500127581264163,-1.3185984177232724,-75.55012420817184
4316991.268160933,2.9818026282828427,0.7150823097183551,0.30065788099863794,-1.3196232539943757,-75.60884300119798
4316991.368061508,2.979445624414575,0.7158290373048805,0.2993062107606106,-1.3142139235976906,-75.2989111994761
4316991.468171474,2.959022566003391,0.7157642466189796,0.2949367240153389,-1.2968020509260012,-74.30128438196913
4316991.567861371,2.9198122673295814,0.7082194516135741,0.2847416600265906,-1.26672398696523,-72.57793826109238
4316991.668074607,2.886661847109865,0.7029604459865822,0.2782935760846011,-1.2429235920619062,-71.21427608238726
4316991.768085387,2.8712279736973327,0.7004044964851412,0.2738539087339972,-1.2245580298482872,-70.16200687916195
4316991.867715815,2.871186632979813,0.6983687002947859,0.2718071881285729,-1.2200158527319962,-69.90175930059756
4316991.968083775,2.8909214042521594,0.6995939418850113,0.27082614400806393,-1.2270557677588703,-70.30511671976818
4316992.068203018,2.9258036079349554,0.7112497577577909,0.26972880187661386,-1.2280332589064478,-70.36112283703577
4316992.168128035,2.9500413081268086,0.7258002760165491,0.2786880910581126,-1.2173426842233672,-69.74859802712585
4316992.268074212,2.962727409952645,0.7340979640046588,0.2830401649685554,-1.2115085305199786,-69.41432564289106
4316992.367782948,2.9632805107955766,0.7336124606557501,0.285572068159304,-1.2019748722513157,-68.86808726077668
4316992.467605916,2.9495027024936458,0.7292805301179551,0.28520545602008435,-1.1915582133451539,-68.27125666882624
4316992.568034225,2.9209434175458853,0.7179764043594379,0.2788650537186123,-1.1671640945883874,-66.8735766191226
4316992.668054096,2.8996696631928645,0.7094321312658591,0.2755850168105649,-1.1473257207567908,-65.73692152616935
4316992.767748752,2.897590173751837,0.7047747717559529,0.27577415856881826,-1.140148533608672,-65.32569899380661
4316992.868084997,2.903472662173623,0.7092997460375259,0.27814105542809175,-1.138451185408526,-65.2284481055741
4316992.968239112,2.9188336919903723,0.719463005559056,0.2775712773355333,-1.1376001188881741,-65.17968558587306
4316993.068144776,2.945270161251745,0.7342198824640657,0.27528576884354905,-1.1365720521555638,-65.12078170103669
4316993.168123427,2.9632218661163914,0.7478527857728909,0.285729595312628,-1.1295335996741327,-64.7175080795473
4316993.268187796,2.9716124931289594,0.7505702937858677,0.2869797831516863,-1.1297687011301254,-64.73097840073306
4316993.368154185,2.9680057857788165,0.7440038667930122,0.2881159322565157,-1.124209108240268,-64.4124371923333
4316993.467967745,2.949009553094428,0.7347874408792846,0.2854909945310858,-1.1175191268135305,-64.02912949156033
4316993.568229126,2.917750367511569,0.7188369256410962,0.27995590728045056,-1.092802272614781,-62.61295806313177
4316993.66808804,2.887656185353503,0.7041670102969384,0.2761682391306775,-1.0737013117105902,-61.51855361867725
4316993.768599716,2.873029735939489,0.6924773480909238,0.2734662999342128,-1.0587658490233358,-60.662814641622454
4316993.86823252,2.8707474597305276,0.6890880418499864,0.27291231690107726,-1.0535368324337508,-60.36321406003535
4316993.968110089,2.8856629083903447,0.6935189204306297,0.27333968932254543,-1.0554734449369285,-60.474173783019694
4316994.068224423,2.9150410250555763,0.7077792977494112,0.27166816593922805,-1.060182361085644,-60.74397480442209
4316994.168117335,2.9368925796789362,0.7259981032254631,0.27939647202974055,-1.0514722307931508,-60.244921099653176
4316994.268078341,2.9511091612138194,0.7377649829186864,0.2833772954680316,-1.049997848531032,-60.16044521864482
4316994.368492845,2.9545176234456565,0.7430758167783914,0.2854379975989744,-1.0443761667515294,-59.83834657891373
4316994.46822785,2.94350958629655,0.7464880968538236,0.28468117621368916,-1.0371443991309046,-59.42399681583256
4316994.568130407,2.9205506856930956,0.7346775687681809,0.2811894493476276,-1.024650838067989,-58.70816849583852
4316994.668233387,2.898353310902906,0.7151572698061243,0.2777851805062151,-1.003151482124218,-57.47634613801094
4316994.768189701,2.893810515162464,0.7055208282711706,0.2764199011519988,-1.0068787112870643,-57.68990063832011
4316994.868097543,2.901419627410263,0.6935293985024207,0.2804871061198372,-1.0066938727853438,-57.679310172280005
4316994.968572936,2.9084583517436906,0.6980085318424808,0.2812305075992927,-1.012092163889486,-57.98860946913037
4316995.068089577,2.913189639421814,0.7095214189916506,0.28083570234137695,-1.0177483464563273,-58.31268485836585
4316995.168094055,2.9146830011994322,0.7196567216125742,0.28021189324009904,-1.015445349976061,-58.1807328798131
4316995.268561256,2.916689560126208,0.7236876666563172,0.2810813068778337,-1.0106494288182917,-57.905946838595426
4316995.367907818,2.8993000030882112,0.7223804757095711,0.28263899187862523,-1.0091853028634052,-57.82205860070487
4316995.468087175,2.8910128071664896,0.7238971799110949,0.27966080428034845,-1.0044299696603032,-57.5495980779887
4316995.568183973,2.8964663908508386,0.7343135213370658,0.2775949902863582,-1.0181535001461925,-58.33589845484928
4316995.668184903,2.9177379804197536,0.7447580532062155,0.2774791403903907,-1.0289415617141642,-58.954008851821335
4316995.768074473,2.9557182736652683,0.7609735133811015,0.2750085459544014,-1.0521393707453606,-60.283145403259354
4316995.868259749,2.9786851989937295,0.773580641914579,0.28553795001796123,-1.0618909526937734,-60.84186989247937
4316995.967992846,2.9955144281043764,0.7833209416633039,0.2900206730969369,-1.0728140295935047,-61.46771609813082
4316996.067621815,2.9979449461461716,0.7832860890156503,0.2921447767076987,-1.0719082772787596,-61.41582031321172
4316996.168510279,2.9856276580253076,0.7794624115146714,0.2897027383720382,-1.070975652067096,-61.36238482471591
4316996.268052872,2.9562128537955594,0.7701971253300769,0.2853040011355097,-1.0703776894521175,-61.32812409057103
4316996.367831945,2.926549343185797,0.7611799316757193,0.2865216134201354,-1.058178121055593,-60.62914030956899
4316996.468212677,2.9222601272157385,0.7532351408007839,0.2900372836477136,-1.0756694575482353,-61.631320068640555
4316996.568080937,2.9358483320015734,0.7406597271735492,0.29523700616284904,-1.0725417574161467,-61.45211605148937
4316996.668518149,2.946607075380742,0.7381544218380918,0.29462737182728993,-1.0760075062392995,-61.65068883190846
4316996.768223876,2.9539753292145265,0.7486850008325019,0.29137957987119967,-1.0768201601462313,-61.697250470980464
4316996.868103687,2.9553226758935454,0.7613992414104845,0.2874672772275427,-1.0726907412365205,-61.460652195612525
4316996.967882768,2.9574451110038367,0.7634356379100984,0.2857637567783888,-1.0743460776242697,-61.55549598430498
4316997.068136772,2.9555784178712683,0.7610796713269281,0.2860485895736453,-1.0716399694007066,-61.40044740418917
4316997.168554079,2.9511469809290114,0.7571902051288686,0.28419266470372,-1.0726002316761158,-61.45546637979575
4316997.268094181,2.948052590144284,0.7514874961685948,0.28337421490091413,-1.072380145391219,-61.44285636454244
4316997.368167877,2.9455053193825784,0.7485125369781614,0.2840885143217319,-1.074332100279323,-61.554695141430734
4316997.46859175,2.9478097157590075,0.7467103827364291,0.2845921366502735,-1.0736933353185103,-61.51809660507533
4316997.568578376,2.9488283529349775,0.7468394226853177,0.28490995840139527,-1.0737526120502827,-61.52149291162922
4316997.668196042,2.9489006521759697,0.7489319466009673,0.28458473790804656,-1.0738164020704597,-61.52514781056041
4316997.768099204,2.9489424604779235,0.7520708502266551,0.2842470769435753,-1.0737818242702628,-61.52316664854429
4316997.868497667,2.9512470555009496,0.7588424581875453,0.28352458429829186,-1.0736489710078818,-61.51555471731531
4316997.967799508,2.95436633114703,0.7683781039538494,0.28496141831389526,-1.0808175649235559,-61.926284893726596
4316998.068080739,2.9447384480253165,0.7592169176371081,0.28489459276956547,-1.0866676738509833,-62.261471444959994
4316998.168432692,2.920214705177287,0.7355971272650328,0.2791486350110503,-1.07173509457948,-61.40589767545831
4316998.268188036,2.8843812438595404,0.7026778028843728,0.2645567840122019,-1.0292287802150772,-58.970465259721735
4316998.368119427,2.8579866802192018,0.6748327540210767,0.2630447518009606,-0.9926342000259856,-56.87375026183373
4316998.468519754,2.8435630973894748,0.6466357644237354,0.2666838880337302,-0.9833624587648319,-56.342518618832315
4316998.568103496,2.856598996325599,0.614143052079201,0.2690908887820885,-0.98530777129149,-56.453976816443756
4316998.668087943,2.8879101474211972,0.5877238606454925,0.2679671642116036,-1.0103691116863227,-57.8898858500084
4316998.768261385,2.9360886837577853,0.5706544170159832,0.26739829138358345,-1.0189002910068732,-58.37868641934522
4316998.868603818,2.9981781547778397,0.5496633714272005,0.2696100710633684,-0.9897270936685556,-56.70718533695734
4316998.96804026,3.0438102725772573,0.530341625302625,0.2770679229730681,-0.986225328171954,-56.506548953157534
4316999.068492358,3.069401195792382,0.5129673233336743,0.28385361030761747,-0.9832062608501971,-56.333569137555
4316999.167828714,3.0835825832326385,0.48836048553786837,0.2866109755206671,-0.9949810759535259,-57.008216347522634
4316999.268048099,3.086065796689254,0.4528210948472424,0.28453535569966815,-1.0223344845591849,-58.57545121592372
4316999.368436646,3.0790791587532347,0.3928105787981644,0.275350199591386,-1.03149107955021,-59.10008546362008
4316999.468460708,3.085569477329817,0.33843002407193024,0.27481660658011653,-1.0559373280901567,-60.500752329886886
4316999.568551944,3.100001324808147,0.30457565611134574,0.27678671877244465,-1.0430973004199764,-59.76507293555436
4316999.668470467,3.1247452455125755,0.2711496084267701,0.2798962931706519,-1.0254012010746623,-58.75116112922364
4316999.768099847,3.158182194034422,0.24398741755009026,0.2784268743585206,-1.0111123848936872,-57.93247226781553
4316999.868488579,3.210125590237747,0.2149113870056208,0.27365487491633217,-0.9995069084813651,-57.26752745015085
4316999.968501573,3.2774800564728688,0.18285965896386505,0.28293895398793445,-0.9885724848506734,-56.6410311247041
4317000.067922192,3.3132872323504583,0.15496444891152447,0.28700735977642716,-0.9963032913236745,-57.083973707839476
4317000.16851236,3.328889894927712,0.11584899383533939,0.28773756778725723,-1.0095901662512017,-57.845255564104974
4317000.268469928,3.3253890175224123,0.06302319437167475,0.28353398608421837,-1.0258352449280543,-58.776030010146606
4317000.368121872,3.316312097800936,-0.010998187466490245,0.27742475184093485,-1.0429156394618602,-59.754664529352
4317000.468520199,3.3141166382876293,-0.0624089049824093,0.28221373865732374,-1.0472365789934333,-60.00223612804237
4317000.568417672,3.3203982308752904,-0.10442127945361016,0.28855342732464595,-1.040285606660162,-59.603974749833725
4317000.667989061,3.3438124551943877,-0.143658741128249,0.29029774054049845,-1.0286994884120093,-58.94013907327507
4317000.768422123,3.3848021213892308,-0.1777318705513085,0.2899543648384888,-1.0105830522750965,-57.902143742811674
4317000.868511268,3.4465248453336987,-0.21167406714294967,0.2856940546769873,-1.0022941221826829,-57.42722303183739
4317000.967767197,3.498656982361497,-0.24603537344941293,0.2928940834886242,-0.9832737595425366,-56.3374365277487
4317001.06781122,3.532218379415017,-0.26970360882441363,0.29838810020920664,-0.9959028467338036,-57.061029922911025
4317001.168452964,3.5558781253962555,-0.3038267346568157,0.30146486143606155,-1.006907047898847,-57.691524206580965
4317001.268089191,3.5666522509139096,-0.3448462958666201,0.2996233694021428,-1.0275706093946189,-58.875459069997724
4317001.368495111,3.571256962779327,-0.41044675265493114,0.2885530982607621,-1.0319398297824172,-59.12579695798107
4317001.467763002,3.5856212202890063,-0.4713993327471016,0.28806825545356257,-1.0570390022761407,-60.56387361114228
4317001.568380385,3.6062753442808,-0.5102087793106108,0.2899175585557057,-1.0392239007787651,-59.54314348374547
4317001.668462264,3.63472380597913,-0.5488769819265568,0.2902874112780018,-1.0261649968631354,-58.794923404313025
4317001.767933704,3.677333952118553,-0.5863965175158234,0.28981237152696937,-1.0093003003431849,-57.828647470950884
4317001.86807036,3.735016821317375,-0.6250768675930418,0.2853978121336157,-0.9951980430121796,-57.02064764427686
4317001.967657105,3.781044166400078,-0.6658725477738554,0.29720056204948586,-0.9877115497943519,-56.59170317954202
4317002.068379914,3.8087906759660326,-0.6961532282741332,0.3052716700709205,-0.9985169093910886,-57.210804680556215
4317002.168108358,3.8263815717513983,-0.7351968033100945,0.30979193091740953,-1.0066101627424315,-57.674513940118274
4317002.268423781,3.8332920160638992,-0.7801641484331708,0.3079893517237571,-1.0261411766913537,-58.79355860900265
4317002.367786993,3.8365878493691534,-0.8453036461796177,0.296695391364178,-1.02774828409258,-58.885639080317155
4317002.468261896,3.8498006034038452,-0.9034010539212237,0.3008137535986651,-1.0442149880816334,-59.82911172138115
4317002.568500338,3.866275876864898,-0.9438257213867753,0.30521849381071503,-1.0330775460653305,-59.190983299275324
4317002.668198314,3.895574884049539,-0.981472180570646,0.30982116728207537,-1.0238205366991004,-58.66059573167727
4317002.768103512,3.9411818115631654,-1.0162148676510092,0.3090786029975739,-1.0060247550284214,-57.640972548811085
4317002.86835555,4.002501201716823,-1.0497687843555028,0.3023346777251934,-0.9949597570960658,-57.00699486696613
4317002.968131239,4.049728549046212,-1.0918250557480278,0.30997066004930235,-0.9833257927375824,-56.34041781021941
4317003.06834804,4.079048496144533,-1.1209115296627994,0.3193932274928511,-0.9988459011000087,-57.22965451697213
4317003.168432774,4.102008123628913,-1.161778415164495,0.3213275587988072,-1.0101456395299473,-57.87708183860939
4317003.268436484,4.11058344626426,-1.212774731709623,0.31985190351709436,-1.0282499175854327,-58.91438056232002
4317003.368308557,4.113281830285351,-1.2801736285097178,0.3132231459339896,-1.0351918938461413,-59.312126503538636
4317003.468090377,4.132912267402637,-1.3458804008181786,0.31976039132740963,-1.0494599838816552,-60.12962784428624
4317003.568428497,4.152349706591621,-1.398873918157946,0.32147080316964,-1.0403650430239013,-59.608526118215856
4317003.668533029,4.17791020918886,-1.4434826998770256,0.3218219727652988,-1.0308819708937915,-59.06518610834243
4317003.768321422,4.213242642774812,-1.4786415591993183,0.31897890028536563,-1.009004947147871,-57.8117249793937
4317003.868379645,4.2613030644207806,-1.5107755531032254,0.3151165445372345,-0.9967499882745848,-57.109567557848
4317003.968486566,4.311229671087001,-1.5527069602838297,0.32140904249787694,-0.9737260144423078,-55.79039102963888
4317004.068406344,4.339609197666379,-1.5779193010646666,0.3289670333353538,-0.9831134655807923,-56.32825236025932
4317004.168408521,4.357241203217252,-1.610577387074178,0.3338670552420471,-0.9907786066659062,-56.76743259380868
4317004.26834394,4.364286873858592,-1.6575948508048568,0.3325605286308881,-1.0131533146546936,-58.04940892940384
4317004.368396809,4.368168918627198,-1.7266493027774588,0.32055190980687204,-1.0195986509295873,-58.418699495497826
4317004.468322855,4.378703335741566,-1.791144209567139,0.32543219664979617,-1.048877702845758,-60.09626559843883
4317004.568181633,4.392531892494698,-1.8340398225591579,0.3314038921204126,-1.0404577229402816,-59.61383628627007
4317004.668244585,4.421340597534361,-1.8757890998015712,0.33442823505174374,-1.0336651370464935,-59.224649782575916
4317004.768095433,4.465234814726323,-1.9132393937900487,0.33385933584087263,-1.012627040102796,-58.019255618714965
4317004.869328456,4.52440352344019,-1.9464219213872989,0.3303796881167639,-0.9980391618822263,-57.18343176462551
4317004.968410632,4.579474498198826,-1.9900706450748697,0.3349964267805668,-0.9807924910670238,-56.19527031626296
4317005.068371843,4.613482531976087,-2.017779032766422,0.3449419482266218,-0.9960005469225454,-57.06662773138356
4317005.16825383,4.637805729005062,-2.054087294826701,0.3502924579319762,-1.0040305240057867,-57.526711527840064
4317005.268398595,4.649006912688406,-2.100392990323455,0.34980238163706645,-1.0300713375534056,-59.01874023920573
4317005.368295812,4.653669543820687,-2.1668829149200004,0.3414085893376768,-1.0391942364825144,-59.541443844768075
4317005.468329572,4.663875159297594,-2.2313625116465476,0.34066835672745893,-1.0551721335022957,-60.4569099094962
4317005.568449961,4.684765316458034,-2.2720170246052636,0.34414081448803785,-1.0295915803938607,-58.99125217877261
4317005.668066884,4.708654845769909,-2.3118580878570336,0.34619422894743623,-1.007676235203773,-57.73559539280826
4317005.768443305,4.740828016107859,-2.34341203771769,0.34548105908398774,-1.0054636026960528,-57.60882088850245
4317005.868428356,4.783161716811722,-2.360151301088473,0.34387102666758,-1.0101280336088512,-57.876073093636144
4317005.968310194,4.817999306506469,-2.375259985622827,0.34950371073278197,-1.0137261484230362,-58.082229886692446
4317006.06827684,4.836971866888724,-2.3819880425552613,0.35521641120978115,-1.0363298045601017,-59.377323984911285
4317006.168316458,4.842751528223184,-2.39272215795304,0.3591282347764845,-1.0380857218277248,-59.47793063352023
4317006.269333221,4.837208057323761,-2.4077223463376485,0.3598042608756161,-1.036693846612041,-59.39818205805269
4317006.368270972,4.817658721080516,-2.4252355003929447,0.35707174985928025,-1.0355274757577084,-59.331353930752364
4317006.468344617,4.797562510572583,-2.4499525767739487,0.3561421073127525,-1.0441854065792637,-59.82741682614371
4317006.568319685,4.796123197600644,-2.4649000893576227,0.3545882567314419,-1.0326795443167607,-59.16817947884344
4317006.668416905,4.802514306049659,-2.479334502714004,0.3556163818797769,-1.027761994736348,-58.88642464233948
4317006.768340037,4.816456464346357,-2.491035655239307,0.3552536963351998,-1.0301786152520414,-59.02488679857343
4317006.868255882,4.842752373815313,-2.4916630256291294,0.35518641846337073,-1.0341020275219692,-59.24968176293014
4317006.968321699,4.871865005980621,-2.483333789072292,0.3653234423696427,-1.0274115411415357,-58.86634513044154
4317007.068198565,4.890719192632667,-2.474434322173821,0.3701374428004251,-1.0336268058486597,-59.22245356671636
4317007.169300355,4.8956246411366715,-2.474728965240513,0.3715848724120397,-1.0320915989408246,-59.134492690218075
4317007.268370885,4.884906132327545,-2.4811583337184118,0.370772803572676,-1.031164083802751,-59.08134998737196
4317007.367894769,4.857667866901496,-2.495130630653412,0.364772924284874,-1.0329585942589108,-59.18416786280201
4317007.468289476,4.832193340292821,-2.5093525093895073,0.3576282978053163,-1.0226794264712447,-58.59521493166192
4317007.568377896,4.829691019006229,-2.5214523794380774,0.36015995286532126,-1.0465502590085756,-59.96291288951454
4317007.668329034,4.842836603718992,-2.5397912789636456,0.3647995394479979,-1.056450335760973,-60.530145504282494
4317007.768265637,4.857879554891147,-2.5508347508122498,0.36461366633155534,-1.064579839625276,-60.99593176524235
4317007.868399076,4.865909085675509,-2.547549270001842,0.3636621319569002,-1.0630090883198429,-60.90593434477637
4317007.968319846,4.867630904904123,-2.5374883692699672,0.36448110351587676,-1.0581762673744444,-60.629034101462615
4317008.068128773,4.861527122951035,-2.5291493521352373,0.36342748309401324,-1.059701277671078,-60.716410755173705
4317008.168291558,4.8502880848279935,-2.526811304998209,0.36270856902808274,-1.0593940481331239,-60.69880779930719
4317008.268310979,4.821338200777084,-2.532025351110157,0.3613353150613204,-1.0608021537491845,-60.77948630821613
4317008.367984463,4.820881813979415,-2.527979324278756,0.35650092295027636,-1.081031612491342,-61.93854891597578
4317008.469233637,4.83033316521643,-2.5215258748777556,0.35722988470212774,-1.122236038022802,-64.29938859618953
4317008.568402567,4.85729602917734,-2.5149380484236445,0.3595752602324343,-1.181922912020974,-67.71919456861393
4317008.668309317,4.892511590347487,-2.503649563891316,0.36184101834882987,-1.2497663656278104,-71.60633812787725
4317008.768243527,4.91879286193646,-2.5028140430317802,0.36467082738852746,-1.301240481756462,-74.55558773621527
4317008.868338531,4.924887560429348,-2.498963028724804,0.36627827254938083,-1.3650376185007467,-78.21089441668177
4317008.968226282,4.91816109249025,-2.5008604336142324,0.3689232550972536,-1.419887976577592,-81.3535884392663
4317009.06831617,4.892332913008214,-2.504909459821315,0.36552186040434154,-1.4871214507002184,-85.20578274849484
4317009.168267082,4.848585141545516,-2.501400106271117,0.35603578662885466,-1.5644322393562453,-89.63536464931306
4317009.268083862,4.823240431898451,-2.4953019886151817,0.35786059857217906,-1.6469824987993682,-94.36514611311397
4317009.368270725,4.811314369687603,-2.4909962322659616,0.35845416535897595,-1.7127904691274598,-98.13566507123578
4317009.468202703,4.81378106600652,-2.4933010289676774,0.35707315085578717,-1.804544839403291,-103.3928032399215
4317009.568291111,4.83613486415861,-2.499266828649645,0.3572120215916379,-1.9146769143551348,-109.70290632368061
4317010.468211883,4.872349858050081,-2.4595046591498644,0.36282458333819645,-2.753445083259291,-157.76078239180495
4317010.56817159,4.882701851811397,-2.4853858221638614,0.3616881145134891,-2.8267490127835777,-161.960788175271
4317011.368135877,4.909633194547786,-2.5325701899271458,0.3652165760034048,-3.0636933799576487,-175.5367003937434
4317011.468250598,4.901282966368649,-2.5532694073558213,0.3625098733704496,-3.0639257470625747,-175.55001404815332
4317011.568356489,4.897323167983021,-2.588013784675219,0.3594945274239001,-3.0513037472355555,-174.82682672905025
4317011.669193292,4.897070284281197,-2.639039076684075,0.34945361388171076,-3.0276965776578955,-173.4742355460007
4317011.767811511,4.914725874711874,-2.696982737877373,0.34858614979889485,-2.9808120631134463,-170.78795073808405
4317012.368192169,4.891563553246212,-2.703730653711572,0.37070649901664066,-2.783647009138014,-159.4912252778227
4317012.468058855,4.8755583808404666,-2.6851541782728274,0.37184609983064015,-2.764883229260801,-158.41613988314592
4317012.569091693,4.870889786333652,-2.673853223346373,0.3674939283745234,-2.7340609898441013,-156.65015564942723
4317012.667661458,4.870233725098578,-2.6700354143065534,0.3640817435522698,-2.7192319107631664,-155.80051200402391
4317012.768096819,4.881011181234001,-2.680471618467931,0.3615351361062168,-2.717393750832173,-155.69519319790794
4317012.868043292,4.895475924965624,-2.702919505626789,0.3666458667744486,-2.7016390788562425,-154.7925169860741
4317013.569131081,4.8904518004697115,-2.6787920931426474,0.3620816289661049,-2.634307717606692,-150.93471415760416
4317014.468165924,4.904688394877866,-2.6954853949140114,0.3623637941853066,-2.631404122150676,-150.76835039256108
4317015.468073028,4.899474960023034,-2.713136000333775,0.3631877719276113,-2.6274689443804102,-150.54288131469116
4317016.469036681,4.812021984535633,-2.5656905436681927,0.3496177161923128,-2.606619272740128,-149.34828312546938
4317017.369044329,4.734680695582661,-2.4147443720312465,0.3526456777742034,-2.6014837923592955,-149.05404177387544
4317017.468146372,4.733154602315037,-2.424196832413825,0.34951941734381337,-2.617068665659183,-149.9469892382051
4317017.569079342,4.73680808269159,-2.4426956932019412,0.3519386860312961,-2.613821762060716,-149.7609553655271
4317017.669072103,4.737952814945443,-2.451618688303499,0.35387335532505204,-2.6110205215118074,-149.60045610467373
4317017.768085603,4.738184162166223,-2.444462969514495,0.35243972754284525,-2.5999279267057767,-148.96489723843945
4317017.868069572,4.732429609523172,-2.4271904674204032,0.3516078191760146,-2.5932228663779284,-148.58072558027314
4317018.368071747,4.651372140135195,-2.2938004096488434,0.3454115131791626,-2.5968649499770557,-148.78940159913694
4317018.469023205,4.647588259414,-2.2983714882814392,0.3445418419035983,-2.6129755892679953,-149.71247323576543
4317018.569015561,4.6484395613602,-2.3087644683693878,0.34372253281149345,-2.622708753811157,-150.27014248539496
4317018.668133032,4.653690202826799,-2.3160438107307977,0.3485108623553572,-2.6089676147123044,-149.4828332093285
4317018.76804769,4.653700079229534,-2.311604249394051,0.3476447162090086,-2.6012823317181786,-149.04249892940143
4317018.868247081,4.64510271722851,-2.2964874951339027,0.34545194558168546,-2.590606199843268,-148.43080163144396
4317018.969122282,4.63141797779546,-2.2669180314971618,0.3421094413827852,-2.592097990823695,-148.5162749585381
4317019.069018179,4.61371111146682,-2.2227231289518175,0.3337711368971932,-2.5890078487098616,-148.3392228573198
4317019.169002857,4.605906029245553,-2.217301289557389,0.3388871203834761,-2.598489637366991,-148.88248932960835
4317019.268081928,4.597079210020572,-2.235826336983059,0.3424966608351189,-2.633193395004679,-150.87086817549277
4317019.369039497,4.596058881029231,-2.239359224221551,0.34493255433049597,-2.642384048842892,-151.3974538513881
4317019.468107349,4.603526801448447,-2.23811163599902,0.346261591390962,-2.6482901721567877,-151.73584979055815
4317019.569114178,4.609948688267435,-2.2397348184870136,0.34552197042541344,-2.6478784447104027,-151.71225954557056
4317019.669007527,4.612263506217987,-2.2382316357284253,0.34673948890054346,-2.6360308799447276,-151.0334440869895
4317019.768981254,4.610010704947486,-2.234386899731068,0.3480119539892682,-2.6318490207401313,-150.7938412040482
4317019.86808362,4.605364168838743,-2.227886561131076,0.34810509021460617,-2.635226350011159,-150.98734791730408
4317019.969029318,4.60121579126475,-2.2243720427995197,0.34791854073059925,-2.6374001545220476,-151.1118977412645
4317020.067872218,4.604913128399762,-2.2290158583182715,0.3496465200128361,-2.638151656521117,-151.1549556341068
4317020.168057379,4.595072302980304,-2.218935105759286,0.34666981961513,-2.6440210272187428,-151.49124580347853
4317020.268946034,4.575626296995688,-2.194049800694919,0.34015881858901265,-2.6348804507635064,-150.96752935027683
4317020.368987235,4.540110068846743,-2.156542691785442,0.3269093011300419,-2.6108409411976665,-149.59016691058983
4317020.468053768,4.5100912302406915,-2.1374115720094675,0.3271555400362205,-2.574448963118333,-147.5050601585114
4317020.569025507,4.4793503789570535,-2.1291411167550396,0.3308789717242891,-2.570726984749315,-147.2918065065277
4317020.668999717,4.450677901006407,-2.137056257366902,0.3320270024131932,-2.579262896762026,-147.78087823915106
4317020.769114055,4.4313872359932,-2.1613670476812756,0.3285943550353869,-2.6016188800032567,-149.06178172573877
4317020.868952101,4.418498915769356,-2.202069516678875,0.3246833490535441,-2.6101505232209647,-149.55060887442485
4317020.968800742,4.401608643764493,-2.255886400368833,0.3233232114782631,-2.5812385111971956,-147.8940726082314
4317021.068994708,4.3801816363664425,-2.3078143787706265,0.33141709347209203,-2.5794307656133992,-147.79049641584646
4317021.168961797,4.368968580875563,-2.332830497146568,0.33423446612141017,-2.574853693498778,-147.52824950115163
4317021.369061093,4.316133981036699,-2.3488205085376817,0.3295726159416532,-2.6099610623523795,-149.53975356627203
4317021.468962019,4.260836915388409,-2.3454921559299335,0.31758408392012366,-2.6194784282227075,-150.08505846272368
4317021.568954856,4.210943556434385,-2.3538611100172755,0.3153920993643589,-2.6325425756136998,-150.8335789711644
4317021.668765666,4.175568348571686,-2.369224823147177,0.31263828284874884,-2.6216842462598353,-150.21144252662495
4317021.767595044,4.136088653203039,-2.3904926505929716,0.3081067589511047,-2.60990269635869,-149.53640944116657
4317021.868644514,4.100969854983859,-2.421593451490893,0.30166026213281344,-2.5948994088297996,-148.67678438693986
4317021.968651293,4.069822136663762,-2.468786436413697,0.2935620643561369,-2.5846487637732034,-148.08946568791026
4317022.068791984,4.03090487378465,-2.513650229794663,0.2974884520515221,-2.5819838789406298,-147.93677903411537
4317022.167543183,4.007327979861679,-2.5370581799831635,0.2993316214644476,-2.5859528668554077,-148.16418529057057
4317022.269027623,3.974604942340783,-2.5510777174737815,0.2986095346951395,-2.5955375254770483,-148.71334577766424
4317022.368942152,3.9346652400710203,-2.5543145402608816,0.292922195397737,-2.6149348943377966,-149.82473314704362
4317022.468103977,3.8753745899030516,-2.5532653038090904,0.28111456260035894,-2.6192684498601753,-150.07302758876153
4317022.568139331,3.820983942282541,-2.560337716809113,0.2811592341637358,-2.6434515495818576,-151.4586171383579
4317022.668915878,3.78327623450949,-2.5735729055160848,0.2812261351569497,-2.6338481694769804,-150.90838398928855
4317022.76850969,3.7489186567662953,-2.6017926217850236,0.2800415375611669,-2.622996991585313,-150.28665729335034
4317022.868710948,3.720627663205913,-2.6462024227846324,0.27355643158875637,-2.6057917436401286,-149.30086920061515
4317022.968886357,3.693991690468879,-2.7094052778018565,0.2596849085553893,-2.5989982843790873,-148.91163265666341
4317023.068449685,3.6640850920490275,-2.75700095566339,0.2649118427401544,-2.5858633516848,-148.15905644909236
4317023.169007689,3.63995954078754,-2.7872738759659472,0.26881907809796474,-2.591940665186859,-148.50726086353822
4317023.268922309,3.6009743042704874,-2.8067305655830377,0.26805414319612586,-2.604126890626243,-149.20548014940985
4317023.368907976,3.5538515361007184,-2.8151124874255267,0.26485362145200864,-2.6218489679103696,-150.220880381995
4317023.468990484,3.4931079996972816,-2.8172353824571434,0.25410030484030305,-2.628154199609899,-150.58214354723012
4317023.568225094,3.43516989278855,-2.829770196830459,0.25078369496970915,-2.649432359230695,-151.8012922893074
4317023.66887124,3.395330171774654,-2.8526020733039505,0.24992434286027823,-2.6376825291501027,-151.12807661569363
4317023.768847847,3.350026144127679,-2.8783054379539,0.2463537370452057,-2.627314694150316,-150.53404342751782
4317023.868887621,3.3058966247580033,-2.912165533665488,0.24109996221803312,-2.6094302784494836,-149.50934188880262
4317023.968081125,3.267876963308626,-2.958611674860062,0.23157493633804735,-2.5958073230089447,-148.72880403756497
4317024.069039301,3.220051557675042,-3.009344015297705,0.23328754519831557,-2.5888504583825735,-148.33020505583005
4317024.168910821,3.1927118593002817,-3.0353758123660306,0.23684789376514426,-2.5989233998662904,-148.90734209012925
4317024.268860807,3.1589547606449377,-3.052522473200355,0.23555807222759262,-2.605937414745028,-149.3092155401229
4317024.36905092,3.1149123052089784,-3.061579235807849,0.23056717951928024,-2.6302956244668962,-150.70483815368047
4317024.46896519,3.0541074561907284,-3.0684736011349623,0.21759608897698113,-2.6403008909721613,-151.27809769733577
4317024.568132168,2.989723005519842,-3.074603756010606,0.21413942296065747,-2.6595869013348863,-152.38310469476548
4317024.668981065,2.9457051378975074,-3.086290879997124,0.21625235319978742,-2.6504278672050017,-151.8583306947068
4317024.768869573,2.9055361403733597,-3.1091837489043996,0.2156971293190911,-2.6417112243199345,-151.35890384586972
4317024.869003461,2.8689296766694383,-3.151942323511734,0.20926666610121913,-2.6207983929890792,-150.16068687294276
4317024.969024132,2.833199461481013,-3.2171330023056175,0.19512100150857314,-2.607121431094477,-149.3770546798208
4317025.068906249,2.7898808089961435,-3.267588863516552,0.19334731399741736,-2.5887157175301736,-148.32248497365953
4317025.168863845,2.762169826292733,-3.296978432155706,0.19639724989000393,-2.599081736268161,-148.91641409769974
4317025.268983561,2.7244910437492544,-3.317206052635104,0.1973102734509256,-2.6100212866491255,-149.54320416429974
4317025.368863685,2.6742133830753017,-3.326936839821602,0.19407118304584114,-2.624231787020595,-150.35740586035402
4317025.46897354,2.6146566795887227,-3.328947990572246,0.18293862710071138,-2.639136837768402,-151.21140236163166
4317025.568953028,2.555513105508924,-3.3354067235650215,0.17830726231255753,-2.6665915260898427,-152.78444013029733
4317025.668867037,2.507011139313197,-3.341593786465948,0.17649368388552636,-2.657317559943397,-152.2530810107588
4317025.768074793,2.4599188559381973,-3.3597818699189985,0.17362312357582066,-2.641304658678328,-151.33560935051065
4317025.868886723,2.4156718796705134,-3.3935784266413886,0.16799083169042214,-2.6175575002890086,-149.97499739937396
4317025.968873189,2.3768273534679496,-3.4430345470253596,0.1599523801657617,-2.6003305222566495,-148.98796426435518
4317026.068064522,2.3273758881713356,-3.5025210808128837,0.15851768890527793,-2.579691241937385,-147.80542060987392
4317026.168920231,2.294212428843524,-3.5408935201761547,0.16472428693296867,-2.595286655627772,-148.69897199409363
4317026.268864425,2.261968566830107,-3.567021454577717,0.16421987019706352,-2.6037684618904504,-149.18494369559275
4317026.36893623,2.2189096300959146,-3.5792289879527823,0.1594201238564189,-2.6266136814567473,-150.49387835879125
4317026.468928582,2.1570879077888914,-3.580682572685409,0.14888312804484197,-2.6344997316289125,-150.9457157506847
4317027.568709903,1.6391429990221076,-3.8683479498150635,0.10279669610849977,-2.6683267444712406,-152.88386082008495
4317028.568871845,1.3404855679337921,-4.023829968869454,0.08719151178971683,-2.6352359311169633,-150.98789687422973
4317029.56875729,1.2655148658426214,-4.079697423838201,0.07893773512378317,-2.626198080995726,-150.47006620641105
4317030.668791495,1.2484821001167672,-4.0931885865452635,0.08683481815285131,-2.6014934085276566,-149.05459273973761
4317031.668722435,1.2568086078574445,-4.065059920467602,0.08902148990402556,-1.9496402958969048,-111.70616052352963
4317031.768662855,1.2457677847429942,-4.059258017459048,0.08755002145722798,-1.8570948236227678,-106.4036955491766
4317031.867635302,1.2176733893584193,-4.04865969132375,0.08320998532290787,-1.7573756184990734,-100.69020595918958
4317031.968612916,1.1803819549034542,-4.045176072465933,0.08608985910042079,-1.6562324614156763,-94.8951299316822
4317032.068666476,1.1691503013643847,-4.047045221559168,0.08474192865308279,-1.5557293447086764,-89.13672551646037
4317032.167577321,1.162512185471755,-4.051337986163587,0.08517717977417448,-1.4676985816557402,-84.09293432621094
4317032.26830992,1.162988522196699,-4.0565734112675536,0.08283620116211259,-1.3755612191515216,-78.81385231925229
4317032.366992603,1.186160452739474,-4.0548448850086,0.08145180257414202,-1.2814691361274588,-73.42277307637896
4317032.468732186,1.218432135015015,-4.047624696066607,0.08753317627296633,-1.1923448628802382,-68.3163283671425
4317032.568657061,1.238308629396864,-4.038167871174958,0.09087709044500385,-1.118691293204101,-64.0962896786271
4317032.668686213,1.24182885500192,-4.032414230647466,0.09385793070810067,-1.0615512295908824,-60.82240519248063
4317032.767487922,1.227803014149656,-4.033086483370526,0.09343654720394381,-1.0103272366956533,-57.88748658977588
4317032.868809584,1.199622284957045,-4.0454852605236065,0.08745210546530371,-0.9567210421884267,-54.81607788875443
4317032.968660772,1.1691221640589817,-4.064058945555762,0.08397379350184209,-0.8918505742814753,-51.09927386264726
4317033.068721831,1.1613683841861266,-4.073050786477369,0.08347089149223044,-0.8286575391214278,-47.478579653354714
4317033.168840708,1.1656958583690629,-4.072777386273011,0.08294600445617618,-0.7630537343042475,-43.71975851733026
4317033.268670756,1.1789313088119373,-4.065578233386048,0.08136796503278575,-0.6952580771146049,-39.83535349104799
4317033.368581276,1.2013786929754515,-4.038918826573395,0.07999376550618542,-0.6153119200512337,-35.25477610302682
4317033.46875959,1.2187159475970468,-4.0073935492988095,0.08806544063739065,-0.524577506783849,-30.056077166209857
4317033.568628425,1.2313612303089836,-3.9909975517314256,0.0955023161728749,-0.4439972288715256,-25.43916732984248
4317033.668757064,1.2369656088334136,-3.987478390945173,0.1015909415287253,-0.36670157010169957,-21.01045230764808
4317033.768480938,1.238582085448644,-3.9977764528750486,0.10199018055434901,-0.2770675064791953,-15.874798761471483
4317033.868632585,1.2307868361063594,-4.018519863335685,0.09945201120624012,-0.18114541383494606,-10.378867690893122
4317033.968682981,1.2233924450796192,-4.054677950104901,0.0979890869794635,-0.0710045125561608,-4.068258895851675
4317034.068816932,1.2272396496260987,-4.064968814384069,0.0971500187271757,0.02322180677426653,1.3305115208337766
4317034.168691817,1.2305753030522146,-4.064458745567835,0.09233305283015317,0.12252136355720578,7.019957032015862
4317034.268399558,1.23278134966242,-4.057266770314129,0.08758327758002905,0.21413410813457048,12.268980645908877
4317034.368672807,1.228426005652782,-4.031449060085655,0.08175733457003506,0.3162272641227508,18.11848760120238
4317034.468806441,1.2159855308943555,-3.9950883886407733,0.08274665551459423,0.42667702218555104,24.446792586441866
4317034.568622857,1.2022705674279435,-3.970722048958895,0.08280519253497157,0.5328511493071142,30.530121963992922
4317034.668453607,1.1933663762501723,-3.960314453759325,0.08332821639617982,0.6252404372350076,35.82363823448018
4317034.768631973,1.1947241716794654,-3.9618998661282427,0.08445796604662513,0.7267047299945754,41.637113980883214
4317034.868642152,1.2104836318185688,-3.9743942032719612,0.08381113490316515,0.8268451950913783,47.37473998940715
4317034.968611368,1.2464091939681103,-3.995119152657909,0.08606836622501876,0.9433185249142882,54.048170214095116
4317035.068688617,1.2737722260757454,-4.001705322229755,0.0925997177654294,1.0207587276048173,58.48516699290007
4317035.168751591,1.282876290152961,-4.002364312637485,0.0901449163452706,1.0887080447405206,62.37837608557184
4317035.268636967,1.282124066608432,-4.000960405285202,0.09289667356391391,1.1328108383813476,64.90528002592762
4317035.368704866,1.2633299949420735,-3.9917319645179288,0.09082653560859637,1.1613816389470566,66.54226631565274
4317035.468753061,1.2260714797879686,-3.977447831731029,0.08587158509447815,1.1819080601711225,67.71834362029946
4317035.568693943,1.1760956318986877,-3.9640431394882594,0.08565206529989706,1.1910526850927154,68.2422920335369
4317035.668670054,1.1560984775621648,-3.9566080423428316,0.08599353719775514,1.1916329141300952,68.2755367085297
4317035.768711366,1.161198405041243,-3.9610877360060974,0.0869050428256753,1.1838767215308015,67.83113960749957
4317035.868400338,1.182388445959195,-3.9736416001585604,0.08480347327934626,1.1582809552405087,66.36461022566256
4317035.968629353,1.2187353430117198,-3.9969833878801775,0.08139879622630877,1.1186397163418242,64.09333454209812
4317036.068711523,1.2457646480038982,-4.013192192413399,0.08353795405923725,1.0691536327024884,61.25799080493278
4317036.168640356,1.2564839644718382,-4.019120191056602,0.08340099826479004,1.0254676775721578,58.75496995196695
4317036.268578694,1.2603387452270023,-4.016513673801157,0.08109127491224094,0.9630890581564895,55.18093832759634
4317036.368731139,1.2452404383351525,-4.003733949406702,0.07790860884589391,0.886188007116241,50.774832662869976
4317036.46865073,1.2148214204586745,-3.985941857345494,0.08146844625016547,0.8171454478181809,46.81898540830941
4317036.56834823,1.1911155072116986,-3.9665058553113592,0.08458052966085385,0.7672354191955422,43.95935141285507
4317036.66867025,1.1803449276673192,-3.9615007610883866,0.08416806106148567,0.7241746458687535,41.49215083866057
4317036.768572042,1.175860199765609,-3.964312844297893,0.08352785469244971,0.6968805204157258,39.92831264470149
4317036.86873562,1.1821815205878168,-3.980680154472749,0.08253996526319803,0.6648725391334637,38.094390406494135
4317036.968611077,1.2014401065945695,-4.0099698645043125,0.08009589756513896,0.6360062442405658,36.440473538951046
4317037.068523796,1.2036916589552766,-4.017356228274727,0.08260443650189753,0.602567632745984,34.52458222753386
4317037.168446139,1.204693682885718,-4.012491461836756,0.08334492181782527,0.5844094268480305,33.484193666051574
4317037.266966748,1.2077473861517096,-3.999898581504063,0.08766086036342961,0.5593361902567666,32.047603030639166
4317037.368530979,1.1995402623565403,-3.97779454176821,0.08486597874729643,0.5215722187473948,29.883886845499873
4317037.468553572,1.1802901014755485,-3.9525976152591156,0.0822840340227803,0.482866372031512,27.66620518619949
4317037.568561156,1.1685562901411812,-3.934020507264125,0.08502861324855002,0.44850907857055533,25.697677275394256
4317038.668506698,1.1501497269669352,-3.9050780494938984,0.08446296684382121,0.322692036287909,18.488891761779595
4317039.668503274,1.1609522350497443,-3.9616445619362706,0.08330804729708459,0.3620443408415298,20.743612726815517
4317040.668505671,1.1743615561955643,-3.9644060303425266,0.08644652901076055,0.35583577323098525,20.38788800590969
4317041.768456136,1.173833735812654,-3.9656680097868895,0.08556121036224852,0.3580947511109489,20.51731790444502
4317042.76840567,1.1726772807525552,-3.9917652558198387,0.08083436549791946,0.37581876415769583,21.532829048058424
4317043.768443114,1.4112051561325063,-3.8877135979505866,0.10274012441067808,0.3051980864178123,17.48656226720962
4317043.868495447,1.4523153361739638,-3.875123345507699,0.1039246723996846,0.32321999779397603,18.519141727822607
4317043.968566603,1.4864385346121187,-3.847663195009709,0.10220120945011088,0.34803110801772474,19.940713628677294
4317044.068402916,1.5183569198095326,-3.8020922523071325,0.10150855307699813,0.36983065167172646,21.189735475362788
4317044.168410311,1.5584178735548255,-3.760198463308443,0.10400181356220373,0.36799481298541475,21.084549666770286
4317044.268401609,1.5895218792675838,-3.7374492966202117,0.10387737742633427,0.3589115840479346,20.564118984301576
4317044.36840986,1.6212098892642997,-3.7313826091561646,0.1044523789782928,0.3384382530273977,19.391083524250547
4317044.468424965,1.6582743337962877,-3.738282338987027,0.10627458535992647,0.32502027554432344,18.62229004486882
4317044.568569255,1.7189853694924784,-3.7533820543496104,0.10572637062938309,0.32242088629630405,18.473356011645624
4317044.668528327,1.7746633076909557,-3.7515241967230097,0.11629320860834302,0.2985711036769256,17.10686412525077
4317044.768439245,1.816288373156984,-3.742301524129673,0.12241250374157658,0.30413338393405187,17.42555930845305
4317044.868520967,1.85603290438846,-3.7207216912410486,0.12482363575167718,0.31716364813636405,18.172138453185937
4317044.968487927,1.8939347918893719,-3.684976287730483,0.1249876499623615,0.33162615285490227,19.000778934746215
4317045.068400171,1.9403402332292237,-3.633938727933408,0.12294493798532877,0.35993830338704136,20.622945669176854
4317045.168468629,1.9858619511628042,-3.6052933458454555,0.13481843156136086,0.3513893142308957,20.1331246714266
4317045.268336105,2.0199590794049724,-3.5869487454108033,0.14361059301126525,0.3433085533502217,19.670131177709564
4317045.368431236,2.061038872187724,-3.5804855163473723,0.14823700515622273,0.33099116470337575,18.96439679362293
4317045.46834986,2.1084824397807114,-3.5834583430973685,0.14781815123342482,0.31503830139212174,18.050365054738982
4317045.568636232,2.174062807997244,-3.594637755194915,0.14164497960525704,0.31288090138546026,17.926755139635784
4317045.668423016,2.224372586014997,-3.5952676814626203,0.1477594621853746,0.28754348439469746,16.475028082302014
4317045.768492519,2.2657416283177074,-3.5867212996978965,0.15207360548523888,0.3018184362453109,17.29292257609463
4317045.868322984,2.3124950279202863,-3.5673024170404264,0.1571179320378541,0.3176892567127201,18.20225360628702
4317045.968387836,2.357461034360015,-3.532627853080198,0.16051161704731343,0.3368676836778688,19.301096529089932
4317046.06848202,2.4078689231934134,-3.483081120143367,0.15650053499560745,0.3516052963170219,20.145499533412064
4317046.168514758,2.4532782965976816,-3.449575466195275,0.1597664448740352,0.35835269309719203,20.53209689161597
4317046.268423908,2.480169145454414,-3.429094683236471,0.1669199941487061,0.3501240437246962,20.060630011478988
4317046.368327399,2.5202891868728288,-3.4165464415186135,0.17438360491286575,0.33690140136545554,19.30302841028359
4317046.468402313,2.567700026860954,-3.416935952933297,0.17732332750476007,0.31890071592399055,18.271665106145065
4317046.568382984,2.638260755662738,-3.423693125875213,0.17709651431426152,0.31268111021867095,17.915307948994762
4317046.668485479,2.700667462391334,-3.420617145957842,0.188126793778353,0.2907149909489013,16.65674202255597
4317046.76849156,2.7455137056588126,-3.4109720406096447,0.1951177622665803,0.30159589677661386,17.2801720037632
4317046.868313512,2.790783317153513,-3.3880634792030317,0.19893121619453763,0.3181260304426081,18.22727889761179
4317046.968248407,2.833865330940125,-3.3497235669380685,0.19930006412246223,0.3371938232058007,19.31978294757282
4317047.068397001,2.883200571515031,-3.2940853627344096,0.19682560226523282,0.352872151415615,20.218084983816077
4317047.168425288,2.932882641473992,-3.255085561170111,0.21170624213405026,0.36351384418840693,20.827809066571927
4317047.268072179,2.9630585171931694,-3.2317845637992093,0.22250828265859482,0.34422467620179753,19.72262115062035
4317047.368456136,3.006683837958074,-3.2224198121276917,0.2272987848716158,0.3324472639538606,19.04782513522788
4317047.468376899,3.0584738652430845,-3.2289870828806366,0.227320984794767,0.31783193089312983,18.210428234669983
4317047.56831012,3.1254423227818293,-3.24380449460033,0.2212039148740846,0.30948203811972236,17.73201461936695
4317047.668420996,3.1852839330511156,-3.249213344810124,0.22676816638655484,0.29041861743435055,16.639761071012753
4317047.76839393,3.2296523512662203,-3.2450105399554023,0.23244443467656845,0.3015608790040591,17.278165633187864
4317047.868255704,3.27868351565971,-3.2281447235204794,0.23572232598244888,0.31215645588172813,17.885247469784705
4317047.968416297,3.3258305994632975,-3.1963357912323773,0.23748391540240124,0.32903602559145,18.85237557414863
4317048.068306918,3.3754368697582917,-3.1493571840241366,0.23527850887149385,0.34269339705598917,19.63488531830913
4317048.168347622,3.429636599016498,-3.1094259630613252,0.24435093453510162,0.3516729551350784,20.149376098133544
4317048.268287109,3.466949093566106,-3.088550221852747,0.2543952260484689,0.3414952665087134,19.56623749464453
4317048.368408421,3.5139332498819793,-3.078157808184228,0.2578890832550015,0.3343744619081071,19.158245444292447
4317048.46830298,3.5681574414984807,-3.083198942436704,0.2590619260932342,0.3129680134841484,17.93174629523514
4317048.568275685,3.6391809909260244,-3.097909144958521,0.2521328414622886,0.30715371523448914,17.598611544699367
4317049.668266951,4.18961972860419,-2.923619111257355,0.30681609252469216,0.26692080250160305,15.293435447586841
4317050.868381573,4.505469690956059,-2.848879279452972,0.32793374758921195,0.30994652118453464,17.758627538635995
4317050.968337253,4.519242734289197,-2.8329201577471133,0.3279443158057261,0.3033124462835716,17.378523045837145
4317051.068286787,4.523408736497402,-2.8042320723311653,0.3255824451012063,0.3000370126023214,17.19085451982651
4317051.168208329,4.516907047253081,-2.777691324605407,0.33185310791285605,0.3038496399337406,17.409301974773054
4317051.267224323,4.520443577364191,-2.762554221684335,0.3356396761246112,0.2920730902489179,16.734555380606597
4317051.368214086,4.529381252377665,-2.7603319407710716,0.3374222240842386,0.29414309293601465,16.853157798157977
4317051.468333971,4.541495298355308,-2.7744090537890034,0.3378143480656516,0.29577731404281654,16.946791770368925
4317051.567199311,4.555964822698719,-2.801626819780785,0.3364169385725591,0.2992977198787834,17.14849616694305
4317051.667822455,4.561287180302038,-2.8253153799184787,0.33280844807963966,0.31060614507230005,17.796421203470967
4317051.766707704,4.5616767272942,-2.8330088525912394,0.33285092935854593,0.29432783187717954,16.863742559798442
4317051.868277124,4.567723372276448,-2.8198450203993564,0.3332949675679228,0.3081071080727689,17.653236930550793
4317051.968290407,4.565127337565006,-2.7860716289667375,0.33320586487303777,0.3224346166527106,18.47414270311893
4317052.068105787,4.555215355716201,-2.735129986356079,0.3282202674590181,0.3501289229708703,20.06090957169197
4317052.166991647,4.5298630508337965,-2.6743329617100473,0.3229690093381484,0.4047104657396066,23.18820161165336
4317052.268063207,4.513382734149537,-2.6312026152333283,0.33071328177469506,0.4577243688093215,26.22567451306366
4317052.368125624,4.511924656720603,-2.6052138742389426,0.33722646385911503,0.5179206991976941,29.674670186492516
4317052.468203768,4.522957228988646,-2.60273932985079,0.340387152862924,0.5706769206756748,32.69737902023823
4317052.567827286,4.536811342661343,-2.6157614041898327,0.3402087953274793,0.6437701348771163,36.885311705026524
4317052.668177315,4.56151420756897,-2.6441312388044684,0.34188699146739376,0.7367713941595521,42.213891351311965
4317052.768288682,4.5950964437707045,-2.6822502111902837,0.34656142691542824,0.8314122334733469,47.636412013568204
4317052.868214474,4.624015200588956,-2.7068323014437032,0.3466975695236629,0.9053634509131115,51.87350466272097
4317052.968158217,4.639714097655246,-2.7154048397966104,0.3443243058076819,0.9967182024374183,57.10774636353007
4317053.068285384,4.645107926353646,-2.7125217166317444,0.34281974658657555,1.08564444282708,62.20284462582348
4317053.167955297,4.630055178289451,-2.70240850278619,0.33851444517951557,1.1861429532059407,67.9609851178839
4317053.268166664,4.593988328111014,-2.6911539920181995,0.33875383895982863,1.2937833235488176,74.12832404375591
4317053.368255562,4.567483175476248,-2.686309452213284,0.34150182506738597,1.3875353606409395,79.49992008988843
4317053.468208456,4.557091164215828,-2.6824902907090014,0.3438006171216499,1.477186722745872,84.63656476610015
4317053.56816648,4.5635009588783255,-2.6787631976494457,0.3445670395694916,1.5828945992034478,90.69317994840955
4317053.668283557,4.585072420275397,-2.677058324537042,0.3475805626701721,1.6856162426116563,96.57869658034774
4317053.768238245,4.627432703971196,-2.6697019454598,0.34952105321693705,1.8008503882079887,103.18112677881362
4317053.868127592,4.642503609750648,-2.661059855831287,0.35377470612743783,1.885569587230986,108.03517932656023
4317053.968118119,4.643440290794756,-2.654907694726851,0.3523332093644757,1.9433669209809994,111.34672261754501
4317054.068145477,4.638811946664105,-2.6537369147740852,0.34934975012453057,1.9915851862998721,114.10942571575846
4317054.168172361,4.619882793766898,-2.665119017671519,0.34510476882040536,2.0316814543409105,116.40677264873524
4317054.268206404,4.589529416654618,-2.684444431417807,0.3434087031671917,2.0814459060694834,119.25806570256498
4317054.368226917,4.571733110846715,-2.6961003753914348,0.3417426754935491,2.1290279509670906,121.98431605579987
4317054.468104036,4.565374585708732,-2.7046534300802847,0.3405458756711658,2.160623546409443,123.79461032584945
4317054.568265412,4.572060144011869,-2.706239020929274,0.33947134557051545,2.1927483696141055,125.63522711308053
4317054.66819799,4.591034375248973,-2.697544304529922,0.34073661997139326,2.2240792309315425,127.43035323507937
4317054.768085638,4.620078194946552,-2.668956607799079,0.3408815461422063,2.263123979732734,129.6674525535361
4317054.868091243,4.635913613412706,-2.653870444729146,0.34873223034208356,2.279841122694873,130.62527429078352
4317054.967937222,4.641687215648959,-2.65289046530498,0.35093250938413584,2.2975161272430764,131.6379774542701
4317055.068113028,4.636392146275879,-2.656676940145593,0.35002594240770385,2.310019398236884,132.3543621123236
4317055.168088617,4.616743746883294,-2.675446406240893,0.3424139973304632,2.312262137058198,132.48286158133507
4317055.268139113,4.599132176016451,-2.704148310769262,0.3416828863598074,2.3221075400755535,133.0469616218349
4317055.368123142,4.587140781900207,-2.721471209974262,0.3424671780787895,2.3258574343572183,133.2618147377945
4317055.468250473,4.583693350288802,-2.730825069372593,0.3423759089186455,2.3348187697679985,133.77526143563335
4317055.568130341,4.589319029634268,-2.728771129828694,0.34300727621854565,2.3480903933499966,134.53566945416816
4317055.668258663,4.603654295965908,-2.7150100535178048,0.3409370201258841,2.363840802773831,135.43810143975693
4317055.768255624,4.627922164237372,-2.692272530198108,0.339200693069237,2.3871176549300035,136.77176682865561
4317055.868131633,4.642658611851349,-2.676360614794213,0.3439775894344313,2.385458439598265,136.6767007928436
4317055.968252073,4.643509032776882,-2.668908624080618,0.343209989917167,2.3915353624410796,137.0248828241635
4317056.068222951,4.630754295107211,-2.6708985269243715,0.3392586957738585,2.3898668698838295,136.9292852424841
4317056.167895182,4.609628668044559,-2.6890943238170095,0.33566659752393935,2.3842640089780303,136.60826495938295
4317056.268192905,4.590337822222535,-2.718568888106345,0.3371724090771041,2.3875948708765358,136.79910928830824
4317056.368067046,4.576089969850834,-2.736717289617921,0.34150524877994154,2.385679492578424,136.68936619565548
4317056.468154372,4.572036684829255,-2.7437666457645484,0.3428358030497196,2.387680548918401,136.80401827850406
4317056.568246597,4.580100767784599,-2.742537143002234,0.3436181133329237,2.3797653495385567,136.35051076003444
4317056.668202538,4.602304052262978,-2.7340008117180337,0.3421543632339857,2.3548391099048005,134.9223424298885
4317056.768155241,4.6306688418600395,-2.714845289773398,0.34129070947381696,2.3140000538152226,132.58243687665762
4317056.868185798,4.651624348545605,-2.7160176200720314,0.338724571484305,2.2649408793684063,129.771553234459
4317056.968190762,4.6569793827902455,-2.7146988592469894,0.33550717203608743,2.234218430288631,128.0112865658823
4317057.068156426,4.648425574793914,-2.7125121432524617,0.3342407022725488,2.2032227517514706,126.23536500255877
4317057.168279238,4.629780398708365,-2.715591892860312,0.33291014933342616,2.172649529197024,124.4836483840748
4317057.268176551,4.603575953053867,-2.730557343674222,0.3354881134535327,2.142453454088231,122.75354072248093
4317057.36815348,4.582697942269494,-2.741545196924752,0.3424422606789795,2.11586179969972,121.22995115574871
4317057.468167237,4.578833444384243,-2.744412222124183,0.34332253678067204,2.0992035631883716,120.27550450951772
4317057.568097827,4.587074676004585,-2.7407203265898565,0.34447305494653996,2.0950409465020163,120.03700414165883
4317057.668160772,4.611479409601159,-2.7317560914698404,0.34391670341603076,2.0892648418100577,119.70605772078389
4317057.767913713,4.645073140954052,-2.717285585865955,0.3385417756144837,2.0843724524502187,119.4257444587304
4317057.868112585,4.663176709894897,-2.711542672972871,0.3432495968167654,2.0723003349535714,118.73406307638646
4317057.968106439,4.66778350586724,-2.7100449496723784,0.3445207437577968,2.0710090597446302,118.66007845672426
4317058.068269159,4.6593318010778235,-2.7116103976524832,0.343894923585329,2.0579974158075505,117.91456617460261
4317058.168204581,4.637533508879514,-2.719469079605711,0.34116281278821703,2.032200864236945,116.43653264361535
4317058.26813841,4.605581430861587,-2.7376657519059258,0.340388101103057,2.0153346434854376,115.470169378218
4317058.368063556,4.5853277220292235,-2.7519883483032097,0.3431722935614799,2.0011597640615935,114.6580086121249
4317058.468137481,4.576571156980667,-2.754636910739303,0.3449419352698559,1.9993998374225281,114.55717224345382
4317058.568122155,4.578943209636771,-2.7478550874357137,0.3500386191857529,2.0008271219134093,114.63894962094578
4317058.668240074,4.595634228782223,-2.7394196757879463,0.3511789257304744,2.002576598525142,114.7391872471549
4317058.768175433,4.6266170993615185,-2.7277154520616866,0.3479668800681076,2.006065312090654,114.9390758103888
4317058.868082151,4.6360691480853875,-2.725136556052813,0.3454335969307678,1.9931250236247922,114.19765189561309
4317058.968067731,4.624969562464651,-2.7222961252732176,0.34407437683717823,1.9870026684898534,113.84686678570085
4317059.068097893,4.608616371071833,-2.712566528754261,0.3450345495178955,1.9732601689040117,113.05947955947184
4317059.168049257,4.603209477811238,-2.7165015395942462,0.3455305110214946,1.9756711881308504,113.19762078549459
4317059.268233066,4.606240740305594,-2.729202632786006,0.3461004683065335,1.9824678373996547,113.58704010342775
4317059.368084868,4.610187271360696,-2.7375498911675584,0.3463843874203912,1.9841563571713992,113.6837851599731
4317059.468019951,4.615993990306873,-2.7394009126605527,0.34806121514471733,1.986366254611251,113.81040295643338
4317059.568177731,4.6220475347471695,-2.739311198813174,0.34922081749610734,1.9871016056279225,113.8525354661493
4317059.668130442,4.6235480328101595,-2.734765049312682,0.3484803204443304,1.984379635011508,113.69657803787014
4317059.768219113,4.627441368469292,-2.7284974130330335,0.34944819756814355,1.9796964837827078,113.42825323763839
4317059.868183134,4.648428995044043,-2.7252129095115256,0.3512445133396071,1.9845805371995517,113.70808888533999
4317059.968073187,4.642328766085717,-2.729427999047466,0.34748657754015294,1.9856725940367517,113.77065913309995
4317060.068076709,4.6223118527448745,-2.7280499342977595,0.3441324936639768,1.9776285926555108,113.30977180355744
4317060.168206275,4.582803773835081,-2.7258508983670606,0.3375831934715252,1.9545121210495426,111.98529554330146
4317060.268080484,4.544913079413971,-2.715312869781938,0.33607811565966705,1.938052147367926,111.04220852044841
4317060.36807098,4.520248055771055,-2.7086626748351277,0.3347311174766745,1.931691585482487,110.67777516908099
4317060.468207941,4.505284373018906,-2.6922051869731667,0.33601213054879,1.9465962864873962,111.53175163156669
4317060.568173123,4.5043152587563124,-2.663864581359776,0.336604770932773,1.9593737014903672,112.26384358432406
4317060.668203587,4.516928307719019,-2.6302098696508973,0.33718699637068433,1.9591916283308914,112.25341156072349
4317060.76810639,4.542840329978898,-2.5790908330065974,0.332171682881271,1.9517799834700744,111.82875559094884
4317060.868274985,4.557018794433175,-2.5366522228031156,0.33674814922862367,1.9212990301072475,110.08232560772376
4317060.967718409,4.560111517663761,-2.4987435627754104,0.3395214687386836,1.9185886738170375,109.927033631318
4317061.068140484,4.550409640967142,-2.4552577440380756,0.3380472663080867,1.9300600072103147,110.58429262014027
4317061.168044675,4.5241111238611,-2.4211820881220034,0.3346077545869399,1.9511463375636717,111.79245035480623
4317061.268266947,4.478690767506888,-2.3882055784868648,0.3310921222622956,1.9707305442305911,112.91454274193268
4317061.367791806,4.427747723051933,-2.3519785779547058,0.33441510862110163,1.9697229726959273,112.85681314543892
4317061.467898546,4.400341466064673,-2.3260785978707075,0.33594607194854664,1.9631889512620633,112.4824412940305
4317061.568188848,4.391198087194671,-2.2908426264396327,0.3365215818684924,1.9493535709484782,111.68973239410369
4317061.667740703,4.399387297040721,-2.249976203316197,0.33349793692666496,1.9308664006941392,110.63049556339027
4317061.766550485,4.413395164070763,-2.1851989493134893,0.3262417867589527,1.9290424685561827,110.52599194976708
4317061.868199049,4.421077787101214,-2.1256857391101067,0.3301173863878881,1.9101507593171207,109.44357674258053
4317061.968106184,4.415805854301955,-2.088369624944338,0.33245219848605256,1.9149782579443013,109.72017203952318
4317062.068261031,4.392736084825848,-2.05332164306051,0.3348060181071663,1.922810615345528,110.16893306225151
4317062.168057214,4.3554119264346625,-2.0200545033900026,0.3309396805381439,1.9388077096467842,111.08549905018627
4317062.266963611,4.298494235090376,-1.9857267734051864,0.3190189065244567,1.9478867010398133,111.60568693924245
4317062.368017169,4.2522007281818235,-1.9446134329825862,0.32391496683274956,1.9546025568564418,111.99047713335365
4317062.468086674,4.22645465902482,-1.910631185531393,0.328970375438671,1.9407359891715432,111.19598132867647
4317062.567119991,4.213838322911972,-1.866239298328803,0.330143379215514,1.9282842301067833,110.48254808675195
4317062.667750407,4.21712385707481,-1.81705816691061,0.32738316379031396,1.9118371034397055,109.54019714361132
4317062.768185093,4.231213430385765,-1.7518031611615827,0.31866671433763094,1.9086006295270364,109.3547608479112
4317062.868149893,4.233104776313027,-1.6876161612968705,0.3183822167053372,1.892468643927204,108.43046615787499
4317062.96805466,4.226604535220806,-1.6405442028644366,0.3210274863772657,1.901493070326407,108.94752770307575
4317063.068073241,4.210913917849459,-1.5923086445552508,0.32195332969256774,1.9124810098201626,109.57709026161307
4317063.168128809,4.183834404291407,-1.5472520545403396,0.31781725842266245,1.9297329943157226,110.56555616143379
4317063.268281221,4.141648184123735,-1.5008998617597786,0.31106102667896446,1.9474024742184888,111.57794278605351
4317063.368106767,4.098549495793157,-1.4474862301276668,0.31292371474225916,1.958599987144724,112.21951301776997
4317063.468104451,4.071723816765583,-1.41239855681472,0.3162776621178659,1.9489558842430914,111.66694662431657
4317063.568217384,4.062822519166268,-1.3706013622992237,0.31687607720349886,1.938385538917922,111.06131044918853
4317063.66816298,4.067073957547045,-1.3233790288820466,0.31524837849490167,1.9157497993001606,109.76437810293372
4317063.768156964,4.081156326163326,-1.2561592462340267,0.30405275405148113,1.908290816135135,109.33700984811861
4317063.86809924,4.069965283875394,-1.1953111166998032,0.3030433107625974,1.8815575154871798,107.80530454853643
4317063.968224966,4.048676909299633,-1.1512093207851402,0.30692224368068216,1.8983969268144227,108.77013174707224
4317064.068153123,4.0244874896283935,-1.1059789147415213,0.3102297972674023,1.9082871550295812,109.33680008222203
4317064.167948004,3.990013679670789,-1.0634323513112016,0.3096334930350475,1.9274875240535374,110.43690019238844
4317064.268184674,3.942563070155961,-1.020136217009105,0.3022440908509091,1.9382382928234752,111.05287386942692
4317064.368012556,3.8937295643079826,-0.9713826199608956,0.30538068597196927,1.9473971846279432,111.5776397148399
4317064.468194602,3.866210699236716,-0.9382922628795296,0.3098154008706937,1.9311794998220526,110.64843482198893
4317064.568091046,3.850001353096111,-0.8956481115113251,0.3107670978725411,1.9163598925922583,109.79933387368015
4317064.668182857,3.8510556081686365,-0.8460726001294344,0.3098864825427367,1.8963676218659087,108.65386113817738
4317064.768114601,3.8624382712136716,-0.781666089784143,0.30199622250887254,1.8865222237313652,108.08976137744206
4317064.868235846,3.8676544043043073,-0.7181337154489008,0.30452341743159594,1.8624616709411184,106.7111932498092
4317064.968125352,3.8556238905993414,-0.6762541859586618,0.3053684170791428,1.871345941370979,107.22022444949309
4317065.06807927,3.831837206599408,-0.6362314596396428,0.3057627420372294,1.8817539782215214,107.8165610340458
4317065.168108741,3.7928324890294824,-0.5962734040489278,0.30312101670312264,1.9015133076947266,108.94868721886893
4317065.268100393,3.7394197677778633,-0.5563398058368186,0.2964481577792693,1.917790610656788,109.88130798045083
4317065.367777367,3.6908594250495526,-0.5052132130293251,0.29916159806496617,1.9303981745428365,110.60366818106296
4317065.4681738,3.6580239894251223,-0.4730802223914207,0.3021447288291349,1.9151919849128913,109.73241769279151
4317065.568221767,3.635140857197272,-0.43319875298730953,0.30466516101012425,1.8982662892123023,108.76264676382503
4317065.668073029,3.6281247463705903,-0.3882997454966159,0.3059966601110284,1.87825809728145,107.61626181049948
4317065.76814596,3.6332255856021147,-0.33677510168955677,0.3027453482327649,1.8659548177005627,106.91133581634516
4317065.868283848,3.6381911300070726,-0.27902316808552435,0.30834830844633665,1.8405842487873634,105.45770929377304
4317065.968088581,3.6333373872678765,-0.24015010616242294,0.30854678000703134,1.8450389676209076,105.71294588185256
4317066.068132554,3.6123588945484557,-0.20429796307973544,0.3079591659226637,1.8574890122655991,106.42628089474283
4317066.168087639,3.5736766526953296,-0.16900778838090208,0.3023485417523121,1.879242962606458,107.67269043701123
4317066.268174856,3.51924114137109,-0.13555568299386628,0.2887137352117399,1.886500542397079,108.08851912849326
4317066.368071881,3.4630232454958425,-0.09690940127813837,0.28679703706665693,1.9034873165230004,109.06178959345057
4317066.468218374,3.4267450171969647,-0.07187048845707074,0.2889099988108061,1.888863294391751,108.22389484582406
4317066.568196517,3.402724682587359,-0.044920936812531884,0.2917165899716371,1.875948382852119,107.48392492181836
4317066.668117194,3.3962354172953346,-0.009250379872457347,0.2928596865833729,1.8624016005820703,106.70775147176191
4317066.768212515,3.3977407360777714,0.03272215027208043,0.2887906207856369,1.8493483873891368,105.95985744672234
4317066.868139078,3.3997425907837546,0.08690316680085794,0.2912553198247226,1.8268390806179715,104.67016916896932
4317066.96813879,3.395688934661291,0.12524267617473245,0.29470869312505105,1.8267537900856063,104.66528238143238
4317067.068134459,3.379680243984219,0.15996445606033427,0.29573277811113585,1.8369778676273394,105.25107887398816
4317067.167759138,3.346103569524091,0.19538519666097168,0.29533762181686996,1.8502246625645804,106.01006431596734
4317067.267598112,3.2946632338853536,0.22487633500877907,0.2866905100907696,1.8599235641280487,106.56577044146691
4317067.368143655,3.2285022336791944,0.2652182273376646,0.2802686320676212,1.8726600835300464,107.29551924888787
4317067.468090776,3.186814331009656,0.29843403254080514,0.27865947694608945,1.859489999148337,106.54092899798475
4317067.568079651,3.1615108501053912,0.330827156508232,0.2818723824265652,1.8506468381609438,106.03425319585239
4317067.668198117,3.156165994762978,0.3624532741433055,0.28534185243454674,1.8355360179207305,105.16846697110729
4317067.768101638,3.1616504181093537,0.39511765429547585,0.2838937242859063,1.826278086328509,104.63802656385218
4317067.868003049,3.1652276346863846,0.43614548905377226,0.28717213548201415,1.8086512477997794,103.62808310999738
4317067.968247077,3.162436512617937,0.46122733394427184,0.28815655727141365,1.8123119383535162,103.83782522882991
4317068.067992714,3.144550779450846,0.48485891427585276,0.28969394419670613,1.8170877379349761,104.1114583886479
4317068.167833134,3.1120826658171423,0.5084867881511079,0.2874040818768732,1.8212049651982967,104.34735813413238
4317068.268214183,3.0596609667888353,0.5297246829022594,0.27634826679200986,1.8332908877773035,105.03983048943134
4317068.368112515,3.003803750651293,0.5553116550057656,0.2699686028598136,1.8541952019781525,106.23755946675537
4317068.468070182,2.966195394143684,0.57664050938053,0.26947971168159807,1.8439858856940377,105.65260873196141
4317068.568205641,2.9414245274511868,0.5990355600318773,0.270674809694135,1.8394267028559852,105.39138679731252
4317068.668158597,2.928966504499827,0.6241850270993883,0.2733690874356879,1.8202192993696038,104.290883642138
4317068.768069255,2.9280546972612407,0.6454354937361971,0.27239336918223656,1.812922484379129,103.872806939296
4317068.8681897,2.9377465680901644,0.6741587205402607,0.27307460874964873,1.805443672303079,103.44430257156687
4317068.968215942,2.9362850205248527,0.694712505030375,0.27449533288483285,1.8133777458814664,103.89889150195472
4317069.068280777,2.9256601112323937,0.7101296033249682,0.2739949387900013,1.8264019579075548,104.64512388253311
4317069.168106309,2.906171056991836,0.7262756967224512,0.2707408323361054,1.8308774261662681,104.90154932510215
4317069.268091045,2.869902973053124,0.7324815281772072,0.263865292230086,1.8312269263897407,104.92157421284601
4317069.368250054,2.835005203519785,0.7263697502244261,0.26561948408171476,1.8267545985521207,104.66532870315152
4317069.468125831,2.817172932885247,0.7271492088595055,0.2639915084260676,1.8038526644784183,103.35314453804152
4317069.56808359,2.806488687168014,0.7313136407844887,0.2657177840423608,1.7971710640617395,102.97031703377297
4317069.668257188,2.806241011076026,0.7405426361112484,0.26741822813079735,1.804666403301519,103.39976833823113
4317069.768150536,2.8172351396426722,0.7479703702006241,0.26838674020891856,1.8046163757101419,103.39690196838602
4317069.868157992,2.8418080653841336,0.759647059822891,0.26902308577199346,1.82100807140516,104.33607695077332
4317069.968079241,2.8272758808918788,0.760219622423302,0.27293582776667524,1.8032654732308493,103.31950095778879
4317070.068164933,2.8054091597984283,0.7715475404710741,0.28231897384753724,1.8044481496568776,103.38726332552983
4317070.168133672,2.787414839087077,0.793382719341818,0.2830436538669222,1.7953965417312565,102.86864439358457
4317070.26819585,2.7843452120065977,0.7968573651523408,0.2826949308559472,1.7991194565429145,103.08195169977932
4317070.368159184,2.7908637219874746,0.7902227232358863,0.2811066017730423,1.8001906719250986,103.14332782012796
4317070.468253831,2.8023360247267215,0.7817526639350317,0.27938189340617997,1.8027528763955332,103.29013132253341
4317070.568050278,2.812715836503305,0.777619731010041,0.2786089498923133,1.8026744634050555,103.28563858912005
4317070.668030217,2.82148662470989,0.7794991311295897,0.27670000413804724,1.8070246603681765,103.53488651515751
4317070.768125386,2.825619599334901,0.7811012471218763,0.27724305185927306,1.8059853608982974,103.47533904188326
4317070.868175781,2.826859443336533,0.7842515526752895,0.27666723820736805,1.8019253453758828,103.24271728769129
4317070.968158666,2.826159989203695,0.7868884971548278,0.2749922541888538,1.7991436832197272,103.08333978611232
4317071.068077033,2.8242737653046763,0.7870836719239354,0.274629034726236,1.797231237005574,102.97376468949557
4317071.168189189,2.821995065265074,0.784482193788845,0.273520012997095,1.7978468637730995,103.00903750503007
4317071.26809236,2.819177627435624,0.7812493032646001,0.2746387972432385,1.8011270975157025,103.19698105429762
4317071.368066981,2.8084072887080707,0.768824532419351,0.27423723830273283,1.8123548977430135,103.84028662053856
4317071.467755207,2.8132327317954906,0.7660113020816256,0.27400633846734573,1.8263507617806594,104.6421905605346
4317071.567955306,2.834871374923504,0.7721006955091081,0.27230041882130085,1.8692735298019127,107.10148401317151
4317071.668060767,2.871945812955221,0.7827337669499701,0.2685722941757902,1.922365928118568,110.14345436094334
4317071.768138002,2.908441360824382,0.7981211777398405,0.2673703832822784,1.9858709422487657,113.78202364852231
4317071.868634792,2.9276094984300873,0.8110106823938653,0.27467412177429973,2.047862279235703,117.33386562424705
4317071.968081897,2.9323979503641664,0.8167279759764096,0.2789598760211405,2.1078166024675866,120.76899530899713
4317072.068174469,2.9306562058053465,0.8175459800579014,0.27845257448589417,2.1740602309950643,124.56447564325403
4317072.168062949,2.9121416711834853,0.8099702012139516,0.2776253998237763,2.248814106836905,128.84755723123646
4317072.267847127,2.8813338513796762,0.7858336941596342,0.2727888953576563,2.3356339572121674,133.8219682356963
4317072.367601942,2.8630115073876508,0.7683857287534533,0.27550659170275105,2.4247835943371174,138.92986618807873
4317072.467737725,2.855195702986623,0.7585201868564636,0.2739958589628663,2.504774316243925,143.51299695354348
4317072.567941917,2.853481654087959,0.7580235312368439,0.2738233839703932,2.586914416921372,148.21927805114083
4317072.668068625,2.863908719635935,0.7736154460356952,0.2738879844670855,2.6819583824504756,153.66489614414536
4317072.76822815,2.880424444807765,0.8087165506065588,0.2754649208864038,2.775524238798882,159.0258248194364
4317072.868164637,2.8851546291087438,0.8404954949346731,0.28328963976662175,2.8523146271819146,163.42558998095458
4317072.968175978,2.88753088974765,0.850185748812627,0.29011798536170313,2.9196381551181876,167.28294399363412
4317073.068105929,2.8859193162403938,0.848451763204786,0.2951522436920773,2.9623943751445307,169.73269494907632
4317073.168047877,2.8864602807347945,0.8327060046966037,0.291601511751357,2.9992603134077913,171.844957619351
4317073.2682018,2.8878946252356035,0.803060779311053,0.28427299633268355,3.0363861093427107,173.97210903748584
4317073.368134282,2.8904121193851307,0.7721943478898919,0.2849297875905035,3.0809618975919904,176.5261135726384
4317073.468085028,2.890294774689158,0.7555844458133514,0.28194195982594905,3.111918284698707,178.29978390282645
4317073.568146954,2.886207737944147,0.758367438625208,0.2789519748804487,-3.129855466268609,-179.3275087031417
4317073.668093899,2.8841745950779667,0.7787191695512724,0.27675468267861375,-3.0708643926784864,-175.947569157482
4317073.76813729,2.881395255959061,0.8121108343153599,0.27325891090940396,-2.9945415219453966,-171.5745907841534
4317073.868105988,2.8739246643889937,0.8420921019143525,0.2735911346646361,-2.9385596812926855,-168.36706758537917
4317073.968080614,2.8703468354208312,0.8526424964995362,0.27382671828071564,-2.8820961924498967,-165.13194797810337
4317074.06819946,2.868775582273346,0.853132617491294,0.27432168524185824,-2.8556455210658873,-163.61643614251216
4317074.168125162,2.8711470897400133,0.8388060804868381,0.2728117667376701,-2.836748166083175,-162.5336974580422
4317074.268130442,2.8875781894821064,0.8005771661487336,0.268750116340772,-2.8068624416098187,-160.82137157802808
4317074.368186156,2.898954951203584,0.7694089318051895,0.27714355668808677,-2.7742707066596273,-158.9540027183731
4317074.468145702,2.904553764390955,0.7500140711440313,0.27829190801069326,-2.7645440354805184,-158.39670551109862
4317074.568247746,2.906416635951893,0.7479335311399665,0.2789335919733412,-2.762970350796683,-158.30654002043048
4317074.66817719,2.904306325445414,0.7657915733087659,0.2753153390159662,-2.7668192819459234,-158.52706753091837
4317074.768076997,2.8971326215791002,0.8008313362832828,0.2723614260303376,-2.7625269399740278,-158.2811344517019
4317074.868110023,2.8875375318154393,0.8329847215079336,0.27527718390377043,-2.7511395033041466,-157.6286823910452
4317074.968214024,2.880399003326746,0.8361355003721391,0.2789106087522029,-2.755416929364608,-157.8737608514889
4317075.068047242,2.8642137062247333,0.8280562301856684,0.28358354742141884,-2.759788674266706,-158.12424338348694
4317075.168099208,2.8667680356754044,0.819291882790841,0.2818773380127117,-2.762280751336615,-158.26702888181407
4317075.268201994,2.8787831414174665,0.8134670595928508,0.2835884262377325,-2.7633861636953374,-158.33036434459046
4317075.368646758,2.889260063888872,0.8103937367820572,0.2830768236462078,-2.764410907453778,-158.3890778370315
4317075.468106499,2.8915102647659965,0.8094194781654159,0.2824017149684694,-2.7629126526762313,-158.30323416164276
4317075.56821482,2.8938649381921135,0.8116034127386152,0.28080678385880237,-2.765899555240785,-158.47437107240847
4317075.66807412,2.890810472449575,0.8127904828736279,0.2808984364918292,-2.7643832367549366,-158.3874924227717
4317075.768068936,2.887416625340477,0.83161438862601,0.2813571445516825,-2.760005013475192,-158.1366387070764
4317075.868135025,2.886863832247805,0.8366582756628669,0.2814659865669092,-2.7465377890701146,-157.3650235869099
4317075.968054052,2.889252698734208,0.8248633483522697,0.27987403955503143,-2.763379095914638,-158.32995939058586
4317076.068230471,2.8884430777257606,0.7980379865220649,0.2777319909967774,-2.778476583735136,-159.19498172395058
4317076.168177481,2.8831784034418133,0.754217557924842,0.2737626786687921,-2.808704200708647,-160.92689660127076
4317076.268616071,2.876291116249348,0.7205893991269429,0.27709485236561876,-2.8286390379638577,-162.0690786412745
4317076.367761898,2.8666034001548293,0.6996348464312859,0.27680943233870625,-2.824262616307727,-161.81832815100856
4317076.468158311,2.846119204800439,0.6915516702033225,0.2757448683459962,-2.812026236195649,-161.11723521406867
4317076.568059434,2.81526812090625,0.6995553204173699,0.27081970793869226,-2.7993252627795973,-160.38952304162103
4317076.668526758,2.774233108870537,0.7234908769059449,0.2630301394034691,-2.803343408421027,-160.61974582834387
4317076.76815815,2.724618205988716,0.746797805959679,0.26121907383755827,-2.815814576744959,-161.3342911389024
4317076.867755617,2.6860096233009103,0.7602687155042404,0.2589975607695878,-2.82122752560567,-161.6444302633413
4317076.967897508,2.6416829242824367,0.7599637154641622,0.2579053259044672,-2.8152294563704388,-161.30076621093528
4317077.06814202,2.601216186678273,0.743449877345696,0.2526911684285375,-2.797110907628492,-160.26264983711965
4317077.168486877,2.5687602730874923,0.7077899832076814,0.2484055793218455,-2.7716907494878824,-158.8061820611076
4317077.268241991,2.5280406416725665,0.6569260029251298,0.24890783517278953,-2.7531990208171524,-157.74668405237372
4317077.368128711,2.498141264303814,0.6190026156693708,0.24995191930815785,-2.771915287726301,-158.8190471545083
4317077.468179782,2.472571900258697,0.601413661658903,0.24949030903240646,-2.7789207101304174,-159.22042829197056
4317077.568538979,2.4348440801649924,0.5995117251577786,0.24489778204653348,-2.7990580616443257,-160.37421354428886
4317077.66812215,2.380610253682374,0.6080200923576635,0.23451330210925297,-2.813989161684064,-161.2297025600535
4317077.768074051,2.3097129721245513,0.6203827839276389,0.23035837132794892,-2.836714933701597,-162.53179338283465
4317077.868542851,2.258501248509821,0.6258316337218564,0.22757723406005298,-2.8326417468931333,-162.2984169695413
4317077.967750328,2.2196508588742954,0.6144724247925127,0.22727938382559754,-2.828830069287061,-162.08002392984883
4317078.068088037,2.1855772788746464,0.5830505329322304,0.2219866829272826,-2.8117919028400715,-161.10380890179493
4317078.168112503,2.1513308250114633,0.5330935944678772,0.20942871606902164,-2.7954363358165155,-160.16670393980183
4317078.268175465,2.108854652208998,0.4769910834637181,0.20452632841452897,-2.7731580868058283,-158.89025429654794
4317078.368059779,2.0809944859976244,0.44971746991281847,0.21204565019711089,-2.8062305769261067,-160.785168398428
4317078.468203683,2.0446458286662517,0.43236903772141944,0.2143068886339743,-2.8200016691005785,-161.57419385931087
4317078.568597577,1.998671681839442,0.42497123502574335,0.21248483517989547,-2.834951655599123,-162.43076498945507
4317078.668076808,1.940148932209327,0.4322340580442054,0.20237862558575603,-2.849420297687729,-163.25975711641752
4317078.768175077,1.869448581775518,0.44769154160291547,0.1940171289704723,-2.865788149428011,-164.19756594083154
4317078.868522216,1.811603674448894,0.4557174428089426,0.18821633388243839,-2.844659501112103,-162.9869835655138
4317078.968060077,1.7637585853628144,0.4497536900480772,0.18349349834381315,-2.834730547126316,-162.4180964071486
4317079.068177827,1.7164336396247164,0.43117167412039237,0.1775918888895989,-2.8132167904789833,-161.18544894978493
4317079.168548585,1.6722255056047948,0.40084575924415133,0.16951290352320822,-2.7973682807531666,-160.2773962309236
4317079.268521512,1.6149368627489324,0.3579161074464315,0.163223012531688,-2.775040260512179,-158.99809490623235
4317079.368462978,1.5745366912044767,0.32271257851495055,0.16429305778735595,-2.8018453134793795,-160.53391131087756
4317079.468076548,1.5387973496898923,0.3057298690500469,0.16319015177022794,-2.8065617445992075,-160.80414290840787
4317079.568500358,1.4939484669346061,0.3015781829778154,0.15854003589420934,-2.828649841559466,-162.06969764170643
4317079.668179658,1.4397820077461643,0.3098335555016184,0.15024859742253252,-2.8434197702348363,-162.91595221851438
4317079.768075843,1.3738580079992397,0.31714217041050047,0.1427295386636813,-2.869386550281186,-164.40373912271474
4317079.86844212,1.3398316331716495,0.30189695953566975,0.14550972000199372,-2.8598793619835687,-163.8590173582251
4317079.968207754,1.3034707253812048,0.28407154082518477,0.14618618302513156,-2.849531793555981,-163.2661453591015
4317080.068542598,1.2585648590073604,0.25647534700917013,0.1382737481185451,-2.835201927608638,-162.4451045193305
4317080.168437827,1.2092790674469431,0.22257614886799532,0.12354811405255162,-2.818115100232493,-161.46610142540882
4317080.268465222,1.1482088947435378,0.18031319460483233,0.11530368388383253,-2.791050501934735,-159.9154141687303
4317080.36813351,1.105447569681307,0.1530556231320898,0.11826731294286186,-2.812042181851676,-161.11814883286056
4317080.468467656,1.0621301426244516,0.13463127373426081,0.120235446230516,-2.821195814708787,-161.6426133627853
4317080.568526313,1.0131743021738457,0.12975095713255672,0.11956222013518478,-2.836732792969591,-162.53281664351587
4317080.668074665,0.9578215165857301,0.14136133657024508,0.11230914028376413,-2.858304546610787,-163.76878708385237
4317080.768211782,0.8868173133251634,0.1531781468917617,0.10381629601740018,-2.8808687151582557,-165.06161870984417
4317080.868048775,0.8394745016358955,0.14064056124953317,0.10446427345859416,-2.8639028165493796,-164.0895443239087
4317080.968479235,0.8002147004815163,0.12165401794137812,0.10498879402049831,-2.836110380303215,-162.49715502461706
4317081.068357465,0.7643562074131824,0.09702532391684764,0.09959388340710663,-2.824606128654518,-161.8380099586903
4317081.168611689,0.7371022893500724,0.06483444462684339,0.09291740075715156,-2.8222501064544914,-161.70301983018965
4317081.268521482,0.7102044441505502,0.030940601248390147,0.0893620909219021,-2.8177565028833342,-161.44555531075744
4317081.368430534,0.695112277394427,0.006634308216748067,0.09401208032182533,-2.849969375501791,-163.29121695778755
4317081.468439541,0.6813440862608007,-0.0035939988447211413,0.09678884744728802,-2.8598922895815266,-163.85975805502733
4317081.567822903,0.6632286544760377,0.0016458720237829336,0.0955824934521241,-2.85631711086232,-163.6549154034118
4317081.667969429,0.6481979282617285,0.021774203885670758,0.09355918277528137,-2.8543753773337275,-163.54366226728442
4317081.76794152,0.6186054904648153,0.05601605976217963,0.08779737600504108,-2.845230640909945,-163.0197074654421
4317081.868165853,0.5981737268961855,0.06365839333925204,0.09702640290085088,-2.856277788586688,-163.65266240297723
4317081.967592636,0.5814989211179806,0.05956902690406587,0.10113456845218459,-2.8522269944057284,-163.4205689927321
4317082.068401062,0.561689827455979,0.04464256312363979,0.09795675967424677,-2.846496785514732,-163.09225220754968
4317082.168472645,0.5508608967879244,0.02003619571490337,0.09060308158118956,-2.8470958223565828,-163.12657449036055
4317082.268418531,0.5427746842136059,-0.009484121831436335,0.08834463244283902,-2.835185187451582,-162.4441453789828
4317082.367788277,0.534635960626657,-0.03233092574348612,0.08789159840693643,-2.8412117498778438,-162.78944197097974
4317082.468295725,0.5201980060007911,-0.038771786402584316,0.08515261890451649,-2.8364572257581004,-162.51702780532528
4317082.56815621,0.5044201347738446,-0.03300137862178842,0.08489874863024537,-2.8384094472177583,-162.62888185563855
4317082.668527347,0.4931098680620585,-0.010913705165099222,0.08338516467446828,-2.845568583550537,-163.03907015246554
4317082.767997854,0.4778932110588074,0.02125601927283647,0.07711294788218305,-2.8494890646767286,-163.263697174657
4317082.86816823,0.468998940121237,0.03550462197213926,0.08076789132989323,-2.848423325773715,-163.20263483345144
4317082.968389956,0.45621080312545575,0.03959556437665648,0.08159583935400028,-2.8454160856930835,-163.03033266884867
4317083.068542249,0.4441337749393088,0.03011272549813665,0.08094531723851481,-2.8465863297827356,-163.09738271618588
4317083.168421449,0.44175282104142843,0.006561904982325762,0.07893929866866796,-2.8496910902424064,-163.2752723869241
4317083.268262607,0.4493415151656357,-0.031503448109658334,0.08123011868999308,-2.843325497310672,-162.9105507778374
4317083.368083912,0.44535887551529957,-0.05849743123113018,0.08544307521335599,-2.8459945006623166,-163.06347340539293
4317083.468200007,0.4383314304465675,-0.07131049884035634,0.08356536985908639,-2.838128155914136,-162.61276505112727
4317083.568066584,0.42342817206186695,-0.06992548071200384,0.08067958637178638,-2.8431107491794014,-162.8982466162573
4317083.668510179,0.4068151164977068,-0.053317682034019334,0.07817346959484182,-2.8517592890600265,-163.39377145036767
4317083.768133755,0.38676112384948474,-0.021728634295524855,0.06989982731208064,-2.8490671641796377,-163.23952405679924
4317083.868415171,0.36648352203174367,0.0015092657129444655,0.07147209717770282,-2.8575732715340103,-163.72688810828998
4317083.968507817,0.350970044083547,0.013141738475553747,0.07469911388829473,-2.860162282160756,-163.87522749031703
4317084.068435655,0.3389847121993016,0.01041207108252521,0.07462200221943087,-2.872617904194579,-164.58888206406525
4317084.168392516,0.33195315874952597,-0.008072269711355096,0.07268938308891994,-2.8673311698551687,-164.28597449901014
4317084.268278762,0.32745344798946524,-0.040780476697414525,0.07108086848352947,-2.850221373396583,-163.3056553736053
4317084.368161123,0.30997862208227717,-0.07496828994401938,0.07752154444154934,-2.832746038544517,-162.30439244100404
4317084.468122939,0.2941394791620884,-0.09349537759720204,0.07678982419519785,-2.830479435127822,-162.1745256313975
4317084.568430691,0.2717487406066783,-0.09459159082398798,0.07420589044416356,-2.8474775129289784,-163.14844374923877
4317084.668336392,0.2488117326833112,-0.080746484866743,0.0687541239182838,-2.8555520371518623,-163.61107990878617
4317084.768512199,0.2245804604493249,-0.05359820345378929,0.059473349281423324,-2.8508815691800926,-163.34348180565274
4317084.868338121,0.21129744870905504,-0.06510935715499366,0.06762711311145231,-2.848380383244044,-163.2001744077397
4317084.968388388,0.20025250650726786,-0.07851949831888388,0.07120840029671212,-2.8323008455995127,-162.2788847641863
4317085.069514531,0.18862971188001545,-0.0899642049491743,0.06821201677497092,-2.8379064769936275,-162.60006378457513
4317085.168317957,0.18153687564768237,-0.10206429980151345,0.063237863115762,-2.84871938737664,-163.21959791377492
4317085.268312489,0.1846573485310724,-0.12014259914899075,0.05704287289348976,-2.8551623724196955,-163.58875376420792
4317085.368055433,0.18813634493945092,-0.12436794854287488,0.06212997305727285,-2.860419066130407,-163.88994012802465
4317085.468312739,0.18067506144203338,-0.12182535395753877,0.06543073235018498,-2.864523400829209,-164.1251011839751
4317085.568120619,0.17360452157088527,-0.1190550848138077,0.06681670883413422,-2.8615665895397813,-163.95568837627425
4317085.669472905,0.16851210171781766,-0.10649793585747047,0.06643129636688287,-2.8634998381620576,-164.06645536308017
4317085.768454474,0.16523530408238646,-0.08190757825829541,0.06457044137796117,-2.8562434031828188,-163.65069226445868
4317085.868391658,0.15912684269992658,-0.0698664103445039,0.06579052936783246,-2.856045204561631,-163.6393363199593
4317085.96946817,0.15178251605429535,-0.08605555910360396,0.06677286581180542,-2.8583861140772124,-163.77346055542415
4317086.068413486,0.13579321797928856,-0.10622078814694555,0.06944631157067198,-2.8613413157932506,-163.94278114136296
4317086.168078442,0.13519690076512814,-0.11669011815595205,0.06813113746125322,-2.859050569208638,-163.81153103013062
4317086.268418534,0.146126796854318,-0.1189514853625889,0.06671872413925951,-2.854621556983455,-163.55776732221582
4317086.368261172,0.15726406280296418,-0.09438287214065805,0.06621746218306736,-2.857458650096574,-163.72032078368318
4317086.468311493,0.16698131106187605,-0.091222359127696,0.06250570489549415,-2.852794328439985,-163.45307483846912
4317086.568429413,0.17828416262325814,-0.10560614226591603,0.06102726855560189,-2.8821785730859557,-165.13666804086316
4317086.668364614,0.1787493893267124,-0.13349223084481462,0.059321333247311266,-2.9161383104383676,-167.08241766452912
4317086.768296453,0.18007188304216876,-0.17020018718639987,0.05594505678357532,-2.9615524477620405,-169.68445606340313
4317086.868383848,0.18594588903073503,-0.20793577617263134,0.062447856885983984,-3.0008202836731868,-171.93433733172407
4317086.968334628,0.18964908346515094,-0.22454827319726203,0.06596386542362126,-3.03447333718509,-173.862515265684
4317087.068184961,0.1894098549799431,-0.22342302152655935,0.06630906834250275,-3.0498220461844174,-174.74193151231995
4317087.168399081,0.19306274934333648,-0.20438091840518524,0.06407284379356216,-3.0650243761881657,-175.61296086029984
4317087.268299108,0.19170787072783957,-0.1722610387103706,0.06067689663256574,-3.076036530271148,-176.24391081260248
4317087.368029203,0.1910261510682643,-0.1408851160617655,0.059902274657400896,-3.089575795239333,-177.0196535529888
4317087.468431813,0.18725648043266185,-0.12420514236544775,0.05881385576534613,-3.106044250502549,-177.9632265346711
4317087.568294118,0.17992620696464448,-0.12343952492200404,0.05999076402474274,-3.1160636498190817,-178.53729582876468
4317087.668276454,0.175272623450163,-0.13431997707626875,0.0597018008999338,-3.1277259992635176,-179.2054992311376
4317087.768414054,0.17202165477939876,-0.1590050081535825,0.057095936774717526,3.1320998226532675,179.45610085170586
4317087.86834228,0.1686903342006642,-0.1867353596533811,0.06208497599967395,3.1251952159601144,179.0604960289904
4317087.968280903,0.16538515950094126,-0.19933558893023054,0.06143809032715717,3.1181361032484984,178.65603866350767
4317088.068407817,0.16209448243217053,-0.19293920426442857,0.05997260340754085,3.1209048324330024,178.81467516039444
4317088.168290022,0.16136826225076487,-0.17363285831853645,0.058636736643042024,3.126727744682317,179.1483034567552
4317088.268256999,0.16508239523103405,-0.1402938256170979,0.05510003043150188,3.1294440852734513,179.30393830834726
4317088.368384264,0.16632230093690864,-0.11278874312775297,0.05333562101179955,3.1302102478463283,179.347836190194
4317088.468280579,0.16222104317273436,-0.11605781059652284,0.05724336032241208,3.1190662437300842,178.7093317874568
4317088.568235721,0.1438369179515688,-0.12355937924934485,0.06455121723788934,3.1134136470900944,178.38546185669554
4317088.668239269,0.13583925495083252,-0.13242700748483272,0.0653052270228989,3.109716730210229,178.17364412226857
4317088.76827431,0.14168227252223237,-0.14161043256834552,0.06476811988297941,3.117585756252125,178.62450610334776
4317088.86823617,0.15726498401793537,-0.15659093580845698,0.06321210511742112,3.1192346412912153,178.7189802569899
4317088.968214921,0.17175892235055254,-0.1704018733042422,0.06373171294393976,3.110597839825392,178.22412798450583
4317089.068275401,0.1734411321133506,-0.1611389844281338,0.06316871735359786,3.0921555453884007,177.16746234872863
4317089.168234187,0.17585535907907074,-0.13279668632123892,0.06014089308981817,3.0787090985860397,176.39703769750616
4317089.268368646,0.1754862502244154,-0.0912025738140087,0.05231182970317981,3.0578376954621316,175.20119438599005
4317089.368246536,0.1806476507658607,-0.06132701390921607,0.05619307376592935,3.0182140029919937,172.93092403872686
4317089.469441769,0.1803418173996883,-0.04182279116173968,0.060844197017365466,2.9986562884775925,171.81034954012992
4317089.568343495,0.17769292638037099,-0.03275976663279751,0.061782501669699494,2.9768985660755916,170.56372387467803
4317089.668259848,0.17601801388552324,-0.04250444774215308,0.059486992751713895,2.930056393444683,167.87986507970376
4317089.768205643,0.16943732326416833,-0.06697183413142728,0.055794698819025546,2.8778858256663034,164.89071173120138
4317089.868192838,0.1598762920242575,-0.10048348892240026,0.05902258991402672,2.8208423339420974,161.62236040671496
4317089.96819012,0.14987203173464134,-0.12871605851652032,0.06373372511728652,2.7707131828622265,158.75017161926468
4317090.069402214,0.1504044407613964,-0.1368997263233155,0.06326746329950847,2.7289802351240056,156.35904984722458
4317090.169375015,0.15523916861429526,-0.13040731169211625,0.06468298087629232,2.6915159650202276,154.21250528773996
4317090.268322374,0.1707547702899926,-0.11079839321654969,0.06678485280780859,2.6490465240320797,151.77918556083918
4317090.368165882,0.19581652421308052,-0.08369987213728879,0.06383389666542763,2.6027628885306764,149.1273285860869
4317090.468341187,0.2132349562011796,-0.06626154418408577,0.06899629543244105,2.5473268841324055,145.9510795009973
4317090.568264611,0.21575825992277642,-0.059313020331813224,0.07011729056904856,2.500244372053613,143.25345027000878
4317090.668234634,0.2053462992202561,-0.06409382604782668,0.06895828135470351,2.440193885516137,139.81281083370425
4317090.768185097,0.18533946699081005,-0.08252217362397675,0.06445776325926107,2.374273810708826,136.03586876205864
4317090.867986937,0.1597689554965598,-0.10429777644947166,0.06510827821404704,2.31227211659465,132.48343336665525
4317090.968165732,0.13567845746034013,-0.11781523898449214,0.0666332473817893,2.262020759559144,129.60424269371572
4317091.068270054,0.13318341727635252,-0.11768955384065811,0.06633581738948072,2.2145873464805876,126.8865083164138
4317091.167992526,0.144659007902813,-0.11075517536313648,0.06677009537462418,2.171508663901832,124.41828161766735
4317091.268184837,0.17294837932902332,-0.09800817135565465,0.06582060471462985,2.119479572178047,121.43723424999543
4317091.368277092,0.2131878254781558,-0.08425299785904619,0.062235883152928655,2.0629565202934486,118.19870193180897
4317091.468281637,0.2285787992648301,-0.08567379128862528,0.06751508948268774,2.015805671531834,115.4971572973088
4317091.568190793,0.23574360364020092,-0.08455924714334954,0.07021180732189984,1.9749374353088562,113.1555798455885
4317091.668295625,0.22732492977727403,-0.08559434603585465,0.06899649073787269,1.912503512625742,109.57837957739996
4317091.767884449,0.20371081678682693,-0.08984025771723259,0.06468298878973076,1.843917140666836,105.64866993204024
4317091.86811618,0.17053869328942792,-0.09696347934678758,0.06437327960801781,1.772865263609767,101.57769725018778
4317091.968114569,0.14263796294540865,-0.10119915884637451,0.06848307890226064,1.7215150871429297,98.635548861386
4317092.067528424,0.13517457731252377,-0.10223038663946314,0.06646528450678696,1.671977446918534,95.79725114949063
4317092.1693292,0.13980436802732213,-0.10466692889767418,0.06523904118443932,1.6278974335726044,93.27165242388853
4317092.269304999,0.16250054316390194,-0.1053759203639092,0.06483267906989948,1.5726148490377818,90.10419364946799
4317092.36822804,0.20069356446175227,-0.11009921851164138,0.062021552315723476,1.514296648481003,86.76280688876707
4317092.467837891,0.22641180678414413,-0.12642854346227395,0.07138314887241334,1.4489332509078714,83.01776007319098
4317092.569283851,0.23862754559453422,-0.13654773603228842,0.07527920622951642,1.4025438712563008,80.35984440492592
4317092.667701684,0.23345531279045595,-0.13440570800864507,0.07384972079231915,1.3440071770570208,77.00593888065926
4317092.768860151,0.20753670617192566,-0.12632000570634694,0.06911807292181724,1.2771698997035001,73.1764449741572
4317092.868076587,0.16980693040951889,-0.1093701318015486,0.06563711040983629,1.2115655887308403,69.41759483756
4317092.967560401,0.13457294879381093,-0.09587524938765712,0.06775390739045746,1.1615006772689898,66.54908670909983
4317093.068159654,0.11870792500311718,-0.08805734583872506,0.0668289341230158,1.116062046659635,63.945644948329836
4317093.16813793,0.11931041117711338,-0.08871462153204991,0.0645841320347391,1.0806803775790474,61.91842463788365
4317093.268158948,0.140315831315773,-0.10016488275700669,0.06366314335353916,1.0383829123699901,59.494958397303236
4317093.368130084,0.1720362745517583,-0.12228646923935385,0.06010500385048602,0.9981450514376381,57.18949878924513
4317093.468124037,0.18980766270674904,-0.13672823071856624,0.06078256200765012,0.9478675109256685,54.30880791361125
4317093.568139716,0.19298851661187447,-0.13913202717889045,0.06134006610902891,0.9206265120671073,52.748013649295004
4317093.668131942,0.18652066196783545,-0.13126448698237947,0.06193532706432031,0.8900884872290317,50.99831371140759
4317093.767859457,0.16512180861951983,-0.11263608868531612,0.05836252168491209,0.8560545289392869,49.04831154128093
4317093.868138345,0.1327623732411647,-0.08881616065857471,0.057756408088510354,0.826581591089359,47.35963659262869
4317093.96931054,0.10741812686420794,-0.06632805276065618,0.06317536307800341,0.7982314207431261,45.7352914833126
4317094.068130277,0.09733470839421238,-0.05725683360731274,0.06479514665479923,0.7870323478776136,45.09363187365925
4317094.168142533,0.09497796952492187,-0.05782697892651611,0.06528439979283746,0.7782307885739398,44.58933967242464
4317094.268125189,0.10218200333104444,-0.06812369519749693,0.06533642112202033,0.7634324870840904,43.74145945309411
4317094.368089389,0.11836911971212978,-0.09376920839618037,0.06040810729959536,0.7519723182739614,43.08484014776626
4317094.468135592,0.13523262795375618,-0.1167811936788246,0.05956091174407318,0.7333006569788919,42.015032759061
4317094.568104264,0.1418078741036685,-0.1247005590766122,0.05503437139920345,0.7231770952184028,41.43499539654495
4317094.668151237,0.15004344061659414,-0.12458775553828043,0.05542497694496416,0.7108113459751163,40.72649015438754
4317094.768135206,0.14740037707041415,-0.10944371844874529,0.05289113143238756,0.6909475607156911,39.5883790938683
4317094.869300355,0.12876302305138454,-0.0818492830472005,0.05219731939524756,0.6784893481177838,38.8745760917315
4317094.968218182,0.11951615808556613,-0.06403126876033031,0.05920849707091492,0.6634144758087797,38.010849531726926
4317095.068197192,0.11277006248018166,-0.0574668563083014,0.05973692545827789,0.6592450858539911,37.7719610841733
4317095.168087365,0.11086037360672389,-0.056361314483109964,0.06231988700875171,0.658977471675249,37.75662792119352
4317095.268077507,0.11440753318492991,-0.06810211872714263,0.06429722419410146,0.6583707857392024,37.7218673775681
4317095.368085096,0.13027161672907303,-0.09190016591555049,0.06152387340580063,0.6603788391712356,37.83692036426037
4317095.46929793,0.1342445821456729,-0.09892980927671118,0.0603742937997646,0.6541312953397501,37.478962470393256
4317095.567949528,0.13325734220510707,-0.08798041958773575,0.062374052956796086,0.6531645115994069,37.42356984236972
4317095.668175779,0.14412424666710766,-0.0695039139026266,0.0672237982355625,0.6431913971257817,36.852152474430156
4317095.769260939,0.14600260946767654,-0.06362023288814099,0.06720936085994887,0.6455371644923634,36.98655504425481
4317095.868161608,0.14020983856481717,-0.06351352257543064,0.06603154423429404,0.6505486481866796,37.27369190903776
4317095.968168583,0.13436316662327938,-0.07000547707843731,0.06581770591288173,0.6557117514695046,37.569515936333765
4317096.069229444,0.1331573161280738,-0.08382103189416808,0.06614631995972459,0.6527897817377118,37.402099402837074
4317096.168172266,0.1374996516679144,-0.10782429487972488,0.06584910310417902,0.6519176506792469,37.352129974004754
4317096.268016621,0.1341328103739907,-0.10855550944457647,0.06286076153369667,0.6466596964425223,37.0508713873675
4317096.369274024,0.1269522852238756,-0.09578906308802629,0.061942657191490946,0.6396243818378299,36.64777755297188
4317096.468224708,0.11580220742920884,-0.06496275279394317,0.056750055126555406,0.617235923732298,35.365013393719444
4317096.567781864,0.09477051780245964,-0.034566012167210364,0.05794677853004037,0.5994108545734412,34.34371216138814
4317096.66920775,0.08069874450657565,-0.0057951107058554305,0.0604586496872533,0.5861016335414434,33.58114996764792
4317096.768173703,0.0771767173890459,0.00196179160397113,0.062350418156363774,0.5824232345701653,33.37039323122842
4317096.868154373,0.07914658337804693,-0.0038266383548013717,0.06135611758549054,0.5826639629984457,33.3841859541777
4317096.968249444,0.08535082429016061,-0.021965317215340927,0.06055448162967911,0.5830858742794304,33.40835968990708
4317097.068162564,0.09834132238272142,-0.05471175295688647,0.05778189276884028,0.5833676064782805,33.42450175585413
4317097.168136997,0.11155040542393752,-0.07685208009246103,0.05719124989655521,0.5722943029200279,32.79004819669906
4317097.269200742,0.11816278173140615,-0.07233779408162953,0.059631764710386705,0.567400192385004,32.50963631857169
4317097.368090406,0.13035040347232704,-0.05445108625560835,0.06657648038775543,0.5570778971202086,31.91821236501103
4317097.468026042,0.12734192077112125,-0.04379909404732919,0.0677206482575363,0.5607309146456889,32.127514851708376
4317097.569185574,0.11390462259321957,-0.04211799015712927,0.0644204441984722,0.5655850588261506,32.40563682639682
4317097.668093482,0.10083602796687707,-0.0436916741757735,0.06314927128837701,0.5667890593248138,32.47462097350187
4317097.769264964,0.09666269226090687,-0.0457320236365558,0.0637035678077705,0.5702144174462931,32.67087953718349
4317097.868270885,0.09804127207989925,-0.04691107383199873,0.0640140362423766,0.5687483798121206,32.58688176813806
4317097.968086439,0.10520397021246561,-0.06759801838554796,0.06600698040812618,0.5633693792813431,32.27868773972588
4317098.068080067,0.09912994100911364,-0.07012340118077813,0.06497984056900899,0.561525163803231,32.17302197631736
4317098.168284676,0.0891636762731272,-0.06134341334479224,0.06458748357449923,0.5469302766760538,31.336796541460288
4317098.268103557,0.08104616037860572,-0.04048096181418112,0.062022162453675374,0.5339576400229362,30.593519212079936
4317098.369136218,0.06937954452508484,-0.009348472067880958,0.055644921574776,0.5042276324864872,28.890115255349276
4317098.469158743,0.06672746513467014,0.0021767514085682476,0.06000714125757989,0.4770648647543656,27.33380330440457
4317098.568157127,0.06350864186719207,0.007426267935748254,0.0598384879698476,0.4699789351701642,26.92780944530294
4317098.669231782,0.06437580428397484,0.0043789047852562145,0.060187243617100566,0.46744949186041984,26.782883019136985
4317098.769152935,0.06573247544206222,-0.006980577528065285,0.05968480482986783,0.46640072901202706,26.72279333421396
4317098.868132514,0.07103873199708981,-0.029982857025750053,0.05694268557190288,0.46209812762941394,26.476272434063077
4317098.969244197,0.07671600568980917,-0.05371490739478662,0.05720281819839928,0.4658749323465413,26.692667404399575
4317099.068143727,0.0769892676300643,-0.058790763237732836,0.058414147094801125,0.4318203086807979,24.741481195446145
4317099.169201029,0.08881276595140258,-0.04720559950828658,0.06324906482291062,0.4280074898164044,24.523022766468536
4317099.269210531,0.09273283486575087,-0.03217981422337028,0.06360324046512925,0.4165314773611495,23.86549568714286
4317099.369116297,0.08667114021149368,-0.021595352152944593,0.06271876071142644,0.4257236079432026,24.392165974227638
4317099.468188197,0.07446026604156475,-0.016364484838893058,0.060300973618630786,0.42824290048492225,24.53651080422696
4317099.569181578,0.06989360164861085,-0.0167356091377218,0.05922628993720373,0.43318995771674496,24.819956304620074
4317099.669195529,0.071159179129618,-0.017827865472232845,0.05876245047289867,0.434372129591553,24.887689763705644
4317099.769301927,0.07436904348742214,-0.019593914763605884,0.060353743406861234,0.4316152728100902,24.729733505405804
4317099.869232036,0.0797452893699499,-0.019380679996392713,0.061510064169081426,0.4303218970855893,24.65562853506723
4317099.969163177,0.08570789924847015,-0.020246596762544443,0.06294470819337586,0.428107013634086,24.52872506118272
4317100.067938152,0.08989003126528514,-0.01951470811562277,0.06291592591862519,0.4261976398809965,24.419326003617638
4317100.16917978,0.09095956125144494,-0.020726887573521282,0.06255255841889949,0.4268446945154344,24.456399503285308
4317100.267945969,0.0895499782101018,-0.023971066575034016,0.0615249757003818,0.4260292811912586,24.409679761251304
4317100.369296677,0.08631200069564281,-0.02634245562351074,0.062312723002386244,0.4266977600692736,24.447980779655204
4317100.469194216,0.08240262048653943,-0.027405833281887452,0.0626460943442145,0.4277824282387967,24.510127687941058
4317100.568190691,0.07958341623357217,-0.027357675939189165,0.06171634597582798,0.42914129635441,24.587985095880594
4317100.669280136,0.08017231615564985,-0.027206138948365544,0.061525449855025685,0.4287293308964377,24.56438121383361
4317100.769049116,0.08172065300019553,-0.02666022763875018,0.061775403465570776,0.42867575111988987,24.561311318770162
4317100.868196133,0.08343666168840956,-0.02504186507993837,0.06146418377497628,0.4274176174399953,24.48922556884894
4317100.968013373,0.0842329207765164,-0.024188152152222066,0.06256470229110286,0.42751295193099864,24.49468783282546
4317101.069188836,0.08314246142266407,-0.02339657068449061,0.06174181046926334,0.4274146511165729,24.489055611036164
4317101.167793023,0.08279305123571988,-0.02324704467462006,0.06144113100170699,0.42713800193011053,24.473204780246146
4317101.269186987,0.08227360034863031,-0.02408085450295259,0.061512186451702144,0.4303093818946602,24.654911467447192
4317101.369144968,0.08279685380756754,-0.025190133477782536,0.062399680197883965,0.42777802391641667,24.509875338857068
4317101.468170598,0.08250091292906235,-0.023199907844616945,0.06215585839603176,0.42826934884233947,24.53802618348202
4317101.569238659,0.08392804313245339,-0.022602193622675015,0.06300158223133046,0.42761696887813677,24.50064756489431
4317101.669008867,0.08443914966693698,-0.023074385224467277,0.062461130512805385,0.42692236502488273,24.460849695669328
4317101.767755663,0.08568014940566683,-0.020474539246662374,0.061606311016135465,0.42715397668278765,24.474120066153308
4317101.869191927,0.08520659369517725,-0.019024407880612104,0.06090016605843714,0.42630663710256445,24.425571084392132
4317101.96896241,0.08429778866614254,-0.020361296803137138,0.06008016946217532,0.42905471246851795,24.583024204645138
4317102.068092114,0.08553591042533452,-0.020537997031680633,0.060382758572032506,0.42767792423898426,24.504140049809568
4317102.167509302,0.08518826977951499,-0.0203412751762478,0.06169787005252694,0.42832934821649155,24.54146389439436
4317102.269130503,0.08372709470794956,-0.020773976421763703,0.06250056309937471,0.42789574159879673,24.516620065231507
4317102.369105094,0.08313806014907012,-0.020531664967776125,0.06221947177421821,0.4274236912566041,24.489573572906163
4317102.469242884,0.08253982636155913,-0.019798077432913973,0.06211662248761063,0.42777495807140004,24.50969967887697
4317102.568771461,0.08364442556254935,-0.020725589830727774,0.062062034747287026,0.43072513837734944,24.678732559210488
4317102.667565855,0.08380723443859944,-0.02317406936731088,0.062204196572905254,0.42894374662277207,24.576666330013797
4317102.769197526,0.08468765487975848,-0.024711467621086364,0.06268596470042728,0.42678308377587454,24.452869467935848
4317102.868852001,0.08487601706770655,-0.022733183495265562,0.06112629295065493,0.4274066234690863,24.488595660715767
4317102.968104941,0.08493227065978771,-0.022164517648367504,0.060957684042913594,0.4280380887577181,24.524775956663376
4317103.069121276,0.08381603166348285,-0.022775793483230757,0.06129054541401496,0.4268754099215953,24.458159366424358
4317103.169114915,0.0829375803222089,-0.021553292947805516,0.062012986985832956,0.42753922874401074,24.496193383310107
4317103.268167428,0.08112418946454317,-0.019941811899826058,0.06339092393679399,0.4289636638769472,24.57780750461752
4317103.369152103,0.0809916724371524,-0.020598288784806226,0.0626359280559485,0.4295217150349535,24.609781480723672
4317103.469067226,0.08180407885201149,-0.020987430069649253,0.06348699705951172,0.42896892630387395,24.57810901947042
4317103.568116871,0.08094127178079208,-0.02086889383915699,0.06261538535786476,0.42898947660123654,24.579286464777038
4317103.669132772,0.08291654841289935,-0.021031987485863306,0.061963809541670696,0.427031758007097,24.467117451858556
4317103.769038705,0.08291530184304888,-0.01998905507995853,0.061696063159121274,0.4263206078587296,24.426371549757004
4317103.868109927,0.08300512409323889,-0.021262902403293347,0.05982908766081969,0.42765902376618165,24.503057132487175
4317103.969156294,0.08243170233742879,-0.021601760007008298,0.06110334979066985,0.427863594723326,24.5147781849425
4317104.069090654,0.08295131403795426,-0.021998080259489752,0.06096488050676064,0.42720606927649735,24.477104751916766
4317104.16810052,0.08245164216717563,-0.021582713796356175,0.062119267848607294,0.42840743927670794,24.545938182562463
4317104.269143236,0.08451558548236425,-0.020587189896964134,0.06186501512031066,0.42693273166236956,24.461443660245067
4317104.369134468,0.08395449573482848,-0.02129787091687735,0.06182486529445669,0.4274237961802342,24.489579584587336
4317104.469047108,0.08309904757395041,-0.021255919877696237,0.06352982615751322,0.42829656253729503,24.53958541334793
4317104.56811303,0.08296256650710838,-0.022330964085575243,0.06415129497956523,0.42839830098939685,24.54541459726756
4317104.66910906,0.08336497526601944,-0.022395418744787617,0.0632140560876447,0.42830838907140484,24.54026302383869
4317104.769197418,0.08372038037809455,-0.023590404768915576,0.06228677872748441,0.42592136207129955,24.403496451148882
4317104.869119562,0.08251899143353347,-0.0245015064141518,0.06305700718949385,0.4260143030425288,24.408821576544167
4317104.969028996,0.08361764149873246,-0.024714124735276538,0.06339637145596956,0.42607319684873685,24.412195943079347
4317105.069020009,0.08353819261215782,-0.024862675201681828,0.06191983642549907,0.42621767913378983,24.42047416822729
4317105.169046053,0.08314813317044124,-0.02408190180478713,0.061890590180100645,0.4271674576215269,24.474892467046942
4317105.269097638,0.08370586915578393,-0.024705113777291097,0.06092261402950112,0.4277172877384633,24.506395412196582
4317105.368998919,0.08322883000005137,-0.024388999354638,0.06096036189736963,0.42924310392139164,24.593818239791137
4317105.469060297,0.08297124312779282,-0.024295697519218777,0.0599012559049723,0.42809031070987436,24.527768054119864
4317105.569071721,0.08186773532528663,-0.024299313842889067,0.06030609148766952,0.42895939198023036,24.57756274296513
4317105.66894342,0.08197293878628559,-0.02458205772384656,0.06076729971063946,0.4293681847965356,24.600984846034688
4317105.768992899,0.08216287487229945,-0.024406178362233136,0.06083807378210213,0.42958332086532863,24.613311234797568
4317105.869018629,0.08235895517723828,-0.024820619523214692,0.06104304440933079,0.42828311218654286,24.53881476501686
4317105.969020104,0.08296568055181291,-0.024503809868354983,0.06074583943976131,0.42890213859654513,24.574282365717124
4317106.069053827,0.08219794434542058,-0.02352958840383145,0.05983768116317052,0.4278626329025336,24.51472307667045
4317106.169011818,0.08108651734680117,-0.022558241424847036,0.06115010717987258,0.4296090473963899,24.61478525644889
4317106.268976842,0.08110382395373752,-0.023092480534237163,0.062112691205528814,0.43069934363153717,24.67725462914183
4317106.369031973,0.07985170032338315,-0.023125145897527274,0.06143399059325683,0.43050399570316716,24.666062017309606
4317106.469012645,0.0808441654790301,-0.022291364440627164,0.060439848182463764,0.4293833851814245,24.6018557639358
4317106.56896423,0.080806759482481,-0.02201097741065655,0.060823891460554044,0.43029923817104354,24.654330274895408
4317106.669064933,0.08222412720305038,-0.023699411905170522,0.06113590856645649,0.42995849568323924,24.634807168443434
4317106.768986917,0.0819422363496035,-0.02395351664430315,0.05994709329675422,0.42898692517343373,24.579140278732204
4317106.868967686,0.08253022158678591,-0.024586187025586487,0.05980311262934954,0.4279651074300371,24.520594434603993
4317106.969087012,0.08235515569687309,-0.025417397737298168,0.06057015557134506,0.42920365479340805,24.591557971252207
4317107.068977769,0.08148167167551082,-0.02445052586040732,0.06067194593021792,0.43003298143501445,24.63907488765401
4317107.168937351,0.08010493288311196,-0.023110464507175806,0.060640787670402624,0.4303505446106282,24.657269917345452
4317107.268944299,0.07941757181820651,-0.02241303997977014,0.060915568785523184,0.4293365769546287,24.599173850093905
4317107.36892231,0.08005220203030018,-0.022338457713568117,0.062420382641992726,0.43109336779695157,24.69983055084624
4317107.468937002,0.08111496415588035,-0.022950851993603937,0.0638895711183797,0.4294181901901051,24.603849944039112
4317107.568867919,0.08078989559184685,-0.023217009829477636,0.06419783389205555,0.43118520937626525,24.70509268572473
4317107.668955751,0.08247425014704875,-0.022192996789380016,0.06356791174494338,0.42908189680872194,24.584581752607672
4317107.768964361,0.08319106601980347,-0.023703898485651072,0.06243229384418628,0.4295231267959791,24.60986236867212
4317107.869068167,0.0819025372766684,-0.024084269371704898,0.06134311004727649,0.42897544476834093,24.578482499973287
4317107.968953925,0.08015279081176482,-0.023149702432170554,0.060441757659278145,0.4298262780654477,24.627231656966703
4317108.069062244,0.07945811548744341,-0.023501737377507877,0.05996488610949921,0.4297806759805587,24.624618849965568
4317108.169092196,0.07938991860955119,-0.022763051700746842,0.060611218065079187,0.4285887077804346,24.556324102784654
4317108.268768163,0.0784937966652357,-0.02289158407500697,0.06161683656486317,0.4297095308759816,24.620542535740285
4317108.368932359,0.07987364628239749,-0.024321862758342895,0.06173014361562051,0.4324669769530248,24.778532558189763
4317108.469044682,0.08126820669589364,-0.026359362049001436,0.06365744533535876,0.43074138738943246,24.6796635590241
4317108.568560528,0.07998104057783079,-0.025536548278267155,0.06252358927469334,0.42949594427312004,24.608304924835778
4317108.669044835,0.08009984034954835,-0.02551606914106802,0.06303748159069146,0.4303121969779238,24.65507275983717
4317108.769059075,0.08156063711079573,-0.024509449393937757,0.06156988622691635,0.4295927977820088,24.61385422212614
4317108.868959622,0.08175620868374076,-0.023469626229659948,0.06153322605667559,0.42871108181324374,24.56333561838661
4317108.969037666,0.08162810880892868,-0.02275312259001864,0.06255508502227493,0.4299767236637579,24.635851554796197
4317109.069051625,0.08215841218344769,-0.022640008085710275,0.062280411250650806,0.4299733106071833,24.635656001059235
4317109.16892199,0.08308836467841542,-0.0221696380572597,0.060853806973876004,0.430343193306356,24.656848718636738
4317109.269031492,0.0809756427297861,-0.02113274534245302,0.06048765337482824,0.429501952526103,24.608649172373948
4317109.369030405,0.07991324816311489,-0.02160075680899829,0.061530634562649116,0.4298790797316164,24.63025696958943
4317109.46886489,0.08080463250005013,-0.02085780378010518,0.060838203614383184,0.4294755717702211,24.607137666401552
4317109.568914148,0.08121163045874585,-0.020798815410265053,0.0597164784521822,0.4288030702733787,24.56860616891625
4317109.668890506,0.08124787067453328,-0.021927970696144567,0.06013006434585428,0.4301510943544897,24.645842259445914
4317109.768970115,0.0823464652795405,-0.023873744675173572,0.06165545966653967,0.4305961060371729,24.671339550697674
4317109.869053863,0.08356390120084634,-0.025711895043883673,0.06174426683060762,0.43006775960241733,24.641067529865396
4317109.969005062,0.08206418741029425,-0.026233507850283506,0.06170826966900443,0.4300322402515511,24.63903242096972
4317110.068981545,0.08003042011661167,-0.026132813949916997,0.060233398040677136,0.4290019797535768,24.58000284263674
4317110.168845898,0.08080571799067476,-0.024914895449323692,0.0601141658758986,0.4303090732136028,24.654893781325384
4317110.26898487,0.08117069869295655,-0.024089467441450078,0.06094203525465644,0.4301711485927408,24.64699128265905
4317110.368893152,0.08062757824974365,-0.021202314143661038,0.06202960391097639,0.4300850657707838,24.642059100272338
4317110.468880198,0.08181731711365539,-0.020110136913869793,0.0628048416004253,0.43016198518561094,24.64646625810455
4317110.568962565,0.08137947287055466,-0.020747217825680068,0.06250323045810484,0.4302390502392539,24.65088176042624
4317110.66891297,0.08134892929033746,-0.021336257364067076,0.06283495521911361,0.4279229494119539,24.51817895809519
4317110.769003939,0.08042731719294806,-0.021607210916453075,0.062154955860185476,0.4293778967377142,24.6015412992751
4317110.868964872,0.080675309590195,-0.021371373550525895,0.0626879576733197,0.4295000839587081,24.608542111348484
4317110.968868359,0.08038503060893389,-0.02278221508228961,0.062208603817858386,0.42895903104323335,24.577542062798532
4317111.068851464,0.07994334716292997,-0.02424427351553483,0.0633609997418917,0.43059882432317803,24.671495297013276
4317111.168986949,0.08026838140141818,-0.022619941101771443,0.06189842847719845,0.4304700768827846,24.664118612055624
4317111.268662249,0.08106096274485461,-0.021874426043093507,0.062405775221136994,0.4283530980075306,24.542824657185214
4317111.368842057,0.08211472181757284,-0.021206858761420685,0.06330486414891842,0.4287009888097904,24.56275733188612
4317111.468938083,0.08013265227815697,-0.021257458730666243,0.06299703066335324,0.4296154477594336,24.615151970238646
4317111.568812866,0.08004662776634258,-0.022789045908250642,0.062006857109527316,0.42936371406508594,24.60072869199129
4317111.668983046,0.07984180445542624,-0.023473816256963757,0.06206632285724338,0.42913882246121127,24.58784335224134
4317111.768911398,0.07960998856184012,-0.025357649266328827,0.06251181684972304,0.4301613937050008,24.646432368761925
4317111.868400796,0.07951451102679369,-0.02523362387896937,0.06165427369629385,0.43023402899769997,24.650594064477286
4317111.968837616,0.07898094864468093,-0.024402106447963763,0.06098567472283925,0.42845968463480605,24.548931621080634
4317112.068921489,0.07960382817350228,-0.024140225696079425,0.06172099269658097,0.4288574816812523,24.571723712944774
