status_source,stamp_s,accepted,reason,points,fitness,rmse,processing_ms,preprocess_ms,icp_ms,primary_icp_ms,prediction_icp_ms,recovery_icp_ms,recovery_prepare_ms,mapping_ms,publish_ms,other_ms,icp_calls,scan_dt_sec,dropped_scans_estimated_last,dropped_scans_estimated_total,icp_target,keyframe_added,local_map_frames,local_map_points,consecutive_rejections,recovery_active,recovery_attempted,recovery_success,recovery_provisional,recovery_confirmed,recovery_confirmations,recovery_reason,recovery_seed_yaw_offset_deg,recovery_imu_error_deg,pose_graph_nodes,pose_graph_edges,loop_closures,loop_detection_ms,optimization_ms,map_publish_ms,backend,optimized
front_end,,True,kiss_icp_odometry,,,,,,,,,,,,,,,,,,,,,0,,,,,,,,,,,,,,,,,,
optimized_backend,,,,,,,0.829511001938954,,,,,,,,,,,,,,,,,,,,,,,,,,,,1,0,0,0.003326000296510756,0.0,0.3537660086294636,pose_graph,False
front_end,,True,kiss_icp_odometry,,,,,,,,,,,,,,,,,,,,,3746,,,,,,,,,,,,,,,,,,
front_end,,True,kiss_icp_odometry,,,,,,,,,,,,,,,,,,,,,5915,,,,,,,,,,,,,,,,,,
front_end,,True,kiss_icp_odometry,,,,,,,,,,,,,,,,,,,,,7516,,,,,,,,,,,,,,,,,,
front_end,,True,kiss_icp_odometry,,,,,,,,,,,,,,,,,,,,,8607,,,,,,,,,,,,,,,,,,
front_end,,True,kiss_icp_odometry,,,,,,,,,,,,,,,,,,,,,9634,,,,,,,,,,,,,,,,,,
front_end,,True,kiss_icp_odometry,,,,,,,,,,,,,,,,,,,,,10461,,,,,,,,,,,,,,,,,,
front_end,,True,kiss_icp_odometry,,,,,,,,,,,,,,,,,,,,,11142,,,,,,,,,,,,,,,,,,
front_end,,True,kiss_icp_odometry,,,,,,,,,,,,,,,,,,,,,11658,,,,,,,,,,,,,,,,,,
front_end,,True,kiss_icp_odometry,,,,,,,,,,,,,,,,,,,,,12010,,,,,,,,,,,,,,,,,,
front_end,,True,kiss_icp_odometry,,,,,,,,,,,,,,,,,,,,,12436,,,,,,,,,,,,,,,,,,
front_end,,True,kiss_icp_odometry,,,,,,,,,,,,,,,,,,,,,12875,,,,,,,,,,,,,,,,,,
front_end,,True,kiss_icp_odometry,,,,,,,,,,,,,,,,,,,,,13303,,,,,,,,,,,,,,,,,,
front_end,,True,kiss_icp_odometry,,,,,,,,,,,,,,,,,,,,,13749,,,,,,,,,,,,,,,,,,
front_end,,True,kiss_icp_odometry,,,,,,,,,,,,,,,,,,,,,14123,,,,,,,,,,,,,,,,,,
front_end,,True,kiss_icp_odometry,,,,,,,,,,,,,,,,,,,,,14457,,,,,,,,,,,,,,,,,,
front_end,,True,kiss_icp_odometry,,,,,,,,,,,,,,,,,,,,,14763,,,,,,,,,,,,,,,,,,
front_end,,True,kiss_icp_odometry,,,,,,,,,,,,,,,,,,,,,15039,,,,,,,,,,,,,,,,,,
front_end,,True,kiss_icp_odometry,,,,,,,,,,,,,,,,,,,,,15258,,,,,,,,,,,,,,,,,,
front_end,,True,kiss_icp_odometry,,,,,,,,,,,,,,,,,,,,,15521,,,,,,,,,,,,,,,,,,
front_end,,True,kiss_icp_odometry,,,,,,,,,,,,,,,,,,,,,15743,,,,,,,,,,,,,,,,,,
front_end,,True,kiss_icp_odometry,,,,,,,,,,,,,,,,,,,,,16027,,,,,,,,,,,,,,,,,,
front_end,,True,kiss_icp_odometry,,,,,,,,,,,,,,,,,,,,,16269,,,,,,,,,,,,,,,,,,
front_end,,True,kiss_icp_odometry,,,,,,,,,,,,,,,,,,,,,16503,,,,,,,,,,,,,,,,,,
front_end,,True,kiss_icp_odometry,,,,,,,,,,,,,,,,,,,,,16738,,,,,,,,,,,,,,,,,,
front_end,,True,kiss_icp_odometry,,,,,,,,,,,,,,,,,,,,,16995,,,,,,,,,,,,,,,,,,
front_end,,True,kiss_icp_odometry,,,,,,,,,,,,,,,,,,,,,17223,,,,,,,,,,,,,,,,,,
front_end,,True,kiss_icp_odometry,,,,,,,,,,,,,,,,,,,,,17415,,,,,,,,,,,,,,,,,,
front_end,,True,kiss_icp_odometry,,,,,,,,,,,,,,,,,,,,,17675,,,,,,,,,,,,,,,,,,
front_end,,True,kiss_icp_odometry,,,,,,,,,,,,,,,,,,,,,17876,,,,,,,,,,,,,,,,,,
front_end,,True,kiss_icp_odometry,,,,,,,,,,,,,,,,,,,,,18080,,,,,,,,,,,,,,,,,,
front_end,,True,kiss_icp_odometry,,,,,,,,,,,,,,,,,,,,,18298,,,,,,,,,,,,,,,,,,
front_end,,True,kiss_icp_odometry,,,,,,,,,,,,,,,,,,,,,18470,,,,,,,,,,,,,,,,,,
front_end,,True,kiss_icp_odometry,,,,,,,,,,,,,,,,,,,,,18658,,,,,,,,,,,,,,,,,,
front_end,,True,kiss_icp_odometry,,,,,,,,,,,,,,,,,,,,,18820,,,,,,,,,,,,,,,,,,
front_end,,True,kiss_icp_odometry,,,,,,,,,,,,,,,,,,,,,18923,,,,,,,,,,,,,,,,,,
front_end,,True,kiss_icp_odometry,,,,,,,,,,,,,,,,,,,,,19046,,,,,,,,,,,,,,,,,,
front_end,,True,kiss_icp_odometry,,,,,,,,,,,,,,,,,,,,,19160,,,,,,,,,,,,,,,,,,
front_end,,True,kiss_icp_odometry,,,,,,,,,,,,,,,,,,,,,19269,,,,,,,,,,,,,,,,,,
front_end,,True,kiss_icp_odometry,,,,,,,,,,,,,,,,,,,,,19413,,,,,,,,,,,,,,,,,,
front_end,,True,kiss_icp_odometry,,,,,,,,,,,,,,,,,,,,,19557,,,,,,,,,,,,,,,,,,
front_end,,True,kiss_icp_odometry,,,,,,,,,,,,,,,,,,,,,19668,,,,,,,,,,,,,,,,,,
front_end,,True,kiss_icp_odometry,,,,,,,,,,,,,,,,,,,,,19804,,,,,,,,,,,,,,,,,,
front_end,,True,kiss_icp_odometry,,,,,,,,,,,,,,,,,,,,,19919,,,,,,,,,,,,,,,,,,
front_end,,True,kiss_icp_odometry,,,,,,,,,,,,,,,,,,,,,20011,,,,,,,,,,,,,,,,,,
front_end,,True,kiss_icp_odometry,,,,,,,,,,,,,,,,,,,,,20146,,,,,,,,,,,,,,,,,,
front_end,,True,kiss_icp_odometry,,,,,,,,,,,,,,,,,,,,,20257,,,,,,,,,,,,,,,,,,
front_end,,True,kiss_icp_odometry,,,,,,,,,,,,,,,,,,,,,20382,,,,,,,,,,,,,,,,,,
front_end,,True,kiss_icp_odometry,,,,,,,,,,,,,,,,,,,,,20498,,,,,,,,,,,,,,,,,,
front_end,,True,kiss_icp_odometry,,,,,,,,,,,,,,,,,,,,,20623,,,,,,,,,,,,,,,,,,
front_end,,True,kiss_icp_odometry,,,,,,,,,,,,,,,,,,,,,20749,,,,,,,,,,,,,,,,,,
front_end,,True,kiss_icp_odometry,,,,,,,,,,,,,,,,,,,,,20864,,,,,,,,,,,,,,,,,,
front_end,,True,kiss_icp_odometry,,,,,,,,,,,,,,,,,,,,,20993,,,,,,,,,,,,,,,,,,
front_end,,True,kiss_icp_odometry,,,,,,,,,,,,,,,,,,,,,21116,,,,,,,,,,,,,,,,,,
front_end,,True,kiss_icp_odometry,,,,,,,,,,,,,,,,,,,,,21246,,,,,,,,,,,,,,,,,,
front_end,,True,kiss_icp_odometry,,,,,,,,,,,,,,,,,,,,,21359,,,,,,,,,,,,,,,,,,
front_end,,True,kiss_icp_odometry,,,,,,,,,,,,,,,,,,,,,21487,,,,,,,,,,,,,,,,,,
front_end,,True,kiss_icp_odometry,,,,,,,,,,,,,,,,,,,,,21581,,,,,,,,,,,,,,,,,,
front_end,,True,kiss_icp_odometry,,,,,,,,,,,,,,,,,,,,,21673,,,,,,,,,,,,,,,,,,
front_end,,True,kiss_icp_odometry,,,,,,,,,,,,,,,,,,,,,21770,,,,,,,,,,,,,,,,,,
front_end,,True,kiss_icp_odometry,,,,,,,,,,,,,,,,,,,,,21849,,,,,,,,,,,,,,,,,,
front_end,,True,kiss_icp_odometry,,,,,,,,,,,,,,,,,,,,,21929,,,,,,,,,,,,,,,,,,
front_end,,True,kiss_icp_odometry,,,,,,,,,,,,,,,,,,,,,22004,,,,,,,,,,,,,,,,,,
front_end,,True,kiss_icp_odometry,,,,,,,,,,,,,,,,,,,,,22056,,,,,,,,,,,,,,,,,,
front_end,,True,kiss_icp_odometry,,,,,,,,,,,,,,,,,,,,,22138,,,,,,,,,,,,,,,,,,
front_end,,True,kiss_icp_odometry,,,,,,,,,,,,,,,,,,,,,22210,,,,,,,,,,,,,,,,,,
front_end,,True,kiss_icp_odometry,,,,,,,,,,,,,,,,,,,,,22307,,,,,,,,,,,,,,,,,,
front_end,,True,kiss_icp_odometry,,,,,,,,,,,,,,,,,,,,,22357,,,,,,,,,,,,,,,,,,
front_end,,True,kiss_icp_odometry,,,,,,,,,,,,,,,,,,,,,22418,,,,,,,,,,,,,,,,,,
front_end,,True,kiss_icp_odometry,,,,,,,,,,,,,,,,,,,,,22475,,,,,,,,,,,,,,,,,,
front_end,,True,kiss_icp_odometry,,,,,,,,,,,,,,,,,,,,,22541,,,,,,,,,,,,,,,,,,
front_end,,True,kiss_icp_odometry,,,,,,,,,,,,,,,,,,,,,22620,,,,,,,,,,,,,,,,,,
front_end,,True,kiss_icp_odometry,,,,,,,,,,,,,,,,,,,,,22686,,,,,,,,,,,,,,,,,,
front_end,,True,kiss_icp_odometry,,,,,,,,,,,,,,,,,,,,,22734,,,,,,,,,,,,,,,,,,
front_end,,True,kiss_icp_odometry,,,,,,,,,,,,,,,,,,,,,22912,,,,,,,,,,,,,,,,,,
front_end,,True,kiss_icp_odometry,,,,,,,,,,,,,,,,,,,,,23080,,,,,,,,,,,,,,,,,,
front_end,,True,kiss_icp_odometry,,,,,,,,,,,,,,,,,,,,,23257,,,,,,,,,,,,,,,,,,
front_end,,True,kiss_icp_odometry,,,,,,,,,,,,,,,,,,,,,23529,,,,,,,,,,,,,,,,,,
front_end,,True,kiss_icp_odometry,,,,,,,,,,,,,,,,,,,,,23920,,,,,,,,,,,,,,,,,,
front_end,,True,kiss_icp_odometry,,,,,,,,,,,,,,,,,,,,,24262,,,,,,,,,,,,,,,,,,
front_end,,True,kiss_icp_odometry,,,,,,,,,,,,,,,,,,,,,24666,,,,,,,,,,,,,,,,,,
front_end,,True,kiss_icp_odometry,,,,,,,,,,,,,,,,,,,,,24945,,,,,,,,,,,,,,,,,,
front_end,,True,kiss_icp_odometry,,,,,,,,,,,,,,,,,,,,,25183,,,,,,,,,,,,,,,,,,
front_end,,True,kiss_icp_odometry,,,,,,,,,,,,,,,,,,,,,25486,,,,,,,,,,,,,,,,,,
front_end,,True,kiss_icp_odometry,,,,,,,,,,,,,,,,,,,,,25712,,,,,,,,,,,,,,,,,,
front_end,,True,kiss_icp_odometry,,,,,,,,,,,,,,,,,,,,,26014,,,,,,,,,,,,,,,,,,
front_end,,True,kiss_icp_odometry,,,,,,,,,,,,,,,,,,,,,26289,,,,,,,,,,,,,,,,,,
front_end,,True,kiss_icp_odometry,,,,,,,,,,,,,,,,,,,,,26625,,,,,,,,,,,,,,,,,,
front_end,,True,kiss_icp_odometry,,,,,,,,,,,,,,,,,,,,,26854,,,,,,,,,,,,,,,,,,
front_end,,True,kiss_icp_odometry,,,,,,,,,,,,,,,,,,,,,27161,,,,,,,,,,,,,,,,,,
front_end,,True,kiss_icp_odometry,,,,,,,,,,,,,,,,,,,,,27438,,,,,,,,,,,,,,,,,,
front_end,,True,kiss_icp_odometry,,,,,,,,,,,,,,,,,,,,,27669,,,,,,,,,,,,,,,,,,
front_end,,True,kiss_icp_odometry,,,,,,,,,,,,,,,,,,,,,27894,,,,,,,,,,,,,,,,,,
front_end,,True,kiss_icp_odometry,,,,,,,,,,,,,,,,,,,,,28112,,,,,,,,,,,,,,,,,,
front_end,,True,kiss_icp_odometry,,,,,,,,,,,,,,,,,,,,,28381,,,,,,,,,,,,,,,,,,
front_end,,True,kiss_icp_odometry,,,,,,,,,,,,,,,,,,,,,28639,,,,,,,,,,,,,,,,,,
front_end,,True,kiss_icp_odometry,,,,,,,,,,,,,,,,,,,,,28903,,,,,,,,,,,,,,,,,,
front_end,,True,kiss_icp_odometry,,,,,,,,,,,,,,,,,,,,,29182,,,,,,,,,,,,,,,,,,
front_end,,True,kiss_icp_odometry,,,,,,,,,,,,,,,,,,,,,29437,,,,,,,,,,,,,,,,,,
front_end,,True,kiss_icp_odometry,,,,,,,,,,,,,,,,,,,,,29752,,,,,,,,,,,,,,,,,,
front_end,,True,kiss_icp_odometry,,,,,,,,,,,,,,,,,,,,,30054,,,,,,,,,,,,,,,,,,
optimized_backend,,,,,,,51.613532996270806,,,,,,,,,,,,,,,,,,,,,,,,,,,,2,1,0,0.0022140011424198747,0.0,0.0,pose_graph,False
front_end,,True,kiss_icp_odometry,,,,,,,,,,,,,,,,,,,,,30251,,,,,,,,,,,,,,,,,,
front_end,,True,kiss_icp_odometry,,,,,,,,,,,,,,,,,,,,,30481,,,,,,,,,,,,,,,,,,
front_end,,True,kiss_icp_odometry,,,,,,,,,,,,,,,,,,,,,31836,,,,,,,,,,,,,,,,,,
front_end,,True,kiss_icp_odometry,,,,,,,,,,,,,,,,,,,,,32103,,,,,,,,,,,,,,,,,,
front_end,,True,kiss_icp_odometry,,,,,,,,,,,,,,,,,,,,,32349,,,,,,,,,,,,,,,,,,
front_end,,True,kiss_icp_odometry,,,,,,,,,,,,,,,,,,,,,32668,,,,,,,,,,,,,,,,,,
front_end,,True,kiss_icp_odometry,,,,,,,,,,,,,,,,,,,,,32998,,,,,,,,,,,,,,,,,,
front_end,,True,kiss_icp_odometry,,,,,,,,,,,,,,,,,,,,,33223,,,,,,,,,,,,,,,,,,
front_end,,True,kiss_icp_odometry,,,,,,,,,,,,,,,,,,,,,33447,,,,,,,,,,,,,,,,,,
front_end,,True,kiss_icp_odometry,,,,,,,,,,,,,,,,,,,,,33773,,,,,,,,,,,,,,,,,,
front_end,,True,kiss_icp_odometry,,,,,,,,,,,,,,,,,,,,,34058,,,,,,,,,,,,,,,,,,
front_end,,True,kiss_icp_odometry,,,,,,,,,,,,,,,,,,,,,34429,,,,,,,,,,,,,,,,,,
front_end,,True,kiss_icp_odometry,,,,,,,,,,,,,,,,,,,,,34680,,,,,,,,,,,,,,,,,,
front_end,,True,kiss_icp_odometry,,,,,,,,,,,,,,,,,,,,,34952,,,,,,,,,,,,,,,,,,
front_end,,True,kiss_icp_odometry,,,,,,,,,,,,,,,,,,,,,35193,,,,,,,,,,,,,,,,,,
front_end,,True,kiss_icp_odometry,,,,,,,,,,,,,,,,,,,,,35430,,,,,,,,,,,,,,,,,,
front_end,,True,kiss_icp_odometry,,,,,,,,,,,,,,,,,,,,,35784,,,,,,,,,,,,,,,,,,
front_end,,True,kiss_icp_odometry,,,,,,,,,,,,,,,,,,,,,36015,,,,,,,,,,,,,,,,,,
front_end,,True,kiss_icp_odometry,,,,,,,,,,,,,,,,,,,,,36327,,,,,,,,,,,,,,,,,,
front_end,,True,kiss_icp_odometry,,,,,,,,,,,,,,,,,,,,,36595,,,,,,,,,,,,,,,,,,
front_end,,True,kiss_icp_odometry,,,,,,,,,,,,,,,,,,,,,36927,,,,,,,,,,,,,,,,,,
front_end,,True,kiss_icp_odometry,,,,,,,,,,,,,,,,,,,,,37391,,,,,,,,,,,,,,,,,,
optimized_backend,,,,,,,30.82013499806635,,,,,,,,,,,,,,,,,,,,,,,,,,,,3,2,0,0.004137997166253626,0.0,0.0,pose_graph,False
front_end,,True,kiss_icp_odometry,,,,,,,,,,,,,,,,,,,,,37720,,,,,,,,,,,,,,,,,,
front_end,,True,kiss_icp_odometry,,,,,,,,,,,,,,,,,,,,,37970,,,,,,,,,,,,,,,,,,
front_end,,True,kiss_icp_odometry,,,,,,,,,,,,,,,,,,,,,38210,,,,,,,,,,,,,,,,,,
front_end,,True,kiss_icp_odometry,,,,,,,,,,,,,,,,,,,,,38423,,,,,,,,,,,,,,,,,,
front_end,,True,kiss_icp_odometry,,,,,,,,,,,,,,,,,,,,,38635,,,,,,,,,,,,,,,,,,
front_end,,True,kiss_icp_odometry,,,,,,,,,,,,,,,,,,,,,38882,,,,,,,,,,,,,,,,,,
front_end,,True,kiss_icp_odometry,,,,,,,,,,,,,,,,,,,,,39178,,,,,,,,,,,,,,,,,,
front_end,,True,kiss_icp_odometry,,,,,,,,,,,,,,,,,,,,,39397,,,,,,,,,,,,,,,,,,
front_end,,True,kiss_icp_odometry,,,,,,,,,,,,,,,,,,,,,39580,,,,,,,,,,,,,,,,,,
front_end,,True,kiss_icp_odometry,,,,,,,,,,,,,,,,,,,,,39973,,,,,,,,,,,,,,,,,,
front_end,,True,kiss_icp_odometry,,,,,,,,,,,,,,,,,,,,,40270,,,,,,,,,,,,,,,,,,
front_end,,True,kiss_icp_odometry,,,,,,,,,,,,,,,,,,,,,40664,,,,,,,,,,,,,,,,,,
front_end,,True,kiss_icp_odometry,,,,,,,,,,,,,,,,,,,,,41350,,,,,,,,,,,,,,,,,,
front_end,,True,kiss_icp_odometry,,,,,,,,,,,,,,,,,,,,,41566,,,,,,,,,,,,,,,,,,
front_end,,True,kiss_icp_odometry,,,,,,,,,,,,,,,,,,,,,41765,,,,,,,,,,,,,,,,,,
front_end,,True,kiss_icp_odometry,,,,,,,,,,,,,,,,,,,,,42323,,,,,,,,,,,,,,,,,,
front_end,,True,kiss_icp_odometry,,,,,,,,,,,,,,,,,,,,,42570,,,,,,,,,,,,,,,,,,
front_end,,True,kiss_icp_odometry,,,,,,,,,,,,,,,,,,,,,42855,,,,,,,,,,,,,,,,,,
front_end,,True,kiss_icp_odometry,,,,,,,,,,,,,,,,,,,,,43120,,,,,,,,,,,,,,,,,,
front_end,,True,kiss_icp_odometry,,,,,,,,,,,,,,,,,,,,,43283,,,,,,,,,,,,,,,,,,
front_end,,True,kiss_icp_odometry,,,,,,,,,,,,,,,,,,,,,43501,,,,,,,,,,,,,,,,,,
front_end,,True,kiss_icp_odometry,,,,,,,,,,,,,,,,,,,,,43673,,,,,,,,,,,,,,,,,,
front_end,,True,kiss_icp_odometry,,,,,,,,,,,,,,,,,,,,,43807,,,,,,,,,,,,,,,,,,
front_end,,True,kiss_icp_odometry,,,,,,,,,,,,,,,,,,,,,43937,,,,,,,,,,,,,,,,,,
front_end,,True,kiss_icp_odometry,,,,,,,,,,,,,,,,,,,,,44074,,,,,,,,,,,,,,,,,,
front_end,,True,kiss_icp_odometry,,,,,,,,,,,,,,,,,,,,,44205,,,,,,,,,,,,,,,,,,
front_end,,True,kiss_icp_odometry,,,,,,,,,,,,,,,,,,,,,44352,,,,,,,,,,,,,,,,,,
front_end,,True,kiss_icp_odometry,,,,,,,,,,,,,,,,,,,,,44468,,,,,,,,,,,,,,,,,,
front_end,,True,kiss_icp_odometry,,,,,,,,,,,,,,,,,,,,,44576,,,,,,,,,,,,,,,,,,
front_end,,True,kiss_icp_odometry,,,,,,,,,,,,,,,,,,,,,44700,,,,,,,,,,,,,,,,,,
front_end,,True,kiss_icp_odometry,,,,,,,,,,,,,,,,,,,,,44831,,,,,,,,,,,,,,,,,,
front_end,,True,kiss_icp_odometry,,,,,,,,,,,,,,,,,,,,,44943,,,,,,,,,,,,,,,,,,
front_end,,True,kiss_icp_odometry,,,,,,,,,,,,,,,,,,,,,45046,,,,,,,,,,,,,,,,,,
optimized_backend,,,,,,,29.591862999950536,,,,,,,,,,,,,,,,,,,,,,,,,,,,4,3,0,0.0019939907360821962,0.0,0.0,pose_graph,False
front_end,,True,kiss_icp_odometry,,,,,,,,,,,,,,,,,,,,,45156,,,,,,,,,,,,,,,,,,
front_end,,True,kiss_icp_odometry,,,,,,,,,,,,,,,,,,,,,45255,,,,,,,,,,,,,,,,,,
front_end,,True,kiss_icp_odometry,,,,,,,,,,,,,,,,,,,,,45328,,,,,,,,,,,,,,,,,,
front_end,,True,kiss_icp_odometry,,,,,,,,,,,,,,,,,,,,,45418,,,,,,,,,,,,,,,,,,
front_end,,True,kiss_icp_odometry,,,,,,,,,,,,,,,,,,,,,45474,,,,,,,,,,,,,,,,,,
front_end,,True,kiss_icp_odometry,,,,,,,,,,,,,,,,,,,,,45585,,,,,,,,,,,,,,,,,,
front_end,,True,kiss_icp_odometry,,,,,,,,,,,,,,,,,,,,,45668,,,,,,,,,,,,,,,,,,
front_end,,True,kiss_icp_odometry,,,,,,,,,,,,,,,,,,,,,45738,,,,,,,,,,,,,,,,,,
front_end,,True,kiss_icp_odometry,,,,,,,,,,,,,,,,,,,,,45935,,,,,,,,,,,,,,,,,,
front_end,,True,kiss_icp_odometry,,,,,,,,,,,,,,,,,,,,,46087,,,,,,,,,,,,,,,,,,
front_end,,True,kiss_icp_odometry,,,,,,,,,,,,,,,,,,,,,46261,,,,,,,,,,,,,,,,,,
front_end,,True,kiss_icp_odometry,,,,,,,,,,,,,,,,,,,,,46378,,,,,,,,,,,,,,,,,,
front_end,,True,kiss_icp_odometry,,,,,,,,,,,,,,,,,,,,,46440,,,,,,,,,,,,,,,,,,
optimized_backend,,,,,,,25.00666600826662,,,,,,,,,,,,,,,,,,,,,,,,,,,,5,4,0,0.004759000148624182,0.0,0.0,pose_graph,False
front_end,,True,kiss_icp_odometry,,,,,,,,,,,,,,,,,,,,,46508,,,,,,,,,,,,,,,,,,
front_end,,True,kiss_icp_odometry,,,,,,,,,,,,,,,,,,,,,46583,,,,,,,,,,,,,,,,,,
front_end,,True,kiss_icp_odometry,,,,,,,,,,,,,,,,,,,,,46694,,,,,,,,,,,,,,,,,,
front_end,,True,kiss_icp_odometry,,,,,,,,,,,,,,,,,,,,,46762,,,,,,,,,,,,,,,,,,
front_end,,True,kiss_icp_odometry,,,,,,,,,,,,,,,,,,,,,46845,,,,,,,,,,,,,,,,,,
front_end,,True,kiss_icp_odometry,,,,,,,,,,,,,,,,,,,,,47224,,,,,,,,,,,,,,,,,,
front_end,,True,kiss_icp_odometry,,,,,,,,,,,,,,,,,,,,,47327,,,,,,,,,,,,,,,,,,
front_end,,True,kiss_icp_odometry,,,,,,,,,,,,,,,,,,,,,47393,,,,,,,,,,,,,,,,,,
optimized_backend,,,,,,,16.46225700096693,,,,,,,,,,,,,,,,,,,,,,,,,,,,6,5,0,0.0017029960872605443,0.0,0.0,pose_graph,False
front_end,,True,kiss_icp_odometry,,,,,,,,,,,,,,,,,,,,,47472,,,,,,,,,,,,,,,,,,
front_end,,True,kiss_icp_odometry,,,,,,,,,,,,,,,,,,,,,47546,,,,,,,,,,,,,,,,,,
front_end,,True,kiss_icp_odometry,,,,,,,,,,,,,,,,,,,,,47627,,,,,,,,,,,,,,,,,,
front_end,,True,kiss_icp_odometry,,,,,,,,,,,,,,,,,,,,,47768,,,,,,,,,,,,,,,,,,
front_end,,True,kiss_icp_odometry,,,,,,,,,,,,,,,,,,,,,47939,,,,,,,,,,,,,,,,,,
front_end,,True,kiss_icp_odometry,,,,,,,,,,,,,,,,,,,,,48163,,,,,,,,,,,,,,,,,,
front_end,,True,kiss_icp_odometry,,,,,,,,,,,,,,,,,,,,,48402,,,,,,,,,,,,,,,,,,
front_end,,True,kiss_icp_odometry,,,,,,,,,,,,,,,,,,,,,48588,,,,,,,,,,,,,,,,,,
front_end,,True,kiss_icp_odometry,,,,,,,,,,,,,,,,,,,,,48707,,,,,,,,,,,,,,,,,,
front_end,,True,kiss_icp_odometry,,,,,,,,,,,,,,,,,,,,,48800,,,,,,,,,,,,,,,,,,
front_end,,True,kiss_icp_odometry,,,,,,,,,,,,,,,,,,,,,48879,,,,,,,,,,,,,,,,,,
front_end,,True,kiss_icp_odometry,,,,,,,,,,,,,,,,,,,,,48977,,,,,,,,,,,,,,,,,,
front_end,,True,kiss_icp_odometry,,,,,,,,,,,,,,,,,,,,,49053,,,,,,,,,,,,,,,,,,
front_end,,True,kiss_icp_odometry,,,,,,,,,,,,,,,,,,,,,49204,,,,,,,,,,,,,,,,,,
front_end,,True,kiss_icp_odometry,,,,,,,,,,,,,,,,,,,,,49271,,,,,,,,,,,,,,,,,,
front_end,,True,kiss_icp_odometry,,,,,,,,,,,,,,,,,,,,,49334,,,,,,,,,,,,,,,,,,
front_end,,True,kiss_icp_odometry,,,,,,,,,,,,,,,,,,,,,49386,,,,,,,,,,,,,,,,,,
front_end,,True,kiss_icp_odometry,,,,,,,,,,,,,,,,,,,,,49489,,,,,,,,,,,,,,,,,,
front_end,,True,kiss_icp_odometry,,,,,,,,,,,,,,,,,,,,,49516,,,,,,,,,,,,,,,,,,
front_end,,True,kiss_icp_odometry,,,,,,,,,,,,,,,,,,,,,49554,,,,,,,,,,,,,,,,,,
front_end,,True,kiss_icp_odometry,,,,,,,,,,,,,,,,,,,,,49595,,,,,,,,,,,,,,,,,,
front_end,,True,kiss_icp_odometry,,,,,,,,,,,,,,,,,,,,,49643,,,,,,,,,,,,,,,,,,
front_end,,True,kiss_icp_odometry,,,,,,,,,,,,,,,,,,,,,49687,,,,,,,,,,,,,,,,,,
front_end,,True,kiss_icp_odometry,,,,,,,,,,,,,,,,,,,,,49920,,,,,,,,,,,,,,,,,,
front_end,,True,kiss_icp_odometry,,,,,,,,,,,,,,,,,,,,,50050,,,,,,,,,,,,,,,,,,
front_end,,True,kiss_icp_odometry,,,,,,,,,,,,,,,,,,,,,50189,,,,,,,,,,,,,,,,,,
front_end,,True,kiss_icp_odometry,,,,,,,,,,,,,,,,,,,,,50235,,,,,,,,,,,,,,,,,,
front_end,,True,kiss_icp_odometry,,,,,,,,,,,,,,,,,,,,,50387,,,,,,,,,,,,,,,,,,
front_end,,True,kiss_icp_odometry,,,,,,,,,,,,,,,,,,,,,50482,,,,,,,,,,,,,,,,,,
front_end,,True,kiss_icp_odometry,,,,,,,,,,,,,,,,,,,,,50670,,,,,,,,,,,,,,,,,,
front_end,,True,kiss_icp_odometry,,,,,,,,,,,,,,,,,,,,,50766,,,,,,,,,,,,,,,,,,
front_end,,True,kiss_icp_odometry,,,,,,,,,,,,,,,,,,,,,50861,,,,,,,,,,,,,,,,,,
front_end,,True,kiss_icp_odometry,,,,,,,,,,,,,,,,,,,,,51179,,,,,,,,,,,,,,,,,,
front_end,,True,kiss_icp_odometry,,,,,,,,,,,,,,,,,,,,,51292,,,,,,,,,,,,,,,,,,
front_end,,True,kiss_icp_odometry,,,,,,,,,,,,,,,,,,,,,51508,,,,,,,,,,,,,,,,,,
front_end,,True,kiss_icp_odometry,,,,,,,,,,,,,,,,,,,,,51704,,,,,,,,,,,,,,,,,,
front_end,,True,kiss_icp_odometry,,,,,,,,,,,,,,,,,,,,,51943,,,,,,,,,,,,,,,,,,
front_end,,True,kiss_icp_odometry,,,,,,,,,,,,,,,,,,,,,52083,,,,,,,,,,,,,,,,,,
front_end,,True,kiss_icp_odometry,,,,,,,,,,,,,,,,,,,,,52197,,,,,,,,,,,,,,,,,,
front_end,,True,kiss_icp_odometry,,,,,,,,,,,,,,,,,,,,,52316,,,,,,,,,,,,,,,,,,
front_end,,True,kiss_icp_odometry,,,,,,,,,,,,,,,,,,,,,52535,,,,,,,,,,,,,,,,,,
front_end,,True,kiss_icp_odometry,,,,,,,,,,,,,,,,,,,,,52695,,,,,,,,,,,,,,,,,,
front_end,,True,kiss_icp_odometry,,,,,,,,,,,,,,,,,,,,,52874,,,,,,,,,,,,,,,,,,
front_end,,True,kiss_icp_odometry,,,,,,,,,,,,,,,,,,,,,53159,,,,,,,,,,,,,,,,,,
front_end,,True,kiss_icp_odometry,,,,,,,,,,,,,,,,,,,,,53475,,,,,,,,,,,,,,,,,,
front_end,,True,kiss_icp_odometry,,,,,,,,,,,,,,,,,,,,,53710,,,,,,,,,,,,,,,,,,
front_end,,True,kiss_icp_odometry,,,,,,,,,,,,,,,,,,,,,53924,,,,,,,,,,,,,,,,,,
front_end,,True,kiss_icp_odometry,,,,,,,,,,,,,,,,,,,,,54185,,,,,,,,,,,,,,,,,,
front_end,,True,kiss_icp_odometry,,,,,,,,,,,,,,,,,,,,,54393,,,,,,,,,,,,,,,,,,
front_end,,True,kiss_icp_odometry,,,,,,,,,,,,,,,,,,,,,54580,,,,,,,,,,,,,,,,,,
front_end,,True,kiss_icp_odometry,,,,,,,,,,,,,,,,,,,,,54822,,,,,,,,,,,,,,,,,,
front_end,,True,kiss_icp_odometry,,,,,,,,,,,,,,,,,,,,,55083,,,,,,,,,,,,,,,,,,
front_end,,True,kiss_icp_odometry,,,,,,,,,,,,,,,,,,,,,55413,,,,,,,,,,,,,,,,,,
front_end,,True,kiss_icp_odometry,,,,,,,,,,,,,,,,,,,,,55806,,,,,,,,,,,,,,,,,,
front_end,,True,kiss_icp_odometry,,,,,,,,,,,,,,,,,,,,,56200,,,,,,,,,,,,,,,,,,
front_end,,True,kiss_icp_odometry,,,,,,,,,,,,,,,,,,,,,56505,,,,,,,,,,,,,,,,,,
optimized_backend,,,,,,,14.652882004156709,,,,,,,,,,,,,,,,,,,,,,,,,,,,7,6,0,0.003806999302469194,0.0,0.0,pose_graph,False
front_end,,True,kiss_icp_odometry,,,,,,,,,,,,,,,,,,,,,56747,,,,,,,,,,,,,,,,,,
front_end,,True,kiss_icp_odometry,,,,,,,,,,,,,,,,,,,,,57051,,,,,,,,,,,,,,,,,,
front_end,,True,kiss_icp_odometry,,,,,,,,,,,,,,,,,,,,,57295,,,,,,,,,,,,,,,,,,
front_end,,True,kiss_icp_odometry,,,,,,,,,,,,,,,,,,,,,57596,,,,,,,,,,,,,,,,,,
front_end,,True,kiss_icp_odometry,,,,,,,,,,,,,,,,,,,,,57927,,,,,,,,,,,,,,,,,,
front_end,,True,kiss_icp_odometry,,,,,,,,,,,,,,,,,,,,,58221,,,,,,,,,,,,,,,,,,
front_end,,True,kiss_icp_odometry,,,,,,,,,,,,,,,,,,,,,58927,,,,,,,,,,,,,,,,,,
front_end,,True,kiss_icp_odometry,,,,,,,,,,,,,,,,,,,,,59272,,,,,,,,,,,,,,,,,,
front_end,,True,kiss_icp_odometry,,,,,,,,,,,,,,,,,,,,,59595,,,,,,,,,,,,,,,,,,
front_end,,True,kiss_icp_odometry,,,,,,,,,,,,,,,,,,,,,59889,,,,,,,,,,,,,,,,,,
front_end,,True,kiss_icp_odometry,,,,,,,,,,,,,,,,,,,,,60280,,,,,,,,,,,,,,,,,,
front_end,,True,kiss_icp_odometry,,,,,,,,,,,,,,,,,,,,,60546,,,,,,,,,,,,,,,,,,
front_end,,True,kiss_icp_odometry,,,,,,,,,,,,,,,,,,,,,61136,,,,,,,,,,,,,,,,,,
front_end,,True,kiss_icp_odometry,,,,,,,,,,,,,,,,,,,,,61461,,,,,,,,,,,,,,,,,,
front_end,,True,kiss_icp_odometry,,,,,,,,,,,,,,,,,,,,,61779,,,,,,,,,,,,,,,,,,
front_end,,True,kiss_icp_odometry,,,,,,,,,,,,,,,,,,,,,62130,,,,,,,,,,,,,,,,,,
front_end,,True,kiss_icp_odometry,,,,,,,,,,,,,,,,,,,,,62472,,,,,,,,,,,,,,,,,,
front_end,,True,kiss_icp_odometry,,,,,,,,,,,,,,,,,,,,,62776,,,,,,,,,,,,,,,,,,
front_end,,True,kiss_icp_odometry,,,,,,,,,,,,,,,,,,,,,63048,,,,,,,,,,,,,,,,,,
front_end,,True,kiss_icp_odometry,,,,,,,,,,,,,,,,,,,,,63439,,,,,,,,,,,,,,,,,,
front_end,,True,kiss_icp_odometry,,,,,,,,,,,,,,,,,,,,,63753,,,,,,,,,,,,,,,,,,
front_end,,True,kiss_icp_odometry,,,,,,,,,,,,,,,,,,,,,64053,,,,,,,,,,,,,,,,,,
front_end,,True,kiss_icp_odometry,,,,,,,,,,,,,,,,,,,,,64419,,,,,,,,,,,,,,,,,,
front_end,,True,kiss_icp_odometry,,,,,,,,,,,,,,,,,,,,,64784,,,,,,,,,,,,,,,,,,
optimized_backend,,,,,,,16.72872899507638,,,,,,,,,,,,,,,,,,,,,,,,,,,,8,7,0,0.0020139996195212007,0.0,0.0,pose_graph,False
front_end,,True,kiss_icp_odometry,,,,,,,,,,,,,,,,,,,,,65087,,,,,,,,,,,,,,,,,,
front_end,,True,kiss_icp_odometry,,,,,,,,,,,,,,,,,,,,,65440,,,,,,,,,,,,,,,,,,
front_end,,True,kiss_icp_odometry,,,,,,,,,,,,,,,,,,,,,65795,,,,,,,,,,,,,,,,,,
front_end,,True,kiss_icp_odometry,,,,,,,,,,,,,,,,,,,,,66106,,,,,,,,,,,,,,,,,,
front_end,,True,kiss_icp_odometry,,,,,,,,,,,,,,,,,,,,,66352,,,,,,,,,,,,,,,,,,
front_end,,True,kiss_icp_odometry,,,,,,,,,,,,,,,,,,,,,66750,,,,,,,,,,,,,,,,,,
front_end,,True,kiss_icp_odometry,,,,,,,,,,,,,,,,,,,,,67014,,,,,,,,,,,,,,,,,,
front_end,,True,kiss_icp_odometry,,,,,,,,,,,,,,,,,,,,,67252,,,,,,,,,,,,,,,,,,
front_end,,True,kiss_icp_odometry,,,,,,,,,,,,,,,,,,,,,67582,,,,,,,,,,,,,,,,,,
front_end,,True,kiss_icp_odometry,,,,,,,,,,,,,,,,,,,,,67903,,,,,,,,,,,,,,,,,,
front_end,,True,kiss_icp_odometry,,,,,,,,,,,,,,,,,,,,,68166,,,,,,,,,,,,,,,,,,
front_end,,True,kiss_icp_odometry,,,,,,,,,,,,,,,,,,,,,68463,,,,,,,,,,,,,,,,,,
front_end,,True,kiss_icp_odometry,,,,,,,,,,,,,,,,,,,,,68810,,,,,,,,,,,,,,,,,,
front_end,,True,kiss_icp_odometry,,,,,,,,,,,,,,,,,,,,,69102,,,,,,,,,,,,,,,,,,
front_end,,True,kiss_icp_odometry,,,,,,,,,,,,,,,,,,,,,69340,,,,,,,,,,,,,,,,,,
front_end,,True,kiss_icp_odometry,,,,,,,,,,,,,,,,,,,,,69654,,,,,,,,,,,,,,,,,,
front_end,,True,kiss_icp_odometry,,,,,,,,,,,,,,,,,,,,,69900,,,,,,,,,,,,,,,,,,
front_end,,True,kiss_icp_odometry,,,,,,,,,,,,,,,,,,,,,70155,,,,,,,,,,,,,,,,,,
front_end,,True,kiss_icp_odometry,,,,,,,,,,,,,,,,,,,,,70442,,,,,,,,,,,,,,,,,,
front_end,,True,kiss_icp_odometry,,,,,,,,,,,,,,,,,,,,,70733,,,,,,,,,,,,,,,,,,
front_end,,True,kiss_icp_odometry,,,,,,,,,,,,,,,,,,,,,70972,,,,,,,,,,,,,,,,,,
front_end,,True,kiss_icp_odometry,,,,,,,,,,,,,,,,,,,,,71275,,,,,,,,,,,,,,,,,,
front_end,,True,kiss_icp_odometry,,,,,,,,,,,,,,,,,,,,,71503,,,,,,,,,,,,,,,,,,
front_end,,True,kiss_icp_odometry,,,,,,,,,,,,,,,,,,,,,71736,,,,,,,,,,,,,,,,,,
front_end,,True,kiss_icp_odometry,,,,,,,,,,,,,,,,,,,,,71949,,,,,,,,,,,,,,,,,,
front_end,,True,kiss_icp_odometry,,,,,,,,,,,,,,,,,,,,,72229,,,,,,,,,,,,,,,,,,
front_end,,True,kiss_icp_odometry,,,,,,,,,,,,,,,,,,,,,72407,,,,,,,,,,,,,,,,,,
front_end,,True,kiss_icp_odometry,,,,,,,,,,,,,,,,,,,,,72585,,,,,,,,,,,,,,,,,,
front_end,,True,kiss_icp_odometry,,,,,,,,,,,,,,,,,,,,,72763,,,,,,,,,,,,,,,,,,
front_end,,True,kiss_icp_odometry,,,,,,,,,,,,,,,,,,,,,72975,,,,,,,,,,,,,,,,,,
front_end,,True,kiss_icp_odometry,,,,,,,,,,,,,,,,,,,,,73116,,,,,,,,,,,,,,,,,,
front_end,,True,kiss_icp_odometry,,,,,,,,,,,,,,,,,,,,,73283,,,,,,,,,,,,,,,,,,
front_end,,True,kiss_icp_odometry,,,,,,,,,,,,,,,,,,,,,73497,,,,,,,,,,,,,,,,,,
front_end,,True,kiss_icp_odometry,,,,,,,,,,,,,,,,,,,,,73666,,,,,,,,,,,,,,,,,,
front_end,,True,kiss_icp_odometry,,,,,,,,,,,,,,,,,,,,,73854,,,,,,,,,,,,,,,,,,
front_end,,True,kiss_icp_odometry,,,,,,,,,,,,,,,,,,,,,74048,,,,,,,,,,,,,,,,,,
front_end,,True,kiss_icp_odometry,,,,,,,,,,,,,,,,,,,,,74396,,,,,,,,,,,,,,,,,,
front_end,,True,kiss_icp_odometry,,,,,,,,,,,,,,,,,,,,,74545,,,,,,,,,,,,,,,,,,
optimized_backend,,,,,,,15.58995600498747,,,,,,,,,,,,,,,,,,,,,,,,,,,,9,8,0,0.0037669960875064135,0.0,0.0,pose_graph,False
front_end,,True,kiss_icp_odometry,,,,,,,,,,,,,,,,,,,,,74716,,,,,,,,,,,,,,,,,,
front_end,,True,kiss_icp_odometry,,,,,,,,,,,,,,,,,,,,,74967,,,,,,,,,,,,,,,,,,
front_end,,True,kiss_icp_odometry,,,,,,,,,,,,,,,,,,,,,75101,,,,,,,,,,,,,,,,,,
front_end,,True,kiss_icp_odometry,,,,,,,,,,,,,,,,,,,,,75232,,,,,,,,,,,,,,,,,,
front_end,,True,kiss_icp_odometry,,,,,,,,,,,,,,,,,,,,,75341,,,,,,,,,,,,,,,,,,
front_end,,True,kiss_icp_odometry,,,,,,,,,,,,,,,,,,,,,75421,,,,,,,,,,,,,,,,,,
front_end,,True,kiss_icp_odometry,,,,,,,,,,,,,,,,,,,,,75509,,,,,,,,,,,,,,,,,,
front_end,,True,kiss_icp_odometry,,,,,,,,,,,,,,,,,,,,,75620,,,,,,,,,,,,,,,,,,
front_end,,True,kiss_icp_odometry,,,,,,,,,,,,,,,,,,,,,75718,,,,,,,,,,,,,,,,,,
front_end,,True,kiss_icp_odometry,,,,,,,,,,,,,,,,,,,,,75794,,,,,,,,,,,,,,,,,,
front_end,,True,kiss_icp_odometry,,,,,,,,,,,,,,,,,,,,,75898,,,,,,,,,,,,,,,,,,
front_end,,True,kiss_icp_odometry,,,,,,,,,,,,,,,,,,,,,76022,,,,,,,,,,,,,,,,,,
front_end,,True,kiss_icp_odometry,,,,,,,,,,,,,,,,,,,,,76146,,,,,,,,,,,,,,,,,,
front_end,,True,kiss_icp_odometry,,,,,,,,,,,,,,,,,,,,,76260,,,,,,,,,,,,,,,,,,
front_end,,True,kiss_icp_odometry,,,,,,,,,,,,,,,,,,,,,76579,,,,,,,,,,,,,,,,,,
front_end,,True,kiss_icp_odometry,,,,,,,,,,,,,,,,,,,,,76784,,,,,,,,,,,,,,,,,,
front_end,,True,kiss_icp_odometry,,,,,,,,,,,,,,,,,,,,,77014,,,,,,,,,,,,,,,,,,
front_end,,True,kiss_icp_odometry,,,,,,,,,,,,,,,,,,,,,77213,,,,,,,,,,,,,,,,,,
optimized_backend,,,,,,,20.74995599105023,,,,,,,,,,,,,,,,,,,,,,,,,,,,10,9,0,0.0017029960872605443,0.0,0.0,pose_graph,False
front_end,,True,kiss_icp_odometry,,,,,,,,,,,,,,,,,,,,,77418,,,,,,,,,,,,,,,,,,
front_end,,True,kiss_icp_odometry,,,,,,,,,,,,,,,,,,,,,77664,,,,,,,,,,,,,,,,,,
front_end,,True,kiss_icp_odometry,,,,,,,,,,,,,,,,,,,,,77827,,,,,,,,,,,,,,,,,,
front_end,,True,kiss_icp_odometry,,,,,,,,,,,,,,,,,,,,,78137,,,,,,,,,,,,,,,,,,
optimized_backend,,,,,,,25.439801000175066,,,,,,,,,,,,,,,,,,,,,,,,,,,,11,10,0,0.004007000825367868,0.0,3.8562559930142015,pose_graph,False
front_end,,True,kiss_icp_odometry,,,,,,,,,,,,,,,,,,,,,78242,,,,,,,,,,,,,,,,,,
front_end,,True,kiss_icp_odometry,,,,,,,,,,,,,,,,,,,,,78337,,,,,,,,,,,,,,,,,,
front_end,,True,kiss_icp_odometry,,,,,,,,,,,,,,,,,,,,,78462,,,,,,,,,,,,,,,,,,
front_end,,True,kiss_icp_odometry,,,,,,,,,,,,,,,,,,,,,78638,,,,,,,,,,,,,,,,,,
front_end,,True,kiss_icp_odometry,,,,,,,,,,,,,,,,,,,,,78751,,,,,,,,,,,,,,,,,,
optimized_backend,,,,,,,20.654375999583863,,,,,,,,,,,,,,,,,,,,,,,,,,,,12,11,0,0.00305499997921288,0.0,0.0,pose_graph,False
front_end,,True,kiss_icp_odometry,,,,,,,,,,,,,,,,,,,,,78858,,,,,,,,,,,,,,,,,,
front_end,,True,kiss_icp_odometry,,,,,,,,,,,,,,,,,,,,,78955,,,,,,,,,,,,,,,,,,
front_end,,True,kiss_icp_odometry,,,,,,,,,,,,,,,,,,,,,79083,,,,,,,,,,,,,,,,,,
front_end,,True,kiss_icp_odometry,,,,,,,,,,,,,,,,,,,,,79161,,,,,,,,,,,,,,,,,,
front_end,,True,kiss_icp_odometry,,,,,,,,,,,,,,,,,,,,,79262,,,,,,,,,,,,,,,,,,
optimized_backend,,,,,,,16.421851993072778,,,,,,,,,,,,,,,,,,,,,,,,,,,,13,12,0,0.0042679894249886274,0.0,0.0,pose_graph,False
front_end,,True,kiss_icp_odometry,,,,,,,,,,,,,,,,,,,,,79370,,,,,,,,,,,,,,,,,,
front_end,,True,kiss_icp_odometry,,,,,,,,,,,,,,,,,,,,,79428,,,,,,,,,,,,,,,,,,
front_end,,True,kiss_icp_odometry,,,,,,,,,,,,,,,,,,,,,79513,,,,,,,,,,,,,,,,,,
front_end,,True,kiss_icp_odometry,,,,,,,,,,,,,,,,,,,,,79651,,,,,,,,,,,,,,,,,,
front_end,,True,kiss_icp_odometry,,,,,,,,,,,,,,,,,,,,,79948,,,,,,,,,,,,,,,,,,
optimized_backend,,,,,,,30.390405998332426,,,,,,,,,,,,,,,,,,,,,,,,,,,,14,13,0,0.0026850029826164246,0.0,0.0,pose_graph,False
front_end,,True,kiss_icp_odometry,,,,,,,,,,,,,,,,,,,,,80037,,,,,,,,,,,,,,,,,,
front_end,,True,kiss_icp_odometry,,,,,,,,,,,,,,,,,,,,,80130,,,,,,,,,,,,,,,,,,
front_end,,True,kiss_icp_odometry,,,,,,,,,,,,,,,,,,,,,80254,,,,,,,,,,,,,,,,,,
front_end,,True,kiss_icp_odometry,,,,,,,,,,,,,,,,,,,,,80391,,,,,,,,,,,,,,,,,,
front_end,,True,kiss_icp_odometry,,,,,,,,,,,,,,,,,,,,,80496,,,,,,,,,,,,,,,,,,
optimized_backend,,,,,,,16.6830030066194,,,,,,,,,,,,,,,,,,,,,,,,,,,,15,14,0,0.003867011400870979,0.0,0.0,pose_graph,False
front_end,,True,kiss_icp_odometry,,,,,,,,,,,,,,,,,,,,,80616,,,,,,,,,,,,,,,,,,
front_end,,True,kiss_icp_odometry,,,,,,,,,,,,,,,,,,,,,80818,,,,,,,,,,,,,,,,,,
front_end,,True,kiss_icp_odometry,,,,,,,,,,,,,,,,,,,,,80953,,,,,,,,,,,,,,,,,,
front_end,,True,kiss_icp_odometry,,,,,,,,,,,,,,,,,,,,,81080,,,,,,,,,,,,,,,,,,
front_end,,True,kiss_icp_odometry,,,,,,,,,,,,,,,,,,,,,81195,,,,,,,,,,,,,,,,,,
front_end,,True,kiss_icp_odometry,,,,,,,,,,,,,,,,,,,,,81298,,,,,,,,,,,,,,,,,,
optimized_backend,,,,,,,22.68011799606029,,,,,,,,,,,,,,,,,,,,,,,,,,,,16,15,0,0.0017129932530224323,0.0,0.0,pose_graph,False
front_end,,True,kiss_icp_odometry,,,,,,,,,,,,,,,,,,,,,81417,,,,,,,,,,,,,,,,,,
front_end,,True,kiss_icp_odometry,,,,,,,,,,,,,,,,,,,,,81530,,,,,,,,,,,,,,,,,,
front_end,,True,kiss_icp_odometry,,,,,,,,,,,,,,,,,,,,,81696,,,,,,,,,,,,,,,,,,
front_end,,True,kiss_icp_odometry,,,,,,,,,,,,,,,,,,,,,81797,,,,,,,,,,,,,,,,,,
front_end,,True,kiss_icp_odometry,,,,,,,,,,,,,,,,,,,,,81914,,,,,,,,,,,,,,,,,,
front_end,,True,kiss_icp_odometry,,,,,,,,,,,,,,,,,,,,,82064,,,,,,,,,,,,,,,,,,
front_end,,True,kiss_icp_odometry,,,,,,,,,,,,,,,,,,,,,82161,,,,,,,,,,,,,,,,,,
front_end,,True,kiss_icp_odometry,,,,,,,,,,,,,,,,,,,,,82286,,,,,,,,,,,,,,,,,,
front_end,,True,kiss_icp_odometry,,,,,,,,,,,,,,,,,,,,,82412,,,,,,,,,,,,,,,,,,
front_end,,True,kiss_icp_odometry,,,,,,,,,,,,,,,,,,,,,82517,,,,,,,,,,,,,,,,,,
front_end,,True,kiss_icp_odometry,,,,,,,,,,,,,,,,,,,,,82638,,,,,,,,,,,,,,,,,,
front_end,,True,kiss_icp_odometry,,,,,,,,,,,,,,,,,,,,,82744,,,,,,,,,,,,,,,,,,
front_end,,True,kiss_icp_odometry,,,,,,,,,,,,,,,,,,,,,82857,,,,,,,,,,,,,,,,,,
front_end,,True,kiss_icp_odometry,,,,,,,,,,,,,,,,,,,,,82955,,,,,,,,,,,,,,,,,,
front_end,,True,kiss_icp_odometry,,,,,,,,,,,,,,,,,,,,,83050,,,,,,,,,,,,,,,,,,
front_end,,True,kiss_icp_odometry,,,,,,,,,,,,,,,,,,,,,83160,,,,,,,,,,,,,,,,,,
front_end,,True,kiss_icp_odometry,,,,,,,,,,,,,,,,,,,,,83258,,,,,,,,,,,,,,,,,,
front_end,,True,kiss_icp_odometry,,,,,,,,,,,,,,,,,,,,,83400,,,,,,,,,,,,,,,,,,
front_end,,True,kiss_icp_odometry,,,,,,,,,,,,,,,,,,,,,83531,,,,,,,,,,,,,,,,,,
front_end,,True,kiss_icp_odometry,,,,,,,,,,,,,,,,,,,,,83642,,,,,,,,,,,,,,,,,,
front_end,,True,kiss_icp_odometry,,,,,,,,,,,,,,,,,,,,,83731,,,,,,,,,,,,,,,,,,
front_end,,True,kiss_icp_odometry,,,,,,,,,,,,,,,,,,,,,83820,,,,,,,,,,,,,,,,,,
front_end,,True,kiss_icp_odometry,,,,,,,,,,,,,,,,,,,,,83935,,,,,,,,,,,,,,,,,,
front_end,,True,kiss_icp_odometry,,,,,,,,,,,,,,,,,,,,,84022,,,,,,,,,,,,,,,,,,
front_end,,True,kiss_icp_odometry,,,,,,,,,,,,,,,,,,,,,84186,,,,,,,,,,,,,,,,,,
front_end,,True,kiss_icp_odometry,,,,,,,,,,,,,,,,,,,,,84285,,,,,,,,,,,,,,,,,,
front_end,,True,kiss_icp_odometry,,,,,,,,,,,,,,,,,,,,,84357,,,,,,,,,,,,,,,,,,
front_end,,True,kiss_icp_odometry,,,,,,,,,,,,,,,,,,,,,84485,,,,,,,,,,,,,,,,,,
front_end,,True,kiss_icp_odometry,,,,,,,,,,,,,,,,,,,,,84547,,,,,,,,,,,,,,,,,,
front_end,,True,kiss_icp_odometry,,,,,,,,,,,,,,,,,,,,,84597,,,,,,,,,,,,,,,,,,
front_end,,True,kiss_icp_odometry,,,,,,,,,,,,,,,,,,,,,84637,,,,,,,,,,,,,,,,,,
front_end,,True,kiss_icp_odometry,,,,,,,,,,,,,,,,,,,,,84690,,,,,,,,,,,,,,,,,,
front_end,,True,kiss_icp_odometry,,,,,,,,,,,,,,,,,,,,,84720,,,,,,,,,,,,,,,,,,
front_end,,True,kiss_icp_odometry,,,,,,,,,,,,,,,,,,,,,84779,,,,,,,,,,,,,,,,,,
front_end,,True,kiss_icp_odometry,,,,,,,,,,,,,,,,,,,,,84838,,,,,,,,,,,,,,,,,,
front_end,,True,kiss_icp_odometry,,,,,,,,,,,,,,,,,,,,,84898,,,,,,,,,,,,,,,,,,
front_end,,True,kiss_icp_odometry,,,,,,,,,,,,,,,,,,,,,84973,,,,,,,,,,,,,,,,,,
front_end,,True,kiss_icp_odometry,,,,,,,,,,,,,,,,,,,,,85034,,,,,,,,,,,,,,,,,,
front_end,,True,kiss_icp_odometry,,,,,,,,,,,,,,,,,,,,,85132,,,,,,,,,,,,,,,,,,
front_end,,True,kiss_icp_odometry,,,,,,,,,,,,,,,,,,,,,85227,,,,,,,,,,,,,,,,,,
front_end,,True,kiss_icp_odometry,,,,,,,,,,,,,,,,,,,,,85316,,,,,,,,,,,,,,,,,,
front_end,,True,kiss_icp_odometry,,,,,,,,,,,,,,,,,,,,,85430,,,,,,,,,,,,,,,,,,
front_end,,True,kiss_icp_odometry,,,,,,,,,,,,,,,,,,,,,85511,,,,,,,,,,,,,,,,,,
front_end,,True,kiss_icp_odometry,,,,,,,,,,,,,,,,,,,,,85676,,,,,,,,,,,,,,,,,,
front_end,,True,kiss_icp_odometry,,,,,,,,,,,,,,,,,,,,,85723,,,,,,,,,,,,,,,,,,
front_end,,True,kiss_icp_odometry,,,,,,,,,,,,,,,,,,,,,86500,,,,,,,,,,,,,,,,,,
front_end,,True,kiss_icp_odometry,,,,,,,,,,,,,,,,,,,,,89070,,,,,,,,,,,,,,,,,,
optimized_backend,,,,,,,20.141912013059482,,,,,,,,,,,,,,,,,,,,,,,,,,,,17,16,0,0.004518005880527198,0.0,0.0,pose_graph,False
front_end,,True,kiss_icp_odometry,,,,,,,,,,,,,,,,,,,,,89224,,,,,,,,,,,,,,,,,,
front_end,,True,kiss_icp_odometry,,,,,,,,,,,,,,,,,,,,,89401,,,,,,,,,,,,,,,,,,
front_end,,True,kiss_icp_odometry,,,,,,,,,,,,,,,,,,,,,89574,,,,,,,,,,,,,,,,,,
front_end,,True,kiss_icp_odometry,,,,,,,,,,,,,,,,,,,,,89748,,,,,,,,,,,,,,,,,,
front_end,,True,kiss_icp_odometry,,,,,,,,,,,,,,,,,,,,,90008,,,,,,,,,,,,,,,,,,
front_end,,True,kiss_icp_odometry,,,,,,,,,,,,,,,,,,,,,90174,,,,,,,,,,,,,,,,,,
front_end,,True,kiss_icp_odometry,,,,,,,,,,,,,,,,,,,,,93912,,,,,,,,,,,,,,,,,,
optimized_backend,,,,,,,21.54303800489288,,,,,,,,,,,,,,,,,,,,,,,,,,,,18,17,0,0.0015030091162770987,0.0,0.0,pose_graph,False
front_end,,True,kiss_icp_odometry,,,,,,,,,,,,,,,,,,,,,94150,,,,,,,,,,,,,,,,,,
front_end,,True,kiss_icp_odometry,,,,,,,,,,,,,,,,,,,,,94375,,,,,,,,,,,,,,,,,,
front_end,,True,kiss_icp_odometry,,,,,,,,,,,,,,,,,,,,,95092,,,,,,,,,,,,,,,,,,
front_end,,True,kiss_icp_odometry,,,,,,,,,,,,,,,,,,,,,95286,,,,,,,,,,,,,,,,,,
front_end,,True,kiss_icp_odometry,,,,,,,,,,,,,,,,,,,,,95476,,,,,,,,,,,,,,,,,,
front_end,,True,kiss_icp_odometry,,,,,,,,,,,,,,,,,,,,,95654,,,,,,,,,,,,,,,,,,
front_end,,True,kiss_icp_odometry,,,,,,,,,,,,,,,,,,,,,95851,,,,,,,,,,,,,,,,,,
front_end,,True,kiss_icp_odometry,,,,,,,,,,,,,,,,,,,,,96043,,,,,,,,,,,,,,,,,,
front_end,,True,kiss_icp_odometry,,,,,,,,,,,,,,,,,,,,,96218,,,,,,,,,,,,,,,,,,
front_end,,True,kiss_icp_odometry,,,,,,,,,,,,,,,,,,,,,96418,,,,,,,,,,,,,,,,,,
front_end,,True,kiss_icp_odometry,,,,,,,,,,,,,,,,,,,,,96613,,,,,,,,,,,,,,,,,,
front_end,,True,kiss_icp_odometry,,,,,,,,,,,,,,,,,,,,,96792,,,,,,,,,,,,,,,,,,
front_end,,True,kiss_icp_odometry,,,,,,,,,,,,,,,,,,,,,96994,,,,,,,,,,,,,,,,,,
front_end,,True,kiss_icp_odometry,,,,,,,,,,,,,,,,,,,,,97195,,,,,,,,,,,,,,,,,,
front_end,,True,kiss_icp_odometry,,,,,,,,,,,,,,,,,,,,,97334,,,,,,,,,,,,,,,,,,
front_end,,True,kiss_icp_odometry,,,,,,,,,,,,,,,,,,,,,97467,,,,,,,,,,,,,,,,,,
front_end,,True,kiss_icp_odometry,,,,,,,,,,,,,,,,,,,,,97636,,,,,,,,,,,,,,,,,,
optimized_backend,,,,,,,19.97804299753625,,,,,,,,,,,,,,,,,,,,,,,,,,,,19,18,0,0.003277003997936845,0.0,0.0,pose_graph,False
front_end,,True,kiss_icp_odometry,,,,,,,,,,,,,,,,,,,,,97817,,,,,,,,,,,,,,,,,,
front_end,,True,kiss_icp_odometry,,,,,,,,,,,,,,,,,,,,,98004,,,,,,,,,,,,,,,,,,
front_end,,True,kiss_icp_odometry,,,,,,,,,,,,,,,,,,,,,98220,,,,,,,,,,,,,,,,,,
front_end,,True,kiss_icp_odometry,,,,,,,,,,,,,,,,,,,,,98405,,,,,,,,,,,,,,,,,,
front_end,,True,kiss_icp_odometry,,,,,,,,,,,,,,,,,,,,,98605,,,,,,,,,,,,,,,,,,
front_end,,True,kiss_icp_odometry,,,,,,,,,,,,,,,,,,,,,98833,,,,,,,,,,,,,,,,,,
front_end,,True,kiss_icp_odometry,,,,,,,,,,,,,,,,,,,,,99206,,,,,,,,,,,,,,,,,,
front_end,,True,kiss_icp_odometry,,,,,,,,,,,,,,,,,,,,,99370,,,,,,,,,,,,,,,,,,
front_end,,True,kiss_icp_odometry,,,,,,,,,,,,,,,,,,,,,99540,,,,,,,,,,,,,,,,,,
front_end,,True,kiss_icp_odometry,,,,,,,,,,,,,,,,,,,,,99770,,,,,,,,,,,,,,,,,,
front_end,,True,kiss_icp_odometry,,,,,,,,,,,,,,,,,,,,,99957,,,,,,,,,,,,,,,,,,
front_end,,True,kiss_icp_odometry,,,,,,,,,,,,,,,,,,,,,100161,,,,,,,,,,,,,,,,,,
front_end,,True,kiss_icp_odometry,,,,,,,,,,,,,,,,,,,,,100424,,,,,,,,,,,,,,,,,,
front_end,,True,kiss_icp_odometry,,,,,,,,,,,,,,,,,,,,,100682,,,,,,,,,,,,,,,,,,
front_end,,True,kiss_icp_odometry,,,,,,,,,,,,,,,,,,,,,100945,,,,,,,,,,,,,,,,,,
front_end,,True,kiss_icp_odometry,,,,,,,,,,,,,,,,,,,,,101248,,,,,,,,,,,,,,,,,,
front_end,,True,kiss_icp_odometry,,,,,,,,,,,,,,,,,,,,,101559,,,,,,,,,,,,,,,,,,
front_end,,True,kiss_icp_odometry,,,,,,,,,,,,,,,,,,,,,101801,,,,,,,,,,,,,,,,,,
front_end,,True,kiss_icp_odometry,,,,,,,,,,,,,,,,,,,,,102170,,,,,,,,,,,,,,,,,,
front_end,,True,kiss_icp_odometry,,,,,,,,,,,,,,,,,,,,,102522,,,,,,,,,,,,,,,,,,
optimized_backend,,,,,,,15.474368003197014,,,,,,,,,,,,,,,,,,,,,,,,,,,,20,19,0,0.003216002369299531,0.0,0.0,pose_graph,False
front_end,,True,kiss_icp_odometry,,,,,,,,,,,,,,,,,,,,,102852,,,,,,,,,,,,,,,,,,
front_end,,True,kiss_icp_odometry,,,,,,,,,,,,,,,,,,,,,103167,,,,,,,,,,,,,,,,,,
front_end,,True,kiss_icp_odometry,,,,,,,,,,,,,,,,,,,,,103538,,,,,,,,,,,,,,,,,,
front_end,,True,kiss_icp_odometry,,,,,,,,,,,,,,,,,,,,,103917,,,,,,,,,,,,,,,,,,
front_end,,True,kiss_icp_odometry,,,,,,,,,,,,,,,,,,,,,104246,,,,,,,,,,,,,,,,,,
front_end,,True,kiss_icp_odometry,,,,,,,,,,,,,,,,,,,,,104574,,,,,,,,,,,,,,,,,,
front_end,,True,kiss_icp_odometry,,,,,,,,,,,,,,,,,,,,,104919,,,,,,,,,,,,,,,,,,
front_end,,True,kiss_icp_odometry,,,,,,,,,,,,,,,,,,,,,105173,,,,,,,,,,,,,,,,,,
front_end,,True,kiss_icp_odometry,,,,,,,,,,,,,,,,,,,,,105480,,,,,,,,,,,,,,,,,,
front_end,,True,kiss_icp_odometry,,,,,,,,,,,,,,,,,,,,,106180,,,,,,,,,,,,,,,,,,
front_end,,True,kiss_icp_odometry,,,,,,,,,,,,,,,,,,,,,106441,,,,,,,,,,,,,,,,,,
front_end,,True,kiss_icp_odometry,,,,,,,,,,,,,,,,,,,,,106833,,,,,,,,,,,,,,,,,,
front_end,,True,kiss_icp_odometry,,,,,,,,,,,,,,,,,,,,,107527,,,,,,,,,,,,,,,,,,
front_end,,True,kiss_icp_odometry,,,,,,,,,,,,,,,,,,,,,107817,,,,,,,,,,,,,,,,,,
front_end,,True,kiss_icp_odometry,,,,,,,,,,,,,,,,,,,,,108082,,,,,,,,,,,,,,,,,,
front_end,,True,kiss_icp_odometry,,,,,,,,,,,,,,,,,,,,,108348,,,,,,,,,,,,,,,,,,
front_end,,True,kiss_icp_odometry,,,,,,,,,,,,,,,,,,,,,108689,,,,,,,,,,,,,,,,,,
front_end,,True,kiss_icp_odometry,,,,,,,,,,,,,,,,,,,,,109034,,,,,,,,,,,,,,,,,,
optimized_backend,,,,,,,25.479235002421774,,,,,,,,,,,,,,,,,,,,,,,,,,,,21,20,0,0.0037569989217445254,0.0,6.867522999527864,pose_graph,False
front_end,,True,kiss_icp_odometry,,,,,,,,,,,,,,,,,,,,,109286,,,,,,,,,,,,,,,,,,
front_end,,True,kiss_icp_odometry,,,,,,,,,,,,,,,,,,,,,109519,,,,,,,,,,,,,,,,,,
front_end,,True,kiss_icp_odometry,,,,,,,,,,,,,,,,,,,,,109838,,,,,,,,,,,,,,,,,,
front_end,,True,kiss_icp_odometry,,,,,,,,,,,,,,,,,,,,,110082,,,,,,,,,,,,,,,,,,
front_end,,True,kiss_icp_odometry,,,,,,,,,,,,,,,,,,,,,110483,,,,,,,,,,,,,,,,,,
front_end,,True,kiss_icp_odometry,,,,,,,,,,,,,,,,,,,,,110723,,,,,,,,,,,,,,,,,,
front_end,,True,kiss_icp_odometry,,,,,,,,,,,,,,,,,,,,,111004,,,,,,,,,,,,,,,,,,
front_end,,True,kiss_icp_odometry,,,,,,,,,,,,,,,,,,,,,111219,,,,,,,,,,,,,,,,,,
front_end,,True,kiss_icp_odometry,,,,,,,,,,,,,,,,,,,,,111502,,,,,,,,,,,,,,,,,,
front_end,,True,kiss_icp_odometry,,,,,,,,,,,,,,,,,,,,,111833,,,,,,,,,,,,,,,,,,
front_end,,True,kiss_icp_odometry,,,,,,,,,,,,,,,,,,,,,112068,,,,,,,,,,,,,,,,,,
front_end,,True,kiss_icp_odometry,,,,,,,,,,,,,,,,,,,,,112293,,,,,,,,,,,,,,,,,,
front_end,,True,kiss_icp_odometry,,,,,,,,,,,,,,,,,,,,,112500,,,,,,,,,,,,,,,,,,
front_end,,True,kiss_icp_odometry,,,,,,,,,,,,,,,,,,,,,112978,,,,,,,,,,,,,,,,,,
front_end,,True,kiss_icp_odometry,,,,,,,,,,,,,,,,,,,,,113371,,,,,,,,,,,,,,,,,,
front_end,,True,kiss_icp_odometry,,,,,,,,,,,,,,,,,,,,,113713,,,,,,,,,,,,,,,,,,
front_end,,True,kiss_icp_odometry,,,,,,,,,,,,,,,,,,,,,113936,,,,,,,,,,,,,,,,,,
front_end,,True,kiss_icp_odometry,,,,,,,,,,,,,,,,,,,,,114321,,,,,,,,,,,,,,,,,,
front_end,,True,kiss_icp_odometry,,,,,,,,,,,,,,,,,,,,,114546,,,,,,,,,,,,,,,,,,
front_end,,True,kiss_icp_odometry,,,,,,,,,,,,,,,,,,,,,114728,,,,,,,,,,,,,,,,,,
front_end,,True,kiss_icp_odometry,,,,,,,,,,,,,,,,,,,,,114917,,,,,,,,,,,,,,,,,,
front_end,,True,kiss_icp_odometry,,,,,,,,,,,,,,,,,,,,,115126,,,,,,,,,,,,,,,,,,
optimized_backend,,,,,,,16.630975005682558,,,,,,,,,,,,,,,,,,,,,,,,,,,,22,21,0,0.0021039886632934213,0.0,0.0,pose_graph,False
front_end,,True,kiss_icp_odometry,,,,,,,,,,,,,,,,,,,,,115353,,,,,,,,,,,,,,,,,,
front_end,,True,kiss_icp_odometry,,,,,,,,,,,,,,,,,,,,,115526,,,,,,,,,,,,,,,,,,
front_end,,True,kiss_icp_odometry,,,,,,,,,,,,,,,,,,,,,115773,,,,,,,,,,,,,,,,,,
front_end,,True,kiss_icp_odometry,,,,,,,,,,,,,,,,,,,,,115919,,,,,,,,,,,,,,,,,,
front_end,,True,kiss_icp_odometry,,,,,,,,,,,,,,,,,,,,,116069,,,,,,,,,,,,,,,,,,
front_end,,True,kiss_icp_odometry,,,,,,,,,,,,,,,,,,,,,116789,,,,,,,,,,,,,,,,,,
front_end,,True,kiss_icp_odometry,,,,,,,,,,,,,,,,,,,,,116976,,,,,,,,,,,,,,,,,,
front_end,,True,kiss_icp_odometry,,,,,,,,,,,,,,,,,,,,,117121,,,,,,,,,,,,,,,,,,
front_end,,True,kiss_icp_odometry,,,,,,,,,,,,,,,,,,,,,117253,,,,,,,,,,,,,,,,,,
front_end,,True,kiss_icp_odometry,,,,,,,,,,,,,,,,,,,,,117326,,,,,,,,,,,,,,,,,,
front_end,,True,kiss_icp_odometry,,,,,,,,,,,,,,,,,,,,,117507,,,,,,,,,,,,,,,,,,
front_end,,True,kiss_icp_odometry,,,,,,,,,,,,,,,,,,,,,117586,,,,,,,,,,,,,,,,,,
front_end,,True,kiss_icp_odometry,,,,,,,,,,,,,,,,,,,,,117676,,,,,,,,,,,,,,,,,,
front_end,,True,kiss_icp_odometry,,,,,,,,,,,,,,,,,,,,,117732,,,,,,,,,,,,,,,,,,
front_end,,True,kiss_icp_odometry,,,,,,,,,,,,,,,,,,,,,117790,,,,,,,,,,,,,,,,,,
front_end,,True,kiss_icp_odometry,,,,,,,,,,,,,,,,,,,,,117844,,,,,,,,,,,,,,,,,,
front_end,,True,kiss_icp_odometry,,,,,,,,,,,,,,,,,,,,,117904,,,,,,,,,,,,,,,,,,
front_end,,True,kiss_icp_odometry,,,,,,,,,,,,,,,,,,,,,117952,,,,,,,,,,,,,,,,,,
front_end,,True,kiss_icp_odometry,,,,,,,,,,,,,,,,,,,,,118001,,,,,,,,,,,,,,,,,,
front_end,,True,kiss_icp_odometry,,,,,,,,,,,,,,,,,,,,,118062,,,,,,,,,,,,,,,,,,
front_end,,True,kiss_icp_odometry,,,,,,,,,,,,,,,,,,,,,118106,,,,,,,,,,,,,,,,,,
front_end,,True,kiss_icp_odometry,,,,,,,,,,,,,,,,,,,,,118174,,,,,,,,,,,,,,,,,,
front_end,,True,kiss_icp_odometry,,,,,,,,,,,,,,,,,,,,,118238,,,,,,,,,,,,,,,,,,
front_end,,True,kiss_icp_odometry,,,,,,,,,,,,,,,,,,,,,118300,,,,,,,,,,,,,,,,,,
front_end,,True,kiss_icp_odometry,,,,,,,,,,,,,,,,,,,,,118359,,,,,,,,,,,,,,,,,,
front_end,,True,kiss_icp_odometry,,,,,,,,,,,,,,,,,,,,,118515,,,,,,,,,,,,,,,,,,
front_end,,True,kiss_icp_odometry,,,,,,,,,,,,,,,,,,,,,118603,,,,,,,,,,,,,,,,,,
front_end,,True,kiss_icp_odometry,,,,,,,,,,,,,,,,,,,,,118745,,,,,,,,,,,,,,,,,,
front_end,,True,kiss_icp_odometry,,,,,,,,,,,,,,,,,,,,,118866,,,,,,,,,,,,,,,,,,
front_end,,True,kiss_icp_odometry,,,,,,,,,,,,,,,,,,,,,118956,,,,,,,,,,,,,,,,,,
front_end,,True,kiss_icp_odometry,,,,,,,,,,,,,,,,,,,,,119061,,,,,,,,,,,,,,,,,,
optimized_backend,,,,,,,25.069794995943084,,,,,,,,,,,,,,,,,,,,,,,,,,,,23,22,0,0.004036992322653532,0.0,0.0,pose_graph,False
front_end,,True,kiss_icp_odometry,,,,,,,,,,,,,,,,,,,,,119151,,,,,,,,,,,,,,,,,,
front_end,,True,kiss_icp_odometry,,,,,,,,,,,,,,,,,,,,,119234,,,,,,,,,,,,,,,,,,
front_end,,True,kiss_icp_odometry,,,,,,,,,,,,,,,,,,,,,119314,,,,,,,,,,,,,,,,,,
front_end,,True,kiss_icp_odometry,,,,,,,,,,,,,,,,,,,,,119370,,,,,,,,,,,,,,,,,,
front_end,,True,kiss_icp_odometry,,,,,,,,,,,,,,,,,,,,,119434,,,,,,,,,,,,,,,,,,
front_end,,True,kiss_icp_odometry,,,,,,,,,,,,,,,,,,,,,119511,,,,,,,,,,,,,,,,,,
front_end,,True,kiss_icp_odometry,,,,,,,,,,,,,,,,,,,,,119592,,,,,,,,,,,,,,,,,,
optimized_backend,,,,,,,14.998523009126075,,,,,,,,,,,,,,,,,,,,,,,,,,,,24,23,0,0.0016939884517341852,0.0,0.0,pose_graph,False
front_end,,True,kiss_icp_odometry,,,,,,,,,,,,,,,,,,,,,119640,,,,,,,,,,,,,,,,,,
front_end,,True,kiss_icp_odometry,,,,,,,,,,,,,,,,,,,,,119712,,,,,,,,,,,,,,,,,,
front_end,,True,kiss_icp_odometry,,,,,,,,,,,,,,,,,,,,,119784,,,,,,,,,,,,,,,,,,
front_end,,True,kiss_icp_odometry,,,,,,,,,,,,,,,,,,,,,119853,,,,,,,,,,,,,,,,,,
front_end,,True,kiss_icp_odometry,,,,,,,,,,,,,,,,,,,,,119904,,,,,,,,,,,,,,,,,,
front_end,,True,kiss_icp_odometry,,,,,,,,,,,,,,,,,,,,,119955,,,,,,,,,,,,,,,,,,
front_end,,True,kiss_icp_odometry,,,,,,,,,,,,,,,,,,,,,120007,,,,,,,,,,,,,,,,,,
front_end,,True,kiss_icp_odometry,,,,,,,,,,,,,,,,,,,,,120079,,,,,,,,,,,,,,,,,,
front_end,,True,kiss_icp_odometry,,,,,,,,,,,,,,,,,,,,,120188,,,,,,,,,,,,,,,,,,
optimized_backend,,,,,,,26.81663200201001,,,,,,,,,,,,,,,,,,,,,,,,,,,,25,24,0,0.003787004970945418,0.0,0.0,pose_graph,False
front_end,,True,kiss_icp_odometry,,,,,,,,,,,,,,,,,,,,,120268,,,,,,,,,,,,,,,,,,
front_end,,True,kiss_icp_odometry,,,,,,,,,,,,,,,,,,,,,120345,,,,,,,,,,,,,,,,,,
front_end,,True,kiss_icp_odometry,,,,,,,,,,,,,,,,,,,,,120420,,,,,,,,,,,,,,,,,,
front_end,,True,kiss_icp_odometry,,,,,,,,,,,,,,,,,,,,,120533,,,,,,,,,,,,,,,,,,
front_end,,True,kiss_icp_odometry,,,,,,,,,,,,,,,,,,,,,120599,,,,,,,,,,,,,,,,,,
optimized_backend,,,,,,,16.34824300708715,,,,,,,,,,,,,,,,,,,,,,,,,,,,26,25,0,0.0018740101950243115,0.0,0.0,pose_graph,False
front_end,,True,kiss_icp_odometry,,,,,,,,,,,,,,,,,,,,,120646,,,,,,,,,,,,,,,,,,
front_end,,True,kiss_icp_odometry,,,,,,,,,,,,,,,,,,,,,120699,,,,,,,,,,,,,,,,,,
front_end,,True,kiss_icp_odometry,,,,,,,,,,,,,,,,,,,,,120739,,,,,,,,,,,,,,,,,,
front_end,,True,kiss_icp_odometry,,,,,,,,,,,,,,,,,,,,,120811,,,,,,,,,,,,,,,,,,
front_end,,True,kiss_icp_odometry,,,,,,,,,,,,,,,,,,,,,120855,,,,,,,,,,,,,,,,,,
front_end,,True,kiss_icp_odometry,,,,,,,,,,,,,,,,,,,,,120925,,,,,,,,,,,,,,,,,,
front_end,,True,kiss_icp_odometry,,,,,,,,,,,,,,,,,,,,,121004,,,,,,,,,,,,,,,,,,
optimized_backend,,,,,,,36.75021500384901,,,,,,,,,,,,,,,,,,,,,,,,,,,,27,26,0,0.05333998706191778,0.0,0.0,pose_graph,False
front_end,,True,kiss_icp_odometry,,,,,,,,,,,,,,,,,,,,,121085,,,,,,,,,,,,,,,,,,
front_end,,True,kiss_icp_odometry,,,,,,,,,,,,,,,,,,,,,121150,,,,,,,,,,,,,,,,,,
front_end,,True,kiss_icp_odometry,,,,,,,,,,,,,,,,,,,,,121195,,,,,,,,,,,,,,,,,,
front_end,,True,kiss_icp_odometry,,,,,,,,,,,,,,,,,,,,,121257,,,,,,,,,,,,,,,,,,
front_end,,True,kiss_icp_odometry,,,,,,,,,,,,,,,,,,,,,121304,,,,,,,,,,,,,,,,,,
front_end,,True,kiss_icp_odometry,,,,,,,,,,,,,,,,,,,,,121373,,,,,,,,,,,,,,,,,,
front_end,,True,kiss_icp_odometry,,,,,,,,,,,,,,,,,,,,,121484,,,,,,,,,,,,,,,,,,
optimized_backend,,,,,,,26.024973005405627,,,,,,,,,,,,,,,,,,,,,,,,,,,,28,27,0,0.0013520038919523358,0.0,0.0,pose_graph,False
front_end,,True,kiss_icp_odometry,,,,,,,,,,,,,,,,,,,,,121552,,,,,,,,,,,,,,,,,,
front_end,,True,kiss_icp_odometry,,,,,,,,,,,,,,,,,,,,,121612,,,,,,,,,,,,,,,,,,
front_end,,True,kiss_icp_odometry,,,,,,,,,,,,,,,,,,,,,121692,,,,,,,,,,,,,,,,,,
front_end,,True,kiss_icp_odometry,,,,,,,,,,,,,,,,,,,,,121761,,,,,,,,,,,,,,,,,,
front_end,,True,kiss_icp_odometry,,,,,,,,,,,,,,,,,,,,,121809,,,,,,,,,,,,,,,,,,
optimized_backend,,,,,,,13.68867899873294,,,,,,,,,,,,,,,,,,,,,,,,,,,,29,28,0,0.05246899672783911,0.0,0.0,pose_graph,False
front_end,,True,kiss_icp_odometry,,,,,,,,,,,,,,,,,,,,,121875,,,,,,,,,,,,,,,,,,
front_end,,True,kiss_icp_odometry,,,,,,,,,,,,,,,,,,,,,121972,,,,,,,,,,,,,,,,,,
front_end,,True,kiss_icp_odometry,,,,,,,,,,,,,,,,,,,,,122072,,,,,,,,,,,,,,,,,,
front_end,,True,kiss_icp_odometry,,,,,,,,,,,,,,,,,,,,,122161,,,,,,,,,,,,,,,,,,
front_end,,True,kiss_icp_odometry,,,,,,,,,,,,,,,,,,,,,122211,,,,,,,,,,,,,,,,,,
front_end,,True,kiss_icp_odometry,,,,,,,,,,,,,,,,,,,,,122350,,,,,,,,,,,,,,,,,,
front_end,,True,kiss_icp_odometry,,,,,,,,,,,,,,,,,,,,,122385,,,,,,,,,,,,,,,,,,
front_end,,True,kiss_icp_odometry,,,,,,,,,,,,,,,,,,,,,122440,,,,,,,,,,,,,,,,,,
optimized_backend,,,,,,,15.469398989807814,,,,,,,,,,,,,,,,,,,,,,,,,,,,30,29,0,0.0017740094335749745,0.0,0.0,pose_graph,False
front_end,,True,kiss_icp_odometry,,,,,,,,,,,,,,,,,,,,,122496,,,,,,,,,,,,,,,,,,
front_end,,True,kiss_icp_odometry,,,,,,,,,,,,,,,,,,,,,122540,,,,,,,,,,,,,,,,,,
front_end,,True,kiss_icp_odometry,,,,,,,,,,,,,,,,,,,,,122741,,,,,,,,,,,,,,,,,,
front_end,,True,kiss_icp_odometry,,,,,,,,,,,,,,,,,,,,,122781,,,,,,,,,,,,,,,,,,
front_end,,True,kiss_icp_odometry,,,,,,,,,,,,,,,,,,,,,122811,,,,,,,,,,,,,,,,,,
front_end,,True,kiss_icp_odometry,,,,,,,,,,,,,,,,,,,,,122885,,,,,,,,,,,,,,,,,,
front_end,,True,kiss_icp_odometry,,,,,,,,,,,,,,,,,,,,,122934,,,,,,,,,,,,,,,,,,
front_end,,True,kiss_icp_odometry,,,,,,,,,,,,,,,,,,,,,122968,,,,,,,,,,,,,,,,,,
front_end,,True,kiss_icp_odometry,,,,,,,,,,,,,,,,,,,,,123022,,,,,,,,,,,,,,,,,,
front_end,,True,kiss_icp_odometry,,,,,,,,,,,,,,,,,,,,,123044,,,,,,,,,,,,,,,,,,
front_end,,True,kiss_icp_odometry,,,,,,,,,,,,,,,,,,,,,123091,,,,,,,,,,,,,,,,,,
front_end,,True,kiss_icp_odometry,,,,,,,,,,,,,,,,,,,,,123119,,,,,,,,,,,,,,,,,,
front_end,,True,kiss_icp_odometry,,,,,,,,,,,,,,,,,,,,,123206,,,,,,,,,,,,,,,,,,
front_end,,True,kiss_icp_odometry,,,,,,,,,,,,,,,,,,,,,123265,,,,,,,,,,,,,,,,,,
front_end,,True,kiss_icp_odometry,,,,,,,,,,,,,,,,,,,,,123296,,,,,,,,,,,,,,,,,,
front_end,,True,kiss_icp_odometry,,,,,,,,,,,,,,,,,,,,,123342,,,,,,,,,,,,,,,,,,
front_end,,True,kiss_icp_odometry,,,,,,,,,,,,,,,,,,,,,123416,,,,,,,,,,,,,,,,,,
front_end,,True,kiss_icp_odometry,,,,,,,,,,,,,,,,,,,,,123455,,,,,,,,,,,,,,,,,,
front_end,,True,kiss_icp_odometry,,,,,,,,,,,,,,,,,,,,,123492,,,,,,,,,,,,,,,,,,
front_end,,True,kiss_icp_odometry,,,,,,,,,,,,,,,,,,,,,123562,,,,,,,,,,,,,,,,,,
front_end,,True,kiss_icp_odometry,,,,,,,,,,,,,,,,,,,,,123589,,,,,,,,,,,,,,,,,,
front_end,,True,kiss_icp_odometry,,,,,,,,,,,,,,,,,,,,,123616,,,,,,,,,,,,,,,,,,
front_end,,True,kiss_icp_odometry,,,,,,,,,,,,,,,,,,,,,123641,,,,,,,,,,,,,,,,,,
front_end,,True,kiss_icp_odometry,,,,,,,,,,,,,,,,,,,,,123657,,,,,,,,,,,,,,,,,,
front_end,,True,kiss_icp_odometry,,,,,,,,,,,,,,,,,,,,,123672,,,,,,,,,,,,,,,,,,
front_end,,True,kiss_icp_odometry,,,,,,,,,,,,,,,,,,,,,123689,,,,,,,,,,,,,,,,,,
front_end,,True,kiss_icp_odometry,,,,,,,,,,,,,,,,,,,,,123715,,,,,,,,,,,,,,,,,,
front_end,,True,kiss_icp_odometry,,,,,,,,,,,,,,,,,,,,,123733,,,,,,,,,,,,,,,,,,
front_end,,True,kiss_icp_odometry,,,,,,,,,,,,,,,,,,,,,123763,,,,,,,,,,,,,,,,,,
front_end,,True,kiss_icp_odometry,,,,,,,,,,,,,,,,,,,,,123780,,,,,,,,,,,,,,,,,,
front_end,,True,kiss_icp_odometry,,,,,,,,,,,,,,,,,,,,,123838,,,,,,,,,,,,,,,,,,
front_end,,True,kiss_icp_odometry,,,,,,,,,,,,,,,,,,,,,123867,,,,,,,,,,,,,,,,,,
front_end,,True,kiss_icp_odometry,,,,,,,,,,,,,,,,,,,,,124081,,,,,,,,,,,,,,,,,,
front_end,,True,kiss_icp_odometry,,,,,,,,,,,,,,,,,,,,,124122,,,,,,,,,,,,,,,,,,
front_end,,True,kiss_icp_odometry,,,,,,,,,,,,,,,,,,,,,124184,,,,,,,,,,,,,,,,,,
front_end,,True,kiss_icp_odometry,,,,,,,,,,,,,,,,,,,,,124223,,,,,,,,,,,,,,,,,,
front_end,,True,kiss_icp_odometry,,,,,,,,,,,,,,,,,,,,,124272,,,,,,,,,,,,,,,,,,
front_end,,True,kiss_icp_odometry,,,,,,,,,,,,,,,,,,,,,124306,,,,,,,,,,,,,,,,,,
front_end,,True,kiss_icp_odometry,,,,,,,,,,,,,,,,,,,,,124341,,,,,,,,,,,,,,,,,,
front_end,,True,kiss_icp_odometry,,,,,,,,,,,,,,,,,,,,,124388,,,,,,,,,,,,,,,,,,
front_end,,True,kiss_icp_odometry,,,,,,,,,,,,,,,,,,,,,124437,,,,,,,,,,,,,,,,,,
front_end,,True,kiss_icp_odometry,,,,,,,,,,,,,,,,,,,,,124486,,,,,,,,,,,,,,,,,,
front_end,,True,kiss_icp_odometry,,,,,,,,,,,,,,,,,,,,,124534,,,,,,,,,,,,,,,,,,
front_end,,True,kiss_icp_odometry,,,,,,,,,,,,,,,,,,,,,124585,,,,,,,,,,,,,,,,,,
front_end,,True,kiss_icp_odometry,,,,,,,,,,,,,,,,,,,,,124654,,,,,,,,,,,,,,,,,,
front_end,,True,kiss_icp_odometry,,,,,,,,,,,,,,,,,,,,,124727,,,,,,,,,,,,,,,,,,
front_end,,True,kiss_icp_odometry,,,,,,,,,,,,,,,,,,,,,124792,,,,,,,,,,,,,,,,,,
front_end,,True,kiss_icp_odometry,,,,,,,,,,,,,,,,,,,,,124853,,,,,,,,,,,,,,,,,,
front_end,,True,kiss_icp_odometry,,,,,,,,,,,,,,,,,,,,,124942,,,,,,,,,,,,,,,,,,
front_end,,True,kiss_icp_odometry,,,,,,,,,,,,,,,,,,,,,125011,,,,,,,,,,,,,,,,,,
front_end,,True,kiss_icp_odometry,,,,,,,,,,,,,,,,,,,,,125079,,,,,,,,,,,,,,,,,,
optimized_backend,,,,,,,36.15365200676024,,,,,,,,,,,,,,,,,,,,,,,,,,,,31,30,0,0.07175499922595918,0.0,10.306334006600082,pose_graph,False
front_end,,True,kiss_icp_odometry,,,,,,,,,,,,,,,,,,,,,125151,,,,,,,,,,,,,,,,,,
front_end,,True,kiss_icp_odometry,,,,,,,,,,,,,,,,,,,,,125202,,,,,,,,,,,,,,,,,,
front_end,,True,kiss_icp_odometry,,,,,,,,,,,,,,,,,,,,,125277,,,,,,,,,,,,,,,,,,
front_end,,True,kiss_icp_odometry,,,,,,,,,,,,,,,,,,,,,125339,,,,,,,,,,,,,,,,,,
front_end,,True,kiss_icp_odometry,,,,,,,,,,,,,,,,,,,,,125419,,,,,,,,,,,,,,,,,,
front_end,,True,kiss_icp_odometry,,,,,,,,,,,,,,,,,,,,,125511,,,,,,,,,,,,,,,,,,
front_end,,True,kiss_icp_odometry,,,,,,,,,,,,,,,,,,,,,125577,,,,,,,,,,,,,,,,,,
front_end,,True,kiss_icp_odometry,,,,,,,,,,,,,,,,,,,,,125668,,,,,,,,,,,,,,,,,,
front_end,,True,kiss_icp_odometry,,,,,,,,,,,,,,,,,,,,,125764,,,,,,,,,,,,,,,,,,
front_end,,True,kiss_icp_odometry,,,,,,,,,,,,,,,,,,,,,125848,,,,,,,,,,,,,,,,,,
front_end,,True,kiss_icp_odometry,,,,,,,,,,,,,,,,,,,,,125913,,,,,,,,,,,,,,,,,,
front_end,,True,kiss_icp_odometry,,,,,,,,,,,,,,,,,,,,,125990,,,,,,,,,,,,,,,,,,
front_end,,True,kiss_icp_odometry,,,,,,,,,,,,,,,,,,,,,126066,,,,,,,,,,,,,,,,,,
front_end,,True,kiss_icp_odometry,,,,,,,,,,,,,,,,,,,,,126151,,,,,,,,,,,,,,,,,,
front_end,,True,kiss_icp_odometry,,,,,,,,,,,,,,,,,,,,,126275,,,,,,,,,,,,,,,,,,
front_end,,True,kiss_icp_odometry,,,,,,,,,,,,,,,,,,,,,126413,,,,,,,,,,,,,,,,,,
front_end,,True,kiss_icp_odometry,,,,,,,,,,,,,,,,,,,,,126520,,,,,,,,,,,,,,,,,,
front_end,,True,kiss_icp_odometry,,,,,,,,,,,,,,,,,,,,,126639,,,,,,,,,,,,,,,,,,
front_end,,True,kiss_icp_odometry,,,,,,,,,,,,,,,,,,,,,126741,,,,,,,,,,,,,,,,,,
front_end,,True,kiss_icp_odometry,,,,,,,,,,,,,,,,,,,,,126835,,,,,,,,,,,,,,,,,,
front_end,,True,kiss_icp_odometry,,,,,,,,,,,,,,,,,,,,,126938,,,,,,,,,,,,,,,,,,
front_end,,True,kiss_icp_odometry,,,,,,,,,,,,,,,,,,,,,127044,,,,,,,,,,,,,,,,,,
optimized_backend,,,,,,,19.180953997420147,,,,,,,,,,,,,,,,,,,,,,,,,,,,32,31,0,0.0016730045899748802,0.0,0.0,pose_graph,False
front_end,,True,kiss_icp_odometry,,,,,,,,,,,,,,,,,,,,,127136,,,,,,,,,,,,,,,,,,
front_end,,True,kiss_icp_odometry,,,,,,,,,,,,,,,,,,,,,127245,,,,,,,,,,,,,,,,,,
front_end,,True,kiss_icp_odometry,,,,,,,,,,,,,,,,,,,,,127366,,,,,,,,,,,,,,,,,,
front_end,,True,kiss_icp_odometry,,,,,,,,,,,,,,,,,,,,,127493,,,,,,,,,,,,,,,,,,
front_end,,True,kiss_icp_odometry,,,,,,,,,,,,,,,,,,,,,127631,,,,,,,,,,,,,,,,,,
front_end,,True,kiss_icp_odometry,,,,,,,,,,,,,,,,,,,,,127790,,,,,,,,,,,,,,,,,,
front_end,,True,kiss_icp_odometry,,,,,,,,,,,,,,,,,,,,,127916,,,,,,,,,,,,,,,,,,
front_end,,True,kiss_icp_odometry,,,,,,,,,,,,,,,,,,,,,128028,,,,,,,,,,,,,,,,,,
front_end,,True,kiss_icp_odometry,,,,,,,,,,,,,,,,,,,,,128153,,,,,,,,,,,,,,,,,,
front_end,,True,kiss_icp_odometry,,,,,,,,,,,,,,,,,,,,,128317,,,,,,,,,,,,,,,,,,
front_end,,True,kiss_icp_odometry,,,,,,,,,,,,,,,,,,,,,128498,,,,,,,,,,,,,,,,,,
front_end,,True,kiss_icp_odometry,,,,,,,,,,,,,,,,,,,,,128697,,,,,,,,,,,,,,,,,,
front_end,,True,kiss_icp_odometry,,,,,,,,,,,,,,,,,,,,,128867,,,,,,,,,,,,,,,,,,
front_end,,True,kiss_icp_odometry,,,,,,,,,,,,,,,,,,,,,129078,,,,,,,,,,,,,,,,,,
front_end,,True,kiss_icp_odometry,,,,,,,,,,,,,,,,,,,,,129258,,,,,,,,,,,,,,,,,,
front_end,,True,kiss_icp_odometry,,,,,,,,,,,,,,,,,,,,,129402,,,,,,,,,,,,,,,,,,
optimized_backend,,,,,,,27.312955993693322,,,,,,,,,,,,,,,,,,,,,,,,,,,,33,32,0,0.08532100764568895,0.0,0.0,pose_graph,False
front_end,,True,kiss_icp_odometry,,,,,,,,,,,,,,,,,,,,,130059,,,,,,,,,,,,,,,,,,
front_end,,True,kiss_icp_odometry,,,,,,,,,,,,,,,,,,,,,130268,,,,,,,,,,,,,,,,,,
front_end,,True,kiss_icp_odometry,,,,,,,,,,,,,,,,,,,,,130418,,,,,,,,,,,,,,,,,,
front_end,,True,kiss_icp_odometry,,,,,,,,,,,,,,,,,,,,,130559,,,,,,,,,,,,,,,,,,
front_end,,True,kiss_icp_odometry,,,,,,,,,,,,,,,,,,,,,130698,,,,,,,,,,,,,,,,,,
front_end,,True,kiss_icp_odometry,,,,,,,,,,,,,,,,,,,,,130867,,,,,,,,,,,,,,,,,,
front_end,,True,kiss_icp_odometry,,,,,,,,,,,,,,,,,,,,,131007,,,,,,,,,,,,,,,,,,
front_end,,True,kiss_icp_odometry,,,,,,,,,,,,,,,,,,,,,131186,,,,,,,,,,,,,,,,,,
front_end,,True,kiss_icp_odometry,,,,,,,,,,,,,,,,,,,,,131350,,,,,,,,,,,,,,,,,,
front_end,,True,kiss_icp_odometry,,,,,,,,,,,,,,,,,,,,,131475,,,,,,,,,,,,,,,,,,
front_end,,True,kiss_icp_odometry,,,,,,,,,,,,,,,,,,,,,131610,,,,,,,,,,,,,,,,,,
front_end,,True,kiss_icp_odometry,,,,,,,,,,,,,,,,,,,,,131805,,,,,,,,,,,,,,,,,,
front_end,,True,kiss_icp_odometry,,,,,,,,,,,,,,,,,,,,,132004,,,,,,,,,,,,,,,,,,
optimized_backend,,,,,,,32.17377200780902,,,,,,,,,,,,,,,,,,,,,,,,,,,,34,33,0,0.0027850037440657616,0.0,0.0,pose_graph,False
front_end,,True,kiss_icp_odometry,,,,,,,,,,,,,,,,,,,,,132139,,,,,,,,,,,,,,,,,,
front_end,,True,kiss_icp_odometry,,,,,,,,,,,,,,,,,,,,,132249,,,,,,,,,,,,,,,,,,
front_end,,True,kiss_icp_odometry,,,,,,,,,,,,,,,,,,,,,132428,,,,,,,,,,,,,,,,,,
front_end,,True,kiss_icp_odometry,,,,,,,,,,,,,,,,,,,,,132568,,,,,,,,,,,,,,,,,,
front_end,,True,kiss_icp_odometry,,,,,,,,,,,,,,,,,,,,,132733,,,,,,,,,,,,,,,,,,
front_end,,True,kiss_icp_odometry,,,,,,,,,,,,,,,,,,,,,132862,,,,,,,,,,,,,,,,,,
front_end,,True,kiss_icp_odometry,,,,,,,,,,,,,,,,,,,,,132990,,,,,,,,,,,,,,,,,,
front_end,,True,kiss_icp_odometry,,,,,,,,,,,,,,,,,,,,,133127,,,,,,,,,,,,,,,,,,
front_end,,True,kiss_icp_odometry,,,,,,,,,,,,,,,,,,,,,133262,,,,,,,,,,,,,,,,,,
front_end,,True,kiss_icp_odometry,,,,,,,,,,,,,,,,,,,,,133389,,,,,,,,,,,,,,,,,,
front_end,,True,kiss_icp_odometry,,,,,,,,,,,,,,,,,,,,,133507,,,,,,,,,,,,,,,,,,
front_end,,True,kiss_icp_odometry,,,,,,,,,,,,,,,,,,,,,133617,,,,,,,,,,,,,,,,,,
front_end,,True,kiss_icp_odometry,,,,,,,,,,,,,,,,,,,,,133779,,,,,,,,,,,,,,,,,,
front_end,,True,kiss_icp_odometry,,,,,,,,,,,,,,,,,,,,,133881,,,,,,,,,,,,,,,,,,
front_end,,True,kiss_icp_odometry,,,,,,,,,,,,,,,,,,,,,134050,,,,,,,,,,,,,,,,,,
front_end,,True,kiss_icp_odometry,,,,,,,,,,,,,,,,,,,,,134166,,,,,,,,,,,,,,,,,,
front_end,,True,kiss_icp_odometry,,,,,,,,,,,,,,,,,,,,,134298,,,,,,,,,,,,,,,,,,
front_end,,True,kiss_icp_odometry,,,,,,,,,,,,,,,,,,,,,134389,,,,,,,,,,,,,,,,,,
optimized_backend,,,,,,,58.225385000696406,,,,,,,,,,,,,,,,,,,,,,,,,,,,35,34,0,0.09575999865774065,0.0,0.0,pose_graph,False
front_end,,True,kiss_icp_odometry,,,,,,,,,,,,,,,,,,,,,134529,,,,,,,,,,,,,,,,,,
front_end,,True,kiss_icp_odometry,,,,,,,,,,,,,,,,,,,,,134644,,,,,,,,,,,,,,,,,,
front_end,,True,kiss_icp_odometry,,,,,,,,,,,,,,,,,,,,,134773,,,,,,,,,,,,,,,,,,
front_end,,True,kiss_icp_odometry,,,,,,,,,,,,,,,,,,,,,134882,,,,,,,,,,,,,,,,,,
front_end,,True,kiss_icp_odometry,,,,,,,,,,,,,,,,,,,,,135023,,,,,,,,,,,,,,,,,,
front_end,,True,kiss_icp_odometry,,,,,,,,,,,,,,,,,,,,,135141,,,,,,,,,,,,,,,,,,
front_end,,True,kiss_icp_odometry,,,,,,,,,,,,,,,,,,,,,135279,,,,,,,,,,,,,,,,,,
front_end,,True,kiss_icp_odometry,,,,,,,,,,,,,,,,,,,,,135417,,,,,,,,,,,,,,,,,,
front_end,,True,kiss_icp_odometry,,,,,,,,,,,,,,,,,,,,,135555,,,,,,,,,,,,,,,,,,
front_end,,True,kiss_icp_odometry,,,,,,,,,,,,,,,,,,,,,135683,,,,,,,,,,,,,,,,,,
front_end,,True,kiss_icp_odometry,,,,,,,,,,,,,,,,,,,,,135847,,,,,,,,,,,,,,,,,,
front_end,,True,kiss_icp_odometry,,,,,,,,,,,,,,,,,,,,,135990,,,,,,,,,,,,,,,,,,
front_end,,True,kiss_icp_odometry,,,,,,,,,,,,,,,,,,,,,136143,,,,,,,,,,,,,,,,,,
front_end,,True,kiss_icp_odometry,,,,,,,,,,,,,,,,,,,,,136315,,,,,,,,,,,,,,,,,,
front_end,,True,kiss_icp_odometry,,,,,,,,,,,,,,,,,,,,,136482,,,,,,,,,,,,,,,,,,
front_end,,True,kiss_icp_odometry,,,,,,,,,,,,,,,,,,,,,136663,,,,,,,,,,,,,,,,,,
optimized_backend,,,,,,,30.210357988835312,,,,,,,,,,,,,,,,,,,,,,,,,,,,36,35,0,0.0017740094335749745,0.0,0.0,pose_graph,False
front_end,,True,kiss_icp_odometry,,,,,,,,,,,,,,,,,,,,,136848,,,,,,,,,,,,,,,,,,
front_end,,True,kiss_icp_odometry,,,,,,,,,,,,,,,,,,,,,137016,,,,,,,,,,,,,,,,,,
front_end,,True,kiss_icp_odometry,,,,,,,,,,,,,,,,,,,,,137178,,,,,,,,,,,,,,,,,,
front_end,,True,kiss_icp_odometry,,,,,,,,,,,,,,,,,,,,,137349,,,,,,,,,,,,,,,,,,
front_end,,True,kiss_icp_odometry,,,,,,,,,,,,,,,,,,,,,137553,,,,,,,,,,,,,,,,,,
front_end,,True,kiss_icp_odometry,,,,,,,,,,,,,,,,,,,,,137725,,,,,,,,,,,,,,,,,,
front_end,,True,kiss_icp_odometry,,,,,,,,,,,,,,,,,,,,,137941,,,,,,,,,,,,,,,,,,
front_end,,True,kiss_icp_odometry,,,,,,,,,,,,,,,,,,,,,138157,,,,,,,,,,,,,,,,,,
front_end,,True,kiss_icp_odometry,,,,,,,,,,,,,,,,,,,,,138369,,,,,,,,,,,,,,,,,,
front_end,,True,kiss_icp_odometry,,,,,,,,,,,,,,,,,,,,,138563,,,,,,,,,,,,,,,,,,
front_end,,True,kiss_icp_odometry,,,,,,,,,,,,,,,,,,,,,138780,,,,,,,,,,,,,,,,,,
front_end,,True,kiss_icp_odometry,,,,,,,,,,,,,,,,,,,,,138990,,,,,,,,,,,,,,,,,,
front_end,,True,kiss_icp_odometry,,,,,,,,,,,,,,,,,,,,,139212,,,,,,,,,,,,,,,,,,
front_end,,True,kiss_icp_odometry,,,,,,,,,,,,,,,,,,,,,139369,,,,,,,,,,,,,,,,,,
front_end,,True,kiss_icp_odometry,,,,,,,,,,,,,,,,,,,,,139509,,,,,,,,,,,,,,,,,,
front_end,,True,kiss_icp_odometry,,,,,,,,,,,,,,,,,,,,,139631,,,,,,,,,,,,,,,,,,
front_end,,True,kiss_icp_odometry,,,,,,,,,,,,,,,,,,,,,139776,,,,,,,,,,,,,,,,,,
front_end,,True,kiss_icp_odometry,,,,,,,,,,,,,,,,,,,,,139895,,,,,,,,,,,,,,,,,,
front_end,,True,kiss_icp_odometry,,,,,,,,,,,,,,,,,,,,,140041,,,,,,,,,,,,,,,,,,
front_end,,True,kiss_icp_odometry,,,,,,,,,,,,,,,,,,,,,140179,,,,,,,,,,,,,,,,,,
front_end,,True,kiss_icp_odometry,,,,,,,,,,,,,,,,,,,,,140303,,,,,,,,,,,,,,,,,,
front_end,,True,kiss_icp_odometry,,,,,,,,,,,,,,,,,,,,,140410,,,,,,,,,,,,,,,,,,
front_end,,True,kiss_icp_odometry,,,,,,,,,,,,,,,,,,,,,140514,,,,,,,,,,,,,,,,,,
front_end,,True,kiss_icp_odometry,,,,,,,,,,,,,,,,,,,,,140592,,,,,,,,,,,,,,,,,,
front_end,,True,kiss_icp_odometry,,,,,,,,,,,,,,,,,,,,,140705,,,,,,,,,,,,,,,,,,
front_end,,True,kiss_icp_odometry,,,,,,,,,,,,,,,,,,,,,140817,,,,,,,,,,,,,,,,,,
front_end,,True,kiss_icp_odometry,,,,,,,,,,,,,,,,,,,,,140891,,,,,,,,,,,,,,,,,,
front_end,,True,kiss_icp_odometry,,,,,,,,,,,,,,,,,,,,,140984,,,,,,,,,,,,,,,,,,
front_end,,True,kiss_icp_odometry,,,,,,,,,,,,,,,,,,,,,141070,,,,,,,,,,,,,,,,,,
front_end,,True,kiss_icp_odometry,,,,,,,,,,,,,,,,,,,,,141134,,,,,,,,,,,,,,,,,,
front_end,,True,kiss_icp_odometry,,,,,,,,,,,,,,,,,,,,,141195,,,,,,,,,,,,,,,,,,
front_end,,True,kiss_icp_odometry,,,,,,,,,,,,,,,,,,,,,141242,,,,,,,,,,,,,,,,,,
front_end,,True,kiss_icp_odometry,,,,,,,,,,,,,,,,,,,,,141295,,,,,,,,,,,,,,,,,,
front_end,,True,kiss_icp_odometry,,,,,,,,,,,,,,,,,,,,,141338,,,,,,,,,,,,,,,,,,
front_end,,True,kiss_icp_odometry,,,,,,,,,,,,,,,,,,,,,141386,,,,,,,,,,,,,,,,,,
front_end,,True,kiss_icp_odometry,,,,,,,,,,,,,,,,,,,,,141484,,,,,,,,,,,,,,,,,,
front_end,,True,kiss_icp_odometry,,,,,,,,,,,,,,,,,,,,,141537,,,,,,,,,,,,,,,,,,
front_end,,True,kiss_icp_odometry,,,,,,,,,,,,,,,,,,,,,141593,,,,,,,,,,,,,,,,,,
front_end,,True,kiss_icp_odometry,,,,,,,,,,,,,,,,,,,,,141640,,,,,,,,,,,,,,,,,,
front_end,,True,kiss_icp_odometry,,,,,,,,,,,,,,,,,,,,,141695,,,,,,,,,,,,,,,,,,
front_end,,True,kiss_icp_odometry,,,,,,,,,,,,,,,,,,,,,141736,,,,,,,,,,,,,,,,,,
front_end,,True,kiss_icp_odometry,,,,,,,,,,,,,,,,,,,,,141784,,,,,,,,,,,,,,,,,,
front_end,,True,kiss_icp_odometry,,,,,,,,,,,,,,,,,,,,,141843,,,,,,,,,,,,,,,,,,
front_end,,True,kiss_icp_odometry,,,,,,,,,,,,,,,,,,,,,141889,,,,,,,,,,,,,,,,,,
front_end,,True,kiss_icp_odometry,,,,,,,,,,,,,,,,,,,,,141926,,,,,,,,,,,,,,,,,,
front_end,,True,kiss_icp_odometry,,,,,,,,,,,,,,,,,,,,,142020,,,,,,,,,,,,,,,,,,
front_end,,True,kiss_icp_odometry,,,,,,,,,,,,,,,,,,,,,142077,,,,,,,,,,,,,,,,,,
front_end,,True,kiss_icp_odometry,,,,,,,,,,,,,,,,,,,,,142112,,,,,,,,,,,,,,,,,,
front_end,,True,kiss_icp_odometry,,,,,,,,,,,,,,,,,,,,,142233,,,,,,,,,,,,,,,,,,
front_end,,True,kiss_icp_odometry,,,,,,,,,,,,,,,,,,,,,142288,,,,,,,,,,,,,,,,,,
front_end,,True,kiss_icp_odometry,,,,,,,,,,,,,,,,,,,,,142403,,,,,,,,,,,,,,,,,,
front_end,,True,kiss_icp_odometry,,,,,,,,,,,,,,,,,,,,,142444,,,,,,,,,,,,,,,,,,
front_end,,True,kiss_icp_odometry,,,,,,,,,,,,,,,,,,,,,142690,,,,,,,,,,,,,,,,,,
front_end,,True,kiss_icp_odometry,,,,,,,,,,,,,,,,,,,,,142849,,,,,,,,,,,,,,,,,,
front_end,,True,kiss_icp_odometry,,,,,,,,,,,,,,,,,,,,,142928,,,,,,,,,,,,,,,,,,
optimized_backend,,,,,,,35.523946993635036,,,,,,,,,,,,,,,,,,,,,,,,,,,,37,36,0,0.10250300692860037,0.0,0.0,pose_graph,False
front_end,,True,kiss_icp_odometry,,,,,,,,,,,,,,,,,,,,,143008,,,,,,,,,,,,,,,,,,
front_end,,True,kiss_icp_odometry,,,,,,,,,,,,,,,,,,,,,143150,,,,,,,,,,,,,,,,,,
front_end,,True,kiss_icp_odometry,,,,,,,,,,,,,,,,,,,,,143188,,,,,,,,,,,,,,,,,,
front_end,,True,kiss_icp_odometry,,,,,,,,,,,,,,,,,,,,,143249,,,,,,,,,,,,,,,,,,
front_end,,True,kiss_icp_odometry,,,,,,,,,,,,,,,,,,,,,143332,,,,,,,,,,,,,,,,,,
front_end,,True,kiss_icp_odometry,,,,,,,,,,,,,,,,,,,,,143387,,,,,,,,,,,,,,,,,,
front_end,,True,kiss_icp_odometry,,,,,,,,,,,,,,,,,,,,,143462,,,,,,,,,,,,,,,,,,
front_end,,True,kiss_icp_odometry,,,,,,,,,,,,,,,,,,,,,143494,,,,,,,,,,,,,,,,,,
front_end,,True,kiss_icp_odometry,,,,,,,,,,,,,,,,,,,,,143540,,,,,,,,,,,,,,,,,,
front_end,,True,kiss_icp_odometry,,,,,,,,,,,,,,,,,,,,,143571,,,,,,,,,,,,,,,,,,
front_end,,True,kiss_icp_odometry,,,,,,,,,,,,,,,,,,,,,143598,,,,,,,,,,,,,,,,,,
front_end,,True,kiss_icp_odometry,,,,,,,,,,,,,,,,,,,,,143716,,,,,,,,,,,,,,,,,,
front_end,,True,kiss_icp_odometry,,,,,,,,,,,,,,,,,,,,,143764,,,,,,,,,,,,,,,,,,
front_end,,True,kiss_icp_odometry,,,,,,,,,,,,,,,,,,,,,143788,,,,,,,,,,,,,,,,,,
front_end,,True,kiss_icp_odometry,,,,,,,,,,,,,,,,,,,,,143873,,,,,,,,,,,,,,,,,,
front_end,,True,kiss_icp_odometry,,,,,,,,,,,,,,,,,,,,,144033,,,,,,,,,,,,,,,,,,
front_end,,True,kiss_icp_odometry,,,,,,,,,,,,,,,,,,,,,144085,,,,,,,,,,,,,,,,,,
front_end,,True,kiss_icp_odometry,,,,,,,,,,,,,,,,,,,,,144227,,,,,,,,,,,,,,,,,,
front_end,,True,kiss_icp_odometry,,,,,,,,,,,,,,,,,,,,,144258,,,,,,,,,,,,,,,,,,
front_end,,True,kiss_icp_odometry,,,,,,,,,,,,,,,,,,,,,144330,,,,,,,,,,,,,,,,,,
front_end,,True,kiss_icp_odometry,,,,,,,,,,,,,,,,,,,,,144353,,,,,,,,,,,,,,,,,,
front_end,,True,kiss_icp_odometry,,,,,,,,,,,,,,,,,,,,,144373,,,,,,,,,,,,,,,,,,
front_end,,True,kiss_icp_odometry,,,,,,,,,,,,,,,,,,,,,144422,,,,,,,,,,,,,,,,,,
front_end,,True,kiss_icp_odometry,,,,,,,,,,,,,,,,,,,,,144441,,,,,,,,,,,,,,,,,,
front_end,,True,kiss_icp_odometry,,,,,,,,,,,,,,,,,,,,,144475,,,,,,,,,,,,,,,,,,
front_end,,True,kiss_icp_odometry,,,,,,,,,,,,,,,,,,,,,144504,,,,,,,,,,,,,,,,,,
front_end,,True,kiss_icp_odometry,,,,,,,,,,,,,,,,,,,,,144522,,,,,,,,,,,,,,,,,,
front_end,,True,kiss_icp_odometry,,,,,,,,,,,,,,,,,,,,,144554,,,,,,,,,,,,,,,,,,
front_end,,True,kiss_icp_odometry,,,,,,,,,,,,,,,,,,,,,144583,,,,,,,,,,,,,,,,,,
front_end,,True,kiss_icp_odometry,,,,,,,,,,,,,,,,,,,,,144609,,,,,,,,,,,,,,,,,,
front_end,,True,kiss_icp_odometry,,,,,,,,,,,,,,,,,,,,,144640,,,,,,,,,,,,,,,,,,
front_end,,True,kiss_icp_odometry,,,,,,,,,,,,,,,,,,,,,144678,,,,,,,,,,,,,,,,,,
front_end,,True,kiss_icp_odometry,,,,,,,,,,,,,,,,,,,,,144729,,,,,,,,,,,,,,,,,,
front_end,,True,kiss_icp_odometry,,,,,,,,,,,,,,,,,,,,,144778,,,,,,,,,,,,,,,,,,
front_end,,True,kiss_icp_odometry,,,,,,,,,,,,,,,,,,,,,144833,,,,,,,,,,,,,,,,,,
front_end,,True,kiss_icp_odometry,,,,,,,,,,,,,,,,,,,,,144891,,,,,,,,,,,,,,,,,,
front_end,,True,kiss_icp_odometry,,,,,,,,,,,,,,,,,,,,,144949,,,,,,,,,,,,,,,,,,
front_end,,True,kiss_icp_odometry,,,,,,,,,,,,,,,,,,,,,145033,,,,,,,,,,,,,,,,,,
front_end,,True,kiss_icp_odometry,,,,,,,,,,,,,,,,,,,,,145084,,,,,,,,,,,,,,,,,,
optimized_backend,,,,,,,24.435750994598493,,,,,,,,,,,,,,,,,,,,,,,,,,,,38,37,0,0.0018139980966225266,0.0,0.0,pose_graph,False
front_end,,True,kiss_icp_odometry,,,,,,,,,,,,,,,,,,,,,145143,,,,,,,,,,,,,,,,,,
front_end,,True,kiss_icp_odometry,,,,,,,,,,,,,,,,,,,,,145185,,,,,,,,,,,,,,,,,,
front_end,,True,kiss_icp_odometry,,,,,,,,,,,,,,,,,,,,,145227,,,,,,,,,,,,,,,,,,
front_end,,True,kiss_icp_odometry,,,,,,,,,,,,,,,,,,,,,145273,,,,,,,,,,,,,,,,,,
front_end,,True,kiss_icp_odometry,,,,,,,,,,,,,,,,,,,,,145297,,,,,,,,,,,,,,,,,,
front_end,,True,kiss_icp_odometry,,,,,,,,,,,,,,,,,,,,,145321,,,,,,,,,,,,,,,,,,
front_end,,True,kiss_icp_odometry,,,,,,,,,,,,,,,,,,,,,145345,,,,,,,,,,,,,,,,,,
front_end,,True,kiss_icp_odometry,,,,,,,,,,,,,,,,,,,,,145386,,,,,,,,,,,,,,,,,,
front_end,,True,kiss_icp_odometry,,,,,,,,,,,,,,,,,,,,,145419,,,,,,,,,,,,,,,,,,
front_end,,True,kiss_icp_odometry,,,,,,,,,,,,,,,,,,,,,145453,,,,,,,,,,,,,,,,,,
front_end,,True,kiss_icp_odometry,,,,,,,,,,,,,,,,,,,,,145478,,,,,,,,,,,,,,,,,,
front_end,,True,kiss_icp_odometry,,,,,,,,,,,,,,,,,,,,,145511,,,,,,,,,,,,,,,,,,
front_end,,True,kiss_icp_odometry,,,,,,,,,,,,,,,,,,,,,145533,,,,,,,,,,,,,,,,,,
front_end,,True,kiss_icp_odometry,,,,,,,,,,,,,,,,,,,,,145555,,,,,,,,,,,,,,,,,,
front_end,,True,kiss_icp_odometry,,,,,,,,,,,,,,,,,,,,,145579,,,,,,,,,,,,,,,,,,
front_end,,True,kiss_icp_odometry,,,,,,,,,,,,,,,,,,,,,145598,,,,,,,,,,,,,,,,,,
front_end,,True,kiss_icp_odometry,,,,,,,,,,,,,,,,,,,,,145624,,,,,,,,,,,,,,,,,,
front_end,,True,kiss_icp_odometry,,,,,,,,,,,,,,,,,,,,,145665,,,,,,,,,,,,,,,,,,
front_end,,True,kiss_icp_odometry,,,,,,,,,,,,,,,,,,,,,145687,,,,,,,,,,,,,,,,,,
front_end,,True,kiss_icp_odometry,,,,,,,,,,,,,,,,,,,,,145705,,,,,,,,,,,,,,,,,,
front_end,,True,kiss_icp_odometry,,,,,,,,,,,,,,,,,,,,,145751,,,,,,,,,,,,,,,,,,
front_end,,True,kiss_icp_odometry,,,,,,,,,,,,,,,,,,,,,145765,,,,,,,,,,,,,,,,,,
front_end,,True,kiss_icp_odometry,,,,,,,,,,,,,,,,,,,,,145779,,,,,,,,,,,,,,,,,,
front_end,,True,kiss_icp_odometry,,,,,,,,,,,,,,,,,,,,,145803,,,,,,,,,,,,,,,,,,
front_end,,True,kiss_icp_odometry,,,,,,,,,,,,,,,,,,,,,145832,,,,,,,,,,,,,,,,,,
front_end,,True,kiss_icp_odometry,,,,,,,,,,,,,,,,,,,,,145864,,,,,,,,,,,,,,,,,,
front_end,,True,kiss_icp_odometry,,,,,,,,,,,,,,,,,,,,,145915,,,,,,,,,,,,,,,,,,
front_end,,True,kiss_icp_odometry,,,,,,,,,,,,,,,,,,,,,145981,,,,,,,,,,,,,,,,,,
front_end,,True,kiss_icp_odometry,,,,,,,,,,,,,,,,,,,,,146004,,,,,,,,,,,,,,,,,,
front_end,,True,kiss_icp_odometry,,,,,,,,,,,,,,,,,,,,,146043,,,,,,,,,,,,,,,,,,
front_end,,True,kiss_icp_odometry,,,,,,,,,,,,,,,,,,,,,146060,,,,,,,,,,,,,,,,,,
front_end,,True,kiss_icp_odometry,,,,,,,,,,,,,,,,,,,,,146085,,,,,,,,,,,,,,,,,,
front_end,,True,kiss_icp_odometry,,,,,,,,,,,,,,,,,,,,,146111,,,,,,,,,,,,,,,,,,
front_end,,True,kiss_icp_odometry,,,,,,,,,,,,,,,,,,,,,146127,,,,,,,,,,,,,,,,,,
front_end,,True,kiss_icp_odometry,,,,,,,,,,,,,,,,,,,,,146146,,,,,,,,,,,,,,,,,,
front_end,,True,kiss_icp_odometry,,,,,,,,,,,,,,,,,,,,,146163,,,,,,,,,,,,,,,,,,
front_end,,True,kiss_icp_odometry,,,,,,,,,,,,,,,,,,,,,146177,,,,,,,,,,,,,,,,,,
front_end,,True,kiss_icp_odometry,,,,,,,,,,,,,,,,,,,,,146197,,,,,,,,,,,,,,,,,,
front_end,,True,kiss_icp_odometry,,,,,,,,,,,,,,,,,,,,,146229,,,,,,,,,,,,,,,,,,
front_end,,True,kiss_icp_odometry,,,,,,,,,,,,,,,,,,,,,146258,,,,,,,,,,,,,,,,,,
front_end,,True,kiss_icp_odometry,,,,,,,,,,,,,,,,,,,,,146287,,,,,,,,,,,,,,,,,,
front_end,,True,kiss_icp_odometry,,,,,,,,,,,,,,,,,,,,,146311,,,,,,,,,,,,,,,,,,
front_end,,True,kiss_icp_odometry,,,,,,,,,,,,,,,,,,,,,146329,,,,,,,,,,,,,,,,,,
front_end,,True,kiss_icp_odometry,,,,,,,,,,,,,,,,,,,,,146349,,,,,,,,,,,,,,,,,,
front_end,,True,kiss_icp_odometry,,,,,,,,,,,,,,,,,,,,,146363,,,,,,,,,,,,,,,,,,
front_end,,True,kiss_icp_odometry,,,,,,,,,,,,,,,,,,,,,146376,,,,,,,,,,,,,,,,,,
front_end,,True,kiss_icp_odometry,,,,,,,,,,,,,,,,,,,,,146398,,,,,,,,,,,,,,,,,,
front_end,,True,kiss_icp_odometry,,,,,,,,,,,,,,,,,,,,,146412,,,,,,,,,,,,,,,,,,
front_end,,True,kiss_icp_odometry,,,,,,,,,,,,,,,,,,,,,146422,,,,,,,,,,,,,,,,,,
front_end,,True,kiss_icp_odometry,,,,,,,,,,,,,,,,,,,,,146431,,,,,,,,,,,,,,,,,,
front_end,,True,kiss_icp_odometry,,,,,,,,,,,,,,,,,,,,,146440,,,,,,,,,,,,,,,,,,
front_end,,True,kiss_icp_odometry,,,,,,,,,,,,,,,,,,,,,146455,,,,,,,,,,,,,,,,,,
front_end,,True,kiss_icp_odometry,,,,,,,,,,,,,,,,,,,,,146465,,,,,,,,,,,,,,,,,,
front_end,,True,kiss_icp_odometry,,,,,,,,,,,,,,,,,,,,,146470,,,,,,,,,,,,,,,,,,
front_end,,True,kiss_icp_odometry,,,,,,,,,,,,,,,,,,,,,146484,,,,,,,,,,,,,,,,,,
front_end,,True,kiss_icp_odometry,,,,,,,,,,,,,,,,,,,,,146495,,,,,,,,,,,,,,,,,,
front_end,,True,kiss_icp_odometry,,,,,,,,,,,,,,,,,,,,,146502,,,,,,,,,,,,,,,,,,
front_end,,True,kiss_icp_odometry,,,,,,,,,,,,,,,,,,,,,146514,,,,,,,,,,,,,,,,,,
front_end,,True,kiss_icp_odometry,,,,,,,,,,,,,,,,,,,,,146529,,,,,,,,,,,,,,,,,,
front_end,,True,kiss_icp_odometry,,,,,,,,,,,,,,,,,,,,,146537,,,,,,,,,,,,,,,,,,
front_end,,True,kiss_icp_odometry,,,,,,,,,,,,,,,,,,,,,146628,,,,,,,,,,,,,,,,,,
front_end,,True,kiss_icp_odometry,,,,,,,,,,,,,,,,,,,,,146643,,,,,,,,,,,,,,,,,,
front_end,,True,kiss_icp_odometry,,,,,,,,,,,,,,,,,,,,,146663,,,,,,,,,,,,,,,,,,
front_end,,True,kiss_icp_odometry,,,,,,,,,,,,,,,,,,,,,146758,,,,,,,,,,,,,,,,,,
front_end,,True,kiss_icp_odometry,,,,,,,,,,,,,,,,,,,,,146774,,,,,,,,,,,,,,,,,,
front_end,,True,kiss_icp_odometry,,,,,,,,,,,,,,,,,,,,,146900,,,,,,,,,,,,,,,,,,
front_end,,True,kiss_icp_odometry,,,,,,,,,,,,,,,,,,,,,146915,,,,,,,,,,,,,,,,,,
front_end,,True,kiss_icp_odometry,,,,,,,,,,,,,,,,,,,,,146935,,,,,,,,,,,,,,,,,,
front_end,,True,kiss_icp_odometry,,,,,,,,,,,,,,,,,,,,,147243,,,,,,,,,,,,,,,,,,
front_end,,True,kiss_icp_odometry,,,,,,,,,,,,,,,,,,,,,147283,,,,,,,,,,,,,,,,,,
optimized_backend,,,,,,,13.585517997853458,,,,,,,,,,,,,,,,,,,,,,,,,,,,39,38,0,0.10390300303697586,0.0,0.0,pose_graph,False
front_end,,True,kiss_icp_odometry,,,,,,,,,,,,,,,,,,,,,147321,,,,,,,,,,,,,,,,,,
front_end,,True,kiss_icp_odometry,,,,,,,,,,,,,,,,,,,,,147510,,,,,,,,,,,,,,,,,,
front_end,,True,kiss_icp_odometry,,,,,,,,,,,,,,,,,,,,,147578,,,,,,,,,,,,,,,,,,
front_end,,True,kiss_icp_odometry,,,,,,,,,,,,,,,,,,,,,147596,,,,,,,,,,,,,,,,,,
front_end,,True,kiss_icp_odometry,,,,,,,,,,,,,,,,,,,,,147670,,,,,,,,,,,,,,,,,,
front_end,,True,kiss_icp_odometry,,,,,,,,,,,,,,,,,,,,,147701,,,,,,,,,,,,,,,,,,
front_end,,True,kiss_icp_odometry,,,,,,,,,,,,,,,,,,,,,147713,,,,,,,,,,,,,,,,,,
front_end,,True,kiss_icp_odometry,,,,,,,,,,,,,,,,,,,,,147753,,,,,,,,,,,,,,,,,,
front_end,,True,kiss_icp_odometry,,,,,,,,,,,,,,,,,,,,,147766,,,,,,,,,,,,,,,,,,
front_end,,True,kiss_icp_odometry,,,,,,,,,,,,,,,,,,,,,147801,,,,,,,,,,,,,,,,,,
front_end,,True,kiss_icp_odometry,,,,,,,,,,,,,,,,,,,,,147842,,,,,,,,,,,,,,,,,,
front_end,,True,kiss_icp_odometry,,,,,,,,,,,,,,,,,,,,,147876,,,,,,,,,,,,,,,,,,
front_end,,True,kiss_icp_odometry,,,,,,,,,,,,,,,,,,,,,147916,,,,,,,,,,,,,,,,,,
front_end,,True,kiss_icp_odometry,,,,,,,,,,,,,,,,,,,,,147968,,,,,,,,,,,,,,,,,,
front_end,,True,kiss_icp_odometry,,,,,,,,,,,,,,,,,,,,,147990,,,,,,,,,,,,,,,,,,
front_end,,True,kiss_icp_odometry,,,,,,,,,,,,,,,,,,,,,148013,,,,,,,,,,,,,,,,,,
front_end,,True,kiss_icp_odometry,,,,,,,,,,,,,,,,,,,,,148070,,,,,,,,,,,,,,,,,,
front_end,,True,kiss_icp_odometry,,,,,,,,,,,,,,,,,,,,,148108,,,,,,,,,,,,,,,,,,
front_end,,True,kiss_icp_odometry,,,,,,,,,,,,,,,,,,,,,148131,,,,,,,,,,,,,,,,,,
front_end,,True,kiss_icp_odometry,,,,,,,,,,,,,,,,,,,,,148166,,,,,,,,,,,,,,,,,,
front_end,,True,kiss_icp_odometry,,,,,,,,,,,,,,,,,,,,,148213,,,,,,,,,,,,,,,,,,
front_end,,True,kiss_icp_odometry,,,,,,,,,,,,,,,,,,,,,148235,,,,,,,,,,,,,,,,,,
front_end,,True,kiss_icp_odometry,,,,,,,,,,,,,,,,,,,,,148296,,,,,,,,,,,,,,,,,,
front_end,,True,kiss_icp_odometry,,,,,,,,,,,,,,,,,,,,,148330,,,,,,,,,,,,,,,,,,
front_end,,True,kiss_icp_odometry,,,,,,,,,,,,,,,,,,,,,148364,,,,,,,,,,,,,,,,,,
front_end,,True,kiss_icp_odometry,,,,,,,,,,,,,,,,,,,,,148400,,,,,,,,,,,,,,,,,,
front_end,,True,kiss_icp_odometry,,,,,,,,,,,,,,,,,,,,,148495,,,,,,,,,,,,,,,,,,
front_end,,True,kiss_icp_odometry,,,,,,,,,,,,,,,,,,,,,148495,,,,,,,,,,,,,,,,,,
front_end,,True,kiss_icp_odometry,,,,,,,,,,,,,,,,,,,,,148537,,,,,,,,,,,,,,,,,,
front_end,,True,kiss_icp_odometry,,,,,,,,,,,,,,,,,,,,,148574,,,,,,,,,,,,,,,,,,
front_end,,True,kiss_icp_odometry,,,,,,,,,,,,,,,,,,,,,148603,,,,,,,,,,,,,,,,,,
front_end,,True,kiss_icp_odometry,,,,,,,,,,,,,,,,,,,,,148659,,,,,,,,,,,,,,,,,,
front_end,,True,kiss_icp_odometry,,,,,,,,,,,,,,,,,,,,,148702,,,,,,,,,,,,,,,,,,
front_end,,True,kiss_icp_odometry,,,,,,,,,,,,,,,,,,,,,148746,,,,,,,,,,,,,,,,,,
front_end,,True,kiss_icp_odometry,,,,,,,,,,,,,,,,,,,,,148806,,,,,,,,,,,,,,,,,,
front_end,,True,kiss_icp_odometry,,,,,,,,,,,,,,,,,,,,,148841,,,,,,,,,,,,,,,,,,
front_end,,True,kiss_icp_odometry,,,,,,,,,,,,,,,,,,,,,148887,,,,,,,,,,,,,,,,,,
front_end,,True,kiss_icp_odometry,,,,,,,,,,,,,,,,,,,,,148931,,,,,,,,,,,,,,,,,,
front_end,,True,kiss_icp_odometry,,,,,,,,,,,,,,,,,,,,,148973,,,,,,,,,,,,,,,,,,
front_end,,True,kiss_icp_odometry,,,,,,,,,,,,,,,,,,,,,149002,,,,,,,,,,,,,,,,,,
front_end,,True,kiss_icp_odometry,,,,,,,,,,,,,,,,,,,,,149044,,,,,,,,,,,,,,,,,,
front_end,,True,kiss_icp_odometry,,,,,,,,,,,,,,,,,,,,,149079,,,,,,,,,,,,,,,,,,
front_end,,True,kiss_icp_odometry,,,,,,,,,,,,,,,,,,,,,149115,,,,,,,,,,,,,,,,,,
front_end,,True,kiss_icp_odometry,,,,,,,,,,,,,,,,,,,,,149143,,,,,,,,,,,,,,,,,,
front_end,,True,kiss_icp_odometry,,,,,,,,,,,,,,,,,,,,,149163,,,,,,,,,,,,,,,,,,
front_end,,True,kiss_icp_odometry,,,,,,,,,,,,,,,,,,,,,149174,,,,,,,,,,,,,,,,,,
optimized_backend,,,,,,,22.393564009689726,,,,,,,,,,,,,,,,,,,,,,,,,,,,40,39,0,0.0017329875845462084,0.0,0.0,pose_graph,False
front_end,,True,kiss_icp_odometry,,,,,,,,,,,,,,,,,,,,,149202,,,,,,,,,,,,,,,,,,
front_end,,True,kiss_icp_odometry,,,,,,,,,,,,,,,,,,,,,149241,,,,,,,,,,,,,,,,,,
front_end,,True,kiss_icp_odometry,,,,,,,,,,,,,,,,,,,,,149262,,,,,,,,,,,,,,,,,,
front_end,,True,kiss_icp_odometry,,,,,,,,,,,,,,,,,,,,,149280,,,,,,,,,,,,,,,,,,
front_end,,True,kiss_icp_odometry,,,,,,,,,,,,,,,,,,,,,149303,,,,,,,,,,,,,,,,,,
front_end,,True,kiss_icp_odometry,,,,,,,,,,,,,,,,,,,,,149337,,,,,,,,,,,,,,,,,,
front_end,,True,kiss_icp_odometry,,,,,,,,,,,,,,,,,,,,,149360,,,,,,,,,,,,,,,,,,
front_end,,True,kiss_icp_odometry,,,,,,,,,,,,,,,,,,,,,149390,,,,,,,,,,,,,,,,,,
front_end,,True,kiss_icp_odometry,,,,,,,,,,,,,,,,,,,,,149429,,,,,,,,,,,,,,,,,,
front_end,,True,kiss_icp_odometry,,,,,,,,,,,,,,,,,,,,,149456,,,,,,,,,,,,,,,,,,
front_end,,True,kiss_icp_odometry,,,,,,,,,,,,,,,,,,,,,149498,,,,,,,,,,,,,,,,,,
front_end,,True,kiss_icp_odometry,,,,,,,,,,,,,,,,,,,,,149547,,,,,,,,,,,,,,,,,,
front_end,,True,kiss_icp_odometry,,,,,,,,,,,,,,,,,,,,,149593,,,,,,,,,,,,,,,,,,
front_end,,True,kiss_icp_odometry,,,,,,,,,,,,,,,,,,,,,149639,,,,,,,,,,,,,,,,,,
front_end,,True,kiss_icp_odometry,,,,,,,,,,,,,,,,,,,,,149685,,,,,,,,,,,,,,,,,,
optimized_backend,,,,,,,41.54884599847719,,,,,,,,,,,,,,,,,,,,,,,,,,,,41,40,0,0.14541999553330243,0.0,8.02732199372258,pose_graph,False
front_end,,True,kiss_icp_odometry,,,,,,,,,,,,,,,,,,,,,149728,,,,,,,,,,,,,,,,,,
front_end,,True,kiss_icp_odometry,,,,,,,,,,,,,,,,,,,,,149754,,,,,,,,,,,,,,,,,,
front_end,,True,kiss_icp_odometry,,,,,,,,,,,,,,,,,,,,,149800,,,,,,,,,,,,,,,,,,
front_end,,True,kiss_icp_odometry,,,,,,,,,,,,,,,,,,,,,149841,,,,,,,,,,,,,,,,,,
front_end,,True,kiss_icp_odometry,,,,,,,,,,,,,,,,,,,,,149873,,,,,,,,,,,,,,,,,,
front_end,,True,kiss_icp_odometry,,,,,,,,,,,,,,,,,,,,,149912,,,,,,,,,,,,,,,,,,
front_end,,True,kiss_icp_odometry,,,,,,,,,,,,,,,,,,,,,149956,,,,,,,,,,,,,,,,,,
optimized_backend,,,,,,,26.979967995430343,,,,,,,,,,,,,,,,,,,,,,,,,,,,42,41,0,0.002315005986019969,0.0,0.0,pose_graph,False
front_end,,True,kiss_icp_odometry,,,,,,,,,,,,,,,,,,,,,149985,,,,,,,,,,,,,,,,,,
front_end,,True,kiss_icp_odometry,,,,,,,,,,,,,,,,,,,,,150025,,,,,,,,,,,,,,,,,,
front_end,,True,kiss_icp_odometry,,,,,,,,,,,,,,,,,,,,,150044,,,,,,,,,,,,,,,,,,
front_end,,True,kiss_icp_odometry,,,,,,,,,,,,,,,,,,,,,150078,,,,,,,,,,,,,,,,,,
optimized_backend,,,,,,,18.128642012015916,,,,,,,,,,,,,,,,,,,,,,,,,,,,43,42,0,0.13053299335297197,0.0,0.0,pose_graph,False
front_end,,True,kiss_icp_odometry,,,,,,,,,,,,,,,,,,,,,150109,,,,,,,,,,,,,,,,,,
front_end,,True,kiss_icp_odometry,,,,,,,,,,,,,,,,,,,,,150147,,,,,,,,,,,,,,,,,,
front_end,,True,kiss_icp_odometry,,,,,,,,,,,,,,,,,,,,,150180,,,,,,,,,,,,,,,,,,
front_end,,True,kiss_icp_odometry,,,,,,,,,,,,,,,,,,,,,150216,,,,,,,,,,,,,,,,,,
front_end,,True,kiss_icp_odometry,,,,,,,,,,,,,,,,,,,,,150246,,,,,,,,,,,,,,,,,,
front_end,,True,kiss_icp_odometry,,,,,,,,,,,,,,,,,,,,,150285,,,,,,,,,,,,,,,,,,
optimized_backend,,,,,,,22.774605997256003,,,,,,,,,,,,,,,,,,,,,,,,,,,,44,43,0,0.002173997927457094,0.0,0.0,pose_graph,False
front_end,,True,kiss_icp_odometry,,,,,,,,,,,,,,,,,,,,,150319,,,,,,,,,,,,,,,,,,
front_end,,True,kiss_icp_odometry,,,,,,,,,,,,,,,,,,,,,150351,,,,,,,,,,,,,,,,,,
front_end,,True,kiss_icp_odometry,,,,,,,,,,,,,,,,,,,,,150385,,,,,,,,,,,,,,,,,,
front_end,,True,kiss_icp_odometry,,,,,,,,,,,,,,,,,,,,,150426,,,,,,,,,,,,,,,,,,
front_end,,True,kiss_icp_odometry,,,,,,,,,,,,,,,,,,,,,150458,,,,,,,,,,,,,,,,,,
optimized_backend,,,,,,,19.58644500700757,,,,,,,,,,,,,,,,,,,,,,,,,,,,45,44,0,0.13460000627674162,0.0,0.0,pose_graph,False
front_end,,True,kiss_icp_odometry,,,,,,,,,,,,,,,,,,,,,150493,,,,,,,,,,,,,,,,,,
front_end,,True,kiss_icp_odometry,,,,,,,,,,,,,,,,,,,,,150539,,,,,,,,,,,,,,,,,,
front_end,,True,kiss_icp_odometry,,,,,,,,,,,,,,,,,,,,,150585,,,,,,,,,,,,,,,,,,
front_end,,True,kiss_icp_odometry,,,,,,,,,,,,,,,,,,,,,150639,,,,,,,,,,,,,,,,,,
front_end,,True,kiss_icp_odometry,,,,,,,,,,,,,,,,,,,,,150695,,,,,,,,,,,,,,,,,,
optimized_backend,,,,,,,23.852580998209305,,,,,,,,,,,,,,,,,,,,,,,,,,,,46,45,0,0.0018840073607861996,0.0,0.0,pose_graph,False
front_end,,True,kiss_icp_odometry,,,,,,,,,,,,,,,,,,,,,150733,,,,,,,,,,,,,,,,,,
front_end,,True,kiss_icp_odometry,,,,,,,,,,,,,,,,,,,,,150778,,,,,,,,,,,,,,,,,,
front_end,,True,kiss_icp_odometry,,,,,,,,,,,,,,,,,,,,,150818,,,,,,,,,,,,,,,,,,
front_end,,True,kiss_icp_odometry,,,,,,,,,,,,,,,,,,,,,150849,,,,,,,,,,,,,,,,,,
front_end,,True,kiss_icp_odometry,,,,,,,,,,,,,,,,,,,,,150898,,,,,,,,,,,,,,,,,,
front_end,,True,kiss_icp_odometry,,,,,,,,,,,,,,,,,,,,,150936,,,,,,,,,,,,,,,,,,
optimized_backend,,,,,,,44.470898996223696,,,,,,,,,,,,,,,,,,,,,,,,,,,,47,46,0,0.2181960007874295,0.0,0.0,pose_graph,False
front_end,,True,kiss_icp_odometry,,,,,,,,,,,,,,,,,,,,,150964,,,,,,,,,,,,,,,,,,
front_end,,True,kiss_icp_odometry,,,,,,,,,,,,,,,,,,,,,151036,,,,,,,,,,,,,,,,,,
front_end,,True,kiss_icp_odometry,,,,,,,,,,,,,,,,,,,,,151067,,,,,,,,,,,,,,,,,,
front_end,,True,kiss_icp_odometry,,,,,,,,,,,,,,,,,,,,,151126,,,,,,,,,,,,,,,,,,
front_end,,True,kiss_icp_odometry,,,,,,,,,,,,,,,,,,,,,151156,,,,,,,,,,,,,,,,,,
front_end,,True,kiss_icp_odometry,,,,,,,,,,,,,,,,,,,,,151203,,,,,,,,,,,,,,,,,,
front_end,,True,kiss_icp_odometry,,,,,,,,,,,,,,,,,,,,,151227,,,,,,,,,,,,,,,,,,
front_end,,True,kiss_icp_odometry,,,,,,,,,,,,,,,,,,,,,151266,,,,,,,,,,,,,,,,,,
optimized_backend,,,,,,,18.687474002945237,,,,,,,,,,,,,,,,,,,,,,,,,,,,48,47,0,0.0017040001694113016,0.0,0.0,pose_graph,False
front_end,,True,kiss_icp_odometry,,,,,,,,,,,,,,,,,,,,,151304,,,,,,,,,,,,,,,,,,
front_end,,True,kiss_icp_odometry,,,,,,,,,,,,,,,,,,,,,151353,,,,,,,,,,,,,,,,,,
front_end,,True,kiss_icp_odometry,,,,,,,,,,,,,,,,,,,,,151395,,,,,,,,,,,,,,,,,,
front_end,,True,kiss_icp_odometry,,,,,,,,,,,,,,,,,,,,,151453,,,,,,,,,,,,,,,,,,
front_end,,True,kiss_icp_odometry,,,,,,,,,,,,,,,,,,,,,151476,,,,,,,,,,,,,,,,,,
optimized_backend,,,,,,,15.649223001673818,,,,,,,,,,,,,,,,,,,,,,,,,,,,49,48,0,0.17425400437787175,0.0,0.0,pose_graph,False
front_end,,True,kiss_icp_odometry,,,,,,,,,,,,,,,,,,,,,151493,,,,,,,,,,,,,,,,,,
front_end,,True,kiss_icp_odometry,,,,,,,,,,,,,,,,,,,,,151523,,,,,,,,,,,,,,,,,,
front_end,,True,kiss_icp_odometry,,,,,,,,,,,,,,,,,,,,,151537,,,,,,,,,,,,,,,,,,
optimized_backend,,,,,,,28.238942992174998,,,,,,,,,,,,,,,,,,,,,,,,,,,,50,49,0,0.0026149937184527516,0.0,0.0,pose_graph,False
front_end,,True,kiss_icp_odometry,,,,,,,,,,,,,,,,,,,,,151567,,,,,,,,,,,,,,,,,,
front_end,,True,kiss_icp_odometry,,,,,,,,,,,,,,,,,,,,,151599,,,,,,,,,,,,,,,,,,
front_end,,True,kiss_icp_odometry,,,,,,,,,,,,,,,,,,,,,151610,,,,,,,,,,,,,,,,,,
front_end,,True,kiss_icp_odometry,,,,,,,,,,,,,,,,,,,,,151629,,,,,,,,,,,,,,,,,,
front_end,,True,kiss_icp_odometry,,,,,,,,,,,,,,,,,,,,,151656,,,,,,,,,,,,,,,,,,
front_end,,True,kiss_icp_odometry,,,,,,,,,,,,,,,,,,,,,151668,,,,,,,,,,,,,,,,,,
front_end,,True,kiss_icp_odometry,,,,,,,,,,,,,,,,,,,,,151690,,,,,,,,,,,,,,,,,,
front_end,,True,kiss_icp_odometry,,,,,,,,,,,,,,,,,,,,,151692,,,,,,,,,,,,,,,,,,
front_end,,True,kiss_icp_odometry,,,,,,,,,,,,,,,,,,,,,151704,,,,,,,,,,,,,,,,,,
front_end,,True,kiss_icp_odometry,,,,,,,,,,,,,,,,,,,,,151712,,,,,,,,,,,,,,,,,,
front_end,,True,kiss_icp_odometry,,,,,,,,,,,,,,,,,,,,,151720,,,,,,,,,,,,,,,,,,
front_end,,True,kiss_icp_odometry,,,,,,,,,,,,,,,,,,,,,151724,,,,,,,,,,,,,,,,,,
front_end,,True,kiss_icp_odometry,,,,,,,,,,,,,,,,,,,,,151730,,,,,,,,,,,,,,,,,,
optimized_backend,,,,,,,36.39401699183509,,,,,,,,,,,,,,,,,,,,,,,,,,,,51,50,0,0.16460599726997316,0.0,11.007417997461744,pose_graph,False
front_end,,True,kiss_icp_odometry,,,,,,,,,,,,,,,,,,,,,151741,,,,,,,,,,,,,,,,,,
front_end,,True,kiss_icp_odometry,,,,,,,,,,,,,,,,,,,,,151751,,,,,,,,,,,,,,,,,,
front_end,,True,kiss_icp_odometry,,,,,,,,,,,,,,,,,,,,,151760,,,,,,,,,,,,,,,,,,
front_end,,True,kiss_icp_odometry,,,,,,,,,,,,,,,,,,,,,151768,,,,,,,,,,,,,,,,,,
front_end,,True,kiss_icp_odometry,,,,,,,,,,,,,,,,,,,,,151771,,,,,,,,,,,,,,,,,,
front_end,,True,kiss_icp_odometry,,,,,,,,,,,,,,,,,,,,,151781,,,,,,,,,,,,,,,,,,
front_end,,True,kiss_icp_odometry,,,,,,,,,,,,,,,,,,,,,151790,,,,,,,,,,,,,,,,,,
front_end,,True,kiss_icp_odometry,,,,,,,,,,,,,,,,,,,,,151797,,,,,,,,,,,,,,,,,,
front_end,,True,kiss_icp_odometry,,,,,,,,,,,,,,,,,,,,,151804,,,,,,,,,,,,,,,,,,
front_end,,True,kiss_icp_odometry,,,,,,,,,,,,,,,,,,,,,151811,,,,,,,,,,,,,,,,,,
front_end,,True,kiss_icp_odometry,,,,,,,,,,,,,,,,,,,,,151820,,,,,,,,,,,,,,,,,,
front_end,,True,kiss_icp_odometry,,,,,,,,,,,,,,,,,,,,,151834,,,,,,,,,,,,,,,,,,
front_end,,True,kiss_icp_odometry,,,,,,,,,,,,,,,,,,,,,151835,,,,,,,,,,,,,,,,,,
front_end,,True,kiss_icp_odometry,,,,,,,,,,,,,,,,,,,,,151859,,,,,,,,,,,,,,,,,,
front_end,,True,kiss_icp_odometry,,,,,,,,,,,,,,,,,,,,,151866,,,,,,,,,,,,,,,,,,
front_end,,True,kiss_icp_odometry,,,,,,,,,,,,,,,,,,,,,151871,,,,,,,,,,,,,,,,,,
front_end,,True,kiss_icp_odometry,,,,,,,,,,,,,,,,,,,,,151886,,,,,,,,,,,,,,,,,,
front_end,,True,kiss_icp_odometry,,,,,,,,,,,,,,,,,,,,,151888,,,,,,,,,,,,,,,,,,
front_end,,True,kiss_icp_odometry,,,,,,,,,,,,,,,,,,,,,151899,,,,,,,,,,,,,,,,,,
front_end,,True,kiss_icp_odometry,,,,,,,,,,,,,,,,,,,,,151912,,,,,,,,,,,,,,,,,,
front_end,,True,kiss_icp_odometry,,,,,,,,,,,,,,,,,,,,,151916,,,,,,,,,,,,,,,,,,
front_end,,True,kiss_icp_odometry,,,,,,,,,,,,,,,,,,,,,151923,,,,,,,,,,,,,,,,,,
front_end,,True,kiss_icp_odometry,,,,,,,,,,,,,,,,,,,,,151932,,,,,,,,,,,,,,,,,,
front_end,,True,kiss_icp_odometry,,,,,,,,,,,,,,,,,,,,,151942,,,,,,,,,,,,,,,,,,
optimized_backend,,,,,,,25.80555999884382,,,,,,,,,,,,,,,,,,,,,,,,,,,,52,51,0,0.002064000000245869,0.0,0.0,pose_graph,False
front_end,,True,kiss_icp_odometry,,,,,,,,,,,,,,,,,,,,,151957,,,,,,,,,,,,,,,,,,
front_end,,True,kiss_icp_odometry,,,,,,,,,,,,,,,,,,,,,151964,,,,,,,,,,,,,,,,,,
front_end,,True,kiss_icp_odometry,,,,,,,,,,,,,,,,,,,,,151972,,,,,,,,,,,,,,,,,,
front_end,,True,kiss_icp_odometry,,,,,,,,,,,,,,,,,,,,,151981,,,,,,,,,,,,,,,,,,
front_end,,True,kiss_icp_odometry,,,,,,,,,,,,,,,,,,,,,151987,,,,,,,,,,,,,,,,,,
front_end,,True,kiss_icp_odometry,,,,,,,,,,,,,,,,,,,,,151996,,,,,,,,,,,,,,,,,,
front_end,,True,kiss_icp_odometry,,,,,,,,,,,,,,,,,,,,,152001,,,,,,,,,,,,,,,,,,
optimized_backend,,,,,,,16.077412001322955,,,,,,,,,,,,,,,,,,,,,,,,,,,,53,52,0,0.2084880106849596,0.0,0.0,pose_graph,False
front_end,,True,kiss_icp_odometry,,,,,,,,,,,,,,,,,,,,,152010,,,,,,,,,,,,,,,,,,
front_end,,True,kiss_icp_odometry,,,,,,,,,,,,,,,,,,,,,152021,,,,,,,,,,,,,,,,,,
front_end,,True,kiss_icp_odometry,,,,,,,,,,,,,,,,,,,,,152030,,,,,,,,,,,,,,,,,,
front_end,,True,kiss_icp_odometry,,,,,,,,,,,,,,,,,,,,,152036,,,,,,,,,,,,,,,,,,
front_end,,True,kiss_icp_odometry,,,,,,,,,,,,,,,,,,,,,152040,,,,,,,,,,,,,,,,,,
front_end,,True,kiss_icp_odometry,,,,,,,,,,,,,,,,,,,,,152047,,,,,,,,,,,,,,,,,,
front_end,,True,kiss_icp_odometry,,,,,,,,,,,,,,,,,,,,,152055,,,,,,,,,,,,,,,,,,
front_end,,True,kiss_icp_odometry,,,,,,,,,,,,,,,,,,,,,152064,,,,,,,,,,,,,,,,,,
front_end,,True,kiss_icp_odometry,,,,,,,,,,,,,,,,,,,,,152073,,,,,,,,,,,,,,,,,,
front_end,,True,kiss_icp_odometry,,,,,,,,,,,,,,,,,,,,,152079,,,,,,,,,,,,,,,,,,
front_end,,True,kiss_icp_odometry,,,,,,,,,,,,,,,,,,,,,152090,,,,,,,,,,,,,,,,,,
front_end,,True,kiss_icp_odometry,,,,,,,,,,,,,,,,,,,,,152117,,,,,,,,,,,,,,,,,,
front_end,,True,kiss_icp_odometry,,,,,,,,,,,,,,,,,,,,,152166,,,,,,,,,,,,,,,,,,
front_end,,True,kiss_icp_odometry,,,,,,,,,,,,,,,,,,,,,152175,,,,,,,,,,,,,,,,,,
front_end,,True,kiss_icp_odometry,,,,,,,,,,,,,,,,,,,,,152181,,,,,,,,,,,,,,,,,,
front_end,,True,kiss_icp_odometry,,,,,,,,,,,,,,,,,,,,,152188,,,,,,,,,,,,,,,,,,
front_end,,True,kiss_icp_odometry,,,,,,,,,,,,,,,,,,,,,152194,,,,,,,,,,,,,,,,,,
front_end,,True,kiss_icp_odometry,,,,,,,,,,,,,,,,,,,,,152199,,,,,,,,,,,,,,,,,,
front_end,,True,kiss_icp_odometry,,,,,,,,,,,,,,,,,,,,,152211,,,,,,,,,,,,,,,,,,
front_end,,True,kiss_icp_odometry,,,,,,,,,,,,,,,,,,,,,152215,,,,,,,,,,,,,,,,,,
front_end,,True,kiss_icp_odometry,,,,,,,,,,,,,,,,,,,,,152219,,,,,,,,,,,,,,,,,,
front_end,,True,kiss_icp_odometry,,,,,,,,,,,,,,,,,,,,,152223,,,,,,,,,,,,,,,,,,
front_end,,True,kiss_icp_odometry,,,,,,,,,,,,,,,,,,,,,152228,,,,,,,,,,,,,,,,,,
front_end,,True,kiss_icp_odometry,,,,,,,,,,,,,,,,,,,,,152232,,,,,,,,,,,,,,,,,,
front_end,,True,kiss_icp_odometry,,,,,,,,,,,,,,,,,,,,,152236,,,,,,,,,,,,,,,,,,
front_end,,True,kiss_icp_odometry,,,,,,,,,,,,,,,,,,,,,152241,,,,,,,,,,,,,,,,,,
front_end,,True,kiss_icp_odometry,,,,,,,,,,,,,,,,,,,,,152244,,,,,,,,,,,,,,,,,,
front_end,,True,kiss_icp_odometry,,,,,,,,,,,,,,,,,,,,,152247,,,,,,,,,,,,,,,,,,
front_end,,True,kiss_icp_odometry,,,,,,,,,,,,,,,,,,,,,152250,,,,,,,,,,,,,,,,,,
front_end,,True,kiss_icp_odometry,,,,,,,,,,,,,,,,,,,,,152252,,,,,,,,,,,,,,,,,,
front_end,,True,kiss_icp_odometry,,,,,,,,,,,,,,,,,,,,,152253,,,,,,,,,,,,,,,,,,
front_end,,True,kiss_icp_odometry,,,,,,,,,,,,,,,,,,,,,152255,,,,,,,,,,,,,,,,,,
front_end,,True,kiss_icp_odometry,,,,,,,,,,,,,,,,,,,,,152259,,,,,,,,,,,,,,,,,,
front_end,,True,kiss_icp_odometry,,,,,,,,,,,,,,,,,,,,,152262,,,,,,,,,,,,,,,,,,
front_end,,True,kiss_icp_odometry,,,,,,,,,,,,,,,,,,,,,152270,,,,,,,,,,,,,,,,,,
front_end,,True,kiss_icp_odometry,,,,,,,,,,,,,,,,,,,,,152270,,,,,,,,,,,,,,,,,,
front_end,,True,kiss_icp_odometry,,,,,,,,,,,,,,,,,,,,,152272,,,,,,,,,,,,,,,,,,
front_end,,True,kiss_icp_odometry,,,,,,,,,,,,,,,,,,,,,152273,,,,,,,,,,,,,,,,,,
front_end,,True,kiss_icp_odometry,,,,,,,,,,,,,,,,,,,,,152284,,,,,,,,,,,,,,,,,,
front_end,,True,kiss_icp_odometry,,,,,,,,,,,,,,,,,,,,,152286,,,,,,,,,,,,,,,,,,
front_end,,True,kiss_icp_odometry,,,,,,,,,,,,,,,,,,,,,152288,,,,,,,,,,,,,,,,,,
front_end,,True,kiss_icp_odometry,,,,,,,,,,,,,,,,,,,,,152291,,,,,,,,,,,,,,,,,,
front_end,,True,kiss_icp_odometry,,,,,,,,,,,,,,,,,,,,,152291,,,,,,,,,,,,,,,,,,
front_end,,True,kiss_icp_odometry,,,,,,,,,,,,,,,,,,,,,152299,,,,,,,,,,,,,,,,,,
front_end,,True,kiss_icp_odometry,,,,,,,,,,,,,,,,,,,,,152300,,,,,,,,,,,,,,,,,,
front_end,,True,kiss_icp_odometry,,,,,,,,,,,,,,,,,,,,,152302,,,,,,,,,,,,,,,,,,
front_end,,True,kiss_icp_odometry,,,,,,,,,,,,,,,,,,,,,152304,,,,,,,,,,,,,,,,,,
front_end,,True,kiss_icp_odometry,,,,,,,,,,,,,,,,,,,,,152306,,,,,,,,,,,,,,,,,,
front_end,,True,kiss_icp_odometry,,,,,,,,,,,,,,,,,,,,,152357,,,,,,,,,,,,,,,,,,
front_end,,True,kiss_icp_odometry,,,,,,,,,,,,,,,,,,,,,152371,,,,,,,,,,,,,,,,,,
front_end,,True,kiss_icp_odometry,,,,,,,,,,,,,,,,,,,,,152382,,,,,,,,,,,,,,,,,,
front_end,,True,kiss_icp_odometry,,,,,,,,,,,,,,,,,,,,,152423,,,,,,,,,,,,,,,,,,
front_end,,True,kiss_icp_odometry,,,,,,,,,,,,,,,,,,,,,152435,,,,,,,,,,,,,,,,,,
front_end,,True,kiss_icp_odometry,,,,,,,,,,,,,,,,,,,,,152482,,,,,,,,,,,,,,,,,,
front_end,,True,kiss_icp_odometry,,,,,,,,,,,,,,,,,,,,,152491,,,,,,,,,,,,,,,,,,
front_end,,True,kiss_icp_odometry,,,,,,,,,,,,,,,,,,,,,152497,,,,,,,,,,,,,,,,,,
front_end,,True,kiss_icp_odometry,,,,,,,,,,,,,,,,,,,,,152506,,,,,,,,,,,,,,,,,,
front_end,,True,kiss_icp_odometry,,,,,,,,,,,,,,,,,,,,,152510,,,,,,,,,,,,,,,,,,
front_end,,True,kiss_icp_odometry,,,,,,,,,,,,,,,,,,,,,152531,,,,,,,,,,,,,,,,,,
front_end,,True,kiss_icp_odometry,,,,,,,,,,,,,,,,,,,,,152533,,,,,,,,,,,,,,,,,,
front_end,,True,kiss_icp_odometry,,,,,,,,,,,,,,,,,,,,,152536,,,,,,,,,,,,,,,,,,
front_end,,True,kiss_icp_odometry,,,,,,,,,,,,,,,,,,,,,152543,,,,,,,,,,,,,,,,,,
front_end,,True,kiss_icp_odometry,,,,,,,,,,,,,,,,,,,,,152555,,,,,,,,,,,,,,,,,,
front_end,,True,kiss_icp_odometry,,,,,,,,,,,,,,,,,,,,,152562,,,,,,,,,,,,,,,,,,
front_end,,True,kiss_icp_odometry,,,,,,,,,,,,,,,,,,,,,152569,,,,,,,,,,,,,,,,,,
front_end,,True,kiss_icp_odometry,,,,,,,,,,,,,,,,,,,,,152574,,,,,,,,,,,,,,,,,,
front_end,,True,kiss_icp_odometry,,,,,,,,,,,,,,,,,,,,,152576,,,,,,,,,,,,,,,,,,
front_end,,True,kiss_icp_odometry,,,,,,,,,,,,,,,,,,,,,152582,,,,,,,,,,,,,,,,,,
front_end,,True,kiss_icp_odometry,,,,,,,,,,,,,,,,,,,,,152583,,,,,,,,,,,,,,,,,,
front_end,,True,kiss_icp_odometry,,,,,,,,,,,,,,,,,,,,,152589,,,,,,,,,,,,,,,,,,
front_end,,True,kiss_icp_odometry,,,,,,,,,,,,,,,,,,,,,152591,,,,,,,,,,,,,,,,,,
front_end,,True,kiss_icp_odometry,,,,,,,,,,,,,,,,,,,,,152597,,,,,,,,,,,,,,,,,,
front_end,,True,kiss_icp_odometry,,,,,,,,,,,,,,,,,,,,,152600,,,,,,,,,,,,,,,,,,
front_end,,True,kiss_icp_odometry,,,,,,,,,,,,,,,,,,,,,152603,,,,,,,,,,,,,,,,,,
front_end,,True,kiss_icp_odometry,,,,,,,,,,,,,,,,,,,,,152603,,,,,,,,,,,,,,,,,,
front_end,,True,kiss_icp_odometry,,,,,,,,,,,,,,,,,,,,,152605,,,,,,,,,,,,,,,,,,
front_end,,True,kiss_icp_odometry,,,,,,,,,,,,,,,,,,,,,152609,,,,,,,,,,,,,,,,,,
front_end,,True,kiss_icp_odometry,,,,,,,,,,,,,,,,,,,,,152612,,,,,,,,,,,,,,,,,,
front_end,,True,kiss_icp_odometry,,,,,,,,,,,,,,,,,,,,,152616,,,,,,,,,,,,,,,,,,
front_end,,True,kiss_icp_odometry,,,,,,,,,,,,,,,,,,,,,152618,,,,,,,,,,,,,,,,,,
front_end,,True,kiss_icp_odometry,,,,,,,,,,,,,,,,,,,,,152620,,,,,,,,,,,,,,,,,,
front_end,,True,kiss_icp_odometry,,,,,,,,,,,,,,,,,,,,,152623,,,,,,,,,,,,,,,,,,
front_end,,True,kiss_icp_odometry,,,,,,,,,,,,,,,,,,,,,152630,,,,,,,,,,,,,,,,,,
front_end,,True,kiss_icp_odometry,,,,,,,,,,,,,,,,,,,,,152632,,,,,,,,,,,,,,,,,,
front_end,,True,kiss_icp_odometry,,,,,,,,,,,,,,,,,,,,,152633,,,,,,,,,,,,,,,,,,
front_end,,True,kiss_icp_odometry,,,,,,,,,,,,,,,,,,,,,152636,,,,,,,,,,,,,,,,,,
front_end,,True,kiss_icp_odometry,,,,,,,,,,,,,,,,,,,,,152643,,,,,,,,,,,,,,,,,,
front_end,,True,kiss_icp_odometry,,,,,,,,,,,,,,,,,,,,,152647,,,,,,,,,,,,,,,,,,
front_end,,True,kiss_icp_odometry,,,,,,,,,,,,,,,,,,,,,152659,,,,,,,,,,,,,,,,,,
front_end,,True,kiss_icp_odometry,,,,,,,,,,,,,,,,,,,,,152662,,,,,,,,,,,,,,,,,,
front_end,,True,kiss_icp_odometry,,,,,,,,,,,,,,,,,,,,,152703,,,,,,,,,,,,,,,,,,
front_end,,True,kiss_icp_odometry,,,,,,,,,,,,,,,,,,,,,152718,,,,,,,,,,,,,,,,,,
front_end,,True,kiss_icp_odometry,,,,,,,,,,,,,,,,,,,,,152727,,,,,,,,,,,,,,,,,,
front_end,,True,kiss_icp_odometry,,,,,,,,,,,,,,,,,,,,,152739,,,,,,,,,,,,,,,,,,
front_end,,True,kiss_icp_odometry,,,,,,,,,,,,,,,,,,,,,152754,,,,,,,,,,,,,,,,,,
front_end,,True,kiss_icp_odometry,,,,,,,,,,,,,,,,,,,,,152766,,,,,,,,,,,,,,,,,,
front_end,,True,kiss_icp_odometry,,,,,,,,,,,,,,,,,,,,,152779,,,,,,,,,,,,,,,,,,
front_end,,True,kiss_icp_odometry,,,,,,,,,,,,,,,,,,,,,152784,,,,,,,,,,,,,,,,,,
front_end,,True,kiss_icp_odometry,,,,,,,,,,,,,,,,,,,,,152797,,,,,,,,,,,,,,,,,,
front_end,,True,kiss_icp_odometry,,,,,,,,,,,,,,,,,,,,,152803,,,,,,,,,,,,,,,,,,
front_end,,True,kiss_icp_odometry,,,,,,,,,,,,,,,,,,,,,152812,,,,,,,,,,,,,,,,,,
front_end,,True,kiss_icp_odometry,,,,,,,,,,,,,,,,,,,,,152832,,,,,,,,,,,,,,,,,,
front_end,,True,kiss_icp_odometry,,,,,,,,,,,,,,,,,,,,,152853,,,,,,,,,,,,,,,,,,
front_end,,True,kiss_icp_odometry,,,,,,,,,,,,,,,,,,,,,152883,,,,,,,,,,,,,,,,,,
front_end,,True,kiss_icp_odometry,,,,,,,,,,,,,,,,,,,,,152905,,,,,,,,,,,,,,,,,,
front_end,,True,kiss_icp_odometry,,,,,,,,,,,,,,,,,,,,,152934,,,,,,,,,,,,,,,,,,
front_end,,True,kiss_icp_odometry,,,,,,,,,,,,,,,,,,,,,152964,,,,,,,,,,,,,,,,,,
front_end,,True,kiss_icp_odometry,,,,,,,,,,,,,,,,,,,,,152980,,,,,,,,,,,,,,,,,,
front_end,,True,kiss_icp_odometry,,,,,,,,,,,,,,,,,,,,,152992,,,,,,,,,,,,,,,,,,
front_end,,True,kiss_icp_odometry,,,,,,,,,,,,,,,,,,,,,153009,,,,,,,,,,,,,,,,,,
front_end,,True,kiss_icp_odometry,,,,,,,,,,,,,,,,,,,,,153042,,,,,,,,,,,,,,,,,,
front_end,,True,kiss_icp_odometry,,,,,,,,,,,,,,,,,,,,,153077,,,,,,,,,,,,,,,,,,
optimized_backend,,,,,,,28.52750799502246,,,,,,,,,,,,,,,,,,,,,,,,,,,,54,53,0,0.0020339939510449767,0.0,0.0,pose_graph,False
front_end,,True,kiss_icp_odometry,,,,,,,,,,,,,,,,,,,,,153095,,,,,,,,,,,,,,,,,,
front_end,,True,kiss_icp_odometry,,,,,,,,,,,,,,,,,,,,,153116,,,,,,,,,,,,,,,,,,
front_end,,True,kiss_icp_odometry,,,,,,,,,,,,,,,,,,,,,153162,,,,,,,,,,,,,,,,,,
front_end,,True,kiss_icp_odometry,,,,,,,,,,,,,,,,,,,,,153188,,,,,,,,,,,,,,,,,,
front_end,,True,kiss_icp_odometry,,,,,,,,,,,,,,,,,,,,,153231,,,,,,,,,,,,,,,,,,
front_end,,True,kiss_icp_odometry,,,,,,,,,,,,,,,,,,,,,153248,,,,,,,,,,,,,,,,,,
front_end,,True,kiss_icp_odometry,,,,,,,,,,,,,,,,,,,,,153269,,,,,,,,,,,,,,,,,,
front_end,,True,kiss_icp_odometry,,,,,,,,,,,,,,,,,,,,,153284,,,,,,,,,,,,,,,,,,
front_end,,True,kiss_icp_odometry,,,,,,,,,,,,,,,,,,,,,153309,,,,,,,,,,,,,,,,,,
front_end,,True,kiss_icp_odometry,,,,,,,,,,,,,,,,,,,,,153331,,,,,,,,,,,,,,,,,,
front_end,,True,kiss_icp_odometry,,,,,,,,,,,,,,,,,,,,,153369,,,,,,,,,,,,,,,,,,
front_end,,True,kiss_icp_odometry,,,,,,,,,,,,,,,,,,,,,153394,,,,,,,,,,,,,,,,,,
front_end,,True,kiss_icp_odometry,,,,,,,,,,,,,,,,,,,,,153429,,,,,,,,,,,,,,,,,,
front_end,,True,kiss_icp_odometry,,,,,,,,,,,,,,,,,,,,,153456,,,,,,,,,,,,,,,,,,
front_end,,True,kiss_icp_odometry,,,,,,,,,,,,,,,,,,,,,153514,,,,,,,,,,,,,,,,,,
front_end,,True,kiss_icp_odometry,,,,,,,,,,,,,,,,,,,,,153542,,,,,,,,,,,,,,,,,,
front_end,,True,kiss_icp_odometry,,,,,,,,,,,,,,,,,,,,,153560,,,,,,,,,,,,,,,,,,
front_end,,True,kiss_icp_odometry,,,,,,,,,,,,,,,,,,,,,153578,,,,,,,,,,,,,,,,,,
front_end,,True,kiss_icp_odometry,,,,,,,,,,,,,,,,,,,,,153592,,,,,,,,,,,,,,,,,,
front_end,,True,kiss_icp_odometry,,,,,,,,,,,,,,,,,,,,,153624,,,,,,,,,,,,,,,,,,
front_end,,True,kiss_icp_odometry,,,,,,,,,,,,,,,,,,,,,153647,,,,,,,,,,,,,,,,,,
front_end,,True,kiss_icp_odometry,,,,,,,,,,,,,,,,,,,,,153662,,,,,,,,,,,,,,,,,,
optimized_backend,,,,,,,22.093876992585137,,,,,,,,,,,,,,,,,,,,,,,,,,,,55,54,0,0.1919570058817044,0.0,0.0,pose_graph,False
front_end,,True,kiss_icp_odometry,,,,,,,,,,,,,,,,,,,,,153683,,,,,,,,,,,,,,,,,,
front_end,,True,kiss_icp_odometry,,,,,,,,,,,,,,,,,,,,,153691,,,,,,,,,,,,,,,,,,
front_end,,True,kiss_icp_odometry,,,,,,,,,,,,,,,,,,,,,153726,,,,,,,,,,,,,,,,,,
front_end,,True,kiss_icp_odometry,,,,,,,,,,,,,,,,,,,,,153751,,,,,,,,,,,,,,,,,,
front_end,,True,kiss_icp_odometry,,,,,,,,,,,,,,,,,,,,,153768,,,,,,,,,,,,,,,,,,
front_end,,True,kiss_icp_odometry,,,,,,,,,,,,,,,,,,,,,153794,,,,,,,,,,,,,,,,,,
front_end,,True,kiss_icp_odometry,,,,,,,,,,,,,,,,,,,,,153871,,,,,,,,,,,,,,,,,,
front_end,,True,kiss_icp_odometry,,,,,,,,,,,,,,,,,,,,,153897,,,,,,,,,,,,,,,,,,
front_end,,True,kiss_icp_odometry,,,,,,,,,,,,,,,,,,,,,153924,,,,,,,,,,,,,,,,,,
front_end,,True,kiss_icp_odometry,,,,,,,,,,,,,,,,,,,,,153949,,,,,,,,,,,,,,,,,,
front_end,,True,kiss_icp_odometry,,,,,,,,,,,,,,,,,,,,,153998,,,,,,,,,,,,,,,,,,
front_end,,True,kiss_icp_odometry,,,,,,,,,,,,,,,,,,,,,154027,,,,,,,,,,,,,,,,,,
front_end,,True,kiss_icp_odometry,,,,,,,,,,,,,,,,,,,,,154058,,,,,,,,,,,,,,,,,,
front_end,,True,kiss_icp_odometry,,,,,,,,,,,,,,,,,,,,,154088,,,,,,,,,,,,,,,,,,
front_end,,True,kiss_icp_odometry,,,,,,,,,,,,,,,,,,,,,154131,,,,,,,,,,,,,,,,,,
front_end,,True,kiss_icp_odometry,,,,,,,,,,,,,,,,,,,,,154166,,,,,,,,,,,,,,,,,,
front_end,,True,kiss_icp_odometry,,,,,,,,,,,,,,,,,,,,,154199,,,,,,,,,,,,,,,,,,
front_end,,True,kiss_icp_odometry,,,,,,,,,,,,,,,,,,,,,154222,,,,,,,,,,,,,,,,,,
front_end,,True,kiss_icp_odometry,,,,,,,,,,,,,,,,,,,,,154250,,,,,,,,,,,,,,,,,,
front_end,,True,kiss_icp_odometry,,,,,,,,,,,,,,,,,,,,,154272,,,,,,,,,,,,,,,,,,
front_end,,True,kiss_icp_odometry,,,,,,,,,,,,,,,,,,,,,154298,,,,,,,,,,,,,,,,,,
front_end,,True,kiss_icp_odometry,,,,,,,,,,,,,,,,,,,,,154335,,,,,,,,,,,,,,,,,,
front_end,,True,kiss_icp_odometry,,,,,,,,,,,,,,,,,,,,,154372,,,,,,,,,,,,,,,,,,
front_end,,True,kiss_icp_odometry,,,,,,,,,,,,,,,,,,,,,154403,,,,,,,,,,,,,,,,,,
front_end,,True,kiss_icp_odometry,,,,,,,,,,,,,,,,,,,,,154434,,,,,,,,,,,,,,,,,,
optimized_backend,,,,,,,27.752661000704393,,,,,,,,,,,,,,,,,,,,,,,,,,,,56,55,0,0.0017730053514242172,0.0,0.0,pose_graph,False
front_end,,True,kiss_icp_odometry,,,,,,,,,,,,,,,,,,,,,154469,,,,,,,,,,,,,,,,,,
front_end,,True,kiss_icp_odometry,,,,,,,,,,,,,,,,,,,,,154491,,,,,,,,,,,,,,,,,,
front_end,,True,kiss_icp_odometry,,,,,,,,,,,,,,,,,,,,,154516,,,,,,,,,,,,,,,,,,
front_end,,True,kiss_icp_odometry,,,,,,,,,,,,,,,,,,,,,154550,,,,,,,,,,,,,,,,,,
front_end,,True,kiss_icp_odometry,,,,,,,,,,,,,,,,,,,,,154578,,,,,,,,,,,,,,,,,,
front_end,,True,kiss_icp_odometry,,,,,,,,,,,,,,,,,,,,,154610,,,,,,,,,,,,,,,,,,
front_end,,True,kiss_icp_odometry,,,,,,,,,,,,,,,,,,,,,154652,,,,,,,,,,,,,,,,,,
front_end,,True,kiss_icp_odometry,,,,,,,,,,,,,,,,,,,,,154684,,,,,,,,,,,,,,,,,,
front_end,,True,kiss_icp_odometry,,,,,,,,,,,,,,,,,,,,,154718,,,,,,,,,,,,,,,,,,
front_end,,True,kiss_icp_odometry,,,,,,,,,,,,,,,,,,,,,154759,,,,,,,,,,,,,,,,,,
front_end,,True,kiss_icp_odometry,,,,,,,,,,,,,,,,,,,,,154788,,,,,,,,,,,,,,,,,,
front_end,,True,kiss_icp_odometry,,,,,,,,,,,,,,,,,,,,,154814,,,,,,,,,,,,,,,,,,
front_end,,True,kiss_icp_odometry,,,,,,,,,,,,,,,,,,,,,154844,,,,,,,,,,,,,,,,,,
front_end,,True,kiss_icp_odometry,,,,,,,,,,,,,,,,,,,,,154875,,,,,,,,,,,,,,,,,,
front_end,,True,kiss_icp_odometry,,,,,,,,,,,,,,,,,,,,,154901,,,,,,,,,,,,,,,,,,
front_end,,True,kiss_icp_odometry,,,,,,,,,,,,,,,,,,,,,154986,,,,,,,,,,,,,,,,,,
front_end,,True,kiss_icp_odometry,,,,,,,,,,,,,,,,,,,,,155034,,,,,,,,,,,,,,,,,,
front_end,,True,kiss_icp_odometry,,,,,,,,,,,,,,,,,,,,,155071,,,,,,,,,,,,,,,,,,
front_end,,True,kiss_icp_odometry,,,,,,,,,,,,,,,,,,,,,155118,,,,,,,,,,,,,,,,,,
front_end,,True,kiss_icp_odometry,,,,,,,,,,,,,,,,,,,,,155166,,,,,,,,,,,,,,,,,,
front_end,,True,kiss_icp_odometry,,,,,,,,,,,,,,,,,,,,,155210,,,,,,,,,,,,,,,,,,
front_end,,True,kiss_icp_odometry,,,,,,,,,,,,,,,,,,,,,155256,,,,,,,,,,,,,,,,,,
front_end,,True,kiss_icp_odometry,,,,,,,,,,,,,,,,,,,,,155332,,,,,,,,,,,,,,,,,,
front_end,,True,kiss_icp_odometry,,,,,,,,,,,,,,,,,,,,,155385,,,,,,,,,,,,,,,,,,
front_end,,True,kiss_icp_odometry,,,,,,,,,,,,,,,,,,,,,155439,,,,,,,,,,,,,,,,,,
front_end,,True,kiss_icp_odometry,,,,,,,,,,,,,,,,,,,,,155486,,,,,,,,,,,,,,,,,,
front_end,,True,kiss_icp_odometry,,,,,,,,,,,,,,,,,,,,,155531,,,,,,,,,,,,,,,,,,
optimized_backend,,,,,,,522.3727279953891,,,,,,,,,,,,,,,,,,,,,,,,,,,,57,57,1,435.8587989991065,10.676781996153295,21.06864300731104,pose_graph,True
front_end,,True,kiss_icp_odometry,,,,,,,,,,,,,,,,,,,,,155583,,,,,,,,,,,,,,,,,,
front_end,,True,kiss_icp_odometry,,,,,,,,,,,,,,,,,,,,,155620,,,,,,,,,,,,,,,,,,
front_end,,True,kiss_icp_odometry,,,,,,,,,,,,,,,,,,,,,155663,,,,,,,,,,,,,,,,,,
front_end,,True,kiss_icp_odometry,,,,,,,,,,,,,,,,,,,,,155702,,,,,,,,,,,,,,,,,,
front_end,,True,kiss_icp_odometry,,,,,,,,,,,,,,,,,,,,,155738,,,,,,,,,,,,,,,,,,
front_end,,True,kiss_icp_odometry,,,,,,,,,,,,,,,,,,,,,155808,,,,,,,,,,,,,,,,,,
front_end,,True,kiss_icp_odometry,,,,,,,,,,,,,,,,,,,,,155859,,,,,,,,,,,,,,,,,,
front_end,,True,kiss_icp_odometry,,,,,,,,,,,,,,,,,,,,,155906,,,,,,,,,,,,,,,,,,
front_end,,True,kiss_icp_odometry,,,,,,,,,,,,,,,,,,,,,155960,,,,,,,,,,,,,,,,,,
front_end,,True,kiss_icp_odometry,,,,,,,,,,,,,,,,,,,,,155996,,,,,,,,,,,,,,,,,,
front_end,,True,kiss_icp_odometry,,,,,,,,,,,,,,,,,,,,,156052,,,,,,,,,,,,,,,,,,
front_end,,True,kiss_icp_odometry,,,,,,,,,,,,,,,,,,,,,156095,,,,,,,,,,,,,,,,,,
front_end,,True,kiss_icp_odometry,,,,,,,,,,,,,,,,,,,,,156143,,,,,,,,,,,,,,,,,,
front_end,,True,kiss_icp_odometry,,,,,,,,,,,,,,,,,,,,,156190,,,,,,,,,,,,,,,,,,
front_end,,True,kiss_icp_odometry,,,,,,,,,,,,,,,,,,,,,156233,,,,,,,,,,,,,,,,,,
front_end,,True,kiss_icp_odometry,,,,,,,,,,,,,,,,,,,,,156295,,,,,,,,,,,,,,,,,,
front_end,,True,kiss_icp_odometry,,,,,,,,,,,,,,,,,,,,,156377,,,,,,,,,,,,,,,,,,
front_end,,True,kiss_icp_odometry,,,,,,,,,,,,,,,,,,,,,156433,,,,,,,,,,,,,,,,,,
front_end,,True,kiss_icp_odometry,,,,,,,,,,,,,,,,,,,,,156489,,,,,,,,,,,,,,,,,,
front_end,,True,kiss_icp_odometry,,,,,,,,,,,,,,,,,,,,,156545,,,,,,,,,,,,,,,,,,
optimized_backend,,,,,,,22.70119299646467,,,,,,,,,,,,,,,,,,,,,,,,,,,,58,58,1,0.0016130070434883237,0.0,0.0,pose_graph,True
front_end,,True,kiss_icp_odometry,,,,,,,,,,,,,,,,,,,,,156599,,,,,,,,,,,,,,,,,,
front_end,,True,kiss_icp_odometry,,,,,,,,,,,,,,,,,,,,,156641,,,,,,,,,,,,,,,,,,
front_end,,True,kiss_icp_odometry,,,,,,,,,,,,,,,,,,,,,156702,,,,,,,,,,,,,,,,,,
front_end,,True,kiss_icp_odometry,,,,,,,,,,,,,,,,,,,,,156759,,,,,,,,,,,,,,,,,,
front_end,,True,kiss_icp_odometry,,,,,,,,,,,,,,,,,,,,,156808,,,,,,,,,,,,,,,,,,
front_end,,True,kiss_icp_odometry,,,,,,,,,,,,,,,,,,,,,156857,,,,,,,,,,,,,,,,,,
front_end,,True,kiss_icp_odometry,,,,,,,,,,,,,,,,,,,,,156922,,,,,,,,,,,,,,,,,,
front_end,,True,kiss_icp_odometry,,,,,,,,,,,,,,,,,,,,,156971,,,,,,,,,,,,,,,,,,
front_end,,True,kiss_icp_odometry,,,,,,,,,,,,,,,,,,,,,157031,,,,,,,,,,,,,,,,,,
front_end,,True,kiss_icp_odometry,,,,,,,,,,,,,,,,,,,,,157083,,,,,,,,,,,,,,,,,,
front_end,,True,kiss_icp_odometry,,,,,,,,,,,,,,,,,,,,,157127,,,,,,,,,,,,,,,,,,
front_end,,True,kiss_icp_odometry,,,,,,,,,,,,,,,,,,,,,157187,,,,,,,,,,,,,,,,,,
front_end,,True,kiss_icp_odometry,,,,,,,,,,,,,,,,,,,,,157249,,,,,,,,,,,,,,,,,,
front_end,,True,kiss_icp_odometry,,,,,,,,,,,,,,,,,,,,,157336,,,,,,,,,,,,,,,,,,
front_end,,True,kiss_icp_odometry,,,,,,,,,,,,,,,,,,,,,157377,,,,,,,,,,,,,,,,,,
front_end,,True,kiss_icp_odometry,,,,,,,,,,,,,,,,,,,,,157452,,,,,,,,,,,,,,,,,,
front_end,,True,kiss_icp_odometry,,,,,,,,,,,,,,,,,,,,,157549,,,,,,,,,,,,,,,,,,
front_end,,True,kiss_icp_odometry,,,,,,,,,,,,,,,,,,,,,157611,,,,,,,,,,,,,,,,,,
front_end,,True,kiss_icp_odometry,,,,,,,,,,,,,,,,,,,,,157671,,,,,,,,,,,,,,,,,,
front_end,,True,kiss_icp_odometry,,,,,,,,,,,,,,,,,,,,,157717,,,,,,,,,,,,,,,,,,
front_end,,True,kiss_icp_odometry,,,,,,,,,,,,,,,,,,,,,157770,,,,,,,,,,,,,,,,,,
optimized_backend,,,,,,,31.27668700471986,,,,,,,,,,,,,,,,,,,,,,,,,,,,59,59,1,0.002774992026388645,0.0,0.0,pose_graph,True
front_end,,True,kiss_icp_odometry,,,,,,,,,,,,,,,,,,,,,157807,,,,,,,,,,,,,,,,,,
front_end,,True,kiss_icp_odometry,,,,,,,,,,,,,,,,,,,,,157915,,,,,,,,,,,,,,,,,,
front_end,,True,kiss_icp_odometry,,,,,,,,,,,,,,,,,,,,,157999,,,,,,,,,,,,,,,,,,
front_end,,True,kiss_icp_odometry,,,,,,,,,,,,,,,,,,,,,158051,,,,,,,,,,,,,,,,,,
front_end,,True,kiss_icp_odometry,,,,,,,,,,,,,,,,,,,,,158100,,,,,,,,,,,,,,,,,,
front_end,,True,kiss_icp_odometry,,,,,,,,,,,,,,,,,,,,,158166,,,,,,,,,,,,,,,,,,
front_end,,True,kiss_icp_odometry,,,,,,,,,,,,,,,,,,,,,158223,,,,,,,,,,,,,,,,,,
front_end,,True,kiss_icp_odometry,,,,,,,,,,,,,,,,,,,,,158302,,,,,,,,,,,,,,,,,,
front_end,,True,kiss_icp_odometry,,,,,,,,,,,,,,,,,,,,,158375,,,,,,,,,,,,,,,,,,
front_end,,True,kiss_icp_odometry,,,,,,,,,,,,,,,,,,,,,158428,,,,,,,,,,,,,,,,,,
front_end,,True,kiss_icp_odometry,,,,,,,,,,,,,,,,,,,,,158467,,,,,,,,,,,,,,,,,,
front_end,,True,kiss_icp_odometry,,,,,,,,,,,,,,,,,,,,,158541,,,,,,,,,,,,,,,,,,
front_end,,True,kiss_icp_odometry,,,,,,,,,,,,,,,,,,,,,158593,,,,,,,,,,,,,,,,,,
front_end,,True,kiss_icp_odometry,,,,,,,,,,,,,,,,,,,,,158677,,,,,,,,,,,,,,,,,,
front_end,,True,kiss_icp_odometry,,,,,,,,,,,,,,,,,,,,,158764,,,,,,,,,,,,,,,,,,
front_end,,True,kiss_icp_odometry,,,,,,,,,,,,,,,,,,,,,158813,,,,,,,,,,,,,,,,,,
front_end,,True,kiss_icp_odometry,,,,,,,,,,,,,,,,,,,,,158888,,,,,,,,,,,,,,,,,,
front_end,,True,kiss_icp_odometry,,,,,,,,,,,,,,,,,,,,,158955,,,,,,,,,,,,,,,,,,
front_end,,True,kiss_icp_odometry,,,,,,,,,,,,,,,,,,,,,158995,,,,,,,,,,,,,,,,,,
front_end,,True,kiss_icp_odometry,,,,,,,,,,,,,,,,,,,,,159059,,,,,,,,,,,,,,,,,,
front_end,,True,kiss_icp_odometry,,,,,,,,,,,,,,,,,,,,,159124,,,,,,,,,,,,,,,,,,
front_end,,True,kiss_icp_odometry,,,,,,,,,,,,,,,,,,,,,159199,,,,,,,,,,,,,,,,,,
front_end,,True,kiss_icp_odometry,,,,,,,,,,,,,,,,,,,,,159295,,,,,,,,,,,,,,,,,,
front_end,,True,kiss_icp_odometry,,,,,,,,,,,,,,,,,,,,,159326,,,,,,,,,,,,,,,,,,
front_end,,True,kiss_icp_odometry,,,,,,,,,,,,,,,,,,,,,159355,,,,,,,,,,,,,,,,,,
front_end,,True,kiss_icp_odometry,,,,,,,,,,,,,,,,,,,,,159368,,,,,,,,,,,,,,,,,,
front_end,,True,kiss_icp_odometry,,,,,,,,,,,,,,,,,,,,,159380,,,,,,,,,,,,,,,,,,
front_end,,True,kiss_icp_odometry,,,,,,,,,,,,,,,,,,,,,159403,,,,,,,,,,,,,,,,,,
front_end,,True,kiss_icp_odometry,,,,,,,,,,,,,,,,,,,,,159411,,,,,,,,,,,,,,,,,,
front_end,,True,kiss_icp_odometry,,,,,,,,,,,,,,,,,,,,,159420,,,,,,,,,,,,,,,,,,
front_end,,True,kiss_icp_odometry,,,,,,,,,,,,,,,,,,,,,159430,,,,,,,,,,,,,,,,,,
front_end,,True,kiss_icp_odometry,,,,,,,,,,,,,,,,,,,,,159444,,,,,,,,,,,,,,,,,,
front_end,,True,kiss_icp_odometry,,,,,,,,,,,,,,,,,,,,,159450,,,,,,,,,,,,,,,,,,
front_end,,True,kiss_icp_odometry,,,,,,,,,,,,,,,,,,,,,159455,,,,,,,,,,,,,,,,,,
front_end,,True,kiss_icp_odometry,,,,,,,,,,,,,,,,,,,,,159457,,,,,,,,,,,,,,,,,,
front_end,,True,kiss_icp_odometry,,,,,,,,,,,,,,,,,,,,,159463,,,,,,,,,,,,,,,,,,
front_end,,True,kiss_icp_odometry,,,,,,,,,,,,,,,,,,,,,159470,,,,,,,,,,,,,,,,,,
front_end,,True,kiss_icp_odometry,,,,,,,,,,,,,,,,,,,,,159476,,,,,,,,,,,,,,,,,,
front_end,,True,kiss_icp_odometry,,,,,,,,,,,,,,,,,,,,,159482,,,,,,,,,,,,,,,,,,
front_end,,True,kiss_icp_odometry,,,,,,,,,,,,,,,,,,,,,159494,,,,,,,,,,,,,,,,,,
front_end,,True,kiss_icp_odometry,,,,,,,,,,,,,,,,,,,,,159519,,,,,,,,,,,,,,,,,,
optimized_backend,,,,,,,29.387414993834682,,,,,,,,,,,,,,,,,,,,,,,,,,,,60,60,1,0.0020139996195212007,0.0,0.0,pose_graph,True
front_end,,True,kiss_icp_odometry,,,,,,,,,,,,,,,,,,,,,159530,,,,,,,,,,,,,,,,,,
front_end,,True,kiss_icp_odometry,,,,,,,,,,,,,,,,,,,,,159545,,,,,,,,,,,,,,,,,,
front_end,,True,kiss_icp_odometry,,,,,,,,,,,,,,,,,,,,,159555,,,,,,,,,,,,,,,,,,
front_end,,True,kiss_icp_odometry,,,,,,,,,,,,,,,,,,,,,159570,,,,,,,,,,,,,,,,,,
front_end,,True,kiss_icp_odometry,,,,,,,,,,,,,,,,,,,,,159581,,,,,,,,,,,,,,,,,,
optimized_backend,,,,,,,35.16735399898607,,,,,,,,,,,,,,,,,,,,,,,,,,,,61,61,1,0.0035470002330839634,0.0,12.325884003075771,pose_graph,True
front_end,,True,kiss_icp_odometry,,,,,,,,,,,,,,,,,,,,,159592,,,,,,,,,,,,,,,,,,
front_end,,True,kiss_icp_odometry,,,,,,,,,,,,,,,,,,,,,159613,,,,,,,,,,,,,,,,,,
front_end,,True,kiss_icp_odometry,,,,,,,,,,,,,,,,,,,,,159622,,,,,,,,,,,,,,,,,,
front_end,,True,kiss_icp_odometry,,,,,,,,,,,,,,,,,,,,,159646,,,,,,,,,,,,,,,,,,
optimized_backend,,,,,,,26.31560800364241,,,,,,,,,,,,,,,,,,,,,,,,,,,,62,62,1,0.00197399640455842,0.0,0.0,pose_graph,True
front_end,,True,kiss_icp_odometry,,,,,,,,,,,,,,,,,,,,,159677,,,,,,,,,,,,,,,,,,
front_end,,True,kiss_icp_odometry,,,,,,,,,,,,,,,,,,,,,159696,,,,,,,,,,,,,,,,,,
front_end,,True,kiss_icp_odometry,,,,,,,,,,,,,,,,,,,,,159730,,,,,,,,,,,,,,,,,,
front_end,,True,kiss_icp_odometry,,,,,,,,,,,,,,,,,,,,,159758,,,,,,,,,,,,,,,,,,
front_end,,True,kiss_icp_odometry,,,,,,,,,,,,,,,,,,,,,159784,,,,,,,,,,,,,,,,,,
front_end,,True,kiss_icp_odometry,,,,,,,,,,,,,,,,,,,,,159829,,,,,,,,,,,,,,,,,,
front_end,,True,kiss_icp_odometry,,,,,,,,,,,,,,,,,,,,,159881,,,,,,,,,,,,,,,,,,
front_end,,True,kiss_icp_odometry,,,,,,,,,,,,,,,,,,,,,159933,,,,,,,,,,,,,,,,,,
front_end,,True,kiss_icp_odometry,,,,,,,,,,,,,,,,,,,,,159988,,,,,,,,,,,,,,,,,,
optimized_backend,,,,,,,542.1236619877163,,,,,,,,,,,,,,,,,,,,,,,,,,,,63,64,2,495.26831798721105,6.1371150077320635,11.458330001914874,pose_graph,True
optimized_backend,,,,,,,29.05070000269916,,,,,,,,,,,,,,,,,,,,,,,,,,,,64,65,2,0.0016630074242129922,0.0,0.0,pose_graph,True
front_end,,True,kiss_icp_odometry,,,,,,,,,,,,,,,,,,,,,160039,,,,,,,,,,,,,,,,,,
front_end,,True,kiss_icp_odometry,,,,,,,,,,,,,,,,,,,,,160104,,,,,,,,,,,,,,,,,,
front_end,,True,kiss_icp_odometry,,,,,,,,,,,,,,,,,,,,,160151,,,,,,,,,,,,,,,,,,
optimized_backend,,,,,,,33.97508800844662,,,,,,,,,,,,,,,,,,,,,,,,,,,,65,66,2,0.0033669930417090654,0.0,0.0,pose_graph,True
front_end,,True,kiss_icp_odometry,,,,,,,,,,,,,,,,,,,,,160193,,,,,,,,,,,,,,,,,,
front_end,,True,kiss_icp_odometry,,,,,,,,,,,,,,,,,,,,,160226,,,,,,,,,,,,,,,,,,
front_end,,True,kiss_icp_odometry,,,,,,,,,,,,,,,,,,,,,160263,,,,,,,,,,,,,,,,,,
front_end,,True,kiss_icp_odometry,,,,,,,,,,,,,,,,,,,,,160307,,,,,,,,,,,,,,,,,,
front_end,,True,kiss_icp_odometry,,,,,,,,,,,,,,,,,,,,,160351,,,,,,,,,,,,,,,,,,
optimized_backend,,,,,,,21.015210993937217,,,,,,,,,,,,,,,,,,,,,,,,,,,,66,67,2,0.001844004145823419,0.0,0.0,pose_graph,True
front_end,,True,kiss_icp_odometry,,,,,,,,,,,,,,,,,,,,,160393,,,,,,,,,,,,,,,,,,
front_end,,True,kiss_icp_odometry,,,,,,,,,,,,,,,,,,,,,160428,,,,,,,,,,,,,,,,,,
front_end,,True,kiss_icp_odometry,,,,,,,,,,,,,,,,,,,,,160462,,,,,,,,,,,,,,,,,,
front_end,,True,kiss_icp_odometry,,,,,,,,,,,,,,,,,,,,,160488,,,,,,,,,,,,,,,,,,
front_end,,True,kiss_icp_odometry,,,,,,,,,,,,,,,,,,,,,160523,,,,,,,,,,,,,,,,,,
optimized_backend,,,,,,,39.12302199751139,,,,,,,,,,,,,,,,,,,,,,,,,,,,67,68,2,0.0022740132408216596,0.0,0.0,pose_graph,True
front_end,,True,kiss_icp_odometry,,,,,,,,,,,,,,,,,,,,,160563,,,,,,,,,,,,,,,,,,
front_end,,True,kiss_icp_odometry,,,,,,,,,,,,,,,,,,,,,160590,,,,,,,,,,,,,,,,,,
front_end,,True,kiss_icp_odometry,,,,,,,,,,,,,,,,,,,,,160620,,,,,,,,,,,,,,,,,,
front_end,,True,kiss_icp_odometry,,,,,,,,,,,,,,,,,,,,,160635,,,,,,,,,,,,,,,,,,
front_end,,True,kiss_icp_odometry,,,,,,,,,,,,,,,,,,,,,160666,,,,,,,,,,,,,,,,,,
front_end,,True,kiss_icp_odometry,,,,,,,,,,,,,,,,,,,,,160688,,,,,,,,,,,,,,,,,,
front_end,,True,kiss_icp_odometry,,,,,,,,,,,,,,,,,,,,,160700,,,,,,,,,,,,,,,,,,
front_end,,True,kiss_icp_odometry,,,,,,,,,,,,,,,,,,,,,160718,,,,,,,,,,,,,,,,,,
front_end,,True,kiss_icp_odometry,,,,,,,,,,,,,,,,,,,,,160729,,,,,,,,,,,,,,,,,,
front_end,,True,kiss_icp_odometry,,,,,,,,,,,,,,,,,,,,,160739,,,,,,,,,,,,,,,,,,
front_end,,True,kiss_icp_odometry,,,,,,,,,,,,,,,,,,,,,160752,,,,,,,,,,,,,,,,,,
front_end,,True,kiss_icp_odometry,,,,,,,,,,,,,,,,,,,,,160761,,,,,,,,,,,,,,,,,,
front_end,,True,kiss_icp_odometry,,,,,,,,,,,,,,,,,,,,,160766,,,,,,,,,,,,,,,,,,
front_end,,True,kiss_icp_odometry,,,,,,,,,,,,,,,,,,,,,160786,,,,,,,,,,,,,,,,,,
front_end,,True,kiss_icp_odometry,,,,,,,,,,,,,,,,,,,,,160797,,,,,,,,,,,,,,,,,,
front_end,,True,kiss_icp_odometry,,,,,,,,,,,,,,,,,,,,,160809,,,,,,,,,,,,,,,,,,
front_end,,True,kiss_icp_odometry,,,,,,,,,,,,,,,,,,,,,160821,,,,,,,,,,,,,,,,,,
front_end,,True,kiss_icp_odometry,,,,,,,,,,,,,,,,,,,,,160830,,,,,,,,,,,,,,,,,,
front_end,,True,kiss_icp_odometry,,,,,,,,,,,,,,,,,,,,,160839,,,,,,,,,,,,,,,,,,
front_end,,True,kiss_icp_odometry,,,,,,,,,,,,,,,,,,,,,160842,,,,,,,,,,,,,,,,,,
front_end,,True,kiss_icp_odometry,,,,,,,,,,,,,,,,,,,,,160923,,,,,,,,,,,,,,,,,,
front_end,,True,kiss_icp_odometry,,,,,,,,,,,,,,,,,,,,,160929,,,,,,,,,,,,,,,,,,
front_end,,True,kiss_icp_odometry,,,,,,,,,,,,,,,,,,,,,160946,,,,,,,,,,,,,,,,,,
front_end,,True,kiss_icp_odometry,,,,,,,,,,,,,,,,,,,,,160959,,,,,,,,,,,,,,,,,,
front_end,,True,kiss_icp_odometry,,,,,,,,,,,,,,,,,,,,,160968,,,,,,,,,,,,,,,,,,
front_end,,True,kiss_icp_odometry,,,,,,,,,,,,,,,,,,,,,161020,,,,,,,,,,,,,,,,,,
front_end,,True,kiss_icp_odometry,,,,,,,,,,,,,,,,,,,,,161043,,,,,,,,,,,,,,,,,,
front_end,,True,kiss_icp_odometry,,,,,,,,,,,,,,,,,,,,,161066,,,,,,,,,,,,,,,,,,
front_end,,True,kiss_icp_odometry,,,,,,,,,,,,,,,,,,,,,161093,,,,,,,,,,,,,,,,,,
front_end,,True,kiss_icp_odometry,,,,,,,,,,,,,,,,,,,,,161113,,,,,,,,,,,,,,,,,,
front_end,,True,kiss_icp_odometry,,,,,,,,,,,,,,,,,,,,,161124,,,,,,,,,,,,,,,,,,
front_end,,True,kiss_icp_odometry,,,,,,,,,,,,,,,,,,,,,161147,,,,,,,,,,,,,,,,,,
front_end,,True,kiss_icp_odometry,,,,,,,,,,,,,,,,,,,,,161161,,,,,,,,,,,,,,,,,,
front_end,,True,kiss_icp_odometry,,,,,,,,,,,,,,,,,,,,,161168,,,,,,,,,,,,,,,,,,
front_end,,True,kiss_icp_odometry,,,,,,,,,,,,,,,,,,,,,161173,,,,,,,,,,,,,,,,,,
front_end,,True,kiss_icp_odometry,,,,,,,,,,,,,,,,,,,,,161178,,,,,,,,,,,,,,,,,,
front_end,,True,kiss_icp_odometry,,,,,,,,,,,,,,,,,,,,,161187,,,,,,,,,,,,,,,,,,
front_end,,True,kiss_icp_odometry,,,,,,,,,,,,,,,,,,,,,161202,,,,,,,,,,,,,,,,,,
front_end,,True,kiss_icp_odometry,,,,,,,,,,,,,,,,,,,,,161213,,,,,,,,,,,,,,,,,,
front_end,,True,kiss_icp_odometry,,,,,,,,,,,,,,,,,,,,,161218,,,,,,,,,,,,,,,,,,
front_end,,True,kiss_icp_odometry,,,,,,,,,,,,,,,,,,,,,161224,,,,,,,,,,,,,,,,,,
front_end,,True,kiss_icp_odometry,,,,,,,,,,,,,,,,,,,,,161271,,,,,,,,,,,,,,,,,,
front_end,,True,kiss_icp_odometry,,,,,,,,,,,,,,,,,,,,,161277,,,,,,,,,,,,,,,,,,
optimized_backend,,,,,,,29.783649995806627,,,,,,,,,,,,,,,,,,,,,,,,,,,,68,69,2,0.0017829879652708769,0.0,0.0,pose_graph,True
front_end,,True,kiss_icp_odometry,,,,,,,,,,,,,,,,,,,,,161297,,,,,,,,,,,,,,,,,,
front_end,,True,kiss_icp_odometry,,,,,,,,,,,,,,,,,,,,,161342,,,,,,,,,,,,,,,,,,
front_end,,True,kiss_icp_odometry,,,,,,,,,,,,,,,,,,,,,161365,,,,,,,,,,,,,,,,,,
front_end,,True,kiss_icp_odometry,,,,,,,,,,,,,,,,,,,,,161377,,,,,,,,,,,,,,,,,,
front_end,,True,kiss_icp_odometry,,,,,,,,,,,,,,,,,,,,,161419,,,,,,,,,,,,,,,,,,
front_end,,True,kiss_icp_odometry,,,,,,,,,,,,,,,,,,,,,161423,,,,,,,,,,,,,,,,,,
front_end,,True,kiss_icp_odometry,,,,,,,,,,,,,,,,,,,,,161430,,,,,,,,,,,,,,,,,,
front_end,,True,kiss_icp_odometry,,,,,,,,,,,,,,,,,,,,,161434,,,,,,,,,,,,,,,,,,
front_end,,True,kiss_icp_odometry,,,,,,,,,,,,,,,,,,,,,161438,,,,,,,,,,,,,,,,,,
front_end,,True,kiss_icp_odometry,,,,,,,,,,,,,,,,,,,,,161450,,,,,,,,,,,,,,,,,,
front_end,,True,kiss_icp_odometry,,,,,,,,,,,,,,,,,,,,,161456,,,,,,,,,,,,,,,,,,
front_end,,True,kiss_icp_odometry,,,,,,,,,,,,,,,,,,,,,161467,,,,,,,,,,,,,,,,,,
front_end,,True,kiss_icp_odometry,,,,,,,,,,,,,,,,,,,,,161470,,,,,,,,,,,,,,,,,,
front_end,,True,kiss_icp_odometry,,,,,,,,,,,,,,,,,,,,,161480,,,,,,,,,,,,,,,,,,
front_end,,True,kiss_icp_odometry,,,,,,,,,,,,,,,,,,,,,161482,,,,,,,,,,,,,,,,,,
front_end,,True,kiss_icp_odometry,,,,,,,,,,,,,,,,,,,,,161488,,,,,,,,,,,,,,,,,,
front_end,,True,kiss_icp_odometry,,,,,,,,,,,,,,,,,,,,,161490,,,,,,,,,,,,,,,,,,
front_end,,True,kiss_icp_odometry,,,,,,,,,,,,,,,,,,,,,161519,,,,,,,,,,,,,,,,,,
front_end,,True,kiss_icp_odometry,,,,,,,,,,,,,,,,,,,,,161527,,,,,,,,,,,,,,,,,,
front_end,,True,kiss_icp_odometry,,,,,,,,,,,,,,,,,,,,,161538,,,,,,,,,,,,,,,,,,
front_end,,True,kiss_icp_odometry,,,,,,,,,,,,,,,,,,,,,161553,,,,,,,,,,,,,,,,,,
front_end,,True,kiss_icp_odometry,,,,,,,,,,,,,,,,,,,,,161563,,,,,,,,,,,,,,,,,,
front_end,,True,kiss_icp_odometry,,,,,,,,,,,,,,,,,,,,,161574,,,,,,,,,,,,,,,,,,
front_end,,True,kiss_icp_odometry,,,,,,,,,,,,,,,,,,,,,161586,,,,,,,,,,,,,,,,,,
front_end,,True,kiss_icp_odometry,,,,,,,,,,,,,,,,,,,,,161595,,,,,,,,,,,,,,,,,,
front_end,,True,kiss_icp_odometry,,,,,,,,,,,,,,,,,,,,,161605,,,,,,,,,,,,,,,,,,
front_end,,True,kiss_icp_odometry,,,,,,,,,,,,,,,,,,,,,161624,,,,,,,,,,,,,,,,,,
front_end,,True,kiss_icp_odometry,,,,,,,,,,,,,,,,,,,,,161639,,,,,,,,,,,,,,,,,,
front_end,,True,kiss_icp_odometry,,,,,,,,,,,,,,,,,,,,,161666,,,,,,,,,,,,,,,,,,
front_end,,True,kiss_icp_odometry,,,,,,,,,,,,,,,,,,,,,161693,,,,,,,,,,,,,,,,,,
front_end,,True,kiss_icp_odometry,,,,,,,,,,,,,,,,,,,,,161716,,,,,,,,,,,,,,,,,,
front_end,,True,kiss_icp_odometry,,,,,,,,,,,,,,,,,,,,,161738,,,,,,,,,,,,,,,,,,
front_end,,True,kiss_icp_odometry,,,,,,,,,,,,,,,,,,,,,161759,,,,,,,,,,,,,,,,,,
front_end,,True,kiss_icp_odometry,,,,,,,,,,,,,,,,,,,,,161782,,,,,,,,,,,,,,,,,,
front_end,,True,kiss_icp_odometry,,,,,,,,,,,,,,,,,,,,,161812,,,,,,,,,,,,,,,,,,
front_end,,True,kiss_icp_odometry,,,,,,,,,,,,,,,,,,,,,161844,,,,,,,,,,,,,,,,,,
front_end,,True,kiss_icp_odometry,,,,,,,,,,,,,,,,,,,,,161867,,,,,,,,,,,,,,,,,,
front_end,,True,kiss_icp_odometry,,,,,,,,,,,,,,,,,,,,,161899,,,,,,,,,,,,,,,,,,
front_end,,True,kiss_icp_odometry,,,,,,,,,,,,,,,,,,,,,161929,,,,,,,,,,,,,,,,,,
front_end,,True,kiss_icp_odometry,,,,,,,,,,,,,,,,,,,,,161962,,,,,,,,,,,,,,,,,,
front_end,,True,kiss_icp_odometry,,,,,,,,,,,,,,,,,,,,,161999,,,,,,,,,,,,,,,,,,
front_end,,True,kiss_icp_odometry,,,,,,,,,,,,,,,,,,,,,162041,,,,,,,,,,,,,,,,,,
front_end,,True,kiss_icp_odometry,,,,,,,,,,,,,,,,,,,,,162078,,,,,,,,,,,,,,,,,,
front_end,,True,kiss_icp_odometry,,,,,,,,,,,,,,,,,,,,,162118,,,,,,,,,,,,,,,,,,
front_end,,True,kiss_icp_odometry,,,,,,,,,,,,,,,,,,,,,162187,,,,,,,,,,,,,,,,,,
front_end,,True,kiss_icp_odometry,,,,,,,,,,,,,,,,,,,,,162226,,,,,,,,,,,,,,,,,,
front_end,,True,kiss_icp_odometry,,,,,,,,,,,,,,,,,,,,,162270,,,,,,,,,,,,,,,,,,
front_end,,True,kiss_icp_odometry,,,,,,,,,,,,,,,,,,,,,162321,,,,,,,,,,,,,,,,,,
front_end,,True,kiss_icp_odometry,,,,,,,,,,,,,,,,,,,,,162368,,,,,,,,,,,,,,,,,,
front_end,,True,kiss_icp_odometry,,,,,,,,,,,,,,,,,,,,,162436,,,,,,,,,,,,,,,,,,
front_end,,True,kiss_icp_odometry,,,,,,,,,,,,,,,,,,,,,162485,,,,,,,,,,,,,,,,,,
optimized_backend,,,,,,,638.0768420058303,,,,,,,,,,,,,,,,,,,,,,,,,,,,69,71,3,569.5196940068854,8.328887997777201,17.09117300924845,pose_graph,True
front_end,,True,kiss_icp_odometry,,,,,,,,,,,,,,,,,,,,,162544,,,,,,,,,,,,,,,,,,
front_end,,True,kiss_icp_odometry,,,,,,,,,,,,,,,,,,,,,162602,,,,,,,,,,,,,,,,,,
front_end,,True,kiss_icp_odometry,,,,,,,,,,,,,,,,,,,,,162658,,,,,,,,,,,,,,,,,,
front_end,,True,kiss_icp_odometry,,,,,,,,,,,,,,,,,,,,,162756,,,,,,,,,,,,,,,,,,
front_end,,True,kiss_icp_odometry,,,,,,,,,,,,,,,,,,,,,162820,,,,,,,,,,,,,,,,,,
front_end,,True,kiss_icp_odometry,,,,,,,,,,,,,,,,,,,,,162874,,,,,,,,,,,,,,,,,,
front_end,,True,kiss_icp_odometry,,,,,,,,,,,,,,,,,,,,,162930,,,,,,,,,,,,,,,,,,
front_end,,True,kiss_icp_odometry,,,,,,,,,,,,,,,,,,,,,163020,,,,,,,,,,,,,,,,,,
front_end,,True,kiss_icp_odometry,,,,,,,,,,,,,,,,,,,,,163128,,,,,,,,,,,,,,,,,,
front_end,,True,kiss_icp_odometry,,,,,,,,,,,,,,,,,,,,,163221,,,,,,,,,,,,,,,,,,
optimized_backend,,,,,,,35.76946200337261,,,,,,,,,,,,,,,,,,,,,,,,,,,,70,72,3,0.0016330013750120997,0.0,0.0,pose_graph,True
front_end,,True,kiss_icp_odometry,,,,,,,,,,,,,,,,,,,,,163301,,,,,,,,,,,,,,,,,,
front_end,,True,kiss_icp_odometry,,,,,,,,,,,,,,,,,,,,,163359,,,,,,,,,,,,,,,,,,
front_end,,True,kiss_icp_odometry,,,,,,,,,,,,,,,,,,,,,163425,,,,,,,,,,,,,,,,,,
front_end,,True,kiss_icp_odometry,,,,,,,,,,,,,,,,,,,,,163524,,,,,,,,,,,,,,,,,,
front_end,,True,kiss_icp_odometry,,,,,,,,,,,,,,,,,,,,,163580,,,,,,,,,,,,,,,,,,
front_end,,True,kiss_icp_odometry,,,,,,,,,,,,,,,,,,,,,163633,,,,,,,,,,,,,,,,,,
front_end,,True,kiss_icp_odometry,,,,,,,,,,,,,,,,,,,,,163696,,,,,,,,,,,,,,,,,,
front_end,,True,kiss_icp_odometry,,,,,,,,,,,,,,,,,,,,,163778,,,,,,,,,,,,,,,,,,
front_end,,True,kiss_icp_odometry,,,,,,,,,,,,,,,,,,,,,163839,,,,,,,,,,,,,,,,,,
front_end,,True,kiss_icp_odometry,,,,,,,,,,,,,,,,,,,,,163980,,,,,,,,,,,,,,,,,,
front_end,,True,kiss_icp_odometry,,,,,,,,,,,,,,,,,,,,,164034,,,,,,,,,,,,,,,,,,
front_end,,True,kiss_icp_odometry,,,,,,,,,,,,,,,,,,,,,164091,,,,,,,,,,,,,,,,,,
front_end,,True,kiss_icp_odometry,,,,,,,,,,,,,,,,,,,,,164161,,,,,,,,,,,,,,,,,,
front_end,,True,kiss_icp_odometry,,,,,,,,,,,,,,,,,,,,,164245,,,,,,,,,,,,,,,,,,
front_end,,True,kiss_icp_odometry,,,,,,,,,,,,,,,,,,,,,164320,,,,,,,,,,,,,,,,,,
front_end,,True,kiss_icp_odometry,,,,,,,,,,,,,,,,,,,,,164413,,,,,,,,,,,,,,,,,,
front_end,,True,kiss_icp_odometry,,,,,,,,,,,,,,,,,,,,,164490,,,,,,,,,,,,,,,,,,
front_end,,True,kiss_icp_odometry,,,,,,,,,,,,,,,,,,,,,164592,,,,,,,,,,,,,,,,,,
optimized_backend,,,,,,,62.668650993146,,,,,,,,,,,,,,,,,,,,,,,,,,,,71,73,3,0.003025998012162745,0.0,24.51264299452305,pose_graph,True
front_end,,True,kiss_icp_odometry,,,,,,,,,,,,,,,,,,,,,164679,,,,,,,,,,,,,,,,,,
front_end,,True,kiss_icp_odometry,,,,,,,,,,,,,,,,,,,,,164800,,,,,,,,,,,,,,,,,,
front_end,,True,kiss_icp_odometry,,,,,,,,,,,,,,,,,,,,,164843,,,,,,,,,,,,,,,,,,
front_end,,True,kiss_icp_odometry,,,,,,,,,,,,,,,,,,,,,164892,,,,,,,,,,,,,,,,,,
front_end,,True,kiss_icp_odometry,,,,,,,,,,,,,,,,,,,,,164965,,,,,,,,,,,,,,,,,,
front_end,,True,kiss_icp_odometry,,,,,,,,,,,,,,,,,,,,,165013,,,,,,,,,,,,,,,,,,
front_end,,True,kiss_icp_odometry,,,,,,,,,,,,,,,,,,,,,165066,,,,,,,,,,,,,,,,,,
front_end,,True,kiss_icp_odometry,,,,,,,,,,,,,,,,,,,,,165134,,,,,,,,,,,,,,,,,,
front_end,,True,kiss_icp_odometry,,,,,,,,,,,,,,,,,,,,,165183,,,,,,,,,,,,,,,,,,
front_end,,True,kiss_icp_odometry,,,,,,,,,,,,,,,,,,,,,165245,,,,,,,,,,,,,,,,,,
front_end,,True,kiss_icp_odometry,,,,,,,,,,,,,,,,,,,,,165293,,,,,,,,,,,,,,,,,,
front_end,,True,kiss_icp_odometry,,,,,,,,,,,,,,,,,,,,,165365,,,,,,,,,,,,,,,,,,
front_end,,True,kiss_icp_odometry,,,,,,,,,,,,,,,,,,,,,165420,,,,,,,,,,,,,,,,,,
front_end,,True,kiss_icp_odometry,,,,,,,,,,,,,,,,,,,,,165463,,,,,,,,,,,,,,,,,,
front_end,,True,kiss_icp_odometry,,,,,,,,,,,,,,,,,,,,,165504,,,,,,,,,,,,,,,,,,
front_end,,True,kiss_icp_odometry,,,,,,,,,,,,,,,,,,,,,165553,,,,,,,,,,,,,,,,,,
front_end,,True,kiss_icp_odometry,,,,,,,,,,,,,,,,,,,,,165689,,,,,,,,,,,,,,,,,,
front_end,,True,kiss_icp_odometry,,,,,,,,,,,,,,,,,,,,,165769,,,,,,,,,,,,,,,,,,
front_end,,True,kiss_icp_odometry,,,,,,,,,,,,,,,,,,,,,165864,,,,,,,,,,,,,,,,,,
optimized_backend,,,,,,,30.140004004351795,,,,,,,,,,,,,,,,,,,,,,,,,,,,72,74,3,0.0015830009942874312,0.0,0.0,pose_graph,True
front_end,,True,kiss_icp_odometry,,,,,,,,,,,,,,,,,,,,,165916,,,,,,,,,,,,,,,,,,
front_end,,True,kiss_icp_odometry,,,,,,,,,,,,,,,,,,,,,166002,,,,,,,,,,,,,,,,,,
front_end,,True,kiss_icp_odometry,,,,,,,,,,,,,,,,,,,,,166053,,,,,,,,,,,,,,,,,,
front_end,,True,kiss_icp_odometry,,,,,,,,,,,,,,,,,,,,,166149,,,,,,,,,,,,,,,,,,
front_end,,True,kiss_icp_odometry,,,,,,,,,,,,,,,,,,,,,166223,,,,,,,,,,,,,,,,,,
front_end,,True,kiss_icp_odometry,,,,,,,,,,,,,,,,,,,,,166324,,,,,,,,,,,,,,,,,,
front_end,,True,kiss_icp_odometry,,,,,,,,,,,,,,,,,,,,,166379,,,,,,,,,,,,,,,,,,
front_end,,True,kiss_icp_odometry,,,,,,,,,,,,,,,,,,,,,166455,,,,,,,,,,,,,,,,,,
front_end,,True,kiss_icp_odometry,,,,,,,,,,,,,,,,,,,,,166552,,,,,,,,,,,,,,,,,,
front_end,,True,kiss_icp_odometry,,,,,,,,,,,,,,,,,,,,,166650,,,,,,,,,,,,,,,,,,
front_end,,True,kiss_icp_odometry,,,,,,,,,,,,,,,,,,,,,166723,,,,,,,,,,,,,,,,,,
front_end,,True,kiss_icp_odometry,,,,,,,,,,,,,,,,,,,,,166800,,,,,,,,,,,,,,,,,,
front_end,,True,kiss_icp_odometry,,,,,,,,,,,,,,,,,,,,,166852,,,,,,,,,,,,,,,,,,
front_end,,True,kiss_icp_odometry,,,,,,,,,,,,,,,,,,,,,166911,,,,,,,,,,,,,,,,,,
front_end,,True,kiss_icp_odometry,,,,,,,,,,,,,,,,,,,,,166976,,,,,,,,,,,,,,,,,,
front_end,,True,kiss_icp_odometry,,,,,,,,,,,,,,,,,,,,,167041,,,,,,,,,,,,,,,,,,
front_end,,True,kiss_icp_odometry,,,,,,,,,,,,,,,,,,,,,167089,,,,,,,,,,,,,,,,,,
front_end,,True,kiss_icp_odometry,,,,,,,,,,,,,,,,,,,,,167137,,,,,,,,,,,,,,,,,,
optimized_backend,,,,,,,34.25047000928316,,,,,,,,,,,,,,,,,,,,,,,,,,,,73,75,3,0.002945002052001655,0.0,0.0,pose_graph,True
front_end,,True,kiss_icp_odometry,,,,,,,,,,,,,,,,,,,,,167202,,,,,,,,,,,,,,,,,,
front_end,,True,kiss_icp_odometry,,,,,,,,,,,,,,,,,,,,,167264,,,,,,,,,,,,,,,,,,
front_end,,True,kiss_icp_odometry,,,,,,,,,,,,,,,,,,,,,167305,,,,,,,,,,,,,,,,,,
front_end,,True,kiss_icp_odometry,,,,,,,,,,,,,,,,,,,,,167349,,,,,,,,,,,,,,,,,,
front_end,,True,kiss_icp_odometry,,,,,,,,,,,,,,,,,,,,,167378,,,,,,,,,,,,,,,,,,
front_end,,True,kiss_icp_odometry,,,,,,,,,,,,,,,,,,,,,167405,,,,,,,,,,,,,,,,,,
front_end,,True,kiss_icp_odometry,,,,,,,,,,,,,,,,,,,,,167437,,,,,,,,,,,,,,,,,,
front_end,,True,kiss_icp_odometry,,,,,,,,,,,,,,,,,,,,,167458,,,,,,,,,,,,,,,,,,
front_end,,True,kiss_icp_odometry,,,,,,,,,,,,,,,,,,,,,167490,,,,,,,,,,,,,,,,,,
front_end,,True,kiss_icp_odometry,,,,,,,,,,,,,,,,,,,,,167536,,,,,,,,,,,,,,,,,,
front_end,,True,kiss_icp_odometry,,,,,,,,,,,,,,,,,,,,,167574,,,,,,,,,,,,,,,,,,
front_end,,True,kiss_icp_odometry,,,,,,,,,,,,,,,,,,,,,167657,,,,,,,,,,,,,,,,,,
front_end,,True,kiss_icp_odometry,,,,,,,,,,,,,,,,,,,,,167720,,,,,,,,,,,,,,,,,,
front_end,,True,kiss_icp_odometry,,,,,,,,,,,,,,,,,,,,,167765,,,,,,,,,,,,,,,,,,
front_end,,True,kiss_icp_odometry,,,,,,,,,,,,,,,,,,,,,167781,,,,,,,,,,,,,,,,,,
front_end,,True,kiss_icp_odometry,,,,,,,,,,,,,,,,,,,,,167814,,,,,,,,,,,,,,,,,,
front_end,,True,kiss_icp_odometry,,,,,,,,,,,,,,,,,,,,,167854,,,,,,,,,,,,,,,,,,
front_end,,True,kiss_icp_odometry,,,,,,,,,,,,,,,,,,,,,167893,,,,,,,,,,,,,,,,,,
optimized_backend,,,,,,,35.411264005233534,,,,,,,,,,,,,,,,,,,,,,,,,,,,74,76,3,0.002554996171966195,0.0,0.0,pose_graph,True
front_end,,True,kiss_icp_odometry,,,,,,,,,,,,,,,,,,,,,167908,,,,,,,,,,,,,,,,,,
front_end,,True,kiss_icp_odometry,,,,,,,,,,,,,,,,,,,,,167926,,,,,,,,,,,,,,,,,,
front_end,,True,kiss_icp_odometry,,,,,,,,,,,,,,,,,,,,,167947,,,,,,,,,,,,,,,,,,
front_end,,True,kiss_icp_odometry,,,,,,,,,,,,,,,,,,,,,167958,,,,,,,,,,,,,,,,,,
front_end,,True,kiss_icp_odometry,,,,,,,,,,,,,,,,,,,,,167969,,,,,,,,,,,,,,,,,,
front_end,,True,kiss_icp_odometry,,,,,,,,,,,,,,,,,,,,,167985,,,,,,,,,,,,,,,,,,
front_end,,True,kiss_icp_odometry,,,,,,,,,,,,,,,,,,,,,167996,,,,,,,,,,,,,,,,,,
front_end,,True,kiss_icp_odometry,,,,,,,,,,,,,,,,,,,,,168003,,,,,,,,,,,,,,,,,,
front_end,,True,kiss_icp_odometry,,,,,,,,,,,,,,,,,,,,,168014,,,,,,,,,,,,,,,,,,
front_end,,True,kiss_icp_odometry,,,,,,,,,,,,,,,,,,,,,168026,,,,,,,,,,,,,,,,,,
front_end,,True,kiss_icp_odometry,,,,,,,,,,,,,,,,,,,,,168034,,,,,,,,,,,,,,,,,,
front_end,,True,kiss_icp_odometry,,,,,,,,,,,,,,,,,,,,,168046,,,,,,,,,,,,,,,,,,
front_end,,True,kiss_icp_odometry,,,,,,,,,,,,,,,,,,,,,168060,,,,,,,,,,,,,,,,,,
front_end,,True,kiss_icp_odometry,,,,,,,,,,,,,,,,,,,,,168079,,,,,,,,,,,,,,,,,,
front_end,,True,kiss_icp_odometry,,,,,,,,,,,,,,,,,,,,,168095,,,,,,,,,,,,,,,,,,
front_end,,True,kiss_icp_odometry,,,,,,,,,,,,,,,,,,,,,168104,,,,,,,,,,,,,,,,,,
front_end,,True,kiss_icp_odometry,,,,,,,,,,,,,,,,,,,,,168113,,,,,,,,,,,,,,,,,,
front_end,,True,kiss_icp_odometry,,,,,,,,,,,,,,,,,,,,,168120,,,,,,,,,,,,,,,,,,
front_end,,True,kiss_icp_odometry,,,,,,,,,,,,,,,,,,,,,168132,,,,,,,,,,,,,,,,,,
front_end,,True,kiss_icp_odometry,,,,,,,,,,,,,,,,,,,,,168145,,,,,,,,,,,,,,,,,,
front_end,,True,kiss_icp_odometry,,,,,,,,,,,,,,,,,,,,,168149,,,,,,,,,,,,,,,,,,
front_end,,True,kiss_icp_odometry,,,,,,,,,,,,,,,,,,,,,168164,,,,,,,,,,,,,,,,,,
front_end,,True,kiss_icp_odometry,,,,,,,,,,,,,,,,,,,,,168176,,,,,,,,,,,,,,,,,,
front_end,,True,kiss_icp_odometry,,,,,,,,,,,,,,,,,,,,,168181,,,,,,,,,,,,,,,,,,
front_end,,True,kiss_icp_odometry,,,,,,,,,,,,,,,,,,,,,168190,,,,,,,,,,,,,,,,,,
front_end,,True,kiss_icp_odometry,,,,,,,,,,,,,,,,,,,,,168197,,,,,,,,,,,,,,,,,,
front_end,,True,kiss_icp_odometry,,,,,,,,,,,,,,,,,,,,,168202,,,,,,,,,,,,,,,,,,
front_end,,True,kiss_icp_odometry,,,,,,,,,,,,,,,,,,,,,168208,,,,,,,,,,,,,,,,,,
front_end,,True,kiss_icp_odometry,,,,,,,,,,,,,,,,,,,,,168216,,,,,,,,,,,,,,,,,,
front_end,,True,kiss_icp_odometry,,,,,,,,,,,,,,,,,,,,,168217,,,,,,,,,,,,,,,,,,
front_end,,True,kiss_icp_odometry,,,,,,,,,,,,,,,,,,,,,168222,,,,,,,,,,,,,,,,,,
front_end,,True,kiss_icp_odometry,,,,,,,,,,,,,,,,,,,,,168230,,,,,,,,,,,,,,,,,,
front_end,,True,kiss_icp_odometry,,,,,,,,,,,,,,,,,,,,,168233,,,,,,,,,,,,,,,,,,
front_end,,True,kiss_icp_odometry,,,,,,,,,,,,,,,,,,,,,168233,,,,,,,,,,,,,,,,,,
front_end,,True,kiss_icp_odometry,,,,,,,,,,,,,,,,,,,,,168236,,,,,,,,,,,,,,,,,,
front_end,,True,kiss_icp_odometry,,,,,,,,,,,,,,,,,,,,,168239,,,,,,,,,,,,,,,,,,
front_end,,True,kiss_icp_odometry,,,,,,,,,,,,,,,,,,,,,168261,,,,,,,,,,,,,,,,,,
front_end,,True,kiss_icp_odometry,,,,,,,,,,,,,,,,,,,,,168265,,,,,,,,,,,,,,,,,,
front_end,,True,kiss_icp_odometry,,,,,,,,,,,,,,,,,,,,,168313,,,,,,,,,,,,,,,,,,
front_end,,True,kiss_icp_odometry,,,,,,,,,,,,,,,,,,,,,168323,,,,,,,,,,,,,,,,,,
front_end,,True,kiss_icp_odometry,,,,,,,,,,,,,,,,,,,,,168330,,,,,,,,,,,,,,,,,,
front_end,,True,kiss_icp_odometry,,,,,,,,,,,,,,,,,,,,,168353,,,,,,,,,,,,,,,,,,
front_end,,True,kiss_icp_odometry,,,,,,,,,,,,,,,,,,,,,168356,,,,,,,,,,,,,,,,,,
front_end,,True,kiss_icp_odometry,,,,,,,,,,,,,,,,,,,,,168368,,,,,,,,,,,,,,,,,,
front_end,,True,kiss_icp_odometry,,,,,,,,,,,,,,,,,,,,,168381,,,,,,,,,,,,,,,,,,
front_end,,True,kiss_icp_odometry,,,,,,,,,,,,,,,,,,,,,168386,,,,,,,,,,,,,,,,,,
front_end,,True,kiss_icp_odometry,,,,,,,,,,,,,,,,,,,,,168393,,,,,,,,,,,,,,,,,,
front_end,,True,kiss_icp_odometry,,,,,,,,,,,,,,,,,,,,,168536,,,,,,,,,,,,,,,,,,
front_end,,True,kiss_icp_odometry,,,,,,,,,,,,,,,,,,,,,168542,,,,,,,,,,,,,,,,,,
front_end,,True,kiss_icp_odometry,,,,,,,,,,,,,,,,,,,,,168546,,,,,,,,,,,,,,,,,,
front_end,,True,kiss_icp_odometry,,,,,,,,,,,,,,,,,,,,,168628,,,,,,,,,,,,,,,,,,
front_end,,True,kiss_icp_odometry,,,,,,,,,,,,,,,,,,,,,168636,,,,,,,,,,,,,,,,,,
front_end,,True,kiss_icp_odometry,,,,,,,,,,,,,,,,,,,,,168647,,,,,,,,,,,,,,,,,,
front_end,,True,kiss_icp_odometry,,,,,,,,,,,,,,,,,,,,,168669,,,,,,,,,,,,,,,,,,
front_end,,True,kiss_icp_odometry,,,,,,,,,,,,,,,,,,,,,168675,,,,,,,,,,,,,,,,,,
front_end,,True,kiss_icp_odometry,,,,,,,,,,,,,,,,,,,,,168680,,,,,,,,,,,,,,,,,,
front_end,,True,kiss_icp_odometry,,,,,,,,,,,,,,,,,,,,,168692,,,,,,,,,,,,,,,,,,
front_end,,True,kiss_icp_odometry,,,,,,,,,,,,,,,,,,,,,168699,,,,,,,,,,,,,,,,,,
front_end,,True,kiss_icp_odometry,,,,,,,,,,,,,,,,,,,,,168701,,,,,,,,,,,,,,,,,,
front_end,,True,kiss_icp_odometry,,,,,,,,,,,,,,,,,,,,,168708,,,,,,,,,,,,,,,,,,
front_end,,True,kiss_icp_odometry,,,,,,,,,,,,,,,,,,,,,168721,,,,,,,,,,,,,,,,,,
front_end,,True,kiss_icp_odometry,,,,,,,,,,,,,,,,,,,,,168729,,,,,,,,,,,,,,,,,,
front_end,,True,kiss_icp_odometry,,,,,,,,,,,,,,,,,,,,,168772,,,,,,,,,,,,,,,,,,
front_end,,True,kiss_icp_odometry,,,,,,,,,,,,,,,,,,,,,168789,,,,,,,,,,,,,,,,,,
front_end,,True,kiss_icp_odometry,,,,,,,,,,,,,,,,,,,,,168798,,,,,,,,,,,,,,,,,,
front_end,,True,kiss_icp_odometry,,,,,,,,,,,,,,,,,,,,,168860,,,,,,,,,,,,,,,,,,
front_end,,True,kiss_icp_odometry,,,,,,,,,,,,,,,,,,,,,168883,,,,,,,,,,,,,,,,,,
front_end,,True,kiss_icp_odometry,,,,,,,,,,,,,,,,,,,,,168904,,,,,,,,,,,,,,,,,,
front_end,,True,kiss_icp_odometry,,,,,,,,,,,,,,,,,,,,,168916,,,,,,,,,,,,,,,,,,
front_end,,True,kiss_icp_odometry,,,,,,,,,,,,,,,,,,,,,168942,,,,,,,,,,,,,,,,,,
front_end,,True,kiss_icp_odometry,,,,,,,,,,,,,,,,,,,,,168985,,,,,,,,,,,,,,,,,,
front_end,,True,kiss_icp_odometry,,,,,,,,,,,,,,,,,,,,,169012,,,,,,,,,,,,,,,,,,
front_end,,True,kiss_icp_odometry,,,,,,,,,,,,,,,,,,,,,169037,,,,,,,,,,,,,,,,,,
front_end,,True,kiss_icp_odometry,,,,,,,,,,,,,,,,,,,,,169076,,,,,,,,,,,,,,,,,,
front_end,,True,kiss_icp_odometry,,,,,,,,,,,,,,,,,,,,,169162,,,,,,,,,,,,,,,,,,
front_end,,True,kiss_icp_odometry,,,,,,,,,,,,,,,,,,,,,169224,,,,,,,,,,,,,,,,,,
front_end,,True,kiss_icp_odometry,,,,,,,,,,,,,,,,,,,,,169276,,,,,,,,,,,,,,,,,,
front_end,,True,kiss_icp_odometry,,,,,,,,,,,,,,,,,,,,,169306,,,,,,,,,,,,,,,,,,
front_end,,True,kiss_icp_odometry,,,,,,,,,,,,,,,,,,,,,169343,,,,,,,,,,,,,,,,,,
front_end,,True,kiss_icp_odometry,,,,,,,,,,,,,,,,,,,,,169396,,,,,,,,,,,,,,,,,,
front_end,,True,kiss_icp_odometry,,,,,,,,,,,,,,,,,,,,,169447,,,,,,,,,,,,,,,,,,
front_end,,True,kiss_icp_odometry,,,,,,,,,,,,,,,,,,,,,169502,,,,,,,,,,,,,,,,,,
front_end,,True,kiss_icp_odometry,,,,,,,,,,,,,,,,,,,,,169568,,,,,,,,,,,,,,,,,,
front_end,,True,kiss_icp_odometry,,,,,,,,,,,,,,,,,,,,,169664,,,,,,,,,,,,,,,,,,
front_end,,True,kiss_icp_odometry,,,,,,,,,,,,,,,,,,,,,169728,,,,,,,,,,,,,,,,,,
front_end,,True,kiss_icp_odometry,,,,,,,,,,,,,,,,,,,,,169783,,,,,,,,,,,,,,,,,,
front_end,,True,kiss_icp_odometry,,,,,,,,,,,,,,,,,,,,,169859,,,,,,,,,,,,,,,,,,
front_end,,True,kiss_icp_odometry,,,,,,,,,,,,,,,,,,,,,169915,,,,,,,,,,,,,,,,,,
optimized_backend,,,,,,,649.3616559891962,,,,,,,,,,,,,,,,,,,,,,,,,,,,75,78,4,595.7737959979568,6.597839004825801,12.073165999026969,pose_graph,True
front_end,,True,kiss_icp_odometry,,,,,,,,,,,,,,,,,,,,,169976,,,,,,,,,,,,,,,,,,
