status_source,stamp_s,accepted,reason,points,fitness,rmse,processing_ms,profile_preprocess_ms,profile_deskew_ms,profile_icp_ms,profile_icp_calls,estimated_dropped_scans,pending_lidar_queue_drops,preprocess_ms,icp_ms,primary_icp_ms,prediction_icp_ms,recovery_icp_ms,recovery_prepare_ms,mapping_ms,publish_ms,other_ms,icp_calls,scan_dt_sec,dropped_scans_estimated_last,dropped_scans_estimated_total,icp_target,keyframe_added,local_map_frames,local_map_points,consecutive_rejections,recovery_active,recovery_attempted,recovery_success,recovery_provisional,recovery_confirmed,recovery_confirmations,recovery_reason,recovery_seed_yaw_offset_deg,recovery_imu_error_deg,pose_graph_nodes,pose_graph_edges,loop_closures,loop_detection_ms,optimization_ms,map_publish_ms,backend,optimized
front_end,4316753.467896512,True,initial_frame,2315,,,13.06923599622678,10.850908001884818,7.572287999209948,0.0,0,0,0,,,,,,,,,,,,,,initial,True,1,2254,0,False,False,False,,,,inactive,,,,,,,,,,
optimized_backend,,,,,,,,,,,,,,,,,,,,,,,,,,,,,,,,,,,,,,,,,1,0,0,,,,pose_graph,False
front_end,4316753.567907968,True,icp_accepted,2352,1.0,0.07350902228714383,14.37424799951259,11.054431000957265,8.5105600010138,2.54132499685511,1,0,0,,,,,,,,,,,,,,previous_cloud_bootstrap,False,1,2254,0,False,False,False,,,,inactive,,,,,,,,,,
front_end,4316753.667918016,True,icp_accepted,2369,0.9987336428872943,0.07019060611517748,15.99685700784903,12.500929005909711,9.07878900761716,2.7187480009160936,1,0,0,,,,,,,,,,,,,,previous_cloud_bootstrap,False,1,2254,0,False,False,False,,,,inactive,,,,,,,,,,
front_end,4316753.7681592,True,icp_accepted,2333,1.0,0.07301553358218894,9.77949499792885,8.363724002265371,5.967371995211579,0.8977969991974533,1,0,0,,,,,,,,,,,,,,previous_cloud_bootstrap,False,1,2254,0,False,False,False,,,,inactive,,,,,,,,,,
front_end,4316753.86794448,True,icp_accepted,2357,1.0,0.06838896759846363,11.027419997844845,9.22814900695812,6.5719880076358095,0.9606550011085346,1,0,0,,,,,,,,,,,,,,previous_cloud_bootstrap,False,1,2254,0,False,False,False,,,,inactive,,,,,,,,,,
front_end,4316753.967873536,True,icp_accepted,2329,1.0,0.06565540565608678,9.87463298952207,8.289133998914622,5.967071992927231,0.9942680044332519,1,0,0,,,,,,,,,,,,,,previous_cloud_bootstrap,False,1,2254,0,False,False,False,,,,inactive,,,,,,,,,,
front_end,4316754.068170656,True,icp_accepted,2326,1.0,0.07410168712973657,9.03380400268361,7.661103998543695,5.729534997954033,0.7721110014244914,1,0,0,,,,,,,,,,,,,,previous_cloud_bootstrap,False,1,2254,0,False,False,False,,,,inactive,,,,,,,,,,
front_end,4316754.167941696,True,icp_accepted,2341,0.9974369927381461,0.07269897061687004,10.808337989146821,8.90519199310802,6.589752010768279,1.375965992338024,1,0,0,,,,,,,,,,,,,,previous_cloud_bootstrap,False,1,2254,0,False,False,False,,,,inactive,,,,,,,,,,
front_end,4316754.267886944,True,icp_accepted,2356,1.0,0.07434791521999441,10.316044004866853,8.231145999161527,6.1959220038261265,1.2232089939061552,1,0,0,,,,,,,,,,,,,,previous_cloud_bootstrap,False,1,2254,0,False,False,False,,,,inactive,,,,,,,,,,
front_end,4316754.368016288,True,icp_accepted,2343,0.9991463935125907,0.06668265350872739,9.987705998355523,8.081654988927767,5.481209009303711,1.062757000909187,1,0,0,,,,,,,,,,,,,,previous_cloud_bootstrap,False,1,2254,0,False,False,False,,,,inactive,,,,,,,,,,
front_end,4316754.467845696,True,icp_accepted,2366,0.9983093829247676,0.07485496520180325,10.088246010127477,8.2919300039066,6.152739995741285,1.0731160000432283,1,0,0,,,,,,,,,,,,,,previous_cloud_bootstrap,False,1,2254,0,False,False,False,,,,inactive,,,,,,,,,,
front_end,4316754.567835808,True,icp_accepted,2357,0.9995757318625371,0.06750251350244593,9.76775299932342,8.133663010085002,6.134466006187722,0.9154099971055984,1,0,0,,,,,,,,,,,,,,previous_cloud_bootstrap,False,1,2254,0,False,False,False,,,,inactive,,,,,,,,,,
front_end,4316754.667847488,True,icp_accepted,2327,1.0,0.06654390273608661,9.705586009658873,7.936642999993637,5.988611999782734,1.1143230076413602,1,0,0,,,,,,,,,,,,,,previous_cloud_bootstrap,False,1,2254,0,False,False,False,,,,inactive,,,,,,,,,,
front_end,4316754.767863936,True,icp_accepted,2375,1.0,0.0745170970985248,9.356570008094423,7.839099009288475,5.49098699411843,0.8164839964592829,1,0,0,,,,,,,,,,,,,,previous_cloud_bootstrap,False,1,2254,0,False,False,False,,,,inactive,,,,,,,,,,
front_end,4316754.867919488,True,icp_accepted,2355,0.9995753715498938,0.0665727217576556,10.16465800057631,8.67215399921406,6.061839987523854,0.9174130100291222,1,0,0,,,,,,,,,,,,,,previous_cloud_bootstrap,False,1,2254,0,False,False,False,,,,inactive,,,,,,,,,,
front_end,4316754.969087616,True,icp_accepted,2330,1.0,0.07128214166428373,9.094547989661805,7.7027929946780205,5.195150995859876,0.7231690105982125,1,0,0,,,,,,,,,,,,,,previous_cloud_bootstrap,False,1,2254,0,False,False,False,,,,inactive,,,,,,,,,,
front_end,4316755.067915936,True,icp_accepted,2320,0.9995689655172414,0.06684365074225573,10.644430993124843,8.714734998648055,6.66851999994833,1.1096250091213733,1,0,0,,,,,,,,,,,,,,previous_cloud_bootstrap,False,1,2254,0,False,False,False,,,,inactive,,,,,,,,,,
front_end,4316755.168191392,True,icp_accepted,2338,0.998289136013687,0.07156937017169751,10.580299989669584,8.670962997712195,6.1390149930957705,1.0009810066549107,1,0,0,,,,,,,,,,,,,,previous_cloud_bootstrap,False,1,2254,0,False,False,False,,,,inactive,,,,,,,,,,
front_end,4316755.268136608,True,icp_accepted,2384,0.9995805369127517,0.0700055184053291,9.87087600515224,8.049423995544203,5.716130006476305,0.9939480078173801,1,0,0,,,,,,,,,,,,,,previous_cloud_bootstrap,False,1,2254,0,False,False,False,,,,inactive,,,,,,,,,,
front_end,4316755.369132736,True,icp_accepted,2331,1.0,0.06594659859599773,10.317405001842417,8.639302002848126,6.63669899222441,0.9338450036011636,1,0,0,,,,,,,,,,,,,,previous_cloud_bootstrap,False,1,2254,0,False,False,False,,,,inactive,,,,,,,,,,
front_end,4316755.467878112,True,icp_accepted,2425,0.9995876288659794,0.07708803981790092,9.63474299351219,8.081323991063982,5.4661210015183315,0.9046799968928099,1,0,0,,,,,,,,,,,,,,previous_cloud_bootstrap,False,1,2254,0,False,False,False,,,,inactive,,,,,,,,,,
front_end,4316755.568175424,True,icp_accepted,2403,0.9987515605493134,0.06352150791147128,9.862801001872867,7.888752006692812,4.5360029907897115,0.8315930026583374,1,0,0,,,,,,,,,,,,,,previous_cloud_bootstrap,False,1,2254,0,False,False,False,,,,inactive,,,,,,,,,,
front_end,4316755.667882272,True,icp_accepted,2342,1.0,0.07237236224849815,10.416592005640268,8.573759012506343,5.7060320104938,1.072465005563572,1,0,0,,,,,,,,,,,,,,previous_cloud_bootstrap,False,1,2254,0,False,False,False,,,,inactive,,,,,,,,,,
front_end,4316755.769075616,True,icp_accepted,2374,0.9995787700084247,0.06695225230156518,10.791526990942657,8.76667199190706,6.175584014272317,1.1717809975380078,1,0,0,,,,,,,,,,,,,,previous_cloud_bootstrap,False,1,2254,0,False,False,False,,,,inactive,,,,,,,,,,
front_end,4316755.868191744,True,icp_accepted,2394,0.9987468671679198,0.07394967239845839,9.607201995095238,7.826094995834865,5.682436996721663,0.9524499910185114,1,0,0,,,,,,,,,,,,,,previous_cloud_bootstrap,False,1,2254,0,False,False,False,,,,inactive,,,,,,,,,,
front_end,4316755.967860864,True,icp_accepted,2409,1.0,0.07149793329735016,10.267732999636792,8.427836000919342,6.405745996744372,1.1015100026270375,1,0,0,,,,,,,,,,,,,,previous_cloud_bootstrap,False,1,2254,0,False,False,False,,,,inactive,,,,,,,,,,
front_end,4316756.068207424,True,icp_accepted,2345,0.9995735607675906,0.065248586102839,10.06439101183787,8.464785001706332,6.246036005904898,0.9576089942129329,1,0,0,,,,,,,,,,,,,,previous_cloud_bootstrap,False,1,2254,0,False,False,False,,,,inactive,,,,,,,,,,
front_end,4316756.168078208,True,icp_accepted,2407,1.0,0.0729368589773338,9.370807005325332,7.676574008655734,4.57729100889992,0.9602240024833009,1,0,0,,,,,,,,,,,,,,previous_cloud_bootstrap,False,1,2254,0,False,False,False,,,,inactive,,,,,,,,,,
front_end,4316756.267908992,True,icp_accepted,2387,0.9991621281943862,0.0661769311213208,10.240732008242048,8.345912006916478,5.808925008750521,1.0756409901659936,1,0,0,,,,,,,,,,,,,,previous_cloud_bootstrap,False,1,2254,0,False,False,False,,,,inactive,,,,,,,,,,
front_end,4316756.369108992,True,icp_accepted,2333,1.0,0.07251801977907628,10.258184993290342,8.358093997230753,5.88874401000794,1.0329410142730922,1,0,0,,,,,,,,,,,,,,previous_cloud_bootstrap,False,1,2254,0,False,False,False,,,,inactive,,,,,,,,,,
front_end,4316756.46806656,True,icp_accepted,2427,1.0,0.07555260793534938,10.81080301082693,8.95614801265765,6.237830006284639,0.891034011146985,1,0,0,,,,,,,,,,,,,,previous_cloud_bootstrap,False,1,2254,0,False,False,False,,,,inactive,,,,,,,,,,
front_end,4316756.568016768,True,icp_accepted,2396,0.9991652754590985,0.0664175233064971,10.509084997465834,8.627489994978532,5.85946899082046,1.0300959984306246,1,0,0,,,,,,,,,,,,,,previous_cloud_bootstrap,False,1,2254,0,False,False,False,,,,inactive,,,,,,,,,,
front_end,4316756.667886432,True,icp_accepted,2440,1.0,0.06974102898237641,9.906432998832315,8.194976995582692,6.121061000158079,0.9369409963255748,1,0,0,,,,,,,,,,,,,,previous_cloud_bootstrap,False,1,2254,0,False,False,False,,,,inactive,,,,,,,,,,
front_end,4316756.76812544,True,icp_accepted,2399,1.0,0.06644012249371252,10.21182700060308,8.326413997565396,5.8255049953004345,0.8445870043942705,1,0,0,,,,,,,,,,,,,,previous_cloud_bootstrap,False,1,2254,0,False,False,False,,,,inactive,,,,,,,,,,
front_end,4316756.867871328,True,icp_accepted,2396,1.0,0.06997737100857798,10.735119998571463,8.686121000209823,6.409032008377835,0.9439529967494309,1,0,0,,,,,,,,,,,,,,previous_cloud_bootstrap,False,1,2254,0,False,False,False,,,,inactive,,,,,,,,,,
front_end,4316756.968102656,True,icp_accepted,2373,1.0,0.06544459055176723,10.213700996246189,8.43271499616094,6.199066992849112,0.9458780114073306,1,0,0,,,,,,,,,,,,,,previous_cloud_bootstrap,False,1,2254,0,False,False,False,,,,inactive,,,,,,,,,,
front_end,4316757.068124576,True,icp_accepted,2331,1.0,0.07041552229864201,10.226113998214714,8.340440996107645,6.190832005813718,0.9849409980233759,1,0,0,,,,,,,,,,,,,,previous_cloud_bootstrap,False,1,2254,0,False,False,False,,,,inactive,,,,,,,,,,
front_end,4316757.167860928,True,icp_accepted,2409,0.9995848899958489,0.07827629318309107,10.98982899566181,9.090750987525098,6.704357001581229,0.7383769989246503,1,0,0,,,,,,,,,,,,,,previous_cloud_bootstrap,False,1,2254,0,False,False,False,,,,inactive,,,,,,,,,,
front_end,4316757.268240192,True,icp_accepted,2378,1.0,0.0680517457165901,9.774394988198765,8.065784990321845,5.683127994416282,0.8586329931858927,1,0,0,,,,,,,,,,,,,,previous_cloud_bootstrap,False,1,2254,0,False,False,False,,,,inactive,,,,,,,,,,
front_end,4316757.367941696,True,icp_accepted,2368,0.9991554054054054,0.0740064669405631,10.654219004209153,8.165271996404044,5.779629005701281,0.8876679930835962,1,0,0,,,,,,,,,,,,,,previous_cloud_bootstrap,False,1,2254,0,False,False,False,,,,inactive,,,,,,,,,,
front_end,4316757.467866176,True,icp_accepted,2396,1.0,0.06635263141203435,10.020437999628484,8.10301500314381,6.061199004761875,1.1801469954662025,1,0,0,,,,,,,,,,,,,,previous_cloud_bootstrap,False,1,2254,0,False,False,False,,,,inactive,,,,,,,,,,
front_end,4316757.568170112,True,icp_accepted,2343,0.9995731967562953,0.06924347226405642,9.19861400325317,7.390086000668816,4.744906007545069,1.0429499961901456,1,0,0,,,,,,,,,,,,,,previous_cloud_bootstrap,False,1,2254,0,False,False,False,,,,inactive,,,,,,,,,,
front_end,4316757.668055424,True,icp_accepted,2325,0.9991397849462366,0.07041935461833865,9.44755200180225,7.72390300699044,5.779519997304305,1.0344439942855388,1,0,0,,,,,,,,,,,,,,previous_cloud_bootstrap,False,1,2254,0,False,False,False,,,,inactive,,,,,,,,,,
front_end,4316757.767878816,True,icp_accepted,2316,0.9995682210708118,0.06851413706256308,9.617812000215054,7.890134991612285,5.886421000468545,1.0543709940975532,1,0,0,,,,,,,,,,,,,,previous_cloud_bootstrap,False,1,2254,0,False,False,False,,,,inactive,,,,,,,,,,
front_end,4316757.869023776,True,icp_accepted,2351,1.0,0.07561334619047902,10.546125995460898,8.831593993818387,6.403011007932946,1.0563139949226752,1,0,0,,,,,,,,,,,,,,previous_cloud_bootstrap,False,1,2254,0,False,False,False,,,,inactive,,,,,,,,,,
front_end,4316757.968029536,True,icp_accepted,2336,1.0,0.06534866394030424,9.412275001523085,7.608005005749874,5.064957003924064,1.0126130073331296,1,0,0,,,,,,,,,,,,,,previous_cloud_bootstrap,False,1,2254,0,False,False,False,,,,inactive,,,,,,,,,,
front_end,4316758.06786544,True,icp_accepted,2382,0.9995801847187238,0.07566095518175674,9.400272989296354,7.709004989010282,5.304117003106512,1.0092860029544681,1,0,0,,,,,,,,,,,,,,previous_cloud_bootstrap,False,1,2254,0,False,False,False,,,,inactive,,,,,,,,,,
front_end,4316758.168138816,True,icp_accepted,2333,1.0,0.06790756379408973,9.434758001589216,7.888752996223047,5.360331997508183,0.9025059989653528,1,0,0,,,,,,,,,,,,,,previous_cloud_bootstrap,False,1,2254,0,False,False,False,,,,inactive,,,,,,,,,,
front_end,4316758.268014112,True,icp_accepted,2325,0.9987096774193548,0.0791285635126686,10.647957009496167,9.09101200522855,6.533275998663157,0.913135998416692,1,0,0,,,,,,,,,,,,,,previous_cloud_bootstrap,False,1,2254,0,False,False,False,,,,inactive,,,,,,,,,,
front_end,4316758.369110016,True,icp_accepted,2301,0.9995654063450674,0.06872135613811535,10.671380994608626,8.30856099491939,6.176726004923694,1.105717004975304,1,0,0,,,,,,,,,,,,,,previous_cloud_bootstrap,False,1,2254,0,False,False,False,,,,inactive,,,,,,,,,,
front_end,4316758.468172896,True,icp_accepted,2297,1.0,0.08233900702358732,11.864943997352384,9.367020000354387,6.720157005474903,0.9193269943352789,1,0,0,,,,,,,,,,,,,,previous_cloud_bootstrap,False,1,2254,0,False,False,False,,,,inactive,,,,,,,,,,
front_end,4316758.568107488,True,icp_accepted,2340,0.9987179487179487,0.07542218991444845,11.782458997913636,8.844858995871618,6.4105849887710065,0.8939300023484975,1,0,0,,,,,,,,,,,,,,previous_cloud_bootstrap,False,1,2254,0,False,False,False,,,,inactive,,,,,,,,,,
front_end,4316758.667845824,True,icp_accepted,2305,1.0,0.07685856266878548,11.647665000054985,9.164539995254017,6.65487399965059,1.0877229942707345,1,0,0,,,,,,,,,,,,,,previous_cloud_bootstrap,False,1,2254,0,False,False,False,,,,inactive,,,,,,,,,,
front_end,4316758.768192288,True,icp_accepted,2324,1.0,0.07206632716300718,9.877348988084123,8.012865990167484,5.564765990129672,0.9891480003716424,1,0,0,,,,,,,,,,,,,,previous_cloud_bootstrap,False,1,2254,0,False,False,False,,,,inactive,,,,,,,,,,
front_end,4316758.868087712,True,icp_accepted,2324,0.9995697074010327,0.06949162835427121,10.094918005052023,8.265310010756366,6.234655011212453,1.0610530007397756,1,0,0,,,,,,,,,,,,,,previous_cloud_bootstrap,False,1,2254,0,False,False,False,,,,inactive,,,,,,,,,,
front_end,4316758.969084384,True,icp_accepted,2326,0.9995700773860705,0.07102452149946047,9.83559999440331,7.875768002122641,5.9261249989503995,1.2013570085400715,1,0,0,,,,,,,,,,,,,,previous_cloud_bootstrap,False,1,2254,0,False,False,False,,,,inactive,,,,,,,,,,
front_end,4316759.068155296,True,icp_accepted,2282,0.9986853637160386,0.06786961121496127,9.204223999404348,7.498859995394014,5.617846007226035,0.921220998861827,1,0,0,,,,,,,,,,,,,,previous_cloud_bootstrap,False,1,2254,0,False,False,False,,,,inactive,,,,,,,,,,
front_end,4316759.168023616,True,icp_accepted,2302,1.0,0.07293088349169032,9.602643011021428,7.759950007312,4.767407008330338,1.0467770043760538,1,0,0,,,,,,,,,,,,,,previous_cloud_bootstrap,False,1,2254,0,False,False,False,,,,inactive,,,,,,,,,,
front_end,4316759.269063648,True,icp_accepted,2306,1.0,0.07574012310990072,9.579849996953271,7.823280000593513,5.852104994119145,1.0183739941567183,1,0,0,,,,,,,,,,,,,,previous_cloud_bootstrap,False,1,2254,0,False,False,False,,,,inactive,,,,,,,,,,
front_end,4316759.368976672,True,icp_accepted,2271,0.9995596653456627,0.06945868263984184,9.794704004889354,7.760502005112357,5.821086990181357,1.2565809884108603,1,0,0,,,,,,,,,,,,,,previous_cloud_bootstrap,False,1,2254,0,False,False,False,,,,inactive,,,,,,,,,,
front_end,4316759.46803904,True,icp_accepted,2285,0.999562363238512,0.07068985082547513,10.302877999492921,8.11797300411854,6.0409910074668005,1.2327559961704537,1,0,0,,,,,,,,,,,,,,previous_cloud_bootstrap,False,1,2254,0,False,False,False,,,,inactive,,,,,,,,,,
front_end,4316759.569024,True,icp_accepted,2327,0.9995702621400946,0.06776441364274141,10.03558600496035,8.26561100257095,6.235556007595733,0.8720990008441731,1,0,0,,,,,,,,,,,,,,previous_cloud_bootstrap,False,1,2254,0,False,False,False,,,,inactive,,,,,,,,,,
front_end,4316759.669030304,True,icp_accepted,2333,1.0,0.07317552377298328,9.928023995598778,8.099166996544227,5.960228998446837,0.9135369909927249,1,0,0,,,,,,,,,,,,,,previous_cloud_bootstrap,False,1,2254,0,False,False,False,,,,inactive,,,,,,,,,,
front_end,4316759.76800736,True,icp_accepted,2301,0.9978270317253368,0.06766498400089567,9.911333007039502,7.929810002679005,5.4144629975780845,1.0049580014310777,1,0,0,,,,,,,,,,,,,,previous_cloud_bootstrap,False,1,2254,0,False,False,False,,,,inactive,,,,,,,,,,
front_end,4316759.8682056,True,icp_accepted,2317,1.0,0.07376289104967244,10.672823991626501,8.705626998562366,6.583891008631326,1.071763996151276,1,0,0,,,,,,,,,,,,,,previous_cloud_bootstrap,False,1,2254,0,False,False,False,,,,inactive,,,,,,,,,,
front_end,4316759.968137888,True,icp_accepted,2312,1.0,0.06943858431215086,10.115926997968927,8.169799999450333,6.120360005297698,1.0254469962092116,1,0,0,,,,,,,,,,,,,,previous_cloud_bootstrap,False,1,2254,0,False,False,False,,,,inactive,,,,,,,,,,
front_end,4316760.06802816,True,icp_accepted,2295,0.9982570806100218,0.06632238089206875,10.036017003585584,8.12389400380198,6.092857991461642,1.0442019993206486,1,0,0,,,,,,,,,,,,,,previous_cloud_bootstrap,False,1,2254,0,False,False,False,,,,inactive,,,,,,,,,,
front_end,4316760.168912288,True,icp_accepted,2307,1.0,0.07148336260843571,10.330119999707676,8.354086996405385,5.6261009885929525,0.9124950011027977,1,0,0,,,,,,,,,,,,,,previous_cloud_bootstrap,False,1,2254,0,False,False,False,,,,inactive,,,,,,,,,,
front_end,4316760.268118016,True,icp_accepted,2338,0.9991445680068435,0.06808274742488363,10.199113996350206,8.295317005831748,6.255833999603055,0.9909019863698632,1,0,0,,,,,,,,,,,,,,previous_cloud_bootstrap,False,1,2254,0,False,False,False,,,,inactive,,,,,,,,,,
front_end,4316760.367984,True,icp_accepted,2298,1.0,0.07807282452486446,10.249819009914063,8.437163007329218,5.996487001539208,1.073976993211545,1,0,0,,,,,,,,,,,,,,previous_cloud_bootstrap,False,1,2254,0,False,False,False,,,,inactive,,,,,,,,,,
front_end,4316760.468162784,True,icp_accepted,2331,0.9978549978549979,0.07485584744014424,11.338384996633977,8.546277997083962,5.906368009163998,1.7701259930618107,1,0,0,,,,,,,,,,,,,,previous_cloud_bootstrap,False,1,2254,0,False,False,False,,,,inactive,,,,,,,,,,
front_end,4316760.568075104,True,icp_accepted,2323,0.9995695221696083,0.07162283829628639,12.066822993801907,9.611558998585679,7.243731000926346,1.5063300088513643,1,0,0,,,,,,,,,,,,,,previous_cloud_bootstrap,False,1,2254,0,False,False,False,,,,inactive,,,,,,,,,,
front_end,4316760.668102752,True,icp_accepted,2329,1.0,0.07093793397086434,9.613193004042841,7.694326995988376,5.27558199246414,1.0599910019664094,1,0,0,,,,,,,,,,,,,,previous_cloud_bootstrap,False,1,2254,0,False,False,False,,,,inactive,,,,,,,,,,
front_end,4316760.768157472,True,icp_accepted,2357,0.9987271955876114,0.06948971153108106,10.759827011497691,8.806096011539921,6.31801100098528,0.9962110052583739,1,0,0,,,,,,,,,,,,,,previous_cloud_bootstrap,False,1,2254,0,False,False,False,,,,inactive,,,,,,,,,,
front_end,4316760.868065984,True,icp_accepted,2357,1.0,0.07507152008193385,9.649581013945863,8.033976002479903,6.0817570047220215,0.8115350065054372,1,0,0,,,,,,,,,,,,,,previous_cloud_bootstrap,False,1,2254,0,False,False,False,,,,inactive,,,,,,,,,,
front_end,4316760.967971904,True,icp_accepted,2324,1.0,0.07613333886717999,10.566304001258686,8.148971988703124,5.586136001511477,1.326932993833907,1,0,0,,,,,,,,,,,,,,previous_cloud_bootstrap,False,1,2254,0,False,False,False,,,,inactive,,,,,,,,,,
front_end,4316761.068144128,True,icp_accepted,2310,0.9995670995670995,0.08192306875734823,12.476142001105472,10.093144010170363,7.558170997072011,1.3313609961187467,1,0,0,,,,,,,,,,,,,,previous_cloud_bootstrap,False,1,2254,0,False,False,False,,,,inactive,,,,,,,,,,
front_end,4316761.168035136,True,icp_accepted,2366,0.9995773457311918,0.07906054763670163,9.838085010414943,7.909831998404115,5.8208169939462095,1.175028010038659,1,0,0,,,,,,,,,,,,,,previous_cloud_bootstrap,False,1,2254,0,False,False,False,,,,inactive,,,,,,,,,,
front_end,4316761.268966464,True,icp_accepted,2307,0.99913307325531,0.07089626242512347,10.052026991616003,8.101731989881955,5.582539000897668,1.2143409985583276,1,0,0,,,,,,,,,,,,,,previous_cloud_bootstrap,False,1,2254,0,False,False,False,,,,inactive,,,,,,,,,,
front_end,4316761.368930368,True,icp_accepted,2362,0.9991532599491956,0.07872620125856034,9.382188000017777,7.515691002481617,5.429110999102704,1.1270069953752682,1,0,0,,,,,,,,,,,,,,previous_cloud_bootstrap,False,1,2254,0,False,False,False,,,,inactive,,,,,,,,,,
front_end,4316761.468133408,True,icp_accepted,2313,1.0,0.07004888320011593,9.91099199745804,7.882970996433869,5.875489994650707,1.2555790017358959,1,0,0,,,,,,,,,,,,,,previous_cloud_bootstrap,False,1,2254,0,False,False,False,,,,inactive,,,,,,,,,,
front_end,4316761.569005568,True,icp_accepted,2336,0.9987157534246576,0.07594830680692953,10.73472001007758,8.505381003487855,6.272546001127921,1.0167700093006715,1,0,0,,,,,,,,,,,,,,previous_cloud_bootstrap,False,1,2254,0,False,False,False,,,,inactive,,,,,,,,,,
front_end,4316761.66814992,True,icp_accepted,2358,0.9987277353689568,0.07654560994768736,12.064358001225628,8.583798000472598,6.553112994879484,1.8938180000986904,1,0,0,,,,,,,,,,,,,,previous_cloud_bootstrap,False,1,2254,0,False,False,False,,,,inactive,,,,,,,,,,
front_end,4316761.768044672,True,icp_accepted,2354,0.9991503823279524,0.07876464706549526,10.8486530079972,8.253677995526232,6.190240994328633,1.7016069905366749,1,0,0,,,,,,,,,,,,,,previous_cloud_bootstrap,False,1,2254,0,False,False,False,,,,inactive,,,,,,,,,,
front_end,4316761.868043104,True,icp_accepted,2447,0.9975480179812015,0.08018747216684616,10.634941994794644,8.56624500011094,6.193137000082061,1.2738130026264116,1,0,0,,,,,,,,,,,,,,previous_cloud_bootstrap,False,1,2254,0,False,False,False,,,,inactive,,,,,,,,,,
front_end,4316761.968881024,True,icp_accepted,2452,1.0,0.06483024993258066,11.803749002865516,8.953102995292284,6.465337995905429,1.1241930042160675,1,0,0,,,,,,,,,,,,,,previous_cloud_bootstrap,False,1,2254,0,False,False,False,,,,inactive,,,,,,,,,,
front_end,4316762.068042464,True,icp_accepted,2498,1.0,0.07170350441113521,9.962267999071628,7.810505005181767,5.410787009168416,1.3037789904046804,1,0,0,,,,,,,,,,,,,,previous_cloud_bootstrap,False,1,2254,0,False,False,False,,,,inactive,,,,,,,,,,
front_end,4316762.168942112,True,icp_accepted,2459,1.0,0.07230130161876418,11.498333988129161,7.973881991347298,5.552030997932889,2.3214719985844567,1,0,0,,,,,,,,,,,,,,previous_cloud_bootstrap,False,1,2254,0,False,False,False,,,,inactive,,,,,,,,,,
front_end,4316762.268139488,True,icp_accepted,2448,1.0,0.07735510361922168,10.870924990740605,8.234772001742385,6.1948790098540485,1.8162719934480265,1,0,0,,,,,,,,,,,,,,previous_cloud_bootstrap,False,1,2254,0,False,False,False,,,,inactive,,,,,,,,,,
front_end,4316762.368057216,True,icp_accepted,2418,1.0,0.07760709530477396,10.402706000604667,7.836844990379177,5.810377013403922,1.7211240046890453,1,0,0,,,,,,,,,,,,,,previous_cloud_bootstrap,False,1,2254,0,False,False,False,,,,inactive,,,,,,,,,,
front_end,4316762.468038816,True,icp_accepted,2393,1.0,0.06387525665440429,12.812343004043214,10.231623993604444,7.669490005355328,1.6922100039664656,1,0,0,,,,,,,,,,,,,,previous_cloud_bootstrap,False,1,2254,0,False,False,False,,,,inactive,,,,,,,,,,
front_end,4316762.568899424,True,icp_accepted,2373,1.0,0.06942569585062053,10.273113002767786,7.96047699986957,5.970558006083593,1.4402759989025071,1,0,0,,,,,,,,,,,,,,previous_cloud_bootstrap,False,1,2254,0,False,False,False,,,,inactive,,,,,,,,,,
front_end,4316762.668156352,True,icp_accepted,2448,0.9983660130718954,0.06674426755082527,10.120645994902588,7.824761996744201,5.266987005597912,1.4681079919682816,1,0,0,,,,,,,,,,,,,,previous_cloud_bootstrap,False,1,2254,0,False,False,False,,,,inactive,,,,,,,,,,
front_end,4316762.769007776,True,icp_accepted,2488,0.9995980707395499,0.07950587218607028,10.130915004992858,7.788664006511681,5.64480600587558,1.4583800075342879,1,0,0,,,,,,,,,,,,,,previous_cloud_bootstrap,False,1,2254,0,False,False,False,,,,inactive,,,,,,,,,,
front_end,4316762.86891696,True,icp_accepted,2511,1.0,0.07617931077305452,11.200644992641173,7.980144000612199,5.922618001932278,1.7019470105879009,1,0,0,,,,,,,,,,,,,,previous_cloud_bootstrap,True,2,3127,0,False,False,False,,,,inactive,,,,,,,,,,
front_end,4316762.969065152,True,icp_accepted,2515,1.0,0.06767120994222312,10.040505992947146,7.71640898892656,5.354199995053932,1.4545830053975806,1,0,0,,,,,,,,,,,,,,previous_cloud_bootstrap,False,2,3127,0,False,False,False,,,,inactive,,,,,,,,,,
front_end,4316763.068014944,True,icp_accepted,2492,1.0,0.07039758410181633,10.20268999855034,7.8921990061644465,5.924601995502599,1.271549001103267,1,0,0,,,,,,,,,,,,,,previous_cloud_bootstrap,False,2,3127,0,False,False,False,,,,inactive,,,,,,,,,,
front_end,4316763.16894192,True,icp_accepted,2481,1.0,0.07118503240762307,10.725814005127177,8.182575009413995,6.118606994277798,1.4553840010194108,1,0,0,,,,,,,,,,,,,,previous_cloud_bootstrap,False,2,3127,0,False,False,False,,,,inactive,,,,,,,,,,
front_end,4316763.26808224,True,icp_accepted,2471,1.0,0.0772398331250955,12.294090003706515,8.864395989803597,6.508489008410834,1.7382970108883455,1,0,0,,,,,,,,,,,,,,previous_cloud_bootstrap,False,2,3127,0,False,False,False,,,,inactive,,,,,,,,,,
front_end,4316763.369069088,True,icp_accepted,2453,1.0,0.07252910360104547,12.609391997102648,9.163687995169312,6.706992004183121,1.5955280105117708,1,0,0,,,,,,,,,,,,,,previous_cloud_bootstrap,False,2,3127,0,False,False,False,,,,inactive,,,,,,,,,,
front_end,4316763.468138976,True,icp_accepted,2431,1.0,0.06443619417007257,11.296876007691026,9.195578008075245,6.309335003606975,1.0230619955109432,1,0,0,,,,,,,,,,,,,,previous_cloud_bootstrap,False,2,3127,0,False,False,False,,,,inactive,,,,,,,,,,
front_end,4316763.56799568,True,icp_accepted,2472,1.0,0.07370985897793841,11.64668399724178,9.492055003647693,7.251304006786086,1.0175520001212135,1,0,0,,,,,,,,,,,,,,previous_cloud_bootstrap,False,2,3127,0,False,False,False,,,,inactive,,,,,,,,,,
front_end,4316763.669063008,True,icp_accepted,2485,0.9987927565392354,0.07290806551416161,10.89471101295203,8.254630010924302,6.18018199747894,1.6803369944682345,1,0,0,,,,,,,,,,,,,,previous_cloud_bootstrap,False,2,3127,0,False,False,False,,,,inactive,,,,,,,,,,
front_end,4316763.768983776,True,icp_accepted,2566,0.9992205767731879,0.08104461882431313,11.004056010278873,8.14660701144021,5.739272994105704,1.9193769985577092,1,0,0,,,,,,,,,,,,,,previous_cloud_bootstrap,False,2,3127,0,False,False,False,,,,inactive,,,,,,,,,,
front_end,4316763.868048928,True,icp_accepted,2617,1.0,0.07310520046937916,10.589768004138023,8.048292002058588,5.453527002828196,1.6210859903367236,1,0,0,,,,,,,,,,,,,,previous_cloud_bootstrap,False,2,3127,0,False,False,False,,,,inactive,,,,,,,,,,
front_end,4316763.968918272,True,icp_accepted,2526,1.0,0.06942203662654226,9.91642300505191,7.571046007797122,5.209438008023426,1.3960829965071753,1,0,0,,,,,,,,,,,,,,previous_cloud_bootstrap,False,2,3127,0,False,False,False,,,,inactive,,,,,,,,,,
front_end,4316764.068977152,True,icp_accepted,2551,0.999607996863975,0.06871226639997721,9.89736701012589,7.761303000734188,5.806348999612965,1.3279450067784637,1,0,0,,,,,,,,,,,,,,previous_cloud_bootstrap,False,2,3127,0,False,False,False,,,,inactive,,,,,,,,,,
optimized_backend,,,,,,,,,,,,,,,,,,,,,,,,,,,,,,,,,,,,,,,,,2,1,0,,,,pose_graph,False
front_end,4316764.168237888,True,icp_accepted,2588,0.999227202472952,0.07355048401305189,12.54518200585153,8.60611000098288,5.892992994631641,1.6047049866756424,1,0,0,,,,,,,,,,,,,,previous_cloud_bootstrap,True,3,3787,0,False,False,False,,,,inactive,,,,,,,,,,
front_end,4316764.268837408,True,icp_accepted,2595,1.0,0.076863795226847,11.222246001125313,7.861762001994066,5.9399510064395145,2.369472000282258,1,0,0,,,,,,,,,,,,,,local_map_fast,False,3,3787,0,False,False,False,,,,inactive,,,,,,,,,,
front_end,4316764.368847424,True,icp_accepted,2481,1.0,0.07828741154463559,11.002874001860619,8.097574987914413,6.114959003753029,1.956346008228138,1,0,0,,,,,,,,,,,,,,local_map_fast,False,3,3787,0,False,False,False,,,,inactive,,,,,,,,,,
front_end,4316764.468039072,True,icp_accepted,2570,1.0,0.08070739905614627,10.444004001328722,7.737719002761878,5.54230400302913,1.7400600045220926,1,0,0,,,,,,,,,,,,,,local_map_fast,False,3,3787,0,False,False,False,,,,inactive,,,,,,,,,,
front_end,4316764.568883072,True,icp_accepted,2533,1.0,0.08144461005839464,11.60113800142426,7.975775995873846,5.6596240028738976,2.243014008854516,1,0,0,,,,,,,,,,,,,,local_map_fast,False,3,3787,0,False,False,False,,,,inactive,,,,,,,,,,
front_end,4316764.668860832,True,icp_accepted,2562,1.0,0.08315347474892833,11.027720000129193,7.994511004653759,5.471080003189854,2.0535380026558414,1,0,0,,,,,,,,,,,,,,local_map_fast,False,3,3787,0,False,False,False,,,,inactive,,,,,,,,,,
front_end,4316764.7680176,True,icp_accepted,2589,1.0,0.09629208663610546,11.031536996597424,8.274136009276845,5.76862899470143,1.7924080020748079,1,0,0,,,,,,,,,,,,,,local_map_fast,False,3,3787,0,False,False,False,,,,inactive,,,,,,,,,,
front_end,4316764.868927808,True,icp_accepted,2630,1.0,0.09434326071631675,10.819760005688295,7.785808993503451,5.192376003833488,2.1288099960656837,1,0,0,,,,,,,,,,,,,,local_map_fast,False,3,3787,0,False,False,False,,,,inactive,,,,,,,,,,
front_end,4316764.968847968,True,icp_accepted,2661,1.0,0.09701829638061078,10.299461995600723,7.592505993670784,5.155396996997297,1.8077069980790839,1,0,0,,,,,,,,,,,,,,local_map_fast,False,3,3787,0,False,False,False,,,,inactive,,,,,,,,,,
front_end,4316765.068034912,True,icp_accepted,2673,1.0,0.09918390790732602,10.440486992592923,7.650233994354494,5.336196001735516,1.9088359986199066,1,0,0,,,,,,,,,,,,,,local_map_fast,False,3,3787,0,False,False,False,,,,inactive,,,,,,,,,,
front_end,4316765.168929856,True,icp_accepted,2630,1.0,0.09593059524104872,10.036577994469553,7.061056996462867,4.592949990183115,2.0480579987633973,1,0,0,,,,,,,,,,,,,,local_map_fast,False,3,3787,0,False,False,False,,,,inactive,,,,,,,,,,
front_end,4316765.268093856,True,icp_accepted,2673,1.0,0.10476888274128451,10.732284994446672,7.666794990655035,5.6586330028949305,2.187990990933031,1,0,0,,,,,,,,,,,,,,local_map_fast,False,3,3787,0,False,False,False,,,,inactive,,,,,,,,,,
front_end,4316765.36902224,True,icp_accepted,2591,1.0,0.10942840618217804,12.258974005817436,7.946671001263894,5.373657011659816,2.086399996187538,1,0,0,,,,,,,,,,,,,,local_map_fast,True,4,4288,0,False,False,False,,,,inactive,,,,,,,,,,
front_end,4316765.4688056,True,icp_accepted,2630,1.0,0.06801869701911288,10.940706997644156,7.996614993317053,6.0332160064717755,1.9886569934897125,1,0,0,,,,,,,,,,,,,,local_map_fast,False,4,4288,0,False,False,False,,,,inactive,,,,,,,,,,
front_end,4316765.569088224,True,icp_accepted,2560,1.0,0.07002287294361359,11.121496005216613,8.476536997477524,6.521623989101499,1.7254920094273984,1,0,0,,,,,,,,,,,,,,local_map_fast,False,4,4288,0,False,False,False,,,,inactive,,,,,,,,,,
front_end,4316765.667966208,True,icp_accepted,2691,1.0,0.07224708290510747,11.032299007638358,7.96490500215441,5.519650992937386,2.092672002618201,1,0,0,,,,,,,,,,,,,,local_map_fast,False,4,4288,0,False,False,False,,,,inactive,,,,,,,,,,
front_end,4316765.768832992,True,icp_accepted,2693,1.0,0.07724104355103649,11.826240996015258,8.09940800536424,5.54032000945881,2.1814480132889003,1,0,0,,,,,,,,,,,,,,local_map_fast,False,4,4288,0,False,False,False,,,,inactive,,,,,,,,,,
front_end,4316765.868043168,True,icp_accepted,2749,1.0,0.08060473223846885,11.289863003185019,8.309833996463567,5.619428004138172,1.720753003610298,1,0,0,,,,,,,,,,,,,,local_map_fast,False,4,4288,0,False,False,False,,,,inactive,,,,,,,,,,
front_end,4316765.968939712,True,icp_accepted,2822,1.0,0.08566271599177122,12.215463008033112,8.567217999370769,5.781674000900239,2.4629179970361292,1,0,0,,,,,,,,,,,,,,local_map_fast,False,4,4288,0,False,False,False,,,,inactive,,,,,,,,,,
front_end,4316766.068906592,True,icp_accepted,2760,1.0,0.08324448204846473,11.046535990317352,8.283645001938567,6.222080992301926,1.6723930020816624,1,0,0,,,,,,,,,,,,,,local_map_fast,False,4,4288,0,False,False,False,,,,inactive,,,,,,,,,,
front_end,4316766.168006304,True,icp_accepted,2794,1.0,0.08170207442691241,12.441637009033002,8.617091007181443,6.13636001071427,2.3754940048092976,1,0,0,,,,,,,,,,,,,,local_map_fast,False,4,4288,0,False,False,False,,,,inactive,,,,,,,,,,
front_end,4316766.268926912,True,icp_accepted,2798,1.0,0.07943050898898094,11.758153006667271,8.505040008458309,6.3606909970985726,2.0139639964327216,1,0,0,,,,,,,,,,,,,,local_map_fast,False,4,4288,0,False,False,False,,,,inactive,,,,,,,,,,
front_end,4316766.368852992,True,icp_accepted,2763,1.0,0.07595034506798366,12.284931988688186,8.020208988455124,5.4153949895408005,1.9764839962590486,1,0,0,,,,,,,,,,,,,,local_map_fast,False,4,4288,0,False,False,False,,,,inactive,,,,,,,,,,
front_end,4316766.468047648,True,icp_accepted,2686,1.0,0.07738536417692356,12.027008007862605,8.471407010802068,5.7418079959461465,1.8689409916987643,1,0,0,,,,,,,,,,,,,,local_map_fast,False,4,4288,0,False,False,False,,,,inactive,,,,,,,,,,
front_end,4316766.568894848,True,icp_accepted,2629,1.0,0.08018783945341178,10.959712002659217,8.311716999742202,5.705510993720964,1.7100330005632713,1,0,0,,,,,,,,,,,,,,local_map_fast,False,4,4288,0,False,False,False,,,,inactive,,,,,,,,,,
front_end,4316766.668132384,True,icp_accepted,2685,1.0,0.08116536734135504,11.156663007568568,8.493749002809636,5.993111000861973,1.399949993356131,1,0,0,,,,,,,,,,,,,,local_map_fast,False,4,4288,0,False,False,False,,,,inactive,,,,,,,,,,
front_end,4316766.768766016,True,icp_accepted,2769,1.0,0.08093197462205928,12.240279000252485,9.085481011425145,6.339351006317884,1.7483249976066872,1,0,0,,,,,,,,,,,,,,local_map_fast,False,4,4288,0,False,False,False,,,,inactive,,,,,,,,,,
front_end,4316766.868894112,True,icp_accepted,2783,1.0,0.08732572282562374,11.983395990682766,8.15157599572558,5.725077004171908,2.2855650022393093,1,0,0,,,,,,,,,,,,,,local_map_fast,False,4,4288,0,False,False,False,,,,inactive,,,,,,,,,,
optimized_backend,,,,,,,,,,,,,,,,,,,,,,,,,,,,,,,,,,,,,,,,,3,2,0,,,,pose_graph,False
front_end,4316766.968827552,True,icp_accepted,2784,1.0,0.08870930155315097,11.780324988649227,8.799062998150475,6.0059749957872555,1.7339280020678416,1,0,0,,,,,,,,,,,,,,local_map_fast,False,4,4288,0,False,False,False,,,,inactive,,,,,,,,,,
front_end,4316767.068766688,True,icp_accepted,2796,1.0,0.09042770879481725,12.021647999063134,7.932084001367912,5.454929996631108,1.6835840069688857,1,0,0,,,,,,,,,,,,,,local_map_fast,True,5,4645,0,False,False,False,,,,inactive,,,,,,,,,,
front_end,4316767.168838208,True,icp_accepted,2713,1.0,0.06769954831670462,10.61964400287252,7.883022000896744,5.525382002815604,1.7563500005053356,1,0,0,,,,,,,,,,,,,,local_map_fast,False,5,4645,0,False,False,False,,,,inactive,,,,,,,,,,
front_end,4316767.268833952,True,icp_accepted,2748,1.0,0.07003170291781814,11.122017007437535,8.30480401054956,5.584563012234867,1.753034011926502,1,0,0,,,,,,,,,,,,,,local_map_fast,False,5,4645,0,False,False,False,,,,inactive,,,,,,,,,,
front_end,4316767.368989536,True,icp_accepted,2729,1.0,0.06786434001336192,10.9244769992074,7.95483699766919,5.877111994777806,2.0011700107716024,1,0,0,,,,,,,,,,,,,,local_map_fast,False,5,4645,0,False,False,False,,,,inactive,,,,,,,,,,
front_end,4316767.46889264,True,icp_accepted,2704,1.0,0.07127534165758698,11.253183998633176,7.817388002877124,5.837859003804624,1.9733579974854365,1,0,0,,,,,,,,,,,,,,local_map_fast,False,5,4645,0,False,False,False,,,,inactive,,,,,,,,,,
front_end,4316767.56906144,True,icp_accepted,2735,1.0,0.07679481561349585,10.46122598927468,7.451510988175869,5.11828699382022,1.7354209994664416,1,0,0,,,,,,,,,,,,,,local_map_fast,False,5,4645,0,False,False,False,,,,inactive,,,,,,,,,,
front_end,4316767.668808512,True,icp_accepted,2671,1.0,0.07789141137041208,12.38287599699106,8.510440005920827,6.025391994626261,2.3754330031806603,1,0,0,,,,,,,,,,,,,,local_map_fast,False,5,4645,0,False,False,False,,,,inactive,,,,,,,,,,
front_end,4316767.76893264,True,icp_accepted,2745,1.0,0.07438942924058539,12.674194003921002,8.388161004404537,5.9090720023959875,3.157622995786369,1,0,0,,,,,,,,,,,,,,local_map_fast,False,5,4645,0,False,False,False,,,,inactive,,,,,,,,,,
front_end,4316767.868944736,True,icp_accepted,2743,1.0,0.07782557479339598,11.510798009112477,8.196521011996083,5.747889998019673,2.145702004781924,1,0,0,,,,,,,,,,,,,,local_map_fast,False,5,4645,0,False,False,False,,,,inactive,,,,,,,,,,
front_end,4316767.969075264,True,icp_accepted,2751,1.0,0.08568278918581729,12.877305009169504,8.903388006729074,6.393964009475894,2.281366992974654,1,0,0,,,,,,,,,,,,,,local_map_fast,False,5,4645,0,False,False,False,,,,inactive,,,,,,,,,,
front_end,4316768.068793984,True,icp_accepted,2756,1.0,0.08740057129315738,11.255948993493803,8.349287993041798,5.910095002036542,1.8935080006485805,1,0,0,,,,,,,,,,,,,,local_map_fast,False,5,4645,0,False,False,False,,,,inactive,,,,,,,,,,
front_end,4316768.168781312,True,icp_accepted,2756,1.0,0.08492116523695999,11.906490995897911,8.141997997881845,5.876220995560288,2.686357998754829,1,0,0,,,,,,,,,,,,,,local_map_fast,False,5,4645,0,False,False,False,,,,inactive,,,,,,,,,,
front_end,4316768.268005504,True,icp_accepted,2788,1.0,0.08430487696159271,13.926968007581308,8.168097003363073,5.681274997186847,4.174112997134216,1,0,0,,,,,,,,,,,,,,local_map_fast,False,5,4645,0,False,False,False,,,,inactive,,,,,,,,,,
front_end,4316768.368794176,True,icp_accepted,2679,1.0,0.08331382664205916,11.477886000648141,8.263406009064056,5.77346800127998,2.0403939997777343,1,0,0,,,,,,,,,,,,,,local_map_fast,False,5,4645,0,False,False,False,,,,inactive,,,,,,,,,,
front_end,4316768.46880768,True,icp_accepted,2664,1.0,0.08381357709682452,12.51933399180416,9.114917003898881,6.4955540001392365,2.227034987299703,1,0,0,,,,,,,,,,,,,,local_map_fast,False,5,4645,0,False,False,False,,,,inactive,,,,,,,,,,
front_end,4316768.56893744,True,icp_accepted,2662,1.0,0.08771240640014316,13.966282000183128,8.601281995652243,6.095271994126961,2.235289997770451,1,0,0,,,,,,,,,,,,,,local_map_fast,True,6,4962,0,False,False,False,,,,inactive,,,,,,,,,,
front_end,4316768.668927488,True,icp_accepted,2608,1.0,0.06202963328864692,12.798868992831558,9.576733995345421,6.976678996579722,2.070941001875326,1,0,0,,,,,,,,,,,,,,local_map_fast,False,6,4962,0,False,False,False,,,,inactive,,,,,,,,,,
front_end,4316768.768762624,True,icp_accepted,2688,1.0,0.062239716990882404,11.073606001446024,7.7421769965440035,5.660565992002375,2.2344280005199835,1,0,0,,,,,,,,,,,,,,local_map_fast,False,6,4962,0,False,False,False,,,,inactive,,,,,,,,,,
front_end,4316768.867976224,True,icp_accepted,2744,0.9996355685131195,0.07083050798986015,11.619751996477135,8.02010900224559,5.617806004011072,2.3836190084693953,1,0,0,,,,,,,,,,,,,,local_map_fast,False,6,4962,0,False,False,False,,,,inactive,,,,,,,,,,
front_end,4316768.968929952,True,icp_accepted,2766,0.9996384671005062,0.07359422053667836,11.243506000027992,7.880115997977555,5.554275994654745,1.935016000061296,1,0,0,,,,,,,,,,,,,,local_map_fast,False,6,4962,0,False,False,False,,,,inactive,,,,,,,,,,
front_end,4316769.068727392,True,icp_accepted,2750,0.9996363636363637,0.07281212357332327,10.679165003239177,7.920341013232246,5.601614990155213,1.6262650024145842,1,0,0,,,,,,,,,,,,,,local_map_fast,False,6,4962,0,False,False,False,,,,inactive,,,,,,,,,,
front_end,4316769.16890048,True,icp_accepted,2714,1.0,0.0679091406172671,10.847341996850446,8.159450997482054,5.795359000330791,1.6719919949537143,1,0,0,,,,,,,,,,,,,,local_map_fast,False,6,4962,0,False,False,False,,,,inactive,,,,,,,,,,
front_end,4316769.268810432,True,icp_accepted,2677,1.0,0.06420798545548362,10.78044599853456,7.911926004453562,5.6701540015637875,1.8325839919270948,1,0,0,,,,,,,,,,,,,,local_map_fast,False,6,4962,0,False,False,False,,,,inactive,,,,,,,,,,
front_end,4316769.368787744,True,icp_accepted,2641,1.0,0.06959240401932096,9.92594999843277,7.079982999130152,5.0230979977641255,1.8853520014090464,1,0,0,,,,,,,,,,,,,,local_map_fast,False,6,4962,0,False,False,False,,,,inactive,,,,,,,,,,
front_end,4316769.46895664,True,icp_accepted,2671,1.0,0.06675027808111288,10.455725991050713,7.874165996327065,5.618397000944242,1.6077010077424347,1,0,0,,,,,,,,,,,,,,local_map_fast,False,6,4962,0,False,False,False,,,,inactive,,,,,,,,,,
front_end,4316769.568801728,True,icp_accepted,2697,1.0,0.0659782954917049,10.90454900986515,7.660884002689272,5.3852789860684425,1.7685330094536766,1,0,0,,,,,,,,,,,,,,local_map_fast,False,6,4962,0,False,False,False,,,,inactive,,,,,,,,,,
front_end,4316769.668764864,True,icp_accepted,2745,1.0,0.06533266451521658,10.77493600314483,8.043494002777152,5.397592001827434,1.6508520056959242,1,0,0,,,,,,,,,,,,,,local_map_fast,False,6,4962,0,False,False,False,,,,inactive,,,,,,,,,,
front_end,4316769.768951328,True,icp_accepted,2737,1.0,0.06602077795749145,10.622659014188685,7.754500009468757,5.526833992917091,1.8487729976186529,1,0,0,,,,,,,,,,,,,,local_map_fast,False,6,4962,0,False,False,False,,,,inactive,,,,,,,,,,
front_end,4316769.868900864,True,icp_accepted,2732,1.0,0.06847702240423752,10.600387991871685,7.749740994768217,5.356775000109337,1.8498660065233707,1,0,0,,,,,,,,,,,,,,local_map_fast,False,6,4962,0,False,False,False,,,,inactive,,,,,,,,,,
front_end,4316769.96889552,True,icp_accepted,2739,1.0,0.06990732009422827,11.886313004652038,8.84437799686566,6.091235001804307,1.5266289992723614,1,0,0,,,,,,,,,,,,,,local_map_fast,False,6,4962,0,False,False,False,,,,inactive,,,,,,,,,,
front_end,4316770.06806,True,icp_accepted,2715,1.0,0.06584793110469661,11.247913993429393,7.8893229947425425,5.739433996495791,1.813016991945915,1,0,0,,,,,,,,,,,,,,local_map_fast,False,6,4962,0,False,False,False,,,,inactive,,,,,,,,,,
front_end,4316770.168821664,True,icp_accepted,2692,1.0,0.06694569665309058,12.629220000235364,8.569471989176236,6.047984003089368,2.0894560002489015,1,0,0,,,,,,,,,,,,,,local_map_fast,False,6,4962,0,False,False,False,,,,inactive,,,,,,,,,,
front_end,4316770.268754656,True,icp_accepted,2709,1.0,0.06399418895499032,12.100565989385359,8.329500997206196,5.794566997792572,2.460053001414053,1,0,0,,,,,,,,,,,,,,local_map_fast,False,6,4962,0,False,False,False,,,,inactive,,,,,,,,,,
front_end,4316770.368853824,True,icp_accepted,2734,1.0,0.06914644326545269,12.300411995965987,8.27282499813009,5.63685099768918,2.30176500917878,1,0,0,,,,,,,,,,,,,,local_map_fast,False,6,4962,0,False,False,False,,,,inactive,,,,,,,,,,
front_end,4316770.468906784,True,icp_accepted,2733,1.0,0.07032013882098234,13.274912009364925,8.406856009969488,5.8305449929321185,2.0470570016186684,1,0,0,,,,,,,,,,,,,,local_map_fast,False,6,4962,0,False,False,False,,,,inactive,,,,,,,,,,
front_end,4316770.568743232,True,icp_accepted,2795,1.0,0.07488683280677187,11.864101004903205,7.772083001327701,5.454858997836709,2.505757991457358,1,0,0,,,,,,,,,,,,,,local_map_fast,False,6,4962,0,False,False,False,,,,inactive,,,,,,,,,,
front_end,4316770.668834304,True,icp_accepted,2834,1.0,0.07478227180868412,13.562143009039573,9.38531500287354,6.804375007050112,2.780113005428575,1,0,0,,,,,,,,,,,,,,local_map_fast,False,6,4962,0,False,False,False,,,,inactive,,,,,,,,,,
front_end,4316770.76880848,True,icp_accepted,2801,1.0,0.0823032438524036,12.514603993622586,8.449726999970153,5.950300008407794,2.2821279999334365,1,0,0,,,,,,,,,,,,,,local_map_fast,False,6,4962,0,False,False,False,,,,inactive,,,,,,,,,,
front_end,4316770.86863744,True,icp_accepted,2861,1.0,0.09063103529181595,16.24878100119531,12.490770008298568,8.856721004121937,2.0400840003276244,1,0,0,,,,,,,,,,,,,,local_map_fast,False,6,4962,0,False,False,False,,,,inactive,,,,,,,,,,
front_end,4316770.968904064,True,icp_accepted,2832,1.0,0.08529965684342856,15.247768998960964,12.092270000721328,8.470556000247598,1.773541996954009,1,0,0,,,,,,,,,,,,,,local_map_fast,False,6,4962,0,False,False,False,,,,inactive,,,,,,,,,,
front_end,4316771.068794016,True,icp_accepted,2791,1.0,0.071923926509554,14.482222002698109,9.182213005260564,6.944578999537043,2.3639919963898137,1,0,0,,,,,,,,,,,,,,local_map_fast,True,7,5204,0,False,False,False,,,,inactive,,,,,,,,,,
front_end,4316771.168939744,True,icp_accepted,2676,1.0,0.06419616985236319,11.715553002431989,7.473833000403829,5.409874007455073,2.667151013156399,1,0,0,,,,,,,,,,,,,,local_map_fast,False,7,5204,0,False,False,False,,,,inactive,,,,,,,,,,
front_end,4316771.268022656,True,icp_accepted,2682,1.0,0.06434851362273157,12.121366002247669,8.42515101248864,5.743761998019181,2.050121998763643,1,0,0,,,,,,,,,,,,,,local_map_fast,False,7,5204,0,False,False,False,,,,inactive,,,,,,,,,,
optimized_backend,,,,,,,,,,,,,,,,,,,,,,,,,,,,,,,,,,,,,,,,,4,3,0,,,,pose_graph,False
front_end,4316771.368847296,True,icp_accepted,2695,1.0,0.0643808446720863,12.825307989260182,8.805985999060795,6.280801011598669,2.1025610039941967,1,0,0,,,,,,,,,,,,,,local_map_fast,False,7,5204,0,False,False,False,,,,inactive,,,,,,,,,,
front_end,4316771.468659136,True,icp_accepted,2734,1.0,0.06751057616699013,13.468577002640814,8.99335800204426,6.427457003155723,1.7035909986589104,1,0,0,,,,,,,,,,,,,,local_map_fast,True,8,5340,0,False,False,False,,,,inactive,,,,,,,,,,
front_end,4316771.568924832,True,icp_accepted,2767,1.0,0.06346047508819483,11.83307399332989,8.443263999652117,5.708907003281638,1.9661639962578192,1,0,0,,,,,,,,,,,,,,local_map_fast,False,8,5340,0,False,False,False,,,,inactive,,,,,,,,,,
front_end,4316771.66869792,True,icp_accepted,2756,1.0,0.06739350330502254,11.527870010468177,8.0656050122343,5.647842001053505,2.0486190041992813,1,0,0,,,,,,,,,,,,,,local_map_fast,False,8,5340,0,False,False,False,,,,inactive,,,,,,,,,,
front_end,4316771.768669632,True,icp_accepted,2735,0.9996343692870201,0.07560823159096075,12.600505011505447,8.41911901079584,6.094380994909443,2.349455011426471,1,0,0,,,,,,,,,,,,,,local_map_fast,False,8,5340,0,False,False,False,,,,inactive,,,,,,,,,,
front_end,4316771.86888672,True,icp_accepted,2749,0.9974536194979993,0.0829614620426352,11.801434011431411,8.342064000316896,5.916327005252242,2.3522599949501455,1,0,0,,,,,,,,,,,,,,local_map_fast,False,8,5340,0,False,False,False,,,,inactive,,,,,,,,,,
front_end,4316771.968719296,True,icp_accepted,2715,0.9966850828729282,0.08358969852003165,13.205973009462468,8.11305400566198,5.703647009795532,1.6668419993948191,1,0,0,,,,,,,,,,,,,,local_map_fast,True,9,5576,0,False,False,False,,,,inactive,,,,,,,,,,
optimized_backend,,,,,,,,,,,,,,,,,,,,,,,,,,,,,,,,,,,,,,,,,5,4,0,,,,pose_graph,False
front_end,4316772.068699424,True,icp_accepted,2717,1.0,0.061472000624208274,13.773029000731185,9.89772799948696,6.8914989969925955,2.475009998306632,1,0,0,,,,,,,,,,,,,,local_map_fast,False,9,5576,0,False,False,False,,,,inactive,,,,,,,,,,
front_end,4316772.168787392,True,icp_accepted,2684,1.0,0.06165086231650852,13.744415002292953,9.555534008541144,7.094048996805213,2.1117379947099835,1,0,0,,,,,,,,,,,,,,local_map_fast,False,9,5576,0,False,False,False,,,,inactive,,,,,,,,,,
front_end,4316772.268728224,True,icp_accepted,2658,1.0,0.06927307298655248,12.292366998735815,8.721867998247035,5.718123997212388,2.0893460023216903,1,0,0,,,,,,,,,,,,,,local_map_fast,False,9,5576,0,False,False,False,,,,inactive,,,,,,,,,,
front_end,4316772.368790048,True,icp_accepted,2684,1.0,0.06570416219224388,11.66185199690517,8.54876299854368,5.9109370049554855,1.4790989953326061,1,0,0,,,,,,,,,,,,,,local_map_fast,False,9,5576,0,False,False,False,,,,inactive,,,,,,,,,,
front_end,4316772.468922368,True,icp_accepted,2685,1.0,0.06411663854185416,11.85778999933973,8.781750002526678,6.2862920021871105,1.7909949965542182,1,0,0,,,,,,,,,,,,,,local_map_fast,False,9,5576,0,False,False,False,,,,inactive,,,,,,,,,,
front_end,4316772.568933952,True,icp_accepted,2775,0.9996396396396396,0.07062585471386253,13.169163998099975,8.699536003405228,6.064355009584688,2.8221319953445345,1,0,0,,,,,,,,,,,,,,local_map_fast,False,9,5576,0,False,False,False,,,,inactive,,,,,,,,,,
front_end,4316772.668730624,True,icp_accepted,2756,1.0,0.08714416226720494,12.314908992266282,8.351791999302804,5.836587006342597,2.7143500046804547,1,0,0,,,,,,,,,,,,,,local_map_fast,False,9,5576,0,False,False,False,,,,inactive,,,,,,,,,,
front_end,4316772.768649504,True,icp_accepted,2774,0.9996395097332372,0.09485972473095894,12.792897003237158,8.862622999004088,6.124917999841273,2.483777003362775,1,0,0,,,,,,,,,,,,,,local_map_fast,False,9,5576,0,False,False,False,,,,inactive,,,,,,,,,,
front_end,4316772.868730688,True,icp_accepted,2801,0.9996429846483399,0.109305929065577,12.500658005592413,8.681692008394748,5.869508007890545,2.3708950029686093,1,0,0,,,,,,,,,,,,,,local_map_fast,False,9,5576,0,False,False,False,,,,inactive,,,,,,,,,,
front_end,4316772.96878544,True,icp_accepted,2795,0.998211091234347,0.09871418612012312,11.31616199563723,7.586774998344481,5.596204995526932,2.306955007952638,1,0,0,,,,,,,,,,,,,,local_map_fast,False,9,5576,0,False,False,False,,,,inactive,,,,,,,,,,
front_end,4316773.068662144,True,icp_accepted,2712,0.9996312684365781,0.08842080764138814,12.44795898674056,8.258115994976833,5.772044998593628,2.4707319971639663,1,0,0,,,,,,,,,,,,,,local_map_fast,False,9,5576,0,False,False,False,,,,inactive,,,,,,,,,,
front_end,4316773.168798272,True,icp_accepted,2626,0.9992383853769993,0.08541025736790252,13.70721499552019,8.551587001420557,5.955380009254441,2.521207003155723,1,0,0,,,,,,,,,,,,,,local_map_fast,True,10,5752,0,False,False,False,,,,inactive,,,,,,,,,,
front_end,4316773.268734496,True,icp_accepted,2678,1.0,0.06253157404021414,12.45140600076411,8.734331000596285,6.140366996987723,2.284382004290819,1,0,0,,,,,,,,,,,,,,local_map_fast,False,10,5752,0,False,False,False,,,,inactive,,,,,,,,,,
front_end,4316773.368872448,True,icp_accepted,2749,1.0,0.06315654465307743,11.227616007090546,8.166534011252224,5.59217699628789,1.8403979920549318,1,0,0,,,,,,,,,,,,,,local_map_fast,False,10,5752,0,False,False,False,,,,inactive,,,,,,,,,,
front_end,4316773.468756704,True,icp_accepted,2669,1.0,0.0641678115613473,12.039491004543379,8.371459000045434,5.726570001570508,1.7835710023064166,1,0,0,,,,,,,,,,,,,,local_map_fast,False,10,5752,0,False,False,False,,,,inactive,,,,,,,,,,
front_end,4316773.568938112,True,icp_accepted,2685,1.0,0.06285704892836767,12.96245600678958,9.07636400370393,6.6538230021251366,2.0587179897120222,1,0,0,,,,,,,,,,,,,,local_map_fast,False,10,5752,0,False,False,False,,,,inactive,,,,,,,,,,
front_end,4316773.668724,True,icp_accepted,2686,1.0,0.062197793618697476,14.244083009543829,10.506841004826128,7.811947987647727,2.042638006969355,1,0,0,,,,,,,,,,,,,,local_map_fast,False,10,5752,0,False,False,False,,,,inactive,,,,,,,,,,
front_end,4316773.768681024,True,icp_accepted,2669,1.0,0.06406424040421062,13.525263013434596,9.200096013955772,6.464025005698204,2.3066140129230917,1,0,0,,,,,,,,,,,,,,local_map_fast,False,10,5752,0,False,False,False,,,,inactive,,,,,,,,,,
front_end,4316773.868971168,True,icp_accepted,2731,1.0,0.0627923586976965,14.188169006956741,10.100689003593288,6.473632995039225,1.9509859994286671,1,0,0,,,,,,,,,,,,,,local_map_fast,False,10,5752,0,False,False,False,,,,inactive,,,,,,,,,,
front_end,4316773.968716928,True,icp_accepted,2637,1.0,0.06328462394921026,12.142495004809462,8.1338630116079,5.9121980011696,1.9194869964849204,1,0,0,,,,,,,,,,,,,,local_map_fast,False,10,5752,0,False,False,False,,,,inactive,,,,,,,,,,
front_end,4316774.068655936,True,icp_accepted,2718,1.0,0.06324616990962269,12.242343000252731,8.347405004315078,5.792304000351578,1.848993997555226,1,0,0,,,,,,,,,,,,,,local_map_fast,False,10,5752,0,False,False,False,,,,inactive,,,,,,,,,,
front_end,4316774.168713376,True,icp_accepted,2668,1.0,0.0632689899682078,11.548698996193707,8.374033990548924,5.582419005804695,1.7213350074598566,1,0,0,,,,,,,,,,,,,,local_map_fast,False,10,5752,0,False,False,False,,,,inactive,,,,,,,,,,
front_end,4316774.268645216,True,icp_accepted,2690,1.0,0.06210824722679783,11.390913001378067,7.866800995543599,5.4671120014972985,2.223959003458731,1,0,0,,,,,,,,,,,,,,local_map_fast,False,10,5752,0,False,False,False,,,,inactive,,,,,,,,,,
front_end,4316774.368890368,True,icp_accepted,2719,1.0,0.062303760509940694,11.943139994400553,8.535647997632623,6.018407992087305,2.1911070070927963,1,0,0,,,,,,,,,,,,,,local_map_fast,False,10,5752,0,False,False,False,,,,inactive,,,,,,,,,,
front_end,4316774.468659296,True,icp_accepted,2688,1.0,0.06440615670124843,11.317213997244835,7.85689199983608,5.753490011557005,1.9001499895239249,1,0,0,,,,,,,,,,,,,,local_map_fast,False,10,5752,0,False,False,False,,,,inactive,,,,,,,,,,
front_end,4316774.568796192,True,icp_accepted,2663,1.0,0.06362884311130478,10.722325998358428,7.795747005729936,5.393895000452176,1.6002860065782443,1,0,0,,,,,,,,,,,,,,local_map_fast,False,10,5752,0,False,False,False,,,,inactive,,,,,,,,,,
front_end,4316774.668614336,True,icp_accepted,2615,1.0,0.0627745355963538,12.163293999037705,8.384835004108027,5.70809499185998,1.9218509987695143,1,0,0,,,,,,,,,,,,,,local_map_fast,False,10,5752,0,False,False,False,,,,inactive,,,,,,,,,,
front_end,4316774.768645152,True,icp_accepted,2716,1.0,0.06381863607146443,10.202159013715573,7.393783002044074,5.189500996493734,1.6280790005112067,1,0,0,,,,,,,,,,,,,,local_map_fast,False,10,5752,0,False,False,False,,,,inactive,,,,,,,,,,
front_end,4316774.868796544,True,icp_accepted,2690,1.0,0.06354768344748499,10.927272000117227,7.909893000032753,5.493150994880125,1.6778930003056303,1,0,0,,,,,,,,,,,,,,local_map_fast,False,10,5752,0,False,False,False,,,,inactive,,,,,,,,,,
front_end,4316774.9687592,True,icp_accepted,2684,1.0,0.06255240329651042,12.882274997537024,8.450187000562437,5.824463994940743,1.9530200079316273,1,0,0,,,,,,,,,,,,,,local_map_fast,False,10,5752,0,False,False,False,,,,inactive,,,,,,,,,,
front_end,4316775.068675712,True,icp_accepted,2669,1.0,0.06406106971136583,12.226242004544474,8.536009001545608,5.936164001468569,1.7060160025721416,1,0,0,,,,,,,,,,,,,,local_map_fast,False,10,5752,0,False,False,False,,,,inactive,,,,,,,,,,
front_end,4316775.168866112,True,icp_accepted,2680,1.0,0.06431376109172167,14.715659010107629,10.778762007248588,6.9921279937261716,2.324588000192307,1,0,0,,,,,,,,,,,,,,local_map_fast,False,10,5752,0,False,False,False,,,,inactive,,,,,,,,,,
front_end,4316775.268776704,True,icp_accepted,2662,1.0,0.0624709925507438,13.023651001276448,9.255020006094128,6.184931000461802,1.6512929869350046,1,0,0,,,,,,,,,,,,,,local_map_fast,False,10,5752,0,False,False,False,,,,inactive,,,,,,,,,,
front_end,4316775.368896224,True,icp_accepted,2677,1.0,0.0641445126097952,12.145490996772423,9.39733799896203,6.930171002750285,1.5609730035066605,1,0,0,,,,,,,,,,,,,,local_map_fast,False,10,5752,0,False,False,False,,,,inactive,,,,,,,,,,
front_end,4316775.468852896,True,icp_accepted,2680,1.0,0.06472121371834366,12.252511995029636,8.155885006999597,5.78168299398385,2.773642001557164,1,0,0,,,,,,,,,,,,,,local_map_fast,False,10,5752,0,False,False,False,,,,inactive,,,,,,,,,,
front_end,4316775.56868976,True,icp_accepted,2687,1.0,0.0626544074444638,11.736182001186535,8.004339993931353,5.660927010467276,1.844915997935459,1,0,0,,,,,,,,,,,,,,local_map_fast,False,10,5752,0,False,False,False,,,,inactive,,,,,,,,,,
front_end,4316775.668556384,True,icp_accepted,2616,1.0,0.060708294156303,12.178131990367547,8.158198994351551,5.835354997543618,2.2022070043021813,1,0,0,,,,,,,,,,,,,,local_map_fast,False,10,5752,0,False,False,False,,,,inactive,,,,,,,,,,
front_end,4316775.768838368,True,icp_accepted,2669,1.0,0.06300877975618488,12.744487001327798,7.876199000747874,5.557210999540985,2.77202800498344,1,0,0,,,,,,,,,,,,,,local_map_fast,False,10,5752,0,False,False,False,,,,inactive,,,,,,,,,,
front_end,4316775.86875392,True,icp_accepted,2591,1.0,0.06437598291529972,13.01683799829334,8.76460800645873,6.623545006732456,2.8812939999625087,1,0,0,,,,,,,,,,,,,,local_map_fast,False,10,5752,0,False,False,False,,,,inactive,,,,,,,,,,
front_end,4316775.968553824,True,icp_accepted,2606,1.0,0.06375648177070668,12.016288004815578,7.7697180095128715,5.620491006993689,2.3653039970668033,1,0,0,,,,,,,,,,,,,,local_map_fast,False,10,5752,0,False,False,False,,,,inactive,,,,,,,,,,
optimized_backend,,,,,,,,,,,,,,,,,,,,,,,,,,,,,,,,,,,,,,,,,6,5,0,,,,pose_graph,False
front_end,4316776.068697504,True,icp_accepted,2623,1.0,0.06493122282644437,14.367144991410896,9.196810002322309,5.935662993579172,3.401170004508458,1,0,0,,,,,,,,,,,,,,local_map_fast,False,10,5752,0,False,False,False,,,,inactive,,,,,,,,,,
front_end,4316776.16859088,True,icp_accepted,2658,1.0,0.06437666898746867,12.450223002815619,8.31410200044047,5.626743004540913,2.1702480007661507,1,0,0,,,,,,,,,,,,,,local_map_fast,False,10,5752,0,False,False,False,,,,inactive,,,,,,,,,,
front_end,4316776.268520192,True,icp_accepted,2654,1.0,0.0665850721439793,11.894519004272297,8.055796002736315,5.690952995792031,2.1347409929148853,1,0,0,,,,,,,,,,,,,,local_map_fast,False,10,5752,0,False,False,False,,,,inactive,,,,,,,,,,
front_end,4316776.368681216,True,icp_accepted,2655,1.0,0.06877759929604685,12.177049997262657,7.980565002071671,5.454999991343357,2.7682910003932193,1,0,0,,,,,,,,,,,,,,local_map_fast,False,10,5752,0,False,False,False,,,,inactive,,,,,,,,,,
front_end,4316776.468634688,True,icp_accepted,2776,1.0,0.07471931621018162,12.272740001208149,8.02150199888274,5.742669993196614,2.8734279912896454,1,0,0,,,,,,,,,,,,,,local_map_fast,False,10,5752,0,False,False,False,,,,inactive,,,,,,,,,,
front_end,4316776.56784048,True,icp_accepted,2730,1.0,0.08747028627627593,13.059938995866105,8.962449996033683,5.820595994009636,2.6584049919620156,1,0,0,,,,,,,,,,,,,,local_map_fast,False,10,5752,0,False,False,False,,,,inactive,,,,,,,,,,
front_end,4316776.66878736,True,icp_accepted,2756,1.0,0.09610028213045615,11.69135699456092,7.657477995962836,5.234465003013611,2.6400500064482912,1,0,0,,,,,,,,,,,,,,local_map_fast,False,10,5752,0,False,False,False,,,,inactive,,,,,,,,,,
front_end,4316776.768650912,True,icp_accepted,2759,1.0,0.09737490600170476,11.311724010738544,8.241866002208553,5.8730849996209145,1.7776710010366514,1,0,0,,,,,,,,,,,,,,local_map_fast,False,10,5752,0,False,False,False,,,,inactive,,,,,,,,,,
front_end,4316776.868608672,True,icp_accepted,2685,1.0,0.08902064228311651,11.315992000163533,7.694497995544225,5.292293993989006,2.2728199983248487,1,0,0,,,,,,,,,,,,,,local_map_fast,False,10,5752,0,False,False,False,,,,inactive,,,,,,,,,,
front_end,4316776.968752384,True,icp_accepted,2639,1.0,0.08114630367979003,12.0585469994694,7.583419006550685,5.186455004150048,3.0099659925326705,1,0,0,,,,,,,,,,,,,,local_map_fast,False,10,5752,0,False,False,False,,,,inactive,,,,,,,,,,
front_end,4316777.06876992,True,icp_accepted,2569,0.9996107434799533,0.08507492367958973,14.266074998886324,10.027101001469418,7.435250998241827,2.5773429952096194,1,0,0,,,,,,,,,,,,,,local_map_fast,False,10,5752,0,False,False,False,,,,inactive,,,,,,,,,,
front_end,4316777.168664544,True,icp_accepted,2637,0.9992415623814941,0.09361224155879695,11.30706501135137,7.579832003102638,5.341967989807017,2.138237003237009,1,0,0,,,,,,,,,,,,,,local_map_fast,False,10,5752,0,False,False,False,,,,inactive,,,,,,,,,,
front_end,4316777.268775872,True,icp_accepted,2611,1.0,0.10426092532497439,11.172862999956124,7.757165003567934,5.41500499821268,1.8699939973885193,1,0,0,,,,,,,,,,,,,,local_map_fast,False,10,5752,0,False,False,False,,,,inactive,,,,,,,,,,
front_end,4316777.368591104,True,icp_accepted,2618,0.9977081741787625,0.11492268523435913,13.806030998239294,7.694326995988376,5.269020010018721,2.6011469890363514,1,0,0,,,,,,,,,,,,,,local_map_fast,True,11,5999,0,False,False,False,,,,inactive,,,,,,,,,,
front_end,4316777.467940416,True,icp_accepted,2684,1.0,0.07378079595538445,12.36713700927794,7.780298008583486,5.4546690080314875,3.09349199233111,1,0,0,,,,,,,,,,,,,,local_map_fast,False,11,5999,0,False,False,False,,,,inactive,,,,,,,,,,
front_end,4316777.568626976,True,icp_accepted,2770,1.0,0.0888967822843731,12.542267009848729,8.22173900087364,5.841566002345644,2.8060829936293885,1,0,0,,,,,,,,,,,,,,local_map_fast,False,11,5999,0,False,False,False,,,,inactive,,,,,,,,,,
front_end,4316777.668727552,True,icp_accepted,2738,1.0,0.10343285406559455,11.507703005918302,7.803663000231609,5.367724996176548,2.335408004000783,1,0,0,,,,,,,,,,,,,,local_map_fast,False,11,5999,0,False,False,False,,,,inactive,,,,,,,,,,
front_end,4316777.768578144,True,icp_accepted,2753,1.0,0.09623350996552589,11.777619001804851,7.7052769920555875,5.667940000421368,2.1749370062025264,1,0,0,,,,,,,,,,,,,,local_map_fast,False,11,5999,0,False,False,False,,,,inactive,,,,,,,,,,
front_end,4316777.868751424,True,icp_accepted,2668,1.0,0.09574878915432745,13.096196998958476,8.892468991689384,6.247958997846581,2.8904509963467717,1,0,0,,,,,,,,,,,,,,local_map_fast,False,11,5999,0,False,False,False,,,,inactive,,,,,,,,,,
front_end,4316777.968778816,True,icp_accepted,2682,1.0,0.10074731863409987,12.844564000261016,7.8287200012709945,5.4582349985139444,3.671469006803818,1,0,0,,,,,,,,,,,,,,local_map_fast,False,11,5999,0,False,False,False,,,,inactive,,,,,,,,,,
front_end,4316778.068598848,True,icp_accepted,2690,1.0,0.10067827806861261,10.61316201230511,7.440240005962551,5.253631010418758,2.010527008678764,1,0,0,,,,,,,,,,,,,,local_map_fast,False,11,5999,0,False,False,False,,,,inactive,,,,,,,,,,
front_end,4316778.168802048,True,icp_accepted,2648,1.0,0.10949424849089524,11.042758997064084,7.428097000229172,5.220840001129545,2.406490995781496,1,0,0,,,,,,,,,,,,,,local_map_fast,False,11,5999,0,False,False,False,,,,inactive,,,,,,,,,,
front_end,4316778.268553088,True,icp_accepted,2729,1.0,0.12662911895314394,11.941838005441241,7.848326000384986,5.5438070121454075,2.6915170019492507,1,0,0,,,,,,,,,,,,,,local_map_fast,False,11,5999,0,False,False,False,,,,inactive,,,,,,,,,,
front_end,4316778.368747136,True,icp_accepted,2770,1.0,0.14030931917318942,11.407374011469074,7.755562008242123,5.758350001997314,2.3824160016374663,1,0,0,,,,,,,,,,,,,,local_map_fast,False,11,5999,0,False,False,False,,,,inactive,,,,,,,,,,
front_end,4316778.46864112,True,icp_accepted,2799,0.998570918185066,0.15515525079456502,12.3191169986967,8.147909000399522,5.9397100121714175,2.8822860040236264,1,0,0,,,,,,,,,,,,,,local_map_fast,False,11,5999,0,False,False,False,,,,inactive,,,,,,,,,,
front_end,4316778.568666912,True,icp_accepted,2884,1.0,0.15845361463677832,11.380594005458988,7.597957010148093,5.272326001431793,2.422251011012122,1,0,0,,,,,,,,,,,,,,local_map_fast,False,11,5999,0,False,False,False,,,,inactive,,,,,,,,,,
front_end,4316778.668504736,True,icp_accepted,2891,0.9979245935662401,0.17541415947174022,11.317103999317624,7.431573991198093,5.166388000361621,2.523931994801387,1,0,0,,,,,,,,,,,,,,local_map_fast,False,11,5999,0,False,False,False,,,,inactive,,,,,,,,,,
front_end,4316778.768642688,True,icp_accepted,2909,0.9941560673771055,0.16469925838314514,14.522456986014731,7.609307998791337,5.165055001270957,2.686108011403121,1,0,0,,,,,,,,,,,,,,local_map_fast,True,12,6609,0,False,False,False,,,,inactive,,,,,,,,,,
front_end,4316778.868559008,True,icp_accepted,2880,1.0,0.0805670843533023,12.594323998200707,7.877320997067727,5.50476300122682,3.1351210054708645,1,0,0,,,,,,,,,,,,,,local_map_fast,False,12,6609,0,False,False,False,,,,inactive,,,,,,,,,,
front_end,4316778.968853408,True,icp_accepted,2801,1.0,0.07930808575926765,11.959451003349386,7.701780996285379,5.678779998561367,2.873730001738295,1,0,0,,,,,,,,,,,,,,local_map_fast,False,12,6609,0,False,False,False,,,,inactive,,,,,,,,,,
optimized_backend,,,,,,,,,,,,,,,,,,,,,,,,,,,,,,,,,,,,,,,,,7,6,0,,,,pose_graph,False
front_end,4316779.06869552,True,icp_accepted,2785,1.0,0.08836392861378153,13.417731010122225,8.6315980006475,5.938318005064502,3.125361996353604,1,0,0,,,,,,,,,,,,,,local_map_fast,False,12,6609,0,False,False,False,,,,inactive,,,,,,,,,,
front_end,4316779.16859568,True,icp_accepted,2687,1.0,0.0873166017660327,12.930336000863463,8.912646997487172,6.066468995413743,2.5319869891973212,1,0,0,,,,,,,,,,,,,,local_map_fast,False,12,6609,0,False,False,False,,,,inactive,,,,,,,,,,
front_end,4316779.268492896,True,icp_accepted,2812,1.0,0.09528238910639411,12.469420005800202,8.139894998748787,5.962363007711247,3.1530639971606433,1,0,0,,,,,,,,,,,,,,local_map_fast,False,12,6609,0,False,False,False,,,,inactive,,,,,,,,,,
front_end,4316779.368659968,True,icp_accepted,2830,1.0,0.1063673233545317,12.1345299994573,7.463173009455204,5.110230995342135,3.4006500063696876,1,0,0,,,,,,,,,,,,,,local_map_fast,False,12,6609,0,False,False,False,,,,inactive,,,,,,,,,,
front_end,4316779.468548864,True,icp_accepted,2886,1.0,0.11190907280452829,11.975321001955308,7.837056007701904,5.544808009290136,2.7891210047528148,1,0,0,,,,,,,,,,,,,,local_map_fast,False,12,6609,0,False,False,False,,,,inactive,,,,,,,,,,
front_end,4316779.56880992,True,icp_accepted,3002,0.9996668887408394,0.11692131028923207,12.38881700555794,7.7650099992752075,5.27889899967704,3.173463002895005,1,0,0,,,,,,,,,,,,,,local_map_fast,False,12,6609,0,False,False,False,,,,inactive,,,,,,,,,,
front_end,4316779.668709376,True,icp_accepted,2999,0.9996665555185061,0.12304017965391026,12.723015999654308,7.60404700122308,5.462733999593183,3.2323529885616153,1,0,0,,,,,,,,,,,,,,local_map_fast,False,12,6609,0,False,False,False,,,,inactive,,,,,,,,,,
front_end,4316779.768691104,True,icp_accepted,2985,1.0,0.11894596022949493,13.155348002328537,9.258735997718759,6.529498001327738,2.318286002264358,1,0,0,,,,,,,,,,,,,,local_map_fast,False,12,6609,0,False,False,False,,,,inactive,,,,,,,,,,
front_end,4316779.868736256,True,icp_accepted,2959,1.0,0.1356936230918321,12.445804997696541,8.284576993901283,5.691974991350435,2.6212649972876534,1,0,0,,,,,,,,,,,,,,local_map_fast,False,12,6609,0,False,False,False,,,,inactive,,,,,,,,,,
front_end,4316779.968759008,True,icp_accepted,2965,1.0,0.14006557306328402,16.33801900607068,9.789414005354047,7.033776011667214,2.751731008174829,1,0,0,,,,,,,,,,,,,,local_map_fast,True,12,6283,0,False,False,False,,,,inactive,,,,,,,,,,
front_end,4316780.068474944,True,icp_accepted,2908,1.0,0.07437516396057031,11.586068998440169,7.723471993813291,5.437426996650174,2.545663999626413,1,0,0,,,,,,,,,,,,,,local_map_fast,False,12,6283,0,False,False,False,,,,inactive,,,,,,,,,,
front_end,4316780.168654784,True,icp_accepted,2877,1.0,0.0771974040120366,11.310141009744257,7.681022005272098,5.5698859941912815,2.317614998901263,1,0,0,,,,,,,,,,,,,,local_map_fast,False,12,6283,0,False,False,False,,,,inactive,,,,,,,,,,
front_end,4316780.268635104,True,icp_accepted,2871,1.0,0.08081616597500432,12.618630003998987,8.004339993931353,5.543676990782842,2.8523390064947307,1,0,0,,,,,,,,,,,,,,local_map_fast,False,12,6283,0,False,False,False,,,,inactive,,,,,,,,,,
front_end,4316780.368746848,True,icp_accepted,3012,1.0,0.07877923370231846,12.91436499741394,7.573298993520439,5.26623499172274,2.8970340063096955,1,0,0,,,,,,,,,,,,,,local_map_fast,False,12,6283,0,False,False,False,,,,inactive,,,,,,,,,,
front_end,4316780.468673088,True,icp_accepted,3066,1.0,0.08158175164125568,12.14928799890913,7.885836996138096,5.476499994983897,2.897244004998356,1,0,0,,,,,,,,,,,,,,local_map_fast,False,12,6283,0,False,False,False,,,,inactive,,,,,,,,,,
front_end,4316780.568718432,True,icp_accepted,3075,1.0,0.09178699537777092,11.10396400326863,7.308362008188851,5.0751859962474555,2.525735995732248,1,0,0,,,,,,,,,,,,,,local_map_fast,False,12,6283,0,False,False,False,,,,inactive,,,,,,,,,,
front_end,4316780.668495232,True,icp_accepted,3184,1.0,0.10058369179156196,12.316531996475533,7.976556997164153,5.708905999199487,3.120463006780483,1,0,0,,,,,,,,,,,,,,local_map_fast,False,12,6283,0,False,False,False,,,,inactive,,,,,,,,,,
front_end,4316780.768666272,True,icp_accepted,3084,1.0,0.0949551630027754,12.045412993757054,7.903320001787506,5.539136996958405,2.681718993699178,1,0,0,,,,,,,,,,,,,,local_map_fast,False,12,6283,0,False,False,False,,,,inactive,,,,,,,,,,
front_end,4316780.868576992,True,icp_accepted,3070,1.0,0.10159388664066704,12.614511986612342,8.053301993641071,5.603127996437252,3.090597005211748,1,0,0,,,,,,,,,,,,,,local_map_fast,False,12,6283,0,False,False,False,,,,inactive,,,,,,,,,,
front_end,4316780.968750592,True,icp_accepted,3101,1.0,0.1067678263971659,11.88614300917834,7.4433859990676865,5.165745998965576,2.838482992956415,1,0,0,,,,,,,,,,,,,,local_map_fast,False,12,6283,0,False,False,False,,,,inactive,,,,,,,,,,
front_end,4316781.068666848,True,icp_accepted,3022,0.999669093315685,0.11477862790316236,11.123629999929108,7.373594009550288,5.185312998946756,2.561974004493095,1,0,0,,,,,,,,,,,,,,local_map_fast,False,12,6283,0,False,False,False,,,,inactive,,,,,,,,,,
front_end,4316781.168719136,True,icp_accepted,3027,1.0,0.11844229297206565,10.93195000430569,7.585682993521914,5.310138003551401,2.1973489929223433,1,0,0,,,,,,,,,,,,,,local_map_fast,False,12,6283,0,False,False,False,,,,inactive,,,,,,,,,,
front_end,4316781.268699424,True,icp_accepted,3086,1.0,0.11673482214734646,12.395119993016124,7.829320995369926,5.757478007581085,2.540372996008955,1,0,0,,,,,,,,,,,,,,local_map_fast,False,12,6283,0,False,False,False,,,,inactive,,,,,,,,,,
front_end,4316781.368650688,True,icp_accepted,3185,0.9996860282574568,0.12697404473564,13.431536994175985,7.4272649944759905,5.406599011621438,2.686827996512875,1,0,0,,,,,,,,,,,,,,local_map_fast,True,12,6728,0,False,False,False,,,,inactive,,,,,,,,,,
front_end,4316781.4685544,True,icp_accepted,3141,1.0,0.07309086370675391,12.749695990351029,8.209715000703,5.761345004430041,3.18868100293912,1,0,0,,,,,,,,,,,,,,local_map_fast,False,12,6728,0,False,False,False,,,,inactive,,,,,,,,,,
optimized_backend,,,,,,,,,,,,,,,,,,,,,,,,,,,,,,,,,,,,,,,,,8,7,0,,,,pose_graph,False
front_end,4316781.568722016,True,icp_accepted,3183,1.0,0.07892209536583382,12.373688994557597,7.870878995163366,5.439821004983969,3.1581240036757663,1,0,0,,,,,,,,,,,,,,local_map_fast,False,12,6728,0,False,False,False,,,,inactive,,,,,,,,,,
front_end,4316781.66869568,True,icp_accepted,3219,1.0,0.07885691019511311,12.574196007335559,7.895044996985234,5.539990001125261,3.0149149970384315,1,0,0,,,,,,,,,,,,,,local_map_fast,False,12,6728,0,False,False,False,,,,inactive,,,,,,,,,,
front_end,4316781.76878,True,icp_accepted,3203,1.0,0.08190603101610433,12.686756992479786,8.215426001697779,5.85035199765116,2.624881992232986,1,0,0,,,,,,,,,,,,,,local_map_fast,False,12,6728,0,False,False,False,,,,inactive,,,,,,,,,,
front_end,4316781.868719968,True,icp_accepted,3145,1.0,0.07712056641339218,13.044859995716251,8.187963991076685,5.7580790016800165,3.2541039981879294,1,0,0,,,,,,,,,,,,,,local_map_fast,False,12,6728,0,False,False,False,,,,inactive,,,,,,,,,,
front_end,4316781.968416672,True,icp_accepted,3151,1.0,0.07975128631002924,11.982834999798797,7.761583008687012,5.433127997093834,2.4739590007811785,1,0,0,,,,,,,,,,,,,,local_map_fast,False,12,6728,0,False,False,False,,,,inactive,,,,,,,,,,
front_end,4316782.06856752,True,icp_accepted,3125,1.0,0.082874368112696,13.186837008106522,8.534786000382155,6.004472001222894,3.27058500261046,1,0,0,,,,,,,,,,,,,,local_map_fast,False,12,6728,0,False,False,False,,,,inactive,,,,,,,,,,
front_end,4316782.168608704,True,icp_accepted,3030,1.0,0.08677915160384551,11.972997002885677,7.708864999585785,5.191183998249471,2.5991529983002692,1,0,0,,,,,,,,,,,,,,local_map_fast,False,12,6728,0,False,False,False,,,,inactive,,,,,,,,,,
front_end,4316782.268592544,True,icp_accepted,3161,1.0,0.08950459131219624,12.349944008747116,8.096492005279288,5.76000299770385,2.784711992717348,1,0,0,,,,,,,,,,,,,,local_map_fast,False,12,6728,0,False,False,False,,,,inactive,,,,,,,,,,
front_end,4316782.36867616,True,icp_accepted,3305,1.0,0.08442839307480415,12.674213998252526,7.959946000482887,5.364969998481683,3.330598003230989,1,0,0,,,,,,,,,,,,,,local_map_fast,False,12,6728,0,False,False,False,,,,inactive,,,,,,,,,,
front_end,4316782.468702912,True,icp_accepted,3187,1.0,0.09179306282097933,11.886094012879767,7.759940999676473,5.315939008141868,2.764193995972164,1,0,0,,,,,,,,,,,,,,local_map_fast,False,12,6728,0,False,False,False,,,,inactive,,,,,,,,,,
front_end,4316782.568710336,True,icp_accepted,3264,1.0,0.09568617470675962,11.878449004143476,7.229013004689477,5.21144199592527,2.948789988295175,1,0,0,,,,,,,,,,,,,,local_map_fast,False,12,6728,0,False,False,False,,,,inactive,,,,,,,,,,
front_end,4316782.6685832,True,icp_accepted,3233,1.0,0.09444847621770805,14.372795994859189,7.949496997753158,5.54189299873542,2.7498969866428524,1,0,0,,,,,,,,,,,,,,local_map_fast,True,12,7047,0,False,False,False,,,,inactive,,,,,,,,,,
front_end,4316782.768615584,True,icp_accepted,3323,1.0,0.07609693094601241,12.030865007545799,7.981096001458354,5.631250998703763,2.7108429931104183,1,0,0,,,,,,,,,,,,,,local_map_fast,False,12,7047,0,False,False,False,,,,inactive,,,,,,,,,,
front_end,4316782.868622848,True,icp_accepted,3156,1.0,0.07495676746987508,12.968627008376643,7.807800997397862,5.427637996035628,3.311312000732869,1,0,0,,,,,,,,,,,,,,local_map_fast,False,12,7047,0,False,False,False,,,,inactive,,,,,,,,,,
front_end,4316782.968506336,True,icp_accepted,3191,1.0,0.07870696573265075,14.339532994199544,9.221846994478256,6.474415000411682,3.401841997401789,1,0,0,,,,,,,,,,,,,,local_map_fast,False,12,7047,0,False,False,False,,,,inactive,,,,,,,,,,
front_end,4316783.068767008,True,icp_accepted,3181,1.0,0.07990452108181925,13.452715997118503,8.601672001532279,5.815557000460103,3.2631409994792193,1,0,0,,,,,,,,,,,,,,local_map_fast,False,12,7047,0,False,False,False,,,,inactive,,,,,,,,,,
front_end,4316783.168588256,True,icp_accepted,3106,1.0,0.0820722262135237,11.61509400117211,7.412557999487035,5.383836003602482,2.7723390085157007,1,0,0,,,,,,,,,,,,,,local_map_fast,False,12,7047,0,False,False,False,,,,inactive,,,,,,,,,,
front_end,4316783.268478624,True,icp_accepted,3253,1.0,0.09047585211859163,12.388587012537755,8.026481009437703,5.522666993783787,2.9044280090602115,1,0,0,,,,,,,,,,,,,,local_map_fast,False,12,7047,0,False,False,False,,,,inactive,,,,,,,,,,
front_end,4316783.368703936,True,icp_accepted,3192,1.0,0.08941256943845721,12.024203009787016,7.5190180068602785,5.22418599575758,3.098831992247142,1,0,0,,,,,,,,,,,,,,local_map_fast,False,12,7047,0,False,False,False,,,,inactive,,,,,,,,,,
front_end,4316783.468620768,True,icp_accepted,3232,1.0,0.08159206230048625,12.528791005024686,7.834641000954434,5.337017995771021,3.0473359947791323,1,0,0,,,,,,,,,,,,,,local_map_fast,False,12,7047,0,False,False,False,,,,inactive,,,,,,,,,,
front_end,4316783.568563456,True,icp_accepted,3231,1.0,0.0853056822271255,13.575447010225616,8.093807002296671,5.494604003615677,3.490948991384357,1,0,0,,,,,,,,,,,,,,local_map_fast,False,12,7047,0,False,False,False,,,,inactive,,,,,,,,,,
front_end,4316783.668638336,True,icp_accepted,3263,1.0,0.08138099724963334,14.292174004367553,9.14483300584834,5.586786995991133,3.326901001855731,1,0,0,,,,,,,,,,,,,,local_map_fast,False,12,7047,0,False,False,False,,,,inactive,,,,,,,,,,
front_end,4316783.768670976,True,icp_accepted,3220,1.0,0.0830050612510467,12.55131300422363,7.6297659979900345,5.542554994462989,2.7325740084052086,1,0,0,,,,,,,,,,,,,,local_map_fast,False,12,7047,0,False,False,False,,,,inactive,,,,,,,,,,
front_end,4316783.868494368,True,icp_accepted,3149,0.9996824388694824,0.08115820537129398,13.671077002072707,9.403579009813257,6.800937990192324,2.749786988715641,1,0,0,,,,,,,,,,,,,,local_map_fast,False,12,7047,0,False,False,False,,,,inactive,,,,,,,,,,
front_end,4316783.968629632,True,icp_accepted,3100,1.0,0.0848782103908187,12.074807993485592,7.832887989934534,5.536812997888774,2.7734809991670772,1,0,0,,,,,,,,,,,,,,local_map_fast,False,12,7047,0,False,False,False,,,,inactive,,,,,,,,,,
front_end,4316784.068690048,True,icp_accepted,3106,1.0,0.08650315830191814,12.225351005326957,7.866259998991154,5.4311639978550375,2.9013919993303716,1,0,0,,,,,,,,,,,,,,local_map_fast,False,12,7047,0,False,False,False,,,,inactive,,,,,,,,,,
front_end,4316784.168686208,True,icp_accepted,3150,1.0,0.08629551995898459,12.220360993524082,7.796438992954791,5.2686700073536485,2.639479993376881,1,0,0,,,,,,,,,,,,,,local_map_fast,False,12,7047,0,False,False,False,,,,inactive,,,,,,,,,,
front_end,4316784.26858656,True,icp_accepted,3098,1.0,0.08403829596034684,12.62979100283701,8.208913990529254,5.524630993022583,2.4510250077582896,1,0,0,,,,,,,,,,,,,,local_map_fast,False,12,7047,0,False,False,False,,,,inactive,,,,,,,,,,
front_end,4316784.368679936,True,icp_accepted,3161,1.0,0.08484406004666449,12.784290011040866,8.535297005437315,6.353888995363377,2.8910620021633804,1,0,0,,,,,,,,,,,,,,local_map_fast,False,12,7047,0,False,False,False,,,,inactive,,,,,,,,,,
front_end,4316784.468613984,True,icp_accepted,3195,1.0,0.08242882055323389,12.786414998117834,8.040047003305517,5.660404989612289,3.2274039986077696,1,0,0,,,,,,,,,,,,,,local_map_fast,False,12,7047,0,False,False,False,,,,inactive,,,,,,,,,,
front_end,4316784.568607488,True,icp_accepted,3224,1.0,0.08208264112888262,14.73084899771493,9.028002998093143,6.860090012196451,3.6691040004370734,1,0,0,,,,,,,,,,,,,,local_map_fast,False,12,7047,0,False,False,False,,,,inactive,,,,,,,,,,
front_end,4316784.668600608,True,icp_accepted,3195,1.0,0.08450418688029206,13.16658999712672,8.070194002357312,5.688978999387473,2.832141995895654,1,0,0,,,,,,,,,,,,,,local_map_fast,False,12,7047,0,False,False,False,,,,inactive,,,,,,,,,,
front_end,4316784.768547968,True,icp_accepted,3165,1.0,0.08106665080552748,11.697148001985624,7.95795299927704,5.644685996230692,2.2050130064599216,1,0,0,,,,,,,,,,,,,,local_map_fast,False,12,7047,0,False,False,False,,,,inactive,,,,,,,,,,
front_end,4316784.868587392,True,icp_accepted,3246,1.0,0.08599696169510748,12.150529990321957,7.777292994433083,5.489855000632815,2.92816199362278,1,0,0,,,,,,,,,,,,,,local_map_fast,False,12,7047,0,False,False,False,,,,inactive,,,,,,,,,,
front_end,4316784.96866576,True,icp_accepted,3255,1.0,0.0858366741070091,13.083723999443464,7.648732003872283,5.534438998438418,3.1654579943278804,1,0,0,,,,,,,,,,,,,,local_map_fast,False,12,7047,0,False,False,False,,,,inactive,,,,,,,,,,
front_end,4316785.068704544,True,icp_accepted,3106,1.0,0.08567212732080015,15.423349002958275,9.21105699671898,6.543014009366743,2.8586120024556294,1,0,0,,,,,,,,,,,,,,local_map_fast,True,12,7179,0,False,False,False,,,,inactive,,,,,,,,,,
front_end,4316785.168616352,True,icp_accepted,3150,1.0,0.06694088821936402,11.91039900004398,7.692212995607406,5.320387004758231,2.4419580004177988,1,0,0,,,,,,,,,,,,,,local_map_fast,False,12,7179,0,False,False,False,,,,inactive,,,,,,,,,,
front_end,4316785.268706688,True,icp_accepted,3239,0.9996912627354122,0.07750468683845231,12.486801992054097,7.711960992310196,5.297654002788477,3.262479993281886,1,0,0,,,,,,,,,,,,,,local_map_fast,False,12,7179,0,False,False,False,,,,inactive,,,,,,,,,,
optimized_backend,,,,,,,,,,,,,,,,,,,,,,,,,,,,,,,,,,,,,,,,,9,8,0,,,,pose_graph,False
front_end,4316785.368562016,True,icp_accepted,3262,1.0,0.0738081408063164,17.89432299847249,11.976813999353908,8.282823007903062,3.590916996472515,1,0,0,,,,,,,,,,,,,,local_map_fast,False,12,7179,0,False,False,False,,,,inactive,,,,,,,,,,
front_end,4316785.46863168,True,icp_accepted,3058,1.0,0.06665408837017131,12.515907001215965,8.546127995941788,5.6219030084321275,2.2703660069964826,1,0,0,,,,,,,,,,,,,,local_map_fast,False,12,7179,0,False,False,False,,,,inactive,,,,,,,,,,
front_end,4316785.568517184,True,icp_accepted,3261,1.0,0.0709775558684343,11.11782000225503,6.9835320027777925,4.798807000042871,2.6796750025823712,1,0,0,,,,,,,,,,,,,,local_map_fast,False,12,7179,0,False,False,False,,,,inactive,,,,,,,,,,
front_end,4316785.668751456,True,icp_accepted,3166,1.0,0.0740398221001632,11.249707007664256,7.764088004478253,5.311540007824078,2.0463850087253377,1,0,0,,,,,,,,,,,,,,local_map_fast,False,12,7179,0,False,False,False,,,,inactive,,,,,,,,,,
front_end,4316785.768565184,True,icp_accepted,3184,1.0,0.06940344564913298,10.703931999159977,7.258117009769194,5.046352001954801,2.0659720030380413,1,0,0,,,,,,,,,,,,,,local_map_fast,False,12,7179,0,False,False,False,,,,inactive,,,,,,,,,,
front_end,4316785.868554752,True,icp_accepted,3230,0.9996904024767802,0.07055723284383683,11.336310999467969,7.671504994505085,5.340704999980517,2.258463006000966,1,0,0,,,,,,,,,,,,,,local_map_fast,False,12,7179,0,False,False,False,,,,inactive,,,,,,,,,,
front_end,4316785.96859536,True,icp_accepted,3168,1.0,0.07306184981126994,11.375502988812514,7.456851002643816,5.235897988313809,2.5986929977079853,1,0,0,,,,,,,,,,,,,,local_map_fast,False,12,7179,0,False,False,False,,,,inactive,,,,,,,,,,
front_end,4316786.068571744,True,icp_accepted,3288,1.0,0.07347213243787916,11.486242001410574,7.4014259880641475,5.375730994273908,2.523401999496855,1,0,0,,,,,,,,,,,,,,local_map_fast,False,12,7179,0,False,False,False,,,,inactive,,,,,,,,,,
front_end,4316786.1685416,True,icp_accepted,3133,1.0,0.0707915522405449,10.178254000493325,6.685482003376819,4.617725993739441,2.1937720011919737,1,0,0,,,,,,,,,,,,,,local_map_fast,False,12,7179,0,False,False,False,,,,inactive,,,,,,,,,,
front_end,4316786.268684448,True,icp_accepted,3210,1.0,0.07098092691461892,11.330127992550842,7.45125999674201,5.5115059949457645,2.423954996629618,1,0,0,,,,,,,,,,,,,,local_map_fast,False,12,7179,0,False,False,False,,,,inactive,,,,,,,,,,
front_end,4316786.368564288,True,icp_accepted,3211,0.9996885705387729,0.07375579995736646,11.331310990499333,7.8332379925996065,5.508179005119018,2.138818003004417,1,0,0,,,,,,,,,,,,,,local_map_fast,False,12,7179,0,False,False,False,,,,inactive,,,,,,,,,,
front_end,4316786.46848592,True,icp_accepted,3118,1.0,0.06732276697223799,12.187919986899942,7.667035999475047,5.204228000366129,2.826290001394227,1,0,0,,,,,,,,,,,,,,local_map_fast,False,12,7179,0,False,False,False,,,,inactive,,,,,,,,,,
front_end,4316786.568632704,True,icp_accepted,3208,1.0,0.07349022748345618,12.436738004907966,7.81641699722968,5.3265480091795325,3.1626029958715662,1,0,0,,,,,,,,,,,,,,local_map_fast,False,12,7179,0,False,False,False,,,,inactive,,,,,,,,,,
front_end,4316786.668521184,True,icp_accepted,3107,1.0,0.0768616445325226,14.229687003535219,9.017484000651166,6.44978899799753,3.6703360092360526,1,0,0,,,,,,,,,,,,,,local_map_fast,False,12,7179,0,False,False,False,,,,inactive,,,,,,,,,,
front_end,4316786.768491648,True,icp_accepted,3064,1.0,0.07505956168030646,11.936046998016536,6.963352992897853,4.889606992946938,3.0336599884321913,1,0,0,,,,,,,,,,,,,,local_map_fast,False,12,7179,0,False,False,False,,,,inactive,,,,,,,,,,
front_end,4316786.868541664,True,icp_accepted,2962,1.0,0.07844583009787551,14.007309000589885,7.497006998164579,5.138504988281056,3.024732999620028,1,0,0,,,,,,,,,,,,,,local_map_fast,True,12,7300,0,False,False,False,,,,inactive,,,,,,,,,,
front_end,4316786.968617248,True,icp_accepted,2893,1.0,0.07189233253986267,12.012090010102838,7.8057570062810555,5.438368010800332,2.8206300048623234,1,0,0,,,,,,,,,,,,,,local_map_fast,False,12,7300,0,False,False,False,,,,inactive,,,,,,,,,,
front_end,4316787.068466944,True,icp_accepted,3040,1.0,0.08167859087234866,12.150249007390812,7.787342008668929,5.495926001458429,3.013092005858198,1,0,0,,,,,,,,,,,,,,local_map_fast,False,12,7300,0,False,False,False,,,,inactive,,,,,,,,,,
front_end,4316787.168556384,True,icp_accepted,3084,1.0,0.08324559222783559,12.266717996681109,7.716869004070759,5.360912997275591,2.8668459999607876,1,0,0,,,,,,,,,,,,,,local_map_fast,False,12,7300,0,False,False,False,,,,inactive,,,,,,,,,,
optimized_backend,,,,,,,,,,,,,,,,,,,,,,,,,,,,,,,,,,,,,,,,,10,9,0,,,,pose_graph,False
front_end,4316787.26848528,True,icp_accepted,3133,1.0,0.07575526815595884,20.413987003848888,12.269183003809303,8.921333006583154,3.5789739922620356,1,0,0,,,,,,,,,,,,,,local_map_fast,True,12,7353,0,False,False,False,,,,inactive,,,,,,,,,,
front_end,4316787.368642112,True,icp_accepted,3095,1.0,0.06713074966972604,12.13764600106515,7.313000998692587,5.014872993342578,2.8722870047204196,1,0,0,,,,,,,,,,,,,,local_map_fast,False,12,7353,0,False,False,False,,,,inactive,,,,,,,,,,
front_end,4316787.468584416,True,icp_accepted,2985,1.0,0.06602917794972529,12.527307990239933,8.493438988807611,5.749142001150176,2.483215997926891,1,0,0,,,,,,,,,,,,,,local_map_fast,False,12,7353,0,False,False,False,,,,inactive,,,,,,,,,,
front_end,4316787.568586976,True,icp_accepted,2942,1.0,0.06439502767428963,11.773992999223992,7.131901002139784,4.617376005626284,2.197188005084172,1,0,0,,,,,,,,,,,,,,local_map_fast,False,12,7353,0,False,False,False,,,,inactive,,,,,,,,,,
optimized_backend,,,,,,,,,,,,,,,,,,,,,,,,,,,,,,,,,,,,,,,,,11,10,0,,,,pose_graph,False
front_end,4316787.668523872,True,icp_accepted,2952,1.0,0.06606863579292854,16.09358900168445,8.404691994655877,5.689159006578848,3.2427319965790957,1,0,0,,,,,,,,,,,,,,local_map_fast,True,12,7377,0,False,False,False,,,,inactive,,,,,,,,,,
front_end,4316787.768609888,True,icp_accepted,2844,1.0,0.06864366813471952,12.613500002771616,8.233038999605924,5.7445540005574,2.6356120069976896,1,0,0,,,,,,,,,,,,,,local_map_fast,False,12,7377,0,False,False,False,,,,inactive,,,,,,,,,,
front_end,4316787.868541984,True,icp_accepted,2776,1.0,0.06568167668738406,12.54639400576707,8.132000002660789,5.754843004979193,2.570960990851745,1,0,0,,,,,,,,,,,,,,local_map_fast,False,12,7377,0,False,False,False,,,,inactive,,,,,,,,,,
front_end,4316787.96849008,True,icp_accepted,2737,1.0,0.06837879320662314,14.955470003769733,8.242537005571648,6.021184002747759,2.5919900072040036,1,0,0,,,,,,,,,,,,,,local_map_fast,True,12,7303,0,False,False,False,,,,inactive,,,,,,,,,,
front_end,4316788.068520608,True,icp_accepted,2763,1.0,0.061923025320952084,14.226049999706447,9.621317993151024,6.730936991516501,2.2974669991526753,1,0,0,,,,,,,,,,,,,,local_map_fast,False,12,7303,0,False,False,False,,,,inactive,,,,,,,,,,
optimized_backend,,,,,,,,,,,,,,,,,,,,,,,,,,,,,,,,,,,,,,,,,12,11,0,,,,pose_graph,False
front_end,4316788.168436864,True,icp_accepted,2788,1.0,0.06317806942934928,15.639185003237799,10.338695006794296,7.185019989265129,3.1981489883037284,1,0,0,,,,,,,,,,,,,,local_map_fast,False,12,7303,0,False,False,False,,,,inactive,,,,,,,,,,
front_end,4316788.26848208,True,icp_accepted,2760,1.0,0.06069791924014636,17.149692997918464,9.302158010541461,6.980056001339108,2.6886619889410213,1,0,0,,,,,,,,,,,,,,local_map_fast,True,12,7094,0,False,False,False,,,,inactive,,,,,,,,,,
front_end,4316788.36849888,True,icp_accepted,2756,1.0,0.0602762776648421,13.788618001854047,9.630315005779266,6.937265003216453,2.368510002270341,1,0,0,,,,,,,,,,,,,,local_map_fast,False,12,7094,0,False,False,False,,,,inactive,,,,,,,,,,
front_end,4316788.468511488,True,icp_accepted,2726,1.0,0.06026199525866693,13.53707499220036,9.038572999997996,6.4111270039575174,2.41644999186974,1,0,0,,,,,,,,,,,,,,local_map_fast,False,12,7094,0,False,False,False,,,,inactive,,,,,,,,,,
optimized_backend,,,,,,,,,,,,,,,,,,,,,,,,,,,,,,,,,,,,,,,,,13,12,0,,,,pose_graph,False
front_end,4316788.568464352,True,icp_accepted,2735,1.0,0.061631341417227634,14.603189003537409,8.121599996229634,5.954327003564686,2.313356992090121,1,0,0,,,,,,,,,,,,,,local_map_fast,True,12,6786,0,False,False,False,,,,inactive,,,,,,,,,,
front_end,4316788.668597056,True,icp_accepted,2708,1.0,0.060213290834763934,12.22719400539063,8.07420100318268,5.605653001111932,2.6946229918394238,1,0,0,,,,,,,,,,,,,,local_map_fast,False,12,6786,0,False,False,False,,,,inactive,,,,,,,,,,
front_end,4316788.768558688,True,icp_accepted,2761,1.0,0.06320415764403016,12.10749898746144,7.857613993110135,5.506276007508859,2.836398998624645,1,0,0,,,,,,,,,,,,,,local_map_fast,False,12,6786,0,False,False,False,,,,inactive,,,,,,,,,,
front_end,4316788.868475648,True,icp_accepted,2772,1.0,0.061707435051459855,13.644156002555974,7.66908899822738,5.194169003516436,2.6358819886809215,1,0,0,,,,,,,,,,,,,,local_map_fast,True,12,6436,0,False,False,False,,,,inactive,,,,,,,,,,
optimized_backend,,,,,,,,,,,,,,,,,,,,,,,,,,,,,,,,,,,,,,,,,14,13,0,,,,pose_graph,False
front_end,4316788.968616768,True,icp_accepted,2737,1.0,0.060063259869945346,12.736240998492576,8.749911008635536,6.002217007335275,2.19596600800287,1,0,0,,,,,,,,,,,,,,local_map_fast,False,12,6436,0,False,False,False,,,,inactive,,,,,,,,,,
front_end,4316789.06850704,True,icp_accepted,2759,1.0,0.06067098687073253,13.08450500073377,9.19913500547409,6.70286500826478,2.4323099933099,1,0,0,,,,,,,,,,,,,,local_map_fast,False,12,6436,0,False,False,False,,,,inactive,,,,,,,,,,
front_end,4316789.16857776,True,icp_accepted,2861,1.0,0.060177913798639855,13.118870003381744,7.204085995908827,5.263659986667335,2.7198600000701845,1,0,0,,,,,,,,,,,,,,local_map_fast,True,12,6188,0,False,False,False,,,,inactive,,,,,,,,,,
front_end,4316789.268633504,True,icp_accepted,2844,1.0,0.059002755220277564,13.557714002672583,8.360307998373173,5.837899007019587,3.6105640028836206,1,0,0,,,,,,,,,,,,,,local_map_fast,False,12,6188,0,False,False,False,,,,inactive,,,,,,,,,,
optimized_backend,,,,,,,,,,,,,,,,,,,,,,,,,,,,,,,,,,,,,,,,,15,14,0,,,,pose_graph,False
front_end,4316789.368506688,True,icp_accepted,2926,1.0,0.06110593313177817,14.186576008796692,9.693583997432142,6.642320004175417,2.583984998636879,1,0,0,,,,,,,,,,,,,,local_map_fast,False,12,6188,0,False,False,False,,,,inactive,,,,,,,,,,
front_end,4316789.468438304,True,icp_accepted,2803,1.0,0.06339160510091126,14.328511999337934,8.641707012429833,5.751596996560693,2.07570000202395,1,0,0,,,,,,,,,,,,,,local_map_fast,True,12,6022,0,False,False,False,,,,inactive,,,,,,,,,,
front_end,4316789.568582272,True,icp_accepted,2856,1.0,0.06680038640130516,12.551793988677673,8.397587997023948,5.841295002028346,2.1870099881198257,1,0,0,,,,,,,,,,,,,,local_map_fast,False,12,6022,0,False,False,False,,,,inactive,,,,,,,,,,
front_end,4316789.668438464,True,icp_accepted,2866,1.0,0.06795017632161801,12.667631992371753,8.22686799801886,5.646420002449304,2.6053649926325306,1,0,0,,,,,,,,,,,,,,local_map_fast,False,12,6022,0,False,False,False,,,,inactive,,,,,,,,,,
front_end,4316789.7684592,True,icp_accepted,2838,1.0,0.07023974507587834,11.623810001765378,6.977540004299954,4.849392003961839,2.693690999876708,1,0,0,,,,,,,,,,,,,,local_map_fast,False,12,6022,0,False,False,False,,,,inactive,,,,,,,,,,
optimized_backend,,,,,,,,,,,,,,,,,,,,,,,,,,,,,,,,,,,,,,,,,16,15,0,,,,pose_graph,False
front_end,4316789.868574272,True,icp_accepted,2822,1.0,0.0718310911311452,15.28485000017099,8.847864999552257,5.786683002952486,2.714150003157556,1,0,0,,,,,,,,,,,,,,local_map_fast,True,12,5783,0,False,False,False,,,,inactive,,,,,,,,,,
front_end,4316789.968465408,True,icp_accepted,2730,1.0,0.06286527227193511,12.355415005004033,8.32414100295864,5.890086991712451,2.304329987964593,1,0,0,,,,,,,,,,,,,,local_map_fast,False,12,5783,0,False,False,False,,,,inactive,,,,,,,,,,
front_end,4316790.068469344,True,icp_accepted,2777,0.9996398991717681,0.06544104568417991,12.84317098907195,9.458852000534534,6.52322600944899,1.6111580043798313,1,0,0,,,,,,,,,,,,,,local_map_fast,False,12,5783,0,False,False,False,,,,inactive,,,,,,,,,,
front_end,4316790.168544,True,icp_accepted,2816,1.0,0.06241957113217808,12.44389099883847,8.0934870056808,5.576879004365765,2.5207370053976774,1,0,0,,,,,,,,,,,,,,local_map_fast,False,12,5783,0,False,False,False,,,,inactive,,,,,,,,,,
front_end,4316790.268401792,True,icp_accepted,2836,1.0,0.07050608057833663,12.811121006961912,8.293652994325384,5.465759997605346,2.5091239949688315,1,0,0,,,,,,,,,,,,,,local_map_fast,False,12,5783,0,False,False,False,,,,inactive,,,,,,,,,,
front_end,4316790.36840496,True,icp_accepted,2720,1.0,0.06976707615545384,14.41188900207635,7.416956010274589,5.109750010888092,2.645671003847383,1,0,0,,,,,,,,,,,,,,local_map_fast,True,12,5533,0,False,False,False,,,,inactive,,,,,,,,,,
front_end,4316790.468564032,True,icp_accepted,2805,1.0,0.06299845827336925,11.990248996880837,7.832898001652211,5.680503003532067,2.296955994097516,1,0,0,,,,,,,,,,,,,,local_map_fast,False,12,5533,0,False,False,False,,,,inactive,,,,,,,,,,
optimized_backend,,,,,,,,,,,,,,,,,,,,,,,,,,,,,,,,,,,,,,,,,17,16,0,,,,pose_graph,False
front_end,4316790.568438848,True,icp_accepted,2791,1.0,0.06477121983776159,13.700772993615828,9.182673995383084,6.879116001073271,1.8392460042377934,1,0,0,,,,,,,,,,,,,,local_map_fast,False,12,5533,0,False,False,False,,,,inactive,,,,,,,,,,
front_end,4316790.668587296,True,icp_accepted,2748,1.0,0.06531811720201448,13.30876701103989,8.765170001424849,6.551130005391315,2.385583007708192,1,0,0,,,,,,,,,,,,,,local_map_fast,False,12,5533,0,False,False,False,,,,inactive,,,,,,,,,,
front_end,4316790.768572064,True,icp_accepted,2781,1.0,0.06773327716834548,12.100637002731673,7.924178993562236,5.776744001195766,2.5294220104115084,1,0,0,,,,,,,,,,,,,,local_map_fast,False,12,5533,0,False,False,False,,,,inactive,,,,,,,,,,
front_end,4316790.868447328,True,icp_accepted,2686,1.0,0.06699077064555643,12.231993008754216,7.974754000315443,5.551080001168884,2.2547859989572316,1,0,0,,,,,,,,,,,,,,local_map_fast,False,12,5533,0,False,False,False,,,,inactive,,,,,,,,,,
front_end,4316790.968440576,True,icp_accepted,2712,1.0,0.07287385241023388,10.088916998938657,6.863136004540138,4.681196005549282,1.7076579970307648,1,0,0,,,,,,,,,,,,,,local_map_fast,False,12,5533,0,False,False,False,,,,inactive,,,,,,,,,,
front_end,4316791.068520416,True,icp_accepted,2671,1.0,0.07298540610917591,12.962205000803806,9.158007000223733,6.5190390014322475,1.7830809956649318,1,0,0,,,,,,,,,,,,,,local_map_fast,False,12,5533,0,False,False,False,,,,inactive,,,,,,,,,,
front_end,4316791.168410304,True,icp_accepted,2660,1.0,0.0717117228214573,11.866938002640381,7.9484949965262786,5.458525993162766,2.2170260053826496,1,0,0,,,,,,,,,,,,,,local_map_fast,False,12,5533,0,False,False,False,,,,inactive,,,,,,,,,,
front_end,4316791.268385888,True,icp_accepted,2718,1.0,0.07326431350870416,13.246668997453526,8.770549000473693,5.952585008344613,2.4086360062938184,1,0,0,,,,,,,,,,,,,,local_map_fast,False,12,5533,0,False,False,False,,,,inactive,,,,,,,,,,
front_end,4316791.3685584,True,icp_accepted,2601,1.0,0.07463507100453141,13.89816400478594,9.614765003789216,6.6191270016133785,2.172923006583005,1,0,0,,,,,,,,,,,,,,local_map_fast,False,12,5533,0,False,False,False,,,,inactive,,,,,,,,,,
front_end,4316791.468435904,True,icp_accepted,2764,1.0,0.07895566332186148,13.95836699521169,9.556144999805838,6.683518004138023,2.4678369954926893,1,0,0,,,,,,,,,,,,,,local_map_fast,False,12,5533,0,False,False,False,,,,inactive,,,,,,,,,,
front_end,4316791.568353184,True,icp_accepted,2716,1.0,0.08413882972946798,11.087553008110262,7.5881070079049096,5.407029006164521,1.6734550008550286,1,0,0,,,,,,,,,,,,,,local_map_fast,False,12,5533,0,False,False,False,,,,inactive,,,,,,,,,,
front_end,4316791.66855872,True,icp_accepted,2744,1.0,0.0843401173535946,12.51675799721852,8.324782000272535,5.80130000889767,1.9439530005911365,1,0,0,,,,,,,,,,,,,,local_map_fast,False,12,5533,0,False,False,False,,,,inactive,,,,,,,,,,
front_end,4316791.768453152,True,icp_accepted,2765,1.0,0.08171264689650086,13.8952289998997,9.849406997091137,6.6778070031432435,2.1715000038966537,1,0,0,,,,,,,,,,,,,,local_map_fast,False,12,5533,0,False,False,False,,,,inactive,,,,,,,,,,
front_end,4316791.868552384,True,icp_accepted,2668,1.0,0.08383445567037885,12.578363995999098,8.817627996904776,6.20732300740201,1.8256909970659763,1,0,0,,,,,,,,,,,,,,local_map_fast,False,12,5533,0,False,False,False,,,,inactive,,,,,,,,,,
front_end,4316791.968528384,True,icp_accepted,2785,1.0,0.08718689195212236,12.007461002212949,8.088147005764768,5.469155992614105,2.0525370055111125,1,0,0,,,,,,,,,,,,,,local_map_fast,False,12,5533,0,False,False,False,,,,inactive,,,,,,,,,,
front_end,4316792.068372992,True,icp_accepted,2582,1.0,0.09735097803217271,12.15873500041198,8.027813004446216,5.64467599906493,2.331279989448376,1,0,0,,,,,,,,,,,,,,local_map_fast,False,12,5533,0,False,False,False,,,,inactive,,,,,,,,,,
front_end,4316792.168350304,True,icp_accepted,2697,1.0,0.09799958228610049,11.874211006215774,7.9202610068023205,5.984203991829418,2.1038230042904615,1,0,0,,,,,,,,,,,,,,local_map_fast,False,12,5533,0,False,False,False,,,,inactive,,,,,,,,,,
front_end,4316792.268472448,True,icp_accepted,2706,1.0,0.09798343764285329,12.222335004480556,8.188425999833271,5.668140001944266,2.2740929998690262,1,0,0,,,,,,,,,,,,,,local_map_fast,False,12,5533,0,False,False,False,,,,inactive,,,,,,,,,,
front_end,4316792.368483776,True,icp_accepted,2724,1.0,0.10186550546949853,12.560700997710228,8.26669299567584,6.131260000984184,1.921360002597794,1,0,0,,,,,,,,,,,,,,local_map_fast,False,12,5533,0,False,False,False,,,,inactive,,,,,,,,,,
front_end,4316792.468520416,True,icp_accepted,2726,1.0,0.1044840204953657,12.490809996961616,9.040517004905269,6.242308998480439,1.4967629977036268,1,0,0,,,,,,,,,,,,,,local_map_fast,False,12,5533,0,False,False,False,,,,inactive,,,,,,,,,,
front_end,4316792.56849984,True,icp_accepted,2631,1.0,0.10413426539789089,13.514453006791882,9.804072004044428,7.061598997097462,1.850366999860853,1,0,0,,,,,,,,,,,,,,local_map_fast,False,12,5533,0,False,False,False,,,,inactive,,,,,,,,,,
front_end,4316792.668358944,True,icp_accepted,2738,1.0,0.10765123114107394,12.083324007107876,8.706429012818262,5.995375002385117,1.6236910014413297,1,0,0,,,,,,,,,,,,,,local_map_fast,False,12,5533,0,False,False,False,,,,inactive,,,,,,,,,,
front_end,4316792.768470336,True,icp_accepted,2581,1.0,0.11551650282538356,13.468126009684056,9.499699008301832,7.252176001202315,1.8583420023787767,1,0,0,,,,,,,,,,,,,,local_map_fast,False,12,5533,0,False,False,False,,,,inactive,,,,,,,,,,
front_end,4316792.868378016,True,icp_accepted,2739,1.0,0.108937144849732,12.55839699297212,8.28296400140971,5.6236570089822635,2.1854759979760274,1,0,0,,,,,,,,,,,,,,local_map_fast,False,12,5533,0,False,False,False,,,,inactive,,,,,,,,,,
front_end,4316792.968526816,True,icp_accepted,2698,1.0,0.11045256264164885,11.36103599856142,8.135526004480198,5.660946000716649,1.5712720050942153,1,0,0,,,,,,,,,,,,,,local_map_fast,False,12,5533,0,False,False,False,,,,inactive,,,,,,,,,,
front_end,4316793.068517056,True,icp_accepted,2675,1.0,0.11400470267786506,11.972145002800971,8.248869009548798,5.866542996955104,1.6491979913553223,1,0,0,,,,,,,,,,,,,,local_map_fast,False,12,5533,0,False,False,False,,,,inactive,,,,,,,,,,
front_end,4316793.16846768,True,icp_accepted,2703,1.0,0.11257655789555528,11.774843995226547,7.992106999154203,5.7069430040428415,1.6703590081306174,1,0,0,,,,,,,,,,,,,,local_map_fast,False,12,5533,0,False,False,False,,,,inactive,,,,,,,,,,
front_end,4316793.268345152,True,icp_accepted,2653,1.0,0.11400479776458865,11.473617996671237,7.936342008179054,5.578862997936085,1.8709360010689124,1,0,0,,,,,,,,,,,,,,local_map_fast,False,12,5533,0,False,False,False,,,,inactive,,,,,,,,,,
front_end,4316793.36844944,True,icp_accepted,2795,1.0,0.1125873035219856,11.344035010552034,7.4107640102738515,5.411938996985555,1.7364119994454086,1,0,0,,,,,,,,,,,,,,local_map_fast,False,12,5533,0,False,False,False,,,,inactive,,,,,,,,,,
front_end,4316793.468477472,True,icp_accepted,2604,1.0,0.11795301130392828,11.41494800685905,8.031250006752089,5.657541012624279,1.7879689985420555,1,0,0,,,,,,,,,,,,,,local_map_fast,False,12,5533,0,False,False,False,,,,inactive,,,,,,,,,,
front_end,4316793.568492576,True,icp_accepted,2762,1.0,0.11474665305029846,10.943703004159033,7.730074998107739,5.3857289894949645,1.6448300011688843,1,0,0,,,,,,,,,,,,,,local_map_fast,False,12,5533,0,False,False,False,,,,inactive,,,,,,,,,,
front_end,4316793.668380256,True,icp_accepted,2727,1.0,0.11444105809127884,10.613823003950529,7.3850059998221695,5.176325998036191,1.6155759949469939,1,0,0,,,,,,,,,,,,,,local_map_fast,False,12,5533,0,False,False,False,,,,inactive,,,,,,,,,,
front_end,4316793.768481792,True,icp_accepted,2652,1.0,0.11860452596605821,12.071391000063159,8.335462000104599,5.851023001014255,1.567555998917669,1,0,0,,,,,,,,,,,,,,local_map_fast,False,12,5533,0,False,False,False,,,,inactive,,,,,,,,,,
front_end,4316793.868344096,True,icp_accepted,2738,1.0,0.1192090958907001,11.068496998632327,7.759389001876116,5.423370006610639,1.7823489906731993,1,0,0,,,,,,,,,,,,,,local_map_fast,False,12,5533,0,False,False,False,,,,inactive,,,,,,,,,,
front_end,4316793.968325824,True,icp_accepted,2721,1.0,0.11423906552405669,12.186758001917042,7.270269998116419,5.309736996423453,1.936638989718631,1,0,0,,,,,,,,,,,,,,local_map_fast,False,12,5533,0,False,False,False,,,,inactive,,,,,,,,,,
front_end,4316794.068435296,True,icp_accepted,2806,1.0,0.11197188619147423,11.032349997549318,7.881358993472531,5.614188004983589,1.6740949940867722,1,0,0,,,,,,,,,,,,,,local_map_fast,False,12,5533,0,False,False,False,,,,inactive,,,,,,,,,,
front_end,4316794.168469856,True,icp_accepted,2699,1.0,0.11576153617316486,12.495649003540166,8.417647011810914,5.899954994674772,2.1094440016895533,1,0,0,,,,,,,,,,,,,,local_map_fast,False,12,5533,0,False,False,False,,,,inactive,,,,,,,,,,
front_end,4316794.268474656,True,icp_accepted,2715,1.0,0.11409344138206798,11.822243002825417,7.901987002696842,5.615981994196773,2.3886580020189285,1,0,0,,,,,,,,,,,,,,local_map_fast,False,12,5533,0,False,False,False,,,,inactive,,,,,,,,,,
front_end,4316794.368271488,True,icp_accepted,2881,1.0,0.11152072299737183,13.988613995024934,9.441891001188196,6.3475570059381425,2.40092100284528,1,0,0,,,,,,,,,,,,,,local_map_fast,False,12,5533,0,False,False,False,,,,inactive,,,,,,,,,,
front_end,4316794.468403776,True,icp_accepted,2772,1.0,0.11560370812655284,11.82620000327006,7.815885008312762,5.336486006854102,2.0667529897764325,1,0,0,,,,,,,,,,,,,,local_map_fast,False,12,5533,0,False,False,False,,,,inactive,,,,,,,,,,
front_end,4316794.568351072,True,icp_accepted,2769,1.0,0.1206748321075946,11.614843999268487,7.338698997045867,5.3741670126328245,2.4079150025499985,1,0,0,,,,,,,,,,,,,,local_map_fast,False,12,5533,0,False,False,False,,,,inactive,,,,,,,,,,
front_end,4316794.668480576,True,icp_accepted,2707,1.0,0.11359875124026847,12.065520990290679,7.811928997398354,5.52816700655967,2.227735996711999,1,0,0,,,,,,,,,,,,,,local_map_fast,False,12,5533,0,False,False,False,,,,inactive,,,,,,,,,,
front_end,4316794.768388448,True,icp_accepted,2844,1.0,0.11760914879727244,12.300021000555716,7.86191200313624,5.548014989471994,2.659065998159349,1,0,0,,,,,,,,,,,,,,local_map_fast,False,12,5533,0,False,False,False,,,,inactive,,,,,,,,,,
front_end,4316794.86833376,True,icp_accepted,2763,1.0,0.1161280043643979,12.800301003153436,8.282523005618714,5.710729994461872,2.9238840070320293,1,0,0,,,,,,,,,,,,,,local_map_fast,False,12,5533,0,False,False,False,,,,inactive,,,,,,,,,,
front_end,4316794.9682864,True,icp_accepted,2880,1.0,0.11286486433731613,11.063086989452131,6.756766000762582,4.731288994662464,2.6089519960805774,1,0,0,,,,,,,,,,,,,,local_map_fast,False,12,5533,0,False,False,False,,,,inactive,,,,,,,,,,
front_end,4316795.068467872,True,icp_accepted,2813,0.9996445076430857,0.11534867789888469,12.150359994848259,8.002456990652718,5.6339650036534294,2.4151680117938668,1,0,0,,,,,,,,,,,,,,local_map_fast,False,12,5533,0,False,False,False,,,,inactive,,,,,,,,,,
front_end,4316795.16829728,True,icp_accepted,2852,1.0,0.11731087026339332,11.382067008526064,7.4317639955552295,5.359160000807606,2.1686750114895403,1,0,0,,,,,,,,,,,,,,local_map_fast,False,12,5533,0,False,False,False,,,,inactive,,,,,,,,,,
front_end,4316795.268413312,True,icp_accepted,2820,1.0,0.11804659090607073,14.019091002410278,8.279717003460974,5.720669010770507,2.056674988125451,1,0,0,,,,,,,,,,,,,,local_map_fast,True,12,5588,0,False,False,False,,,,inactive,,,,,,,,,,
front_end,4316795.368454496,True,icp_accepted,2795,1.0,0.06569543329486731,13.020345009863377,8.011754005565308,5.444109003292397,3.1515609880443662,1,0,0,,,,,,,,,,,,,,local_map_fast,False,12,5588,0,False,False,False,,,,inactive,,,,,,,,,,
front_end,4316795.46833664,True,icp_accepted,2894,1.0,0.07594433917195552,11.939424002775922,7.4514409934636205,5.211272000451572,2.7155529969604686,1,0,0,,,,,,,,,,,,,,local_map_fast,False,12,5588,0,False,False,False,,,,inactive,,,,,,,,,,
front_end,4316795.568463392,True,icp_accepted,2752,1.0,0.07673848797403753,12.868038000306115,7.76360699092038,5.491007003001869,2.461465002852492,1,0,0,,,,,,,,,,,,,,local_map_fast,False,12,5588,0,False,False,False,,,,inactive,,,,,,,,,,
front_end,4316795.668298592,True,icp_accepted,2831,1.0,0.07557061101550498,12.078163999831304,7.452202000422403,5.302492994815111,2.792245999444276,1,0,0,,,,,,,,,,,,,,local_map_fast,False,12,5588,0,False,False,False,,,,inactive,,,,,,,,,,
front_end,4316795.768292896,True,icp_accepted,2839,1.0,0.07286215651797932,11.902223996003158,8.146737003698945,6.228722995729186,2.0908190053887665,1,0,0,,,,,,,,,,,,,,local_map_fast,False,12,5588,0,False,False,False,,,,inactive,,,,,,,,,,
front_end,4316795.868434432,True,icp_accepted,2917,1.0,0.07845653993759029,12.357048006379046,8.011312995222397,5.727281997678801,2.6656690024537966,1,0,0,,,,,,,,,,,,,,local_map_fast,False,12,5588,0,False,False,False,,,,inactive,,,,,,,,,,
front_end,4316795.968312832,True,icp_accepted,2910,1.0,0.08254203816202642,12.086620001355186,8.058350998908281,5.813823008793406,2.4288540007546544,1,0,0,,,,,,,,,,,,,,local_map_fast,False,12,5588,0,False,False,False,,,,inactive,,,,,,,,,,
front_end,4316796.068302592,True,icp_accepted,2819,1.0,0.08309765012049967,11.762019988964312,7.537612997111864,5.199790000915527,2.455042995279655,1,0,0,,,,,,,,,,,,,,local_map_fast,False,12,5588,0,False,False,False,,,,inactive,,,,,,,,,,
front_end,4316796.168396736,True,icp_accepted,2896,1.0,0.08799171853945867,11.837301994091831,7.794494988047518,5.410757003119215,2.3048410075716674,1,0,0,,,,,,,,,,,,,,local_map_fast,False,12,5588,0,False,False,False,,,,inactive,,,,,,,,,,
front_end,4316796.26834736,True,icp_accepted,2850,1.0,0.09265592622108368,11.996129993349314,8.026861993130296,5.655615997966379,2.4113609979394823,1,0,0,,,,,,,,,,,,,,local_map_fast,False,12,5588,0,False,False,False,,,,inactive,,,,,,,,,,
front_end,4316796.368388384,True,icp_accepted,2843,1.0,0.09685974986868537,12.644979011383839,6.6467389988247305,4.662841005483642,2.709631997277029,1,0,0,,,,,,,,,,,,,,local_map_fast,True,12,5758,0,False,False,False,,,,inactive,,,,,,,,,,
optimized_backend,,,,,,,,,,,,,,,,,,,,,,,,,,,,,,,,,,,,,,,,,18,17,0,,,,pose_graph,False
front_end,4316796.468439136,True,icp_accepted,2796,1.0,0.06629553888473938,16.82123600039631,12.326761003350839,8.986664994154125,2.7773589972639456,1,0,0,,,,,,,,,,,,,,local_map_fast,False,12,5758,0,False,False,False,,,,inactive,,,,,,,,,,
front_end,4316796.568307712,True,icp_accepted,2838,1.0,0.06908677471141822,16.38123999873642,11.705994998919778,8.18755300133489,2.3819950001779944,1,0,0,,,,,,,,,,,,,,local_map_fast,False,12,5758,0,False,False,False,,,,inactive,,,,,,,,,,
front_end,4316796.66838368,True,icp_accepted,2794,1.0,0.06996635568077395,12.888967001345009,8.034786995267496,5.524970998521894,2.457737995428033,1,0,0,,,,,,,,,,,,,,local_map_fast,False,12,5758,0,False,False,False,,,,inactive,,,,,,,,,,
front_end,4316796.76825536,True,icp_accepted,2821,1.0,0.07266964212822023,13.143635995220393,8.631407996290363,6.125579006038606,2.5401629973202944,1,0,0,,,,,,,,,,,,,,local_map_fast,False,12,5758,0,False,False,False,,,,inactive,,,,,,,,,,
front_end,4316796.868256352,True,icp_accepted,2966,1.0,0.07719197214793015,12.626404000911862,8.043844005442224,5.568031992879696,2.563877002103254,1,0,0,,,,,,,,,,,,,,local_map_fast,False,12,5758,0,False,False,False,,,,inactive,,,,,,,,,,
front_end,4316796.968435104,True,icp_accepted,2800,1.0,0.08194291454617132,11.78412200533785,7.431033009197563,5.545901003642939,2.5941549974959344,1,0,0,,,,,,,,,,,,,,local_map_fast,False,12,5758,0,False,False,False,,,,inactive,,,,,,,,,,
front_end,4316797.068272352,True,icp_accepted,2939,1.0,0.08467003007178846,12.4477789941011,7.799945989972912,5.47909400484059,2.796735003357753,1,0,0,,,,,,,,,,,,,,local_map_fast,False,12,5758,0,False,False,False,,,,inactive,,,,,,,,,,
front_end,4316797.16830832,True,icp_accepted,2966,1.0,0.08901735247290313,13.22256401181221,8.539565009414218,5.886480998015031,2.4198559985961765,1,0,0,,,,,,,,,,,,,,local_map_fast,False,12,5758,0,False,False,False,,,,inactive,,,,,,,,,,
front_end,4316797.26840816,True,icp_accepted,2830,1.0,0.0930837160984066,13.15186099964194,9.13888099603355,6.231118008145131,1.960602996405214,1,0,0,,,,,,,,,,,,,,local_map_fast,False,12,5758,0,False,False,False,,,,inactive,,,,,,,,,,
front_end,4316797.368442528,True,icp_accepted,2885,1.0,0.09299409016555599,12.39080200321041,8.177153998985887,5.883585006813519,2.2790020011598244,1,0,0,,,,,,,,,,,,,,local_map_fast,False,12,5758,0,False,False,False,,,,inactive,,,,,,,,,,
front_end,4316797.468396128,True,icp_accepted,2793,1.0,0.09166579579018846,13.797545005218126,7.882731006247923,5.464857997139916,2.5621439999667928,1,0,0,,,,,,,,,,,,,,local_map_fast,True,12,5850,0,False,False,False,,,,inactive,,,,,,,,,,
front_end,4316797.56840144,True,icp_accepted,2877,1.0,0.06553013062888849,12.028411001665518,7.6204389915801585,5.591285997070372,2.552254998590797,1,0,0,,,,,,,,,,,,,,local_map_fast,False,12,5850,0,False,False,False,,,,inactive,,,,,,,,,,
front_end,4316797.668368512,True,icp_accepted,2709,1.0,0.07065475982836254,12.520575997768901,7.851592992665246,5.438148000393994,2.5041150074684992,1,0,0,,,,,,,,,,,,,,local_map_fast,False,12,5850,0,False,False,False,,,,inactive,,,,,,,,,,
front_end,4316797.7682336,True,icp_accepted,2835,1.0,0.0702960080203605,12.884769996162504,8.701238999492489,5.995554995024577,2.3766049998812377,1,0,0,,,,,,,,,,,,,,local_map_fast,False,12,5850,0,False,False,False,,,,inactive,,,,,,,,,,
front_end,4316797.868403168,True,icp_accepted,2805,1.0,0.07284629930493419,13.112778004142456,8.424148996709846,5.937426001764834,2.6135209918720648,1,0,0,,,,,,,,,,,,,,local_map_fast,False,12,5850,0,False,False,False,,,,inactive,,,,,,,,,,
front_end,4316797.968251456,True,icp_accepted,2812,1.0,0.07901839751554238,12.40024900471326,7.905874997959472,5.565207000472583,2.602209002361633,1,0,0,,,,,,,,,,,,,,local_map_fast,False,12,5850,0,False,False,False,,,,inactive,,,,,,,,,,
front_end,4316798.068215328,True,icp_accepted,2868,1.0,0.08825086765151646,12.11135600169655,7.595831993967295,5.335584995918907,2.64753500232473,1,0,0,,,,,,,,,,,,,,local_map_fast,False,12,5850,0,False,False,False,,,,inactive,,,,,,,,,,
front_end,4316798.168250688,True,icp_accepted,2795,1.0,0.0910891638321189,12.166139989858493,7.891228000517003,5.923981007072143,2.4513959942851216,1,0,0,,,,,,,,,,,,,,local_map_fast,False,12,5850,0,False,False,False,,,,inactive,,,,,,,,,,
front_end,4316798.268402752,True,icp_accepted,2841,1.0,0.0907319442766522,12.253634005901404,8.109507005428895,5.495254998095334,2.4525079934392124,1,0,0,,,,,,,,,,,,,,local_map_fast,False,12,5850,0,False,False,False,,,,inactive,,,,,,,,,,
front_end,4316798.36837952,True,icp_accepted,2778,1.0,0.09178207843988799,12.687459005974233,7.9464709997409955,5.622214011964388,2.779282003757544,1,0,0,,,,,,,,,,,,,,local_map_fast,False,12,5850,0,False,False,False,,,,inactive,,,,,,,,,,
optimized_backend,,,,,,,,,,,,,,,,,,,,,,,,,,,,,,,,,,,,,,,,,19,18,0,,,,pose_graph,False
front_end,4316798.468385696,True,icp_accepted,2784,1.0,0.09215535582109363,18.000001000473276,10.102903004735708,7.744031012407504,2.5949659902835265,1,0,0,,,,,,,,,,,,,,local_map_fast,True,12,6028,0,False,False,False,,,,inactive,,,,,,,,,,
front_end,4316798.568343136,True,icp_accepted,2748,1.0,0.06620826717325397,12.30545098951552,7.511823991080746,5.325215999619104,2.866907001589425,1,0,0,,,,,,,,,,,,,,local_map_fast,False,12,6028,0,False,False,False,,,,inactive,,,,,,,,,,
front_end,4316798.668297376,True,icp_accepted,2858,1.0,0.07342365000977592,12.031395992380567,7.8742850018898025,5.47345400264021,2.3897409992059693,1,0,0,,,,,,,,,,,,,,local_map_fast,False,12,6028,0,False,False,False,,,,inactive,,,,,,,,,,
front_end,4316798.768204416,True,icp_accepted,2833,1.0,0.07480214091806692,11.405821001972072,6.925313005922362,4.866453993599862,2.7630520053207874,1,0,0,,,,,,,,,,,,,,local_map_fast,False,12,6028,0,False,False,False,,,,inactive,,,,,,,,,,
front_end,4316798.868348512,True,icp_accepted,2847,1.0,0.08020333843512194,12.452577007934451,7.752186007564887,5.404303999966942,2.947428001789376,1,0,0,,,,,,,,,,,,,,local_map_fast,False,12,6028,0,False,False,False,,,,inactive,,,,,,,,,,
front_end,4316798.96819648,True,icp_accepted,2897,1.0,0.08677076277937246,12.350806995527819,7.704086005105637,5.734715989092365,2.761248004389927,1,0,0,,,,,,,,,,,,,,local_map_fast,False,12,6028,0,False,False,False,,,,inactive,,,,,,,,,,
front_end,4316799.068342688,True,icp_accepted,2831,1.0,0.08958346320822991,14.245476995711215,9.039865995873697,6.416657008230686,2.877987004467286,1,0,0,,,,,,,,,,,,,,local_map_fast,False,12,6028,0,False,False,False,,,,inactive,,,,,,,,,,
front_end,4316799.16823328,True,icp_accepted,2821,1.0,0.08860159281828693,14.477692995569669,9.692370993434452,6.727330997819081,2.2121460060589015,1,0,0,,,,,,,,,,,,,,local_map_fast,False,12,6028,0,False,False,False,,,,inactive,,,,,,,,,,
front_end,4316799.26828544,True,icp_accepted,2795,1.0,0.09521800191210358,14.087760995607823,9.477818995947018,6.666746994596906,2.2952430008444935,1,0,0,,,,,,,,,,,,,,local_map_fast,False,12,6028,0,False,False,False,,,,inactive,,,,,,,,,,
front_end,4316799.368198816,True,icp_accepted,2849,1.0,0.0952091949334292,13.772557998890989,8.984400992630981,6.665553999482654,2.5528760015731677,1,0,0,,,,,,,,,,,,,,local_map_fast,False,12,6028,0,False,False,False,,,,inactive,,,,,,,,,,
front_end,4316799.468304736,True,icp_accepted,2832,1.0,0.09307860472646848,14.834633999271318,8.277012006146833,6.109740003012121,2.653716001077555,1,0,0,,,,,,,,,,,,,,local_map_fast,True,12,6277,0,False,False,False,,,,inactive,,,,,,,,,,
front_end,4316799.56820464,True,icp_accepted,2758,1.0,0.0670940963855232,12.929154006997123,8.288052995339967,5.870421009603888,2.5090749986702576,1,0,0,,,,,,,,,,,,,,local_map_fast,False,12,6277,0,False,False,False,,,,inactive,,,,,,,,,,
front_end,4316799.668284832,True,icp_accepted,2793,1.0,0.07492656024184617,12.786414998117834,7.9509990027872846,5.526715001906268,2.546414005337283,1,0,0,,,,,,,,,,,,,,local_map_fast,False,12,6277,0,False,False,False,,,,inactive,,,,,,,,,,
front_end,4316799.768349792,True,icp_accepted,2714,1.0,0.0759173563290927,12.962024993612431,8.165872990502976,5.6605559948366135,2.867478004191071,1,0,0,,,,,,,,,,,,,,local_map_fast,False,12,6277,0,False,False,False,,,,inactive,,,,,,,,,,
front_end,4316799.8682848,True,icp_accepted,2807,1.0,0.07342726996023677,13.152232000720687,7.854387004044838,5.519982005353086,2.9946759896120057,1,0,0,,,,,,,,,,,,,,local_map_fast,False,12,6277,0,False,False,False,,,,inactive,,,,,,,,,,
front_end,4316799.968258624,True,icp_accepted,2727,0.9996332966629996,0.07868722040589692,12.654617996304296,7.863524995627813,5.833892006194219,2.825438990839757,1,0,0,,,,,,,,,,,,,,local_map_fast,False,12,6277,0,False,False,False,,,,inactive,,,,,,,,,,
front_end,4316800.068168192,True,icp_accepted,2783,0.9992813510600072,0.08335206188613577,14.602437993744388,9.464533999562263,6.9403399975271896,2.7218839968554676,1,0,0,,,,,,,,,,,,,,local_map_fast,False,12,6277,0,False,False,False,,,,inactive,,,,,,,,,,
front_end,4316800.16814208,True,icp_accepted,2702,1.0,0.08661905593646814,13.112147003994323,8.717920994968154,5.919561997870915,2.0592389919329435,1,0,0,,,,,,,,,,,,,,local_map_fast,False,12,6277,0,False,False,False,,,,inactive,,,,,,,,,,
optimized_backend,,,,,,,,,,,,,,,,,,,,,,,,,,,,,,,,,,,,,,,,,20,19,0,,,,pose_graph,False
front_end,4316800.268168128,True,icp_accepted,2781,0.9989212513484358,0.08144932987406572,13.580236001871526,8.722529004444368,6.050408002920449,2.4435919913230464,1,0,0,,,,,,,,,,,,,,local_map_fast,False,12,6277,0,False,False,False,,,,inactive,,,,,,,,,,
front_end,4316800.36826736,True,icp_accepted,2726,0.9988994864269992,0.08207866574350785,15.55314399593044,8.312309000757523,6.127624001237564,3.167340997606516,1,0,0,,,,,,,,,,,,,,local_map_fast,True,12,6443,0,False,False,False,,,,inactive,,,,,,,,,,
front_end,4316800.468177088,True,icp_accepted,2660,1.0,0.07252899115284084,13.276445999508724,8.407797999097966,6.033767000189982,2.5811090017668903,1,0,0,,,,,,,,,,,,,,local_map_fast,False,12,6443,0,False,False,False,,,,inactive,,,,,,,,,,
front_end,4316800.568239136,True,icp_accepted,2678,1.0,0.06651680533429868,12.815109002985992,8.123863997752778,5.916416994296014,2.366978005738929,1,0,0,,,,,,,,,,,,,,local_map_fast,False,12,6443,0,False,False,False,,,,inactive,,,,,,,,,,
front_end,4316800.6682304,True,icp_accepted,2559,1.0,0.06983631994869333,13.042576989391819,8.054052988882177,5.603908997727558,2.375163006945513,1,0,0,,,,,,,,,,,,,,local_map_fast,False,12,6443,0,False,False,False,,,,inactive,,,,,,,,,,
front_end,4316800.768223072,True,icp_accepted,2635,1.0,0.07486302391696482,12.47662300011143,7.714355000643991,5.515263008419424,2.694562994292937,1,0,0,,,,,,,,,,,,,,local_map_fast,False,12,6443,0,False,False,False,,,,inactive,,,,,,,,,,
front_end,4316800.868121248,True,icp_accepted,2635,1.0,0.07362782538624339,12.79952899494674,7.930439998744987,5.54371700854972,2.9841470095561817,1,0,0,,,,,,,,,,,,,,local_map_fast,False,12,6443,0,False,False,False,,,,inactive,,,,,,,,,,
front_end,4316800.968291264,True,icp_accepted,2647,1.0,0.07686796020642298,12.758051991113462,7.981998001923785,5.663842006470077,2.355646007345058,1,0,0,,,,,,,,,,,,,,local_map_fast,False,12,6443,0,False,False,False,,,,inactive,,,,,,,,,,
front_end,4316801.068133216,True,icp_accepted,2674,1.0,0.08189519835460761,12.397965008858591,7.887601008405909,5.592888992396183,2.710472996113822,1,0,0,,,,,,,,,,,,,,local_map_fast,False,12,6443,0,False,False,False,,,,inactive,,,,,,,,,,
front_end,4316801.16816032,True,icp_accepted,2620,1.0,0.0873469596576216,11.51326298713684,7.514699987950735,5.613568006083369,2.2238779929466546,1,0,0,,,,,,,,,,,,,,local_map_fast,False,12,6443,0,False,False,False,,,,inactive,,,,,,,,,,
front_end,4316801.268202272,True,icp_accepted,2664,1.0,0.08391831026901862,12.087000999599695,7.930200998089276,5.574543989496306,2.211786006228067,1,0,0,,,,,,,,,,,,,,local_map_fast,False,12,6443,0,False,False,False,,,,inactive,,,,,,,,,,
front_end,4316801.36814832,True,icp_accepted,2504,1.0,0.08238835730874604,12.091459007933736,7.787562004523352,5.332098997314461,2.5403330073459074,1,0,0,,,,,,,,,,,,,,local_map_fast,False,12,6443,0,False,False,False,,,,inactive,,,,,,,,,,
front_end,4316801.468297632,True,icp_accepted,2589,1.0,0.08588837896866885,14.568954007700086,7.977268003742211,5.543054998270236,3.0805679998593405,1,0,0,,,,,,,,,,,,,,local_map_fast,True,12,6437,0,False,False,False,,,,inactive,,,,,,,,,,
front_end,4316801.568222944,True,icp_accepted,2524,1.0,0.06590550551714591,12.210703003802337,7.922065007733181,5.750434997025877,2.466274003381841,1,0,0,,,,,,,,,,,,,,local_map_fast,False,12,6437,0,False,False,False,,,,inactive,,,,,,,,,,
front_end,4316801.668110048,True,icp_accepted,2527,1.0,0.0689352686946128,12.345966999419034,7.79314199462533,5.44203601020854,2.477995993103832,1,0,0,,,,,,,,,,,,,,local_map_fast,False,12,6437,0,False,False,False,,,,inactive,,,,,,,,,,
front_end,4316801.768217088,True,icp_accepted,2523,1.0,0.073588325428289,11.768092008423992,7.72802100982517,5.786031993920915,2.2265439911279827,1,0,0,,,,,,,,,,,,,,local_map_fast,False,12,6437,0,False,False,False,,,,inactive,,,,,,,,,,
front_end,4316801.868269568,True,icp_accepted,2505,1.0,0.08350089487719502,12.193682006909512,7.906536004156806,5.903091994696297,2.426469000056386,1,0,0,,,,,,,,,,,,,,local_map_fast,False,12,6437,0,False,False,False,,,,inactive,,,,,,,,,,
front_end,4316801.968202144,True,icp_accepted,2577,0.9980597594101669,0.09841084858460405,13.438990994472988,8.56483199459035,6.053493998479098,2.9744589992333204,1,0,0,,,,,,,,,,,,,,local_map_fast,False,12,6437,0,False,False,False,,,,inactive,,,,,,,,,,
front_end,4316802.068239264,True,icp_accepted,2612,0.9919601837672282,0.10560811323035559,12.968587994691916,7.397759996820241,5.082378993392922,2.3514179920312017,1,0,0,,,,,,,,,,,,,,local_map_fast,False,12,6437,0,False,False,False,,,,inactive,,,,,,,,,,
front_end,4316802.168225024,True,icp_accepted,2654,0.9947249434815373,0.1326910304634645,12.330888988799416,8.067167989793234,5.58797900157515,2.180746989324689,1,0,0,,,,,,,,,,,,,,local_map_fast,False,12,6437,0,False,False,False,,,,inactive,,,,,,,,,,
optimized_backend,,,,,,,,,,,,,,,,,,,,,,,,,,,,,,,,,,,,,,,,,21,20,0,,,,pose_graph,False
front_end,4316802.268203136,True,icp_accepted,2646,0.9965986394557823,0.1427550539064757,12.517540002590977,8.422925995546393,5.898203002288938,2.277038001921028,1,0,0,,,,,,,,,,,,,,local_map_fast,False,12,6437,0,False,False,False,,,,inactive,,,,,,,,,,
front_end,4316802.368265952,True,icp_accepted,2546,0.9945011783189317,0.14131968852905313,11.960222997004166,7.402499002637342,5.354712004191242,2.3163729929365218,1,0,0,,,,,,,,,,,,,,local_map_fast,False,12,6437,0,False,False,False,,,,inactive,,,,,,,,,,
front_end,4316802.468156672,True,icp_accepted,2568,0.993380062305296,0.1254264185665586,13.538918996346183,7.758979001664557,5.475659010699019,2.9141449922462925,1,0,0,,,,,,,,,,,,,,local_map_fast,False,12,6437,0,False,False,False,,,,inactive,,,,,,,,,,
front_end,4316802.568264192,True,icp_accepted,2530,0.9944664031620554,0.146543336010943,13.275232995511033,7.46662900201045,5.247389999567531,2.459039998939261,1,0,0,,,,,,,,,,,,,,local_map_fast,True,12,6640,0,False,False,False,,,,inactive,,,,,,,,,,
front_end,4316802.668281856,True,icp_accepted,2556,1.0,0.06945418547121687,15.252629003953189,10.916120998444967,7.822127008694224,2.6066279970109463,1,0,0,,,,,,,,,,,,,,local_map_fast,False,12,6640,0,False,False,False,,,,inactive,,,,,,,,,,
front_end,4316802.768084,True,icp_accepted,2525,1.0,0.07483846334251616,12.373158999253064,7.7232920011738315,5.385158001445234,2.2061759955249727,1,0,0,,,,,,,,,,,,,,local_map_fast,False,12,6640,0,False,False,False,,,,inactive,,,,,,,,,,
front_end,4316802.868199392,True,icp_accepted,2647,1.0,0.08706866161061522,12.076501006959006,7.695620006415993,5.433088008430786,2.5068999966606498,1,0,0,,,,,,,,,,,,,,local_map_fast,False,12,6640,0,False,False,False,,,,inactive,,,,,,,,,,
front_end,4316802.968131328,True,icp_accepted,2692,1.0,0.09632904951976615,11.43704900459852,7.054034009343013,4.8857999936444685,2.5111680006375536,1,0,0,,,,,,,,,,,,,,local_map_fast,False,12,6640,0,False,False,False,,,,inactive,,,,,,,,,,
front_end,4316803.068146336,True,icp_accepted,2678,1.0,0.11096414505179336,12.855615001171827,7.704406001721509,5.448637995868921,2.622528001666069,1,0,0,,,,,,,,,,,,,,local_map_fast,False,12,6640,0,False,False,False,,,,inactive,,,,,,,,,,
front_end,4316803.168142496,True,icp_accepted,2704,1.0,0.11773243918479023,12.042547008604743,7.822147003025748,5.39043900789693,2.2177270002430305,1,0,0,,,,,,,,,,,,,,local_map_fast,False,12,6640,0,False,False,False,,,,inactive,,,,,,,,,,
front_end,4316803.268244608,True,icp_accepted,2730,1.0,0.11908935611082383,12.07036999403499,7.53895498928614,5.406739001045935,2.7151809917995706,1,0,0,,,,,,,,,,,,,,local_map_fast,False,12,6640,0,False,False,False,,,,inactive,,,,,,,,,,
front_end,4316803.368210048,True,icp_accepted,2659,1.0,0.10871088128572451,13.70865700300783,8.229422004660591,5.790780007373542,2.499035996152088,1,0,0,,,,,,,,,,,,,,local_map_fast,False,12,6640,0,False,False,False,,,,inactive,,,,,,,,,,
front_end,4316803.468247648,True,icp_accepted,2649,1.0,0.136127906977751,14.328281991765834,7.865357998525724,5.4843740072101355,2.7795019996119663,1,0,0,,,,,,,,,,,,,,local_map_fast,True,12,6950,0,False,False,False,,,,inactive,,,,,,,,,,
front_end,4316803.56808432,True,icp_accepted,2658,1.0,0.06862471423203083,11.150812002597377,6.838449000497349,4.777687005116604,2.1049350034445524,1,0,0,,,,,,,,,,,,,,local_map_fast,False,12,6950,0,False,False,False,,,,inactive,,,,,,,,,,
front_end,4316803.668115232,True,icp_accepted,2617,1.0,0.07642329684538011,12.139679995016195,7.713513987255283,5.54989799275063,2.4971310049295425,1,0,0,,,,,,,,,,,,,,local_map_fast,False,12,6950,0,False,False,False,,,,inactive,,,,,,,,,,
front_end,4316803.76809408,True,icp_accepted,2665,1.0,0.0809282079086447,12.995598997804336,8.320013002958149,6.028988005709834,2.6863670063903555,1,0,0,,,,,,,,,,,,,,local_map_fast,False,12,6950,0,False,False,False,,,,inactive,,,,,,,,,,
front_end,4316803.86817696,True,icp_accepted,2668,1.0,0.0860862127324862,12.910508012282662,8.308461008709855,5.7084360014414415,2.4381910043302923,1,0,0,,,,,,,,,,,,,,local_map_fast,False,12,6950,0,False,False,False,,,,inactive,,,,,,,,,,
front_end,4316803.96818992,True,icp_accepted,2732,1.0,0.10161864856607078,12.402253007167019,7.7227900037541986,5.327409991878085,2.692629990633577,1,0,0,,,,,,,,,,,,,,local_map_fast,False,12,6950,0,False,False,False,,,,inactive,,,,,,,,,,
front_end,4316804.068171168,True,icp_accepted,2706,1.0,0.11361100479301471,12.70286799990572,7.683527001063339,5.345954006770626,2.943220009910874,1,0,0,,,,,,,,,,,,,,local_map_fast,False,12,6950,0,False,False,False,,,,inactive,,,,,,,,,,
front_end,4316804.168179648,True,icp_accepted,2798,1.0,0.12163480472815923,14.422859996557236,8.245203003752977,5.982100003166124,2.1436179958982393,1,0,0,,,,,,,,,,,,,,local_map_fast,False,12,6950,0,False,False,False,,,,inactive,,,,,,,,,,
optimized_backend,,,,,,,,,,,,,,,,,,,,,,,,,,,,,,,,,,,,,,,,,22,21,0,,,,pose_graph,False
front_end,4316804.26812208,True,icp_accepted,2775,1.0,0.11579982681534075,20.12651599943638,14.313594001578167,10.950865995255299,3.1703970016678795,1,0,0,,,,,,,,,,,,,,local_map_fast,False,12,6950,0,False,False,False,,,,inactive,,,,,,,,,,
front_end,4316804.368205856,True,icp_accepted,2667,0.9996250468691413,0.11803686556762154,16.857644004630856,10.950265001156367,7.502577005652711,3.0868399917380884,1,0,0,,,,,,,,,,,,,,local_map_fast,False,12,6950,0,False,False,False,,,,inactive,,,,,,,,,,
front_end,4316804.46809632,True,icp_accepted,2712,0.9977876106194691,0.11622445263834527,16.217291995417327,9.106731988140382,6.432156005757861,3.700323009979911,1,0,0,,,,,,,,,,,,,,local_map_fast,False,12,6950,0,False,False,False,,,,inactive,,,,,,,,,,
front_end,4316804.568150208,True,icp_accepted,2713,0.997788426096572,0.11726778463084526,13.994985987665132,7.889934990089387,5.536762997508049,2.336710997042246,1,0,0,,,,,,,,,,,,,,local_map_fast,True,12,7169,0,False,False,False,,,,inactive,,,,,,,,,,
front_end,4316804.66804544,True,icp_accepted,2792,1.0,0.08224976253362097,12.526886988780461,7.905052989372052,5.5008560011629015,2.5758800038602203,1,0,0,,,,,,,,,,,,,,local_map_fast,False,12,7169,0,False,False,False,,,,inactive,,,,,,,,,,
front_end,4316804.768183008,True,icp_accepted,2685,1.0,0.086768062655668,11.54047399177216,7.045357997412793,4.99312199826818,2.531746999011375,1,0,0,,,,,,,,,,,,,,local_map_fast,False,12,7169,0,False,False,False,,,,inactive,,,,,,,,,,
front_end,4316804.868089216,True,icp_accepted,2834,1.0,0.08541959682279658,12.47157399484422,7.782141998177394,5.463084991788492,2.6716800057329237,1,0,0,,,,,,,,,,,,,,local_map_fast,False,12,7169,0,False,False,False,,,,inactive,,,,,,,,,,
front_end,4316804.968071232,True,icp_accepted,2875,0.9996521739130435,0.08970641208487694,12.71494101092685,7.85148300928995,5.6321720039704815,2.8904509963467717,1,0,0,,,,,,,,,,,,,,local_map_fast,False,12,7169,0,False,False,False,,,,inactive,,,,,,,,,,
front_end,4316805.06804544,True,icp_accepted,2942,1.0,0.11026491341138576,12.163344988948666,7.405304000712931,5.14982599997893,2.722195000387728,1,0,0,,,,,,,,,,,,,,local_map_fast,False,12,7169,0,False,False,False,,,,inactive,,,,,,,,,,
front_end,4316805.168133312,True,icp_accepted,2947,1.0,0.11282285911261922,12.768972999765538,8.059242987656035,5.548494998947717,2.5647389993537217,1,0,0,,,,,,,,,,,,,,local_map_fast,False,12,7169,0,False,False,False,,,,inactive,,,,,,,,,,
front_end,4316805.268241408,True,icp_accepted,2795,0.9996422182468694,0.10154866984777444,12.806723010726273,8.408559006056748,5.951793005806394,2.350406997720711,1,0,0,,,,,,,,,,,,,,local_map_fast,False,12,7169,0,False,False,False,,,,inactive,,,,,,,,,,
front_end,4316805.36805184,True,icp_accepted,2920,1.0,0.09622771555039297,12.929263000842184,7.7384799951687455,5.445401999168098,2.839295004378073,1,0,0,,,,,,,,,,,,,,local_map_fast,False,12,7169,0,False,False,False,,,,inactive,,,,,,,,,,
front_end,4316805.468188992,True,icp_accepted,2854,1.0,0.10396765933906632,15.37748400005512,9.29197900404688,6.576476007467136,3.379720001248643,1,0,0,,,,,,,,,,,,,,local_map_fast,False,12,7169,0,False,False,False,,,,inactive,,,,,,,,,,
front_end,4316805.568192032,True,icp_accepted,2872,1.0,0.09181039583865569,15.559936000499874,8.81275799474679,5.713125006877817,2.6076799986185506,1,0,0,,,,,,,,,,,,,,local_map_fast,True,12,7331,0,False,False,False,,,,inactive,,,,,,,,,,
front_end,4316805.668092192,True,icp_accepted,2906,1.0,0.06790635936759268,12.99173099687323,7.950808998430148,5.712313010008074,2.560189997893758,1,0,0,,,,,,,,,,,,,,local_map_fast,False,12,7331,0,False,False,False,,,,inactive,,,,,,,,,,
front_end,4316805.768043008,True,icp_accepted,2944,1.0,0.08176024863923177,13.112397005897947,8.39590499526821,5.909334009629674,2.6408830017317086,1,0,0,,,,,,,,,,,,,,local_map_fast,False,12,7331,0,False,False,False,,,,inactive,,,,,,,,,,
front_end,4316805.868057472,True,icp_accepted,2942,1.0,0.08191022727106759,13.489445991581306,7.646366997505538,5.145457995240577,2.7746830019168556,1,0,0,,,,,,,,,,,,,,local_map_fast,False,12,7331,0,False,False,False,,,,inactive,,,,,,,,,,
front_end,4316805.968037472,True,icp_accepted,2972,1.0,0.08499608264407774,13.14920699223876,7.449928001733497,5.444930997327901,2.662363011040725,1,0,0,,,,,,,,,,,,,,local_map_fast,False,12,7331,0,False,False,False,,,,inactive,,,,,,,,,,
front_end,4316806.068121824,True,icp_accepted,3164,1.0,0.10258881180615279,12.71527199423872,8.147118001943454,5.387051991419867,2.593011988210492,1,0,0,,,,,,,,,,,,,,local_map_fast,False,12,7331,0,False,False,False,,,,inactive,,,,,,,,,,
front_end,4316806.168024832,True,icp_accepted,3057,1.0,0.1044912071046058,14.25157800258603,7.690269005252048,5.269782006507739,4.042706001200713,1,0,0,,,,,,,,,,,,,,local_map_fast,False,12,7331,0,False,False,False,,,,inactive,,,,,,,,,,
optimized_backend,,,,,,,,,,,,,,,,,,,,,,,,,,,,,,,,,,,,,,,,,23,22,0,,,,pose_graph,False
front_end,4316806.268196736,True,icp_accepted,3000,1.0,0.10134328717324248,12.828733990318142,7.760861990391277,5.57420399854891,3.0299929931061342,1,0,0,,,,,,,,,,,,,,local_map_fast,False,12,7331,0,False,False,False,,,,inactive,,,,,,,,,,
front_end,4316806.368198368,True,icp_accepted,3085,1.0,0.09186410046802208,15.605902997776866,8.993028008262627,6.563583010574803,4.302884990465827,1,0,0,,,,,,,,,,,,,,local_map_fast,False,12,7331,0,False,False,False,,,,inactive,,,,,,,,,,
front_end,4316806.468006272,True,icp_accepted,2995,1.0,0.09367611045463062,13.681076001375914,8.443864993751049,5.949558995780535,3.1133799930103123,1,0,0,,,,,,,,,,,,,,local_map_fast,False,12,7331,0,False,False,False,,,,inactive,,,,,,,,,,
front_end,4316806.568121216,True,icp_accepted,2990,1.0,0.08480060259341717,14.019502006703988,7.296550000319257,5.09972199506592,2.6033010071842,1,0,0,,,,,,,,,,,,,,local_map_fast,True,12,7395,0,False,False,False,,,,inactive,,,,,,,,,,
front_end,4316806.668131392,True,icp_accepted,2968,1.0,0.06567253660477902,14.341327012516558,8.807118007098325,6.304124995949678,2.962336002383381,1,0,0,,,,,,,,,,,,,,local_map_fast,False,12,7395,0,False,False,False,,,,inactive,,,,,,,,,,
front_end,4316806.76806864,True,icp_accepted,3054,1.0,0.07420958153592754,15.11269599723164,8.791307991486974,6.165255006635562,3.964810006436892,1,0,0,,,,,,,,,,,,,,local_map_fast,False,12,7395,0,False,False,False,,,,inactive,,,,,,,,,,
front_end,4316806.868150976,True,icp_accepted,2978,1.0,0.08468858270322542,14.016385990544222,8.611090001068078,5.854139002622105,2.7253310108790174,1,0,0,,,,,,,,,,,,,,local_map_fast,False,12,7395,0,False,False,False,,,,inactive,,,,,,,,,,
front_end,4316806.968001312,True,icp_accepted,3038,1.0,0.0809286039739716,13.79177400667686,8.34602200484369,5.824544001370668,2.9311170073924586,1,0,0,,,,,,,,,,,,,,local_map_fast,False,12,7395,0,False,False,False,,,,inactive,,,,,,,,,,
front_end,4316807.068177408,True,icp_accepted,3113,1.0,0.09404225726660596,12.987622991204262,7.978149995324202,5.450982003821991,2.942368999356404,1,0,0,,,,,,,,,,,,,,local_map_fast,False,12,7395,0,False,False,False,,,,inactive,,,,,,,,,,
front_end,4316807.16806912,True,icp_accepted,3001,1.0,0.09734196318715192,11.58022899471689,7.074944005580619,5.003561993362382,2.3894790065241978,1,0,0,,,,,,,,,,,,,,local_map_fast,False,12,7395,0,False,False,False,,,,inactive,,,,,,,,,,
front_end,4316807.268084672,True,icp_accepted,3075,1.0,0.09893845457751553,13.324896994163282,7.85897699825,5.426014991826378,2.9142359999241307,1,0,0,,,,,,,,,,,,,,local_map_fast,False,12,7395,0,False,False,False,,,,inactive,,,,,,,,,,
front_end,4316807.368064224,True,icp_accepted,3048,1.0,0.0911128950878959,12.328164011705667,7.566988002508879,5.550739006139338,2.757060996373184,1,0,0,,,,,,,,,,,,,,local_map_fast,False,12,7395,0,False,False,False,,,,inactive,,,,,,,,,,
front_end,4316807.468022752,True,icp_accepted,2940,1.0,0.08150965073294407,12.849382997956127,7.95081899559591,5.639134993543848,2.9586799937533215,1,0,0,,,,,,,,,,,,,,local_map_fast,False,12,7395,0,False,False,False,,,,inactive,,,,,,,,,,
front_end,4316807.567986752,True,icp_accepted,3055,1.0,0.08166002130867463,12.670277006691322,8.278815002995543,6.148182001197711,2.3401170037686825,1,0,0,,,,,,,,,,,,,,local_map_fast,False,12,7395,0,False,False,False,,,,inactive,,,,,,,,,,
front_end,4316807.66811952,True,icp_accepted,2952,1.0,0.07861328583794318,14.294127002358437,9.599857003195211,6.972771996515803,2.635231998283416,1,0,0,,,,,,,,,,,,,,local_map_fast,False,12,7395,0,False,False,False,,,,inactive,,,,,,,,,,
front_end,4316807.768107264,True,icp_accepted,3048,1.0,0.08529206458488309,11.646943996311165,7.054565008729696,5.028970001148991,2.332963005756028,1,0,0,,,,,,,,,,,,,,local_map_fast,False,12,7395,0,False,False,False,,,,inactive,,,,,,,,,,
front_end,4316807.868086976,True,icp_accepted,2956,1.0,0.0953854048898489,14.710880990605801,8.802688986179419,6.298594991676509,2.480341005139053,1,0,0,,,,,,,,,,,,,,local_map_fast,False,12,7395,0,False,False,False,,,,inactive,,,,,,,,,,
front_end,4316807.967964192,True,icp_accepted,3078,1.0,0.09513455010501638,16.40135700290557,8.986444998299703,6.522624986246228,3.006217986694537,1,0,0,,,,,,,,,,,,,,local_map_fast,True,12,7515,0,False,False,False,,,,inactive,,,,,,,,,,
front_end,4316808.068153472,True,icp_accepted,3099,1.0,0.06826371531740881,12.687798996921629,7.836203993065283,5.5039010039763525,2.811904007103294,1,0,0,,,,,,,,,,,,,,local_map_fast,False,12,7515,0,False,False,False,,,,inactive,,,,,,,,,,
front_end,4316808.167944448,True,icp_accepted,3065,1.0,0.07413136115625292,12.138367994339205,7.662017000257038,5.534208990866318,2.497452005627565,1,0,0,,,,,,,,,,,,,,local_map_fast,False,12,7515,0,False,False,False,,,,inactive,,,,,,,,,,
front_end,4316808.268028384,True,icp_accepted,3153,1.0,0.07403317424113443,12.605134004843421,7.830342001398094,5.352166001102887,2.71416999748908,1,0,0,,,,,,,,,,,,,,local_map_fast,False,12,7515,0,False,False,False,,,,inactive,,,,,,,,,,
front_end,4316808.368066336,True,icp_accepted,3033,1.0,0.06807762889185494,11.760969005990773,7.400625996524468,5.419052002253011,2.2908950049895793,1,0,0,,,,,,,,,,,,,,local_map_fast,False,12,7515,0,False,False,False,,,,inactive,,,,,,,,,,
front_end,4316808.467971584,True,icp_accepted,3005,1.0,0.07258674055282138,13.75175899011083,7.877170995925553,5.684931995347142,2.642776002176106,1,0,0,,,,,,,,,,,,,,local_map_fast,False,12,7515,0,False,False,False,,,,inactive,,,,,,,,,,
front_end,4316808.5679456,True,icp_accepted,2996,1.0,0.07274422156214963,15.220828994642943,9.131606988376006,6.455399008700624,2.8737499960698187,1,0,0,,,,,,,,,,,,,,local_map_fast,False,12,7515,0,False,False,False,,,,inactive,,,,,,,,,,
front_end,4316808.667971392,True,icp_accepted,3073,1.0,0.07077839478445477,13.127496000379324,8.507986000040546,6.196152011398226,2.3087880108505487,1,0,0,,,,,,,,,,,,,,local_map_fast,False,12,7515,0,False,False,False,,,,inactive,,,,,,,,,,
front_end,4316808.768026528,True,icp_accepted,3055,1.0,0.0753601776921466,15.033506992040202,9.69336299749557,6.806378994951956,2.9383009969023988,1,0,0,,,,,,,,,,,,,,local_map_fast,False,12,7515,0,False,False,False,,,,inactive,,,,,,,,,,
front_end,4316808.868136352,True,icp_accepted,3095,1.0,0.08156242662720402,13.319486999535002,8.404171006986871,5.927947990130633,2.3310499964281917,1,0,0,,,,,,,,,,,,,,local_map_fast,False,12,7515,0,False,False,False,,,,inactive,,,,,,,,,,
front_end,4316808.967953824,True,icp_accepted,3095,1.0,0.0751022314031694,12.569137004902586,7.170242999563925,5.024541009333916,2.5502820062683895,1,0,0,,,,,,,,,,,,,,local_map_fast,False,12,7515,0,False,False,False,,,,inactive,,,,,,,,,,
front_end,4316809.067959968,True,icp_accepted,3020,0.9996688741721854,0.07190729845155318,13.734526990447193,8.805145000224002,6.279428998823278,2.3372020077658817,1,0,0,,,,,,,,,,,,,,local_map_fast,False,12,7515,0,False,False,False,,,,inactive,,,,,,,,,,
front_end,4316809.168005024,True,icp_accepted,3096,1.0,0.07315767586016432,12.335487990640104,7.666424993658438,5.615040005068295,2.4409859906882048,1,0,0,,,,,,,,,,,,,,local_map_fast,False,12,7515,0,False,False,False,,,,inactive,,,,,,,,,,
front_end,4316809.26807424,True,icp_accepted,3000,1.0,0.07381961183183933,16.30077901063487,10.823557007825002,8.101411993266083,3.138936997856945,1,0,0,,,,,,,,,,,,,,local_map_fast,False,12,7515,0,False,False,False,,,,inactive,,,,,,,,,,
front_end,4316809.368118176,True,icp_accepted,3035,1.0,0.07330198197006563,12.205373001052067,7.942943993839435,5.819794998387806,2.0526269945548847,1,0,0,,,,,,,,,,,,,,local_map_fast,False,12,7515,0,False,False,False,,,,inactive,,,,,,,,,,
front_end,4316809.468134752,True,icp_accepted,3041,1.0,0.07192637668785389,15.210989993647672,10.29833999928087,7.582075995742343,2.68641700677108,1,0,0,,,,,,,,,,,,,,local_map_fast,False,12,7515,0,False,False,False,,,,inactive,,,,,,,,,,
front_end,4316809.56803616,True,icp_accepted,3040,1.0,0.07322611815509637,11.747804004698992,6.958876008866355,4.736087998026051,2.591450000181794,1,0,0,,,,,,,,,,,,,,local_map_fast,False,12,7515,0,False,False,False,,,,inactive,,,,,,,,,,
front_end,4316809.668026336,True,icp_accepted,3074,1.0,0.07130122825340543,12.84883200423792,7.96508599887602,5.835774994920939,2.3152600042521954,1,0,0,,,,,,,,,,,,,,local_map_fast,False,12,7515,0,False,False,False,,,,inactive,,,,,,,,,,
front_end,4316809.767992064,True,icp_accepted,2994,1.0,0.07099890419547529,12.063255999237299,7.372192005277611,5.3497519984375685,2.2036009904695675,1,0,0,,,,,,,,,,,,,,local_map_fast,False,12,7515,0,False,False,False,,,,inactive,,,,,,,,,,
front_end,4316809.8680768,True,icp_accepted,3113,1.0,0.07521603255211841,13.411388994427398,8.866308999131434,6.214257009560242,2.2767880000174046,1,0,0,,,,,,,,,,,,,,local_map_fast,False,12,7515,0,False,False,False,,,,inactive,,,,,,,,,,
front_end,4316809.968034528,True,icp_accepted,2999,1.0,0.07507075247345796,12.655899001401849,8.041259003221057,5.698788008885458,2.6434070023242384,1,0,0,,,,,,,,,,,,,,local_map_fast,False,12,7515,0,False,False,False,,,,inactive,,,,,,,,,,
front_end,4316810.06791552,True,icp_accepted,3021,1.0,0.07543525453857008,13.36152499425225,8.779194991802797,6.154383008833975,2.022159009356983,1,0,0,,,,,,,,,,,,,,local_map_fast,False,12,7515,0,False,False,False,,,,inactive,,,,,,,,,,
front_end,4316810.167926112,True,icp_accepted,3072,1.0,0.07349828578822921,11.557356003322639,7.271242997376248,5.073963999166153,1.9758919952437282,1,0,0,,,,,,,,,,,,,,local_map_fast,False,12,7515,0,False,False,False,,,,inactive,,,,,,,,,,
front_end,4316810.268036768,True,icp_accepted,2993,1.0,0.07305884838130818,12.288489000638947,7.643110991921276,5.372104002162814,2.3015839979052544,1,0,0,,,,,,,,,,,,,,local_map_fast,False,12,7515,0,False,False,False,,,,inactive,,,,,,,,,,
front_end,4316810.368013984,True,icp_accepted,3074,1.0,0.07329495540041653,13.360083001316525,8.342154003912583,5.884056008653715,2.212017003330402,1,0,0,,,,,,,,,,,,,,local_map_fast,False,12,7515,0,False,False,False,,,,inactive,,,,,,,,,,
front_end,4316810.467904736,True,icp_accepted,2984,0.9996648793565683,0.07326014813615957,12.828003003960475,7.640074996743351,5.405736999819055,2.992303008795716,1,0,0,,,,,,,,,,,,,,local_map_fast,False,12,7515,0,False,False,False,,,,inactive,,,,,,,,,,
front_end,4316810.567983264,True,icp_accepted,3098,1.0,0.07168567644921882,12.778208998497576,7.750132004730403,5.643483993480913,2.5594489998184144,1,0,0,,,,,,,,,,,,,,local_map_fast,False,12,7515,0,False,False,False,,,,inactive,,,,,,,,,,
front_end,4316810.667926912,True,icp_accepted,2972,1.0,0.07633168166613723,13.006519002374262,7.6474390079965815,5.464246991323307,3.1962350039975718,1,0,0,,,,,,,,,,,,,,local_map_fast,False,12,7515,0,False,False,False,,,,inactive,,,,,,,,,,
front_end,4316810.767984128,True,icp_accepted,2958,0.9989858012170385,0.08345347188903393,12.995377997867763,6.925533001776785,4.866304007009603,3.1631430028937757,1,0,0,,,,,,,,,,,,,,local_map_fast,False,12,7515,0,False,False,False,,,,inactive,,,,,,,,,,
front_end,4316810.867958944,True,icp_accepted,2982,0.9979879275653923,0.08736517425870052,12.75387400528416,7.7030740067129955,5.607575993053615,2.6581650017760694,1,0,0,,,,,,,,,,,,,,local_map_fast,False,12,7515,0,False,False,False,,,,inactive,,,,,,,,,,
front_end,4316810.967904928,True,icp_accepted,2912,0.998282967032967,0.08480153084556336,11.975180997978896,7.405675001791678,5.3319990111049265,2.535834995796904,1,0,0,,,,,,,,,,,,,,local_map_fast,False,12,7515,0,False,False,False,,,,inactive,,,,,,,,,,
front_end,4316811.068082112,True,icp_accepted,2961,0.9976359338061466,0.08515049426846742,11.584026011405513,7.290869005373679,5.234825992374681,2.2898220049683005,1,0,0,,,,,,,,,,,,,,local_map_fast,False,12,7515,0,False,False,False,,,,inactive,,,,,,,,,,
front_end,4316811.168016768,True,icp_accepted,2874,0.9989561586638831,0.09314992754322707,14.398273007827811,8.670121009345166,5.9460630000103265,3.005457008839585,1,0,0,,,,,,,,,,,,,,local_map_fast,False,12,7515,0,False,False,False,,,,inactive,,,,,,,,,,
front_end,4316811.26794368,True,icp_accepted,2995,0.9993322203672788,0.0846049978080409,14.813403991865925,7.756193997920491,5.511515992111526,2.5253850035369396,1,0,0,,,,,,,,,,,,,,local_map_fast,True,12,7504,0,False,False,False,,,,inactive,,,,,,,,,,
front_end,4316811.36787872,True,icp_accepted,3048,1.0,0.06496993854186658,14.983161992859095,8.528393998858519,6.091825998737477,2.4618260067654774,1,0,0,,,,,,,,,,,,,,local_map_fast,False,12,7504,0,False,False,False,,,,inactive,,,,,,,,,,
optimized_backend,,,,,,,,,,,,,,,,,,,,,,,,,,,,,,,,,,,,,,,,,24,23,0,,,,pose_graph,False
front_end,4316811.467908256,True,icp_accepted,2980,1.0,0.06889397140596887,15.578381004161201,9.21486399602145,6.976537988521159,3.6804350093007088,1,0,0,,,,,,,,,,,,,,local_map_fast,False,12,7504,0,False,False,False,,,,inactive,,,,,,,,,,
front_end,4316811.5679208,True,icp_accepted,3081,0.9996754300551769,0.07132111867202263,13.676376998773776,8.907787007046863,6.763638986740261,2.575919992523268,1,0,0,,,,,,,,,,,,,,local_map_fast,False,12,7504,0,False,False,False,,,,inactive,,,,,,,,,,
front_end,4316811.667894336,True,icp_accepted,3036,0.9993412384716732,0.07753921901835241,15.283446002285928,8.061226006248035,5.618126000626944,2.6779110048664734,1,0,0,,,,,,,,,,,,,,local_map_fast,True,12,7319,0,False,False,False,,,,inactive,,,,,,,,,,
front_end,4316811.76798624,True,icp_accepted,3009,1.0,0.06078210140655994,13.36515200091526,8.450899011222646,6.28999900072813,2.635833006934263,1,0,0,,,,,,,,,,,,,,local_map_fast,False,12,7319,0,False,False,False,,,,inactive,,,,,,,,,,
front_end,4316811.86786016,True,icp_accepted,2966,1.0,0.06342811253387975,12.331058998825029,7.314162998227403,5.343008990166709,2.765006007393822,1,0,0,,,,,,,,,,,,,,local_map_fast,False,12,7319,0,False,False,False,,,,inactive,,,,,,,,,,
front_end,4316811.967902784,True,icp_accepted,2908,1.0,0.0652195056332297,11.523572000442073,6.6459369991207495,4.662941006245092,2.6066179998451844,1,0,0,,,,,,,,,,,,,,local_map_fast,False,12,7319,0,False,False,False,,,,inactive,,,,,,,,,,
front_end,4316812.068017728,True,icp_accepted,2954,1.0,0.06529417847640548,12.358581006992608,7.630948006408289,5.659934991854243,2.244327013613656,1,0,0,,,,,,,,,,,,,,local_map_fast,False,12,7319,0,False,False,False,,,,inactive,,,,,,,,,,
optimized_backend,,,,,,,,,,,,,,,,,,,,,,,,,,,,,,,,,,,,,,,,,25,24,0,,,,pose_graph,False
front_end,4316812.167990592,True,icp_accepted,2885,1.0,0.06649200026958402,15.410635998705402,8.61323400749825,6.092587005696259,2.2247200104175135,1,0,0,,,,,,,,,,,,,,local_map_fast,True,12,7151,0,False,False,False,,,,inactive,,,,,,,,,,
front_end,4316812.268015616,True,icp_accepted,2995,1.0,0.06159160377393011,12.178513003163971,7.678797992412001,5.5721089884173125,2.124902996001765,1,0,0,,,,,,,,,,,,,,local_map_fast,False,12,7151,0,False,False,False,,,,inactive,,,,,,,,,,
front_end,4316812.367963776,True,icp_accepted,3032,1.0,0.06202565969372373,13.705702003790066,8.537450994481333,6.103256993810646,2.496280998457223,1,0,0,,,,,,,,,,,,,,local_map_fast,False,12,7151,0,False,False,False,,,,inactive,,,,,,,,,,
front_end,4316812.46803184,True,icp_accepted,3104,1.0,0.06324416608045821,12.93416200496722,8.002375994692557,5.787945003248751,2.420698991045356,1,0,0,,,,,,,,,,,,,,local_map_fast,False,12,7151,0,False,False,False,,,,inactive,,,,,,,,,,
front_end,4316812.567851136,True,icp_accepted,3063,1.0,0.06108869763625023,14.89968599344138,7.816095996531658,5.712183003197424,2.3190569918369874,1,0,0,,,,,,,,,,,,,,local_map_fast,True,12,6931,0,False,False,False,,,,inactive,,,,,,,,,,
front_end,4316812.667856928,True,icp_accepted,2988,1.0,0.06042089214279726,12.95712600403931,7.85315599932801,5.646689998684451,2.3424409882863984,1,0,0,,,,,,,,,,,,,,local_map_fast,False,12,6931,0,False,False,False,,,,inactive,,,,,,,,,,
optimized_backend,,,,,,,,,,,,,,,,,,,,,,,,,,,,,,,,,,,,,,,,,26,25,0,,,,pose_graph,False
front_end,4316812.767879232,True,icp_accepted,2966,1.0,0.06285888878437698,13.256338002975099,7.842686012736522,5.662429990479723,2.6233089884044603,1,0,0,,,,,,,,,,,,,,local_map_fast,False,12,6931,0,False,False,False,,,,inactive,,,,,,,,,,
front_end,4316812.867861248,True,icp_accepted,2921,1.0,0.061291550052338564,12.0894749998115,7.484663001378067,5.365952005377039,2.473497996106744,1,0,0,,,,,,,,,,,,,,local_map_fast,False,12,6931,0,False,False,False,,,,inactive,,,,,,,,,,
front_end,4316812.967858112,True,icp_accepted,2874,1.0,0.06491002510208525,14.26574400102254,8.866770003805868,6.220787996426225,2.7544250042410567,1,0,0,,,,,,,,,,,,,,local_map_fast,False,12,6931,0,False,False,False,,,,inactive,,,,,,,,,,
front_end,4316813.067965856,True,icp_accepted,2818,1.0,0.06520949263796733,13.875261007342488,7.369897997705266,5.1329949928913265,2.6364040095359087,1,0,0,,,,,,,,,,,,,,local_map_fast,True,12,6717,0,False,False,False,,,,inactive,,,,,,,,,,
front_end,4316813.167940192,True,icp_accepted,2922,1.0,0.06019553191933865,11.626765990513377,7.243100000778213,5.285181003273465,2.180687995860353,1,0,0,,,,,,,,,,,,,,local_map_fast,False,12,6717,0,False,False,False,,,,inactive,,,,,,,,,,
front_end,4316813.2679736,True,icp_accepted,2918,1.0,0.06042034252099243,12.419035003404133,7.322898993152194,5.301401004544459,2.779332993668504,1,0,0,,,,,,,,,,,,,,local_map_fast,False,12,6717,0,False,False,False,,,,inactive,,,,,,,,,,
optimized_backend,,,,,,,,,,,,,,,,,,,,,,,,,,,,,,,,,,,,,,,,,27,26,0,,,,pose_graph,False
front_end,4316813.367969152,True,icp_accepted,2947,1.0,0.060166755557562165,12.95769699208904,7.684167998377234,5.565497005591169,3.033198998309672,1,0,0,,,,,,,,,,,,,,local_map_fast,False,12,6717,0,False,False,False,,,,inactive,,,,,,,,,,
front_end,4316813.468009376,True,icp_accepted,3010,1.0,0.059306698814986646,14.533396999468096,7.985524003743194,5.7368289999431,2.21790699288249,1,0,0,,,,,,,,,,,,,,local_map_fast,True,12,6492,0,False,False,False,,,,inactive,,,,,,,,,,
front_end,4316813.567836928,True,icp_accepted,2938,1.0,0.058752099672140116,12.789740998414345,7.803872998920269,5.6344269978581,2.5820110022323206,1,0,0,,,,,,,,,,,,,,local_map_fast,False,12,6492,0,False,False,False,,,,inactive,,,,,,,,,,
front_end,4316813.667885216,True,icp_accepted,3001,1.0,0.059567243157645604,13.118227987433784,8.530628998414613,5.985396011965349,1.791756003513001,1,0,0,,,,,,,,,,,,,,local_map_fast,False,12,6492,0,False,False,False,,,,inactive,,,,,,,,,,
front_end,4316813.767843392,True,icp_accepted,2895,1.0,0.05884261395170227,12.458048004191369,7.6162600016687065,5.3507039992837235,2.23476899554953,1,0,0,,,,,,,,,,,,,,local_map_fast,False,12,6492,0,False,False,False,,,,inactive,,,,,,,,,,
front_end,4316813.867869792,True,icp_accepted,2871,1.0,0.05926037937636642,15.323441999498755,8.402188002946787,6.113476993050426,2.8979150083614513,1,0,0,,,,,,,,,,,,,,local_map_fast,False,12,6492,0,False,False,False,,,,inactive,,,,,,,,,,
optimized_backend,,,,,,,,,,,,,,,,,,,,,,,,,,,,,,,,,,,,,,,,,28,27,0,,,,pose_graph,False
front_end,4316813.967937056,True,icp_accepted,2832,1.0,0.06065857519517695,20.628619997296482,12.832260996219702,9.917344999848865,2.9815919988323003,1,0,0,,,,,,,,,,,,,,local_map_fast,True,12,6245,0,False,False,False,,,,inactive,,,,,,,,,,
front_end,4316814.067860896,True,icp_accepted,2777,1.0,0.05783946534852775,13.722272997256368,9.433273997274227,6.892359990160912,1.920677997986786,1,0,0,,,,,,,,,,,,,,local_map_fast,False,12,6245,0,False,False,False,,,,inactive,,,,,,,,,,
front_end,4316814.16795472,True,icp_accepted,2912,1.0,0.058527415585718674,12.360644992440939,8.17263599310536,5.835585005115718,1.8772170005831867,1,0,0,,,,,,,,,,,,,,local_map_fast,False,12,6245,0,False,False,False,,,,inactive,,,,,,,,,,
front_end,4316814.267867968,True,icp_accepted,2873,1.0,0.06010320282939038,12.370795011520386,7.531852010288276,5.399604997364804,2.6579139957902953,1,0,0,,,,,,,,,,,,,,local_map_fast,False,12,6245,0,False,False,False,,,,inactive,,,,,,,,,,
front_end,4316814.368011328,True,icp_accepted,2901,1.0,0.05873916735126245,13.310219001141377,6.754461006494239,4.759692994412035,2.6627129991538823,1,0,0,,,,,,,,,,,,,,local_map_fast,True,12,5980,0,False,False,False,,,,inactive,,,,,,,,,,
front_end,4316814.467858656,True,icp_accepted,2848,1.0,0.05756086265613766,12.887474993476644,8.00141500076279,5.592647998128086,2.5163480022456497,1,0,0,,,,,,,,,,,,,,local_map_fast,False,12,5980,0,False,False,False,,,,inactive,,,,,,,,,,
optimized_backend,,,,,,,,,,,,,,,,,,,,,,,,,,,,,,,,,,,,,,,,,29,28,0,,,,pose_graph,False
front_end,4316814.567892352,True,icp_accepted,2915,1.0,0.058617172316676555,14.784728991799057,10.90429798932746,8.091364012216218,1.7610189970582724,1,0,0,,,,,,,,,,,,,,local_map_fast,False,12,5980,0,False,False,False,,,,inactive,,,,,,,,,,
front_end,4316814.667850784,True,icp_accepted,2810,1.0,0.05937108757491054,12.113119999412447,7.814301992766559,5.517196012078784,2.1239109919406474,1,0,0,,,,,,,,,,,,,,local_map_fast,False,12,5980,0,False,False,False,,,,inactive,,,,,,,,,,
front_end,4316814.768019008,True,icp_accepted,2770,1.0,0.06142671481648383,12.042807997204363,7.367102996795438,5.240136000793427,2.4763230030657724,1,0,0,,,,,,,,,,,,,,local_map_fast,False,12,5980,0,False,False,False,,,,inactive,,,,,,,,,,
front_end,4316814.867937888,True,icp_accepted,2865,1.0,0.06418709246287446,14.054968996788375,7.36752399825491,5.189020012039691,2.8598239878192544,1,0,0,,,,,,,,,,,,,,local_map_fast,True,12,5887,0,False,False,False,,,,inactive,,,,,,,,,,
front_end,4316814.967821344,True,icp_accepted,2766,1.0,0.05884728626042921,11.150872000143863,6.648372000199743,4.711652989499271,2.36283999402076,1,0,0,,,,,,,,,,,,,,local_map_fast,False,12,5887,0,False,False,False,,,,inactive,,,,,,,,,,
front_end,4316815.067823456,True,icp_accepted,2786,1.0,0.06140359396746731,12.643245994695462,7.956198998726904,5.764531000750139,2.3529519967269152,1,0,0,,,,,,,,,,,,,,local_map_fast,False,12,5887,0,False,False,False,,,,inactive,,,,,,,,,,
front_end,4316815.167863232,True,icp_accepted,2727,1.0,0.06099256877387997,13.389487998210825,9.079058989300393,6.804876000387594,1.8733799952315167,1,0,0,,,,,,,,,,,,,,local_map_fast,False,12,5887,0,False,False,False,,,,inactive,,,,,,,,,,
front_end,4316815.267947968,True,icp_accepted,2812,1.0,0.06048542248580178,13.503802998457104,8.353184995939955,6.060226995032281,2.260997993289493,1,0,0,,,,,,,,,,,,,,local_map_fast,False,12,5887,0,False,False,False,,,,inactive,,,,,,,,,,
optimized_backend,,,,,,,,,,,,,,,,,,,,,,,,,,,,,,,,,,,,,,,,,30,29,0,,,,pose_graph,False
front_end,4316815.367918368,True,icp_accepted,2890,1.0,0.05934506654468499,17.260521999560297,9.35057899914682,6.757576993550174,2.562655005021952,1,0,0,,,,,,,,,,,,,,local_map_fast,True,12,5716,0,False,False,False,,,,inactive,,,,,,,,,,
front_end,4316815.47104496,True,icp_accepted,2821,1.0,0.05688161803331362,12.462315993616357,7.8132609924068674,5.654515000060201,2.2307119943434373,1,0,0,,,,,,,,,,,,,,local_map_fast,False,12,5716,0,False,False,False,,,,inactive,,,,,,,,,,
front_end,4316815.568030624,True,icp_accepted,2865,1.0,0.058007464210063996,12.080268992576748,7.303723992663436,5.292403991916217,2.0083830022485927,1,0,0,,,,,,,,,,,,,,local_map_fast,False,12,5716,0,False,False,False,,,,inactive,,,,,,,,,,
front_end,4316815.667950528,True,icp_accepted,2775,1.0,0.05954505013624691,11.266198998782784,7.543523999629542,5.5028899951139465,1.4948789903428406,1,0,0,,,,,,,,,,,,,,local_map_fast,False,12,5716,0,False,False,False,,,,inactive,,,,,,,,,,
front_end,4316815.76799472,True,icp_accepted,2831,1.0,0.06091326823130647,13.565398010541685,8.588657001382671,6.288164993748069,2.208409001468681,1,0,0,,,,,,,,,,,,,,local_map_fast,False,12,5716,0,False,False,False,,,,inactive,,,,,,,,,,
front_end,4316815.867829504,True,icp_accepted,2914,1.0,0.06274330068748198,15.947765001328662,7.75150500703603,5.308945008437149,2.84775099135004,1,0,0,,,,,,,,,,,,,,local_map_fast,True,12,5683,0,False,False,False,,,,inactive,,,,,,,,,,
optimized_backend,,,,,,,,,,,,,,,,,,,,,,,,,,,,,,,,,,,,,,,,,31,30,0,,,,pose_graph,False
front_end,4316815.967855296,True,icp_accepted,2751,1.0,0.05925525019721796,13.570038005127572,8.44600000709761,6.214587003341876,2.481973002431914,1,0,0,,,,,,,,,,,,,,local_map_fast,False,12,5683,0,False,False,False,,,,inactive,,,,,,,,,,
front_end,4316816.068030432,True,icp_accepted,2825,1.0,0.06081503760263185,14.195302006555721,9.55136600532569,7.121881004422903,2.205534008680843,1,0,0,,,,,,,,,,,,,,local_map_fast,False,12,5683,0,False,False,False,,,,inactive,,,,,,,,,,
front_end,4316816.168016736,True,icp_accepted,2723,1.0,0.05853101932545035,11.955915004364215,7.886919003794901,5.789718998130411,1.6705589951016009,1,0,0,,,,,,,,,,,,,,local_map_fast,False,12,5683,0,False,False,False,,,,inactive,,,,,,,,,,
front_end,4316816.267841696,True,icp_accepted,2877,1.0,0.05898086282988193,13.009905000217259,7.819922990165651,5.660625989548862,2.5511330022709444,1,0,0,,,,,,,,,,,,,,local_map_fast,False,12,5683,0,False,False,False,,,,inactive,,,,,,,,,,
front_end,4316816.367879264,True,icp_accepted,2897,1.0,0.05953660787292281,13.508432006346993,8.244201002526097,6.036040998878889,2.659317004145123,1,0,0,,,,,,,,,,,,,,local_map_fast,False,12,5683,0,False,False,False,,,,inactive,,,,,,,,,,
front_end,4316816.467923936,True,icp_accepted,2926,1.0,0.059377868507388805,14.3949170014821,7.5325930083636194,5.488854003488086,2.834515005815774,1,0,0,,,,,,,,,,,,,,local_map_fast,True,12,5384,0,False,False,False,,,,inactive,,,,,,,,,,
front_end,4316816.567840256,True,icp_accepted,2924,1.0,0.05792573743709865,12.318335997406393,7.5189979979768395,5.458826009999029,2.578494997578673,1,0,0,,,,,,,,,,,,,,local_map_fast,False,12,5384,0,False,False,False,,,,inactive,,,,,,,,,,
front_end,4316816.668016768,True,icp_accepted,2876,1.0,0.05966920107042709,12.07168199471198,7.810334995156154,5.7293850113637745,1.9170519954059273,1,0,0,,,,,,,,,,,,,,local_map_fast,False,12,5384,0,False,False,False,,,,inactive,,,,,,,,,,
front_end,4316816.767876256,True,icp_accepted,2951,1.0,0.0585045560000197,11.650461005046964,6.9558999966830015,4.884466994553804,2.3332650016527623,1,0,0,,,,,,,,,,,,,,local_map_fast,False,12,5384,0,False,False,False,,,,inactive,,,,,,,,,,
front_end,4316816.867893568,True,icp_accepted,2894,1.0,0.05958057898668009,12.527687998954207,7.474133002688177,5.305027996655554,2.6623120065778494,1,0,0,,,,,,,,,,,,,,local_map_fast,False,12,5384,0,False,False,False,,,,inactive,,,,,,,,,,
front_end,4316816.967943936,True,icp_accepted,2880,1.0,0.06002511037268331,12.415028002578765,7.697113003814593,5.463164998218417,2.1179100003791973,1,0,0,,,,,,,,,,,,,,local_map_fast,False,12,5384,0,False,False,False,,,,inactive,,,,,,,,,,
optimized_backend,,,,,,,,,,,,,,,,,,,,,,,,,,,,,,,,,,,,,,,,,32,31,0,,,,pose_graph,False
front_end,4316817.067987968,True,icp_accepted,2832,1.0,0.06106915184958543,13.479717003065161,8.827455996652134,6.404904997907579,2.1354829950723797,1,0,0,,,,,,,,,,,,,,local_map_fast,False,12,5384,0,False,False,False,,,,inactive,,,,,,,,,,
front_end,4316817.167865184,True,icp_accepted,2820,1.0,0.06494187124586516,12.746880995109677,7.5023270037490875,5.421116002253257,2.1825610019732267,1,0,0,,,,,,,,,,,,,,local_map_fast,False,12,5384,0,False,False,False,,,,inactive,,,,,,,,,,
front_end,4316817.268030848,True,icp_accepted,2872,1.0,0.07129887480171217,14.521294986479916,9.691489991382696,7.063962999382056,1.8179260077886283,1,0,0,,,,,,,,,,,,,,local_map_fast,False,12,5384,0,False,False,False,,,,inactive,,,,,,,,,,
front_end,4316817.367829248,True,icp_accepted,2862,1.0,0.08326542403819899,11.828786009573378,6.987910004681908,4.897763006738387,2.428231993690133,1,0,0,,,,,,,,,,,,,,local_map_fast,False,12,5384,0,False,False,False,,,,inactive,,,,,,,,,,
front_end,4316817.467875808,True,icp_accepted,2954,1.0,0.09507768655894062,13.932858986663632,8.882579990313388,6.699627992929891,2.0946950098732486,1,0,0,,,,,,,,,,,,,,local_map_fast,False,12,5384,0,False,False,False,,,,inactive,,,,,,,,,,
front_end,4316817.56781712,True,icp_accepted,2862,1.0,0.0937834131119048,13.550549992942251,8.572095990530215,6.146218001958914,1.8743520049611107,1,0,0,,,,,,,,,,,,,,local_map_fast,False,12,5384,0,False,False,False,,,,inactive,,,,,,,,,,
front_end,4316817.66799632,True,icp_accepted,2939,1.0,0.1143693076046908,11.98527000087779,7.517424994148314,5.380079004680738,2.2131180012365803,1,0,0,,,,,,,,,,,,,,local_map_fast,False,12,5384,0,False,False,False,,,,inactive,,,,,,,,,,
front_end,4316817.767857696,True,icp_accepted,2950,1.0,0.12037651283669516,12.351797995506786,7.846873006201349,5.71242299338337,1.9992059969808906,1,0,0,,,,,,,,,,,,,,local_map_fast,False,12,5384,0,False,False,False,,,,inactive,,,,,,,,,,
front_end,4316817.867888256,True,icp_accepted,2896,1.0,0.11525232410455916,12.249866995261982,7.763878005789593,5.459687992697582,2.256359002785757,1,0,0,,,,,,,,,,,,,,local_map_fast,False,12,5384,0,False,False,False,,,,inactive,,,,,,,,,,
front_end,4316817.967895168,True,icp_accepted,2883,1.0,0.12593270354517824,11.410680002882145,6.914522004080936,4.715049013611861,2.269745004014112,1,0,0,,,,,,,,,,,,,,local_map_fast,False,12,5384,0,False,False,False,,,,inactive,,,,,,,,,,
front_end,4316818.067954944,True,icp_accepted,2872,1.0,0.12481014646309133,11.197007988812402,7.1569269930478185,5.214607997913845,1.727045004372485,1,0,0,,,,,,,,,,,,,,local_map_fast,False,12,5384,0,False,False,False,,,,inactive,,,,,,,,,,
front_end,4316818.16799104,True,icp_accepted,2926,1.0,0.13187267308227774,13.364291007746942,8.202312004868872,5.98465499933809,1.7922869883477688,1,0,0,,,,,,,,,,,,,,local_map_fast,False,12,5384,0,False,False,False,,,,inactive,,,,,,,,,,
front_end,4316818.267832704,True,icp_accepted,2902,1.0,0.13077726786827779,17.560936001245864,12.319498011493124,9.653237997554243,2.219620000687428,1,0,0,,,,,,,,,,,,,,local_map_fast,False,12,5384,0,False,False,False,,,,inactive,,,,,,,,,,
front_end,4316818.367838624,True,icp_accepted,2947,1.0,0.1286395088026905,12.679814986768179,7.487197988666594,5.39494700205978,1.9375410047359765,1,0,0,,,,,,,,,,,,,,local_map_fast,False,12,5384,0,False,False,False,,,,inactive,,,,,,,,,,
front_end,4316818.468001408,True,icp_accepted,2844,1.0,0.12389710034565296,12.262040007044561,7.714636012678966,5.644976990879513,1.9012030097655952,1,0,0,,,,,,,,,,,,,,local_map_fast,False,12,5384,0,False,False,False,,,,inactive,,,,,,,,,,
front_end,4316818.567832064,True,icp_accepted,2870,1.0,0.1313666161154394,11.440987000241876,7.351583000854589,5.293656999128871,1.682892005192116,1,0,0,,,,,,,,,,,,,,local_map_fast,False,12,5384,0,False,False,False,,,,inactive,,,,,,,,,,
front_end,4316818.667831264,True,icp_accepted,2917,1.0,0.12339985266728273,11.793468991527334,7.558110999525525,5.509672992047854,1.53694799519144,1,0,0,,,,,,,,,,,,,,local_map_fast,False,12,5384,0,False,False,False,,,,inactive,,,,,,,,,,
front_end,4316818.768040416,True,icp_accepted,2881,1.0,0.1262786760627981,11.29887999559287,7.487488008337095,5.393754006945528,1.472567004384473,1,0,0,,,,,,,,,,,,,,local_map_fast,False,12,5384,0,False,False,False,,,,inactive,,,,,,,,,,
front_end,4316818.867856576,True,icp_accepted,2964,1.0,0.13152136426098376,11.201016008271836,7.23407200712245,5.239033998805098,1.704432987025939,1,0,0,,,,,,,,,,,,,,local_map_fast,False,12,5384,0,False,False,False,,,,inactive,,,,,,,,,,
front_end,4316818.967845088,True,icp_accepted,2898,1.0,0.1313632358445099,11.151452999911271,7.303031990886666,5.31312299426645,1.6393809928558767,1,0,0,,,,,,,,,,,,,,local_map_fast,False,12,5384,0,False,False,False,,,,inactive,,,,,,,,,,
front_end,4316819.067939456,True,icp_accepted,2898,1.0,0.1362293415304809,11.507342002005316,7.1127749979496,4.99170899274759,1.8112940015271306,1,0,0,,,,,,,,,,,,,,local_map_fast,False,12,5384,0,False,False,False,,,,inactive,,,,,,,,,,
front_end,4316819.167927104,True,icp_accepted,2879,1.0,0.12469291955317381,11.493394995341077,7.168979995185509,5.250155008980073,1.7480249953223392,1,0,0,,,,,,,,,,,,,,local_map_fast,False,12,5384,0,False,False,False,,,,inactive,,,,,,,,,,
front_end,4316819.267803264,True,icp_accepted,2952,1.0,0.13280619198643015,11.885411993716843,7.672056002775207,5.612745997495949,1.850387008744292,1,0,0,,,,,,,,,,,,,,local_map_fast,False,12,5384,0,False,False,False,,,,inactive,,,,,,,,,,
front_end,4316819.367995104,True,icp_accepted,2969,1.0,0.1266903853004862,12.325179006438702,8.114868003758602,5.9187510050833225,1.7609990027267486,1,0,0,,,,,,,,,,,,,,local_map_fast,False,12,5384,0,False,False,False,,,,inactive,,,,,,,,,,
front_end,4316819.467938272,True,icp_accepted,2868,1.0,0.1285972956696356,12.479288008762524,8.194217007257976,5.941344003076665,1.8849919870262966,1,0,0,,,,,,,,,,,,,,local_map_fast,False,12,5384,0,False,False,False,,,,inactive,,,,,,,,,,
front_end,4316819.567712576,True,icp_accepted,2974,1.0,0.13779276954287095,14.636050997069106,8.767243998590857,6.479845003923401,2.938831996289082,1,0,0,,,,,,,,,,,,,,local_map_fast,False,12,5384,0,False,False,False,,,,inactive,,,,,,,,,,
front_end,4316819.66799648,True,icp_accepted,2950,1.0,0.1430859417443932,14.454829986789264,9.074520989088342,6.662046987912618,2.437799994368106,1,0,0,,,,,,,,,,,,,,local_map_fast,False,12,5384,0,False,False,False,,,,inactive,,,,,,,,,,
front_end,4316819.767936896,True,icp_accepted,2921,1.0,0.1411808730100224,13.257309998152778,8.20706099329982,5.995505998726003,2.2874279966345057,1,0,0,,,,,,,,,,,,,,local_map_fast,False,12,5384,0,False,False,False,,,,inactive,,,,,,,,,,
front_end,4316819.868016736,True,icp_accepted,2911,1.0,0.13957652772005888,13.054919996648096,8.10090100276284,5.752808996476233,2.0487489964580163,1,0,0,,,,,,,,,,,,,,local_map_fast,False,12,5384,0,False,False,False,,,,inactive,,,,,,,,,,
front_end,4316819.967922752,True,icp_accepted,2927,1.0,0.14046835315359277,12.24869400903117,7.597425006679259,5.440162000013515,2.2328849881887436,1,0,0,,,,,,,,,,,,,,local_map_fast,False,12,5384,0,False,False,False,,,,inactive,,,,,,,,,,
front_end,4316820.067903776,True,icp_accepted,2920,1.0,0.1396770135341331,12.43482499558013,7.594820999656804,5.562721999012865,2.5377989950357005,1,0,0,,,,,,,,,,,,,,local_map_fast,False,12,5384,0,False,False,False,,,,inactive,,,,,,,,,,
front_end,4316820.168009856,True,icp_accepted,2929,1.0,0.12183199898405447,13.050652007223107,7.748199001071043,5.60443100403063,2.7198399911867455,1,0,0,,,,,,,,,,,,,,local_map_fast,False,12,5384,0,False,False,False,,,,inactive,,,,,,,,,,
front_end,4316820.267888352,True,icp_accepted,3053,1.0,0.1358880639732486,12.553116990602575,7.525490000261925,5.463174995384179,2.6603690057527274,1,0,0,,,,,,,,,,,,,,local_map_fast,False,12,5384,0,False,False,False,,,,inactive,,,,,,,,,,
front_end,4316820.367898016,True,icp_accepted,2930,0.9996587030716724,0.12319935480288575,11.785664988565259,7.41351000033319,5.395929008955136,2.033780998317525,1,0,0,,,,,,,,,,,,,,local_map_fast,False,12,5384,0,False,False,False,,,,inactive,,,,,,,,,,
front_end,4316820.467989824,True,icp_accepted,3046,1.0,0.14211626583045534,13.047625005128793,7.696590997511521,5.660955997882411,2.934312986326404,1,0,0,,,,,,,,,,,,,,local_map_fast,False,12,5384,0,False,False,False,,,,inactive,,,,,,,,,,
front_end,4316820.567951232,True,icp_accepted,3023,1.0,0.13637604451449742,14.009923994308338,7.767203991534188,5.641038995236158,2.050814000540413,1,0,0,,,,,,,,,,,,,,local_map_fast,True,12,5617,0,False,False,False,,,,inactive,,,,,,,,,,
front_end,4316820.668507008,True,icp_accepted,3020,1.0,0.07381732391613077,12.98715200391598,7.520401006331667,5.456964005134068,3.0699789931531996,1,0,0,,,,,,,,,,,,,,local_map_fast,False,12,5617,0,False,False,False,,,,inactive,,,,,,,,,,
front_end,4316820.7679432,True,icp_accepted,3056,1.0,0.08130218457585855,12.750818001222797,7.760872002108954,5.639968003379181,2.4778060032986104,1,0,0,,,,,,,,,,,,,,local_map_fast,False,12,5617,0,False,False,False,,,,inactive,,,,,,,,,,
front_end,4316820.867912544,True,icp_accepted,2940,1.0,0.086209387590694,13.196625994169153,7.6159599993843585,5.60741699882783,2.75544699979946,1,0,0,,,,,,,,,,,,,,local_map_fast,False,12,5617,0,False,False,False,,,,inactive,,,,,,,,,,
front_end,4316820.967869568,True,icp_accepted,3045,1.0,0.0910781679568474,12.047315991367213,7.694046988035552,5.48735998745542,1.8625989905558527,1,0,0,,,,,,,,,,,,,,local_map_fast,False,12,5617,0,False,False,False,,,,inactive,,,,,,,,,,
front_end,4316821.067928288,True,icp_accepted,2958,1.0,0.08356298903368456,13.138816997525282,7.871691006585024,5.793585005449131,2.3091790062608197,1,0,0,,,,,,,,,,,,,,local_map_fast,False,12,5617,0,False,False,False,,,,inactive,,,,,,,,,,
front_end,4316821.167885024,True,icp_accepted,3048,1.0,0.08739304704870375,13.772867998341098,8.878431995981373,6.279659006395377,2.124702004948631,1,0,0,,,,,,,,,,,,,,local_map_fast,False,12,5617,0,False,False,False,,,,inactive,,,,,,,,,,
front_end,4316821.267877632,True,icp_accepted,3135,1.0,0.09363448315055625,13.345215003937483,8.29470600001514,5.826528009492904,2.329257011297159,1,0,0,,,,,,,,,,,,,,local_map_fast,False,12,5617,0,False,False,False,,,,inactive,,,,,,,,,,
front_end,4316821.368026752,True,icp_accepted,2981,1.0,0.09396512625104439,13.127596001140773,8.287792006740347,5.848608998348936,2.438782001263462,1,0,0,,,,,,,,,,,,,,local_map_fast,False,12,5617,0,False,False,False,,,,inactive,,,,,,,,,,
front_end,4316821.467852992,True,icp_accepted,3205,1.0,0.09866725265211046,14.223033998860046,7.974462991114706,5.8848369953921065,2.1988119988236576,1,0,0,,,,,,,,,,,,,,local_map_fast,False,12,5617,0,False,False,False,,,,inactive,,,,,,,,,,
front_end,4316821.568458944,True,icp_accepted,3031,1.0,0.08893599723438979,14.032856997800991,7.55092799954582,5.489433999173343,2.1191709965933114,1,0,0,,,,,,,,,,,,,,local_map_fast,True,12,5759,0,False,False,False,,,,inactive,,,,,,,,,,
optimized_backend,,,,,,,,,,,,,,,,,,,,,,,,,,,,,,,,,,,,,,,,,33,32,0,,,,pose_graph,False
front_end,4316821.66798112,True,icp_accepted,3057,1.0,0.07924403027230122,15.050418995087966,9.48998099192977,7.01130399829708,2.664396000909619,1,0,0,,,,,,,,,,,,,,local_map_fast,False,12,5759,0,False,False,False,,,,inactive,,,,,,,,,,
front_end,4316821.767870592,True,icp_accepted,3075,1.0,0.07934365308194487,14.128185997833498,8.988779009087011,6.33925199508667,2.4140659952536225,1,0,0,,,,,,,,,,,,,,local_map_fast,False,12,5759,0,False,False,False,,,,inactive,,,,,,,,,,
front_end,4316821.868352864,True,icp_accepted,3031,1.0,0.08197780218179951,13.675686001079157,7.888342006481253,5.7438619987806305,2.6473640027688816,1,0,0,,,,,,,,,,,,,,local_map_fast,False,12,5759,0,False,False,False,,,,inactive,,,,,,,,,,
front_end,4316821.967925152,True,icp_accepted,3146,1.0,0.08477752183729956,15.022396997665055,9.573789007845335,7.219535007607192,2.56061099935323,1,0,0,,,,,,,,,,,,,,local_map_fast,False,12,5759,0,False,False,False,,,,inactive,,,,,,,,,,
front_end,4316822.06789504,True,icp_accepted,3001,1.0,0.08659864271849231,13.522897992515936,7.808340989868157,5.624117009574547,2.7288080018479377,1,0,0,,,,,,,,,,,,,,local_map_fast,False,12,5759,0,False,False,False,,,,inactive,,,,,,,,,,
front_end,4316822.167880576,True,icp_accepted,3081,1.0,0.07715412204121537,12.573526008054614,7.610610002302565,5.44093300413806,2.4634190049255267,1,0,0,,,,,,,,,,,,,,local_map_fast,False,12,5759,0,False,False,False,,,,inactive,,,,,,,,,,
front_end,4316822.267955552,True,icp_accepted,3124,1.0,0.07387735672449171,12.631143006728962,7.4465620127739385,5.368697005906142,2.623079009936191,1,0,0,,,,,,,,,,,,,,local_map_fast,False,12,5759,0,False,False,False,,,,inactive,,,,,,,,,,
front_end,4316822.367871872,True,icp_accepted,3138,1.0,0.08894077492975364,13.71988900064025,7.669169994187541,5.445711998618208,2.5852580001810566,1,0,0,,,,,,,,,,,,,,local_map_fast,False,12,5759,0,False,False,False,,,,inactive,,,,,,,,,,
front_end,4316822.468357184,True,icp_accepted,3172,1.0,0.09083179652523372,14.459950005402789,7.663800002774224,5.56488599977456,2.591490003396757,1,0,0,,,,,,,,,,,,,,local_map_fast,True,12,6021,0,False,False,False,,,,inactive,,,,,,,,,,
front_end,4316822.568016416,True,icp_accepted,3057,1.0,0.06288737808358079,12.492461988586001,7.58687499910593,5.479325001942925,2.399548000539653,1,0,0,,,,,,,,,,,,,,local_map_fast,False,12,6021,0,False,False,False,,,,inactive,,,,,,,,,,
front_end,4316822.668548032,True,icp_accepted,3007,1.0,0.0677065080295523,12.973908000276424,7.988500001374632,5.953956992016174,2.4797289952402934,1,0,0,,,,,,,,,,,,,,local_map_fast,False,12,6021,0,False,False,False,,,,inactive,,,,,,,,,,
front_end,4316822.767874336,True,icp_accepted,3062,1.0,0.07330481744594945,12.319026995101012,6.907217990374193,4.8270089901052415,2.9116910009179264,1,0,0,,,,,,,,,,,,,,local_map_fast,False,12,6021,0,False,False,False,,,,inactive,,,,,,,,,,
front_end,4316822.86792288,True,icp_accepted,3006,1.0,0.07835279229520593,13.089876010781154,7.977430010214448,5.8469659998081625,2.63303799147252,1,0,0,,,,,,,,,,,,,,local_map_fast,False,12,6021,0,False,False,False,,,,inactive,,,,,,,,,,
front_end,4316822.967873408,True,icp_accepted,3014,1.0,0.080873621647763,12.445524000213481,7.361101001151837,5.280472003505565,2.676137999515049,1,0,0,,,,,,,,,,,,,,local_map_fast,False,12,6021,0,False,False,False,,,,inactive,,,,,,,,,,
front_end,4316823.067825152,True,icp_accepted,3020,1.0,0.08023595327529287,13.136271998519078,7.702182003413327,5.554807998123579,2.716193994274363,1,0,0,,,,,,,,,,,,,,local_map_fast,False,12,6021,0,False,False,False,,,,inactive,,,,,,,,,,
front_end,4316823.16785216,True,icp_accepted,2921,1.0,0.0761051702465522,13.601175989606418,8.029746997635812,5.745987000409514,2.5972000003093854,1,0,0,,,,,,,,,,,,,,local_map_fast,False,12,6021,0,False,False,False,,,,inactive,,,,,,,,,,
front_end,4316823.267842176,True,icp_accepted,2984,1.0,0.07617597450326953,13.610854002763517,7.99811800243333,5.7613449898781255,2.586780989076942,1,0,0,,,,,,,,,,,,,,local_map_fast,False,12,6021,0,False,False,False,,,,inactive,,,,,,,,,,
optimized_backend,,,,,,,,,,,,,,,,,,,,,,,,,,,,,,,,,,,,,,,,,34,33,0,,,,pose_graph,False
front_end,4316823.368350752,True,icp_accepted,2970,1.0,0.07511319964988274,30.13076400384307,16.50407000852283,12.6650169986533,5.387433004216291,1,0,0,,,,,,,,,,,,,,local_map_fast,True,12,6079,0,False,False,False,,,,inactive,,,,,,,,,,
front_end,4316823.46794272,True,icp_accepted,2992,1.0,0.062244561953059205,24.14403601142112,15.06482700642664,10.586240998236462,3.7972150021232665,1,0,0,,,,,,,,,,,,,,local_map_fast,False,12,6079,0,False,False,False,,,,inactive,,,,,,,,,,
front_end,4316823.567858464,True,icp_accepted,2955,1.0,0.06538135331834355,15.399844996863976,9.981573995901272,7.088218000717461,2.5481180055066943,1,0,0,,,,,,,,,,,,,,local_map_fast,False,12,6079,0,False,False,False,,,,inactive,,,,,,,,,,
front_end,4316823.66781904,True,icp_accepted,2941,1.0,0.06925396507515183,15.093519992660731,9.64127600309439,7.122852999600582,2.730350010097027,1,0,0,,,,,,,,,,,,,,local_map_fast,False,12,6079,0,False,False,False,,,,inactive,,,,,,,,,,
front_end,4316823.767995328,True,icp_accepted,2848,1.0,0.07117897047603933,12.70910000312142,7.491677009966224,5.4676139989169315,2.8464379865908995,1,0,0,,,,,,,,,,,,,,local_map_fast,False,12,6079,0,False,False,False,,,,inactive,,,,,,,,,,
front_end,4316823.8678136,True,icp_accepted,2921,1.0,0.07325158176037065,13.04399898799602,7.906665996415541,5.913971996051259,2.7924270107178017,1,0,0,,,,,,,,,,,,,,local_map_fast,False,12,6079,0,False,False,False,,,,inactive,,,,,,,,,,
front_end,4316823.968355648,True,icp_accepted,2824,1.0,0.07813688745137999,11.806824011728168,6.937385012861341,4.886280992650427,2.4760129890637472,1,0,0,,,,,,,,,,,,,,local_map_fast,False,12,6079,0,False,False,False,,,,inactive,,,,,,,,,,
front_end,4316824.067837952,True,icp_accepted,2897,1.0,0.0806703175945222,12.61241799511481,7.391007005935535,5.361072995583527,2.406692990916781,1,0,0,,,,,,,,,,,,,,local_map_fast,False,12,6079,0,False,False,False,,,,inactive,,,,,,,,,,
front_end,4316824.167952416,True,icp_accepted,2854,1.0,0.07829298638608567,12.026295997202396,7.396126995445229,5.34082499507349,2.3649539944017306,1,0,0,,,,,,,,,,,,,,local_map_fast,False,12,6079,0,False,False,False,,,,inactive,,,,,,,,,,
front_end,4316824.268359008,True,icp_accepted,2905,1.0,0.08831227773462069,14.011266990564764,7.277824988705106,5.27411000803113,2.801252994686365,1,0,0,,,,,,,,,,,,,,local_map_fast,True,12,6300,0,False,False,False,,,,inactive,,,,,,,,,,
front_end,4316824.368007072,True,icp_accepted,2923,1.0,0.062480685066976724,11.92401399021037,7.164230992202647,5.2093580015935,2.4440520064672455,1,0,0,,,,,,,,,,,,,,local_map_fast,False,12,6300,0,False,False,False,,,,inactive,,,,,,,,,,
front_end,4316824.468514624,True,icp_accepted,2880,1.0,0.06514192858920467,13.759604000370018,7.410513993818313,5.390678998082876,2.4627579987281933,1,0,0,,,,,,,,,,,,,,local_map_fast,False,12,6300,0,False,False,False,,,,inactive,,,,,,,,,,
front_end,4316824.568406176,True,icp_accepted,2929,1.0,0.06652075746958429,11.809970994363539,7.20153099973686,5.316258990205824,2.305571993929334,1,0,0,,,,,,,,,,,,,,local_map_fast,False,12,6300,0,False,False,False,,,,inactive,,,,,,,,,,
front_end,4316824.667836352,True,icp_accepted,2845,1.0,0.06870773716167233,12.369190997560509,7.56506399193313,5.59652601077687,2.5787159975152463,1,0,0,,,,,,,,,,,,,,local_map_fast,False,12,6300,0,False,False,False,,,,inactive,,,,,,,,,,
front_end,4316824.767852768,True,icp_accepted,2800,1.0,0.07779971116543258,12.409617003868334,7.241826999234036,5.248811998171732,2.841730005457066,1,0,0,,,,,,,,,,,,,,local_map_fast,False,12,6300,0,False,False,False,,,,inactive,,,,,,,,,,
front_end,4316824.867919712,True,icp_accepted,2810,1.0,0.08430400595150897,13.689232000615448,7.176694998634048,5.228944995906204,2.733415996772237,1,0,0,,,,,,,,,,,,,,local_map_fast,False,12,6300,0,False,False,False,,,,inactive,,,,,,,,,,
front_end,4316824.96801696,True,icp_accepted,2819,1.0,0.09093488006042406,12.571971994475462,7.263407998834737,5.251427995972335,2.3391849972540513,1,0,0,,,,,,,,,,,,,,local_map_fast,False,12,6300,0,False,False,False,,,,inactive,,,,,,,,,,
front_end,4316825.067917888,True,icp_accepted,2877,1.0,0.09209223853856953,18.508837005356327,12.25023799634073,9.88837999466341,2.1228389960015193,1,0,0,,,,,,,,,,,,,,local_map_fast,False,12,6300,0,False,False,False,,,,inactive,,,,,,,,,,
optimized_backend,,,,,,,,,,,,,,,,,,,,,,,,,,,,,,,,,,,,,,,,,35,34,0,,,,pose_graph,False
front_end,4316825.167820256,True,icp_accepted,2794,1.0,0.08619627076898684,15.679571006330661,8.144111998262815,5.938226997386664,2.5236119981855154,1,0,0,,,,,,,,,,,,,,local_map_fast,True,12,6363,0,False,False,False,,,,inactive,,,,,,,,,,
front_end,4316825.267877248,True,icp_accepted,2938,1.0,0.06492758499630573,13.798736996250227,8.059624000452459,5.904753998038359,2.9176020034356043,1,0,0,,,,,,,,,,,,,,local_map_fast,False,12,6363,0,False,False,False,,,,inactive,,,,,,,,,,
front_end,4316825.367824832,True,icp_accepted,2934,0.9996591683708248,0.06774854768159272,13.28564299910795,8.417946999543346,5.962123002973385,2.4210600095102564,1,0,0,,,,,,,,,,,,,,local_map_fast,False,12,6363,0,False,False,False,,,,inactive,,,,,,,,,,
front_end,4316825.468346912,True,icp_accepted,2883,0.9993062781824489,0.06739802171459706,13.971331994980574,7.693045001360588,5.744473994127475,2.3838490014895797,1,0,0,,,,,,,,,,,,,,local_map_fast,False,12,6363,0,False,False,False,,,,inactive,,,,,,,,,,
front_end,4316825.567973152,True,icp_accepted,2897,1.0,0.06723421684265649,12.020174995996058,7.11607099219691,5.100272988784127,2.2348490019794554,1,0,0,,,,,,,,,,,,,,local_map_fast,False,12,6363,0,False,False,False,,,,inactive,,,,,,,,,,
front_end,4316825.668368928,True,icp_accepted,2917,1.0,0.07474017166089864,12.689031995250843,7.519628998124972,5.501767998794094,2.7530930092325434,1,0,0,,,,,,,,,,,,,,local_map_fast,False,12,6363,0,False,False,False,,,,inactive,,,,,,,,,,
front_end,4316825.768287168,True,icp_accepted,2886,1.0,0.07643913436312558,12.449743007891811,7.1618369984207675,4.904485002043657,2.791095001157373,1,0,0,,,,,,,,,,,,,,local_map_fast,False,12,6363,0,False,False,False,,,,inactive,,,,,,,,,,
front_end,4316825.867893664,True,icp_accepted,2840,1.0,0.07990041061136549,12.87349899939727,7.63965499936603,5.682296003215015,2.445345002342947,1,0,0,,,,,,,,,,,,,,local_map_fast,False,12,6363,0,False,False,False,,,,inactive,,,,,,,,,,
front_end,4316825.968309792,True,icp_accepted,2914,1.0,0.08403201698770761,14.368236996233463,7.465977992978878,5.433760001324117,2.61460299952887,1,0,0,,,,,,,,,,,,,,local_map_fast,True,12,6599,0,False,False,False,,,,inactive,,,,,,,,,,
front_end,4316826.067968032,True,icp_accepted,2877,1.0,0.06454864451691711,12.609862998942845,7.557990989880636,5.5384659935953096,2.6508809969527647,1,0,0,,,,,,,,,,,,,,local_map_fast,False,12,6599,0,False,False,False,,,,inactive,,,,,,,,,,
front_end,4316826.1678544,True,icp_accepted,2857,1.0,0.0633537005950938,12.436207005521283,7.316065995837562,5.290421002428047,2.6033019967144355,1,0,0,,,,,,,,,,,,,,local_map_fast,False,12,6599,0,False,False,False,,,,inactive,,,,,,,,,,
front_end,4316826.26829424,True,icp_accepted,2979,0.9993286337697214,0.06778162491290722,13.59588599007111,7.927444996312261,5.8408250042703,3.2029279973357916,1,0,0,,,,,,,,,,,,,,local_map_fast,False,12,6599,0,False,False,False,,,,inactive,,,,,,,,,,
front_end,4316826.368031168,True,icp_accepted,2869,0.9993028929940746,0.07011464402104475,12.208629006636329,7.041050004772842,5.017568008042872,2.339084996492602,1,0,0,,,,,,,,,,,,,,local_map_fast,False,12,6599,0,False,False,False,,,,inactive,,,,,,,,,,
front_end,4316826.467840704,True,icp_accepted,2939,0.9996597482136781,0.07795299105937727,13.388616993324831,7.127281991415657,5.2001709991600364,2.4038270057644695,1,0,0,,,,,,,,,,,,,,local_map_fast,False,12,6599,0,False,False,False,,,,inactive,,,,,,,,,,
front_end,4316826.568343584,True,icp_accepted,2895,0.9996545768566494,0.07455550136402928,13.561059997300617,7.5450159929459915,5.624638011795469,2.212777006207034,1,0,0,,,,,,,,,,,,,,local_map_fast,False,12,6599,0,False,False,False,,,,inactive,,,,,,,,,,
front_end,4316826.668366848,True,icp_accepted,2932,0.9993178717598908,0.07488802831522944,14.20219500141684,8.201028991607018,6.020611996063963,2.730460008024238,1,0,0,,,,,,,,,,,,,,local_map_fast,False,12,6599,0,False,False,False,,,,inactive,,,,,,,,,,
optimized_backend,,,,,,,,,,,,,,,,,,,,,,,,,,,,,,,,,,,,,,,,,36,35,0,,,,pose_graph,False
front_end,4316826.767866272,True,icp_accepted,3008,0.9996675531914894,0.07952291502078246,17.965074992389418,9.308850989327766,6.7578979942481965,2.7582129987422377,1,0,0,,,,,,,,,,,,,,local_map_fast,True,12,6680,0,False,False,False,,,,inactive,,,,,,,,,,
front_end,4316826.868305216,True,icp_accepted,2832,1.0,0.06405204048267053,13.101357006235048,7.3878809926100075,5.391049999161623,2.6555600052233785,1,0,0,,,,,,,,,,,,,,local_map_fast,False,12,6680,0,False,False,False,,,,inactive,,,,,,,,,,
front_end,4316826.9678488,True,icp_accepted,2819,1.0,0.0641880216392658,12.071691991877742,6.8317169934744015,4.717354007880203,2.3757230082992464,1,0,0,,,,,,,,,,,,,,local_map_fast,False,12,6680,0,False,False,False,,,,inactive,,,,,,,,,,
front_end,4316827.067877088,True,icp_accepted,2838,1.0,0.06784677714883777,13.922540005296469,7.530770002631471,5.59498299844563,2.3316010046983138,1,0,0,,,,,,,,,,,,,,local_map_fast,False,12,6680,0,False,False,False,,,,inactive,,,,,,,,,,
front_end,4316827.16828496,True,icp_accepted,2864,1.0,0.0731713445850872,13.181257003452629,8.265369993750937,6.01222699333448,2.2711070050718263,1,0,0,,,,,,,,,,,,,,local_map_fast,False,12,6680,0,False,False,False,,,,inactive,,,,,,,,,,
front_end,4316827.268216256,True,icp_accepted,2908,1.0,0.08723763830441805,13.273379998281598,8.02222300262656,5.946221994236112,2.682391001144424,1,0,0,,,,,,,,,,,,,,local_map_fast,False,12,6680,0,False,False,False,,,,inactive,,,,,,,,,,
front_end,4316827.368372992,True,icp_accepted,2860,1.0,0.09460229965264298,13.73453700216487,8.093587995972484,5.901108001125976,2.9301749891601503,1,0,0,,,,,,,,,,,,,,local_map_fast,False,12,6680,0,False,False,False,,,,inactive,,,,,,,,,,
front_end,4316827.46786032,True,icp_accepted,2886,1.0,0.10170265659535146,12.770203989930451,7.763115994748659,5.497719990671612,2.5070709962164983,1,0,0,,,,,,,,,,,,,,local_map_fast,False,12,6680,0,False,False,False,,,,inactive,,,,,,,,,,
front_end,4316827.568259808,True,icp_accepted,2863,1.0,0.10209761674589905,13.671488006366417,7.04704099916853,5.030020998674445,2.3962529958225787,1,0,0,,,,,,,,,,,,,,local_map_fast,False,12,6680,0,False,False,False,,,,inactive,,,,,,,,,,
front_end,4316827.668190464,True,icp_accepted,2900,1.0,0.09497154395407634,14.829474006546661,7.814202006557025,5.761685999459587,2.6607199979480356,1,0,0,,,,,,,,,,,,,,local_map_fast,True,12,6829,0,False,False,False,,,,inactive,,,,,,,,,,
front_end,4316827.76825776,True,icp_accepted,2848,1.0,0.0650076773323805,13.292244999320246,7.97363200399559,5.693847997463308,2.7826379955513403,1,0,0,,,,,,,,,,,,,,local_map_fast,False,12,6829,0,False,False,False,,,,inactive,,,,,,,,,,
front_end,4316827.867806144,True,icp_accepted,2857,1.0,0.07190289813049547,14.434932003496215,8.421432998147793,6.045088011887856,2.655789998243563,1,0,0,,,,,,,,,,,,,,local_map_fast,False,12,6829,0,False,False,False,,,,inactive,,,,,,,,,,
front_end,4316827.967888704,True,icp_accepted,2777,1.0,0.06892461342434603,14.283297001384199,8.53424500382971,6.002248002914712,2.502923001884483,1,0,0,,,,,,,,,,,,,,local_map_fast,False,12,6829,0,False,False,False,,,,inactive,,,,,,,,,,
front_end,4316828.068378048,True,icp_accepted,2831,1.0,0.07513813548490328,14.19346900365781,8.710888010682538,6.478112991317175,2.587641996797174,1,0,0,,,,,,,,,,,,,,local_map_fast,False,12,6829,0,False,False,False,,,,inactive,,,,,,,,,,
front_end,4316828.168001728,True,icp_accepted,2866,1.0,0.07517079190359982,16.377371997805312,9.084468998480588,6.45633100066334,2.5629259907873347,1,0,0,,,,,,,,,,,,,,local_map_fast,False,12,6829,0,False,False,False,,,,inactive,,,,,,,,,,
front_end,4316828.268363008,True,icp_accepted,2842,1.0,0.07700284609516304,14.407199996639974,8.561085007386282,6.186715007061139,2.724739009863697,1,0,0,,,,,,,,,,,,,,local_map_fast,False,12,6829,0,False,False,False,,,,inactive,,,,,,,,,,
front_end,4316828.368318304,True,icp_accepted,2884,1.0,0.08234740972245931,14.02613399841357,7.756253005936742,5.640258008497767,2.944010993815027,1,0,0,,,,,,,,,,,,,,local_map_fast,False,12,6829,0,False,False,False,,,,inactive,,,,,,,,,,
optimized_backend,,,,,,,,,,,,,,,,,,,,,,,,,,,,,,,,,,,,,,,,,37,36,0,,,,pose_graph,False
front_end,4316828.467801664,True,icp_accepted,2971,1.0,0.08766821952951086,16.52749499771744,8.906113987904973,6.039376996341161,2.610234994790517,1,0,0,,,,,,,,,,,,,,local_map_fast,True,12,7002,0,False,False,False,,,,inactive,,,,,,,,,,
front_end,4316828.568464064,True,icp_accepted,2900,1.0,0.06528132836832651,14.321658993139863,8.71479399211239,6.215419009095058,2.512210005079396,1,0,0,,,,,,,,,,,,,,local_map_fast,False,12,7002,0,False,False,False,,,,inactive,,,,,,,,,,
front_end,4316828.66838432,True,icp_accepted,2880,1.0,0.06513583986090078,13.19240800512489,7.820234008249827,5.743742003687657,2.721723009017296,1,0,0,,,,,,,,,,,,,,local_map_fast,False,12,7002,0,False,False,False,,,,inactive,,,,,,,,,,
front_end,4316828.768261696,True,icp_accepted,2874,1.0,0.06906615337093996,13.08442500885576,7.967341007315554,5.841045000124723,2.4999970046337694,1,0,0,,,,,,,,,,,,,,local_map_fast,False,12,7002,0,False,False,False,,,,inactive,,,,,,,,,,
front_end,4316828.867979744,True,icp_accepted,2896,1.0,0.06892580548687186,12.997762009035796,7.652028012671508,5.58792898664251,2.67693999921903,1,0,0,,,,,,,,,,,,,,local_map_fast,False,12,7002,0,False,False,False,,,,inactive,,,,,,,,,,
front_end,4316828.967916512,True,icp_accepted,2804,1.0,0.07372245502519481,13.49742099409923,8.039795997319743,5.8081330062123016,2.5212879991158843,1,0,0,,,,,,,,,,,,,,local_map_fast,False,12,7002,0,False,False,False,,,,inactive,,,,,,,,,,
front_end,4316829.068430624,True,icp_accepted,2889,1.0,0.07769302761968713,13.223085989011452,7.923247991129756,5.782085005193949,2.489206992322579,1,0,0,,,,,,,,,,,,,,local_map_fast,False,12,7002,0,False,False,False,,,,inactive,,,,,,,,,,
front_end,4316829.168404192,True,icp_accepted,2899,1.0,0.07852549126662388,14.066529998672195,8.503456992912106,6.318241008557379,2.56508999154903,1,0,0,,,,,,,,,,,,,,local_map_fast,False,12,7002,0,False,False,False,,,,inactive,,,,,,,,,,
front_end,4316829.268382496,True,icp_accepted,2916,1.0,0.07654401961042288,18.64356100850273,7.967180004925467,5.821978993481025,3.0550299998139963,1,0,0,,,,,,,,,,,,,,local_map_fast,True,12,7069,0,False,False,False,,,,inactive,,,,,,,,,,
front_end,4316829.36821328,True,icp_accepted,2912,1.0,0.06860035184365822,15.413811008329503,9.683534008217975,7.333859990467317,2.7623610076261684,1,0,0,,,,,,,,,,,,,,local_map_fast,False,12,7069,0,False,False,False,,,,inactive,,,,,,,,,,
front_end,4316829.468387168,True,icp_accepted,2946,1.0,0.07073005468408713,15.016464996733703,7.799665007041767,5.412539991084486,2.4505650071660057,1,0,0,,,,,,,,,,,,,,local_map_fast,False,12,7069,0,False,False,False,,,,inactive,,,,,,,,,,
front_end,4316829.56828448,True,icp_accepted,2961,1.0,0.07219410844930373,13.22694300324656,7.742757996311411,5.680684000253677,2.657524004462175,1,0,0,,,,,,,,,,,,,,local_map_fast,False,12,7069,0,False,False,False,,,,inactive,,,,,,,,,,
front_end,4316829.66813712,True,icp_accepted,2930,1.0,0.07925159552336784,13.448599012917839,7.749361000605859,5.573222006205469,2.990328997839242,1,0,0,,,,,,,,,,,,,,local_map_fast,False,12,7069,0,False,False,False,,,,inactive,,,,,,,,,,
front_end,4316829.76781808,True,icp_accepted,2920,0.9996575342465753,0.08120089666835775,14.313634994323365,8.169640001142398,5.755243997555226,3.173933000653051,1,0,0,,,,,,,,,,,,,,local_map_fast,False,12,7069,0,False,False,False,,,,inactive,,,,,,,,,,
front_end,4316829.86823232,True,icp_accepted,2970,0.9993265993265993,0.08964904951911759,15.41824999731034,8.080392988631502,5.910615989705548,2.8078960021957755,1,0,0,,,,,,,,,,,,,,local_map_fast,False,12,7069,0,False,False,False,,,,inactive,,,,,,,,,,
front_end,4316829.969162304,True,icp_accepted,2912,1.0,0.10111285127762827,13.704469994991086,7.038725991151296,4.930493989377283,2.625994005938992,1,0,0,,,,,,,,,,,,,,local_map_fast,False,12,7069,0,False,False,False,,,,inactive,,,,,,,,,,
optimized_backend,,,,,,,,,,,,,,,,,,,,,,,,,,,,,,,,,,,,,,,,,38,37,0,,,,pose_graph,False
front_end,4316830.068331808,True,icp_accepted,2923,0.9996578857338351,0.10411868598316298,19.478909991448745,11.706685996614397,9.209715004544705,2.980960998684168,1,0,0,,,,,,,,,,,,,,local_map_fast,True,12,7071,0,False,False,False,,,,inactive,,,,,,,,,,
front_end,4316830.168224288,True,icp_accepted,2994,1.0,0.06814366299302534,18.265389997395687,10.338324995245785,7.431823993101716,2.8412089886842296,1,0,0,,,,,,,,,,,,,,local_map_fast,False,12,7071,0,False,False,False,,,,inactive,,,,,,,,,,
front_end,4316830.26840208,True,icp_accepted,3013,1.0,0.08319674578121727,14.042845999938436,8.168818996637128,5.944959993939847,2.876373997423798,1,0,0,,,,,,,,,,,,,,local_map_fast,False,12,7071,0,False,False,False,,,,inactive,,,,,,,,,,
front_end,4316830.368360288,True,icp_accepted,2987,1.0,0.08783449747251522,13.854281001840718,7.771942997351289,5.651589002809487,2.9974420031066984,1,0,0,,,,,,,,,,,,,,local_map_fast,False,12,7071,0,False,False,False,,,,inactive,,,,,,,,,,
front_end,4316830.46823488,True,icp_accepted,3073,1.0,0.09913927985815828,13.670936998096295,7.881718993303366,5.784067994682118,2.4086060002446175,1,0,0,,,,,,,,,,,,,,local_map_fast,False,12,7071,0,False,False,False,,,,inactive,,,,,,,,,,
front_end,4316830.567920384,True,icp_accepted,3050,1.0,0.09987174269448011,12.399949002428912,6.9803759979549795,4.885629998170771,2.744095996604301,1,0,0,,,,,,,,,,,,,,local_map_fast,False,12,7071,0,False,False,False,,,,inactive,,,,,,,,,,
front_end,4316830.668252832,True,icp_accepted,3063,1.0,0.0920165855636591,13.128117003361695,7.585743005620316,5.486419002409093,2.78979200811591,1,0,0,,,,,,,,,,,,,,local_map_fast,False,12,7071,0,False,False,False,,,,inactive,,,,,,,,,,
front_end,4316830.76817216,True,icp_accepted,3054,1.0,0.09338346107566631,13.936716990428977,7.631589993252419,5.516024000826292,3.3572980028111488,1,0,0,,,,,,,,,,,,,,local_map_fast,False,12,7071,0,False,False,False,,,,inactive,,,,,,,,,,
front_end,4316830.868371552,True,icp_accepted,2948,1.0,0.09676214209628942,15.113097004359588,7.520190003560856,5.5060660088201985,3.0786449933657423,1,0,0,,,,,,,,,,,,,,local_map_fast,True,12,7118,0,False,False,False,,,,inactive,,,,,,,,,,
front_end,4316830.967831968,True,icp_accepted,3026,1.0,0.06907172008859547,12.63813600235153,7.390154991298914,5.372454004827887,2.52162799006328,1,0,0,,,,,,,,,,,,,,local_map_fast,False,12,7118,0,False,False,False,,,,inactive,,,,,,,,,,
front_end,4316831.06824352,True,icp_accepted,3032,1.0,0.07493825675290572,13.371003995416686,7.9334369947901,5.936002999078482,2.6212749944534153,1,0,0,,,,,,,,,,,,,,local_map_fast,False,12,7118,0,False,False,False,,,,inactive,,,,,,,,,,
front_end,4316831.168347392,True,icp_accepted,3101,1.0,0.07831478570589677,13.758440996753052,7.629604995599948,5.2648720011347905,3.2556270016357303,1,0,0,,,,,,,,,,,,,,local_map_fast,False,12,7118,0,False,False,False,,,,inactive,,,,,,,,,,
front_end,4316831.268278176,True,icp_accepted,3123,1.0,0.0856206686391078,14.062222006032243,8.185871003661305,6.109559995820746,3.2202610018430278,1,0,0,,,,,,,,,,,,,,local_map_fast,False,12,7118,0,False,False,False,,,,inactive,,,,,,,,,,
front_end,4316831.368198752,True,icp_accepted,3142,1.0,0.09428394274887911,14.209949993528426,8.223661992815323,6.144414990558289,3.115473999059759,1,0,0,,,,,,,,,,,,,,local_map_fast,False,12,7118,0,False,False,False,,,,inactive,,,,,,,,,,
front_end,4316831.467835104,True,icp_accepted,3186,1.0,0.0947657134773521,16.62665099138394,9.00918799743522,6.563442992046475,3.31703299889341,1,0,0,,,,,,,,,,,,,,local_map_fast,False,12,7118,0,False,False,False,,,,inactive,,,,,,,,,,
front_end,4316831.56823792,True,icp_accepted,3119,1.0,0.09822364862375875,15.029248999780975,8.223911994718947,5.931403997237794,2.818384993588552,1,0,0,,,,,,,,,,,,,,local_map_fast,False,12,7118,0,False,False,False,,,,inactive,,,,,,,,,,
front_end,4316831.668177952,True,icp_accepted,3156,1.0,0.09005814001264666,14.684992012917064,8.528976002708077,6.199619005201384,2.7281359944026917,1,0,0,,,,,,,,,,,,,,local_map_fast,False,12,7118,0,False,False,False,,,,inactive,,,,,,,,,,
front_end,4316831.768337056,True,icp_accepted,2982,1.0,0.08803928768060071,14.507058003800921,8.430791000137106,5.885046994080767,2.894628996727988,1,0,0,,,,,,,,,,,,,,local_map_fast,False,12,7118,0,False,False,False,,,,inactive,,,,,,,,,,
front_end,4316831.868246496,True,icp_accepted,2916,1.0,0.09017801393649781,13.692758002434857,8.2422069972381,5.701151996618137,2.389820001553744,1,0,0,,,,,,,,,,,,,,local_map_fast,False,12,7118,0,False,False,False,,,,inactive,,,,,,,,,,
front_end,4316831.968149248,True,icp_accepted,2905,1.0,0.09179250301108074,13.08509700174909,7.9006650048540905,5.770903997472487,2.3349370021605864,1,0,0,,,,,,,,,,,,,,local_map_fast,False,12,7118,0,False,False,False,,,,inactive,,,,,,,,,,
front_end,4316832.068341376,True,icp_accepted,2991,1.0,0.09651579657052521,14.982821987359785,7.6934759999858215,5.576377996476367,2.750217987340875,1,0,0,,,,,,,,,,,,,,local_map_fast,False,12,7118,0,False,False,False,,,,inactive,,,,,,,,,,
optimized_backend,,,,,,,,,,,,,,,,,,,,,,,,,,,,,,,,,,,,,,,,,39,38,0,,,,pose_graph,False
front_end,4316832.168369536,True,icp_accepted,2933,1.0,0.09475735064720509,16.63851299963426,9.9330539960647,7.214115001261234,3.1839620060054585,1,0,0,,,,,,,,,,,,,,local_map_fast,False,12,7118,0,False,False,False,,,,inactive,,,,,,,,,,
front_end,4316832.268202304,True,icp_accepted,2989,1.0,0.10805867770118308,13.64107099652756,8.246284996857867,5.646228994010016,2.6148130127694458,1,0,0,,,,,,,,,,,,,,local_map_fast,False,12,7118,0,False,False,False,,,,inactive,,,,,,,,,,
front_end,4316832.367899136,True,icp_accepted,3098,1.0,0.10983497624105566,15.901398001005873,7.133824008633383,4.903684006421827,3.386764001334086,1,0,0,,,,,,,,,,,,,,local_map_fast,True,12,7261,0,False,False,False,,,,inactive,,,,,,,,,,
front_end,4316832.46817024,True,icp_accepted,2856,1.0,0.06759644263771478,14.260505005950108,8.720907004317269,6.47468600072898,2.8850010130554438,1,0,0,,,,,,,,,,,,,,local_map_fast,False,12,7261,0,False,False,False,,,,inactive,,,,,,,,,,
front_end,4316832.568147776,True,icp_accepted,3055,1.0,0.06720470212587258,12.709700997220352,8.067308008321561,6.070254996302538,2.018141996813938,1,0,0,,,,,,,,,,,,,,local_map_fast,False,12,7261,0,False,False,False,,,,inactive,,,,,,,,,,
front_end,4316832.66837072,True,icp_accepted,2947,1.0,0.06507897504507149,14.068022996070795,8.472508998238482,6.472471010056324,2.641954008140601,1,0,0,,,,,,,,,,,,,,local_map_fast,False,12,7261,0,False,False,False,,,,inactive,,,,,,,,,,
front_end,4316832.768252352,True,icp_accepted,2939,1.0,0.0670096251860753,13.762089001829736,7.5814360025106,5.565426996327005,3.469549003057182,1,0,0,,,,,,,,,,,,,,local_map_fast,False,12,7261,0,False,False,False,,,,inactive,,,,,,,,,,
front_end,4316832.868239296,True,icp_accepted,2961,1.0,0.06733335448250788,13.54896801058203,7.550677008111961,5.607655999483541,2.51990401011426,1,0,0,,,,,,,,,,,,,,local_map_fast,False,12,7261,0,False,False,False,,,,inactive,,,,,,,,,,
front_end,4316832.96806624,True,icp_accepted,2890,1.0,0.06738445586764306,13.40078900102526,7.965507000335492,5.830314999911934,2.6357329916208982,1,0,0,,,,,,,,,,,,,,local_map_fast,False,12,7261,0,False,False,False,,,,inactive,,,,,,,,,,
front_end,4316833.068285024,True,icp_accepted,3024,1.0,0.06737190801296664,13.126253994414583,7.51997999032028,5.541121994610876,2.785964999930002,1,0,0,,,,,,,,,,,,,,local_map_fast,False,12,7261,0,False,False,False,,,,inactive,,,,,,,,,,
front_end,4316833.168167712,True,icp_accepted,2900,1.0,0.06812365593943483,12.920817011035979,7.615369002451189,5.630558996926993,2.597910992335528,1,0,0,,,,,,,,,,,,,,local_map_fast,False,12,7261,0,False,False,False,,,,inactive,,,,,,,,,,
front_end,4316833.26784272,True,icp_accepted,2971,1.0,0.06914605382364389,12.669025003560819,7.7704610012006015,5.789228001958691,2.1341899991966784,1,0,0,,,,,,,,,,,,,,local_map_fast,False,12,7261,0,False,False,False,,,,inactive,,,,,,,,,,
front_end,4316833.367842432,True,icp_accepted,2939,1.0,0.06670589989209404,13.027708002482541,7.6125729974592105,5.60070299252402,2.6959859969792888,1,0,0,,,,,,,,,,,,,,local_map_fast,False,12,7261,0,False,False,False,,,,inactive,,,,,,,,,,
front_end,4316833.468058592,True,icp_accepted,2847,1.0,0.0696422571912657,13.604831998236477,7.8201229916885495,5.805869004689157,2.7465199964353815,1,0,0,,,,,,,,,,,,,,local_map_fast,False,12,7261,0,False,False,False,,,,inactive,,,,,,,,,,
front_end,4316833.569084704,True,icp_accepted,2943,1.0,0.0677986373060145,12.568345002364367,7.436984000378288,5.4613219981547445,2.2959229972912,1,0,0,,,,,,,,,,,,,,local_map_fast,False,12,7261,0,False,False,False,,,,inactive,,,,,,,,,,
front_end,4316833.668295744,True,icp_accepted,2864,1.0,0.06867751928715937,15.939599994453602,9.305956002208404,7.121179995010607,2.6616809918778017,1,0,0,,,,,,,,,,,,,,local_map_fast,False,12,7261,0,False,False,False,,,,inactive,,,,,,,,,,
front_end,4316833.768080416,True,icp_accepted,2950,1.0,0.06885316428308857,13.960381009383127,8.619505999376997,6.364437998854555,2.7078080020146444,1,0,0,,,,,,,,,,,,,,local_map_fast,False,12,7261,0,False,False,False,,,,inactive,,,,,,,,,,
front_end,4316833.868063008,True,icp_accepted,2910,1.0,0.06736090242558063,13.177508997614495,7.646697005839087,5.6869749969337136,2.1746059937868267,1,0,0,,,,,,,,,,,,,,local_map_fast,False,12,7261,0,False,False,False,,,,inactive,,,,,,,,,,
front_end,4316833.968276256,True,icp_accepted,2912,1.0,0.06870285564339453,15.314574993681163,9.06529299390968,6.867643998702988,2.5438299926463515,1,0,0,,,,,,,,,,,,,,local_map_fast,False,12,7261,0,False,False,False,,,,inactive,,,,,,,,,,
front_end,4316834.06837232,True,icp_accepted,2936,1.0,0.06953939410120547,13.25546701264102,7.765541013213806,5.7382520026294515,1.9533199956640601,1,0,0,,,,,,,,,,,,,,local_map_fast,False,12,7261,0,False,False,False,,,,inactive,,,,,,,,,,
front_end,4316834.167813792,True,icp_accepted,2868,1.0,0.06943330201633975,12.731902999803424,7.806278008501977,5.593128997134045,2.154738991521299,1,0,0,,,,,,,,,,,,,,local_map_fast,False,12,7261,0,False,False,False,,,,inactive,,,,,,,,,,
front_end,4316834.268198208,True,icp_accepted,2885,1.0,0.06843096315723289,12.664687004871666,7.491406009648927,5.52577200869564,2.015948004554957,1,0,0,,,,,,,,,,,,,,local_map_fast,False,12,7261,0,False,False,False,,,,inactive,,,,,,,,,,
front_end,4316834.367953824,True,icp_accepted,2862,1.0,0.06996029607607382,12.180866993730888,7.333859990467317,5.38107099418994,2.0878030045423657,1,0,0,,,,,,,,,,,,,,local_map_fast,False,12,7261,0,False,False,False,,,,inactive,,,,,,,,,,
front_end,4316834.468266848,True,icp_accepted,2950,1.0,0.06972051927235816,12.60108700080309,7.728972006589174,5.51552401157096,1.9958799966843799,1,0,0,,,,,,,,,,,,,,local_map_fast,False,12,7261,0,False,False,False,,,,inactive,,,,,,,,,,
front_end,4316834.568119968,True,icp_accepted,2802,1.0,0.07059661980875252,12.956885009771213,7.668248013942502,5.5952029943000525,2.267279996885918,1,0,0,,,,,,,,,,,,,,local_map_fast,False,12,7261,0,False,False,False,,,,inactive,,,,,,,,,,
front_end,4316834.669097184,True,icp_accepted,2922,1.0,0.0717403083560699,13.118148010107689,7.91309800115414,5.772936987341382,2.428503008559346,1,0,0,,,,,,,,,,,,,,local_map_fast,False,12,7261,0,False,False,False,,,,inactive,,,,,,,,,,
front_end,4316834.767817824,True,icp_accepted,2808,1.0,0.07247515485491754,12.413333999575116,7.572597998660058,5.599251002422534,2.087341999867931,1,0,0,,,,,,,,,,,,,,local_map_fast,False,12,7261,0,False,False,False,,,,inactive,,,,,,,,,,
front_end,4316834.868179136,True,icp_accepted,2902,1.0,0.07106813131070784,13.27081500494387,7.50105400220491,5.516616001841612,2.9974319913890213,1,0,0,,,,,,,,,,,,,,local_map_fast,False,12,7261,0,False,False,False,,,,inactive,,,,,,,,,,
front_end,4316834.969091424,True,icp_accepted,2815,1.0,0.07161085321497865,13.25201999861747,7.139865992940031,5.2008820057380944,3.4015720011666417,1,0,0,,,,,,,,,,,,,,local_map_fast,False,12,7261,0,False,False,False,,,,inactive,,,,,,,,,,
front_end,4316835.068262976,True,icp_accepted,2785,1.0,0.07086105146469798,14.644787006545812,7.619897005497478,5.667890000040643,3.969689001678489,1,0,0,,,,,,,,,,,,,,local_map_fast,False,12,7261,0,False,False,False,,,,inactive,,,,,,,,,,
front_end,4316835.169140416,True,icp_accepted,2890,1.0,0.07147733874177173,13.294599993969314,7.184809990576468,5.216051009483635,2.8831170056946576,1,0,0,,,,,,,,,,,,,,local_map_fast,False,12,7261,0,False,False,False,,,,inactive,,,,,,,,,,
front_end,4316835.268049664,True,icp_accepted,2675,1.0,0.07122782191594434,17.517124011646956,9.891636000247672,7.0138490118552,3.9315780013566837,1,0,0,,,,,,,,,,,,,,local_map_fast,False,12,7261,0,False,False,False,,,,inactive,,,,,,,,,,
front_end,4316835.368234688,True,icp_accepted,2791,1.0,0.07894826834809675,16.42190599523019,10.362159999203868,8.230924999224953,2.8085869998903945,1,0,0,,,,,,,,,,,,,,local_map_fast,False,12,7261,0,False,False,False,,,,inactive,,,,,,,,,,
front_end,4316835.468161952,True,icp_accepted,2707,1.0,0.07587677876595032,14.939751010388136,8.41788700199686,6.20456799515523,3.289711006800644,1,0,0,,,,,,,,,,,,,,local_map_fast,False,12,7261,0,False,False,False,,,,inactive,,,,,,,,,,
front_end,4316835.569096576,True,icp_accepted,2660,1.0,0.08020160585170562,14.13615100318566,7.819342004950158,5.733222991693765,2.9548519960371777,1,0,0,,,,,,,,,,,,,,local_map_fast,False,12,7261,0,False,False,False,,,,inactive,,,,,,,,,,
front_end,4316835.66827664,True,icp_accepted,2650,1.0,0.0820564770656404,13.860844002920203,8.1447740085423,5.929691993515007,2.761037991149351,1,0,0,,,,,,,,,,,,,,local_map_fast,False,12,7261,0,False,False,False,,,,inactive,,,,,,,,,,
front_end,4316835.76815872,True,icp_accepted,2664,1.0,0.07977349637997537,13.25794099830091,7.629735991940834,5.6019449984887615,2.1668120025424287,1,0,0,,,,,,,,,,,,,,local_map_fast,False,12,7261,0,False,False,False,,,,inactive,,,,,,,,,,
front_end,4316835.869158176,True,icp_accepted,2787,1.0,0.07512006500188763,14.596576991607435,7.897378993220627,5.749522999394685,3.305802005343139,1,0,0,,,,,,,,,,,,,,local_map_fast,False,12,7261,0,False,False,False,,,,inactive,,,,,,,,,,
front_end,4316835.968261504,True,icp_accepted,2687,1.0,0.07221902697815596,12.951455995789729,7.487359005608596,5.487921007443219,2.286176008055918,1,0,0,,,,,,,,,,,,,,local_map_fast,False,12,7261,0,False,False,False,,,,inactive,,,,,,,,,,
front_end,4316836.069123104,True,icp_accepted,2809,1.0,0.07363067692732453,16.39919399167411,7.857423988752998,5.789278002339415,3.1690439936937764,1,0,0,,,,,,,,,,,,,,local_map_fast,True,12,7158,0,False,False,False,,,,inactive,,,,,,,,,,
front_end,4316836.169060832,True,icp_accepted,2828,1.0,0.0636783859093559,15.379347009002231,7.635957997990772,5.626923011732288,4.423140999278985,1,0,0,,,,,,,,,,,,,,local_map_fast,False,12,7158,0,False,False,False,,,,inactive,,,,,,,,,,
front_end,4316836.269019648,True,icp_accepted,2784,1.0,0.06375969437088283,12.815629990654998,7.722540001850575,5.649155005812645,2.177290996769443,1,0,0,,,,,,,,,,,,,,local_map_fast,False,12,7158,0,False,False,False,,,,inactive,,,,,,,,,,
front_end,4316836.368178336,True,icp_accepted,2866,1.0,0.06331044221202985,12.829386003431864,7.605751001392491,5.683469003997743,2.3343759967247024,1,0,0,,,,,,,,,,,,,,local_map_fast,False,12,7158,0,False,False,False,,,,inactive,,,,,,,,,,
front_end,4316836.469162304,True,icp_accepted,2725,1.0,0.062265515574451674,14.646490002633072,8.228991995565593,5.937156005529687,3.1723110005259514,1,0,0,,,,,,,,,,,,,,local_map_fast,False,12,7158,0,False,False,False,,,,inactive,,,,,,,,,,
front_end,4316836.568250112,True,icp_accepted,2694,1.0,0.06550079325251791,26.331847009714693,10.134081996511668,7.474894999177195,3.3493640075903386,1,0,0,,,,,,,,,,,,,,local_map_fast,False,12,7158,0,False,False,False,,,,inactive,,,,,,,,,,
optimized_backend,,,,,,,,,,,,,,,,,,,,,,,,,,,,,,,,,,,,,,,,,40,39,0,,,,pose_graph,False
front_end,4316836.669084768,True,icp_accepted,2661,1.0,0.06597597492080029,18.363433991908096,11.637395989964716,9.363734003272839,2.9146570013836026,1,0,0,,,,,,,,,,,,,,local_map_fast,False,12,7158,0,False,False,False,,,,inactive,,,,,,,,,,
front_end,4316836.767872416,True,icp_accepted,2729,1.0,0.0662297215569845,15.477962995646521,8.670431998325512,6.412318005459383,2.382336009759456,1,0,0,,,,,,,,,,,,,,local_map_fast,False,12,7158,0,False,False,False,,,,inactive,,,,,,,,,,
front_end,4316836.868248928,True,icp_accepted,2729,1.0,0.06529302696908154,13.508242001989856,8.244080003350973,6.158552001579665,2.2243800049182028,1,0,0,,,,,,,,,,,,,,local_map_fast,False,12,7158,0,False,False,False,,,,inactive,,,,,,,,,,
front_end,4316836.969087456,True,icp_accepted,2735,1.0,0.06484261030635426,15.068073000293225,9.122781993937679,6.934289005585015,2.8851610113633797,1,0,0,,,,,,,,,,,,,,local_map_fast,False,12,7158,0,False,False,False,,,,inactive,,,,,,,,,,
front_end,4316837.069080032,True,icp_accepted,2763,1.0,0.061139104322981794,13.038247998338193,7.248510009958409,5.315808011800982,3.0484380113193765,1,0,0,,,,,,,,,,,,,,local_map_fast,False,12,7158,0,False,False,False,,,,inactive,,,,,,,,,,
front_end,4316837.169056416,True,icp_accepted,2683,1.0,0.062109163178821376,11.484629008919,6.586686009541154,4.663272004108876,2.2260429977905005,1,0,0,,,,,,,,,,,,,,local_map_fast,False,12,7158,0,False,False,False,,,,inactive,,,,,,,,,,
front_end,4316837.269088832,True,icp_accepted,2811,1.0,0.06324359307650189,12.381945009110495,7.279958997969516,5.299547003232874,2.085668995277956,1,0,0,,,,,,,,,,,,,,local_map_fast,False,12,7158,0,False,False,False,,,,inactive,,,,,,,,,,
front_end,4316837.369025728,True,icp_accepted,2734,1.0,0.06302247078183847,13.751338003203273,7.356613001320511,5.455250007798895,2.9432799929054454,1,0,0,,,,,,,,,,,,,,local_map_fast,False,12,7158,0,False,False,False,,,,inactive,,,,,,,,,,
front_end,4316837.468221728,True,icp_accepted,2607,1.0,0.06356846363863415,13.33451499522198,7.304835002287291,5.34345000050962,2.6369450060883537,1,0,0,,,,,,,,,,,,,,local_map_fast,False,12,7158,0,False,False,False,,,,inactive,,,,,,,,,,
front_end,4316837.569085728,True,icp_accepted,2723,1.0,0.06401038698264261,12.540412993985228,7.194357996922918,5.2769050089409575,2.62245700287167,1,0,0,,,,,,,,,,,,,,local_map_fast,False,12,7158,0,False,False,False,,,,inactive,,,,,,,,,,
front_end,4316837.669137376,True,icp_accepted,2679,1.0,0.065119658671232,13.66678900376428,8.12075899739284,5.98104800155852,2.3404980020131916,1,0,0,,,,,,,,,,,,,,local_map_fast,False,12,7158,0,False,False,False,,,,inactive,,,,,,,,,,
front_end,4316837.7690376,True,icp_accepted,2848,1.0,0.06410443851966156,14.130038995062932,7.872671994846314,5.606594000710174,2.738245006185025,1,0,0,,,,,,,,,,,,,,local_map_fast,False,12,7158,0,False,False,False,,,,inactive,,,,,,,,,,
front_end,4316837.869041248,True,icp_accepted,2621,1.0,0.06375687885946763,13.944120000815019,8.065354006248526,5.915123998420313,2.0825030078412965,1,0,0,,,,,,,,,,,,,,local_map_fast,False,12,7158,0,False,False,False,,,,inactive,,,,,,,,,,
front_end,4316837.969033408,True,icp_accepted,2703,1.0,0.06385661321460391,13.04422999965027,7.878563003032468,5.805758002679795,2.164336998248473,1,0,0,,,,,,,,,,,,,,local_map_fast,False,12,7158,0,False,False,False,,,,inactive,,,,,,,,,,
front_end,4316838.068165152,True,icp_accepted,2746,1.0,0.06440079132752585,13.569687012932263,7.900505006546155,5.8057589922100306,2.227616001619026,1,0,0,,,,,,,,,,,,,,local_map_fast,False,12,7158,0,False,False,False,,,,inactive,,,,,,,,,,
front_end,4316838.16909792,True,icp_accepted,2764,1.0,0.06317561108673334,13.311702001374215,8.213924011215568,5.776493999292143,2.0208469941280782,1,0,0,,,,,,,,,,,,,,local_map_fast,False,12,7158,0,False,False,False,,,,inactive,,,,,,,,,,
front_end,4316838.269079136,True,icp_accepted,2753,1.0,0.0652587726913113,13.593891999335028,8.190478998585604,6.073903001379222,2.238436005427502,1,0,0,,,,,,,,,,,,,,local_map_fast,False,12,7158,0,False,False,False,,,,inactive,,,,,,,,,,
front_end,4316838.368248096,True,icp_accepted,2686,1.0,0.06645896278641754,13.056423005764373,7.2472780011594296,5.130269011715427,2.193350999732502,1,0,0,,,,,,,,,,,,,,local_map_fast,False,12,7158,0,False,False,False,,,,inactive,,,,,,,,,,
front_end,4316838.469095072,True,icp_accepted,2783,1.0,0.0643741781195011,13.401400996372104,7.86353500734549,5.762576998677105,2.2624209959758446,1,0,0,,,,,,,,,,,,,,local_map_fast,False,12,7158,0,False,False,False,,,,inactive,,,,,,,,,,
front_end,4316838.568998048,True,icp_accepted,2732,1.0,0.0654951983622246,12.210372005938552,7.365008001215756,5.398994006100111,2.2091009886935353,1,0,0,,,,,,,,,,,,,,local_map_fast,False,12,7158,0,False,False,False,,,,inactive,,,,,,,,,,
front_end,4316838.668206336,True,icp_accepted,2804,1.0,0.06782819044966085,13.534821991925128,7.944537996081635,5.825936998007819,2.1473050001077354,1,0,0,,,,,,,,,,,,,,local_map_fast,False,12,7158,0,False,False,False,,,,inactive,,,,,,,,,,
front_end,4316838.769070912,True,icp_accepted,2775,1.0,0.06598615046151547,13.596698001492769,8.087266003713012,5.894385001738556,2.0257860014680773,1,0,0,,,,,,,,,,,,,,local_map_fast,False,12,7158,0,False,False,False,,,,inactive,,,,,,,,,,
front_end,4316838.868291616,True,icp_accepted,2783,1.0,0.06503942707466702,15.173469990259036,8.350579999387264,6.252969003980979,1.9744199962588027,1,0,0,,,,,,,,,,,,,,local_map_fast,False,12,7158,0,False,False,False,,,,inactive,,,,,,,,,,
front_end,4316838.968992,True,icp_accepted,2768,1.0,0.06748627008697433,13.47532999352552,8.117313002003357,6.042323002475314,2.2567909909412265,1,0,0,,,,,,,,,,,,,,local_map_fast,False,12,7158,0,False,False,False,,,,inactive,,,,,,,,,,
front_end,4316839.069064032,True,icp_accepted,2769,1.0,0.06758154897610938,12.55908799066674,7.455498998751864,5.473254001117311,2.2090610000304878,1,0,0,,,,,,,,,,,,,,local_map_fast,False,12,7158,0,False,False,False,,,,inactive,,,,,,,,,,
front_end,4316839.167861728,True,icp_accepted,2823,1.0,0.0649694193067328,18.447552996804006,10.492546003661118,6.958846002817154,2.463859011186287,1,0,0,,,,,,,,,,,,,,local_map_fast,False,12,7158,0,False,False,False,,,,inactive,,,,,,,,,,
front_end,4316839.268210592,True,icp_accepted,2781,1.0,0.06667790841032721,17.76233500277158,10.190316999796778,7.170792989199981,2.592140997876413,1,0,0,,,,,,,,,,,,,,local_map_fast,False,12,7158,0,False,False,False,,,,inactive,,,,,,,,,,
front_end,4316839.36913456,True,icp_accepted,2812,1.0,0.06723039477275392,14.620361005654559,9.034927003085613,6.659913997282274,2.098131997627206,1,0,0,,,,,,,,,,,,,,local_map_fast,False,12,7158,0,False,False,False,,,,inactive,,,,,,,,,,
front_end,4316839.469025184,True,icp_accepted,2775,1.0,0.06911050543792943,13.863018990377896,8.308181000757031,6.172938999952748,2.3270919919013977,1,0,0,,,,,,,,,,,,,,local_map_fast,False,12,7158,0,False,False,False,,,,inactive,,,,,,,,,,
front_end,4316839.569016192,True,icp_accepted,2792,1.0,0.07022520544336254,13.145820994395763,7.696330998442136,5.649405007716268,2.477885995176621,1,0,0,,,,,,,,,,,,,,local_map_fast,False,12,7158,0,False,False,False,,,,inactive,,,,,,,,,,
front_end,4316839.668148064,True,icp_accepted,2765,1.0,0.07335827035322383,14.385258997208439,7.808030990418047,5.774008997832425,3.191135998349637,1,0,0,,,,,,,,,,,,,,local_map_fast,False,12,7158,0,False,False,False,,,,inactive,,,,,,,,,,
front_end,4316839.769069952,True,icp_accepted,2695,1.0,0.0781728928201595,13.79234499472659,7.656396002857946,5.653643005643971,2.7417209930717945,1,0,0,,,,,,,,,,,,,,local_map_fast,False,12,7158,0,False,False,False,,,,inactive,,,,,,,,,,
front_end,4316839.868961664,True,icp_accepted,2646,1.0,0.07927639960288933,17.18074199743569,11.313597991829738,8.728419998078607,2.7835499931825325,1,0,0,,,,,,,,,,,,,,local_map_fast,False,12,7158,0,False,False,False,,,,inactive,,,,,,,,,,
front_end,4316839.969066176,True,icp_accepted,2729,1.0,0.08529941535237082,15.160937007749453,7.5682599999709055,5.563743994571269,2.9602520080516115,1,0,0,,,,,,,,,,,,,,local_map_fast,True,12,7169,0,False,False,False,,,,inactive,,,,,,,,,,
front_end,4316840.068999712,True,icp_accepted,2759,1.0,0.0630772589995555,14.265574005548842,8.83268601319287,6.566397991264239,2.408013999229297,1,0,0,,,,,,,,,,,,,,local_map_fast,False,12,7169,0,False,False,False,,,,inactive,,,,,,,,,,
front_end,4316840.168163296,True,icp_accepted,2723,1.0,0.06318597166706369,15.733592998003587,7.573270006105304,5.430933990282938,2.702698009670712,1,0,0,,,,,,,,,,,,,,local_map_fast,False,12,7169,0,False,False,False,,,,inactive,,,,,,,,,,
front_end,4316840.269004672,True,icp_accepted,2837,1.0,0.06250307706117789,19.886797002982348,12.802886994904839,9.913386005791835,3.6751050065504387,1,0,0,,,,,,,,,,,,,,local_map_fast,False,12,7169,0,False,False,False,,,,inactive,,,,,,,,,,
front_end,4316840.368979264,True,icp_accepted,2820,1.0,0.06179010764501264,16.43618301022798,8.806067009572871,6.30575799732469,3.7675589992431924,1,0,0,,,,,,,,,,,,,,local_map_fast,False,12,7169,0,False,False,False,,,,inactive,,,,,,,,,,
optimized_backend,,,,,,,,,,,,,,,,,,,,,,,,,,,,,,,,,,,,,,,,,41,40,0,,,,pose_graph,False
front_end,4316840.468156928,True,icp_accepted,2796,1.0,0.06379686315653076,20.057898000231944,12.068716998328455,9.095119006815366,3.4962789941346273,1,0,0,,,,,,,,,,,,,,local_map_fast,False,12,7169,0,False,False,False,,,,inactive,,,,,,,,,,
front_end,4316840.56896384,True,icp_accepted,2879,1.0,0.061961852506238674,15.879606988164596,8.531189989298582,6.211511004948989,3.3580690069356933,1,0,0,,,,,,,,,,,,,,local_map_fast,False,12,7169,0,False,False,False,,,,inactive,,,,,,,,,,
front_end,4316840.668959488,True,icp_accepted,2858,1.0,0.06376160433151196,14.667278999695554,8.865417999913916,6.521493996842764,2.5334699894301593,1,0,0,,,,,,,,,,,,,,local_map_fast,False,12,7169,0,False,False,False,,,,inactive,,,,,,,,,,
front_end,4316840.769083872,True,icp_accepted,2823,1.0,0.06325249495125604,15.108667997992598,7.999910987564363,5.682998002157547,3.1288090103771538,1,0,0,,,,,,,,,,,,,,local_map_fast,False,12,7169,0,False,False,False,,,,inactive,,,,,,,,,,
front_end,4316840.869052096,True,icp_accepted,2759,1.0,0.06486893898686256,17.13809199281968,10.273072999552824,6.832518003648147,2.5709210021886975,1,0,0,,,,,,,,,,,,,,local_map_fast,False,12,7169,0,False,False,False,,,,inactive,,,,,,,,,,
front_end,4316840.968922048,True,icp_accepted,2684,1.0,0.06488062041763992,13.891050999518484,7.8188610059442,5.761735999840312,2.6337989984313026,1,0,0,,,,,,,,,,,,,,local_map_fast,False,12,7169,0,False,False,False,,,,inactive,,,,,,,,,,
front_end,4316841.068100224,True,icp_accepted,2842,1.0,0.06199359247759182,13.685755009646527,7.876910996856168,5.728033007471822,2.8224639972904697,1,0,0,,,,,,,,,,,,,,local_map_fast,False,12,7169,0,False,False,False,,,,inactive,,,,,,,,,,
front_end,4316841.169059712,True,icp_accepted,2841,1.0,0.06518343951242059,13.321801001438871,8.090721996268257,6.013970007188618,2.408015003311448,1,0,0,,,,,,,,,,,,,,local_map_fast,False,12,7169,0,False,False,False,,,,inactive,,,,,,,,,,
front_end,4316841.268951872,True,icp_accepted,2863,1.0,0.06332533787217803,12.620502995559946,7.464074995368719,5.454228987218812,2.2878390009282157,1,0,0,,,,,,,,,,,,,,local_map_fast,False,12,7169,0,False,False,False,,,,inactive,,,,,,,,,,
front_end,4316841.368139552,True,icp_accepted,2793,1.0,0.06374515185350252,12.12003298860509,6.948896989342757,4.945722001139075,2.287278010044247,1,0,0,,,,,,,,,,,,,,local_map_fast,False,12,7169,0,False,False,False,,,,inactive,,,,,,,,,,
front_end,4316841.469002688,True,icp_accepted,2814,1.0,0.06310642650435067,12.723958003334701,7.3355330096092075,5.388243997003883,2.5770619977265596,1,0,0,,,,,,,,,,,,,,local_map_fast,False,12,7169,0,False,False,False,,,,inactive,,,,,,,,,,
front_end,4316841.56903328,True,icp_accepted,2864,1.0,0.06492439114666802,13.101095988531597,7.562328988569789,5.618677998427302,2.548658987507224,1,0,0,,,,,,,,,,,,,,local_map_fast,False,12,7169,0,False,False,False,,,,inactive,,,,,,,,,,
front_end,4316841.668914272,True,icp_accepted,2820,1.0,0.06445128189684209,12.843822987633757,7.56344199180603,5.5572209967067465,2.1079309954075143,1,0,0,,,,,,,,,,,,,,local_map_fast,False,12,7169,0,False,False,False,,,,inactive,,,,,,,,,,
front_end,4316841.767876288,True,icp_accepted,2783,1.0,0.06509690439471494,14.927627998986281,9.209284005919471,6.984323990764096,2.276497005368583,1,0,0,,,,,,,,,,,,,,local_map_fast,False,12,7169,0,False,False,False,,,,inactive,,,,,,,,,,
front_end,4316841.868924064,True,icp_accepted,2735,1.0,0.06321628354374413,14.550720996339805,8.811355990474112,6.3940539985196665,2.1541569876717404,1,0,0,,,,,,,,,,,,,,local_map_fast,False,12,7169,0,False,False,False,,,,inactive,,,,,,,,,,
front_end,4316841.969046816,True,icp_accepted,2853,1.0,0.06356105357906013,22.60925099835731,10.764856007881463,8.474211994325742,2.8327629988780245,1,0,0,,,,,,,,,,,,,,local_map_fast,True,12,7025,0,False,False,False,,,,inactive,,,,,,,,,,
front_end,4316842.068997888,True,icp_accepted,2738,1.0,0.06010317784756107,14.612776998546906,8.42139299493283,6.192546003148891,2.7717780030798167,1,0,0,,,,,,,,,,,,,,local_map_fast,False,12,7025,0,False,False,False,,,,inactive,,,,,,,,,,
front_end,4316842.168966976,True,icp_accepted,2858,1.0,0.0624788954325672,14.322922012070194,7.9572910035494715,5.842097001732327,2.6599380071274936,1,0,0,,,,,,,,,,,,,,local_map_fast,False,12,7025,0,False,False,False,,,,inactive,,,,,,,,,,
front_end,4316842.268158048,True,icp_accepted,2869,1.0,0.06179090158850272,13.939732001745142,8.069271003478207,5.786311987321824,2.677821001270786,1,0,0,,,,,,,,,,,,,,local_map_fast,False,12,7025,0,False,False,False,,,,inactive,,,,,,,,,,
front_end,4316842.368968832,True,icp_accepted,2858,1.0,0.060646788149659035,14.65098799963016,8.150063003995456,5.971089995000511,2.330709990928881,1,0,0,,,,,,,,,,,,,,local_map_fast,False,12,7025,0,False,False,False,,,,inactive,,,,,,,,,,
front_end,4316842.468932992,True,icp_accepted,2838,1.0,0.06117197931316806,13.322712999070063,7.64665799215436,5.597718001808971,2.563576999818906,1,0,0,,,,,,,,,,,,,,local_map_fast,False,12,7025,0,False,False,False,,,,inactive,,,,,,,,,,
front_end,4316842.568912192,True,icp_accepted,2829,1.0,0.06257073130994582,13.10345999081619,7.862643004045822,5.754451995017007,2.251149999210611,1,0,0,,,,,,,,,,,,,,local_map_fast,False,12,7025,0,False,False,False,,,,inactive,,,,,,,,,,
front_end,4316842.668941536,True,icp_accepted,2750,1.0,0.06450585595028137,13.328222994459793,7.417587999952957,5.404185008956119,2.9275810084072873,1,0,0,,,,,,,,,,,,,,local_map_fast,False,12,7025,0,False,False,False,,,,inactive,,,,,,,,,,
front_end,4316842.76899888,True,icp_accepted,2742,1.0,0.06230902685670481,13.421377996564843,7.716367996181361,5.666256998665631,2.5853980041574687,1,0,0,,,,,,,,,,,,,,local_map_fast,False,12,7025,0,False,False,False,,,,inactive,,,,,,,,,,
front_end,4316842.868087008,True,icp_accepted,2705,1.0,0.06324512214609299,13.601707003545016,7.80096699600108,5.57008599571418,2.7375939971534535,1,0,0,,,,,,,,,,,,,,local_map_fast,False,12,7025,0,False,False,False,,,,inactive,,,,,,,,,,
front_end,4316842.968085984,True,icp_accepted,2848,1.0,0.0637340050512435,13.322020997293293,7.863474995247088,5.867134997970425,2.5624349946156144,1,0,0,,,,,,,,,,,,,,local_map_fast,False,12,7025,0,False,False,False,,,,inactive,,,,,,,,,,
front_end,4316843.069028672,True,icp_accepted,2792,1.0,0.06304532749989387,13.05421801225748,7.688035009778105,5.704137001885101,2.447949009365402,1,0,0,,,,,,,,,,,,,,local_map_fast,False,12,7025,0,False,False,False,,,,inactive,,,,,,,,,,
front_end,4316843.16890224,True,icp_accepted,2820,1.0,0.06404610094215671,14.604300988139585,7.662677991902456,5.751948003307916,2.1352219919208437,1,0,0,,,,,,,,,,,,,,local_map_fast,False,12,7025,0,False,False,False,,,,inactive,,,,,,,,,,
front_end,4316843.268100832,True,icp_accepted,2860,1.0,0.06304709476622385,13.62325700756628,8.154381008353084,5.840273006469943,2.4212900025304407,1,0,0,,,,,,,,,,,,,,local_map_fast,False,12,7025,0,False,False,False,,,,inactive,,,,,,,,,,
front_end,4316843.368140736,True,icp_accepted,2837,1.0,0.06485736395631704,12.878198001999408,7.569854002213106,5.517195997526869,2.183472999604419,1,0,0,,,,,,,,,,,,,,local_map_fast,False,12,7025,0,False,False,False,,,,inactive,,,,,,,,,,
front_end,4316843.46912032,True,icp_accepted,2834,1.0,0.06319137013276434,12.750317007885315,7.6428809989010915,5.624297991744243,2.2103530063759536,1,0,0,,,,,,,,,,,,,,local_map_fast,False,12,7025,0,False,False,False,,,,inactive,,,,,,,,,,
front_end,4316843.568992128,True,icp_accepted,2791,1.0,0.06496342202697261,12.953618992469274,7.721216999925673,5.271284011541866,2.1847449970664456,1,0,0,,,,,,,,,,,,,,local_map_fast,False,12,7025,0,False,False,False,,,,inactive,,,,,,,,,,
front_end,4316843.668924416,True,icp_accepted,2828,1.0,0.06413884048038918,12.557053996715695,7.359477996942587,5.405186006100848,2.2558689961442724,1,0,0,,,,,,,,,,,,,,local_map_fast,False,12,7025,0,False,False,False,,,,inactive,,,,,,,,,,
front_end,4316843.768102368,True,icp_accepted,2848,1.0,0.0649290622039281,13.294619988300838,7.031962988548912,4.986829997505993,2.8668269951594993,1,0,0,,,,,,,,,,,,,,local_map_fast,False,12,7025,0,False,False,False,,,,inactive,,,,,,,,,,
front_end,4316843.868965184,True,icp_accepted,2898,1.0,0.06532481830890806,12.72922799398657,7.232991003547795,5.274280003504828,2.2839310113340616,1,0,0,,,,,,,,,,,,,,local_map_fast,False,12,7025,0,False,False,False,,,,inactive,,,,,,,,,,
front_end,4316843.9689408,True,icp_accepted,2866,1.0,0.06617226156599823,12.23808499344159,7.420292997267097,5.460198997752741,1.9671959889819846,1,0,0,,,,,,,,,,,,,,local_map_fast,False,12,7025,0,False,False,False,,,,inactive,,,,,,,,,,
front_end,4316844.068936768,True,icp_accepted,2814,1.0,0.06493053956441955,12.703840009635314,7.333871006267145,5.422389003797434,2.504986012354493,1,0,0,,,,,,,,,,,,,,local_map_fast,False,12,7025,0,False,False,False,,,,inactive,,,,,,,,,,
front_end,4316844.168052352,True,icp_accepted,2834,1.0,0.06621117565782393,12.950974007253535,7.543043000623584,5.57165801001247,2.48964800266549,1,0,0,,,,,,,,,,,,,,local_map_fast,False,12,7025,0,False,False,False,,,,inactive,,,,,,,,,,
front_end,4316844.26824048,True,icp_accepted,2814,1.0,0.06523019265482362,12.10007599729579,7.228593007312156,5.2585410012397915,2.0367870019981638,1,0,0,,,,,,,,,,,,,,local_map_fast,False,12,7025,0,False,False,False,,,,inactive,,,,,,,,,,
front_end,4316844.36891984,True,icp_accepted,2893,1.0,0.06492028919970061,11.842482010251842,6.891589000588283,4.806241006008349,1.9539409986464307,1,0,0,,,,,,,,,,,,,,local_map_fast,False,12,7025,0,False,False,False,,,,inactive,,,,,,,,,,
front_end,4316844.468986368,True,icp_accepted,2811,1.0,0.06432352525816357,13.490056997397915,7.926302991108969,5.876522001926787,2.608891998534091,1,0,0,,,,,,,,,,,,,,local_map_fast,False,12,7025,0,False,False,False,,,,inactive,,,,,,,,,,
front_end,4316844.569026336,True,icp_accepted,2826,1.0,0.06514601666339503,12.882164999609813,7.802179999998771,5.723123991629109,2.0521360129350796,1,0,0,,,,,,,,,,,,,,local_map_fast,False,12,7025,0,False,False,False,,,,inactive,,,,,,,,,,
front_end,4316844.668038272,True,icp_accepted,2801,1.0,0.06624005976418375,12.657843006309122,7.535739001468755,5.496787998708896,1.9699719996424392,1,0,0,,,,,,,,,,,,,,local_map_fast,False,12,7025,0,False,False,False,,,,inactive,,,,,,,,,,
front_end,4316844.768035168,True,icp_accepted,2875,1.0,0.06551519693690591,12.535232992377132,7.531611001468264,5.515302997082472,2.0150860073044896,1,0,0,,,,,,,,,,,,,,local_map_fast,False,12,7025,0,False,False,False,,,,inactive,,,,,,,,,,
front_end,4316844.868861152,True,icp_accepted,2789,1.0,0.06463131707356759,12.81605099211447,7.7912589913466945,5.549968991545029,2.010937998420559,1,0,0,,,,,,,,,,,,,,local_map_fast,False,12,7025,0,False,False,False,,,,inactive,,,,,,,,,,
front_end,4316844.969128864,True,icp_accepted,2833,1.0,0.06587578881624755,12.285965000046417,6.820695998612791,4.832369988434948,2.4578480079071596,1,0,0,,,,,,,,,,,,,,local_map_fast,False,12,7025,0,False,False,False,,,,inactive,,,,,,,,,,
front_end,4316845.068024576,True,icp_accepted,2850,1.0,0.06491095896367528,12.297064997255802,7.009850989561528,5.1174460095353425,2.2813769901404157,1,0,0,,,,,,,,,,,,,,local_map_fast,False,12,7025,0,False,False,False,,,,inactive,,,,,,,,,,
front_end,4316845.168108704,True,icp_accepted,2815,1.0,0.06515064338743143,12.488035004935227,7.262015002197586,5.2881160081597045,2.2523219959111884,1,0,0,,,,,,,,,,,,,,local_map_fast,False,12,7025,0,False,False,False,,,,inactive,,,,,,,,,,
front_end,4316845.2688744,True,icp_accepted,2871,1.0,0.06590127686700363,12.949801996001042,7.624627003679052,5.5585840018466115,2.1604590001516044,1,0,0,,,,,,,,,,,,,,local_map_fast,False,12,7025,0,False,False,False,,,,inactive,,,,,,,,,,
front_end,4316845.368973408,True,icp_accepted,2784,1.0,0.06647979541168583,12.775184004567564,7.500413004891016,5.503331005456857,2.3157910036388785,1,0,0,,,,,,,,,,,,,,local_map_fast,False,12,7025,0,False,False,False,,,,inactive,,,,,,,,,,
front_end,4316845.468903296,True,icp_accepted,2871,1.0,0.06558081221842536,12.503072997787967,7.663288997719064,5.62729399825912,1.8819260003510863,1,0,0,,,,,,,,,,,,,,local_map_fast,False,12,7025,0,False,False,False,,,,inactive,,,,,,,,,,
front_end,4316845.568013248,True,icp_accepted,2875,1.0,0.06568007891764122,11.526518006576225,6.669581998721696,4.716160998214036,1.9539409986464307,1,0,0,,,,,,,,,,,,,,local_map_fast,False,12,7025,0,False,False,False,,,,inactive,,,,,,,,,,
front_end,4316845.668924608,True,icp_accepted,2780,1.0,0.06601866081305169,13.281044986797497,7.997747990884818,5.832007998833433,2.3812449944671243,1,0,0,,,,,,,,,,,,,,local_map_fast,False,12,7025,0,False,False,False,,,,inactive,,,,,,,,,,
front_end,4316845.768847264,True,icp_accepted,2851,1.0,0.06441632363982637,12.982212996575981,7.773446006467566,5.707383999833837,2.0740170002682135,1,0,0,,,,,,,,,,,,,,local_map_fast,False,12,7025,0,False,False,False,,,,inactive,,,,,,,,,,
front_end,4316845.86799136,True,icp_accepted,2829,1.0,0.06487365958907486,13.141863004420884,7.81963299959898,5.542254002648406,2.288609990500845,1,0,0,,,,,,,,,,,,,,local_map_fast,False,12,7025,0,False,False,False,,,,inactive,,,,,,,,,,
front_end,4316845.968999392,True,icp_accepted,2893,1.0,0.0646681363483433,13.303807005286217,7.648030004929751,5.579653996392153,2.5402629980817437,1,0,0,,,,,,,,,,,,,,local_map_fast,False,12,7025,0,False,False,False,,,,inactive,,,,,,,,,,
front_end,4316846.068898368,True,icp_accepted,2734,1.0,0.06610247638884688,13.50798099883832,7.843868006602861,5.7213100080844015,2.3234460095409304,1,0,0,,,,,,,,,,,,,,local_map_fast,False,12,7025,0,False,False,False,,,,inactive,,,,,,,,,,
front_end,4316846.168004864,True,icp_accepted,2787,1.0,0.06453559261932804,12.563968004542403,7.242147999932058,5.150187003891915,2.190727012930438,1,0,0,,,,,,,,,,,,,,local_map_fast,False,12,7025,0,False,False,False,,,,inactive,,,,,,,,,,
front_end,4316846.26897552,True,icp_accepted,2783,1.0,0.0657204995987623,13.061170990113169,7.611811990500428,5.541502003325149,2.311673990334384,1,0,0,,,,,,,,,,,,,,local_map_fast,False,12,7025,0,False,False,False,,,,inactive,,,,,,,,,,
front_end,4316846.368849216,True,icp_accepted,2859,1.0,0.06521764461864095,14.139867998892441,7.7945460070623085,5.726750008761883,3.13929800176993,1,0,0,,,,,,,,,,,,,,local_map_fast,False,12,7025,0,False,False,False,,,,inactive,,,,,,,,,,
front_end,4316846.467996064,True,icp_accepted,2875,1.0,0.065163981933477,13.466211996274069,7.466900002327748,5.438738997327164,2.98599099915009,1,0,0,,,,,,,,,,,,,,local_map_fast,False,12,7025,0,False,False,False,,,,inactive,,,,,,,,,,
front_end,4316846.568937888,True,icp_accepted,2871,1.0,0.0666086710490309,13.500006010872312,7.275551004568115,5.32967499748338,3.1937710009515285,1,0,0,,,,,,,,,,,,,,local_map_fast,False,12,7025,0,False,False,False,,,,inactive,,,,,,,,,,
front_end,4316846.668781504,True,icp_accepted,2920,1.0,0.06737750772867783,13.328793997061439,7.31121699209325,5.317792005371302,2.896863006753847,1,0,0,,,,,,,,,,,,,,local_map_fast,False,12,7025,0,False,False,False,,,,inactive,,,,,,,,,,
front_end,4316846.768042048,True,icp_accepted,2921,1.0,0.06581489936832645,15.134196990402415,7.892870999057777,5.866692998097278,2.18317199323792,1,0,0,,,,,,,,,,,,,,local_map_fast,False,12,7025,0,False,False,False,,,,inactive,,,,,,,,,,
front_end,4316846.868947072,True,icp_accepted,2870,1.0,0.06591716968569555,12.889539008028805,7.634064008016139,5.614659996354021,2.2274360089795664,1,0,0,,,,,,,,,,,,,,local_map_fast,False,12,7025,0,False,False,False,,,,inactive,,,,,,,,,,
front_end,4316846.968838592,True,icp_accepted,2874,1.0,0.0655114394947836,13.778969994746149,7.872421992942691,5.830594993312843,2.7418820100137964,1,0,0,,,,,,,,,,,,,,local_map_fast,False,12,7025,0,False,False,False,,,,inactive,,,,,,,,,,
front_end,4316847.068073376,True,icp_accepted,2808,1.0,0.06484431113784499,13.890981004806235,7.639144008862786,5.578261014306918,3.048868995392695,1,0,0,,,,,,,,,,,,,,local_map_fast,False,12,7025,0,False,False,False,,,,inactive,,,,,,,,,,
front_end,4316847.16897152,True,icp_accepted,2825,1.0,0.0652946800684803,12.834285997087136,7.255463002366014,5.275572009850293,2.2207129950402305,1,0,0,,,,,,,,,,,,,,local_map_fast,False,12,7025,0,False,False,False,,,,inactive,,,,,,,,,,
front_end,4316847.268901536,True,icp_accepted,2789,1.0,0.06558086161187451,13.423543001408689,7.515231001889333,5.495094999787398,2.7448869950603694,1,0,0,,,,,,,,,,,,,,local_map_fast,False,12,7025,0,False,False,False,,,,inactive,,,,,,,,,,
front_end,4316847.369026624,True,icp_accepted,2858,1.0,0.06659361904150018,12.885711999842897,7.000684010563418,4.933579999487847,2.710021988605149,1,0,0,,,,,,,,,,,,,,local_map_fast,False,12,7025,0,False,False,False,,,,inactive,,,,,,,,,,
front_end,4316847.46890864,True,icp_accepted,2888,1.0,0.06477570691559933,12.540704003185965,7.3817500087898225,5.392090999521315,2.1085719927214086,1,0,0,,,,,,,,,,,,,,local_map_fast,False,12,7025,0,False,False,False,,,,inactive,,,,,,,,,,
front_end,4316847.568812832,True,icp_accepted,2754,1.0,0.06538520215102066,13.120973992045037,7.646817990462296,5.605361991911195,2.3354279983323067,1,0,0,,,,,,,,,,,,,,local_map_fast,False,12,7025,0,False,False,False,,,,inactive,,,,,,,,,,
front_end,4316847.668038496,True,icp_accepted,2833,1.0,0.06478091744183752,12.67845300026238,7.371109997620806,5.372785002691671,2.337190991966054,1,0,0,,,,,,,,,,,,,,local_map_fast,False,12,7025,0,False,False,False,,,,inactive,,,,,,,,,,
front_end,4316847.768869984,True,icp_accepted,2755,1.0,0.06622497365262055,14.415234996704385,7.699787005549297,5.743091009208001,2.0495110074989498,1,0,0,,,,,,,,,,,,,,local_map_fast,False,12,7025,0,False,False,False,,,,inactive,,,,,,,,,,
front_end,4316847.8688344,True,icp_accepted,2756,1.0,0.0663545541482394,12.84066699736286,7.862133003072813,5.7910109899239615,1.900802002637647,1,0,0,,,,,,,,,,,,,,local_map_fast,False,12,7025,0,False,False,False,,,,inactive,,,,,,,,,,
front_end,4316847.968807776,True,icp_accepted,2777,1.0,0.06581074174841701,14.968544986913912,7.771421995130368,5.7820849906420335,1.9514669984346256,1,0,0,,,,,,,,,,,,,,local_map_fast,False,12,7025,0,False,False,False,,,,inactive,,,,,,,,,,
front_end,4316848.06885424,True,icp_accepted,2708,1.0,0.06675014152024496,13.027148001128808,7.637100003194064,5.633574997773394,2.310401003342122,1,0,0,,,,,,,,,,,,,,local_map_fast,False,12,7025,0,False,False,False,,,,inactive,,,,,,,,,,
front_end,4316848.168872768,True,icp_accepted,2725,1.0,0.06550205583884124,16.688777002855204,11.01513700268697,8.640585001558065,2.776497000013478,1,0,0,,,,,,,,,,,,,,local_map_fast,False,12,7025,0,False,False,False,,,,inactive,,,,,,,,,,
front_end,4316848.268987232,True,icp_accepted,2770,1.0,0.06575535780614013,13.479537999955937,7.533075011451729,5.557833006605506,2.5890649994835258,1,0,0,,,,,,,,,,,,,,local_map_fast,False,12,7025,0,False,False,False,,,,inactive,,,,,,,,,,
optimized_backend,,,,,,,,,,,,,,,,,,,,,,,,,,,,,,,,,,,,,,,,,42,41,0,,,,pose_graph,False
front_end,4316848.368792352,True,icp_accepted,2814,1.0,0.06610226951830617,19.265088005340658,11.25021900224965,8.82349899620749,3.101837995927781,1,0,0,,,,,,,,,,,,,,local_map_fast,True,12,6937,0,False,False,False,,,,inactive,,,,,,,,,,
front_end,4316848.468827776,True,icp_accepted,2826,1.0,0.06175998756845717,14.375460988958366,8.22575599886477,6.039227999281138,3.252630995120853,1,0,0,,,,,,,,,,,,,,local_map_fast,False,12,6937,0,False,False,False,,,,inactive,,,,,,,,,,
front_end,4316848.567974624,True,icp_accepted,2919,1.0,0.06235975877308913,14.64536800631322,7.263909006724134,5.239874997641891,2.6845239917747676,1,0,0,,,,,,,,,,,,,,local_map_fast,False,12,6937,0,False,False,False,,,,inactive,,,,,,,,,,
front_end,4316848.668864224,True,icp_accepted,2825,1.0,0.062294443809691305,16.389734999393113,9.066986007383093,6.486166996182874,3.994334998424165,1,0,0,,,,,,,,,,,,,,local_map_fast,False,12,6937,0,False,False,False,,,,inactive,,,,,,,,,,
front_end,4316848.769054976,True,icp_accepted,2805,1.0,0.06295878819002895,13.338552991626784,7.925831989268772,5.734213991672732,2.015848003793508,1,0,0,,,,,,,,,,,,,,local_map_fast,False,12,6937,0,False,False,False,,,,inactive,,,,,,,,,,
front_end,4316848.867949184,True,icp_accepted,2833,1.0,0.062244198705979865,14.286051999079064,8.182834993931465,5.819255005917512,2.48964800266549,1,0,0,,,,,,,,,,,,,,local_map_fast,False,12,6937,0,False,False,False,,,,inactive,,,,,,,,,,
front_end,4316848.968941536,True,icp_accepted,2698,1.0,0.06238604720385658,14.521566001349129,8.310365010402165,6.05749199166894,2.575739999883808,1,0,0,,,,,,,,,,,,,,local_map_fast,False,12,6937,0,False,False,False,,,,inactive,,,,,,,,,,
front_end,4316849.06800016,True,icp_accepted,2772,1.0,0.061971173476923755,14.534290006849915,8.769938009209,6.4896139956545085,2.3349080001935363,1,0,0,,,,,,,,,,,,,,local_map_fast,False,12,6937,0,False,False,False,,,,inactive,,,,,,,,,,
front_end,4316849.168949216,True,icp_accepted,2736,1.0,0.0627374741566912,13.620482000987977,7.582806996651925,5.371553008444607,2.3906919959699735,1,0,0,,,,,,,,,,,,,,local_map_fast,False,12,6937,0,False,False,False,,,,inactive,,,,,,,,,,
front_end,4316849.268815392,True,icp_accepted,2827,1.0,0.06290663157208018,15.579993996652775,9.194004989694804,6.522494993987493,2.5032429985003546,1,0,0,,,,,,,,,,,,,,local_map_fast,False,12,6937,0,False,False,False,,,,inactive,,,,,,,,,,
front_end,4316849.368927584,True,icp_accepted,2807,1.0,0.06420360746577855,15.132422995520756,9.695797998574562,6.605502014281228,1.8908030033344403,1,0,0,,,,,,,,,,,,,,local_map_fast,False,12,6937,0,False,False,False,,,,inactive,,,,,,,,,,
front_end,4316849.467966144,True,icp_accepted,2795,1.0,0.0626346137473569,15.382693003630266,8.455668008537032,6.209718005266041,2.360685000894591,1,0,0,,,,,,,,,,,,,,local_map_fast,False,12,6937,0,False,False,False,,,,inactive,,,,,,,,,,
front_end,4316849.567877472,True,icp_accepted,2840,1.0,0.06367178960421668,14.207444997737184,8.431441994616762,6.132623006124049,2.4094370019156486,1,0,0,,,,,,,,,,,,,,local_map_fast,False,12,6937,0,False,False,False,,,,inactive,,,,,,,,,,
front_end,4316849.668806688,True,icp_accepted,2745,1.0,0.06480565411899021,16.843667995999567,11.311042995657772,8.694347008713521,2.1269170101732016,1,0,0,,,,,,,,,,,,,,local_map_fast,False,12,6937,0,False,False,False,,,,inactive,,,,,,,,,,
front_end,4316849.768988416,True,icp_accepted,2833,1.0,0.0659903621166907,15.604489992256276,8.287521995953284,5.989123004837893,2.0358549954835325,1,0,0,,,,,,,,,,,,,,local_map_fast,False,12,6937,0,False,False,False,,,,inactive,,,,,,,,,,
front_end,4316849.867906272,True,icp_accepted,2801,1.0,0.06548213612194734,14.739586011273786,8.704215011675842,6.480116004240699,2.371636001043953,1,0,0,,,,,,,,,,,,,,local_map_fast,False,12,6937,0,False,False,False,,,,inactive,,,,,,,,,,
front_end,4316849.967955168,True,icp_accepted,2849,1.0,0.06693534426439726,14.004815006046556,7.723192000412382,5.574223992880434,2.696936993743293,1,0,0,,,,,,,,,,,,,,local_map_fast,False,12,6937,0,False,False,False,,,,inactive,,,,,,,,,,
front_end,4316850.068936576,True,icp_accepted,2890,1.0,0.06774315437488523,14.99377199797891,8.380255996598862,6.170865002786741,2.7857639943249524,1,0,0,,,,,,,,,,,,,,local_map_fast,False,12,6937,0,False,False,False,,,,inactive,,,,,,,,,,
front_end,4316850.168798016,True,icp_accepted,2887,1.0,0.06915512029752739,13.957825998659246,8.191911998437718,5.938157992204651,2.102519996697083,1,0,0,,,,,,,,,,,,,,local_map_fast,False,12,6937,0,False,False,False,,,,inactive,,,,,,,,,,
front_end,4316850.268715968,True,icp_accepted,2918,1.0,0.0700365504627635,14.497009993647225,8.21388399344869,6.03205400693696,2.6473250036360696,1,0,0,,,,,,,,,,,,,,local_map_fast,False,12,6937,0,False,False,False,,,,inactive,,,,,,,,,,
front_end,4316850.368853536,True,icp_accepted,2915,1.0,0.07006400507668067,15.131271007703617,8.12328299798537,5.978322995360941,1.9649220048449934,1,0,0,,,,,,,,,,,,,,local_map_fast,False,12,6937,0,False,False,False,,,,inactive,,,,,,,,,,
front_end,4316850.46884288,True,icp_accepted,2939,1.0,0.07039809059999043,14.53846700314898,8.462140001938678,6.231449006008916,2.322674001334235,1,0,0,,,,,,,,,,,,,,local_map_fast,False,12,6937,0,False,False,False,,,,inactive,,,,,,,,,,
front_end,4316850.568732544,True,icp_accepted,2910,1.0,0.07215251248474107,14.065748997381888,8.525840006768703,6.202303993632086,1.921921008033678,1,0,0,,,,,,,,,,,,,,local_map_fast,False,12,6937,0,False,False,False,,,,inactive,,,,,,,,,,
front_end,4316850.667917024,True,icp_accepted,2951,1.0,0.07097352837648789,16.45813399227336,10.016671003540978,6.917717997566797,2.427130995783955,1,0,0,,,,,,,,,,,,,,local_map_fast,False,12,6937,0,False,False,False,,,,inactive,,,,,,,,,,
front_end,4316850.768722816,True,icp_accepted,2933,1.0,0.07164742375668802,17.689137006527744,9.785856993403286,6.655896009760909,1.9895379955414683,1,0,0,,,,,,,,,,,,,,local_map_fast,False,12,6937,0,False,False,False,,,,inactive,,,,,,,,,,
front_end,4316850.868742688,True,icp_accepted,2917,1.0,0.07376319775800122,14.936023988411762,8.965615998022258,6.027084004017524,2.174405992263928,1,0,0,,,,,,,,,,,,,,local_map_fast,False,12,6937,0,False,False,False,,,,inactive,,,,,,,,,,
front_end,4316850.968887552,True,icp_accepted,2939,1.0,0.07214471578385852,13.104141995427199,7.777874998282641,5.674220999935642,2.0955170039087534,1,0,0,,,,,,,,,,,,,,local_map_fast,False,12,6937,0,False,False,False,,,,inactive,,,,,,,,,,
front_end,4316851.068818496,True,icp_accepted,2942,1.0,0.07485981652607222,14.559176008333452,8.379876002436504,6.123315994045697,2.7534239925444126,1,0,0,,,,,,,,,,,,,,local_map_fast,False,12,6937,0,False,False,False,,,,inactive,,,,,,,,,,
front_end,4316851.167949024,True,icp_accepted,2940,1.0,0.07576841107571244,14.302823998150416,8.270589998573996,6.044327004929073,2.641953993588686,1,0,0,,,,,,,,,,,,,,local_map_fast,False,12,6937,0,False,False,False,,,,inactive,,,,,,,,,,
front_end,4316851.268863968,True,icp_accepted,2866,1.0,0.07485313084460482,14.946134004276246,8.704135005245917,6.372795003699139,2.6463829999556765,1,0,0,,,,,,,,,,,,,,local_map_fast,False,12,6937,0,False,False,False,,,,inactive,,,,,,,,,,
front_end,4316851.368805312,True,icp_accepted,2948,1.0,0.07707277262577814,14.86836800177116,8.388422007556073,6.207393002114259,3.115854997304268,1,0,0,,,,,,,,,,,,,,local_map_fast,False,12,6937,0,False,False,False,,,,inactive,,,,,,,,,,
front_end,4316851.46868464,True,icp_accepted,3002,1.0,0.07737377387401721,15.4852959967684,8.814853004878387,6.46114100527484,2.9588589968625456,1,0,0,,,,,,,,,,,,,,local_map_fast,False,12,6937,0,False,False,False,,,,inactive,,,,,,,,,,
front_end,4316851.567887328,True,icp_accepted,2940,1.0,0.07663664707229466,15.572951000649482,7.748199001071043,5.231981005636044,3.4067520027747378,1,0,0,,,,,,,,,,,,,,local_map_fast,False,12,6937,0,False,False,False,,,,inactive,,,,,,,,,,
front_end,4316851.668696704,True,icp_accepted,2973,1.0,0.07542806376046794,18.68182200996671,8.897968000383116,6.282343994826078,3.192598989699036,1,0,0,,,,,,,,,,,,,,local_map_fast,True,12,6838,0,False,False,False,,,,inactive,,,,,,,,,,
front_end,4316851.768925568,True,icp_accepted,2945,1.0,0.062009009706029954,14.954479003790766,8.83045200316701,6.438037002226338,2.419085009023547,1,0,0,,,,,,,,,,,,,,local_map_fast,False,12,6838,0,False,False,False,,,,inactive,,,,,,,,,,
front_end,4316851.868833024,True,icp_accepted,2986,1.0,0.06193034808293114,14.559436996933073,8.567397992010228,5.790019000414759,2.0887739956378937,1,0,0,,,,,,,,,,,,,,local_map_fast,False,12,6838,0,False,False,False,,,,inactive,,,,,,,,,,
front_end,4316851.968902912,True,icp_accepted,2921,1.0,0.060733868568060685,14.835214999038726,8.255021006334573,6.03192400012631,2.809869998600334,1,0,0,,,,,,,,,,,,,,local_map_fast,False,12,6838,0,False,False,False,,,,inactive,,,,,,,,,,
front_end,4316852.068739968,True,icp_accepted,2923,1.0,0.06120551475298619,15.120951007702388,8.106141001917422,5.9149040025658906,2.634029006003402,1,0,0,,,,,,,,,,,,,,local_map_fast,False,12,6838,0,False,False,False,,,,inactive,,,,,,,,,,
optimized_backend,,,,,,,,,,,,,,,,,,,,,,,,,,,,,,,,,,,,,,,,,43,42,0,,,,pose_graph,False
front_end,4316852.16885984,True,icp_accepted,2880,1.0,0.062091518747781106,15.557330989395268,8.727868989808485,6.279498993535526,2.5313970108982176,1,0,0,,,,,,,,,,,,,,local_map_fast,False,12,6838,0,False,False,False,,,,inactive,,,,,,,,,,
front_end,4316852.268849024,True,icp_accepted,2853,1.0,0.06212907122741821,14.785721999942325,8.426993998000398,6.238050991669297,2.7232069987803698,1,0,0,,,,,,,,,,,,,,local_map_fast,False,12,6838,0,False,False,False,,,,inactive,,,,,,,,,,
front_end,4316852.368966112,True,icp_accepted,2942,1.0,0.06400624557984284,14.4441799930064,8.30395299999509,5.885328006115742,2.6715099957073107,1,0,0,,,,,,,,,,,,,,local_map_fast,False,12,6838,0,False,False,False,,,,inactive,,,,,,,,,,
front_end,4316852.46792128,True,icp_accepted,3005,1.0,0.06393137445839692,14.62299600825645,8.34082200890407,6.089101996622048,2.7287670091027394,1,0,0,,,,,,,,,,,,,,local_map_fast,False,12,6838,0,False,False,False,,,,inactive,,,,,,,,,,
front_end,4316852.568870656,True,icp_accepted,2947,1.0,0.06410603665263535,18.793151000863872,11.31878700107336,8.53642899892293,3.0607910011895,1,0,0,,,,,,,,,,,,,,local_map_fast,False,12,6838,0,False,False,False,,,,inactive,,,,,,,,,,
front_end,4316852.668906016,True,icp_accepted,3000,1.0,0.06248579956661646,16.720357001759112,8.327798001118936,6.032845994923264,2.385992993367836,1,0,0,,,,,,,,,,,,,,local_map_fast,True,12,6715,0,False,False,False,,,,inactive,,,,,,,,,,
front_end,4316852.7688976,True,icp_accepted,3005,1.0,0.060435082166785385,13.089996005874127,7.5990280020050704,5.528416993911378,1.9994369940832257,1,0,0,,,,,,,,,,,,,,local_map_fast,False,12,6715,0,False,False,False,,,,inactive,,,,,,,,,,
front_end,4316852.868752288,True,icp_accepted,3035,1.0,0.060103768261755064,16.92021200142335,10.592192003969103,8.150124005624093,2.5782739976421,1,0,0,,,,,,,,,,,,,,local_map_fast,False,12,6715,0,False,False,False,,,,inactive,,,,,,,,,,
front_end,4316852.967856448,True,icp_accepted,2871,1.0,0.06136003818981647,14.225068007363006,8.028374999412335,5.911356987780891,2.605715999379754,1,0,0,,,,,,,,,,,,,,local_map_fast,False,12,6715,0,False,False,False,,,,inactive,,,,,,,,,,
front_end,4316853.068763616,True,icp_accepted,2910,1.0,0.06137391553500303,18.186260989750735,11.586039996473119,8.909950993256643,3.1389479991048574,1,0,0,,,,,,,,,,,,,,local_map_fast,False,12,6715,0,False,False,False,,,,inactive,,,,,,,,,,
front_end,4316853.168728672,True,icp_accepted,2936,1.0,0.06334836017434167,14.385800997843035,8.107503992505372,5.8935840061167255,2.489788006641902,1,0,0,,,,,,,,,,,,,,local_map_fast,False,12,6715,0,False,False,False,,,,inactive,,,,,,,,,,
front_end,4316853.26893968,True,icp_accepted,2930,1.0,0.0640261148398009,15.2589409990469,9.201359003782272,6.464947000495158,2.428802996291779,1,0,0,,,,,,,,,,,,,,local_map_fast,False,12,6715,0,False,False,False,,,,inactive,,,,,,,,,,
front_end,4316853.367832736,True,icp_accepted,2925,1.0,0.064413138367975,14.147902998956852,7.5421410001581535,5.3321190061979,2.246670992462896,1,0,0,,,,,,,,,,,,,,local_map_fast,False,12,6715,0,False,False,False,,,,inactive,,,,,,,,,,
front_end,4316853.468737056,True,icp_accepted,2950,1.0,0.06466233486749882,16.00548400892876,9.400123002706096,6.747138002538122,2.5435790012124926,1,0,0,,,,,,,,,,,,,,local_map_fast,False,12,6715,0,False,False,False,,,,inactive,,,,,,,,,,
front_end,4316853.568906592,True,icp_accepted,3002,1.0,0.06484791506309232,15.997267997590825,9.323338003014214,6.4747059950605035,2.5159770011669025,1,0,0,,,,,,,,,,,,,,local_map_fast,False,12,6715,0,False,False,False,,,,inactive,,,,,,,,,,
optimized_backend,,,,,,,,,,,,,,,,,,,,,,,,,,,,,,,,,,,,,,,,,44,43,0,,,,pose_graph,False
front_end,4316853.668850208,True,icp_accepted,2952,1.0,0.06341456780565399,19.976294002844952,10.530736995860934,7.319012001971714,3.107277996605262,1,0,0,,,,,,,,,,,,,,local_map_fast,True,12,6563,0,False,False,False,,,,inactive,,,,,,,,,,
front_end,4316853.768714528,True,icp_accepted,3002,1.0,0.06115684830823053,16.359528992325068,10.089617993799038,6.901308006490581,2.0488199952524155,1,0,0,,,,,,,,,,,,,,local_map_fast,False,12,6563,0,False,False,False,,,,inactive,,,,,,,,,,
front_end,4316853.868647008,True,icp_accepted,2936,1.0,0.06035330543282027,15.722572003141977,8.596001003752463,6.312110010185279,3.213117000996135,1,0,0,,,,,,,,,,,,,,local_map_fast,False,12,6563,0,False,False,False,,,,inactive,,,,,,,,,,
front_end,4316853.968748192,True,icp_accepted,2898,1.0,0.06165031564386135,13.693370012333617,7.189509007730521,5.049777988460846,2.263122994918376,1,0,0,,,,,,,,,,,,,,local_map_fast,False,12,6563,0,False,False,False,,,,inactive,,,,,,,,,,
front_end,4316854.068659968,True,icp_accepted,2852,1.0,0.06312854025991296,14.569164995918982,8.206811005948111,5.933198001002893,2.5963780062738806,1,0,0,,,,,,,,,,,,,,local_map_fast,False,12,6563,0,False,False,False,,,,inactive,,,,,,,,,,
front_end,4316854.16891424,True,icp_accepted,2823,1.0,0.06547526552091157,17.47243999852799,8.762173005379736,6.578600994544104,2.303768997080624,1,0,0,,,,,,,,,,,,,,local_map_fast,True,12,6388,0,False,False,False,,,,inactive,,,,,,,,,,
front_end,4316854.267867168,True,icp_accepted,2871,1.0,0.061625920666278595,14.73883401195053,8.192844004952349,5.987199998344295,2.012270997511223,1,0,0,,,,,,,,,,,,,,local_map_fast,False,12,6388,0,False,False,False,,,,inactive,,,,,,,,,,
optimized_backend,,,,,,,,,,,,,,,,,,,,,,,,,,,,,,,,,,,,,,,,,45,44,0,,,,pose_graph,False
front_end,4316854.368723264,True,icp_accepted,2772,1.0,0.06197353497738986,15.898293000645936,9.868172011920251,6.926964997546747,2.3458969953935593,1,0,0,,,,,,,,,,,,,,local_map_fast,False,12,6388,0,False,False,False,,,,inactive,,,,,,,,,,
front_end,4316854.467898592,True,icp_accepted,2871,1.0,0.06150599239761931,15.491747995838523,8.304653994855471,6.059284991351888,2.4437419924652204,1,0,0,,,,,,,,,,,,,,local_map_fast,False,12,6388,0,False,False,False,,,,inactive,,,,,,,,,,
front_end,4316854.568815712,True,icp_accepted,2803,1.0,0.06167928348177341,16.605551005341113,8.085342007689178,5.1803730020765215,2.344374996027909,1,0,0,,,,,,,,,,,,,,local_map_fast,True,12,6249,0,False,False,False,,,,inactive,,,,,,,,,,
front_end,4316854.668707808,True,icp_accepted,2909,1.0,0.06124628107118572,16.64006600913126,8.230806008214131,6.00893099908717,2.370114001678303,1,0,0,,,,,,,,,,,,,,local_map_fast,False,12,6249,0,False,False,False,,,,inactive,,,,,,,,,,
optimized_backend,,,,,,,,,,,,,,,,,,,,,,,,,,,,,,,,,,,,,,,,,46,45,0,,,,pose_graph,False
front_end,4316854.76883776,True,icp_accepted,2879,1.0,0.05974603794700391,15.473232997464947,9.386677003931254,6.648431997746229,2.052094991086051,1,0,0,,,,,,,,,,,,,,local_map_fast,False,12,6249,0,False,False,False,,,,inactive,,,,,,,,,,
front_end,4316854.868727264,True,icp_accepted,2793,1.0,0.060432274188459305,16.483682004036382,8.702402003109455,6.434591006836854,1.855997004895471,1,0,0,,,,,,,,,,,,,,local_map_fast,True,12,6076,0,False,False,False,,,,inactive,,,,,,,,,,
front_end,4316854.968625472,True,icp_accepted,2806,1.0,0.06105416797280993,13.956674010842107,8.160623008734547,5.893363006180152,2.1383979910751805,1,0,0,,,,,,,,,,,,,,local_map_fast,False,12,6076,0,False,False,False,,,,inactive,,,,,,,,,,
front_end,4316855.068875104,True,icp_accepted,2777,1.0,0.061589300664879124,13.729157013585791,7.9367630096385255,5.760574000305496,2.3601549910381436,1,0,0,,,,,,,,,,,,,,local_map_fast,False,12,6076,0,False,False,False,,,,inactive,,,,,,,,,,
front_end,4316855.168711776,True,icp_accepted,2765,1.0,0.06255487613029123,15.63568900746759,7.524679007474333,5.121031994349323,2.243926006485708,1,0,0,,,,,,,,,,,,,,local_map_fast,True,12,5981,0,False,False,False,,,,inactive,,,,,,,,,,
optimized_backend,,,,,,,,,,,,,,,,,,,,,,,,,,,,,,,,,,,,,,,,,47,46,0,,,,pose_graph,False
front_end,4316855.268760544,True,icp_accepted,2591,1.0,0.059625869606674445,14.832960994681343,8.600710993050598,6.184260011650622,2.353291987674311,1,0,0,,,,,,,,,,,,,,local_map_fast,False,12,5981,0,False,False,False,,,,inactive,,,,,,,,,,
front_end,4316855.368770976,True,icp_accepted,2671,1.0,0.05980645700619605,15.332909999415278,9.265288987080567,6.958275000215508,1.8646940006874502,1,0,0,,,,,,,,,,,,,,local_map_fast,False,12,5981,0,False,False,False,,,,inactive,,,,,,,,,,
front_end,4316855.468806144,True,icp_accepted,2679,1.0,0.060298459526381167,16.20274400920607,8.421172999078408,6.166516002849676,2.1835129882674664,1,0,0,,,,,,,,,,,,,,local_map_fast,True,12,5742,0,False,False,False,,,,inactive,,,,,,,,,,
front_end,4316855.568913632,True,icp_accepted,2565,1.0,0.05944388267104315,14.980027001001872,8.163338003214449,6.0057340015191585,2.1653580042766407,1,0,0,,,,,,,,,,,,,,local_map_fast,False,12,5742,0,False,False,False,,,,inactive,,,,,,,,,,
optimized_backend,,,,,,,,,,,,,,,,,,,,,,,,,,,,,,,,,,,,,,,,,48,47,0,,,,pose_graph,False
front_end,4316855.667824416,True,icp_accepted,2736,1.0,0.06064983882068,17.222300011781044,10.205215003225021,7.752956997137517,2.2442769986810163,1,0,0,,,,,,,,,,,,,,local_map_fast,False,12,5742,0,False,False,False,,,,inactive,,,,,,,,,,
front_end,4316855.768700608,True,icp_accepted,2564,1.0,0.06145606911039212,16.44634200783912,8.091373005299829,5.910626001423225,1.7642949969740584,1,0,0,,,,,,,,,,,,,,local_map_fast,True,12,5614,0,False,False,False,,,,inactive,,,,,,,,,,
front_end,4316855.868667968,True,icp_accepted,2608,1.0,0.06061617630167098,14.404966990696266,8.63004599523265,6.4209950069198385,1.6582750104134902,1,0,0,,,,,,,,,,,,,,local_map_fast,False,12,5614,0,False,False,False,,,,inactive,,,,,,,,,,
front_end,4316855.968792608,True,icp_accepted,2568,1.0,0.06117442359817563,16.81103798910044,8.704445994226262,5.988682009046897,1.9951089925598353,1,0,0,,,,,,,,,,,,,,local_map_fast,False,12,5614,0,False,False,False,,,,inactive,,,,,,,,,,
optimized_backend,,,,,,,,,,,,,,,,,,,,,,,,,,,,,,,,,,,,,,,,,49,48,0,,,,pose_graph,False
front_end,4316856.068828544,True,icp_accepted,2397,1.0,0.06051752960456521,17.712701999698766,8.894582992070355,6.5477430034661666,3.4470170066924766,1,0,0,,,,,,,,,,,,,,local_map_fast,False,12,5614,0,False,False,False,,,,inactive,,,,,,,,,,
front_end,4316856.16860256,True,icp_accepted,2439,1.0,0.06228901695335098,19.96431199950166,9.007435000967234,6.668248999631032,1.931197999510914,1,0,0,,,,,,,,,,,,,,local_map_fast,True,12,5525,0,False,False,False,,,,inactive,,,,,,,,,,
front_end,4316856.268696992,True,icp_accepted,2190,1.0,0.05902492094228383,14.183420003973879,8.509599007084034,6.3121299899648875,1.843272999394685,1,0,0,,,,,,,,,,,,,,local_map_fast,False,12,5525,0,False,False,False,,,,inactive,,,,,,,,,,
front_end,4316856.368718976,True,icp_accepted,2280,1.0,0.06146666891553094,13.488804994267412,7.600380995427258,5.2612659928854555,1.8097909924108535,1,0,0,,,,,,,,,,,,,,local_map_fast,False,12,5525,0,False,False,False,,,,inactive,,,,,,,,,,
front_end,4316856.468889088,True,icp_accepted,2264,1.0,0.060305261799676095,21.603621993563138,9.147107004537247,6.8232509947847575,1.9275619997642934,1,0,0,,,,,,,,,,,,,,local_map_fast,True,12,5407,0,False,False,False,,,,inactive,,,,,,,,,,
optimized_backend,,,,,,,,,,,,,,,,,,,,,,,,,,,,,,,,,,,,,,,,,50,49,0,,,,pose_graph,False
front_end,4316856.567828128,True,icp_accepted,2275,1.0,0.059586975277880545,18.153879995224997,10.073396988445893,6.91327900858596,3.733145000296645,1,0,0,,,,,,,,,,,,,,local_map_fast,False,12,5407,0,False,False,False,,,,inactive,,,,,,,,,,
front_end,4316856.668705408,True,icp_accepted,2295,1.0,0.05845128524799501,14.43444199685473,8.485723999910988,6.338349005091004,2.337180994800292,1,0,0,,,,,,,,,,,,,,local_map_fast,False,12,5407,0,False,False,False,,,,inactive,,,,,,,,,,
front_end,4316856.768569632,True,icp_accepted,2243,1.0,0.06051035464050957,15.499914006795734,8.424389001447707,6.271414007642306,1.8970750097651035,1,0,0,,,,,,,,,,,,,,local_map_fast,True,12,5292,0,False,False,False,,,,inactive,,,,,,,,,,
front_end,4316856.868855296,True,icp_accepted,2280,1.0,0.05880336604611283,15.387872990686446,8.21599698974751,6.058553990442306,1.5808799944352359,1,0,0,,,,,,,,,,,,,,local_map_fast,False,12,5292,0,False,False,False,,,,inactive,,,,,,,,,,
optimized_backend,,,,,,,,,,,,,,,,,,,,,,,,,,,,,,,,,,,,,,,,,51,50,0,,,,pose_graph,False
front_end,4316856.968669536,True,icp_accepted,2270,1.0,0.06216582907130274,16.43897799658589,10.594876992399804,8.168789005139843,1.7417029885109514,1,0,0,,,,,,,,,,,,,,local_map_fast,False,12,5292,0,False,False,False,,,,inactive,,,,,,,,,,
front_end,4316857.068582944,True,icp_accepted,2223,1.0,0.060462650575765,18.008377010119148,10.037309999461286,7.718863998888992,2.3395760072162375,1,0,0,,,,,,,,,,,,,,local_map_fast,True,12,5190,0,False,False,False,,,,inactive,,,,,,,,,,
front_end,4316857.1678616,True,icp_accepted,2274,1.0,0.06277846918591863,15.1907130057225,8.671824005432427,6.036202001268975,2.032399002928287,1,0,0,,,,,,,,,,,,,,local_map_fast,False,12,5190,0,False,False,False,,,,inactive,,,,,,,,,,
front_end,4316857.26889968,True,icp_accepted,2203,1.0,0.06164962729276751,17.08622400474269,7.875918003264815,5.744633992435411,1.7032809992088005,1,0,0,,,,,,,,,,,,,,local_map_fast,False,12,5190,0,False,False,False,,,,inactive,,,,,,,,,,
optimized_backend,,,,,,,,,,,,,,,,,,,,,,,,,,,,,,,,,,,,,,,,,52,51,0,,,,pose_graph,False
front_end,4316857.372061536,True,icp_accepted,2311,1.0,0.06374338845785309,19.980822995421477,9.526659996481612,6.57659700664226,2.223657997092232,1,0,0,,,,,,,,,,,,,,local_map_fast,True,12,5142,0,False,False,False,,,,inactive,,,,,,,,,,
front_end,4316857.468746656,True,icp_accepted,2227,1.0,0.06064010098165115,15.295158998924308,9.78059800399933,6.785780002246611,1.8507269996916875,1,0,0,,,,,,,,,,,,,,local_map_fast,False,12,5142,0,False,False,False,,,,inactive,,,,,,,,,,
front_end,4316857.56866784,True,icp_accepted,2325,1.0,0.0611370331075684,14.000376002513804,7.549795001978055,5.4267369996523485,2.258113003335893,1,0,0,,,,,,,,,,,,,,local_map_fast,False,12,5142,0,False,False,False,,,,inactive,,,,,,,,,,
front_end,4316857.668610624,True,icp_accepted,2302,1.0,0.06092866651554331,18.318800008273683,9.475143000599928,6.812420004280284,1.8064050091197714,1,0,0,,,,,,,,,,,,,,local_map_fast,True,12,4986,0,False,False,False,,,,inactive,,,,,,,,,,
optimized_backend,,,,,,,,,,,,,,,,,,,,,,,,,,,,,,,,,,,,,,,,,53,52,0,,,,pose_graph,False
front_end,4316857.768825472,True,icp_accepted,2256,1.0,0.05882477862590258,18.64416099851951,10.944784007733688,8.6486700020032,2.9258069989737123,1,0,0,,,,,,,,,,,,,,local_map_fast,False,12,4986,0,False,False,False,,,,inactive,,,,,,,,,,
front_end,4316857.8686544,True,icp_accepted,2285,1.0,0.05932499606761619,17.112674002419226,10.651332995621487,8.137620010529645,2.166940990719013,1,0,0,,,,,,,,,,,,,,local_map_fast,False,12,4986,0,False,False,False,,,,inactive,,,,,,,,,,
front_end,4316857.96887344,True,icp_accepted,2212,1.0,0.059675767858946335,16.69014000799507,9.81602400133852,6.658480997430161,1.7568720068084076,1,0,0,,,,,,,,,,,,,,local_map_fast,False,12,4986,0,False,False,False,,,,inactive,,,,,,,,,,
front_end,4316858.068670464,True,icp_accepted,2242,1.0,0.061877493518841635,18.471647999831475,9.768945994437672,6.603958987398073,2.4083649914246053,1,0,0,,,,,,,,,,,,,,local_map_fast,True,12,4969,0,False,False,False,,,,inactive,,,,,,,,,,
front_end,4316858.168649792,True,icp_accepted,2266,1.0,0.060728571253123566,22.750627002096735,7.313462003367022,5.153895006515086,2.079145997413434,1,0,0,,,,,,,,,,,,,,local_map_fast,False,12,4969,0,False,False,False,,,,inactive,,,,,,,,,,
optimized_backend,,,,,,,,,,,,,,,,,,,,,,,,,,,,,,,,,,,,,,,,,54,53,0,,,,pose_graph,False
front_end,4316858.268548576,True,icp_accepted,2246,1.0,0.06256771175120554,16.836323993629776,8.400484002777375,6.161166005767882,2.3639220016775653,1,0,0,,,,,,,,,,,,,,local_map_fast,False,12,4969,0,False,False,False,,,,inactive,,,,,,,,,,
front_end,4316858.36880112,True,icp_accepted,2247,1.0,0.0653272613426665,17.54815199819859,9.612220994313248,6.861361995106563,1.7496880027465522,1,0,0,,,,,,,,,,,,,,local_map_fast,True,12,4944,0,False,False,False,,,,inactive,,,,,,,,,,
front_end,4316858.468611456,True,icp_accepted,2190,1.0,0.05978338706013747,15.025082000647672,9.27720199979376,6.594771999516524,1.941849011927843,1,0,0,,,,,,,,,,,,,,local_map_fast,False,12,4944,0,False,False,False,,,,inactive,,,,,,,,,,
front_end,4316858.568787136,True,icp_accepted,2322,1.0,0.060233232796833694,14.838620991213247,8.386638000956737,6.084451990318485,2.1043039887445047,1,0,0,,,,,,,,,,,,,,local_map_fast,False,12,4944,0,False,False,False,,,,inactive,,,,,,,,,,
optimized_backend,,,,,,,,,,,,,,,,,,,,,,,,,,,,,,,,,,,,,,,,,55,54,0,,,,pose_graph,False
front_end,4316858.668756544,True,icp_accepted,2270,1.0,0.05988829755513196,21.486052006366663,10.699755002860911,8.099628001218662,3.402243004529737,1,0,0,,,,,,,,,,,,,,local_map_fast,True,12,4748,0,False,False,False,,,,inactive,,,,,,,,,,
front_end,4316858.768654528,True,icp_accepted,2313,1.0,0.06058796894608125,13.376984992646612,7.247577988891862,5.112887010909617,2.1500199945876375,1,0,0,,,,,,,,,,,,,,local_map_fast,False,12,4748,0,False,False,False,,,,inactive,,,,,,,,,,
front_end,4316858.868801536,True,icp_accepted,2322,1.0,0.0602765275393659,13.102297991281375,7.87993599078618,5.740216001868248,1.6500010096933693,1,0,0,,,,,,,,,,,,,,local_map_fast,False,12,4748,0,False,False,False,,,,inactive,,,,,,,,,,
front_end,4316858.968768256,True,icp_accepted,2358,1.0,0.05940366315396487,13.730860009673052,8.398120000492781,6.2122929957695305,1.4606240001739934,1,0,0,,,,,,,,,,,,,,local_map_fast,False,12,4748,0,False,False,False,,,,inactive,,,,,,,,,,
front_end,4316859.068633408,True,icp_accepted,2349,1.0,0.0604052069365026,15.439871000126004,7.829070003936067,5.688016986823641,2.025495996349491,1,0,0,,,,,,,,,,,,,,local_map_fast,True,12,4725,0,False,False,False,,,,inactive,,,,,,,,,,
optimized_backend,,,,,,,,,,,,,,,,,,,,,,,,,,,,,,,,,,,,,,,,,56,55,0,,,,pose_graph,False
front_end,4316859.16851664,True,icp_accepted,2400,1.0,0.0620556520303804,16.4951829938218,9.056525988853537,6.410665009752847,2.79164599487558,1,0,0,,,,,,,,,,,,,,local_map_fast,False,12,4725,0,False,False,False,,,,inactive,,,,,,,,,,
front_end,4316859.268760064,True,icp_accepted,2376,1.0,0.0630947965997058,14.301552000688389,8.56617500539869,6.374837990733795,1.77367300784681,1,0,0,,,,,,,,,,,,,,local_map_fast,False,12,4725,0,False,False,False,,,,inactive,,,,,,,,,,
front_end,4316859.368714656,True,icp_accepted,2389,1.0,0.06633651132860159,13.476681997417472,8.205106991226785,5.806200002552941,1.5077630087034777,1,0,0,,,,,,,,,,,,,,local_map_fast,False,12,4725,0,False,False,False,,,,inactive,,,,,,,,,,
front_end,4316859.468815008,True,icp_accepted,2375,1.0,0.06609266997644227,14.140508996206336,8.33099300507456,6.1667380068684,1.7973779904423282,1,0,0,,,,,,,,,,,,,,local_map_fast,False,12,4725,0,False,False,False,,,,inactive,,,,,,,,,,
front_end,4316859.568707424,True,icp_accepted,2444,1.0,0.06286016641668803,15.380629993160255,8.190690001356415,5.940741990343668,2.167462997022085,1,0,0,,,,,,,,,,,,,,local_map_fast,True,12,4699,0,False,False,False,,,,inactive,,,,,,,,,,
front_end,4316859.668587072,True,icp_accepted,2420,1.0,0.060606214889052684,14.461412007221952,8.296758998767473,6.1629700066987425,2.4023239966481924,1,0,0,,,,,,,,,,,,,,local_map_fast,False,12,4699,0,False,False,False,,,,inactive,,,,,,,,,,
front_end,4316859.768790336,True,icp_accepted,2502,1.0,0.0600648770046012,13.993062006193213,8.039325010031462,5.7848889991873875,2.048328999080695,1,0,0,,,,,,,,,,,,,,local_map_fast,False,12,4699,0,False,False,False,,,,inactive,,,,,,,,,,
front_end,4316859.868749408,True,icp_accepted,2432,1.0,0.05908321460250899,14.353860009578057,7.981857008417137,5.870711000170559,1.5966299979481846,1,0,0,,,,,,,,,,,,,,local_map_fast,False,12,4699,0,False,False,False,,,,inactive,,,,,,,,,,
optimized_backend,,,,,,,,,,,,,,,,,,,,,,,,,,,,,,,,,,,,,,,,,57,56,0,,,,pose_graph,False
front_end,4316859.968623808,True,icp_accepted,2520,1.0,0.059206859262119174,15.740295988507569,8.922805995098315,6.347385991830379,2.00651100021787,1,0,0,,,,,,,,,,,,,,local_map_fast,False,12,4699,0,False,False,False,,,,inactive,,,,,,,,,,
front_end,4316860.0687776,True,icp_accepted,2483,1.0,0.05985956079276123,16.216179996263236,9.938503993907943,6.784206998418085,1.9499439949868247,1,0,0,,,,,,,,,,,,,,local_map_fast,False,12,4699,0,False,False,False,,,,inactive,,,,,,,,,,
front_end,4316860.16871888,True,icp_accepted,2477,1.0,0.06329419868216556,15.55293399724178,8.971086994279176,6.191182998009026,2.214490988990292,1,0,0,,,,,,,,,,,,,,local_map_fast,False,12,4699,0,False,False,False,,,,inactive,,,,,,,,,,
front_end,4316860.268808832,True,icp_accepted,2466,1.0,0.06544247179567896,14.05208399228286,8.35269498929847,5.909473999054171,1.9228029996156693,1,0,0,,,,,,,,,,,,,,local_map_fast,False,12,4699,0,False,False,False,,,,inactive,,,,,,,,,,
front_end,4316860.368776704,True,icp_accepted,2495,1.0,0.06967495221197637,14.8118609940866,8.786890000919811,6.164482998428866,1.9885259971488267,1,0,0,,,,,,,,,,,,,,local_map_fast,False,12,4699,0,False,False,False,,,,inactive,,,,,,,,,,
front_end,4316860.46859056,True,icp_accepted,2485,1.0,0.06622858358410325,14.059175999136642,8.138762001181021,5.984905001241714,1.9119520002277568,1,0,0,,,,,,,,,,,,,,local_map_fast,False,12,4699,0,False,False,False,,,,inactive,,,,,,,,,,
front_end,4316860.568686912,True,icp_accepted,2480,1.0,0.06047932543805004,14.177598990499973,7.258337995153852,5.177578001166694,2.295051992405206,1,0,0,,,,,,,,,,,,,,local_map_fast,False,12,4699,0,False,False,False,,,,inactive,,,,,,,,,,
front_end,4316860.668786688,True,icp_accepted,2496,1.0,0.06184891261609646,16.790638997917995,8.03365500178188,5.92332000087481,2.3667869972996414,1,0,0,,,,,,,,,,,,,,local_map_fast,True,12,4544,0,False,False,False,,,,inactive,,,,,,,,,,
front_end,4316860.768704192,True,icp_accepted,2469,1.0,0.058718992250997394,14.880099988658912,9.351941989734769,6.710528992698528,1.550362998386845,1,0,0,,,,,,,,,,,,,,local_map_fast,False,12,4544,0,False,False,False,,,,inactive,,,,,,,,,,
front_end,4316860.868468928,True,icp_accepted,2481,1.0,0.05922054290400319,14.481410005828366,8.428196000750177,6.235346008907072,1.8285959959030151,1,0,0,,,,,,,,,,,,,,local_map_fast,False,12,4544,0,False,False,False,,,,inactive,,,,,,,,,,
front_end,4316860.968729408,True,icp_accepted,2529,1.0,0.058607612466537624,15.367405008873902,9.788082010345533,6.755934009561315,1.725021007587202,1,0,0,,,,,,,,,,,,,,local_map_fast,False,12,4544,0,False,False,False,,,,inactive,,,,,,,,,,
front_end,4316861.068733152,True,icp_accepted,2572,1.0,0.059207233124935865,15.79836499877274,9.44092900317628,6.44517999899108,2.0133229991188273,1,0,0,,,,,,,,,,,,,,local_map_fast,False,12,4544,0,False,False,False,,,,inactive,,,,,,,,,,
front_end,4316861.168676448,True,icp_accepted,2555,1.0,0.0637938976758818,15.14987600967288,9.233850010787137,5.900346004636958,2.1360239916248247,1,0,0,,,,,,,,,,,,,,local_map_fast,False,12,4544,0,False,False,False,,,,inactive,,,,,,,,,,
front_end,4316861.268683264,True,icp_accepted,2511,1.0,0.0652500919928274,13.616985990665853,7.458765001501888,5.396901004132815,1.8804829887812957,1,0,0,,,,,,,,,,,,,,local_map_fast,False,12,4544,0,False,False,False,,,,inactive,,,,,,,,,,
front_end,4316861.3685696,True,icp_accepted,2623,1.0,0.07832337538652039,14.15732099849265,8.338718005688861,5.938387999776751,1.8701240041991696,1,0,0,,,,,,,,,,,,,,local_map_fast,False,12,4544,0,False,False,False,,,,inactive,,,,,,,,,,
front_end,4316861.468655648,True,icp_accepted,2543,1.0,0.06714744089635694,13.907711996580474,8.082576998276636,5.899434996536002,1.9840180029859766,1,0,0,,,,,,,,,,,,,,local_map_fast,False,12,4544,0,False,False,False,,,,inactive,,,,,,,,,,
front_end,4316861.568804032,True,icp_accepted,2496,1.0,0.05891763703734136,14.91556600376498,8.913979007047601,6.2905500089982525,2.3649740032851696,1,0,0,,,,,,,,,,,,,,local_map_fast,False,12,4544,0,False,False,False,,,,inactive,,,,,,,,,,
front_end,4316861.668560608,True,icp_accepted,2514,1.0,0.06076687501979028,14.344111987156793,7.797771992045455,5.7244960044045,2.1226590033620596,1,0,0,,,,,,,,,,,,,,local_map_fast,False,12,4544,0,False,False,False,,,,inactive,,,,,,,,,,
front_end,4316861.768488928,True,icp_accepted,2539,1.0,0.06154733308173682,14.399947001948021,8.210226005758159,5.921636999119073,2.0865999977104366,1,0,0,,,,,,,,,,,,,,local_map_fast,False,12,4544,0,False,False,False,,,,inactive,,,,,,,,,,
front_end,4316861.868703648,True,icp_accepted,2518,1.0,0.0656373059626315,13.9884840027662,8.205818012356758,6.065537003451027,1.8719570070970803,1,0,0,,,,,,,,,,,,,,local_map_fast,False,12,4544,0,False,False,False,,,,inactive,,,,,,,,,,
front_end,4316861.968706688,True,icp_accepted,2499,1.0,0.06734909899854466,16.543875011848286,8.923717003199272,6.281171998125501,1.603012002306059,1,0,0,,,,,,,,,,,,,,local_map_fast,False,12,4544,0,False,False,False,,,,inactive,,,,,,,,,,
front_end,4316862.068807488,True,icp_accepted,2475,1.0,0.0633497392827941,16.163951004273258,9.50708299933467,6.705378997139633,1.916721012094058,1,0,0,,,,,,,,,,,,,,local_map_fast,False,12,4544,0,False,False,False,,,,inactive,,,,,,,,,,
front_end,4316862.168680864,True,icp_accepted,2471,1.0,0.06520185028211473,13.856566001777537,8.284476003609598,6.034057994838804,1.789521993487142,1,0,0,,,,,,,,,,,,,,local_map_fast,False,12,4544,0,False,False,False,,,,inactive,,,,,,,,,,
front_end,4316862.268620192,True,icp_accepted,2490,1.0,0.0634312833769063,15.779588997247629,8.178005999070592,6.051240008673631,2.122076999512501,1,0,0,,,,,,,,,,,,,,local_map_fast,True,12,4582,0,False,False,False,,,,inactive,,,,,,,,,,
front_end,4316862.368624704,True,icp_accepted,2502,1.0,0.05933235588796039,14.394626996363513,7.781120992149226,5.367865989683196,2.3606350005138665,1,0,0,,,,,,,,,,,,,,local_map_fast,False,12,4582,0,False,False,False,,,,inactive,,,,,,,,,,
front_end,4316862.4687088,True,icp_accepted,2389,1.0,0.06074219587753708,14.633686005254276,8.599797991337255,5.644144999678247,1.6447999951196834,1,0,0,,,,,,,,,,,,,,local_map_fast,False,12,4582,0,False,False,False,,,,inactive,,,,,,,,,,
front_end,4316862.568632224,True,icp_accepted,2437,1.0,0.06018563354637205,14.88569901266601,8.591182006057352,6.384146006894298,1.616977999219671,1,0,0,,,,,,,,,,,,,,local_map_fast,False,12,4582,0,False,False,False,,,,inactive,,,,,,,,,,
optimized_backend,,,,,,,,,,,,,,,,,,,,,,,,,,,,,,,,,,,,,,,,,58,57,0,,,,pose_graph,False
front_end,4316862.66846976,True,icp_accepted,2315,1.0,0.05784130776958807,17.980855991481803,9.480754000833258,6.766032995074056,1.494587995694019,1,0,0,,,,,,,,,,,,,,local_map_fast,True,12,4568,0,False,False,False,,,,inactive,,,,,,,,,,
front_end,4316862.768657248,True,icp_accepted,2337,1.0,0.05755531388678084,14.56779200816527,8.910671997000463,6.252228005905636,1.863772005890496,1,0,0,,,,,,,,,,,,,,local_map_fast,False,12,4568,0,False,False,False,,,,inactive,,,,,,,,,,
front_end,4316862.868684736,True,icp_accepted,2334,1.0,0.058026023162918244,15.903502004221082,9.399510992807336,6.331076001515612,1.9932350114686415,1,0,0,,,,,,,,,,,,,,local_map_fast,False,12,4568,0,False,False,False,,,,inactive,,,,,,,,,,
front_end,4316862.968619744,True,icp_accepted,2300,1.0,0.0584468477393436,14.19542299117893,8.13478499185294,5.939741007750854,1.7959940014407039,1,0,0,,,,,,,,,,,,,,local_map_fast,False,12,4568,0,False,False,False,,,,inactive,,,,,,,,,,
front_end,4316863.0686432,True,icp_accepted,2356,1.0,0.060252900457263524,17.81484400271438,9.11588899907656,6.581545996596105,2.1272169979056343,1,0,0,,,,,,,,,,,,,,local_map_fast,True,12,4473,0,False,False,False,,,,inactive,,,,,,,,,,
front_end,4316863.168605472,True,icp_accepted,2259,1.0,0.058054546770011546,16.581735995714553,9.518363993265666,6.929469993337989,2.244076007627882,1,0,0,,,,,,,,,,,,,,local_map_fast,False,12,4473,0,False,False,False,,,,inactive,,,,,,,,,,
optimized_backend,,,,,,,,,,,,,,,,,,,,,,,,,,,,,,,,,,,,,,,,,59,58,0,,,,pose_graph,False
front_end,4316863.268705312,True,icp_accepted,2325,1.0,0.0586613864069004,16.565807003644295,9.973670006729662,6.985455009271391,2.0975320076104254,1,0,0,,,,,,,,,,,,,,local_map_fast,False,12,4473,0,False,False,False,,,,inactive,,,,,,,,,,
front_end,4316863.371844192,True,icp_accepted,2320,1.0,0.058841474563389506,13.447748002363369,7.903621008154005,5.806008994113654,1.8054619868053123,1,0,0,,,,,,,,,,,,,,local_map_fast,False,12,4473,0,False,False,False,,,,inactive,,,,,,,,,,
front_end,4316863.46868096,True,icp_accepted,2313,1.0,0.05835486982763631,14.090174998273142,7.927265003672801,5.824603998917155,1.7579929990461096,1,0,0,,,,,,,,,,,,,,local_map_fast,False,12,4473,0,False,False,False,,,,inactive,,,,,,,,,,
front_end,4316863.56853776,True,icp_accepted,2266,1.0,0.05824722346102829,13.083473008009605,7.368235004832968,5.196042999159545,1.5977319999365136,1,0,0,,,,,,,,,,,,,,local_map_fast,False,12,4473,0,False,False,False,,,,inactive,,,,,,,,,,
front_end,4316863.668594432,True,icp_accepted,2234,1.0,0.05934435018952007,15.508971002418548,7.872242000303231,5.796341007226147,1.639510999666527,1,0,0,,,,,,,,,,,,,,local_map_fast,True,12,4364,0,False,False,False,,,,inactive,,,,,,,,,,
front_end,4316863.768634048,True,icp_accepted,2324,1.0,0.06052895185720931,14.842097007203847,8.537311005056836,6.292873993515968,2.110044995788485,1,0,0,,,,,,,,,,,,,,local_map_fast,False,12,4364,0,False,False,False,,,,inactive,,,,,,,,,,
front_end,4316863.868720352,True,icp_accepted,2287,1.0,0.0631637365032339,16.065215997514315,8.60628100053873,6.366222005453892,2.1920980070717633,1,0,0,,,,,,,,,,,,,,local_map_fast,False,12,4364,0,False,False,False,,,,inactive,,,,,,,,,,
front_end,4316863.968628192,True,icp_accepted,2324,1.0,0.06513677581066879,15.757087006932124,10.300945999915712,7.9438760003540665,1.8261410004924983,1,0,0,,,,,,,,,,,,,,local_map_fast,False,12,4364,0,False,False,False,,,,inactive,,,,,,,,,,
front_end,4316864.068619584,True,icp_accepted,2274,1.0,0.06146647641359403,14.92638599302154,9.054011999978684,6.503871001768857,1.4859019865980372,1,0,0,,,,,,,,,,,,,,local_map_fast,False,12,4364,0,False,False,False,,,,inactive,,,,,,,,,,
front_end,4316864.168758464,True,icp_accepted,2301,1.0,0.059126617635160916,13.627826992888004,7.299395991140045,5.238493002252653,1.7763180076144636,1,0,0,,,,,,,,,,,,,,local_map_fast,False,12,4364,0,False,False,False,,,,inactive,,,,,,,,,,
front_end,4316864.268619008,True,icp_accepted,2320,1.0,0.06024555062694067,14.203257000190206,8.266142001957633,6.093529998906888,1.7053549963748083,1,0,0,,,,,,,,,,,,,,local_map_fast,False,12,4364,0,False,False,False,,,,inactive,,,,,,,,,,
front_end,4316864.368634272,True,icp_accepted,2271,1.0,0.06146891276320469,15.426986996317282,8.61702099791728,5.999011002131738,2.0255760027794167,1,0,0,,,,,,,,,,,,,,local_map_fast,False,12,4364,0,False,False,False,,,,inactive,,,,,,,,,,
front_end,4316864.468723488,True,icp_accepted,2292,1.0,0.058789276313847685,14.190613001119345,8.626517999800853,6.369308001012541,1.4571780047845095,1,0,0,,,,,,,,,,,,,,local_map_fast,False,12,4364,0,False,False,False,,,,inactive,,,,,,,,,,
front_end,4316864.568617088,True,icp_accepted,2263,1.0,0.05741306575352814,16.56333199935034,10.28940400283318,8.11174200498499,1.8685709947021678,1,0,0,,,,,,,,,,,,,,local_map_fast,False,12,4364,0,False,False,False,,,,inactive,,,,,,,,,,
front_end,4316864.668662656,True,icp_accepted,2335,1.0,0.057341009128975974,14.483113001915626,9.323728998424485,6.82166799379047,1.4433119940804318,1,0,0,,,,,,,,,,,,,,local_map_fast,False,12,4364,0,False,False,False,,,,inactive,,,,,,,,,,
front_end,4316864.768570112,True,icp_accepted,2269,1.0,0.057915025950473625,13.934953007264994,7.926043006591499,5.639176000840962,1.4790989953326061,1,0,0,,,,,,,,,,,,,,local_map_fast,False,12,4364,0,False,False,False,,,,inactive,,,,,,,,,,
front_end,4316864.868575456,True,icp_accepted,2294,1.0,0.057814029241607404,13.497491003363393,8.137349999742582,6.075214987504296,1.466966001316905,1,0,0,,,,,,,,,,,,,,local_map_fast,False,12,4364,0,False,False,False,,,,inactive,,,,,,,,,,
front_end,4316864.9687568,True,icp_accepted,2237,1.0,0.05771694563636436,13.22171300125774,7.833137991838157,5.790369992610067,1.2062769965268672,1,0,0,,,,,,,,,,,,,,local_map_fast,False,12,4364,0,False,False,False,,,,inactive,,,,,,,,,,
front_end,4316865.068723008,True,icp_accepted,2219,1.0,0.05727597067205114,14.454789998126216,8.95035799476318,6.404403000487946,1.2346599978627637,1,0,0,,,,,,,,,,,,,,local_map_fast,False,12,4364,0,False,False,False,,,,inactive,,,,,,,,,,
front_end,4316865.168642464,True,icp_accepted,2287,1.0,0.05712198822991617,13.56823400419671,8.2486690080259,5.908271006774157,1.5934039984131232,1,0,0,,,,,,,,,,,,,,local_map_fast,False,12,4364,0,False,False,False,,,,inactive,,,,,,,,,,
front_end,4316865.268531296,True,icp_accepted,2194,1.0,0.057868594979634286,13.332260001334362,7.666385004995391,5.611574000795372,1.367268996546045,1,0,0,,,,,,,,,,,,,,local_map_fast,False,12,4364,0,False,False,False,,,,inactive,,,,,,,,,,
front_end,4316865.368797824,True,icp_accepted,2303,1.0,0.057280572650555694,12.021768998238258,7.074562992784195,5.022105993703008,1.4388239942491055,1,0,0,,,,,,,,,,,,,,local_map_fast,False,12,4364,0,False,False,False,,,,inactive,,,,,,,,,,
front_end,4316865.468539008,True,icp_accepted,2183,1.0,0.05814091209020323,15.56485598848667,9.649319996242411,6.88392500160262,1.1742659989977255,1,0,0,,,,,,,,,,,,,,local_map_fast,False,12,4364,0,False,False,False,,,,inactive,,,,,,,,,,
front_end,4316865.568621856,True,icp_accepted,2297,1.0,0.06076463076709904,13.552784992498346,8.225204990594648,6.114980002166703,1.3828589871991426,1,0,0,,,,,,,,,,,,,,local_map_fast,False,12,4364,0,False,False,False,,,,inactive,,,,,,,,,,
front_end,4316865.668715552,True,icp_accepted,2334,1.0,0.05855436542320865,14.617145003285259,8.905263006454334,6.47087799734436,1.3547059934353456,1,0,0,,,,,,,,,,,,,,local_map_fast,False,12,4364,0,False,False,False,,,,inactive,,,,,,,,,,
front_end,4316865.768582656,True,icp_accepted,2232,1.0,0.05702324953801909,15.359690005425364,9.789904011995532,7.121271002688445,1.3232469937065616,1,0,0,,,,,,,,,,,,,,local_map_fast,False,12,4364,0,False,False,False,,,,inactive,,,,,,,,,,
front_end,4316865.868713152,True,icp_accepted,2342,1.0,0.05784689471388509,12.873839994426817,7.771832999424078,5.721990994061343,1.331722000031732,1,0,0,,,,,,,,,,,,,,local_map_fast,False,12,4364,0,False,False,False,,,,inactive,,,,,,,,,,
front_end,4316865.968664416,True,icp_accepted,2191,1.0,0.058297771943310886,12.415018005413003,7.104179007001221,5.044197998358868,1.1847860005218536,1,0,0,,,,,,,,,,,,,,local_map_fast,False,12,4364,0,False,False,False,,,,inactive,,,,,,,,,,
front_end,4316866.068693568,True,icp_accepted,2347,1.0,0.05792940287814266,13.840015002642758,8.648960996652022,6.519188988022506,1.2825900048483163,1,0,0,,,,,,,,,,,,,,local_map_fast,False,12,4364,0,False,False,False,,,,inactive,,,,,,,,,,
front_end,4316866.168571584,True,icp_accepted,2249,1.0,0.057830715896091164,15.555026999209076,10.263314004987478,8.109647998935543,1.3964139943709597,1,0,0,,,,,,,,,,,,,,local_map_fast,False,12,4364,0,False,False,False,,,,inactive,,,,,,,,,,
front_end,4316866.2685512,True,icp_accepted,2239,1.0,0.05802052153458163,14.616273998399265,8.798873008345254,6.313453006441705,1.6254040092462674,1,0,0,,,,,,,,,,,,,,local_map_fast,False,12,4364,0,False,False,False,,,,inactive,,,,,,,,,,
front_end,4316866.368640512,True,icp_accepted,2319,1.0,0.057947263621133144,16.221530007896945,10.390163006377406,8.033875012188219,1.2524830090114847,1,0,0,,,,,,,,,,,,,,local_map_fast,False,12,4364,0,False,False,False,,,,inactive,,,,,,,,,,
front_end,4316866.468644544,True,icp_accepted,2235,1.0,0.05802775723449131,14.53472999855876,9.315784001955763,6.497417998616584,1.2208639964228496,1,0,0,,,,,,,,,,,,,,local_map_fast,False,12,4364,0,False,False,False,,,,inactive,,,,,,,,,,
front_end,4316866.568533632,True,icp_accepted,2315,1.0,0.05830929246371522,12.887064993265085,7.332918990869075,5.165936992852949,1.558688993100077,1,0,0,,,,,,,,,,,,,,local_map_fast,False,12,4364,0,False,False,False,,,,inactive,,,,,,,,,,
front_end,4316866.668600928,True,icp_accepted,2234,1.0,0.05934944297987517,14.151509996736422,8.52816399128642,5.978213011985645,1.3074960006633773,1,0,0,,,,,,,,,,,,,,local_map_fast,False,12,4364,0,False,False,False,,,,inactive,,,,,,,,,,
front_end,4316866.768684672,True,icp_accepted,2244,1.0,0.05773811395817317,13.156250002793968,8.077967999270186,5.939440001384355,1.317235000897199,1,0,0,,,,,,,,,,,,,,local_map_fast,False,12,4364,0,False,False,False,,,,inactive,,,,,,,,,,
front_end,4316866.868637248,True,icp_accepted,2325,1.0,0.057642163959959705,12.350356002571061,7.496124992030673,5.472251999890432,1.2164450017735362,1,0,0,,,,,,,,,,,,,,local_map_fast,False,12,4364,0,False,False,False,,,,inactive,,,,,,,,,,
front_end,4316866.96854304,True,icp_accepted,2241,1.0,0.05884268797329316,13.864932014257647,7.978432011441328,5.921817006310448,1.397486004862003,1,0,0,,,,,,,,,,,,,,local_map_fast,False,12,4364,0,False,False,False,,,,inactive,,,,,,,,,,
front_end,4316867.068484704,True,icp_accepted,2320,1.0,0.05750346133017238,14.43307900626678,9.010049005155452,6.4260539948008955,1.1817399936262518,1,0,0,,,,,,,,,,,,,,local_map_fast,False,12,4364,0,False,False,False,,,,inactive,,,,,,,,,,
front_end,4316867.16865888,True,icp_accepted,2217,1.0,0.05811210435667485,12.657633007620461,7.143862996599637,5.124688992509618,1.4151590003166348,1,0,0,,,,,,,,,,,,,,local_map_fast,False,12,4364,0,False,False,False,,,,inactive,,,,,,,,,,
front_end,4316867.268592992,True,icp_accepted,2342,1.0,0.05776846609826699,13.200843997765332,8.118073994410224,5.985947005683556,1.1858579964609817,1,0,0,,,,,,,,,,,,,,local_map_fast,False,12,4364,0,False,False,False,,,,inactive,,,,,,,,,,
front_end,4316867.368505312,True,icp_accepted,2262,1.0,0.05801731439486351,13.854381992132403,8.033435005927458,5.807541994727217,1.1704400094458833,1,0,0,,,,,,,,,,,,,,local_map_fast,False,12,4364,0,False,False,False,,,,inactive,,,,,,,,,,
front_end,4316867.468497056,True,icp_accepted,2257,1.0,0.058044214097955606,14.277537004090846,8.775579000939615,6.3323289941763505,1.1938129900954664,1,0,0,,,,,,,,,,,,,,local_map_fast,False,12,4364,0,False,False,False,,,,inactive,,,,,,,,,,
front_end,4316867.568628896,True,icp_accepted,2309,1.0,0.05809318672759613,15.071147994603962,9.683454991318285,6.894854988786392,1.1650590022327378,1,0,0,,,,,,,,,,,,,,local_map_fast,False,12,4364,0,False,False,False,,,,inactive,,,,,,,,,,
front_end,4316867.66866816,True,icp_accepted,2223,1.0,0.0588304887274789,14.255725996918045,8.411975999479182,6.261254005949013,1.3218139938544482,1,0,0,,,,,,,,,,,,,,local_map_fast,False,12,4364,0,False,False,False,,,,inactive,,,,,,,,,,
front_end,4316867.768623104,True,icp_accepted,2299,1.0,0.05717538437221729,12.457065997296013,7.204125999123789,5.081929004518315,1.400241002556868,1,0,0,,,,,,,,,,,,,,local_map_fast,False,12,4364,0,False,False,False,,,,inactive,,,,,,,,,,
front_end,4316867.868590656,True,icp_accepted,2211,1.0,0.057908299074353006,16.42068399814889,9.476636987528764,6.9988109898986295,1.2908049975521863,1,0,0,,,,,,,,,,,,,,local_map_fast,False,12,4364,0,False,False,False,,,,inactive,,,,,,,,,,
front_end,4316867.968498464,True,icp_accepted,2279,1.0,0.05778098549197666,13.968105005915277,8.814682005322538,6.02600300044287,1.1356739996699616,1,0,0,,,,,,,,,,,,,,local_map_fast,False,12,4364,0,False,False,False,,,,inactive,,,,,,,,,,
front_end,4316868.068601952,True,icp_accepted,2214,1.0,0.05784671891672145,13.895067997509614,8.143300990923308,6.052722004824318,1.4321009948616847,1,0,0,,,,,,,,,,,,,,local_map_fast,False,12,4364,0,False,False,False,,,,inactive,,,,,,,,,,
front_end,4316868.168578688,True,icp_accepted,2272,1.0,0.05713212777596138,13.94800799607765,8.401144994422793,5.762287008110434,1.3886490050936118,1,0,0,,,,,,,,,,,,,,local_map_fast,False,12,4364,0,False,False,False,,,,inactive,,,,,,,,,,
front_end,4316868.268503968,True,icp_accepted,2300,1.0,0.057931599962003345,14.965819995268248,9.523644999717362,6.406587999663316,1.3013949937885627,1,0,0,,,,,,,,,,,,,,local_map_fast,False,12,4364,0,False,False,False,,,,inactive,,,,,,,,,,
front_end,4316868.368518016,True,icp_accepted,2226,1.0,0.05831954356505894,13.781134010059759,7.955448003485799,5.490266004926525,1.5248749987222254,1,0,0,,,,,,,,,,,,,,local_map_fast,False,12,4364,0,False,False,False,,,,inactive,,,,,,,,,,
front_end,4316868.468596416,True,icp_accepted,2337,1.0,0.05867281568786151,13.1272459984757,7.957512003486045,5.856193994986825,1.1855979973915964,1,0,0,,,,,,,,,,,,,,local_map_fast,False,12,4364,0,False,False,False,,,,inactive,,,,,,,,,,
front_end,4316868.56853856,True,icp_accepted,2269,1.0,0.057179424255806494,14.64658000622876,8.105440007057041,6.066670001018792,1.6380779998144135,1,0,0,,,,,,,,,,,,,,local_map_fast,False,12,4364,0,False,False,False,,,,inactive,,,,,,,,,,
front_end,4316868.66861232,True,icp_accepted,2270,1.0,0.06431287706451039,13.727233003010042,7.658419999643229,5.591135006397963,2.1127090003574267,1,0,0,,,,,,,,,,,,,,local_map_fast,False,12,4364,0,False,False,False,,,,inactive,,,,,,,,,,
front_end,4316868.768520832,True,icp_accepted,2303,0.9991315675206253,0.07061138370652166,13.385650992859155,7.7089249971322715,5.601144002866931,1.9492120045470074,1,0,0,,,,,,,,,,,,,,local_map_fast,False,12,4364,0,False,False,False,,,,inactive,,,,,,,,,,
front_end,4316868.868464128,True,icp_accepted,2226,0.9959568733153639,0.08233328694641451,15.128235012525693,8.296308005810715,6.132694004918449,1.900250994367525,1,0,0,,,,,,,,,,,,,,local_map_fast,False,12,4364,0,False,False,False,,,,inactive,,,,,,,,,,
front_end,4316868.968601472,True,icp_accepted,2303,0.9991315675206253,0.07304649175840469,13.811570999678224,7.999932000529952,5.30472700484097,1.5536999999312684,1,0,0,,,,,,,,,,,,,,local_map_fast,False,12,4364,0,False,False,False,,,,inactive,,,,,,,,,,
front_end,4316869.06854864,True,icp_accepted,2266,1.0,0.0636871170397188,13.806061004288495,8.274767998955213,6.126993001089431,1.5984429919626564,1,0,0,,,,,,,,,,,,,,local_map_fast,False,12,4364,0,False,False,False,,,,inactive,,,,,,,,,,
front_end,4316869.168509536,True,icp_accepted,2270,1.0,0.060868922581519644,15.56085899937898,9.470074001001194,6.736377006745897,1.6067589895101264,1,0,0,,,,,,,,,,,,,,local_map_fast,False,12,4364,0,False,False,False,,,,inactive,,,,,,,,,,
front_end,4316869.268632992,True,icp_accepted,2248,1.0,0.059827893609209475,14.338602006318979,8.167166000930592,6.10793600208126,1.8229260022053495,1,0,0,,,,,,,,,,,,,,local_map_fast,False,12,4364,0,False,False,False,,,,inactive,,,,,,,,,,
front_end,4316869.368505856,True,icp_accepted,2294,1.0,0.05789848581780465,16.042292991187423,9.840448998147622,6.624296001973562,1.880483003333211,1,0,0,,,,,,,,,,,,,,local_map_fast,False,12,4364,0,False,False,False,,,,inactive,,,,,,,,,,
front_end,4316869.468522656,True,icp_accepted,2284,1.0,0.058859285527359244,13.989315993967466,7.940639989101328,5.8466860064072534,1.669617005973123,1,0,0,,,,,,,,,,,,,,local_map_fast,False,12,4364,0,False,False,False,,,,inactive,,,,,,,,,,
front_end,4316869.568444608,True,icp_accepted,2315,1.0,0.058478191446582645,13.451494989567436,7.565897001768462,5.098609995911829,1.7355510062770918,1,0,0,,,,,,,,,,,,,,local_map_fast,False,12,4364,0,False,False,False,,,,inactive,,,,,,,,,,
front_end,4316869.668557344,True,icp_accepted,2367,1.0,0.05893546103325511,14.580756993382238,8.487307000905275,6.315756996627897,1.7096119991037995,1,0,0,,,,,,,,,,,,,,local_map_fast,False,12,4364,0,False,False,False,,,,inactive,,,,,,,,,,
front_end,4316869.7684496,True,icp_accepted,2359,1.0,0.06391954487787037,15.459547998034395,9.332344998256303,6.183728997712024,1.9587110000429675,1,0,0,,,,,,,,,,,,,,local_map_fast,False,12,4364,0,False,False,False,,,,inactive,,,,,,,,,,
front_end,4316869.868554304,True,icp_accepted,2333,1.0,0.058774819296064214,14.610924001317471,8.479141994030215,6.312040000921115,1.8794520001392812,1,0,0,,,,,,,,,,,,,,local_map_fast,False,12,4364,0,False,False,False,,,,inactive,,,,,,,,,,
front_end,4316869.968593632,True,icp_accepted,2351,1.0,0.05983913848454865,13.897021999582648,7.764680005493574,5.665535994921811,1.8128759984392673,1,0,0,,,,,,,,,,,,,,local_map_fast,False,12,4364,0,False,False,False,,,,inactive,,,,,,,,,,
front_end,4316870.068462272,True,icp_accepted,2361,1.0,0.060393885489264394,13.768831006018445,7.915402005892247,5.756245998782106,1.764364991686307,1,0,0,,,,,,,,,,,,,,local_map_fast,False,12,4364,0,False,False,False,,,,inactive,,,,,,,,,,
front_end,4316870.168437952,True,icp_accepted,2330,1.0,0.05884899359969244,12.613740997039713,7.218503000331111,4.939060003380291,1.6011289990274236,1,0,0,,,,,,,,,,,,,,local_map_fast,False,12,4364,0,False,False,False,,,,inactive,,,,,,,,,,
front_end,4316870.268430528,True,icp_accepted,2345,1.0,0.05844735373451459,13.379159005125985,7.786791000398807,5.684130999725312,1.6546190017834306,1,0,0,,,,,,,,,,,,,,local_map_fast,False,12,4364,0,False,False,False,,,,inactive,,,,,,,,,,
front_end,4316870.36847936,True,icp_accepted,2417,1.0,0.05860035769939756,13.095917005557567,7.91428099910263,5.802882995340042,1.299863011809066,1,0,0,,,,,,,,,,,,,,local_map_fast,False,12,4364,0,False,False,False,,,,inactive,,,,,,,,,,
front_end,4316870.468547392,True,icp_accepted,2311,1.0,0.05756629164902733,12.956455000676215,7.814543001586571,5.779500002972782,1.2950639938935637,1,0,0,,,,,,,,,,,,,,local_map_fast,False,12,4364,0,False,False,False,,,,inactive,,,,,,,,,,
front_end,4316870.568436384,True,icp_accepted,2329,1.0,0.058316228806358394,13.028208995820023,7.91345899051521,5.856082992977463,1.3253099896246567,1,0,0,,,,,,,,,,,,,,local_map_fast,False,12,4364,0,False,False,False,,,,inactive,,,,,,,,,,
front_end,4316870.668564544,True,icp_accepted,2286,1.0,0.0575881200070111,13.31106100406032,7.914791000075638,5.741166998632252,1.219029989442788,1,0,0,,,,,,,,,,,,,,local_map_fast,False,12,4364,0,False,False,False,,,,inactive,,,,,,,,,,
front_end,4316870.7685576,True,icp_accepted,2378,1.0,0.059146580042334015,13.43168799940031,7.302601006813347,5.217182988417335,1.7201320006279275,1,0,0,,,,,,,,,,,,,,local_map_fast,False,12,4364,0,False,False,False,,,,inactive,,,,,,,,,,
front_end,4316870.8684888,True,icp_accepted,2340,1.0,0.05921084561705253,14.38474899623543,8.497866991092451,6.264500989345834,1.4832970045972615,1,0,0,,,,,,,,,,,,,,local_map_fast,False,12,4364,0,False,False,False,,,,inactive,,,,,,,,,,
front_end,4316870.968560704,True,icp_accepted,2327,1.0,0.058697953095310486,14.340364999952726,8.95468499220442,6.500553994555958,1.2296600034460425,1,0,0,,,,,,,,,,,,,,local_map_fast,False,12,4364,0,False,False,False,,,,inactive,,,,,,,,,,
front_end,4316871.0683992,True,icp_accepted,2392,1.0,0.059134764590620496,12.965842994162813,7.825925000361167,5.722963003790937,1.3539239880628884,1,0,0,,,,,,,,,,,,,,local_map_fast,False,12,4364,0,False,False,False,,,,inactive,,,,,,,,,,
front_end,4316871.168495648,True,icp_accepted,2301,1.0,0.059001449296071616,13.312983996002004,7.97399299335666,5.667940000421368,1.3271539937704802,1,0,0,,,,,,,,,,,,,,local_map_fast,False,12,4364,0,False,False,False,,,,inactive,,,,,,,,,,
front_end,4316871.268439584,True,icp_accepted,2367,1.0,0.05760165097789335,13.012579991482198,8.0809240025701,6.031281998730265,1.2218860065331683,1,0,0,,,,,,,,,,,,,,local_map_fast,False,12,4364,0,False,False,False,,,,inactive,,,,,,,,,,
front_end,4316871.368396736,True,icp_accepted,2347,1.0,0.05897016409519957,12.574817010317929,7.29731100727804,5.2266709972172976,1.2560299946926534,1,0,0,,,,,,,,,,,,,,local_map_fast,False,12,4364,0,False,False,False,,,,inactive,,,,,,,,,,
front_end,4316871.468429216,True,icp_accepted,2317,1.0,0.05830095779750231,13.23927599878516,7.915513007901609,5.836426003952511,1.4762240025447682,1,0,0,,,,,,,,,,,,,,local_map_fast,False,12,4364,0,False,False,False,,,,inactive,,,,,,,,,,
front_end,4316871.568530048,True,icp_accepted,2338,1.0,0.0591601236022888,13.311661998159252,8.345940994331613,6.218954993528314,1.1457529908511788,1,0,0,,,,,,,,,,,,,,local_map_fast,False,12,4364,0,False,False,False,,,,inactive,,,,,,,,,,
front_end,4316871.66838416,True,icp_accepted,2326,1.0,0.058704417071759864,12.840397001127712,7.554986004834063,5.491548989084549,1.472156000090763,1,0,0,,,,,,,,,,,,,,local_map_fast,False,12,4364,0,False,False,False,,,,inactive,,,,,,,,,,
front_end,4316871.768539264,True,icp_accepted,2391,1.0,0.05814928348099816,12.574677006341517,7.521663006627932,5.487520989845507,1.4301370101748034,1,0,0,,,,,,,,,,,,,,local_map_fast,False,12,4364,0,False,False,False,,,,inactive,,,,,,,,,,
front_end,4316871.868479584,True,icp_accepted,2299,1.0,0.05816106845089095,12.880572001449764,7.795186989824288,5.757047998486087,1.3263220025692135,1,0,0,,,,,,,,,,,,,,local_map_fast,False,12,4364,0,False,False,False,,,,inactive,,,,,,,,,,
front_end,4316871.96858224,True,icp_accepted,2336,1.0,0.0585623763689917,12.353220998193137,7.326545994146727,5.198337996262126,1.428534000297077,1,0,0,,,,,,,,,,,,,,local_map_fast,False,12,4364,0,False,False,False,,,,inactive,,,,,,,,,,
front_end,4316872.068493792,True,icp_accepted,2368,1.0,0.05956435685415712,15.256797007168643,7.786150003084913,5.6135480117518455,1.1414850014261901,1,0,0,,,,,,,,,,,,,,local_map_fast,False,12,4364,0,False,False,False,,,,inactive,,,,,,,,,,
front_end,4316872.168445728,True,icp_accepted,2332,1.0,0.059228455074165416,12.73527900048066,7.791730997269042,5.7682789920363575,1.287178005441092,1,0,0,,,,,,,,,,,,,,local_map_fast,False,12,4364,0,False,False,False,,,,inactive,,,,,,,,,,
front_end,4316872.268505312,True,icp_accepted,2354,1.0,0.059853455433530836,17.269169009523466,11.764566006604582,9.419729001820087,1.433282988728024,1,0,0,,,,,,,,,,,,,,local_map_fast,False,12,4364,0,False,False,False,,,,inactive,,,,,,,,,,
front_end,4316872.368460544,True,icp_accepted,2317,1.0,0.06019324218842665,16.357925996999256,10.413165990030393,8.126860004267655,1.4242559991544113,1,0,0,,,,,,,,,,,,,,local_map_fast,False,12,4364,0,False,False,False,,,,inactive,,,,,,,,,,
front_end,4316872.468531392,True,icp_accepted,2394,1.0,0.05934005116001412,13.788798998575658,8.35500899120234,6.077579993871041,1.4823749952483922,1,0,0,,,,,,,,,,,,,,local_map_fast,False,12,4364,0,False,False,False,,,,inactive,,,,,,,,,,
front_end,4316872.568502112,True,icp_accepted,2347,1.0,0.05993905128447238,13.079747004667297,7.455108003341593,5.3438609902514145,1.8195790034951642,1,0,0,,,,,,,,,,,,,,local_map_fast,False,12,4364,0,False,False,False,,,,inactive,,,,,,,,,,
front_end,4316872.668510368,True,icp_accepted,2371,1.0,0.06283196750790632,16.158309997990727,9.750800993060693,6.5725089953048155,1.9930949929403141,1,0,0,,,,,,,,,,,,,,local_map_fast,False,12,4364,0,False,False,False,,,,inactive,,,,,,,,,,
front_end,4316872.768535872,True,icp_accepted,2373,1.0,0.06830951110120251,13.787556992610916,7.919861993286759,5.761676002293825,1.7764879885362461,1,0,0,,,,,,,,,,,,,,local_map_fast,False,12,4364,0,False,False,False,,,,inactive,,,,,,,,,,
front_end,4316872.86854192,True,icp_accepted,2294,0.998256320836966,0.08022580397209084,13.713116000872105,8.02752299932763,5.85284800035879,1.5448619960807264,1,0,0,,,,,,,,,,,,,,local_map_fast,False,12,4364,0,False,False,False,,,,inactive,,,,,,,,,,
front_end,4316872.96843776,True,icp_accepted,2359,0.9987282746926663,0.08470179808316161,13.520705004339106,8.012806007172912,5.883334000827745,1.6938029875745997,1,0,0,,,,,,,,,,,,,,local_map_fast,False,12,4364,0,False,False,False,,,,inactive,,,,,,,,,,
front_end,4316873.06844448,True,icp_accepted,2285,1.0,0.07903058271924009,13.28592399659101,7.922475997474976,5.858397998963483,1.5733059990452603,1,0,0,,,,,,,,,,,,,,local_map_fast,False,12,4364,0,False,False,False,,,,inactive,,,,,,,,,,
front_end,4316873.168344864,True,icp_accepted,2375,1.0,0.0783512931874909,13.620462996186689,7.6627380040008575,5.321889999322593,1.9610949966590852,1,0,0,,,,,,,,,,,,,,local_map_fast,False,12,4364,0,False,False,False,,,,inactive,,,,,,,,,,
front_end,4316873.268354752,True,icp_accepted,2356,1.0,0.07119516170417216,14.807843006565236,7.9407400044146925,5.842889004270546,1.721264998195693,1,0,0,,,,,,,,,,,,,,local_map_fast,False,12,4364,0,False,False,False,,,,inactive,,,,,,,,,,
front_end,4316873.368466688,True,icp_accepted,2351,1.0,0.0716365517773479,14.156910008750856,8.13200999982655,6.059336010366678,2.0109790057176724,1,0,0,,,,,,,,,,,,,,local_map_fast,False,12,4364,0,False,False,False,,,,inactive,,,,,,,,,,
front_end,4316873.46844448,True,icp_accepted,2377,1.0,0.07330400833371577,15.137512993533164,8.987206994788721,6.261475005885586,1.746341004036367,1,0,0,,,,,,,,,,,,,,local_map_fast,False,12,4364,0,False,False,False,,,,inactive,,,,,,,,,,
front_end,4316873.56850224,True,icp_accepted,2372,1.0,0.07296366606713177,15.515923994826153,9.194525991915725,6.462874007411301,1.9972830050392076,1,0,0,,,,,,,,,,,,,,local_map_fast,False,12,4364,0,False,False,False,,,,inactive,,,,,,,,,,
front_end,4316873.668373248,True,icp_accepted,2381,1.0,0.07616179185363123,14.613036997616291,8.851902006426826,6.1104509950382635,1.4708239905303344,1,0,0,,,,,,,,,,,,,,local_map_fast,False,12,4364,0,False,False,False,,,,inactive,,,,,,,,,,
front_end,4316873.768379744,True,icp_accepted,2383,1.0,0.0748855315772351,13.493965001543984,7.284036997589283,4.985016988939606,1.5211980062304065,1,0,0,,,,,,,,,,,,,,local_map_fast,False,12,4364,0,False,False,False,,,,inactive,,,,,,,,,,
front_end,4316873.868395392,True,icp_accepted,2491,1.0,0.07914640487843076,14.529922002111562,8.21193000592757,5.980105997878127,2.0399229979375377,1,0,0,,,,,,,,,,,,,,local_map_fast,False,12,4364,0,False,False,False,,,,inactive,,,,,,,,,,
front_end,4316873.968379424,True,icp_accepted,2510,1.0,0.08246363800617623,16.018958995118737,8.190478998585604,5.907921004109085,1.8329229933442548,1,0,0,,,,,,,,,,,,,,local_map_fast,True,12,4465,0,False,False,False,,,,inactive,,,,,,,,,,
front_end,4316874.068454112,True,icp_accepted,2450,1.0,0.06437364989345397,17.69727299688384,9.181020999676548,6.179010000778362,1.489649002905935,1,0,0,,,,,,,,,,,,,,local_map_fast,False,12,4465,0,False,False,False,,,,inactive,,,,,,,,,,
front_end,4316874.168414048,True,icp_accepted,2433,1.0,0.0642058705784918,15.208124998025596,9.131536993663758,6.546179996803403,1.6987920098472387,1,0,0,,,,,,,,,,,,,,local_map_fast,False,12,4465,0,False,False,False,,,,inactive,,,,,,,,,,
front_end,4316874.26832512,True,icp_accepted,2429,1.0,0.06509070197004402,14.56333399983123,8.352384000318125,5.847848005942069,1.8299380026292056,1,0,0,,,,,,,,,,,,,,local_map_fast,False,12,4465,0,False,False,False,,,,inactive,,,,,,,,,,
front_end,4316874.368461312,True,icp_accepted,2467,1.0,0.06619896516114451,15.278448001481593,8.483651006827131,5.986529009533115,1.8250989960506558,1,0,0,,,,,,,,,,,,,,local_map_fast,False,12,4465,0,False,False,False,,,,inactive,,,,,,,,,,
front_end,4316874.468470624,True,icp_accepted,2453,1.0,0.0697993679227587,14.574364991858602,8.057950995862484,5.92277898977045,1.8881980067817494,1,0,0,,,,,,,,,,,,,,local_map_fast,False,12,4465,0,False,False,False,,,,inactive,,,,,,,,,,
front_end,4316874.568394048,True,icp_accepted,2446,1.0,0.07161748437392579,14.651218996732496,8.7511430028826,6.085333996452391,1.6745760076446459,1,0,0,,,,,,,,,,,,,,local_map_fast,False,12,4465,0,False,False,False,,,,inactive,,,,,,,,,,
front_end,4316874.668462976,True,icp_accepted,2440,1.0,0.07030919610961137,14.210772002115846,7.822568994015455,5.724415997974575,1.843805002863519,1,0,0,,,,,,,,,,,,,,local_map_fast,False,12,4465,0,False,False,False,,,,inactive,,,,,,,,,,
front_end,4316874.768302944,True,icp_accepted,2508,1.0,0.0748744802573546,15.275982994353399,8.971888004452921,6.194929999765009,1.7136499955086038,1,0,0,,,,,,,,,,,,,,local_map_fast,False,12,4465,0,False,False,False,,,,inactive,,,,,,,,,,
front_end,4316874.868412736,True,icp_accepted,2453,1.0,0.07655327647829148,16.877180998562835,9.889851993648335,7.616100003360771,2.044491993729025,1,0,0,,,,,,,,,,,,,,local_map_fast,False,12,4465,0,False,False,False,,,,inactive,,,,,,,,,,
front_end,4316874.968329056,True,icp_accepted,2417,1.0,0.07509051538482298,15.270111995050684,8.05700899218209,5.582800004049204,1.9891269912477583,1,0,0,,,,,,,,,,,,,,local_map_fast,False,12,4465,0,False,False,False,,,,inactive,,,,,,,,,,
front_end,4316875.068417728,True,icp_accepted,2502,0.9996003197442046,0.07945517396158341,14.96768400829751,8.516873000189662,6.153181006084196,1.8373919883742929,1,0,0,,,,,,,,,,,,,,local_map_fast,False,12,4465,0,False,False,False,,,,inactive,,,,,,,,,,
front_end,4316875.168305312,True,icp_accepted,2481,0.9987908101571947,0.08166622160056246,17.203584997332655,8.228851991589181,6.130509005743079,1.8675489991437644,1,0,0,,,,,,,,,,,,,,local_map_fast,True,12,4586,0,False,False,False,,,,inactive,,,,,,,,,,
front_end,4316875.268442784,True,icp_accepted,2515,1.0,0.06727553755485284,39.3288869963726,16.99106500018388,14.233475012588315,11.550623006769456,1,0,0,,,,,,,,,,,,,,local_map_fast,False,12,4586,0,False,False,False,,,,inactive,,,,,,,,,,
front_end,4316875.36839216,True,icp_accepted,2506,1.0,0.0698494313393755,33.099642998422496,20.903055992675945,14.688378010760061,6.776373003958724,1,0,0,,,,,,,,,,,,,,local_map_fast,False,12,4586,0,False,False,False,,,,inactive,,,,,,,,,,
front_end,4316875.468393184,True,icp_accepted,2488,1.0,0.0728830614164799,32.13234600843862,10.544293007114902,8.076074998825788,13.373709007282741,1,0,0,,,,,,,,,,,,,,local_map_fast,False,12,4586,0,False,False,False,,,,inactive,,,,,,,,,,
optimized_backend,,,,,,,,,,,,,,,,,,,,,,,,,,,,,,,,,,,,,,,,,60,60,1,,,,pose_graph,True
front_end,4316875.568401536,True,icp_accepted,2515,1.0,0.07468263137570644,16.98765900800936,9.062477998668328,6.587789001059718,2.4295250041177496,1,0,0,,,,,,,,,,,,,,local_map_fast,False,12,4586,0,False,False,False,,,,inactive,,,,,,,,,,
front_end,4316875.66845536,True,icp_accepted,2451,1.0,0.07606436376964704,14.584193006157875,8.060916006797925,5.923820004682057,2.368731002206914,1,0,0,,,,,,,,,,,,,,local_map_fast,False,12,4586,0,False,False,False,,,,inactive,,,,,,,,,,
front_end,4316875.768356064,True,icp_accepted,2569,1.0,0.07828532931049832,19.189075988833793,9.951878993888386,7.321226003114134,1.9539320055628195,1,0,0,,,,,,,,,,,,,,local_map_fast,False,12,4586,0,False,False,False,,,,inactive,,,,,,,,,,
front_end,4316875.868450912,True,icp_accepted,2641,1.0,0.07642033060018594,17.02288500382565,10.41258400073275,7.715157000347972,2.020115003688261,1,0,0,,,,,,,,,,,,,,local_map_fast,False,12,4586,0,False,False,False,,,,inactive,,,,,,,,,,
front_end,4316875.968313888,True,icp_accepted,2510,1.0,0.07878844506502793,14.211553003406152,8.065745001658797,5.834942989167757,2.034131990512833,1,0,0,,,,,,,,,,,,,,local_map_fast,False,12,4586,0,False,False,False,,,,inactive,,,,,,,,,,
front_end,4316876.06844544,True,icp_accepted,2530,1.0,0.08201344701864134,15.50686699920334,8.932583994464949,6.32820998725947,1.773102005245164,1,0,0,,,,,,,,,,,,,,local_map_fast,False,12,4586,0,False,False,False,,,,inactive,,,,,,,,,,
front_end,4316876.168402048,True,icp_accepted,2469,1.0,0.08176200804987092,14.12355799402576,7.398040994303301,4.942988001857884,1.649498997721821,1,0,0,,,,,,,,,,,,,,local_map_fast,False,12,4586,0,False,False,False,,,,inactive,,,,,,,,,,
front_end,4316876.268309504,True,icp_accepted,2589,1.0,0.08464864452365463,14.640948997111991,8.320834007463418,6.038626990630291,1.8020360002992675,1,0,0,,,,,,,,,,,,,,local_map_fast,False,12,4586,0,False,False,False,,,,inactive,,,,,,,,,,
front_end,4316876.36832992,True,icp_accepted,2628,1.0,0.08867770124722878,16.110130003653467,8.065173999057151,5.842468002811074,2.250197998364456,1,0,0,,,,,,,,,,,,,,local_map_fast,True,12,4747,0,False,False,False,,,,inactive,,,,,,,,,,
front_end,4316876.468289536,True,icp_accepted,2606,1.0,0.0676423873748503,14.566669997293502,8.110178998322226,5.838661003508605,2.0569249900290743,1,0,0,,,,,,,,,,,,,,local_map_fast,False,12,4747,0,False,False,False,,,,inactive,,,,,,,,,,
front_end,4316876.568261888,True,icp_accepted,2513,1.0,0.07003215604203113,17.081475001759827,10.21561499510426,6.739873992046341,2.2264639992499724,1,0,0,,,,,,,,,,,,,,local_map_fast,False,12,4747,0,False,False,False,,,,inactive,,,,,,,,,,
front_end,4316876.668410016,True,icp_accepted,2538,1.0,0.0673721314613593,16.10672399692703,9.118813992245123,6.50733700604178,2.0559330005198717,1,0,0,,,,,,,,,,,,,,local_map_fast,False,12,4747,0,False,False,False,,,,inactive,,,,,,,,,,
front_end,4316876.768262432,True,icp_accepted,2649,1.0,0.06729639427616743,16.217632000916637,9.378100992762484,6.36914798815269,1.8038000125670806,1,0,0,,,,,,,,,,,,,,local_map_fast,False,12,4747,0,False,False,False,,,,inactive,,,,,,,,,,
front_end,4316876.86832128,True,icp_accepted,2565,1.0,0.07207962286880243,15.560717991320416,8.5851210023975,6.037653991370462,1.9874139979947358,1,0,0,,,,,,,,,,,,,,local_map_fast,False,12,4747,0,False,False,False,,,,inactive,,,,,,,,,,
front_end,4316876.968411136,True,icp_accepted,2571,1.0,0.07353694272094936,17.481336995842867,10.204794991295785,7.836514007067308,2.4411870108451694,1,0,0,,,,,,,,,,,,,,local_map_fast,False,12,4747,0,False,False,False,,,,inactive,,,,,,,,,,
front_end,4316877.068409312,True,icp_accepted,2539,1.0,0.0755432402612817,14.082099005463533,8.192683002562262,5.985837007756345,1.8449869967298582,1,0,0,,,,,,,,,,,,,,local_map_fast,False,12,4747,0,False,False,False,,,,inactive,,,,,,,,,,
front_end,4316877.168312384,True,icp_accepted,2561,1.0,0.08303041132610131,15.73914299660828,9.429126992472447,6.763397992472164,1.7008459981298074,1,0,0,,,,,,,,,,,,,,local_map_fast,False,12,4747,0,False,False,False,,,,inactive,,,,,,,,,,
front_end,4316877.2684712,True,icp_accepted,2565,1.0,0.08434156875220525,15.559285006020218,9.114365006098524,6.470538006396964,2.068777001113631,1,0,0,,,,,,,,,,,,,,local_map_fast,False,12,4747,0,False,False,False,,,,inactive,,,,,,,,,,
front_end,4316877.368239584,True,icp_accepted,2549,1.0,0.08181878555193044,14.56807300564833,7.501575004425831,5.326749000232667,2.4754010082688183,1,0,0,,,,,,,,,,,,,,local_map_fast,False,12,4747,0,False,False,False,,,,inactive,,,,,,,,,,
front_end,4316877.468334144,True,icp_accepted,2539,1.0,0.08653094524202506,18.200888007413596,8.998427001642995,6.492929998785257,2.4017229879973456,1,0,0,,,,,,,,,,,,,,local_map_fast,False,12,4747,0,False,False,False,,,,inactive,,,,,,,,,,
front_end,4316877.568372128,True,icp_accepted,2515,1.0,0.0934540460067967,32.64606099401135,15.126882994081825,12.568185004056431,8.965194996562786,1,0,0,,,,,,,,,,,,,,local_map_fast,True,12,4976,0,False,False,False,,,,inactive,,,,,,,,,,
front_end,4316877.668261536,True,icp_accepted,2504,1.0,0.06493685571505729,23.671689006732777,11.631715999101289,9.198012994602323,4.872364006587304,1,0,0,,,,,,,,,,,,,,local_map_fast,False,12,4976,0,False,False,False,,,,inactive,,,,,,,,,,
front_end,4316877.768312864,True,icp_accepted,2586,1.0,0.06720332471608072,22.164005000377074,12.073746009264141,9.479771993937902,4.733013003715314,1,0,0,,,,,,,,,,,,,,local_map_fast,False,12,4976,0,False,False,False,,,,inactive,,,,,,,,,,
optimized_backend,,,,,,,,,,,,,,,,,,,,,,,,,,,,,,,,,,,,,,,,,61,62,2,,,,pose_graph,True
front_end,4316877.868426432,True,icp_accepted,2524,1.0,0.06993789239345176,21.48042101180181,13.04796700424049,9.862371007329784,3.8339839957188815,1,0,0,,,,,,,,,,,,,,local_map_fast,False,12,4976,0,False,False,False,,,,inactive,,,,,,,,,,
front_end,4316877.968345952,True,icp_accepted,2574,1.0,0.07138971770288591,15.758458990603685,8.454224996967241,6.114578995038755,2.526406999095343,1,0,0,,,,,,,,,,,,,,local_map_fast,False,12,4976,0,False,False,False,,,,inactive,,,,,,,,,,
front_end,4316878.068304096,True,icp_accepted,2492,1.0,0.07341552320402939,14.906890006386675,8.042352012125775,5.88387499738019,2.1609800023725256,1,0,0,,,,,,,,,,,,,,local_map_fast,False,12,4976,0,False,False,False,,,,inactive,,,,,,,,,,
front_end,4316878.168222944,True,icp_accepted,2562,1.0,0.07708521090946545,15.779969995492138,9.473240002989769,6.238611997105181,1.9027150119654834,1,0,0,,,,,,,,,,,,,,local_map_fast,False,12,4976,0,False,False,False,,,,inactive,,,,,,,,,,
front_end,4316878.26823808,True,icp_accepted,2542,1.0,0.07978693509474152,15.691324006184004,9.289415000239387,6.375168988597579,2.0733660057885572,1,0,0,,,,,,,,,,,,,,local_map_fast,False,12,4976,0,False,False,False,,,,inactive,,,,,,,,,,
front_end,4316878.368384192,True,icp_accepted,2541,1.0,0.07802748992248654,21.463519005919807,12.10947301296983,9.26744399475865,2.240078989416361,1,0,0,,,,,,,,,,,,,,local_map_fast,False,12,4976,0,False,False,False,,,,inactive,,,,,,,,,,
front_end,4316878.468366976,True,icp_accepted,2478,1.0,0.07656547613703599,17.166405988973565,9.744148992467672,6.259210000280291,2.4328209983650595,1,0,0,,,,,,,,,,,,,,local_map_fast,False,12,4976,0,False,False,False,,,,inactive,,,,,,,,,,
front_end,4316878.568281792,True,icp_accepted,2540,1.0,0.07832149036437733,16.90278999740258,9.769837008207105,7.435641004121862,2.6106559962499887,1,0,0,,,,,,,,,,,,,,local_map_fast,False,12,4976,0,False,False,False,,,,inactive,,,,,,,,,,
front_end,4316878.66830032,True,icp_accepted,2492,1.0,0.07745805306120816,14.816830997006036,8.577768006944098,5.610541993519291,1.753715012455359,1,0,0,,,,,,,,,,,,,,local_map_fast,False,12,4976,0,False,False,False,,,,inactive,,,,,,,,,,
front_end,4316878.768233664,True,icp_accepted,2507,1.0,0.07949468626245709,14.71723300346639,8.093035998172127,5.964347001281567,1.8508680077502504,1,0,0,,,,,,,,,,,,,,local_map_fast,False,12,4976,0,False,False,False,,,,inactive,,,,,,,,,,
front_end,4316878.868381184,True,icp_accepted,2502,1.0,0.08395739195071995,17.870408002636395,7.84231600118801,5.709267992642708,2.229038000223227,1,0,0,,,,,,,,,,,,,,local_map_fast,True,12,5205,0,False,False,False,,,,inactive,,,,,,,,,,
front_end,4316878.968252384,True,icp_accepted,2482,1.0,0.0655617296300663,14.425966000999324,8.338667990756221,5.724196002120152,1.8707249982981011,1,0,0,,,,,,,,,,,,,,local_map_fast,False,12,5205,0,False,False,False,,,,inactive,,,,,,,,,,
front_end,4316879.06824048,True,icp_accepted,2576,1.0,0.06672069007447191,14.74988400877919,7.997537002665922,5.885598991881125,1.8960929883178324,1,0,0,,,,,,,,,,,,,,local_map_fast,False,12,5205,0,False,False,False,,,,inactive,,,,,,,,,,
front_end,4316879.16834416,True,icp_accepted,2526,1.0,0.06803743730555584,13.877093995688483,7.448644988471642,5.028949002735317,1.870455002062954,1,0,0,,,,,,,,,,,,,,local_map_fast,False,12,5205,0,False,False,False,,,,inactive,,,,,,,,,,
front_end,4316879.268307168,True,icp_accepted,2583,1.0,0.06975943061856608,15.562640997814015,8.727729000383988,6.159443000797182,1.8951009988086298,1,0,0,,,,,,,,,,,,,,local_map_fast,False,12,5205,0,False,False,False,,,,inactive,,,,,,,,,,
front_end,4316879.368266112,True,icp_accepted,2562,1.0,0.06797003752239643,15.435231995070353,8.567447992390953,5.937645997619256,2.554449994931929,1,0,0,,,,,,,,,,,,,,local_map_fast,False,12,5205,0,False,False,False,,,,inactive,,,,,,,,,,
front_end,4316879.468281728,True,icp_accepted,2562,1.0,0.07025833439718457,15.820446002180688,8.61854400136508,5.937184992944822,2.3599639971507713,1,0,0,,,,,,,,,,,,,,local_map_fast,False,12,5205,0,False,False,False,,,,inactive,,,,,,,,,,
front_end,4316879.568319872,True,icp_accepted,2563,1.0,0.0707704806240305,16.215088005992584,9.588146000169218,6.303424001089297,2.1359329984989017,1,0,0,,,,,,,,,,,,,,local_map_fast,False,12,5205,0,False,False,False,,,,inactive,,,,,,,,,,
front_end,4316879.668258432,True,icp_accepted,2595,1.0,0.07175904504167481,15.511314995819703,9.17202400160022,5.757979000918567,1.855706999776885,1,0,0,,,,,,,,,,,,,,local_map_fast,False,12,5205,0,False,False,False,,,,inactive,,,,,,,,,,
front_end,4316879.768242784,True,icp_accepted,2605,1.0,0.07259982813086194,13.979768002172932,7.650234998436645,5.400997994001955,1.8063549941871315,1,0,0,,,,,,,,,,,,,,local_map_fast,False,12,5205,0,False,False,False,,,,inactive,,,,,,,,,,
front_end,4316879.86826192,True,icp_accepted,2591,1.0,0.07231717066246543,14.263941993704066,8.090190996881574,5.56475599296391,2.063406995148398,1,0,0,,,,,,,,,,,,,,local_map_fast,False,12,5205,0,False,False,False,,,,inactive,,,,,,,,,,
front_end,4316879.96826928,True,icp_accepted,2581,1.0,0.07554679226369769,14.80454699776601,8.605969997006468,6.12637099402491,2.1731329907197505,1,0,0,,,,,,,,,,,,,,local_map_fast,False,12,5205,0,False,False,False,,,,inactive,,,,,,,,,,
front_end,4316880.068380096,True,icp_accepted,2559,1.0,0.07848072604830361,16.585464007221162,7.9650660045444965,5.865580998943187,2.063086998532526,1,0,0,,,,,,,,,,,,,,local_map_fast,False,12,5205,0,False,False,False,,,,inactive,,,,,,,,,,
front_end,4316880.168255616,True,icp_accepted,2587,1.0,0.08253229889821509,35.256204995675944,14.148374000797048,9.45122899429407,8.399320999160409,1,0,0,,,,,,,,,,,,,,local_map_fast,True,12,5444,0,False,False,False,,,,inactive,,,,,,,,,,
front_end,4316880.268197184,True,icp_accepted,2566,1.0,0.06359037080025716,25.269681005738676,11.027711007045582,8.474943999317475,7.512937008868903,1,0,0,,,,,,,,,,,,,,local_map_fast,False,12,5444,0,False,False,False,,,,inactive,,,,,,,,,,
front_end,4316880.368195136,True,icp_accepted,2569,1.0,0.06475481949345019,23.59520499885548,9.537581005133688,7.017546013230458,7.976777997100726,1,0,0,,,,,,,,,,,,,,local_map_fast,False,12,5444,0,False,False,False,,,,inactive,,,,,,,,,,
optimized_backend,,,,,,,,,,,,,,,,,,,,,,,,,,,,,,,,,,,,,,,,,62,64,3,,,,pose_graph,True
front_end,4316880.468270336,True,icp_accepted,2622,1.0,0.06799043577166257,18.856731010600924,11.050884000724182,8.42355701024644,2.5408240035176277,1,0,0,,,,,,,,,,,,,,local_map_fast,False,12,5444,0,False,False,False,,,,inactive,,,,,,,,,,
front_end,4316880.568180928,True,icp_accepted,2596,1.0,0.07161683091606451,16.50051400065422,9.63231899368111,6.580525005119853,2.3945690045366064,1,0,0,,,,,,,,,,,,,,local_map_fast,False,12,5444,0,False,False,False,,,,inactive,,,,,,,,,,
front_end,4316880.66828,True,icp_accepted,2593,1.0,0.07296143182464085,14.964387999498285,8.029186996282078,5.753220000769943,1.7139499977929518,1,0,0,,,,,,,,,,,,,,local_map_fast,False,12,5444,0,False,False,False,,,,inactive,,,,,,,,,,
front_end,4316880.768224896,True,icp_accepted,2598,1.0,0.07146380565423854,14.555518995621242,8.546277997083962,6.115992000559345,1.9365490006748587,1,0,0,,,,,,,,,,,,,,local_map_fast,False,12,5444,0,False,False,False,,,,inactive,,,,,,,,,,
front_end,4316880.868345152,True,icp_accepted,2657,1.0,0.07245710766244885,19.050625996896997,11.94870199833531,9.653116998379119,2.0698190055554733,1,0,0,,,,,,,,,,,,,,local_map_fast,False,12,5444,0,False,False,False,,,,inactive,,,,,,,,,,
front_end,4316880.968308416,True,icp_accepted,2621,1.0,0.07490869256729217,16.596073008258827,8.455888004391454,5.899415002204478,2.9737369914073497,1,0,0,,,,,,,,,,,,,,local_map_fast,False,12,5444,0,False,False,False,,,,inactive,,,,,,,,,,
front_end,4316881.068171232,True,icp_accepted,2638,1.0,0.0773673588447281,14.647210991824977,7.859546996769495,5.683309005689807,2.210522987297736,1,0,0,,,,,,,,,,,,,,local_map_fast,False,12,5444,0,False,False,False,,,,inactive,,,,,,,,,,
front_end,4316881.168311104,True,icp_accepted,2691,1.0,0.07865012709558789,17.712260989355855,10.261711999191903,7.680891998461448,2.7857340028276667,1,0,0,,,,,,,,,,,,,,local_map_fast,False,12,5444,0,False,False,False,,,,inactive,,,,,,,,,,
front_end,4316881.268301376,True,icp_accepted,2659,1.0,0.07987039660354919,19.366760010598227,10.01058000838384,6.2178530060919,2.571852004621178,1,0,0,,,,,,,,,,,,,,local_map_fast,True,12,5587,0,False,False,False,,,,inactive,,,,,,,,,,
front_end,4316881.36822672,True,icp_accepted,2619,1.0,0.06660296577309958,15.46230299572926,8.391267008846626,6.253981002373621,2.353292002226226,1,0,0,,,,,,,,,,,,,,local_map_fast,False,12,5587,0,False,False,False,,,,inactive,,,,,,,,,,
front_end,4316881.468341216,True,icp_accepted,2687,1.0,0.07256719816522868,15.441142997588031,7.936752997920848,5.825906991958618,2.467065001837909,1,0,0,,,,,,,,,,,,,,local_map_fast,False,12,5587,0,False,False,False,,,,inactive,,,,,,,,,,
front_end,4316881.568292512,True,icp_accepted,2684,1.0,0.07701591209796409,18.41633301228285,10.710214002756402,7.8647170012118295,3.0230099946493283,1,0,0,,,,,,,,,,,,,,local_map_fast,False,12,5587,0,False,False,False,,,,inactive,,,,,,,,,,
front_end,4316881.668186016,True,icp_accepted,2722,1.0,0.07704051998898051,15.321858998504467,8.872109989169985,6.121041005826555,2.0152659999439493,1,0,0,,,,,,,,,,,,,,local_map_fast,False,12,5587,0,False,False,False,,,,inactive,,,,,,,,,,
front_end,4316881.768149152,True,icp_accepted,2671,1.0,0.07428514808799237,15.037585006211884,7.985645002918318,5.8249639987479895,2.0316669979365543,1,0,0,,,,,,,,,,,,,,local_map_fast,False,12,5587,0,False,False,False,,,,inactive,,,,,,,,,,
front_end,4316881.86824656,True,icp_accepted,2769,1.0,0.07446059997895403,15.234594990033656,8.131668990245089,6.000724999466911,2.26589800149668,1,0,0,,,,,,,,,,,,,,local_map_fast,False,12,5587,0,False,False,False,,,,inactive,,,,,,,,,,
front_end,4316881.968221984,True,icp_accepted,2679,1.0,0.07509915991909309,15.204317998723127,8.212852000724524,6.085054003051482,2.5740669952938333,1,0,0,,,,,,,,,,,,,,local_map_fast,False,12,5587,0,False,False,False,,,,inactive,,,,,,,,,,
front_end,4316882.068345152,True,icp_accepted,2680,1.0,0.07956156906407538,15.698155999416485,8.414030002313666,6.1090890085324645,2.2099820052972063,1,0,0,,,,,,,,,,,,,,local_map_fast,False,12,5587,0,False,False,False,,,,inactive,,,,,,,,,,
front_end,4316882.168306272,True,icp_accepted,2768,1.0,0.08448052342710985,14.96440799382981,8.120437996694818,5.810177011881024,2.167443002690561,1,0,0,,,,,,,,,,,,,,local_map_fast,False,12,5587,0,False,False,False,,,,inactive,,,,,,,,,,
front_end,4316882.268272608,True,icp_accepted,2715,1.0,0.08480536529845391,15.148873993894085,8.044945992878638,5.838581011630595,2.4114920088322833,1,0,0,,,,,,,,,,,,,,local_map_fast,False,12,5587,0,False,False,False,,,,inactive,,,,,,,,,,
front_end,4316882.368273312,True,icp_accepted,2680,1.0,0.08619674972321885,35.12285499891732,12.16849400952924,8.958442995208316,10.456397008965723,1,0,0,,,,,,,,,,,,,,local_map_fast,True,12,5712,0,False,False,False,,,,inactive,,,,,,,,,,
front_end,4316882.468201664,True,icp_accepted,2742,1.0,0.06570602008580359,28.981615003431216,12.103140994440764,9.459303997573443,9.809883005800657,1,0,0,,,,,,,,,,,,,,local_map_fast,False,12,5712,0,False,False,False,,,,inactive,,,,,,,,,,
front_end,4316882.568255904,True,icp_accepted,2770,1.0,0.07180463358075191,25.29581999988295,12.576421009725891,9.52672999119386,6.386851004208438,1,0,0,,,,,,,,,,,,,,local_map_fast,False,12,5712,0,False,False,False,,,,inactive,,,,,,,,,,
front_end,4316882.668278752,True,icp_accepted,2789,1.0,0.07276314582989303,26.11665199219715,13.037967990385368,10.066824994282797,7.583359009004198,1,0,0,,,,,,,,,,,,,,local_map_fast,False,12,5712,0,False,False,False,,,,inactive,,,,,,,,,,
optimized_backend,,,,,,,,,,,,,,,,,,,,,,,,,,,,,,,,,,,,,,,,,63,66,4,,,,pose_graph,True
front_end,4316882.768325568,True,icp_accepted,2729,1.0,0.06942050590724881,18.891336003434844,10.898688007728197,8.04023799719289,2.953479008283466,1,0,0,,,,,,,,,,,,,,local_map_fast,False,12,5712,0,False,False,False,,,,inactive,,,,,,,,,,
front_end,4316882.868232544,True,icp_accepted,2761,1.0,0.0703701074096412,17.04815299308393,9.192051002173685,6.340232997899875,2.6842540100915357,1,0,0,,,,,,,,,,,,,,local_map_fast,False,12,5712,0,False,False,False,,,,inactive,,,,,,,,,,
front_end,4316882.968189536,True,icp_accepted,2767,1.0,0.06957347055917223,18.02798300923314,9.336301998700947,6.08061499951873,2.5694380019558594,1,0,0,,,,,,,,,,,,,,local_map_fast,False,12,5712,0,False,False,False,,,,inactive,,,,,,,,,,
front_end,4316883.068133056,True,icp_accepted,2659,1.0,0.06766939014260825,15.59954100230243,8.66061300621368,6.139125005574897,2.1143330086488277,1,0,0,,,,,,,,,,,,,,local_map_fast,False,12,5712,0,False,False,False,,,,inactive,,,,,,,,,,
front_end,4316883.168274688,True,icp_accepted,2723,1.0,0.07433501958949407,16.450288996566087,9.322275989688933,6.5329950011800975,2.4293649912578985,1,0,0,,,,,,,,,,,,,,local_map_fast,False,12,5712,0,False,False,False,,,,inactive,,,,,,,,,,
front_end,4316883.268306656,True,icp_accepted,2776,1.0,0.08026160586286199,15.509502001805231,8.838267007376999,6.122755003161728,2.297897997777909,1,0,0,,,,,,,,,,,,,,local_map_fast,False,12,5712,0,False,False,False,,,,inactive,,,,,,,,,,
front_end,4316883.368234752,True,icp_accepted,2800,1.0,0.0800460415639864,16.487729997606948,7.445710987667553,5.282245008856989,2.6844240055652335,1,0,0,,,,,,,,,,,,,,local_map_fast,True,12,5809,0,False,False,False,,,,inactive,,,,,,,,,,
front_end,4316883.468194784,True,icp_accepted,2712,1.0,0.06385307345578738,15.136861999053508,8.016742998734117,5.835153991938569,2.8636909992201254,1,0,0,,,,,,,,,,,,,,local_map_fast,False,12,5809,0,False,False,False,,,,inactive,,,,,,,,,,
front_end,4316883.568254816,True,icp_accepted,2703,1.0,0.06840068217759698,14.84430200071074,7.9216849990189075,5.746827999246307,2.243374998215586,1,0,0,,,,,,,,,,,,,,local_map_fast,False,12,5809,0,False,False,False,,,,inactive,,,,,,,,,,
front_end,4316883.668221184,True,icp_accepted,2728,1.0,0.06931100606300386,17.395045011653565,9.331975001259707,6.629866998991929,2.3274330014828593,1,0,0,,,,,,,,,,,,,,local_map_fast,False,12,5809,0,False,False,False,,,,inactive,,,,,,,,,,
front_end,4316883.768225024,True,icp_accepted,2734,1.0,0.06661455527738669,16.091135010356084,8.95267199666705,6.195171008585021,2.1757679933216423,1,0,0,,,,,,,,,,,,,,local_map_fast,False,12,5809,0,False,False,False,,,,inactive,,,,,,,,,,
front_end,4316883.86812928,True,icp_accepted,2708,1.0,0.07394928075599316,15.532814999460243,7.997416993021034,5.806289002066478,3.065440003410913,1,0,0,,,,,,,,,,,,,,local_map_fast,False,12,5809,0,False,False,False,,,,inactive,,,,,,,,,,
front_end,4316883.968178528,True,icp_accepted,2673,0.9992517770295548,0.08636349630854422,14.834483998129144,7.3056969995377585,5.136031002621166,2.8527499962365255,1,0,0,,,,,,,,,,,,,,local_map_fast,False,12,5809,0,False,False,False,,,,inactive,,,,,,,,,,
front_end,4316884.068222304,True,icp_accepted,2742,0.99963530269876,0.10189792896786273,15.443147989572026,8.003789000213146,5.849831999512389,2.635833006934263,1,0,0,,,,,,,,,,,,,,local_map_fast,False,12,5809,0,False,False,False,,,,inactive,,,,,,,,,,
front_end,4316884.168171424,True,icp_accepted,2806,0.9960798289379901,0.11267333539262131,15.118898008950055,7.844459003536031,5.6636210065335035,2.3858729982748628,1,0,0,,,,,,,,,,,,,,local_map_fast,False,12,5809,0,False,False,False,,,,inactive,,,,,,,,,,
front_end,4316884.268151584,True,icp_accepted,2747,0.9941754641427011,0.1193246255361914,16.82846000767313,8.398339996347204,5.811800001538359,2.7927169867325574,1,0,0,,,,,,,,,,,,,,local_map_fast,False,12,5809,0,False,False,False,,,,inactive,,,,,,,,,,
front_end,4316884.368210464,True,icp_accepted,2841,0.9950721576909539,0.11572154317742792,36.767975994735025,10.782048993860371,8.190068998374045,16.383925001719035,1,0,0,,,,,,,,,,,,,,local_map_fast,True,12,6023,0,False,False,False,,,,inactive,,,,,,,,,,
front_end,4316884.468216928,True,icp_accepted,2771,1.0,0.07464972591723176,33.56081899255514,15.002158004790545,11.008544999640435,8.114116004435346,1,0,0,,,,,,,,,,,,,,local_map_fast,False,12,6023,0,False,False,False,,,,inactive,,,,,,,,,,
front_end,4316884.568202304,True,icp_accepted,2797,1.0,0.08421670992102095,31.717625999590382,16.11441798740998,13.493523991201073,5.8060890005435795,1,0,0,,,,,,,,,,,,,,local_map_fast,False,12,6023,0,False,False,False,,,,inactive,,,,,,,,,,
front_end,4316884.668201216,True,icp_accepted,2841,1.0,0.09190202946705299,27.52085099928081,11.132378000183962,8.550375001505017,8.449425993603654,1,0,0,,,,,,,,,,,,,,local_map_fast,False,12,6023,0,False,False,False,,,,inactive,,,,,,,,,,
optimized_backend,,,,,,,,,,,,,,,,,,,,,,,,,,,,,,,,,,,,,,,,,64,68,5,,,,pose_graph,True
front_end,4316884.768114688,True,icp_accepted,2911,0.9996564754379939,0.1023206074101307,20.205255001201294,9.256181991077028,6.2808410002617165,2.6531449984759092,1,0,0,,,,,,,,,,,,,,local_map_fast,False,12,6023,0,False,False,False,,,,inactive,,,,,,,,,,
front_end,4316884.868097024,True,icp_accepted,2850,1.0,0.10287109971141013,16.704748006304726,9.19421500293538,6.249773010495119,3.263261998654343,1,0,0,,,,,,,,,,,,,,local_map_fast,False,12,6023,0,False,False,False,,,,inactive,,,,,,,,,,
front_end,4316884.968235328,True,icp_accepted,3006,0.9993346640053227,0.12492016275108367,17.75654400989879,8.036580009502359,5.856545001734048,3.0040440033189952,1,0,0,,,,,,,,,,,,,,local_map_fast,False,12,6023,0,False,False,False,,,,inactive,,,,,,,,,,
front_end,4316885.06813136,True,icp_accepted,2944,0.998641304347826,0.127305918088161,15.106124003068544,7.840182006475516,5.668020006851293,2.641683997353539,1,0,0,,,,,,,,,,,,,,local_map_fast,False,12,6023,0,False,False,False,,,,inactive,,,,,,,,,,
front_end,4316885.168183872,True,icp_accepted,3025,1.0,0.15072810876835765,14.678229999844916,7.403811003314331,5.155707010999322,2.836039013345726,1,0,0,,,,,,,,,,,,,,local_map_fast,False,12,6023,0,False,False,False,,,,inactive,,,,,,,,,,
front_end,4316885.268117056,True,icp_accepted,3016,1.0,0.13831295315806763,16.221500001847744,8.21053700929042,5.977992987027392,3.0016499949852005,1,0,0,,,,,,,,,,,,,,local_map_fast,False,12,6023,0,False,False,False,,,,inactive,,,,,,,,,,
front_end,4316885.368092832,True,icp_accepted,2996,0.9996662216288384,0.1364982684089616,17.420682997908443,7.87149099051021,5.704919007257558,2.8297669923631474,1,0,0,,,,,,,,,,,,,,local_map_fast,True,12,6266,0,False,False,False,,,,inactive,,,,,,,,,,
front_end,4316885.468155008,True,icp_accepted,3071,1.0,0.08166453325323482,17.227449992788024,8.723360995645635,6.264351002755575,3.744816000107676,1,0,0,,,,,,,,,,,,,,local_map_fast,False,12,6266,0,False,False,False,,,,inactive,,,,,,,,,,
front_end,4316885.568217088,True,icp_accepted,2947,1.0,0.08050259257094695,17.066286993212998,9.17222400312312,6.65767899772618,2.3877769999671727,1,0,0,,,,,,,,,,,,,,local_map_fast,False,12,6266,0,False,False,False,,,,inactive,,,,,,,,,,
front_end,4316885.66829632,True,icp_accepted,3067,1.0,0.09547918622047412,15.735326000140049,8.201260003261268,5.990726000163704,2.9920009983470663,1,0,0,,,,,,,,,,,,,,local_map_fast,False,12,6266,0,False,False,False,,,,inactive,,,,,,,,,,
front_end,4316885.768190912,True,icp_accepted,2993,1.0,0.08537534497265271,14.632172998972237,7.372312000370584,5.188488998101093,2.677811004105024,1,0,0,,,,,,,,,,,,,,local_map_fast,False,12,6266,0,False,False,False,,,,inactive,,,,,,,,,,
front_end,4316885.868055488,True,icp_accepted,3050,1.0,0.08909457984783539,16.964375987299718,9.222859996953048,6.146387997432612,3.03385998995509,1,0,0,,,,,,,,,,,,,,local_map_fast,False,12,6266,0,False,False,False,,,,inactive,,,,,,,,,,
front_end,4316885.968079264,True,icp_accepted,3147,1.0,0.10041343480879726,15.82724899344612,8.140716992784292,5.915294008445926,3.1568420090479776,1,0,0,,,,,,,,,,,,,,local_map_fast,False,12,6266,0,False,False,False,,,,inactive,,,,,,,,,,
front_end,4316886.068127392,True,icp_accepted,2993,1.0,0.10719403518136034,15.45035099843517,8.534396009054035,5.926354991970584,2.6791839918587357,1,0,0,,,,,,,,,,,,,,local_map_fast,False,12,6266,0,False,False,False,,,,inactive,,,,,,,,,,
front_end,4316886.168096256,True,icp_accepted,3157,1.0,0.117644359981722,16.936793996137567,8.173779002390802,5.985627009067684,3.923361000488512,1,0,0,,,,,,,,,,,,,,local_map_fast,False,12,6266,0,False,False,False,,,,inactive,,,,,,,,,,
front_end,4316886.2716232,True,icp_accepted,3068,1.0,0.12157426597883154,16.211241003475152,7.937774993479252,5.770723000750877,2.8614870097953826,1,0,0,,,,,,,,,,,,,,local_map_fast,False,12,6266,0,False,False,False,,,,inactive,,,,,,,,,,
front_end,4316886.368213056,True,icp_accepted,3161,1.0,0.1069425188709829,38.49163500126451,19.291779011837207,14.468556008068845,9.042731006047688,1,0,0,,,,,,,,,,,,,,local_map_fast,True,12,6428,0,False,False,False,,,,inactive,,,,,,,,,,
front_end,4316886.4680776,True,icp_accepted,3114,1.0,0.07325475706405404,23.983924998901784,10.234050001599826,7.708834993536584,7.4424339982215315,1,0,0,,,,,,,,,,,,,,local_map_fast,False,12,6428,0,False,False,False,,,,inactive,,,,,,,,,,
front_end,4316886.568090848,True,icp_accepted,3131,1.0,0.08108479548885655,26.713683997513726,15.791290992638096,13.298927995492704,4.907310998532921,1,0,0,,,,,,,,,,,,,,local_map_fast,False,12,6428,0,False,False,False,,,,inactive,,,,,,,,,,
front_end,4316886.668129632,True,icp_accepted,3094,1.0,0.08210237878891576,22.55207499547396,10.48640398948919,7.9519120045006275,6.509530998300761,1,0,0,,,,,,,,,,,,,,local_map_fast,False,12,6428,0,False,False,False,,,,inactive,,,,,,,,,,
optimized_backend,,,,,,,,,,,,,,,,,,,,,,,,,,,,,,,,,,,,,,,,,65,70,6,,,,pose_graph,True
front_end,4316886.768059008,True,icp_accepted,3027,1.0,0.075915724282194,17.0628299965756,9.086271995329298,6.1782690027030185,3.2055229967227206,1,0,0,,,,,,,,,,,,,,local_map_fast,False,12,6428,0,False,False,False,,,,inactive,,,,,,,,,,
front_end,4316886.868089632,True,icp_accepted,3187,1.0,0.08350779088789718,16.558784001972526,8.514468994690105,6.093108997447416,2.8769649943569675,1,0,0,,,,,,,,,,,,,,local_map_fast,False,12,6428,0,False,False,False,,,,inactive,,,,,,,,,,
front_end,4316886.968197152,True,icp_accepted,3195,1.0,0.0919276142785275,14.94477099913638,7.429801000398584,5.220850012847222,2.914056007284671,1,0,0,,,,,,,,,,,,,,local_map_fast,False,12,6428,0,False,False,False,,,,inactive,,,,,,,,,,
front_end,4316887.068038272,True,icp_accepted,3096,1.0,0.08953319081790341,17.24104498862289,8.139723999192938,5.930093000642955,3.3417289960198104,1,0,0,,,,,,,,,,,,,,local_map_fast,False,12,6428,0,False,False,False,,,,inactive,,,,,,,,,,
front_end,4316887.168026304,True,icp_accepted,3153,1.0,0.09534662624096171,15.357056006905623,8.737306998227723,5.935212000622414,2.0961990085197613,1,0,0,,,,,,,,,,,,,,local_map_fast,False,12,6428,0,False,False,False,,,,inactive,,,,,,,,,,
front_end,4316887.26816864,True,icp_accepted,3175,1.0,0.10431058792534309,14.973153010942042,7.834671007003635,5.6679700064705685,2.783510004519485,1,0,0,,,,,,,,,,,,,,local_map_fast,False,12,6428,0,False,False,False,,,,inactive,,,,,,,,,,
front_end,4316887.36808576,True,icp_accepted,3110,1.0,0.09446783745796215,18.11596899642609,8.322587993461639,5.972793005639687,2.6484370027901605,1,0,0,,,,,,,,,,,,,,local_map_fast,True,12,6612,0,False,False,False,,,,inactive,,,,,,,,,,
front_end,4316887.468044928,True,icp_accepted,3036,1.0,0.06922084368256308,17.635537005844526,9.19552800769452,6.353838994982652,3.45378000929486,1,0,0,,,,,,,,,,,,,,local_map_fast,False,12,6612,0,False,False,False,,,,inactive,,,,,,,,,,
front_end,4316887.568161504,True,icp_accepted,3127,1.0,0.07770465342450061,14.69271699897945,7.561958002042957,5.326016995240934,2.587522001704201,1,0,0,,,,,,,,,,,,,,local_map_fast,False,12,6612,0,False,False,False,,,,inactive,,,,,,,,,,
front_end,4316887.668102016,True,icp_accepted,3008,1.0,0.08067161677998036,17.365239007631317,9.72910100244917,6.829051999375224,3.0809790041530505,1,0,0,,,,,,,,,,,,,,local_map_fast,False,12,6612,0,False,False,False,,,,inactive,,,,,,,,,,
front_end,4316887.76800448,True,icp_accepted,3040,1.0,0.07720369188345028,16.808892993140034,9.22411200008355,6.4814090001164,2.849283002433367,1,0,0,,,,,,,,,,,,,,local_map_fast,False,12,6612,0,False,False,False,,,,inactive,,,,,,,,,,
front_end,4316887.867990528,True,icp_accepted,3010,1.0,0.07377981410059811,16.761815000791103,8.859977999236435,6.117223994806409,2.9403349908534437,1,0,0,,,,,,,,,,,,,,local_map_fast,False,12,6612,0,False,False,False,,,,inactive,,,,,,,,,,
front_end,4316887.96808608,True,icp_accepted,2975,1.0,0.078937171720051,17.472911000368185,9.841822000453249,6.660804996499792,2.6409720012452453,1,0,0,,,,,,,,,,,,,,local_map_fast,False,12,6612,0,False,False,False,,,,inactive,,,,,,,,,,
front_end,4316888.068140896,True,icp_accepted,3052,1.0,0.07717935056370948,17.082717997254804,9.220043997629546,6.185612000990659,2.7794229972641915,1,0,0,,,,,,,,,,,,,,local_map_fast,False,12,6612,0,False,False,False,,,,inactive,,,,,,,,,,
front_end,4316888.168165472,True,icp_accepted,3010,1.0,0.07483131234518964,14.349953009514138,7.256494005559944,5.094972992083058,2.20345999696292,1,0,0,,,,,,,,,,,,,,local_map_fast,False,12,6612,0,False,False,False,,,,inactive,,,,,,,,,,
front_end,4316888.268053856,True,icp_accepted,3194,1.0,0.08131485824436045,16.297321999445558,8.806026002275757,6.18582199967932,2.5628660077927634,1,0,0,,,,,,,,,,,,,,local_map_fast,False,12,6612,0,False,False,False,,,,inactive,,,,,,,,,,
front_end,4316888.36816288,True,icp_accepted,3086,1.0,0.07991994020415405,18.28971599752549,9.911262997775339,7.583618993521668,3.042766998987645,1,0,0,,,,,,,,,,,,,,local_map_fast,False,12,6612,0,False,False,False,,,,inactive,,,,,,,,,,
front_end,4316888.468166848,True,icp_accepted,2990,1.0,0.0802472105130759,30.272912001237273,13.43951199669391,10.161393001908436,8.987908004201017,1,0,0,,,,,,,,,,,,,,local_map_fast,False,12,6612,0,False,False,False,,,,inactive,,,,,,,,,,
front_end,4316888.568073984,True,icp_accepted,3018,1.0,0.08473925809175345,23.89896499516908,13.435475004371256,10.36556699546054,4.947696012095548,1,0,0,,,,,,,,,,,,,,local_map_fast,False,12,6612,0,False,False,False,,,,inactive,,,,,,,,,,
front_end,4316888.668063936,True,icp_accepted,3074,1.0,0.09049273558711382,23.008502001175657,10.669957991922274,8.110430004308,5.303034005919471,1,0,0,,,,,,,,,,,,,,local_map_fast,False,12,6612,0,False,False,False,,,,inactive,,,,,,,,,,
optimized_backend,,,,,,,,,,,,,,,,,,,,,,,,,,,,,,,,,,,,,,,,,66,72,7,,,,pose_graph,True
front_end,4316888.76814864,True,icp_accepted,3033,1.0,0.09142893278472046,14.433189004193991,7.55875300092157,5.24911200045608,2.4172020057449117,1,0,0,,,,,,,,,,,,,,local_map_fast,False,12,6612,0,False,False,False,,,,inactive,,,,,,,,,,
front_end,4316888.868071168,True,icp_accepted,2992,1.0,0.08532161495101627,15.10715599579271,8.037943000090308,5.683619994670153,2.179915987653658,1,0,0,,,,,,,,,,,,,,local_map_fast,False,12,6612,0,False,False,False,,,,inactive,,,,,,,,,,
front_end,4316888.968117216,True,icp_accepted,3048,1.0,0.08717178702636928,18.053310996037908,9.471425990341231,7.279217999894172,3.4593500022310764,1,0,0,,,,,,,,,,,,,,local_map_fast,False,12,6612,0,False,False,False,,,,inactive,,,,,,,,,,
front_end,4316889.068120128,True,icp_accepted,3049,1.0,0.09097967512167332,16.365810006391257,9.364044002722949,6.5207020088564605,2.1053260134067386,1,0,0,,,,,,,,,,,,,,local_map_fast,False,12,6612,0,False,False,False,,,,inactive,,,,,,,,,,
front_end,4316889.168007424,True,icp_accepted,3090,1.0,0.08827370735914113,17.708293002215214,8.181712997611612,5.787663991213776,2.19099699461367,1,0,0,,,,,,,,,,,,,,local_map_fast,True,12,6716,0,False,False,False,,,,inactive,,,,,,,,,,
front_end,4316889.268105792,True,icp_accepted,3125,1.0,0.0674273895697791,17.703695004456677,9.24959999974817,5.9456720046000555,3.0921700090402737,1,0,0,,,,,,,,,,,,,,local_map_fast,False,12,6716,0,False,False,False,,,,inactive,,,,,,,,,,
front_end,4316889.368134528,True,icp_accepted,3112,1.0,0.06854835360785212,19.259998996858485,10.244008008157834,7.529788999818265,2.824206996592693,1,0,0,,,,,,,,,,,,,,local_map_fast,False,12,6716,0,False,False,False,,,,inactive,,,,,,,,,,
front_end,4316889.46798608,True,icp_accepted,3054,1.0,0.06721765147163437,18.251052999403328,10.414457996375859,7.668920006835833,2.4191449920181185,1,0,0,,,,,,,,,,,,,,local_map_fast,False,12,6716,0,False,False,False,,,,inactive,,,,,,,,,,
front_end,4316889.568113696,True,icp_accepted,3019,1.0,0.06388659611971086,16.294357003062032,8.91806700383313,6.331666998448782,2.222565992269665,1,0,0,,,,,,,,,,,,,,local_map_fast,False,12,6716,0,False,False,False,,,,inactive,,,,,,,,,,
front_end,4316889.668054656,True,icp_accepted,3115,1.0,0.06756156746127193,17.079922996344976,9.421772992936894,6.561087997397408,2.098933997331187,1,0,0,,,,,,,,,,,,,,local_map_fast,False,12,6716,0,False,False,False,,,,inactive,,,,,,,,,,
front_end,4316889.768096544,True,icp_accepted,3055,1.0,0.07086015324365368,16.883935008081608,9.442783004487865,6.275712003116496,2.0935239881509915,1,0,0,,,,,,,,,,,,,,local_map_fast,False,12,6716,0,False,False,False,,,,inactive,,,,,,,,,,
front_end,4316889.86812432,True,icp_accepted,3074,1.0,0.06615888790203298,16.74034498864785,9.582715996657498,6.559344998095185,1.9221219990868121,1,0,0,,,,,,,,,,,,,,local_map_fast,False,12,6716,0,False,False,False,,,,inactive,,,,,,,,,,
front_end,4316889.96805216,True,icp_accepted,3120,1.0,0.06702001304233099,14.067080992390402,7.623363999300636,5.401208996772766,1.9068730034632608,1,0,0,,,,,,,,,,,,,,local_map_fast,False,12,6716,0,False,False,False,,,,inactive,,,,,,,,,,
front_end,4316890.06798928,True,icp_accepted,3068,1.0,0.07022734210871638,16.187315006391145,9.201880006003194,5.977591994451359,2.0141050044912845,1,0,0,,,,,,,,,,,,,,local_map_fast,False,12,6716,0,False,False,False,,,,inactive,,,,,,,,,,
front_end,4316890.167965312,True,icp_accepted,3129,1.0,0.06668859682845905,19.866707996698096,11.940986005356535,9.113452993915416,2.5034330028574914,1,0,0,,,,,,,,,,,,,,local_map_fast,False,12,6716,0,False,False,False,,,,inactive,,,,,,,,,,
front_end,4316890.2680392,True,icp_accepted,3066,1.0,0.06432445510891915,16.1459679948166,9.163789000012912,6.291211000643671,2.2349299979396164,1,0,0,,,,,,,,,,,,,,local_map_fast,False,12,6716,0,False,False,False,,,,inactive,,,,,,,,,,
front_end,4316890.368014336,True,icp_accepted,3150,1.0,0.06754864108793165,15.175534004811198,8.764798010815866,6.00025401217863,1.870344000053592,1,0,0,,,,,,,,,,,,,,local_map_fast,False,12,6716,0,False,False,False,,,,inactive,,,,,,,,,,
front_end,4316890.468085152,True,icp_accepted,3089,1.0,0.06883423218853749,16.639515000861138,9.028134008985944,6.41405199712608,2.1974590054014698,1,0,0,,,,,,,,,,,,,,local_map_fast,False,12,6716,0,False,False,False,,,,inactive,,,,,,,,,,
front_end,4316890.568018912,True,icp_accepted,3060,0.9990196078431373,0.06417614171253502,17.78726100747008,10.548570004175417,7.663640004466288,2.5516050081932917,1,0,0,,,,,,,,,,,,,,local_map_fast,False,12,6716,0,False,False,False,,,,inactive,,,,,,,,,,
front_end,4316890.668004064,True,icp_accepted,3076,1.0,0.06578978121363502,15.64259199949447,8.575343003030866,5.998972002998926,2.4249870039056987,1,0,0,,,,,,,,,,,,,,local_map_fast,False,12,6716,0,False,False,False,,,,inactive,,,,,,,,,,
front_end,4316890.767954048,True,icp_accepted,3031,1.0,0.06903441393797861,15.422008000314236,8.61972699931357,5.934521002927795,2.2820879967184737,1,0,0,,,,,,,,,,,,,,local_map_fast,False,12,6716,0,False,False,False,,,,inactive,,,,,,,,,,
front_end,4316890.867991008,True,icp_accepted,3068,1.0,0.0688433825574968,17.745703997206874,9.001663987874053,6.062561995349824,3.2379139884142205,1,0,0,,,,,,,,,,,,,,local_map_fast,False,12,6716,0,False,False,False,,,,inactive,,,,,,,,,,
front_end,4316890.967953984,True,icp_accepted,3101,1.0,0.06850742681739044,18.113325000740588,8.955486991908401,6.2468170071952045,3.163714995025657,1,0,0,,,,,,,,,,,,,,local_map_fast,False,12,6716,0,False,False,False,,,,inactive,,,,,,,,,,
front_end,4316891.068093792,True,icp_accepted,3100,1.0,0.06955139889125413,17.263026005821303,7.732498997938819,5.57510499493219,2.4674360029166564,1,0,0,,,,,,,,,,,,,,local_map_fast,True,12,6702,0,False,False,False,,,,inactive,,,,,,,,,,
front_end,4316891.16803776,True,icp_accepted,3103,1.0,0.06364620406767153,14.949279997381382,7.77938800456468,5.535610995138995,2.516858992748894,1,0,0,,,,,,,,,,,,,,local_map_fast,False,12,6702,0,False,False,False,,,,inactive,,,,,,,,,,
front_end,4316891.267928256,True,icp_accepted,3144,1.0,0.06398277317157837,16.312962005031295,8.880947003490292,6.161807992612012,2.1838329994352534,1,0,0,,,,,,,,,,,,,,local_map_fast,False,12,6702,0,False,False,False,,,,inactive,,,,,,,,,,
front_end,4316891.368116096,True,icp_accepted,3208,1.0,0.06326550940565019,35.68665399507154,16.169180991710164,13.269122995552607,12.710372000583448,1,0,0,,,,,,,,,,,,,,local_map_fast,False,12,6702,0,False,False,False,,,,inactive,,,,,,,,,,
front_end,4316891.468014368,True,icp_accepted,3192,1.0,0.0674056371794562,32.9545610002242,11.243206012295559,8.712851005839184,11.732906001270749,1,0,0,,,,,,,,,,,,,,local_map_fast,True,12,6714,0,False,False,False,,,,inactive,,,,,,,,,,
optimized_backend,,,,,,,,,,,,,,,,,,,,,,,,,,,,,,,,,,,,,,,,,67,74,8,,,,pose_graph,True
front_end,4316891.567993024,True,icp_accepted,3180,0.9987421383647799,0.06295720351503212,21.749655992607586,10.860485999728553,8.390604998567142,5.751317003159784,1,0,0,,,,,,,,,,,,,,local_map_fast,False,12,6714,0,False,False,False,,,,inactive,,,,,,,,,,
front_end,4316891.668057024,True,icp_accepted,3140,0.9977707006369426,0.06959037865603915,17.486567012383603,9.408549012732692,6.122564998804592,2.7527820057002828,1,0,0,,,,,,,,,,,,,,local_map_fast,False,12,6714,0,False,False,False,,,,inactive,,,,,,,,,,
front_end,4316891.76801984,True,icp_accepted,3080,0.999025974025974,0.07280895780537174,20.543420003377832,8.246735000284389,5.658020992996171,2.3125150037230924,1,0,0,,,,,,,,,,,,,,local_map_fast,True,12,6795,0,False,False,False,,,,inactive,,,,,,,,,,
front_end,4316891.867953248,True,icp_accepted,3099,1.0,0.06322466299987191,28.68752299400512,11.823615990579128,9.186720999423414,9.646906997659244,1,0,0,,,,,,,,,,,,,,local_map_fast,False,12,6795,0,False,False,False,,,,inactive,,,,,,,,,,
front_end,4316891.968102656,True,icp_accepted,3129,1.0,0.07366966364485822,33.53631299978588,11.377317001461051,8.734201997867785,11.233627999899909,1,0,0,,,,,,,,,,,,,,local_map_fast,False,12,6795,0,False,False,False,,,,inactive,,,,,,,,,,
optimized_backend,,,,,,,,,,,,,,,,,,,,,,,,,,,,,,,,,,,,,,,,,68,76,9,,,,pose_graph,True
front_end,4316892.067998496,True,icp_accepted,3084,0.9980544747081712,0.07645674632694285,26.366762991528958,13.740347989369184,9.795705002034083,3.1866969948168844,1,0,0,,,,,,,,,,,,,,local_map_fast,True,12,6722,0,False,False,False,,,,inactive,,,,,,,,,,
front_end,4316892.168093824,True,icp_accepted,3071,1.0,0.0661787851637041,17.48716799193062,8.778714996878989,6.027434996212833,2.585477996035479,1,0,0,,,,,,,,,,,,,,local_map_fast,False,12,6722,0,False,False,False,,,,inactive,,,,,,,,,,
front_end,4316892.267904032,True,icp_accepted,3084,1.0,0.06618616119806348,26.38368400221225,11.685997000313364,8.90320900361985,4.9757589877117425,1,0,0,,,,,,,,,,,,,,local_map_fast,False,12,6722,0,False,False,False,,,,inactive,,,,,,,,,,
front_end,4316892.36805424,True,icp_accepted,3110,1.0,0.06973450473016296,26.26581299409736,12.37509198836051,9.536298995953985,4.546933007077314,1,0,0,,,,,,,,,,,,,,local_map_fast,True,12,6670,0,False,False,False,,,,inactive,,,,,,,,,,
front_end,4316892.46792528,True,icp_accepted,2998,1.0,0.06932440467953817,31.183643004624173,14.299448012025096,11.742833987227641,9.814892007852904,1,0,0,,,,,,,,,,,,,,local_map_fast,False,12,6670,0,False,False,False,,,,inactive,,,,,,,,,,
optimized_backend,,,,,,,,,,,,,,,,,,,,,,,,,,,,,,,,,,,,,,,,,69,78,10,,,,pose_graph,True
front_end,4316892.56790624,True,icp_accepted,3077,1.0,0.0753627527835473,16.566007005167194,8.65119500667788,5.964247000520118,2.4267999979201704,1,0,0,,,,,,,,,,,,,,local_map_fast,False,12,6670,0,False,False,False,,,,inactive,,,,,,,,,,
front_end,4316892.667997472,True,icp_accepted,2984,1.0,0.08794786200883592,37.5962719990639,11.061985002015717,8.192684006644413,12.181839992990717,1,0,0,,,,,,,,,,,,,,local_map_fast,True,12,6645,0,False,False,False,,,,inactive,,,,,,,,,,
front_end,4316892.767963008,True,icp_accepted,3148,1.0,0.06232757896848351,23.642414002097212,12.335619001532905,9.595829993486404,4.18185799208004,1,0,0,,,,,,,,,,,,,,local_map_fast,False,12,6645,0,False,False,False,,,,inactive,,,,,,,,,,
front_end,4316892.867900832,True,icp_accepted,3160,1.0,0.06441042002866203,29.608823999296874,12.669535004533827,9.63136700738687,10.314781000488438,1,0,0,,,,,,,,,,,,,,local_map_fast,False,12,6645,0,False,False,False,,,,inactive,,,,,,,,,,
optimized_backend,,,,,,,,,,,,,,,,,,,,,,,,,,,,,,,,,,,,,,,,,70,80,11,,,,pose_graph,True
front_end,4316892.968066208,True,icp_accepted,3212,1.0,0.06796657997145651,21.950584996375255,8.128372995997779,5.7348160044057295,4.027106988360174,1,0,0,,,,,,,,,,,,,,local_map_fast,True,12,6530,0,False,False,False,,,,inactive,,,,,,,,,,
front_end,4316893.067907136,True,icp_accepted,3191,1.0,0.06060334018424128,29.11875299469102,16.096555002150126,13.512959994841367,6.673159005003981,1,0,0,,,,,,,,,,,,,,local_map_fast,False,12,6530,0,False,False,False,,,,inactive,,,,,,,,,,
front_end,4316893.167884352,True,icp_accepted,3092,1.0,0.06448894607412661,25.95674101030454,11.675908011966385,9.013646995299496,8.078078011749312,1,0,0,,,,,,,,,,,,,,local_map_fast,False,12,6530,0,False,False,False,,,,inactive,,,,,,,,,,
front_end,4316893.268013664,True,icp_accepted,3141,1.0,0.06463738107179155,24.162451009033248,11.315923009533435,8.58069300011266,3.6162949982099235,1,0,0,,,,,,,,,,,,,,local_map_fast,True,12,6395,0,False,False,False,,,,inactive,,,,,,,,,,
optimized_backend,,,,,,,,,,,,,,,,,,,,,,,,,,,,,,,,,,,,,,,,,71,82,12,,,,pose_graph,True
front_end,4316893.36799808,True,icp_accepted,3079,1.0,0.0604539380154157,16.9963359949179,8.90840899955947,5.879918011487462,2.3061929969117045,1,0,0,,,,,,,,,,,,,,local_map_fast,False,12,6395,0,False,False,False,,,,inactive,,,,,,,,,,
front_end,4316893.467998688,True,icp_accepted,3202,1.0,0.06619194324112773,38.9290259918198,14.042815993889235,11.466875992482528,17.974803995457478,1,0,0,,,,,,,,,,,,,,local_map_fast,False,12,6395,0,False,False,False,,,,inactive,,,,,,,,,,
front_end,4316893.56790208,True,icp_accepted,3183,1.0,0.06696306571885095,33.11615400889423,10.614304002956487,8.1630079948809,9.39422199735418,1,0,0,,,,,,,,,,,,,,local_map_fast,True,12,6241,0,False,False,False,,,,inactive,,,,,,,,,,
front_end,4316893.667861728,True,icp_accepted,3108,1.0,0.0619833423115415,35.32186901429668,16.17704601085279,13.495717998011969,12.273211003048345,1,0,0,,,,,,,,,,,,,,local_map_fast,False,12,6241,0,False,False,False,,,,inactive,,,,,,,,,,
optimized_backend,,,,,,,,,,,,,,,,,,,,,,,,,,,,,,,,,,,,,,,,,72,84,13,,,,pose_graph,True
front_end,4316893.76790624,True,icp_accepted,3134,1.0,0.06334615496448869,16.34720599395223,8.17191498936154,5.8931730018230155,2.5479269970674068,1,0,0,,,,,,,,,,,,,,local_map_fast,False,12,6241,0,False,False,False,,,,inactive,,,,,,,,,,
front_end,4316893.868049248,True,icp_accepted,3052,1.0,0.06278199609725964,14.820466996752657,7.876960007706657,5.745033995481208,1.9374300027266145,1,0,0,,,,,,,,,,,,,,local_map_fast,False,12,6241,0,False,False,False,,,,inactive,,,,,,,,,,
front_end,4316893.967873408,True,icp_accepted,3084,1.0,0.06264782390691447,29.251883999677375,10.549803002504632,8.014077990083024,9.394492008141242,1,0,0,,,,,,,,,,,,,,local_map_fast,True,12,6108,0,False,False,False,,,,inactive,,,,,,,,,,
front_end,4316894.067966464,True,icp_accepted,3023,1.0,0.058985716145301306,39.28662899124902,15.122173994313926,11.93418400362134,12.11357100692112,1,0,0,,,,,,,,,,,,,,local_map_fast,False,12,6108,0,False,False,False,,,,inactive,,,,,,,,,,
front_end,4316894.167977792,True,icp_accepted,2933,1.0,0.059745086751865094,18.60483801283408,9.79985400044825,7.208033988717943,2.9559740069089457,1,0,0,,,,,,,,,,,,,,local_map_fast,False,12,6108,0,False,False,False,,,,inactive,,,,,,,,,,
optimized_backend,,,,,,,,,,,,,,,,,,,,,,,,,,,,,,,,,,,,,,,,,73,86,14,,,,pose_graph,True
front_end,4316894.267899552,True,icp_accepted,2917,1.0,0.058733173185896395,16.29573899845127,9.344588004751131,6.469305997597985,2.0154769881628454,1,0,0,,,,,,,,,,,,,,local_map_fast,False,12,6108,0,False,False,False,,,,inactive,,,,,,,,,,
front_end,4316894.368033376,True,icp_accepted,2882,1.0,0.05995451249891579,16.671956007485278,9.273795003537089,6.045189002179541,1.989848999073729,1,0,0,,,,,,,,,,,,,,local_map_fast,False,12,6108,0,False,False,False,,,,inactive,,,,,,,,,,
front_end,4316894.467972224,True,icp_accepted,2913,1.0,0.06166927703444263,21.275766994222067,8.815183988190256,6.145125997136347,2.847720999852754,1,0,0,,,,,,,,,,,,,,local_map_fast,True,12,5953,0,False,False,False,,,,inactive,,,,,,,,,,
front_end,4316894.56787904,True,icp_accepted,2867,1.0,0.059239797035541136,39.48787599802017,19.232887992984615,16.41088600445073,12.599464011145756,1,0,0,,,,,,,,,,,,,,local_map_fast,False,12,5953,0,False,False,False,,,,inactive,,,,,,,,,,
front_end,4316894.668000672,True,icp_accepted,2917,1.0,0.060344633438126585,38.3193010056857,13.59026599675417,10.696118013584055,15.558013008558191,1,0,0,,,,,,,,,,,,,,local_map_fast,False,12,5953,0,False,False,False,,,,inactive,,,,,,,,,,
front_end,4316894.76800928,True,icp_accepted,2872,1.0,0.06177132989484711,26.16896099061705,9.742526002810337,7.263036997755989,7.103417010512203,1,0,0,,,,,,,,,,,,,,local_map_fast,False,12,5953,0,False,False,False,,,,inactive,,,,,,,,,,
optimized_backend,,,,,,,,,,,,,,,,,,,,,,,,,,,,,,,,,,,,,,,,,74,88,15,,,,pose_graph,True
front_end,4316894.867862016,True,icp_accepted,2906,1.0,0.06023598364017151,18.49510200554505,10.256221998133697,7.934788998682052,2.9247459897305816,1,0,0,,,,,,,,,,,,,,local_map_fast,False,12,5953,0,False,False,False,,,,inactive,,,,,,,,,,
front_end,4316894.968023936,True,icp_accepted,2868,1.0,0.05946797305942302,17.633613009820692,7.863285005441867,5.662640003720298,2.5690269976621494,1,0,0,,,,,,,,,,,,,,local_map_fast,False,12,5953,0,False,False,False,,,,inactive,,,,,,,,,,
front_end,4316895.067946624,True,icp_accepted,2909,1.0,0.05953983930869933,15.65363300323952,8.786018996033818,6.115700991358608,2.3775369918439537,1,0,0,,,,,,,,,,,,,,local_map_fast,False,12,5953,0,False,False,False,,,,inactive,,,,,,,,,,
front_end,4316895.167924192,True,icp_accepted,2916,1.0,0.05818874887424165,15.302982996217906,8.636578000732698,5.927678008447401,1.9337239937158301,1,0,0,,,,,,,,,,,,,,local_map_fast,False,12,5953,0,False,False,False,,,,inactive,,,,,,,,,,
front_end,4316895.267952,True,icp_accepted,2858,1.0,0.059321023020251606,15.769460005685687,8.786860009422526,6.160906006698497,1.787058004993014,1,0,0,,,,,,,,,,,,,,local_map_fast,False,12,5953,0,False,False,False,,,,inactive,,,,,,,,,,
front_end,4316895.367968768,True,icp_accepted,3000,1.0,0.058431641118197604,15.185712996753864,8.02160199964419,5.525111002498306,2.244436996988952,1,0,0,,,,,,,,,,,,,,local_map_fast,False,12,5953,0,False,False,False,,,,inactive,,,,,,,,,,
front_end,4316895.467873408,True,icp_accepted,2880,1.0,0.060662054809816075,16.938646993367,9.629573993152007,7.196411999757402,2.0822229998884723,1,0,0,,,,,,,,,,,,,,local_map_fast,False,12,5953,0,False,False,False,,,,inactive,,,,,,,,,,
front_end,4316895.568001248,True,icp_accepted,2862,1.0,0.06332650435224375,15.770191996125504,8.939376988564618,5.9543180104810745,2.1745550038758665,1,0,0,,,,,,,,,,,,,,local_map_fast,False,12,5953,0,False,False,False,,,,inactive,,,,,,,,,,
front_end,4316895.667903072,True,icp_accepted,2865,1.0,0.06347392988759631,16.214857998420484,8.812558997306041,6.104749991209246,2.222816998255439,1,0,0,,,,,,,,,,,,,,local_map_fast,False,12,5953,0,False,False,False,,,,inactive,,,,,,,,,,
front_end,4316895.767934656,True,icp_accepted,2841,1.0,0.06671836429543249,16.20940699649509,9.175099999993108,6.416275995434262,1.8568390078144148,1,0,0,,,,,,,,,,,,,,local_map_fast,False,12,5953,0,False,False,False,,,,inactive,,,,,,,,,,
front_end,4316895.867974528,True,icp_accepted,2935,1.0,0.06538352652604479,16.001005002181046,9.413317005964927,6.071958996471949,1.7592250078450888,1,0,0,,,,,,,,,,,,,,local_map_fast,False,12,5953,0,False,False,False,,,,inactive,,,,,,,,,,
front_end,4316895.967839872,True,icp_accepted,2868,1.0,0.061154660576266555,14.426177003770135,7.56086700130254,5.370120998122729,2.229810008429922,1,0,0,,,,,,,,,,,,,,local_map_fast,False,12,5953,0,False,False,False,,,,inactive,,,,,,,,,,
front_end,4316896.067938368,True,icp_accepted,2975,1.0,0.05998565086515971,16.197213990380988,8.827946992823854,6.03964900074061,2.1524040057556704,1,0,0,,,,,,,,,,,,,,local_map_fast,False,12,5953,0,False,False,False,,,,inactive,,,,,,,,,,
front_end,4316896.167814848,True,icp_accepted,2839,1.0,0.05914059684811148,16.281332005746663,8.700638005393557,5.95393699768465,2.337462006835267,1,0,0,,,,,,,,,,,,,,local_map_fast,False,12,5953,0,False,False,False,,,,inactive,,,,,,,,,,
front_end,4316896.267859104,True,icp_accepted,2999,1.0,0.058562734795196886,17.359418008709326,9.905452010571025,7.5654760003089905,2.7049219934269786,1,0,0,,,,,,,,,,,,,,local_map_fast,False,12,5953,0,False,False,False,,,,inactive,,,,,,,,,,
front_end,4316896.367844768,True,icp_accepted,3006,1.0,0.059124393915316126,15.531862998614088,8.724943996639922,6.131119997007772,2.129191008862108,1,0,0,,,,,,,,,,,,,,local_map_fast,False,12,5953,0,False,False,False,,,,inactive,,,,,,,,,,
front_end,4316896.467995936,True,icp_accepted,2899,1.0,0.05955442693860618,15.644505998352543,7.978772002388723,5.445372007670812,2.356978991883807,1,0,0,,,,,,,,,,,,,,local_map_fast,False,12,5953,0,False,False,False,,,,inactive,,,,,,,,,,
front_end,4316896.567875136,True,icp_accepted,3077,1.0,0.06327672960389318,17.649142013397068,9.007655011373572,6.508769001811743,2.7662080101436004,1,0,0,,,,,,,,,,,,,,local_map_fast,False,12,5953,0,False,False,False,,,,inactive,,,,,,,,,,
front_end,4316896.667829056,True,icp_accepted,2992,1.0,0.06452289753922223,20.077134991879575,12.217476993100718,9.189657008391805,2.585317997727543,1,0,0,,,,,,,,,,,,,,local_map_fast,False,12,5953,0,False,False,False,,,,inactive,,,,,,,,,,
front_end,4316896.768004032,True,icp_accepted,3016,1.0,0.06697519915263953,15.229586002533324,8.159171004081145,5.736909995903261,2.259476008475758,1,0,0,,,,,,,,,,,,,,local_map_fast,False,12,5953,0,False,False,False,,,,inactive,,,,,,,,,,
front_end,4316896.86801216,True,icp_accepted,3011,1.0,0.06663298955292585,16.234975002589636,8.82751599419862,5.817722005303949,2.2870870016049594,1,0,0,,,,,,,,,,,,,,local_map_fast,False,12,5953,0,False,False,False,,,,inactive,,,,,,,,,,
front_end,4316896.968004768,True,icp_accepted,3031,1.0,0.06340614431531096,15.486378004425205,8.85523900797125,6.3020410016179085,1.9897689926438034,1,0,0,,,,,,,,,,,,,,local_map_fast,False,12,5953,0,False,False,False,,,,inactive,,,,,,,,,,
front_end,4316897.068005088,True,icp_accepted,3075,1.0,0.061820786047642184,15.83631499670446,9.144651994574815,5.767287002527155,2.041315005044453,1,0,0,,,,,,,,,,,,,,local_map_fast,False,12,5953,0,False,False,False,,,,inactive,,,,,,,,,,
front_end,4316897.167859392,True,icp_accepted,3026,1.0,0.06236817239083651,14.254333000280894,7.320233999053016,5.118847999256104,2.48774400097318,1,0,0,,,,,,,,,,,,,,local_map_fast,False,12,5953,0,False,False,False,,,,inactive,,,,,,,,,,
front_end,4316897.268006752,True,icp_accepted,3019,1.0,0.061048901661778454,14.437368008657359,7.6997680007480085,5.598390009254217,2.36433299141936,1,0,0,,,,,,,,,,,,,,local_map_fast,False,12,5953,0,False,False,False,,,,inactive,,,,,,,,,,
front_end,4316897.368020512,True,icp_accepted,2930,1.0,0.061338398198211797,14.672238990897313,7.760772001347505,5.618227005470544,2.300513006048277,1,0,0,,,,,,,,,,,,,,local_map_fast,False,12,5953,0,False,False,False,,,,inactive,,,,,,,,,,
front_end,4316897.467799616,True,icp_accepted,3020,1.0,0.05955128342520318,14.337829998112284,8.14460300898645,6.0226470086490735,1.7828700074460357,1,0,0,,,,,,,,,,,,,,local_map_fast,False,12,5953,0,False,False,False,,,,inactive,,,,,,,,,,
front_end,4316897.567861184,True,icp_accepted,3171,1.0,0.05895574836981107,18.290236999746412,8.264980002422817,5.914682988077402,1.8940190057037398,1,0,0,,,,,,,,,,,,,,local_map_fast,True,12,5888,0,False,False,False,,,,inactive,,,,,,,,,,
front_end,4316897.668011744,True,icp_accepted,3087,1.0,0.06027032736250476,17.220326990354806,9.428725999896415,6.970688002184033,2.5748780026333407,1,0,0,,,,,,,,,,,,,,local_map_fast,False,12,5888,0,False,False,False,,,,inactive,,,,,,,,,,
front_end,4316897.767874848,True,icp_accepted,3073,1.0,0.059774398647722535,15.353228009189479,7.666895005968399,5.392652004957199,2.2673299972666427,1,0,0,,,,,,,,,,,,,,local_map_fast,False,12,5888,0,False,False,False,,,,inactive,,,,,,,,,,
front_end,4316897.867957824,True,icp_accepted,3016,1.0,0.05950509643853848,17.510552002931945,9.52141999732703,7.18013099685777,2.4129539960995317,1,0,0,,,,,,,,,,,,,,local_map_fast,False,12,5888,0,False,False,False,,,,inactive,,,,,,,,,,
front_end,4316897.967915104,True,icp_accepted,3020,1.0,0.05939462972584998,16.009942002710886,9.244048997061327,5.935953988227993,1.9363789906492457,1,0,0,,,,,,,,,,,,,,local_map_fast,False,12,5888,0,False,False,False,,,,inactive,,,,,,,,,,
front_end,4316898.067838688,True,icp_accepted,3033,1.0,0.05995731587059532,15.211542005999945,8.344629008206539,5.6471409916412085,1.9003409979632124,1,0,0,,,,,,,,,,,,,,local_map_fast,False,12,5888,0,False,False,False,,,,inactive,,,,,,,,,,
front_end,4316898.168001792,True,icp_accepted,3041,1.0,0.060250799195371636,15.693808003561571,8.562668997910805,5.882663012016565,2.0407439878908917,1,0,0,,,,,,,,,,,,,,local_map_fast,False,12,5888,0,False,False,False,,,,inactive,,,,,,,,,,
front_end,4316898.26789568,True,icp_accepted,3048,1.0,0.06024912814281916,19.033192002098076,10.941118001937866,8.445158004178666,2.770635997876525,1,0,0,,,,,,,,,,,,,,local_map_fast,False,12,5888,0,False,False,False,,,,inactive,,,,,,,,,,
front_end,4316898.367852704,True,icp_accepted,3064,1.0,0.05932648989248011,16.03122199594509,7.536361008533277,5.314495996572077,2.3657150013605133,1,0,0,,,,,,,,,,,,,,local_map_fast,False,12,5888,0,False,False,False,,,,inactive,,,,,,,,,,
front_end,4316898.467953984,True,icp_accepted,3135,1.0,0.05895521791140398,30.586722001316957,11.655882000923157,8.940408995840698,9.509037001407705,1,0,0,,,,,,,,,,,,,,local_map_fast,False,12,5888,0,False,False,False,,,,inactive,,,,,,,,,,
front_end,4316898.568012576,True,icp_accepted,3055,1.0,0.05930299705174467,21.96330799779389,11.091259992099367,8.53944499976933,4.486579986405559,1,0,0,,,,,,,,,,,,,,local_map_fast,False,12,5888,0,False,False,False,,,,inactive,,,,,,,,,,
front_end,4316898.667998144,True,icp_accepted,3077,1.0,0.05953565790929932,20.198573009110987,10.731154005043209,8.206079000956379,4.07569800154306,1,0,0,,,,,,,,,,,,,,local_map_fast,False,12,5888,0,False,False,False,,,,inactive,,,,,,,,,,
optimized_backend,,,,,,,,,,,,,,,,,,,,,,,,,,,,,,,,,,,,,,,,,75,90,16,,,,pose_graph,True
front_end,4316898.767983232,True,icp_accepted,3070,1.0,0.06170150021211956,18.37372299632989,10.243697004625574,7.659472001250833,2.245718991616741,1,0,0,,,,,,,,,,,,,,local_map_fast,False,12,5888,0,False,False,False,,,,inactive,,,,,,,,,,
front_end,4316898.867852576,True,icp_accepted,3069,1.0,0.059219231451398686,15.410045001772232,8.464404992992058,5.780300998594612,2.1857370011275634,1,0,0,,,,,,,,,,,,,,local_map_fast,False,12,5888,0,False,False,False,,,,inactive,,,,,,,,,,
front_end,4316898.967822912,True,icp_accepted,3067,1.0,0.059513285161802196,14.860312003293075,7.506103997002356,5.239304999122396,1.894429005915299,1,0,0,,,,,,,,,,,,,,local_map_fast,False,12,5888,0,False,False,False,,,,inactive,,,,,,,,,,
front_end,4316899.067990784,True,icp_accepted,3084,1.0,0.06040587015902266,18.377269996562973,11.632045992882922,8.978209996712394,1.9206180004402995,1,0,0,,,,,,,,,,,,,,local_map_fast,False,12,5888,0,False,False,False,,,,inactive,,,,,,,,,,
front_end,4316899.167888288,True,icp_accepted,3120,1.0,0.05853795332989407,15.518478001467884,8.633762001409195,5.900197007576935,2.0429990108823404,1,0,0,,,,,,,,,,,,,,local_map_fast,False,12,5888,0,False,False,False,,,,inactive,,,,,,,,,,
front_end,4316899.267995072,True,icp_accepted,3039,1.0,0.05877348220101901,17.649362998781726,10.403478008811362,7.912326997029595,1.7832200101111084,1,0,0,,,,,,,,,,,,,,local_map_fast,False,12,5888,0,False,False,False,,,,inactive,,,,,,,,,,
front_end,4316899.367970912,True,icp_accepted,3165,1.0,0.059095503368985794,15.31517600233201,8.5041689890204,5.862004996743053,1.6934320010477677,1,0,0,,,,,,,,,,,,,,local_map_fast,False,12,5888,0,False,False,False,,,,inactive,,,,,,,,,,
front_end,4316899.467934752,True,icp_accepted,3110,1.0,0.05972448842749005,15.92143600282725,9.317246993305162,6.336635997286066,1.624882992473431,1,0,0,,,,,,,,,,,,,,local_map_fast,False,12,5888,0,False,False,False,,,,inactive,,,,,,,,,,
front_end,4316899.568040064,True,icp_accepted,3036,1.0,0.05856982760234684,15.011395997134969,8.09776499227155,5.335776004358195,1.7922080005519092,1,0,0,,,,,,,,,,,,,,local_map_fast,False,12,5888,0,False,False,False,,,,inactive,,,,,,,,,,
front_end,4316899.667891456,True,icp_accepted,3143,1.0,0.058952868721482365,15.585845001623966,8.666624009492807,5.792994998046197,1.6147240094142035,1,0,0,,,,,,,,,,,,,,local_map_fast,False,12,5888,0,False,False,False,,,,inactive,,,,,,,,,,
front_end,4316899.76802896,True,icp_accepted,3064,0.9996736292428199,0.05942607590771286,15.421727002831176,8.560184011003003,5.807943001855165,1.550774002680555,1,0,0,,,,,,,,,,,,,,local_map_fast,False,12,5888,0,False,False,False,,,,inactive,,,,,,,,,,
front_end,4316899.86804288,True,icp_accepted,3084,1.0,0.05920366456034333,19.794923995505087,10.043861999292858,7.635557005414739,2.0258860022295266,1,0,0,,,,,,,,,,,,,,local_map_fast,False,12,5888,0,False,False,False,,,,inactive,,,,,,,,,,
front_end,4316899.967971584,True,icp_accepted,3013,1.0,0.0583076690610595,15.361704005044885,8.71301100414712,6.016454994096421,1.7855049954960123,1,0,0,,,,,,,,,,,,,,local_map_fast,False,12,5888,0,False,False,False,,,,inactive,,,,,,,,,,
front_end,4316900.067897472,True,icp_accepted,3135,1.0,0.05838028524413327,16.51006100291852,8.72171699302271,6.122262988355942,2.031317009823397,1,0,0,,,,,,,,,,,,,,local_map_fast,False,12,5888,0,False,False,False,,,,inactive,,,,,,,,,,
front_end,4316900.1679784,True,icp_accepted,3067,1.0,0.060963733563212996,18.504799998481758,7.7740470005664974,5.509451992111281,1.9442429911578074,1,0,0,,,,,,,,,,,,,,local_map_fast,False,12,5888,0,False,False,False,,,,inactive,,,,,,,,,,
front_end,4316900.267905312,True,icp_accepted,3105,1.0,0.06255317392371525,15.731277992017567,8.778032992267981,5.992909995256923,1.9451250118436292,1,0,0,,,,,,,,,,,,,,local_map_fast,False,12,5888,0,False,False,False,,,,inactive,,,,,,,,,,
front_end,4316900.367905472,True,icp_accepted,3084,1.0,0.059640088998396394,14.67838000098709,7.8532260085921735,5.703556002117693,1.6765500040492043,1,0,0,,,,,,,,,,,,,,local_map_fast,False,12,5888,0,False,False,False,,,,inactive,,,,,,,,,,
front_end,4316900.467980832,True,icp_accepted,3069,1.0,0.0603407577390762,15.421656004036777,8.914740014006384,6.147471009171568,1.65101200400386,1,0,0,,,,,,,,,,,,,,local_map_fast,False,12,5888,0,False,False,False,,,,inactive,,,,,,,,,,
front_end,4316900.56784032,True,icp_accepted,3130,1.0,0.061333453024374054,15.687266000895761,8.390846007387154,5.872163994354196,1.9287739996798337,1,0,0,,,,,,,,,,,,,,local_map_fast,False,12,5888,0,False,False,False,,,,inactive,,,,,,,,,,
front_end,4316900.667916864,True,icp_accepted,3049,1.0,0.06110013867146172,15.64462500391528,8.281560003524646,5.812201008666307,2.114022005116567,1,0,0,,,,,,,,,,,,,,local_map_fast,False,12,5888,0,False,False,False,,,,inactive,,,,,,,,,,
front_end,4316900.768012352,True,icp_accepted,3116,1.0,0.06264874219603658,13.83690899820067,7.369125989498571,5.131101002916694,1.710344004095532,1,0,0,,,,,,,,,,,,,,local_map_fast,False,12,5888,0,False,False,False,,,,inactive,,,,,,,,,,
front_end,4316900.867930368,True,icp_accepted,3147,1.0,0.06070710199564981,17.56377199490089,10.096219994011335,7.60031100071501,2.4945680052042007,1,0,0,,,,,,,,,,,,,,local_map_fast,False,12,5888,0,False,False,False,,,,inactive,,,,,,,,,,
front_end,4316900.968453184,True,icp_accepted,3119,1.0,0.058639103515757546,17.15605599747505,8.606552000856027,5.849470995599404,2.8852609975729138,1,0,0,,,,,,,,,,,,,,local_map_fast,False,12,5888,0,False,False,False,,,,inactive,,,,,,,,,,
front_end,4316901.067948448,True,icp_accepted,3129,1.0,0.05946761230256206,16.880687995580956,8.484883001074195,5.807362002087757,2.991100001963787,1,0,0,,,,,,,,,,,,,,local_map_fast,False,12,5888,0,False,False,False,,,,inactive,,,,,,,,,,
front_end,4316901.168015072,True,icp_accepted,2983,1.0,0.060187735490253955,16.03069101111032,8.50041200465057,5.766303991549648,2.3907020076876506,1,0,0,,,,,,,,,,,,,,local_map_fast,False,12,5888,0,False,False,False,,,,inactive,,,,,,,,,,
front_end,4316901.268039104,True,icp_accepted,3126,1.0,0.060067957567325796,17.132460998254828,9.19933500699699,6.096184995840304,2.315701000043191,1,0,0,,,,,,,,,,,,,,local_map_fast,False,12,5888,0,False,False,False,,,,inactive,,,,,,,,,,
front_end,4316901.3679728,True,icp_accepted,3178,1.0,0.061948448842862484,15.798875989275984,7.4215049971826375,5.126261996338144,2.804789997753687,1,0,0,,,,,,,,,,,,,,local_map_fast,False,12,5888,0,False,False,False,,,,inactive,,,,,,,,,,
front_end,4316901.467883616,True,icp_accepted,3283,1.0,0.061096163834029736,15.503100003115833,8.165082006598823,5.6888789986260235,2.419886994175613,1,0,0,,,,,,,,,,,,,,local_map_fast,False,12,5888,0,False,False,False,,,,inactive,,,,,,,,,,
front_end,4316901.567889472,True,icp_accepted,3185,1.0,0.060460674351155624,14.46837600087747,7.563261009636335,5.4853869951330125,2.302427004906349,1,0,0,,,,,,,,,,,,,,local_map_fast,False,12,5888,0,False,False,False,,,,inactive,,,,,,,,,,
front_end,4316901.667976096,True,icp_accepted,3137,1.0,0.062930796790441,14.948046999052167,7.784697998431511,5.69071299105417,2.5536980101605877,1,0,0,,,,,,,,,,,,,,local_map_fast,False,12,5888,0,False,False,False,,,,inactive,,,,,,,,,,
front_end,4316901.76790832,True,icp_accepted,3163,1.0,0.061939863724477504,14.373848011018708,7.780940009979531,5.702886002836749,2.121797006111592,1,0,0,,,,,,,,,,,,,,local_map_fast,False,12,5888,0,False,False,False,,,,inactive,,,,,,,,,,
front_end,4316901.868002816,True,icp_accepted,3080,1.0,0.06207162225742333,14.722182007972151,7.700298010604456,5.6562180106993765,2.4407059972872958,1,0,0,,,,,,,,,,,,,,local_map_fast,False,12,5888,0,False,False,False,,,,inactive,,,,,,,,,,
front_end,4316901.967961408,True,icp_accepted,3145,1.0,0.06194317255038683,14.397883001947775,7.337376999203116,5.2376120002008975,2.5557519984431565,1,0,0,,,,,,,,,,,,,,local_map_fast,False,12,5888,0,False,False,False,,,,inactive,,,,,,,,,,
front_end,4316902.067935296,True,icp_accepted,3268,1.0,0.06426191665371006,14.8059600032866,7.70873500732705,5.574253998929635,2.397335003479384,1,0,0,,,,,,,,,,,,,,local_map_fast,False,12,5888,0,False,False,False,,,,inactive,,,,,,,,,,
front_end,4316902.1680144,True,icp_accepted,3176,1.0,0.06671367040592842,14.877423993311822,7.788053000695072,5.50756900338456,2.4296860065078363,1,0,0,,,,,,,,,,,,,,local_map_fast,False,12,5888,0,False,False,False,,,,inactive,,,,,,,,,,
front_end,4316902.267871584,True,icp_accepted,3199,1.0,0.06770682424367769,18.601119998493232,9.252864998416044,6.944207998458296,2.3312400007853284,1,0,0,,,,,,,,,,,,,,local_map_fast,True,12,5814,0,False,False,False,,,,inactive,,,,,,,,,,
front_end,4316902.367902112,True,icp_accepted,3105,1.0,0.060256593698386304,16.049386002123356,8.538113004760817,6.0453589976532385,2.2037510061636567,1,0,0,,,,,,,,,,,,,,local_map_fast,False,12,5814,0,False,False,False,,,,inactive,,,,,,,,,,
front_end,4316902.467852832,True,icp_accepted,3235,1.0,0.06199142488985399,14.933038008166477,7.906626007752493,5.686243996024132,2.3211009975057095,1,0,0,,,,,,,,,,,,,,local_map_fast,False,12,5814,0,False,False,False,,,,inactive,,,,,,,,,,
front_end,4316902.567982016,True,icp_accepted,3144,1.0,0.0634103696614129,15.580606006551534,7.475956997950561,5.222583000431769,2.174024994019419,1,0,0,,,,,,,,,,,,,,local_map_fast,False,12,5814,0,False,False,False,,,,inactive,,,,,,,,,,
front_end,4316902.66791104,True,icp_accepted,3183,1.0,0.06542874326756005,15.543405010248534,8.527643003617413,5.789006987470202,2.29074498929549,1,0,0,,,,,,,,,,,,,,local_map_fast,False,12,5814,0,False,False,False,,,,inactive,,,,,,,,,,
front_end,4316902.768386112,True,icp_accepted,3167,1.0,0.06655598569169445,14.923529990483075,7.67014198936522,5.531943999812938,2.2216840006876737,1,0,0,,,,,,,,,,,,,,local_map_fast,False,12,5814,0,False,False,False,,,,inactive,,,,,,,,,,
front_end,4316902.867908576,True,icp_accepted,3071,1.0,0.0698408017747868,14.853999993647449,7.831605995306745,5.622575001325458,2.3070440074661747,1,0,0,,,,,,,,,,,,,,local_map_fast,False,12,5814,0,False,False,False,,,,inactive,,,,,,,,,,
front_end,4316902.967888224,True,icp_accepted,3085,1.0,0.06899676360721983,14.450873000896536,7.570795991341583,5.442236011731438,2.304599998751655,1,0,0,,,,,,,,,,,,,,local_map_fast,False,12,5814,0,False,False,False,,,,inactive,,,,,,,,,,
front_end,4316903.067899936,True,icp_accepted,3117,1.0,0.07121969146237861,16.39832199725788,9.057768998900428,6.326075992546976,2.3851120058679953,1,0,0,,,,,,,,,,,,,,local_map_fast,False,12,5814,0,False,False,False,,,,inactive,,,,,,,,,,
front_end,4316903.167946784,True,icp_accepted,3047,1.0,0.0718495477219,18.21535600174684,7.684759999392554,5.166326998732984,4.034661003970541,1,0,0,,,,,,,,,,,,,,local_map_fast,False,12,5814,0,False,False,False,,,,inactive,,,,,,,,,,
front_end,4316903.267883232,True,icp_accepted,3011,1.0,0.07646481932566897,44.3557230028091,18.608685000799596,14.892552004312165,9.493629011558369,1,0,0,,,,,,,,,,,,,,local_map_fast,True,12,5812,0,False,False,False,,,,inactive,,,,,,,,,,
front_end,4316903.367816416,True,icp_accepted,2991,1.0,0.06356147088835758,36.36191300756764,14.555079003912397,11.453049999545328,10.121406987309456,1,0,0,,,,,,,,,,,,,,local_map_fast,False,12,5812,0,False,False,False,,,,inactive,,,,,,,,,,
front_end,4316903.467944416,True,icp_accepted,3110,1.0,0.06566001383968405,29.394351004157215,11.824697998235933,8.57670500408858,9.409881007741205,1,0,0,,,,,,,,,,,,,,local_map_fast,False,12,5812,0,False,False,False,,,,inactive,,,,,,,,,,
optimized_backend,,,,,,,,,,,,,,,,,,,,,,,,,,,,,,,,,,,,,,,,,76,92,17,,,,pose_graph,True
front_end,4316903.567910176,True,icp_accepted,3016,1.0,0.0692731057863597,19.84943699790165,11.032399997930042,8.376129000680521,3.3263200020883232,1,0,0,,,,,,,,,,,,,,local_map_fast,False,12,5812,0,False,False,False,,,,inactive,,,,,,,,,,
front_end,4316903.668355136,True,icp_accepted,2975,0.999327731092437,0.07375317204420952,14.993952994700521,7.790067000314593,5.62611100031063,2.5125810061581433,1,0,0,,,,,,,,,,,,,,local_map_fast,False,12,5812,0,False,False,False,,,,inactive,,,,,,,,,,
front_end,4316903.768017056,True,icp_accepted,3009,1.0,0.07387779969985597,15.343539998866618,8.334690995980054,5.861552999704145,2.374652001890354,1,0,0,,,,,,,,,,,,,,local_map_fast,False,12,5812,0,False,False,False,,,,inactive,,,,,,,,,,
front_end,4316903.86848512,True,icp_accepted,2993,1.0,0.07411032242539503,18.898939990322106,11.813586999778636,9.081614000024274,2.2735020029358566,1,0,0,,,,,,,,,,,,,,local_map_fast,False,12,5812,0,False,False,False,,,,inactive,,,,,,,,,,
front_end,4316903.968400192,True,icp_accepted,3031,1.0,0.07601991467869815,15.51842900516931,8.394664007937536,5.661497008986771,2.322123007616028,1,0,0,,,,,,,,,,,,,,local_map_fast,False,12,5812,0,False,False,False,,,,inactive,,,,,,,,,,
front_end,4316904.067837856,True,icp_accepted,3024,1.0,0.08066602326364979,19.557617997634225,9.084720004466362,6.230407001567073,2.973156006191857,1,0,0,,,,,,,,,,,,,,local_map_fast,True,12,5992,0,False,False,False,,,,inactive,,,,,,,,,,
front_end,4316904.167924128,True,icp_accepted,2992,1.0,0.06361251530294265,17.882571002701297,9.012573995278217,6.031893994077109,2.6073190092574805,1,0,0,,,,,,,,,,,,,,local_map_fast,False,12,5992,0,False,False,False,,,,inactive,,,,,,,,,,
front_end,4316904.26793488,True,icp_accepted,2881,1.0,0.0654217759259834,16.601723997155204,8.79105798958335,6.058533996110782,2.516688997275196,1,0,0,,,,,,,,,,,,,,local_map_fast,False,12,5992,0,False,False,False,,,,inactive,,,,,,,,,,
front_end,4316904.368030752,True,icp_accepted,2963,1.0,0.06851666155517983,15.209778008284047,7.731046003755182,5.41889198939316,2.530103985918686,1,0,0,,,,,,,,,,,,,,local_map_fast,False,12,5992,0,False,False,False,,,,inactive,,,,,,,,,,
front_end,4316904.467888864,True,icp_accepted,2957,1.0,0.0699567625277858,15.602717001456767,8.131669004797004,5.72946599277202,2.33989700791426,1,0,0,,,,,,,,,,,,,,local_map_fast,False,12,5992,0,False,False,False,,,,inactive,,,,,,,,,,
front_end,4316904.567849952,True,icp_accepted,2871,1.0,0.07479788586089603,16.284398006973788,8.73497300199233,5.897221009945497,2.4490319920005277,1,0,0,,,,,,,,,,,,,,local_map_fast,False,12,5992,0,False,False,False,,,,inactive,,,,,,,,,,
front_end,4316904.668333024,True,icp_accepted,2873,0.9996519317786287,0.07709623444273063,15.675813992857002,8.49878900044132,5.939469992881641,2.3369609989458695,1,0,0,,,,,,,,,,,,,,local_map_fast,False,12,5992,0,False,False,False,,,,inactive,,,,,,,,,,
front_end,4316904.767870464,True,icp_accepted,2814,1.0,0.08139630088982087,17.68888700462412,8.596020998083986,5.767066002590582,2.5008789962157607,1,0,0,,,,,,,,,,,,,,local_map_fast,False,12,5992,0,False,False,False,,,,inactive,,,,,,,,,,
front_end,4316904.868378624,True,icp_accepted,2819,1.0,0.08083536185734097,32.409205989097245,13.457716995617375,10.279323993017897,9.30890098970849,1,0,0,,,,,,,,,,,,,,local_map_fast,True,12,6197,0,False,False,False,,,,inactive,,,,,,,,,,
front_end,4316904.967960064,True,icp_accepted,2778,1.0,0.0657636894560955,29.096832004142925,11.763633010559715,8.811015999526717,8.552329003578052,1,0,0,,,,,,,,,,,,,,local_map_fast,False,12,6197,0,False,False,False,,,,inactive,,,,,,,,,,
front_end,4316905.067885408,True,icp_accepted,2928,1.0,0.06834480930247491,30.62634500383865,14.737361008883454,11.66576000105124,7.832457005861215,1,0,0,,,,,,,,,,,,,,local_map_fast,False,12,6197,0,False,False,False,,,,inactive,,,,,,,,,,
optimized_backend,,,,,,,,,,,,,,,,,,,,,,,,,,,,,,,,,,,,,,,,,77,94,18,,,,pose_graph,True
front_end,4316905.167836352,True,icp_accepted,2874,1.0,0.06997745796741585,17.915192001964897,9.565743996063247,6.704046987579204,2.893687997129746,1,0,0,,,,,,,,,,,,,,local_map_fast,False,12,6197,0,False,False,False,,,,inactive,,,,,,,,,,
front_end,4316905.267831328,True,icp_accepted,2734,1.0,0.07082558633163959,17.517675005365163,8.831703991745599,5.867214989848435,2.4068320053629577,1,0,0,,,,,,,,,,,,,,local_map_fast,False,12,6197,0,False,False,False,,,,inactive,,,,,,,,,,
front_end,4316905.367876832,True,icp_accepted,2829,1.0,0.07283814618673033,18.102333997376263,9.864564999588765,7.370478997472674,2.887105001718737,1,0,0,,,,,,,,,,,,,,local_map_fast,False,12,6197,0,False,False,False,,,,inactive,,,,,,,,,,
front_end,4316905.467975136,True,icp_accepted,2822,1.0,0.07705640815675452,16.163591004442424,8.71581700630486,5.954047010163777,2.2650260070804507,1,0,0,,,,,,,,,,,,,,local_map_fast,False,12,6197,0,False,False,False,,,,inactive,,,,,,,,,,
front_end,4316905.567883648,True,icp_accepted,2746,1.0,0.07756868111527651,15.439119000802748,7.4905939982272685,5.393054001615383,2.7913750091101974,1,0,0,,,,,,,,,,,,,,local_map_fast,False,12,6197,0,False,False,False,,,,inactive,,,,,,,,,,
front_end,4316905.66783744,True,icp_accepted,2806,1.0,0.08382363092448636,16.09237700176891,8.503778008162044,5.950010003289208,2.779523012577556,1,0,0,,,,,,,,,,,,,,local_map_fast,False,12,6197,0,False,False,False,,,,inactive,,,,,,,,,,
front_end,4316905.76836496,True,icp_accepted,2680,1.0,0.0799101334944555,18.939086003229022,8.589889999711886,5.843129998538643,2.6115369983017445,1,0,0,,,,,,,,,,,,,,local_map_fast,True,12,6253,0,False,False,False,,,,inactive,,,,,,,,,,
front_end,4316905.868343488,True,icp_accepted,2702,1.0,0.06459013788337481,18.003157994826324,9.82583299628459,7.274568997672759,2.4459359992761165,1,0,0,,,,,,,,,,,,,,local_map_fast,False,12,6253,0,False,False,False,,,,inactive,,,,,,,,,,
front_end,4316905.967825248,True,icp_accepted,2649,1.0,0.06794230415159673,16.26626400684472,8.588216995121911,5.880919998162426,2.4261480139102787,1,0,0,,,,,,,,,,,,,,local_map_fast,False,12,6253,0,False,False,False,,,,inactive,,,,,,,,,,
front_end,4316906.067983616,True,icp_accepted,2771,1.0,0.07126956301392326,15.603779000230134,8.077416991000064,5.664493000949733,2.43673799559474,1,0,0,,,,,,,,,,,,,,local_map_fast,False,12,6253,0,False,False,False,,,,inactive,,,,,,,,,,
front_end,4316906.167817984,True,icp_accepted,2717,1.0,0.07656903450467395,14.911809004843235,7.2925429994938895,5.147522009792738,2.5669530004961416,1,0,0,,,,,,,,,,,,,,local_map_fast,False,12,6253,0,False,False,False,,,,inactive,,,,,,,,,,
front_end,4316906.268302624,True,icp_accepted,2643,1.0,0.08360884083928616,15.05401601025369,7.8452710004057735,5.626000987831503,2.3644630127819255,1,0,0,,,,,,,,,,,,,,local_map_fast,False,12,6253,0,False,False,False,,,,inactive,,,,,,,,,,
front_end,4316906.367941248,True,icp_accepted,2673,1.0,0.08690575244028556,16.92433000425808,9.440328009077348,6.722110992996022,2.299119994859211,1,0,0,,,,,,,,,,,,,,local_map_fast,False,12,6253,0,False,False,False,,,,inactive,,,,,,,,,,
front_end,4316906.468384128,True,icp_accepted,2668,1.0,0.08423035777467998,15.28996900015045,8.211808992200531,5.443618007120676,2.217136003309861,1,0,0,,,,,,,,,,,,,,local_map_fast,False,12,6253,0,False,False,False,,,,inactive,,,,,,,,,,
front_end,4316906.568357312,True,icp_accepted,2732,1.0,0.08741533028689062,16.251145003479905,8.731556008569896,5.716139989090152,2.275316001032479,1,0,0,,,,,,,,,,,,,,local_map_fast,False,12,6253,0,False,False,False,,,,inactive,,,,,,,,,,
front_end,4316906.667856736,True,icp_accepted,2675,1.0,0.08489105573350081,21.66148100513965,9.159078996162862,6.231879000551999,2.6627330080373213,1,0,0,,,,,,,,,,,,,,local_map_fast,False,12,6253,0,False,False,False,,,,inactive,,,,,,,,,,
front_end,4316906.768363232,True,icp_accepted,2681,1.0,0.08304576015264947,34.19158399628941,13.082089993986301,7.703144001425244,12.00514700030908,1,0,0,,,,,,,,,,,,,,local_map_fast,True,12,6308,0,False,False,False,,,,inactive,,,,,,,,,,
front_end,4316906.868351488,True,icp_accepted,2641,1.0,0.06713685090629218,33.01113699853886,15.668720996472985,11.738005006918684,9.739781002281234,1,0,0,,,,,,,,,,,,,,local_map_fast,False,12,6308,0,False,False,False,,,,inactive,,,,,,,,,,
front_end,4316906.967825408,True,icp_accepted,2575,1.0,0.07215144675025884,30.97020200220868,10.77843300299719,7.978702007676475,9.559591999277472,1,0,0,,,,,,,,,,,,,,local_map_fast,False,12,6308,0,False,False,False,,,,inactive,,,,,,,,,,
front_end,4316907.068433536,True,icp_accepted,2637,1.0,0.07550832751066816,41.14143300103024,11.414106003940105,8.59425900853239,17.739080998580903,1,0,0,,,,,,,,,,,,,,local_map_fast,False,12,6308,0,False,False,False,,,,inactive,,,,,,,,,,
front_end,4316907.168310624,True,icp_accepted,2543,1.0,0.08062888612332321,19.301145992358215,9.480933993472718,7.247788991662674,4.893384000752121,1,0,0,,,,,,,,,,,,,,local_map_fast,False,12,6308,0,False,False,False,,,,inactive,,,,,,,,,,
optimized_backend,,,,,,,,,,,,,,,,,,,,,,,,,,,,,,,,,,,,,,,,,78,96,19,,,,pose_graph,True
front_end,4316907.26800944,True,icp_accepted,2559,1.0,0.08554058409786626,15.81993600120768,8.382822008570656,5.930993997026235,2.3060730018187314,1,0,0,,,,,,,,,,,,,,local_map_fast,False,12,6308,0,False,False,False,,,,inactive,,,,,,,,,,
front_end,4316907.36799024,True,icp_accepted,2609,0.9973169796857033,0.09939451498949163,14.732030991581269,7.204305991763249,5.101355010992847,2.8368509956635535,1,0,0,,,,,,,,,,,,,,local_map_fast,False,12,6308,0,False,False,False,,,,inactive,,,,,,,,,,
front_end,4316907.468417568,True,icp_accepted,2571,0.9976662777129521,0.10932269021161471,15.332278999267146,8.174129005055875,5.794657990918495,2.8315009985817596,1,0,0,,,,,,,,,,,,,,local_map_fast,False,12,6308,0,False,False,False,,,,inactive,,,,,,,,,,
front_end,4316907.56799568,True,icp_accepted,2498,0.9983987189751802,0.09773460605659307,16.556309012230486,8.524468008545227,5.8008990017697215,2.403204998699948,1,0,0,,,,,,,,,,,,,,local_map_fast,False,12,6308,0,False,False,False,,,,inactive,,,,,,,,,,
front_end,4316907.667840768,True,icp_accepted,2494,0.9983961507618284,0.10599967120606647,16.307802012306638,8.669049013406038,5.970778991468251,2.4727159907342866,1,0,0,,,,,,,,,,,,,,local_map_fast,False,12,6308,0,False,False,False,,,,inactive,,,,,,,,,,
front_end,4316907.768410464,True,icp_accepted,2526,0.9984164687252574,0.10744870973891717,18.555515009211376,11.118241003714502,8.270400008768775,2.294190999236889,1,0,0,,,,,,,,,,,,,,local_map_fast,False,12,6308,0,False,False,False,,,,inactive,,,,,,,,,,
front_end,4316907.868005184,True,icp_accepted,2459,0.9959333062220415,0.11003921531438532,18.11302399437409,8.588718003011309,5.860552002559416,2.226384007371962,1,0,0,,,,,,,,,,,,,,local_map_fast,True,12,6354,0,False,False,False,,,,inactive,,,,,,,,,,
front_end,4316907.967942912,True,icp_accepted,2464,1.0,0.0734165990335731,14.766225009225309,8.20371400914155,5.844051003805362,2.1107459906488657,1,0,0,,,,,,,,,,,,,,local_map_fast,False,12,6354,0,False,False,False,,,,inactive,,,,,,,,,,
front_end,4316908.06846096,True,icp_accepted,2524,1.0,0.08583092082377648,15.135759007534944,8.166514002368785,5.378115994972177,2.301494008861482,1,0,0,,,,,,,,,,,,,,local_map_fast,False,12,6354,0,False,False,False,,,,inactive,,,,,,,,,,
front_end,4316908.16794384,True,icp_accepted,2496,1.0,0.10255352673972595,16.193967996514402,8.705087006092072,5.941202995018102,2.480451003066264,1,0,0,,,,,,,,,,,,,,local_map_fast,False,12,6354,0,False,False,False,,,,inactive,,,,,,,,,,
front_end,4316908.267935552,True,icp_accepted,2511,1.0,0.11438672853303701,16.8879620032385,9.988268007873558,7.789777009747922,2.11681799555663,1,0,0,,,,,,,,,,,,,,local_map_fast,False,12,6354,0,False,False,False,,,,inactive,,,,,,,,,,
front_end,4316908.36828288,True,icp_accepted,2577,1.0,0.1261777671628557,16.119117004564032,8.853175007971004,6.170344000565819,2.110594999976456,1,0,0,,,,,,,,,,,,,,local_map_fast,False,12,6354,0,False,False,False,,,,inactive,,,,,,,,,,
front_end,4316908.468306752,True,icp_accepted,2690,1.0,0.12430160672861937,17.158511007437482,9.429999001440592,6.952563999220729,2.4584590137237683,1,0,0,,,,,,,,,,,,,,local_map_fast,False,12,6354,0,False,False,False,,,,inactive,,,,,,,,,,
front_end,4316908.567897248,True,icp_accepted,2585,1.0,0.12196617671441247,13.798507003230043,7.075625006109476,4.929542003083043,2.3730590037303045,1,0,0,,,,,,,,,,,,,,local_map_fast,False,12,6354,0,False,False,False,,,,inactive,,,,,,,,,,
front_end,4316908.668479552,True,icp_accepted,2476,1.0,0.12532002723867372,19.087163993390277,8.530879000318237,5.66993399115745,2.5038140011020005,1,0,0,,,,,,,,,,,,,,local_map_fast,False,12,6354,0,False,False,False,,,,inactive,,,,,,,,,,
front_end,4316908.767980128,True,icp_accepted,2583,1.0,0.12818287514504428,39.26198199042119,14.21532999665942,11.563758002012037,11.357210009009577,1,0,0,,,,,,,,,,,,,,local_map_fast,True,12,6580,0,False,False,False,,,,inactive,,,,,,,,,,
front_end,4316908.86782704,True,icp_accepted,2593,1.0,0.07398676503800314,32.40366600221023,10.944684996502474,7.8295610001077875,12.850746003095992,1,0,0,,,,,,,,,,,,,,local_map_fast,False,12,6580,0,False,False,False,,,,inactive,,,,,,,,,,
front_end,4316908.968323616,True,icp_accepted,2529,1.0,0.08087049793811063,25.126912994892336,10.711666996940039,8.31564501277171,8.085302004474215,1,0,0,,,,,,,,,,,,,,local_map_fast,False,12,6580,0,False,False,False,,,,inactive,,,,,,,,,,
front_end,4316909.068457344,True,icp_accepted,2530,1.0,0.09040796597494405,30.78631700191181,11.708008998539299,7.890426000813022,9.55676700687036,1,0,0,,,,,,,,,,,,,,local_map_fast,False,12,6580,0,False,False,False,,,,inactive,,,,,,,,,,
optimized_backend,,,,,,,,,,,,,,,,,,,,,,,,,,,,,,,,,,,,,,,,,79,98,20,,,,pose_graph,True
front_end,4316909.167906848,True,icp_accepted,2543,1.0,0.1056805146072921,18.175300006987527,7.78250300209038,5.426426010672003,3.692116995807737,1,0,0,,,,,,,,,,,,,,local_map_fast,False,12,6580,0,False,False,False,,,,inactive,,,,,,,,,,
front_end,4316909.268215072,True,icp_accepted,2658,1.0,0.10696164156080452,17.5069649994839,9.04129799164366,6.030851989635266,2.3421109945047647,1,0,0,,,,,,,,,,,,,,local_map_fast,False,12,6580,0,False,False,False,,,,inactive,,,,,,,,,,
front_end,4316909.36787136,True,icp_accepted,2676,1.0,0.11326919626618881,16.974594997009262,9.014308001496829,6.223603995749727,2.692007998120971,1,0,0,,,,,,,,,,,,,,local_map_fast,False,12,6580,0,False,False,False,,,,inactive,,,,,,,,,,
front_end,4316909.46785904,True,icp_accepted,2744,1.0,0.12297383901373343,17.081224999856204,8.9775689993985,6.786821992136538,2.5606609997339547,1,0,0,,,,,,,,,,,,,,local_map_fast,False,12,6580,0,False,False,False,,,,inactive,,,,,,,,,,
front_end,4316909.568379712,True,icp_accepted,2650,1.0,0.10767258972356608,18.93243299855385,8.136237011058256,5.555267998715863,2.701766003156081,1,0,0,,,,,,,,,,,,,,local_map_fast,True,12,6934,0,False,False,False,,,,inactive,,,,,,,,,,
front_end,4316909.668243424,True,icp_accepted,2726,1.0,0.07888903482098088,17.232999991392717,9.006833992316388,6.048725001164712,2.9784969956381246,1,0,0,,,,,,,,,,,,,,local_map_fast,False,12,6934,0,False,False,False,,,,inactive,,,,,,,,,,
front_end,4316909.768287648,True,icp_accepted,2685,1.0,0.07701831725212753,16.7697400029283,7.893401008914225,5.498070997418836,2.8363500023260713,1,0,0,,,,,,,,,,,,,,local_map_fast,False,12,6934,0,False,False,False,,,,inactive,,,,,,,,,,
front_end,4316909.868243008,True,icp_accepted,2619,1.0,0.07428037290627557,16.33209700230509,8.608755000750534,5.876122013432905,2.64591199811548,1,0,0,,,,,,,,,,,,,,local_map_fast,False,12,6934,0,False,False,False,,,,inactive,,,,,,,,,,
front_end,4316909.968372704,True,icp_accepted,2678,1.0,0.08470839607393725,17.186964003485627,8.554614003514871,6.023216992616653,2.494688000297174,1,0,0,,,,,,,,,,,,,,local_map_fast,False,12,6934,0,False,False,False,,,,inactive,,,,,,,,,,
front_end,4316910.06823536,True,icp_accepted,2667,1.0,0.0849442403290544,17.250653996597975,8.762494995607994,6.041070999344811,3.1174479954643175,1,0,0,,,,,,,,,,,,,,local_map_fast,False,12,6934,0,False,False,False,,,,inactive,,,,,,,,,,
front_end,4316910.168234784,True,icp_accepted,2631,1.0,0.085763259072903,17.427013997803442,9.093315995414741,6.299486005445942,2.8174339968245476,1,0,0,,,,,,,,,,,,,,local_map_fast,False,12,6934,0,False,False,False,,,,inactive,,,,,,,,,,
front_end,4316910.268429088,True,icp_accepted,2642,1.0,0.087308471633078,17.738540002028458,9.100740004214458,6.356091995257884,2.8805119945900515,1,0,0,,,,,,,,,,,,,,local_map_fast,False,12,6934,0,False,False,False,,,,inactive,,,,,,,,,,
front_end,4316910.368283936,True,icp_accepted,2673,1.0,0.09144964312045137,16.70407599885948,8.618173000286333,5.910485997446813,2.1651179995387793,1,0,0,,,,,,,,,,,,,,local_map_fast,False,12,6934,0,False,False,False,,,,inactive,,,,,,,,,,
front_end,4316910.46826096,True,icp_accepted,2751,1.0,0.09463259321112366,17.233020000276156,8.661333995405585,5.773418000899255,2.5634170015109703,1,0,0,,,,,,,,,,,,,,local_map_fast,False,12,6934,0,False,False,False,,,,inactive,,,,,,,,,,
front_end,4316910.568350848,True,icp_accepted,2651,1.0,0.08110434846039889,15.237289990182035,7.9393179912585765,5.627614009426907,2.348673006054014,1,0,0,,,,,,,,,,,,,,local_map_fast,False,12,6934,0,False,False,False,,,,inactive,,,,,,,,,,
front_end,4316910.668239296,True,icp_accepted,2632,1.0,0.09096593649547878,17.578799990587868,9.728028002427891,7.439759006956592,2.9785660008201376,1,0,0,,,,,,,,,,,,,,local_map_fast,False,12,6934,0,False,False,False,,,,inactive,,,,,,,,,,
front_end,4316910.76820176,True,icp_accepted,2626,1.0,0.0929032799416855,17.376520001562312,9.755139995831996,7.518497004639357,2.538450004067272,1,0,0,,,,,,,,,,,,,,local_map_fast,False,12,6934,0,False,False,False,,,,inactive,,,,,,,,,,
front_end,4316910.868304352,True,icp_accepted,2650,1.0,0.08482606894905022,16.464526997879148,8.44625999161508,5.7474089990137145,2.359403995797038,1,0,0,,,,,,,,,,,,,,local_map_fast,False,12,6934,0,False,False,False,,,,inactive,,,,,,,,,,
front_end,4316910.968225312,True,icp_accepted,2629,1.0,0.0874903068255238,24.280944009660743,9.588526998413727,6.940370993106626,6.028026997228153,1,0,0,,,,,,,,,,,,,,local_map_fast,False,12,6934,0,False,False,False,,,,inactive,,,,,,,,,,
front_end,4316911.068208512,True,icp_accepted,2627,1.0,0.08978767833670159,36.1010219930904,14.164975000312552,11.399539012927562,10.73854799324181,1,0,0,,,,,,,,,,,,,,local_map_fast,False,12,6934,0,False,False,False,,,,inactive,,,,,,,,,,
front_end,4316911.168391328,True,icp_accepted,2641,1.0,0.08904223223205282,26.911185996141285,12.70695599669125,8.104528998956084,7.253839998156764,1,0,0,,,,,,,,,,,,,,local_map_fast,False,12,6934,0,False,False,False,,,,inactive,,,,,,,,,,
front_end,4316911.268287392,True,icp_accepted,2570,1.0,0.09123799063837944,28.6825229995884,14.691865013446659,11.123159987619147,6.846905002021231,1,0,0,,,,,,,,,,,,,,local_map_fast,False,12,6934,0,False,False,False,,,,inactive,,,,,,,,,,
optimized_backend,,,,,,,,,,,,,,,,,,,,,,,,,,,,,,,,,,,,,,,,,80,100,21,,,,pose_graph,True
front_end,4316911.367899456,True,icp_accepted,2642,1.0,0.09879072787663393,18.39177799411118,9.51699199504219,7.022083998890594,3.196846999344416,1,0,0,,,,,,,,,,,,,,local_map_fast,False,12,6934,0,False,False,False,,,,inactive,,,,,,,,,,
front_end,4316911.468308544,True,icp_accepted,2675,1.0,0.1019974495003976,15.653212001780048,8.524086006218567,5.886630999157205,2.2488660033559427,1,0,0,,,,,,,,,,,,,,local_map_fast,False,12,6934,0,False,False,False,,,,inactive,,,,,,,,,,
front_end,4316911.568242432,True,icp_accepted,2716,1.0,0.10441919718420482,14.991839008871466,7.4246510048396885,5.238824000116438,2.5691269984235987,1,0,0,,,,,,,,,,,,,,local_map_fast,False,12,6934,0,False,False,False,,,,inactive,,,,,,,,,,
front_end,4316911.66814688,True,icp_accepted,2722,1.0,0.10626666305084786,18.6329099960858,8.48120599403046,5.888123996555805,2.432199995382689,1,0,0,,,,,,,,,,,,,,local_map_fast,True,12,7200,0,False,False,False,,,,inactive,,,,,,,,,,
front_end,4316911.768288448,True,icp_accepted,2600,1.0,0.06784376048661826,17.058561992598698,8.61588898987975,5.685102005372755,2.542557005654089,1,0,0,,,,,,,,,,,,,,local_map_fast,False,12,7200,0,False,False,False,,,,inactive,,,,,,,,,,
front_end,4316911.868219968,True,icp_accepted,2697,1.0,0.0675552303055659,16.663069996866398,8.466518003842793,5.729315002099611,2.519264002330601,1,0,0,,,,,,,,,,,,,,local_map_fast,False,12,7200,0,False,False,False,,,,inactive,,,,,,,,,,
front_end,4316911.968140416,True,icp_accepted,2585,1.0,0.06946505930677023,18.739310005912557,9.860187012236565,6.610732001718134,2.7687020046869293,1,0,0,,,,,,,,,,,,,,local_map_fast,False,12,7200,0,False,False,False,,,,inactive,,,,,,,,,,
front_end,4316912.068354112,True,icp_accepted,2549,1.0,0.07029806489672642,17.187013989314437,8.665942994412035,5.956242006504908,2.377897995756939,1,0,0,,,,,,,,,,,,,,local_map_fast,False,12,7200,0,False,False,False,,,,inactive,,,,,,,,,,
front_end,4316912.168273792,True,icp_accepted,2600,1.0,0.07522217389467092,17.780277994461358,8.96500499220565,6.551710001076572,2.7472119982121512,1,0,0,,,,,,,,,,,,,,local_map_fast,False,12,7200,0,False,False,False,,,,inactive,,,,,,,,,,
front_end,4316912.267894176,True,icp_accepted,2546,1.0,0.07498954892372235,15.894053998636082,8.569221012294292,5.834722993313335,2.1399700053734705,1,0,0,,,,,,,,,,,,,,local_map_fast,False,12,7200,0,False,False,False,,,,inactive,,,,,,,,,,
front_end,4316912.368243328,True,icp_accepted,2594,1.0,0.07159495833729103,17.660133002209477,9.146716998657212,6.859748988063075,2.4403349962085485,1,0,0,,,,,,,,,,,,,,local_map_fast,False,12,7200,0,False,False,False,,,,inactive,,,,,,,,,,
front_end,4316912.468268928,True,icp_accepted,2571,1.0,0.07081306186591786,17.12876500096172,9.183706002659164,6.595893995836377,2.6814180018845946,1,0,0,,,,,,,,,,,,,,local_map_fast,False,12,7200,0,False,False,False,,,,inactive,,,,,,,,,,
front_end,4316912.567841184,True,icp_accepted,2527,1.0,0.06686028904967498,18.201921004219912,8.289025005069561,5.761054999311455,2.4355860077776015,1,0,0,,,,,,,,,,,,,,local_map_fast,True,12,7228,0,False,False,False,,,,inactive,,,,,,,,,,
front_end,4316912.667891072,True,icp_accepted,2541,1.0,0.06336969876510941,17.67971899244003,9.358404000522569,6.95380600518547,2.817133005009964,1,0,0,,,,,,,,,,,,,,local_map_fast,False,12,7228,0,False,False,False,,,,inactive,,,,,,,,,,
front_end,4316912.768147392,True,icp_accepted,2575,1.0,0.06358103857028027,19.04373300203588,9.704555006464943,7.445390001521446,2.781827002763748,1,0,0,,,,,,,,,,,,,,local_map_fast,False,12,7228,0,False,False,False,,,,inactive,,,,,,,,,,
front_end,4316912.867913664,True,icp_accepted,2527,1.0,0.06429881297906084,36.28073999425396,14.032375998795033,10.922632995061576,10.96796900674235,1,0,0,,,,,,,,,,,,,,local_map_fast,False,12,7228,0,False,False,False,,,,inactive,,,,,,,,,,
front_end,4316912.968290912,True,icp_accepted,2533,1.0,0.06363353886857706,31.77900199079886,12.605144991539419,9.974440996302292,10.038762993644923,1,0,0,,,,,,,,,,,,,,local_map_fast,False,12,7228,0,False,False,False,,,,inactive,,,,,,,,,,
front_end,4316913.068269824,True,icp_accepted,2512,1.0,0.06589569462951175,28.737436994560994,11.920457996893674,8.807097998214886,10.229551000520587,1,0,0,,,,,,,,,,,,,,local_map_fast,False,12,7228,0,False,False,False,,,,inactive,,,,,,,,,,
front_end,4316913.16822208,True,icp_accepted,2492,1.0,0.06588520962955394,26.901828008703887,12.672582000959665,8.774157002335414,5.460208994918503,1,0,0,,,,,,,,,,,,,,local_map_fast,False,12,7228,0,False,False,False,,,,inactive,,,,,,,,,,
optimized_backend,,,,,,,,,,,,,,,,,,,,,,,,,,,,,,,,,,,,,,,,,81,102,22,,,,pose_graph,True
front_end,4316913.26788064,True,icp_accepted,2458,1.0,0.06836688343829718,18.964033006341197,10.076082005980425,7.09642400033772,2.885360998334363,1,0,0,,,,,,,,,,,,,,local_map_fast,False,12,7228,0,False,False,False,,,,inactive,,,,,,,,,,
front_end,4316913.368106976,True,icp_accepted,2451,1.0,0.06736553959515101,15.161758012254722,7.312248999369331,5.191764998016879,2.524563009501435,1,0,0,,,,,,,,,,,,,,local_map_fast,False,12,7228,0,False,False,False,,,,inactive,,,,,,,,,,
front_end,4316913.46786016,True,icp_accepted,2473,1.0,0.06867071112619703,17.45432600728236,8.324301001266576,6.013318998157047,2.7009650075342506,1,0,0,,,,,,,,,,,,,,local_map_fast,False,12,7228,0,False,False,False,,,,inactive,,,,,,,,,,
front_end,4316913.56787456,True,icp_accepted,2432,1.0,0.07482072759897002,17.141006988822483,8.457651987555437,5.767786991782486,2.623880995088257,1,0,0,,,,,,,,,,,,,,local_map_fast,False,12,7228,0,False,False,False,,,,inactive,,,,,,,,,,
front_end,4316913.66810576,True,icp_accepted,2405,1.0,0.07576901332953802,18.68453800852876,10.671081006876193,8.480785007122904,2.178814000217244,1,0,0,,,,,,,,,,,,,,local_map_fast,False,12,7228,0,False,False,False,,,,inactive,,,,,,,,,,
front_end,4316913.767856512,True,icp_accepted,2440,1.0,0.07647782956152316,20.30117499816697,9.901213998091407,7.033925998257473,2.576151004177518,1,0,0,,,,,,,,,,,,,,local_map_fast,True,12,7128,0,False,False,False,,,,inactive,,,,,,,,,,
front_end,4316913.868265824,True,icp_accepted,2438,1.0,0.06266465464706235,17.9349789978005,9.741583999129944,6.789516992284916,2.6409720012452453,1,0,0,,,,,,,,,,,,,,local_map_fast,False,12,7128,0,False,False,False,,,,inactive,,,,,,,,,,
front_end,4316913.968220512,True,icp_accepted,2427,1.0,0.06336243845307321,16.58936101011932,8.844800002407283,6.2633290071971714,2.435386006254703,1,0,0,,,,,,,,,,,,,,local_map_fast,False,12,7128,0,False,False,False,,,,inactive,,,,,,,,,,
front_end,4316914.06848768,True,icp_accepted,2377,1.0,0.06232788571715496,23.37820699904114,11.528130999067798,8.800996991340071,2.8550349961733446,1,0,0,,,,,,,,,,,,,,local_map_fast,False,12,7128,0,False,False,False,,,,inactive,,,,,,,,,,
front_end,4316914.167821824,True,icp_accepted,2423,1.0,0.061909144235050916,18.013496999628842,9.5050700037973,7.176063998485915,2.447257997118868,1,0,0,,,,,,,,,,,,,,local_map_fast,False,12,7128,0,False,False,False,,,,inactive,,,,,,,,,,
front_end,4316914.268214144,True,icp_accepted,2485,1.0,0.06263913417589739,17.141938995337114,8.39649599220138,5.861172990989871,2.3518490052083507,1,0,0,,,,,,,,,,,,,,local_map_fast,False,12,7128,0,False,False,False,,,,inactive,,,,,,,,,,
front_end,4316914.367854528,True,icp_accepted,2415,1.0,0.06226134053466569,17.49866000318434,8.533264001016505,5.726199000491761,2.1153050038265064,1,0,0,,,,,,,,,,,,,,local_map_fast,False,12,7128,0,False,False,False,,,,inactive,,,,,,,,,,
front_end,4316914.468227616,True,icp_accepted,2405,1.0,0.06066953309507548,17.06680799543392,8.84826599212829,5.865471001015976,2.569457996287383,1,0,0,,,,,,,,,,,,,,local_map_fast,False,12,7128,0,False,False,False,,,,inactive,,,,,,,,,,
front_end,4316914.568098304,True,icp_accepted,2464,1.0,0.06422215200054611,14.463817002251744,7.197703991550952,5.092578998301178,2.0571849890984595,1,0,0,,,,,,,,,,,,,,local_map_fast,False,12,7128,0,False,False,False,,,,inactive,,,,,,,,,,
front_end,4316914.667874848,True,icp_accepted,2455,1.0,0.06226756493919562,18.055695996736176,9.973439999157563,6.8229899916332215,2.191297011449933,1,0,0,,,,,,,,,,,,,,local_map_fast,False,12,7128,0,False,False,False,,,,inactive,,,,,,,,,,
front_end,4316914.768294464,True,icp_accepted,2470,1.0,0.060718460347599625,16.47769099508878,8.732318005058914,5.93174499226734,1.8570500105852261,1,0,0,,,,,,,,,,,,,,local_map_fast,False,12,7128,0,False,False,False,,,,inactive,,,,,,,,,,
front_end,4316914.868194112,True,icp_accepted,2481,1.0,0.06133243038607958,15.892782001174055,8.598256012191996,5.775331999757327,2.187209000112489,1,0,0,,,,,,,,,,,,,,local_map_fast,False,12,7128,0,False,False,False,,,,inactive,,,,,,,,,,
front_end,4316914.968446848,True,icp_accepted,2460,1.0,0.0628266591999857,16.413150005973876,8.585051007685252,5.937937996350229,1.8514190014684573,1,0,0,,,,,,,,,,,,,,local_map_fast,False,12,7128,0,False,False,False,,,,inactive,,,,,,,,,,
front_end,4316915.06837824,True,icp_accepted,2443,1.0,0.0627410612628286,17.30502500140574,9.03720999485813,6.810927006881684,2.4021739955060184,1,0,0,,,,,,,,,,,,,,local_map_fast,False,12,7128,0,False,False,False,,,,inactive,,,,,,,,,,
front_end,4316915.168119808,True,icp_accepted,2437,1.0,0.06117008913373804,18.254169001011178,10.123551997821778,7.828820002032444,1.9996469927718863,1,0,0,,,,,,,,,,,,,,local_map_fast,False,12,7128,0,False,False,False,,,,inactive,,,,,,,,,,
front_end,4316915.268350848,True,icp_accepted,2440,1.0,0.06326560188248298,14.943578004022129,7.705367999733426,5.490787007147446,1.8871659995056689,1,0,0,,,,,,,,,,,,,,local_map_fast,False,12,7128,0,False,False,False,,,,inactive,,,,,,,,,,
front_end,4316915.368217472,True,icp_accepted,2462,1.0,0.06288214912569104,17.33724599762354,8.425831998465583,5.571788991801441,1.9397839932935312,1,0,0,,,,,,,,,,,,,,local_map_fast,False,12,7128,0,False,False,False,,,,inactive,,,,,,,,,,
front_end,4316915.468137056,True,icp_accepted,2457,1.0,0.061156505720355143,17.627581997658126,9.762182991835289,7.3019699921133,2.565539994975552,1,0,0,,,,,,,,,,,,,,local_map_fast,False,12,7128,0,False,False,False,,,,inactive,,,,,,,,,,
front_end,4316915.569103232,True,icp_accepted,2442,1.0,0.06078492386171307,18.577095994260162,8.077777994913049,6.066447997000068,2.0129119948251173,1,0,0,,,,,,,,,,,,,,local_map_fast,False,12,7128,0,False,False,False,,,,inactive,,,,,,,,,,
front_end,4316915.668268608,True,icp_accepted,2476,1.0,0.061690962513121915,19.395613999222405,11.945496007683687,8.769638006924652,2.344795997487381,1,0,0,,,,,,,,,,,,,,local_map_fast,False,12,7128,0,False,False,False,,,,inactive,,,,,,,,,,
front_end,4316915.768134048,True,icp_accepted,2462,1.0,0.06207155229106648,17.137450005975552,9.709143007057719,7.550797003204934,1.9764230091823265,1,0,0,,,,,,,,,,,,,,local_map_fast,False,12,7128,0,False,False,False,,,,inactive,,,,,,,,,,
front_end,4316915.869175424,True,icp_accepted,2491,1.0,0.0617951137553056,18.099988999892958,10.265397999319248,7.521292005549185,2.238455999759026,1,0,0,,,,,,,,,,,,,,local_map_fast,False,12,7128,0,False,False,False,,,,inactive,,,,,,,,,,
front_end,4316915.96826304,True,icp_accepted,2452,1.0,0.06293233802795549,16.651566998916678,8.771189997787587,5.80526799603831,1.9737589900614694,1,0,0,,,,,,,,,,,,,,local_map_fast,False,12,7128,0,False,False,False,,,,inactive,,,,,,,,,,
front_end,4316916.068123072,True,icp_accepted,2478,1.0,0.06250804781103143,19.161774005624466,10.66141200135462,8.195079004508443,2.283801994053647,1,0,0,,,,,,,,,,,,,,local_map_fast,False,12,7128,0,False,False,False,,,,inactive,,,,,,,,,,
front_end,4316916.167844576,True,icp_accepted,2458,1.0,0.06239853485943475,16.453074000310153,8.643020002637058,6.1216430040076375,2.249286000733264,1,0,0,,,,,,,,,,,,,,local_map_fast,False,12,7128,0,False,False,False,,,,inactive,,,,,,,,,,
front_end,4316916.268215648,True,icp_accepted,2477,1.0,0.061887548454096226,16.990485004498623,8.569552010158077,5.816429009428248,2.3117230011848733,1,0,0,,,,,,,,,,,,,,local_map_fast,False,12,7128,0,False,False,False,,,,inactive,,,,,,,,,,
front_end,4316916.368123584,True,icp_accepted,2588,1.0,0.06339154028464153,15.966430000844412,8.326825001859106,6.189619991346262,2.544321003369987,1,0,0,,,,,,,,,,,,,,local_map_fast,False,12,7128,0,False,False,False,,,,inactive,,,,,,,,,,
front_end,4316916.469087232,True,icp_accepted,2501,1.0,0.06390575180832664,17.60721301252488,8.94237200554926,5.3623260027961805,3.013342007761821,1,0,0,,,,,,,,,,,,,,local_map_fast,False,12,7128,0,False,False,False,,,,inactive,,,,,,,,,,
front_end,4316916.568175552,True,icp_accepted,2503,1.0,0.06315097287008826,15.449940008693375,7.952102008857764,5.392883002059534,2.462988006300293,1,0,0,,,,,,,,,,,,,,local_map_fast,False,12,7128,0,False,False,False,,,,inactive,,,,,,,,,,
front_end,4316916.669093408,True,icp_accepted,2522,1.0,0.06249330331591005,15.619608995621093,7.163299989770167,5.198258004384115,2.9621459980262443,1,0,0,,,,,,,,,,,,,,local_map_fast,False,12,7128,0,False,False,False,,,,inactive,,,,,,,,,,
front_end,4316916.769101216,True,icp_accepted,2614,1.0,0.06450459379602577,15.192156002740376,7.207753005786799,5.177657993044704,2.846718009095639,1,0,0,,,,,,,,,,,,,,local_map_fast,False,12,7128,0,False,False,False,,,,inactive,,,,,,,,,,
front_end,4316916.868192384,True,icp_accepted,2460,1.0,0.06448227715807571,15.185443000518717,7.079090995830484,5.158833009772934,3.146232003928162,1,0,0,,,,,,,,,,,,,,local_map_fast,False,12,7128,0,False,False,False,,,,inactive,,,,,,,,,,
front_end,4316916.968076224,True,icp_accepted,2521,1.0,0.0678822564215988,16.142931999638677,8.18342600541655,6.196062997332774,2.9788069950882345,1,0,0,,,,,,,,,,,,,,local_map_fast,False,12,7128,0,False,False,False,,,,inactive,,,,,,,,,,
front_end,4316917.067864224,True,icp_accepted,2528,1.0,0.07000630606359821,19.26164199539926,10.997794001013972,8.261823997600004,2.9717129946220666,1,0,0,,,,,,,,,,,,,,local_map_fast,False,12,7128,0,False,False,False,,,,inactive,,,,,,,,,,
front_end,4316917.168135392,True,icp_accepted,2480,1.0,0.06759962917663302,15.61586199386511,7.880076998844743,5.630590007058345,2.0348929974716157,1,0,0,,,,,,,,,,,,,,local_map_fast,False,12,7128,0,False,False,False,,,,inactive,,,,,,,,,,
front_end,4316917.268387392,True,icp_accepted,2488,1.0,0.06535376826521641,19.665450003230944,8.780196993029676,6.658040001639165,2.5108679983532056,1,0,0,,,,,,,,,,,,,,local_map_fast,False,12,7128,0,False,False,False,,,,inactive,,,,,,,,,,
front_end,4316917.36914624,True,icp_accepted,2572,1.0,0.06522750507806611,18.184347994974814,8.195818998501636,5.618818002403714,3.310350002720952,1,0,0,,,,,,,,,,,,,,local_map_fast,False,12,7128,0,False,False,False,,,,inactive,,,,,,,,,,
front_end,4316917.468166016,True,icp_accepted,2540,1.0,0.06520147829833553,18.616800007293932,9.347523999167606,6.582998990779743,2.893276992836036,1,0,0,,,,,,,,,,,,,,local_map_fast,False,12,7128,0,False,False,False,,,,inactive,,,,,,,,,,
front_end,4316917.569165696,True,icp_accepted,2471,1.0,0.06472054563676828,16.449447997729294,8.958022008300759,6.548143996042199,2.0843870006501675,1,0,0,,,,,,,,,,,,,,local_map_fast,False,12,7128,0,False,False,False,,,,inactive,,,,,,,,,,
front_end,4316917.669072,True,icp_accepted,2526,1.0,0.06266998162569362,17.56927299720701,8.264479009085335,5.682646995410323,2.7891509962501004,1,0,0,,,,,,,,,,,,,,local_map_fast,False,12,7128,0,False,False,False,,,,inactive,,,,,,,,,,
front_end,4316917.768208352,True,icp_accepted,2577,1.0,0.06454629758317969,15.164374010055326,7.309574997634627,5.276264011627063,2.60891200741753,1,0,0,,,,,,,,,,,,,,local_map_fast,False,12,7128,0,False,False,False,,,,inactive,,,,,,,,,,
front_end,4316917.868169888,True,icp_accepted,2522,1.0,0.06513680336372879,17.064914005459286,8.264397998573259,5.716662009945139,2.5780339929042384,1,0,0,,,,,,,,,,,,,,local_map_fast,False,12,7128,0,False,False,False,,,,inactive,,,,,,,,,,
front_end,4316917.96911232,True,icp_accepted,2489,1.0,0.0639926687563869,14.795791008509696,7.47214000148233,5.3230920020723715,2.6433570019435138,1,0,0,,,,,,,,,,,,,,local_map_fast,False,12,7128,0,False,False,False,,,,inactive,,,,,,,,,,
front_end,4316918.068128512,True,icp_accepted,2525,1.0,0.06401635236433868,14.584795004338957,7.840502992621623,5.5804449948482215,1.9072639988735318,1,0,0,,,,,,,,,,,,,,local_map_fast,False,12,7128,0,False,False,False,,,,inactive,,,,,,,,,,
front_end,4316918.16905872,True,icp_accepted,2511,1.0,0.06449556470271633,18.67296600539703,8.226698002545163,6.288275006227195,2.3254989937413484,1,0,0,,,,,,,,,,,,,,local_map_fast,False,12,7128,0,False,False,False,,,,inactive,,,,,,,,,,
front_end,4316918.268238944,True,icp_accepted,2494,1.0,0.06406576019396402,13.796864004689269,7.177025006967597,5.21535899315495,1.8944600014947355,1,0,0,,,,,,,,,,,,,,local_map_fast,False,12,7128,0,False,False,False,,,,inactive,,,,,,,,,,
front_end,4316918.368085504,True,icp_accepted,2535,1.0,0.06331811922265683,13.84798000799492,7.20917600847315,5.176517006475478,2.1486869954969734,1,0,0,,,,,,,,,,,,,,local_map_fast,False,12,7128,0,False,False,False,,,,inactive,,,,,,,,,,
front_end,4316918.469120352,True,icp_accepted,2613,1.0,0.06502072856002195,13.675996000529267,6.833910010755062,4.594943005940877,2.3244470066856593,1,0,0,,,,,,,,,,,,,,local_map_fast,False,12,7128,0,False,False,False,,,,inactive,,,,,,,,,,
front_end,4316918.569062784,True,icp_accepted,2543,1.0,0.06471704923768733,13.644748003571294,7.20525901124347,5.045450001489371,2.0248240034561604,1,0,0,,,,,,,,,,,,,,local_map_fast,False,12,7128,0,False,False,False,,,,inactive,,,,,,,,,,
front_end,4316918.66821616,True,icp_accepted,2580,1.0,0.06368509521802496,13.702366995858029,7.193135999841616,5.293846988934092,1.8557470029918477,1,0,0,,,,,,,,,,,,,,local_map_fast,False,12,7128,0,False,False,False,,,,inactive,,,,,,,,,,
front_end,4316918.76908352,True,icp_accepted,2550,1.0,0.06438274485555939,15.886991008301266,8.076715996139683,6.051600998034701,2.1148539963178337,1,0,0,,,,,,,,,,,,,,local_map_fast,False,12,7128,0,False,False,False,,,,inactive,,,,,,,,,,
front_end,4316918.86824336,True,icp_accepted,2571,1.0,0.06340450623587862,15.48096799524501,8.271111000794917,5.637684007524513,2.3127650056267157,1,0,0,,,,,,,,,,,,,,local_map_fast,False,12,7128,0,False,False,False,,,,inactive,,,,,,,,,,
front_end,4316918.968014304,True,icp_accepted,2568,1.0,0.06386314989105037,14.896601001964882,7.823911000741646,5.6591739994473755,2.351568007725291,1,0,0,,,,,,,,,,,,,,local_map_fast,False,12,7128,0,False,False,False,,,,inactive,,,,,,,,,,
front_end,4316919.069032768,True,icp_accepted,2477,1.0,0.06484284678866095,13.949440995929763,7.092857005773112,5.084222997538745,2.2827499924460426,1,0,0,,,,,,,,,,,,,,local_map_fast,False,12,7128,0,False,False,False,,,,inactive,,,,,,,,,,
front_end,4316919.168295296,True,icp_accepted,2487,1.0,0.06733750996273016,14.717042999109253,7.52088098670356,5.330775995389558,2.6078900118591264,1,0,0,,,,,,,,,,,,,,local_map_fast,False,12,7128,0,False,False,False,,,,inactive,,,,,,,,,,
front_end,4316919.268060128,True,icp_accepted,2481,1.0,0.0702601751367374,14.93101500091143,7.236027013277635,5.299627999193035,2.792826999211684,1,0,0,,,,,,,,,,,,,,local_map_fast,False,12,7128,0,False,False,False,,,,inactive,,,,,,,,,,
front_end,4316919.369157472,True,icp_accepted,2461,1.0,0.07009642718491886,18.643089002580382,7.937914997455664,5.935202003456652,2.7604170027188957,1,0,0,,,,,,,,,,,,,,local_map_fast,False,12,7128,0,False,False,False,,,,inactive,,,,,,,,,,
front_end,4316919.46914416,True,icp_accepted,2486,1.0,0.07543024713675146,16.738820995669812,8.58582199725788,6.06408400926739,2.151742999558337,1,0,0,,,,,,,,,,,,,,local_map_fast,False,12,7128,0,False,False,False,,,,inactive,,,,,,,,,,
front_end,4316919.56818832,True,icp_accepted,2481,1.0,0.07196810451808942,18.55425300891511,10.135474003618583,7.83961100387387,2.7253200096311048,1,0,0,,,,,,,,,,,,,,local_map_fast,False,12,7128,0,False,False,False,,,,inactive,,,,,,,,,,
front_end,4316919.669155744,True,icp_accepted,2418,1.0,0.07006011924292248,15.652660993509926,7.855259987991303,5.1573309901868924,2.3667869972996414,1,0,0,,,,,,,,,,,,,,local_map_fast,False,12,7128,0,False,False,False,,,,inactive,,,,,,,,,,
front_end,4316919.768228512,True,icp_accepted,2483,1.0,0.07052613430273809,15.942095007630996,7.682345007197,5.554837000090629,2.7455689996713772,1,0,0,,,,,,,,,,,,,,local_map_fast,False,12,7128,0,False,False,False,,,,inactive,,,,,,,,,,
front_end,4316919.86804448,True,icp_accepted,2570,1.0,0.07091256337977161,17.909269998199306,9.074620000319555,6.848277989774942,2.932791001512669,1,0,0,,,,,,,,,,,,,,local_map_fast,False,12,7128,0,False,False,False,,,,inactive,,,,,,,,,,
front_end,4316919.969025728,True,icp_accepted,2547,1.0,0.07131864854786452,17.326756002148613,9.089589002542198,6.972551986109465,3.2253509998554364,1,0,0,,,,,,,,,,,,,,local_map_fast,False,12,7128,0,False,False,False,,,,inactive,,,,,,,,,,
front_end,4316920.069008256,True,icp_accepted,2557,1.0,0.07075850863214973,14.660657005151734,7.878272997913882,5.353119006031193,2.369983005337417,1,0,0,,,,,,,,,,,,,,local_map_fast,False,12,7128,0,False,False,False,,,,inactive,,,,,,,,,,
front_end,4316920.168038176,True,icp_accepted,2625,1.0,0.07610730289949127,14.996226993389428,7.34764599474147,5.3639890102203935,2.8905210056109354,1,0,0,,,,,,,,,,,,,,local_map_fast,False,12,7128,0,False,False,False,,,,inactive,,,,,,,,,,
front_end,4316920.26907056,True,icp_accepted,2575,1.0,0.08098165085744287,16.35586199699901,7.020831995760091,5.108217999804765,2.659325997228734,1,0,0,,,,,,,,,,,,,,local_map_fast,True,12,7004,0,False,False,False,,,,inactive,,,,,,,,,,
front_end,4316920.369089792,True,icp_accepted,2633,1.0,0.06939208564616314,14.34803000302054,6.911225995281711,4.950230999384075,2.8298280085437,1,0,0,,,,,,,,,,,,,,local_map_fast,False,12,7004,0,False,False,False,,,,inactive,,,,,,,,,,
front_end,4316920.468189792,True,icp_accepted,2537,1.0,0.07356105564404858,14.108678995398805,7.110068996553309,4.829034005524591,2.5272689963458106,1,0,0,,,,,,,,,,,,,,local_map_fast,False,12,7004,0,False,False,False,,,,inactive,,,,,,,,,,
front_end,4316920.569047264,True,icp_accepted,2635,1.0,0.07686386946906422,15.024180000182241,7.630077001522295,5.313744011800736,2.514655003324151,1,0,0,,,,,,,,,,,,,,local_map_fast,False,12,7004,0,False,False,False,,,,inactive,,,,,,,,,,
front_end,4316920.66900112,True,icp_accepted,2668,1.0,0.0791391097039056,14.65860300231725,7.515431003412232,5.333011009497568,2.4748400028329343,1,0,0,,,,,,,,,,,,,,local_map_fast,False,12,7004,0,False,False,False,,,,inactive,,,,,,,,,,
front_end,4316920.769086592,True,icp_accepted,2581,0.9992251065478497,0.0807628628531272,15.30297398858238,7.932013992103748,5.402099995990284,2.6385869859950617,1,0,0,,,,,,,,,,,,,,local_map_fast,False,12,7004,0,False,False,False,,,,inactive,,,,,,,,,,
front_end,4316920.868275104,True,icp_accepted,2723,1.0,0.08137644234262453,14.893744999426417,7.284666993655264,5.324715006281622,2.7574209962040186,1,0,0,,,,,,,,,,,,,,local_map_fast,False,12,7004,0,False,False,False,,,,inactive,,,,,,,,,,
front_end,4316920.968122624,True,icp_accepted,2703,0.9996300406955235,0.0835508522667868,14.467122993664816,7.243900996400043,5.310187989380211,2.626233996124938,1,0,0,,,,,,,,,,,,,,local_map_fast,False,12,7004,0,False,False,False,,,,inactive,,,,,,,,,,
front_end,4316921.06907776,True,icp_accepted,2761,1.0,0.0900198900976602,17.469214013544843,8.16084400867112,6.13775200326927,2.6126290031243116,1,0,0,,,,,,,,,,,,,,local_map_fast,True,12,6950,0,False,False,False,,,,inactive,,,,,,,,,,
front_end,4316921.16913296,True,icp_accepted,2769,1.0,0.06866386484870332,17.053542993380688,8.070554002188146,6.027666007867083,2.4775649944785982,1,0,0,,,,,,,,,,,,,,local_map_fast,False,12,6950,0,False,False,False,,,,inactive,,,,,,,,,,
front_end,4316921.268178944,True,icp_accepted,2786,1.0,0.07339873063294676,26.403891999507323,10.639982006978244,7.701251000980847,9.070261992746964,1,0,0,,,,,,,,,,,,,,local_map_fast,False,12,6950,0,False,False,False,,,,inactive,,,,,,,,,,
front_end,4316921.369070432,True,icp_accepted,2794,1.0,0.08358807222696094,32.84123800403904,12.736602002405562,9.631587992771529,9.24017200304661,1,0,0,,,,,,,,,,,,,,local_map_fast,False,12,6950,0,False,False,False,,,,inactive,,,,,,,,,,
front_end,4316921.469023808,True,icp_accepted,2771,1.0,0.08607257335845299,28.533422999316826,12.43578600406181,9.955786998034455,8.840380993206054,1,0,0,,,,,,,,,,,,,,local_map_fast,False,12,6950,0,False,False,False,,,,inactive,,,,,,,,,,
front_end,4316921.569021824,True,icp_accepted,2800,1.0,0.08845436767211398,24.800710001727566,9.817125988774933,7.047812003293075,8.681010993313976,1,0,0,,,,,,,,,,,,,,local_map_fast,False,12,6950,0,False,False,False,,,,inactive,,,,,,,,,,
front_end,4316921.66903472,True,icp_accepted,2774,1.0,0.086244127682618,23.48691099905409,9.722918999614194,7.414200998027809,7.561928010545671,1,0,0,,,,,,,,,,,,,,local_map_fast,False,12,6950,0,False,False,False,,,,inactive,,,,,,,,,,
optimized_backend,,,,,,,,,,,,,,,,,,,,,,,,,,,,,,,,,,,,,,,,,82,104,23,,,,pose_graph,True
front_end,4316921.76895296,True,icp_accepted,2740,1.0,0.08773516378601753,22.30470000358764,9.948813007213175,7.398090994684026,2.9608129989355803,1,0,0,,,,,,,,,,,,,,local_map_fast,False,12,6950,0,False,False,False,,,,inactive,,,,,,,,,,
front_end,4316921.868978208,True,icp_accepted,2890,1.0,0.09173578498545884,17.374246002873406,7.7190640004118904,5.21718300296925,2.978055999847129,1,0,0,,,,,,,,,,,,,,local_map_fast,True,12,6850,0,False,False,False,,,,inactive,,,,,,,,,,
front_end,4316921.969095616,True,icp_accepted,2709,1.0,0.06426697323411014,14.357617998030037,7.128544995794073,5.118166998727247,2.656151002156548,1,0,0,,,,,,,,,,,,,,local_map_fast,False,12,6850,0,False,False,False,,,,inactive,,,,,,,,,,
front_end,4316922.069023648,True,icp_accepted,2854,1.0,0.06823547995456013,18.719202998909168,10.843825002666563,8.114397001918405,3.158544990583323,1,0,0,,,,,,,,,,,,,,local_map_fast,False,12,6850,0,False,False,False,,,,inactive,,,,,,,,,,
front_end,4316922.168145024,True,icp_accepted,2749,1.0,0.0731393937249816,14.536724003846757,7.281932994374074,5.2730379975400865,2.5695880030980334,1,0,0,,,,,,,,,,,,,,local_map_fast,False,12,6850,0,False,False,False,,,,inactive,,,,,,,,,,
front_end,4316922.269064736,True,icp_accepted,2825,1.0,0.07565738967911208,14.223795995349064,7.10554099350702,5.088170990347862,2.405270002782345,1,0,0,,,,,,,,,,,,,,local_map_fast,False,12,6850,0,False,False,False,,,,inactive,,,,,,,,,,
front_end,4316922.369051776,True,icp_accepted,2822,1.0,0.08220390440655709,18.504199004382826,9.58033099595923,7.2441520023858175,2.9085349960951135,1,0,0,,,,,,,,,,,,,,local_map_fast,False,12,6850,0,False,False,False,,,,inactive,,,,,,,,,,
front_end,4316922.468970656,True,icp_accepted,2779,1.0,0.08327035309161704,14.417890997719951,7.307660998776555,5.252609000308439,2.581280001322739,1,0,0,,,,,,,,,,,,,,local_map_fast,False,12,6850,0,False,False,False,,,,inactive,,,,,,,,,,
front_end,4316922.569100064,True,icp_accepted,2770,1.0,0.08589474754707578,17.7240030025132,8.040418004384264,5.68013200245332,2.674946008482948,1,0,0,,,,,,,,,,,,,,local_map_fast,True,12,6849,0,False,False,False,,,,inactive,,,,,,,,,,
front_end,4316922.668986304,True,icp_accepted,2744,1.0,0.06498256120271177,19.516771004418842,8.191672008251771,5.523758998606354,2.4861119891284034,1,0,0,,,,,,,,,,,,,,local_map_fast,False,12,6849,0,False,False,False,,,,inactive,,,,,,,,,,
front_end,4316922.768962848,True,icp_accepted,2777,1.0,0.06697897507208765,36.51388800062705,13.391120999585837,9.645362995797768,10.296175998519175,1,0,0,,,,,,,,,,,,,,local_map_fast,False,12,6849,0,False,False,False,,,,inactive,,,,,,,,,,
front_end,4316922.869057024,True,icp_accepted,2838,1.0,0.0687249841267758,27.13859299547039,11.664025994832627,8.830542996292934,7.63803199515678,1,0,0,,,,,,,,,,,,,,local_map_fast,False,12,6849,0,False,False,False,,,,inactive,,,,,,,,,,
front_end,4316922.968982848,True,icp_accepted,2802,1.0,0.0739352721215797,25.535190012305975,10.507983999559656,7.973502011736855,8.172786998329684,1,0,0,,,,,,,,,,,,,,local_map_fast,False,12,6849,0,False,False,False,,,,inactive,,,,,,,,,,
optimized_backend,,,,,,,,,,,,,,,,,,,,,,,,,,,,,,,,,,,,,,,,,83,106,24,,,,pose_graph,True
front_end,4316923.068193472,True,icp_accepted,2861,1.0,0.07564889216322578,19.40082300279755,9.648359002312645,7.320856006117538,3.9708810072625056,1,0,0,,,,,,,,,,,,,,local_map_fast,False,12,6849,0,False,False,False,,,,inactive,,,,,,,,,,
front_end,4316923.16906,True,icp_accepted,2811,1.0,0.07904778873511935,15.47568800742738,7.852064009057358,5.444861002615653,2.6566619926597923,1,0,0,,,,,,,,,,,,,,local_map_fast,False,12,6849,0,False,False,False,,,,inactive,,,,,,,,,,
front_end,4316923.268944192,True,icp_accepted,2905,1.0,0.07760885069191045,14.068645003135316,7.052051005302928,5.055790010374039,2.210663995356299,1,0,0,,,,,,,,,,,,,,local_map_fast,False,12,6849,0,False,False,False,,,,inactive,,,,,,,,,,
front_end,4316923.36805472,True,icp_accepted,2724,1.0,0.07411739522252213,14.940221997676417,7.254811003804207,5.20932899962645,2.7874080114997923,1,0,0,,,,,,,,,,,,,,local_map_fast,False,12,6849,0,False,False,False,,,,inactive,,,,,,,,,,
front_end,4316923.46908368,True,icp_accepted,2738,1.0,0.07821510229709179,15.20624199474696,7.908529994892888,5.110943006002344,2.3180849966593087,1,0,0,,,,,,,,,,,,,,local_map_fast,False,12,6849,0,False,False,False,,,,inactive,,,,,,,,,,
front_end,4316923.568926432,True,icp_accepted,2800,1.0,0.07795039655406495,16.173850002815016,8.49621400993783,6.379888000083156,2.4124129995470867,1,0,0,,,,,,,,,,,,,,local_map_fast,False,12,6849,0,False,False,False,,,,inactive,,,,,,,,,,
front_end,4316923.668094816,True,icp_accepted,2718,1.0,0.07934873687887967,14.250797001295723,7.605079998029396,5.406158001278527,1.8403979920549318,1,0,0,,,,,,,,,,,,,,local_map_fast,False,12,6849,0,False,False,False,,,,inactive,,,,,,,,,,
front_end,4316923.767900128,True,icp_accepted,2763,1.0,0.0790113347707797,15.457212997716852,8.086815010756254,5.486789988935925,2.366455999435857,1,0,0,,,,,,,,,,,,,,local_map_fast,False,12,6849,0,False,False,False,,,,inactive,,,,,,,,,,
front_end,4316923.868905472,True,icp_accepted,2705,1.0,0.08059338838621051,16.890166007215157,7.70732200180646,5.283698003040627,2.3530110047431663,1,0,0,,,,,,,,,,,,,,local_map_fast,True,12,6754,0,False,False,False,,,,inactive,,,,,,,,,,
front_end,4316923.968235168,True,icp_accepted,2743,1.0,0.06535996566440977,14.894676001858898,7.796498990501277,5.352858002879657,2.2214339987840503,1,0,0,,,,,,,,,,,,,,local_map_fast,False,12,6754,0,False,False,False,,,,inactive,,,,,,,,,,
front_end,4316924.069073728,True,icp_accepted,2629,1.0,0.06339412959433718,18.022413001745008,7.390165003016591,5.240717000560835,2.1883220033487305,1,0,0,,,,,,,,,,,,,,local_map_fast,False,12,6754,0,False,False,False,,,,inactive,,,,,,,,,,
front_end,4316924.169013344,True,icp_accepted,2695,1.0,0.06480568275547051,16.15469399257563,8.427394990576431,6.410665009752847,2.2174259938765317,1,0,0,,,,,,,,,,,,,,local_map_fast,False,12,6754,0,False,False,False,,,,inactive,,,,,,,,,,
front_end,4316924.268112576,True,icp_accepted,2666,1.0,0.06749267551359493,15.432016007252969,8.056608014157973,5.446513998322189,2.457848997437395,1,0,0,,,,,,,,,,,,,,local_map_fast,False,12,6754,0,False,False,False,,,,inactive,,,,,,,,,,
front_end,4316924.368957888,True,icp_accepted,2572,1.0,0.06630257625841901,15.487090000533499,7.907598992460407,5.109500998514704,2.3120639962144196,1,0,0,,,,,,,,,,,,,,local_map_fast,False,12,6754,0,False,False,False,,,,inactive,,,,,,,,,,
front_end,4316924.46820784,True,icp_accepted,2564,1.0,0.06859036203291127,18.726255992078222,7.809823990100995,5.483724002260715,2.398797994828783,1,0,0,,,,,,,,,,,,,,local_map_fast,False,12,6754,0,False,False,False,,,,inactive,,,,,,,,,,
front_end,4316924.568222912,True,icp_accepted,2622,1.0,0.06888930115001576,17.512796010123566,10.25168200430926,7.968774007167667,2.2169449948705733,1,0,0,,,,,,,,,,,,,,local_map_fast,False,12,6754,0,False,False,False,,,,inactive,,,,,,,,,,
front_end,4316924.669071168,True,icp_accepted,2622,1.0,0.0678094836930452,14.81455599423498,7.710036996286362,5.31876299646683,1.928723999299109,1,0,0,,,,,,,,,,,,,,local_map_fast,False,12,6754,0,False,False,False,,,,inactive,,,,,,,,,,
front_end,4316924.769016992,True,icp_accepted,2500,1.0,0.06744238183038102,15.385588994831778,8.297039996250533,6.095543998526409,2.121276003890671,1,0,0,,,,,,,,,,,,,,local_map_fast,False,12,6754,0,False,False,False,,,,inactive,,,,,,,,,,
front_end,4316924.868970624,True,icp_accepted,2576,1.0,0.06734180817599553,15.526964998571202,7.159211992984638,5.147932999534532,2.6976789959007874,1,0,0,,,,,,,,,,,,,,local_map_fast,False,12,6754,0,False,False,False,,,,inactive,,,,,,,,,,
front_end,4316924.96809632,True,icp_accepted,2645,1.0,0.06752684708165128,17.12585899804253,8.83330799115356,6.586946998140775,2.719900992815383,1,0,0,,,,,,,,,,,,,,local_map_fast,False,12,6754,0,False,False,False,,,,inactive,,,,,,,,,,
front_end,4316925.06900224,True,icp_accepted,2527,1.0,0.06698921547664771,14.728094000020064,7.806708992575295,5.441004002932459,2.074807998724282,1,0,0,,,,,,,,,,,,,,local_map_fast,False,12,6754,0,False,False,False,,,,inactive,,,,,,,,,,
front_end,4316925.168139584,True,icp_accepted,2678,1.0,0.06914920264677,15.470148005988449,8.383742009755224,5.783165994216688,1.9944469968322664,1,0,0,,,,,,,,,,,,,,local_map_fast,False,12,6754,0,False,False,False,,,,inactive,,,,,,,,,,
front_end,4316925.269092992,True,icp_accepted,2607,1.0,0.06966523495033841,13.883435996831395,7.198234990937635,5.193557997699827,1.9753109954763204,1,0,0,,,,,,,,,,,,,,local_map_fast,False,12,6754,0,False,False,False,,,,inactive,,,,,,,,,,
front_end,4316925.368945248,True,icp_accepted,2683,1.0,0.06752629166336728,15.265092995832674,8.221797994337976,5.971630991552956,1.7637040000408888,1,0,0,,,,,,,,,,,,,,local_map_fast,False,12,6754,0,False,False,False,,,,inactive,,,,,,,,,,
front_end,4316925.468127872,True,icp_accepted,2451,1.0,0.06984658066215345,17.371631009154953,9.132851002505049,6.98019600531552,2.4705419928068295,1,0,0,,,,,,,,,,,,,,local_map_fast,False,12,6754,0,False,False,False,,,,inactive,,,,,,,,,,
front_end,4316925.569098464,True,icp_accepted,2621,1.0,0.06819309449769684,18.75446000485681,8.052381002926268,6.02644300670363,1.7977880052058026,1,0,0,,,,,,,,,,,,,,local_map_fast,False,12,6754,0,False,False,False,,,,inactive,,,,,,,,,,
front_end,4316925.668972768,True,icp_accepted,2566,1.0,0.06857599667374835,14.824615005636588,7.6480910065583885,5.345714991563,2.1498190035345033,1,0,0,,,,,,,,,,,,,,local_map_fast,False,12,6754,0,False,False,False,,,,inactive,,,,,,,,,,
front_end,4316925.769041856,True,icp_accepted,2678,1.0,0.06742270005657354,14.51824899413623,7.426604002830572,4.94397000875324,2.1741650125477463,1,0,0,,,,,,,,,,,,,,local_map_fast,False,12,6754,0,False,False,False,,,,inactive,,,,,,,,,,
front_end,4316925.868086816,True,icp_accepted,2641,1.0,0.06781050037233498,17.675581999355927,8.027263000258245,5.446554001537152,1.8723379907896742,1,0,0,,,,,,,,,,,,,,local_map_fast,False,12,6754,0,False,False,False,,,,inactive,,,,,,,,,,
front_end,4316925.968976192,True,icp_accepted,2539,1.0,0.07045472745225569,15.205189993139356,8.033745005377568,5.995344996335916,2.0167999900877476,1,0,0,,,,,,,,,,,,,,local_map_fast,False,12,6754,0,False,False,False,,,,inactive,,,,,,,,,,
front_end,4316926.068107488,True,icp_accepted,2607,1.0,0.07162962926641012,16.493741000886075,8.223491997341625,5.572039008256979,2.2472819982795045,1,0,0,,,,,,,,,,,,,,local_map_fast,False,12,6754,0,False,False,False,,,,inactive,,,,,,,,,,
front_end,4316926.168970784,True,icp_accepted,2594,1.0,0.0723975432461868,18.73613501084037,11.293450006633066,8.408829991822131,2.6507100119488314,1,0,0,,,,,,,,,,,,,,local_map_fast,False,12,6754,0,False,False,False,,,,inactive,,,,,,,,,,
front_end,4316926.268989184,True,icp_accepted,2584,1.0,0.0817686619234741,18.13082800072152,7.998989996849559,4.9546999944141135,2.6156439998885617,1,0,0,,,,,,,,,,,,,,local_map_fast,True,12,6669,0,False,False,False,,,,inactive,,,,,,,,,,
front_end,4316926.3690816,True,icp_accepted,2607,1.0,0.06323194108487273,14.996197001892142,7.965616998262703,4.804096999578178,2.2397590073524043,1,0,0,,,,,,,,,,,,,,local_map_fast,False,12,6669,0,False,False,False,,,,inactive,,,,,,,,,,
front_end,4316926.468922176,True,icp_accepted,2537,1.0,0.06632372472668359,19.084849991486408,8.68165199062787,6.357937003485858,2.500818998669274,1,0,0,,,,,,,,,,,,,,local_map_fast,False,12,6669,0,False,False,False,,,,inactive,,,,,,,,,,
front_end,4316926.568915808,True,icp_accepted,2629,1.0,0.07463292304570204,43.31380600342527,11.100136995082721,7.874335991800763,15.259141990100034,1,0,0,,,,,,,,,,,,,,local_map_fast,True,12,6559,0,False,False,False,,,,inactive,,,,,,,,,,
front_end,4316926.669052032,True,icp_accepted,2591,1.0,0.06553148860961332,28.68494800350163,11.180036992300302,7.814472992322408,8.756442999583669,1,0,0,,,,,,,,,,,,,,local_map_fast,False,12,6559,0,False,False,False,,,,inactive,,,,,,,,,,
front_end,4316926.769024448,True,icp_accepted,2649,1.0,0.06592164186591495,26.749301003292203,10.09397600137163,7.27789499796927,6.606713999644853,1,0,0,,,,,,,,,,,,,,local_map_fast,True,12,6440,0,False,False,False,,,,inactive,,,,,,,,,,
front_end,4316926.86881632,True,icp_accepted,2522,1.0,0.06092948855158885,27.113405012642033,11.32403701194562,7.844228995963931,4.5234589924803,1,0,0,,,,,,,,,,,,,,local_map_fast,False,12,6440,0,False,False,False,,,,inactive,,,,,,,,,,
optimized_backend,,,,,,,,,,,,,,,,,,,,,,,,,,,,,,,,,,,,,,,,,84,108,25,,,,pose_graph,True
front_end,4316926.96906736,True,icp_accepted,2559,1.0,0.06073532423164323,29.119794999132864,12.448761000996456,8.631808988866396,5.8446320035727695,1,0,0,,,,,,,,,,,,,,local_map_fast,True,12,6287,0,False,False,False,,,,inactive,,,,,,,,,,
front_end,4316927.068934112,True,icp_accepted,2552,1.0,0.059736927385627234,24.222323001595214,11.03789899207186,8.555534994229674,5.927057005465031,1,0,0,,,,,,,,,,,,,,local_map_fast,False,12,6287,0,False,False,False,,,,inactive,,,,,,,,,,
front_end,4316927.168934752,True,icp_accepted,2484,1.0,0.060506092510515426,33.79257599590346,14.256106995162554,10.428584995679557,6.836636006482877,1,0,0,,,,,,,,,,,,,,local_map_fast,True,12,6114,0,False,False,False,,,,inactive,,,,,,,,,,
front_end,4316927.269047968,True,icp_accepted,2430,1.0,0.060538593102362044,24.18161700188648,11.768633004976436,9.348556006443687,5.618888011667877,1,0,0,,,,,,,,,,,,,,local_map_fast,False,12,6114,0,False,False,False,,,,inactive,,,,,,,,,,
optimized_backend,,,,,,,,,,,,,,,,,,,,,,,,,,,,,,,,,,,,,,,,,85,110,26,,,,pose_graph,True
front_end,4316927.368916544,True,icp_accepted,2386,1.0,0.06020040941413063,30.187512005795725,11.109304003184661,8.482238001306541,7.865959996706806,1,0,0,,,,,,,,,,,,,,local_map_fast,True,12,5914,0,False,False,False,,,,inactive,,,,,,,,,,
front_end,4316927.468856224,True,icp_accepted,2385,1.0,0.06049968746005507,23.674864001804963,9.83266498951707,7.424078998155892,7.033727000816725,1,0,0,,,,,,,,,,,,,,local_map_fast,False,12,5914,0,False,False,False,,,,inactive,,,,,,,,,,
front_end,4316927.569082656,True,icp_accepted,2423,1.0,0.06055045917063888,23.72075099265203,9.81762699666433,7.063281998853199,4.753903005621396,1,0,0,,,,,,,,,,,,,,local_map_fast,True,12,5658,0,False,False,False,,,,inactive,,,,,,,,,,
front_end,4316927.669013632,True,icp_accepted,2369,1.0,0.059684580358685096,31.162674000370316,14.597047993447632,11.788791001890786,8.622281005955301,1,0,0,,,,,,,,,,,,,,local_map_fast,False,12,5658,0,False,False,False,,,,inactive,,,,,,,,,,
optimized_backend,,,,,,,,,,,,,,,,,,,,,,,,,,,,,,,,,,,,,,,,,86,112,27,,,,pose_graph,True
front_end,4316927.76893856,True,icp_accepted,2390,1.0,0.059042780397231334,30.21256900683511,11.531267009559087,8.94085000618361,9.062338009243831,1,0,0,,,,,,,,,,,,,,local_map_fast,True,12,5434,0,False,False,False,,,,inactive,,,,,,,,,,
front_end,4316927.86888784,True,icp_accepted,2271,1.0,0.058050589662897216,29.31157599959988,12.615273997653276,9.804603003431112,5.411689009633847,1,0,0,,,,,,,,,,,,,,local_map_fast,False,12,5434,0,False,False,False,,,,inactive,,,,,,,,,,
front_end,4316927.968803168,True,icp_accepted,2283,1.0,0.058647569042820424,25.6636010017246,10.36863200715743,7.569121997221373,3.823955004918389,1,0,0,,,,,,,,,,,,,,local_map_fast,True,12,5138,0,False,False,False,,,,inactive,,,,,,,,,,
optimized_backend,,,,,,,,,,,,,,,,,,,,,,,,,,,,,,,,,,,,,,,,,87,114,28,,,,pose_graph,True
front_end,4316928.068037408,True,icp_accepted,2339,1.0,0.05791186932023914,19.947020002291538,10.069960990222171,7.763076995615847,4.285190996597521,1,0,0,,,,,,,,,,,,,,local_map_fast,False,12,5138,0,False,False,False,,,,inactive,,,,,,,,,,
front_end,4316928.169043104,True,icp_accepted,2283,1.0,0.05901653881216447,31.11190900381189,10.675298995920457,8.26790499559138,13.398326002061367,1,0,0,,,,,,,,,,,,,,local_map_fast,False,12,5138,0,False,False,False,,,,inactive,,,,,,,,,,
front_end,4316928.268975712,True,icp_accepted,2244,0.999554367201426,0.0592746090729531,44.73623901139945,11.866066008224152,9.06812900211662,9.755940991453826,1,0,0,,,,,,,,,,,,,,local_map_fast,True,12,4874,0,False,False,False,,,,inactive,,,,,,,,,,
front_end,4316928.36888432,True,icp_accepted,2150,1.0,0.058561922053740174,33.63432800688315,15.678540003136732,12.533168992376886,5.932137006311677,1,0,0,,,,,,,,,,,,,,local_map_fast,False,12,4874,0,False,False,False,,,,inactive,,,,,,,,,,
front_end,4316928.468023616,True,icp_accepted,2209,1.0,0.06020418498395129,26.65378199890256,14.535862996126525,11.267711000982672,4.708136009867303,1,0,0,,,,,,,,,,,,,,local_map_fast,False,12,4874,0,False,False,False,,,,inactive,,,,,,,,,,
optimized_backend,,,,,,,,,,,,,,,,,,,,,,,,,,,,,,,,,,,,,,,,,88,116,29,,,,pose_graph,True
front_end,4316928.568993088,True,icp_accepted,2218,1.0,0.060515562917315295,24.55519899376668,11.795282989623956,8.227629004977643,5.324094003299251,1,0,0,,,,,,,,,,,,,,local_map_fast,False,12,4874,0,False,False,False,,,,inactive,,,,,,,,,,
front_end,4316928.668834688,True,icp_accepted,2206,1.0,0.0595846062772027,30.332413996802643,13.4515950048808,11.120505005237646,5.605712998658419,1,0,0,,,,,,,,,,,,,,local_map_fast,True,12,4679,0,False,False,False,,,,inactive,,,,,,,,,,
front_end,4316928.768906432,True,icp_accepted,2186,1.0,0.05871644372482306,30.826361995423213,13.005417000385933,7.953975000418723,10.709623995353468,1,0,0,,,,,,,,,,,,,,local_map_fast,False,12,4679,0,False,False,False,,,,inactive,,,,,,,,,,
front_end,4316928.867991744,True,icp_accepted,2191,1.0,0.05959362452732803,30.80373999546282,15.883033993304707,13.5864289914025,6.241317998501472,1,0,0,,,,,,,,,,,,,,local_map_fast,False,12,4679,0,False,False,False,,,,inactive,,,,,,,,,,
optimized_backend,,,,,,,,,,,,,,,,,,,,,,,,,,,,,,,,,,,,,,,,,89,118,30,,,,pose_graph,True
front_end,4316928.968195808,True,icp_accepted,2204,0.9995462794918331,0.058904295436399134,28.09458899719175,13.442037990898825,11.040584999136627,6.406176995369606,1,0,0,,,,,,,,,,,,,,local_map_fast,False,12,4679,0,False,False,False,,,,inactive,,,,,,,,,,
front_end,4316929.068100032,True,icp_accepted,2183,1.0,0.06009673932826325,29.22454199870117,12.906411007861607,10.492586006876081,5.546501997741871,1,0,0,,,,,,,,,,,,,,local_map_fast,False,12,4679,0,False,False,False,,,,inactive,,,,,,,,,,
front_end,4316929.168979232,True,icp_accepted,2146,1.0,0.06088829379697184,26.3121099997079,11.864283005706966,8.470765998936258,8.070615003816783,1,0,0,,,,,,,,,,,,,,local_map_fast,False,12,4679,0,False,False,False,,,,inactive,,,,,,,,,,
front_end,4316929.268827968,True,icp_accepted,2140,1.0,0.0624526180775664,24.81842300039716,10.621486988384277,8.235864996095188,6.972770992433652,1,0,0,,,,,,,,,,,,,,local_map_fast,False,12,4679,0,False,False,False,,,,inactive,,,,,,,,,,
optimized_backend,,,,,,,,,,,,,,,,,,,,,,,,,,,,,,,,,,,,,,,,,90,120,31,,,,pose_graph,True
front_end,4316929.368995776,True,icp_accepted,2119,1.0,0.06405553465507273,18.184247994213365,9.483789996011183,6.132302005426027,2.11514400143642,1,0,0,,,,,,,,,,,,,,local_map_fast,False,12,4679,0,False,False,False,,,,inactive,,,,,,,,,,
front_end,4316929.468975296,True,icp_accepted,2084,1.0,0.06591295476472887,15.087168998434208,7.819403006578796,5.323443008819595,1.8254599999636412,1,0,0,,,,,,,,,,,,,,local_map_fast,False,12,4679,0,False,False,False,,,,inactive,,,,,,,,,,
front_end,4316929.568945312,True,icp_accepted,2128,1.0,0.06450986331201206,14.891680999426171,8.303040987811983,6.3127110042842105,1.4095779915805906,1,0,0,,,,,,,,,,,,,,local_map_fast,False,12,4679,0,False,False,False,,,,inactive,,,,,,,,,,
front_end,4316929.66880432,True,icp_accepted,2203,1.0,0.061335943749173526,15.908090994344093,8.223682001698762,5.676645989296958,1.4973340003052726,1,0,0,,,,,,,,,,,,,,local_map_fast,False,12,4679,0,False,False,False,,,,inactive,,,,,,,,,,
front_end,4316929.768952576,True,icp_accepted,2200,1.0,0.06164222671400456,16.091005003545433,8.016042003873736,5.184621011721902,1.8884489982156083,1,0,0,,,,,,,,,,,,,,local_map_fast,False,12,4679,0,False,False,False,,,,inactive,,,,,,,,,,
front_end,4316929.868832576,True,icp_accepted,2283,1.0,0.06207201903182758,16.40715799294412,8.332365992828272,5.683949988451786,1.8254999886266887,1,0,0,,,,,,,,,,,,,,local_map_fast,False,12,4679,0,False,False,False,,,,inactive,,,,,,,,,,
front_end,4316929.968005184,True,icp_accepted,2286,1.0,0.06247562988455113,15.66998299676925,8.670390991028398,6.455339986132458,1.3595350028481334,1,0,0,,,,,,,,,,,,,,local_map_fast,False,12,4679,0,False,False,False,,,,inactive,,,,,,,,,,
front_end,4316930.06894528,True,icp_accepted,2343,1.0,0.062421358057998096,17.381047990056686,9.5559249893995,6.570776007720269,1.7753860010998324,1,0,0,,,,,,,,,,,,,,local_map_fast,False,12,4679,0,False,False,False,,,,inactive,,,,,,,,,,
front_end,4316930.168824576,True,icp_accepted,2279,1.0,0.06360054958570184,17.918819008627906,8.710276000783779,6.539506997796707,1.7590349889360368,1,0,0,,,,,,,,,,,,,,local_map_fast,True,12,4444,0,False,False,False,,,,inactive,,,,,,,,,,
front_end,4316930.268010688,True,icp_accepted,2358,1.0,0.0623746499403706,17.159190989332274,8.858114000759088,6.696872995235026,1.8980259919771925,1,0,0,,,,,,,,,,,,,,local_map_fast,False,12,4444,0,False,False,False,,,,inactive,,,,,,,,,,
front_end,4316930.368948064,True,icp_accepted,2297,1.0,0.06245752049483571,17.72329099185299,8.06506400112994,5.6791609968058765,1.6152150055859238,1,0,0,,,,,,,,,,,,,,local_map_fast,False,12,4444,0,False,False,False,,,,inactive,,,,,,,,,,
front_end,4316930.468785088,True,icp_accepted,2365,1.0,0.06216898647613316,34.03424899443053,14.773688992136158,12.253594992216676,4.8627070063957945,1,0,0,,,,,,,,,,,,,,local_map_fast,True,12,4426,0,False,False,False,,,,inactive,,,,,,,,,,
front_end,4316930.567943616,True,icp_accepted,2361,1.0,0.06001212144931727,30.37032499560155,15.461451999726705,12.056904000928625,6.50991199654527,1,0,0,,,,,,,,,,,,,,local_map_fast,False,12,4426,0,False,False,False,,,,inactive,,,,,,,,,,
front_end,4316930.667964448,True,icp_accepted,2326,1.0,0.06178254852335008,36.02309600682929,13.929433000157587,10.937651997664943,13.046394000411965,1,0,0,,,,,,,,,,,,,,local_map_fast,False,12,4426,0,False,False,False,,,,inactive,,,,,,,,,,
optimized_backend,,,,,,,,,,,,,,,,,,,,,,,,,,,,,,,,,,,,,,,,,91,122,32,,,,pose_graph,True
front_end,4316930.768813152,True,icp_accepted,2400,1.0,0.0637729032262261,17.568009992828593,9.19759199314285,6.732149995514192,1.934895000886172,1,0,0,,,,,,,,,,,,,,local_map_fast,False,12,4426,0,False,False,False,,,,inactive,,,,,,,,,,
front_end,4316930.868897056,True,icp_accepted,2320,1.0,0.06284246238425197,16.120790998684242,8.551017992431298,5.855491996044293,1.3132070016581565,1,0,0,,,,,,,,,,,,,,local_map_fast,False,12,4426,0,False,False,False,,,,inactive,,,,,,,,,,
front_end,4316930.968815712,True,icp_accepted,2341,1.0,0.06370374641518309,17.995764006627724,10.191599998506717,7.386338998912834,1.4459469966823235,1,0,0,,,,,,,,,,,,,,local_map_fast,False,12,4426,0,False,False,False,,,,inactive,,,,,,,,,,
front_end,4316931.068005504,True,icp_accepted,2404,1.0,0.06471446086295321,17.689607993816026,8.286098993266933,5.067050995421596,1.6324669995810837,1,0,0,,,,,,,,,,,,,,local_map_fast,True,12,4432,0,False,False,False,,,,inactive,,,,,,,,,,
front_end,4316931.168933472,True,icp_accepted,2384,1.0,0.06116005295378571,18.95563800644595,9.266512002795935,6.35130399314221,1.8083379982272163,1,0,0,,,,,,,,,,,,,,local_map_fast,False,12,4432,0,False,False,False,,,,inactive,,,,,,,,,,
front_end,4316931.268828928,True,icp_accepted,2440,1.0,0.06144168923824863,36.95634999894537,18.21393299906049,11.968979000812396,8.0449559900444,1,0,0,,,,,,,,,,,,,,local_map_fast,False,12,4432,0,False,False,False,,,,inactive,,,,,,,,,,
front_end,4316931.368785056,True,icp_accepted,2360,1.0,0.06460561624079489,36.052601994015276,10.766028994112276,7.875547991716303,11.45437300147023,1,0,0,,,,,,,,,,,,,,local_map_fast,False,12,4432,0,False,False,False,,,,inactive,,,,,,,,,,
front_end,4316931.467946016,True,icp_accepted,2335,1.0,0.06226383216922311,26.79912500025239,15.77845799329225,11.029635003069416,2.9677660058951005,1,0,0,,,,,,,,,,,,,,local_map_fast,False,12,4432,0,False,False,False,,,,inactive,,,,,,,,,,
optimized_backend,,,,,,,,,,,,,,,,,,,,,,,,,,,,,,,,,,,,,,,,,92,124,33,,,,pose_graph,True
front_end,4316931.568801888,True,icp_accepted,2405,1.0,0.06162197239332342,17.037442987202667,8.861850990797393,6.159173004562035,2.232004000688903,1,0,0,,,,,,,,,,,,,,local_map_fast,False,12,4432,0,False,False,False,,,,inactive,,,,,,,,,,
front_end,4316931.6688184,True,icp_accepted,2436,1.0,0.060554122089337886,15.169803009484895,8.024868002394214,5.164103000424802,1.681790003203787,1,0,0,,,,,,,,,,,,,,local_map_fast,False,12,4432,0,False,False,False,,,,inactive,,,,,,,,,,
front_end,4316931.76895552,True,icp_accepted,2452,1.0,0.06402534104508412,15.4714700038312,8.600108994869515,6.175062997499481,1.8295180052518845,1,0,0,,,,,,,,,,,,,,local_map_fast,False,12,4432,0,False,False,False,,,,inactive,,,,,,,,,,
front_end,4316931.86879584,True,icp_accepted,2443,1.0,0.06440001385203119,14.905496995197609,8.181423007044941,5.449639997095801,1.7243199981749058,1,0,0,,,,,,,,,,,,,,local_map_fast,False,12,4432,0,False,False,False,,,,inactive,,,,,,,,,,
front_end,4316931.968768928,True,icp_accepted,2445,1.0,0.0618583309525503,20.147596995229833,9.35110000136774,6.9824300007894635,1.1805690010078251,1,0,0,,,,,,,,,,,,,,local_map_fast,False,12,4432,0,False,False,False,,,,inactive,,,,,,,,,,
front_end,4316932.06893776,True,icp_accepted,2402,1.0,0.0592313835093399,15.484706003917381,8.101151994196698,5.3397930023493245,1.6475150041515008,1,0,0,,,,,,,,,,,,,,local_map_fast,False,12,4432,0,False,False,False,,,,inactive,,,,,,,,,,
front_end,4316932.168872288,True,icp_accepted,2383,1.0,0.061431528109458795,16.600010989350267,8.27915599802509,5.618907991447486,2.16782400093507,1,0,0,,,,,,,,,,,,,,local_map_fast,False,12,4432,0,False,False,False,,,,inactive,,,,,,,,,,
front_end,4316932.268735264,True,icp_accepted,2426,1.0,0.06159418042783712,16.725466994103044,8.750972992856987,5.990786012262106,1.8748120055533946,1,0,0,,,,,,,,,,,,,,local_map_fast,False,12,4432,0,False,False,False,,,,inactive,,,,,,,,,,
front_end,4316932.367914816,True,icp_accepted,2333,1.0,0.06300555562100553,14.696334008476697,7.851632995880209,5.109850986627862,1.6969790012808517,1,0,0,,,,,,,,,,,,,,local_map_fast,False,12,4432,0,False,False,False,,,,inactive,,,,,,,,,,
front_end,4316932.467887552,True,icp_accepted,2340,1.0,0.06173509371549904,17.666464002104476,9.417153996764682,7.170943994424306,1.8802630074787885,1,0,0,,,,,,,,,,,,,,local_map_fast,False,12,4432,0,False,False,False,,,,inactive,,,,,,,,,,
front_end,4316932.568712864,True,icp_accepted,2323,1.0,0.06173706392996196,21.834076003869995,12.386304006213322,9.014998999191448,1.7489960009697825,1,0,0,,,,,,,,,,,,,,local_map_fast,False,12,4432,0,False,False,False,,,,inactive,,,,,,,,,,
front_end,4316932.668906976,True,icp_accepted,2434,1.0,0.06128286571998893,19.38444300321862,10.60296299692709,7.435991996317171,2.0482280087890103,1,0,0,,,,,,,,,,,,,,local_map_fast,False,12,4432,0,False,False,False,,,,inactive,,,,,,,,,,
front_end,4316932.76870496,True,icp_accepted,2400,1.0,0.06140848827524422,18.821175006451085,8.683275998919271,6.527665012981743,2.0479779923334718,1,0,0,,,,,,,,,,,,,,local_map_fast,False,12,4432,0,False,False,False,,,,inactive,,,,,,,,,,
front_end,4316932.8688128,True,icp_accepted,2356,1.0,0.060610191556861565,14.929741999367252,8.59804499486927,6.534408006700687,1.4914019993739203,1,0,0,,,,,,,,,,,,,,local_map_fast,False,12,4432,0,False,False,False,,,,inactive,,,,,,,,,,
front_end,4316932.968940864,True,icp_accepted,2422,1.0,0.060331695953607094,14.398414001334459,7.701910988544114,4.897381993941963,1.6659399989293888,1,0,0,,,,,,,,,,,,,,local_map_fast,False,12,4432,0,False,False,False,,,,inactive,,,,,,,,,,
front_end,4316933.06887392,True,icp_accepted,2395,1.0,0.05933618468469442,15.26419100991916,7.870749002904631,5.777366008260287,1.7467619909439236,1,0,0,,,,,,,,,,,,,,local_map_fast,False,12,4432,0,False,False,False,,,,inactive,,,,,,,,,,
front_end,4316933.168976032,True,icp_accepted,2462,1.0,0.06245156711733801,14.96059999044519,8.354898003744893,6.182726996485144,1.5019420097814873,1,0,0,,,,,,,,,,,,,,local_map_fast,False,12,4432,0,False,False,False,,,,inactive,,,,,,,,,,
front_end,4316933.268696032,True,icp_accepted,2379,1.0,0.06122591633511515,15.308093003113754,8.117531993775629,5.43709599878639,1.9118519994663075,1,0,0,,,,,,,,,,,,,,local_map_fast,False,12,4432,0,False,False,False,,,,inactive,,,,,,,,,,
front_end,4316933.36897232,True,icp_accepted,2419,1.0,0.061224671816768224,15.845303001697175,8.481786993797868,5.787553993286565,1.6953549929894507,1,0,0,,,,,,,,,,,,,,local_map_fast,False,12,4432,0,False,False,False,,,,inactive,,,,,,,,,,
front_end,4316933.46801088,True,icp_accepted,2322,1.0,0.060781779123375464,18.280859003425576,9.048883002833463,6.060217012418434,2.0679459994425997,1,0,0,,,,,,,,,,,,,,local_map_fast,False,12,4432,0,False,False,False,,,,inactive,,,,,,,,,,
front_end,4316933.568909856,True,icp_accepted,2338,1.0,0.061334248253388186,17.78208199539222,9.476416002144106,6.62894498964306,2.0522459963103756,1,0,0,,,,,,,,,,,,,,local_map_fast,False,12,4432,0,False,False,False,,,,inactive,,,,,,,,,,
front_end,4316933.668749056,True,icp_accepted,2319,1.0,0.06191323898673222,17.714204004732892,8.934457000577822,6.242780000320636,1.80758599890396,1,0,0,,,,,,,,,,,,,,local_map_fast,False,12,4432,0,False,False,False,,,,inactive,,,,,,,,,,
front_end,4316933.768741696,True,icp_accepted,2344,1.0,0.06211586852548388,16.04203299211804,8.596592990215868,6.391079004970379,1.5615039883414283,1,0,0,,,,,,,,,,,,,,local_map_fast,False,12,4432,0,False,False,False,,,,inactive,,,,,,,,,,
front_end,4316933.867884768,True,icp_accepted,2307,1.0,0.062414961989036066,15.367926011094823,7.879466007580049,5.072269996162504,1.4207099884515628,1,0,0,,,,,,,,,,,,,,local_map_fast,False,12,4432,0,False,False,False,,,,inactive,,,,,,,,,,
front_end,4316933.968812288,True,icp_accepted,2305,1.0,0.06191345340263922,14.662089000921696,7.7386500051943585,5.122393995407037,1.5473879902856424,1,0,0,,,,,,,,,,,,,,local_map_fast,False,12,4432,0,False,False,False,,,,inactive,,,,,,,,,,
front_end,4316934.068709952,True,icp_accepted,2401,1.0,0.06068263042932979,21.974670002236962,8.942642991314642,6.448606989579275,2.128048989106901,1,0,0,,,,,,,,,,,,,,local_map_fast,False,12,4432,0,False,False,False,,,,inactive,,,,,,,,,,
front_end,4316934.168903104,True,icp_accepted,2297,1.0,0.06172303015458631,16.480706006404944,8.353405006346293,5.574605005676858,2.0386200048960745,1,0,0,,,,,,,,,,,,,,local_map_fast,False,12,4432,0,False,False,False,,,,inactive,,,,,,,,,,
front_end,4316934.267848992,True,icp_accepted,2324,1.0,0.05972929386034995,16.320005001034588,8.04657000117004,5.140649009263143,1.5805690054548904,1,0,0,,,,,,,,,,,,,,local_map_fast,False,12,4432,0,False,False,False,,,,inactive,,,,,,,,,,
front_end,4316934.368004992,True,icp_accepted,2337,1.0,0.05904011865958049,15.227252006297931,7.974895008374006,5.974024999886751,1.4530000044032931,1,0,0,,,,,,,,,,,,,,local_map_fast,False,12,4432,0,False,False,False,,,,inactive,,,,,,,,,,
front_end,4316934.467886048,True,icp_accepted,2329,1.0,0.059286129964112304,15.778147004311904,8.829761005472392,6.711861991789192,1.5655919996788725,1,0,0,,,,,,,,,,,,,,local_map_fast,False,12,4432,0,False,False,False,,,,inactive,,,,,,,,,,
front_end,4316934.568881824,True,icp_accepted,2325,1.0,0.05983511912577213,15.877883997745812,8.169820997864008,5.147461997694336,1.9702019926626235,1,0,0,,,,,,,,,,,,,,local_map_fast,False,12,4432,0,False,False,False,,,,inactive,,,,,,,,,,
front_end,4316934.668605984,True,icp_accepted,2269,1.0,0.060980216072677784,17.143781995400786,8.670170995173976,6.4994819986168295,2.3603449953952804,1,0,0,,,,,,,,,,,,,,local_map_fast,False,12,4432,0,False,False,False,,,,inactive,,,,,,,,,,
front_end,4316934.767910176,True,icp_accepted,2285,1.0,0.05959471151892784,19.443744007730857,10.37460399675183,7.492958990042098,1.7958450043806806,1,0,0,,,,,,,,,,,,,,local_map_fast,False,12,4432,0,False,False,False,,,,inactive,,,,,,,,,,
front_end,4316934.868810464,True,icp_accepted,2281,1.0,0.06035543242262228,16.41651600948535,8.89402101165615,6.245355005376041,1.3373020046856254,1,0,0,,,,,,,,,,,,,,local_map_fast,False,12,4432,0,False,False,False,,,,inactive,,,,,,,,,,
front_end,4316934.968755136,True,icp_accepted,2316,1.0,0.05996115113432847,15.295709992642514,8.323759990162216,6.281122987275012,1.7269749951083213,1,0,0,,,,,,,,,,,,,,local_map_fast,False,12,4432,0,False,False,False,,,,inactive,,,,,,,,,,
front_end,4316935.0688888,True,icp_accepted,2328,1.0,0.06226364893792327,17.510310994111933,9.540555998682976,6.716039002640173,2.0570460037561134,1,0,0,,,,,,,,,,,,,,local_map_fast,False,12,4432,0,False,False,False,,,,inactive,,,,,,,,,,
front_end,4316935.16878976,True,icp_accepted,2361,1.0,0.05984769043218677,16.12395601114258,8.43907700618729,5.781312996987253,1.7580329877091572,1,0,0,,,,,,,,,,,,,,local_map_fast,False,12,4432,0,False,False,False,,,,inactive,,,,,,,,,,
front_end,4316935.268726816,True,icp_accepted,2252,1.0,0.05950817038031034,17.58004300063476,8.826395001960918,6.227552003110759,2.210232996731065,1,0,0,,,,,,,,,,,,,,local_map_fast,False,12,4432,0,False,False,False,,,,inactive,,,,,,,,,,
front_end,4316935.367897664,True,icp_accepted,2289,1.0,0.059758625193297187,17.854969002655707,9.071916007087566,6.879054999444634,2.246361007564701,1,0,0,,,,,,,,,,,,,,local_map_fast,False,12,4432,0,False,False,False,,,,inactive,,,,,,,,,,
front_end,4316935.468722624,True,icp_accepted,2378,1.0,0.06030154459262375,16.042112998547964,8.830992999719456,6.578010012162849,1.6374170081689954,1,0,0,,,,,,,,,,,,,,local_map_fast,False,12,4432,0,False,False,False,,,,inactive,,,,,,,,,,
front_end,4316935.568871872,True,icp_accepted,2280,1.0,0.06080213583270339,16.90222800243646,8.660471998155117,6.4810570038389415,1.7686140054138377,1,0,0,,,,,,,,,,,,,,local_map_fast,False,12,4432,0,False,False,False,,,,inactive,,,,,,,,,,
front_end,4316935.667848192,True,icp_accepted,2318,1.0,0.06006189471225852,16.590604005614296,9.050145003129728,6.24432299809996,1.9414479902479798,1,0,0,,,,,,,,,,,,,,local_map_fast,False,12,4432,0,False,False,False,,,,inactive,,,,,,,,,,
front_end,4316935.768798464,True,icp_accepted,2335,1.0,0.05899250865488292,21.43686900672037,10.72297801147215,7.2912000032374635,1.7237190040759742,1,0,0,,,,,,,,,,,,,,local_map_fast,False,12,4432,0,False,False,False,,,,inactive,,,,,,,,,,
front_end,4316935.86866848,True,icp_accepted,2282,1.0,0.059534870568031764,20.046897989232093,9.829308997723274,6.90073698933702,1.714031008305028,1,0,0,,,,,,,,,,,,,,local_map_fast,False,12,4432,0,False,False,False,,,,inactive,,,,,,,,,,
front_end,4316935.967897472,True,icp_accepted,2319,1.0,0.059758307507434945,34.18499200779479,19.059793004998937,12.470020999899134,4.382264000014402,1,0,0,,,,,,,,,,,,,,local_map_fast,False,12,4432,0,False,False,False,,,,inactive,,,,,,,,,,
front_end,4316936.068721248,True,icp_accepted,2296,1.0,0.05892620602340613,29.393099001026712,14.939390996005386,10.865244999877177,2.550793011323549,1,0,0,,,,,,,,,,,,,,local_map_fast,False,12,4432,0,False,False,False,,,,inactive,,,,,,,,,,
front_end,4316936.168695104,True,icp_accepted,2347,1.0,0.06064326012714873,35.34867899725214,20.855606999248266,15.626783002517186,2.3759239993523806,1,0,0,,,,,,,,,,,,,,local_map_fast,False,12,4432,0,False,False,False,,,,inactive,,,,,,,,,,
front_end,4316936.26785552,True,icp_accepted,2338,1.0,0.058809866724807876,38.28951499599498,24.789759001578204,19.072597002377734,2.3832180013414472,1,0,0,,,,,,,,,,,,,,local_map_fast,False,12,4432,0,False,False,False,,,,inactive,,,,,,,,,,
front_end,4316936.368743936,True,icp_accepted,2344,1.0,0.06007576625747371,25.032524994458072,14.378796986420639,10.446347994729877,3.3971329976338893,1,0,0,,,,,,,,,,,,,,local_map_fast,False,12,4432,0,False,False,False,,,,inactive,,,,,,,,,,
front_end,4316936.468621312,True,icp_accepted,2379,1.0,0.060150121413702774,20.771057999809273,13.224969006842002,7.032623994746245,1.2840429990319535,1,0,0,,,,,,,,,,,,,,local_map_fast,False,12,4432,0,False,False,False,,,,inactive,,,,,,,,,,
front_end,4316936.568762464,True,icp_accepted,2290,1.0,0.058505346824280435,17.70044901059009,9.365167003124952,7.0338660007109866,1.5948569925967604,1,0,0,,,,,,,,,,,,,,local_map_fast,False,12,4432,0,False,False,False,,,,inactive,,,,,,,,,,
front_end,4316936.668650624,True,icp_accepted,2286,1.0,0.06006949043406501,16.922747003263794,9.24740600748919,6.889304000651464,1.4236550050554797,1,0,0,,,,,,,,,,,,,,local_map_fast,False,12,4432,0,False,False,False,,,,inactive,,,,,,,,,,
front_end,4316936.768847392,True,icp_accepted,2304,1.0,0.059809938097293465,17.647339001996443,9.435079002287239,7.035440008621663,1.4998280094005167,1,0,0,,,,,,,,,,,,,,local_map_fast,False,12,4432,0,False,False,False,,,,inactive,,,,,,,,,,
front_end,4316936.868806272,True,icp_accepted,2355,1.0,0.059855244301730795,16.595733002759516,8.587225005612709,5.965087999356911,1.6264860023511574,1,0,0,,,,,,,,,,,,,,local_map_fast,False,12,4432,0,False,False,False,,,,inactive,,,,,,,,,,
front_end,4316936.968694112,True,icp_accepted,2431,1.0,0.06004357826446959,20.551355002680793,10.313619000953622,6.883202993776649,1.9496540044201538,1,0,0,,,,,,,,,,,,,,local_map_fast,False,12,4432,0,False,False,False,,,,inactive,,,,,,,,,,
front_end,4316937.06888624,True,icp_accepted,2439,1.0,0.061961680530999375,22.219278995180503,12.20415098941885,8.457161005935632,2.836900996044278,1,0,0,,,,,,,,,,,,,,local_map_fast,False,12,4432,0,False,False,False,,,,inactive,,,,,,,,,,
front_end,4316937.16872128,True,icp_accepted,2428,1.0,0.06104432609207079,17.73203800257761,9.271752001950517,6.17155600048136,2.4137860018527135,1,0,0,,,,,,,,,,,,,,local_map_fast,False,12,4432,0,False,False,False,,,,inactive,,,,,,,,,,
front_end,4316937.268036256,True,icp_accepted,2407,1.0,0.06080394446932584,17.8977800096618,8.630857002572156,6.076247009332292,1.845316990511492,1,0,0,,,,,,,,,,,,,,local_map_fast,False,12,4432,0,False,False,False,,,,inactive,,,,,,,,,,
front_end,4316937.368884224,True,icp_accepted,2479,1.0,0.06817350006596866,17.90125599654857,9.198835003189743,6.790088998968713,1.9399949960643426,1,0,0,,,,,,,,,,,,,,local_map_fast,False,12,4432,0,False,False,False,,,,inactive,,,,,,,,,,
front_end,4316937.468778208,True,icp_accepted,2517,1.0,0.07554330936779306,18.261742996401154,9.755319988471456,6.934839999303222,2.18801099981647,1,0,0,,,,,,,,,,,,,,local_map_fast,False,12,4432,0,False,False,False,,,,inactive,,,,,,,,,,
front_end,4316937.56862624,True,icp_accepted,2515,1.0,0.0911628543562961,16.552300992771052,8.18537999293767,5.117084001540206,2.607899994472973,1,0,0,,,,,,,,,,,,,,local_map_fast,False,12,4432,0,False,False,False,,,,inactive,,,,,,,,,,
front_end,4316937.667891328,True,icp_accepted,2519,0.999603017070266,0.10407809320179962,19.520899004419334,10.393549004220404,6.866812007501721,2.5234509957954288,1,0,0,,,,,,,,,,,,,,local_map_fast,False,12,4432,0,False,False,False,,,,inactive,,,,,,,,,,
front_end,4316937.76884848,True,icp_accepted,2460,0.9991869918699187,0.11908587563215353,19.4024160009576,9.194015001412481,6.635287994868122,2.2350889921654016,1,0,0,,,,,,,,,,,,,,local_map_fast,True,12,4663,0,False,False,False,,,,inactive,,,,,,,,,,
front_end,4316937.868735072,True,icp_accepted,2488,1.0,0.08242078857135769,18.315333989448845,8.716597993043251,5.91436299146153,2.4821739934850484,1,0,0,,,,,,,,,,,,,,local_map_fast,False,12,4663,0,False,False,False,,,,inactive,,,,,,,,,,
front_end,4316937.968870528,True,icp_accepted,2554,1.0,0.08282995576598182,20.429687006981112,9.80338100634981,7.620489006512798,2.048028996796347,1,0,0,,,,,,,,,,,,,,local_map_fast,False,12,4663,0,False,False,False,,,,inactive,,,,,,,,,,
front_end,4316938.068811328,True,icp_accepted,2514,1.0,0.08334937785046262,17.68915800494142,10.010459998738952,7.173698992119171,2.2975570027483627,1,0,0,,,,,,,,,,,,,,local_map_fast,False,12,4663,0,False,False,False,,,,inactive,,,,,,,,,,
front_end,4316938.167818592,True,icp_accepted,2578,1.0,0.0958258142082814,17.79129999340512,8.845951000694185,6.241758004762232,2.8187360003357753,1,0,0,,,,,,,,,,,,,,local_map_fast,False,12,4663,0,False,False,False,,,,inactive,,,,,,,,,,
front_end,4316938.267898176,True,icp_accepted,2565,1.0,0.09038983407430747,20.538711003609933,10.12652700592298,7.047292005154304,2.54335900535807,1,0,0,,,,,,,,,,,,,,local_map_fast,False,12,4663,0,False,False,False,,,,inactive,,,,,,,,,,
front_end,4316938.36881824,True,icp_accepted,2597,1.0,0.1015753319113551,18.037931993603706,9.015328992973082,6.197374998009764,2.673854003660381,1,0,0,,,,,,,,,,,,,,local_map_fast,False,12,4663,0,False,False,False,,,,inactive,,,,,,,,,,
front_end,4316938.468677632,True,icp_accepted,2510,1.0,0.10252354403699467,24.012278008740395,9.531008006888442,6.879776992718689,2.108001004671678,1,0,0,,,,,,,,,,,,,,local_map_fast,True,12,4770,0,False,False,False,,,,inactive,,,,,,,,,,
front_end,4316938.568807488,True,icp_accepted,2584,1.0,0.07268684614554025,32.14878699509427,15.7164609991014,12.724710002657957,8.0699829995865,1,0,0,,,,,,,,,,,,,,local_map_fast,False,12,4770,0,False,False,False,,,,inactive,,,,,,,,,,
front_end,4316938.668793984,True,icp_accepted,2576,1.0,0.07702042932511202,31.766278989380226,12.980960993445478,8.050156000535935,9.275056989281438,1,0,0,,,,,,,,,,,,,,local_map_fast,False,12,4770,0,False,False,False,,,,inactive,,,,,,,,,,
front_end,4316938.768940704,True,icp_accepted,2625,1.0,0.09076817274189189,32.03449200373143,10.479169999598525,7.539176003774628,13.429443002678454,1,0,0,,,,,,,,,,,,,,local_map_fast,False,12,4770,0,False,False,False,,,,inactive,,,,,,,,,,
front_end,4316938.868793984,True,icp_accepted,2594,1.0,0.10120007714117295,26.89498499967158,12.660178006626666,9.318429001723416,6.045448986697011,1,0,0,,,,,,,,,,,,,,local_map_fast,False,12,4770,0,False,False,False,,,,inactive,,,,,,,,,,
optimized_backend,,,,,,,,,,,,,,,,,,,,,,,,,,,,,,,,,,,,,,,,,93,126,34,,,,pose_graph,True
front_end,4316938.968747296,True,icp_accepted,2636,1.0,0.10438360649532127,18.97766799083911,10.070000993437134,7.607705003465526,2.4159499880624935,1,0,0,,,,,,,,,,,,,,local_map_fast,False,12,4770,0,False,False,False,,,,inactive,,,,,,,,,,
front_end,4316939.068591872,True,icp_accepted,2673,1.0,0.10927031104760318,21.946566994301975,10.394740995252505,7.002929007285275,2.545181996538304,1,0,0,,,,,,,,,,,,,,local_map_fast,True,12,4950,0,False,False,False,,,,inactive,,,,,,,,,,
front_end,4316939.168788384,True,icp_accepted,2763,1.0,0.08004650186627611,18.75147300597746,8.954054006608203,6.63690100191161,2.8481719928095117,1,0,0,,,,,,,,,,,,,,local_map_fast,False,12,4950,0,False,False,False,,,,inactive,,,,,,,,,,
front_end,4316939.268740512,True,icp_accepted,2712,1.0,0.0899729309095809,19.751182000618428,9.110768005484715,6.260813999688253,2.4642399948788807,1,0,0,,,,,,,,,,,,,,local_map_fast,False,12,4950,0,False,False,False,,,,inactive,,,,,,,,,,
front_end,4316939.36862016,True,icp_accepted,2695,1.0,0.09052460045953506,18.61536801152397,9.267544010072015,6.390267008100636,2.8628099971683696,1,0,0,,,,,,,,,,,,,,local_map_fast,False,12,4950,0,False,False,False,,,,inactive,,,,,,,,,,
front_end,4316939.468763296,True,icp_accepted,2812,1.0,0.095208667948419,17.972329995245673,8.777322000241838,5.943217998719774,2.745488003711216,1,0,0,,,,,,,,,,,,,,local_map_fast,False,12,4950,0,False,False,False,,,,inactive,,,,,,,,,,
front_end,4316939.568803648,True,icp_accepted,2766,1.0,0.09457614763661577,20.41009000095073,10.323366994271055,7.673007989069447,2.3951300099724904,1,0,0,,,,,,,,,,,,,,local_map_fast,False,12,4950,0,False,False,False,,,,inactive,,,,,,,,,,
front_end,4316939.668866976,True,icp_accepted,2820,1.0,0.09843122015933332,27.016472988179885,10.44466499297414,7.463754009222612,3.1442980107385665,1,0,0,,,,,,,,,,,,,,local_map_fast,True,12,5259,0,False,False,False,,,,inactive,,,,,,,,,,
front_end,4316939.768818624,True,icp_accepted,2776,1.0,0.07095331870609328,55.47854299948085,26.1836480058264,21.244226998533122,16.239232994848862,1,0,0,,,,,,,,,,,,,,local_map_fast,False,12,5259,0,False,False,False,,,,inactive,,,,,,,,,,
front_end,4316939.868724896,True,icp_accepted,2771,1.0,0.07307747469696398,41.4390030055074,17.352145005133934,10.93905400193762,12.699612998403609,1,0,0,,,,,,,,,,,,,,local_map_fast,False,12,5259,0,False,False,False,,,,inactive,,,,,,,,,,
front_end,4316939.968641408,True,icp_accepted,2731,1.0,0.07675595552796384,23.67832099844236,10.862210008781403,8.41127400053665,5.0451290007913485,1,0,0,,,,,,,,,,,,,,local_map_fast,False,12,5259,0,False,False,False,,,,inactive,,,,,,,,,,
optimized_backend,,,,,,,,,,,,,,,,,,,,,,,,,,,,,,,,,,,,,,,,,94,128,35,,,,pose_graph,True
front_end,4316940.068696544,True,icp_accepted,2833,1.0,0.08239975058430317,20.727987997815944,9.05084700207226,6.219545990461484,2.6823299995157868,1,0,0,,,,,,,,,,,,,,local_map_fast,False,12,5259,0,False,False,False,,,,inactive,,,,,,,,,,
front_end,4316940.168694784,True,icp_accepted,2894,0.997581202487906,0.0969938720251816,18.090512006892823,9.07162600196898,6.397841003490612,2.423564001219347,1,0,0,,,,,,,,,,,,,,local_map_fast,False,12,5259,0,False,False,False,,,,inactive,,,,,,,,,,
front_end,4316940.268549664,True,icp_accepted,2861,0.9951066060817896,0.11448856569657245,21.652173993061297,10.182211990468204,6.965997992665507,2.5015699939103797,1,0,0,,,,,,,,,,,,,,local_map_fast,True,12,5698,0,False,False,False,,,,inactive,,,,,,,,,,
front_end,4316940.368759744,True,icp_accepted,2875,1.0,0.07052276862917212,22.68229000037536,11.410741004510783,7.9569709923816845,2.934192991233431,1,0,0,,,,,,,,,,,,,,local_map_fast,False,12,5698,0,False,False,False,,,,inactive,,,,,,,,,,
front_end,4316940.468770112,True,icp_accepted,2828,1.0,0.07602364439117476,29.483538994099945,12.33623998996336,7.760530992527492,2.5890749966492876,1,0,0,,,,,,,,,,,,,,local_map_fast,False,12,5698,0,False,False,False,,,,inactive,,,,,,,,,,
front_end,4316940.568841312,True,icp_accepted,2859,0.9996502273522211,0.07969704968648451,20.45191900106147,9.881427002255805,6.7903190065408126,2.964781000628136,1,0,0,,,,,,,,,,,,,,local_map_fast,False,12,5698,0,False,False,False,,,,inactive,,,,,,,,,,
front_end,4316940.668724512,True,icp_accepted,2878,0.9996525364836693,0.08584993729989693,18.10724299866706,8.863834998919629,6.16622599773109,2.987373009091243,1,0,0,,,,,,,,,,,,,,local_map_fast,False,12,5698,0,False,False,False,,,,inactive,,,,,,,,,,
front_end,4316940.7686744,True,icp_accepted,2901,0.9993105825577387,0.09027721377599993,21.576801998890005,8.706078006071039,6.1871850048191845,2.8663349949056283,1,0,0,,,,,,,,,,,,,,local_map_fast,True,12,5957,0,False,False,False,,,,inactive,,,,,,,,,,
front_end,4316940.868728864,True,icp_accepted,2869,1.0,0.06866353825106654,36.39365200069733,16.299586000968702,12.161982012912631,10.082022999995388,1,0,0,,,,,,,,,,,,,,local_map_fast,False,12,5957,0,False,False,False,,,,inactive,,,,,,,,,,
front_end,4316940.968711168,True,icp_accepted,2837,1.0,0.07007389551671701,29.90932800457813,10.76329400530085,8.010190998902544,11.338023992720991,1,0,0,,,,,,,,,,,,,,local_map_fast,False,12,5957,0,False,False,False,,,,inactive,,,,,,,,,,
front_end,4316941.068614368,True,icp_accepted,2878,1.0,0.07175265552715683,24.232962998212315,11.827623995486647,7.812859999830835,4.228795995004475,1,0,0,,,,,,,,,,,,,,local_map_fast,False,12,5957,0,False,False,False,,,,inactive,,,,,,,,,,
optimized_backend,,,,,,,,,,,,,,,,,,,,,,,,,,,,,,,,,,,,,,,,,95,130,36,,,,pose_graph,True
front_end,4316941.168736352,True,icp_accepted,3047,1.0,0.07878337124518747,23.77468199119903,12.672971992287785,9.173155995085835,3.6804060073336586,1,0,0,,,,,,,,,,,,,,local_map_fast,False,12,5957,0,False,False,False,,,,inactive,,,,,,,,,,
front_end,4316941.268682624,True,icp_accepted,2879,1.0,0.08511535119537336,17.309595001279376,8.155343995895237,5.266855994705111,2.9853890009690076,1,0,0,,,,,,,,,,,,,,local_map_fast,False,12,5957,0,False,False,False,,,,inactive,,,,,,,,,,
front_end,4316941.368714944,True,icp_accepted,2922,0.9996577686516085,0.0865398960250512,17.69771400722675,9.02347500959877,6.269460005569272,2.2138899948913604,1,0,0,,,,,,,,,,,,,,local_map_fast,False,12,5957,0,False,False,False,,,,inactive,,,,,,,,,,
front_end,4316941.468762048,True,icp_accepted,2870,1.0,0.08841167837916808,19.498217006912455,9.153278995654546,6.32722899899818,2.414296002825722,1,0,0,,,,,,,,,,,,,,local_map_fast,True,12,6153,0,False,False,False,,,,inactive,,,,,,,,,,
front_end,4316941.56872592,True,icp_accepted,2848,1.0,0.07063613300398754,17.298874008702114,8.830992999719456,6.603977992199361,2.6093530032085255,1,0,0,,,,,,,,,,,,,,local_map_fast,False,12,6153,0,False,False,False,,,,inactive,,,,,,,,,,
front_end,4316941.668587008,True,icp_accepted,2829,1.0,0.07338011136881334,16.358427004888654,7.897629999206401,4.91843099007383,2.4741090019233525,1,0,0,,,,,,,,,,,,,,local_map_fast,False,12,6153,0,False,False,False,,,,inactive,,,,,,,,,,
front_end,4316941.768796928,True,icp_accepted,2785,0.999640933572711,0.07203469112309188,16.564404009841383,7.894492999184877,4.873967991443351,2.5241330004064366,1,0,0,,,,,,,,,,,,,,local_map_fast,False,12,6153,0,False,False,False,,,,inactive,,,,,,,,,,
front_end,4316941.868686336,True,icp_accepted,2761,0.9996378123868164,0.07363274868769112,20.241111997165717,11.727275006705895,7.982217997778207,2.7394969947636127,1,0,0,,,,,,,,,,,,,,local_map_fast,False,12,6153,0,False,False,False,,,,inactive,,,,,,,,,,
front_end,4316941.968811776,True,icp_accepted,2804,0.9996433666191156,0.07553281482310131,16.908170000533573,8.42733500758186,5.702254988136701,2.1620129991788417,1,0,0,,,,,,,,,,,,,,local_map_fast,False,12,6153,0,False,False,False,,,,inactive,,,,,,,,,,
front_end,4316942.068708128,True,icp_accepted,2785,0.999640933572711,0.07559898455047538,17.201991999172606,9.87978400371503,7.252057010191493,1.9908809917978942,1,0,0,,,,,,,,,,,,,,local_map_fast,False,12,6153,0,False,False,False,,,,inactive,,,,,,,,,,
front_end,4316942.16871776,True,icp_accepted,2764,1.0,0.08289550847343372,18.55310999962967,8.610938995843753,6.418721008230932,2.5421969912713394,1,0,0,,,,,,,,,,,,,,local_map_fast,False,12,6153,0,False,False,False,,,,inactive,,,,,,,,,,
front_end,4316942.268693824,True,icp_accepted,2844,1.0,0.08508916157958588,15.181214999756776,7.490403993870132,4.745035999803804,2.4180530017474666,1,0,0,,,,,,,,,,,,,,local_map_fast,False,12,6153,0,False,False,False,,,,inactive,,,,,,,,,,
front_end,4316942.36873984,True,icp_accepted,2917,0.9996571820363387,0.08731243473536286,16.55761200527195,8.12789199699182,4.85614400531631,2.354825002839789,1,0,0,,,,,,,,,,,,,,local_map_fast,False,12,6153,0,False,False,False,,,,inactive,,,,,,,,,,
front_end,4316942.468684192,True,icp_accepted,2861,1.0,0.09130124991832111,15.410997002618387,7.866911997552961,4.8538200062466785,2.0376079919515178,1,0,0,,,,,,,,,,,,,,local_map_fast,False,12,6153,0,False,False,False,,,,inactive,,,,,,,,,,
front_end,4316942.568597888,True,icp_accepted,2837,0.9996475149806133,0.08722324399920674,15.12224400357809,7.7554620074806735,5.26190699019935,1.890421990538016,1,0,0,,,,,,,,,,,,,,local_map_fast,False,12,6153,0,False,False,False,,,,inactive,,,,,,,,,,
front_end,4316942.66873472,True,icp_accepted,2751,0.9996364958197019,0.08822870343019508,16.903100011404604,8.515520006767474,6.2119020003592595,2.7482739969855174,1,0,0,,,,,,,,,,,,,,local_map_fast,False,12,6153,0,False,False,False,,,,inactive,,,,,,,,,,
front_end,4316942.768729856,True,icp_accepted,2730,0.9989010989010989,0.08709133424937186,16.675592996762134,8.521791998646222,6.380748993251473,2.4075440014712512,1,0,0,,,,,,,,,,,,,,local_map_fast,False,12,6153,0,False,False,False,,,,inactive,,,,,,,,,,
front_end,4316942.868667488,True,icp_accepted,2640,0.9996212121212121,0.08708329344665873,15.277545986464247,7.701209993683733,4.872656005318277,2.0152170036453754,1,0,0,,,,,,,,,,,,,,local_map_fast,False,12,6153,0,False,False,False,,,,inactive,,,,,,,,,,
front_end,4316942.968725536,True,icp_accepted,2680,0.9996268656716418,0.0894441425076707,17.402037992724217,9.12451499607414,6.426986001315527,1.984739996260032,1,0,0,,,,,,,,,,,,,,local_map_fast,False,12,6153,0,False,False,False,,,,inactive,,,,,,,,,,
front_end,4316943.068603936,True,icp_accepted,2734,1.0,0.08573931821022564,17.248078002012335,9.193073012284003,6.301850997260772,2.1482369920704514,1,0,0,,,,,,,,,,,,,,local_map_fast,False,12,6153,0,False,False,False,,,,inactive,,,,,,,,,,
front_end,4316943.168654112,True,icp_accepted,2771,1.0,0.09533303654468218,17.539325999678113,8.704656007466838,6.124837993411347,2.740819996688515,1,0,0,,,,,,,,,,,,,,local_map_fast,False,12,6153,0,False,False,False,,,,inactive,,,,,,,,,,
front_end,4316943.268730304,True,icp_accepted,2752,1.0,0.09430154927408219,17.735585002810694,8.457822012132965,5.70909799716901,2.5044950016308576,1,0,0,,,,,,,,,,,,,,local_map_fast,False,12,6153,0,False,False,False,,,,inactive,,,,,,,,,,
front_end,4316943.368747008,True,icp_accepted,2780,1.0,0.0977964588384466,16.326437005773187,8.728159999009222,6.552050996106118,1.9632780022220686,1,0,0,,,,,,,,,,,,,,local_map_fast,False,12,6153,0,False,False,False,,,,inactive,,,,,,,,,,
front_end,4316943.468652032,True,icp_accepted,2860,1.0,0.09859196674320178,15.012999007012695,7.4945119995391,4.918802005704492,2.1376969962147996,1,0,0,,,,,,,,,,,,,,local_map_fast,False,12,6153,0,False,False,False,,,,inactive,,,,,,,,,,
front_end,4316943.568501184,True,icp_accepted,2718,1.0,0.09763175545589925,23.02366099320352,8.309062992339022,5.571689005591907,2.748775004874915,1,0,0,,,,,,,,,,,,,,local_map_fast,True,12,6396,0,False,False,False,,,,inactive,,,,,,,,,,
front_end,4316943.668580256,True,icp_accepted,2694,1.0,0.06592828541345558,51.81669199373573,15.703475990449078,12.094945996068418,18.51155199983623,1,0,0,,,,,,,,,,,,,,local_map_fast,False,12,6396,0,False,False,False,,,,inactive,,,,,,,,,,
front_end,4316943.768625024,True,icp_accepted,2668,1.0,0.06678549145436412,36.93300599115901,12.955311991390772,9.164289003820159,12.732003000564873,1,0,0,,,,,,,,,,,,,,local_map_fast,False,12,6396,0,False,False,False,,,,inactive,,,,,,,,,,
front_end,4316943.868722752,True,icp_accepted,2636,1.0,0.06835014344063275,34.64948599867057,19.731354987015948,13.91059700108599,5.116795000503771,1,0,0,,,,,,,,,,,,,,local_map_fast,False,12,6396,0,False,False,False,,,,inactive,,,,,,,,,,
optimized_backend,,,,,,,,,,,,,,,,,,,,,,,,,,,,,,,,,,,,,,,,,96,132,37,,,,pose_graph,True
front_end,4316943.9686728,True,icp_accepted,2667,1.0,0.06936490788505678,21.917022007983178,9.209465002641082,6.846994991065003,3.7315010122256353,1,0,0,,,,,,,,,,,,,,local_map_fast,False,12,6396,0,False,False,False,,,,inactive,,,,,,,,,,
front_end,4316944.068653888,True,icp_accepted,2746,1.0,0.0698744016680594,17.7751589944819,9.478458989178762,6.340353997074999,2.523952003684826,1,0,0,,,,,,,,,,,,,,local_map_fast,False,12,6396,0,False,False,False,,,,inactive,,,,,,,,,,
front_end,4316944.168737568,True,icp_accepted,2885,1.0,0.07569739475591011,17.531952005811036,7.865738996770233,4.7757229913258925,3.052615007618442,1,0,0,,,,,,,,,,,,,,local_map_fast,False,12,6396,0,False,False,False,,,,inactive,,,,,,,,,,
front_end,4316944.268638752,True,icp_accepted,2851,1.0,0.07861457499550716,17.346744003589265,7.873153997934423,4.881922999629751,2.854683989426121,1,0,0,,,,,,,,,,,,,,local_map_fast,False,12,6396,0,False,False,False,,,,inactive,,,,,,,,,,
front_end,4316944.368812384,True,icp_accepted,2842,1.0,0.0832790751601431,18.160382998757996,8.193034998839721,5.121994006913155,2.6092129992321134,1,0,0,,,,,,,,,,,,,,local_map_fast,True,12,6575,0,False,False,False,,,,inactive,,,,,,,,,,
front_end,4316944.468685632,True,icp_accepted,2799,1.0,0.06851893852181827,16.759129997808486,8.207591992686503,6.001836998621002,2.4574870039941743,1,0,0,,,,,,,,,,,,,,local_map_fast,False,12,6575,0,False,False,False,,,,inactive,,,,,,,,,,
front_end,4316944.56864512,True,icp_accepted,2879,1.0,0.06859929096705368,17.791799997212365,8.15992199932225,6.008329990436323,2.8586109983734787,1,0,0,,,,,,,,,,,,,,local_map_fast,False,12,6575,0,False,False,False,,,,inactive,,,,,,,,,,
front_end,4316944.668612992,True,icp_accepted,2798,1.0,0.06817905239775658,18.84072201210074,11.154550011269748,8.247887992183678,2.1974979899823666,1,0,0,,,,,,,,,,,,,,local_map_fast,False,12,6575,0,False,False,False,,,,inactive,,,,,,,,,,
front_end,4316944.768693568,True,icp_accepted,2787,1.0,0.0704602505833822,17.04025801154785,7.984071999089792,5.503891996340826,3.053136999369599,1,0,0,,,,,,,,,,,,,,local_map_fast,False,12,6575,0,False,False,False,,,,inactive,,,,,,,,,,
front_end,4316944.868559456,True,icp_accepted,2699,1.0,0.07134516567273555,17.768295991118066,8.458973999950103,5.7910309988074005,2.759695998975076,1,0,0,,,,,,,,,,,,,,local_map_fast,False,12,6575,0,False,False,False,,,,inactive,,,,,,,,,,
front_end,4316944.968609408,True,icp_accepted,2728,1.0,0.07419320860400416,17.216578999068588,8.666444002301432,5.948587000602856,2.2784710017731413,1,0,0,,,,,,,,,,,,,,local_map_fast,False,12,6575,0,False,False,False,,,,inactive,,,,,,,,,,
front_end,4316945.068688576,True,icp_accepted,2743,1.0,0.07294404288879684,17.635516996961087,8.489321000524797,5.903451994527131,2.4439120024908334,1,0,0,,,,,,,,,,,,,,local_map_fast,False,12,6575,0,False,False,False,,,,inactive,,,,,,,,,,
front_end,4316945.16862416,True,icp_accepted,2798,1.0,0.07768240502964646,18.45843299815897,8.329841002705507,6.1248179990798235,2.8181650122860447,1,0,0,,,,,,,,,,,,,,local_map_fast,False,12,6575,0,False,False,False,,,,inactive,,,,,,,,,,
front_end,4316945.268741248,True,icp_accepted,2732,1.0,0.07832482182774891,16.90816000336781,7.793133001541719,5.0155539938714355,2.9532689950428903,1,0,0,,,,,,,,,,,,,,local_map_fast,False,12,6575,0,False,False,False,,,,inactive,,,,,,,,,,
front_end,4316945.3686976,True,icp_accepted,2715,1.0,0.08124523631525701,16.852316010044888,8.405795000726357,5.106215001433156,2.6617410039762035,1,0,0,,,,,,,,,,,,,,local_map_fast,False,12,6575,0,False,False,False,,,,inactive,,,,,,,,,,
front_end,4316945.468474976,True,icp_accepted,2824,1.0,0.08307397333214236,15.2156090043718,7.690119004109874,4.894507001154125,2.1354220079956576,1,0,0,,,,,,,,,,,,,,local_map_fast,False,12,6575,0,False,False,False,,,,inactive,,,,,,,,,,
front_end,4316945.56871792,True,icp_accepted,2686,1.0,0.08478307879622428,16.620248992694542,8.251003993791528,5.70191400765907,2.696085997740738,1,0,0,,,,,,,,,,,,,,local_map_fast,False,12,6575,0,False,False,False,,,,inactive,,,,,,,,,,
front_end,4316945.668672992,True,icp_accepted,2705,1.0,0.09112502988529173,17.14608698966913,8.193614994524978,5.734514998039231,2.7544549957383424,1,0,0,,,,,,,,,,,,,,local_map_fast,False,12,6575,0,False,False,False,,,,inactive,,,,,,,,,,
front_end,4316945.768566848,True,icp_accepted,2650,1.0,0.09295893725226162,17.52944799955003,8.038914995267987,6.0147220065118745,2.997042000060901,1,0,0,,,,,,,,,,,,,,local_map_fast,False,12,6575,0,False,False,False,,,,inactive,,,,,,,,,,
front_end,4316945.868694336,True,icp_accepted,2552,1.0,0.08826240736941693,17.15376200445462,8.366420996026136,5.887854000320658,2.7137900033267215,1,0,0,,,,,,,,,,,,,,local_map_fast,False,12,6575,0,False,False,False,,,,inactive,,,,,,,,,,
front_end,4316945.968724512,True,icp_accepted,2622,1.0,0.0906062412831074,17.798583998228423,9.06058499822393,6.841514012194239,2.697467993129976,1,0,0,,,,,,,,,,,,,,local_map_fast,False,12,6575,0,False,False,False,,,,inactive,,,,,,,,,,
front_end,4316946.06856512,True,icp_accepted,2639,1.0,0.09514264849802437,17.598748003365472,8.743409009184688,5.892622997635044,2.489678008714691,1,0,0,,,,,,,,,,,,,,local_map_fast,False,12,6575,0,False,False,False,,,,inactive,,,,,,,,,,
front_end,4316946.168552224,True,icp_accepted,2768,1.0,0.09297445692019704,21.184234006796032,10.580039001069963,8.158340002410114,3.14650300424546,1,0,0,,,,,,,,,,,,,,local_map_fast,False,12,6575,0,False,False,False,,,,inactive,,,,,,,,,,
front_end,4316946.268733504,True,icp_accepted,2702,1.0,0.09698223435837192,38.32326800329611,11.824508008430712,9.277242003008723,15.137272988795303,1,0,0,,,,,,,,,,,,,,local_map_fast,True,12,6761,0,False,False,False,,,,inactive,,,,,,,,,,
front_end,4316946.368620416,True,icp_accepted,2700,1.0,0.0675939308281499,26.6814430069644,10.048561001894996,7.653501001186669,6.633184006204829,1,0,0,,,,,,,,,,,,,,local_map_fast,False,12,6761,0,False,False,False,,,,inactive,,,,,,,,,,
front_end,4316946.468609568,True,icp_accepted,2711,1.0,0.06889991512592487,35.04383699328173,13.043439001194201,10.209133004536852,9.366669997689314,1,0,0,,,,,,,,,,,,,,local_map_fast,False,12,6761,0,False,False,False,,,,inactive,,,,,,,,,,
front_end,4316946.568677184,True,icp_accepted,2732,1.0,0.06805052051789076,31.977646009181626,14.378998006577604,11.84365400695242,5.9801370080094784,1,0,0,,,,,,,,,,,,,,local_map_fast,False,12,6761,0,False,False,False,,,,inactive,,,,,,,,,,
optimized_backend,,,,,,,,,,,,,,,,,,,,,,,,,,,,,,,,,,,,,,,,,97,134,38,,,,pose_graph,True
front_end,4316946.668572544,True,icp_accepted,2720,1.0,0.06826735933021084,19.705084996530786,9.710796002764255,6.479233998106793,3.1546279933536425,1,0,0,,,,,,,,,,,,,,local_map_fast,False,12,6761,0,False,False,False,,,,inactive,,,,,,,,,,
front_end,4316946.768656256,True,icp_accepted,2613,1.0,0.06782445162199792,16.3478269969346,7.832827992388047,5.849080000189133,3.017420007381588,1,0,0,,,,,,,,,,,,,,local_map_fast,False,12,6761,0,False,False,False,,,,inactive,,,,,,,,,,
front_end,4316946.86871664,True,icp_accepted,2572,1.0,0.0690469146468024,16.95373500115238,7.7406839991454035,5.408272001659498,3.27434299106244,1,0,0,,,,,,,,,,,,,,local_map_fast,False,12,6761,0,False,False,False,,,,inactive,,,,,,,,,,
front_end,4316946.96856464,True,icp_accepted,2547,1.0,0.07022701620308149,16.032244006055407,7.89443300163839,5.889625987038016,2.381084006628953,1,0,0,,,,,,,,,,,,,,local_map_fast,False,12,6761,0,False,False,False,,,,inactive,,,,,,,,,,
front_end,4316947.068552832,True,icp_accepted,2626,1.0,0.07016548126686911,15.776825006469153,7.598187003168277,5.241016988293268,2.123559999745339,1,0,0,,,,,,,,,,,,,,local_map_fast,False,12,6761,0,False,False,False,,,,inactive,,,,,,,,,,
front_end,4316947.168665888,True,icp_accepted,2699,1.0,0.0724799972427198,16.837436996866018,8.192834007786587,5.3661919955629855,2.978617005283013,1,0,0,,,,,,,,,,,,,,local_map_fast,False,12,6761,0,False,False,False,,,,inactive,,,,,,,,,,
front_end,4316947.268561664,True,icp_accepted,2597,1.0,0.06912997351082327,16.65164799487684,7.942883996292949,4.960420003044419,2.9082539986120537,1,0,0,,,,,,,,,,,,,,local_map_fast,False,12,6761,0,False,False,False,,,,inactive,,,,,,,,,,
front_end,4316947.3686112,True,icp_accepted,2605,1.0,0.06967676327513823,16.209287001402117,8.19694199890364,5.586906991084106,2.3853619932197034,1,0,0,,,,,,,,,,,,,,local_map_fast,False,12,6761,0,False,False,False,,,,inactive,,,,,,,,,,
front_end,4316947.46867856,True,icp_accepted,2580,1.0,0.07579796295239458,16.75513199006673,7.624566002050415,4.881012006080709,2.7384360000723973,1,0,0,,,,,,,,,,,,,,local_map_fast,False,12,6761,0,False,False,False,,,,inactive,,,,,,,,,,
front_end,4316947.5686088,True,icp_accepted,2666,1.0,0.07651735696053555,16.44558100088034,8.207752005546354,5.874196998775005,2.5899659958668053,1,0,0,,,,,,,,,,,,,,local_map_fast,False,12,6761,0,False,False,False,,,,inactive,,,,,,,,,,
front_end,4316947.668609536,True,icp_accepted,2637,1.0,0.07721648572417414,15.64241100277286,7.479253006749786,4.814165993593633,2.2170059964992106,1,0,0,,,,,,,,,,,,,,local_map_fast,False,12,6761,0,False,False,False,,,,inactive,,,,,,,,,,
front_end,4316947.768584736,True,icp_accepted,2603,1.0,0.07721673082820092,15.214928003842942,7.706970995059237,4.826598989893682,1.9391629903111607,1,0,0,,,,,,,,,,,,,,local_map_fast,False,12,6761,0,False,False,False,,,,inactive,,,,,,,,,,
front_end,4316947.86857888,True,icp_accepted,2577,1.0,0.07540604176052146,17.85390700388234,8.04722101020161,5.657971007167362,2.762680989690125,1,0,0,,,,,,,,,,,,,,local_map_fast,False,12,6761,0,False,False,False,,,,inactive,,,,,,,,,,
front_end,4316947.968532736,True,icp_accepted,2592,1.0,0.07356705629545598,16.66383100382518,7.567138003651053,4.794648993993178,2.2828189976280555,1,0,0,,,,,,,,,,,,,,local_map_fast,False,12,6761,0,False,False,False,,,,inactive,,,,,,,,,,
front_end,4316948.06856592,True,icp_accepted,2587,1.0,0.07408825623888007,15.575386001728475,7.544676001998596,4.750145002617501,2.180345996748656,1,0,0,,,,,,,,,,,,,,local_map_fast,False,12,6761,0,False,False,False,,,,inactive,,,,,,,,,,
front_end,4316948.168555328,True,icp_accepted,2571,1.0,0.07544309580305454,15.36191398918163,7.729823992121965,5.615500995190814,1.7704670026432723,1,0,0,,,,,,,,,,,,,,local_map_fast,False,12,6761,0,False,False,False,,,,inactive,,,,,,,,,,
front_end,4316948.26851184,True,icp_accepted,2651,1.0,0.07538819346294019,14.569665989256464,7.474032987374812,4.724637998151593,1.889048988232389,1,0,0,,,,,,,,,,,,,,local_map_fast,False,12,6761,0,False,False,False,,,,inactive,,,,,,,,,,
front_end,4316948.368510336,True,icp_accepted,2633,1.0,0.07263324090049433,14.55028000054881,7.36765400506556,4.696203992352821,2.089094996335916,1,0,0,,,,,,,,,,,,,,local_map_fast,False,12,6761,0,False,False,False,,,,inactive,,,,,,,,,,
front_end,4316948.468604544,True,icp_accepted,2583,1.0,0.07602186498430613,14.957785009755753,7.411034996039234,4.68208800884895,2.038910999544896,1,0,0,,,,,,,,,,,,,,local_map_fast,False,12,6761,0,False,False,False,,,,inactive,,,,,,,,,,
front_end,4316948.5685888,True,icp_accepted,2584,1.0,0.0755063608268446,16.689058000338264,7.4699550023069605,4.6483040059683844,2.089777000946924,1,0,0,,,,,,,,,,,,,,local_map_fast,False,12,6761,0,False,False,False,,,,inactive,,,,,,,,,,
front_end,4316948.668458208,True,icp_accepted,2679,1.0,0.07766591529773663,16.341155002010055,8.122551997075789,5.55965700186789,2.4336229980690405,1,0,0,,,,,,,,,,,,,,local_map_fast,False,12,6761,0,False,False,False,,,,inactive,,,,,,,,,,
front_end,4316948.768504512,True,icp_accepted,2792,1.0,0.0791640270187783,18.195078009739518,8.205838006688282,6.126881999080069,3.3055109961424023,1,0,0,,,,,,,,,,,,,,local_map_fast,False,12,6761,0,False,False,False,,,,inactive,,,,,,,,,,
front_end,4316948.868676512,True,icp_accepted,2816,1.0,0.08560118628128185,18.146046000765637,7.495023004594259,4.81033899995964,3.6643659987021238,1,0,0,,,,,,,,,,,,,,local_map_fast,False,12,6761,0,False,False,False,,,,inactive,,,,,,,,,,
front_end,4316948.968604608,True,icp_accepted,2817,1.0,0.08611458491590934,17.629055000725202,7.8535869979532436,4.718686992418952,2.6901850069407374,1,0,0,,,,,,,,,,,,,,local_map_fast,False,12,6761,0,False,False,False,,,,inactive,,,,,,,,,,
front_end,4316949.068565216,True,icp_accepted,2871,1.0,0.09044022794953314,16.33618499909062,7.599659991683438,4.691465001087636,3.1102339999051765,1,0,0,,,,,,,,,,,,,,local_map_fast,False,12,6761,0,False,False,False,,,,inactive,,,,,,,,,,
front_end,4316949.168639552,True,icp_accepted,2862,1.0,0.09364899329369634,16.19235500402283,8.281050002551638,5.943959011347033,2.3950409959070385,1,0,0,,,,,,,,,,,,,,local_map_fast,False,12,6761,0,False,False,False,,,,inactive,,,,,,,,,,
front_end,4316949.268490624,True,icp_accepted,2841,1.0,0.09270499876184764,18.194968011812307,7.793915006914176,4.89012899925001,2.4875240051187575,1,0,0,,,,,,,,,,,,,,local_map_fast,True,12,6948,0,False,False,False,,,,inactive,,,,,,,,,,
front_end,4316949.36854944,True,icp_accepted,2901,1.0,0.06624372714340902,19.030668001505546,8.215566995204426,6.181824996019714,3.5339510068297386,1,0,0,,,,,,,,,,,,,,local_map_fast,False,12,6948,0,False,False,False,,,,inactive,,,,,,,,,,
front_end,4316949.468688384,True,icp_accepted,2787,1.0,0.06615859229898936,32.26175899908412,11.038802011171356,7.908611005404964,11.629440996330231,1,0,0,,,,,,,,,,,,,,local_map_fast,False,12,6948,0,False,False,False,,,,inactive,,,,,,,,,,
front_end,4316949.568612736,True,icp_accepted,2760,1.0,0.06583418322135753,26.500594001845457,10.42465701175388,7.985094009200111,8.812068001134321,1,0,0,,,,,,,,,,,,,,local_map_fast,False,12,6948,0,False,False,False,,,,inactive,,,,,,,,,,
front_end,4316949.66873184,True,icp_accepted,2826,1.0,0.06849598305064727,24.790249997749925,12.278270995011553,9.434487001271918,5.450320997624658,1,0,0,,,,,,,,,,,,,,local_map_fast,False,12,6948,0,False,False,False,,,,inactive,,,,,,,,,,
front_end,4316949.768494816,True,icp_accepted,2824,1.0,0.06746845623220397,27.427705994341522,14.906279000570066,11.796125007094815,3.7197899946477264,1,0,0,,,,,,,,,,,,,,local_map_fast,False,12,6948,0,False,False,False,,,,inactive,,,,,,,,,,
front_end,4316949.86854512,True,icp_accepted,2895,1.0,0.06759428195408314,24.007779997191392,11.641674005659297,8.079442006419413,3.6222060007276013,1,0,0,,,,,,,,,,,,,,local_map_fast,True,12,6861,0,False,False,False,,,,inactive,,,,,,,,,,
optimized_backend,,,,,,,,,,,,,,,,,,,,,,,,,,,,,,,,,,,,,,,,,98,136,39,,,,pose_graph,True
front_end,4316949.97171664,True,icp_accepted,2831,1.0,0.06329610906293859,18.270029002451338,9.345500002382323,6.75462199433241,2.7393869968364015,1,0,0,,,,,,,,,,,,,,local_map_fast,False,12,6861,0,False,False,False,,,,inactive,,,,,,,,,,
front_end,4316950.068657888,True,icp_accepted,2920,1.0,0.06502251567711494,16.471119000925682,8.217611000873148,5.653022002661601,2.5768919877009466,1,0,0,,,,,,,,,,,,,,local_map_fast,False,12,6861,0,False,False,False,,,,inactive,,,,,,,,,,
front_end,4316950.168580544,True,icp_accepted,2920,1.0,0.06606106234006669,15.520492001087405,7.55084800766781,4.805889999261126,2.403346006758511,1,0,0,,,,,,,,,,,,,,local_map_fast,False,12,6861,0,False,False,False,,,,inactive,,,,,,,,,,
front_end,4316950.268616064,True,icp_accepted,2911,1.0,0.0662040737542551,18.456348989275284,7.840001999284141,5.230077003943734,3.031104992260225,1,0,0,,,,,,,,,,,,,,local_map_fast,False,12,6861,0,False,False,False,,,,inactive,,,,,,,,,,
front_end,4316950.368622304,True,icp_accepted,3032,1.0,0.0651702804066708,28.768224990926683,9.962298994651064,7.599328993819654,11.704963006195612,1,0,0,,,,,,,,,,,,,,local_map_fast,False,12,6861,0,False,False,False,,,,inactive,,,,,,,,,,
front_end,4316950.468560384,True,icp_accepted,2919,1.0,0.06578069264648223,42.82244300702587,20.096852007554844,17.227720003575087,7.5526610016822815,1,0,0,,,,,,,,,,,,,,local_map_fast,True,12,6693,0,False,False,False,,,,inactive,,,,,,,,,,
front_end,4316950.56855904,True,icp_accepted,2981,1.0,0.06055847081720678,31.694053002865985,13.966402999358252,11.07055100146681,9.611980989575386,1,0,0,,,,,,,,,,,,,,local_map_fast,False,12,6693,0,False,False,False,,,,inactive,,,,,,,,,,
front_end,4316950.66864048,True,icp_accepted,2986,1.0,0.06100436233930032,25.464737002039328,11.366146005457267,8.439337005256675,4.417531003127806,1,0,0,,,,,,,,,,,,,,local_map_fast,False,12,6693,0,False,False,False,,,,inactive,,,,,,,,,,
optimized_backend,,,,,,,,,,,,,,,,,,,,,,,,,,,,,,,,,,,,,,,,,99,138,40,,,,pose_graph,True
front_end,4316950.768535488,True,icp_accepted,2944,1.0,0.06142078642642695,17.264909998630174,8.589689998188987,5.847136999364011,2.5322180008515716,1,0,0,,,,,,,,,,,,,,local_map_fast,False,12,6693,0,False,False,False,,,,inactive,,,,,,,,,,
front_end,4316950.868441024,True,icp_accepted,2948,1.0,0.06507316915086045,18.239080993225798,7.641307995072566,5.27591300487984,3.3425209985580295,1,0,0,,,,,,,,,,,,,,local_map_fast,False,12,6693,0,False,False,False,,,,inactive,,,,,,,,,,
front_end,4316950.968606016,True,icp_accepted,2843,1.0,0.06604950794357357,21.26596799644176,7.813931995769963,4.727382998680696,3.17129900213331,1,0,0,,,,,,,,,,,,,,local_map_fast,True,12,6539,0,False,False,False,,,,inactive,,,,,,,,,,
front_end,4316951.068531168,True,icp_accepted,3003,1.0,0.06645638138620043,28.347373998258263,10.609144999762066,8.141156999045052,8.677985999383964,1,0,0,,,,,,,,,,,,,,local_map_fast,False,12,6539,0,False,False,False,,,,inactive,,,,,,,,,,
front_end,4316951.168462592,True,icp_accepted,2993,1.0,0.07245931763036897,26.88344298803713,10.535955996601842,7.923126991954632,3.0081120057730004,1,0,0,,,,,,,,,,,,,,local_map_fast,False,12,6539,0,False,False,False,,,,inactive,,,,,,,,,,
front_end,4316951.2685376,True,icp_accepted,2997,1.0,0.0736879679297089,33.48069000639953,13.507620999007486,9.150893994956277,8.013718004804105,1,0,0,,,,,,,,,,,,,,local_map_fast,False,12,6539,0,False,False,False,,,,inactive,,,,,,,,,,
optimized_backend,,,,,,,,,,,,,,,,,,,,,,,,,,,,,,,,,,,,,,,,,100,140,41,,,,pose_graph,True
front_end,4316951.368490112,True,icp_accepted,3002,1.0,0.07005717846927695,20.086161006474867,8.97105599869974,6.001365996780805,3.232442992157303,1,0,0,,,,,,,,,,,,,,local_map_fast,True,12,6408,0,False,False,False,,,,inactive,,,,,,,,,,
front_end,4316951.468452512,True,icp_accepted,2982,1.0,0.060857908168005556,18.141827997169457,7.813921998604201,4.885248999926262,3.206786001101136,1,0,0,,,,,,,,,,,,,,local_map_fast,False,12,6408,0,False,False,False,,,,inactive,,,,,,,,,,
front_end,4316951.568471232,True,icp_accepted,3019,1.0,0.06219114578629253,35.6945500097936,15.155718007008545,12.015266009257175,11.668715000269003,1,0,0,,,,,,,,,,,,,,local_map_fast,False,12,6408,0,False,False,False,,,,inactive,,,,,,,,,,
front_end,4316951.6685488,True,icp_accepted,2991,1.0,0.06504880748463086,27.9949309915537,10.823206001077779,8.23005399433896,7.375076995231211,1,0,0,,,,,,,,,,,,,,local_map_fast,True,12,6188,0,False,False,False,,,,inactive,,,,,,,,,,
front_end,4316951.768515104,True,icp_accepted,3088,1.0,0.061273650999841826,33.47418800694868,10.432192008011043,7.66192699666135,10.072987002786249,1,0,0,,,,,,,,,,,,,,local_map_fast,False,12,6188,0,False,False,False,,,,inactive,,,,,,,,,,
front_end,4316951.868470592,True,icp_accepted,2999,1.0,0.07028359343181033,31.326001000707038,13.824907000525855,10.394149998319335,5.82202899386175,1,0,0,,,,,,,,,,,,,,local_map_fast,False,12,6188,0,False,False,False,,,,inactive,,,,,,,,,,
optimized_backend,,,,,,,,,,,,,,,,,,,,,,,,,,,,,,,,,,,,,,,,,101,142,42,,,,pose_graph,True
front_end,4316951.968548288,True,icp_accepted,2974,1.0,0.06901522889858912,23.560961009934545,12.69416201103013,9.314651993918233,3.686347001348622,1,0,0,,,,,,,,,,,,,,local_map_fast,False,12,6188,0,False,False,False,,,,inactive,,,,,,,,,,
front_end,4316952.068422496,True,icp_accepted,3001,1.0,0.07499471851641262,38.19836399634369,13.385511003434658,10.813008004333824,11.119582995888777,1,0,0,,,,,,,,,,,,,,local_map_fast,True,12,6097,0,False,False,False,,,,inactive,,,,,,,,,,
front_end,4316952.168486496,True,icp_accepted,2913,1.0,0.06608386512020543,30.881525002769195,15.14331399812363,12.483245998737402,6.329021998681128,1,0,0,,,,,,,,,,,,,,local_map_fast,False,12,6097,0,False,False,False,,,,inactive,,,,,,,,,,
front_end,4316952.26845904,True,icp_accepted,3000,1.0,0.06761781090201732,30.396504007512704,13.726792007219046,10.98922900564503,8.88997400761582,1,0,0,,,,,,,,,,,,,,local_map_fast,False,12,6097,0,False,False,False,,,,inactive,,,,,,,,,,
front_end,4316952.36850112,True,icp_accepted,3000,1.0,0.06636543916607794,23.272909995284863,11.043912003515288,8.041508990572765,3.1196119962260127,1,0,0,,,,,,,,,,,,,,local_map_fast,True,12,5982,0,False,False,False,,,,inactive,,,,,,,,,,
optimized_backend,,,,,,,,,,,,,,,,,,,,,,,,,,,,,,,,,,,,,,,,,102,144,43,,,,pose_graph,True
front_end,4316952.468547264,True,icp_accepted,2978,1.0,0.064433992475744,37.78495700680651,11.071092012571171,8.008166987565346,12.073885998688638,1,0,0,,,,,,,,,,,,,,local_map_fast,False,12,5982,0,False,False,False,,,,inactive,,,,,,,,,,
front_end,4316952.568564224,True,icp_accepted,2988,1.0,0.06442579531582027,30.489319004118443,11.48248500248883,7.564052997622639,8.794094013865106,1,0,0,,,,,,,,,,,,,,local_map_fast,False,12,5982,0,False,False,False,,,,inactive,,,,,,,,,,
front_end,4316952.668391392,True,icp_accepted,2912,1.0,0.06665783197021749,29.016690998105332,13.789981006993912,10.696107987314463,2.6606899918988347,1,0,0,,,,,,,,,,,,,,local_map_fast,True,12,5841,0,False,False,False,,,,inactive,,,,,,,,,,
front_end,4316952.76853744,True,icp_accepted,3005,1.0,0.06392401664920047,27.528114995220676,10.150792993954383,7.255153002915904,9.642157994676381,1,0,0,,,,,,,,,,,,,,local_map_fast,False,12,5841,0,False,False,False,,,,inactive,,,,,,,,,,
front_end,4316952.868509728,True,icp_accepted,2886,1.0,0.06521283838807604,29.892186998040415,13.357107993215322,10.074880992760882,7.819090998964384,1,0,0,,,,,,,,,,,,,,local_map_fast,False,12,5841,0,False,False,False,,,,inactive,,,,,,,,,,
optimized_backend,,,,,,,,,,,,,,,,,,,,,,,,,,,,,,,,,,,,,,,,,103,146,44,,,,pose_graph,True
front_end,4316952.968459296,True,icp_accepted,2808,1.0,0.06685826410430995,31.13792699878104,10.80734700371977,8.224634002544917,9.594316987204365,1,0,0,,,,,,,,,,,,,,local_map_fast,True,12,5722,0,False,False,False,,,,inactive,,,,,,,,,,
front_end,4316953.068529568,True,icp_accepted,2801,1.0,0.06020311285202723,22.03707699663937,10.465072991792113,7.463683999958448,3.9744079986121505,1,0,0,,,,,,,,,,,,,,local_map_fast,False,12,5722,0,False,False,False,,,,inactive,,,,,,,,,,
front_end,4316953.168538432,True,icp_accepted,2770,1.0,0.062438588138435544,27.963233005721122,15.281273008440621,12.86849900498055,4.735196998808533,1,0,0,,,,,,,,,,,,,,local_map_fast,False,12,5722,0,False,False,False,,,,inactive,,,,,,,,,,
front_end,4316953.268382528,True,icp_accepted,2810,1.0,0.06252697620829452,31.110857002204284,10.406574001535773,8.02683200163301,6.750934990122914,1,0,0,,,,,,,,,,,,,,local_map_fast,True,12,5621,0,False,False,False,,,,inactive,,,,,,,,,,
optimized_backend,,,,,,,,,,,,,,,,,,,,,,,,,,,,,,,,,,,,,,,,,104,148,45,,,,pose_graph,True
front_end,4316953.368391584,True,icp_accepted,2768,1.0,0.06029620433667284,34.02891999576241,12.83812298788689,9.930389001965523,9.443795002880506,1,0,0,,,,,,,,,,,,,,local_map_fast,False,12,5621,0,False,False,False,,,,inactive,,,,,,,,,,
front_end,4316953.46843792,True,icp_accepted,2748,1.0,0.062354654628864824,31.510999004240148,11.860195008921437,8.40606501151342,6.231898994883522,1,0,0,,,,,,,,,,,,,,local_map_fast,True,12,5487,0,False,False,False,,,,inactive,,,,,,,,,,
front_end,4316953.568419456,True,icp_accepted,2799,1.0,0.05956706856777483,29.812146996846423,12.42219099367503,9.619745003874414,6.514451000839472,1,0,0,,,,,,,,,,,,,,local_map_fast,False,12,5487,0,False,False,False,,,,inactive,,,,,,,,,,
front_end,4316953.668592864,True,icp_accepted,2819,1.0,0.061340688279679687,29.12656799890101,13.338983000721782,9.725625001010485,5.3666939929826185,1,0,0,,,,,,,,,,,,,,local_map_fast,True,12,5498,0,False,False,False,,,,inactive,,,,,,,,,,
front_end,4316953.76851168,True,icp_accepted,2704,1.0,0.06033015144533969,31.00662499491591,11.708474004990421,8.57825600542128,8.876075997250155,1,0,0,,,,,,,,,,,,,,local_map_fast,False,12,5498,0,False,False,False,,,,inactive,,,,,,,,,,
optimized_backend,,,,,,,,,,,,,,,,,,,,,,,,,,,,,,,,,,,,,,,,,105,150,46,,,,pose_graph,True
front_end,4316953.868449088,True,icp_accepted,2723,1.0,0.06176337978752654,28.267201996641234,11.695440000039525,8.815983004751615,8.992927003419027,1,0,0,,,,,,,,,,,,,,local_map_fast,False,12,5498,0,False,False,False,,,,inactive,,,,,,,,,,
front_end,4316953.968555392,True,icp_accepted,2737,1.0,0.0615712431583057,31.558383008814417,13.78006101003848,11.423759002354927,7.654820001334883,1,0,0,,,,,,,,,,,,,,local_map_fast,True,12,5434,0,False,False,False,,,,inactive,,,,,,,,,,
front_end,4316954.068334272,True,icp_accepted,2605,1.0,0.06017951483808254,26.873410010011867,11.467831005575135,7.787508002365939,6.668935006018728,1,0,0,,,,,,,,,,,,,,local_map_fast,False,12,5434,0,False,False,False,,,,inactive,,,,,,,,,,
optimized_backend,,,,,,,,,,,,,,,,,,,,,,,,,,,,,,,,,,,,,,,,,106,152,47,,,,pose_graph,True
front_end,4316954.168533856,True,icp_accepted,2651,1.0,0.06251158829809911,33.64553800201975,14.267644000938162,10.688416004995815,5.309676009346731,1,0,0,,,,,,,,,,,,,,local_map_fast,True,12,5437,0,False,False,False,,,,inactive,,,,,,,,,,
front_end,4316954.268538272,True,icp_accepted,2649,1.0,0.058769064784274086,25.737743999343365,10.443409002618864,7.913919005659409,5.049922998296097,1,0,0,,,,,,,,,,,,,,local_map_fast,False,12,5437,0,False,False,False,,,,inactive,,,,,,,,,,
front_end,4316954.368446592,True,icp_accepted,2694,1.0,0.059022870473660914,45.84873000567313,18.350204001762904,14.366172996233217,9.532911004498601,1,0,0,,,,,,,,,,,,,,local_map_fast,True,12,5431,0,False,False,False,,,,inactive,,,,,,,,,,
front_end,4316954.468383776,True,icp_accepted,2720,1.0,0.05982620699223943,23.20863399654627,12.182549005956389,7.84670100256335,3.087258999585174,1,0,0,,,,,,,,,,,,,,local_map_fast,False,12,5431,0,False,False,False,,,,inactive,,,,,,,,,,
optimized_backend,,,,,,,,,,,,,,,,,,,,,,,,,,,,,,,,,,,,,,,,,107,154,48,,,,pose_graph,True
front_end,4316954.56835984,True,icp_accepted,2729,1.0,0.05963376032217142,52.75700999482069,17.55524599866476,12.996955003472976,9.519917002762668,1,0,0,,,,,,,,,,,,,,local_map_fast,True,12,5393,0,False,False,False,,,,inactive,,,,,,,,,,
front_end,4316954.668461536,True,icp_accepted,2721,1.0,0.058978886425668266,27.01469800376799,11.218840998481028,8.614398000645451,8.004029994481243,1,0,0,,,,,,,,,,,,,,local_map_fast,False,12,5393,0,False,False,False,,,,inactive,,,,,,,,,,
front_end,4316954.768513632,True,icp_accepted,2701,1.0,0.05941603880066655,33.208621985977516,10.909593998803757,7.965166005305946,8.778329007327557,1,0,0,,,,,,,,,,,,,,local_map_fast,True,12,5285,0,False,False,False,,,,inactive,,,,,,,,,,
front_end,4316954.868526528,True,icp_accepted,2598,1.0,0.05951244144024143,26.610891000018455,10.668667004210874,8.317193991388194,8.10808700043708,1,0,0,,,,,,,,,,,,,,local_map_fast,False,12,5285,0,False,False,False,,,,inactive,,,,,,,,,,
front_end,4316954.968390912,True,icp_accepted,2602,1.0,0.061935706224166484,27.473207999719307,11.636764000286348,9.168099000817165,5.017582006985322,1,0,0,,,,,,,,,,,,,,local_map_fast,True,12,5252,0,False,False,False,,,,inactive,,,,,,,,,,
optimized_backend,,,,,,,,,,,,,,,,,,,,,,,,,,,,,,,,,,,,,,,,,108,156,49,,,,pose_graph,True
front_end,4316955.06833376,True,icp_accepted,2500,1.0,0.05946035594152244,40.643371001351625,23.59604899538681,15.67219199205283,9.003597006085329,1,0,0,,,,,,,,,,,,,,local_map_fast,False,12,5252,0,False,False,False,,,,inactive,,,,,,,,,,
front_end,4316955.168351008,True,icp_accepted,2550,1.0,0.061727948920856604,29.490535001968965,15.114323003217578,12.792487003025599,4.4418290053727105,1,0,0,,,,,,,,,,,,,,local_map_fast,True,12,5198,0,False,False,False,,,,inactive,,,,,,,,,,
front_end,4316955.26843888,True,icp_accepted,2564,1.0,0.059392367874283584,36.10221200506203,15.141673997277394,11.717215995304286,5.005058003007434,1,0,0,,,,,,,,,,,,,,local_map_fast,False,12,5198,0,False,False,False,,,,inactive,,,,,,,,,,
front_end,4316955.368414688,True,icp_accepted,2617,1.0,0.06032973028701883,32.56496899120975,10.25450999441091,7.833745999960229,7.2765689983498305,1,0,0,,,,,,,,,,,,,,local_map_fast,True,12,5076,0,False,False,False,,,,inactive,,,,,,,,,,
front_end,4316955.46848592,True,icp_accepted,2594,1.0,0.06002573879538815,28.396038003847934,10.208973995759152,7.8534729982493445,9.65780699334573,1,0,0,,,,,,,,,,,,,,local_map_fast,False,12,5076,0,False,False,False,,,,inactive,,,,,,,,,,
optimized_backend,,,,,,,,,,,,,,,,,,,,,,,,,,,,,,,,,,,,,,,,,109,158,50,,,,pose_graph,True
front_end,4316955.568484224,True,icp_accepted,2555,1.0,0.0588746851792415,41.48803299176507,16.83021899953019,12.44975600275211,7.061951997457072,1,0,0,,,,,,,,,,,,,,local_map_fast,True,12,4998,0,False,False,False,,,,inactive,,,,,,,,,,
front_end,4316955.66844336,True,icp_accepted,2525,1.0,0.0597131273855825,26.042812009109184,10.577784007182345,8.161398000083864,6.039421001332812,1,0,0,,,,,,,,,,,,,,local_map_fast,False,12,4998,0,False,False,False,,,,inactive,,,,,,,,,,
front_end,4316955.76834992,True,icp_accepted,2507,1.0,0.059685171687752545,33.38656800042372,17.083760001696646,13.626989995827898,4.411280999192968,1,0,0,,,,,,,,,,,,,,local_map_fast,True,12,4943,0,False,False,False,,,,inactive,,,,,,,,,,
front_end,4316955.86835376,True,icp_accepted,2547,0.9996073812328229,0.05879926052818581,28.6605399887776,14.286721998360008,8.471847002510913,4.794509004568681,1,0,0,,,,,,,,,,,,,,local_map_fast,False,12,4943,0,False,False,False,,,,inactive,,,,,,,,,,
front_end,4316955.968478752,True,icp_accepted,2479,1.0,0.05982540139197222,31.449531990801916,10.157796990824863,7.780935993650928,9.22476600680966,1,0,0,,,,,,,,,,,,,,local_map_fast,False,12,4943,0,False,False,False,,,,inactive,,,,,,,,,,
front_end,4316956.06851264,True,icp_accepted,2412,1.0,0.061599777618116525,22.26436098862905,10.018641987699084,7.068423990858719,2.588703006040305,1,0,0,,,,,,,,,,,,,,local_map_fast,True,12,4882,0,False,False,False,,,,inactive,,,,,,,,,,
optimized_backend,,,,,,,,,,,,,,,,,,,,,,,,,,,,,,,,,,,,,,,,,110,160,51,,,,pose_graph,True
front_end,4316956.168391552,True,icp_accepted,2407,1.0,0.05874379640092541,25.314309998066165,10.883023001952097,8.419097008300014,5.490409006597474,1,0,0,,,,,,,,,,,,,,local_map_fast,False,12,4882,0,False,False,False,,,,inactive,,,,,,,,,,
front_end,4316956.268523936,True,icp_accepted,2428,1.0,0.05840559752455219,28.985274999286048,12.502857003710233,7.486688002245501,8.801161995506845,1,0,0,,,,,,,,,,,,,,local_map_fast,False,12,4882,0,False,False,False,,,,inactive,,,,,,,,,,
front_end,4316956.368414976,True,icp_accepted,2431,0.9991772932949403,0.05875278848028485,25.99919799831696,10.141014005057514,7.811294010025449,8.341009001014754,1,0,0,,,,,,,,,,,,,,local_map_fast,False,12,4882,0,False,False,False,,,,inactive,,,,,,,,,,
optimized_backend,,,,,,,,,,,,,,,,,,,,,,,,,,,,,,,,,,,,,,,,,111,162,52,,,,pose_graph,True
front_end,4316956.468456608,True,icp_accepted,2409,0.9995848899958489,0.05810967818152562,27.3715630028164,10.884315008297563,8.46498299506493,6.190658008563332,1,0,0,,,,,,,,,,,,,,local_map_fast,True,12,4684,0,False,False,False,,,,inactive,,,,,,,,,,
front_end,4316956.568501248,True,icp_accepted,2380,1.0,0.05810787808135727,26.364332006778568,12.555166002130136,9.373347988002934,4.677877004723996,1,0,0,,,,,,,,,,,,,,local_map_fast,False,12,4684,0,False,False,False,,,,inactive,,,,,,,,,,
front_end,4316956.668439776,True,icp_accepted,2389,1.0,0.05961415350146313,28.427586003090255,13.424254997516982,10.145602995180525,5.730795004637912,1,0,0,,,,,,,,,,,,,,local_map_fast,False,12,4684,0,False,False,False,,,,inactive,,,,,,,,,,
front_end,4316956.76838176,True,icp_accepted,2363,1.0,0.05992772506386489,21.425229002488777,12.217806011904031,8.799980001640506,2.2187010035850108,1,0,0,,,,,,,,,,,,,,local_map_fast,False,12,4684,0,False,False,False,,,,inactive,,,,,,,,,,
optimized_backend,,,,,,,,,,,,,,,,,,,,,,,,,,,,,,,,,,,,,,,,,112,164,53,,,,pose_graph,True
front_end,4316956.868480256,True,icp_accepted,2352,1.0,0.061265528279223776,31.820716001675464,15.11858000594657,9.091943997191265,8.545436998247169,1,0,0,,,,,,,,,,,,,,local_map_fast,False,12,4684,0,False,False,False,,,,inactive,,,,,,,,,,
front_end,4316956.968437888,True,icp_accepted,2349,1.0,0.06092043192879225,26.5588799957186,11.519330000737682,8.646749003673904,6.854909006506205,1,0,0,,,,,,,,,,,,,,local_map_fast,False,12,4684,0,False,False,False,,,,inactive,,,,,,,,,,
front_end,4316957.068401056,True,icp_accepted,2324,1.0,0.06183398797360643,32.02926099766046,13.567286005127244,11.193441998329945,10.827727994183078,1,0,0,,,,,,,,,,,,,,local_map_fast,False,12,4684,0,False,False,False,,,,inactive,,,,,,,,,,
optimized_backend,,,,,,,,,,,,,,,,,,,,,,,,,,,,,,,,,,,,,,,,,113,166,54,,,,pose_graph,True
front_end,4316957.168276768,True,icp_accepted,2242,1.0,0.0642302037126684,22.485520006739534,10.983523010509089,8.32535800873302,3.184443005011417,1,0,0,,,,,,,,,,,,,,local_map_fast,False,12,4684,0,False,False,False,,,,inactive,,,,,,,,,,
front_end,4316957.268391904,True,icp_accepted,2330,1.0,0.06504334061552555,26.359802010119893,11.099402996478602,7.668092002859339,5.254562012851238,1,0,0,,,,,,,,,,,,,,local_map_fast,True,12,4687,0,False,False,False,,,,inactive,,,,,,,,,,
front_end,4316957.368379424,True,icp_accepted,2273,1.0,0.0596355995966766,27.782551987911575,13.613643997814506,10.290817997884005,4.29059199814219,1,0,0,,,,,,,,,,,,,,local_map_fast,False,12,4687,0,False,False,False,,,,inactive,,,,,,,,,,
front_end,4316957.468325728,True,icp_accepted,2335,1.0,0.06279955673872006,25.644143999670632,10.836574001586996,8.479099997202866,6.539940994116478,1,0,0,,,,,,,,,,,,,,local_map_fast,False,12,4687,0,False,False,False,,,,inactive,,,,,,,,,,
optimized_backend,,,,,,,,,,,,,,,,,,,,,,,,,,,,,,,,,,,,,,,,,114,168,55,,,,pose_graph,True
front_end,4316957.568307552,True,icp_accepted,2313,1.0,0.06503029072418529,18.372024002019316,8.991231996333227,6.258766996324994,2.130903987563215,1,0,0,,,,,,,,,,,,,,local_map_fast,False,12,4687,0,False,False,False,,,,inactive,,,,,,,,,,
front_end,4316957.668386016,True,icp_accepted,2259,1.0,0.06394535591301616,16.452220996143296,8.269693003967404,5.887552004423924,2.315593999810517,1,0,0,,,,,,,,,,,,,,local_map_fast,False,12,4687,0,False,False,False,,,,inactive,,,,,,,,,,
front_end,4316957.768339424,True,icp_accepted,2302,1.0,0.06365028974026199,18.699724998441525,9.748658994794823,7.093291002092883,1.4969500043662265,1,0,0,,,,,,,,,,,,,,local_map_fast,False,12,4687,0,False,False,False,,,,inactive,,,,,,,,,,
front_end,4316957.8684136,True,icp_accepted,2231,1.0,0.06475950363371077,17.659000994171947,8.481454991851933,5.799726000986993,1.818481003283523,1,0,0,,,,,,,,,,,,,,local_map_fast,False,12,4687,0,False,False,False,,,,inactive,,,,,,,,,,
front_end,4316957.968314592,True,icp_accepted,2290,1.0,0.060634040713870116,22.918631992070004,13.746706987149082,10.937426006421447,2.2485269873868674,1,0,0,,,,,,,,,,,,,,local_map_fast,False,12,4687,0,False,False,False,,,,inactive,,,,,,,,,,
front_end,4316958.068272672,True,icp_accepted,2256,1.0,0.06189940835987782,19.500214999425225,9.97456899494864,6.990284993662499,2.1597279992420226,1,0,0,,,,,,,,,,,,,,local_map_fast,False,12,4687,0,False,False,False,,,,inactive,,,,,,,,,,
front_end,4316958.168266816,True,icp_accepted,2258,1.0,0.06261075274161187,17.275162987061776,8.599269000114873,5.777112994110212,2.0504610001808032,1,0,0,,,,,,,,,,,,,,local_map_fast,False,12,4687,0,False,False,False,,,,inactive,,,,,,,,,,
front_end,4316958.268353792,True,icp_accepted,2228,1.0,0.05975769067850425,17.239424007129855,8.618164007202722,5.876531999092549,1.6193629999179393,1,0,0,,,,,,,,,,,,,,local_map_fast,False,12,4687,0,False,False,False,,,,inactive,,,,,,,,,,
front_end,4316958.368321472,True,icp_accepted,2271,1.0,0.059811951014649145,17.59115100139752,8.017524000024423,6.003232003422454,1.6971610020846128,1,0,0,,,,,,,,,,,,,,local_map_fast,False,12,4687,0,False,False,False,,,,inactive,,,,,,,,,,
front_end,4316958.46841792,True,icp_accepted,2259,1.0,0.06266724531331298,16.987787006655708,7.888961001299322,5.4861310054548085,2.254357998026535,1,0,0,,,,,,,,,,,,,,local_map_fast,False,12,4687,0,False,False,False,,,,inactive,,,,,,,,,,
front_end,4316958.568285568,True,icp_accepted,2317,1.0,0.06218376044124313,15.84021899907384,7.889642001828179,5.5522459879284725,1.812880000215955,1,0,0,,,,,,,,,,,,,,local_map_fast,False,12,4687,0,False,False,False,,,,inactive,,,,,,,,,,
front_end,4316958.66827376,True,icp_accepted,2336,1.0,0.06398061874159344,15.052212998853065,7.985664007719606,5.4517350072273985,1.6856290021678433,1,0,0,,,,,,,,,,,,,,local_map_fast,False,12,4687,0,False,False,False,,,,inactive,,,,,,,,,,
front_end,4316958.768325184,True,icp_accepted,2374,1.0,0.06428372678725076,14.881519004120491,7.546018998255022,4.815167005290277,1.7671730020083487,1,0,0,,,,,,,,,,,,,,local_map_fast,False,12,4687,0,False,False,False,,,,inactive,,,,,,,,,,
front_end,4316958.868319424,True,icp_accepted,2401,1.0,0.05946425081875353,17.96408899826929,8.04628900368698,6.1744769918732345,1.8094130064127967,1,0,0,,,,,,,,,,,,,,local_map_fast,True,12,4673,0,False,False,False,,,,inactive,,,,,,,,,,
front_end,4316958.96831872,True,icp_accepted,2381,1.0,0.055866787436183576,14.957182997022755,7.912945002317429,5.956644003163092,1.5933529939502478,1,0,0,,,,,,,,,,,,,,local_map_fast,False,12,4673,0,False,False,False,,,,inactive,,,,,,,,,,
front_end,4316959.068372768,True,icp_accepted,2367,1.0,0.061653125630839675,14.364087997819297,7.202717999462038,5.219964994466864,1.815334995626472,1,0,0,,,,,,,,,,,,,,local_map_fast,False,12,4673,0,False,False,False,,,,inactive,,,,,,,,,,
front_end,4316959.168382592,True,icp_accepted,2339,1.0,0.05890841039156916,16.507875989191234,8.071527001447976,5.55920900660567,2.182451993576251,1,0,0,,,,,,,,,,,,,,local_map_fast,False,12,4673,0,False,False,False,,,,inactive,,,,,,,,,,
front_end,4316959.268278592,True,icp_accepted,2373,1.0,0.05904872418088071,14.650730998255312,7.989430989255197,5.825824991916306,1.221978003741242,1,0,0,,,,,,,,,,,,,,local_map_fast,False,12,4673,0,False,False,False,,,,inactive,,,,,,,,,,
front_end,4316959.36826688,True,icp_accepted,2386,1.0,0.0595179199546916,15.615121999871917,7.816231998731382,5.470611009513959,1.5729849983472377,1,0,0,,,,,,,,,,,,,,local_map_fast,False,12,4673,0,False,False,False,,,,inactive,,,,,,,,,,
front_end,4316959.46824592,True,icp_accepted,2428,1.0,0.0605787100889271,16.9155579933431,8.737500000279397,6.182331999298185,2.258916007122025,1,0,0,,,,,,,,,,,,,,local_map_fast,False,12,4673,0,False,False,False,,,,inactive,,,,,,,,,,
front_end,4316959.568350112,True,icp_accepted,2470,1.0,0.05859480170012421,17.33732999127824,8.426610991591588,5.690979000064544,1.6402430046582595,1,0,0,,,,,,,,,,,,,,local_map_fast,True,12,4664,0,False,False,False,,,,inactive,,,,,,,,,,
front_end,4316959.66828768,True,icp_accepted,2468,1.0,0.05639006314742969,14.908630007994361,7.675956003367901,5.33811999775935,1.4890250022290275,1,0,0,,,,,,,,,,,,,,local_map_fast,False,12,4664,0,False,False,False,,,,inactive,,,,,,,,,,
front_end,4316959.76834784,True,icp_accepted,2479,1.0,0.059237028973702865,16.39788699685596,8.155194998835213,5.696709995390847,1.7283199995290488,1,0,0,,,,,,,,,,,,,,local_map_fast,False,12,4664,0,False,False,False,,,,inactive,,,,,,,,,,
front_end,4316959.868396736,True,icp_accepted,2491,1.0,0.059195037777798616,29.597635002573952,7.698558998527005,5.39494700205978,1.5717430069344118,1,0,0,,,,,,,,,,,,,,local_map_fast,False,12,4664,0,False,False,False,,,,inactive,,,,,,,,,,
front_end,4316959.96839776,True,icp_accepted,2470,1.0,0.05763311486698372,39.50534500472713,21.546357005718164,11.287479006568901,8.58859698928427,1,0,0,,,,,,,,,,,,,,local_map_fast,False,12,4664,0,False,False,False,,,,inactive,,,,,,,,,,
front_end,4316960.06830416,True,icp_accepted,2476,1.0,0.05798963258432673,29.38609299599193,11.813596996944398,8.782174991210923,8.591684003476985,1,0,0,,,,,,,,,,,,,,local_map_fast,False,12,4664,0,False,False,False,,,,inactive,,,,,,,,,,
front_end,4316960.16822496,True,icp_accepted,2434,1.0,0.05854780928553657,28.78012201108504,18.571501001133583,16.303206008160487,3.763510991120711,1,0,0,,,,,,,,,,,,,,local_map_fast,False,12,4664,0,False,False,False,,,,inactive,,,,,,,,,,
optimized_backend,,,,,,,,,,,,,,,,,,,,,,,,,,,,,,,,,,,,,,,,,115,170,56,,,,pose_graph,True
front_end,4316960.268225184,True,icp_accepted,2458,1.0,0.05965609728238285,17.539593012770638,8.590151002863422,5.891460008569993,2.38146900665015,1,0,0,,,,,,,,,,,,,,local_map_fast,False,12,4664,0,False,False,False,,,,inactive,,,,,,,,,,
front_end,4316960.368294944,True,icp_accepted,2470,1.0,0.05983640274785381,16.809466993436217,8.622591994935647,6.040102001861669,1.378094995743595,1,0,0,,,,,,,,,,,,,,local_map_fast,False,12,4664,0,False,False,False,,,,inactive,,,,,,,,,,
front_end,4316960.468219584,True,icp_accepted,2466,1.0,0.05934657647807447,19.72043998830486,9.48491798772011,6.97574699006509,1.6605909913778305,1,0,0,,,,,,,,,,,,,,local_map_fast,False,12,4664,0,False,False,False,,,,inactive,,,,,,,,,,
front_end,4316960.568339168,True,icp_accepted,2485,1.0,0.05787396198209701,16.887865989701822,8.682785992277786,6.009953998727724,1.892952001071535,1,0,0,,,,,,,,,,,,,,local_map_fast,False,12,4664,0,False,False,False,,,,inactive,,,,,,,,,,
front_end,4316960.668301312,True,icp_accepted,2454,1.0,0.05786221462092232,15.560727988486178,8.01948799926322,5.620105002890341,1.4168290072120726,1,0,0,,,,,,,,,,,,,,local_map_fast,False,12,4664,0,False,False,False,,,,inactive,,,,,,,,,,
front_end,4316960.76830448,True,icp_accepted,2438,1.0,0.05803445111223457,15.497277010581456,7.976406006491743,5.403692994150333,1.5582170017296448,1,0,0,,,,,,,,,,,,,,local_map_fast,False,12,4664,0,False,False,False,,,,inactive,,,,,,,,,,
front_end,4316960.868331328,True,icp_accepted,2437,1.0,0.058882387416531394,14.351341989822686,7.663741998840123,5.347947997506708,1.3019600010011345,1,0,0,,,,,,,,,,,,,,local_map_fast,False,12,4664,0,False,False,False,,,,inactive,,,,,,,,,,
front_end,4316960.968330048,True,icp_accepted,2448,1.0,0.058406827836299705,13.910696987295523,7.040609998512082,4.564171002130024,1.5817520034033805,1,0,0,,,,,,,,,,,,,,local_map_fast,False,12,4664,0,False,False,False,,,,inactive,,,,,,,,,,
front_end,4316961.06831872,True,icp_accepted,2473,1.0,0.0591908024069262,14.263164994190447,7.533865995355882,5.529041998670436,1.2739480007439852,1,0,0,,,,,,,,,,,,,,local_map_fast,False,12,4664,0,False,False,False,,,,inactive,,,,,,,,,,
front_end,4316961.168199712,True,icp_accepted,2448,1.0,0.06006964134890799,15.551479009445757,8.018143998924643,5.711447985959239,1.3712820073124021,1,0,0,,,,,,,,,,,,,,local_map_fast,False,12,4664,0,False,False,False,,,,inactive,,,,,,,,,,
front_end,4316961.26825696,True,icp_accepted,2433,1.0,0.05842583101220997,14.835110006970353,8.116201002849266,5.81871101167053,1.458316997741349,1,0,0,,,,,,,,,,,,,,local_map_fast,False,12,4664,0,False,False,False,,,,inactive,,,,,,,,,,
front_end,4316961.368229568,True,icp_accepted,2464,1.0,0.058940808763325726,14.739047997863963,7.922042001155205,5.495807999977842,1.1913000053027645,1,0,0,,,,,,,,,,,,,,local_map_fast,False,12,4664,0,False,False,False,,,,inactive,,,,,,,,,,
front_end,4316961.468300896,True,icp_accepted,2448,1.0,0.05893004019701165,15.57718800904695,8.390361006604508,5.83279799320735,1.2080129963578656,1,0,0,,,,,,,,,,,,,,local_map_fast,False,12,4664,0,False,False,False,,,,inactive,,,,,,,,,,
front_end,4316961.568292448,True,icp_accepted,2439,1.0,0.05862046744245606,19.2862160038203,9.157106003840454,6.713709997711703,1.61434400069993,1,0,0,,,,,,,,,,,,,,local_map_fast,False,12,4664,0,False,False,False,,,,inactive,,,,,,,,,,
front_end,4316961.66835552,True,icp_accepted,2469,1.0,0.05794160392020619,17.95238499471452,8.853470004396513,6.088684007409029,1.6808590007713065,1,0,0,,,,,,,,,,,,,,local_map_fast,False,12,4664,0,False,False,False,,,,inactive,,,,,,,,,,
front_end,4316961.76832816,True,icp_accepted,2434,1.0,0.05867719596452174,17.76054099900648,8.771523993345909,6.173114001285285,1.4016200002515689,1,0,0,,,,,,,,,,,,,,local_map_fast,False,12,4664,0,False,False,False,,,,inactive,,,,,,,,,,
front_end,4316961.868258752,True,icp_accepted,2410,1.0,0.059072284760077844,18.513930990593508,10.049398988485336,7.249064990901388,1.6103359957924113,1,0,0,,,,,,,,,,,,,,local_map_fast,False,12,4664,0,False,False,False,,,,inactive,,,,,,,,,,
front_end,4316961.968334272,True,icp_accepted,2393,1.0,0.05840232830246469,16.402894994826056,8.423423991189338,5.9414139977889135,1.3941560027888045,1,0,0,,,,,,,,,,,,,,local_map_fast,False,12,4664,0,False,False,False,,,,inactive,,,,,,,,,,
front_end,4316962.068283616,True,icp_accepted,2435,1.0,0.05858830604327377,15.80432899936568,7.910731001175009,5.5542290065204725,1.4388300041900948,1,0,0,,,,,,,,,,,,,,local_map_fast,False,12,4664,0,False,False,False,,,,inactive,,,,,,,,,,
front_end,4316962.16824944,True,icp_accepted,2445,1.0,0.05759757828743313,16.570203006267548,8.355405007023364,6.019312000717036,1.8388299940852448,1,0,0,,,,,,,,,,,,,,local_map_fast,False,12,4664,0,False,False,False,,,,inactive,,,,,,,,,,
front_end,4316962.268299904,True,icp_accepted,2416,1.0,0.05806208639396814,15.204028997686692,7.870093002566136,5.582212994340807,1.3923520018579438,1,0,0,,,,,,,,,,,,,,local_map_fast,False,12,4664,0,False,False,False,,,,inactive,,,,,,,,,,
front_end,4316962.36816176,True,icp_accepted,2434,1.0,0.05940829570114982,15.638223994756117,7.9324819962494075,5.600546995992772,1.2443209998309612,1,0,0,,,,,,,,,,,,,,local_map_fast,False,12,4664,0,False,False,False,,,,inactive,,,,,,,,,,
front_end,4316962.468231328,True,icp_accepted,2485,1.0,0.05933463712181286,14.99078499909956,7.658061003894545,5.350121995434165,1.4193329989211634,1,0,0,,,,,,,,,,,,,,local_map_fast,False,12,4664,0,False,False,False,,,,inactive,,,,,,,,,,
front_end,4316962.568204896,True,icp_accepted,2424,1.0,0.05832745513082282,15.372059002402239,8.052258999668993,5.634079992887564,1.3078220072202384,1,0,0,,,,,,,,,,,,,,local_map_fast,False,12,4664,0,False,False,False,,,,inactive,,,,,,,,,,
front_end,4316962.668215904,True,icp_accepted,2401,1.0,0.05838815392321,14.613359002396464,7.706763994065113,5.354130000341684,1.3435290020424873,1,0,0,,,,,,,,,,,,,,local_map_fast,False,12,4664,0,False,False,False,,,,inactive,,,,,,,,,,
front_end,4316962.768302592,True,icp_accepted,2479,1.0,0.057669765652477126,15.93465599580668,8.087114998488687,5.7039340026676655,1.3048260007053614,1,0,0,,,,,,,,,,,,,,local_map_fast,False,12,4664,0,False,False,False,,,,inactive,,,,,,,,,,
front_end,4316962.868331936,True,icp_accepted,2439,1.0,0.05866779071624434,19.412053996347822,10.05517999874428,7.034548005321994,1.7101150006055832,1,0,0,,,,,,,,,,,,,,local_map_fast,False,12,4664,0,False,False,False,,,,inactive,,,,,,,,,,
front_end,4316962.96821488,True,icp_accepted,2451,1.0,0.05819685254489843,18.159958999603987,9.17281600413844,6.5358209976693615,1.9744860037462786,1,0,0,,,,,,,,,,,,,,local_map_fast,False,12,4664,0,False,False,False,,,,inactive,,,,,,,,,,
front_end,4316963.068182432,True,icp_accepted,2473,1.0,0.05953261801487602,16.140806998009793,7.787467009620741,5.476891994476318,1.8729839939624071,1,0,0,,,,,,,,,,,,,,local_map_fast,False,12,4664,0,False,False,False,,,,inactive,,,,,,,,,,
front_end,4316963.168203008,True,icp_accepted,2446,1.0,0.06102263489466566,20.346036995761096,8.417271994403563,5.692291000741534,2.3206939949886873,1,0,0,,,,,,,,,,,,,,local_map_fast,False,12,4664,0,False,False,False,,,,inactive,,,,,,,,,,
front_end,4316963.268256064,True,icp_accepted,2376,1.0,0.06675369876431961,18.32538199960254,8.312783000292256,5.941893992712721,2.240310001070611,1,0,0,,,,,,,,,,,,,,local_map_fast,True,12,4501,0,False,False,False,,,,inactive,,,,,,,,,,
front_end,4316963.368198496,True,icp_accepted,2401,1.0,0.06639727133782075,17.73898900137283,9.436975989956409,6.221896008355543,1.8856980022974312,1,0,0,,,,,,,,,,,,,,local_map_fast,False,12,4501,0,False,False,False,,,,inactive,,,,,,,,,,
front_end,4316963.46832064,True,icp_accepted,2410,1.0,0.06111320389370116,17.525573988677934,8.882825000910088,6.169997010147199,2.024913002969697,1,0,0,,,,,,,,,,,,,,local_map_fast,False,12,4501,0,False,False,False,,,,inactive,,,,,,,,,,
front_end,4316963.568183456,True,icp_accepted,2434,1.0,0.05985329146347184,17.255942002520896,9.070160012925044,6.2660599942319095,1.6826229984872043,1,0,0,,,,,,,,,,,,,,local_map_fast,False,12,4501,0,False,False,False,,,,inactive,,,,,,,,,,
front_end,4316963.6682296,True,icp_accepted,2425,1.0,0.06095712808634291,18.559385993285105,9.247877998859622,6.440971003030427,1.869086001534015,1,0,0,,,,,,,,,,,,,,local_map_fast,False,12,4501,0,False,False,False,,,,inactive,,,,,,,,,,
front_end,4316963.768244704,True,icp_accepted,2492,1.0,0.059527260768707686,18.227936001494527,8.963917993241921,6.199752999236807,2.3551880003651604,1,0,0,,,,,,,,,,,,,,local_map_fast,False,12,4501,0,False,False,False,,,,inactive,,,,,,,,,,
front_end,4316963.868279008,True,icp_accepted,2536,1.0,0.061389668357782805,16.95312799711246,8.078037993982434,5.596899994998239,2.1340889943530783,1,0,0,,,,,,,,,,,,,,local_map_fast,False,12,4501,0,False,False,False,,,,inactive,,,,,,,,,,
front_end,4316963.968178592,True,icp_accepted,2489,1.0,0.05886363086981831,16.927219010540284,7.870334011386149,5.472764009027742,1.6555509937461466,1,0,0,,,,,,,,,,,,,,local_map_fast,False,12,4501,0,False,False,False,,,,inactive,,,,,,,,,,
front_end,4316964.068179296,True,icp_accepted,2532,1.0,0.05749327658392262,17.129112005932257,8.979779013316147,6.1767400038661435,1.855831011198461,1,0,0,,,,,,,,,,,,,,local_map_fast,False,12,4501,0,False,False,False,,,,inactive,,,,,,,,,,
front_end,4316964.168247424,True,icp_accepted,2397,1.0,0.061010352638803944,16.16023399401456,8.215048001147807,5.704483992303722,1.9505910022417083,1,0,0,,,,,,,,,,,,,,local_map_fast,False,12,4501,0,False,False,False,,,,inactive,,,,,,,,,,
front_end,4316964.26818272,True,icp_accepted,2430,1.0,0.06634245099674893,18.17578700138256,8.284679002827033,5.847694992553443,2.926763001596555,1,0,0,,,,,,,,,,,,,,local_map_fast,False,12,4501,0,False,False,False,,,,inactive,,,,,,,,,,
front_end,4316964.36816608,True,icp_accepted,2521,1.0,0.06497804380915975,18.733215008978732,8.298917004140094,5.709524004487321,2.0122179994359612,1,0,0,,,,,,,,,,,,,,local_map_fast,False,12,4501,0,False,False,False,,,,inactive,,,,,,,,,,
front_end,4316964.468269504,True,icp_accepted,2458,1.0,0.06308387540004472,17.547294992255047,8.768788000452332,6.115754003985785,1.7814299935707822,1,0,0,,,,,,,,,,,,,,local_map_fast,False,12,4501,0,False,False,False,,,,inactive,,,,,,,,,,
front_end,4316964.568218848,True,icp_accepted,2506,1.0,0.06752155601902743,17.77283300179988,9.03095600369852,6.218099006218836,1.2406440073391423,1,0,0,,,,,,,,,,,,,,local_map_fast,False,12,4501,0,False,False,False,,,,inactive,,,,,,,,,,
front_end,4316964.668299872,True,icp_accepted,2438,1.0,0.06588587391980631,17.454889995860867,8.769178995862603,6.4699659997131675,1.5364249993581325,1,0,0,,,,,,,,,,,,,,local_map_fast,False,12,4501,0,False,False,False,,,,inactive,,,,,,,,,,
front_end,4316964.768187296,True,icp_accepted,2464,1.0,0.06265652343365812,19.155796995619312,9.619042000849731,6.710492001730017,1.5824919973965734,1,0,0,,,,,,,,,,,,,,local_map_fast,False,12,4501,0,False,False,False,,,,inactive,,,,,,,,,,
front_end,4316964.868106944,True,icp_accepted,2482,1.0,0.05972719291574197,18.708707997575402,9.179366999887861,6.722445003106259,1.2360160035314038,1,0,0,,,,,,,,,,,,,,local_map_fast,False,12,4501,0,False,False,False,,,,inactive,,,,,,,,,,
front_end,4316964.968177152,True,icp_accepted,2448,1.0,0.0683358084092945,23.436328003299423,11.41837501199916,7.555525997304358,1.5237009938573465,1,0,0,,,,,,,,,,,,,,local_map_fast,False,12,4501,0,False,False,False,,,,inactive,,,,,,,,,,
front_end,4316965.068152096,True,icp_accepted,2446,1.0,0.06787070108273142,22.42968900827691,11.297075005131774,7.6838300010422245,1.7784649971872568,1,0,0,,,,,,,,,,,,,,local_map_fast,False,12,4501,0,False,False,False,,,,inactive,,,,,,,,,,
front_end,4316965.168128288,True,icp_accepted,2403,1.0,0.06569449550563532,17.80842999869492,9.066954007721506,6.258324996451847,1.6852280095918104,1,0,0,,,,,,,,,,,,,,local_map_fast,False,12,4501,0,False,False,False,,,,inactive,,,,,,,,,,
front_end,4316965.268264096,True,icp_accepted,2452,1.0,0.06658491863612069,17.793261009501293,8.445735002169386,6.094684009440243,1.3195339997764677,1,0,0,,,,,,,,,,,,,,local_map_fast,False,12,4501,0,False,False,False,,,,inactive,,,,,,,,,,
front_end,4316965.368226688,True,icp_accepted,2435,1.0,0.062277094956963486,16.947245996561833,7.997644992428832,5.833247996633872,2.2097930050222203,1,0,0,,,,,,,,,,,,,,local_map_fast,False,12,4501,0,False,False,False,,,,inactive,,,,,,,,,,
front_end,4316965.468133312,True,icp_accepted,2462,1.0,0.06478372404943668,16.631666992907412,8.420646990998648,5.6169870076701045,1.396309002302587,1,0,0,,,,,,,,,,,,,,local_map_fast,False,12,4501,0,False,False,False,,,,inactive,,,,,,,,,,
front_end,4316965.568120992,True,icp_accepted,2461,1.0,0.06393657044822054,16.02289199945517,7.988076991750859,5.471401003887877,1.6093439917312935,1,0,0,,,,,,,,,,,,,,local_map_fast,False,12,4501,0,False,False,False,,,,inactive,,,,,,,,,,
front_end,4316965.668187488,True,icp_accepted,2473,1.0,0.06496252981372554,15.854021010454744,7.646348007256165,5.573604998062365,1.6151439922396094,1,0,0,,,,,,,,,,,,,,local_map_fast,False,12,4501,0,False,False,False,,,,inactive,,,,,,,,,,
front_end,4316965.76809552,True,icp_accepted,2506,1.0,0.07021736581552715,15.901531995041296,7.679040994844399,5.371491992264055,1.904193006339483,1,0,0,,,,,,,,,,,,,,local_map_fast,False,12,4501,0,False,False,False,,,,inactive,,,,,,,,,,
front_end,4316965.868116352,True,icp_accepted,2502,1.0,0.07475516963520729,16.372895988752134,8.050154996453784,5.710224009817466,2.159708004910499,1,0,0,,,,,,,,,,,,,,local_map_fast,False,12,4501,0,False,False,False,,,,inactive,,,,,,,,,,
front_end,4316965.968250624,True,icp_accepted,2506,1.0,0.08051167670117082,16.900946997338906,8.2730769936461,6.019050008035265,2.7095419936813414,1,0,0,,,,,,,,,,,,,,local_map_fast,False,12,4501,0,False,False,False,,,,inactive,,,,,,,,,,
front_end,4316966.068082272,True,icp_accepted,2490,0.9975903614457832,0.09463521036235535,15.778058004798368,7.539034995716065,5.250982998404652,2.0580749987857416,1,0,0,,,,,,,,,,,,,,local_map_fast,False,12,4501,0,False,False,False,,,,inactive,,,,,,,,,,
front_end,4316966.168232576,True,icp_accepted,2464,0.9995941558441559,0.10404556117192461,18.197968995082192,8.222721997299232,5.764447007095441,2.600263003841974,1,0,0,,,,,,,,,,,,,,local_map_fast,False,12,4501,0,False,False,False,,,,inactive,,,,,,,,,,
front_end,4316966.26817728,True,icp_accepted,2407,1.0,0.10238261082819403,17.152164000435732,7.990911995875649,5.739379994338378,1.8697279883781448,1,0,0,,,,,,,,,,,,,,local_map_fast,False,12,4501,0,False,False,False,,,,inactive,,,,,,,,,,
front_end,4316966.368168256,True,icp_accepted,2462,0.9987814784727863,0.10497560801898946,18.509910005377606,9.129422003752552,6.568071999936365,1.6304440068779513,1,0,0,,,,,,,,,,,,,,local_map_fast,False,12,4501,0,False,False,False,,,,inactive,,,,,,,,,,
front_end,4316966.468247616,True,icp_accepted,2449,0.9987750102082482,0.1051144585199004,22.419699002057314,12.163619001512416,9.05773499107454,2.695304006920196,1,0,0,,,,,,,,,,,,,,local_map_fast,False,12,4501,0,False,False,False,,,,inactive,,,,,,,,,,
front_end,4316966.5682456,True,icp_accepted,2493,0.9995988768551946,0.08504843814127963,17.77777000097558,7.803615997545421,5.661140996380709,2.586557005997747,1,0,0,,,,,,,,,,,,,,local_map_fast,False,12,4501,0,False,False,False,,,,inactive,,,,,,,,,,
front_end,4316966.668087968,True,icp_accepted,2526,1.0,0.08963491874212076,15.728383004898205,7.733143007499166,5.430532997706905,1.8849760090233758,1,0,0,,,,,,,,,,,,,,local_map_fast,False,12,4501,0,False,False,False,,,,inactive,,,,,,,,,,
front_end,4316966.768186272,True,icp_accepted,2462,1.0,0.08181923391613732,17.387440995662473,8.321468994836323,5.991899000946432,1.9086609972873703,1,0,0,,,,,,,,,,,,,,local_map_fast,False,12,4501,0,False,False,False,,,,inactive,,,,,,,,,,
front_end,4316966.868225248,True,icp_accepted,2509,0.9992028696691909,0.08454276762112393,17.558143998030573,8.400388003792614,6.238606991246343,2.1060159924672917,1,0,0,,,,,,,,,,,,,,local_map_fast,False,12,4501,0,False,False,False,,,,inactive,,,,,,,,,,
front_end,4316966.96808864,True,icp_accepted,2607,0.9996164173379364,0.08333955799186044,16.61896200675983,7.532642004662193,5.472051998367533,2.0394290040712804,1,0,0,,,,,,,,,,,,,,local_map_fast,False,12,4501,0,False,False,False,,,,inactive,,,,,,,,,,
front_end,4316967.068194816,True,icp_accepted,2503,0.9976028765481423,0.09083205736436385,16.15634399058763,7.764871988911182,5.470780000905506,2.3559800029033795,1,0,0,,,,,,,,,,,,,,local_map_fast,False,12,4501,0,False,False,False,,,,inactive,,,,,,,,,,
front_end,4316967.168195232,True,icp_accepted,2489,0.9975893933306549,0.0961611660443268,14.999708990217187,7.38105399068445,5.175960002816282,1.6517339972779155,1,0,0,,,,,,,,,,,,,,local_map_fast,False,12,4501,0,False,False,False,,,,inactive,,,,,,,,,,
front_end,4316967.268094304,True,icp_accepted,2460,0.9995934959349594,0.0901565017032249,15.644512997823767,7.419386995024979,5.361521994927898,2.0528150052996352,1,0,0,,,,,,,,,,,,,,local_map_fast,False,12,4501,0,False,False,False,,,,inactive,,,,,,,,,,
front_end,4316967.36821168,True,icp_accepted,2517,0.9992054032578467,0.10410894103038323,17.13330700295046,7.782465996569954,5.393964005634189,1.5998059971025214,1,0,0,,,,,,,,,,,,,,local_map_fast,False,12,4501,0,False,False,False,,,,inactive,,,,,,,,,,
front_end,4316967.468156672,True,icp_accepted,2475,0.9987878787878788,0.10513822575335148,16.22210899950005,7.616962000611238,5.252023998764344,1.3802390021737665,1,0,0,,,,,,,,,,,,,,local_map_fast,False,12,4501,0,False,False,False,,,,inactive,,,,,,,,,,
front_end,4316967.568122432,True,icp_accepted,2510,0.998804780876494,0.0903276907447988,15.651155001251027,7.2358189936494455,5.314744004863314,2.012958997511305,1,0,0,,,,,,,,,,,,,,local_map_fast,False,12,4501,0,False,False,False,,,,inactive,,,,,,,,,,
front_end,4316967.668030144,True,icp_accepted,2536,0.999211356466877,0.0977122836588554,15.821688997675665,7.969600992510095,5.787390997284092,1.8127189978258684,1,0,0,,,,,,,,,,,,,,local_map_fast,False,12,4501,0,False,False,False,,,,inactive,,,,,,,,,,
front_end,4316967.768163264,True,icp_accepted,2466,0.9987834549878345,0.09441217493308988,15.917390992399305,7.760935986880213,5.555259995162487,1.7351919959764928,1,0,0,,,,,,,,,,,,,,local_map_fast,False,12,4501,0,False,False,False,,,,inactive,,,,,,,,,,
front_end,4316967.86814784,True,icp_accepted,2514,0.9984089101034208,0.09917797313087681,17.220752997673117,8.07042200176511,5.659587986883707,2.5517419999232516,1,0,0,,,,,,,,,,,,,,local_map_fast,False,12,4501,0,False,False,False,,,,inactive,,,,,,,,,,
front_end,4316967.968195936,True,icp_accepted,2525,0.9972277227722772,0.09167492688461494,17.915282005560584,7.290392997674644,5.212079006014392,1.720093991025351,1,0,0,,,,,,,,,,,,,,local_map_fast,False,12,4501,0,False,False,False,,,,inactive,,,,,,,,,,
front_end,4316968.068187552,True,icp_accepted,2486,0.998390989541432,0.1029128345254567,15.767416000016965,7.713605009485036,5.528850000700913,2.102829996147193,1,0,0,,,,,,,,,,,,,,local_map_fast,False,12,4501,0,False,False,False,,,,inactive,,,,,,,,,,
front_end,4316968.168066656,True,icp_accepted,2380,0.9987394957983193,0.116061311032539,16.78774200263433,7.91560800280422,5.688072997145355,2.5814469991018996,1,0,0,,,,,,,,,,,,,,local_map_fast,False,12,4501,0,False,False,False,,,,inactive,,,,,,,,,,
front_end,4316968.268067168,True,icp_accepted,2438,0.9995898277276456,0.1058814464654608,17.78992300387472,7.773258999804966,5.816867007524706,2.6363719953224063,1,0,0,,,,,,,,,,,,,,local_map_fast,True,12,4571,0,False,False,False,,,,inactive,,,,,,,,,,
front_end,4316968.368136384,True,icp_accepted,2427,1.0,0.07922619254119165,17.699862000881694,7.780882995575666,5.466059999889694,2.250149002065882,1,0,0,,,,,,,,,,,,,,local_map_fast,False,12,4571,0,False,False,False,,,,inactive,,,,,,,,,,
front_end,4316968.468102752,True,icp_accepted,2399,1.0,0.08750767454689083,35.85918599856086,12.669407995417714,10.138675992493518,12.503211997682229,1,0,0,,,,,,,,,,,,,,local_map_fast,False,12,4571,0,False,False,False,,,,inactive,,,,,,,,,,
front_end,4316968.56806672,True,icp_accepted,2360,1.0,0.08044779508715831,23.256103988387622,10.82421699538827,8.408172012423165,4.303926005377434,1,0,0,,,,,,,,,,,,,,local_map_fast,False,12,4571,0,False,False,False,,,,inactive,,,,,,,,,,
front_end,4316968.668136288,True,icp_accepted,2465,1.0,0.06929662921217422,21.04763399984222,10.883579001529142,7.776494006975554,1.8255429895361885,1,0,0,,,,,,,,,,,,,,local_map_fast,False,12,4571,0,False,False,False,,,,inactive,,,,,,,,,,
optimized_backend,,,,,,,,,,,,,,,,,,,,,,,,,,,,,,,,,,,,,,,,,116,172,57,,,,pose_graph,True
front_end,4316968.768200576,True,icp_accepted,2495,1.0,0.07905580718816932,18.49731600668747,8.801670002867468,6.439026998123154,2.6765279908431694,1,0,0,,,,,,,,,,,,,,local_map_fast,False,12,4571,0,False,False,False,,,,inactive,,,,,,,,,,
front_end,4316968.868041952,True,icp_accepted,2500,1.0,0.08073777685915677,16.89177899970673,8.064310997724533,5.766000002040528,2.7623099886113778,1,0,0,,,,,,,,,,,,,,local_map_fast,False,12,4571,0,False,False,False,,,,inactive,,,,,,,,,,
front_end,4316968.968227968,True,icp_accepted,2550,1.0,0.07118014024788764,16.430793999461457,7.377376998192631,5.172633987967856,2.100504992995411,1,0,0,,,,,,,,,,,,,,local_map_fast,False,12,4571,0,False,False,False,,,,inactive,,,,,,,,,,
front_end,4316969.068211968,True,icp_accepted,2506,1.0,0.07933828082541804,16.247345993178897,7.644493001862429,5.410805999417789,2.5278959947172552,1,0,0,,,,,,,,,,,,,,local_map_fast,False,12,4571,0,False,False,False,,,,inactive,,,,,,,,,,
front_end,4316969.168056352,True,icp_accepted,2468,1.0,0.07223511345832118,17.56513699365314,7.614536996698007,5.2491100068436936,2.1103939943714067,1,0,0,,,,,,,,,,,,,,local_map_fast,False,12,4571,0,False,False,False,,,,inactive,,,,,,,,,,
front_end,4316969.26815248,True,icp_accepted,2504,1.0,0.07585337752883439,17.601535000721924,8.618902007583529,6.317325998679735,1.8650479905772954,1,0,0,,,,,,,,,,,,,,local_map_fast,False,12,4571,0,False,False,False,,,,inactive,,,,,,,,,,
front_end,4316969.368048384,True,icp_accepted,2479,1.0,0.07704128430623637,17.027726004016586,8.373988006496802,6.146220999653451,1.9523240043781698,1,0,0,,,,,,,,,,,,,,local_map_fast,False,12,4571,0,False,False,False,,,,inactive,,,,,,,,,,
front_end,4316969.468003264,True,icp_accepted,2467,1.0,0.0788042319610935,16.771018999861553,7.890601002145559,5.5539869936183095,2.3104339925339445,1,0,0,,,,,,,,,,,,,,local_map_fast,False,12,4571,0,False,False,False,,,,inactive,,,,,,,,,,
front_end,4316969.568129248,True,icp_accepted,2500,1.0,0.07598433151336832,16.361473011784256,7.6945490000071,5.504372995346785,1.930393002112396,1,0,0,,,,,,,,,,,,,,local_map_fast,False,12,4571,0,False,False,False,,,,inactive,,,,,,,,,,
front_end,4316969.668007808,True,icp_accepted,2478,1.0,0.07810741913274474,16.060791007475927,7.664671997190453,5.5752879998181015,2.061171006062068,1,0,0,,,,,,,,,,,,,,local_map_fast,False,12,4571,0,False,False,False,,,,inactive,,,,,,,,,,
front_end,4316969.768198944,True,icp_accepted,2471,1.0,0.0738033739607105,18.918443005532026,8.41692900576163,5.678564004483633,2.1330869931261986,1,0,0,,,,,,,,,,,,,,local_map_fast,False,12,4571,0,False,False,False,,,,inactive,,,,,,,,,,
front_end,4316969.86807968,True,icp_accepted,2460,1.0,0.07815566331276196,15.926155989291146,8.002873990335502,5.696838998119347,1.9820909947156906,1,0,0,,,,,,,,,,,,,,local_map_fast,False,12,4571,0,False,False,False,,,,inactive,,,,,,,,,,
front_end,4316969.967990752,True,icp_accepted,2495,1.0,0.07465166245877773,15.343731007305905,7.662789008463733,5.626023994409479,1.4184920000843704,1,0,0,,,,,,,,,,,,,,local_map_fast,False,12,4571,0,False,False,False,,,,inactive,,,,,,,,,,
front_end,4316970.068011744,True,icp_accepted,2479,1.0,0.07077881525551331,15.279840008588508,7.306733008590527,5.339440001989715,1.7518740060040727,1,0,0,,,,,,,,,,,,,,local_map_fast,False,12,4571,0,False,False,False,,,,inactive,,,,,,,,,,
front_end,4316970.168094528,True,icp_accepted,2484,1.0,0.07496576937486946,16.62935000786092,7.4753930093720555,5.4704990034224465,2.8449980018194765,1,0,0,,,,,,,,,,,,,,local_map_fast,False,12,4571,0,False,False,False,,,,inactive,,,,,,,,,,
front_end,4316970.268018656,True,icp_accepted,2482,1.0,0.07748645324292286,16.516926989424974,8.008183998754248,5.918167997151613,2.0661599992308766,1,0,0,,,,,,,,,,,,,,local_map_fast,False,12,4571,0,False,False,False,,,,inactive,,,,,,,,,,
front_end,4316970.368176992,True,icp_accepted,2461,1.0,0.07523816898428125,17.580954998265952,8.31725999887567,5.81918099487666,1.9776120025198907,1,0,0,,,,,,,,,,,,,,local_map_fast,False,12,4571,0,False,False,False,,,,inactive,,,,,,,,,,
front_end,4316970.468112928,True,icp_accepted,2515,1.0,0.07906188312088788,15.595188000588678,7.896961993537843,5.747444010921754,1.4090740005485713,1,0,0,,,,,,,,,,,,,,local_map_fast,False,12,4571,0,False,False,False,,,,inactive,,,,,,,,,,
front_end,4316970.56798496,True,icp_accepted,2507,1.0,0.07423902552473852,15.654550996259786,7.734864993835799,5.604652993497439,1.7547489987919107,1,0,0,,,,,,,,,,,,,,local_map_fast,False,12,4571,0,False,False,False,,,,inactive,,,,,,,,,,
front_end,4316970.668116128,True,icp_accepted,2499,1.0,0.07611643637802643,17.780292997485958,8.474657995975576,6.241390990908258,1.7194730025948957,1,0,0,,,,,,,,,,,,,,local_map_fast,False,12,4571,0,False,False,False,,,,inactive,,,,,,,,,,
front_end,4316970.76807824,True,icp_accepted,2486,1.0,0.07516249342055215,16.45528999506496,7.6297659979900345,5.534880998311564,1.995034996070899,1,0,0,,,,,,,,,,,,,,local_map_fast,False,12,4571,0,False,False,False,,,,inactive,,,,,,,,,,
front_end,4316970.867971872,True,icp_accepted,2463,1.0,0.07441128135249869,17.69652499933727,8.52163799572736,5.979244000627659,1.5903669991530478,1,0,0,,,,,,,,,,,,,,local_map_fast,False,12,4571,0,False,False,False,,,,inactive,,,,,,,,,,
front_end,4316970.968071264,True,icp_accepted,2510,1.0,0.07665773519931075,17.443805001676083,8.403793995967135,5.848294997122139,1.8846949969884008,1,0,0,,,,,,,,,,,,,,local_map_fast,False,12,4571,0,False,False,False,,,,inactive,,,,,,,,,,
front_end,4316971.068094656,True,icp_accepted,2523,1.0,0.07518809238675918,16.080208006314933,8.324504000484012,5.950129008851945,1.6536470066057518,1,0,0,,,,,,,,,,,,,,local_map_fast,False,12,4571,0,False,False,False,,,,inactive,,,,,,,,,,
front_end,4316971.167984896,True,icp_accepted,2537,1.0,0.07351697203054504,17.062951999832876,8.780478005064651,6.5733109950087965,1.938247005455196,1,0,0,,,,,,,,,,,,,,local_map_fast,False,12,4571,0,False,False,False,,,,inactive,,,,,,,,,,
front_end,4316971.268092,True,icp_accepted,2460,1.0,0.07248378669191392,17.41612200567033,9.119491005549207,6.596414998057298,1.6733350057620555,1,0,0,,,,,,,,,,,,,,local_map_fast,False,12,4571,0,False,False,False,,,,inactive,,,,,,,,,,
front_end,4316971.36808896,True,icp_accepted,2524,1.0,0.07440720504410803,16.231044006417505,7.898905998445116,5.74647200119216,1.877140995929949,1,0,0,,,,,,,,,,,,,,local_map_fast,False,12,4571,0,False,False,False,,,,inactive,,,,,,,,,,
front_end,4316971.467989856,True,icp_accepted,2521,1.0,0.07284920975224267,16.669204997015186,8.042097993893549,5.925071003730409,2.3743950005155057,1,0,0,,,,,,,,,,,,,,local_map_fast,False,12,4571,0,False,False,False,,,,inactive,,,,,,,,,,
front_end,4316971.567964224,True,icp_accepted,2522,1.0,0.07531224397998218,15.894203999778256,7.975650994922034,5.524521009647287,1.509594003437087,1,0,0,,,,,,,,,,,,,,local_map_fast,False,12,4571,0,False,False,False,,,,inactive,,,,,,,,,,
front_end,4316971.668047392,True,icp_accepted,2514,1.0,0.06962737908668921,16.551993001485243,7.386454002698883,5.382381001254544,1.579956995556131,1,0,0,,,,,,,,,,,,,,local_map_fast,False,12,4571,0,False,False,False,,,,inactive,,,,,,,,,,
front_end,4316971.767978784,True,icp_accepted,2464,1.0,0.07254227096366621,18.60759199189488,8.870568999554962,5.843164995894767,2.206306002335623,1,0,0,,,,,,,,,,,,,,local_map_fast,False,12,4571,0,False,False,False,,,,inactive,,,,,,,,,,
front_end,4316971.867955936,True,icp_accepted,2481,1.0,0.069220318137857,16.46654999058228,7.866583997383714,5.748165000113659,1.6803379985503852,1,0,0,,,,,,,,,,,,,,local_map_fast,False,12,4571,0,False,False,False,,,,inactive,,,,,,,,,,
front_end,4316971.968088256,True,icp_accepted,2532,1.0,0.06806148530715869,16.26676101295743,8.187213010387495,5.859696990228258,1.7189810023410246,1,0,0,,,,,,,,,,,,,,local_map_fast,False,12,4571,0,False,False,False,,,,inactive,,,,,,,,,,
front_end,4316972.067976,True,icp_accepted,2517,1.0,0.0700195370586699,16.099373999168165,8.087423993856646,5.880326003534719,1.9526639953255653,1,0,0,,,,,,,,,,,,,,local_map_fast,False,12,4571,0,False,False,False,,,,inactive,,,,,,,,,,
front_end,4316972.168102656,True,icp_accepted,2491,1.0,0.06564598208767332,19.8645869968459,7.760723005048931,5.419903012807481,1.837876989156939,1,0,0,,,,,,,,,,,,,,local_map_fast,False,12,4571,0,False,False,False,,,,inactive,,,,,,,,,,
front_end,4316972.268075232,True,icp_accepted,2533,1.0,0.06794333068368669,17.458641988923773,8.163546997820958,5.910373001825064,2.3368139954982325,1,0,0,,,,,,,,,,,,,,local_map_fast,False,12,4571,0,False,False,False,,,,inactive,,,,,,,,,,
front_end,4316972.367963488,True,icp_accepted,2520,1.0,0.06578864304976374,16.462100989883766,7.585480998386629,5.552363989409059,2.2544480016222224,1,0,0,,,,,,,,,,,,,,local_map_fast,False,12,4571,0,False,False,False,,,,inactive,,,,,,,,,,
front_end,4316972.46807728,True,icp_accepted,2554,1.0,0.07193154661904126,16.955418002908118,8.18561999767553,5.793011005152948,2.644337000674568,1,0,0,,,,,,,,,,,,,,local_map_fast,False,12,4571,0,False,False,False,,,,inactive,,,,,,,,,,
front_end,4316972.568101536,True,icp_accepted,2552,1.0,0.0638711035758378,16.814278991660103,7.89882498793304,5.6134389888029546,2.6218339917249978,1,0,0,,,,,,,,,,,,,,local_map_fast,False,12,4571,0,False,False,False,,,,inactive,,,,,,,,,,
front_end,4316972.667992928,True,icp_accepted,2571,1.0,0.06372936006695891,19.952524002292193,11.38889700814616,8.03343100415077,2.1201329946052283,1,0,0,,,,,,,,,,,,,,local_map_fast,False,12,4571,0,False,False,False,,,,inactive,,,,,,,,,,
front_end,4316972.767930624,True,icp_accepted,2578,1.0,0.061847771021249186,19.335773002239875,8.483204001095146,6.048836003174074,1.4847169950371608,1,0,0,,,,,,,,,,,,,,local_map_fast,False,12,4571,0,False,False,False,,,,inactive,,,,,,,,,,
front_end,4316972.868047552,True,icp_accepted,2528,1.0,0.06648613016430155,15.4373969999142,7.408454999676906,5.407889999332838,1.7094329959945753,1,0,0,,,,,,,,,,,,,,local_map_fast,False,12,4571,0,False,False,False,,,,inactive,,,,,,,,,,
front_end,4316972.967927168,True,icp_accepted,2497,1.0,0.0661521835333168,16.978882005787455,7.916237998870201,5.811996990814805,2.761929004918784,1,0,0,,,,,,,,,,,,,,local_map_fast,False,12,4571,0,False,False,False,,,,inactive,,,,,,,,,,
front_end,4316973.068099488,True,icp_accepted,2476,1.0,0.06744074925159757,16.46155100024771,7.855403004214168,5.818088000523858,2.292930003022775,1,0,0,,,,,,,,,,,,,,local_map_fast,False,12,4571,0,False,False,False,,,,inactive,,,,,,,,,,
front_end,4316973.168038176,True,icp_accepted,2382,1.0,0.06665943742693028,16.124822010169737,7.650414001545869,5.57543701143004,2.241962996777147,1,0,0,,,,,,,,,,,,,,local_map_fast,False,12,4571,0,False,False,False,,,,inactive,,,,,,,,,,
front_end,4316973.267977632,True,icp_accepted,2427,1.0,0.06352269594773462,16.773372000898235,7.46702600736171,5.409202000009827,2.7287770062685013,1,0,0,,,,,,,,,,,,,,local_map_fast,False,12,4571,0,False,False,False,,,,inactive,,,,,,,,,,
front_end,4316973.368056288,True,icp_accepted,2495,1.0,0.062636462808342,16.699050000170246,8.271311991848052,5.715523002436385,1.6579549992457032,1,0,0,,,,,,,,,,,,,,local_map_fast,False,12,4571,0,False,False,False,,,,inactive,,,,,,,,,,
front_end,4316973.468067808,True,icp_accepted,2482,1.0,0.06020458515503335,15.907117995084263,7.4950989946955815,5.452013996546157,1.9451400003163144,1,0,0,,,,,,,,,,,,,,local_map_fast,False,12,4571,0,False,False,False,,,,inactive,,,,,,,,,,
front_end,4316973.567901632,True,icp_accepted,2411,1.0,0.06229656460298717,15.895475997240283,7.394599000690505,5.363736010622233,1.7166469915537164,1,0,0,,,,,,,,,,,,,,local_map_fast,False,12,4571,0,False,False,False,,,,inactive,,,,,,,,,,
front_end,4316973.66788112,True,icp_accepted,2408,1.0,0.06220274316260681,16.215814001043327,7.6616950100287795,5.594654008746147,1.6565920086577535,1,0,0,,,,,,,,,,,,,,local_map_fast,False,12,4571,0,False,False,False,,,,inactive,,,,,,,,,,
front_end,4316973.76804288,True,icp_accepted,2453,1.0,0.06293024564573126,15.516236002440564,7.5943069969071075,5.439760003355332,1.409313001204282,1,0,0,,,,,,,,,,,,,,local_map_fast,False,12,4571,0,False,False,False,,,,inactive,,,,,,,,,,
front_end,4316973.867955968,True,icp_accepted,2435,1.0,0.060680664943586655,16.96820100187324,7.929022001917474,5.831362999742851,1.9325259927427396,1,0,0,,,,,,,,,,,,,,local_map_fast,False,12,4571,0,False,False,False,,,,inactive,,,,,,,,,,
front_end,4316973.96799776,True,icp_accepted,2419,1.0,0.06227875459297278,18.38617199973669,7.848660010495223,5.650639999657869,1.8229089910164475,1,0,0,,,,,,,,,,,,,,local_map_fast,False,12,4571,0,False,False,False,,,,inactive,,,,,,,,,,
front_end,4316974.067999936,True,icp_accepted,2468,1.0,0.0603264143925538,16.021925999666564,7.916579008451663,5.83738400018774,1.6628039884380996,1,0,0,,,,,,,,,,,,,,local_map_fast,False,12,4571,0,False,False,False,,,,inactive,,,,,,,,,,
front_end,4316974.16797248,True,icp_accepted,2484,1.0,0.05985448883148012,15.031165996333584,7.394037005724385,5.351603002054617,1.3966489932499826,1,0,0,,,,,,,,,,,,,,local_map_fast,False,12,4571,0,False,False,False,,,,inactive,,,,,,,,,,
front_end,4316974.268055104,True,icp_accepted,2455,1.0,0.0606207539313329,15.574616001686081,7.628881998243742,5.615693997242488,1.569157000631094,1,0,0,,,,,,,,,,,,,,local_map_fast,False,12,4571,0,False,False,False,,,,inactive,,,,,,,,,,
front_end,4316974.367971968,True,icp_accepted,2420,1.0,0.06051578121987782,15.2871410100488,7.927910002763383,5.892578992643394,1.5795869985595345,1,0,0,,,,,,,,,,,,,,local_map_fast,False,12,4571,0,False,False,False,,,,inactive,,,,,,,,,,
front_end,4316974.46793184,True,icp_accepted,2429,1.0,0.059259594421192545,17.30272499844432,8.574786988901906,6.095703996834345,1.681870999163948,1,0,0,,,,,,,,,,,,,,local_map_fast,False,12,4571,0,False,False,False,,,,inactive,,,,,,,,,,
front_end,4316974.567902528,True,icp_accepted,2432,1.0,0.058973036475955545,15.656832998502068,7.922509990748949,5.627485996228643,1.365180010907352,1,0,0,,,,,,,,,,,,,,local_map_fast,False,12,4571,0,False,False,False,,,,inactive,,,,,,,,,,
front_end,4316974.667931744,True,icp_accepted,2416,1.0,0.05935745961600802,15.790076009579934,7.62966500769835,5.604181991657242,1.5835340018384159,1,0,0,,,,,,,,,,,,,,local_map_fast,False,12,4571,0,False,False,False,,,,inactive,,,,,,,,,,
front_end,4316974.76788,True,icp_accepted,2463,1.0,0.059058645594468454,15.020264996564947,7.36612499167677,5.338047005352564,1.4058169908821583,1,0,0,,,,,,,,,,,,,,local_map_fast,False,12,4571,0,False,False,False,,,,inactive,,,,,,,,,,
front_end,4316974.86784384,True,icp_accepted,2455,1.0,0.06010940530900024,14.711128998897038,7.166064999182709,5.205103996559046,1.3352629903238267,1,0,0,,,,,,,,,,,,,,local_map_fast,False,12,4571,0,False,False,False,,,,inactive,,,,,,,,,,
front_end,4316974.967980448,True,icp_accepted,2489,1.0,0.059616142620498996,17.928493005456403,8.272164006484672,5.632014013826847,2.002458000788465,1,0,0,,,,,,,,,,,,,,local_map_fast,False,12,4571,0,False,False,False,,,,inactive,,,,,,,,,,
front_end,4316975.067860384,True,icp_accepted,2486,1.0,0.06032057258012327,15.863864988205023,7.763657995383255,5.670458005624823,1.6735050012357533,1,0,0,,,,,,,,,,,,,,local_map_fast,False,12,4571,0,False,False,False,,,,inactive,,,,,,,,,,
front_end,4316975.167929312,True,icp_accepted,2445,1.0,0.06051044765924408,15.739629991003312,7.384067997918464,5.132607009727508,2.019370993366465,1,0,0,,,,,,,,,,,,,,local_map_fast,False,12,4571,0,False,False,False,,,,inactive,,,,,,,,,,
front_end,4316975.267932224,True,icp_accepted,2493,1.0,0.059832934188719204,16.022986004827544,7.383415999356657,5.393341009039432,2.352142008021474,1,0,0,,,,,,,,,,,,,,local_map_fast,False,12,4571,0,False,False,False,,,,inactive,,,,,,,,,,
front_end,4316975.367914272,True,icp_accepted,2555,1.0,0.06092237687658906,16.42145299410913,7.802341002388857,5.794572993181646,2.480926996213384,1,0,0,,,,,,,,,,,,,,local_map_fast,False,12,4571,0,False,False,False,,,,inactive,,,,,,,,,,
front_end,4316975.467863936,True,icp_accepted,2534,1.0,0.06035667668863874,16.68737700674683,7.541055994806811,5.47999600530602,2.365777996601537,1,0,0,,,,,,,,,,,,,,local_map_fast,False,12,4571,0,False,False,False,,,,inactive,,,,,,,,,,
front_end,4316975.567982976,True,icp_accepted,2539,1.0,0.06002523792585847,16.702496010111645,7.630416002939455,5.546222004340962,2.14115199923981,1,0,0,,,,,,,,,,,,,,local_map_fast,False,12,4571,0,False,False,False,,,,inactive,,,,,,,,,,
front_end,4316975.667854944,True,icp_accepted,2600,1.0,0.05917254246822349,16.407677001552656,7.779649007716216,5.655970002408139,2.062583007500507,1,0,0,,,,,,,,,,,,,,local_map_fast,False,12,4571,0,False,False,False,,,,inactive,,,,,,,,,,
front_end,4316975.767848224,True,icp_accepted,2573,1.0,0.05998274629418108,16.189743007998914,8.036205006646924,5.503560998477042,1.7450099985580891,1,0,0,,,,,,,,,,,,,,local_map_fast,False,12,4571,0,False,False,False,,,,inactive,,,,,,,,,,
front_end,4316975.867935232,True,icp_accepted,2560,1.0,0.06058474907343386,16.626561991870403,7.8914709883974865,5.807187000755221,2.315753008588217,1,0,0,,,,,,,,,,,,,,local_map_fast,False,12,4571,0,False,False,False,,,,inactive,,,,,,,,,,
front_end,4316975.967816384,True,icp_accepted,2597,1.0,0.062344187087218554,15.918078002869152,7.355554000241682,5.336362999514677,2.3812480067135766,1,0,0,,,,,,,,,,,,,,local_map_fast,False,12,4571,0,False,False,False,,,,inactive,,,,,,,,,,
front_end,4316976.067847136,True,icp_accepted,2526,1.0,0.06192635935122692,16.528676002053544,7.750263001071289,5.648114994983189,2.1890030038775876,1,0,0,,,,,,,,,,,,,,local_map_fast,False,12,4571,0,False,False,False,,,,inactive,,,,,,,,,,
front_end,4316976.167928896,True,icp_accepted,2508,1.0,0.06562600951879326,16.785674000857398,7.854089999455027,5.724419999751262,2.286497998284176,1,0,0,,,,,,,,,,,,,,local_map_fast,False,12,4571,0,False,False,False,,,,inactive,,,,,,,,,,
front_end,4316976.267855936,True,icp_accepted,2473,1.0,0.06673320780307564,17.852056000265293,8.185778991901316,5.772359989350662,2.272090991027653,1,0,0,,,,,,,,,,,,,,local_map_fast,False,12,4571,0,False,False,False,,,,inactive,,,,,,,,,,
front_end,4316976.367840672,True,icp_accepted,2554,1.0,0.0649280154980291,16.70251600444317,7.9406839940929785,5.619590010610409,2.403188991593197,1,0,0,,,,,,,,,,,,,,local_map_fast,False,12,4571,0,False,False,False,,,,inactive,,,,,,,,,,
front_end,4316976.4679368,True,icp_accepted,2621,1.0,0.06716503068219909,18.762855004752055,8.158618002198637,6.016614002874121,2.4131279933499172,1,0,0,,,,,,,,,,,,,,local_map_fast,True,12,4586,0,False,False,False,,,,inactive,,,,,,,,,,
front_end,4316976.567891392,True,icp_accepted,2627,1.0,0.06200687349077359,16.274293011520058,7.723952003289014,5.592859000898898,2.408148007816635,1,0,0,,,,,,,,,,,,,,local_map_fast,False,12,4586,0,False,False,False,,,,inactive,,,,,,,,,,
front_end,4316976.667819008,True,icp_accepted,2605,1.0,0.0635289570372787,16.08290999138262,7.562255996163003,5.5169250117614865,2.4844329891493544,1,0,0,,,,,,,,,,,,,,local_map_fast,False,12,4586,0,False,False,False,,,,inactive,,,,,,,,,,
front_end,4316976.767924448,True,icp_accepted,2632,1.0,0.0633727989752858,16.528987005585805,8.252365994849242,6.279692999669351,1.9445789948804304,1,0,0,,,,,,,,,,,,,,local_map_fast,False,12,4586,0,False,False,False,,,,inactive,,,,,,,,,,
front_end,4316976.867798176,True,icp_accepted,2730,1.0,0.06385265777826947,18.170871000620537,9.5763569988776,7.168598996941,2.149737993022427,1,0,0,,,,,,,,,,,,,,local_map_fast,False,12,4586,0,False,False,False,,,,inactive,,,,,,,,,,
front_end,4316976.967860672,True,icp_accepted,2624,1.0,0.06729105445503389,20.68797600804828,8.148508000886068,5.5873889941722155,2.3516710061812773,1,0,0,,,,,,,,,,,,,,local_map_fast,False,12,4586,0,False,False,False,,,,inactive,,,,,,,,,,
front_end,4316977.067932416,True,icp_accepted,2577,1.0,0.06867931675502546,18.31123798910994,7.6779059891123325,5.630362007650547,2.449116000207141,1,0,0,,,,,,,,,,,,,,local_map_fast,False,12,4586,0,False,False,False,,,,inactive,,,,,,,,,,
front_end,4316977.167849856,True,icp_accepted,2539,1.0,0.06939037272420338,18.043479009065777,8.878252003341913,6.337211991194636,1.8253729940624908,1,0,0,,,,,,,,,,,,,,local_map_fast,False,12,4586,0,False,False,False,,,,inactive,,,,,,,,,,
front_end,4316977.267942368,True,icp_accepted,2665,1.0,0.07462754838233708,16.371356992749497,7.664529999601655,5.583331003435887,2.1245300013106316,1,0,0,,,,,,,,,,,,,,local_map_fast,False,12,4586,0,False,False,False,,,,inactive,,,,,,,,,,
front_end,4316977.368002496,True,icp_accepted,2744,1.0,0.07791776037155812,16.075295003247447,7.396421002340503,5.352993990527466,2.4325350095750764,1,0,0,,,,,,,,,,,,,,local_map_fast,False,12,4586,0,False,False,False,,,,inactive,,,,,,,,,,
front_end,4316977.467856832,True,icp_accepted,2726,1.0,0.07706953154679902,23.116191994631663,7.549911999376491,5.533246003324166,2.5596050109015778,1,0,0,,,,,,,,,,,,,,local_map_fast,True,12,4671,0,False,False,False,,,,inactive,,,,,,,,,,
front_end,4316977.567967392,True,icp_accepted,2703,1.0,0.06599759272091127,34.654671006137505,17.85553300578613,15.550500000244938,8.770959000685252,1,0,0,,,,,,,,,,,,,,local_map_fast,False,12,4671,0,False,False,False,,,,inactive,,,,,,,,,,
front_end,4316977.667913088,True,icp_accepted,2741,1.0,0.06692662569851716,28.10088799742516,10.036399005912244,7.6403739949455485,9.830048002186231,1,0,0,,,,,,,,,,,,,,local_map_fast,False,12,4671,0,False,False,False,,,,inactive,,,,,,,,,,
front_end,4316977.7678936,True,icp_accepted,2758,1.0,0.06818986951993572,19.422725003096275,9.341199998743832,6.949212998733856,2.6409190031699836,1,0,0,,,,,,,,,,,,,,local_map_fast,False,12,4671,0,False,False,False,,,,inactive,,,,,,,,,,
optimized_backend,,,,,,,,,,,,,,,,,,,,,,,,,,,,,,,,,,,,,,,,,117,174,58,,,,pose_graph,True
front_end,4316977.86791024,True,icp_accepted,2699,1.0,0.06760905617768194,17.10621100210119,7.798122998792678,5.648434991599061,2.504039992345497,1,0,0,,,,,,,,,,,,,,local_map_fast,False,12,4671,0,False,False,False,,,,inactive,,,,,,,,,,
front_end,4316977.96795984,True,icp_accepted,2764,1.0,0.07020197110196366,18.01045599859208,8.25933800661005,5.985675001284108,2.2551279980689287,1,0,0,,,,,,,,,,,,,,local_map_fast,False,12,4671,0,False,False,False,,,,inactive,,,,,,,,,,
front_end,4316978.06782912,True,icp_accepted,2686,1.0,0.07340123815663632,20.230768001056276,9.140259004198015,6.639696002821438,2.2144009999465197,1,0,0,,,,,,,,,,,,,,local_map_fast,False,12,4671,0,False,False,False,,,,inactive,,,,,,,,,,
front_end,4316978.167957184,True,icp_accepted,2641,1.0,0.07468444057620215,21.796799002913758,9.794249999686144,6.929604991455562,2.8005119966110215,1,0,0,,,,,,,,,,,,,,local_map_fast,False,12,4671,0,False,False,False,,,,inactive,,,,,,,,,,
front_end,4316978.267856032,True,icp_accepted,2612,1.0,0.07936817614664693,19.983548001619056,8.6331769998651,6.332453005597927,2.4391170009039342,1,0,0,,,,,,,,,,,,,,local_map_fast,True,12,4731,0,False,False,False,,,,inactive,,,,,,,,,,
front_end,4316978.367829504,True,icp_accepted,2693,1.0,0.06403154627586885,17.398265001247637,8.212418993934989,6.056698999600485,2.6268429937772453,1,0,0,,,,,,,,,,,,,,local_map_fast,False,12,4731,0,False,False,False,,,,inactive,,,,,,,,,,
front_end,4316978.4679976,True,icp_accepted,2707,1.0,0.07056514461155039,16.576326001086272,7.430566009134054,5.352634005248547,2.6096000074176118,1,0,0,,,,,,,,,,,,,,local_map_fast,False,12,4731,0,False,False,False,,,,inactive,,,,,,,,,,
front_end,4316978.567951008,True,icp_accepted,2717,1.0,0.07327031234936242,16.95666699379217,7.9160969908116385,5.870375985978171,2.7433740033302456,1,0,0,,,,,,,,,,,,,,local_map_fast,False,12,4731,0,False,False,False,,,,inactive,,,,,,,,,,
front_end,4316978.667842656,True,icp_accepted,2728,1.0,0.07811287252635116,16.152872005477548,7.5738279992947355,5.451181001262739,1.921014001709409,1,0,0,,,,,,,,,,,,,,local_map_fast,False,12,4731,0,False,False,False,,,,inactive,,,,,,,,,,
front_end,4316978.767984352,True,icp_accepted,2709,1.0,0.08130501902376262,18.54658299998846,7.6798890077043325,5.314149995683692,2.7681410138029605,1,0,0,,,,,,,,,,,,,,local_map_fast,False,12,4731,0,False,False,False,,,,inactive,,,,,,,,,,
front_end,4316978.868018624,True,icp_accepted,2717,1.0,0.08726124262222211,35.87823000270873,13.961665012175217,8.159509001416154,8.28610900498461,1,0,0,,,,,,,,,,,,,,local_map_fast,True,12,4844,0,False,False,False,,,,inactive,,,,,,,,,,
front_end,4316978.967861152,True,icp_accepted,2674,1.0,0.06838757317136634,29.369073003181256,15.43457900697831,12.259345996426418,3.9075530075933784,1,0,0,,,,,,,,,,,,,,local_map_fast,False,12,4844,0,False,False,False,,,,inactive,,,,,,,,,,
optimized_backend,,,,,,,,,,,,,,,,,,,,,,,,,,,,,,,,,,,,,,,,,118,176,59,,,,pose_graph,True
front_end,4316979.067977504,True,icp_accepted,2650,1.0,0.07011980718866011,20.04929400573019,9.416593005880713,6.853059996501543,2.2475529985968024,1,0,0,,,,,,,,,,,,,,local_map_fast,False,12,4844,0,False,False,False,,,,inactive,,,,,,,,,,
front_end,4316979.16786704,True,icp_accepted,2609,1.0,0.07312839292907163,18.460349005181342,8.006978998309933,5.850198009284213,2.3042209941195324,1,0,0,,,,,,,,,,,,,,local_map_fast,False,12,4844,0,False,False,False,,,,inactive,,,,,,,,,,
front_end,4316979.267949344,True,icp_accepted,2689,1.0,0.07661809232070102,19.631229995866306,9.515130004729144,6.503336990135722,2.33801499416586,1,0,0,,,,,,,,,,,,,,local_map_fast,False,12,4844,0,False,False,False,,,,inactive,,,,,,,,,,
front_end,4316979.368003264,True,icp_accepted,2688,1.0,0.08166463366674767,18.656221000128426,8.688932997756638,6.202456002938561,2.9614380036946386,1,0,0,,,,,,,,,,,,,,local_map_fast,False,12,4844,0,False,False,False,,,,inactive,,,,,,,,,,
front_end,4316979.467951232,True,icp_accepted,2745,1.0,0.09225956260087191,20.265212006052025,8.475777998683043,6.214638997334987,2.734016001340933,1,0,0,,,,,,,,,,,,,,local_map_fast,True,12,5036,0,False,False,False,,,,inactive,,,,,,,,,,
front_end,4316979.567817056,True,icp_accepted,2749,1.0,0.06885189354407774,18.37349399283994,8.487630999297835,6.075785000575706,2.4989109952002764,1,0,0,,,,,,,,,,,,,,local_map_fast,False,12,5036,0,False,False,False,,,,inactive,,,,,,,,,,
front_end,4316979.667951072,True,icp_accepted,2738,1.0,0.0769760096344304,17.37544999923557,7.99803200061433,5.860748002305627,2.493248990504071,1,0,0,,,,,,,,,,,,,,local_map_fast,False,12,5036,0,False,False,False,,,,inactive,,,,,,,,,,
front_end,4316979.768006464,True,icp_accepted,2751,1.0,0.07987709418148613,16.705178990378045,7.901979988673702,5.8183270011795685,2.2520519996760413,1,0,0,,,,,,,,,,,,,,local_map_fast,False,12,5036,0,False,False,False,,,,inactive,,,,,,,,,,
front_end,4316979.867825632,True,icp_accepted,2700,1.0,0.08631354533685395,18.78600599593483,7.830314003513195,5.740609994973056,2.225673000793904,1,0,0,,,,,,,,,,,,,,local_map_fast,False,12,5036,0,False,False,False,,,,inactive,,,,,,,,,,
front_end,4316979.967964896,True,icp_accepted,2769,0.9996388587937883,0.09355433643321814,33.40867500810418,12.828625011024997,10.472455993294716,11.279115991783328,1,0,0,,,,,,,,,,,,,,local_map_fast,False,12,5036,0,False,False,False,,,,inactive,,,,,,,,,,
front_end,4316980.067913696,True,icp_accepted,2646,0.999244142101285,0.09317090471481235,34.27420699154027,11.238949999096803,8.731624009669758,8.46463700872846,1,0,0,,,,,,,,,,,,,,local_map_fast,True,12,5249,0,False,False,False,,,,inactive,,,,,,,,,,
front_end,4316980.167946912,True,icp_accepted,2683,1.0,0.06668073965876789,35.91666200372856,11.917878000531346,9.062310986337252,9.206493996316567,1,0,0,,,,,,,,,,,,,,local_map_fast,False,12,5249,0,False,False,False,,,,inactive,,,,,,,,,,
optimized_backend,,,,,,,,,,,,,,,,,,,,,,,,,,,,,,,,,,,,,,,,,119,178,60,,,,pose_graph,True
front_end,4316980.267985824,True,icp_accepted,2649,1.0,0.07804097067534246,19.154494992108084,9.212034987285733,6.754662987077609,2.923154999734834,1,0,0,,,,,,,,,,,,,,local_map_fast,False,12,5249,0,False,False,False,,,,inactive,,,,,,,,,,
front_end,4316980.367910048,True,icp_accepted,2600,1.0,0.0755580409763758,16.118515995913185,7.550864000222646,5.578741998760961,2.5590439909137785,1,0,0,,,,,,,,,,,,,,local_map_fast,False,12,5249,0,False,False,False,,,,inactive,,,,,,,,,,
front_end,4316980.467998016,True,icp_accepted,2641,0.9988640666414237,0.0899311333204608,15.784932998940349,7.313103007618338,5.340409989003092,2.4966360069811344,1,0,0,,,,,,,,,,,,,,local_map_fast,False,12,5249,0,False,False,False,,,,inactive,,,,,,,,,,
front_end,4316980.567879008,True,icp_accepted,2701,0.9977786005183266,0.10985791477101516,18.3058050024556,7.715094994637184,5.251461989246309,2.401385994744487,1,0,0,,,,,,,,,,,,,,local_map_fast,True,12,5520,0,False,False,False,,,,inactive,,,,,,,,,,
front_end,4316980.667880128,True,icp_accepted,2708,0.9996307237813885,0.07798560086504748,18.292841006768867,10.314346000086516,7.291652000276372,2.003960995352827,1,0,0,,,,,,,,,,,,,,local_map_fast,False,12,5520,0,False,False,False,,,,inactive,,,,,,,,,,
front_end,4316980.767987392,True,icp_accepted,2719,1.0,0.07669090304647927,17.052878989488818,7.929311992484145,5.832684997585602,2.550197998061776,1,0,0,,,,,,,,,,,,,,local_map_fast,False,12,5520,0,False,False,False,,,,inactive,,,,,,,,,,
front_end,4316980.867813856,True,icp_accepted,2615,1.0,0.08385766359158013,18.026755991741084,7.391380990156904,5.383893003454432,2.6846630062209442,1,0,0,,,,,,,,,,,,,,local_map_fast,False,12,5520,0,False,False,False,,,,inactive,,,,,,,,,,
front_end,4316980.967835616,True,icp_accepted,2653,1.0,0.0896816584971148,44.45932598900981,13.627289998112246,10.72770000610035,19.311752999783494,1,0,0,,,,,,,,,,,,,,local_map_fast,False,12,5520,0,False,False,False,,,,inactive,,,,,,,,,,
front_end,4316981.067977984,True,icp_accepted,2628,0.9996194824961948,0.09980972183884197,36.77865599456709,11.37999699858483,8.844698008033447,12.48834999569226,1,0,0,,,,,,,,,,,,,,local_map_fast,True,12,5705,0,False,False,False,,,,inactive,,,,,,,,,,
front_end,4316981.16795104,True,icp_accepted,2670,0.999625468164794,0.07752525009068915,35.04897499806248,11.123521006084047,8.298041007947177,9.414208005182445,1,0,0,,,,,,,,,,,,,,local_map_fast,False,12,5705,0,False,False,False,,,,inactive,,,,,,,,,,
optimized_backend,,,,,,,,,,,,,,,,,,,,,,,,,,,,,,,,,,,,,,,,,120,180,61,,,,pose_graph,True
front_end,4316981.268026816,True,icp_accepted,2807,1.0,0.08622525063551711,23.49082900036592,12.71847500174772,9.781243992620148,3.0588230001740158,1,0,0,,,,,,,,,,,,,,local_map_fast,False,12,5705,0,False,False,False,,,,inactive,,,,,,,,,,
front_end,4316981.367976224,True,icp_accepted,2829,1.0,0.11057564597542925,18.88949199928902,8.68269000784494,6.390352005837485,2.394481998635456,1,0,0,,,,,,,,,,,,,,local_map_fast,False,12,5705,0,False,False,False,,,,inactive,,,,,,,,,,
front_end,4316981.4679344,True,icp_accepted,2966,0.9983142279163857,0.133223476328526,19.86781699815765,9.070895990589634,6.802994990721345,3.3618169982219115,1,0,0,,,,,,,,,,,,,,local_map_fast,False,12,5705,0,False,False,False,,,,inactive,,,,,,,,,,
front_end,4316981.567998688,True,icp_accepted,3033,0.9960435212660732,0.1424149465520739,20.620765993953682,7.976932000019588,5.755858001066372,2.5608279975131154,1,0,0,,,,,,,,,,,,,,local_map_fast,True,12,6141,0,False,False,False,,,,inactive,,,,,,,,,,
front_end,4316981.667910336,True,icp_accepted,3022,1.0,0.07581196927978476,17.397592004272155,7.982101000379771,5.885213002329692,2.4921269941842183,1,0,0,,,,,,,,,,,,,,local_map_fast,False,12,6141,0,False,False,False,,,,inactive,,,,,,,,,,
front_end,4316981.76791616,True,icp_accepted,3086,1.0,0.0748300854378486,17.153808992588893,7.923910990939476,5.566118998103775,2.7593740087468177,1,0,0,,,,,,,,,,,,,,local_map_fast,False,12,6141,0,False,False,False,,,,inactive,,,,,,,,,,
front_end,4316981.868013632,True,icp_accepted,3071,1.0,0.07801396332328679,25.895341008435935,7.943328004330397,5.8243480016244575,2.8732810023939237,1,0,0,,,,,,,,,,,,,,local_map_fast,False,12,6141,0,False,False,False,,,,inactive,,,,,,,,,,
front_end,4316981.967949376,True,icp_accepted,3005,1.0,0.08404412645985698,41.57344999839552,13.743800009251572,10.714375006500632,11.663564990158193,1,0,0,,,,,,,,,,,,,,local_map_fast,False,12,6141,0,False,False,False,,,,inactive,,,,,,,,,,
front_end,4316982.067811424,True,icp_accepted,2901,1.0,0.08638258625653056,29.56081400043331,10.71877199865412,7.808591995853931,6.084642009227537,1,0,0,,,,,,,,,,,,,,local_map_fast,True,12,6384,0,False,False,False,,,,inactive,,,,,,,,,,
front_end,4316982.168046272,True,icp_accepted,2991,1.0,0.06910273198995147,22.851597008411773,9.686695004347712,7.2777850000420585,4.372565002995543,1,0,0,,,,,,,,,,,,,,local_map_fast,False,12,6384,0,False,False,False,,,,inactive,,,,,,,,,,
front_end,4316982.267912032,True,icp_accepted,3002,1.0,0.07520840734784874,28.555144992424175,11.107608996098861,8.532694992027245,6.8570469884434715,1,0,0,,,,,,,,,,,,,,local_map_fast,False,12,6384,0,False,False,False,,,,inactive,,,,,,,,,,
optimized_backend,,,,,,,,,,,,,,,,,,,,,,,,,,,,,,,,,,,,,,,,,121,182,62,,,,pose_graph,True
front_end,4316982.367955456,True,icp_accepted,3016,1.0,0.07524014308681348,17.951271001948044,8.186749008018523,5.865766011993401,2.6807050016941503,1,0,0,,,,,,,,,,,,,,local_map_fast,False,12,6384,0,False,False,False,,,,inactive,,,,,,,,,,
front_end,4316982.467987968,True,icp_accepted,3066,1.0,0.07971395592730221,18.990252006915398,8.282872004201636,6.0293259884929284,3.145406997646205,1,0,0,,,,,,,,,,,,,,local_map_fast,False,12,6384,0,False,False,False,,,,inactive,,,,,,,,,,
front_end,4316982.567922816,True,icp_accepted,3038,1.0,0.0767316833445891,19.398025004193187,7.845011001336388,5.640568997478113,3.5457560006761923,1,0,0,,,,,,,,,,,,,,local_map_fast,False,12,6384,0,False,False,False,,,,inactive,,,,,,,,,,
front_end,4316982.668436448,True,icp_accepted,3039,1.0,0.07847503403386542,18.18696800910402,7.776561003993265,5.681095994077623,2.6851940056076273,1,0,0,,,,,,,,,,,,,,local_map_fast,False,12,6384,0,False,False,False,,,,inactive,,,,,,,,,,
front_end,4316982.771174112,True,icp_accepted,3111,1.0,0.08047807320521157,18.6531829967862,7.811867995769717,5.633435997879133,3.069212005357258,1,0,0,,,,,,,,,,,,,,local_map_fast,False,12,6384,0,False,False,False,,,,inactive,,,,,,,,,,
front_end,4316982.86794624,True,icp_accepted,2918,1.0,0.0760067404420254,18.297237998922355,7.942486001411453,5.696064996300265,2.6228850038023666,1,0,0,,,,,,,,,,,,,,local_map_fast,False,12,6384,0,False,False,False,,,,inactive,,,,,,,,,,
front_end,4316982.968022464,True,icp_accepted,2907,1.0,0.08419365855164423,17.35207499586977,7.785818990669213,5.426263000117615,2.8902730118716136,1,0,0,,,,,,,,,,,,,,local_map_fast,False,12,6384,0,False,False,False,,,,inactive,,,,,,,,,,
front_end,4316983.068003904,True,icp_accepted,2881,1.0,0.0829598158462078,16.753219009842724,7.510296010877937,5.445459988550283,2.4867970059858635,1,0,0,,,,,,,,,,,,,,local_map_fast,False,12,6384,0,False,False,False,,,,inactive,,,,,,,,,,
front_end,4316983.167949504,True,icp_accepted,2819,1.0,0.08226840353169357,19.040387007407844,9.362609009258449,7.146566000301391,2.516102002118714,1,0,0,,,,,,,,,,,,,,local_map_fast,False,12,6384,0,False,False,False,,,,inactive,,,,,,,,,,
front_end,4316983.26781552,True,icp_accepted,3006,1.0,0.08372063508105825,21.11307800805662,8.226074001868255,5.87477300723549,2.2411009995266795,1,0,0,,,,,,,,,,,,,,local_map_fast,True,12,6542,0,False,False,False,,,,inactive,,,,,,,,,,
front_end,4316983.367944032,True,icp_accepted,2909,1.0,0.0724146484531085,17.25327700842172,7.573745999252424,5.4886510042706504,2.847470997949131,1,0,0,,,,,,,,,,,,,,local_map_fast,False,12,6542,0,False,False,False,,,,inactive,,,,,,,,,,
front_end,4316983.467941056,True,icp_accepted,2969,1.0,0.07375385174549795,17.01937300094869,7.662664007511921,5.542664002859965,3.035628003999591,1,0,0,,,,,,,,,,,,,,local_map_fast,False,12,6542,0,False,False,False,,,,inactive,,,,,,,,,,
front_end,4316983.567774272,True,icp_accepted,2890,1.0,0.06944328219205533,17.093674003263004,7.855520991142839,5.490975992870517,2.6989299949491397,1,0,0,,,,,,,,,,,,,,local_map_fast,False,12,6542,0,False,False,False,,,,inactive,,,,,,,,,,
front_end,4316983.667809536,True,icp_accepted,3009,1.0,0.07446097069439875,17.711064996547066,8.078893995843828,5.811904004076496,2.7806240104837343,1,0,0,,,,,,,,,,,,,,local_map_fast,False,12,6542,0,False,False,False,,,,inactive,,,,,,,,,,
front_end,4316983.767908096,True,icp_accepted,2953,1.0,0.0717497005406373,17.302380001638085,7.458737993147224,5.35038900852669,2.0719399908557534,1,0,0,,,,,,,,,,,,,,local_map_fast,False,12,6542,0,False,False,False,,,,inactive,,,,,,,,,,
front_end,4316983.86786768,True,icp_accepted,2955,1.0,0.06980542186138142,19.434514004387893,7.925844009150751,5.7978369877673686,2.9935880011180416,1,0,0,,,,,,,,,,,,,,local_map_fast,False,12,6542,0,False,False,False,,,,inactive,,,,,,,,,,
front_end,4316983.967972448,True,icp_accepted,2851,1.0,0.07404845545611814,17.20091700553894,7.397071007289924,5.329528998117894,2.811662998283282,1,0,0,,,,,,,,,,,,,,local_map_fast,False,12,6542,0,False,False,False,,,,inactive,,,,,,,,,,
front_end,4316984.067982016,True,icp_accepted,2779,1.0,0.07502159911011486,17.212999999173917,7.827958004781976,5.722123009036295,2.6435440086061135,1,0,0,,,,,,,,,,,,,,local_map_fast,False,12,6542,0,False,False,False,,,,inactive,,,,,,,,,,
front_end,4316984.16841216,True,icp_accepted,2917,1.0,0.07275046474509052,16.835964997881092,7.744048998574726,5.290695989970118,2.2908450046088547,1,0,0,,,,,,,,,,,,,,local_map_fast,False,12,6542,0,False,False,False,,,,inactive,,,,,,,,,,
front_end,4316984.267878464,True,icp_accepted,2920,1.0,0.06578035650699562,17.155560999526642,7.905845995992422,5.820349993882701,2.5377840065630153,1,0,0,,,,,,,,,,,,,,local_map_fast,False,12,6542,0,False,False,False,,,,inactive,,,,,,,,,,
front_end,4316984.367933024,True,icp_accepted,2948,1.0,0.07468030578048576,19.04847100377083,9.271275994251482,6.910687996423803,2.7241670031799003,1,0,0,,,,,,,,,,,,,,local_map_fast,False,12,6542,0,False,False,False,,,,inactive,,,,,,,,,,
front_end,4316984.46844688,True,icp_accepted,2897,1.0,0.07184189221329262,16.866943988134153,7.804212989867665,5.773451004642993,2.263874004711397,1,0,0,,,,,,,,,,,,,,local_map_fast,False,12,6542,0,False,False,False,,,,inactive,,,,,,,,,,
front_end,4316984.567908672,True,icp_accepted,2867,1.0,0.06729865807548563,16.153689997736365,7.149261000449769,5.1366329862503335,2.2814879921497777,1,0,0,,,,,,,,,,,,,,local_map_fast,False,12,6542,0,False,False,False,,,,inactive,,,,,,,,,,
front_end,4316984.667930752,True,icp_accepted,2945,1.0,0.07187241078497565,16.62975399813149,7.558797995443456,5.559213997912593,2.0878299983451143,1,0,0,,,,,,,,,,,,,,local_map_fast,False,12,6542,0,False,False,False,,,,inactive,,,,,,,,,,
front_end,4316984.767836768,True,icp_accepted,2879,1.0,0.07724112271013032,17.990615000599064,7.708532008109614,5.405712989158928,2.2515909950016066,1,0,0,,,,,,,,,,,,,,local_map_fast,False,12,6542,0,False,False,False,,,,inactive,,,,,,,,,,
front_end,4316984.867912,True,icp_accepted,2798,1.0,0.07958230403564759,16.587092002737336,7.2845270042307675,5.328066006768495,2.5944309891201556,1,0,0,,,,,,,,,,,,,,local_map_fast,False,12,6542,0,False,False,False,,,,inactive,,,,,,,,,,
front_end,4316984.96787664,True,icp_accepted,2810,1.0,0.07193162861393412,16.86888700351119,7.574988005217165,5.459495994728059,2.5433740083826706,1,0,0,,,,,,,,,,,,,,local_map_fast,False,12,6542,0,False,False,False,,,,inactive,,,,,,,,,,
front_end,4316985.067819712,True,icp_accepted,2808,0.9996438746438746,0.07285163261229495,17.572522003320046,8.363804998225532,6.3012419996084645,2.7518599963514134,1,0,0,,,,,,,,,,,,,,local_map_fast,False,12,6542,0,False,False,False,,,,inactive,,,,,,,,,,
front_end,4316985.167864864,True,icp_accepted,2722,1.0,0.07586330906867574,17.25073099078145,7.1375889965565875,5.207677008002065,2.63294400065206,1,0,0,,,,,,,,,,,,,,local_map_fast,False,12,6542,0,False,False,False,,,,inactive,,,,,,,,,,
front_end,4316985.267880384,True,icp_accepted,2820,1.0,0.07186632935572831,20.28880300349556,8.153445000061765,6.091474991990253,2.6727199874585494,1,0,0,,,,,,,,,,,,,,local_map_fast,True,12,6431,0,False,False,False,,,,inactive,,,,,,,,,,
front_end,4316985.367853152,True,icp_accepted,2854,1.0,0.060932206786434,18.175153993070126,7.226396992336959,5.193420001887716,2.8284150030231103,1,0,0,,,,,,,,,,,,,,local_map_fast,False,12,6431,0,False,False,False,,,,inactive,,,,,,,,,,
front_end,4316985.468569216,True,icp_accepted,2739,1.0,0.08169292105817944,33.29315899463836,10.344169990275986,7.840361999114975,12.125579989515245,1,0,0,,,,,,,,,,,,,,local_map_fast,False,12,6431,0,False,False,False,,,,inactive,,,,,,,,,,
front_end,4316985.567908192,True,icp_accepted,2772,1.0,0.0898578467940329,27.28675599792041,10.805946003529243,8.330160999321379,5.570384993916377,1,0,0,,,,,,,,,,,,,,local_map_fast,True,12,6422,0,False,False,False,,,,inactive,,,,,,,,,,
front_end,4316985.667857728,True,icp_accepted,2718,1.0,0.0728911587594405,31.545453995931894,12.912833000882529,10.44450000335928,9.638471994549036,1,0,0,,,,,,,,,,,,,,local_map_fast,False,12,6422,0,False,False,False,,,,inactive,,,,,,,,,,
front_end,4316985.76787488,True,icp_accepted,2647,1.0,0.07669677582254623,24.409018995356746,8.885433999239467,6.561254995176569,3.802192004513927,1,0,0,,,,,,,,,,,,,,local_map_fast,True,12,6459,0,False,False,False,,,,inactive,,,,,,,,,,
optimized_backend,,,,,,,,,,,,,,,,,,,,,,,,,,,,,,,,,,,,,,,,,122,184,63,,,,pose_graph,True
front_end,4316985.867756288,True,icp_accepted,2754,1.0,0.06714616485465882,33.98593301244546,13.1028230098309,10.523680990445428,10.525273988605477,1,0,0,,,,,,,,,,,,,,local_map_fast,False,12,6459,0,False,False,False,,,,inactive,,,,,,,,,,
front_end,4316985.968024832,True,icp_accepted,2705,1.0,0.06649906870727174,38.466893005534075,13.35004200518597,10.876750005991198,9.159644003375433,1,0,0,,,,,,,,,,,,,,local_map_fast,True,12,6435,0,False,False,False,,,,inactive,,,,,,,,,,
front_end,4316986.068558976,True,icp_accepted,2737,1.0,0.06159883612754229,21.48258700617589,10.973063006531447,8.562580987927504,2.598047998617403,1,0,0,,,,,,,,,,,,,,local_map_fast,False,12,6435,0,False,False,False,,,,inactive,,,,,,,,,,
optimized_backend,,,,,,,,,,,,,,,,,,,,,,,,,,,,,,,,,,,,,,,,,123,186,64,,,,pose_graph,True
front_end,4316986.167835552,True,icp_accepted,2728,1.0,0.06528572526349388,40.13264300010633,12.73786100500729,10.311849997378886,12.748460998409428,1,0,0,,,,,,,,,,,,,,local_map_fast,True,12,6280,0,False,False,False,,,,inactive,,,,,,,,,,
front_end,4316986.267813344,True,icp_accepted,2837,1.0,0.06232917666123408,33.10762598994188,14.615370993851684,11.964553006691858,7.201981003163382,1,0,0,,,,,,,,,,,,,,local_map_fast,False,12,6280,0,False,False,False,,,,inactive,,,,,,,,,,
front_end,4316986.367920704,True,icp_accepted,2813,1.0,0.06175248367083003,41.776338999625295,14.078263004194014,11.587528002564795,14.338437002152205,1,0,0,,,,,,,,,,,,,,local_map_fast,True,12,6129,0,False,False,False,,,,inactive,,,,,,,,,,
optimized_backend,,,,,,,,,,,,,,,,,,,,,,,,,,,,,,,,,,,,,,,,,124,188,65,,,,pose_graph,True
front_end,4316986.46836688,True,icp_accepted,2848,1.0,0.06419634476441542,42.55895300593693,19.21879300789442,9.516960999462754,6.866834999527782,1,0,0,,,,,,,,,,,,,,local_map_fast,False,12,6129,0,False,False,False,,,,inactive,,,,,,,,,,
front_end,4316986.567825376,True,icp_accepted,2795,1.0,0.06375453188499851,41.04110400658101,13.921516001573764,10.41535499098245,9.729304001666605,1,0,0,,,,,,,,,,,,,,local_map_fast,True,12,6003,0,False,False,False,,,,inactive,,,,,,,,,,
front_end,4316986.667936704,True,icp_accepted,2674,1.0,0.06203283332116695,28.29077999922447,10.400195998954587,7.8346399968722835,5.601864992058836,1,0,0,,,,,,,,,,,,,,local_map_fast,False,12,6003,0,False,False,False,,,,inactive,,,,,,,,,,
front_end,4316986.767805664,True,icp_accepted,2659,1.0,0.06118781860802146,26.723007002146915,12.376505008433014,10.037858999567106,4.9859569990076125,1,0,0,,,,,,,,,,,,,,local_map_fast,False,12,6003,0,False,False,False,,,,inactive,,,,,,,,,,
optimized_backend,,,,,,,,,,,,,,,,,,,,,,,,,,,,,,,,,,,,,,,,,125,190,66,,,,pose_graph,True
front_end,4316986.86796864,True,icp_accepted,2643,1.0,0.061351902136457345,36.80327600159217,10.700255996198393,8.14875599462539,11.21044298633933,1,0,0,,,,,,,,,,,,,,local_map_fast,True,12,5832,0,False,False,False,,,,inactive,,,,,,,,,,
front_end,4316986.968441408,True,icp_accepted,2631,1.0,0.05892588844416129,33.82840400445275,13.725754004553892,11.31831799284555,7.090989995049313,1,0,0,,,,,,,,,,,,,,local_map_fast,False,12,5832,0,False,False,False,,,,inactive,,,,,,,,,,
front_end,4316987.068335648,True,icp_accepted,2584,1.0,0.06049501919852863,29.827555001247674,13.889374007703736,9.452938989852555,6.524905998958275,1,0,0,,,,,,,,,,,,,,local_map_fast,False,12,5832,0,False,False,False,,,,inactive,,,,,,,,,,
optimized_backend,,,,,,,,,,,,,,,,,,,,,,,,,,,,,,,,,,,,,,,,,126,192,67,,,,pose_graph,True
front_end,4316987.168029888,True,icp_accepted,2603,1.0,0.06004092622307208,35.95585800940171,15.929794011753984,13.075229988317005,7.144741000956856,1,0,0,,,,,,,,,,,,,,local_map_fast,True,12,5663,0,False,False,False,,,,inactive,,,,,,,,,,
front_end,4316987.267842624,True,icp_accepted,2536,1.0,0.06146474407260556,33.54242999921553,10.948705996270292,8.53269400249701,9.69104100659024,1,0,0,,,,,,,,,,,,,,local_map_fast,False,12,5663,0,False,False,False,,,,inactive,,,,,,,,,,
front_end,4316987.368378432,True,icp_accepted,2520,1.0,0.06243849691087236,31.36235600686632,13.350983004784212,9.626068000216037,8.360036998055875,1,0,0,,,,,,,,,,,,,,local_map_fast,False,12,5663,0,False,False,False,,,,inactive,,,,,,,,,,
front_end,4316987.467807392,True,icp_accepted,2533,1.0,0.06839999986304975,33.839402996818535,10.44902800640557,7.992238999577239,11.542441992787644,1,0,0,,,,,,,,,,,,,,local_map_fast,True,12,5386,0,False,False,False,,,,inactive,,,,,,,,,,
optimized_backend,,,,,,,,,,,,,,,,,,,,,,,,,,,,,,,,,,,,,,,,,127,194,68,,,,pose_graph,True
front_end,4316987.567942912,True,icp_accepted,2465,1.0,0.06012045803338989,29.852210995159112,13.037548997090198,10.465619998285547,7.267724999110214,1,0,0,,,,,,,,,,,,,,local_map_fast,False,12,5386,0,False,False,False,,,,inactive,,,,,,,,,,
front_end,4316987.668327168,True,icp_accepted,2503,1.0,0.06423148591017544,28.025134990457445,10.138148994883522,7.80864100670442,8.375345991225913,1,0,0,,,,,,,,,,,,,,local_map_fast,False,12,5386,0,False,False,False,,,,inactive,,,,,,,,,,
front_end,4316987.767811392,True,icp_accepted,2474,1.0,0.07007584791273364,26.93828399060294,16.5712799935136,14.1062350012362,2.445888996589929,1,0,0,,,,,,,,,,,,,,local_map_fast,False,12,5386,0,False,False,False,,,,inactive,,,,,,,,,,
optimized_backend,,,,,,,,,,,,,,,,,,,,,,,,,,,,,,,,,,,,,,,,,128,196,69,,,,pose_graph,True
front_end,4316987.867844896,True,icp_accepted,2443,1.0,0.06829873931642312,24.228203008533455,8.601834997534752,6.133513001259416,2.206214005127549,1,0,0,,,,,,,,,,,,,,local_map_fast,False,12,5386,0,False,False,False,,,,inactive,,,,,,,,,,
front_end,4316987.968351584,True,icp_accepted,2459,1.0,0.0725270478956413,37.10640000645071,15.356557007180527,12.268108999705873,8.584171009715647,1,0,0,,,,,,,,,,,,,,local_map_fast,False,12,5386,0,False,False,False,,,,inactive,,,,,,,,,,
front_end,4316988.067896768,True,icp_accepted,2384,1.0,0.07210289920016039,23.63548999710474,10.632817997247912,7.647606005775742,4.163997989962809,1,0,0,,,,,,,,,,,,,,local_map_fast,False,12,5386,0,False,False,False,,,,inactive,,,,,,,,,,
front_end,4316988.167921952,True,icp_accepted,2430,1.0,0.07503965799353951,39.32865500974003,12.74952301173471,10.122620005859062,9.099870003410615,1,0,0,,,,,,,,,,,,,,local_map_fast,False,12,5386,0,False,False,False,,,,inactive,,,,,,,,,,
optimized_backend,,,,,,,,,,,,,,,,,,,,,,,,,,,,,,,,,,,,,,,,,129,198,70,,,,pose_graph,True
front_end,4316988.26843504,True,icp_accepted,2300,1.0,0.07495276831268004,19.953574999817647,10.465289000421762,7.212640004581772,2.1336869976948947,1,0,0,,,,,,,,,,,,,,local_map_fast,False,12,5386,0,False,False,False,,,,inactive,,,,,,,,,,
front_end,4316988.36803312,True,icp_accepted,2379,1.0,0.07955850614787556,21.039063998614438,8.224268007325009,5.9142070094821975,2.3774889996275306,1,0,0,,,,,,,,,,,,,,local_map_fast,True,12,5282,0,False,False,False,,,,inactive,,,,,,,,,,
front_end,4316988.467886496,True,icp_accepted,2319,1.0,0.06589162633785478,18.428342998959124,10.39733100333251,7.526154993684031,1.909701997647062,1,0,0,,,,,,,,,,,,,,local_map_fast,False,12,5282,0,False,False,False,,,,inactive,,,,,,,,,,
front_end,4316988.568243104,True,icp_accepted,2290,1.0,0.06390931304799188,16.302029995131306,7.3023909935727715,5.396594991907477,1.9924990047002211,1,0,0,,,,,,,,,,,,,,local_map_fast,False,12,5282,0,False,False,False,,,,inactive,,,,,,,,,,
front_end,4316988.667899552,True,icp_accepted,2343,1.0,0.06749310382730014,16.211037000175565,8.336941988090985,6.24290099949576,1.5571840049233288,1,0,0,,,,,,,,,,,,,,local_map_fast,False,12,5282,0,False,False,False,,,,inactive,,,,,,,,,,
front_end,4316988.767862272,True,icp_accepted,2365,1.0,0.06830251753252466,17.506014002719894,8.54691099084448,6.433451999328099,2.1489959908649325,1,0,0,,,,,,,,,,,,,,local_map_fast,False,12,5282,0,False,False,False,,,,inactive,,,,,,,,,,
front_end,4316988.868344704,True,icp_accepted,2341,1.0,0.06851512179881866,18.653299994184636,7.391278995783068,5.447101008030586,4.725653998320922,1,0,0,,,,,,,,,,,,,,local_map_fast,False,12,5282,0,False,False,False,,,,inactive,,,,,,,,,,
front_end,4316988.967999392,True,icp_accepted,2292,1.0,0.07089076379398877,16.61359000718221,7.691077000345103,5.753632998676039,2.194903005147353,1,0,0,,,,,,,,,,,,,,local_map_fast,False,12,5282,0,False,False,False,,,,inactive,,,,,,,,,,
front_end,4316989.067915104,True,icp_accepted,2297,1.0,0.07026838315127773,15.835856000194326,7.344990997808054,5.406485011917539,2.120742996339686,1,0,0,,,,,,,,,,,,,,local_map_fast,False,12,5282,0,False,False,False,,,,inactive,,,,,,,,,,
front_end,4316989.167877152,True,icp_accepted,2306,1.0,0.07228850260430633,16.59427399863489,7.750660995952785,5.679231995600276,2.3786819947417825,1,0,0,,,,,,,,,,,,,,local_map_fast,False,12,5282,0,False,False,False,,,,inactive,,,,,,,,,,
front_end,4316989.268505632,True,icp_accepted,2260,1.0,0.07539279382660136,17.531160003272817,7.650981002370827,5.726171002606861,1.8270050059072673,1,0,0,,,,,,,,,,,,,,local_map_fast,False,12,5282,0,False,False,False,,,,inactive,,,,,,,,,,
front_end,4316989.3678696,True,icp_accepted,2323,1.0,0.0781024756535317,15.76216499961447,7.268235000083223,5.296966002788395,1.9859770109178498,1,0,0,,,,,,,,,,,,,,local_map_fast,False,12,5282,0,False,False,False,,,,inactive,,,,,,,,,,
front_end,4316989.468284224,True,icp_accepted,2276,1.0,0.07379201609397691,16.131967000546865,7.129913006792776,5.208949005464092,1.8990009994013235,1,0,0,,,,,,,,,,,,,,local_map_fast,False,12,5282,0,False,False,False,,,,inactive,,,,,,,,,,
front_end,4316989.567879904,True,icp_accepted,2304,1.0,0.0759389304646519,15.878646998316981,7.285718995262869,5.39354000648018,1.6133500030264258,1,0,0,,,,,,,,,,,,,,local_map_fast,False,12,5282,0,False,False,False,,,,inactive,,,,,,,,,,
front_end,4316989.668274656,True,icp_accepted,2287,1.0,0.07676423714534995,15.687614009948447,7.474316997104324,5.540658996324055,1.7981099954340607,1,0,0,,,,,,,,,,,,,,local_map_fast,False,12,5282,0,False,False,False,,,,inactive,,,,,,,,,,
front_end,4316989.76821888,True,icp_accepted,2352,1.0,0.07219926668785989,16.14059301209636,7.570268004201353,5.574062000960112,1.6308630001731217,1,0,0,,,,,,,,,,,,,,local_map_fast,False,12,5282,0,False,False,False,,,,inactive,,,,,,,,,,
front_end,4316989.86793392,True,icp_accepted,2278,1.0,0.07439447112199334,16.947002994129434,7.462693989509717,5.299049997120164,1.782380000804551,1,0,0,,,,,,,,,,,,,,local_map_fast,False,12,5282,0,False,False,False,,,,inactive,,,,,,,,,,
front_end,4316989.968307808,True,icp_accepted,2291,1.0,0.07438282554345786,16.789102999609895,9.029145003296435,6.847577009466477,1.6106650000438094,1,0,0,,,,,,,,,,,,,,local_map_fast,False,12,5282,0,False,False,False,,,,inactive,,,,,,,,,,
front_end,4316990.06823952,True,icp_accepted,2343,1.0,0.07446571426677424,16.335263004293665,8.443545011687092,6.516980996821076,1.6535960021428764,1,0,0,,,,,,,,,,,,,,local_map_fast,False,12,5282,0,False,False,False,,,,inactive,,,,,,,,,,
front_end,4316990.167887104,True,icp_accepted,2304,1.0,0.07190005739553701,18.95289699314162,8.297006002976559,6.165453989524394,1.7030500021064654,1,0,0,,,,,,,,,,,,,,local_map_fast,False,12,5282,0,False,False,False,,,,inactive,,,,,,,,,,
front_end,4316990.268334688,True,icp_accepted,2372,1.0,0.0777712816912447,17.34668000426609,8.095033001154661,5.885603008209728,1.6784530016593635,1,0,0,,,,,,,,,,,,,,local_map_fast,False,12,5282,0,False,False,False,,,,inactive,,,,,,,,,,
front_end,4316990.368230464,True,icp_accepted,2380,1.0,0.07793230804742751,18.990708005730994,9.265162007068284,6.5942369983531535,1.9490260019665584,1,0,0,,,,,,,,,,,,,,local_map_fast,False,12,5282,0,False,False,False,,,,inactive,,,,,,,,,,
front_end,4316990.468185088,True,icp_accepted,2435,0.9995893223819302,0.077446207783184,19.028961003641598,9.176293999189511,6.741966994013637,2.198839996708557,1,0,0,,,,,,,,,,,,,,local_map_fast,False,12,5282,0,False,False,False,,,,inactive,,,,,,,,,,
front_end,4316990.568272672,True,icp_accepted,2469,1.0,0.07977729954389962,19.933426010538824,8.994128002086654,6.214777007699013,2.0318739989306778,1,0,0,,,,,,,,,,,,,,local_map_fast,False,12,5282,0,False,False,False,,,,inactive,,,,,,,,,,
front_end,4316990.668200864,True,icp_accepted,2393,1.0,0.08368984565587172,21.368959001847543,9.898803997202776,6.7908600030932575,2.0811569993384182,1,0,0,,,,,,,,,,,,,,local_map_fast,False,12,5282,0,False,False,False,,,,inactive,,,,,,,,,,
front_end,4316990.767926304,True,icp_accepted,2444,1.0,0.08454518998883342,19.1340199962724,7.955447988933884,5.860915989615023,2.0171960059087723,1,0,0,,,,,,,,,,,,,,local_map_fast,True,12,5226,0,False,False,False,,,,inactive,,,,,,,,,,
front_end,4316990.868321152,True,icp_accepted,2403,1.0,0.05991584226477612,16.325673990650102,7.402139002806507,5.411955004092306,1.9572420133044943,1,0,0,,,,,,,,,,,,,,local_map_fast,False,12,5226,0,False,False,False,,,,inactive,,,,,,,,,,
front_end,4316990.968213472,True,icp_accepted,2417,1.0,0.06007372326260884,16.68122800765559,7.623669007443823,5.621232005069032,2.1770390012534335,1,0,0,,,,,,,,,,,,,,local_map_fast,False,12,5226,0,False,False,False,,,,inactive,,,,,,,,,,
front_end,4316991.068393024,True,icp_accepted,2460,1.0,0.061750075229379024,16.399914005887695,7.612717992742546,5.633595006656833,2.1704659884562716,1,0,0,,,,,,,,,,,,,,local_map_fast,False,12,5226,0,False,False,False,,,,inactive,,,,,,,,,,
front_end,4316991.168280768,True,icp_accepted,2463,1.0,0.06375368469092293,15.651043999241665,7.32048400095664,5.363501986721531,1.9580739899538457,1,0,0,,,,,,,,,,,,,,local_map_fast,False,12,5226,0,False,False,False,,,,inactive,,,,,,,,,,
front_end,4316991.268220352,True,icp_accepted,2548,1.0,0.060775318132914,15.5738269968424,7.31183699099347,5.334307003067806,1.8959360022563487,1,0,0,,,,,,,,,,,,,,local_map_fast,False,12,5226,0,False,False,False,,,,inactive,,,,,,,,,,
front_end,4316991.36782864,True,icp_accepted,2497,1.0,0.05994787452989804,20.11286599736195,8.289000994409434,6.283327005803585,1.776910008629784,1,0,0,,,,,,,,,,,,,,local_map_fast,False,12,5226,0,False,False,False,,,,inactive,,,,,,,,,,
front_end,4316991.468280096,True,icp_accepted,2573,1.0,0.06311097009362332,16.430542003945448,7.683613002882339,5.638092989102006,2.1995319984853268,1,0,0,,,,,,,,,,,,,,local_map_fast,False,12,5226,0,False,False,False,,,,inactive,,,,,,,,,,
front_end,4316991.567930336,True,icp_accepted,2558,1.0,0.06534836568343781,16.585746008786373,7.373985004960559,5.354054999770597,2.030331001151353,1,0,0,,,,,,,,,,,,,,local_map_fast,False,12,5226,0,False,False,False,,,,inactive,,,,,,,,,,
front_end,4316991.667850624,True,icp_accepted,2523,1.0,0.06426730111784335,16.691616998286918,7.6813490013591945,5.671987004461698,2.2133379970910028,1,0,0,,,,,,,,,,,,,,local_map_fast,False,12,5226,0,False,False,False,,,,inactive,,,,,,,,,,
front_end,4316991.76824016,True,icp_accepted,2512,1.0,0.06726518648671369,17.470974999014288,8.210091007640585,6.00000900158193,1.6353520040865988,1,0,0,,,,,,,,,,,,,,local_map_fast,False,12,5226,0,False,False,False,,,,inactive,,,,,,,,,,
front_end,4316991.868183072,True,icp_accepted,2471,1.0,0.06453334602605044,22.710942997946404,8.150838999426924,5.89115300681442,1.7328270041616634,1,0,0,,,,,,,,,,,,,,local_map_fast,False,12,5226,0,False,False,False,,,,inactive,,,,,,,,,,
front_end,4316991.967895424,True,icp_accepted,2586,0.9996133023975251,0.0649588858377066,42.512629996053874,11.537933009094559,8.912813995266333,15.281002008123323,1,0,0,,,,,,,,,,,,,,local_map_fast,False,12,5226,0,False,False,False,,,,inactive,,,,,,,,,,
front_end,4316992.068308288,True,icp_accepted,2534,1.0,0.06435699222472605,34.4596959912451,11.579069992876612,9.139864996541291,11.221904002013616,1,0,0,,,,,,,,,,,,,,local_map_fast,False,12,5226,0,False,False,False,,,,inactive,,,,,,,,,,
front_end,4316992.168206048,True,icp_accepted,2639,1.0,0.06711448656163584,18.077496002661064,8.272720006061718,5.977736989734694,2.235609994386323,1,0,0,,,,,,,,,,,,,,local_map_fast,False,12,5226,0,False,False,False,,,,inactive,,,,,,,,,,
optimized_backend,,,,,,,,,,,,,,,,,,,,,,,,,,,,,,,,,,,,,,,,,130,200,71,,,,pose_graph,True
front_end,4316992.267903264,True,icp_accepted,2572,1.0,0.06863641656213049,16.398710999055766,7.772401004331186,5.655935994582251,1.7574230005266145,1,0,0,,,,,,,,,,,,,,local_map_fast,False,12,5226,0,False,False,False,,,,inactive,,,,,,,,,,
front_end,4316992.367830144,True,icp_accepted,2631,1.0,0.06735687737162421,22.68409199314192,11.503586996695958,9.12845200218726,2.0370530110085383,1,0,0,,,,,,,,,,,,,,local_map_fast,True,12,5196,0,False,False,False,,,,inactive,,,,,,,,,,
front_end,4316992.468212288,True,icp_accepted,2636,1.0,0.06125766157178594,18.296640992048196,7.596116993227042,5.591344001004472,2.267570002004504,1,0,0,,,,,,,,,,,,,,local_map_fast,False,12,5196,0,False,False,False,,,,inactive,,,,,,,,,,
front_end,4316992.567825024,True,icp_accepted,2605,1.0,0.062466188437221695,18.226076994324103,7.952743006171659,5.925688004936092,2.388060005614534,1,0,0,,,,,,,,,,,,,,local_map_fast,False,12,5196,0,False,False,False,,,,inactive,,,,,,,,,,
front_end,4316992.668228512,True,icp_accepted,2619,1.0,0.06125985791145299,21.187794001889415,7.477161008864641,5.468090996146202,2.3389760026475415,1,0,0,,,,,,,,,,,,,,local_map_fast,False,12,5196,0,False,False,False,,,,inactive,,,,,,,,,,
front_end,4316992.76821408,True,icp_accepted,2566,1.0,0.06218331931160538,15.872402989771217,7.7258119999896735,5.717844003811479,1.7139210103778169,1,0,0,,,,,,,,,,,,,,local_map_fast,False,12,5196,0,False,False,False,,,,inactive,,,,,,,,,,
front_end,4316992.867851456,True,icp_accepted,2547,1.0,0.062465743478035615,16.590865998296067,7.63315700169187,5.625539008178748,2.113157999701798,1,0,0,,,,,,,,,,,,,,local_map_fast,False,12,5196,0,False,False,False,,,,inactive,,,,,,,,,,
front_end,4316992.968187136,True,icp_accepted,2620,1.0,0.06146412863666745,17.592575997696258,7.993079998414032,5.883938996703364,1.8715000041993335,1,0,0,,,,,,,,,,,,,,local_map_fast,False,12,5196,0,False,False,False,,,,inactive,,,,,,,,,,
front_end,4316993.068153312,True,icp_accepted,2601,1.0,0.06130118653033991,17.998034003539942,8.629094998468645,6.608893992961384,1.9811479869531468,1,0,0,,,,,,,,,,,,,,local_map_fast,False,12,5196,0,False,False,False,,,,inactive,,,,,,,,,,
front_end,4316993.167900192,True,icp_accepted,2657,1.0,0.06171036540795048,17.203226991114207,7.907686987891793,5.732992998673581,1.907929006847553,1,0,0,,,,,,,,,,,,,,local_map_fast,False,12,5196,0,False,False,False,,,,inactive,,,,,,,,,,
front_end,4316993.268180256,True,icp_accepted,2552,1.0,0.0639216160621856,17.852407996542752,8.209749998059124,6.065073001082055,1.3758190034423023,1,0,0,,,,,,,,,,,,,,local_map_fast,False,12,5196,0,False,False,False,,,,inactive,,,,,,,,,,
front_end,4316993.367910144,True,icp_accepted,2629,1.0,0.06141702735315117,17.606911991606466,8.30249598948285,6.142048005131073,1.5322969993576407,1,0,0,,,,,,,,,,,,,,local_map_fast,False,12,5196,0,False,False,False,,,,inactive,,,,,,,,,,
front_end,4316993.468300256,True,icp_accepted,2604,1.0,0.06200197046300444,16.451079995022155,7.542825987911783,5.5410189961548895,2.2205209970707074,1,0,0,,,,,,,,,,,,,,local_map_fast,False,12,5196,0,False,False,False,,,,inactive,,,,,,,,,,
front_end,4316993.568199872,True,icp_accepted,2614,1.0,0.06666182032925394,16.500243000336923,7.48882201150991,5.525728993234225,2.5006319920066744,1,0,0,,,,,,,,,,,,,,local_map_fast,False,12,5196,0,False,False,False,,,,inactive,,,,,,,,,,
front_end,4316993.668133728,True,icp_accepted,2583,1.0,0.0640151319366435,17.97499999520369,7.7171759912744164,5.5910340015543625,2.1048920025350526,1,0,0,,,,,,,,,,,,,,local_map_fast,True,12,5088,0,False,False,False,,,,inactive,,,,,,,,,,
front_end,4316993.7683544,True,icp_accepted,2563,0.9996098322278579,0.05898675219189336,18.316587986191735,7.723086993792094,5.718065003748052,1.9530240097083151,1,0,0,,,,,,,,,,,,,,local_map_fast,False,12,5088,0,False,False,False,,,,inactive,,,,,,,,,,
front_end,4316993.868184224,True,icp_accepted,2578,1.0,0.05910451168666574,15.914132003672421,7.524690998252481,5.548032000660896,1.9501280039548874,1,0,0,,,,,,,,,,,,,,local_map_fast,False,12,5088,0,False,False,False,,,,inactive,,,,,,,,,,
front_end,4316993.968212064,True,icp_accepted,2537,1.0,0.06072585518697012,16.780474994448014,7.5541569967754185,5.60245499946177,2.411203007795848,1,0,0,,,,,,,,,,,,,,local_map_fast,False,12,5088,0,False,False,False,,,,inactive,,,,,,,,,,
front_end,4316994.068333568,True,icp_accepted,2662,1.0,0.05893135822016012,17.723964003380388,8.03861499298364,5.869251006515697,1.9510800048010424,1,0,0,,,,,,,,,,,,,,local_map_fast,False,12,5088,0,False,False,False,,,,inactive,,,,,,,,,,
front_end,4316994.16814448,True,icp_accepted,2662,1.0,0.06029135830570624,20.19386799656786,9.41550699644722,6.616749000386335,1.9797050044871867,1,0,0,,,,,,,,,,,,,,local_map_fast,False,12,5088,0,False,False,False,,,,inactive,,,,,,,,,,
front_end,4316994.268110208,True,icp_accepted,2675,1.0,0.06032093361450958,19.083772000158206,8.390021001105197,6.102373998146504,1.8708779971348122,1,0,0,,,,,,,,,,,,,,local_map_fast,False,12,5088,0,False,False,False,,,,inactive,,,,,,,,,,
front_end,4316994.368333632,True,icp_accepted,2594,0.9996144949884348,0.06090206686466948,18.501056998502463,7.807717003743164,5.7354479940840974,1.7673520051175728,1,0,0,,,,,,,,,,,,,,local_map_fast,False,12,5088,0,False,False,False,,,,inactive,,,,,,,,,,
front_end,4316994.468173216,True,icp_accepted,2693,1.0,0.061123977405233954,31.909917001030408,3.414716004044749,0.26449200231581926,15.541795000899583,1,0,0,,,,,,,,,,,,,,local_map_fast,False,12,5088,0,False,False,False,,,,inactive,,,,,,,,,,
front_end,4316994.567898464,True,icp_accepted,2738,1.0,0.06222216947298833,32.282633997965604,12.27422799274791,9.37109200458508,7.573392998892814,1,0,0,,,,,,,,,,,,,,local_map_fast,False,12,5088,0,False,False,False,,,,inactive,,,,,,,,,,
front_end,4316994.668257344,True,icp_accepted,2546,1.0,0.059271069804921916,29.91644700523466,11.972256004810333,9.12731999414973,4.93126199580729,1,0,0,,,,,,,,,,,,,,local_map_fast,False,12,5088,0,False,False,False,,,,inactive,,,,,,,,,,
optimized_backend,,,,,,,,,,,,,,,,,,,,,,,,,,,,,,,,,,,,,,,,,131,202,72,,,,pose_graph,True
front_end,4316994.768132288,True,icp_accepted,2647,1.0,0.05909727903045221,17.331630006083287,7.820612008799799,5.623164004646242,2.1433049987535924,1,0,0,,,,,,,,,,,,,,local_map_fast,False,12,5088,0,False,False,False,,,,inactive,,,,,,,,,,
front_end,4316994.868144256,True,icp_accepted,2581,1.0,0.05872662433735779,16.422404994955286,7.374916996923275,5.402815993875265,2.1340470120776445,1,0,0,,,,,,,,,,,,,,local_map_fast,False,12,5088,0,False,False,False,,,,inactive,,,,,,,,,,
front_end,4316994.96834256,True,icp_accepted,2637,1.0,0.05924609073087091,18.029181999736466,8.797253991360776,6.454301008488983,1.6687850002199411,1,0,0,,,,,,,,,,,,,,local_map_fast,False,12,5088,0,False,False,False,,,,inactive,,,,,,,,,,
front_end,4316995.06817376,True,icp_accepted,2608,1.0,0.058815841208670325,19.0502689947607,8.092627991572954,5.8273109898436815,2.001846005441621,1,0,0,,,,,,,,,,,,,,local_map_fast,False,12,5088,0,False,False,False,,,,inactive,,,,,,,,,,
front_end,4316995.167855552,True,icp_accepted,2626,1.0,0.058833271075829835,17.582825996214524,7.98895099433139,5.750615993747488,1.7288990056840703,1,0,0,,,,,,,,,,,,,,local_map_fast,False,12,5088,0,False,False,False,,,,inactive,,,,,,,,,,
front_end,4316995.26832816,True,icp_accepted,2649,1.0,0.0601334596859543,17.576522994204424,7.870025001466274,5.687355995178223,1.7752669955370948,1,0,0,,,,,,,,,,,,,,local_map_fast,False,12,5088,0,False,False,False,,,,inactive,,,,,,,,,,
front_end,4316995.368143008,True,icp_accepted,2605,1.0,0.05957764700057574,16.821482000523247,7.81397899845615,5.692585997167043,1.80544400063809,1,0,0,,,,,,,,,,,,,,local_map_fast,False,12,5088,0,False,False,False,,,,inactive,,,,,,,,,,
front_end,4316995.46785472,True,icp_accepted,2614,1.0,0.060481694901359864,16.67138699849602,7.865977997425944,5.753612000262365,1.5508210053667426,1,0,0,,,,,,,,,,,,,,local_map_fast,False,12,5088,0,False,False,False,,,,inactive,,,,,,,,,,
front_end,4316995.568209088,True,icp_accepted,2578,1.0,0.061127259371410184,17.67781599482987,7.640990996151231,5.562820006161928,2.0189490023767576,1,0,0,,,,,,,,,,,,,,local_map_fast,False,12,5088,0,False,False,False,,,,inactive,,,,,,,,,,
front_end,4316995.668096416,True,icp_accepted,2674,1.0,0.06055514511241518,18.441142994561233,7.358664995990694,5.3561579989036545,2.1528530051000416,1,0,0,,,,,,,,,,,,,,local_map_fast,False,12,5088,0,False,False,False,,,,inactive,,,,,,,,,,
front_end,4316995.768104896,True,icp_accepted,2637,1.0,0.06030349411193003,17.7938959968742,7.779362989822403,5.699829998775385,2.3744729987811297,1,0,0,,,,,,,,,,,,,,local_map_fast,False,12,5088,0,False,False,False,,,,inactive,,,,,,,,,,
front_end,4316995.868260608,True,icp_accepted,2690,1.0,0.0613559999892328,16.878589987754822,7.750768985715695,5.68162499985192,2.105923995259218,1,0,0,,,,,,,,,,,,,,local_map_fast,False,12,5088,0,False,False,False,,,,inactive,,,,,,,,,,
front_end,4316995.968172192,True,icp_accepted,2666,1.0,0.06157479239344846,16.292878994136117,7.701405003899708,5.357991001801565,1.771298993844539,1,0,0,,,,,,,,,,,,,,local_map_fast,False,12,5088,0,False,False,False,,,,inactive,,,,,,,,,,
front_end,4316996.067833248,True,icp_accepted,2515,1.0,0.061211793873146736,16.499902005307376,7.814759999746457,5.818063989863731,2.1576319995801896,1,0,0,,,,,,,,,,,,,,local_map_fast,False,12,5088,0,False,False,False,,,,inactive,,,,,,,,,,
front_end,4316996.1682688,True,icp_accepted,2609,0.9996167113836719,0.06221381344104082,17.09728399873711,7.979503003298305,6.027109993738122,2.1094310068292543,1,0,0,,,,,,,,,,,,,,local_map_fast,False,12,5088,0,False,False,False,,,,inactive,,,,,,,,,,
front_end,4316996.26815344,True,icp_accepted,2705,1.0,0.06386433203826412,16.674302009050734,7.419090004987083,5.43363401084207,2.2601360105909407,1,0,0,,,,,,,,,,,,,,local_map_fast,False,12,5088,0,False,False,False,,,,inactive,,,,,,,,,,
front_end,4316996.367880288,True,icp_accepted,2598,1.0,0.05848952690748964,16.647992000798695,7.638434995897114,5.629456005408429,2.4784100096439943,1,0,0,,,,,,,,,,,,,,local_map_fast,False,12,5088,0,False,False,False,,,,inactive,,,,,,,,,,
front_end,4316996.468190336,True,icp_accepted,2594,1.0,0.05935987174769909,16.24991701100953,7.619349999004044,5.5361289996653795,1.9729710038518533,1,0,0,,,,,,,,,,,,,,local_map_fast,False,12,5088,0,False,False,False,,,,inactive,,,,,,,,,,
front_end,4316996.56814736,True,icp_accepted,2553,1.0,0.05988975533726574,17.47657300438732,8.533814005204476,6.474979993072338,2.1480639989022166,1,0,0,,,,,,,,,,,,,,local_map_fast,False,12,5088,0,False,False,False,,,,inactive,,,,,,,,,,
front_end,4316996.669112288,True,icp_accepted,2613,1.0,0.05896242939136263,16.107857998576947,7.744015994830988,5.73669899313245,1.9423240009928122,1,0,0,,,,,,,,,,,,,,local_map_fast,False,12,5088,0,False,False,False,,,,inactive,,,,,,,,,,
front_end,4316996.768165952,True,icp_accepted,2560,1.0,0.06021336633938527,16.54863300791476,7.340039010159671,5.37068500125315,2.2129160061012954,1,0,0,,,,,,,,,,,,,,local_map_fast,False,12,5088,0,False,False,False,,,,inactive,,,,,,,,,,
front_end,4316996.868155008,True,icp_accepted,2552,1.0,0.05928905280684584,17.09509000647813,8.520659001078457,6.1834359948989,1.8697460036491975,1,0,0,,,,,,,,,,,,,,local_map_fast,False,12,5088,0,False,False,False,,,,inactive,,,,,,,,,,
front_end,4316996.96911792,True,icp_accepted,2513,1.0,0.05912890576126005,15.607217996148393,7.384664990240708,5.381175011279993,1.7076980002457276,1,0,0,,,,,,,,,,,,,,local_map_fast,False,12,5088,0,False,False,False,,,,inactive,,,,,,,,,,
front_end,4316997.068193568,True,icp_accepted,2658,1.0,0.05935144280861181,16.16098900558427,7.61770700046327,5.587977007962763,1.799834004486911,1,0,0,,,,,,,,,,,,,,local_map_fast,False,12,5088,0,False,False,False,,,,inactive,,,,,,,,,,
front_end,4316997.169089024,True,icp_accepted,2589,1.0,0.05934014947546841,16.051982005592436,7.466700000804849,5.46983300591819,2.171518004615791,1,0,0,,,,,,,,,,,,,,local_map_fast,False,12,5088,0,False,False,False,,,,inactive,,,,,,,,,,
front_end,4316997.269070816,True,icp_accepted,2514,1.0,0.05950164110026507,16.927110991673544,7.6740429940400645,5.67750699701719,2.149927007849328,1,0,0,,,,,,,,,,,,,,local_map_fast,False,12,5088,0,False,False,False,,,,inactive,,,,,,,,,,
front_end,4316997.368206016,True,icp_accepted,2639,1.0,0.059226567150125836,17.577855003764853,7.260960002895445,5.256399002973922,1.7720509931677952,1,0,0,,,,,,,,,,,,,,local_map_fast,False,12,5088,0,False,False,False,,,,inactive,,,,,,,,,,
front_end,4316997.469173248,True,icp_accepted,2533,1.0,0.0602474949863583,11.288366993539967,2.19828900299035,0.13482599752023816,2.3773980065016076,1,0,0,,,,,,,,,,,,,,local_map_fast,False,12,5088,0,False,False,False,,,,inactive,,,,,,,,,,
front_end,4316997.568338048,True,icp_accepted,2526,1.0,0.06158261160617395,15.776539003127255,6.855461004306562,4.818667992367409,1.9624220003606752,1,0,0,,,,,,,,,,,,,,local_map_fast,False,12,5088,0,False,False,False,,,,inactive,,,,,,,,,,
front_end,4316997.668144256,True,icp_accepted,2612,1.0,0.059953185823824834,17.20525800192263,7.986655997228809,5.848852000781335,1.5904860047157854,1,0,0,,,,,,,,,,,,,,local_map_fast,False,12,5088,0,False,False,False,,,,inactive,,,,,,,,,,
front_end,4316997.76811584,True,icp_accepted,2534,1.0,0.0596949779590959,17.29979801166337,8.210541011067107,5.92377400607802,1.88541499665007,1,0,0,,,,,,,,,,,,,,local_map_fast,False,12,5088,0,False,False,False,,,,inactive,,,,,,,,,,
front_end,4316997.868274912,True,icp_accepted,2606,1.0,0.05914654336493494,17.680259014014155,8.3214210026199,6.118032004451379,1.9714480004040524,1,0,0,,,,,,,,,,,,,,local_map_fast,False,12,5088,0,False,False,False,,,,inactive,,,,,,,,,,
front_end,4316997.9681424,True,icp_accepted,2564,1.0,0.06189364682501219,16.512023998075165,7.516284007579088,5.536569995456375,2.0323640055721626,1,0,0,,,,,,,,,,,,,,local_map_fast,False,12,5088,0,False,False,False,,,,inactive,,,,,,,,,,
front_end,4316998.068098464,True,icp_accepted,2652,1.0,0.06262955403924947,16.434787001344375,7.419000001391396,5.4278030002024025,2.340307997656055,1,0,0,,,,,,,,,,,,,,local_map_fast,False,12,5088,0,False,False,False,,,,inactive,,,,,,,,,,
front_end,4316998.168304736,True,icp_accepted,2561,0.9996095275283092,0.06323259955042908,16.752078998251818,7.711193000432104,5.671105012879707,2.3375729942927137,1,0,0,,,,,,,,,,,,,,local_map_fast,False,12,5088,0,False,False,False,,,,inactive,,,,,,,,,,
front_end,4316998.26809744,True,icp_accepted,2583,1.0,0.06257231885982911,17.235384992090985,7.596335999551229,5.574221009737812,2.6325219951104373,1,0,0,,,,,,,,,,,,,,local_map_fast,False,12,5088,0,False,False,False,,,,inactive,,,,,,,,,,
front_end,4316998.3680264,True,icp_accepted,2672,1.0,0.0635300590192603,17.34635600587353,8.050728007219732,5.670804006513208,2.2648050071438774,1,0,0,,,,,,,,,,,,,,local_map_fast,False,12,5088,0,False,False,False,,,,inactive,,,,,,,,,,
front_end,4316998.468276928,True,icp_accepted,2520,1.0,0.06381473634015007,16.49678401008714,7.603710007970221,5.585071005043574,2.0667600037995726,1,0,0,,,,,,,,,,,,,,local_map_fast,False,12,5088,0,False,False,False,,,,inactive,,,,,,,,,,
front_end,4316998.56814032,True,icp_accepted,2608,1.0,0.060218845649489774,16.575643996475264,7.524098007706925,5.517041994608007,2.374292991589755,1,0,0,,,,,,,,,,,,,,local_map_fast,False,12,5088,0,False,False,False,,,,inactive,,,,,,,,,,
front_end,4316998.668055232,True,icp_accepted,2504,1.0,0.06490077235127378,17.119715004810132,7.790313000441529,5.743290996178985,2.287017006892711,1,0,0,,,,,,,,,,,,,,local_map_fast,False,12,5088,0,False,False,False,,,,inactive,,,,,,,,,,
front_end,4316998.769103872,True,icp_accepted,2675,1.0,0.06290403064495674,17.61917299882043,7.847743007005192,5.827731001772918,2.8013729897793382,1,0,0,,,,,,,,,,,,,,local_map_fast,False,12,5088,0,False,False,False,,,,inactive,,,,,,,,,,
front_end,4316998.869260704,True,icp_accepted,2616,0.9996177370030581,0.06608774609219675,18.46018798823934,8.456726995063946,6.16649400035385,2.1066140034236014,1,0,0,,,,,,,,,,,,,,local_map_fast,False,12,5088,0,False,False,False,,,,inactive,,,,,,,,,,
front_end,4316998.96808192,True,icp_accepted,2690,0.9996282527881041,0.06482647192252884,16.41949699842371,7.837472003302537,5.821218990604393,2.0315719884820282,1,0,0,,,,,,,,,,,,,,local_map_fast,False,12,5088,0,False,False,False,,,,inactive,,,,,,,,,,
front_end,4316999.06826224,True,icp_accepted,2739,1.0,0.0665820321880817,20.540312005323358,7.630760999745689,5.622773009235971,2.3072749900165945,1,0,0,,,,,,,,,,,,,,local_map_fast,True,12,5149,0,False,False,False,,,,inactive,,,,,,,,,,
front_end,4316999.168125408,True,icp_accepted,2671,1.0,0.062440221579868026,17.659878998529166,7.718968001427129,5.5373609939124435,2.1958750003250316,1,0,0,,,,,,,,,,,,,,local_map_fast,False,12,5149,0,False,False,False,,,,inactive,,,,,,,,,,
front_end,4316999.268056512,True,icp_accepted,2703,0.9996300406955235,0.06285645715867277,17.943457001820207,7.568852990516461,5.519778002053499,2.405901992460713,1,0,0,,,,,,,,,,,,,,local_map_fast,False,12,5149,0,False,False,False,,,,inactive,,,,,,,,,,
front_end,4316999.369015808,True,icp_accepted,2640,1.0,0.06863233697917935,17.951321991859004,7.66346299496945,5.606272010481916,2.9859530040994287,1,0,0,,,,,,,,,,,,,,local_map_fast,False,12,5149,0,False,False,False,,,,inactive,,,,,,,,,,
front_end,4316999.46821632,True,icp_accepted,2671,1.0,0.07559082329396807,17.058719997294247,7.613758993102238,5.58098399778828,2.5965340028051287,1,0,0,,,,,,,,,,,,,,local_map_fast,False,12,5149,0,False,False,False,,,,inactive,,,,,,,,,,
front_end,4316999.569109376,True,icp_accepted,2572,1.0,0.07604837979775055,16.967135001323186,7.729628006927669,5.747339004301466,2.278130006743595,1,0,0,,,,,,,,,,,,,,local_map_fast,False,12,5149,0,False,False,False,,,,inactive,,,,,,,,,,
front_end,4316999.669023584,True,icp_accepted,2628,1.0,0.08565791382263589,20.24417999200523,7.5072460022056475,5.39112399565056,2.6402969961054623,1,0,0,,,,,,,,,,,,,,local_map_fast,True,12,5274,0,False,False,False,,,,inactive,,,,,,,,,,
front_end,4316999.76899344,True,icp_accepted,2643,1.0,0.06776260480573638,39.864607009803876,8.479039010126144,6.238469999516383,10.153044000617228,1,0,0,,,,,,,,,,,,,,local_map_fast,False,12,5274,0,False,False,False,,,,inactive,,,,,,,,,,
front_end,4316999.869059488,True,icp_accepted,2633,1.0,0.07616271964304644,36.65179500239901,13.65992400678806,10.935337006230839,10.71940700057894,1,0,0,,,,,,,,,,,,,,local_map_fast,False,12,5274,0,False,False,False,,,,inactive,,,,,,,,,,
front_end,4316999.968266752,True,icp_accepted,2688,1.0,0.07862081246265112,31.66967601282522,11.487133000628091,8.660673993290402,8.056406994001009,1,0,0,,,,,,,,,,,,,,local_map_fast,False,12,5274,0,False,False,False,,,,inactive,,,,,,,,,,
optimized_backend,,,,,,,,,,,,,,,,,,,,,,,,,,,,,,,,,,,,,,,,,132,204,73,,,,pose_graph,True
front_end,4317000.069007744,True,icp_accepted,2684,1.0,0.0872918603596517,23.211666994029656,11.637007992248982,9.073466993868351,3.2331719994544983,1,0,0,,,,,,,,,,,,,,local_map_fast,False,12,5274,0,False,False,False,,,,inactive,,,,,,,,,,
front_end,4317000.16905904,True,icp_accepted,2688,1.0,0.08859460973285818,16.84978300181683,7.6342880056472495,5.665634002070874,2.374412986682728,1,0,0,,,,,,,,,,,,,,local_map_fast,False,12,5274,0,False,False,False,,,,inactive,,,,,,,,,,
front_end,4317000.268992768,True,icp_accepted,2633,1.0,0.09612214399606776,20.294945992645808,7.905340986326337,5.723312991904095,2.4487040063831955,1,0,0,,,,,,,,,,,,,,local_map_fast,True,12,5481,0,False,False,False,,,,inactive,,,,,,,,,,
front_end,4317000.368983488,True,icp_accepted,2645,1.0,0.06738262408722372,17.21177899162285,7.346310987486504,5.362088006222621,2.588718998595141,1,0,0,,,,,,,,,,,,,,local_map_fast,False,12,5481,0,False,False,False,,,,inactive,,,,,,,,,,
front_end,4317000.469067232,True,icp_accepted,2649,1.0,0.06959815497850305,17.813860991736874,8.137640994391404,6.0169999924255535,2.6977960078511387,1,0,0,,,,,,,,,,,,,,local_map_fast,False,12,5481,0,False,False,False,,,,inactive,,,,,,,,,,
front_end,4317000.568188096,True,icp_accepted,2720,1.0,0.07207235852428234,16.42500699381344,7.362441989243962,5.38355900789611,2.504258998669684,1,0,0,,,,,,,,,,,,,,local_map_fast,False,12,5481,0,False,False,False,,,,inactive,,,,,,,,,,
front_end,4317000.668228992,True,icp_accepted,2669,1.0,0.08340191168598991,17.032147996360436,7.606152998050675,5.4435319907497615,2.42774399521295,1,0,0,,,,,,,,,,,,,,local_map_fast,False,12,5481,0,False,False,False,,,,inactive,,,,,,,,,,
front_end,4317000.769065376,True,icp_accepted,2737,1.0,0.09088446644801176,18.8281649898272,7.576256990432739,5.550376008613966,2.8255689976504073,1,0,0,,,,,,,,,,,,,,local_map_fast,False,12,5481,0,False,False,False,,,,inactive,,,,,,,,,,
front_end,4317000.86827408,True,icp_accepted,2787,1.0,0.09673062945095402,47.82515199622139,15.82876598695293,13.102787008392625,18.51822699245531,1,0,0,,,,,,,,,,,,,,local_map_fast,True,12,5709,0,False,False,False,,,,inactive,,,,,,,,,,
front_end,4317000.968010272,True,icp_accepted,2706,1.0,0.07253496615758336,33.98272200138308,11.542186999577098,8.874189006746747,5.766144997323863,1,0,0,,,,,,,,,,,,,,local_map_fast,False,12,5709,0,False,False,False,,,,inactive,,,,,,,,,,
front_end,4317001.069029632,True,icp_accepted,2707,1.0,0.07577690775207153,26.82761399773881,10.781545002828352,8.230117004131898,4.486708014155738,1,0,0,,,,,,,,,,,,,,local_map_fast,False,12,5709,0,False,False,False,,,,inactive,,,,,,,,,,
front_end,4317001.168215328,True,icp_accepted,2715,1.0,0.08518030994792887,21.553352009505033,9.751602003234439,6.771421001758426,2.4829180038068444,1,0,0,,,,,,,,,,,,,,local_map_fast,False,12,5709,0,False,False,False,,,,inactive,,,,,,,,,,
optimized_backend,,,,,,,,,,,,,,,,,,,,,,,,,,,,,,,,,,,,,,,,,133,206,74,,,,pose_graph,True
front_end,4317001.268073664,True,icp_accepted,2768,1.0,0.0913835331967358,18.579281997517683,8.112743991659954,5.840145007823594,2.909406990511343,1,0,0,,,,,,,,,,,,,,local_map_fast,False,12,5709,0,False,False,False,,,,inactive,,,,,,,,,,
front_end,4317001.369008448,True,icp_accepted,2751,0.9996364958197019,0.1006678532201126,17.38376499270089,7.723856993834488,5.475543002830818,2.780291993985884,1,0,0,,,,,,,,,,,,,,local_map_fast,False,12,5709,0,False,False,False,,,,inactive,,,,,,,,,,
front_end,4317001.469007072,True,icp_accepted,2635,0.9996204933586338,0.09446332145719387,19.30684100079816,7.707595999818295,5.583218007814139,2.5455669965595007,1,0,0,,,,,,,,,,,,,,local_map_fast,True,12,5915,0,False,False,False,,,,inactive,,,,,,,,,,
front_end,4317001.569025504,True,icp_accepted,2633,1.0,0.06748016874014287,17.38571800524369,7.747241004835814,5.75503300933633,2.3603360023116693,1,0,0,,,,,,,,,,,,,,local_map_fast,False,12,5915,0,False,False,False,,,,inactive,,,,,,,,,,
front_end,4317001.669017888,True,icp_accepted,2692,1.0,0.06956673867602359,21.68696500302758,11.562576008145697,8.91293199674692,3.1182730017462745,1,0,0,,,,,,,,,,,,,,local_map_fast,False,12,5915,0,False,False,False,,,,inactive,,,,,,,,,,
front_end,4317001.769052736,True,icp_accepted,2631,1.0,0.0729762701671734,18.688658994506113,7.655187000636943,5.620959011139348,2.4087269994197413,1,0,0,,,,,,,,,,,,,,local_map_fast,False,12,5915,0,False,False,False,,,,inactive,,,,,,,,,,
front_end,4317001.869178048,True,icp_accepted,2604,1.0,0.08196336967891953,35.699315994861536,10.738062002928928,8.275222004158422,13.396884998655878,1,0,0,,,,,,,,,,,,,,local_map_fast,False,12,5915,0,False,False,False,,,,inactive,,,,,,,,,,
front_end,4317001.96898768,True,icp_accepted,2605,1.0,0.08981960911042255,35.15612700721249,10.475445000338368,8.096874007605948,9.766651011887006,1,0,0,,,,,,,,,,,,,,local_map_fast,True,12,6167,0,False,False,False,,,,inactive,,,,,,,,,,
front_end,4317002.068960928,True,icp_accepted,2552,1.0,0.07730591547719125,28.187762000015937,13.249605006421916,10.005382995586842,5.070946004707366,1,0,0,,,,,,,,,,,,,,local_map_fast,False,12,6167,0,False,False,False,,,,inactive,,,,,,,,,,
front_end,4317002.168014496,True,icp_accepted,2605,1.0,0.07724202564728903,20.079305992112495,8.788345992797986,6.391621005604975,2.8997390036238357,1,0,0,,,,,,,,,,,,,,local_map_fast,False,12,6167,0,False,False,False,,,,inactive,,,,,,,,,,
optimized_backend,,,,,,,,,,,,,,,,,,,,,,,,,,,,,,,,,,,,,,,,,134,208,75,,,,pose_graph,True
front_end,4317002.269014784,True,icp_accepted,2608,1.0,0.07869924652463918,22.051666004699655,10.816972004249692,8.197595001547597,3.464549998170696,1,0,0,,,,,,,,,,,,,,local_map_fast,False,12,6167,0,False,False,False,,,,inactive,,,,,,,,,,
front_end,4317002.369016352,True,icp_accepted,2615,0.9996175908221797,0.09424922276651278,18.521911988500506,8.076444995822385,6.00464700255543,3.615887006162666,1,0,0,,,,,,,,,,,,,,local_map_fast,False,12,6167,0,False,False,False,,,,inactive,,,,,,,,,,
front_end,4317002.469024256,True,icp_accepted,2558,0.9992181391712275,0.10133602250123123,19.333390999236144,7.866457002819516,5.845374995260499,2.693528003874235,1,0,0,,,,,,,,,,,,,,local_map_fast,True,12,6347,0,False,False,False,,,,inactive,,,,,,,,,,
front_end,4317002.568286144,True,icp_accepted,2516,0.9992050874403816,0.07571545055584379,17.938977005542256,8.077377002337016,5.99388599221129,2.733572997385636,1,0,0,,,,,,,,,,,,,,local_map_fast,False,12,6347,0,False,False,False,,,,inactive,,,,,,,,,,
front_end,4317002.668178272,True,icp_accepted,2609,0.9988501341510158,0.11112711573131785,17.63539100647904,7.872497997595929,5.8134139981120825,2.8687599988188595,1,0,0,,,,,,,,,,,,,,local_map_fast,False,12,6347,0,False,False,False,,,,inactive,,,,,,,,,,
front_end,4317002.769026976,True,icp_accepted,2666,0.9969992498124531,0.14770996945134676,17.81575399218127,7.134389001294039,5.186063994187862,2.6546139997662976,1,0,0,,,,,,,,,,,,,,local_map_fast,False,12,6347,0,False,False,False,,,,inactive,,,,,,,,,,
front_end,4317002.868998976,True,icp_accepted,2711,0.9977867945407599,0.16962477592921077,37.84717900271062,13.502654997864738,11.110848994576372,11.87693199608475,1,0,0,,,,,,,,,,,,,,local_map_fast,False,12,6347,0,False,False,False,,,,inactive,,,,,,,,,,
front_end,4317002.968991328,True,icp_accepted,2766,0.9978308026030369,0.16389004229138293,35.92669700447004,11.349502005032264,8.937017002608627,12.742282007820904,1,0,0,,,,,,,,,,,,,,local_map_fast,True,12,6605,0,False,False,False,,,,inactive,,,,,,,,,,
front_end,4317003.068106656,True,icp_accepted,2770,1.0,0.07403513688383355,33.85200200136751,9.587299995473586,7.325811995542608,14.70277100452222,1,0,0,,,,,,,,,,,,,,local_map_fast,False,12,6605,0,False,False,False,,,,inactive,,,,,,,,,,
front_end,4317003.16905728,True,icp_accepted,2736,1.0,0.08047420638637563,30.68351400725078,11.908982996828854,9.33757699385751,5.707702992367558,1,0,0,,,,,,,,,,,,,,local_map_fast,False,12,6605,0,False,False,False,,,,inactive,,,,,,,,,,
optimized_backend,,,,,,,,,,,,,,,,,,,,,,,,,,,,,,,,,,,,,,,,,135,210,76,,,,pose_graph,True
front_end,4317003.268985536,True,icp_accepted,2723,1.0,0.08479191058683547,18.617412992171012,8.400077989790589,6.207630998687819,3.0803310073679313,1,0,0,,,,,,,,,,,,,,local_map_fast,False,12,6605,0,False,False,False,,,,inactive,,,,,,,,,,
front_end,4317003.368094208,True,icp_accepted,2703,1.0,0.10035819379240357,19.871841999702156,7.538364006904885,5.446417999337427,3.680359004647471,1,0,0,,,,,,,,,,,,,,local_map_fast,False,12,6605,0,False,False,False,,,,inactive,,,,,,,,,,
front_end,4317003.467912224,True,icp_accepted,2686,1.0,0.10446584624648965,20.035100998939015,7.692767001572065,5.590881002717651,2.9807120008626953,1,0,0,,,,,,,,,,,,,,local_map_fast,True,12,6749,0,False,False,False,,,,inactive,,,,,,,,,,
front_end,4317003.56822368,True,icp_accepted,2762,1.0,0.07089748657846871,18.26173900917638,8.000221001566388,5.939462993410416,3.034875000594184,1,0,0,,,,,,,,,,,,,,local_map_fast,False,12,6749,0,False,False,False,,,,inactive,,,,,,,,,,
front_end,4317003.669037472,True,icp_accepted,2712,1.0,0.08491331546437682,18.22805499250535,8.027221992961131,5.950484002823941,3.119404995231889,1,0,0,,,,,,,,,,,,,,local_map_fast,False,12,6749,0,False,False,False,,,,inactive,,,,,,,,,,
front_end,4317003.76913504,True,icp_accepted,2802,1.0,0.09961732737068138,21.697974007111043,7.836870005121455,5.7646710047265515,3.3643700007814914,1,0,0,,,,,,,,,,,,,,local_map_fast,False,12,6749,0,False,False,False,,,,inactive,,,,,,,,,,
front_end,4317003.86893184,True,icp_accepted,2948,1.0,0.11070299205837661,42.94478399970103,18.530638990341686,12.026273994706571,14.093485006014816,1,0,0,,,,,,,,,,,,,,local_map_fast,False,12,6749,0,False,False,False,,,,inactive,,,,,,,,,,
front_end,4317003.96906528,True,icp_accepted,2953,1.0,0.11065793760484643,41.16904600232374,13.549563009291887,10.16222000180278,9.06249500985723,1,0,0,,,,,,,,,,,,,,local_map_fast,True,12,7053,0,False,False,False,,,,inactive,,,,,,,,,,
front_end,4317004.069013472,True,icp_accepted,2978,1.0,0.06801492965103154,27.386572008254007,13.702063006348908,10.851686995010823,3.587722996599041,1,0,0,,,,,,,,,,,,,,local_map_fast,False,12,7053,0,False,False,False,,,,inactive,,,,,,,,,,
optimized_backend,,,,,,,,,,,,,,,,,,,,,,,,,,,,,,,,,,,,,,,,,136,212,77,,,,pose_graph,True
front_end,4317004.168989792,True,icp_accepted,2918,0.9996572995202193,0.07717715181039562,27.64748600020539,12.927082992973737,9.843104999163188,3.8871309952810407,1,0,0,,,,,,,,,,,,,,local_map_fast,False,12,7053,0,False,False,False,,,,inactive,,,,,,,,,,
front_end,4317004.268113088,True,icp_accepted,2866,0.9982554082344731,0.08161157351148236,23.642030006158166,11.229323004954495,8.46653500047978,3.3442720014136285,1,0,0,,,,,,,,,,,,,,local_map_fast,False,12,7053,0,False,False,False,,,,inactive,,,,,,,,,,
front_end,4317004.368999712,True,icp_accepted,2933,0.99727241732015,0.08719101194263812,19.53254699765239,8.266314005595632,6.012721991282888,3.1533989968011156,1,0,0,,,,,,,,,,,,,,local_map_fast,False,12,7053,0,False,False,False,,,,inactive,,,,,,,,,,
front_end,4317004.468087296,True,icp_accepted,2938,0.9965963240299524,0.09147052079683053,19.716476002940908,7.787066002492793,5.624705998343416,2.677818003576249,1,0,0,,,,,,,,,,,,,,local_map_fast,True,12,7325,0,False,False,False,,,,inactive,,,,,,,,,,
front_end,4317004.568283648,True,icp_accepted,3005,1.0,0.06993773403592136,16.907669996726327,7.614026995724998,5.5617070029256865,2.5596540072001517,1,0,0,,,,,,,,,,,,,,local_map_fast,False,12,7325,0,False,False,False,,,,inactive,,,,,,,,,,
front_end,4317004.669027776,True,icp_accepted,3013,1.0,0.07322597773687656,18.732520009507425,8.321529006934725,6.178245006594807,3.2938660006038845,1,0,0,,,,,,,,,,,,,,local_map_fast,False,12,7325,0,False,False,False,,,,inactive,,,,,,,,,,
front_end,4317004.769011456,True,icp_accepted,3021,1.0,0.07371470060106382,18.97266600281,7.581997007946484,5.480772990267724,2.943721992778592,1,0,0,,,,,,,,,,,,,,local_map_fast,False,12,7325,0,False,False,False,,,,inactive,,,,,,,,,,
front_end,4317004.869094432,True,icp_accepted,3125,0.99968,0.09430621342955539,33.00871100509539,10.60972799314186,8.051978002185933,12.448635010514408,1,0,0,,,,,,,,,,,,,,local_map_fast,False,12,7325,0,False,False,False,,,,inactive,,,,,,,,,,
front_end,4317004.969029536,True,icp_accepted,3157,1.0,0.089243513364432,42.38469999108929,13.819904997944832,10.809095998411067,12.676988000748679,1,0,0,,,,,,,,,,,,,,local_map_fast,True,12,7443,0,False,False,False,,,,inactive,,,,,,,,,,
front_end,4317005.068970208,True,icp_accepted,3202,1.0,0.07134074632527924,36.494091007625684,16.606720004347153,13.912792011979036,8.569680008804426,1,0,0,,,,,,,,,,,,,,local_map_fast,False,12,7443,0,False,False,False,,,,inactive,,,,,,,,,,
front_end,4317005.168998496,True,icp_accepted,3249,0.9996922129886119,0.07086934048276025,24.874807000742294,8.018364998861216,5.861363999429159,4.1219059930881485,1,0,0,,,,,,,,,,,,,,local_map_fast,False,12,7443,0,False,False,False,,,,inactive,,,,,,,,,,
optimized_backend,,,,,,,,,,,,,,,,,,,,,,,,,,,,,,,,,,,,,,,,,137,214,78,,,,pose_graph,True
front_end,4317005.26902992,True,icp_accepted,3092,1.0,0.07314225320128977,24.782962995232083,12.537474001874216,9.558193996781483,3.4106170060113072,1,0,0,,,,,,,,,,,,,,local_map_fast,False,12,7443,0,False,False,False,,,,inactive,,,,,,,,,,
front_end,4317005.368915296,True,icp_accepted,3215,1.0,0.08718501890885864,20.543774007819593,8.753588001127355,6.328269999357872,3.345984994666651,1,0,0,,,,,,,,,,,,,,local_map_fast,False,12,7443,0,False,False,False,,,,inactive,,,,,,,,,,
front_end,4317005.468097056,True,icp_accepted,3159,1.0,0.09159497603069604,25.46307200100273,8.383136009797454,6.02681799500715,3.967722994275391,1,0,0,,,,,,,,,,,,,,local_map_fast,True,12,7412,0,False,False,False,,,,inactive,,,,,,,,,,
front_end,4317005.568218496,True,icp_accepted,3189,1.0,0.06874877734924333,21.651685994584113,9.236875004717149,6.463896002969705,3.377525004907511,1,0,0,,,,,,,,,,,,,,local_map_fast,False,12,7412,0,False,False,False,,,,inactive,,,,,,,,,,
front_end,4317005.6689504,True,icp_accepted,3196,1.0,0.07575404620768868,20.72684200538788,8.343740992131643,5.948360005277209,3.5924420080846176,1,0,0,,,,,,,,,,,,,,local_map_fast,False,12,7412,0,False,False,False,,,,inactive,,,,,,,,,,
front_end,4317005.769015232,True,icp_accepted,3237,1.0,0.07677877389526672,23.644924993277527,7.850305992178619,5.686592994607054,2.7311089943395928,1,0,0,,,,,,,,,,,,,,local_map_fast,False,12,7412,0,False,False,False,,,,inactive,,,,,,,,,,
front_end,4317005.868943136,True,icp_accepted,3360,1.0,0.07674730311774683,28.70816500217188,11.819662002380937,9.121505994698964,3.147839001030661,1,0,0,,,,,,,,,,,,,,local_map_fast,False,12,7412,0,False,False,False,,,,inactive,,,,,,,,,,
front_end,4317005.968878464,True,icp_accepted,3190,1.0,0.07823145639150826,44.53942501277197,13.715196007979102,11.088986997492611,14.891576996888034,1,0,0,,,,,,,,,,,,,,local_map_fast,False,12,7412,0,False,False,False,,,,inactive,,,,,,,,,,
front_end,4317006.068044928,True,icp_accepted,3216,1.0,0.07837021484476002,44.88060099538416,13.752416998613626,10.861415998078883,13.139734990545548,1,0,0,,,,,,,,,,,,,,local_map_fast,False,12,7412,0,False,False,False,,,,inactive,,,,,,,,,,
front_end,4317006.168998048,True,icp_accepted,3203,1.0,0.07708425658239275,37.39239298738539,14.930370991351083,11.03329099714756,8.437659998890013,1,0,0,,,,,,,,,,,,,,local_map_fast,False,12,7412,0,False,False,False,,,,inactive,,,,,,,,,,
front_end,4317006.269099616,True,icp_accepted,3104,1.0,0.08307400963033668,42.47132199816406,13.58781500312034,10.702462997869588,11.14416099153459,1,0,0,,,,,,,,,,,,,,local_map_fast,False,12,7412,0,False,False,False,,,,inactive,,,,,,,,,,
front_end,4317006.369009504,True,icp_accepted,3220,1.0,0.0907437736383917,29.37872600159608,12.202888014144264,9.661560005042702,7.090023995260708,1,0,0,,,,,,,,,,,,,,local_map_fast,False,12,7412,0,False,False,False,,,,inactive,,,,,,,,,,
optimized_backend,,,,,,,,,,,,,,,,,,,,,,,,,,,,,,,,,,,,,,,,,138,216,79,,,,pose_graph,True
front_end,4317006.468868064,True,icp_accepted,3107,0.9996781461216607,0.08745437831551324,25.541951006744057,12.423527005012147,9.490094002103433,3.6990139924455434,1,0,0,,,,,,,,,,,,,,local_map_fast,False,12,7412,0,False,False,False,,,,inactive,,,,,,,,,,
front_end,4317006.568087552,True,icp_accepted,3219,1.0,0.08440572167358117,17.98518300347496,7.777767998049967,5.54427299357485,2.485372999217361,1,0,0,,,,,,,,,,,,,,local_map_fast,False,12,7412,0,False,False,False,,,,inactive,,,,,,,,,,
front_end,4317006.66904864,True,icp_accepted,3082,1.0,0.08847986581026225,21.343080006772652,7.449696000549011,5.397023996920325,3.381090995389968,1,0,0,,,,,,,,,,,,,,local_map_fast,True,12,7326,0,False,False,False,,,,inactive,,,,,,,,,,
front_end,4317006.768895744,True,icp_accepted,3302,1.0,0.06468628275276482,20.292797998990864,7.875523006077856,5.578577998676337,3.2952580077107996,1,0,0,,,,,,,,,,,,,,local_map_fast,False,12,7326,0,False,False,False,,,,inactive,,,,,,,,,,
front_end,4317006.868024672,True,icp_accepted,3233,1.0,0.06555198707276293,18.51195101335179,7.848831999581307,5.499819002579898,3.2545010035391897,1,0,0,,,,,,,,,,,,,,local_map_fast,False,12,7326,0,False,False,False,,,,inactive,,,,,,,,,,
front_end,4317006.969005664,True,icp_accepted,3236,1.0,0.06714941395952162,17.41925999522209,7.403027004329488,5.314967987942509,2.6289950037607923,1,0,0,,,,,,,,,,,,,,local_map_fast,False,12,7326,0,False,False,False,,,,inactive,,,,,,,,,,
front_end,4317007.06887552,True,icp_accepted,3185,1.0,0.06809235518455775,18.08037298906129,8.095669996691868,5.839904013555497,2.8463670023484156,1,0,0,,,,,,,,,,,,,,local_map_fast,False,12,7326,0,False,False,False,,,,inactive,,,,,,,,,,
front_end,4317007.172245184,True,icp_accepted,3160,1.0,0.07004236389483219,19.74920700013172,8.040706001338549,5.9115790063515306,2.2518000041600317,1,0,0,,,,,,,,,,,,,,local_map_fast,False,12,7326,0,False,False,False,,,,inactive,,,,,,,,,,
front_end,4317007.26902672,True,icp_accepted,3215,1.0,0.06782635296697664,17.474032996688038,7.518475991673768,5.447037998237647,2.54445499740541,1,0,0,,,,,,,,,,,,,,local_map_fast,False,12,7326,0,False,False,False,,,,inactive,,,,,,,,,,
front_end,4317007.368931872,True,icp_accepted,3071,1.0,0.06699533312289838,19.230513004004024,7.552260009106249,5.454142010421492,3.5294519911985844,1,0,0,,,,,,,,,,,,,,local_map_fast,False,12,7326,0,False,False,False,,,,inactive,,,,,,,,,,
front_end,4317007.4680584,True,icp_accepted,3119,1.0,0.06880796465249289,16.826295002829283,7.304330007173121,5.239225007244386,2.55542500235606,1,0,0,,,,,,,,,,,,,,local_map_fast,False,12,7326,0,False,False,False,,,,inactive,,,,,,,,,,
front_end,4317007.568964128,True,icp_accepted,3143,1.0,0.06856709864830654,17.775544998585247,7.675454005948268,5.62483498652,2.444173995172605,1,0,0,,,,,,,,,,,,,,local_map_fast,False,12,7326,0,False,False,False,,,,inactive,,,,,,,,,,
front_end,4317007.668876256,True,icp_accepted,3069,1.0,0.06825654734345502,17.84190999751445,7.413066006847657,5.21898599981796,2.8162699891254306,1,0,0,,,,,,,,,,,,,,local_map_fast,False,12,7326,0,False,False,False,,,,inactive,,,,,,,,,,
front_end,4317007.768879392,True,icp_accepted,3151,1.0,0.0700581330554815,23.563629991258495,12.977777994819917,10.246478996123187,2.9968419985380024,1,0,0,,,,,,,,,,,,,,local_map_fast,False,12,7326,0,False,False,False,,,,inactive,,,,,,,,,,
front_end,4317007.869004928,True,icp_accepted,3047,1.0,0.07193639235209769,17.728225007886067,7.542381004896015,5.451446995721199,2.9518369992729276,1,0,0,,,,,,,,,,,,,,local_map_fast,False,12,7326,0,False,False,False,,,,inactive,,,,,,,,,,
front_end,4317007.968918752,True,icp_accepted,3126,1.0,0.07589946469670611,17.81954799662344,7.964691991219297,5.868377003935166,2.5948099937522784,1,0,0,,,,,,,,,,,,,,local_map_fast,False,12,7326,0,False,False,False,,,,inactive,,,,,,,,,,
front_end,4317008.068029344,True,icp_accepted,3062,1.0,0.07751705602679357,17.133296001702547,7.4567980045685545,5.379129011998884,2.3540039983345196,1,0,0,,,,,,,,,,,,,,local_map_fast,False,12,7326,0,False,False,False,,,,inactive,,,,,,,,,,
front_end,4317008.169062368,True,icp_accepted,3000,1.0,0.08466524951746215,18.72323200223036,7.894459005910903,5.790750001324341,2.846276998752728,1,0,0,,,,,,,,,,,,,,local_map_fast,False,12,7326,0,False,False,False,,,,inactive,,,,,,,,,,
front_end,4317008.26883328,True,icp_accepted,2988,1.0,0.08531113366414089,17.571577001945116,7.416773005388677,5.405899995821528,2.5635210040491074,1,0,0,,,,,,,,,,,,,,local_map_fast,False,12,7326,0,False,False,False,,,,inactive,,,,,,,,,,
front_end,4317008.368106112,True,icp_accepted,2896,1.0,0.0865606807167505,17.545407987199724,7.592786991153844,5.487925998750143,2.388267996138893,1,0,0,,,,,,,,,,,,,,local_map_fast,False,12,7326,0,False,False,False,,,,inactive,,,,,,,,,,
front_end,4317008.469002528,True,icp_accepted,3056,1.0,0.08901394106245962,17.966055005672388,7.703035997110419,5.647037993185222,2.746978003415279,1,0,0,,,,,,,,,,,,,,local_map_fast,False,12,7326,0,False,False,False,,,,inactive,,,,,,,,,,
front_end,4317008.568825248,True,icp_accepted,2987,1.0,0.0910665148150129,20.543573002214544,7.860775003791787,5.448441006592475,3.0319090001285076,1,0,0,,,,,,,,,,,,,,local_map_fast,True,12,7216,0,False,False,False,,,,inactive,,,,,,,,,,
front_end,4317008.668850752,True,icp_accepted,3020,1.0,0.06549028180197995,24.412828002823517,7.7240349928615615,5.675531996530481,2.844664006261155,1,0,0,,,,,,,,,,,,,,local_map_fast,False,12,7216,0,False,False,False,,,,inactive,,,,,,,,,,
front_end,4317008.768010208,True,icp_accepted,3064,1.0,0.06704129001650219,42.270899008144625,13.213573998655193,10.427731991512701,9.965314995497465,1,0,0,,,,,,,,,,,,,,local_map_fast,True,12,7034,0,False,False,False,,,,inactive,,,,,,,,,,
front_end,4317008.868876864,True,icp_accepted,3017,1.0,0.06346294290152225,36.93227699841373,18.318973990972154,11.361312004737556,4.0741150005487725,1,0,0,,,,,,,,,,,,,,local_map_fast,False,12,7034,0,False,False,False,,,,inactive,,,,,,,,,,
front_end,4317008.968014336,True,icp_accepted,3014,1.0,0.06814873425119021,30.18402200541459,13.937416995759122,11.483424008474685,4.993718001060188,1,0,0,,,,,,,,,,,,,,local_map_fast,False,12,7034,0,False,False,False,,,,inactive,,,,,,,,,,
optimized_backend,,,,,,,,,,,,,,,,,,,,,,,,,,,,,,,,,,,,,,,,,139,218,80,,,,pose_graph,True
front_end,4317009.068936768,True,icp_accepted,2944,1.0,0.0670407571468691,29.760769000859,7.880962992203422,5.72913300129585,3.089398000156507,1,0,0,,,,,,,,,,,,,,local_map_fast,True,12,6913,0,False,False,False,,,,inactive,,,,,,,,,,
front_end,4317009.16892656,True,icp_accepted,2973,1.0,0.06791848041239805,47.93712199898437,14.071149998926558,10.935625003185123,12.965743997483514,1,0,0,,,,,,,,,,,,,,local_map_fast,False,12,6913,0,False,False,False,,,,inactive,,,,,,,,,,
front_end,4317009.267958592,True,icp_accepted,2867,1.0,0.07525582419078544,38.71100799005944,12.520067990408279,9.665846999268979,6.163655998534523,1,0,0,,,,,,,,,,,,,,local_map_fast,True,12,6798,0,False,False,False,,,,inactive,,,,,,,,,,
optimized_backend,,,,,,,,,,,,,,,,,,,,,,,,,,,,,,,,,,,,,,,,,140,220,81,,,,pose_graph,True
front_end,4317009.368969504,True,icp_accepted,2842,1.0,0.06133806855436894,30.64443300536368,11.570768998353742,8.822108007734641,2.5824769982136786,1,0,0,,,,,,,,,,,,,,local_map_fast,False,12,6798,0,False,False,False,,,,inactive,,,,,,,,,,
front_end,4317009.46884432,True,icp_accepted,2887,1.0,0.0645557853675351,44.93707400979474,15.37042400741484,11.848063993966207,12.45979400118813,1,0,0,,,,,,,,,,,,,,local_map_fast,True,12,6653,0,False,False,False,,,,inactive,,,,,,,,,,
front_end,4317009.56803328,True,icp_accepted,2908,1.0,0.06265134830184084,35.28311899572145,11.699131995555945,9.211685988702811,8.52627599670086,1,0,0,,,,,,,,,,,,,,local_map_fast,False,12,6653,0,False,False,False,,,,inactive,,,,,,,,,,
front_end,4317009.668892992,True,icp_accepted,2910,1.0,0.06165283734679214,36.46984900115058,14.909799996530637,11.708940990502015,6.533658000989817,1,0,0,,,,,,,,,,,,,,local_map_fast,True,12,6493,0,False,False,False,,,,inactive,,,,,,,,,,
optimized_backend,,,,,,,,,,,,,,,,,,,,,,,,,,,,,,,,,,,,,,,,,141,222,82,,,,pose_graph,True
front_end,4317009.768921952,True,icp_accepted,2811,1.0,0.06020039873344817,32.04554998956155,8.736944990232587,6.076852005207911,11.784954986069351,1,0,0,,,,,,,,,,,,,,local_map_fast,False,12,6493,0,False,False,False,,,,inactive,,,,,,,,,,
front_end,4317009.86878144,True,icp_accepted,2763,0.9996380745566413,0.06112597099158239,35.06412300339434,14.016255008755252,11.602469006902538,5.596390998107381,1,0,0,,,,,,,,,,,,,,local_map_fast,True,12,6271,0,False,False,False,,,,inactive,,,,,,,,,,
front_end,4317009.967954944,True,icp_accepted,2720,1.0,0.05925295775106036,36.020045998157,15.66625401028432,13.244251007563435,5.675972002791241,1,0,0,,,,,,,,,,,,,,local_map_fast,False,12,6271,0,False,False,False,,,,inactive,,,,,,,,,,
front_end,4317010.068833568,True,icp_accepted,2691,1.0,0.06388893071297537,38.93877999507822,10.260704992106184,7.8629789932165295,10.38504000462126,1,0,0,,,,,,,,,,,,,,local_map_fast,True,12,6217,0,False,False,False,,,,inactive,,,,,,,,,,
optimized_backend,,,,,,,,,,,,,,,,,,,,,,,,,,,,,,,,,,,,,,,,,142,224,83,,,,pose_graph,True
front_end,4317010.169004128,True,icp_accepted,2747,1.0,0.0670013732536431,33.2995380013017,10.340847002225928,7.575042996904813,9.576016993378289,1,0,0,,,,,,,,,,,,,,local_map_fast,False,12,6217,0,False,False,False,,,,inactive,,,,,,,,,,
front_end,4317010.268868128,True,icp_accepted,2657,1.0,0.06730176377118227,41.22577499947511,19.72759400086943,16.274927998892963,6.452344008721411,1,0,0,,,,,,,,,,,,,,local_map_fast,True,12,6105,0,False,False,False,,,,inactive,,,,,,,,,,
front_end,4317010.368823616,True,icp_accepted,2726,1.0,0.060226854412033966,35.28588300105184,13.370850996579975,10.205270009464584,6.070348987122998,1,0,0,,,,,,,,,,,,,,local_map_fast,False,12,6105,0,False,False,False,,,,inactive,,,,,,,,,,
front_end,4317010.467986464,True,icp_accepted,2658,1.0,0.06130142238108415,25.46576400345657,10.928489995421842,8.198374998755753,3.378845998668112,1,0,0,,,,,,,,,,,,,,local_map_fast,True,12,5850,0,False,False,False,,,,inactive,,,,,,,,,,
optimized_backend,,,,,,,,,,,,,,,,,,,,,,,,,,,,,,,,,,,,,,,,,143,226,84,,,,pose_graph,True
front_end,4317010.567943104,True,icp_accepted,2825,1.0,0.058077645290743045,31.974664991139434,10.728330991696566,7.77029299933929,7.16261999332346,1,0,0,,,,,,,,,,,,,,local_map_fast,False,12,5850,0,False,False,False,,,,inactive,,,,,,,,,,
front_end,4317010.668847744,True,icp_accepted,2784,1.0,0.06094825239251869,32.540738000534475,11.994722008239478,9.662229989771731,8.853607010678388,1,0,0,,,,,,,,,,,,,,local_map_fast,True,12,5628,0,False,False,False,,,,inactive,,,,,,,,,,
front_end,4317010.767953408,True,icp_accepted,2831,1.0,0.059047611204232076,24.419279987341724,9.832443000050262,7.038625000859611,4.749325002194382,1,0,0,,,,,,,,,,,,,,local_map_fast,False,12,5628,0,False,False,False,,,,inactive,,,,,,,,,,
front_end,4317010.868824032,True,icp_accepted,2873,1.0,0.0595749803071237,29.114031000062823,11.230372998397797,8.80737901024986,8.61568600521423,1,0,0,,,,,,,,,,,,,,local_map_fast,False,12,5628,0,False,False,False,,,,inactive,,,,,,,,,,
optimized_backend,,,,,,,,,,,,,,,,,,,,,,,,,,,,,,,,,,,,,,,,,144,228,85,,,,pose_graph,True
front_end,4317010.968796352,True,icp_accepted,2805,1.0,0.058740729311958895,37.15823299717158,11.767771997256204,9.235139994416386,7.5424410024425015,1,0,0,,,,,,,,,,,,,,local_map_fast,True,12,5368,0,False,False,False,,,,inactive,,,,,,,,,,
front_end,4317011.068961632,True,icp_accepted,2898,1.0,0.05818637179668221,30.40171301108785,12.39789700775873,10.075593992951326,4.744425998069346,1,0,0,,,,,,,,,,,,,,local_map_fast,False,12,5368,0,False,False,False,,,,inactive,,,,,,,,,,
front_end,4317011.16885056,True,icp_accepted,2893,1.0,0.06186239144936862,34.73768300318625,11.13756699487567,8.003004011698067,9.806513000512496,1,0,0,,,,,,,,,,,,,,local_map_fast,False,12,5368,0,False,False,False,,,,inactive,,,,,,,,,,
front_end,4317011.268847136,True,icp_accepted,2855,1.0,0.058342850833141766,23.704583989456296,11.166040989337489,8.729941997444257,4.0350499912165105,1,0,0,,,,,,,,,,,,,,local_map_fast,False,12,5368,0,False,False,False,,,,inactive,,,,,,,,,,
optimized_backend,,,,,,,,,,,,,,,,,,,,,,,,,,,,,,,,,,,,,,,,,145,230,86,,,,pose_graph,True
front_end,4317011.367892704,True,icp_accepted,2803,1.0,0.05851625301093538,32.41598099702969,11.247075002756901,8.281371992779896,7.497635000618175,1,0,0,,,,,,,,,,,,,,local_map_fast,False,12,5368,0,False,False,False,,,,inactive,,,,,,,,,,
front_end,4317011.468853408,True,icp_accepted,2844,1.0,0.057992147449843656,34.814568993169814,11.605403997236863,9.227095011738129,10.59725199593231,1,0,0,,,,,,,,,,,,,,local_map_fast,False,12,5368,0,False,False,False,,,,inactive,,,,,,,,,,
front_end,4317011.568121248,True,icp_accepted,2931,1.0,0.05847609757217937,35.82451299007516,10.000951995607466,7.640096009708941,12.135048003983684,1,0,0,,,,,,,,,,,,,,local_map_fast,False,12,5368,0,False,False,False,,,,inactive,,,,,,,,,,
front_end,4317011.668977344,True,icp_accepted,2878,1.0,0.06297165872972742,22.972275008214638,9.798237006179988,6.517767003970221,2.9987760062795132,1,0,0,,,,,,,,,,,,,,local_map_fast,False,12,5368,0,False,False,False,,,,inactive,,,,,,,,,,
optimized_backend,,,,,,,,,,,,,,,,,,,,,,,,,,,,,,,,,,,,,,,,,146,232,87,,,,pose_graph,True
front_end,4317011.76882368,True,icp_accepted,2886,1.0,0.06665898428904227,18.791057998896576,8.138570992741734,5.723861992009915,2.6829370035557076,1,0,0,,,,,,,,,,,,,,local_map_fast,False,12,5368,0,False,False,False,,,,inactive,,,,,,,,,,
front_end,4317011.868761952,True,icp_accepted,2816,1.0,0.07421805837671755,17.80172300641425,8.491801010677591,5.910566003876738,2.1692629961762577,1,0,0,,,,,,,,,,,,,,local_map_fast,False,12,5368,0,False,False,False,,,,inactive,,,,,,,,,,
front_end,4317011.968944896,True,icp_accepted,2940,1.0,0.08420047568125087,20.325477002188563,7.953249005367979,5.794115990283899,3.067185010877438,1,0,0,,,,,,,,,,,,,,local_map_fast,True,12,5392,0,False,False,False,,,,inactive,,,,,,,,,,
front_end,4317012.068918528,True,icp_accepted,2906,1.0,0.06144198087101305,16.29049600160215,7.271135997143574,5.274921000818722,1.9654570060083643,1,0,0,,,,,,,,,,,,,,local_map_fast,False,12,5392,0,False,False,False,,,,inactive,,,,,,,,,,
front_end,4317012.168827072,True,icp_accepted,2819,1.0,0.06357654082154278,16.76930399844423,7.416722000925802,5.395819986006245,1.9350289949215949,1,0,0,,,,,,,,,,,,,,local_map_fast,False,12,5392,0,False,False,False,,,,inactive,,,,,,,,,,
front_end,4317012.268935136,True,icp_accepted,2874,1.0,0.06104932600777904,17.34114899591077,7.553912000730634,5.522270002984442,2.4574589915573597,1,0,0,,,,,,,,,,,,,,local_map_fast,False,12,5392,0,False,False,False,,,,inactive,,,,,,,,,,
front_end,4317012.3688632,True,icp_accepted,2741,1.0,0.06065543539462149,19.561648994567804,7.669491998967715,5.661182993208058,2.151349006453529,1,0,0,,,,,,,,,,,,,,local_map_fast,False,12,5392,0,False,False,False,,,,inactive,,,,,,,,,,
front_end,4317012.468738048,True,icp_accepted,2739,1.0,0.06039397768819681,40.28292499424424,16.79462200263515,14.179293008055538,11.51162500900682,1,0,0,,,,,,,,,,,,,,local_map_fast,True,12,5214,0,False,False,False,,,,inactive,,,,,,,,,,
front_end,4317012.568953664,True,icp_accepted,2684,1.0,0.05827651638070843,27.14161000039894,11.76255200698506,9.421062000910752,5.217432000790723,1,0,0,,,,,,,,,,,,,,local_map_fast,False,12,5214,0,False,False,False,,,,inactive,,,,,,,,,,
front_end,4317012.668814944,True,icp_accepted,2686,1.0,0.058161943342012155,27.61012699920684,10.918411004240625,8.425624007941224,7.192265999037772,1,0,0,,,,,,,,,,,,,,local_map_fast,False,12,5214,0,False,False,False,,,,inactive,,,,,,,,,,
front_end,4317012.768742496,True,icp_accepted,2739,1.0,0.05897423804655772,27.19757599697914,9.962037991499528,7.601281991810538,5.091102008009329,1,0,0,,,,,,,,,,,,,,local_map_fast,False,12,5214,0,False,False,False,,,,inactive,,,,,,,,,,
optimized_backend,,,,,,,,,,,,,,,,,,,,,,,,,,,,,,,,,,,,,,,,,147,234,88,,,,pose_graph,True
front_end,4317012.868861248,True,icp_accepted,2713,1.0,0.06036244363284037,18.970947989146225,8.5430369945243,6.19312199705746,2.2320019925246015,1,0,0,,,,,,,,,,,,,,local_map_fast,False,12,5214,0,False,False,False,,,,inactive,,,,,,,,,,
front_end,4317012.968856928,True,icp_accepted,2725,1.0,0.060095506163788746,18.413051002426073,8.573715997044928,5.907751008635387,1.6027189994929358,1,0,0,,,,,,,,,,,,,,local_map_fast,False,12,5214,0,False,False,False,,,,inactive,,,,,,,,,,
front_end,4317013.068750656,True,icp_accepted,2646,1.0,0.059837319581762013,17.3919139924692,7.833051000488922,5.783134998637252,1.6096420004032552,1,0,0,,,,,,,,,,,,,,local_map_fast,False,12,5214,0,False,False,False,,,,inactive,,,,,,,,,,
front_end,4317013.16875568,True,icp_accepted,2755,1.0,0.06057644703472968,16.41191600356251,7.642269003554247,5.567767002503388,1.5270849980879575,1,0,0,,,,,,,,,,,,,,local_map_fast,False,12,5214,0,False,False,False,,,,inactive,,,,,,,,,,
front_end,4317013.267879712,True,icp_accepted,2736,1.0,0.05918540539687627,21.606324997264892,11.722024995833635,9.074956004042178,2.55130699952133,1,0,0,,,,,,,,,,,,,,local_map_fast,False,12,5214,0,False,False,False,,,,inactive,,,,,,,,,,
front_end,4317013.36880592,True,icp_accepted,2608,1.0,0.05793758203235248,20.209406007779762,8.638158004032448,6.086378998588771,2.225228992756456,1,0,0,,,,,,,,,,,,,,local_map_fast,True,12,5092,0,False,False,False,,,,inactive,,,,,,,,,,
front_end,4317013.467884896,True,icp_accepted,2712,1.0,0.056885370130371295,20.076814005733468,11.080788011895493,8.476230999804102,1.8485449982108548,1,0,0,,,,,,,,,,,,,,local_map_fast,False,12,5092,0,False,False,False,,,,inactive,,,,,,,,,,
front_end,4317013.568888448,True,icp_accepted,2646,1.0,0.058175954531223484,15.993052002158947,7.148363001761027,5.163880996406078,1.6741639992687851,1,0,0,,,,,,,,,,,,,,local_map_fast,False,12,5092,0,False,False,False,,,,inactive,,,,,,,,,,
front_end,4317013.668703424,True,icp_accepted,2731,1.0,0.05938995620652994,19.093709997832775,7.6433909998741,5.236016993876547,2.4554349947720766,1,0,0,,,,,,,,,,,,,,local_map_fast,False,12,5092,0,False,False,False,,,,inactive,,,,,,,,,,
front_end,4317013.76789776,True,icp_accepted,2711,1.0,0.060882025000512166,19.19464200909715,8.1664130120771,5.952305989922024,2.3085470020305365,1,0,0,,,,,,,,,,,,,,local_map_fast,False,12,5092,0,False,False,False,,,,inactive,,,,,,,,,,
front_end,4317013.868857984,True,icp_accepted,2742,1.0,0.06227608328483479,17.738481008564122,8.12987300741952,5.930462997639552,2.161848999094218,1,0,0,,,,,,,,,,,,,,local_map_fast,False,12,5092,0,False,False,False,,,,inactive,,,,,,,,,,
front_end,4317013.968681952,True,icp_accepted,2710,1.0,0.06366861293629275,17.172117994050495,8.015135987079702,5.751133998273872,1.6970269934972748,1,0,0,,,,,,,,,,,,,,local_map_fast,False,12,5092,0,False,False,False,,,,inactive,,,,,,,,,,
front_end,4317014.067880416,True,icp_accepted,2633,1.0,0.0629916773347059,16.106126000522636,7.402574992738664,5.331217005732469,1.4433159958571196,1,0,0,,,,,,,,,,,,,,local_map_fast,False,12,5092,0,False,False,False,,,,inactive,,,,,,,,,,
front_end,4317014.167840384,True,icp_accepted,2731,1.0,0.06259164432603323,17.37620400672313,8.129492998705246,6.0656099958578125,1.9256410014349967,1,0,0,,,,,,,,,,,,,,local_map_fast,False,12,5092,0,False,False,False,,,,inactive,,,,,,,,,,
front_end,4317014.268759136,True,icp_accepted,2647,1.0,0.06486147947397382,18.24947899149265,7.5718459993368015,5.546546002733521,2.159975003451109,1,0,0,,,,,,,,,,,,,,local_map_fast,False,12,5092,0,False,False,False,,,,inactive,,,,,,,,,,
front_end,4317014.367908608,True,icp_accepted,2670,1.0,0.0674647011024651,18.04092401289381,7.789559007505886,5.729262004024349,1.803979990654625,1,0,0,,,,,,,,,,,,,,local_map_fast,False,12,5092,0,False,False,False,,,,inactive,,,,,,,,,,
front_end,4317014.468762432,True,icp_accepted,2683,1.0,0.0749560408246055,17.133844012278132,7.641087009687908,5.514194999705069,1.938454995979555,1,0,0,,,,,,,,,,,,,,local_map_fast,False,12,5092,0,False,False,False,,,,inactive,,,,,,,,,,
front_end,4317014.568993312,True,icp_accepted,2691,1.0,0.08584032757990989,16.42215500760358,7.28494199574925,5.305398997734301,2.0892509928671643,1,0,0,,,,,,,,,,,,,,local_map_fast,False,12,5092,0,False,False,False,,,,inactive,,,,,,,,,,
front_end,4317014.667943008,True,icp_accepted,2721,1.0,0.09513768075243664,16.850786996656097,7.480401996872388,5.412712009274401,1.7390770080965012,1,0,0,,,,,,,,,,,,,,local_map_fast,False,12,5092,0,False,False,False,,,,inactive,,,,,,,,,,
front_end,4317014.768764352,True,icp_accepted,2672,1.0,0.09352619449108113,21.10768800775986,7.549663001555018,5.4246439976850525,1.8329250015085563,1,0,0,,,,,,,,,,,,,,local_map_fast,False,12,5092,0,False,False,False,,,,inactive,,,,,,,,,,
front_end,4317014.868742208,True,icp_accepted,2747,1.0,0.09720968977781355,16.631331003736705,7.654933011508547,5.595808994257823,1.749707997078076,1,0,0,,,,,,,,,,,,,,local_map_fast,False,12,5092,0,False,False,False,,,,inactive,,,,,,,,,,
front_end,4317014.968687488,True,icp_accepted,2668,1.0,0.0950409372850779,16.367722011636943,7.439314009388909,5.4209079971769825,1.7764680087566376,1,0,0,,,,,,,,,,,,,,local_map_fast,False,12,5092,0,False,False,False,,,,inactive,,,,,,,,,,
front_end,4317015.067816448,True,icp_accepted,2695,1.0,0.1016751559853397,16.367891992558725,7.476935003069229,5.47910800378304,1.8608879909152165,1,0,0,,,,,,,,,,,,,,local_map_fast,False,12,5092,0,False,False,False,,,,inactive,,,,,,,,,,
front_end,4317015.168740416,True,icp_accepted,2675,1.0,0.0978222410173925,16.174104996025562,7.508896000217646,5.508724003448151,1.4281580079114065,1,0,0,,,,,,,,,,,,,,local_map_fast,False,12,5092,0,False,False,False,,,,inactive,,,,,,,,,,
front_end,4317015.268649312,True,icp_accepted,2718,1.0,0.09812947382779658,16.863530996488407,7.787975002429448,5.481802989379503,1.6145709960255772,1,0,0,,,,,,,,,,,,,,local_map_fast,False,12,5092,0,False,False,False,,,,inactive,,,,,,,,,,
front_end,4317015.368812576,True,icp_accepted,2767,1.0,0.10097878999229495,19.96202599548269,7.244153995998204,5.179169005714357,1.5777209919178858,1,0,0,,,,,,,,,,,,,,local_map_fast,False,12,5092,0,False,False,False,,,,inactive,,,,,,,,,,
front_end,4317015.468714464,True,icp_accepted,2712,1.0,0.09947638245933504,16.96555501257535,7.670892999158241,5.425865994766355,1.9113339949399233,1,0,0,,,,,,,,,,,,,,local_map_fast,False,12,5092,0,False,False,False,,,,inactive,,,,,,,,,,
front_end,4317015.568883072,True,icp_accepted,2743,1.0,0.1011529839760259,16.190424998058006,7.4423199985176325,5.389768004533835,1.7116550006903708,1,0,0,,,,,,,,,,,,,,local_map_fast,False,12,5092,0,False,False,False,,,,inactive,,,,,,,,,,
front_end,4317015.667808,True,icp_accepted,2716,1.0,0.10014695414004444,16.578341004787944,7.790901014232077,5.7334700104547665,1.5625829983036965,1,0,0,,,,,,,,,,,,,,local_map_fast,False,12,5092,0,False,False,False,,,,inactive,,,,,,,,,,
front_end,4317015.768745088,True,icp_accepted,2739,1.0,0.10006108597306884,17.784057010430843,8.218893010052852,6.014803002472036,2.111062000039965,1,0,0,,,,,,,,,,,,,,local_map_fast,False,12,5092,0,False,False,False,,,,inactive,,,,,,,,,,
front_end,4317015.868647232,True,icp_accepted,2703,1.0,0.09719274274631455,19.142461998853832,9.211212993250228,6.48735900176689,2.152390996343456,1,0,0,,,,,,,,,,,,,,local_map_fast,False,12,5092,0,False,False,False,,,,inactive,,,,,,,,,,
front_end,4317015.967838912,True,icp_accepted,2671,1.0,0.09845616241114778,22.74288798798807,7.237110999994911,5.249042005743831,2.170053994632326,1,0,0,,,,,,,,,,,,,,local_map_fast,False,12,5092,0,False,False,False,,,,inactive,,,,,,,,,,
front_end,4317016.068713952,True,icp_accepted,2778,1.0,0.1032417066818143,47.15276599745266,15.557364997221157,9.764803005964495,14.142362007987686,1,0,0,,,,,,,,,,,,,,local_map_fast,False,12,5092,0,False,False,False,,,,inactive,,,,,,,,,,
front_end,4317016.168630912,True,icp_accepted,2704,1.0,0.09542618234732567,44.450782996136695,15.762513008667156,12.060305001796223,6.430131004890427,1,0,0,,,,,,,,,,,,,,local_map_fast,False,12,5092,0,False,False,False,,,,inactive,,,,,,,,,,
front_end,4317016.26877136,True,icp_accepted,2768,1.0,0.10165787582623734,30.06645099958405,14.950152995879762,11.79177600715775,4.031663003843278,1,0,0,,,,,,,,,,,,,,local_map_fast,False,12,5092,0,False,False,False,,,,inactive,,,,,,,,,,
optimized_backend,,,,,,,,,,,,,,,,,,,,,,,,,,,,,,,,,,,,,,,,,148,236,89,,,,pose_graph,True
front_end,4317016.368863776,True,icp_accepted,2735,1.0,0.1019901646185354,21.568049996858463,9.563290994265117,6.677129000308923,2.119387994753197,1,0,0,,,,,,,,,,,,,,local_map_fast,False,12,5092,0,False,False,False,,,,inactive,,,,,,,,,,
front_end,4317016.468804992,True,icp_accepted,2793,1.0,0.10354303919281121,18.074065999826416,7.790350005961955,5.72476300294511,2.315880003152415,1,0,0,,,,,,,,,,,,,,local_map_fast,False,12,5092,0,False,False,False,,,,inactive,,,,,,,,,,
front_end,4317016.568785344,True,icp_accepted,2794,1.0,0.10189338544214657,18.135632999474183,7.784318004269153,5.623281002044678,1.7118459945777431,1,0,0,,,,,,,,,,,,,,local_map_fast,False,12,5092,0,False,False,False,,,,inactive,,,,,,,,,,
front_end,4317016.668617888,True,icp_accepted,2776,1.0,0.09932584539826259,17.246948002139106,8.054701000219211,6.022278001182713,1.7908550071297213,1,0,0,,,,,,,,,,,,,,local_map_fast,False,12,5092,0,False,False,False,,,,inactive,,,,,,,,,,
front_end,4317016.768822368,True,icp_accepted,2815,1.0,0.10342393482581809,17.33240000612568,8.539520000340417,6.190617001266219,1.5483759925700724,1,0,0,,,,,,,,,,,,,,local_map_fast,False,12,5092,0,False,False,False,,,,inactive,,,,,,,,,,
front_end,4317016.86869888,True,icp_accepted,2789,1.0,0.09719192039737516,17.19602099910844,7.508726004743949,5.4627270001219586,2.1394959912868217,1,0,0,,,,,,,,,,,,,,local_map_fast,False,12,5092,0,False,False,False,,,,inactive,,,,,,,,,,
front_end,4317016.968602336,True,icp_accepted,2899,1.0,0.10910781519158733,17.446526006096974,7.705438998527825,5.612430002656765,2.144765996490605,1,0,0,,,,,,,,,,,,,,local_map_fast,False,12,5092,0,False,False,False,,,,inactive,,,,,,,,,,
front_end,4317017.068859424,True,icp_accepted,2812,1.0,0.10334651366398759,18.030042003374547,7.814183991285972,5.620815994916484,1.973973005078733,1,0,0,,,,,,,,,,,,,,local_map_fast,False,12,5092,0,False,False,False,,,,inactive,,,,,,,,,,
front_end,4317017.168742176,True,icp_accepted,2694,1.0,0.09556117505987434,22.759667990612797,8.150000998284668,5.690378005965613,2.4262090009870008,1,0,0,,,,,,,,,,,,,,local_map_fast,True,12,5205,0,False,False,False,,,,inactive,,,,,,,,,,
front_end,4317017.267917888,True,icp_accepted,2777,1.0,0.06595627728213593,19.27054401312489,9.561056009260938,7.332792010856792,1.989833006518893,1,0,0,,,,,,,,,,,,,,local_map_fast,False,12,5205,0,False,False,False,,,,inactive,,,,,,,,,,
front_end,4317017.368810496,True,icp_accepted,2721,1.0,0.0712734188859646,16.524578008102253,7.382586001767777,5.313573012244888,1.8626420060172677,1,0,0,,,,,,,,,,,,,,local_map_fast,False,12,5205,0,False,False,False,,,,inactive,,,,,,,,,,
front_end,4317017.46867664,True,icp_accepted,2789,1.0,0.07493445720171478,17.01473700813949,7.907702005468309,5.74489199789241,1.7379249911755323,1,0,0,,,,,,,,,,,,,,local_map_fast,False,12,5205,0,False,False,False,,,,inactive,,,,,,,,,,
front_end,4317017.568864256,True,icp_accepted,2755,1.0,0.06839919714419218,17.281161999562755,8.005456998944283,5.961251008557156,1.9214720086893067,1,0,0,,,,,,,,,,,,,,local_map_fast,False,12,5205,0,False,False,False,,,,inactive,,,,,,,,,,
front_end,4317017.668840128,True,icp_accepted,2726,1.0,0.07040157909194836,16.822843012050726,7.399047011858784,5.342368996934965,1.9745839963434264,1,0,0,,,,,,,,,,,,,,local_map_fast,False,12,5205,0,False,False,False,,,,inactive,,,,,,,,,,
front_end,4317017.768727104,True,icp_accepted,2779,1.0,0.06849943429112561,16.56169800844509,7.270884001627564,5.2702510001836345,2.1481320000020787,1,0,0,,,,,,,,,,,,,,local_map_fast,False,12,5205,0,False,False,False,,,,inactive,,,,,,,,,,
front_end,4317017.868643008,True,icp_accepted,2783,1.0,0.07200695094707461,17.420957010472193,7.622700999490917,5.538209996302612,2.246870004455559,1,0,0,,,,,,,,,,,,,,local_map_fast,False,12,5205,0,False,False,False,,,,inactive,,,,,,,,,,
front_end,4317017.968747808,True,icp_accepted,2758,1.0,0.0725672121336052,18.10673699947074,8.028620999539271,5.976379994535819,2.4969740043161437,1,0,0,,,,,,,,,,,,,,local_map_fast,False,12,5205,0,False,False,False,,,,inactive,,,,,,,,,,
front_end,4317018.068738464,True,icp_accepted,2725,1.0,0.07413412210347657,17.264780995901674,7.565252992208116,5.503863998455927,2.623472988489084,1,0,0,,,,,,,,,,,,,,local_map_fast,False,12,5205,0,False,False,False,,,,inactive,,,,,,,,,,
front_end,4317018.168629088,True,icp_accepted,2761,1.0,0.07020689209180433,17.425434998585843,7.907059989520349,5.6017400056589395,2.3273529950529337,1,0,0,,,,,,,,,,,,,,local_map_fast,False,12,5205,0,False,False,False,,,,inactive,,,,,,,,,,
front_end,4317018.268793984,True,icp_accepted,2720,1.0,0.07434039599743328,16.92774200637359,7.259952995809726,5.217430996708572,2.3853619932197034,1,0,0,,,,,,,,,,,,,,local_map_fast,False,12,5205,0,False,False,False,,,,inactive,,,,,,,,,,
front_end,4317018.36869296,True,icp_accepted,2693,1.0,0.07946853787284715,16.200072001083754,6.8762159935431555,4.813084000488743,1.7936810036189854,1,0,0,,,,,,,,,,,,,,local_map_fast,False,12,5205,0,False,False,False,,,,inactive,,,,,,,,,,
front_end,4317018.46879376,True,icp_accepted,2693,1.0,0.07783379182986695,16.158141996129416,7.344653000473045,5.337750000762753,1.4665310009149835,1,0,0,,,,,,,,,,,,,,local_map_fast,False,12,5205,0,False,False,False,,,,inactive,,,,,,,,,,
front_end,4317018.56878736,True,icp_accepted,2668,1.0,0.08499066770105607,16.88202499644831,7.604946993524209,5.443189002107829,2.164192992495373,1,0,0,,,,,,,,,,,,,,local_map_fast,False,12,5205,0,False,False,False,,,,inactive,,,,,,,,,,
front_end,4317018.66862976,True,icp_accepted,2733,1.0,0.08040787481967457,17.363227001624182,7.663707991014235,5.372004001401365,2.1912040101597086,1,0,0,,,,,,,,,,,,,,local_map_fast,False,12,5205,0,False,False,False,,,,inactive,,,,,,,,,,
front_end,4317018.768572704,True,icp_accepted,2678,1.0,0.07593182277785063,16.60785501007922,7.731357007287443,5.63652599521447,1.6916570020839572,1,0,0,,,,,,,,,,,,,,local_map_fast,False,12,5205,0,False,False,False,,,,inactive,,,,,,,,,,
front_end,4317018.868682272,True,icp_accepted,2739,1.0,0.08656900933694152,17.426577003789134,7.896128998254426,5.793472999357618,1.8662479997146875,1,0,0,,,,,,,,,,,,,,local_map_fast,False,12,5205,0,False,False,False,,,,inactive,,,,,,,,,,
front_end,4317018.968891776,True,icp_accepted,2729,1.0,0.09282405677482503,16.938302011112683,7.083449003403075,4.970754001988098,2.5232339976355433,1,0,0,,,,,,,,,,,,,,local_map_fast,False,12,5205,0,False,False,False,,,,inactive,,,,,,,,,,
front_end,4317019.068844448,True,icp_accepted,2644,1.0,0.09186304134433722,22.31524500530213,9.618315001716837,7.180814005550928,2.7164700004504994,1,0,0,,,,,,,,,,,,,,local_map_fast,True,12,5375,0,False,False,False,,,,inactive,,,,,,,,,,
front_end,4317019.168765568,True,icp_accepted,2801,1.0,0.06669517519959496,17.908922003698535,7.98417700571008,5.527529006940313,1.9403390033403412,1,0,0,,,,,,,,,,,,,,local_map_fast,False,12,5375,0,False,False,False,,,,inactive,,,,,,,,,,
front_end,4317019.268614784,True,icp_accepted,2696,1.0,0.07120994054226361,17.55549100926146,7.862195008783601,5.773634999059141,2.322593005374074,1,0,0,,,,,,,,,,,,,,local_map_fast,False,12,5375,0,False,False,False,,,,inactive,,,,,,,,,,
front_end,4317019.368804768,True,icp_accepted,2721,1.0,0.07120329402017603,16.442581996670924,7.362588003161363,5.313643996487372,1.9250490004196763,1,0,0,,,,,,,,,,,,,,local_map_fast,False,12,5375,0,False,False,False,,,,inactive,,,,,,,,,,
front_end,4317019.468663488,True,icp_accepted,2658,1.0,0.06619210136442327,16.874389999429695,7.73239899717737,5.625905003398657,1.8337060027988628,1,0,0,,,,,,,,,,,,,,local_map_fast,False,12,5375,0,False,False,False,,,,inactive,,,,,,,,,,
front_end,4317019.568873632,True,icp_accepted,2761,1.0,0.06955299099392545,16.45919299335219,7.370202991296537,5.378175992518663,1.668212004005909,1,0,0,,,,,,,,,,,,,,local_map_fast,False,12,5375,0,False,False,False,,,,inactive,,,,,,,,,,
front_end,4317019.668767136,True,icp_accepted,2702,1.0,0.068870219514296,17.85567999468185,8.652732998598367,5.967564007733017,1.870947002316825,1,0,0,,,,,,,,,,,,,,local_map_fast,False,12,5375,0,False,False,False,,,,inactive,,,,,,,,,,
front_end,4317019.7687456,True,icp_accepted,2682,1.0,0.06303718156217701,19.365442989510484,10.163999002543278,7.771953998599201,1.8735719932010397,1,0,0,,,,,,,,,,,,,,local_map_fast,False,12,5375,0,False,False,False,,,,inactive,,,,,,,,,,
front_end,4317019.86865792,True,icp_accepted,2776,1.0,0.0651149195598852,16.516571995452978,7.507022004574537,5.391942002461292,1.5688839921494946,1,0,0,,,,,,,,,,,,,,local_map_fast,False,12,5375,0,False,False,False,,,,inactive,,,,,,,,,,
front_end,4317019.9688008,True,icp_accepted,2715,1.0,0.06808883603547426,16.41809500870295,7.387595003820024,5.391241007600911,2.005412010475993,1,0,0,,,,,,,,,,,,,,local_map_fast,False,12,5375,0,False,False,False,,,,inactive,,,,,,,,,,
front_end,4317020.06873696,True,icp_accepted,2828,1.0,0.06815111339428923,16.664721988490783,7.283226994331926,5.245293999905698,1.5528929943684489,1,0,0,,,,,,,,,,,,,,local_map_fast,False,12,5375,0,False,False,False,,,,inactive,,,,,,,,,,
front_end,4317020.168620512,True,icp_accepted,2679,1.0,0.06297965281316581,16.178179997950792,7.080602998030372,5.026318991440348,1.8692130106501281,1,0,0,,,,,,,,,,,,,,local_map_fast,False,12,5375,0,False,False,False,,,,inactive,,,,,,,,,,
front_end,4317020.268748832,True,icp_accepted,2799,1.0,0.07044920627631242,19.996367002022453,7.663106996915303,5.574208000325598,2.532450991566293,1,0,0,,,,,,,,,,,,,,local_map_fast,False,12,5375,0,False,False,False,,,,inactive,,,,,,,,,,
front_end,4317020.368756512,True,icp_accepted,2779,1.0,0.07569731792049667,39.2087200016249,15.069287997903302,12.010389007627964,12.993152005947195,1,0,0,,,,,,,,,,,,,,local_map_fast,False,12,5375,0,False,False,False,,,,inactive,,,,,,,,,,
front_end,4317020.4686496,True,icp_accepted,2674,1.0,0.07811439946210781,32.02517100726254,11.265526001807302,8.646902002510615,9.193207995849662,1,0,0,,,,,,,,,,,,,,local_map_fast,False,12,5375,0,False,False,False,,,,inactive,,,,,,,,,,
front_end,4317020.568782112,True,icp_accepted,2738,1.0,0.08595956171992887,27.78233800199814,10.790196000016294,8.337486011441797,6.5401180036133155,1,0,0,,,,,,,,,,,,,,local_map_fast,False,12,5375,0,False,False,False,,,,inactive,,,,,,,,,,
optimized_backend,,,,,,,,,,,,,,,,,,,,,,,,,,,,,,,,,,,,,,,,,149,238,90,,,,pose_graph,True
front_end,4317020.668767712,True,icp_accepted,2795,1.0,0.08639452472166229,21.474360008141957,9.074203000636771,6.208700011484325,3.045122997718863,1,0,0,,,,,,,,,,,,,,local_map_fast,False,12,5375,0,False,False,False,,,,inactive,,,,,,,,,,
front_end,4317020.768887648,True,icp_accepted,2851,1.0,0.08400452484324845,18.852279012207873,7.2477799985790625,4.933942997013219,2.218174995505251,1,0,0,,,,,,,,,,,,,,local_map_fast,False,12,5375,0,False,False,False,,,,inactive,,,,,,,,,,
front_end,4317020.868768416,True,icp_accepted,2841,1.0,0.07329979627940204,22.990464000031352,11.824144996353425,9.027693988173269,3.4332689974689856,1,0,0,,,,,,,,,,,,,,local_map_fast,False,12,5375,0,False,False,False,,,,inactive,,,,,,,,,,
front_end,4317020.968713344,True,icp_accepted,2951,1.0,0.08209080853091033,17.21138900029473,7.572716000140645,5.3069809946464375,2.5702630082378164,1,0,0,,,,,,,,,,,,,,local_map_fast,False,12,5375,0,False,False,False,,,,inactive,,,,,,,,,,
front_end,4317021.068789664,True,icp_accepted,2890,1.0,0.07884300283008966,19.66900700062979,7.564320010715164,5.4216379940044135,2.9040549998171628,1,0,0,,,,,,,,,,,,,,local_map_fast,True,12,5478,0,False,False,False,,,,inactive,,,,,,,,,,
front_end,4317021.168728704,True,icp_accepted,2935,1.0,0.06795350562541581,17.58163998601958,7.496421996620484,5.346715988707729,2.8780860011465847,1,0,0,,,,,,,,,,,,,,local_map_fast,False,12,5478,0,False,False,False,,,,inactive,,,,,,,,,,
front_end,4317021.26871536,True,icp_accepted,2941,1.0,0.06873106587420115,23.621089014341123,8.433608003542759,5.972031009150669,2.160775999072939,1,0,0,,,,,,,,,,,,,,local_map_fast,False,12,5478,0,False,False,False,,,,inactive,,,,,,,,,,
front_end,4317021.368812064,True,icp_accepted,2951,1.0,0.06858565282399848,18.21424900845159,7.091423001838848,4.972366004949436,3.0031729984330013,1,0,0,,,,,,,,,,,,,,local_map_fast,False,12,5478,0,False,False,False,,,,inactive,,,,,,,,,,
front_end,4317021.46872,True,icp_accepted,3076,1.0,0.07222517173349145,17.261241999221966,7.344202007516287,5.286911997245625,2.7998279983876273,1,0,0,,,,,,,,,,,,,,local_map_fast,False,12,5478,0,False,False,False,,,,inactive,,,,,,,,,,
front_end,4317021.568728672,True,icp_accepted,2905,1.0,0.07182283114838485,17.531474004499614,7.484096990083344,5.480038991663605,2.584558998933062,1,0,0,,,,,,,,,,,,,,local_map_fast,False,12,5478,0,False,False,False,,,,inactive,,,,,,,,,,
front_end,4317021.66880544,True,icp_accepted,2999,1.0,0.07948431623017828,16.80807300726883,7.249503003549762,5.114706000313163,2.343772997846827,1,0,0,,,,,,,,,,,,,,local_map_fast,False,12,5478,0,False,False,False,,,,inactive,,,,,,,,,,
front_end,4317021.768718176,True,icp_accepted,2940,1.0,0.07859372998999688,20.48777899472043,7.611658991663717,5.436275998363271,2.63019600242842,1,0,0,,,,,,,,,,,,,,local_map_fast,True,12,5526,0,False,False,False,,,,inactive,,,,,,,,,,
front_end,4317021.868674816,True,icp_accepted,3035,1.0,0.06632822054057122,21.87577100994531,7.9468850017292425,5.751363001763821,3.102200003922917,1,0,0,,,,,,,,,,,,,,local_map_fast,False,12,5526,0,False,False,False,,,,inactive,,,,,,,,,,
front_end,4317021.968796768,True,icp_accepted,3145,1.0,0.06735237040250357,48.265967998304404,10.764635997475125,8.261251001385972,10.21388299704995,1,0,0,,,,,,,,,,,,,,local_map_fast,False,12,5526,0,False,False,False,,,,inactive,,,,,,,,,,
front_end,4317022.068708672,True,icp_accepted,2977,1.0,0.07155352222112292,38.86228200281039,13.907264001318254,9.919554999214597,4.670023001381196,1,0,0,,,,,,,,,,,,,,local_map_fast,False,12,5526,0,False,False,False,,,,inactive,,,,,,,,,,
front_end,4317022.168684896,True,icp_accepted,3084,1.0,0.07502718624846169,39.300712989643216,15.312698989873752,10.369187002652325,3.642305004177615,1,0,0,,,,,,,,,,,,,,local_map_fast,False,12,5526,0,False,False,False,,,,inactive,,,,,,,,,,
front_end,4317022.268788992,True,icp_accepted,3007,1.0,0.08271798626784083,25.985409985878505,13.317635995917954,10.326365998480469,3.128901997115463,1,0,0,,,,,,,,,,,,,,local_map_fast,False,12,5526,0,False,False,False,,,,inactive,,,,,,,,,,
optimized_backend,,,,,,,,,,,,,,,,,,,,,,,,,,,,,,,,,,,,,,,,,150,240,91,,,,pose_graph,True
front_end,4317022.36869872,True,icp_accepted,3026,1.0,0.08151935179795441,23.929032002342865,9.696341992821544,7.326669001486152,2.3265000054379925,1,0,0,,,,,,,,,,,,,,local_map_fast,True,12,5649,0,False,False,False,,,,inactive,,,,,,,,,,
front_end,4317022.468620128,True,icp_accepted,3052,1.0,0.06695066971144537,19.05151500250213,7.776832004310563,5.60645799851045,3.25669399171602,1,0,0,,,,,,,,,,,,,,local_map_fast,False,12,5649,0,False,False,False,,,,inactive,,,,,,,,,,
front_end,4317022.567911744,True,icp_accepted,2900,1.0,0.06979755788341442,19.648988993139938,7.254662996274419,5.2306460129329935,2.30509000539314,1,0,0,,,,,,,,,,,,,,local_map_fast,False,12,5649,0,False,False,False,,,,inactive,,,,,,,,,,
front_end,4317022.668683808,True,icp_accepted,3052,1.0,0.07337909564896437,18.71253299759701,8.778231000178494,5.992860998958349,1.9743320008274168,1,0,0,,,,,,,,,,,,,,local_map_fast,False,12,5649,0,False,False,False,,,,inactive,,,,,,,,,,
front_end,4317022.768661792,True,icp_accepted,2961,1.0,0.072267196462716,19.414954993408173,8.155260002240539,5.788914000731893,2.2229239984881133,1,0,0,,,,,,,,,,,,,,local_map_fast,False,12,5649,0,False,False,False,,,,inactive,,,,,,,,,,
front_end,4317022.868749952,True,icp_accepted,3067,0.9996739484838605,0.08051638157297382,17.998389012063853,7.933689004858024,5.705966003006324,2.4109200021484867,1,0,0,,,,,,,,,,,,,,local_map_fast,False,12,5649,0,False,False,False,,,,inactive,,,,,,,,,,
front_end,4317022.968683328,True,icp_accepted,3077,0.9993500162495937,0.09920316637430436,22.516082986840047,8.374895987799391,5.624793004244566,2.86014199082274,1,0,0,,,,,,,,,,,,,,local_map_fast,True,12,5870,0,False,False,False,,,,inactive,,,,,,,,,,
front_end,4317023.06866352,True,icp_accepted,3105,0.9996779388083736,0.07035425243833085,37.307332997443154,11.89335600065533,9.375403009471484,11.312083996017464,1,0,0,,,,,,,,,,,,,,local_map_fast,False,12,5870,0,False,False,False,,,,inactive,,,,,,,,,,
front_end,4317023.168765312,True,icp_accepted,3119,1.0,0.07653192912401646,45.53169300197624,10.993218995281495,8.137306009302847,13.457741995807737,1,0,0,,,,,,,,,,,,,,local_map_fast,False,12,5870,0,False,False,False,,,,inactive,,,,,,,,,,
front_end,4317023.268684192,True,icp_accepted,3008,1.0,0.07260023339044826,34.22235399193596,12.467573993490078,8.779181996942498,9.276094002416357,1,0,0,,,,,,,,,,,,,,local_map_fast,False,12,5870,0,False,False,False,,,,inactive,,,,,,,,,,
front_end,4317023.368673696,True,icp_accepted,2916,0.9996570644718793,0.07534519444825673,27.809046005131677,13.305533007951453,10.203722995356657,5.319835006957874,1,0,0,,,,,,,,,,,,,,local_map_fast,False,12,5870,0,False,False,False,,,,inactive,,,,,,,,,,
optimized_backend,,,,,,,,,,,,,,,,,,,,,,,,,,,,,,,,,,,,,,,,,151,242,92,,,,pose_graph,True
front_end,4317023.468809216,True,icp_accepted,3008,1.0,0.08239821394684933,22.48265899834223,10.727204993600026,8.161771998857148,3.21408300078474,1,0,0,,,,,,,,,,,,,,local_map_fast,False,12,5870,0,False,False,False,,,,inactive,,,,,,,,,,
front_end,4317023.568537088,True,icp_accepted,2814,1.0,0.08828020094035487,23.2778369972948,9.251306997612119,6.468932988354936,2.5012319965753704,1,0,0,,,,,,,,,,,,,,local_map_fast,True,12,6147,0,False,False,False,,,,inactive,,,,,,,,,,
front_end,4317023.668629792,True,icp_accepted,2800,1.0,0.0635115152149213,19.071262009674683,8.47066700225696,5.9482859942363575,2.577174993348308,1,0,0,,,,,,,,,,,,,,local_map_fast,False,12,6147,0,False,False,False,,,,inactive,,,,,,,,,,
front_end,4317023.76875104,True,icp_accepted,2829,1.0,0.07082667180719315,17.4883720028447,7.269360008649528,5.080500995973125,2.8405449993442744,1,0,0,,,,,,,,,,,,,,local_map_fast,False,12,6147,0,False,False,False,,,,inactive,,,,,,,,,,
front_end,4317023.868650752,True,icp_accepted,2830,0.9996466431095407,0.07209660124860061,20.468150993110612,8.711895003216341,6.101456005126238,3.0937350093154237,1,0,0,,,,,,,,,,,,,,local_map_fast,False,12,6147,0,False,False,False,,,,inactive,,,,,,,,,,
front_end,4317023.968550272,True,icp_accepted,2942,0.9979605710401088,0.07802162138202332,24.73413699772209,8.667400004924275,6.197959999553859,3.006889994139783,1,0,0,,,,,,,,,,,,,,local_map_fast,False,12,6147,0,False,False,False,,,,inactive,,,,,,,,,,
front_end,4317024.068798304,True,icp_accepted,2947,0.997624703087886,0.08567585639857891,37.27779600012582,12.012291001155972,9.016131996759214,11.408457008656114,1,0,0,,,,,,,,,,,,,,local_map_fast,True,12,6373,0,False,False,False,,,,inactive,,,,,,,,,,
front_end,4317024.168671744,True,icp_accepted,2956,1.0,0.06375667134920279,31.33166399493348,12.05118499638047,9.19132299895864,7.1245259896386415,1,0,0,,,,,,,,,,,,,,local_map_fast,False,12,6373,0,False,False,False,,,,inactive,,,,,,,,,,
front_end,4317024.268628512,True,icp_accepted,2927,1.0,0.06587682816893317,31.798447991604917,12.546493991976604,9.647708997363225,7.572143993456848,1,0,0,,,,,,,,,,,,,,local_map_fast,False,12,6373,0,False,False,False,,,,inactive,,,,,,,,,,
optimized_backend,,,,,,,,,,,,,,,,,,,,,,,,,,,,,,,,,,,,,,,,,152,244,93,,,,pose_graph,True
front_end,4317024.368822368,True,icp_accepted,2932,1.0,0.07151938968384684,21.999322998453863,7.942816999275237,5.6056059984257445,4.260496003553271,1,0,0,,,,,,,,,,,,,,local_map_fast,False,12,6373,0,False,False,False,,,,inactive,,,,,,,,,,
front_end,4317024.46873232,True,icp_accepted,2910,1.0,0.07979919095694432,20.244785991963,8.907594994525425,6.101727005443536,2.9571250051958486,1,0,0,,,,,,,,,,,,,,local_map_fast,False,12,6373,0,False,False,False,,,,inactive,,,,,,,,,,
front_end,4317024.568467584,True,icp_accepted,2900,1.0,0.07710391384941223,19.889313000021502,7.584698003483936,5.506057001184672,2.7545820048544556,1,0,0,,,,,,,,,,,,,,local_map_fast,True,12,6501,0,False,False,False,,,,inactive,,,,,,,,,,
front_end,4317024.668747648,True,icp_accepted,2795,1.0,0.06370057784524479,19.997527007944882,8.783819997915998,6.542671995703131,2.6535200013313442,1,0,0,,,,,,,,,,,,,,local_map_fast,False,12,6501,0,False,False,False,,,,inactive,,,,,,,,,,
front_end,4317024.768663488,True,icp_accepted,2922,1.0,0.06745615495467716,18.705328009673394,7.557987002655864,5.362755997339264,2.895849000196904,1,0,0,,,,,,,,,,,,,,local_map_fast,False,12,6501,0,False,False,False,,,,inactive,,,,,,,,,,
front_end,4317024.868771744,True,icp_accepted,2964,1.0,0.08952877292488723,19.31439299369231,8.225963989389129,5.560479999985546,3.0728349956916645,1,0,0,,,,,,,,,,,,,,local_map_fast,False,12,6501,0,False,False,False,,,,inactive,,,,,,,,,,
front_end,4317024.968778496,True,icp_accepted,2887,1.0,0.1046229119134448,17.07287400495261,6.88023200200405,4.794077001861297,2.9757010051980615,1,0,0,,,,,,,,,,,,,,local_map_fast,False,12,6501,0,False,False,False,,,,inactive,,,,,,,,,,
front_end,4317025.068661696,True,icp_accepted,3021,1.0,0.11425476495220359,20.579921998432837,7.974015999934636,5.578113996307366,2.7358759980415925,1,0,0,,,,,,,,,,,,,,local_map_fast,False,12,6501,0,False,False,False,,,,inactive,,,,,,,,,,
front_end,4317025.168616672,True,icp_accepted,3010,0.9996677740863787,0.10696725276626806,41.78747300466057,15.767139004310593,12.687189999269322,11.758889988414012,1,0,0,,,,,,,,,,,,,,local_map_fast,True,12,6613,0,False,False,False,,,,inactive,,,,,,,,,,
front_end,4317025.268753632,True,icp_accepted,3003,1.0,0.06594538740405684,50.331728998571634,14.461533006397076,7.758077001199126,16.00242400309071,1,0,0,,,,,,,,,,,,,,local_map_fast,False,12,6613,0,False,False,False,,,,inactive,,,,,,,,,,
front_end,4317025.368654976,True,icp_accepted,2953,1.0,0.07072604528094728,45.42540799593553,20.58965999458451,16.194618001463823,11.056889008614235,1,0,0,,,,,,,,,,,,,,local_map_fast,False,12,6613,0,False,False,False,,,,inactive,,,,,,,,,,
optimized_backend,,,,,,,,,,,,,,,,,,,,,,,,,,,,,,,,,,,,,,,,,153,246,94,,,,pose_graph,True
front_end,4317025.46872784,True,icp_accepted,2962,1.0,0.07725577664302836,22.652790998108685,10.376019010436721,7.800496998243034,3.7122069916222245,1,0,0,,,,,,,,,,,,,,local_map_fast,False,12,6613,0,False,False,False,,,,inactive,,,,,,,,,,
front_end,4317025.568729984,True,icp_accepted,2984,1.0,0.08150247717040428,17.213419996551238,7.071856001857668,5.1154469983885065,2.939803001936525,1,0,0,,,,,,,,,,,,,,local_map_fast,False,12,6613,0,False,False,False,,,,inactive,,,,,,,,,,
front_end,4317025.668679584,True,icp_accepted,2924,1.0,0.0849412384756678,21.602990993415006,7.899183998233639,5.541284001083113,3.2128799939528108,1,0,0,,,,,,,,,,,,,,local_map_fast,True,12,6775,0,False,False,False,,,,inactive,,,,,,,,,,
front_end,4317025.768462368,True,icp_accepted,2916,1.0,0.06589488371254769,19.123710997519083,8.254276996012777,5.728128002374433,2.837919004377909,1,0,0,,,,,,,,,,,,,,local_map_fast,False,12,6775,0,False,False,False,,,,inactive,,,,,,,,,,
front_end,4317025.868772032,True,icp_accepted,2979,1.0,0.0699338804971093,20.75350000814069,9.834893004153855,7.368668011622503,3.3623229974182323,1,0,0,,,,,,,,,,,,,,local_map_fast,False,12,6775,0,False,False,False,,,,inactive,,,,,,,,,,
front_end,4317025.968630784,True,icp_accepted,3042,0.9990138067061144,0.08219349029943862,18.630635997396894,7.625465004821308,5.37749299837742,2.964558996609412,1,0,0,,,,,,,,,,,,,,local_map_fast,False,12,6775,0,False,False,False,,,,inactive,,,,,,,,,,
front_end,4317026.068512768,True,icp_accepted,3009,0.9993353273512795,0.08752876610417946,30.360821998328902,7.631136002601124,5.549640001845546,3.2815599988680333,1,0,0,,,,,,,,,,,,,,local_map_fast,False,12,6775,0,False,False,False,,,,inactive,,,,,,,,,,
front_end,4317026.168688416,True,icp_accepted,3032,0.9990105540897097,0.09046718454568349,40.87167499528732,12.079106993041933,8.842281997203827,14.044802999706008,1,0,0,,,,,,,,,,,,,,local_map_fast,True,12,6898,0,False,False,False,,,,inactive,,,,,,,,,,
front_end,4317026.268628704,True,icp_accepted,3071,1.0,0.06491470247767142,35.17983600613661,10.887698997976258,8.422044993494637,13.747659992077388,1,0,0,,,,,,,,,,,,,,local_map_fast,False,12,6898,0,False,False,False,,,,inactive,,,,,,,,,,
front_end,4317026.368697824,True,icp_accepted,3050,1.0,0.0689838151007851,32.21255099924747,13.41991800290998,10.981666011502966,9.17327900242526,1,0,0,,,,,,,,,,,,,,local_map_fast,False,12,6898,0,False,False,False,,,,inactive,,,,,,,,,,
optimized_backend,,,,,,,,,,,,,,,,,,,,,,,,,,,,,,,,,,,,,,,,,154,248,95,,,,pose_graph,True
front_end,4317026.468704736,True,icp_accepted,3101,1.0,0.07482883748819892,22.764000997995026,10.134961994481273,6.881694993353449,3.625683006248437,1,0,0,,,,,,,,,,,,,,local_map_fast,False,12,6898,0,False,False,False,,,,inactive,,,,,,,,,,
front_end,4317026.5686304,True,icp_accepted,2940,1.0,0.07576282211129116,21.723607991589233,8.411714996327646,5.796167009975761,3.8625320012215525,1,0,0,,,,,,,,,,,,,,local_map_fast,False,12,6898,0,False,False,False,,,,inactive,,,,,,,,,,
front_end,4317026.668678176,True,icp_accepted,3004,1.0,0.08230868649274159,21.225233998848125,7.568286004243419,5.499032995430753,2.8881440084660426,1,0,0,,,,,,,,,,,,,,local_map_fast,True,12,6976,0,False,False,False,,,,inactive,,,,,,,,,,
front_end,4317026.768674688,True,icp_accepted,3036,1.0,0.06729131759373748,18.805457002599724,6.9395550090121105,4.843640999752097,3.2764710049377754,1,0,0,,,,,,,,,,,,,,local_map_fast,False,12,6976,0,False,False,False,,,,inactive,,,,,,,,,,
front_end,4317026.868618624,True,icp_accepted,3250,1.0,0.07410422326649643,21.34210499934852,8.802935990388505,5.9076180041301996,3.397480002604425,1,0,0,,,,,,,,,,,,,,local_map_fast,False,12,6976,0,False,False,False,,,,inactive,,,,,,,,,,
front_end,4317026.968743104,True,icp_accepted,3242,1.0,0.09367049335791638,19.725189995369874,9.062879005796276,6.263773000682704,2.976142000989057,1,0,0,,,,,,,,,,,,,,local_map_fast,False,12,6976,0,False,False,False,,,,inactive,,,,,,,,,,
front_end,4317027.068684736,True,icp_accepted,3169,1.0,0.09769909973271208,26.32362800068222,11.373068002285436,8.455357994535007,3.614442000980489,1,0,0,,,,,,,,,,,,,,local_map_fast,False,12,6976,0,False,False,False,,,,inactive,,,,,,,,,,
front_end,4317027.168628384,True,icp_accepted,3216,1.0,0.10061486761448073,39.16414799459744,13.947589002782479,10.57601701177191,11.710018006851897,1,0,0,,,,,,,,,,,,,,local_map_fast,True,12,7056,0,False,False,False,,,,inactive,,,,,,,,,,
front_end,4317027.26864096,True,icp_accepted,3197,1.0,0.06906655915976098,34.567313006846234,12.438346995622851,9.693454005173407,11.506701994221658,1,0,0,,,,,,,,,,,,,,local_map_fast,False,12,7056,0,False,False,False,,,,inactive,,,,,,,,,,
front_end,4317027.368677152,True,icp_accepted,3204,1.0,0.0756927571626322,33.23527899920009,9.48013000015635,6.9326009979704395,10.546321005676873,1,0,0,,,,,,,,,,,,,,local_map_fast,False,12,7056,0,False,False,False,,,,inactive,,,,,,,,,,
front_end,4317027.46856512,True,icp_accepted,3270,1.0,0.08974442257713554,38.737048002076335,15.021202998468652,9.196391998557374,13.148704005288891,1,0,0,,,,,,,,,,,,,,local_map_fast,False,12,7056,0,False,False,False,,,,inactive,,,,,,,,,,
optimized_backend,,,,,,,,,,,,,,,,,,,,,,,,,,,,,,,,,,,,,,,,,155,250,96,,,,pose_graph,True
front_end,4317027.568716224,True,icp_accepted,3075,1.0,0.09138881427663607,23.815021995687857,10.725840998929925,8.139990008203313,4.124308004975319,1,0,0,,,,,,,,,,,,,,local_map_fast,False,12,7056,0,False,False,False,,,,inactive,,,,,,,,,,
front_end,4317027.668635936,True,icp_accepted,3187,1.0,0.09511466285548642,24.345548008568585,8.674433003761806,5.6355519918724895,3.2836449972819537,1,0,0,,,,,,,,,,,,,,local_map_fast,True,12,7162,0,False,False,False,,,,inactive,,,,,,,,,,
front_end,4317027.768545056,True,icp_accepted,3179,1.0,0.06991691458808477,21.556100007728674,8.42203400679864,5.726755000068806,2.9219989955890924,1,0,0,,,,,,,,,,,,,,local_map_fast,False,12,7162,0,False,False,False,,,,inactive,,,,,,,,,,
front_end,4317027.868564192,True,icp_accepted,3191,1.0,0.07682049317112315,19.300644999020733,7.650150990230031,5.37808399531059,3.2437890040455386,1,0,0,,,,,,,,,,,,,,local_map_fast,False,12,7162,0,False,False,False,,,,inactive,,,,,,,,,,
front_end,4317027.968720352,True,icp_accepted,3224,1.0,0.08065259594130969,17.588038987014443,6.848962992080487,4.660984996007755,3.131525998469442,1,0,0,,,,,,,,,,,,,,local_map_fast,False,12,7162,0,False,False,False,,,,inactive,,,,,,,,,,
front_end,4317028.06854224,True,icp_accepted,3190,1.0,0.0857779138846505,22.166517010191455,8.514860004652292,5.9044920053565875,3.3053049992304295,1,0,0,,,,,,,,,,,,,,local_map_fast,False,12,7162,0,False,False,False,,,,inactive,,,,,,,,,,
front_end,4317028.168539744,True,icp_accepted,3175,1.0,0.08538155376925542,22.78084200224839,7.722677997662686,5.535613003303297,2.7288830024190247,1,0,0,,,,,,,,,,,,,,local_map_fast,False,12,7162,0,False,False,False,,,,inactive,,,,,,,,,,
front_end,4317028.268668096,True,icp_accepted,3106,1.0,0.09116126920428097,50.21790899627376,17.57799999904819,14.204845996573567,14.769386005355045,1,0,0,,,,,,,,,,,,,,local_map_fast,False,12,7162,0,False,False,False,,,,inactive,,,,,,,,,,
front_end,4317028.368508608,True,icp_accepted,3075,1.0,0.09014004450992229,39.79268699185923,15.298187994631007,12.787468993337825,13.347399988560937,1,0,0,,,,,,,,,,,,,,local_map_fast,False,12,7162,0,False,False,False,,,,inactive,,,,,,,,,,
front_end,4317028.46868224,True,icp_accepted,2979,1.0,0.08955451228920946,38.438121002400294,11.354091999237426,8.885982999345288,13.612102004117332,1,0,0,,,,,,,,,,,,,,local_map_fast,True,12,7220,0,False,False,False,,,,inactive,,,,,,,,,,
front_end,4317028.568672992,True,icp_accepted,2991,1.0,0.06713688812304816,39.37467499054037,10.089143994264305,7.541996004874818,10.350418990128674,1,0,0,,,,,,,,,,,,,,local_map_fast,False,12,7220,0,False,False,False,,,,inactive,,,,,,,,,,
front_end,4317028.668515968,True,icp_accepted,2956,1.0,0.07254689646563886,23.572821999550797,11.012823990313336,8.408067995333113,3.247444998123683,1,0,0,,,,,,,,,,,,,,local_map_fast,False,12,7220,0,False,False,False,,,,inactive,,,,,,,,,,
optimized_backend,,,,,,,,,,,,,,,,,,,,,,,,,,,,,,,,,,,,,,,,,156,252,97,,,,pose_graph,True
front_end,4317028.768661696,True,icp_accepted,3000,1.0,0.06982179061784059,19.47670799563639,8.527352998498827,5.931142004556023,2.6649710052879527,1,0,0,,,,,,,,,,,,,,local_map_fast,False,12,7220,0,False,False,False,,,,inactive,,,,,,,,,,
front_end,4317028.868673152,True,icp_accepted,3024,1.0,0.06824833558425418,21.371310009271838,9.323934005806223,5.977249995339662,2.8565649990923703,1,0,0,,,,,,,,,,,,,,local_map_fast,False,12,7220,0,False,False,False,,,,inactive,,,,,,,,,,
front_end,4317028.9685656,True,icp_accepted,2984,1.0,0.07289318463381227,18.837676994735375,8.311383993714117,5.680577000021003,2.5623770052334294,1,0,0,,,,,,,,,,,,,,local_map_fast,False,12,7220,0,False,False,False,,,,inactive,,,,,,,,,,
front_end,4317029.068635264,True,icp_accepted,2970,1.0,0.0755701250826273,20.369841004139744,10.229570005321875,8.00807999621611,2.451467007631436,1,0,0,,,,,,,,,,,,,,local_map_fast,False,12,7220,0,False,False,False,,,,inactive,,,,,,,,,,
front_end,4317029.168616224,True,icp_accepted,2972,1.0,0.07807467017587924,18.279908996191807,7.425754985888489,5.097763001685962,3.0829930037725717,1,0,0,,,,,,,,,,,,,,local_map_fast,False,12,7220,0,False,False,False,,,,inactive,,,,,,,,,,
front_end,4317029.2684856,True,icp_accepted,3011,1.0,0.0786852382753647,17.468029996962287,8.497696995618753,6.1005339957773685,2.2120319918030873,1,0,0,,,,,,,,,,,,,,local_map_fast,False,12,7220,0,False,False,False,,,,inactive,,,,,,,,,,
front_end,4317029.368522944,True,icp_accepted,2930,1.0,0.07546367298686556,17.020932995365,7.189006995758973,5.234632000792772,2.8342830046312883,1,0,0,,,,,,,,,,,,,,local_map_fast,False,12,7220,0,False,False,False,,,,inactive,,,,,,,,,,
front_end,4317029.468650944,True,icp_accepted,2966,1.0,0.07520379228131774,17.18784900731407,7.489216004614718,5.495917997905053,2.6847889967029914,1,0,0,,,,,,,,,,,,,,local_map_fast,False,12,7220,0,False,False,False,,,,inactive,,,,,,,,,,
front_end,4317029.568538944,True,icp_accepted,2969,1.0,0.07408436294177538,18.859388001146726,7.6463339937618,5.368295998778194,2.5515669985907152,1,0,0,,,,,,,,,,,,,,local_map_fast,False,12,7220,0,False,False,False,,,,inactive,,,,,,,,,,
front_end,4317029.66862832,True,icp_accepted,2987,1.0,0.077357761397186,17.686184000922367,7.141557012801059,5.187532005948015,2.720898002735339,1,0,0,,,,,,,,,,,,,,local_map_fast,False,12,7220,0,False,False,False,,,,inactive,,,,,,,,,,
front_end,4317029.768556064,True,icp_accepted,2995,1.0,0.07566551193408588,17.31220498913899,7.165221992181614,4.752838998683728,2.7062299923272803,1,0,0,,,,,,,,,,,,,,local_map_fast,False,12,7220,0,False,False,False,,,,inactive,,,,,,,,,,
front_end,4317029.868530336,True,icp_accepted,3082,1.0,0.07864176683563455,17.953230009879917,7.65117300034035,5.230784008745104,2.772845997242257,1,0,0,,,,,,,,,,,,,,local_map_fast,False,12,7220,0,False,False,False,,,,inactive,,,,,,,,,,
front_end,4317029.968614752,True,icp_accepted,3026,1.0,0.07793795176301198,16.653455997584388,7.088615995598957,5.139973000041209,2.2351070074364543,1,0,0,,,,,,,,,,,,,,local_map_fast,False,12,7220,0,False,False,False,,,,inactive,,,,,,,,,,
front_end,4317030.068655808,True,icp_accepted,3023,1.0,0.07717112528172552,16.904170988709666,7.532748000812717,5.53333900461439,2.19880799704697,1,0,0,,,,,,,,,,,,,,local_map_fast,False,12,7220,0,False,False,False,,,,inactive,,,,,,,,,,
front_end,4317030.168544384,True,icp_accepted,3004,1.0,0.07954284201944865,16.870146995643154,7.1761119907023385,5.20552700618282,2.2531510039698333,1,0,0,,,,,,,,,,,,,,local_map_fast,False,12,7220,0,False,False,False,,,,inactive,,,,,,,,,,
front_end,4317030.268544896,True,icp_accepted,2983,1.0,0.07430465992090754,16.84793499589432,7.3948669887613505,5.405114992754534,2.0396960026118904,1,0,0,,,,,,,,,,,,,,local_map_fast,False,12,7220,0,False,False,False,,,,inactive,,,,,,,,,,
front_end,4317030.368569088,True,icp_accepted,3010,1.0,0.07850557655703728,16.784503997769207,6.947558998945169,4.739323005196638,2.3428610002156347,1,0,0,,,,,,,,,,,,,,local_map_fast,False,12,7220,0,False,False,False,,,,inactive,,,,,,,,,,
front_end,4317030.468543552,True,icp_accepted,3028,1.0,0.07647567725553062,17.11261698801536,7.183515990618616,5.073054999229498,2.376834992901422,1,0,0,,,,,,,,,,,,,,local_map_fast,False,12,7220,0,False,False,False,,,,inactive,,,,,,,,,,
front_end,4317030.568525184,True,icp_accepted,3010,1.0,0.07840427363142217,17.421532000298612,7.89769999391865,5.369598002289422,2.1565169881796464,1,0,0,,,,,,,,,,,,,,local_map_fast,False,12,7220,0,False,False,False,,,,inactive,,,,,,,,,,
front_end,4317030.66855392,True,icp_accepted,2971,1.0,0.07679687072135791,17.61217300372664,7.596800001920201,5.3810999961569905,2.7321990055497736,1,0,0,,,,,,,,,,,,,,local_map_fast,False,12,7220,0,False,False,False,,,,inactive,,,,,,,,,,
front_end,4317030.76848704,True,icp_accepted,2813,1.0,0.07970820068275006,17.799679000745527,7.437156993546523,5.4481869883602485,2.9784950020257384,1,0,0,,,,,,,,,,,,,,local_map_fast,False,12,7220,0,False,False,False,,,,inactive,,,,,,,,,,
front_end,4317030.868593248,True,icp_accepted,2823,1.0,0.0735962514987012,19.625569009804167,7.1617850044276565,5.248749002930708,2.9363259964156896,1,0,0,,,,,,,,,,,,,,local_map_fast,True,12,7067,0,False,False,False,,,,inactive,,,,,,,,,,
front_end,4317030.968573312,True,icp_accepted,2806,1.0,0.061597245225457176,23.199674003990367,6.527602992719039,4.587916992022656,2.672736009117216,1,0,0,,,,,,,,,,,,,,local_map_fast,False,12,7067,0,False,False,False,,,,inactive,,,,,,,,,,
front_end,4317031.068538464,True,icp_accepted,2864,1.0,0.06962430091497981,48.37667600077111,12.45894499879796,10.048015989013948,20.434342994121835,1,0,0,,,,,,,,,,,,,,local_map_fast,False,12,7067,0,False,False,False,,,,inactive,,,,,,,,,,
front_end,4317031.16855408,True,icp_accepted,2968,1.0,0.07704654454356076,44.13444400415756,14.499552999041043,8.454224007437006,10.113580006873235,1,0,0,,,,,,,,,,,,,,local_map_fast,True,12,6965,0,False,False,False,,,,inactive,,,,,,,,,,
front_end,4317031.268553952,True,icp_accepted,2927,1.0,0.06694457533782713,32.770635007182136,11.334374008583836,8.649324998259544,8.382839005207643,1,0,0,,,,,,,,,,,,,,local_map_fast,False,12,6965,0,False,False,False,,,,inactive,,,,,,,,,,
front_end,4317031.36849888,True,icp_accepted,2969,1.0,0.0769032433614815,24.379709997447208,9.924490994308144,7.679725997149944,3.5252920060884207,1,0,0,,,,,,,,,,,,,,local_map_fast,True,12,6860,0,False,False,False,,,,inactive,,,,,,,,,,
optimized_backend,,,,,,,,,,,,,,,,,,,,,,,,,,,,,,,,,,,,,,,,,157,254,98,,,,pose_graph,True
front_end,4317031.46856208,True,icp_accepted,2933,1.0,0.06488441364513624,43.71206399810035,15.008497997769155,12.468172993976623,11.047118998249061,1,0,0,,,,,,,,,,,,,,local_map_fast,False,12,6860,0,False,False,False,,,,inactive,,,,,,,,,,
front_end,4317031.56857824,True,icp_accepted,2926,1.0,0.07246473031713883,34.27239999291487,13.081234006676823,6.862185997306369,7.773915000143461,1,0,0,,,,,,,,,,,,,,local_map_fast,True,12,6829,0,False,False,False,,,,inactive,,,,,,,,,,
front_end,4317031.668489088,True,icp_accepted,2897,1.0,0.06178104400310402,33.36614300496876,12.375096004689112,9.96280400431715,7.258789002662525,1,0,0,,,,,,,,,,,,,,local_map_fast,False,12,6829,0,False,False,False,,,,inactive,,,,,,,,,,
front_end,4317031.76843632,True,icp_accepted,2865,1.0,0.06419464493982464,32.583839987637475,10.631550991092809,8.141340993461199,8.771024993620813,1,0,0,,,,,,,,,,,,,,local_map_fast,True,12,6772,0,False,False,False,,,,inactive,,,,,,,,,,
front_end,4317031.868529344,True,icp_accepted,2952,1.0,0.06048842078625424,32.27378299925476,11.360172997228801,8.484021003823727,6.563900999026373,1,0,0,,,,,,,,,,,,,,local_map_fast,False,12,6772,0,False,False,False,,,,inactive,,,,,,,,,,
optimized_backend,,,,,,,,,,,,,,,,,,,,,,,,,,,,,,,,,,,,,,,,,158,256,99,,,,pose_graph,True
front_end,4317031.968489856,True,icp_accepted,2780,1.0,0.06298467360533577,26.609957989421673,7.988110999576747,5.7763090007938445,3.73496999964118,1,0,0,,,,,,,,,,,,,,local_map_fast,True,12,6602,0,False,False,False,,,,inactive,,,,,,,,,,
front_end,4317032.068582464,True,icp_accepted,2791,1.0,0.05755207742453598,33.702179993269965,14.779353004996665,9.248299000319093,7.2047869907692075,1,0,0,,,,,,,,,,,,,,local_map_fast,False,12,6602,0,False,False,False,,,,inactive,,,,,,,,,,
front_end,4317032.168529792,True,icp_accepted,2691,1.0,0.06465708136373947,33.04419199412223,13.377595998463221,7.4894960125675425,6.028556992532685,1,0,0,,,,,,,,,,,,,,local_map_fast,True,12,6469,0,False,False,False,,,,inactive,,,,,,,,,,
front_end,4317032.268458592,True,icp_accepted,2664,1.0,0.0760948969233958,28.649883010075428,9.909141997923143,7.553967006970197,6.198237999342382,1,0,0,,,,,,,,,,,,,,local_map_fast,False,12,6469,0,False,False,False,,,,inactive,,,,,,,,,,
front_end,4317032.368449792,True,icp_accepted,2601,0.9969242599000384,0.1094359170969557,32.825917995069176,13.093105997540988,7.471982011338696,7.561973005067557,1,0,0,,,,,,,,,,,,,,local_map_fast,True,12,6567,0,False,False,False,,,,inactive,,,,,,,,,,
optimized_backend,,,,,,,,,,,,,,,,,,,,,,,,,,,,,,,,,,,,,,,,,159,258,100,,,,pose_graph,True
front_end,4317032.468534464,True,icp_accepted,2400,1.0,0.07846529211162934,50.75836800097022,18.504433988709934,12.388140996336006,10.248485006741248,1,0,0,,,,,,,,,,,,,,local_map_fast,False,12,6567,0,False,False,False,,,,inactive,,,,,,,,,,
front_end,4317032.568419872,True,icp_accepted,2414,1.0,0.07105917614878576,45.24859400407877,14.919458000804298,11.901407997356728,7.482423010515049,1,0,0,,,,,,,,,,,,,,local_map_fast,True,12,6399,0,False,False,False,,,,inactive,,,,,,,,,,
front_end,4317032.668458016,True,icp_accepted,2242,1.0,0.05968588932912461,43.02336600085255,15.175143009400927,12.431323004420847,7.339631993090734,1,0,0,,,,,,,,,,,,,,local_map_fast,False,12,6399,0,False,False,False,,,,inactive,,,,,,,,,,
front_end,4317032.768642432,True,icp_accepted,2238,1.0,0.060741582703675655,22.347587000695057,9.509313997114077,6.860904002678581,2.6916109927697107,1,0,0,,,,,,,,,,,,,,local_map_fast,False,12,6399,0,False,False,False,,,,inactive,,,,,,,,,,
optimized_backend,,,,,,,,,,,,,,,,,,,,,,,,,,,,,,,,,,,,,,,,,160,260,101,,,,pose_graph,True
front_end,4317032.868651328,True,icp_accepted,2319,1.0,0.06228265434018108,43.840044003445655,15.768668003147468,12.793489004252478,11.192393998499028,1,0,0,,,,,,,,,,,,,,local_map_fast,True,12,6187,0,False,False,False,,,,inactive,,,,,,,,,,
front_end,4317032.968418304,True,icp_accepted,2114,1.0,0.05852244180068136,32.0676910050679,12.139188998844475,9.036667994223535,6.640677005634643,1,0,0,,,,,,,,,,,,,,local_map_fast,False,12,6187,0,False,False,False,,,,inactive,,,,,,,,,,
front_end,4317033.068474688,True,icp_accepted,2263,1.0,0.06137007148846176,38.89963999972679,15.199478992144577,7.922285993117839,8.12985900847707,1,0,0,,,,,,,,,,,,,,local_map_fast,True,12,5962,0,False,False,False,,,,inactive,,,,,,,,,,
front_end,4317033.168608928,True,icp_accepted,2122,1.0,0.05913368369909278,28.35323099861853,12.546311001642607,7.120976995793171,4.828942997846752,1,0,0,,,,,,,,,,,,,,local_map_fast,False,12,5962,0,False,False,False,,,,inactive,,,,,,,,,,
optimized_backend,,,,,,,,,,,,,,,,,,,,,,,,,,,,,,,,,,,,,,,,,161,262,102,,,,pose_graph,True
front_end,4317033.268442208,True,icp_accepted,2270,1.0,0.06229067128026497,37.91209700284526,13.902689999667928,10.182138998061419,6.5047690004576,1,0,0,,,,,,,,,,,,,,local_map_fast,True,12,5847,0,False,False,False,,,,inactive,,,,,,,,,,
front_end,4317033.368479264,True,icp_accepted,2357,1.0,0.06264518341530333,39.41070799191948,10.204872000031173,7.823228006600402,13.944699996500276,1,0,0,,,,,,,,,,,,,,local_map_fast,False,12,5847,0,False,False,False,,,,inactive,,,,,,,,,,
front_end,4317033.468531456,True,icp_accepted,2452,1.0,0.06455789715880725,35.14610500133131,14.49114600836765,10.860363996471278,4.926958994474262,1,0,0,,,,,,,,,,,,,,local_map_fast,True,12,5755,0,False,False,False,,,,inactive,,,,,,,,,,
front_end,4317033.568397728,True,icp_accepted,2394,1.0,0.061614625622320396,29.608789991470985,10.507365994271822,8.151319998432882,6.687464992864989,1,0,0,,,,,,,,,,,,,,local_map_fast,False,12,5755,0,False,False,False,,,,inactive,,,,,,,,,,
front_end,4317033.668526112,True,icp_accepted,2371,1.0,0.06480453145260648,25.894218997564167,9.895805997075513,6.571596008143388,2.7304749964969233,1,0,0,,,,,,,,,,,,,,local_map_fast,True,12,5599,0,False,False,False,,,,inactive,,,,,,,,,,
optimized_backend,,,,,,,,,,,,,,,,,,,,,,,,,,,,,,,,,,,,,,,,,162,264,103,,,,pose_graph,True
front_end,4317033.768415904,True,icp_accepted,2472,1.0,0.06088389940763877,36.28221800317988,12.186117004603148,9.520674997474998,9.690345992567018,1,0,0,,,,,,,,,,,,,,local_map_fast,False,12,5599,0,False,False,False,,,,inactive,,,,,,,,,,
front_end,4317033.868420576,True,icp_accepted,2518,1.0,0.06520891550690176,34.58661399781704,10.85637700452935,7.757933999528177,8.945435009081848,1,0,0,,,,,,,,,,,,,,local_map_fast,True,12,5503,0,False,False,False,,,,inactive,,,,,,,,,,
front_end,4317033.96844976,True,icp_accepted,2509,1.0,0.05978557003733617,40.18398400512524,10.154005998629145,7.59211000695359,11.431487000663765,1,0,0,,,,,,,,,,,,,,local_map_fast,False,12,5503,0,False,False,False,,,,inactive,,,,,,,,,,
front_end,4317034.068591392,True,icp_accepted,2452,1.0,0.0603491176147315,21.67511200241279,8.780201998888515,6.6147369943792,2.3729780077701434,1,0,0,,,,,,,,,,,,,,local_map_fast,True,12,5422,0,False,False,False,,,,inactive,,,,,,,,,,
optimized_backend,,,,,,,,,,,,,,,,,,,,,,,,,,,,,,,,,,,,,,,,,163,266,104,,,,pose_graph,True
front_end,4317034.168448448,True,icp_accepted,2457,1.0,0.059481848295480574,34.33402499649674,13.503734997357242,11.209696996957064,7.250171998748556,1,0,0,,,,,,,,,,,,,,local_map_fast,False,12,5422,0,False,False,False,,,,inactive,,,,,,,,,,
front_end,4317034.2684256,True,icp_accepted,2391,1.0,0.061263998858324,29.118980004568584,10.379633007687517,8.044918009545654,3.9031680062180385,1,0,0,,,,,,,,,,,,,,local_map_fast,True,12,5394,0,False,False,False,,,,inactive,,,,,,,,,,
front_end,4317034.368469344,True,icp_accepted,2399,1.0,0.06439750027543392,29.90078199945856,12.926169991260394,9.45438900089357,6.647089001489803,1,0,0,,,,,,,,,,,,,,local_map_fast,False,12,5394,0,False,False,False,,,,inactive,,,,,,,,,,
optimized_backend,,,,,,,,,,,,,,,,,,,,,,,,,,,,,,,,,,,,,,,,,164,268,105,,,,pose_graph,True
front_end,4317034.468573312,True,icp_accepted,2369,1.0,0.07254762304131568,52.57186199014541,11.709353988408111,9.090771010960452,11.729231002391316,1,0,0,,,,,,,,,,,,,,local_map_fast,True,12,5355,0,False,False,False,,,,inactive,,,,,,,,,,
front_end,4317034.56842544,True,icp_accepted,2326,1.0,0.06779783434718323,31.71450000081677,10.120822000317276,7.71680599427782,6.52485599857755,1,0,0,,,,,,,,,,,,,,local_map_fast,False,12,5355,0,False,False,False,,,,inactive,,,,,,,,,,
front_end,4317034.66842144,True,icp_accepted,2407,1.0,0.07449301604710364,29.207999003119767,9.985115000745282,7.657823996851221,5.390537000494078,1,0,0,,,,,,,,,,,,,,local_map_fast,True,12,5297,0,False,False,False,,,,inactive,,,,,,,,,,
front_end,4317034.768388032,True,icp_accepted,2382,1.0,0.06420427462750443,23.15898500091862,11.224343994399533,8.403497005929239,2.370342001086101,1,0,0,,,,,,,,,,,,,,local_map_fast,False,12,5297,0,False,False,False,,,,inactive,,,,,,,,,,
optimized_backend,,,,,,,,,,,,,,,,,,,,,,,,,,,,,,,,,,,,,,,,,165,270,106,,,,pose_graph,True
front_end,4317034.86854304,True,icp_accepted,2394,1.0,0.069126241281214,47.5155989988707,16.49074599845335,13.641494995681569,7.711997008300386,1,0,0,,,,,,,,,,,,,,local_map_fast,True,12,5198,0,False,False,False,,,,inactive,,,,,,,,,,
front_end,4317034.96837968,True,icp_accepted,2383,1.0,0.0611939479155286,32.421078998595476,10.816080000950024,8.416872995439917,8.818724993034266,1,0,0,,,,,,,,,,,,,,local_map_fast,False,12,5198,0,False,False,False,,,,inactive,,,,,,,,,,
front_end,4317035.068460256,True,icp_accepted,2298,1.0,0.06346605356112094,29.428447000100277,10.304351002559997,8.00924000213854,5.936572008067742,1,0,0,,,,,,,,,,,,,,local_map_fast,True,12,5075,0,False,False,False,,,,inactive,,,,,,,,,,
optimized_backend,,,,,,,,,,,,,,,,,,,,,,,,,,,,,,,,,,,,,,,,,166,272,107,,,,pose_graph,True
front_end,4317035.168507328,True,icp_accepted,2289,1.0,0.05993212329854501,29.205853992607445,13.00438799080439,9.922376004396938,4.35258999641519,1,0,0,,,,,,,,,,,,,,local_map_fast,False,12,5075,0,False,False,False,,,,inactive,,,,,,,,,,
front_end,4317035.268399104,True,icp_accepted,2284,1.0,0.06277427651940651,31.24950799974613,10.553562009590678,8.121432998450473,6.649943999946117,1,0,0,,,,,,,,,,,,,,local_map_fast,False,12,5075,0,False,False,False,,,,inactive,,,,,,,,,,
front_end,4317035.368469248,True,icp_accepted,2350,1.0,0.07583490663591062,34.820676999515854,11.107312006060965,8.538072986993939,6.054515004507266,1,0,0,,,,,,,,,,,,,,local_map_fast,True,12,5061,0,False,False,False,,,,inactive,,,,,,,,,,
front_end,4317035.468521984,True,icp_accepted,2312,1.0,0.06384449457538924,33.34863700729329,17.11389700358268,14.055840001674369,7.026007006061263,1,0,0,,,,,,,,,,,,,,local_map_fast,False,12,5061,0,False,False,False,,,,inactive,,,,,,,,,,
optimized_backend,,,,,,,,,,,,,,,,,,,,,,,,,,,,,,,,,,,,,,,,,167,274,108,,,,pose_graph,True
front_end,4317035.568492832,True,icp_accepted,2297,1.0,0.06772169395636181,29.969341005198658,11.374598005204462,8.864411007380113,6.436238996684551,1,0,0,,,,,,,,,,,,,,local_map_fast,False,12,5061,0,False,False,False,,,,inactive,,,,,,,,,,
front_end,4317035.668434656,True,icp_accepted,2308,1.0,0.06928855362339509,38.172079002833925,15.431488005560823,7.72092399711255,6.722431004163809,1,0,0,,,,,,,,,,,,,,local_map_fast,False,12,5061,0,False,False,False,,,,inactive,,,,,,,,,,
front_end,4317035.768478624,True,icp_accepted,2332,1.0,0.06449403852026399,33.66906401060987,16.608949008514173,9.931583001161925,6.564121998962946,1,0,0,,,,,,,,,,,,,,local_map_fast,False,12,5061,0,False,False,False,,,,inactive,,,,,,,,,,
front_end,4317035.868392896,True,icp_accepted,2395,1.0,0.059843075974283934,22.444629998062737,9.696357999928296,7.34465999994427,2.9303039918886498,1,0,0,,,,,,,,,,,,,,local_map_fast,False,12,5061,0,False,False,False,,,,inactive,,,,,,,,,,
optimized_backend,,,,,,,,,,,,,,,,,,,,,,,,,,,,,,,,,,,,,,,,,168,276,109,,,,pose_graph,True
front_end,4317035.968395072,True,icp_accepted,2402,1.0,0.06123994823864393,39.83806500036735,16.029279999202117,13.300979000632651,12.002547999145463,1,0,0,,,,,,,,,,,,,,local_map_fast,False,12,5061,0,False,False,False,,,,inactive,,,,,,,,,,
front_end,4317036.068476416,True,icp_accepted,2422,1.0,0.06015382780914052,39.73576199496165,16.68100598908495,13.569930000812747,3.429249001783319,1,0,0,,,,,,,,,,,,,,local_map_fast,False,12,5061,0,False,False,False,,,,inactive,,,,,,,,,,
front_end,4317036.168397664,True,icp_accepted,2325,1.0,0.06077198479175885,37.283454003045335,20.956598993507214,17.9378379980335,3.860076001728885,1,0,0,,,,,,,,,,,,,,local_map_fast,True,12,4961,0,False,False,False,,,,inactive,,,,,,,,,,
optimized_backend,,,,,,,,,,,,,,,,,,,,,,,,,,,,,,,,,,,,,,,,,169,278,110,,,,pose_graph,True
front_end,4317036.2683432,True,icp_accepted,2374,1.0,0.05805462960214714,34.97739299200475,15.918901000986807,13.111901003867388,3.895312998793088,1,0,0,,,,,,,,,,,,,,local_map_fast,False,12,4961,0,False,False,False,,,,inactive,,,,,,,,,,
front_end,4317036.368498272,True,icp_accepted,2437,0.9967172753385309,0.059591142719065564,36.55318899836857,9.262253995984793,6.83597699389793,10.954051002045162,1,0,0,,,,,,,,,,,,,,local_map_fast,True,12,4850,0,False,False,False,,,,inactive,,,,,,,,,,
front_end,4317036.46841936,True,icp_accepted,2419,1.0,0.06035473658110798,31.200104000163265,11.545833011041395,8.485412996378727,7.138619999750517,1,0,0,,,,,,,,,,,,,,local_map_fast,False,12,4850,0,False,False,False,,,,inactive,,,,,,,,,,
front_end,4317036.5683256,True,icp_accepted,2425,1.0,0.05998637769458671,23.911558993859217,10.662528002285399,7.997267006430775,2.543812006479129,1,0,0,,,,,,,,,,,,,,local_map_fast,False,12,4850,0,False,False,False,,,,inactive,,,,,,,,,,
optimized_backend,,,,,,,,,,,,,,,,,,,,,,,,,,,,,,,,,,,,,,,,,170,280,111,,,,pose_graph,True
front_end,4317036.668487936,True,icp_accepted,2388,1.0,0.05984950123346178,46.2470909988042,16.285514997434802,13.647426007082686,10.692695999750867,1,0,0,,,,,,,,,,,,,,local_map_fast,True,12,4807,0,False,False,False,,,,inactive,,,,,,,,,,
front_end,4317036.768337184,True,icp_accepted,2399,1.0,0.05976939114818286,26.03756899770815,12.38371100043878,9.708511002827436,2.9987029993208125,1,0,0,,,,,,,,,,,,,,local_map_fast,False,12,4807,0,False,False,False,,,,inactive,,,,,,,,,,
front_end,4317036.868508096,True,icp_accepted,2341,1.0,0.05863800961077848,31.1662189924391,10.767857995233499,8.345066002220847,5.958202003967017,1,0,0,,,,,,,,,,,,,,local_map_fast,False,12,4807,0,False,False,False,,,,inactive,,,,,,,,,,
front_end,4317036.968382912,True,icp_accepted,2352,1.0,0.05934132177526115,20.027647988172248,7.59280999773182,5.345861995010637,3.169396994053386,1,0,0,,,,,,,,,,,,,,local_map_fast,False,12,4807,0,False,False,False,,,,inactive,,,,,,,,,,
optimized_backend,,,,,,,,,,,,,,,,,,,,,,,,,,,,,,,,,,,,,,,,,171,282,112,,,,pose_graph,True
front_end,4317037.068398944,True,icp_accepted,2323,1.0,0.059830782820153944,44.71922600350808,16.64140999491792,12.72609899751842,6.979047000641003,1,0,0,,,,,,,,,,,,,,local_map_fast,True,12,4758,0,False,False,False,,,,inactive,,,,,,,,,,
front_end,4317037.168314816,True,icp_accepted,2279,1.0,0.058009240517690165,38.272648002021015,14.617613996961154,11.837897007353604,7.239290003781207,1,0,0,,,,,,,,,,,,,,local_map_fast,False,12,4758,0,False,False,False,,,,inactive,,,,,,,,,,
front_end,4317037.268323552,True,icp_accepted,2335,1.0,0.05806438222618314,38.09659299440682,14.251850996515714,10.934403006103821,7.525552995502949,1,0,0,,,,,,,,,,,,,,local_map_fast,False,12,4758,0,False,False,False,,,,inactive,,,,,,,,,,
front_end,4317037.368302368,True,icp_accepted,2349,1.0,0.0593359874021664,27.654132005409338,12.552309999591671,9.371442007250153,2.7318170032231137,1,0,0,,,,,,,,,,,,,,local_map_fast,False,12,4758,0,False,False,False,,,,inactive,,,,,,,,,,
optimized_backend,,,,,,,,,,,,,,,,,,,,,,,,,,,,,,,,,,,,,,,,,172,284,113,,,,pose_graph,True
front_end,4317037.46832608,True,icp_accepted,2385,1.0,0.058783915897342484,44.694908006931655,14.29753701086156,10.705188993597403,13.688814011402428,1,0,0,,,,,,,,,,,,,,local_map_fast,False,12,4758,0,False,False,False,,,,inactive,,,,,,,,,,
front_end,4317037.568324896,True,icp_accepted,2366,1.0,0.06033913778870036,46.4604849985335,18.026885998551734,11.574888005270623,5.785605986602604,1,0,0,,,,,,,,,,,,,,local_map_fast,True,12,4680,0,False,False,False,,,,inactive,,,,,,,,,,
front_end,4317037.668385856,True,icp_accepted,2313,1.0,0.06043689403291212,31.33262399933301,13.11796200752724,8.538091991795227,2.4982749891933054,1,0,0,,,,,,,,,,,,,,local_map_fast,False,12,4680,0,False,False,False,,,,inactive,,,,,,,,,,
front_end,4317037.76845168,True,icp_accepted,2402,1.0,0.05811967578572843,22.153105994220823,9.408772006281652,7.056022994220257,2.3482310061808676,1,0,0,,,,,,,,,,,,,,local_map_fast,False,12,4680,0,False,False,False,,,,inactive,,,,,,,,,,
optimized_backend,,,,,,,,,,,,,,,,,,,,,,,,,,,,,,,,,,,,,,,,,173,286,114,,,,pose_graph,True
front_end,4317037.868278464,True,icp_accepted,2318,1.0,0.058443782696383666,36.29745400394313,15.44481200107839,12.751578004099429,8.811539999442175,1,0,0,,,,,,,,,,,,,,local_map_fast,False,12,4680,0,False,False,False,,,,inactive,,,,,,,,,,
front_end,4317037.968372288,True,icp_accepted,2298,1.0,0.061769120639237986,28.835851000621915,11.11789100104943,8.674921002238989,4.3832180090248585,1,0,0,,,,,,,,,,,,,,local_map_fast,False,12,4680,0,False,False,False,,,,inactive,,,,,,,,,,
front_end,4317038.068293472,True,icp_accepted,2358,1.0,0.05840717461045685,27.190121996682137,10.498807998374104,7.598230004077777,5.621413991320878,1,0,0,,,,,,,,,,,,,,local_map_fast,False,12,4680,0,False,False,False,,,,inactive,,,,,,,,,,
front_end,4317038.168416896,True,icp_accepted,2328,1.0,0.0592406689109076,20.240230005583726,9.40755000920035,5.908948995056562,1.6883700009202585,1,0,0,,,,,,,,,,,,,,local_map_fast,False,12,4680,0,False,False,False,,,,inactive,,,,,,,,,,
optimized_backend,,,,,,,,,,,,,,,,,,,,,,,,,,,,,,,,,,,,,,,,,174,288,115,,,,pose_graph,True
front_end,4317038.268349312,True,icp_accepted,2357,1.0,0.059580459436434224,42.156597002758645,14.984840003307909,12.082117988029495,9.778062012628652,1,0,0,,,,,,,,,,,,,,local_map_fast,False,12,4680,0,False,False,False,,,,inactive,,,,,,,,,,
front_end,4317038.368442496,True,icp_accepted,2361,1.0,0.0596833487597784,32.88582600362133,11.146956006996334,8.646197005873546,5.903098004637286,1,0,0,,,,,,,,,,,,,,local_map_fast,True,12,4599,0,False,False,False,,,,inactive,,,,,,,,,,
front_end,4317038.468271712,True,icp_accepted,2393,1.0,0.05902175455162352,29.351086996030062,12.417314006597735,9.239882012479939,6.19925900537055,1,0,0,,,,,,,,,,,,,,local_map_fast,False,12,4599,0,False,False,False,,,,inactive,,,,,,,,,,
optimized_backend,,,,,,,,,,,,,,,,,,,,,,,,,,,,,,,,,,,,,,,,,175,290,116,,,,pose_graph,True
front_end,4317038.568541504,True,icp_accepted,2365,1.0,0.05923299256641457,48.47028299991507,17.212171005667187,12.146630993811414,7.1475059958174825,1,0,0,,,,,,,,,,,,,,local_map_fast,False,12,4599,0,False,False,False,,,,inactive,,,,,,,,,,
front_end,4317038.66827328,True,icp_accepted,2372,1.0,0.05933624672320311,32.399143994553015,12.832068998250179,9.955518005881459,7.549907997599803,1,0,0,,,,,,,,,,,,,,local_map_fast,False,12,4599,0,False,False,False,,,,inactive,,,,,,,,,,
front_end,4317038.768349408,True,icp_accepted,2354,1.0,0.06181025380253337,40.48531899752561,19.91244900273159,16.19376099552028,7.269877998623997,1,0,0,,,,,,,,,,,,,,local_map_fast,False,12,4599,0,False,False,False,,,,inactive,,,,,,,,,,
front_end,4317038.868441856,True,icp_accepted,2349,1.0,0.060093262736837905,34.58252199925482,15.102692996151745,9.490216005360708,7.269387002452277,1,0,0,,,,,,,,,,,,,,local_map_fast,False,12,4599,0,False,False,False,,,,inactive,,,,,,,,,,
front_end,4317038.968280992,True,icp_accepted,2354,1.0,0.0650049687318806,34.25151499686763,13.687851998838596,10.804307006765157,8.857125998474658,1,0,0,,,,,,,,,,,,,,local_map_fast,False,12,4599,0,False,False,False,,,,inactive,,,,,,,,,,
optimized_backend,,,,,,,,,,,,,,,,,,,,,,,,,,,,,,,,,,,,,,,,,176,292,117,,,,pose_graph,True
front_end,4317039.06833792,True,icp_accepted,2266,1.0,0.06102692998323721,23.052179007208906,10.405010005342774,7.49715899291914,2.6456339983269572,1,0,0,,,,,,,,,,,,,,local_map_fast,False,12,4599,0,False,False,False,,,,inactive,,,,,,,,,,
front_end,4317039.168351904,True,icp_accepted,2366,1.0,0.061121294938799114,18.713756988290697,8.992942995973863,6.921678999788128,1.564345002407208,1,0,0,,,,,,,,,,,,,,local_map_fast,False,12,4599,0,False,False,False,,,,inactive,,,,,,,,,,
front_end,4317039.268454752,True,icp_accepted,2380,1.0,0.06311526737687571,17.354619994875975,7.897215997218154,5.412287995568477,1.8292669992661104,1,0,0,,,,,,,,,,,,,,local_map_fast,False,12,4599,0,False,False,False,,,,inactive,,,,,,,,,,
front_end,4317039.36836368,True,icp_accepted,2362,1.0,0.061973155738616816,16.424507994088344,7.116918000974692,4.874528007348999,1.8548549996921793,1,0,0,,,,,,,,,,,,,,local_map_fast,False,12,4599,0,False,False,False,,,,inactive,,,,,,,,,,
front_end,4317039.468273376,True,icp_accepted,2365,1.0,0.061043050569037215,19.158208000590093,9.604101011063904,7.0942250022199005,1.6233659989666194,1,0,0,,,,,,,,,,,,,,local_map_fast,False,12,4599,0,False,False,False,,,,inactive,,,,,,,,,,
front_end,4317039.568475648,True,icp_accepted,2325,1.0,0.061587362782051104,16.77361900510732,8.238844005973078,5.76004599861335,1.3852659903932363,1,0,0,,,,,,,,,,,,,,local_map_fast,False,12,4599,0,False,False,False,,,,inactive,,,,,,,,,,
front_end,4317039.66827328,True,icp_accepted,2373,1.0,0.06216506766494713,18.98325700312853,8.201332995668054,5.539207995752804,2.141188000678085,1,0,0,,,,,,,,,,,,,,local_map_fast,False,12,4599,0,False,False,False,,,,inactive,,,,,,,,,,
front_end,4317039.768256928,True,icp_accepted,2355,1.0,0.060427377458685046,18.345819000387564,8.756786002777517,6.6935359936906025,1.5463710005860776,1,0,0,,,,,,,,,,,,,,local_map_fast,False,12,4599,0,False,False,False,,,,inactive,,,,,,,,,,
front_end,4317039.86834304,True,icp_accepted,2363,1.0,0.062086243362788895,17.76047000021208,8.289650999358855,5.795092991320416,1.2842230062233284,1,0,0,,,,,,,,,,,,,,local_map_fast,False,12,4599,0,False,False,False,,,,inactive,,,,,,,,,,
front_end,4317039.968331392,True,icp_accepted,2330,1.0,0.062469227200856355,16.099532003863715,6.7845980083802715,4.8149350041057914,1.408169002388604,1,0,0,,,,,,,,,,,,,,local_map_fast,False,12,4599,0,False,False,False,,,,inactive,,,,,,,,,,
front_end,4317040.068355136,True,icp_accepted,2308,1.0,0.06311139828375313,19.394525996176526,8.333694000612013,5.874572991160676,1.4122260035946965,1,0,0,,,,,,,,,,,,,,local_map_fast,False,12,4599,0,False,False,False,,,,inactive,,,,,,,,,,
front_end,4317040.168228416,True,icp_accepted,2279,1.0,0.061830725986303195,18.6347470007604,8.07940200320445,5.614581008558162,1.2545280042104423,1,0,0,,,,,,,,,,,,,,local_map_fast,False,12,4599,0,False,False,False,,,,inactive,,,,,,,,,,
front_end,4317040.268427648,True,icp_accepted,2248,1.0,0.0633108932627904,18.300422001630068,8.117443998344243,5.713988997740671,1.3295199896674603,1,0,0,,,,,,,,,,,,,,local_map_fast,False,12,4599,0,False,False,False,,,,inactive,,,,,,,,,,
front_end,4317040.36836224,True,icp_accepted,2280,1.0,0.06683751306537555,17.43533299304545,8.21917700523045,6.256537002627738,1.224480991368182,1,0,0,,,,,,,,,,,,,,local_map_fast,False,12,4599,0,False,False,False,,,,inactive,,,,,,,,,,
front_end,4317040.468202528,True,icp_accepted,2211,1.0,0.06334295035998529,17.36752399301622,8.347490002051927,6.355855002766475,1.3224470021668822,1,0,0,,,,,,,,,,,,,,local_map_fast,False,12,4599,0,False,False,False,,,,inactive,,,,,,,,,,
front_end,4317040.568470592,True,icp_accepted,2259,1.0,0.06189013978583465,16.1587439943105,7.141013004002161,5.2027199999429286,1.1871500028064474,1,0,0,,,,,,,,,,,,,,local_map_fast,False,12,4599,0,False,False,False,,,,inactive,,,,,,,,,,
front_end,4317040.668272864,True,icp_accepted,2234,1.0,0.06369215156865976,17.03398300742265,7.875285009504296,5.465538008138537,1.2874200037913397,1,0,0,,,,,,,,,,,,,,local_map_fast,False,12,4599,0,False,False,False,,,,inactive,,,,,,,,,,
front_end,4317040.76822688,True,icp_accepted,2243,1.0,0.06371762355089665,17.826183000579476,8.448971988400444,6.434494003769942,1.2314229970797896,1,0,0,,,,,,,,,,,,,,local_map_fast,False,12,4599,0,False,False,False,,,,inactive,,,,,,,,,,
front_end,4317040.868253152,True,icp_accepted,2275,1.0,0.06322865904267445,17.441395000787452,8.189279993530363,5.877829011296853,1.3927599939052016,1,0,0,,,,,,,,,,,,,,local_map_fast,False,12,4599,0,False,False,False,,,,inactive,,,,,,,,,,
front_end,4317040.968315808,True,icp_accepted,2236,1.0,0.06536565139798374,18.53156001016032,8.717862001503818,6.58752401068341,1.5920279984129593,1,0,0,,,,,,,,,,,,,,local_map_fast,False,12,4599,0,False,False,False,,,,inactive,,,,,,,,,,
front_end,4317041.068232032,True,icp_accepted,2335,1.0,0.06425826159456889,20.034118002513424,10.15234000806231,7.800061997841112,1.1632139940047637,1,0,0,,,,,,,,,,,,,,local_map_fast,False,12,4599,0,False,False,False,,,,inactive,,,,,,,,,,
front_end,4317041.168227808,True,icp_accepted,2224,1.0,0.0645988387365724,17.450721992645413,7.8666789922863245,5.636282003251836,1.218359000631608,1,0,0,,,,,,,,,,,,,,local_map_fast,False,12,4599,0,False,False,False,,,,inactive,,,,,,,,,,
front_end,4317041.268265184,True,icp_accepted,2288,1.0,0.06158071328702037,19.152797001879662,9.185628005070612,7.071651998558082,1.354327003355138,1,0,0,,,,,,,,,,,,,,local_map_fast,False,12,4599,0,False,False,False,,,,inactive,,,,,,,,,,
front_end,4317041.368204608,True,icp_accepted,2274,1.0,0.06085913582467839,17.915713993716054,8.534774999134243,6.474619993241504,1.1754880106309429,1,0,0,,,,,,,,,,,,,,local_map_fast,False,12,4599,0,False,False,False,,,,inactive,,,,,,,,,,
front_end,4317041.468256928,True,icp_accepted,2268,1.0,0.06357350119580275,18.339786998694763,8.678718004375696,6.56561300274916,1.4039509987924248,1,0,0,,,,,,,,,,,,,,local_map_fast,False,12,4599,0,False,False,False,,,,inactive,,,,,,,,,,
front_end,4317041.5684,True,icp_accepted,2283,1.0,0.06035902684443893,18.234738003229722,8.513334003509954,5.707767006242648,1.5026180044515058,1,0,0,,,,,,,,,,,,,,local_map_fast,False,12,4599,0,False,False,False,,,,inactive,,,,,,,,,,
front_end,4317041.668291776,True,icp_accepted,2283,1.0,0.06205631859224251,17.94411700393539,8.56468100391794,6.509957005619071,1.2530749954748899,1,0,0,,,,,,,,,,,,,,local_map_fast,False,12,4599,0,False,False,False,,,,inactive,,,,,,,,,,
front_end,4317041.768214976,True,icp_accepted,2343,1.0,0.06396839482625762,16.771775000961497,6.919273000676185,4.881501998170279,1.4743339997949079,1,0,0,,,,,,,,,,,,,,local_map_fast,False,12,4599,0,False,False,False,,,,inactive,,,,,,,,,,
front_end,4317041.868224832,True,icp_accepted,2258,1.0,0.06086217918112514,17.473875006544404,7.8464999969583005,5.371078994357958,1.5360109973698854,1,0,0,,,,,,,,,,,,,,local_map_fast,False,12,4599,0,False,False,False,,,,inactive,,,,,,,,,,
front_end,4317041.968229216,True,icp_accepted,2306,1.0,0.0597654954000401,16.918893001275137,7.917474009445868,5.978109998977743,1.206045999424532,1,0,0,,,,,,,,,,,,,,local_map_fast,False,12,4599,0,False,False,False,,,,inactive,,,,,,,,,,
front_end,4317042.068219776,True,icp_accepted,2303,1.0,0.06062079017278362,19.040694998693652,9.364697994897142,6.916739002917893,1.1507409944897518,1,0,0,,,,,,,,,,,,,,local_map_fast,False,12,4599,0,False,False,False,,,,inactive,,,,,,,,,,
front_end,4317042.16826336,True,icp_accepted,2267,1.0,0.05894773522329947,17.428418999770656,8.204708996345289,6.191464010044001,1.1741750058718026,1,0,0,,,,,,,,,,,,,,local_map_fast,False,12,4599,0,False,False,False,,,,inactive,,,,,,,,,,
front_end,4317042.2682408,True,icp_accepted,2305,1.0,0.06196931904311995,20.451738993870094,8.617500992841087,6.550584002980031,1.4272749976953492,1,0,0,,,,,,,,,,,,,,local_map_fast,False,12,4599,0,False,False,False,,,,inactive,,,,,,,,,,
front_end,4317042.368344448,True,icp_accepted,2310,1.0,0.06173121001642082,16.106213006423786,6.829892998212017,4.808222001884133,1.2647569965338334,1,0,0,,,,,,,,,,,,,,local_map_fast,False,12,4599,0,False,False,False,,,,inactive,,,,,,,,,,
front_end,4317042.46821712,True,icp_accepted,2345,1.0,0.0586085195689164,20.288520012400113,8.847508011967875,6.671142997220159,1.3051030109636486,1,0,0,,,,,,,,,,,,,,local_map_fast,False,12,4599,0,False,False,False,,,,inactive,,,,,,,,,,
front_end,4317042.568530144,True,icp_accepted,2308,1.0,0.06373367301440173,20.185183006105945,8.766233004280366,6.6105470032198355,1.935106993187219,1,0,0,,,,,,,,,,,,,,local_map_fast,False,12,4599,0,False,False,False,,,,inactive,,,,,,,,,,
front_end,4317042.668208,True,icp_accepted,2376,1.0,0.06325782985006523,18.328766003833152,8.271815997431986,5.794951997813769,1.71955898986198,1,0,0,,,,,,,,,,,,,,local_map_fast,False,12,4599,0,False,False,False,,,,inactive,,,,,,,,,,
front_end,4317042.76818992,True,icp_accepted,2402,1.0,0.06111832316930323,20.605109006282873,8.321400004206225,6.267557997489348,2.1556959982262924,1,0,0,,,,,,,,,,,,,,local_map_fast,False,12,4599,0,False,False,False,,,,inactive,,,,,,,,,,
front_end,4317042.86821408,True,icp_accepted,2339,1.0,0.06251486738150493,19.6335079963319,8.332792000146583,6.26769800146576,2.1096580021549016,1,0,0,,,,,,,,,,,,,,local_map_fast,False,12,4599,0,False,False,False,,,,inactive,,,,,,,,,,
front_end,4317042.968202688,True,icp_accepted,2443,1.0,0.06067116675368295,18.893725995440036,7.528517991886474,5.2002849988639355,2.2345750039676204,1,0,0,,,,,,,,,,,,,,local_map_fast,False,12,4599,0,False,False,False,,,,inactive,,,,,,,,,,
front_end,4317043.06815888,True,icp_accepted,2382,1.0,0.06466572729680471,18.978085994604044,8.878625987563282,6.8981329968664795,2.2479500039480627,1,0,0,,,,,,,,,,,,,,local_map_fast,False,12,4599,0,False,False,False,,,,inactive,,,,,,,,,,
front_end,4317043.168179232,True,icp_accepted,2437,1.0,0.06738007157619268,17.996716997004114,8.124507003230974,5.991604004520923,1.9304190063849092,1,0,0,,,,,,,,,,,,,,local_map_fast,False,12,4599,0,False,False,False,,,,inactive,,,,,,,,,,
front_end,4317043.268201664,True,icp_accepted,2449,1.0,0.06648000221362975,19.509352001477964,9.086249003303237,6.829101999755949,1.7729499959386885,1,0,0,,,,,,,,,,,,,,local_map_fast,False,12,4599,0,False,False,False,,,,inactive,,,,,,,,,,
front_end,4317043.368331488,True,icp_accepted,2504,1.0,0.0656571740498325,21.034782999777235,10.426348992041312,7.961708004586399,2.0115420047659427,1,0,0,,,,,,,,,,,,,,local_map_fast,False,12,4599,0,False,False,False,,,,inactive,,,,,,,,,,
front_end,4317043.468208672,True,icp_accepted,2519,1.0,0.06715061643827593,21.515283006010577,9.933815003023483,7.113861996913329,2.001944012590684,1,0,0,,,,,,,,,,,,,,local_map_fast,False,12,4599,0,False,False,False,,,,inactive,,,,,,,,,,
front_end,4317043.568425696,True,icp_accepted,2393,1.0,0.07578562012737303,20.34699900832493,8.600479006418027,5.747531991801225,1.8823069985955954,1,0,0,,,,,,,,,,,,,,local_map_fast,False,12,4599,0,False,False,False,,,,inactive,,,,,,,,,,
front_end,4317043.66820896,True,icp_accepted,2409,1.0,0.08159637262387406,20.853489011642523,8.951955009251833,6.667355002718978,2.287395007442683,1,0,0,,,,,,,,,,,,,,local_map_fast,False,12,4599,0,False,False,False,,,,inactive,,,,,,,,,,
front_end,4317043.76821184,True,icp_accepted,2412,1.0,0.08529075630813346,21.873361998586915,8.260004004114307,5.979801993817091,2.0790099952137098,1,0,0,,,,,,,,,,,,,,local_map_fast,True,12,4735,0,False,False,False,,,,inactive,,,,,,,,,,
front_end,4317043.868292448,True,icp_accepted,2443,1.0,0.06772531509286962,19.772992003709078,8.871772995917127,6.429493994801305,2.1725370024796575,1,0,0,,,,,,,,,,,,,,local_map_fast,False,12,4735,0,False,False,False,,,,inactive,,,,,,,,,,
front_end,4317043.968330048,True,icp_accepted,2418,1.0,0.07453381686814464,19.80560399533715,7.905552003649063,5.450489989016205,2.46186600998044,1,0,0,,,,,,,,,,,,,,local_map_fast,False,12,4735,0,False,False,False,,,,inactive,,,,,,,,,,
front_end,4317044.068165568,True,icp_accepted,2405,1.0,0.07588943252761551,20.418564992723987,8.229946994106285,6.128284003352746,2.5284820003435016,1,0,0,,,,,,,,,,,,,,local_map_fast,False,12,4735,0,False,False,False,,,,inactive,,,,,,,,,,
front_end,4317044.168176192,True,icp_accepted,2471,0.9995953055443141,0.08591845123122366,18.97977798944339,7.741159992292523,5.511194001883268,2.0656650012824684,1,0,0,,,,,,,,,,,,,,local_map_fast,False,12,4735,0,False,False,False,,,,inactive,,,,,,,,,,
front_end,4317044.268187136,True,icp_accepted,2444,1.0,0.08818594597035803,24.945944009232335,9.314912007539533,6.848819000879303,1.9965729879913852,1,0,0,,,,,,,,,,,,,,local_map_fast,False,12,4735,0,False,False,False,,,,inactive,,,,,,,,,,
front_end,4317044.36817936,True,icp_accepted,2538,0.9992119779353822,0.08992865980780454,41.58534700400196,10.860391004825942,8.085112000117078,12.078209008905105,1,0,0,,,,,,,,,,,,,,local_map_fast,True,12,4910,0,False,False,False,,,,inactive,,,,,,,,,,
front_end,4317044.468214496,True,icp_accepted,2577,1.0,0.06512012961011532,42.05658100545406,13.738224995904602,10.497123003005981,9.999089001212269,1,0,0,,,,,,,,,,,,,,local_map_fast,False,12,4910,0,False,False,False,,,,inactive,,,,,,,,,,
front_end,4317044.56833664,True,icp_accepted,2524,1.0,0.07267241044831295,24.04618900618516,11.29081699764356,8.06867099890951,2.457887996570207,1,0,0,,,,,,,,,,,,,,local_map_fast,False,12,4910,0,False,False,False,,,,inactive,,,,,,,,,,
optimized_backend,,,,,,,,,,,,,,,,,,,,,,,,,,,,,,,,,,,,,,,,,177,294,118,,,,pose_graph,True
front_end,4317044.668297216,True,icp_accepted,2542,1.0,0.07549999954364643,22.975651008891873,10.582875009276904,8.04397399770096,2.4688179983058944,1,0,0,,,,,,,,,,,,,,local_map_fast,False,12,4910,0,False,False,False,,,,inactive,,,,,,,,,,
front_end,4317044.768221728,True,icp_accepted,2516,1.0,0.07710965719723996,20.439985004486516,8.8662520138314,5.979091001790948,1.9063630024902523,1,0,0,,,,,,,,,,,,,,local_map_fast,False,12,4910,0,False,False,False,,,,inactive,,,,,,,,,,
front_end,4317044.868296224,True,icp_accepted,2561,1.0,0.0842960046565926,19.44172300864011,8.686481000040658,6.460293006966822,2.0242660102667287,1,0,0,,,,,,,,,,,,,,local_map_fast,False,12,4910,0,False,False,False,,,,inactive,,,,,,,,,,
front_end,4317044.968283968,True,icp_accepted,2502,1.0,0.09206128884780537,21.50868100579828,8.671113013406284,6.417621989385225,2.416949995676987,1,0,0,,,,,,,,,,,,,,local_map_fast,True,12,5133,0,False,False,False,,,,inactive,,,,,,,,,,
front_end,4317045.068181376,True,icp_accepted,2546,1.0,0.07030073678857765,18.919032998383045,8.629324001958594,6.571232996066101,2.278878993820399,1,0,0,,,,,,,,,,,,,,local_map_fast,False,12,5133,0,False,False,False,,,,inactive,,,,,,,,,,
front_end,4317045.168266304,True,icp_accepted,2532,1.0,0.07129164052533539,19.89654600038193,9.766649003722705,7.448154996382073,2.1625480003422126,1,0,0,,,,,,,,,,,,,,local_map_fast,False,12,5133,0,False,False,False,,,,inactive,,,,,,,,,,
front_end,4317045.268105088,True,icp_accepted,2612,1.0,0.0731678908157284,20.037852998939343,9.27182000305038,6.794617002015002,1.9679289980558679,1,0,0,,,,,,,,,,,,,,local_map_fast,False,12,5133,0,False,False,False,,,,inactive,,,,,,,,,,
front_end,4317045.368189856,True,icp_accepted,2591,1.0,0.07564321436413415,27.831961997435428,7.168744996306486,5.107178003527224,2.0767849928233773,1,0,0,,,,,,,,,,,,,,local_map_fast,False,12,5133,0,False,False,False,,,,inactive,,,,,,,,,,
front_end,4317045.468114496,True,icp_accepted,2644,1.0,0.08280832125299696,34.63578599621542,12.593776002177037,8.176574992830865,9.146142998361029,1,0,0,,,,,,,,,,,,,,local_map_fast,False,12,5133,0,False,False,False,,,,inactive,,,,,,,,,,
front_end,4317045.568410016,True,icp_accepted,2689,1.0,0.08923627051643489,38.96181398886256,15.371178989880718,12.669830000959337,8.630866010207683,1,0,0,,,,,,,,,,,,,,local_map_fast,True,12,5451,0,False,False,False,,,,inactive,,,,,,,,,,
front_end,4317045.668188672,True,icp_accepted,2694,1.0,0.06696943106183187,38.9869620121317,15.736361005110666,13.036454998655245,9.705272008432075,1,0,0,,,,,,,,,,,,,,local_map_fast,False,12,5451,0,False,False,False,,,,inactive,,,,,,,,,,
front_end,4317045.768276384,True,icp_accepted,2665,1.0,0.06895604329048594,22.462787994300015,8.986770990304649,6.557426997460425,2.2108999983174726,1,0,0,,,,,,,,,,,,,,local_map_fast,False,12,5451,0,False,False,False,,,,inactive,,,,,,,,,,
optimized_backend,,,,,,,,,,,,,,,,,,,,,,,,,,,,,,,,,,,,,,,,,178,296,119,,,,pose_graph,True
front_end,4317045.868089856,True,icp_accepted,2691,1.0,0.07281231443742117,22.834642993984744,9.786816997802816,7.216174999484792,3.1670419994043186,1,0,0,,,,,,,,,,,,,,local_map_fast,False,12,5451,0,False,False,False,,,,inactive,,,,,,,,,,
front_end,4317045.96820032,True,icp_accepted,2722,1.0,0.0729355674162283,20.834502996876836,8.32763098878786,5.585776001680642,2.3403450031764805,1,0,0,,,,,,,,,,,,,,local_map_fast,False,12,5451,0,False,False,False,,,,inactive,,,,,,,,,,
front_end,4317046.068252704,True,icp_accepted,2722,1.0,0.07952306432654385,20.312904001912102,7.744646005448885,5.3434669971466064,2.5662529951659963,1,0,0,,,,,,,,,,,,,,local_map_fast,True,12,5645,0,False,False,False,,,,inactive,,,,,,,,,,
front_end,4317046.168279904,True,icp_accepted,2726,1.0,0.0648057162117275,18.413404002785683,7.979392001288943,5.259375990135595,2.350944996578619,1,0,0,,,,,,,,,,,,,,local_map_fast,False,12,5645,0,False,False,False,,,,inactive,,,,,,,,,,
front_end,4317046.268183776,True,icp_accepted,2826,1.0,0.06724167997977308,20.846284009166993,9.21592500526458,6.837737004389055,2.755983005044982,1,0,0,,,,,,,,,,,,,,local_map_fast,False,12,5645,0,False,False,False,,,,inactive,,,,,,,,,,
front_end,4317046.368089248,True,icp_accepted,2836,1.0,0.07009561392856525,19.757571004447527,8.401851009693928,5.790674011223018,2.9322260088520125,1,0,0,,,,,,,,,,,,,,local_map_fast,False,12,5645,0,False,False,False,,,,inactive,,,,,,,,,,
front_end,4317046.46817168,True,icp_accepted,2858,1.0,0.07422931598779751,23.184795994893648,8.26015300117433,6.1911619995953515,3.211445000488311,1,0,0,,,,,,,,,,,,,,local_map_fast,False,12,5645,0,False,False,False,,,,inactive,,,,,,,,,,
front_end,4317046.568161024,True,icp_accepted,2904,1.0,0.08162334402381063,41.842432008706965,13.702696000109427,10.597692991723306,16.484057006891817,1,0,0,,,,,,,,,,,,,,local_map_fast,False,12,5645,0,False,False,False,,,,inactive,,,,,,,,,,
front_end,4317046.668245856,True,icp_accepted,2835,1.0,0.08379669643487697,41.24826600309461,12.008044999674894,9.277460994780995,11.43181299266871,1,0,0,,,,,,,,,,,,,,local_map_fast,True,12,5651,0,False,False,False,,,,inactive,,,,,,,,,,
front_end,4317046.768251616,True,icp_accepted,2893,1.0,0.06537017684754959,32.489849007106386,10.617721010930836,8.211791995563544,9.7034979989985,1,0,0,,,,,,,,,,,,,,local_map_fast,False,12,5651,0,False,False,False,,,,inactive,,,,,,,,,,
optimized_backend,,,,,,,,,,,,,,,,,,,,,,,,,,,,,,,,,,,,,,,,,179,298,120,,,,pose_graph,True
front_end,4317046.868153024,True,icp_accepted,2861,1.0,0.06776656831265244,23.16727199649904,9.49239800684154,7.196436999947764,4.224424992571585,1,0,0,,,,,,,,,,,,,,local_map_fast,False,12,5651,0,False,False,False,,,,inactive,,,,,,,,,,
front_end,4317046.968107008,True,icp_accepted,2941,1.0,0.07257324644190899,23.742592995404266,10.398875994724222,7.881634999648668,2.8125599928898737,1,0,0,,,,,,,,,,,,,,local_map_fast,False,12,5651,0,False,False,False,,,,inactive,,,,,,,,,,
front_end,4317047.06817152,True,icp_accepted,2949,1.0,0.07771468171025449,20.655391999753192,7.952039013616741,5.585113991401158,2.838640008121729,1,0,0,,,,,,,,,,,,,,local_map_fast,False,12,5651,0,False,False,False,,,,inactive,,,,,,,,,,
front_end,4317047.168196928,True,icp_accepted,2809,1.0,0.07702634191524822,22.984526003710926,7.587928994325921,5.362241005059332,2.4111689999699593,1,0,0,,,,,,,,,,,,,,local_map_fast,True,12,5771,0,False,False,False,,,,inactive,,,,,,,,,,
front_end,4317047.26805232,True,icp_accepted,2868,1.0,0.06551314006443473,24.562065009376965,10.691950999898836,8.181755008990876,2.5668340094853193,1,0,0,,,,,,,,,,,,,,local_map_fast,False,12,5771,0,False,False,False,,,,inactive,,,,,,,,,,
front_end,4317047.368222496,True,icp_accepted,2873,1.0,0.06584279446471554,23.075377990608104,9.826360997976735,7.355037989327684,2.7651499985950068,1,0,0,,,,,,,,,,,,,,local_map_fast,False,12,5771,0,False,False,False,,,,inactive,,,,,,,,,,
front_end,4317047.468150528,True,icp_accepted,2888,1.0,0.07462230652545847,23.28498499991838,8.851453007082455,6.605566988582723,2.539472989155911,1,0,0,,,,,,,,,,,,,,local_map_fast,False,12,5771,0,False,False,False,,,,inactive,,,,,,,,,,
front_end,4317047.568083968,True,icp_accepted,2888,1.0,0.09089656352982063,43.82468800758943,17.59742700960487,11.166119002155028,14.360282992129214,1,0,0,,,,,,,,,,,,,,local_map_fast,False,12,5771,0,False,False,False,,,,inactive,,,,,,,,,,
front_end,4317047.668180544,True,icp_accepted,2866,1.0,0.10290330155759747,38.727648003259674,13.585213004262187,8.199898002203554,9.198130006552674,1,0,0,,,,,,,,,,,,,,local_map_fast,True,12,5931,0,False,False,False,,,,inactive,,,,,,,,,,
front_end,4317047.76813104,True,icp_accepted,2847,1.0,0.06946971638431343,33.73948601074517,9.229971008608118,6.786791011109017,11.416825000196695,1,0,0,,,,,,,,,,,,,,local_map_fast,False,12,5931,0,False,False,False,,,,inactive,,,,,,,,,,
front_end,4317047.868075904,True,icp_accepted,2840,0.9996478873239436,0.08059670937816142,29.84844200545922,10.472826004843228,7.9974050022428855,8.57758401252795,1,0,0,,,,,,,,,,,,,,local_map_fast,False,12,5931,0,False,False,False,,,,inactive,,,,,,,,,,
optimized_backend,,,,,,,,,,,,,,,,,,,,,,,,,,,,,,,,,,,,,,,,,180,300,121,,,,pose_graph,True
front_end,4317047.968174624,True,icp_accepted,2859,1.0,0.08720256796565781,21.491985986358486,8.972051000455394,6.7776829964714125,3.0360429955180734,1,0,0,,,,,,,,,,,,,,local_map_fast,False,12,5931,0,False,False,False,,,,inactive,,,,,,,,,,
front_end,4317048.068074688,True,icp_accepted,2944,1.0,0.0966174266660735,23.39054500043858,8.540814000298269,6.426908992580138,3.1251519976649433,1,0,0,,,,,,,,,,,,,,local_map_fast,False,12,5931,0,False,False,False,,,,inactive,,,,,,,,,,
front_end,4317048.16811264,True,icp_accepted,2943,0.9989806320081549,0.11137688943544309,23.099754005670547,8.7450120045105,6.216130001121201,2.9523740086006,1,0,0,,,,,,,,,,,,,,local_map_fast,True,12,6152,0,False,False,False,,,,inactive,,,,,,,,,,
front_end,4317048.26804704,True,icp_accepted,2952,1.0,0.06750271977185415,22.02632901025936,9.322065001470037,6.989494999288581,2.576843005954288,1,0,0,,,,,,,,,,,,,,local_map_fast,False,12,6152,0,False,False,False,,,,inactive,,,,,,,,,,
front_end,4317048.368175616,True,icp_accepted,2999,1.0,0.07431758972203105,20.19433700479567,7.8718760050833225,5.449085991131142,2.4658330075908452,1,0,0,,,,,,,,,,,,,,local_map_fast,False,12,6152,0,False,False,False,,,,inactive,,,,,,,,,,
front_end,4317048.468071744,True,icp_accepted,3033,1.0,0.09139951542805892,38.47607100033201,10.156085001653992,7.594741997309029,2.9400210041785613,1,0,0,,,,,,,,,,,,,,local_map_fast,False,12,6152,0,False,False,False,,,,inactive,,,,,,,,,,
front_end,4317048.568043136,True,icp_accepted,3178,1.0,0.11420569527763949,51.054736992227845,15.111225002328865,11.877557000843808,15.633044007699937,1,0,0,,,,,,,,,,,,,,local_map_fast,False,12,6152,0,False,False,False,,,,inactive,,,,,,,,,,
front_end,4317048.668039616,True,icp_accepted,3077,1.0,0.12468280631169469,43.161077992408536,11.580605001654476,8.19500899524428,9.152945000096224,1,0,0,,,,,,,,,,,,,,local_map_fast,True,12,6474,0,False,False,False,,,,inactive,,,,,,,,,,
front_end,4317048.768042144,True,icp_accepted,3080,1.0,0.07009790444920469,41.37779898883309,19.611833995440975,16.430815987405367,10.531606996664777,1,0,0,,,,,,,,,,,,,,local_map_fast,False,12,6474,0,False,False,False,,,,inactive,,,,,,,,,,
optimized_backend,,,,,,,,,,,,,,,,,,,,,,,,,,,,,,,,,,,,,,,,,181,302,122,,,,pose_graph,True
front_end,4317048.868113984,True,icp_accepted,3155,1.0,0.07832780499883238,27.41711400449276,13.748402008786798,9.764804010046646,3.4492559934733436,1,0,0,,,,,,,,,,,,,,local_map_fast,False,12,6474,0,False,False,False,,,,inactive,,,,,,,,,,
front_end,4317048.968060544,True,icp_accepted,3166,1.0,0.08264714881539456,20.015048008644953,9.036174000357278,6.160463992273435,2.773986998363398,1,0,0,,,,,,,,,,,,,,local_map_fast,False,12,6474,0,False,False,False,,,,inactive,,,,,,,,,,
front_end,4317049.06802656,True,icp_accepted,3167,1.0,0.09943385062122626,19.885002009687014,8.121390012092888,5.571909001446329,3.491316005238332,1,0,0,,,,,,,,,,,,,,local_map_fast,False,12,6474,0,False,False,False,,,,inactive,,,,,,,,,,
front_end,4317049.16800768,True,icp_accepted,3245,1.0,0.11302874639043538,22.396220010705292,7.938934009871446,5.88551300461404,2.7040739951189607,1,0,0,,,,,,,,,,,,,,local_map_fast,True,12,6740,0,False,False,False,,,,inactive,,,,,,,,,,
front_end,4317049.268185632,True,icp_accepted,3227,1.0,0.0745018290794729,20.78818200971,8.938598009990528,6.33283999923151,3.229219000786543,1,0,0,,,,,,,,,,,,,,local_map_fast,False,12,6740,0,False,False,False,,,,inactive,,,,,,,,,,
front_end,4317049.368048832,True,icp_accepted,3282,1.0,0.07791284884625085,18.944459006888792,7.741109002381563,5.483802000526339,3.001937991939485,1,0,0,,,,,,,,,,,,,,local_map_fast,False,12,6740,0,False,False,False,,,,inactive,,,,,,,,,,
front_end,4317049.468180064,True,icp_accepted,3201,1.0,0.08173129053550354,22.184176996233873,7.495273006497882,5.205424007726833,3.0091320077190176,1,0,0,,,,,,,,,,,,,,local_map_fast,False,12,6740,0,False,False,False,,,,inactive,,,,,,,,,,
front_end,4317049.568039648,True,icp_accepted,3411,1.0,0.09788438019662159,45.62764101137873,10.001773000112735,6.745061997207813,15.423906996147707,1,0,0,,,,,,,,,,,,,,local_map_fast,False,12,6740,0,False,False,False,,,,inactive,,,,,,,,,,
front_end,4317049.668029344,True,icp_accepted,3313,1.0,0.10243850527473199,39.3714270030614,16.09361699956935,13.384101999690756,6.577804990229197,1,0,0,,,,,,,,,,,,,,local_map_fast,True,12,6897,0,False,False,False,,,,inactive,,,,,,,,,,
front_end,4317049.76814512,True,icp_accepted,3353,1.0,0.07087150612229616,41.6534510004567,13.907864995417185,11.020693011232652,6.26013200962916,1,0,0,,,,,,,,,,,,,,local_map_fast,False,12,6897,0,False,False,False,,,,inactive,,,,,,,,,,
front_end,4317049.868021952,True,icp_accepted,3362,1.0,0.07828378187502526,38.52543300308753,11.788138013798743,9.376857997267507,10.952754993923008,1,0,0,,,,,,,,,,,,,,local_map_fast,False,12,6897,0,False,False,False,,,,inactive,,,,,,,,,,
front_end,4317049.967990816,True,icp_accepted,3370,1.0,0.07589936496317744,38.92010099662002,12.540002993773669,8.802931013633497,11.281888000667095,1,0,0,,,,,,,,,,,,,,local_map_fast,False,12,6897,0,False,False,False,,,,inactive,,,,,,,,,,
optimized_backend,,,,,,,,,,,,,,,,,,,,,,,,,,,,,,,,,,,,,,,,,182,304,123,,,,pose_graph,True
front_end,4317050.067984192,True,icp_accepted,3400,1.0,0.07591104678309528,24.250091999419965,10.907307994784787,8.467425010167062,2.9021490045124665,1,0,0,,,,,,,,,,,,,,local_map_fast,False,12,6897,0,False,False,False,,,,inactive,,,,,,,,,,
front_end,4317050.168080704,True,icp_accepted,3246,1.0,0.08051925298323476,20.070131999091245,7.28890199388843,5.019311007345095,3.5445660032564774,1,0,0,,,,,,,,,,,,,,local_map_fast,False,12,6897,0,False,False,False,,,,inactive,,,,,,,,,,
front_end,4317050.2679832,True,icp_accepted,3314,1.0,0.08383832829515854,21.9621959986398,8.948475995566696,6.5988340065814555,2.461784999468364,1,0,0,,,,,,,,,,,,,,local_map_fast,False,12,6897,0,False,False,False,,,,inactive,,,,,,,,,,
front_end,4317050.36799248,True,icp_accepted,3186,1.0,0.0849594539100813,19.787063996773213,8.32487500156276,6.2332910019904375,2.1282129891915247,1,0,0,,,,,,,,,,,,,,local_map_fast,False,12,6897,0,False,False,False,,,,inactive,,,,,,,,,,
front_end,4317050.468073184,True,icp_accepted,3203,1.0,0.09021932955738284,25.6124430015916,8.655370998894796,6.43016399408225,2.5924719957401976,1,0,0,,,,,,,,,,,,,,local_map_fast,True,12,7040,0,False,False,False,,,,inactive,,,,,,,,,,
front_end,4317050.56813456,True,icp_accepted,3282,1.0,0.06668085123595846,20.684144998085685,8.633268997073174,6.481922988314182,2.6456129999132827,1,0,0,,,,,,,,,,,,,,local_map_fast,False,12,7040,0,False,False,False,,,,inactive,,,,,,,,,,
front_end,4317050.668122624,True,icp_accepted,3151,1.0,0.0647464479729171,20.768032991327345,8.971278992248699,6.796187997679226,2.6055380003526807,1,0,0,,,,,,,,,,,,,,local_map_fast,False,12,7040,0,False,False,False,,,,inactive,,,,,,,,,,
front_end,4317050.768073888,True,icp_accepted,3249,1.0,0.06555454268843569,19.05923499725759,7.331062006414868,5.089925005449913,2.7111370000056922,1,0,0,,,,,,,,,,,,,,local_map_fast,False,12,7040,0,False,False,False,,,,inactive,,,,,,,,,,
front_end,4317050.8681432,True,icp_accepted,3198,1.0,0.06752834826223456,19.565024005714804,8.783804994891398,6.0463169938884676,2.337319005164318,1,0,0,,,,,,,,,,,,,,local_map_fast,False,12,7040,0,False,False,False,,,,inactive,,,,,,,,,,
front_end,4317050.968091872,True,icp_accepted,3359,1.0,0.06678914437612546,20.777612007805146,9.371938998810947,6.900576001498848,2.643760002683848,1,0,0,,,,,,,,,,,,,,local_map_fast,False,12,7040,0,False,False,False,,,,inactive,,,,,,,,,,
front_end,4317051.06804432,True,icp_accepted,3148,1.0,0.06648553407080529,19.408407009905204,8.966601002612151,6.468346997280605,2.387634012848139,1,0,0,,,,,,,,,,,,,,local_map_fast,False,12,7040,0,False,False,False,,,,inactive,,,,,,,,,,
front_end,4317051.167974912,True,icp_accepted,3223,1.0,0.06791690552418181,20.021589007228613,8.540733004338108,6.3939459942048416,2.7459330012788996,1,0,0,,,,,,,,,,,,,,local_map_fast,False,12,7040,0,False,False,False,,,,inactive,,,,,,,,,,
front_end,4317051.268129088,True,icp_accepted,3239,1.0,0.06921192719426238,19.221852999180555,8.156465002684854,6.08945800922811,2.4867419997463003,1,0,0,,,,,,,,,,,,,,local_map_fast,False,12,7040,0,False,False,False,,,,inactive,,,,,,,,,,
front_end,4317051.368057376,True,icp_accepted,3214,1.0,0.06894097511106463,17.29790700483136,7.1107039984781295,4.942274987115525,2.2932959982426837,1,0,0,,,,,,,,,,,,,,local_map_fast,False,12,7040,0,False,False,False,,,,inactive,,,,,,,,,,
front_end,4317051.468130624,True,icp_accepted,3235,1.0,0.06600927653887602,18.981528002768755,7.923223995021544,5.163463996723294,2.7803980046883225,1,0,0,,,,,,,,,,,,,,local_map_fast,False,12,7040,0,False,False,False,,,,inactive,,,,,,,,,,
front_end,4317051.568094688,True,icp_accepted,3305,1.0,0.07097536400686431,19.519737994414754,8.026499999687076,5.946798992226832,3.0946439947001636,1,0,0,,,,,,,,,,,,,,local_map_fast,False,12,7040,0,False,False,False,,,,inactive,,,,,,,,,,
front_end,4317051.668036608,True,icp_accepted,3088,1.0,0.06807460219860559,18.979634987772442,7.34209299844224,5.036574002588168,2.3331410047831014,1,0,0,,,,,,,,,,,,,,local_map_fast,False,12,7040,0,False,False,False,,,,inactive,,,,,,,,,,
front_end,4317051.767965792,True,icp_accepted,3162,1.0,0.06922860397101384,18.904151002061553,7.9867739987093955,5.4558679985348135,2.194457993027754,1,0,0,,,,,,,,,,,,,,local_map_fast,False,12,7040,0,False,False,False,,,,inactive,,,,,,,,,,
front_end,4317051.868069216,True,icp_accepted,3264,1.0,0.06823948317014787,27.546737997909077,8.189818996470422,6.162628007587045,2.5159079959848896,1,0,0,,,,,,,,,,,,,,local_map_fast,False,12,7040,0,False,False,False,,,,inactive,,,,,,,,,,
front_end,4317051.968056928,True,icp_accepted,3377,1.0,0.07065805714620203,38.614049000898376,9.369753999635577,6.926985006430186,10.16501100093592,1,0,0,,,,,,,,,,,,,,local_map_fast,False,12,7040,0,False,False,False,,,,inactive,,,,,,,,,,
front_end,4317052.06812832,True,icp_accepted,3101,1.0,0.08270724137287076,40.0582449947251,13.50137300323695,10.16150500799995,10.301690010237508,1,0,0,,,,,,,,,,,,,,local_map_fast,False,12,7040,0,False,False,False,,,,inactive,,,,,,,,,,
front_end,4317052.16813104,True,icp_accepted,3185,0.9993720565149137,0.08397658515919586,35.326750003150664,11.14575999963563,8.4360549953999,5.420802001026459,1,0,0,,,,,,,,,,,,,,local_map_fast,False,12,7040,0,False,False,False,,,,inactive,,,,,,,,,,
front_end,4317052.268037184,True,icp_accepted,3043,1.0,0.09325962881346636,24.847792999935336,9.516631995211355,7.155258004786447,3.443084002356045,1,0,0,,,,,,,,,,,,,,local_map_fast,True,12,7153,0,False,False,False,,,,inactive,,,,,,,,,,
optimized_backend,,,,,,,,,,,,,,,,,,,,,,,,,,,,,,,,,,,,,,,,,183,306,124,,,,pose_graph,True
front_end,4317052.367912096,True,icp_accepted,3182,1.0,0.06802371050050064,27.810366998892277,9.749133998411708,6.942193998838775,2.7461829886306077,1,0,0,,,,,,,,,,,,,,local_map_fast,False,12,7153,0,False,False,False,,,,inactive,,,,,,,,,,
front_end,4317052.468052864,True,icp_accepted,3081,1.0,0.07011508546401087,42.15104000468273,14.443908992689103,11.772767989896238,9.295674011809751,1,0,0,,,,,,,,,,,,,,local_map_fast,False,12,7153,0,False,False,False,,,,inactive,,,,,,,,,,
front_end,4317052.568031488,True,icp_accepted,3120,1.0,0.0721207507153571,49.9669900018489,12.299205001909286,8.366652997210622,11.678530005156063,1,0,0,,,,,,,,,,,,,,local_map_fast,True,12,7146,0,False,False,False,,,,inactive,,,,,,,,,,
front_end,4317052.667949792,True,icp_accepted,3189,1.0,0.06671511218135272,32.06682200834621,12.923849004437216,8.754348004003987,6.1930849915370345,1,0,0,,,,,,,,,,,,,,local_map_fast,False,12,7146,0,False,False,False,,,,inactive,,,,,,,,,,
front_end,4317052.76804736,True,icp_accepted,3036,1.0,0.06559810212088837,27.45599500485696,11.36594700801652,8.816094996291213,3.227986002457328,1,0,0,,,,,,,,,,,,,,local_map_fast,True,12,7082,0,False,False,False,,,,inactive,,,,,,,,,,
optimized_backend,,,,,,,,,,,,,,,,,,,,,,,,,,,,,,,,,,,,,,,,,184,308,125,,,,pose_graph,True
front_end,4317052.867988768,True,icp_accepted,3165,1.0,0.06386747682768652,53.145141995628364,14.668325005914085,11.244385997997597,11.545887988177128,1,0,0,,,,,,,,,,,,,,local_map_fast,False,12,7082,0,False,False,False,,,,inactive,,,,,,,,,,
front_end,4317052.967925536,True,icp_accepted,3083,1.0,0.06430816897957925,36.42648299864959,12.430645001586527,9.416191998752765,7.141201000194997,1,0,0,,,,,,,,,,,,,,local_map_fast,True,12,6995,0,False,False,False,,,,inactive,,,,,,,,,,
front_end,4317053.06805168,True,icp_accepted,3109,1.0,0.06209667772344628,34.055882002576254,11.461488000350073,8.818450005492195,6.529012011014856,1,0,0,,,,,,,,,,,,,,local_map_fast,False,12,6995,0,False,False,False,,,,inactive,,,,,,,,,,
front_end,4317053.167987008,True,icp_accepted,3108,1.0,0.06735687746926522,53.549216987448744,17.19422999303788,14.27671300189104,11.913132999325171,1,0,0,,,,,,,,,,,,,,local_map_fast,True,12,6859,0,False,False,False,,,,inactive,,,,,,,,,,
front_end,4317053.26793216,True,icp_accepted,3098,0.9977404777275661,0.062412512160361346,23.392364993924275,8.886307987268083,6.746073006070219,3.4432049869792536,1,0,0,,,,,,,,,,,,,,local_map_fast,False,12,6859,0,False,False,False,,,,inactive,,,,,,,,,,
optimized_backend,,,,,,,,,,,,,,,,,,,,,,,,,,,,,,,,,,,,,,,,,185,310,126,,,,pose_graph,True
front_end,4317053.368025824,True,icp_accepted,3170,0.9952681388012619,0.06743058195181116,51.09380399517249,25.03104999777861,22.3565110063646,8.0608940043021,1,0,0,,,,,,,,,,,,,,local_map_fast,True,12,6830,0,False,False,False,,,,inactive,,,,,,,,,,
front_end,4317053.467997344,True,icp_accepted,3081,1.0,0.06250099052290832,36.11170599469915,14.19942599022761,11.716660999809392,8.794533991022035,1,0,0,,,,,,,,,,,,,,local_map_fast,False,12,6830,0,False,False,False,,,,inactive,,,,,,,,,,
front_end,4317053.567951328,True,icp_accepted,3138,0.9996813256851498,0.0638763326213571,36.18867100158241,11.443362993304618,8.772122004302219,5.077601002994925,1,0,0,,,,,,,,,,,,,,local_map_fast,True,12,6728,0,False,False,False,,,,inactive,,,,,,,,,,
front_end,4317053.668042048,True,icp_accepted,3101,1.0,0.06383511199823967,37.636535009369254,15.775582010974176,12.801196004147641,7.479531996068545,1,0,0,,,,,,,,,,,,,,local_map_fast,False,12,6728,0,False,False,False,,,,inactive,,,,,,,,,,
front_end,4317053.767990752,True,icp_accepted,3039,1.0,0.07502984729173717,37.435764010297135,11.084363010013476,7.940907002193853,3.282489997218363,1,0,0,,,,,,,,,,,,,,local_map_fast,True,12,6644,0,False,False,False,,,,inactive,,,,,,,,,,
optimized_backend,,,,,,,,,,,,,,,,,,,,,,,,,,,,,,,,,,,,,,,,,186,312,127,,,,pose_graph,True
front_end,4317053.867893152,True,icp_accepted,2985,1.0,0.06265557771631383,38.54658899945207,16.293292996124364,9.958169001038186,8.866611009580083,1,0,0,,,,,,,,,,,,,,local_map_fast,False,12,6644,0,False,False,False,,,,inactive,,,,,,,,,,
front_end,4317053.967885536,True,icp_accepted,2902,1.0,0.06431573395221449,42.686954999226145,10.914511003647931,8.329482996487059,9.358261988381855,1,0,0,,,,,,,,,,,,,,local_map_fast,True,12,6447,0,False,False,False,,,,inactive,,,,,,,,,,
front_end,4317054.067903776,True,icp_accepted,2867,1.0,0.0618185170605626,29.946473994641565,12.771920999512076,9.019439996336587,4.613372002495453,1,0,0,,,,,,,,,,,,,,local_map_fast,False,12,6447,0,False,False,False,,,,inactive,,,,,,,,,,
front_end,4317054.167930624,True,icp_accepted,2883,1.0,0.06707003853194791,40.60480899352115,11.98604199453257,9.49531199876219,9.266699009458534,1,0,0,,,,,,,,,,,,,,local_map_fast,False,12,6447,0,False,False,False,,,,inactive,,,,,,,,,,
optimized_backend,,,,,,,,,,,,,,,,,,,,,,,,,,,,,,,,,,,,,,,,,187,314,128,,,,pose_graph,True
front_end,4317054.267973408,True,icp_accepted,2922,1.0,0.06951822212335151,32.69531099067535,9.062591998372227,6.66711300436873,2.8392399981385097,1,0,0,,,,,,,,,,,,,,local_map_fast,True,12,6314,0,False,False,False,,,,inactive,,,,,,,,,,
front_end,4317054.367995104,True,icp_accepted,2851,1.0,0.06445217456148748,32.14937601296697,10.981737999827601,7.330961001571268,5.715089006116614,1,0,0,,,,,,,,,,,,,,local_map_fast,False,12,6314,0,False,False,False,,,,inactive,,,,,,,,,,
front_end,4317054.467873696,True,icp_accepted,2882,1.0,0.06471333187768043,31.526165999821387,10.929158990620635,8.39172099949792,8.489015002851374,1,0,0,,,,,,,,,,,,,,local_map_fast,False,12,6314,0,False,False,False,,,,inactive,,,,,,,,,,
front_end,4317054.568032288,True,icp_accepted,2834,1.0,0.06368833804267525,35.717417995329015,11.135198990814388,8.626344992080703,6.860278997919522,1,0,0,,,,,,,,,,,,,,local_map_fast,False,12,6314,0,False,False,False,,,,inactive,,,,,,,,,,
front_end,4317054.667963744,True,icp_accepted,2877,1.0,0.0643914401572007,28.011015005176887,9.676214001956396,7.380655006272718,4.198265000013635,1,0,0,,,,,,,,,,,,,,local_map_fast,True,12,6043,0,False,False,False,,,,inactive,,,,,,,,,,
optimized_backend,,,,,,,,,,,,,,,,,,,,,,,,,,,,,,,,,,,,,,,,,188,316,129,,,,pose_graph,True
front_end,4317054.767852192,True,icp_accepted,2908,1.0,0.06137431937266872,39.95060900342651,16.836491995491087,14.095958991674706,10.292582999682054,1,0,0,,,,,,,,,,,,,,local_map_fast,False,12,6043,0,False,False,False,,,,inactive,,,,,,,,,,
front_end,4317054.867876096,True,icp_accepted,2892,1.0,0.06192676613055991,33.32323000358883,12.799322008504532,8.31234100041911,8.592572004999965,1,0,0,,,,,,,,,,,,,,local_map_fast,False,12,6043,0,False,False,False,,,,inactive,,,,,,,,,,
front_end,4317054.96792784,True,icp_accepted,2865,1.0,0.06073132411793155,38.437170995166525,9.539715989376418,7.1350489888573065,13.684249002835713,1,0,0,,,,,,,,,,,,,,local_map_fast,False,12,6043,0,False,False,False,,,,inactive,,,,,,,,,,
front_end,4317055.067872576,True,icp_accepted,2887,1.0,0.06340042055096834,24.942520991316997,11.262219995842315,8.353347991942428,2.2383519972208887,1,0,0,,,,,,,,,,,,,,local_map_fast,False,12,6043,0,False,False,False,,,,inactive,,,,,,,,,,
optimized_backend,,,,,,,,,,,,,,,,,,,,,,,,,,,,,,,,,,,,,,,,,189,318,130,,,,pose_graph,True
front_end,4317055.16798384,True,icp_accepted,2858,1.0,0.06568909226487149,44.246557998121716,15.518102998612449,12.46076099050697,8.383496009628288,1,0,0,,,,,,,,,,,,,,local_map_fast,False,12,6043,0,False,False,False,,,,inactive,,,,,,,,,,
front_end,4317055.267908032,True,icp_accepted,2799,1.0,0.067262348348613,32.89763399516232,9.746858006110415,7.29616399621591,7.921500000520609,1,0,0,,,,,,,,,,,,,,local_map_fast,False,12,6043,0,False,False,False,,,,inactive,,,,,,,,,,
front_end,4317055.367890816,True,icp_accepted,2739,1.0,0.06850427095084242,33.4360840060981,10.793491004733369,8.436004995019175,6.866570998681709,1,0,0,,,,,,,,,,,,,,local_map_fast,False,12,6043,0,False,False,False,,,,inactive,,,,,,,,,,
front_end,4317055.46801104,True,icp_accepted,2780,1.0,0.06821827777539935,30.086477010627277,9.78843700431753,7.178592000855133,5.686043994501233,1,0,0,,,,,,,,,,,,,,local_map_fast,False,12,6043,0,False,False,False,,,,inactive,,,,,,,,,,
optimized_backend,,,,,,,,,,,,,,,,,,,,,,,,,,,,,,,,,,,,,,,,,190,320,131,,,,pose_graph,True
front_end,4317055.567899616,True,icp_accepted,2768,1.0,0.06526738368861912,38.63532499235589,10.122809995664284,7.410891994368285,7.49392899160739,1,0,0,,,,,,,,,,,,,,local_map_fast,True,12,5827,0,False,False,False,,,,inactive,,,,,,,,,,
front_end,4317055.668028032,True,icp_accepted,2823,1.0,0.060042542306847684,31.667001996538602,10.803209996083751,8.331104996614158,8.52166599361226,1,0,0,,,,,,,,,,,,,,local_map_fast,False,12,5827,0,False,False,False,,,,inactive,,,,,,,,,,
front_end,4317055.768027264,True,icp_accepted,2811,1.0,0.06170544594701487,39.13409999222495,11.76529299118556,9.36217900016345,8.895413993741386,1,0,0,,,,,,,,,,,,,,local_map_fast,False,12,5827,0,False,False,False,,,,inactive,,,,,,,,,,
front_end,4317055.867930624,True,icp_accepted,2817,1.0,0.06171861376565693,21.875758990063332,8.538167996448465,6.316177998087369,3.457279992289841,1,0,0,,,,,,,,,,,,,,local_map_fast,False,12,5827,0,False,False,False,,,,inactive,,,,,,,,,,
optimized_backend,,,,,,,,,,,,,,,,,,,,,,,,,,,,,,,,,,,,,,,,,191,322,132,,,,pose_graph,True
front_end,4317055.96801312,True,icp_accepted,2844,1.0,0.06047264415988016,22.385004005627707,9.544164000544697,7.345398000325076,2.246146003017202,1,0,0,,,,,,,,,,,,,,local_map_fast,False,12,5827,0,False,False,False,,,,inactive,,,,,,,,,,
front_end,4317056.067990016,True,icp_accepted,2803,1.0,0.06191686067223336,20.860816002823412,8.710975002031773,6.23364100465551,2.8307129978202283,1,0,0,,,,,,,,,,,,,,local_map_fast,False,12,5827,0,False,False,False,,,,inactive,,,,,,,,,,
front_end,4317056.167882816,True,icp_accepted,2966,1.0,0.0637782697735747,25.420475998544134,7.471056000213139,5.256229997030459,3.1995220051612705,1,0,0,,,,,,,,,,,,,,local_map_fast,False,12,5827,0,False,False,False,,,,inactive,,,,,,,,,,
front_end,4317056.267965088,True,icp_accepted,2846,1.0,0.06545093862267481,20.214772011968307,8.47164100559894,6.439310993300751,2.221289003500715,1,0,0,,,,,,,,,,,,,,local_map_fast,False,12,5827,0,False,False,False,,,,inactive,,,,,,,,,,
front_end,4317056.367828384,True,icp_accepted,2920,1.0,0.06541313983982128,18.947431002743542,8.023232003324665,5.882765995920636,2.0317190064815804,1,0,0,,,,,,,,,,,,,,local_map_fast,False,12,5827,0,False,False,False,,,,inactive,,,,,,,,,,
front_end,4317056.46790992,True,icp_accepted,2926,1.0,0.06445011512532063,18.667569995159283,8.121036997181363,5.970081998384558,2.2414069972001016,1,0,0,,,,,,,,,,,,,,local_map_fast,False,12,5827,0,False,False,False,,,,inactive,,,,,,,,,,
front_end,4317056.568064736,True,icp_accepted,2945,1.0,0.0629164989032963,19.412131994613446,8.359870000276715,6.245693992241286,1.9657449884107336,1,0,0,,,,,,,,,,,,,,local_map_fast,False,12,5827,0,False,False,False,,,,inactive,,,,,,,,,,
front_end,4317056.66804048,True,icp_accepted,2929,1.0,0.06556549440944315,20.523988001514226,9.06984499306418,6.983190993196331,2.349442002014257,1,0,0,,,,,,,,,,,,,,local_map_fast,False,12,5827,0,False,False,False,,,,inactive,,,,,,,,,,
front_end,4317056.767923264,True,icp_accepted,2976,1.0,0.06517274458042666,23.012853009277023,11.337652002112009,8.670799012179486,2.7289799909340218,1,0,0,,,,,,,,,,,,,,local_map_fast,False,12,5827,0,False,False,False,,,,inactive,,,,,,,,,,
front_end,4317056.867947552,True,icp_accepted,3014,1.0,0.06656652790193437,23.577523010317236,8.572553007979877,6.526486002258025,1.885000994661823,1,0,0,,,,,,,,,,,,,,local_map_fast,False,12,5827,0,False,False,False,,,,inactive,,,,,,,,,,
front_end,4317056.967959168,True,icp_accepted,2944,1.0,0.06661332239962046,19.047499998123385,8.546163007849827,6.459578988142312,1.655316009419039,1,0,0,,,,,,,,,,,,,,local_map_fast,False,12,5827,0,False,False,False,,,,inactive,,,,,,,,,,
front_end,4317057.067902208,True,icp_accepted,2939,1.0,0.06439827940291795,19.931935996282846,7.7963420044397935,5.637180991470814,1.851487992098555,1,0,0,,,,,,,,,,,,,,local_map_fast,True,12,5802,0,False,False,False,,,,inactive,,,,,,,,,,
front_end,4317057.167990624,True,icp_accepted,3064,1.0,0.05999676165724093,18.50658499461133,7.987314005731605,5.9858220047317445,2.135615999577567,1,0,0,,,,,,,,,,,,,,local_map_fast,False,12,5802,0,False,False,False,,,,inactive,,,,,,,,,,
front_end,4317057.267951584,True,icp_accepted,3005,1.0,0.06155743169141708,20.614098000805825,9.329716995125636,6.504463992314413,2.1730869921157137,1,0,0,,,,,,,,,,,,,,local_map_fast,False,12,5802,0,False,False,False,,,,inactive,,,,,,,,,,
front_end,4317057.367914048,True,icp_accepted,2983,1.0,0.06195778872591908,20.472680000239052,8.028231997741386,5.431691010016948,2.176273992517963,1,0,0,,,,,,,,,,,,,,local_map_fast,False,12,5802,0,False,False,False,,,,inactive,,,,,,,,,,
front_end,4317057.467966144,True,icp_accepted,2906,1.0,0.06348912119587938,19.83595399360638,8.577011001762003,6.175099988467991,1.7975259979721159,1,0,0,,,,,,,,,,,,,,local_map_fast,False,12,5802,0,False,False,False,,,,inactive,,,,,,,,,,
front_end,4317057.567865088,True,icp_accepted,3007,1.0,0.06240813481330221,24.833482995745726,12.307819997658953,10.014744999352843,2.1721349912695587,1,0,0,,,,,,,,,,,,,,local_map_fast,False,12,5802,0,False,False,False,,,,inactive,,,,,,,,,,
front_end,4317057.667935328,True,icp_accepted,2990,1.0,0.06183096045168642,22.39481201104354,8.779134004726075,6.407770997611806,2.275641993037425,1,0,0,,,,,,,,,,,,,,local_map_fast,False,12,5802,0,False,False,False,,,,inactive,,,,,,,,,,
front_end,4317057.767970976,True,icp_accepted,2864,1.0,0.05999121364830427,37.4105619994225,13.61251100024674,9.681463008746505,8.632436001789756,1,0,0,,,,,,,,,,,,,,local_map_fast,False,12,5802,0,False,False,False,,,,inactive,,,,,,,,,,
front_end,4317057.86786976,True,icp_accepted,2905,1.0,0.059729651823237376,29.47841299464926,10.653584991814569,8.185710001271218,4.575258994009346,1,0,0,,,,,,,,,,,,,,local_map_fast,True,12,5767,0,False,False,False,,,,inactive,,,,,,,,,,
front_end,4317057.967865824,True,icp_accepted,2880,1.0,0.059703060028077855,20.997173996875063,9.28822800051421,6.22478399600368,2.246696996735409,1,0,0,,,,,,,,,,,,,,local_map_fast,False,12,5767,0,False,False,False,,,,inactive,,,,,,,,,,
optimized_backend,,,,,,,,,,,,,,,,,,,,,,,,,,,,,,,,,,,,,,,,,192,324,133,,,,pose_graph,True
front_end,4317058.068036224,True,icp_accepted,2963,1.0,0.058169608944582604,22.620510004344396,8.985575012047775,6.6419150098226964,2.8638770018005744,1,0,0,,,,,,,,,,,,,,local_map_fast,False,12,5767,0,False,False,False,,,,inactive,,,,,,,,,,
front_end,4317058.167974752,True,icp_accepted,2942,1.0,0.058970852282710325,20.411584002431482,8.366192007088102,6.238621004740708,2.435114001855254,1,0,0,,,,,,,,,,,,,,local_map_fast,False,12,5767,0,False,False,False,,,,inactive,,,,,,,,,,
front_end,4317058.26790768,True,icp_accepted,2913,1.0,0.0603522534223777,20.95864999864716,8.551371996873058,6.185680002090521,2.3029040021356195,1,0,0,,,,,,,,,,,,,,local_map_fast,False,12,5767,0,False,False,False,,,,inactive,,,,,,,,,,
front_end,4317058.367822464,True,icp_accepted,2909,1.0,0.06324555103196194,22.408908000215888,9.838040001341142,7.303668011445552,2.247598997200839,1,0,0,,,,,,,,,,,,,,local_map_fast,False,12,5767,0,False,False,False,,,,inactive,,,,,,,,,,
front_end,4317058.467878304,True,icp_accepted,2957,1.0,0.06505156468973959,18.3711480058264,8.02287099941168,5.943320997175761,2.1885269961785525,1,0,0,,,,,,,,,,,,,,local_map_fast,False,12,5767,0,False,False,False,,,,inactive,,,,,,,,,,
front_end,4317058.567896736,True,icp_accepted,3022,1.0,0.061709094210522314,22.20128499902785,7.982815004652366,5.510920993401669,1.6724279994377866,1,0,0,,,,,,,,,,,,,,local_map_fast,False,12,5767,0,False,False,False,,,,inactive,,,,,,,,,,
front_end,4317058.668007968,True,icp_accepted,2891,1.0,0.06106774173419701,20.05182199354749,8.426294996752404,6.31832100043539,2.668927001650445,1,0,0,,,,,,,,,,,,,,local_map_fast,False,12,5767,0,False,False,False,,,,inactive,,,,,,,,,,
front_end,4317058.767934752,True,icp_accepted,2847,1.0,0.05921892629023673,19.21696000499651,8.191640008590184,6.146384999738075,2.3506129946326837,1,0,0,,,,,,,,,,,,,,local_map_fast,False,12,5767,0,False,False,False,,,,inactive,,,,,,,,,,
front_end,4317058.867858144,True,icp_accepted,2904,1.0,0.058217159545609284,18.833373993402347,8.197732997359708,6.164930004160851,2.073769996059127,1,0,0,,,,,,,,,,,,,,local_map_fast,False,12,5767,0,False,False,False,,,,inactive,,,,,,,,,,
front_end,4317058.967995072,True,icp_accepted,2913,1.0,0.06009266626288932,18.780333004542626,8.235373999923468,6.168456995510496,1.9980449869763106,1,0,0,,,,,,,,,,,,,,local_map_fast,False,12,5767,0,False,False,False,,,,inactive,,,,,,,,,,
front_end,4317059.0679144,True,icp_accepted,2921,1.0,0.060958427399470695,19.211078993976116,8.400627004448324,6.334752994007431,2.3782060015946627,1,0,0,,,,,,,,,,,,,,local_map_fast,False,12,5767,0,False,False,False,,,,inactive,,,,,,,,,,
front_end,4317059.167816448,True,icp_accepted,2860,1.0,0.05833718475161209,21.22939300897997,7.812863012077287,5.117606997373514,1.9926959939766675,1,0,0,,,,,,,,,,,,,,local_map_fast,False,12,5767,0,False,False,False,,,,inactive,,,,,,,,,,
front_end,4317059.267987136,True,icp_accepted,2878,1.0,0.05936484787543229,18.600762996356934,8.166793995769694,5.797755002276972,1.8799620011122897,1,0,0,,,,,,,,,,,,,,local_map_fast,False,12,5767,0,False,False,False,,,,inactive,,,,,,,,,,
front_end,4317059.367846016,True,icp_accepted,2861,1.0,0.061250312584270494,20.993707003071904,8.46700300462544,6.35379899176769,2.143110992619768,1,0,0,,,,,,,,,,,,,,local_map_fast,False,12,5767,0,False,False,False,,,,inactive,,,,,,,,,,
front_end,4317059.467789792,True,icp_accepted,2926,1.0,0.06021871390236543,20.498407990089618,8.339310996234417,6.251915008760989,1.9129139982396737,1,0,0,,,,,,,,,,,,,,local_map_fast,False,12,5767,0,False,False,False,,,,inactive,,,,,,,,,,
front_end,4317059.567938464,True,icp_accepted,2823,1.0,0.06010709104924172,19.461261996184476,8.73037098790519,6.611336997593753,1.8583609926281497,1,0,0,,,,,,,,,,,,,,local_map_fast,False,12,5767,0,False,False,False,,,,inactive,,,,,,,,,,
front_end,4317059.667953152,True,icp_accepted,2850,1.0,0.05966712095285784,18.54965600068681,8.014614999410696,5.849723005667329,1.8616469897096977,1,0,0,,,,,,,,,,,,,,local_map_fast,False,12,5767,0,False,False,False,,,,inactive,,,,,,,,,,
front_end,4317059.767987104,True,icp_accepted,2951,1.0,0.05941278721605097,18.21001200005412,6.999681994784623,4.936433004331775,2.390048000961542,1,0,0,,,,,,,,,,,,,,local_map_fast,False,12,5767,0,False,False,False,,,,inactive,,,,,,,,,,
front_end,4317059.8679952,True,icp_accepted,2804,1.0,0.059464079516949514,19.147679005982354,8.210186002543196,6.174107998958789,2.0661140006268397,1,0,0,,,,,,,,,,,,,,local_map_fast,False,12,5767,0,False,False,False,,,,inactive,,,,,,,,,,
front_end,4317059.967843616,True,icp_accepted,2883,1.0,0.05862699638697428,19.591559990658425,8.637775987153873,6.466121005360037,1.713917008601129,1,0,0,,,,,,,,,,,,,,local_map_fast,False,12,5767,0,False,False,False,,,,inactive,,,,,,,,,,
front_end,4317060.067845344,True,icp_accepted,2920,1.0,0.0623060903312867,18.97561299847439,8.045223003136925,5.983776994980872,2.417641007923521,1,0,0,,,,,,,,,,,,,,local_map_fast,False,12,5767,0,False,False,False,,,,inactive,,,,,,,,,,
front_end,4317060.167964448,True,icp_accepted,2982,1.0,0.06510718935947157,20.479161001276225,8.418188997893594,6.291279991273768,2.933327996288426,1,0,0,,,,,,,,,,,,,,local_map_fast,False,12,5767,0,False,False,False,,,,inactive,,,,,,,,,,
front_end,4317060.267848096,True,icp_accepted,2953,1.0,0.06162743010380278,23.357924990705214,9.214918987709098,6.840169997303747,2.3718239972367883,1,0,0,,,,,,,,,,,,,,local_map_fast,True,12,5706,0,False,False,False,,,,inactive,,,,,,,,,,
front_end,4317060.36783552,True,icp_accepted,2994,1.0,0.06344910987477481,18.92877400678117,7.357711001532152,5.159826003364287,2.579837993835099,1,0,0,,,,,,,,,,,,,,local_map_fast,False,12,5706,0,False,False,False,,,,inactive,,,,,,,,,,
front_end,4317060.468031232,True,icp_accepted,2990,1.0,0.06083424471567897,20.906751000438817,9.27738800237421,6.958643993129954,2.1853200014447793,1,0,0,,,,,,,,,,,,,,local_map_fast,False,12,5706,0,False,False,False,,,,inactive,,,,,,,,,,
front_end,4317060.56794048,True,icp_accepted,2920,1.0,0.061859357541205966,19.873502998962067,8.373924996703863,6.086993002099916,2.819422006723471,1,0,0,,,,,,,,,,,,,,local_map_fast,False,12,5706,0,False,False,False,,,,inactive,,,,,,,,,,
front_end,4317060.667962432,True,icp_accepted,3030,1.0,0.06037509259957658,19.779736001510173,8.245302000432275,6.194065004820004,2.711036999244243,1,0,0,,,,,,,,,,,,,,local_map_fast,False,12,5706,0,False,False,False,,,,inactive,,,,,,,,,,
front_end,4317060.76797728,True,icp_accepted,2955,1.0,0.06264484112619552,20.704898008261807,8.749155997065827,6.567583011928946,2.6515729987295344,1,0,0,,,,,,,,,,,,,,local_map_fast,False,12,5706,0,False,False,False,,,,inactive,,,,,,,,,,
front_end,4317060.86804336,True,icp_accepted,2980,1.0,0.07096720550237412,22.594157999265008,8.61389999045059,6.5471039997646585,3.0349800072144717,1,0,0,,,,,,,,,,,,,,local_map_fast,False,12,5706,0,False,False,False,,,,inactive,,,,,,,,,,
front_end,4317060.96782784,True,icp_accepted,3037,1.0,0.06753030971105584,22.529805995873176,8.000326997716911,5.043274999479763,3.0719000060344115,1,0,0,,,,,,,,,,,,,,local_map_fast,False,12,5706,0,False,False,False,,,,inactive,,,,,,,,,,
front_end,4317061.067898176,True,icp_accepted,2980,1.0,0.06888608762028188,22.651236009551212,8.82064200413879,5.983877999824472,2.6848970010178164,1,0,0,,,,,,,,,,,,,,local_map_fast,True,12,5595,0,False,False,False,,,,inactive,,,,,,,,,,
front_end,4317061.167805568,True,icp_accepted,3045,1.0,0.0657390678178469,20.014980997075327,8.232748004957102,6.114264004281722,2.8765899915015325,1,0,0,,,,,,,,,,,,,,local_map_fast,False,12,5595,0,False,False,False,,,,inactive,,,,,,,,,,
front_end,4317061.268039296,True,icp_accepted,3045,1.0,0.06711906174674566,20.608556005754508,8.854717001668178,6.652333002421074,2.6907479914370924,1,0,0,,,,,,,,,,,,,,local_map_fast,False,12,5595,0,False,False,False,,,,inactive,,,,,,,,,,
front_end,4317061.36795296,True,icp_accepted,3044,1.0,0.06982415059517101,21.859715998289175,8.719670004211366,6.351003001327626,2.736043999902904,1,0,0,,,,,,,,,,,,,,local_map_fast,False,12,5595,0,False,False,False,,,,inactive,,,,,,,,,,
front_end,4317061.471234816,True,icp_accepted,3008,1.0,0.07534167137648701,20.19446100166533,8.557883993489668,6.2591879977844656,2.5877129955915734,1,0,0,,,,,,,,,,,,,,local_map_fast,False,12,5595,0,False,False,False,,,,inactive,,,,,,,,,,
front_end,4317061.56796336,True,icp_accepted,3055,1.0,0.078714170508826,22.965992000536062,7.491444004699588,5.333295004675165,2.5266370066674426,1,0,0,,,,,,,,,,,,,,local_map_fast,False,12,5595,0,False,False,False,,,,inactive,,,,,,,,,,
front_end,4317061.667896608,True,icp_accepted,3148,1.0,0.07976703121312527,46.87120199378114,12.562229996547103,9.693094005342573,14.597967005101964,1,0,0,,,,,,,,,,,,,,local_map_fast,False,12,5595,0,False,False,False,,,,inactive,,,,,,,,,,
front_end,4317061.767842688,True,icp_accepted,3098,1.0,0.08587224642556099,40.76570499455556,14.217515999916941,11.67716400232166,11.132151004858315,1,0,0,,,,,,,,,,,,,,local_map_fast,True,12,5713,0,False,False,False,,,,inactive,,,,,,,,,,
front_end,4317061.867966848,True,icp_accepted,3138,1.0,0.06492875780052408,29.466146996128373,11.33900300192181,8.826763005345128,6.325684007606469,1,0,0,,,,,,,,,,,,,,local_map_fast,False,12,5713,0,False,False,False,,,,inactive,,,,,,,,,,
optimized_backend,,,,,,,,,,,,,,,,,,,,,,,,,,,,,,,,,,,,,,,,,193,326,134,,,,pose_graph,True
front_end,4317061.967861664,True,icp_accepted,3004,1.0,0.06762835151279244,21.78800999536179,8.63389800360892,6.339621992083266,2.7313640021020547,1,0,0,,,,,,,,,,,,,,local_map_fast,False,12,5713,0,False,False,False,,,,inactive,,,,,,,,,,
front_end,4317062.068034112,True,icp_accepted,3128,1.0,0.067340585957742,21.017620994825847,9.260314996936359,7.17062498733867,2.7790650055976585,1,0,0,,,,,,,,,,,,,,local_map_fast,False,12,5713,0,False,False,False,,,,inactive,,,,,,,,,,
front_end,4317062.168006336,True,icp_accepted,3078,1.0,0.07331685083054072,20.9753399976762,7.850082998629659,5.242140992777422,2.503081996110268,1,0,0,,,,,,,,,,,,,,local_map_fast,False,12,5713,0,False,False,False,,,,inactive,,,,,,,,,,
front_end,4317062.26791328,True,icp_accepted,3129,1.0,0.0854663769044313,20.754771991050802,8.618899999419227,6.502931006252766,2.926704997662455,1,0,0,,,,,,,,,,,,,,local_map_fast,False,12,5713,0,False,False,False,,,,inactive,,,,,,,,,,
front_end,4317062.368037824,True,icp_accepted,3152,1.0,0.09033626126869296,22.385631993529387,8.096008998109028,5.983606999507174,3.0621920013800263,1,0,0,,,,,,,,,,,,,,local_map_fast,True,12,5910,0,False,False,False,,,,inactive,,,,,,,,,,
front_end,4317062.4679408,True,icp_accepted,3022,1.0,0.0654993319055484,19.900493003660813,7.916218004538678,5.868328007636592,3.1024170020828024,1,0,0,,,,,,,,,,,,,,local_map_fast,False,12,5910,0,False,False,False,,,,inactive,,,,,,,,,,
front_end,4317062.56784112,True,icp_accepted,3078,1.0,0.06633775034839008,19.76045800256543,7.877955998992547,5.861605997779407,2.9937220097053796,1,0,0,,,,,,,,,,,,,,local_map_fast,False,12,5910,0,False,False,False,,,,inactive,,,,,,,,,,
front_end,4317062.66801392,True,icp_accepted,3116,1.0,0.07415034464396913,33.90051700989716,7.9722740047145635,5.968316996586509,2.8290990012465045,1,0,0,,,,,,,,,,,,,,local_map_fast,False,12,5910,0,False,False,False,,,,inactive,,,,,,,,,,
front_end,4317062.767948736,True,icp_accepted,3106,1.0,0.08052806458172435,35.28497100342065,10.687699003028683,8.188253996195272,11.539482991793193,1,0,0,,,,,,,,,,,,,,local_map_fast,False,12,5910,0,False,False,False,,,,inactive,,,,,,,,,,
front_end,4317062.867904896,True,icp_accepted,3059,1.0,0.08611041798159692,37.521237012697384,12.409210001351312,9.303636994445696,6.16278599773068,1,0,0,,,,,,,,,,,,,,local_map_fast,True,12,6112,0,False,False,False,,,,inactive,,,,,,,,,,
front_end,4317062.9678208,True,icp_accepted,3033,1.0,0.06820568732987826,31.97159300907515,13.683765006135218,10.820930998306721,4.153790010605007,1,0,0,,,,,,,,,,,,,,local_map_fast,False,12,6112,0,False,False,False,,,,inactive,,,,,,,,,,
optimized_backend,,,,,,,,,,,,,,,,,,,,,,,,,,,,,,,,,,,,,,,,,194,328,135,,,,pose_graph,True
front_end,4317063.06794224,True,icp_accepted,3042,1.0,0.07287329776278799,23.40201700280886,9.337420007796027,6.307048999588005,3.8325919886119664,1,0,0,,,,,,,,,,,,,,local_map_fast,False,12,6112,0,False,False,False,,,,inactive,,,,,,,,,,
front_end,4317063.167902368,True,icp_accepted,2944,1.0,0.07216455137904086,22.043193006538786,9.019208009704016,6.466050006565638,2.9870990110794082,1,0,0,,,,,,,,,,,,,,local_map_fast,False,12,6112,0,False,False,False,,,,inactive,,,,,,,,,,
front_end,4317063.268087488,True,icp_accepted,3025,1.0,0.08072801522219245,22.349531995132565,9.05574599164538,6.6418229980627075,2.615705001517199,1,0,0,,,,,,,,,,,,,,local_map_fast,False,12,6112,0,False,False,False,,,,inactive,,,,,,,,,,
front_end,4317063.367886816,True,icp_accepted,2984,1.0,0.0852388535564657,22.080673996242695,7.563970997580327,4.75030999223236,2.985596001963131,1,0,0,,,,,,,,,,,,,,local_map_fast,True,12,6306,0,False,False,False,,,,inactive,,,,,,,,,,
front_end,4317063.467872864,True,icp_accepted,2864,1.0,0.06428886429523592,20.805546999326907,8.596526007750072,6.327377006527968,3.0474640079773962,1,0,0,,,,,,,,,,,,,,local_map_fast,False,12,6306,0,False,False,False,,,,inactive,,,,,,,,,,
front_end,4317063.567985024,True,icp_accepted,2917,1.0,0.06724161632337951,19.92641198739875,8.08740199136082,6.020486005581915,3.0120269948383793,1,0,0,,,,,,,,,,,,,,local_map_fast,False,12,6306,0,False,False,False,,,,inactive,,,,,,,,,,
front_end,4317063.667924192,True,icp_accepted,2858,0.9996501049685095,0.07491201341204046,23.504580996814184,8.662492007715628,6.541132999700494,3.1696350051788613,1,0,0,,,,,,,,,,,,,,local_map_fast,False,12,6306,0,False,False,False,,,,inactive,,,,,,,,,,
front_end,4317063.767912,True,icp_accepted,2761,1.0,0.08182843414043513,39.530121997813694,10.746138999820687,8.176550996722654,11.801888991612941,1,0,0,,,,,,,,,,,,,,local_map_fast,False,12,6306,0,False,False,False,,,,inactive,,,,,,,,,,
front_end,4317063.867863776,True,icp_accepted,2722,1.0,0.08533764171504546,44.08188600791618,11.138051995658316,8.465459002763964,15.6513330002781,1,0,0,,,,,,,,,,,,,,local_map_fast,True,12,6497,0,False,False,False,,,,inactive,,,,,,,,,,
front_end,4317063.967989664,True,icp_accepted,2716,1.0,0.06622467196469829,32.963342004222795,13.17069299693685,10.408931004349142,6.329141004243866,1,0,0,,,,,,,,,,,,,,local_map_fast,False,12,6497,0,False,False,False,,,,inactive,,,,,,,,,,
front_end,4317064.067921088,True,icp_accepted,2759,1.0,0.06893867210470245,30.218340005376376,10.218569004791789,7.825346008758061,5.774049990577623,1,0,0,,,,,,,,,,,,,,local_map_fast,False,12,6497,0,False,False,False,,,,inactive,,,,,,,,,,
front_end,4317064.167903616,True,icp_accepted,2694,1.0,0.07537323632045279,21.335251003620215,8.861929003614932,6.689964007819071,3.440368003793992,1,0,0,,,,,,,,,,,,,,local_map_fast,False,12,6497,0,False,False,False,,,,inactive,,,,,,,,,,
optimized_backend,,,,,,,,,,,,,,,,,,,,,,,,,,,,,,,,,,,,,,,,,195,330,136,,,,pose_graph,True
front_end,4317064.267948256,True,icp_accepted,2680,1.0,0.08189189586132876,21.146482991753146,8.886384996003471,6.668153000646271,3.0665990052511916,1,0,0,,,,,,,,,,,,,,local_map_fast,False,12,6497,0,False,False,False,,,,inactive,,,,,,,,,,
front_end,4317064.367980384,True,icp_accepted,2623,1.0,0.078596966211803,23.057143000187352,8.876606996636838,6.549497993546538,2.7075399993918836,1,0,0,,,,,,,,,,,,,,local_map_fast,True,12,6613,0,False,False,False,,,,inactive,,,,,,,,,,
front_end,4317064.468411168,True,icp_accepted,2607,1.0,0.07204318795806891,23.012739009573124,9.298265998950228,6.95355400966946,3.076729000895284,1,0,0,,,,,,,,,,,,,,local_map_fast,False,12,6613,0,False,False,False,,,,inactive,,,,,,,,,,
front_end,4317064.567859424,True,icp_accepted,2636,1.0,0.06718916598629535,18.93815900257323,7.104880991391838,5.127172989887185,2.965568011859432,1,0,0,,,,,,,,,,,,,,local_map_fast,False,12,6613,0,False,False,False,,,,inactive,,,,,,,,,,
front_end,4317064.667939392,True,icp_accepted,2647,1.0,0.0709931976576768,22.27521200256888,8.10274099058006,6.03147700894624,2.5965889944927767,1,0,0,,,,,,,,,,,,,,local_map_fast,False,12,6613,0,False,False,False,,,,inactive,,,,,,,,,,
front_end,4317064.767874304,True,icp_accepted,2627,1.0,0.08597879127959254,43.23280599783175,10.996533004799858,8.500754993292503,13.430755003355443,1,0,0,,,,,,,,,,,,,,local_map_fast,False,12,6613,0,False,False,False,,,,inactive,,,,,,,,,,
front_end,4317064.868418848,True,icp_accepted,2647,0.9992444276539478,0.10129397645480376,43.776676000561565,10.718036006437615,8.257373992819339,11.745322000933811,1,0,0,,,,,,,,,,,,,,local_map_fast,True,12,6725,0,False,False,False,,,,inactive,,,,,,,,,,
front_end,4317064.96789216,True,icp_accepted,2569,1.0,0.0663057699457157,32.48864099441562,12.757809992763214,10.096237994730473,5.752267999923788,1,0,0,,,,,,,,,,,,,,local_map_fast,False,12,6725,0,False,False,False,,,,inactive,,,,,,,,,,
front_end,4317065.067919136,True,icp_accepted,2683,1.0,0.07031821222554459,24.95995799836237,9.32085899694357,6.964614993194118,6.651992996921763,1,0,0,,,,,,,,,,,,,,local_map_fast,False,12,6725,0,False,False,False,,,,inactive,,,,,,,,,,
optimized_backend,,,,,,,,,,,,,,,,,,,,,,,,,,,,,,,,,,,,,,,,,196,332,137,,,,pose_graph,True
front_end,4317065.16787168,True,icp_accepted,2601,1.0,0.09195764417489662,18.861914009903558,7.551907008746639,5.339786992408335,2.690688008442521,1,0,0,,,,,,,,,,,,,,local_map_fast,False,12,6725,0,False,False,False,,,,inactive,,,,,,,,,,
front_end,4317065.267866112,True,icp_accepted,2573,0.9996113486202876,0.09817530365623514,22.136758008855395,8.46984599775169,6.327928000246175,3.3021560084307566,1,0,0,,,,,,,,,,,,,,local_map_fast,False,12,6725,0,False,False,False,,,,inactive,,,,,,,,,,
front_end,4317065.367855808,True,icp_accepted,2576,0.9976708074534162,0.11058604803895596,23.201354997581802,8.703908999450505,6.525884004076943,2.5588070129742846,1,0,0,,,,,,,,,,,,,,local_map_fast,True,12,6749,0,False,False,False,,,,inactive,,,,,,,,,,
front_end,4317065.468522816,True,icp_accepted,2579,1.0,0.07563407496288284,22.535433992743492,9.210951000568457,6.850738995126449,2.5783750024857,1,0,0,,,,,,,,,,,,,,local_map_fast,False,12,6749,0,False,False,False,,,,inactive,,,,,,,,,,
front_end,4317065.56845984,True,icp_accepted,2648,1.0,0.09257303186129913,21.088631998281926,8.254408006905578,6.157776006148197,3.1361319997813553,1,0,0,,,,,,,,,,,,,,local_map_fast,False,12,6749,0,False,False,False,,,,inactive,,,,,,,,,,
front_end,4317065.667827968,True,icp_accepted,2660,1.0,0.10400314336740361,21.59633400151506,9.466023009736091,7.16475400258787,2.9869279969716445,1,0,0,,,,,,,,,,,,,,local_map_fast,False,12,6749,0,False,False,False,,,,inactive,,,,,,,,,,
front_end,4317065.76791216,True,icp_accepted,2727,1.0,0.11198029638166275,32.18340199964587,7.878315998823382,4.838987995753996,2.9344289941946045,1,0,0,,,,,,,,,,,,,,local_map_fast,False,12,6749,0,False,False,False,,,,inactive,,,,,,,,,,
front_end,4317065.868050304,True,icp_accepted,2742,1.0,0.13005641712872645,46.71575399697758,15.934969007503241,12.855945009505376,9.575290998327546,1,0,0,,,,,,,,,,,,,,local_map_fast,False,12,6749,0,False,False,False,,,,inactive,,,,,,,,,,
front_end,4317065.967856736,True,icp_accepted,2767,1.0,0.1398911979204644,37.74758300278336,14.95657600753475,11.780478002037853,7.682124007260427,1,0,0,,,,,,,,,,,,,,local_map_fast,True,12,7054,0,False,False,False,,,,inactive,,,,,,,,,,
front_end,4317066.067888672,True,icp_accepted,2814,1.0,0.07471333883933189,37.574004993075505,12.796502996934578,9.632929009967484,10.964472006889991,1,0,0,,,,,,,,,,,,,,local_map_fast,False,12,7054,0,False,False,False,,,,inactive,,,,,,,,,,
optimized_backend,,,,,,,,,,,,,,,,,,,,,,,,,,,,,,,,,,,,,,,,,197,334,138,,,,pose_graph,True
front_end,4317066.168370208,True,icp_accepted,2765,1.0,0.08633570108739932,23.821780996513553,8.69561400031671,6.490046012913808,3.6764749966096133,1,0,0,,,,,,,,,,,,,,local_map_fast,False,12,7054,0,False,False,False,,,,inactive,,,,,,,,,,
front_end,4317066.267943936,True,icp_accepted,2823,1.0,0.08627241075143602,22.313392997602932,9.718221001094207,7.263961000717245,2.8648769948631525,1,0,0,,,,,,,,,,,,,,local_map_fast,False,12,7054,0,False,False,False,,,,inactive,,,,,,,,,,
front_end,4317066.367842528,True,icp_accepted,2834,1.0,0.09415060163537378,19.70366899331566,7.542159000877291,5.395150990807451,2.681559999473393,1,0,0,,,,,,,,,,,,,,local_map_fast,False,12,7054,0,False,False,False,,,,inactive,,,,,,,,,,
front_end,4317066.468361824,True,icp_accepted,2804,1.0,0.10288891637478788,22.782349988119677,8.665124987601303,6.436975003452972,2.4557419965276495,1,0,0,,,,,,,,,,,,,,local_map_fast,True,12,7287,0,False,False,False,,,,inactive,,,,,,,,,,
front_end,4317066.567957824,True,icp_accepted,2802,1.0,0.06870466815528564,20.243189996108413,8.303820999572054,5.747357994550839,2.82693600456696,1,0,0,,,,,,,,,,,,,,local_map_fast,False,12,7287,0,False,False,False,,,,inactive,,,,,,,,,,
front_end,4317066.6678824,True,icp_accepted,2749,1.0,0.07481175128893625,22.99704799952451,9.897420997731388,7.48569100687746,2.9081990069244057,1,0,0,,,,,,,,,,,,,,local_map_fast,False,12,7287,0,False,False,False,,,,inactive,,,,,,,,,,
front_end,4317066.767986208,True,icp_accepted,2901,1.0,0.08424928021369166,22.020006988896057,8.748073989409022,6.722074991557747,3.5331129911355674,1,0,0,,,,,,,,,,,,,,local_map_fast,False,12,7287,0,False,False,False,,,,inactive,,,,,,,,,,
front_end,4317066.867965184,True,icp_accepted,2804,1.0,0.09098936038424922,22.395217994926497,8.863152004778385,6.585847004316747,3.0459400004474446,1,0,0,,,,,,,,,,,,,,local_map_fast,False,12,7287,0,False,False,False,,,,inactive,,,,,,,,,,
front_end,4317066.967902144,True,icp_accepted,2826,1.0,0.09065489382810504,23.642120009753853,8.479935000650585,6.008072989061475,2.813250001054257,1,0,0,,,,,,,,,,,,,,local_map_fast,False,12,7287,0,False,False,False,,,,inactive,,,,,,,,,,
front_end,4317067.067953024,True,icp_accepted,2830,1.0,0.0973862714421136,37.46254200814292,11.174490005942062,8.571016995119862,11.63635500415694,1,0,0,,,,,,,,,,,,,,local_map_fast,False,12,7287,0,False,False,False,,,,inactive,,,,,,,,,,
front_end,4317067.167927008,True,icp_accepted,2786,1.0,0.10138670028503408,36.24751100142021,13.658466006745584,11.188435993972234,4.511827995884232,1,0,0,,,,,,,,,,,,,,local_map_fast,True,12,7374,0,False,False,False,,,,inactive,,,,,,,,,,
front_end,4317067.267844224,True,icp_accepted,2894,1.0,0.07961390452163679,26.19919400603976,9.286733999033459,6.979443001910113,3.5442749940557405,1,0,0,,,,,,,,,,,,,,local_map_fast,False,12,7374,0,False,False,False,,,,inactive,,,,,,,,,,
optimized_backend,,,,,,,,,,,,,,,,,,,,,,,,,,,,,,,,,,,,,,,,,198,336,139,,,,pose_graph,True
front_end,4317067.368315264,True,icp_accepted,2858,1.0,0.08155051570903142,23.090564995072782,10.281748996931128,7.670321007026359,2.797980996547267,1,0,0,,,,,,,,,,,,,,local_map_fast,False,12,7374,0,False,False,False,,,,inactive,,,,,,,,,,
front_end,4317067.467872704,True,icp_accepted,2857,1.0,0.0854226994456663,21.743331992183812,9.290549991419539,6.816984998295084,2.5882729969453067,1,0,0,,,,,,,,,,,,,,local_map_fast,False,12,7374,0,False,False,False,,,,inactive,,,,,,,,,,
front_end,4317067.567840832,True,icp_accepted,2819,1.0,0.090560782969917,20.07875801064074,8.285196003271267,5.557308002607897,2.6888440042966977,1,0,0,,,,,,,,,,,,,,local_map_fast,False,12,7374,0,False,False,False,,,,inactive,,,,,,,,,,
front_end,4317067.668327072,True,icp_accepted,2824,1.0,0.09947096680494924,22.104796997155063,10.085096000693738,7.522261003032327,2.637026002048515,1,0,0,,,,,,,,,,,,,,local_map_fast,False,12,7374,0,False,False,False,,,,inactive,,,,,,,,,,
front_end,4317067.767868704,True,icp_accepted,2817,1.0,0.1024272223687832,23.021332992357202,8.56585799192544,6.471278989920393,3.0968969949753955,1,0,0,,,,,,,,,,,,,,local_map_fast,True,12,7525,0,False,False,False,,,,inactive,,,,,,,,,,
front_end,4317067.867844032,True,icp_accepted,2732,1.0,0.0697427504875611,21.03670299402438,8.475516995531507,6.348768001771532,3.3246079983655363,1,0,0,,,,,,,,,,,,,,local_map_fast,False,12,7525,0,False,False,False,,,,inactive,,,,,,,,,,
front_end,4317067.968006592,True,icp_accepted,2797,1.0,0.07159968445379487,23.552779995952733,11.725343996658921,9.299416997237131,2.9230769869172946,1,0,0,,,,,,,,,,,,,,local_map_fast,False,12,7525,0,False,False,False,,,,inactive,,,,,,,,,,
front_end,4317068.068437856,True,icp_accepted,2791,0.9992834109638122,0.07365879464058772,20.889414008706808,8.042376008233987,5.527922010514885,3.2234569953288883,1,0,0,,,,,,,,,,,,,,local_map_fast,False,12,7525,0,False,False,False,,,,inactive,,,,,,,,,,
front_end,4317068.167827328,True,icp_accepted,2820,1.0,0.07255233956943918,24.09501699730754,7.822169005521573,4.9781099951360375,2.992278998135589,1,0,0,,,,,,,,,,,,,,local_map_fast,False,12,7525,0,False,False,False,,,,inactive,,,,,,,,,,
front_end,4317068.267980352,True,icp_accepted,2884,1.0,0.08495636757040584,25.024096001288854,8.759182994253933,6.6769489931175485,4.081863007741049,1,0,0,,,,,,,,,,,,,,local_map_fast,False,12,7525,0,False,False,False,,,,inactive,,,,,,,,,,
front_end,4317068.367883552,True,icp_accepted,2751,1.0,0.09451407720075314,38.734068992198445,12.380843996652402,9.942846008925699,13.011650007683784,1,0,0,,,,,,,,,,,,,,local_map_fast,False,12,7525,0,False,False,False,,,,inactive,,,,,,,,,,
front_end,4317068.467825088,True,icp_accepted,2849,1.0,0.0990495470747878,42.11158798716497,10.796402988489717,8.270467995316721,9.430645004613325,1,0,0,,,,,,,,,,,,,,local_map_fast,True,12,7612,0,False,False,False,,,,inactive,,,,,,,,,,
front_end,4317068.568251936,True,icp_accepted,2710,1.0,0.0675977864522182,27.1312080003554,12.348953998298384,9.49974601098802,3.4315309894736856,1,0,0,,,,,,,,,,,,,,local_map_fast,False,12,7612,0,False,False,False,,,,inactive,,,,,,,,,,
optimized_backend,,,,,,,,,,,,,,,,,,,,,,,,,,,,,,,,,,,,,,,,,199,338,140,,,,pose_graph,True
front_end,4317068.667923488,True,icp_accepted,2864,1.0,0.06911197609985982,23.607131995959207,9.75240500702057,7.337250004638918,3.461307001998648,1,0,0,,,,,,,,,,,,,,local_map_fast,False,12,7612,0,False,False,False,,,,inactive,,,,,,,,,,
front_end,4317068.7678344,True,icp_accepted,2754,1.0,0.07037154165165514,22.044411991373636,8.505202989908867,5.815887998323888,2.7195619913982227,1,0,0,,,,,,,,,,,,,,local_map_fast,False,12,7612,0,False,False,False,,,,inactive,,,,,,,,,,
front_end,4317068.867947808,True,icp_accepted,2673,1.0,0.07460876273110835,20.038481001392938,7.98848299018573,5.970571000943892,2.8786829934688285,1,0,0,,,,,,,,,,,,,,local_map_fast,False,12,7612,0,False,False,False,,,,inactive,,,,,,,,,,
front_end,4317068.967983712,True,icp_accepted,2812,1.0,0.07754451408605086,27.46758500870783,11.225786001887172,8.549186008167453,3.9045270095812157,1,0,0,,,,,,,,,,,,,,local_map_fast,False,12,7612,0,False,False,False,,,,inactive,,,,,,,,,,
front_end,4317069.068261216,True,icp_accepted,2725,1.0,0.07786906725615135,21.39432998956181,9.722838993184268,7.646255005965941,2.7898349944734946,1,0,0,,,,,,,,,,,,,,local_map_fast,False,12,7612,0,False,False,False,,,,inactive,,,,,,,,,,
front_end,4317069.168285984,True,icp_accepted,2795,1.0,0.08041680985480247,20.70450301107485,8.264146003057249,6.0122900031274185,3.288318999693729,1,0,0,,,,,,,,,,,,,,local_map_fast,False,12,7612,0,False,False,False,,,,inactive,,,,,,,,,,
front_end,4317069.267855744,True,icp_accepted,2765,1.0,0.08129107046582823,21.419968994450755,8.418798999628052,6.3901850080583245,3.0646660015918314,1,0,0,,,,,,,,,,,,,,local_map_fast,False,12,7612,0,False,False,False,,,,inactive,,,,,,,,,,
front_end,4317069.368312416,True,icp_accepted,2809,1.0,0.07777560452113258,20.698039996204898,7.891689994721673,4.93108099908568,2.5838339934125543,1,0,0,,,,,,,,,,,,,,local_map_fast,False,12,7612,0,False,False,False,,,,inactive,,,,,,,,,,
front_end,4317069.467892704,True,icp_accepted,2787,1.0,0.08039526256330784,21.48165499966126,9.598693999578245,7.262688988703303,2.8062960045645013,1,0,0,,,,,,,,,,,,,,local_map_fast,False,12,7612,0,False,False,False,,,,inactive,,,,,,,,,,
front_end,4317069.567893312,True,icp_accepted,2802,1.0,0.07949722051948152,19.769031001487747,7.977393004694022,5.543631996260956,2.7524339966475964,1,0,0,,,,,,,,,,,,,,local_map_fast,False,12,7612,0,False,False,False,,,,inactive,,,,,,,,,,
front_end,4317069.668253312,True,icp_accepted,2816,1.0,0.0817293356361281,19.030541996471584,7.889445987530053,5.940033006481826,2.0998170075472444,1,0,0,,,,,,,,,,,,,,local_map_fast,False,12,7612,0,False,False,False,,,,inactive,,,,,,,,,,
front_end,4317069.767910304,True,icp_accepted,2817,1.0,0.08121910263188893,22.34853699337691,9.84426899231039,7.201232001534663,3.0028389883227646,1,0,0,,,,,,,,,,,,,,local_map_fast,False,12,7612,0,False,False,False,,,,inactive,,,,,,,,,,
front_end,4317069.86791936,True,icp_accepted,2791,1.0,0.08412335801125796,19.81302400236018,8.188352003344335,6.14149498869665,2.6555700023891404,1,0,0,,,,,,,,,,,,,,local_map_fast,False,12,7612,0,False,False,False,,,,inactive,,,,,,,,,,
front_end,4317069.967840288,True,icp_accepted,2726,1.0,0.08507375670796608,23.731137000140734,6.875445003970526,4.82544100668747,3.1557280017295852,1,0,0,,,,,,,,,,,,,,local_map_fast,False,12,7612,0,False,False,False,,,,inactive,,,,,,,,,,
front_end,4317070.067931936,True,icp_accepted,2820,1.0,0.08368651563322944,22.839397002826445,8.561367998481728,6.462703007855453,2.9088000010233372,1,0,0,,,,,,,,,,,,,,local_map_fast,True,12,7602,0,False,False,False,,,,inactive,,,,,,,,,,
front_end,4317070.167899136,True,icp_accepted,2803,1.0,0.06451549762724733,20.710764001705684,8.724017010536045,6.517076006275602,2.964024999528192,1,0,0,,,,,,,,,,,,,,local_map_fast,False,12,7602,0,False,False,False,,,,inactive,,,,,,,,,,
front_end,4317070.268269536,True,icp_accepted,2806,1.0,0.06527109440438297,20.302770994021557,8.77876000595279,6.468854000559077,2.808801000355743,1,0,0,,,,,,,,,,,,,,local_map_fast,False,12,7602,0,False,False,False,,,,inactive,,,,,,,,,,
front_end,4317070.367932992,True,icp_accepted,2814,1.0,0.06457180444379007,20.46921600413043,8.639476000098512,6.141434001619928,2.2048670070944354,1,0,0,,,,,,,,,,,,,,local_map_fast,False,12,7602,0,False,False,False,,,,inactive,,,,,,,,,,
front_end,4317070.468356896,True,icp_accepted,2747,1.0,0.06550869079074105,22.89240699610673,8.440580000751652,6.196076996275224,2.562043009675108,1,0,0,,,,,,,,,,,,,,local_map_fast,False,12,7602,0,False,False,False,,,,inactive,,,,,,,,,,
front_end,4317070.567817472,True,icp_accepted,2788,1.0,0.06659563258677892,18.677532993024215,7.160124005167745,4.925891000311822,2.432458000839688,1,0,0,,,,,,,,,,,,,,local_map_fast,False,12,7602,0,False,False,False,,,,inactive,,,,,,,,,,
front_end,4317070.667930272,True,icp_accepted,2778,1.0,0.06632876948229839,19.60086199687794,8.22460099880118,6.130033012595959,2.2753399971406907,1,0,0,,,,,,,,,,,,,,local_map_fast,False,12,7602,0,False,False,False,,,,inactive,,,,,,,,,,
front_end,4317070.767896736,True,icp_accepted,2852,1.0,0.0625283581983,19.661826998344623,7.9289300047094,5.872463996638544,2.38651099789422,1,0,0,,,,,,,,,,,,,,local_map_fast,False,12,7602,0,False,False,False,,,,inactive,,,,,,,,,,
front_end,4317070.868233632,True,icp_accepted,2836,1.0,0.06523518074514642,20.75122098904103,8.984129992313683,6.722334990627132,2.2082829964347184,1,0,0,,,,,,,,,,,,,,local_map_fast,False,12,7602,0,False,False,False,,,,inactive,,,,,,,,,,
front_end,4317070.967934432,True,icp_accepted,2803,1.0,0.06522918911154528,22.568353000679053,9.399596994626336,7.103876996552572,2.2411050013033673,1,0,0,,,,,,,,,,,,,,local_map_fast,False,12,7602,0,False,False,False,,,,inactive,,,,,,,,,,
front_end,4317071.067904384,True,icp_accepted,2879,1.0,0.06402037086509196,23.785648998455144,7.708993987762369,5.725266004446894,2.6802570064319298,1,0,0,,,,,,,,,,,,,,local_map_fast,False,12,7602,0,False,False,False,,,,inactive,,,,,,,,,,
front_end,4317071.16825952,True,icp_accepted,2812,1.0,0.06458382117710867,20.506457003648393,6.675295997411013,4.686959000537172,2.1175209985813126,1,0,0,,,,,,,,,,,,,,local_map_fast,False,12,7602,0,False,False,False,,,,inactive,,,,,,,,,,
front_end,4317071.268230464,True,icp_accepted,2762,1.0,0.06530003784291523,24.438905995339155,11.191490004421212,8.530388993676752,2.7218260074732825,1,0,0,,,,,,,,,,,,,,local_map_fast,False,12,7602,0,False,False,False,,,,inactive,,,,,,,,,,
front_end,4317071.367885152,True,icp_accepted,2785,1.0,0.06575404812135223,19.869259995175526,7.939179995446466,5.851405003340915,2.4830439942888916,1,0,0,,,,,,,,,,,,,,local_map_fast,False,12,7602,0,False,False,False,,,,inactive,,,,,,,,,,
front_end,4317071.468177184,True,icp_accepted,2718,1.0,0.06620759601384041,19.630908005638048,7.75469999643974,5.73211899609305,2.7372559998184443,1,0,0,,,,,,,,,,,,,,local_map_fast,False,12,7602,0,False,False,False,,,,inactive,,,,,,,,,,
front_end,4317071.567925856,True,icp_accepted,2721,1.0,0.06831827173105423,19.593176009948365,7.767715011141263,5.714575992897153,2.5458220043219626,1,0,0,,,,,,,,,,,,,,local_map_fast,False,12,7602,0,False,False,False,,,,inactive,,,,,,,,,,
front_end,4317071.668283808,True,icp_accepted,2652,1.0,0.06978503555593606,20.9322230075486,7.719283006736077,5.792814001324587,3.5693609970621765,1,0,0,,,,,,,,,,,,,,local_map_fast,False,12,7602,0,False,False,False,,,,inactive,,,,,,,,,,
front_end,4317071.768183072,True,icp_accepted,2652,1.0,0.07018476243508738,21.355695993406698,6.98494199605193,4.879383006482385,2.9280860035214573,1,0,0,,,,,,,,,,,,,,local_map_fast,True,12,7422,0,False,False,False,,,,inactive,,,,,,,,,,
front_end,4317071.868392352,True,icp_accepted,2496,1.0,0.06266108837278794,22.926931007532403,8.045941998716444,6.034181002178229,2.8021479956805706,1,0,0,,,,,,,,,,,,,,local_map_fast,False,12,7422,0,False,False,False,,,,inactive,,,,,,,,,,
front_end,4317071.967848992,True,icp_accepted,2578,1.0,0.06425956590086733,42.68039199814666,12.742938997689635,10.250367995467968,10.609507997287437,1,0,0,,,,,,,,,,,,,,local_map_fast,True,12,7172,0,False,False,False,,,,inactive,,,,,,,,,,
front_end,4317072.0682304,True,icp_accepted,2530,1.0,0.06121203077271951,31.002660005469806,10.342893001507036,8.038416999625042,9.069951993296854,1,0,0,,,,,,,,,,,,,,local_map_fast,False,12,7172,0,False,False,False,,,,inactive,,,,,,,,,,
front_end,4317072.167828672,True,icp_accepted,2571,1.0,0.06474146952637083,49.21581200323999,13.879342004656792,11.438118002843112,11.491609999211505,1,0,0,,,,,,,,,,,,,,local_map_fast,True,12,6941,0,False,False,False,,,,inactive,,,,,,,,,,
front_end,4317072.268291648,True,icp_accepted,2546,1.0,0.06195855790566561,32.99159699236043,10.26100799208507,7.948466998641379,9.19184199301526,1,0,0,,,,,,,,,,,,,,local_map_fast,False,12,6941,0,False,False,False,,,,inactive,,,,,,,,,,
optimized_backend,,,,,,,,,,,,,,,,,,,,,,,,,,,,,,,,,,,,,,,,,200,340,141,,,,pose_graph,True
front_end,4317072.367976128,True,icp_accepted,2440,1.0,0.0673242520431327,25.172434994601645,7.452126999851316,5.129006007337011,2.4813100026221946,1,0,0,,,,,,,,,,,,,,local_map_fast,True,12,6749,0,False,False,False,,,,inactive,,,,,,,,,,
front_end,4317072.467805664,True,icp_accepted,2497,1.0,0.06351356398534298,38.475374996778555,10.818242997629568,8.23084199510049,14.15755899506621,1,0,0,,,,,,,,,,,,,,local_map_fast,False,12,6749,0,False,False,False,,,,inactive,,,,,,,,,,
front_end,4317072.568227904,True,icp_accepted,2427,1.0,0.06534466740097154,40.47641600482166,15.092981004272588,12.60584000556264,10.872426006244496,1,0,0,,,,,,,,,,,,,,local_map_fast,True,12,6548,0,False,False,False,,,,inactive,,,,,,,,,,
front_end,4317072.668158464,True,icp_accepted,2446,1.0,0.0607615871736083,31.22861700830981,10.395012010121718,7.990215992322192,5.786941997939721,1,0,0,,,,,,,,,,,,,,local_map_fast,False,12,6548,0,False,False,False,,,,inactive,,,,,,,,,,
optimized_backend,,,,,,,,,,,,,,,,,,,,,,,,,,,,,,,,,,,,,,,,,201,342,142,,,,pose_graph,True
front_end,4317072.768328448,True,icp_accepted,2531,1.0,0.06107898155960579,29.632021993165836,9.353557994472794,6.127738000941463,2.529942008550279,1,0,0,,,,,,,,,,,,,,local_map_fast,True,12,6293,0,False,False,False,,,,inactive,,,,,,,,,,
front_end,4317072.868334624,True,icp_accepted,2397,1.0,0.06081810975309891,40.90291300963145,11.227388007682748,8.70311600738205,12.323735005338676,1,0,0,,,,,,,,,,,,,,local_map_fast,False,12,6293,0,False,False,False,,,,inactive,,,,,,,,,,
front_end,4317072.96821648,True,icp_accepted,2431,1.0,0.06126969437733521,35.12605099240318,10.191806999500841,7.740372995613143,9.493873993051238,1,0,0,,,,,,,,,,,,,,local_map_fast,True,12,6002,0,False,False,False,,,,inactive,,,,,,,,,,
front_end,4317073.067872288,True,icp_accepted,2434,1.0,0.059745592518008706,25.96333299879916,10.646177994203754,8.015965009690262,2.8453499980969355,1,0,0,,,,,,,,,,,,,,local_map_fast,False,12,6002,0,False,False,False,,,,inactive,,,,,,,,,,
front_end,4317073.167818752,True,icp_accepted,2439,1.0,0.0611889288606749,24.71636100381147,12.284380005439743,9.593804003088735,2.743848002864979,1,0,0,,,,,,,,,,,,,,local_map_fast,False,12,6002,0,False,False,False,,,,inactive,,,,,,,,,,
optimized_backend,,,,,,,,,,,,,,,,,,,,,,,,,,,,,,,,,,,,,,,,,202,344,143,,,,pose_graph,True
front_end,4317073.267965856,True,icp_accepted,2448,1.0,0.0627883355638464,36.60007199505344,14.343310991534963,10.031241996330209,8.670103998156264,1,0,0,,,,,,,,,,,,,,local_map_fast,False,12,6002,0,False,False,False,,,,inactive,,,,,,,,,,
front_end,4317073.3678944,True,icp_accepted,2409,1.0,0.0648916909660346,57.03016198822297,15.52968799660448,12.853368010837585,21.67877700412646,1,0,0,,,,,,,,,,,,,,local_map_fast,True,12,5769,0,False,False,False,,,,inactive,,,,,,,,,,
front_end,4317073.467843808,True,icp_accepted,2377,1.0,0.059322483915942435,37.220536993118,10.959490988170728,8.560325994039886,9.360392010421492,1,0,0,,,,,,,,,,,,,,local_map_fast,False,12,5769,0,False,False,False,,,,inactive,,,,,,,,,,
optimized_backend,,,,,,,,,,,,,,,,,,,,,,,,,,,,,,,,,,,,,,,,,203,346,144,,,,pose_graph,True
front_end,4317073.568145504,True,icp_accepted,2408,1.0,0.06167930296386471,34.05161399859935,9.585417996277101,6.857500004116446,6.743884994648397,1,0,0,,,,,,,,,,,,,,local_map_fast,False,12,5769,0,False,False,False,,,,inactive,,,,,,,,,,
front_end,4317073.667861632,True,icp_accepted,2478,1.0,0.05958262392962268,36.06482699979097,13.942170000518672,7.8462230012519285,5.9263559960527346,1,0,0,,,,,,,,,,,,,,local_map_fast,True,12,5441,0,False,False,False,,,,inactive,,,,,,,,,,
front_end,4317073.76829088,True,icp_accepted,2457,1.0,0.05748743825129624,35.41188999952283,10.736356998677365,7.570159999886528,9.403363001183607,1,0,0,,,,,,,,,,,,,,local_map_fast,False,12,5441,0,False,False,False,,,,inactive,,,,,,,,,,
front_end,4317073.86817856,True,icp_accepted,2456,1.0,0.05998611732788842,24.83778100577183,9.348159001092426,6.434648996219039,2.4307940038852394,1,0,0,,,,,,,,,,,,,,local_map_fast,True,12,5238,0,False,False,False,,,,inactive,,,,,,,,,,
optimized_backend,,,,,,,,,,,,,,,,,,,,,,,,,,,,,,,,,,,,,,,,,204,348,145,,,,pose_graph,True
front_end,4317073.967846784,True,icp_accepted,2364,1.0,0.057684318488784,40.976532007334754,16.869095008587465,12.418054000590928,6.809439000790007,1,0,0,,,,,,,,,,,,,,local_map_fast,False,12,5238,0,False,False,False,,,,inactive,,,,,,,,,,
front_end,4317074.068255648,True,icp_accepted,2360,1.0,0.05803268155994098,36.10525399562903,12.26443199266214,8.059346990194172,7.7909490064485,1,0,0,,,,,,,,,,,,,,local_map_fast,False,12,5238,0,False,False,False,,,,inactive,,,,,,,,,,
front_end,4317074.16812784,True,icp_accepted,2372,1.0,0.05963427536017218,27.87130599608645,11.45788400026504,8.708616995136254,5.183618995943107,1,0,0,,,,,,,,,,,,,,local_map_fast,False,12,5238,0,False,False,False,,,,inactive,,,,,,,,,,
optimized_backend,,,,,,,,,,,,,,,,,,,,,,,,,,,,,,,,,,,,,,,,,205,350,146,,,,pose_graph,True
front_end,4317074.267887808,True,icp_accepted,2299,1.0,0.059975222856919544,27.050231001339853,9.85897600185126,7.387053003185429,2.337878991966136,1,0,0,,,,,,,,,,,,,,local_map_fast,True,12,5057,0,False,False,False,,,,inactive,,,,,,,,,,
front_end,4317074.368197888,True,icp_accepted,2300,1.0,0.06000160812437939,44.947963004233316,13.478831999236718,10.88169300055597,7.8876610059523955,1,0,0,,,,,,,,,,,,,,local_map_fast,False,12,5057,0,False,False,False,,,,inactive,,,,,,,,,,
front_end,4317074.468116064,True,icp_accepted,2263,1.0,0.059837354770009885,42.30711099808104,12.565873010316864,9.861200000159442,6.475446003605612,1,0,0,,,,,,,,,,,,,,local_map_fast,False,12,5057,0,False,False,False,,,,inactive,,,,,,,,,,
front_end,4317074.568318624,True,icp_accepted,2275,1.0,0.060436555703673706,23.489384999265894,9.85554899671115,7.036930008325726,2.1756209898740053,1,0,0,,,,,,,,,,,,,,local_map_fast,False,12,5057,0,False,False,False,,,,inactive,,,,,,,,,,
optimized_backend,,,,,,,,,,,,,,,,,,,,,,,,,,,,,,,,,,,,,,,,,206,352,147,,,,pose_graph,True
front_end,4317074.668241472,True,icp_accepted,2275,1.0,0.05689842101236833,21.65079300175421,9.42977299564518,6.78535299084615,1.954022009158507,1,0,0,,,,,,,,,,,,,,local_map_fast,False,12,5057,0,False,False,False,,,,inactive,,,,,,,,,,
front_end,4317074.768240768,True,icp_accepted,2300,1.0,0.05837473947744637,17.200902992044576,6.774081994080916,4.760077004902996,1.9085349922534078,1,0,0,,,,,,,,,,,,,,local_map_fast,False,12,5057,0,False,False,False,,,,inactive,,,,,,,,,,
front_end,4317074.867845152,True,icp_accepted,2325,1.0,0.05875118092008511,20.90866700746119,8.09381200815551,5.477515995153226,1.7898109945235774,1,0,0,,,,,,,,,,,,,,local_map_fast,False,12,5057,0,False,False,False,,,,inactive,,,,,,,,,,
front_end,4317074.968292672,True,icp_accepted,2268,1.0,0.05839888114361186,42.9983010108117,12.245056001120247,9.619561998988502,9.315946997958235,1,0,0,,,,,,,,,,,,,,local_map_fast,False,12,5057,0,False,False,False,,,,inactive,,,,,,,,,,
front_end,4317075.068291584,True,icp_accepted,2310,1.0,0.058585574934007824,32.32268900319468,12.38366900361143,8.451328991213813,3.388498997082934,1,0,0,,,,,,,,,,,,,,local_map_fast,False,12,5057,0,False,False,False,,,,inactive,,,,,,,,,,
front_end,4317075.167865088,True,icp_accepted,2378,1.0,0.05855238640791003,25.13100500800647,10.248724007396959,7.961360999615863,4.3939229944953695,1,0,0,,,,,,,,,,,,,,local_map_fast,False,12,5057,0,False,False,False,,,,inactive,,,,,,,,,,
optimized_backend,,,,,,,,,,,,,,,,,,,,,,,,,,,,,,,,,,,,,,,,,207,354,148,,,,pose_graph,True
front_end,4317075.268193984,True,icp_accepted,2345,1.0,0.0585722012233502,22.960852991673164,10.656535989255644,7.362937001744285,2.10962699202355,1,0,0,,,,,,,,,,,,,,local_map_fast,False,12,5057,0,False,False,False,,,,inactive,,,,,,,,,,
front_end,4317075.36841488,True,icp_accepted,2334,1.0,0.058654000282113095,17.701752003631555,6.756218004738912,4.77253099961672,1.7393839953001589,1,0,0,,,,,,,,,,,,,,local_map_fast,False,12,5057,0,False,False,False,,,,inactive,,,,,,,,,,
front_end,4317075.46787088,True,icp_accepted,2327,1.0,0.06035117354742297,18.595555011415854,8.07614900986664,6.0331080021569505,1.5420609997818246,1,0,0,,,,,,,,,,,,,,local_map_fast,False,12,5057,0,False,False,False,,,,inactive,,,,,,,,,,
front_end,4317075.568172288,True,icp_accepted,2348,1.0,0.059787834586573316,17.950203007785603,7.534393007517792,5.653999993228354,1.5277339989552274,1,0,0,,,,,,,,,,,,,,local_map_fast,False,12,5057,0,False,False,False,,,,inactive,,,,,,,,,,
front_end,4317075.668117696,True,icp_accepted,2393,1.0,0.0589973321650523,19.141358003253117,8.039348002057523,6.037036000634544,2.1832159982295707,1,0,0,,,,,,,,,,,,,,local_map_fast,False,12,5057,0,False,False,False,,,,inactive,,,,,,,,,,
front_end,4317075.767930176,True,icp_accepted,2350,1.0,0.05964835454883292,21.675269003026187,9.045565006090328,6.909419011208229,1.7823060043156147,1,0,0,,,,,,,,,,,,,,local_map_fast,False,12,5057,0,False,False,False,,,,inactive,,,,,,,,,,
front_end,4317075.868211424,True,icp_accepted,2339,1.0,0.06167220687853038,20.53626099950634,8.622793990070932,6.109583002398722,1.5801629924681038,1,0,0,,,,,,,,,,,,,,local_map_fast,False,12,5057,0,False,False,False,,,,inactive,,,,,,,,,,
front_end,4317075.968172992,True,icp_accepted,2393,1.0,0.06162113189142434,18.73533899197355,6.81277499825228,4.843866001465358,1.9894489960279316,1,0,0,,,,,,,,,,,,,,local_map_fast,False,12,5057,0,False,False,False,,,,inactive,,,,,,,,,,
front_end,4317076.068230048,True,icp_accepted,2368,1.0,0.061597758753124704,20.933273000991903,8.920116990339011,6.040562002453953,2.2902579949004576,1,0,0,,,,,,,,,,,,,,local_map_fast,False,12,5057,0,False,False,False,,,,inactive,,,,,,,,,,
front_end,4317076.168160384,True,icp_accepted,2375,1.0,0.05923683507182954,20.584001002134755,8.174062997568399,6.033748999470845,1.966185009223409,1,0,0,,,,,,,,,,,,,,local_map_fast,False,12,5057,0,False,False,False,,,,inactive,,,,,,,,,,
front_end,4317076.268357824,True,icp_accepted,2431,1.0,0.060899647910350005,20.835407005506568,8.60136300616432,6.635288998950273,1.883117001852952,1,0,0,,,,,,,,,,,,,,local_map_fast,False,12,5057,0,False,False,False,,,,inactive,,,,,,,,,,
front_end,4317076.36780768,True,icp_accepted,2349,1.0,0.06112900517241669,22.236591001274064,9.331446010037325,6.862770009320229,2.1284419926814735,1,0,0,,,,,,,,,,,,,,local_map_fast,False,12,5057,0,False,False,False,,,,inactive,,,,,,,,,,
front_end,4317076.468148576,True,icp_accepted,2356,1.0,0.059980867053125914,19.331999006681144,8.479320997139439,6.289373995969072,1.904698001453653,1,0,0,,,,,,,,,,,,,,local_map_fast,False,12,5057,0,False,False,False,,,,inactive,,,,,,,,,,
front_end,4317076.568107264,True,icp_accepted,2423,1.0,0.06198526018360318,24.19338800245896,8.434706993284635,5.923960998188704,2.0554740040097386,1,0,0,,,,,,,,,,,,,,local_map_fast,False,12,5057,0,False,False,False,,,,inactive,,,,,,,,,,
front_end,4317076.668292032,True,icp_accepted,2558,1.0,0.06344748542740801,20.328686994616874,8.563351002521813,6.1104740016162395,2.564879003330134,1,0,0,,,,,,,,,,,,,,local_map_fast,False,12,5057,0,False,False,False,,,,inactive,,,,,,,,,,
front_end,4317076.768134944,True,icp_accepted,2540,1.0,0.06396900418900371,22.305071004666388,9.034704009536654,6.218529990292154,3.01607399887871,1,0,0,,,,,,,,,,,,,,local_map_fast,False,12,5057,0,False,False,False,,,,inactive,,,,,,,,,,
front_end,4317076.86810608,True,icp_accepted,2610,1.0,0.06871537763841669,19.220638001570478,8.242081996286288,6.076449993997812,1.8701530061662197,1,0,0,,,,,,,,,,,,,,local_map_fast,False,12,5057,0,False,False,False,,,,inactive,,,,,,,,,,
front_end,4317076.968199904,True,icp_accepted,2574,1.0,0.07271851397530579,21.237107997876592,8.087188994977623,5.383406998589635,2.2148150019347668,1,0,0,,,,,,,,,,,,,,local_map_fast,True,12,5045,0,False,False,False,,,,inactive,,,,,,,,,,
front_end,4317077.068135872,True,icp_accepted,2617,1.0,0.06540748922932454,20.736229009344243,8.654914010548964,6.368754009599797,2.2718330001225695,1,0,0,,,,,,,,,,,,,,local_map_fast,False,12,5045,0,False,False,False,,,,inactive,,,,,,,,,,
front_end,4317077.169220736,True,icp_accepted,2647,1.0,0.07591178498239637,20.7879670051625,9.411406994331628,6.855505998828448,2.215736996731721,1,0,0,,,,,,,,,,,,,,local_map_fast,False,12,5045,0,False,False,False,,,,inactive,,,,,,,,,,
front_end,4317077.268157344,True,icp_accepted,2661,1.0,0.08979417732740229,19.72889099852182,8.248173995525576,6.184974990901537,2.5073800061363727,1,0,0,,,,,,,,,,,,,,local_map_fast,False,12,5045,0,False,False,False,,,,inactive,,,,,,,,,,
front_end,4317077.368149632,True,icp_accepted,2660,0.999624060150376,0.10593082735142878,26.251375005813316,7.689033998758532,5.417310996563174,2.8490270051406696,1,0,0,,,,,,,,,,,,,,local_map_fast,False,12,5045,0,False,False,False,,,,inactive,,,,,,,,,,
front_end,4317077.46788144,True,icp_accepted,2697,1.0,0.12071484567164754,33.03022601176053,10.054245009087026,7.745120994513854,2.1879350097151473,1,0,0,,,,,,,,,,,,,,local_map_fast,False,12,5045,0,False,False,False,,,,inactive,,,,,,,,,,
front_end,4317077.568291584,True,icp_accepted,2674,0.9996260284218399,0.12680086663913023,42.96996300399769,11.567299996386282,9.147167002083734,12.85672299854923,1,0,0,,,,,,,,,,,,,,local_map_fast,True,12,5316,0,False,False,False,,,,inactive,,,,,,,,,,
front_end,4317077.66817376,True,icp_accepted,2758,1.0,0.08223884828749844,33.774165000068024,11.73571999242995,8.934033001423813,7.682431998546235,1,0,0,,,,,,,,,,,,,,local_map_fast,False,12,5316,0,False,False,False,,,,inactive,,,,,,,,,,
front_end,4317077.768096448,True,icp_accepted,2735,1.0,0.09774330904080743,33.61579500779044,10.329926997656003,7.763766989228316,3.733031000592746,1,0,0,,,,,,,,,,,,,,local_map_fast,False,12,5316,0,False,False,False,,,,inactive,,,,,,,,,,
front_end,4317077.86830832,True,icp_accepted,2726,1.0,0.09739539396057328,30.396596994251013,12.49940600246191,9.097983987885527,4.284495007595979,1,0,0,,,,,,,,,,,,,,local_map_fast,False,12,5316,0,False,False,False,,,,inactive,,,,,,,,,,
front_end,4317077.968108416,True,icp_accepted,2822,1.0,0.12160811996669814,25.532473999192007,9.806695990846492,6.961666993447579,3.544683990185149,1,0,0,,,,,,,,,,,,,,local_map_fast,False,12,5316,0,False,False,False,,,,inactive,,,,,,,,,,
front_end,4317078.067841408,True,icp_accepted,2759,1.0,0.1408219051673191,23.58318099868484,9.147756994934753,6.191387990838848,3.9103070012060925,1,0,0,,,,,,,,,,,,,,local_map_fast,False,12,5316,0,False,False,False,,,,inactive,,,,,,,,,,
optimized_backend,,,,,,,,,,,,,,,,,,,,,,,,,,,,,,,,,,,,,,,,,208,356,149,,,,pose_graph,True
front_end,4317078.169189824,True,icp_accepted,2743,0.999635435654393,0.14474817620584246,24.454802012769505,9.985213007894345,7.141458001569845,2.5337989936815575,1,0,0,,,,,,,,,,,,,,local_map_fast,True,12,5525,0,False,False,False,,,,inactive,,,,,,,,,,
front_end,4317078.268088672,True,icp_accepted,2718,1.0,0.0747864622092628,21.997207004460506,9.106780009460635,6.679793004877865,2.401027988526039,1,0,0,,,,,,,,,,,,,,local_map_fast,False,12,5525,0,False,False,False,,,,inactive,,,,,,,,,,
front_end,4317078.368042848,True,icp_accepted,2673,1.0,0.07669333983777427,22.021572993253358,8.68159499077592,5.890778003958985,2.5255640066461638,1,0,0,,,,,,,,,,,,,,local_map_fast,False,12,5525,0,False,False,False,,,,inactive,,,,,,,,,,
front_end,4317078.468167104,True,icp_accepted,2739,1.0,0.08073610529867228,19.947112989029847,8.151109999744222,5.7785349927144125,2.4154249986167997,1,0,0,,,,,,,,,,,,,,local_map_fast,False,12,5525,0,False,False,False,,,,inactive,,,,,,,,,,
front_end,4317078.569230304,True,icp_accepted,2719,1.0,0.07911047085380822,23.33022200036794,11.326514999382198,8.693997995578684,2.695506002055481,1,0,0,,,,,,,,,,,,,,local_map_fast,False,12,5525,0,False,False,False,,,,inactive,,,,,,,,,,
front_end,4317078.667874784,True,icp_accepted,2805,1.0,0.08751533776772416,31.000651011709124,8.751537010539323,6.648442998994142,2.8397089918144047,1,0,0,,,,,,,,,,,,,,local_map_fast,False,12,5525,0,False,False,False,,,,inactive,,,,,,,,,,
front_end,4317078.768217056,True,icp_accepted,2767,1.0,0.09710722755101318,45.66693099332042,16.686927992850542,12.602902002981864,11.799470012192614,1,0,0,,,,,,,,,,,,,,local_map_fast,True,12,5726,0,False,False,False,,,,inactive,,,,,,,,,,
front_end,4317078.868277568,True,icp_accepted,2744,1.0,0.07218058198971372,32.01070400245953,10.335949002183042,7.535423996159807,8.801771997241303,1,0,0,,,,,,,,,,,,,,local_map_fast,False,12,5726,0,False,False,False,,,,inactive,,,,,,,,,,
front_end,4317078.967832704,True,icp_accepted,2804,1.0,0.07324651337091313,38.34059300424997,14.85352500458248,11.950686006457545,6.07643999683205,1,0,0,,,,,,,,,,,,,,local_map_fast,False,12,5726,0,False,False,False,,,,inactive,,,,,,,,,,
front_end,4317079.0681504,True,icp_accepted,2732,1.0,0.07337280577872017,24.850330999470316,10.662467000656761,8.238405003794469,3.9777339989086613,1,0,0,,,,,,,,,,,,,,local_map_fast,False,12,5726,0,False,False,False,,,,inactive,,,,,,,,,,
optimized_backend,,,,,,,,,,,,,,,,,,,,,,,,,,,,,,,,,,,,,,,,,209,358,150,,,,pose_graph,True
front_end,4317079.169266752,True,icp_accepted,2617,1.0,0.07616589473184802,22.130418990855105,9.02711899834685,6.085496992454864,2.9882899980293587,1,0,0,,,,,,,,,,,,,,local_map_fast,False,12,5726,0,False,False,False,,,,inactive,,,,,,,,,,
front_end,4317079.269304448,True,icp_accepted,2654,1.0,0.08346233102856908,24.638640010380186,8.6315700027626,6.005435003316961,2.584565998404287,1,0,0,,,,,,,,,,,,,,local_map_fast,True,12,5927,0,False,False,False,,,,inactive,,,,,,,,,,
front_end,4317079.368227488,True,icp_accepted,2701,1.0,0.0664480463598509,20.786943001439795,9.076823000214063,6.4995209977496415,2.6385980017948896,1,0,0,,,,,,,,,,,,,,local_map_fast,False,12,5927,0,False,False,False,,,,inactive,,,,,,,,,,
front_end,4317079.468152992,True,icp_accepted,2705,0.9992606284658041,0.07002738694308049,20.934612999553792,8.477587995002978,6.319931009784341,2.824911003699526,1,0,0,,,,,,,,,,,,,,local_map_fast,False,12,5927,0,False,False,False,,,,inactive,,,,,,,,,,
front_end,4317079.569256128,True,icp_accepted,2679,0.9988801791713325,0.0708566300405509,18.778098994516768,7.009637003648095,4.932331998134032,2.6807980029843748,1,0,0,,,,,,,,,,,,,,local_map_fast,False,12,5927,0,False,False,False,,,,inactive,,,,,,,,,,
front_end,4317079.669209312,True,icp_accepted,2701,0.9992595335061089,0.08041072331329559,19.370619993424043,7.823948995792307,5.852515998412855,2.733767993049696,1,0,0,,,,,,,,,,,,,,local_map_fast,False,12,5927,0,False,False,False,,,,inactive,,,,,,,,,,
front_end,4317079.76820384,True,icp_accepted,2796,0.9989270386266095,0.0892177224330216,29.66300600382965,8.544925003661774,6.454285990912467,3.188941002008505,1,0,0,,,,,,,,,,,,,,local_map_fast,True,12,6133,0,False,False,False,,,,inactive,,,,,,,,,,
front_end,4317079.869273024,True,icp_accepted,2686,1.0,0.06785421967115733,38.85988600086421,13.279563005198725,9.867310000117868,8.27502500033006,1,0,0,,,,,,,,,,,,,,local_map_fast,False,12,6133,0,False,False,False,,,,inactive,,,,,,,,,,
front_end,4317079.969153088,True,icp_accepted,2750,1.0,0.07399944698697507,39.044907010975294,12.945982001838274,9.464286995353177,6.42512999183964,1,0,0,,,,,,,,,,,,,,local_map_fast,False,12,6133,0,False,False,False,,,,inactive,,,,,,,,,,
front_end,4317080.06926992,True,icp_accepted,2679,1.0,0.07673745994973029,32.70195199002046,11.227215989492834,8.704417996341363,10.204328005784191,1,0,0,,,,,,,,,,,,,,local_map_fast,False,12,6133,0,False,False,False,,,,inactive,,,,,,,,,,
optimized_backend,,,,,,,,,,,,,,,,,,,,,,,,,,,,,,,,,,,,,,,,,210,360,151,,,,pose_graph,True
front_end,4317080.16922672,True,icp_accepted,2684,1.0,0.08231880565472256,23.69788799842354,8.449986009509303,5.796269004349597,3.7332310021156445,1,0,0,,,,,,,,,,,,,,local_map_fast,False,12,6133,0,False,False,False,,,,inactive,,,,,,,,,,
front_end,4317080.268231456,True,icp_accepted,2693,1.0,0.09324448341713483,24.31167900795117,9.572281007422134,6.941067986190319,3.3020739938365296,1,0,0,,,,,,,,,,,,,,local_map_fast,True,12,6259,0,False,False,False,,,,inactive,,,,,,,,,,
front_end,4317080.36809136,True,icp_accepted,2661,1.0,0.06664553564172511,21.93934599927161,8.396092991461046,6.351500007440336,2.891106007155031,1,0,0,,,,,,,,,,,,,,local_map_fast,False,12,6259,0,False,False,False,,,,inactive,,,,,,,,,,
front_end,4317080.469221344,True,icp_accepted,2656,1.0,0.07114054490685877,22.809173009591177,8.88347600994166,6.70528098999057,2.5440589961363003,1,0,0,,,,,,,,,,,,,,local_map_fast,False,12,6259,0,False,False,False,,,,inactive,,,,,,,,,,
front_end,4317080.568287808,True,icp_accepted,2639,1.0,0.0791155751168543,19.985816004918888,8.029178992728703,5.662274998030625,2.7399599930504337,1,0,0,,,,,,,,,,,,,,local_map_fast,False,12,6259,0,False,False,False,,,,inactive,,,,,,,,,,
front_end,4317080.668165312,True,icp_accepted,2873,0.9996519317786287,0.0811740791293408,21.29100800084416,8.964290012954734,6.50221599789802,2.843916998244822,1,0,0,,,,,,,,,,,,,,local_map_fast,False,12,6259,0,False,False,False,,,,inactive,,,,,,,,,,
front_end,4317080.769177888,True,icp_accepted,2893,0.9996543380573799,0.09300617495353196,31.58149898808915,7.218432991066948,5.128443997818977,3.1128360133152455,1,0,0,,,,,,,,,,,,,,local_map_fast,True,12,6472,0,False,False,False,,,,inactive,,,,,,,,,,
front_end,4317080.868147456,True,icp_accepted,2835,1.0,0.0666952550676736,41.98291100328788,15.971442000591196,12.171152993687429,9.902325997245498,1,0,0,,,,,,,,,,,,,,local_map_fast,False,12,6472,0,False,False,False,,,,inactive,,,,,,,,,,
front_end,4317080.969236448,True,icp_accepted,2850,1.0,0.0689713045275237,41.73812799854204,16.219651995925233,13.861585000995547,7.712498001637869,1,0,0,,,,,,,,,,,,,,local_map_fast,False,12,6472,0,False,False,False,,,,inactive,,,,,,,,,,
front_end,4317081.069170176,True,icp_accepted,2848,1.0,0.07138881600518378,43.475658996612765,16.281540010822937,11.821551001048647,7.14424200123176,1,0,0,,,,,,,,,,,,,,local_map_fast,False,12,6472,0,False,False,False,,,,inactive,,,,,,,,,,
front_end,4317081.169246656,True,icp_accepted,2792,1.0,0.07200993257626076,36.24374000355601,11.198862004675902,8.135519994539209,10.30313600494992,1,0,0,,,,,,,,,,,,,,local_map_fast,False,12,6472,0,False,False,False,,,,inactive,,,,,,,,,,
front_end,4317081.26924128,True,icp_accepted,2672,1.0,0.07503951976472382,28.8824159943033,10.901378002017736,8.277047003502958,5.83853799616918,1,0,0,,,,,,,,,,,,,,local_map_fast,False,12,6472,0,False,False,False,,,,inactive,,,,,,,,,,
optimized_backend,,,,,,,,,,,,,,,,,,,,,,,,,,,,,,,,,,,,,,,,,211,362,152,,,,pose_graph,True
front_end,4317081.369144384,True,icp_accepted,2685,1.0,0.07794716492092438,22.006612009136006,9.170518998871557,6.468903011409566,2.5318849948234856,1,0,0,,,,,,,,,,,,,,local_map_fast,False,12,6472,0,False,False,False,,,,inactive,,,,,,,,,,
front_end,4317081.468229504,True,icp_accepted,2685,1.0,0.07871845486535838,20.5272099992726,8.777805996942334,6.133586997748353,2.5496390007901937,1,0,0,,,,,,,,,,,,,,local_map_fast,False,12,6472,0,False,False,False,,,,inactive,,,,,,,,,,
front_end,4317081.567963616,True,icp_accepted,2593,1.0,0.07788270612429254,21.943683008430526,8.571465004933998,5.863826998393051,2.4183600035030395,1,0,0,,,,,,,,,,,,,,local_map_fast,True,12,6539,0,False,False,False,,,,inactive,,,,,,,,,,
front_end,4317081.66919648,True,icp_accepted,2654,1.0,0.06463390744331575,21.356170007493347,8.038656000280753,5.526597989955917,3.6810419987887144,1,0,0,,,,,,,,,,,,,,local_map_fast,False,12,6539,0,False,False,False,,,,inactive,,,,,,,,,,
front_end,4317081.769275648,True,icp_accepted,2721,1.0,0.06729055068814396,20.729623996885493,8.278610010165721,5.870369001058862,3.092005994403735,1,0,0,,,,,,,,,,,,,,local_map_fast,False,12,6539,0,False,False,False,,,,inactive,,,,,,,,,,
front_end,4317081.869243904,True,icp_accepted,2730,1.0,0.06739219783413945,20.751676012878306,8.147192012984306,6.090857001254335,3.24198100133799,1,0,0,,,,,,,,,,,,,,local_map_fast,False,12,6539,0,False,False,False,,,,inactive,,,,,,,,,,
front_end,4317081.969168,True,icp_accepted,2727,1.0,0.07258888748193368,19.21278100053314,7.107272002031095,4.996083996957168,2.777511006570421,1,0,0,,,,,,,,,,,,,,local_map_fast,False,12,6539,0,False,False,False,,,,inactive,,,,,,,,,,
front_end,4317082.068173856,True,icp_accepted,2716,1.0,0.07253248815087193,20.770390998222865,8.141230006003752,6.002189009450376,3.018868010258302,1,0,0,,,,,,,,,,,,,,local_map_fast,False,12,6539,0,False,False,False,,,,inactive,,,,,,,,,,
front_end,4317082.169209952,True,icp_accepted,2689,1.0,0.07452955164957589,19.879644009051844,8.052040997426957,5.693082988727838,3.0119849980110303,1,0,0,,,,,,,,,,,,,,local_map_fast,False,12,6539,0,False,False,False,,,,inactive,,,,,,,,,,
front_end,4317082.268194688,True,icp_accepted,2626,1.0,0.07289204395507995,20.782482999493368,8.213587003410794,6.111847003921866,2.8886520012747496,1,0,0,,,,,,,,,,,,,,local_map_fast,False,12,6539,0,False,False,False,,,,inactive,,,,,,,,,,
front_end,4317082.36923392,True,icp_accepted,2657,1.0,0.07471426668975724,20.63704798638355,7.964985998114571,5.6229100009659305,3.082798997638747,1,0,0,,,,,,,,,,,,,,local_map_fast,False,12,6539,0,False,False,False,,,,inactive,,,,,,,,,,
front_end,4317082.469257056,True,icp_accepted,2621,1.0,0.07832369471856783,21.501435985555872,8.754671987844631,6.273863007663749,2.6289400120731443,1,0,0,,,,,,,,,,,,,,local_map_fast,False,12,6539,0,False,False,False,,,,inactive,,,,,,,,,,
front_end,4317082.569146016,True,icp_accepted,2702,1.0,0.07760927180458925,19.00786199257709,7.187953990069218,5.096081993542612,2.5779529969440773,1,0,0,,,,,,,,,,,,,,local_map_fast,False,12,6539,0,False,False,False,,,,inactive,,,,,,,,,,
front_end,4317082.669251456,True,icp_accepted,2649,1.0,0.08080540903964847,21.07091000652872,8.28210701001808,5.767904993263073,2.940840000519529,1,0,0,,,,,,,,,,,,,,local_map_fast,False,12,6539,0,False,False,False,,,,inactive,,,,,,,,,,
front_end,4317082.769183168,True,icp_accepted,2758,1.0,0.08507762769279982,20.8479969878681,8.23769299313426,5.81858100485988,2.8445380012271926,1,0,0,,,,,,,,,,,,,,local_map_fast,False,12,6539,0,False,False,False,,,,inactive,,,,,,,,,,
front_end,4317082.869207392,True,icp_accepted,2794,1.0,0.0879668036038339,21.567600007983856,7.898740004748106,5.63214800786227,3.2166430028155446,1,0,0,,,,,,,,,,,,,,local_map_fast,False,12,6539,0,False,False,False,,,,inactive,,,,,,,,,,
front_end,4317082.968148832,True,icp_accepted,2768,1.0,0.08655826240299495,20.27514300425537,8.236289999331348,6.148125001345761,2.3546199954580516,1,0,0,,,,,,,,,,,,,,local_map_fast,False,12,6539,0,False,False,False,,,,inactive,,,,,,,,,,
front_end,4317083.069144128,True,icp_accepted,2779,1.0,0.08379913751921102,19.548776996089146,8.020871988264844,5.767855007434264,2.5342500011902303,1,0,0,,,,,,,,,,,,,,local_map_fast,False,12,6539,0,False,False,False,,,,inactive,,,,,,,,,,
front_end,4317083.16818752,True,icp_accepted,2702,1.0,0.084947620211983,19.991695997305214,7.903370002168231,5.426948991953395,2.880616011680104,1,0,0,,,,,,,,,,,,,,local_map_fast,False,12,6539,0,False,False,False,,,,inactive,,,,,,,,,,
front_end,4317083.26819328,True,icp_accepted,2655,1.0,0.08237620067200344,19.321575993672013,8.148162989527918,5.9001749905291945,2.35432900080923,1,0,0,,,,,,,,,,,,,,local_map_fast,False,12,6539,0,False,False,False,,,,inactive,,,,,,,,,,
front_end,4317083.367859424,True,icp_accepted,2629,1.0,0.0820426747471593,21.303058994817548,7.964625998283736,5.547888009459712,2.7345099952071905,1,0,0,,,,,,,,,,,,,,local_map_fast,False,12,6539,0,False,False,False,,,,inactive,,,,,,,,,,
front_end,4317083.469170016,True,icp_accepted,2672,1.0,0.08489895519558127,20.5289029981941,7.893781003076583,5.490659008501098,2.783211995847523,1,0,0,,,,,,,,,,,,,,local_map_fast,False,12,6539,0,False,False,False,,,,inactive,,,,,,,,,,
front_end,4317083.569055872,True,icp_accepted,2728,1.0,0.08308248681589088,25.115821001236327,8.282367009087466,5.915474990615621,2.637164987390861,1,0,0,,,,,,,,,,,,,,local_map_fast,True,12,6631,0,False,False,False,,,,inactive,,,,,,,,,,
front_end,4317083.669133344,True,icp_accepted,2783,1.0,0.0658906213107752,34.07276600773912,11.568201007321477,9.12279900512658,9.782758992514573,1,0,0,,,,,,,,,,,,,,local_map_fast,False,12,6631,0,False,False,False,,,,inactive,,,,,,,,,,
front_end,4317083.76915536,True,icp_accepted,2759,1.0,0.07058019578421218,39.30627799127251,12.618369000847451,10.310297991964035,10.371764001320116,1,0,0,,,,,,,,,,,,,,local_map_fast,False,12,6631,0,False,False,False,,,,inactive,,,,,,,,,,
front_end,4317083.868180128,True,icp_accepted,2798,1.0,0.07622739775633906,32.15635599917732,11.886042993864976,8.050878997892141,7.400336005957797,1,0,0,,,,,,,,,,,,,,local_map_fast,False,12,6631,0,False,False,False,,,,inactive,,,,,,,,,,
front_end,4317083.969153376,True,icp_accepted,2858,1.0,0.07363495763051808,27.84004100249149,13.208838005084544,9.190947996103205,2.929709997260943,1,0,0,,,,,,,,,,,,,,local_map_fast,False,12,6631,0,False,False,False,,,,inactive,,,,,,,,,,
optimized_backend,,,,,,,,,,,,,,,,,,,,,,,,,,,,,,,,,,,,,,,,,212,364,153,,,,pose_graph,True
front_end,4317084.069122848,True,icp_accepted,2803,1.0,0.06984970438336342,22.19475799938664,8.796701004030183,6.153494992759079,2.5780830037547275,1,0,0,,,,,,,,,,,,,,local_map_fast,False,12,6631,0,False,False,False,,,,inactive,,,,,,,,,,
front_end,4317084.168159904,True,icp_accepted,2701,1.0,0.06936728482345282,22.74997999484185,9.205316004226916,6.02188499760814,3.1623800023226067,1,0,0,,,,,,,,,,,,,,local_map_fast,False,12,6631,0,False,False,False,,,,inactive,,,,,,,,,,
front_end,4317084.269103712,True,icp_accepted,2732,1.0,0.06775282999785738,20.069631995284,8.12276400392875,5.746122988057323,2.963802995509468,1,0,0,,,,,,,,,,,,,,local_map_fast,False,12,6631,0,False,False,False,,,,inactive,,,,,,,,,,
front_end,4317084.36911328,True,icp_accepted,2712,1.0,0.0692165817926948,19.720551004866138,8.008278004126623,5.684656003722921,2.5418339937459677,1,0,0,,,,,,,,,,,,,,local_map_fast,False,12,6631,0,False,False,False,,,,inactive,,,,,,,,,,
front_end,4317084.469231328,True,icp_accepted,2690,1.0,0.07137063429911975,19.89617400977295,8.301292997202836,5.862823993084021,2.228350000223145,1,0,0,,,,,,,,,,,,,,local_map_fast,False,12,6631,0,False,False,False,,,,inactive,,,,,,,,,,
front_end,4317084.56915936,True,icp_accepted,2750,1.0,0.072003079183625,19.88897001137957,7.909651001682505,5.518602003576234,2.7209439867874607,1,0,0,,,,,,,,,,,,,,local_map_fast,False,12,6631,0,False,False,False,,,,inactive,,,,,,,,,,
front_end,4317084.66910112,True,icp_accepted,2855,1.0,0.07524631753401097,21.885711990762502,7.151625002734363,5.1314989977981895,3.0072960071265697,1,0,0,,,,,,,,,,,,,,local_map_fast,False,12,6631,0,False,False,False,,,,inactive,,,,,,,,,,
front_end,4317084.76917888,True,icp_accepted,2835,1.0,0.07440411438208482,21.963058999972418,8.25870300468523,5.823550003697164,3.019028008566238,1,0,0,,,,,,,,,,,,,,local_map_fast,False,12,6631,0,False,False,False,,,,inactive,,,,,,,,,,
front_end,4317084.868095008,True,icp_accepted,2850,1.0,0.07757303408719914,21.133057001861744,8.53627800825052,6.066198999178596,2.4307440035045147,1,0,0,,,,,,,,,,,,,,local_map_fast,False,12,6631,0,False,False,False,,,,inactive,,,,,,,,,,
front_end,4317084.96908608,True,icp_accepted,2827,1.0,0.08344029807147585,18.982663008500822,7.136166008422151,5.00515999738127,2.256995008792728,1,0,0,,,,,,,,,,,,,,local_map_fast,False,12,6631,0,False,False,False,,,,inactive,,,,,,,,,,
front_end,4317085.069275264,True,icp_accepted,2838,1.0,0.08224645445234892,22.821906008175574,9.18683000782039,6.413939001504332,2.72068299818784,1,0,0,,,,,,,,,,,,,,local_map_fast,False,12,6631,0,False,False,False,,,,inactive,,,,,,,,,,
front_end,4317085.168087552,True,icp_accepted,2754,1.0,0.07776255848494544,22.413341008359566,8.687294000992551,6.091878007282503,2.351995004573837,1,0,0,,,,,,,,,,,,,,local_map_fast,False,12,6631,0,False,False,False,,,,inactive,,,,,,,,,,
front_end,4317085.269094816,True,icp_accepted,2663,1.0,0.07776777573206763,21.97368800989352,8.630586002254859,5.852424001204781,2.7345890121068805,1,0,0,,,,,,,,,,,,,,local_map_fast,False,12,6631,0,False,False,False,,,,inactive,,,,,,,,,,
front_end,4317085.369006816,True,icp_accepted,2688,1.0,0.07642148430423024,20.2448439958971,8.276745997136459,5.792020005173981,2.5604499969631433,1,0,0,,,,,,,,,,,,,,local_map_fast,False,12,6631,0,False,False,False,,,,inactive,,,,,,,,,,
front_end,4317085.468079008,True,icp_accepted,2739,1.0,0.08138593181068698,22.937903995625675,8.985197986476123,6.266868993407115,2.4907869956223294,1,0,0,,,,,,,,,,,,,,local_map_fast,False,12,6631,0,False,False,False,,,,inactive,,,,,,,,,,
front_end,4317085.569080992,True,icp_accepted,2676,1.0,0.0786453056595385,20.23141799145378,7.367593992967159,5.2320700051495805,1.9956190080847591,1,0,0,,,,,,,,,,,,,,local_map_fast,False,12,6631,0,False,False,False,,,,inactive,,,,,,,,,,
front_end,4317085.669227584,True,icp_accepted,2754,1.0,0.07732137206989255,19.67393200902734,7.898790005128831,5.445943999802694,2.5700169935589656,1,0,0,,,,,,,,,,,,,,local_map_fast,False,12,6631,0,False,False,False,,,,inactive,,,,,,,,,,
front_end,4317085.769085056,True,icp_accepted,2775,1.0,0.08214325684491942,21.06166099838447,8.41244299954269,5.94603200443089,2.9019460052950308,1,0,0,,,,,,,,,,,,,,local_map_fast,False,12,6631,0,False,False,False,,,,inactive,,,,,,,,,,
front_end,4317085.869079392,True,icp_accepted,2738,1.0,0.07681827190036719,21.827471995493397,8.549503007088788,5.869977991096675,2.4146729992935434,1,0,0,,,,,,,,,,,,,,local_map_fast,True,12,6662,0,False,False,False,,,,inactive,,,,,,,,,,
front_end,4317085.969292576,True,icp_accepted,2790,1.0,0.06765660452487876,20.46343800611794,7.934036999358796,5.562764999922365,3.0581619939766824,1,0,0,,,,,,,,,,,,,,local_map_fast,False,12,6662,0,False,False,False,,,,inactive,,,,,,,,,,
front_end,4317086.06904208,True,icp_accepted,2792,1.0,0.06888974164681243,19.368292996659875,7.790093994117342,5.384659001720138,2.409021995845251,1,0,0,,,,,,,,,,,,,,local_map_fast,False,12,6662,0,False,False,False,,,,inactive,,,,,,,,,,
front_end,4317086.169098016,True,icp_accepted,2747,1.0,0.06709972033987889,21.59120400028769,7.414542997139506,5.259501995169558,2.475537999998778,1,0,0,,,,,,,,,,,,,,local_map_fast,False,12,6662,0,False,False,False,,,,inactive,,,,,,,,,,
front_end,4317086.269189792,True,icp_accepted,2667,1.0,0.0707697405404308,21.058384008938447,8.021401998121291,5.597740993835032,2.9676909907720983,1,0,0,,,,,,,,,,,,,,local_map_fast,False,12,6662,0,False,False,False,,,,inactive,,,,,,,,,,
front_end,4317086.369118912,True,icp_accepted,2757,1.0,0.07082706895184541,22.09889500227291,8.669410002767108,6.251579994568601,2.5499700132058933,1,0,0,,,,,,,,,,,,,,local_map_fast,False,12,6662,0,False,False,False,,,,inactive,,,,,,,,,,
front_end,4317086.468077408,True,icp_accepted,2691,1.0,0.06800366010648004,22.317047987598926,8.307594995130785,5.695938001736067,2.800925009069033,1,0,0,,,,,,,,,,,,,,local_map_fast,False,12,6662,0,False,False,False,,,,inactive,,,,,,,,,,
front_end,4317086.569235136,True,icp_accepted,2729,1.0,0.06573145268312465,21.368540998082608,8.521949988789856,6.213098007719964,2.716696006245911,1,0,0,,,,,,,,,,,,,,local_map_fast,False,12,6662,0,False,False,False,,,,inactive,,,,,,,,,,
front_end,4317086.669088544,True,icp_accepted,2768,1.0,0.07053448544372276,20.91000300424639,8.447770000202581,5.920594005146995,3.0169850069796667,1,0,0,,,,,,,,,,,,,,local_map_fast,False,12,6662,0,False,False,False,,,,inactive,,,,,,,,,,
front_end,4317086.769010496,True,icp_accepted,2781,1.0,0.06902787451377596,21.16784200188704,7.419632995151915,5.18603200907819,2.951829999801703,1,0,0,,,,,,,,,,,,,,local_map_fast,False,12,6662,0,False,False,False,,,,inactive,,,,,,,,,,
front_end,4317086.869204608,True,icp_accepted,2822,1.0,0.07003993739076393,21.95263799512759,8.268760997452773,5.583706006291322,2.6637650007614866,1,0,0,,,,,,,,,,,,,,local_map_fast,True,12,6592,0,False,False,False,,,,inactive,,,,,,,,,,
front_end,4317086.969153216,True,icp_accepted,2716,1.0,0.06280231826209126,23.128805012675002,8.114348005619831,5.53191801009234,2.094686991767958,1,0,0,,,,,,,,,,,,,,local_map_fast,False,12,6592,0,False,False,False,,,,inactive,,,,,,,,,,
front_end,4317087.068083232,True,icp_accepted,2847,1.0,0.06356199591771301,39.888737999717705,14.686645998153836,11.389179999241605,11.086656988481991,1,0,0,,,,,,,,,,,,,,local_map_fast,False,12,6592,0,False,False,False,,,,inactive,,,,,,,,,,
front_end,4317087.169118208,True,icp_accepted,2855,1.0,0.06632405960084338,42.47132998716552,11.808003997430205,8.444874009001069,11.337363001075573,1,0,0,,,,,,,,,,,,,,local_map_fast,False,12,6592,0,False,False,False,,,,inactive,,,,,,,,,,
front_end,4317087.2690632,True,icp_accepted,2822,1.0,0.070921391306315,40.61812900181394,14.437282996368594,11.889728004462086,6.876855011796579,1,0,0,,,,,,,,,,,,,,local_map_fast,False,12,6592,0,False,False,False,,,,inactive,,,,,,,,,,
front_end,4317087.368970304,True,icp_accepted,2868,1.0,0.06982817239705724,39.80028000660241,9.637242997996509,7.012681991909631,13.403396005742252,1,0,0,,,,,,,,,,,,,,local_map_fast,False,12,6592,0,False,False,False,,,,inactive,,,,,,,,,,
optimized_backend,,,,,,,,,,,,,,,,,,,,,,,,,,,,,,,,,,,,,,,,,213,366,154,,,,pose_graph,True
front_end,4317087.469146688,True,icp_accepted,2852,1.0,0.07747432268196403,22.245361004024744,8.893594000255689,6.251229002373293,3.191625000908971,1,0,0,,,,,,,,,,,,,,local_map_fast,False,12,6592,0,False,False,False,,,,inactive,,,,,,,,,,
front_end,4317087.569146144,True,icp_accepted,2916,1.0,0.08127843668410649,22.86665800784249,9.266659995773807,6.5250180050497875,2.2913900029379874,1,0,0,,,,,,,,,,,,,,local_map_fast,False,12,6592,0,False,False,False,,,,inactive,,,,,,,,,,
front_end,4317087.6680392,True,icp_accepted,2952,1.0,0.079211131945478,22.19892399443779,8.117363991914317,5.699856003047898,2.8341680008452386,1,0,0,,,,,,,,,,,,,,local_map_fast,True,12,6585,0,False,False,False,,,,inactive,,,,,,,,,,
front_end,4317087.769113536,True,icp_accepted,2972,1.0,0.06219345241700785,23.090461996616796,8.332682002219371,5.755912003223784,4.55592900107149,1,0,0,,,,,,,,,,,,,,local_map_fast,False,12,6585,0,False,False,False,,,,inactive,,,,,,,,,,
front_end,4317087.869062528,True,icp_accepted,2900,1.0,0.06295895060920398,20.824891005759127,8.348201008629985,6.2545359978685156,2.8195899940328673,1,0,0,,,,,,,,,,,,,,local_map_fast,False,12,6585,0,False,False,False,,,,inactive,,,,,,,,,,
front_end,4317087.968086048,True,icp_accepted,2823,1.0,0.06268841325938634,19.080276993918233,6.997082993621007,4.902686006971635,2.6149530021939427,1,0,0,,,,,,,,,,,,,,local_map_fast,False,12,6585,0,False,False,False,,,,inactive,,,,,,,,,,
front_end,4317088.069139968,True,icp_accepted,2908,1.0,0.062248144477942635,20.353177998913452,8.313214988447726,5.8818899997277185,2.1172499982640147,1,0,0,,,,,,,,,,,,,,local_map_fast,False,12,6585,0,False,False,False,,,,inactive,,,,,,,,,,
front_end,4317088.169124736,True,icp_accepted,2867,1.0,0.06235705346370323,21.78766501310747,9.387288999278098,6.8042159982724115,2.8212129982421175,1,0,0,,,,,,,,,,,,,,local_map_fast,False,12,6585,0,False,False,False,,,,inactive,,,,,,,,,,
front_end,4317088.268024768,True,icp_accepted,2891,1.0,0.0644610794246406,23.4545010025613,8.417151009780355,5.775779005489312,3.306170998257585,1,0,0,,,,,,,,,,,,,,local_map_fast,False,12,6585,0,False,False,False,,,,inactive,,,,,,,,,,
front_end,4317088.3690888,True,icp_accepted,2910,1.0,0.06316348014479563,22.350800994900055,9.001468002679758,6.372888994519599,2.3395110038109124,1,0,0,,,,,,,,,,,,,,local_map_fast,False,12,6585,0,False,False,False,,,,inactive,,,,,,,,,,
front_end,4317088.469051616,True,icp_accepted,2934,1.0,0.06365579298174646,22.681567003019154,10.983471991494298,8.14264100336004,2.5339690037071705,1,0,0,,,,,,,,,,,,,,local_map_fast,False,12,6585,0,False,False,False,,,,inactive,,,,,,,,,,
front_end,4317088.568979008,True,icp_accepted,2949,1.0,0.06364070219361473,19.98939798795618,7.501987987780012,5.006931998650543,3.0373530025826767,1,0,0,,,,,,,,,,,,,,local_map_fast,False,12,6585,0,False,False,False,,,,inactive,,,,,,,,,,
front_end,4317088.66799744,True,icp_accepted,2933,1.0,0.06437145459726523,20.509684007265605,8.931996999308467,6.324868998490274,2.3294819984585047,1,0,0,,,,,,,,,,,,,,local_map_fast,False,12,6585,0,False,False,False,,,,inactive,,,,,,,,,,
front_end,4317088.769055872,True,icp_accepted,2927,1.0,0.06413654425835306,20.897277994663455,8.62526599667035,6.1036900006001815,2.23844000720419,1,0,0,,,,,,,,,,,,,,local_map_fast,False,12,6585,0,False,False,False,,,,inactive,,,,,,,,,,
front_end,4317088.868943712,True,icp_accepted,2850,1.0,0.06402907647703429,20.784242995432578,8.167988999048248,5.783082990092225,3.3185049978783354,1,0,0,,,,,,,,,,,,,,local_map_fast,False,12,6585,0,False,False,False,,,,inactive,,,,,,,,,,
front_end,4317088.967983936,True,icp_accepted,2839,1.0,0.06322937482010962,20.534469993435778,8.335475999047048,5.8003049925901,2.738727009273134,1,0,0,,,,,,,,,,,,,,local_map_fast,False,12,6585,0,False,False,False,,,,inactive,,,,,,,,,,
front_end,4317089.0690264,True,icp_accepted,2861,1.0,0.06374728350713722,21.935053999186493,7.9623700003139675,5.645472003379837,2.3309549869736657,1,0,0,,,,,,,,,,,,,,local_map_fast,False,12,6585,0,False,False,False,,,,inactive,,,,,,,,,,
front_end,4317089.168006784,True,icp_accepted,2890,1.0,0.06770572993215412,20.29197200317867,7.2885039990069345,5.242478000582196,3.033225002582185,1,0,0,,,,,,,,,,,,,,local_map_fast,False,12,6585,0,False,False,False,,,,inactive,,,,,,,,,,
front_end,4317089.269079712,True,icp_accepted,2980,1.0,0.08231888293152523,29.609056990011595,8.022082998650149,5.57957700220868,3.2423610100522637,1,0,0,,,,,,,,,,,,,,local_map_fast,False,12,6585,0,False,False,False,,,,inactive,,,,,,,,,,
front_end,4317089.369093472,True,icp_accepted,2966,1.0,0.078761889909022,41.74848699767608,11.376876005670056,8.772864006459713,9.884610990411602,1,0,0,,,,,,,,,,,,,,local_map_fast,True,12,6520,0,False,False,False,,,,inactive,,,,,,,,,,
front_end,4317089.469203808,True,icp_accepted,2967,1.0,0.0719059943503215,34.17563500988763,15.479005000088364,9.550388000207022,5.542156999581493,1,0,0,,,,,,,,,,,,,,local_map_fast,False,12,6520,0,False,False,False,,,,inactive,,,,,,,,,,
front_end,4317089.569113472,True,icp_accepted,2938,1.0,0.07374844845958108,30.39876199909486,10.091953008668497,7.177463005064055,6.833110994193703,1,0,0,,,,,,,,,,,,,,local_map_fast,False,12,6520,0,False,False,False,,,,inactive,,,,,,,,,,
front_end,4317089.669109056,True,icp_accepted,3032,1.0,0.07015955579505248,34.32711199275218,12.968130002263933,9.226715003023855,6.095283999457024,1,0,0,,,,,,,,,,,,,,local_map_fast,False,12,6520,0,False,False,False,,,,inactive,,,,,,,,,,
optimized_backend,,,,,,,,,,,,,,,,,,,,,,,,,,,,,,,,,,,,,,,,,214,368,155,,,,pose_graph,True
front_end,4317089.768921568,True,icp_accepted,2984,1.0,0.06638223845693171,29.59867699246388,8.319927001139149,5.920943993260153,2.961499005323276,1,0,0,,,,,,,,,,,,,,local_map_fast,True,12,6376,0,False,False,False,,,,inactive,,,,,,,,,,
front_end,4317089.86796896,True,icp_accepted,2937,1.0,0.0633781815863203,43.4187709906837,10.586760996375233,7.542724997620098,13.425095996353775,1,0,0,,,,,,,,,,,,,,local_map_fast,False,12,6376,0,False,False,False,,,,inactive,,,,,,,,,,
front_end,4317089.969103744,True,icp_accepted,2880,1.0,0.0629738685659316,38.70261799602304,10.679895989596844,8.250946004409343,11.086295999120921,1,0,0,,,,,,,,,,,,,,local_map_fast,False,12,6376,0,False,False,False,,,,inactive,,,,,,,,,,
front_end,4317090.069216064,True,icp_accepted,2890,1.0,0.06436612898294725,47.84748799283989,14.703476990689524,12.322227004915476,14.694429992232472,1,0,0,,,,,,,,,,,,,,local_map_fast,True,12,6156,0,False,False,False,,,,inactive,,,,,,,,,,
front_end,4317090.169120448,True,icp_accepted,2934,1.0,0.06191065049424253,23.500487994169816,9.649384999647737,6.461406999733299,2.3546489974251017,1,0,0,,,,,,,,,,,,,,local_map_fast,False,12,6156,0,False,False,False,,,,inactive,,,,,,,,,,
optimized_backend,,,,,,,,,,,,,,,,,,,,,,,,,,,,,,,,,,,,,,,,,215,370,156,,,,pose_graph,True
front_end,4317090.269023296,True,icp_accepted,2864,1.0,0.062002942039137664,40.7895000098506,16.543741003260948,12.331844991422258,7.407027995213866,1,0,0,,,,,,,,,,,,,,local_map_fast,False,12,6156,0,False,False,False,,,,inactive,,,,,,,,,,
front_end,4317090.3680216,True,icp_accepted,2897,1.0,0.06620691629631126,48.76037599751726,10.095769990584813,7.154450009693392,23.1506550044287,1,0,0,,,,,,,,,,,,,,local_map_fast,True,12,5984,0,False,False,False,,,,inactive,,,,,,,,,,
front_end,4317090.46909984,True,icp_accepted,2919,1.0,0.06274500355443255,40.62876501120627,12.948062008945271,9.20809899980668,10.238860995741561,1,0,0,,,,,,,,,,,,,,local_map_fast,False,12,5984,0,False,False,False,,,,inactive,,,,,,,,,,
front_end,4317090.568993408,True,icp_accepted,2911,1.0,0.07624627365707969,24.998282999149524,10.947963994112797,8.383827997022308,3.6411760083865374,1,0,0,,,,,,,,,,,,,,local_map_fast,False,12,5984,0,False,False,False,,,,inactive,,,,,,,,,,
optimized_backend,,,,,,,,,,,,,,,,,,,,,,,,,,,,,,,,,,,,,,,,,216,372,157,,,,pose_graph,True
front_end,4317090.668003968,True,icp_accepted,2941,1.0,0.07871136469152114,54.7231090022251,21.57553100551013,17.24861699040048,12.592288010637276,1,0,0,,,,,,,,,,,,,,local_map_fast,True,12,5869,0,False,False,False,,,,inactive,,,,,,,,,,
front_end,4317090.767946144,True,icp_accepted,2886,1.0,0.06344439210215248,46.11331201158464,13.05549500102643,10.168487002374604,12.914838996948674,1,0,0,,,,,,,,,,,,,,local_map_fast,False,12,5869,0,False,False,False,,,,inactive,,,,,,,,,,
front_end,4317090.869007904,True,icp_accepted,2988,1.0,0.06320075846857416,37.97161400143523,12.980733998119831,9.608447988284752,6.098188998294063,1,0,0,,,,,,,,,,,,,,local_map_fast,True,12,5724,0,False,False,False,,,,inactive,,,,,,,,,,
front_end,4317090.96899664,True,icp_accepted,2887,1.0,0.061246717902335567,41.064841992920265,13.979675990412943,10.940759995719418,7.219823004561476,1,0,0,,,,,,,,,,,,,,local_map_fast,False,12,5724,0,False,False,False,,,,inactive,,,,,,,,,,
front_end,4317091.06910432,True,icp_accepted,2986,0.999330207635633,0.06362813705964009,26.71805999125354,11.056628994992934,7.475157995941117,2.597179001895711,1,0,0,,,,,,,,,,,,,,local_map_fast,False,12,5724,0,False,False,False,,,,inactive,,,,,,,,,,
optimized_backend,,,,,,,,,,,,,,,,,,,,,,,,,,,,,,,,,,,,,,,,,217,374,158,,,,pose_graph,True
front_end,4317091.168963776,True,icp_accepted,2946,0.9996605566870332,0.07178054063342301,39.886789993033744,11.365554993972182,8.00349799101241,7.630991996848024,1,0,0,,,,,,,,,,,,,,local_map_fast,True,12,5626,0,False,False,False,,,,inactive,,,,,,,,,,
front_end,4317091.268905312,True,icp_accepted,2823,1.0,0.06396648885869208,34.5314880105434,10.890074001508765,8.397664001677185,6.215671994141303,1,0,0,,,,,,,,,,,,,,local_map_fast,False,12,5626,0,False,False,False,,,,inactive,,,,,,,,,,
front_end,4317091.369066176,True,icp_accepted,2828,1.0,0.06444715003051575,45.937930000945926,12.385365989757702,9.640606993343681,8.833850006340072,1,0,0,,,,,,,,,,,,,,local_map_fast,False,12,5626,0,False,False,False,,,,inactive,,,,,,,,,,
front_end,4317091.468954496,True,icp_accepted,2747,1.0,0.06767773990960396,42.82342099759262,15.547484988928773,11.719404996256344,6.77622300281655,1,0,0,,,,,,,,,,,,,,local_map_fast,True,12,5582,0,False,False,False,,,,inactive,,,,,,,,,,
front_end,4317091.568008448,True,icp_accepted,2835,1.0,0.06351795089898711,33.676257997285575,14.69174399971962,11.571704992093146,2.7440069970907643,1,0,0,,,,,,,,,,,,,,local_map_fast,False,12,5582,0,False,False,False,,,,inactive,,,,,,,,,,
optimized_backend,,,,,,,,,,,,,,,,,,,,,,,,,,,,,,,,,,,,,,,,,218,376,159,,,,pose_graph,True
front_end,4317091.668982944,True,icp_accepted,2767,1.0,0.06379061668482071,47.31834398990031,13.027371998759918,9.239056991646066,9.195243997965008,1,0,0,,,,,,,,,,,,,,local_map_fast,False,12,5582,0,False,False,False,,,,inactive,,,,,,,,,,
front_end,4317091.768983872,True,icp_accepted,2831,1.0,0.06285843954474782,39.41117900831159,14.679681000416167,10.8560599910561,6.388028006767854,1,0,0,,,,,,,,,,,,,,local_map_fast,True,12,5552,0,False,False,False,,,,inactive,,,,,,,,,,
front_end,4317091.867907264,True,icp_accepted,2863,1.0,0.06217161912287326,32.51555901078973,10.886768010095693,8.529402999556623,6.375333003234118,1,0,0,,,,,,,,,,,,,,local_map_fast,False,12,5552,0,False,False,False,,,,inactive,,,,,,,,,,
front_end,4317091.969022848,True,icp_accepted,2823,1.0,0.062236602336866356,34.68018899729941,12.089726005797274,8.492602995829657,7.000997997238301,1,0,0,,,,,,,,,,,,,,local_map_fast,True,12,5513,0,False,False,False,,,,inactive,,,,,,,,,,
optimized_backend,,,,,,,,,,,,,,,,,,,,,,,,,,,,,,,,,,,,,,,,,219,378,160,,,,pose_graph,True
front_end,4317092.068950432,True,icp_accepted,2831,1.0,0.05959600391513562,54.57350399228744,17.511273996206,13.590718997875229,13.24816000123974,1,0,0,,,,,,,,,,,,,,local_map_fast,False,12,5513,0,False,False,False,,,,inactive,,,,,,,,,,
front_end,4317092.16910176,True,icp_accepted,2848,1.0,0.060806506836943046,50.01690400240477,13.958295006887056,8.773736000875942,4.003582012956031,1,0,0,,,,,,,,,,,,,,local_map_fast,False,12,5513,0,False,False,False,,,,inactive,,,,,,,,,,
front_end,4317092.26906896,True,icp_accepted,2800,1.0,0.06048384044030126,48.71157099842094,15.676638009608723,12.452271999791265,7.658352988073602,1,0,0,,,,,,,,,,,,,,local_map_fast,True,12,5345,0,False,False,False,,,,inactive,,,,,,,,,,
front_end,4317092.368901376,True,icp_accepted,2749,1.0,0.06194500902659137,42.563577997498214,17.34304500860162,14.59784500184469,6.443794001825154,1,0,0,,,,,,,,,,,,,,local_map_fast,False,12,5345,0,False,False,False,,,,inactive,,,,,,,,,,
optimized_backend,,,,,,,,,,,,,,,,,,,,,,,,,,,,,,,,,,,,,,,,,220,380,161,,,,pose_graph,True
front_end,4317092.4691072,True,icp_accepted,2594,1.0,0.06214279197482337,28.88667599472683,12.570316001074389,8.84514200151898,3.0238369945436716,1,0,0,,,,,,,,,,,,,,local_map_fast,False,12,5345,0,False,False,False,,,,inactive,,,,,,,,,,
front_end,4317092.569072192,True,icp_accepted,2683,1.0,0.06181612265769081,44.58776100364048,15.045804000692442,12.445048996596597,10.307431002729572,1,0,0,,,,,,,,,,,,,,local_map_fast,True,12,5373,0,False,False,False,,,,inactive,,,,,,,,,,
front_end,4317092.66896704,True,icp_accepted,2662,1.0,0.06005469523391721,40.88370699901134,13.485468996805139,10.654657991835847,5.735761995310895,1,0,0,,,,,,,,,,,,,,local_map_fast,False,12,5373,0,False,False,False,,,,inactive,,,,,,,,,,
front_end,4317092.76907632,True,icp_accepted,2706,1.0,0.060698595229680484,28.75492699968163,9.669683000538498,7.009784996625967,4.973279006662779,1,0,0,,,,,,,,,,,,,,local_map_fast,True,12,5378,0,False,False,False,,,,inactive,,,,,,,,,,
optimized_backend,,,,,,,,,,,,,,,,,,,,,,,,,,,,,,,,,,,,,,,,,221,382,162,,,,pose_graph,True
front_end,4317092.868952544,True,icp_accepted,2712,1.0,0.059158949829689965,44.87783099466469,14.662357993074693,12.100897001801059,15.713789005530998,1,0,0,,,,,,,,,,,,,,local_map_fast,False,12,5378,0,False,False,False,,,,inactive,,,,,,,,,,
front_end,4317092.968957728,True,icp_accepted,2676,1.0,0.06015843808246928,31.542145006824285,12.199654011055827,8.875469007762149,6.198479008162394,1,0,0,,,,,,,,,,,,,,local_map_fast,False,12,5378,0,False,False,False,,,,inactive,,,,,,,,,,
front_end,4317093.067935904,True,icp_accepted,2742,1.0,0.0599958396894575,34.789915996952914,13.064901999314316,10.280959992087446,5.227519999607466,1,0,0,,,,,,,,,,,,,,local_map_fast,True,12,5356,0,False,False,False,,,,inactive,,,,,,,,,,
front_end,4317093.167899136,True,icp_accepted,2713,1.0,0.06084487507061496,32.918451994191855,13.443489995552227,8.283157003461383,4.549765988485888,1,0,0,,,,,,,,,,,,,,local_map_fast,False,12,5356,0,False,False,False,,,,inactive,,,,,,,,,,
optimized_backend,,,,,,,,,,,,,,,,,,,,,,,,,,,,,,,,,,,,,,,,,222,384,163,,,,pose_graph,True
front_end,4317093.269000704,True,icp_accepted,2567,1.0,0.061301823692728144,47.92900799657218,14.34537699969951,10.924709000391886,9.044477992574684,1,0,0,,,,,,,,,,,,,,local_map_fast,False,12,5356,0,False,False,False,,,,inactive,,,,,,,,,,
front_end,4317093.36788224,True,icp_accepted,2615,1.0,0.06182094335720493,46.39269900508225,13.41279101325199,7.237827012431808,16.386864008381963,1,0,0,,,,,,,,,,,,,,local_map_fast,False,12,5356,0,False,False,False,,,,inactive,,,,,,,,,,
front_end,4317093.467896896,True,icp_accepted,2529,1.0,0.06092029984599201,34.61342000809964,11.634232010692358,7.897856005001813,5.8717089996207505,1,0,0,,,,,,,,,,,,,,local_map_fast,True,12,5233,0,False,False,False,,,,inactive,,,,,,,,,,
front_end,4317093.56900016,True,icp_accepted,2534,1.0,0.062155176755413835,33.73796299274545,13.831914999173023,11.176526008057408,5.8441879955353215,1,0,0,,,,,,,,,,,,,,local_map_fast,False,12,5233,0,False,False,False,,,,inactive,,,,,,,,,,
front_end,4317093.667965376,True,icp_accepted,2525,1.0,0.061321579450557155,24.104748998070136,10.141164995729923,7.026466992101632,2.2116280015325174,1,0,0,,,,,,,,,,,,,,local_map_fast,False,12,5233,0,False,False,False,,,,inactive,,,,,,,,,,
optimized_backend,,,,,,,,,,,,,,,,,,,,,,,,,,,,,,,,,,,,,,,,,223,386,164,,,,pose_graph,True
front_end,4317093.7678808,True,icp_accepted,2591,1.0,0.06183291050046195,42.310548000386916,13.179439003579319,9.842950996244326,9.31829700130038,1,0,0,,,,,,,,,,,,,,local_map_fast,False,12,5233,0,False,False,False,,,,inactive,,,,,,,,,,
front_end,4317093.868901216,True,icp_accepted,2593,1.0,0.06244768526597464,40.074492993880995,10.460168996360153,8.111561997793615,14.379421991179697,1,0,0,,,,,,,,,,,,,,local_map_fast,True,12,5225,0,False,False,False,,,,inactive,,,,,,,,,,
front_end,4317093.96906976,True,icp_accepted,2632,1.0,0.06119174714122109,28.741190006257966,11.35828001133632,8.955850993515924,4.092289993423037,1,0,0,,,,,,,,,,,,,,local_map_fast,False,12,5225,0,False,False,False,,,,inactive,,,,,,,,,,
front_end,4317094.06788112,True,icp_accepted,2669,1.0,0.061378810681749545,23.289866003324278,8.95565000246279,6.294681006693281,2.383564002229832,1,0,0,,,,,,,,,,,,,,local_map_fast,False,12,5225,0,False,False,False,,,,inactive,,,,,,,,,,
optimized_backend,,,,,,,,,,,,,,,,,,,,,,,,,,,,,,,,,,,,,,,,,224,388,165,,,,pose_graph,True
front_end,4317094.16899024,True,icp_accepted,2629,1.0,0.06177684470069135,36.54808399733156,14.11766599630937,10.872571001527831,6.05875400651712,1,0,0,,,,,,,,,,,,,,local_map_fast,False,12,5225,0,False,False,False,,,,inactive,,,,,,,,,,
front_end,4317094.267897984,True,icp_accepted,2570,1.0,0.06480124500027012,33.09359200648032,10.533527994994074,8.127792010782287,5.474767996929586,1,0,0,,,,,,,,,,,,,,local_map_fast,False,12,5225,0,False,False,False,,,,inactive,,,,,,,,,,
front_end,4317094.368960704,True,icp_accepted,2518,1.0,0.062878726329294,44.39134799758904,19.522591988788918,16.458288999274373,6.942348001757637,1,0,0,,,,,,,,,,,,,,local_map_fast,False,12,5225,0,False,False,False,,,,inactive,,,,,,,,,,
front_end,4317094.468900224,True,icp_accepted,2513,1.0,0.061548338515220194,23.213240987388417,9.197076986311004,6.514868000522256,2.183235003030859,1,0,0,,,,,,,,,,,,,,local_map_fast,False,12,5225,0,False,False,False,,,,inactive,,,,,,,,,,
optimized_backend,,,,,,,,,,,,,,,,,,,,,,,,,,,,,,,,,,,,,,,,,225,390,166,,,,pose_graph,True
front_end,4317094.567863616,True,icp_accepted,2485,1.0,0.06254174330603492,20.641320006689057,7.900322001660243,5.746894006733783,2.104786006384529,1,0,0,,,,,,,,,,,,,,local_map_fast,False,12,5225,0,False,False,False,,,,inactive,,,,,,,,,,
front_end,4317094.669072768,True,icp_accepted,2498,1.0,0.061858158325072125,22.642940006335266,9.195293008815497,6.514717999380082,2.199665002990514,1,0,0,,,,,,,,,,,,,,local_map_fast,False,12,5225,0,False,False,False,,,,inactive,,,,,,,,,,
front_end,4317094.768884416,True,icp_accepted,2571,1.0,0.06343377717832863,22.594919995754026,8.175042006769218,5.741401997511275,2.5016470026457682,1,0,0,,,,,,,,,,,,,,local_map_fast,True,12,5227,0,False,False,False,,,,inactive,,,,,,,,,,
front_end,4317094.869061184,True,icp_accepted,2627,1.0,0.060862034628275746,23.162754994700663,8.002173999557272,5.616326001472771,2.426324994303286,1,0,0,,,,,,,,,,,,,,local_map_fast,False,12,5227,0,False,False,False,,,,inactive,,,,,,,,,,
front_end,4317094.969024608,True,icp_accepted,2654,1.0,0.0605122213719127,49.45076898729894,17.34543799830135,14.415860990993679,9.963738993974403,1,0,0,,,,,,,,,,,,,,local_map_fast,False,12,5227,0,False,False,False,,,,inactive,,,,,,,,,,
front_end,4317095.068843904,True,icp_accepted,2600,1.0,0.06319298250674286,34.573234006529674,9.965542994905263,7.652943007997237,8.465400998829864,1,0,0,,,,,,,,,,,,,,local_map_fast,False,12,5227,0,False,False,False,,,,inactive,,,,,,,,,,
front_end,4317095.16882544,True,icp_accepted,2601,1.0,0.06072184866427919,32.59838400117587,11.750361998565495,8.144694002112374,4.101818005437963,1,0,0,,,,,,,,,,,,,,local_map_fast,False,12,5227,0,False,False,False,,,,inactive,,,,,,,,,,
front_end,4317095.267845984,True,icp_accepted,2551,1.0,0.06198646953347269,32.89521600527223,12.896722997538745,9.710900005302392,6.592775011085905,1,0,0,,,,,,,,,,,,,,local_map_fast,False,12,5227,0,False,False,False,,,,inactive,,,,,,,,,,
optimized_backend,,,,,,,,,,,,,,,,,,,,,,,,,,,,,,,,,,,,,,,,,226,392,167,,,,pose_graph,True
front_end,4317095.368870112,True,icp_accepted,2598,1.0,0.061664473650153824,24.24719800183084,9.642951001296751,6.576373998541385,2.510985010303557,1,0,0,,,,,,,,,,,,,,local_map_fast,False,12,5227,0,False,False,False,,,,inactive,,,,,,,,,,
front_end,4317095.469062016,True,icp_accepted,2561,1.0,0.05934508728684473,22.070395993068814,8.577452987083234,6.027985000400804,2.7896730025531724,1,0,0,,,,,,,,,,,,,,local_map_fast,False,12,5227,0,False,False,False,,,,inactive,,,,,,,,,,
front_end,4317095.568972288,True,icp_accepted,2541,1.0,0.06115943546693596,21.938095000223257,8.06676599313505,5.643726995913312,2.5195210037054494,1,0,0,,,,,,,,,,,,,,local_map_fast,False,12,5227,0,False,False,False,,,,inactive,,,,,,,,,,
front_end,4317095.668811712,True,icp_accepted,2605,1.0,0.0615143419656764,19.664639999973588,8.035747989197262,5.640071001835167,2.057947000139393,1,0,0,,,,,,,,,,,,,,local_map_fast,False,12,5227,0,False,False,False,,,,inactive,,,,,,,,,,
front_end,4317095.76907648,True,icp_accepted,2504,1.0,0.059942561742338044,24.025108010391705,7.579664001241326,5.489856004714966,2.1654300071531907,1,0,0,,,,,,,,,,,,,,local_map_fast,False,12,5227,0,False,False,False,,,,inactive,,,,,,,,,,
front_end,4317095.868947392,True,icp_accepted,2601,1.0,0.06144269985345304,19.089018998784013,7.852700990042649,5.504103988641873,1.8161190091632307,1,0,0,,,,,,,,,,,,,,local_map_fast,False,12,5227,0,False,False,False,,,,inactive,,,,,,,,,,
front_end,4317095.968808256,True,icp_accepted,2525,1.0,0.06165401972675209,18.995823003933765,7.659315000637434,5.290068002068438,1.7714550049277022,1,0,0,,,,,,,,,,,,,,local_map_fast,False,12,5227,0,False,False,False,,,,inactive,,,,,,,,,,
front_end,4317096.068995936,True,icp_accepted,2500,1.0,0.06316938250968564,21.70849099638872,8.038683998165652,5.665559001499787,2.173665998270735,1,0,0,,,,,,,,,,,,,,local_map_fast,False,12,5227,0,False,False,False,,,,inactive,,,,,,,,,,
front_end,4317096.168898816,True,icp_accepted,2547,1.0,0.06063820877661716,19.86745400063228,8.10065001132898,5.729180003982037,1.6715749952709302,1,0,0,,,,,,,,,,,,,,local_map_fast,False,12,5227,0,False,False,False,,,,inactive,,,,,,,,,,
front_end,4317096.268791168,True,icp_accepted,2453,1.0,0.06071892365823648,22.572535992367193,9.070216998225078,6.555274012498558,2.0693489932455122,1,0,0,,,,,,,,,,,,,,local_map_fast,False,12,5227,0,False,False,False,,,,inactive,,,,,,,,,,
front_end,4317096.369037888,True,icp_accepted,2633,1.0,0.06162204459406438,19.030900002690032,7.044521000352688,5.002744001103565,2.118581993272528,1,0,0,,,,,,,,,,,,,,local_map_fast,False,12,5227,0,False,False,False,,,,inactive,,,,,,,,,,
front_end,4317096.468866528,True,icp_accepted,2599,1.0,0.06193436481462179,20.563441998092458,7.874492002883926,5.564567996771075,2.379195997491479,1,0,0,,,,,,,,,,,,,,local_map_fast,False,12,5227,0,False,False,False,,,,inactive,,,,,,,,,,
front_end,4317096.568871936,True,icp_accepted,2750,1.0,0.06277591838770061,20.528936001937836,7.879562006564811,5.414493993157521,2.639419006300159,1,0,0,,,,,,,,,,,,,,local_map_fast,False,12,5227,0,False,False,False,,,,inactive,,,,,,,,,,
front_end,4317096.668976736,True,icp_accepted,2564,1.0,0.06431635090779732,20.532112001092173,8.225736994063482,5.729369993787259,2.4542479950468987,1,0,0,,,,,,,,,,,,,,local_map_fast,False,12,5227,0,False,False,False,,,,inactive,,,,,,,,,,
front_end,4317096.768866464,True,icp_accepted,2664,1.0,0.06642109268468867,19.126990999211557,7.915540001704358,5.537295990507118,1.8642500072019175,1,0,0,,,,,,,,,,,,,,local_map_fast,False,12,5227,0,False,False,False,,,,inactive,,,,,,,,,,
front_end,4317096.868836512,True,icp_accepted,2636,1.0,0.06442767950913543,20.30325899249874,8.889243996236473,6.31424700259231,1.8598309980006889,1,0,0,,,,,,,,,,,,,,local_map_fast,False,12,5227,0,False,False,False,,,,inactive,,,,,,,,,,
front_end,4317096.968956128,True,icp_accepted,2583,1.0,0.06658463994063776,18.911342005594634,6.9065790012246,4.878238003584556,2.3424959945259616,1,0,0,,,,,,,,,,,,,,local_map_fast,False,12,5227,0,False,False,False,,,,inactive,,,,,,,,,,
front_end,4317097.068962208,True,icp_accepted,2577,0.9996119518820333,0.06581065782294972,19.96724199852906,8.023274000152014,5.684013987774961,2.5831920065684244,1,0,0,,,,,,,,,,,,,,local_map_fast,False,12,5227,0,False,False,False,,,,inactive,,,,,,,,,,
front_end,4317097.16878256,True,icp_accepted,2514,1.0,0.06210764715521936,19.861502005369402,8.484668011078611,5.812987990793772,1.8978040025103837,1,0,0,,,,,,,,,,,,,,local_map_fast,False,12,5227,0,False,False,False,,,,inactive,,,,,,,,,,
front_end,4317097.268963872,True,icp_accepted,2610,1.0,0.06330288509582269,22.129977005533874,7.924116012873128,5.421206005848944,2.2468739916803315,1,0,0,,,,,,,,,,,,,,local_map_fast,True,12,5188,0,False,False,False,,,,inactive,,,,,,,,,,
front_end,4317097.36896336,True,icp_accepted,2546,1.0,0.05990105847999311,19.835241997498088,8.004978997632861,5.602189005003311,1.9375989941181615,1,0,0,,,,,,,,,,,,,,local_map_fast,False,12,5188,0,False,False,False,,,,inactive,,,,,,,,,,
front_end,4317097.468804768,True,icp_accepted,2585,1.0,0.060200654334072776,19.205760007025674,7.728955999482423,5.282964004436508,1.688297008513473,1,0,0,,,,,,,,,,,,,,local_map_fast,False,12,5188,0,False,False,False,,,,inactive,,,,,,,,,,
front_end,4317097.568977408,True,icp_accepted,2607,1.0,0.0651416451509605,17.939982993993908,6.892471996252425,4.821831011213362,1.812501999665983,1,0,0,,,,,,,,,,,,,,local_map_fast,False,12,5188,0,False,False,False,,,,inactive,,,,,,,,,,
front_end,4317097.668933696,True,icp_accepted,2526,0.9996041171813144,0.05969546341187251,18.834335991414264,7.457782994606532,5.204025001148693,1.669953009695746,1,0,0,,,,,,,,,,,,,,local_map_fast,False,12,5188,0,False,False,False,,,,inactive,,,,,,,,,,
front_end,4317097.76907584,True,icp_accepted,2586,1.0,0.059969824008180954,18.95375200547278,8.071345000644214,5.692791004548781,1.6506160027347505,1,0,0,,,,,,,,,,,,,,local_map_fast,False,12,5188,0,False,False,False,,,,inactive,,,,,,,,,,
front_end,4317097.868879072,True,icp_accepted,2546,1.0,0.06274278168960108,20.430949996807612,8.117983001284301,5.614371009869501,2.144190002582036,1,0,0,,,,,,,,,,,,,,local_map_fast,False,12,5188,0,False,False,False,,,,inactive,,,,,,,,,,
front_end,4317097.9689288,True,icp_accepted,2494,1.0,0.06350140308634868,19.788023011642508,8.025768998777494,5.652132997056469,2.2246620064834133,1,0,0,,,,,,,,,,,,,,local_map_fast,False,12,5188,0,False,False,False,,,,inactive,,,,,,,,,,
front_end,4317098.068825952,True,icp_accepted,2540,1.0,0.06307997422197843,19.950770991272293,8.037129999138415,5.945067998254672,1.9558430067263544,1,0,0,,,,,,,,,,,,,,local_map_fast,False,12,5188,0,False,False,False,,,,inactive,,,,,,,,,,
front_end,4317098.16891824,True,icp_accepted,2529,1.0,0.060878405488651366,18.621223003719933,6.959930004086345,4.935396005748771,2.058548998320475,1,0,0,,,,,,,,,,,,,,local_map_fast,False,12,5188,0,False,False,False,,,,inactive,,,,,,,,,,
front_end,4317098.268870976,True,icp_accepted,2592,1.0,0.061145513706201554,20.529325993265957,8.520274990587495,6.0881990066263825,2.236275002360344,1,0,0,,,,,,,,,,,,,,local_map_fast,False,12,5188,0,False,False,False,,,,inactive,,,,,,,,,,
front_end,4317098.369009024,True,icp_accepted,2527,1.0,0.067566644595943,37.608789003570564,8.79270100267604,5.965406991890632,1.9871830008924007,1,0,0,,,,,,,,,,,,,,local_map_fast,False,12,5188,0,False,False,False,,,,inactive,,,,,,,,,,
front_end,4317098.468958016,True,icp_accepted,2619,1.0,0.06483393205516488,34.59908900549635,10.817094007506967,8.35381900833454,9.89954599936027,1,0,0,,,,,,,,,,,,,,local_map_fast,False,12,5188,0,False,False,False,,,,inactive,,,,,,,,,,
front_end,4317098.568814112,True,icp_accepted,2584,1.0,0.06772862278679088,33.71710900682956,10.713698007748462,8.30771199252922,8.633580000605434,1,0,0,,,,,,,,,,,,,,local_map_fast,False,12,5188,0,False,False,False,,,,inactive,,,,,,,,,,
front_end,4317098.66902496,True,icp_accepted,2505,1.0,0.06519350441862892,22.748709001461975,9.176708001177758,6.775891990400851,1.8217299948446453,1,0,0,,,,,,,,,,,,,,local_map_fast,False,12,5188,0,False,False,False,,,,inactive,,,,,,,,,,
optimized_backend,,,,,,,,,,,,,,,,,,,,,,,,,,,,,,,,,,,,,,,,,227,394,168,,,,pose_graph,True
front_end,4317098.768916672,True,icp_accepted,2552,0.9996081504702194,0.06556756311559435,19.450923005933873,7.7437839936465025,5.398021996370517,1.8998779996763915,1,0,0,,,,,,,,,,,,,,local_map_fast,False,12,5188,0,False,False,False,,,,inactive,,,,,,,,,,
front_end,4317098.868809184,True,icp_accepted,2503,1.0,0.06230416061525087,21.034663004684262,8.572001999709755,6.032894001691602,2.236004002043046,1,0,0,,,,,,,,,,,,,,local_map_fast,False,12,5188,0,False,False,False,,,,inactive,,,,,,,,,,
front_end,4317098.969046208,True,icp_accepted,2522,0.999603489294211,0.06158825389097581,21.293573998264037,8.46507100504823,6.029698008205742,1.963528004125692,1,0,0,,,,,,,,,,,,,,local_map_fast,False,12,5188,0,False,False,False,,,,inactive,,,,,,,,,,
front_end,4317099.06893648,True,icp_accepted,2502,1.0,0.06749752760176794,22.279741009697318,8.813841006485745,5.986415999359451,1.934664003783837,1,0,0,,,,,,,,,,,,,,local_map_fast,True,12,5143,0,False,False,False,,,,inactive,,,,,,,,,,
front_end,4317099.168900832,True,icp_accepted,2523,1.0,0.05943220890483806,19.97606799704954,8.027511008549482,5.574295995756984,2.0566539897117764,1,0,0,,,,,,,,,,,,,,local_map_fast,False,12,5143,0,False,False,False,,,,inactive,,,,,,,,,,
front_end,4317099.268979168,True,icp_accepted,2480,1.0,0.05956716664388351,20.55860099790152,8.981227991171181,6.699846999254078,2.1445009915623814,1,0,0,,,,,,,,,,,,,,local_map_fast,False,12,5143,0,False,False,False,,,,inactive,,,,,,,,,,
front_end,4317099.36889664,True,icp_accepted,2540,1.0,0.058764263208376945,18.68379100051243,7.123069008230232,4.881172993918881,1.560504999361001,1,0,0,,,,,,,,,,,,,,local_map_fast,False,12,5143,0,False,False,False,,,,inactive,,,,,,,,,,
front_end,4317099.468826368,True,icp_accepted,2539,1.0,0.05925716995013821,20.273410991649143,8.256304994574748,5.843245002324693,2.1700790093746036,1,0,0,,,,,,,,,,,,,,local_map_fast,False,12,5143,0,False,False,False,,,,inactive,,,,,,,,,,
front_end,4317099.568946688,True,icp_accepted,2484,1.0,0.05893251764245625,20.047382000484504,8.378755999729037,5.920791998505592,1.6270010091830045,1,0,0,,,,,,,,,,,,,,local_map_fast,False,12,5143,0,False,False,False,,,,inactive,,,,,,,,,,
front_end,4317099.66895344,True,icp_accepted,2549,1.0,0.05895595654441919,19.00331499928143,7.9192859993781894,5.506326997419819,1.6623880073893815,1,0,0,,,,,,,,,,,,,,local_map_fast,False,12,5143,0,False,False,False,,,,inactive,,,,,,,,,,
front_end,4317099.769095104,True,icp_accepted,2485,1.0,0.05861348294159044,20.64548499765806,8.529070997610688,6.036341001163237,2.163947996450588,1,0,0,,,,,,,,,,,,,,local_map_fast,False,12,5143,0,False,False,False,,,,inactive,,,,,,,,,,
front_end,4317099.872632256,True,icp_accepted,2537,1.0,0.06003801199938956,19.220686997869052,7.966625998960808,5.866789986612275,1.851616005296819,1,0,0,,,,,,,,,,,,,,local_map_fast,False,12,5143,0,False,False,False,,,,inactive,,,,,,,,,,
front_end,4317099.968930432,True,icp_accepted,2478,1.0,0.059872952477269925,18.62152200192213,6.984695995924994,4.938191006658599,1.639092995901592,1,0,0,,,,,,,,,,,,,,local_map_fast,False,12,5143,0,False,False,False,,,,inactive,,,,,,,,,,
front_end,4317100.068867456,True,icp_accepted,2500,1.0,0.059414376712450014,18.665765994228423,7.606344006489962,5.291731009492651,1.7007100104819983,1,0,0,,,,,,,,,,,,,,local_map_fast,False,12,5143,0,False,False,False,,,,inactive,,,,,,,,,,
front_end,4317100.168950784,True,icp_accepted,2504,1.0,0.06027482066861891,19.282504988950677,8.330965996719897,5.855627998244017,1.827350992243737,1,0,0,,,,,,,,,,,,,,local_map_fast,False,12,5143,0,False,False,False,,,,inactive,,,,,,,,,,
front_end,4317100.268838272,True,icp_accepted,2485,1.0,0.059563441283080415,18.875923997256905,7.852850001654588,5.394585998146795,1.7140559939434752,1,0,0,,,,,,,,,,,,,,local_map_fast,False,12,5143,0,False,False,False,,,,inactive,,,,,,,,,,
front_end,4317100.369063808,True,icp_accepted,2517,1.0,0.05981174667361436,19.61732799827587,8.1490809971001,5.655038010445423,1.6085860115708783,1,0,0,,,,,,,,,,,,,,local_map_fast,False,12,5143,0,False,False,False,,,,inactive,,,,,,,,,,
front_end,4317100.468957248,True,icp_accepted,2499,1.0,0.060801945280722226,18.966324991197325,7.945104996906593,5.603651006822474,1.4157410041661933,1,0,0,,,,,,,,,,,,,,local_map_fast,False,12,5143,0,False,False,False,,,,inactive,,,,,,,,,,
front_end,4317100.568802368,True,icp_accepted,2500,1.0,0.06132083802264552,18.77034400240518,7.157193002058193,5.103614996187389,1.9379089935682714,1,0,0,,,,,,,,,,,,,,local_map_fast,False,12,5143,0,False,False,False,,,,inactive,,,,,,,,,,
front_end,4317100.66906864,True,icp_accepted,2483,1.0,0.05996322071993026,20.11235499230679,8.392361996811815,5.912946988246404,1.8452840013196692,1,0,0,,,,,,,,,,,,,,local_map_fast,False,12,5143,0,False,False,False,,,,inactive,,,,,,,,,,
front_end,4317100.768869504,True,icp_accepted,2486,1.0,0.062153332647701634,20.683787006419152,8.677802004967816,6.254193009226583,1.6652439953759313,1,0,0,,,,,,,,,,,,,,local_map_fast,False,12,5143,0,False,False,False,,,,inactive,,,,,,,,,,
front_end,4317100.868858688,True,icp_accepted,2464,1.0,0.06042221298718081,19.592170006944798,8.104806998744607,5.632475993479602,1.6826159990159795,1,0,0,,,,,,,,,,,,,,local_map_fast,False,12,5143,0,False,False,False,,,,inactive,,,,,,,,,,
front_end,4317100.968790048,True,icp_accepted,2443,1.0,0.06115316052552712,19.281531989690848,7.781184991472401,5.441714994958602,1.7135449888883159,1,0,0,,,,,,,,,,,,,,local_map_fast,False,12,5143,0,False,False,False,,,,inactive,,,,,,,,,,
front_end,4317101.068950784,True,icp_accepted,2479,1.0,0.06198282145527659,18.691254008444957,7.724527007667348,5.4520539997611195,1.5958320000208914,1,0,0,,,,,,,,,,,,,,local_map_fast,False,12,5143,0,False,False,False,,,,inactive,,,,,,,,,,
front_end,4317101.1688488,True,icp_accepted,2502,1.0,0.06106012378858433,17.47804699698463,6.824222000432201,4.830096004297957,1.4683409972349182,1,0,0,,,,,,,,,,,,,,local_map_fast,False,12,5143,0,False,False,False,,,,inactive,,,,,,,,,,
front_end,4317101.268990496,True,icp_accepted,2462,1.0,0.06450383709625164,18.21531199675519,7.290515000931919,5.324101002770476,1.619136004592292,1,0,0,,,,,,,,,,,,,,local_map_fast,False,12,5143,0,False,False,False,,,,inactive,,,,,,,,,,
front_end,4317101.368908224,True,icp_accepted,2514,1.0,0.0608221634653849,19.516286003636196,7.832040995708667,5.7671609974931926,1.7514360079076141,1,0,0,,,,,,,,,,,,,,local_map_fast,False,12,5143,0,False,False,False,,,,inactive,,,,,,,,,,
front_end,4317101.468768896,True,icp_accepted,2562,1.0,0.06267835135788229,19.42078499996569,8.070473006227985,5.515393990208395,1.430539006832987,1,0,0,,,,,,,,,,,,,,local_map_fast,False,12,5143,0,False,False,False,,,,inactive,,,,,,,,,,
front_end,4317101.569001856,True,icp_accepted,2542,1.0,0.06151013718048369,20.020030002342537,7.915529000456445,5.536322991247289,2.050543000223115,1,0,0,,,,,,,,,,,,,,local_map_fast,False,12,5143,0,False,False,False,,,,inactive,,,,,,,,,,
front_end,4317101.668914432,True,icp_accepted,2537,1.0,0.06112428464471609,18.838411997421645,7.720199006143957,5.260470992652699,1.5015440003480762,1,0,0,,,,,,,,,,,,,,local_map_fast,False,12,5143,0,False,False,False,,,,inactive,,,,,,,,,,
front_end,4317101.768775424,True,icp_accepted,2560,1.0,0.06100720694184136,18.677126994589344,7.115192987839691,4.996871997718699,1.693748010438867,1,0,0,,,,,,,,,,,,,,local_map_fast,False,12,5143,0,False,False,False,,,,inactive,,,,,,,,,,
front_end,4317101.868984544,True,icp_accepted,2541,1.0,0.061443211991926684,19.310036004753783,8.08447900635656,5.570177003392018,1.4486039872281253,1,0,0,,,,,,,,,,,,,,local_map_fast,False,12,5143,0,False,False,False,,,,inactive,,,,,,,,,,
front_end,4317101.968879712,True,icp_accepted,2516,1.0,0.06223674523860284,20.483377986238338,8.11283299117349,5.7451890024822205,1.98949700279627,1,0,0,,,,,,,,,,,,,,local_map_fast,False,12,5143,0,False,False,False,,,,inactive,,,,,,,,,,
front_end,4317102.068774112,True,icp_accepted,2521,1.0,0.06224858558563344,19.481630995869637,8.078707993263379,5.590877000940964,1.4415100013138726,1,0,0,,,,,,,,,,,,,,local_map_fast,False,12,5143,0,False,False,False,,,,inactive,,,,,,,,,,
front_end,4317102.168938816,True,icp_accepted,2557,1.0,0.0620205921761201,19.748525010072626,8.031167002627626,5.76784199802205,1.4879969967296347,1,0,0,,,,,,,,,,,,,,local_map_fast,False,12,5143,0,False,False,False,,,,inactive,,,,,,,,,,
front_end,4317102.268918144,True,icp_accepted,2531,1.0,0.06155433066649829,20.462568005314097,8.101330997305922,5.936961999395862,1.970501005416736,1,0,0,,,,,,,,,,,,,,local_map_fast,False,12,5143,0,False,False,False,,,,inactive,,,,,,,,,,
front_end,4317102.36885728,True,icp_accepted,2488,1.0,0.061106038640532975,18.37015600176528,7.2287390066776425,5.048509992775507,1.75607499841135,1,0,0,,,,,,,,,,,,,,local_map_fast,False,12,5143,0,False,False,False,,,,inactive,,,,,,,,,,
front_end,4317102.469013824,True,icp_accepted,2507,1.0,0.06231116004381106,20.553769994876347,8.294505998492241,5.828206005389802,1.6312890074914321,1,0,0,,,,,,,,,,,,,,local_map_fast,False,12,5143,0,False,False,False,,,,inactive,,,,,,,,,,
front_end,4317102.56887776,True,icp_accepted,2498,1.0,0.06103921049669509,19.980434997705743,8.297421998577192,5.662752999342047,1.5139869938138872,1,0,0,,,,,,,,,,,,,,local_map_fast,False,12,5143,0,False,False,False,,,,inactive,,,,,,,,,,
front_end,4317102.668749376,True,icp_accepted,2545,1.0,0.06215654521922371,19.0859510039445,8.05896100064274,5.611004991806112,1.490793001721613,1,0,0,,,,,,,,,,,,,,local_map_fast,False,12,5143,0,False,False,False,,,,inactive,,,,,,,,,,
front_end,4317102.768986912,True,icp_accepted,2499,1.0,0.06069206306051792,19.172995002008975,7.967577010276727,5.464638001285493,1.503266001236625,1,0,0,,,,,,,,,,,,,,local_map_fast,False,12,5143,0,False,False,False,,,,inactive,,,,,,,,,,
front_end,4317102.868898208,True,icp_accepted,2539,1.0,0.06252773165303249,19.205618009436876,7.993446008185856,5.511957991984673,1.6685990121914074,1,0,0,,,,,,,,,,,,,,local_map_fast,False,12,5143,0,False,False,False,,,,inactive,,,,,,,,,,
front_end,4317102.968727936,True,icp_accepted,2544,1.0,0.062396525124228684,18.76202700077556,7.395403008558787,4.87375799275469,1.6122730012284592,1,0,0,,,,,,,,,,,,,,local_map_fast,False,12,5143,0,False,False,False,,,,inactive,,,,,,,,,,
front_end,4317103.068933664,True,icp_accepted,2499,1.0,0.06315044123913104,19.047598005272448,7.750785996904597,5.367995006963611,1.653850995353423,1,0,0,,,,,,,,,,,,,,local_map_fast,False,12,5143,0,False,False,False,,,,inactive,,,,,,,,,,
front_end,4317103.1688752,True,icp_accepted,2540,1.0,0.062314255521915655,19.049371010623872,7.6756540074711666,5.3378470038296655,1.63457500457298,1,0,0,,,,,,,,,,,,,,local_map_fast,False,12,5143,0,False,False,False,,,,inactive,,,,,,,,,,
front_end,4317103.26870512,True,icp_accepted,2511,1.0,0.06256256268637003,20.415828010300174,8.129654001095332,5.683481998858042,2.173556000343524,1,0,0,,,,,,,,,,,,,,local_map_fast,False,12,5143,0,False,False,False,,,,inactive,,,,,,,,,,
front_end,4317103.368922016,True,icp_accepted,2511,1.0,0.06230173153488787,18.74899200629443,7.632572000147775,5.50617600674741,1.5425910096382722,1,0,0,,,,,,,,,,,,,,local_map_fast,False,12,5143,0,False,False,False,,,,inactive,,,,,,,,,,
front_end,4317103.468881024,True,icp_accepted,2506,1.0,0.06271231843385669,20.143001995165832,8.11576799605973,5.702246999135241,2.0967099990230054,1,0,0,,,,,,,,,,,,,,local_map_fast,False,12,5143,0,False,False,False,,,,inactive,,,,,,,,,,
front_end,4317103.568772032,True,icp_accepted,2463,1.0,0.06410919054041725,17.978112009586766,6.850602003396489,4.811891994904727,1.6132949967868626,1,0,0,,,,,,,,,,,,,,local_map_fast,False,12,5143,0,False,False,False,,,,inactive,,,,,,,,,,
front_end,4317103.668966272,True,icp_accepted,2499,1.0,0.07204397631541201,18.907463003415614,8.013284008484334,5.695856001693755,1.486003995523788,1,0,0,,,,,,,,,,,,,,local_map_fast,False,12,5143,0,False,False,False,,,,inactive,,,,,,,,,,
front_end,4317103.76889664,True,icp_accepted,2452,1.0,0.06988377734618706,19.101829995634034,7.9366980062332,5.540541009395383,1.4600639988202602,1,0,0,,,,,,,,,,,,,,local_map_fast,False,12,5143,0,False,False,False,,,,inactive,,,,,,,,,,
front_end,4317103.868696608,True,icp_accepted,2473,1.0,0.06860971224589628,19.2890149919549,8.179868993465789,5.804871994769201,1.478510006563738,1,0,0,,,,,,,,,,,,,,local_map_fast,False,12,5143,0,False,False,False,,,,inactive,,,,,,,,,,
front_end,4317103.968974176,True,icp_accepted,2453,1.0,0.0659840246295383,20.008567997138016,8.12472500547301,5.705674004275352,1.6328320052707568,1,0,0,,,,,,,,,,,,,,local_map_fast,False,12,5143,0,False,False,False,,,,inactive,,,,,,,,,,
front_end,4317104.06889088,True,icp_accepted,2438,1.0,0.06708617971778205,19.660038000438362,7.8669570066267624,5.430794000858441,1.8633779982337728,1,0,0,,,,,,,,,,,,,,local_map_fast,False,12,5143,0,False,False,False,,,,inactive,,,,,,,,,,
front_end,4317104.168701632,True,icp_accepted,2445,1.0,0.06804597641858025,19.527275988366455,7.457871994120069,5.503180000232533,1.6490520065417513,1,0,0,,,,,,,,,,,,,,local_map_fast,False,12,5143,0,False,False,False,,,,inactive,,,,,,,,,,
front_end,4317104.2689544,True,icp_accepted,2446,1.0,0.0674358605854609,19.154420006088912,8.056766004301608,5.706595999072306,1.4454869960900396,1,0,0,,,,,,,,,,,,,,local_map_fast,False,12,5143,0,False,False,False,,,,inactive,,,,,,,,,,
front_end,4317104.368955296,True,icp_accepted,2440,1.0,0.06664633867879127,19.730350002646446,7.8948489972390234,5.533167000976391,1.3853629934601486,1,0,0,,,,,,,,,,,,,,local_map_fast,False,12,5143,0,False,False,False,,,,inactive,,,,,,,,,,
front_end,4317104.468816576,True,icp_accepted,2420,1.0,0.0682725371430624,18.696432001888752,7.712113001616672,5.351002997485921,1.6082949878182262,1,0,0,,,,,,,,,,,,,,local_map_fast,False,12,5143,0,False,False,False,,,,inactive,,,,,,,,,,
front_end,4317104.56860784,True,icp_accepted,2459,1.0,0.06925529267640385,19.763111995416693,7.854672992834821,5.382080998970196,1.4704850036650896,1,0,0,,,,,,,,,,,,,,local_map_fast,False,12,5143,0,False,False,False,,,,inactive,,,,,,,,,,
front_end,4317104.66887648,True,icp_accepted,2441,1.0,0.06614260990994142,19.829256998491473,8.211118009057827,5.902275996049866,1.4494049974018708,1,0,0,,,,,,,,,,,,,,local_map_fast,False,12,5143,0,False,False,False,,,,inactive,,,,,,,,,,
front_end,4317104.768962656,True,icp_accepted,2413,1.0,0.06486974942710744,18.822611003997736,6.988341992837377,4.911570009426214,1.8743190012173727,1,0,0,,,,,,,,,,,,,,local_map_fast,False,12,5143,0,False,False,False,,,,inactive,,,,,,,,,,
front_end,4317104.868893216,True,icp_accepted,2485,1.0,0.06446288626824156,20.386372998473234,8.130987000185996,5.622085998766124,1.916387991514057,1,0,0,,,,,,,,,,,,,,local_map_fast,False,12,5143,0,False,False,False,,,,inactive,,,,,,,,,,
front_end,4317104.968789984,True,icp_accepted,2414,1.0,0.06296173423709751,19.094225994194858,7.920467993244529,5.535231000976637,1.4947110030334443,1,0,0,,,,,,,,,,,,,,local_map_fast,False,12,5143,0,False,False,False,,,,inactive,,,,,,,,,,
front_end,4317105.06877872,True,icp_accepted,2400,1.0,0.06258298609962414,23.40758299396839,11.662482997053303,8.195749003789388,1.7775859887478873,1,0,0,,,,,,,,,,,,,,local_map_fast,False,12,5143,0,False,False,False,,,,inactive,,,,,,,,,,
front_end,4317105.16881104,True,icp_accepted,2396,1.0,0.06322813681640568,18.906388999312185,7.946626996272244,5.583302001468837,1.51935699977912,1,0,0,,,,,,,,,,,,,,local_map_fast,False,12,5143,0,False,False,False,,,,inactive,,,,,,,,,,
front_end,4317105.26887424,True,icp_accepted,2429,1.0,0.06227748180939311,19.739577008294873,7.8944580018287525,5.523157989955507,1.764861008268781,1,0,0,,,,,,,,,,,,,,local_map_fast,False,12,5143,0,False,False,False,,,,inactive,,,,,,,,,,
front_end,4317105.368766848,True,icp_accepted,2410,1.0,0.06193046267371058,18.128285999409854,6.976429998758249,4.936597004416399,1.713263991405256,1,0,0,,,,,,,,,,,,,,local_map_fast,False,12,5143,0,False,False,False,,,,inactive,,,,,,,,,,
front_end,4317105.468823232,True,icp_accepted,2413,1.0,0.06158362695089392,18.833441004971974,7.628715000464581,5.299264012137428,1.476846999139525,1,0,0,,,,,,,,,,,,,,local_map_fast,False,12,5143,0,False,False,False,,,,inactive,,,,,,,,,,
front_end,4317105.568843712,True,icp_accepted,2429,1.0,0.06184812716164466,18.285383994225413,7.495583005947992,5.355960995075293,1.4494649949483573,1,0,0,,,,,,,,,,,,,,local_map_fast,False,12,5143,0,False,False,False,,,,inactive,,,,,,,,,,
front_end,4317105.668757632,True,icp_accepted,2418,1.0,0.06172586677014178,19.003121997229755,7.716872001765296,5.443788002594374,1.8939470028271899,1,0,0,,,,,,,,,,,,,,local_map_fast,False,12,5143,0,False,False,False,,,,inactive,,,,,,,,,,
front_end,4317105.768767584,True,icp_accepted,2385,1.0,0.06271205255554758,18.862315992009826,7.904917991254479,5.580026001553051,1.4666979986941442,1,0,0,,,,,,,,,,,,,,local_map_fast,False,12,5143,0,False,False,False,,,,inactive,,,,,,,,,,
front_end,4317105.868788064,True,icp_accepted,2441,1.0,0.06343704770510014,20.139012995059602,8.270449994597584,6.118264995166101,1.5268610004568473,1,0,0,,,,,,,,,,,,,,local_map_fast,False,12,5143,0,False,False,False,,,,inactive,,,,,,,,,,
front_end,4317105.968780672,True,icp_accepted,2422,1.0,0.06444402461438915,18.010093001066707,6.985207000980154,4.9346739979228005,1.5015629905974492,1,0,0,,,,,,,,,,,,,,local_map_fast,False,12,5143,0,False,False,False,,,,inactive,,,,,,,,,,
front_end,4317106.068823616,True,icp_accepted,2418,1.0,0.06356400653990416,19.000897998921573,7.816169993020594,5.542744998820126,1.4269420062191784,1,0,0,,,,,,,,,,,,,,local_map_fast,False,12,5143,0,False,False,False,,,,inactive,,,,,,,,,,
front_end,4317106.168787808,True,icp_accepted,2434,1.0,0.06431005929402167,19.962139005656354,7.65769999998156,5.402680006227456,2.023781999014318,1,0,0,,,,,,,,,,,,,,local_map_fast,False,12,5143,0,False,False,False,,,,inactive,,,,,,,,,,
front_end,4317106.268753088,True,icp_accepted,2462,1.0,0.06455501894888635,20.10758400138002,8.182232995750383,5.668372992658988,1.7579380073584616,1,0,0,,,,,,,,,,,,,,local_map_fast,False,12,5143,0,False,False,False,,,,inactive,,,,,,,,,,
front_end,4317106.368800128,True,icp_accepted,2395,1.0,0.06415281283885602,20.319784991443157,8.467062987620011,6.184249999932945,1.745806002872996,1,0,0,,,,,,,,,,,,,,local_map_fast,False,12,5143,0,False,False,False,,,,inactive,,,,,,,,,,
front_end,4317106.468772672,True,icp_accepted,2448,1.0,0.06410422867438899,20.676319996709935,8.213952998630702,6.005702001857571,1.9287220056867227,1,0,0,,,,,,,,,,,,,,local_map_fast,False,12,5143,0,False,False,False,,,,inactive,,,,,,,,,,
front_end,4317106.568731872,True,icp_accepted,2477,1.0,0.06466788691701005,20.195320001221262,7.775192003464326,5.424540999229066,1.5373510104836896,1,0,0,,,,,,,,,,,,,,local_map_fast,False,12,5143,0,False,False,False,,,,inactive,,,,,,,,,,
front_end,4317106.668832544,True,icp_accepted,2425,1.0,0.06462482597842399,20.211670998833142,7.8326009970624,5.686648000846617,1.6789289948064834,1,0,0,,,,,,,,,,,,,,local_map_fast,False,12,5143,0,False,False,False,,,,inactive,,,,,,,,,,
front_end,4317106.768759168,True,icp_accepted,2431,1.0,0.06404925017919154,19.069949004915543,7.678149006096646,5.553374998271465,1.4269020030042157,1,0,0,,,,,,,,,,,,,,local_map_fast,False,12,5143,0,False,False,False,,,,inactive,,,,,,,,,,
front_end,4317106.868743872,True,icp_accepted,2448,1.0,0.06440255338665322,19.708266991074197,7.963529002154246,5.551601992920041,1.7059600068023428,1,0,0,,,,,,,,,,,,,,local_map_fast,False,12,5143,0,False,False,False,,,,inactive,,,,,,,,,,
front_end,4317106.9688528,True,icp_accepted,2467,1.0,0.0644670543016778,20.11657098773867,7.926588994450867,5.676979009876959,2.062736006337218,1,0,0,,,,,,,,,,,,,,local_map_fast,False,12,5143,0,False,False,False,,,,inactive,,,,,,,,,,
front_end,4317107.068739392,True,icp_accepted,2404,1.0,0.06415857676936222,20.261864992789924,8.502528988174163,5.850538000231609,1.8499129946576431,1,0,0,,,,,,,,,,,,,,local_map_fast,False,12,5143,0,False,False,False,,,,inactive,,,,,,,,,,
front_end,4317107.168703616,True,icp_accepted,2454,1.0,0.06358863402452428,19.281109009170905,8.29857301141601,6.343811997794546,1.4505459985230118,1,0,0,,,,,,,,,,,,,,local_map_fast,False,12,5143,0,False,False,False,,,,inactive,,,,,,,,,,
front_end,4317107.268861504,True,icp_accepted,2441,1.0,0.06551865981014612,21.106935004354455,7.818975005648099,5.6130779994418845,1.5616870077792555,1,0,0,,,,,,,,,,,,,,local_map_fast,False,12,5143,0,False,False,False,,,,inactive,,,,,,,,,,
front_end,4317107.368688864,True,icp_accepted,2435,1.0,0.06368332836617722,20.765248002135195,7.688798999879509,5.561480007600039,1.4984369918238372,1,0,0,,,,,,,,,,,,,,local_map_fast,False,12,5143,0,False,False,False,,,,inactive,,,,,,,,,,
front_end,4317107.468698752,True,icp_accepted,2432,1.0,0.0655231718066491,19.933021991164424,8.14015298965387,5.7434650079812855,1.4740309998160228,1,0,0,,,,,,,,,,,,,,local_map_fast,False,12,5143,0,False,False,False,,,,inactive,,,,,,,,,,
front_end,4317107.568876352,True,icp_accepted,2462,1.0,0.06290200834044522,18.943278992082924,7.558601995697245,5.335221998393536,1.7174709937535226,1,0,0,,,,,,,,,,,,,,local_map_fast,False,12,5143,0,False,False,False,,,,inactive,,,,,,,,,,
front_end,4317107.668721152,True,icp_accepted,2450,1.0,0.06510614489080899,18.63792999938596,7.508347000111826,5.448646988952532,1.6766139888204634,1,0,0,,,,,,,,,,,,,,local_map_fast,False,12,5143,0,False,False,False,,,,inactive,,,,,,,,,,
front_end,4317107.768794432,True,icp_accepted,2432,1.0,0.06447367867893122,17.92463999299798,6.878173997392878,4.84430200594943,1.6925450036069378,1,0,0,,,,,,,,,,,,,,local_map_fast,False,12,5143,0,False,False,False,,,,inactive,,,,,,,,,,
front_end,4317107.868827552,True,icp_accepted,2452,1.0,0.06332420700867498,19.963009006460197,7.854051000322215,5.652812993503176,1.3771880039712414,1,0,0,,,,,,,,,,,,,,local_map_fast,False,12,5143,0,False,False,False,,,,inactive,,,,,,,,,,
front_end,4317107.968719936,True,icp_accepted,2460,1.0,0.06186051652423433,20.136898005148396,8.441924001090229,6.153411013656296,1.7385019891662523,1,0,0,,,,,,,,,,,,,,local_map_fast,False,12,5143,0,False,False,False,,,,inactive,,,,,,,,,,
front_end,4317108.0689088,True,icp_accepted,2435,1.0,0.06278025753960507,20.153299992671236,8.27092099643778,5.942752002738416,1.5122430049814284,1,0,0,,,,,,,,,,,,,,local_map_fast,False,12,5143,0,False,False,False,,,,inactive,,,,,,,,,,
front_end,4317108.168858656,True,icp_accepted,2415,1.0,0.06274478852486222,18.838138988940045,7.550856986199506,5.345611993107013,1.7170020000776276,1,0,0,,,,,,,,,,,,,,local_map_fast,False,12,5143,0,False,False,False,,,,inactive,,,,,,,,,,
front_end,4317108.272236032,True,icp_accepted,2440,1.0,0.06236692148574433,18.201874001533724,7.55237000703346,5.300186006934382,1.458692000596784,1,0,0,,,,,,,,,,,,,,local_map_fast,False,12,5143,0,False,False,False,,,,inactive,,,,,,,,,,
front_end,4317108.368697728,True,icp_accepted,2476,1.0,0.061807966529966694,17.05951101030223,6.657786012510769,4.71363500400912,1.4613370003644377,1,0,0,,,,,,,,,,,,,,local_map_fast,False,12,5143,0,False,False,False,,,,inactive,,,,,,,,,,
front_end,4317108.4688168,True,icp_accepted,2452,1.0,0.062956643794872,19.96371999848634,7.9442919959547,5.661599992890842,1.695280006970279,1,0,0,,,,,,,,,,,,,,local_map_fast,False,12,5143,0,False,False,False,,,,inactive,,,,,,,,,,
front_end,4317108.568686048,True,icp_accepted,2460,1.0,0.06353744778167734,18.34759999474045,7.3229549889219925,5.3359430021373555,1.7089559987653047,1,0,0,,,,,,,,,,,,,,local_map_fast,False,12,5143,0,False,False,False,,,,inactive,,,,,,,,,,
front_end,4317108.668814592,True,icp_accepted,2455,1.0,0.06399332831675714,18.370353005593643,7.633082001120783,5.236003999016248,1.3947400002507493,1,0,0,,,,,,,,,,,,,,local_map_fast,False,12,5143,0,False,False,False,,,,inactive,,,,,,,,,,
front_end,4317108.768821248,True,icp_accepted,2444,1.0,0.06373438133839796,18.983233996550553,8.022861002245918,5.5794539948692545,1.4869260048726574,1,0,0,,,,,,,,,,,,,,local_map_fast,False,12,5143,0,False,False,False,,,,inactive,,,,,,,,,,
front_end,4317108.8687184,True,icp_accepted,2420,1.0,0.06339800470335864,18.567637001979165,7.64544699632097,5.331013991963118,1.4241759927244857,1,0,0,,,,,,,,,,,,,,local_map_fast,False,12,5143,0,False,False,False,,,,inactive,,,,,,,,,,
front_end,4317108.968803776,True,icp_accepted,2477,1.0,0.061924567380145575,18.008286991971545,6.865408999146894,4.837058004341088,1.514288000180386,1,0,0,,,,,,,,,,,,,,local_map_fast,False,12,5143,0,False,False,False,,,,inactive,,,,,,,,,,
front_end,4317109.06881984,True,icp_accepted,2480,1.0,0.06258219741970761,20.39895400230307,7.300021999981254,5.364256998291239,1.9255759980296716,1,0,0,,,,,,,,,,,,,,local_map_fast,False,12,5143,0,False,False,False,,,,inactive,,,,,,,,,,
front_end,4317109.16869152,True,icp_accepted,2475,1.0,0.06347333025404141,19.003701992915012,7.919365001725964,5.570738008827902,1.4031169994268566,1,0,0,,,,,,,,,,,,,,local_map_fast,False,12,5143,0,False,False,False,,,,inactive,,,,,,,,,,
front_end,4317109.26885168,True,icp_accepted,2492,1.0,0.0634528808732045,19.85507400240749,7.832561008399352,5.525701999431476,1.9369380024727434,1,0,0,,,,,,,,,,,,,,local_map_fast,False,12,5143,0,False,False,False,,,,inactive,,,,,,,,,,
front_end,4317109.368796768,True,icp_accepted,2446,1.0,0.06506375722524958,18.25360099610407,7.453803002135828,5.387059994973242,1.6433109994977713,1,0,0,,,,,,,,,,,,,,local_map_fast,False,12,5143,0,False,False,False,,,,inactive,,,,,,,,,,
front_end,4317109.468763712,True,icp_accepted,2467,1.0,0.06458415634590034,18.759198996121995,7.65330099966377,5.368835001718253,1.6164609987754375,1,0,0,,,,,,,,,,,,,,local_map_fast,False,12,5143,0,False,False,False,,,,inactive,,,,,,,,,,
front_end,4317109.568692608,True,icp_accepted,2433,1.0,0.06398830018366916,17.32608600286767,6.766552003682591,4.767716993228532,1.4519190008286387,1,0,0,,,,,,,,,,,,,,local_map_fast,False,12,5143,0,False,False,False,,,,inactive,,,,,,,,,,
front_end,4317109.6687304,True,icp_accepted,2433,1.0,0.06382221185879115,18.97341400035657,8.052425997448154,5.719890003092587,1.4094189973548055,1,0,0,,,,,,,,,,,,,,local_map_fast,False,12,5143,0,False,False,False,,,,inactive,,,,,,,,,,
front_end,4317109.768729408,True,icp_accepted,2478,1.0,0.0642086358321508,20.576809998601675,8.28776198613923,5.896864997339435,1.8030439969152212,1,0,0,,,,,,,,,,,,,,local_map_fast,False,12,5143,0,False,False,False,,,,inactive,,,,,,,,,,
front_end,4317109.868821568,True,icp_accepted,2461,1.0,0.06310524399196869,21.275061997585,8.295437000924721,6.128563996753655,1.6152479947777465,1,0,0,,,,,,,,,,,,,,local_map_fast,False,12,5143,0,False,False,False,,,,inactive,,,,,,,,,,
front_end,4317109.968772736,True,icp_accepted,2464,1.0,0.06330439646039697,22.025612997822464,8.571719998144545,6.353057993692346,1.7441119998693466,1,0,0,,,,,,,,,,,,,,local_map_fast,False,12,5143,0,False,False,False,,,,inactive,,,,,,,,,,
front_end,4317110.068763936,True,icp_accepted,2473,1.0,0.06451027893559615,19.282540000858717,7.794578996254131,5.72471899795346,1.4751530106877908,1,0,0,,,,,,,,,,,,,,local_map_fast,False,12,5143,0,False,False,False,,,,inactive,,,,,,,,,,
front_end,4317110.168615936,True,icp_accepted,2472,1.0,0.06317625841810727,18.55615399836097,6.776480993721634,4.783237003721297,1.7570870113559067,1,0,0,,,,,,,,,,,,,,local_map_fast,False,12,5143,0,False,False,False,,,,inactive,,,,,,,,,,
front_end,4317110.268748384,True,icp_accepted,2456,1.0,0.06469499913796861,23.558765999041498,11.234250996494666,8.088033995591104,1.7900189995998517,1,0,0,,,,,,,,,,,,,,local_map_fast,False,12,5143,0,False,False,False,,,,inactive,,,,,,,,,,
front_end,4317110.368708896,True,icp_accepted,2443,1.0,0.06443204264242432,20.133561003603972,8.09542799834162,5.8004519960377365,1.5000200073700398,1,0,0,,,,,,,,,,,,,,local_map_fast,False,12,5143,0,False,False,False,,,,inactive,,,,,,,,,,
front_end,4317110.468647136,True,icp_accepted,2501,1.0,0.06513048182226136,20.279777003452182,8.69754700397607,6.267346005188301,1.6519680066267028,1,0,0,,,,,,,,,,,,,,local_map_fast,False,12,5143,0,False,False,False,,,,inactive,,,,,,,,,,
front_end,4317110.568772544,True,icp_accepted,2450,1.0,0.06371954258174252,19.117577001452446,7.645796998986043,5.330902989953756,1.4154600066831335,1,0,0,,,,,,,,,,,,,,local_map_fast,False,12,5143,0,False,False,False,,,,inactive,,,,,,,,,,
front_end,4317110.668689632,True,icp_accepted,2431,1.0,0.064525429940268,20.048680002219044,7.99380500393454,5.816553006297909,1.773277996107936,1,0,0,,,,,,,,,,,,,,local_map_fast,False,12,5143,0,False,False,False,,,,inactive,,,,,,,,,,
front_end,4317110.76882688,True,icp_accepted,2491,1.0,0.06441824621067355,18.66240600065794,7.244337000884116,5.022330005886033,1.588678002008237,1,0,0,,,,,,,,,,,,,,local_map_fast,False,12,5143,0,False,False,False,,,,inactive,,,,,,,,,,
front_end,4317110.868736288,True,icp_accepted,2462,1.0,0.06418861805728251,19.16048800921999,7.886813007644378,5.491107003763318,1.4064529968891293,1,0,0,,,,,,,,,,,,,,local_map_fast,False,12,5143,0,False,False,False,,,,inactive,,,,,,,,,,
front_end,4317110.968688096,True,icp_accepted,2440,1.0,0.06379113277104188,19.838912994600832,7.998725006473251,5.934255997999571,1.7843079986050725,1,0,0,,,,,,,,,,,,,,local_map_fast,False,12,5143,0,False,False,False,,,,inactive,,,,,,,,,,
front_end,4317111.068617152,True,icp_accepted,2441,1.0,0.0643837494060404,20.179077007924207,8.147575994371437,5.981255002552643,1.5053710085339844,1,0,0,,,,,,,,,,,,,,local_map_fast,False,12,5143,0,False,False,False,,,,inactive,,,,,,,,,,
front_end,4317111.168748096,True,icp_accepted,2492,1.0,0.06505305726108569,19.09796000109054,7.774771002004854,5.48004599113483,1.5608960093231872,1,0,0,,,,,,,,,,,,,,local_map_fast,False,12,5143,0,False,False,False,,,,inactive,,,,,,,,,,
front_end,4317111.26868448,True,icp_accepted,2462,1.0,0.06508549791526355,20.89830800832715,8.144581006490625,5.554055998800322,1.9925330125261098,1,0,0,,,,,,,,,,,,,,local_map_fast,False,12,5143,0,False,False,False,,,,inactive,,,,,,,,,,
front_end,4317111.368610752,True,icp_accepted,2462,1.0,0.06557334150607144,17.855476995464414,7.030610999208875,4.8279609909513965,1.4910830068401992,1,0,0,,,,,,,,,,,,,,local_map_fast,False,12,5143,0,False,False,False,,,,inactive,,,,,,,,,,
front_end,4317111.46874096,True,icp_accepted,2497,1.0,0.0655351959061327,21.531506994506344,8.984942003735341,6.566512995050289,2.0012190070701763,1,0,0,,,,,,,,,,,,,,local_map_fast,False,12,5143,0,False,False,False,,,,inactive,,,,,,,,,,
front_end,4317111.568636512,True,icp_accepted,2446,1.0,0.06367799076503308,21.021100008510984,9.39477700740099,6.8591570015996695,1.5199979970930144,1,0,0,,,,,,,,,,,,,,local_map_fast,False,12,5143,0,False,False,False,,,,inactive,,,,,,,,,,
front_end,4317111.66875904,True,icp_accepted,2491,1.0,0.06467191857482864,18.971138997585513,7.52907499554567,5.382671995903365,1.4171130023896694,1,0,0,,,,,,,,,,,,,,local_map_fast,False,12,5143,0,False,False,False,,,,inactive,,,,,,,,,,
front_end,4317111.76867872,True,icp_accepted,2480,1.0,0.06393978247708003,20.19013700191863,8.345962007297203,6.193766996148042,1.5585009969072416,1,0,0,,,,,,,,,,,,,,local_map_fast,False,12,5143,0,False,False,False,,,,inactive,,,,,,,,,,
front_end,4317111.868658624,True,icp_accepted,2479,1.0,0.06450094123303986,22.78101300180424,11.21001499996055,8.376038997084834,1.5090270026121289,1,0,0,,,,,,,,,,,,,,local_map_fast,False,12,5143,0,False,False,False,,,,inactive,,,,,,,,,,
front_end,4317111.968601856,True,icp_accepted,2514,1.0,0.06299746659097402,20.101299000089057,7.264654996106401,5.193732999032363,2.2577039926545694,1,0,0,,,,,,,,,,,,,,local_map_fast,False,12,5143,0,False,False,False,,,,inactive,,,,,,,,,,
