stamp_s,x_m,y_m,z_m,yaw_rad,yaw_deg
4316753.467896512,0.0,0.0,0.0,0.0,0.0
4316753.567907968,-0.001391773031069122,0.0066060926423387074,0.0011670442790835747,0.00016615393861980028,0.00951991943239029
4316753.667918016,-0.00024307059557160892,0.0024081294228080917,0.004038360128611746,0.00035466220821268397,0.020320647683376835
4316753.7681592,-0.005245696547332864,0.008009525157380445,0.001030367428397436,0.0007135263533411541,0.040882048617808434
4316753.86794448,-0.0013724599512065653,0.0079943599677672,0.002893497650614996,0.0008804941881374657,0.05044860086607466
4316753.967873536,-0.0056800381617244655,0.004385185036332751,0.004408268245544483,0.001225373316851085,0.07020871938351413
4316754.068170656,-0.006961107504371275,0.005434401561442746,0.005877319152753509,0.0008769622365896507,0.050246234948940156
4316754.167941696,-0.00107653888393415,0.006367410665877455,0.0043193062470917335,0.001362409450299834,0.07806031147091898
4316754.267886944,-0.004993512230456537,0.012519135064605835,0.004164395088804042,0.0014614582134417108,0.08373538756493946
4316754.368016288,-0.0025348518386997436,0.005155657012899215,0.005262595610349867,0.0012304313618172686,0.07049852401266384
4316754.467845696,-0.007250516961573183,0.014137745475955237,0.004667324653268169,0.0002651797998357775,0.015193683342714013
4316754.567835808,-0.007825447897787111,0.010216851359548413,0.006605568862223221,0.00016498463798794824,0.009452923441203189
4316754.667847488,-0.005179462130514889,0.011836990835204758,0.010174605875300651,0.000904390984736483,0.051817786455080936
4316754.767863936,-0.008557123303932376,0.011075002579492697,0.009551571402388275,0.0012371328954249804,0.0708824936046508
4316754.867919488,-0.011716473945016877,0.018880951376811103,0.009505367193158355,0.0010068912859279365,0.05769062111217098
4316754.969087616,-0.01190329076596022,0.018866060082230882,0.007360530599484994,0.0007027573622191089,0.04026503087690139
4316755.067915936,-0.014877007953633763,0.013724343113489516,0.010125742876552692,0.0022470139739597618,0.12874441721481342
4316755.168191392,-0.011337209036141332,0.014608528374801777,0.00838509977390738,0.0024440168892108775,0.14003185281047578
4316755.268136608,-0.012630827860157852,0.017865757261751894,0.007821082622669033,0.0023033294765751468,0.13197105783583293
4316755.369132736,-0.012418582124640505,0.018932462490035107,0.013932500912916548,0.002870962227515738,0.1644940187781294
4316755.467878112,-0.01584901411277588,0.02567821799969624,0.009571753528043552,0.0024556146405017762,0.1406963550112867
4316755.568175424,-0.015138821858115707,0.026708685864248037,0.009871646670737278,0.0023138370487602875,0.13257309737497056
4316755.667882272,-0.019258932379053767,0.027749432772276875,0.008877807389017738,0.0027297071447723253,0.15640069870216064
4316755.769075616,-0.020594808138037952,0.0276197584199624,0.011882158716563656,0.0029832476356072618,0.17092749876267782
4316755.868191744,-0.020033187970298825,0.02911590947853955,0.011522127934806338,0.0034318143569529672,0.1966284787258076
4316755.967860864,-0.02213748395042914,0.03289146712608898,0.009658806095774656,0.0026113631105257654,0.1496200850092811
4316756.068207424,-0.021109280568938606,0.028519516074163625,0.011202505007899287,0.002937817446558153,0.16832454066768243
4316756.168078208,-0.022272142882054743,0.032711032804159296,0.007489012121800346,0.002500863618968019,0.14328893050468075
4316756.267908992,-0.02501084326491939,0.037752764088228564,0.006321973284084336,0.001830412851791586,0.10487493117416295
4316756.369108992,-0.02729407169022964,0.03651366417874223,0.008686088403759382,0.0024136517827104353,0.1382920603635352
4316756.46806656,-0.029270362598544514,0.03625572544516246,0.012525277137033409,0.0024211675297945486,0.13872268095134263
4316756.568016768,-0.03247006176669571,0.03762439860633146,0.01072754722337253,0.002490628552555043,0.1427025043961811
4316756.667886432,-0.03615083577412637,0.041709140587135624,0.009274477079572472,0.0018797909047708883,0.10770408521045034
4316756.76812544,-0.0390972365347806,0.03822479823354541,0.010751586206254259,0.002487670410636962,0.14253301534907434
4316756.867871328,-0.043037592443153014,0.03984234472799708,0.006594304227781945,0.002826245821264285,0.16193195742492875
4316756.968102656,-0.0419821310252187,0.04026950867783712,0.006756741181485309,0.0027787201986393148,0.15920893982978648
4316757.068124576,-0.04589457128627989,0.03927773667695513,0.009621648238992742,0.0023916943459742507,0.1370339919096263
4316757.167860928,-0.04668052532078908,0.03777599210977204,0.01006049997862522,0.0021826511326756347,0.12505669805176256
4316757.268240192,-0.05162908503336172,0.04686871061766776,0.011512694747860205,0.0019409192075175493,0.11120647896663198
4316757.367941696,-0.05322179843467068,0.04568276841072597,0.009747338522072732,0.0017547973738751786,0.10054248342368813
4316757.467866176,-0.053653005422761704,0.044987059813899374,0.011308580200584041,0.0016449501511735403,0.0942487011716506
4316757.568170112,-0.05570094903292835,0.04148651828589472,0.009818282486734659,0.0014322918209321066,0.08206427637051716
4316757.668055424,-0.05696317013518849,0.04942378831911296,0.012616038186167031,0.0012290008068055814,0.07041655924813288
4316757.767878816,-0.05618821286016493,0.04739364876456913,0.014655905690548874,0.0014732448301869178,0.08441071095917804
4316757.869023776,-0.05936961119304908,0.04818697145281434,0.011063841665756696,0.0011955686504737386,0.06850103779029672
4316757.968029536,-0.057745833783340306,0.05191321082914084,0.01184579211861255,0.0007782578394181785,0.044590889571631785
4316758.06786544,-0.05979954538932129,0.051137277892567945,0.01092952263343314,0.0012557980261612086,0.0719519268198966
4316758.168138816,-0.060309301054531333,0.05488282724613444,0.014605507789551213,0.0017701334417845743,0.10142117538922252
4316758.268014112,-0.0642686892101982,0.06228576155024308,0.012383453534852156,0.0019993211294712745,0.11455266261003286
4316758.369110016,-0.06275774968167074,0.06645854307623007,0.014140174418969012,0.001989208840515811,0.11397327113166805
4316758.468172896,-0.06388713245302693,0.06343010335834383,0.013419570231968382,0.0030455653188818247,0.1744980390033433
4316758.568107488,-0.062172645956747416,0.062161139967525716,0.013742670599552902,0.003197460570181446,0.1832009958308906
4316758.667845824,-0.06633142135514217,0.0803779134565813,0.011948952636265314,0.003406791183577257,0.19519475650135526
4316758.768192288,-0.06837265786897935,0.08576104622783923,0.011488843007111383,0.003225898145303192,0.1848303488649529
4316758.868087712,-0.07116096542244456,0.07981275728229358,0.01492582831447909,0.0035214372992994113,0.20176349506980315
4316758.969084384,-0.06851097470949438,0.06489209851311581,0.014469886522205742,0.0039057713594215257,0.22378421463792755
4316759.068155296,-0.07005228542267604,0.07048507443973806,0.012703713507632578,0.0032138740851658234,0.18414142096647018
4316759.168023616,-0.07236437686592687,0.06659508233510647,0.012935130239425956,0.003527517545244509,0.20211186750085877
4316759.269063648,-0.0735020970668699,0.06451695783073362,0.00980628584256041,0.00382276234327378,0.2190281483511284
4316759.368976672,-0.07379459592466656,0.050969911105566784,0.013330894442255603,0.004996570921958962,0.28628242586603914
4316759.46803904,-0.07721610256891087,0.0686365002316989,0.010914686851569454,0.0035160919358293843,0.2014572283030072
4316759.569024,-0.07643741067619711,0.06906024919865666,0.012226141760401332,0.003067819586798692,0.17577311463113318
4316759.669030304,-0.0757620470578066,0.06961589485929871,0.01211501484952956,0.0028808691689427754,0.16506164470978196
4316759.76800736,-0.07882111532041852,0.07188960179005603,0.011151134114074906,0.0027446800773784225,0.15725858454742384
4316759.8682056,-0.08223813345604361,0.07037734621910907,0.012726989458180835,0.0032418385697364884,0.18574366790862798
4316759.968137888,-0.08263931026608451,0.06968313101851181,0.015114869765706761,0.003184874721465743,0.18247987981789068
4316760.06802816,-0.08386819135100401,0.07566105540448333,0.013061560015165202,0.0025499184152809446,0.1460995632982853
4316760.168912288,-0.08478267430205873,0.07450610433909692,0.016387681666278447,0.002505981258436785,0.14358214964731061
4316760.268118016,-0.08635695306725313,0.09172220467616217,0.01613905162664333,0.0020805358516783634,0.11920592342682645
4316760.367984,-0.09014575119169484,0.07354183873178621,0.014477797196901683,0.0033470933192527273,0.19177432082961512
4316760.468162784,-0.09113709707296294,0.08990758556962059,0.011764136214414266,0.000979090713980983,0.05609776567156075
4316760.568075104,-0.08988490110503851,0.07514566851084717,0.0156785286885473,0.0014908947251522499,0.08542197544954078
4316760.668102752,-0.08736075469713067,0.08068606042270823,0.015017003873131254,0.001774898916772675,0.10169421699341584
4316760.768157472,-0.09447273803302324,0.09066487183484707,0.010580363032551015,0.0008457125090341719,0.048455757449077555
4316760.868065984,-0.10092521333138667,0.09541981497535029,0.00935116523567095,0.0036216115193034235,0.20750305509204803
4316760.967971904,-0.09943630081944108,0.06969522010633988,0.010037146398935203,0.002228807684112,0.12770127364594477
4316761.068144128,-0.09609372487127599,0.048122224502823926,0.0014782281504455395,0.009912774724026826,0.5679601549506965
4316761.168035136,-0.08856642555023299,0.014309465259570373,-0.0008438956750591322,0.02291909406204968,1.3131673600187928
4316761.268966464,-0.08563601375522764,-0.012135474541050042,-0.0011046541029708936,0.053314444579361096,3.0546926614815204
4316761.368930368,-0.07496407978545525,-0.025176020507086425,0.0030773828625053393,0.055261662998637974,3.166260058696221
4316761.468133408,-0.045944372677801465,-0.012350104633695659,0.008754633649486091,0.05533916475571305,3.170700582281471
4316761.569005568,-0.017444168571960073,0.002509614875315886,0.007677372838935532,0.034712433973826846,1.988875963326811
4316761.66814992,0.0008129315188875504,0.03906080039510247,0.004614080538835815,0.025434647142037456,1.4572979346432275
4316761.768044672,0.020376938642619337,0.08010413686959794,0.002541230693747311,0.02847911303145989,1.6317329809786754
4316761.868043104,0.041025572503517585,0.11298121766695123,0.0038803512131707616,0.03254463535179471,1.864670251450094
4316761.968881024,0.04884990876800793,0.1302458479179293,0.0063509512904010735,0.03718675993673958,2.1306443981413543
4316762.068042464,0.06501392679653148,0.13120588625519078,0.007943814112033818,0.03639534125666509,2.0852994479452716
4316762.168942112,0.07957899334052734,0.108662761135149,0.0008817318444144075,0.02521994403347039,1.4449963526739955
4316762.268139488,0.1009108896127159,0.07132683964004335,0.004888630152462032,0.01992055675068621,1.1413638273651607
4316762.368057216,0.12437534395136637,0.05978898360214438,0.010312114803596284,0.002244844032502893,0.12862008872754435
4316762.468038816,0.14245884354515073,0.05772648624119246,0.014362755230511347,0.005256339191745357,0.3011660513762153
4316762.568899424,0.1663537208384401,0.053296335153781654,0.018024573817946855,0.004943819021197975,0.28325996459114167
4316762.668156352,0.18365119526918844,0.07801062300354786,0.021514460726766237,0.008053859799532884,0.46145217530331356
4316762.769007776,0.20676082450443167,0.1087038320584912,0.016269717922713672,0.013786401687186563,0.7899026313478275
4316762.86891696,0.23212815793600067,0.13699716275832124,0.013415305219322835,0.024936174647887076,1.428737564525051
4316762.969065152,0.24984318489409804,0.14883679958017787,0.025069692728009692,0.01934627570011131,1.10845994691288
4316763.068014944,0.26301604830833164,0.13351316673666463,0.03174983436267168,0.018996082057488595,1.0883953291782857
4316763.16894192,0.28089705892140804,0.09970656928125496,0.020279817951642652,0.013129752146396874,0.7522793840413746
4316763.26808224,0.30504715553008166,0.05642543511906434,0.018577314690414962,0.012628222801694226,0.7235438692879511
4316763.369069088,0.3228090380732766,0.043618653315588826,0.031429989434124166,-0.00846999048135287,-0.4852947070975
4316763.468138976,0.34713752980347845,0.050344215161594805,0.03486073846055353,-0.0009346349422084181,-0.05355063757399596
4316763.56799568,0.3774332156605572,0.057695010105342254,0.04174427910162813,-0.002733661836068726,-0.15662728582272153
4316763.669063008,0.39612550815864117,0.09208057276795198,0.03394093475776511,0.00419952865766852,0.24061526802864608
4316763.768983776,0.42095393451309343,0.12898494203971284,0.031451733143499694,0.009094123645475209,0.521054903255856
4316763.868048928,0.4400950209239716,0.15166290246211978,0.037589484119713135,0.02404056684868967,1.3774230175320397
4316763.968918272,0.46537902101522194,0.1563874414288092,0.04081720603836443,0.019095436859525725,1.094087940009371
4316764.068977152,0.4798446021274714,0.14564756371957557,0.04696196684050889,0.019826441166943033,1.1359714016302667
4316764.168237888,0.4979151928908465,0.12126307130235116,0.03924932109609662,0.015166128545881877,0.8689551572319119
4316764.268837408,0.5324758740378497,0.08656114469085399,0.03757213596536753,0.010388948726915943,0.5952429156300931
4316764.368847424,0.5570754188462534,0.0715077363643122,0.04005210361898775,0.00016625687089823028,0.009525817017519995
4316764.468039072,0.5805323763851157,0.06460562284020864,0.03901165275946079,0.00933650979183416,0.5349426064546642
4316764.568883072,0.6091689849591783,0.06315777065225656,0.044518661841308184,0.011311634014519184,0.6481088884285734
4316764.668860832,0.6337461098672947,0.08222273505986219,0.04359725394423427,0.013875786825120057,0.7950240225026114
4316764.7680176,0.6417827111834122,0.10100816260386229,0.0384289567802642,0.02186778963089331,1.252932053130131
4316764.868927808,0.6727459338785954,0.1180791410704408,0.04562206827801005,0.03663023408543369,2.0987578156716014
4316764.968847968,0.690846355044234,0.12656786923873883,0.047322752294383215,0.030285077178464185,1.7352071045539652
4316765.068034912,0.7130921111398024,0.1268293371001387,0.047045001584817545,0.03034578411394391,1.7386853557441264
4316765.168929856,0.7290655719224904,0.10619725857757405,0.04737259562875356,0.022410526553594424,1.2840285881868228
4316765.268093856,0.7433689777092196,0.08386986903046995,0.04356924584520598,0.019438911944842225,1.1137676127659024
4316765.36902224,0.7624996098011326,0.06637316413362981,0.04619779271580318,0.012409161402773365,0.7109925756755541
4316765.4688056,0.7858212549230957,0.06423450464596404,0.05044322359746175,0.021916684112499557,1.2557335005676489
4316765.569088224,0.8067775446169572,0.0718220231291718,0.054828838638257715,0.023724005883455197,1.3592854102655167
4316765.667966208,0.8225609420331641,0.09243361490230084,0.0482203950333003,0.019697764444468323,1.1285987685108896
4316765.768832992,0.8215694365946062,0.12635877592635386,0.04994897095207542,0.023018648506462923,1.3188714095154412
4316765.868043168,0.8308383518919542,0.14378272285223928,0.04495607033635905,0.031702791169260974,1.81643613278327
4316765.968939712,0.8388407819638765,0.15603721439098603,0.05034097135197268,0.02267531149531324,1.2991996478259282
4316766.068906592,0.851436894155176,0.15482760774350252,0.052464634127089405,0.0246151093118531,1.4103418758223547
4316766.168006304,0.865733620775721,0.1451792453643376,0.057323137126838994,0.022148761026185886,1.2690305282442975
4316766.268926912,0.8692136297402668,0.1149059657752335,0.053562630274433094,0.01858410303997042,1.0647906702265482
4316766.368852992,0.8815253329692727,0.08442001617248822,0.05790464056937649,0.016164787649708672,0.9261741090535043
4316766.468047648,0.8964015144566598,0.06508676059840386,0.062084362615534766,0.011460763180383245,0.6566533602348905
4316766.568894848,0.9123000056980247,0.06017353824154836,0.06254135004428989,0.005586309254574929,0.3200719433420164
4316766.668132384,0.9327190222718773,0.06418300764855855,0.06293650068076614,0.010631504584852612,0.6091403425860391
4316766.768766016,0.9542284674088852,0.08603848519153669,0.06193575957249315,0.018583592728916083,1.0647614315568958
4316766.868894112,0.9782994609293504,0.1097463033931387,0.06756696135404751,0.03709700863123478,2.12550202713014
4316766.968827552,0.9995977464011676,0.11973368944617974,0.06138686274282728,0.03519437947516794,2.0164894065089722
4316767.068766688,1.017540397484477,0.1192290500820874,0.06586182155972342,0.03746943516920417,2.1468404959344545
4316767.168838208,1.0432442168640432,0.10292542029311172,0.07311493679572151,0.03085861859663903,1.7680686071913319
4316767.268833952,1.0624845998338364,0.08570163524534896,0.06798915481960854,0.021909090083104873,1.2552983947338352
4316767.368989536,1.0949255547994983,0.06495341475613328,0.06842077171188304,0.010350659498598,0.5930491044466623
4316767.46889264,1.1136235059043116,0.05840908988811583,0.07189021113188475,0.010689674666301177,0.6124732427469741
4316767.56906144,1.1493316023004339,0.06293941163360914,0.08040764485680303,0.015051194317435755,0.8623699110203566
4316767.668808512,1.179074676814687,0.07787199126728003,0.07394100773305472,0.02114560472682977,1.2115539060992297
4316767.76893264,1.2022701151448827,0.10831210671874715,0.06761697213008847,0.031423652225178705,1.8004426493896177
4316767.868944736,1.2229245493471042,0.13518363672986938,0.06795845154070906,0.04039676864576502,2.3145643493687498
4316767.969075264,1.2292061988314171,0.15469372025779118,0.07161157496701073,0.02629437117658663,1.5065564933688547
4316768.068793984,1.248002411423986,0.15606088139443822,0.07525200812794153,0.015610711180136728,0.894427865819523
4316768.168781312,1.2527165867587524,0.14913795375812886,0.07186144612708685,0.013254064412658655,0.7594019522398813
4316768.268005504,1.2514530442945857,0.12788504533701217,0.07711345367468206,0.014411425715675238,0.8257138702744931
4316768.368794176,1.258089648831777,0.09480742573488592,0.08210518149096586,0.01690597936059367,0.9686412658972955
4316768.46880768,1.2607567464592693,0.0790258468184425,0.08284972949287484,0.00876391801625098,0.502135514329846
4316768.56893744,1.2784164585454034,0.06375629267531703,0.08636192294430013,0.011281899613418333,0.6464052327391455
4316768.668927488,1.2882131039916018,0.07271834996555586,0.08745883254381076,0.0055672536662461775,0.3189801385546402
4316768.768762624,1.2942911870756,0.09263387061929082,0.08069754154359413,0.006397098336060369,0.3665267357864207
4316768.867976224,1.2928184817151767,0.12224047294008097,0.07927623222596904,0.011677970536322529,0.6690984250094073
4316768.968929952,1.2984873856163381,0.13889012806490705,0.07829649031799889,0.008236283164936712,0.4719042642255257
4316769.068727392,1.3053796404668294,0.14101966804160462,0.08033871627534746,0.006488685013975874,0.3717742658906032
4316769.16890048,1.30803231235643,0.12615408442464285,0.08170378332230581,0.010397702173974994,0.595744451202768
4316769.268810432,1.3107573970255921,0.09335509213728256,0.08176582420698368,0.015529112171313012,0.8897525870014734
4316769.368787744,1.3123083739692256,0.07429250660501253,0.08242348087075657,0.03217273748288585,1.8433620731517069
4316769.46895664,1.3129814374355413,0.07523228331789036,0.08558138041222145,0.023787548912699928,1.3629261576587162
4316769.568801728,1.333948622540821,0.08275832105928164,0.09061730491238876,0.01407757641203475,0.8065857141825116
4316769.668764864,1.343461527786525,0.08998858406507106,0.09197570057912542,0.010758211568510858,0.6164001179844897
4316769.768951328,1.3474408069211705,0.09664580335621491,0.09592635130784463,0.005182666738037369,0.29694493071237466
4316769.868900864,1.335762844975303,0.1012430867001904,0.09174575014184687,0.009823825893197146,0.5628637623515327
4316769.96889552,1.3313758949774126,0.10299522372726469,0.09091925173423711,0.013100646517764304,0.7506117543606533
4316770.06806,1.3278556855556398,0.09711668162750849,0.090322544949598,0.014730378893552082,0.8439885412291216
4316770.168821664,1.3237629858740747,0.0822449988313442,0.09308622589698724,0.014500011949292664,0.8307894875837315
4316770.268754656,1.3175446721681565,0.06283986614451292,0.09144934015726147,0.02206100214509717,1.2640023147431236
4316770.368853824,1.3109311927364626,0.07139703476717146,0.08785337950275737,0.030953522791608512,1.7735062170211697
4316770.468906784,1.3109750814173815,0.08777389337671905,0.08284555477401384,0.04174356286716428,2.3917299741275353
4316770.568743232,1.3100392294368401,0.12381108189279472,0.07613728881434823,0.044967715545401125,2.5764603150963072
4316770.668834304,1.3101505571494796,0.15692151095026935,0.076184141951903,0.06056104082218638,3.4698920420307684
4316770.76880848,1.3107635716819248,0.17356736190422006,0.07230660570014771,0.07233468909051798,4.14447239727768
4316770.86863744,1.3086463029137383,0.17192934364340157,0.07481418322898799,0.08941340504817831,5.123010741154347
4316770.968904064,1.3118322944428964,0.17300879421512572,0.07887923203957388,0.1152522724843331,6.603468792644034
4316771.068794016,1.3134584126933542,0.15299480289126188,0.08073456013240166,0.15166467948259557,8.689746035557096
4316771.168939744,1.3197562284813957,0.12386083315439508,0.08000794159913392,0.18821007760616623,10.783643108663012
4316771.268022656,1.325470603720099,0.09667123920220132,0.08667246492954353,0.22409344398465691,12.839608556872166
4316771.368847296,1.3329058849218822,0.09012720171600533,0.08797289643728674,0.2537951913006309,14.541393322241497
4316771.468659136,1.3362064506706552,0.08304891083952834,0.08352236157955434,0.2753725346689495,15.777684030350748
4316771.568924832,1.3308939044410075,0.09879824108281389,0.08047641774700307,0.2980505163921817,17.077036670966773
4316771.66869792,1.3244246621514622,0.1233319852622473,0.08134322395655053,0.32626457409641024,18.693583100357632
4316771.768669632,1.3119383699612785,0.13434647670791833,0.07654018250960948,0.36216986989354727,20.750805011702397
4316771.86888672,1.3043386782906314,0.1331941483989004,0.07049188950140187,0.3873311955511629,22.192442778838004
4316771.968719296,1.304003245475789,0.12673640008137377,0.07140169632783142,0.4158088721789187,23.824093459946756
4316772.068699424,1.3130304869554998,0.11127526238041933,0.0788772556062232,0.4390724902966308,25.157000594295738
4316772.168787392,1.3247962761601138,0.08981749950219087,0.08264121920952319,0.46467007370737523,26.623634089465483
4316772.268728224,1.3302311873061479,0.07932946606522742,0.08284602602224746,0.47936228289673,27.465435667738834
4316772.368790048,1.331285092428765,0.07903402561002494,0.08361045124930958,0.5032249793435097,28.832667461941142
4316772.468922368,1.3271980325562844,0.08823532378323115,0.08346006878806497,0.5067231948608124,29.033100446909756
4316772.568933952,1.3114802501704679,0.11013712215899167,0.06634076344633089,0.49989047817949117,28.641614618461418
4316772.668730624,1.294389029790307,0.1283001904000892,0.0648918525096247,0.5013739221472904,28.726609696960452
4316772.768649504,1.2803837500853223,0.14341045360668572,0.06636318959852527,0.5072685744136578,29.06434839352053
4316772.868730688,1.2795036043768373,0.1487450472474561,0.06203815171213816,0.5111107057778982,29.284486305026345
4316772.96878544,1.2817507448887355,0.14530863996732682,0.06607688018399896,0.5227474970251846,29.951225330570637
4316773.068662144,1.2845384727842328,0.1372200646899258,0.07065917525097049,0.5339679344829724,30.594109041192375
4316773.168798272,1.2968429916628772,0.11041785382279898,0.07134590899314318,0.5442532541686175,31.183414450122658
4316773.268734496,1.303018818671869,0.10440620038776151,0.07475287876334683,0.5530923138189848,31.68985526295309
4316773.368872448,1.3101568144510791,0.11144818196976383,0.08052188206978116,0.5468584662635272,31.332682107897423
4316773.468756704,1.3150638727123058,0.1192210399545767,0.08101922310795312,0.5448484302567452,31.217515528039485
4316773.568938112,1.3106411256243884,0.12604879478221137,0.07766223095453949,0.5402200009231479,30.952326061449813
4316773.668724,1.2994610261958006,0.12742121055692807,0.07654972878430191,0.5411010697632996,31.00280758745099
4316773.768681024,1.291845389697525,0.12807608342063345,0.07913203020263823,0.5445258328324576,31.199032057146013
4316773.868971168,1.2927335138470233,0.12810392458553205,0.07752202110037754,0.5455548259935454,31.257989022424173
4316773.968716928,1.295081757409053,0.12560958930901264,0.07812709147677632,0.5469007811707003,31.33510657348893
4316774.068655936,1.2978873875494574,0.12663462303050463,0.08039497258439397,0.5458034053645345,31.272231571255865
4316774.168713376,1.3020713600727507,0.12614157608723153,0.08114307929016588,0.5441906604188184,31.179828092435272
4316774.268645216,1.3050200387742978,0.12461742922083469,0.07984501723727072,0.5428041882572633,31.100389089165787
4316774.368890368,1.3053344698664442,0.12433290980549656,0.08138329585320059,0.5423383976252256,31.073701251813297
4316774.468659296,1.3042287073295282,0.12202960968531144,0.08134837967555349,0.5418685517067401,31.04678106366263
4316774.568796192,1.3048678722421208,0.12181361534856366,0.08075626870004161,0.5418580451766976,31.046179083833863
4316774.668614336,1.3042893056019362,0.12190464341562673,0.07661055327514014,0.5423052630184532,31.07180277868941
4316774.768645152,1.3027909272928606,0.12149923166622312,0.07870163266721247,0.5416572508131583,31.034674414253047
4316774.868796544,1.3052649332034014,0.1233653561970129,0.07848191912080964,0.5424736572457649,31.08145105720874
4316774.9687592,1.3041234505170292,0.12458589771283984,0.08051286120153481,0.5425720246666441,31.087087095266703
4316775.068675712,1.3048319203356262,0.12444737443213476,0.08160526979365923,0.5420234834246582,31.055657997212048
4316775.168866112,1.3062242221103313,0.12288227517296571,0.08140779987459329,0.54325781538737,31.12638000919353
4316775.268776704,1.307133529063308,0.12351174108861512,0.08019813734568447,0.5424473642272655,31.07994457821806
4316775.368896224,1.3087903214080463,0.12354646032120138,0.07834241313054907,0.5411834079992784,31.00752522086513
4316775.468852896,1.30263182652246,0.12265774136594487,0.07746344434761657,0.5450017270143361,31.226298785262486
4316775.56868976,1.3030448603083689,0.12390721613174306,0.07838507471079213,0.5486581443078051,31.435796064316907
4316775.668556384,1.313771252902465,0.10705090997368309,0.0792927490491299,0.5470315944386579,31.342601621647212
4316775.768838368,1.3360683442767305,0.08053185189027465,0.08116465673573207,0.5608123063856235,32.13217825489385
4316775.86875392,1.3639203705818337,0.05165122859492312,0.07928018908429693,0.5751167217762323,32.95176088517772
4316775.968553824,1.3804688325704093,0.03239767586355226,0.07924543259797406,0.5935553457486755,34.00821621882746
4316776.068697504,1.402308021682008,0.03038569562185348,0.08514222224970275,0.6019986290342054,34.49198071632167
4316776.16859088,1.4204090948868204,0.04173660792225581,0.0875640805021869,0.5960062587276167,34.14864318847462
4316776.268520192,1.4256199294176881,0.06533580968131096,0.08797197571206568,0.5833812058726241,33.425280943753954
4316776.368681216,1.4214061426060791,0.10431137628709516,0.07990031584305642,0.5762622742725514,33.01739620842748
4316776.468634688,1.4182313758476124,0.1382931961758813,0.07969147349615704,0.5868373717210424,33.62330466016558
4316776.56784048,1.4177954776645334,0.15689983781789668,0.07215001021994276,0.5865373048414919,33.60611209439568
4316776.66878736,1.4226518709970823,0.16623263751078518,0.07156895421075013,0.5893604981163049,33.76786915379218
4316776.768650912,1.4304979850926371,0.16914463832143062,0.07260626363926281,0.5930592707035991,33.97979321242282
4316776.868608672,1.4497905134443485,0.16540664232340438,0.08488451204464494,0.5834994325006974,33.43205483056862
4316776.968752384,1.48472585074365,0.15417123347366699,0.08739951280568477,0.5840712787182184,33.46481920536309
4316777.06876992,1.5072830119967084,0.1496057936459257,0.09434083163286572,0.5708467559588132,32.70710986517447
4316777.168664544,1.5257958182523677,0.15364713034747696,0.09524715134249857,0.5722459277388212,32.78727650298274
4316777.268775872,1.5357034445130657,0.1645086806354788,0.09602394883808063,0.5762252786238188,33.01527651389475
4316777.368591104,1.5421588783898519,0.18260230335901081,0.08925881656708413,0.5838172271095081,33.45026312040549
4316777.467940416,1.5443766440563695,0.21403703776655883,0.08765701555051977,0.5893103551507058,33.76499617349108
4316777.568626976,1.545214609573735,0.2382125390653371,0.0883086820177362,0.5986771106087716,34.301671728969374
4316777.668727552,1.5553436786746717,0.25440043534223367,0.0911985070250399,0.6027078036344837,34.532613427855495
4316777.768578144,1.5695871136476143,0.2569500301747896,0.09005632512004684,0.6034496817815598,34.57511991459594
4316777.868751424,1.5982344027689848,0.2573038819449748,0.0978712284605861,0.5947362805721126,34.07587880009043
4316777.968778816,1.627858208315693,0.26047873581778813,0.10769852043363207,0.5951663590874964,34.10052048388117
4316778.068598848,1.6523855569897894,0.24964826641234616,0.10928948539215719,0.5859650058773372,33.573321779129905
4316778.168802048,1.666673933178756,0.2630656768364249,0.10821986496962006,0.5917297356823426,33.90361646698998
4316778.268553088,1.67441594421931,0.2812653990295166,0.1091671087289108,0.599155565950799,34.329085200753035
4316778.368747136,1.6694461286570421,0.3114437749399507,0.10321262639555848,0.6095372632842178,34.92391264214015
4316778.46864112,1.6690508131677126,0.34642622835161724,0.09950700153483577,0.6266833682901866,35.906312094070294
4316778.568666912,1.6687128660907666,0.36645152100193956,0.09893552441274885,0.6295326211037906,36.06956225505558
4316778.668504736,1.6797620158666542,0.3795123132306278,0.10572058255161018,0.6286935266959555,36.021485686873596
4316778.768642688,1.6957902133407288,0.3912565109027659,0.10272683969134104,0.6286655257191947,36.01988134908296
4316778.868559008,1.7304566304954134,0.3832710248597975,0.10463498885261793,0.6094794710839642,34.92060139297684
4316778.968853408,1.763230267470212,0.3667025524188326,0.10060611490465843,0.6064134195750691,34.74492958174744
4316779.06869552,1.7999358595285493,0.35972225797231805,0.10642421982751055,0.5862821488726746,33.59149273426487
4316779.16859568,1.8265162610944812,0.36647474205043873,0.10130810620557645,0.5944330906551848,34.05850729745954
4316779.268492896,1.844981653565649,0.38916276987229736,0.10037674543043724,0.5956031707465118,34.12554794838486
4316779.368659968,1.837769522875526,0.421071121197941,0.09795804923906959,0.6064201099491224,34.74531291194406
4316779.468548864,1.8407935095077164,0.45531954450327017,0.10135616705383646,0.6184547388465229,35.434846355771285
4316779.56880992,1.8386942893599565,0.48561593511236634,0.10478620314579788,0.6266966606487794,35.907073690117436
4316779.668709376,1.85147675721367,0.5036603681215357,0.11273003210480224,0.6246299235517055,35.78865837709199
4316779.768691104,1.8651820828508756,0.5055772701968245,0.11084252138931133,0.6279722935172584,35.98016206968945
4316779.868736256,1.8939660227998423,0.519863830594383,0.11770413962694198,0.6215249713681654,35.61075772138521
4316779.968759008,1.9300000193693174,0.510478081871653,0.11950742717516935,0.6196078670271078,35.5009157337564
4316780.068474944,1.9496399713419374,0.4961634467926982,0.11823350753323912,0.6064210251489295,34.745365349030415
4316780.168654784,1.970786648106892,0.4901889865703327,0.11865582158613935,0.6134354817249003,35.14726410641133
4316780.268635104,1.9892762476607782,0.507168355381356,0.11610416798714639,0.6118378045204002,35.05572394556921
4316780.368746848,1.991765852061159,0.5343613983154533,0.11783563075809958,0.6180961015701224,35.41429795345747
4316780.468673088,1.9888070732185226,0.5650555853598465,0.11346391494180076,0.6277925767807014,35.969865059176875
4316780.568718432,1.9921107061483307,0.5929976263131269,0.11567793122941236,0.6382157197135152,36.56706715848871
4316780.668495232,2.0010254132033425,0.621130724068004,0.12373032197623463,0.6341601510146079,36.33470018851596
4316780.768666272,2.0142659382135744,0.6262681013187954,0.12077428088867181,0.6359579517924339,36.43770658549073
4316780.868576992,2.050920527450664,0.6258106628279636,0.11914202316116268,0.626497794558044,35.895679502430035
4316780.968750592,2.076951590552734,0.6140927436058897,0.11796235428165727,0.6265712364593595,35.89988741341483
4316781.068666848,2.114564625356075,0.6137742927766249,0.1252580343923043,0.6165308328387253,35.32461466134462
4316781.168719136,2.1334579025529745,0.6152604987435581,0.13211880304063955,0.6253360968763383,35.829119128198165
4316781.268699424,2.1433303934422323,0.6264074379043593,0.12818771445609137,0.6245359435904001,35.78327372195038
4316781.368650688,2.15861828843802,0.659277854414493,0.13144420633766996,0.6329705955265704,36.26654367955479
4316781.4685544,2.1625769640278953,0.6903211412542472,0.12416282733811698,0.640240408646789,36.683073289192144
4316781.568722016,2.1619936989551007,0.7135816538309546,0.12739633109022963,0.6566969242578522,37.625962179197224
4316781.66869568,2.172400314299744,0.7234960464541685,0.1276934692230246,0.6473025803056741,37.08770591944317
4316781.76878,2.185244921824265,0.7319649395112098,0.13032590025989504,0.6473415955427747,37.08994132786573
4316781.868719968,2.2220403108005167,0.7375931199604696,0.1293024446237424,0.6372950021600692,36.514313928552646
4316781.968416672,2.2473845090983318,0.7214450365514484,0.12244190547704407,0.6316447412246713,36.190577823806706
4316782.06856752,2.2802561057012447,0.7140438727381115,0.13303998361111474,0.6279421677704838,35.97843599154459
4316782.168608704,2.2962908875058496,0.7241597282381422,0.1313840604133308,0.6387790796998936,36.599345308054744
4316782.268592544,2.3167462652384656,0.7382746984951631,0.12850681269044417,0.6400234865625047,36.67064456927948
4316782.36867616,2.311419705171085,0.7716683097148087,0.12548263823913355,0.6446320993176679,36.93469862956048
4316782.468702912,2.320273875396221,0.7978284328673986,0.1205498687855496,0.6523787081214187,37.3785466195543
4316782.568710336,2.3285033490675193,0.8328503735651134,0.13525092242255332,0.6657781300709882,38.14627694517958
4316782.6685832,2.3411821885208233,0.8521476393796101,0.13270216028229853,0.6552042615704096,37.5404389069701
4316782.768615584,2.362278044824433,0.8532161217728966,0.13436956114596837,0.6574255941849478,37.66771189067791
4316782.868622848,2.387601088213067,0.8509313159137224,0.14089577964714514,0.6512686038982921,37.31494233274949
4316782.968506336,2.4243755694619837,0.8431982084270302,0.13891649144810514,0.6450296741409344,36.95747798897431
4316783.068767008,2.4536665432155345,0.8394439373745889,0.13936020344042815,0.6363123269355507,36.45801078555567
4316783.168588256,2.468515836631496,0.837293579050583,0.13702508426852256,0.6479643252457041,37.12562111162102
4316783.268478624,2.4815632059668955,0.8481214715061655,0.13584785936599547,0.6496681269434059,37.22324175802656
4316783.368703936,2.4932427647669715,0.8708637416819712,0.13880522122209177,0.6571071447316364,37.649466081014914
4316783.468620768,2.504186904094346,0.9006061511103873,0.13014286502981798,0.6633531422445796,38.00733537735577
4316783.568563456,2.502258917468789,0.9344428554342832,0.1374331077330636,0.6753159537366781,38.69275398696361
4316783.668638336,2.507332035275943,0.9483568327199392,0.1447981174213273,0.6573265935724666,37.66203957341352
4316783.768670976,2.514733046812879,0.9471974169665935,0.14839748977940564,0.6553698724666194,37.54992771236431
4316783.868494368,2.532526159892718,0.9367785439410007,0.14258943775022404,0.6586566830848799,37.73824808884942
4316783.968629632,2.5495268302672467,0.9197456061728453,0.14558618622177913,0.6624100217372354,37.95329855271271
4316784.068690048,2.5643962668221834,0.9062844467087992,0.14027152355470604,0.6655091838802055,38.130867463531615
4316784.168686208,2.5752721018767817,0.9054937737577938,0.1408555461415837,0.6635380469125317,38.01792963444169
4316784.26858656,2.5784683990217685,0.9111274920515074,0.13730251786463982,0.6644451591299658,38.06990333604542
4316784.368679936,2.577051183485537,0.9239232914973776,0.14162598117021458,0.6602266793697181,37.82820224982187
4316784.468613984,2.566449927974085,0.9558288784701475,0.13778628625905515,0.6575355649303612,37.674012750260005
4316784.568607488,2.5486680861984192,0.9753519691610527,0.13342091983482032,0.6603185079170585,37.83346363802329
4316784.668600608,2.546094915048517,0.9850137945110052,0.13870970807879773,0.6535038786329356,37.44301414109679
4316784.768547968,2.5474284443766466,0.9856338189990624,0.13770636528803096,0.6525846174665847,37.39034435599461
4316784.868587392,2.557893813794699,0.9709308107057701,0.1436951114280563,0.6569303102287569,37.639334210327625
4316784.96866576,2.5704635299080074,0.946003517908672,0.14379256024354384,0.6590793888795138,37.76246734685766
4316785.068704544,2.5799855146159247,0.9381504318178343,0.13852094181797864,0.6695997296538299,38.36523847226537
4316785.168616352,2.587683216882223,0.9402529604462293,0.1421637096452116,0.6483217994040477,37.1461028721791
4316785.268706688,2.59405585032498,0.9530438443721813,0.14971408802638678,0.6454740326391714,36.982937855514066
4316785.368562016,2.591983973297529,0.9549857806607018,0.15078555387194448,0.6325529168211235,36.24261245254019
4316785.46863168,2.5836682048947988,0.9608117769394392,0.14951677852521655,0.6342383516044829,36.33918075227124
4316785.568517184,2.5767919911619934,0.9586705972607004,0.1430653477246566,0.6346843658241863,36.36473548466306
4316785.668751456,2.5766140614153303,0.9583264852467029,0.14336538921028627,0.6358576536153586,36.43195992325146
4316785.768565184,2.576511322658705,0.9580705257299482,0.14355661545752726,0.6392417926141029,36.625856805165135
4316785.868554752,2.5773950967436883,0.9590644542598552,0.1432812572416215,0.6408682783059846,36.71904757074837
4316785.96859536,2.5823416965545007,0.956190378845003,0.1432426254154268,0.6397540941142409,36.655209518961264
4316786.068571744,2.5854833794380943,0.9582115609250481,0.1443254027974687,0.6377220633992502,36.538782735151344
4316786.1685416,2.5838412793326606,0.9601087228277513,0.14730609172423365,0.635574197580429,36.41571908877248
4316786.268684448,2.579491886812911,0.9626920080581349,0.14518543676429846,0.6345339633153715,36.356118055679794
4316786.368564288,2.577672380492061,0.9631525213595635,0.1448249131710027,0.6305034624026142,36.12518736405517
4316786.46848592,2.5828211920647375,0.9500412758853776,0.14294022834450354,0.6216214817996707,35.616287361789446
4316786.568632704,2.598029613749894,0.9231832284424663,0.13552204989824213,0.6119029044070032,35.059453894318345
4316786.668521184,2.616037780892028,0.8831088321637025,0.13555511414695715,0.5945604599448675,34.06580502019794
4316786.768491648,2.6273507094122683,0.864243988624366,0.13612079091610568,0.5721727783928326,32.783085354183456
4316786.868541664,2.6393833514320852,0.8472647252475254,0.1424309918493419,0.5397341565335019,30.924489228422985
4316786.968617248,2.646255614472249,0.8537613399090203,0.148777004304586,0.5204193406543675,29.817831796476316
4316787.068466944,2.648440347582773,0.8677983308830708,0.1447789763817787,0.4741643350472827,27.167615193836404
4316787.168556384,2.64346504602159,0.893872190632134,0.14366702191044542,0.4325976233389979,24.786018044714663
4316787.26848528,2.636104866610916,0.924869954064367,0.14715858194656575,0.3749054803702619,21.48050174154074
4316787.368642112,2.632074791678462,0.9403325924813869,0.14638517012560445,0.3313734106799258,18.986297874815108
4316787.468584416,2.6349717421498715,0.9459807578236619,0.14349313860149587,0.29042085549871594,16.63988930265517
4316787.568586976,2.6344003806748137,0.940235775170612,0.14240714211793148,0.253915767060681,14.548301804403948
4316787.668523872,2.6331441121480204,0.9146780218503174,0.14271755907937217,0.212196234456906,12.157948662949208
4316787.768609888,2.6292469219567947,0.8792885054977383,0.1429489978437633,0.168277388992434,9.641584176747685
4316787.868541984,2.624780540358829,0.8636525862186146,0.1465402291486612,0.11849617248774423,6.789330572001965
4316787.96849008,2.628886610289208,0.8577625019607793,0.14473765308628977,0.0824958238173878,4.726662532191137
4316788.068520608,2.631794682108891,0.8595705151219442,0.1461944869928689,0.032846041284823366,1.8819395393328389
4316788.168436864,2.6292340717995826,0.8922857375171764,0.1393333434630555,-0.022174441415717706,-1.2705019061807228
4316788.26848208,2.6453338147224223,0.9152219415036533,0.1479195520369764,-0.08957889028770714,-5.13249234695106
4316788.36849888,2.6499738533671455,0.9389276948441164,0.14426080787736195,-0.13409347395808657,-7.682990118045774
4316788.468511488,2.648861537711671,0.9442432076554297,0.14930750429502262,-0.18772052089471755,-10.7555935752647
4316788.568464352,2.649549270488218,0.9409699003493216,0.14824605408409763,-0.2260683900001391,-12.952764628325474
4316788.668597056,2.6423908279756163,0.9241992622286936,0.14922039972942824,-0.26724210885279615,-15.311844945440953
4316788.768558688,2.6305156867678985,0.8926123235166448,0.1371809158539873,-0.3143593547923876,-18.011464280059457
4316788.868475648,2.6209158971664497,0.8769327037364202,0.14136900204701738,-0.3644533048827577,-20.881636199376654
4316788.968616768,2.6192194471424006,0.8747670780890915,0.14533700834491078,-0.4026528475060623,-23.070308771022106
4316789.06850704,2.623710967004823,0.8746180563943065,0.1412034533820961,-0.44935314577027746,-25.746038763563757
4316789.16857776,2.638195331871036,0.8913248970307678,0.1398426040487536,-0.5095719464821675,-29.196321891694456
4316789.268633504,2.6596928991244875,0.9148482065965222,0.14915421177748295,-0.578839818170299,-33.16507859527811
4316789.368506688,2.672571963707634,0.9264838157606502,0.15071412673250892,-0.6305614822005328,-36.12851165360411
4316789.468438304,2.6756689982337862,0.9290244472733267,0.14990033587741916,-0.6811824877451248,-39.02888162601757
4316789.568582272,2.677339120541645,0.9286920552695732,0.14929444368215877,-0.7136160232266533,-40.88718632379696
4316789.668438464,2.663924364114702,0.9126187713953675,0.1461604168441138,-0.7460000210167343,-42.74265272092959
4316789.7684592,2.6392590263978795,0.892878734363877,0.13255555758466975,-0.7803236950262986,-44.709254379060496
4316789.868574272,2.624172606702149,0.8822601140414223,0.13715154091848644,-0.8169470433365447,-46.807617668875174
4316789.968465408,2.6171116809125303,0.8752531678239384,0.1383472486095141,-0.8350647492619351,-47.845685752859204
4316790.068469344,2.6217319461465833,0.8746390281083201,0.1371457906925854,-0.8558217974019969,-49.03497700643462
4316790.168544,2.642009655271056,0.8833355683291505,0.13804798568449828,-0.8874273465838793,-50.84584158374964
4316790.268401792,2.6680628253473366,0.9027722252499908,0.14737854376358678,-0.9217287706553825,-52.81116841433522
4316790.36840496,2.6917087461219573,0.9155975635621991,0.14413050763668156,-0.9515727617680175,-54.521103148915145
4316790.468564032,2.6982911497800974,0.9194836958045242,0.14482993163625885,-0.9721597945342996,-55.70065323912064
4316790.568438848,2.697442103404345,0.9140378384866236,0.13854116933528557,-0.9754804158882363,-55.89091082806223
4316790.668587296,2.682771303101263,0.9079391420018674,0.15253599399810203,-0.9782802674577529,-56.051330506258616
4316790.768572064,2.657929933314836,0.8950869290014619,0.1399331017076606,-0.9827598453347259,-56.30799141260934
4316790.868447328,2.641015298924656,0.8869921164518251,0.1367256046744164,-0.9980941002274273,-57.186579499938965
4316790.968440576,2.633652574550218,0.8783926560883204,0.1402352696720401,-1.0108070213370757,-57.91497622480459
4316791.068520416,2.63995229326844,0.8773925937996796,0.13971030084937722,-1.0182286580658624,-58.34020468644334
4316791.168410304,2.6586053652944868,0.8813248880396216,0.13969282447267345,-1.023909690774946,-58.66570388394961
4316791.268385888,2.6899113483521093,0.8968226451162584,0.13914270569597884,-1.0442466429627906,-59.830925412472446
4316791.3685584,2.706908458755861,0.9045561352559117,0.13403635437601957,-1.0495274763397127,-60.1334948772819
4316791.468435904,2.7144849704203486,0.9063529930615926,0.15304181003230824,-1.055383804197753,-60.469037746992505
4316791.568353184,2.7128017585168522,0.9064909845608309,0.15118505060529844,-1.0489007534598442,-60.09758630134115
4316791.66855872,2.7029291944825435,0.8991317640141138,0.14410269269529294,-1.0458228665779292,-59.92123637318875
4316791.768453152,2.677606955954447,0.8848772526821402,0.13637117065145937,-1.047032218249475,-59.990527119915406
4316791.868552384,2.672247124189232,0.8789518466252493,0.13830094975447974,-1.0450533725840478,-59.877147614978675
4316791.968528384,2.6734771137423707,0.8729500264271188,0.14260551681090147,-1.0566563521401946,-60.54194937332246
4316792.068372992,2.680687261724162,0.8562037898157584,0.13773791322478923,-1.0625585052562316,-60.880117836911374
4316792.168350304,2.686534096344888,0.855547608485158,0.13595485828730294,-1.0676909632283433,-61.174186017241645
4316792.268472448,2.6847761819806424,0.8657633492827261,0.13788458845965718,-1.0669607201598368,-61.132346171397536
4316792.368483776,2.684780302319574,0.8709496991363227,0.13922539294291625,-1.0651558401763572,-61.028934165816516
4316792.468520416,2.683930467432049,0.8713753489654263,0.13836582669456227,-1.0618999209861946,-60.842383737784544
4316792.56849984,2.682643953777672,0.8712592597104409,0.13915258771586828,-1.0583754802638106,-60.6404481592479
4316792.668358944,2.682138022563017,0.8696073528366899,0.13906539466286943,-1.058521301841022,-60.648803120184056
4316792.768470336,2.6784398120419475,0.8683354733899977,0.12801951485331023,-1.0586130728232799,-60.6540612101492
4316792.868378016,2.682255836519519,0.8655616403789834,0.12845287700294228,-1.0601482204542474,-60.74201869033315
4316792.968526816,2.68187492190286,0.8644009755190242,0.12959508760292363,-1.0617434182777492,-60.833416793108256
4316793.068517056,2.681630512310175,0.864600200790498,0.12745928635251708,-1.0633263092618173,-60.92410976592467
4316793.16846768,2.6817094367861283,0.8644462198881785,0.1274755931399508,-1.0638669541237806,-60.9550864347306
4316793.268345152,2.67941356300448,0.8668684487687486,0.1246220916523268,-1.062719194513869,-60.88932465318708
4316793.36844944,2.681326398902855,0.8687748883975686,0.12790036956260376,-1.062919622421638,-60.90080832639888
4316793.468477472,2.67743164065849,0.8703719782730857,0.1266229931201082,-1.0630041765889662,-60.90565292332703
4316793.568492576,2.6780806204866754,0.8722822507830991,0.12740281602374548,-1.0637473133621593,-60.94823152403197
4316793.668380256,2.679449779378128,0.8727120210067747,0.128810149138974,-1.063989938305004,-60.96213290926157
4316793.768481792,2.6780931438449795,0.8738214194554241,0.12630710552106564,-1.0642153521923496,-60.975048173650116
4316793.868344096,2.6806510316276895,0.8734535260513505,0.12949963503516765,-1.0633334699363624,-60.924520042354565
4316793.968325824,2.685053958509734,0.878364946663764,0.1347171577010211,-1.0632327461770699,-60.91874899605042
4316794.068435296,2.678667934878638,0.8753933350341943,0.13232366966764944,-1.0651112643974694,-61.026380161817734
4316794.168469856,2.6524331473801204,0.8562854881772652,0.1265874892530791,-1.0546377017708173,-60.42628922684462
4316794.268474656,2.6219916271677013,0.824638025606756,0.10772546386739279,-1.0432619200027429,-59.774504942872085
4316794.368271488,2.5990316765478587,0.7907379959154108,0.10993508901109025,-1.0134515043710635,-58.06649394164604
4316794.468403776,2.5896122340605254,0.7794729588143734,0.11268684017735507,-1.0085374340053748,-57.78493844946177
4316794.568351072,2.5927587203933817,0.7564301545459522,0.11567451539024391,-1.0052549548669028,-57.59686624848758
4316794.668480576,2.612500620088462,0.7406119394183206,0.12104039492142528,-1.0206632714191335,-58.47969775633197
4316794.768388448,2.6520757394065764,0.7267840685544287,0.12258053002863495,-1.0327664366454157,-59.17315804254744
4316794.86833376,2.692876742436963,0.7234170419330913,0.1333568092395663,-1.029434720722427,-58.982264781623655
4316794.9682864,2.7257877397153143,0.7168498717349853,0.14094597846916074,-1.0136752420982684,-58.07931316913273
4316795.068467872,2.7404956722962277,0.7041583491603018,0.1445597428931402,-1.0058618019784684,-57.63163602679
4316795.16829728,2.7450336324358595,0.6842990641749437,0.14977303397745848,-1.0067802884991606,-57.68426142796532
4316795.268413312,2.745199795085123,0.6691576728207538,0.15526931982050673,-1.0177237985710683,-58.311278368144535
4316795.368454496,2.7427498860589288,0.6351946012364855,0.1626819957150109,-1.0321440352304923,-59.13749706830936
4316795.46833664,2.734745359856867,0.5962611151045005,0.1556239987465365,-1.050592880239515,-60.19453802421736
4316795.568463392,2.7372709271573603,0.5751633736546773,0.15725477824598522,-1.0442030797239863,-59.82842942274704
4316795.668298592,2.751489347950619,0.5513342282757623,0.16139219255331277,-1.0365505390791174,-59.389971141243734
4316795.768292896,2.773835978333593,0.5399999361876369,0.17092784798371305,-1.0342124687685765,-59.2560095802449
4316795.868434432,2.810763078025651,0.5281653797974322,0.1730691984391006,-1.025789931254552,-58.77343372790068
4316795.968312832,2.843090774280902,0.5121921948596635,0.17720663620910054,-1.0100480321324128,-57.871489346681415
4316796.068302592,2.859682841267332,0.5026746795955683,0.18932089747826122,-1.015417179715427,-58.179118842771
4316796.168396736,2.871325720957964,0.48385201011232903,0.18813510912969558,-1.0140576509718964,-58.101223583639964
4316796.26834736,2.867819522926111,0.4624304649498453,0.1828132944945568,-1.0212582215097747,-58.51378588554664
4316796.368388384,2.8562475880152176,0.4254275399649656,0.181941455417332,-1.0286705767931896,-58.93848255953781
4316796.468439136,2.85505778271669,0.3946641424082898,0.18770178655481282,-1.0402453155982272,-59.60166624203276
4316796.568307712,2.8596688234803507,0.37297511928502197,0.1897487327550471,-1.0360257488697346,-59.35990287711631
4316796.66838368,2.8731107625517747,0.35293463910733447,0.1937151256143536,-1.02843503121145,-58.92498679182118
4316796.76825536,2.9024317370393122,0.33855075855190486,0.19006138929543936,-1.0211565218505736,-58.507958924296496
4316796.868256352,2.9420456376203057,0.3324787389402156,0.20340819543972977,-1.014001437339551,-58.098002779755475
4316796.968435104,2.9741732998461363,0.32255258408147436,0.2127265647704165,-0.995257168196315,-57.02403526779076
4316797.068272352,2.993332179022661,0.30653783331487605,0.21134724572663088,-1.0037792549892792,-57.512314873671784
4316797.16830832,3.0039027755323824,0.2909549129672341,0.2178706698135039,-1.0043560742963529,-57.54536418550876
4316797.26840816,3.002414121360379,0.26751960521325807,0.21498407871568823,-1.0109430591557962,-57.92277061767144
4316797.368442528,2.991482659237987,0.23057718950629347,0.21857157241459338,-1.0210342036164515,-58.50095060572381
4316797.468396128,2.9830920992058987,0.18907865669739282,0.2219673783831218,-1.0336138343837349,-59.22171035652206
4316797.56840144,2.9901504012050637,0.15339129400352816,0.22463646067473175,-1.0331619029213772,-59.19581659109979
4316797.668368512,3.006003481802896,0.12664534175896208,0.22824077195620954,-1.0279472490969042,-58.89703893533573
4316797.7682336,3.0295299041964823,0.11415868338509602,0.22417303303256508,-1.0235766554140744,-58.64662236334305
4316797.868403168,3.0651788760501124,0.10213852831453835,0.22737799942955278,-1.0115364017186166,-57.95676664232652
4316797.968251456,3.1031824306312252,0.09292992719386042,0.23508144296596267,-0.9915735495980665,-56.81297946877522
4316798.068215328,3.130867450848903,0.07674467327960172,0.24546845012566929,-0.9994755024986763,-57.26572801989132
4316798.168250688,3.14025180350601,0.062170008819481926,0.24142553924063775,-0.9973283448259234,-57.142704947293446
4316798.268402752,3.148810759225166,0.03665355932209243,0.25210137524017484,-1.0086023098518613,-57.788655561657784
4316798.36837952,3.142124913949822,0.0002654947422066529,0.24726157620538353,-1.0165956099291253,-58.24663792046661
4316798.468385696,3.1397533477895077,-0.034758542296479504,0.252637289447863,-1.034373617437643,-59.265242718856555
4316798.568343136,3.1415923094740648,-0.0667872538325845,0.25729635290334474,-1.0382736323408375,-59.488697112847724
4316798.668297376,3.1560498337819727,-0.08917919733543396,0.2638613320275976,-1.037444935869339,-59.441216302533476
4316798.768204416,3.183953814869366,-0.11287364447483826,0.2598713078648071,-1.0310556503437929,-59.07513720781566
4316798.868348512,3.213997108409351,-0.11853030410336939,0.25916011060170496,-1.0193378373261572,-58.40375597678168
4316798.96819648,3.2562474108053028,-0.13707056404107948,0.2702062665624906,-1.0031660135899896,-57.47717872966979
4316799.068342688,3.278547164632959,-0.14969878977770576,0.27931968704843785,-1.0101339050572804,-57.87640950285077
4316799.16823328,3.2969929791417614,-0.16553138743541024,0.2778690028131745,-1.0095997777892307,-57.845806264668674
4316799.26828544,3.3053880336720995,-0.19062034567594446,0.2819570397400652,-1.0183304975058762,-58.346039656544114
4316799.368198816,3.2968360402406254,-0.22648442956927217,0.28450890740834434,-1.0268722279565388,-58.83544476110546
4316799.468304736,3.2903304465162915,-0.26442896244981345,0.28710481641168184,-1.033122228941711,-59.19354343950843
4316799.56820464,3.2890680968339545,-0.2987098680704216,0.2852399192922744,-1.0419052484750337,-59.696773390148785
4316799.668284832,3.2957477164674747,-0.3269013257698297,0.29053159173497084,-1.0368202808086402,-59.40542620390395
4316799.768349792,3.31688521200986,-0.35771682419802553,0.290551841265572,-1.0305548411148935,-59.04644295265852
4316799.8682848,3.3466628023017524,-0.3658314026221031,0.29782381130923324,-1.0223597243041274,-58.57689734678491
4316799.968258624,3.3886943446226057,-0.3796902677086911,0.3054041028265227,-1.0107296094139944,-57.91054084832804
4316800.068168192,3.418040940052615,-0.39293554998667457,0.3115585948500419,-1.0106366859242273,-57.905216724546754
4316800.16814208,3.432442300945445,-0.4056249776866128,0.31460370503822177,-1.009517457012974,-57.841089631622914
4316800.268168128,3.4351541958975895,-0.42938190257755243,0.31428413485098816,-1.0156110955954794,-58.19022940427856
4316800.36826736,3.4353722885968576,-0.471236539760228,0.31688535218697667,-1.024723261187894,-58.71231803494825
4316800.468177088,3.428737211769429,-0.5055814587379577,0.3161978245590006,-1.0285282169865904,-58.93032594344737
4316800.568239136,3.4330671070926466,-0.527071702352468,0.3180934621052626,-1.031733489552705,-59.11397453367481
4316800.6682304,3.441228554697027,-0.5543880463618204,0.3168487315968628,-1.0286900513485997,-58.9395983693707
4316800.768223072,3.466473683352205,-0.5760490461579902,0.3191847976840392,-1.0251231235118323,-58.7352284584962
4316800.868121248,3.5013158304206686,-0.5833079168931569,0.31681275290364563,-1.0170402993763064,-58.27211674898409
4316800.968291264,3.5300293951980986,-0.5957622427748769,0.32694761999692634,-1.004963904427688,-57.58019028669514
4316801.068133216,3.5607969526322134,-0.6074327298584614,0.3383886478001935,-1.0028690431816611,-57.46016357863229
4316801.16816032,3.5743071059712346,-0.6227028803338486,0.334223317968561,-1.0054773508354957,-57.60960859886868
4316801.268202272,3.5778997259030407,-0.641121822151901,0.33678070266551946,-1.0070918640899587,-57.70211339431734
4316801.36814832,3.5741840849445166,-0.6719204608184685,0.34564965159571426,-1.0180882235948057,-58.33215838395364
4316801.468297632,3.5677957476244155,-0.7174781299598009,0.34185468342594627,-1.0198501270819287,-58.433108017675174
4316801.568222944,3.5666779805376856,-0.7483189747255821,0.34569138039680003,-1.0348562491395945,-59.29289547843759
4316801.668110048,3.573861777937093,-0.776086178597922,0.34656373119042083,-1.030359335415008,-59.035241301184335
4316801.768217088,3.5936375039922335,-0.8001926013885367,0.34286485094789443,-1.0265583354760222,-58.81746004675096
4316801.868269568,3.619271384209601,-0.8055805673022268,0.34831397021920163,-1.017235583765007,-58.28330572026142
4316801.968202144,3.6632636239377403,-0.8197144522842005,0.3576406789480676,-1.0050906294221906,-57.58745109403897
4316802.068239264,3.688250121780521,-0.8323274760016277,0.35706258260879875,-0.9949088781287095,-57.004079716870635
4316802.168225024,3.701104808513631,-0.8399006610096056,0.3590420674919538,-0.9981490751163119,-57.189729329051254
4316802.268203136,3.7100400467125914,-0.8552634211518736,0.36190970117138554,-1.001320439338203,-57.3714351142644
4316802.368265952,3.7046037461637065,-0.8859577407548523,0.3697287500402958,-1.0140018968360232,-58.09802910696403
4316802.468156672,3.693054993192429,-0.9269678352947629,0.3687219405192027,-1.0195524444436173,-58.41605205886561
4316802.568264192,3.6997147990571198,-0.950340180755221,0.37420768523052217,-1.036043913036839,-59.36094360722977
4316802.668281856,3.7128381367752765,-0.9899517689099083,0.3781492661440471,-1.021761920359854,-58.542645703801774
4316802.768084,3.7236932709812516,-0.9979226843773371,0.3767046767654325,-1.0175639817069977,-58.30212153633828
4316802.868199392,3.7565834515197762,-1.01814320882185,0.37781547890516465,-1.0076802120579953,-57.73582324977094
4316802.968131328,3.7910562517665034,-1.0253844188208792,0.3836535842656221,-1.000511751781808,-57.32510073033823
4316803.068146336,3.816651436594961,-1.0505347612836065,0.3846747344994466,-0.9875453909990649,-56.5821829818431
4316803.168142496,3.825617265238347,-1.0579233899069165,0.3859459614507831,-0.9946655967620476,-56.99014072132673
4316803.268244608,3.850638640074837,-1.0873963140889757,0.38809507157719153,-0.9911740447361981,-56.7900895262952
4316803.368210048,3.847646932761898,-1.1170905267856392,0.39878013520118805,-1.0036799532872305,-57.506625305245926
4316803.468247648,3.8516228331638667,-1.1645048219117253,0.409725059114034,-1.0066251792841423,-57.67537432458118
4316803.56808432,3.844281744556775,-1.1846178906482068,0.4032161581442639,-1.0269626737534718,-58.84062692354442
4316803.668115232,3.8479842074819017,-1.2093524870338404,0.4080458343079319,-1.0183531090382796,-58.34733520191915
4316803.76809408,3.8675117994946655,-1.2408220903399112,0.40501810030089574,-1.0124718942440643,-58.01036641580071
4316803.86817696,3.8947071298448495,-1.2463764774774369,0.4055057466786259,-1.0090906484367737,-57.816635301546654
4316803.96818992,3.9281411165303743,-1.2536289173824338,0.4119394956587875,-1.0015756072367963,-57.38605515792102
4316804.068171168,3.9534661225321637,-1.2661816551773368,0.41287126774384897,-0.9845318554142805,-56.40952011142246
4316804.168179648,3.964038270927269,-1.2741383259677983,0.41531651574727446,-0.9917791624206356,-56.8247602157222
4316804.26812208,3.9754260080834274,-1.2919206762996556,0.4218311675985343,-0.9933051438064117,-56.91219250874269
4316804.368205856,3.985437853137934,-1.3285272588030455,0.4219326293730182,-1.0026190220738052,-57.44583842436296
4316804.46809632,3.9874811936341628,-1.3723136222864991,0.4287722315249087,-1.005093593454247,-57.587620920566145
4316804.568150208,3.984630893199226,-1.3979038169140712,0.4263578400145936,-1.028429913230342,-58.92469355310406
4316804.66804544,3.9952463091480355,-1.4197124361403337,0.4330201726191879,-1.0263886539987204,-58.80773801424002
4316804.768183008,4.013464032441102,-1.4409468486891235,0.43871198328236555,-1.0254708113874151,-58.75514950635497
4316804.868089216,4.037512440491425,-1.4460985859882205,0.4400552294812612,-1.017555536024888,-58.30163763439828
4316804.968071232,4.0699992047731595,-1.455051846672019,0.44222165081420584,-1.0076720963289139,-57.7353582527469
4316805.06804544,4.092687804989271,-1.4751004931262395,0.45300312303558676,-0.9932962650367554,-56.91168379271412
4316805.168133312,4.108973671159056,-1.490095370480516,0.46278326266231884,-1.0009194613382921,-57.34846076719191
4316805.268241408,4.125940952115879,-1.5064961619746884,0.4551138284802754,-1.0027353857121168,-57.452505569727
4316805.36805184,4.123759112199898,-1.5465842486069898,0.4634889732369513,-1.0125151690006562,-58.01284587671288
4316805.468188992,4.122324041540401,-1.593512530844443,0.4599175198450161,-1.0167676064134719,-58.25649259311075
4316805.568192032,4.1200136090586605,-1.618917079492829,0.4613764796956734,-1.0300205205565365,-59.01582863975759
4316805.668092192,4.121187793177455,-1.6416158793598468,0.46429809834976754,-1.0204110926793093,-58.46524897885712
4316805.768043008,4.132203103729597,-1.6587274442781261,0.4651192312419168,-1.0171224305843192,-58.27682252056953
4316805.868057472,4.161401332485786,-1.6765417280894481,0.4699904153937511,-1.0101749630728878,-57.878761953860256
4316805.968037472,4.193614552745993,-1.6874150035615292,0.47212852232466174,-1.0026425782016346,-57.44718809106926
4316806.068121824,4.224728942251848,-1.6922298013958794,0.482243577942551,-0.990586068042512,-56.756400943294935
4316806.168024832,4.237379964056144,-1.713805446640693,0.4920352669151079,-0.9948571412599664,-57.00111541264643
4316806.268196736,4.25013958618002,-1.7319349715482533,0.49409807169879916,-0.9955860947919286,-57.04288137348902
4316806.368198368,4.259306393310312,-1.7608498669595214,0.49101387524032514,-1.006664159802463,-57.67760774376419
4316806.468006272,4.259899541842369,-1.808213896569697,0.49242627313222254,-1.014846625927504,-58.1464285187378
4316806.568121216,4.263003530476299,-1.8398169639780309,0.4945959180855408,-1.0340026179485278,-59.24398601392875
4316806.668131392,4.27174486737332,-1.8641002752875508,0.49783592274992106,-1.027511137417567,-58.872051576713346
4316806.76806864,4.2859534308373135,-1.891154382577636,0.5034084120856493,-1.0241082374921682,-58.677079772882614
4316806.868150976,4.303281064068463,-1.897325840382662,0.4975108846489231,-1.0153119108816924,-58.173087382883736
4316806.968001312,4.341909522663411,-1.9054778317472212,0.5056827068851175,-1.0077856583499523,-57.74186487726538
4316807.068177408,4.3651959826537095,-1.919466460229253,0.5111002400002198,-0.9955302337906055,-57.039680773873826
4316807.16806912,4.373631082842536,-1.9329574481972698,0.5163914047180734,-1.0160136198218988,-58.21329234360416
4316807.268084672,4.384534127714485,-1.9450955357534616,0.5237490469020951,-1.0200442453565948,-58.4442301755399
4316807.368064224,4.381022816978299,-1.9606411852538788,0.5199805637134224,-1.0178745343708397,-58.31991489329297
4316807.468022752,4.370985280010304,-1.9952227497008832,0.5207615978489076,-1.0195124712546115,-58.413761763841904
4316807.567986752,4.362373234832978,-2.0160409990134043,0.517345342720448,-1.024776248590509,-58.71535398948544
4316807.66811952,4.359229829796101,-2.0312245500617494,0.5196757063635001,-1.0167524815594484,-58.25562600280946
4316807.768107264,4.365090896892892,-2.0463351423683815,0.5209911484542747,-1.012696672099784,-58.02324523826145
4316807.868086976,4.379307723763187,-2.0518111511217345,0.5166292859221849,-1.01326090533119,-58.055573421082045
4316807.967964192,4.412557605602064,-2.0477137260507394,0.5219847126677029,-1.011694999270664,-57.96585361269995
4316808.068153472,4.441271165431711,-2.0487877639848717,0.5312874946367926,-1.00507227515125,-57.58639947177803
4316808.167944448,4.453548941111068,-2.053377995947695,0.5341891374136069,-1.018279274202196,-58.34310477743052
4316808.268028384,4.452284711031421,-2.0610998467323567,0.5373694308999624,-1.0192784212247923,-58.40035168493835
4316808.368066336,4.444327282819115,-2.071799439670218,0.5326532105306999,-1.0134157372859507,-58.06444463862359
4316808.467971584,4.420143857138747,-2.089829470785431,0.5321336010674045,-1.0095257781482578,-57.84156639755544
4316808.5679456,4.412870037259756,-2.096072135202325,0.5341409660676597,-0.9994362215010477,-57.263477384512136
4316808.667971392,4.414780930001628,-2.106448816157882,0.535238616364616,-1.0131111920640397,-58.046995482737216
4316808.768026528,4.421939818189308,-2.122047481065692,0.5403805997915794,-1.0182615772467671,-58.34209081657421
4316808.868136352,4.429450380545559,-2.1239181647956995,0.5432963096195502,-1.019811702711512,-58.430906463419845
4316808.967953824,4.434263063386428,-2.125638220942932,0.5454378172194808,-1.0224699652688334,-58.583213688792014
4316809.067959968,4.434734829105565,-2.1224112314267467,0.5370098793422245,-1.0216829981211963,-58.538123792616965
4316809.168005024,4.431566182160212,-2.117156013306772,0.5396167814255249,-1.0248532060531028,-58.7197633272941
4316809.26807424,4.430290225716937,-2.1130331364800394,0.5412679838350449,-1.025767047810358,-58.77212260312764
4316809.368118176,4.428264259192342,-2.1129924227212706,0.5405374530686202,-1.02586847321995,-58.77793385103265
4316809.468134752,4.425656002511275,-2.114983134299313,0.5382873618164763,-1.0267448973583109,-58.82814925522412
4316809.56803616,4.430082012645276,-2.1198612207397622,0.5409393280848992,-1.0285724926070055,-58.932862749632484
4316809.668026336,4.4300856658193135,-2.1187954418356716,0.5384462378935729,-1.0283083307994423,-58.91772739295057
4316809.767992064,4.426197998886266,-2.1183013335261083,0.5353995769814847,-1.0290676044164762,-58.96123056670224
4316809.8680768,4.427097161174405,-2.1196572024092926,0.5375487224895515,-1.030194753205349,-59.02581143518794
4316809.968034528,4.427862724677465,-2.1154626849620324,0.5424454986253501,-1.0300065650405381,-59.015029047589955
4316810.06791552,4.427506253713805,-2.1156072338723417,0.5409997393123002,-1.030042609499597,-59.01709424296886
4316810.167926112,4.426909611470261,-2.1159472463493794,0.540788828133228,-1.0302197993420954,-59.02724647311661
4316810.268036768,4.429304524067073,-2.1159557790206533,0.5417906098800481,-1.0295197548752792,-58.98713687969656
4316810.368013984,4.429034424949558,-2.1135612843878184,0.5420211518063641,-1.0301284059975426,-59.02201002019815
4316810.467904736,4.436743761326975,-2.099880485168695,0.5388539713337791,-1.0342482723468573,-59.258060974171855
4316810.567983264,4.425775593124477,-2.1012887266156683,0.5400154156317885,-1.0352796311669066,-59.31715348172427
4316810.667926912,4.3988215849530725,-2.107477572765737,0.5335808885613913,-1.035563299478206,-59.33340647874333
4316810.767984128,4.361774518439491,-2.131359730588797,0.5169582633926171,-1.0481596638611808,-60.0551249950967
4316810.867958944,4.336204162535251,-2.1366369703052333,0.5166766627785369,-1.0759589739566806,-61.64790813694426
4316810.967904928,4.311197650661239,-2.155325012037821,0.5138922519492948,-1.1015199230803645,-63.11244264207996
4316811.068082112,4.304055070228374,-2.161440341606765,0.5145804559508277,-1.106800282445766,-63.41498494802984
4316811.168016768,4.310005181978472,-2.157315975340322,0.518688802979078,-1.1259360802938887,-64.5113854023428
4316811.26794368,4.330485245623398,-2.158723651461564,0.5256178558942245,-1.1628627493344121,-66.6271276898412
4316811.36787872,4.359326204660991,-2.156161813543454,0.5371745859801011,-1.213253945293429,-69.51433054290955
4316811.467908256,4.385564111823735,-2.148051056078262,0.5347967800454869,-1.2465506721753574,-71.42209246484384
4316811.5679208,4.398547232466992,-2.1424677830719556,0.5402040638011665,-1.2752591964111102,-73.06696973960152
4316811.667894336,4.400882274277836,-2.144076837611048,0.5398320326651744,-1.2961929844340356,-74.26638744253665
4316811.76798624,4.385848697178457,-2.1426357474162914,0.5338394263454544,-1.3153386616995768,-75.36335394577173
4316811.86786016,4.361014812028364,-2.1406063253554057,0.5321070328641737,-1.3451771130237693,-77.0729712738545
4316811.967902784,4.3393199421285615,-2.141085681337579,0.5283847291154198,-1.3835438427512177,-79.27122296095641
4316812.068017728,4.334975317150619,-2.142351313611817,0.5270510354653807,-1.417062361801482,-81.1916926380654
4316812.167990592,4.3351304352627515,-2.1442581203581343,0.5254494924559702,-1.4451148820252073,-82.79898365159025
4316812.268015616,4.34736731646901,-2.1442717989423414,0.5264653060320734,-1.482687788729074,-84.9517526297606
4316812.367963776,4.374266908167561,-2.1496258321916644,0.530063587996283,-1.524445249818898,-87.34427891338929
4316812.46803184,4.38479932829922,-2.1522559249281814,0.5344622106275553,-1.5506366516585324,-88.84493569833151
4316812.567851136,4.384398031579583,-2.142448500426437,0.5380931425073423,-1.5747657101464723,-90.22742891331478
4316812.667856928,4.376623224579288,-2.1429364371661586,0.5379080838142097,-1.593684976856907,-91.31142304730506
4316812.767879232,4.3477357490884625,-2.1439522883656226,0.5221548293428614,-1.6199630580577105,-92.81704619381316
4316812.867861248,4.31729236651959,-2.141581751909921,0.5174652058485681,-1.6481842296140796,-94.43400021690775
4316812.967858112,4.299191563923227,-2.1374424292921046,0.5093442876109104,-1.6829267268519872,-96.42459867838478
4316813.067965856,4.290229055369,-2.1378474704691226,0.512439306231631,-1.707772086823767,-97.84813294525102
4316813.167940192,4.2963960681008135,-2.142636560816573,0.5177887895187057,-1.7336840411971668,-99.3327785697824
4316813.2679736,4.318906331831567,-2.157488333011184,0.5226326202761792,-1.7697630211537922,-101.39995185043412
4316813.367969152,4.349269299304419,-2.167289132470002,0.5317481834941212,-1.8129581480883923,-103.87485031931857
4316813.468009376,4.3638056040047974,-2.1744813857875034,0.5370280485919985,-1.8528813308488574,-106.16228019622267
4316813.567836928,4.367896347906896,-2.1737540479173454,0.5378261159779599,-1.8866895805123043,-108.09935021466276
4316813.667885216,4.362858993071921,-2.1722967001950044,0.5371132150556966,-1.9094811912656684,-109.40521331913551
4316813.767843392,4.345194327062176,-2.1666102734795,0.5299813834244794,-1.9309677975570303,-110.63630517568978
4316813.867869792,4.3206245078683505,-2.1521101879509152,0.5243678220601404,-1.9580362838336227,-112.18721519714633
4316813.967937056,4.308183677597682,-2.139796414465249,0.5230385688297282,-1.991521650958313,-114.10578540883719
4316814.067860896,4.303810928088634,-2.1387844951743125,0.5218499848327882,-2.00942113824709,-115.13135048593217
4316814.16795472,4.303982949338318,-2.1420369708965064,0.5224191892590765,-2.035463110582004,-116.6234455909192
4316814.267867968,4.317431200145661,-2.1540945720408864,0.5251289731172563,-2.0743612077712785,-118.85214239095433
4316814.368011328,4.341187778381187,-2.1750940223509954,0.5296080602752686,-2.1252474465892504,-121.7677091105189
4316814.467858656,4.356088283401168,-2.1856303674605186,0.5365323674691724,-2.157964389550563,-123.64225186077236
4316814.567892352,4.354642099526056,-2.1859612936902084,0.5361366056125035,-2.190913447618232,-125.53009382698126
4316814.667850784,4.346876232695329,-2.1846652047923394,0.5325096974985035,-2.2072860777270398,-126.46817643174477
4316814.768019008,4.329492599534416,-2.1724576550051955,0.523037433097163,-2.227711963900113,-127.63849350227648
4316814.867937888,4.307198281349966,-2.14883708698335,0.5136840711932004,-2.2538682296525976,-129.13713713771642
4316814.967821344,4.290673178134819,-2.135392722440717,0.5147129387079068,-2.2887107222110155,-131.13346490902975
4316815.067823456,4.282464935706695,-2.126656168823615,0.5129011451675487,-2.304836219642482,-132.0573878544018
4316815.167863232,4.280893383891583,-2.127259286395405,0.5129969577132264,-2.326478032050036,-133.2973723663685
4316815.267947968,4.285849032128566,-2.135849623001963,0.5137236581418338,-2.368354991801654,-135.69674541897547
4316815.367918368,4.299857326476418,-2.1568644887059376,0.5245397939757641,-2.4148419448368506,-138.3602516303151
4316815.47104496,4.307349833449294,-2.1757850882821645,0.5298264763080972,-2.455245706189219,-140.67521663225958
4316815.568030624,4.3116882694367025,-2.1814703075007147,0.53267648563609,-2.4880090991565984,-142.55242077181904
4316815.667950528,4.309663416879432,-2.1811037278626144,0.5322580309360212,-2.5050010442485613,-143.52598751130654
4316815.76799472,4.29621141944737,-2.1659319164218367,0.5221640265824099,-2.5252714007362944,-144.6873933872793
4316815.867829504,4.284095481689324,-2.13725440458288,0.5119207933530797,-2.55201742353178,-146.2198276122213
4316815.967855296,4.275867779429494,-2.1201219026446503,0.5151605098545462,-2.5881953602989487,-148.29267070047123
4316816.068030432,4.268222792054989,-2.1155110331764053,0.5147313206685726,-2.610560025680441,-149.57407163705307
4316816.168016736,4.268354260428745,-2.1159784380869353,0.5151570301803922,-2.6207488202147116,-150.15784656219273
4316816.267841696,4.27009435839638,-2.1320472861871234,0.5156798224960741,-2.6434260538200935,-151.45715633881338
4316816.367879264,4.285733615453837,-2.157842794789107,0.5179476339219958,-2.6650957953872823,-152.69874107375247
4316816.467923936,4.29133059976306,-2.182532949818375,0.5281959940942533,-2.695165523643628,-154.42160959394636
4316816.567840256,4.297029895997559,-2.195427343911801,0.5306524188380121,-2.7168581238424347,-155.66450403200264
4316816.668016768,4.294505671117433,-2.1924700300386344,0.5290883482151809,-2.719835936283581,-155.83512011706188
4316816.767876256,4.288793992670977,-2.180675353396028,0.5269784518872166,-2.720455352035471,-155.8706100254091
4316816.867893568,4.278604789382713,-2.15447557039795,0.5160404760983555,-2.7227104185985787,-155.99981582199624
4316816.967943936,4.272463062898585,-2.1345824473477903,0.5166650792250025,-2.7334423105426144,-156.61470793657995
4316817.067987968,4.267806500056211,-2.1255289486534665,0.5155474074650384,-2.7458068547451013,-157.3231441349854
4316817.167865184,4.260039854395886,-2.126569854124494,0.5118802403235408,-2.749997719954923,-157.56326302401638
4316817.268030848,4.253564869858917,-2.1408400828713137,0.5124818721049844,-2.7516732299694255,-157.65926267637929
4316817.367829248,4.2550768436992294,-2.166923386637025,0.5161351374102413,-2.758355833123537,-158.04214763327067
4316817.467875808,4.255648364480785,-2.191830600563045,0.5233753903217727,-2.7699631998510292,-158.70720075801657
4316817.56781712,4.263292969975728,-2.196899669678253,0.5275927086497805,-2.7859307853430786,-159.6220760157253
4316817.66799632,4.259113056821598,-2.1963974143668157,0.5300927558356895,-2.779306227093422,-159.2425167868814
4316817.767857696,4.254153584891559,-2.1906250667841634,0.5306595401821206,-2.775973485128339,-159.05156473807602
4316817.867888256,4.249882149855774,-2.167351223590416,0.5232841203795825,-2.772963872680859,-158.8791266468654
4316817.967895168,4.245715447861092,-2.1437150147088953,0.5198188677042362,-2.7653161418881873,-158.44094394959305
4316818.067954944,4.238554535540484,-2.1410318144958342,0.5209140762043576,-2.780306470524337,-159.29982651395855
4316818.16799104,4.228584880854056,-2.1526304618611687,0.5263154727315686,-2.779517970425486,-159.25464878614872
4316818.267832704,4.224021578629457,-2.1636959873005392,0.5266892555679383,-2.784046532210782,-159.5141162637104
4316818.367838624,4.227948167549139,-2.161741073928156,0.5270307666248434,-2.780828282711156,-159.32972414996175
4316818.468001408,4.235267299058737,-2.1586038755347676,0.5253832169241018,-2.7754783801674927,-159.02319731340353
4316818.567832064,4.238473510791358,-2.160282634318301,0.5276370025108498,-2.774835682286329,-158.98637343731087
4316818.667831264,4.240013791036634,-2.158614672958889,0.5280457458263771,-2.772474912395874,-158.8511112861862
4316818.768040416,4.240229725149277,-2.1556690977724475,0.5273913397750333,-2.77379484702295,-158.92673796955086
4316818.867856576,4.23583262487547,-2.156023496061835,0.5268483273408496,-2.772792192355182,-158.86929008877865
4316818.967845088,4.2293029418803005,-2.158724549405988,0.5270908092127535,-2.7727576546716795,-158.8673112252798
4316819.067939456,4.221183703391427,-2.158344878230508,0.5240443755938089,-2.7701093063737074,-158.71557204512536
4316819.167927104,4.221878616192943,-2.1604098281593567,0.5235663775996194,-2.7713778372595756,-158.78825351106758
4316819.267803264,4.225148581162229,-2.1605693437428526,0.5302236392797792,-2.773124460421675,-158.88832764665568
4316819.367995104,4.228519009663948,-2.160506371148316,0.5311675849524016,-2.7756593432886456,-159.0335657364931
4316819.467938272,4.2244539129259575,-2.1505090772169413,0.5249885676442062,-2.773692713953518,-158.9208861757237
4316819.567712576,4.210746882070001,-2.121496477542598,0.5173374786475711,-2.7622130395067095,-158.26314927973738
4316819.66799648,4.180240272759695,-2.088525952351273,0.4952355545662003,-2.7358277434501237,-156.75138317449185
4316819.767936896,4.165985900017052,-2.0682942125831483,0.5023068860066852,-2.71524513080931,-155.57208633882058
4316819.868016736,4.143344458675185,-2.0631929888954414,0.5035164846659663,-2.7166833291514867,-155.65448903393002
4316819.967922752,4.118693230155234,-2.0753991780832273,0.49950763008141896,-2.7244556843931753,-156.09981218615516
4316820.067903776,4.1137831825311135,-2.1079390803751936,0.49901116784222743,-2.742671014529714,-157.1434737254163
4316820.168009856,4.101615538250709,-2.14708821438831,0.5030999501648422,-2.750125952942324,-157.5706102329888
4316820.267888352,4.086343576796615,-2.188571307590962,0.5161295741514668,-2.736099285542127,-156.76694139032378
4316820.367898016,4.072910572105146,-2.199883718002113,0.5174186762980632,-2.736703376856492,-156.80155327307742
4316820.467989824,4.0507480818268355,-2.2250176570134257,0.5142122215518181,-2.7262493686296336,-156.2025827226834
4316820.567951232,4.0422494060997325,-2.2230280459791527,0.5133810763175771,-2.7320676833171325,-156.53594759815604
4316820.668507008,4.019801899340468,-2.204872527772105,0.5009046179298486,-2.7580650141227716,-158.0254849319246
4316820.7679432,3.985035232537377,-2.1942338463621383,0.49678428932944346,-2.7654261220878666,-158.44724535086468
4316820.867912544,3.948306640311314,-2.1835025633354097,0.4892841464113406,-2.7713593624380226,-158.78719498176534
4316820.967869568,3.92382994508888,-2.191719365581812,0.4818917805746791,-2.76461905859057,-158.4010040186705
4316821.067928288,3.9040899292867604,-2.2057358004664676,0.48002936731129975,-2.7616139331112373,-158.22882301179752
4316821.167885024,3.884798736307032,-2.2247491805574118,0.4897505259395012,-2.7555005363578404,-157.8785511793389
4316821.267877632,3.861009155880558,-2.262185936936143,0.4964505942794882,-2.742823428316401,-157.15220639213308
4316821.368026752,3.8415137824821888,-2.2909807620297244,0.4976322300435878,-2.7379829414390526,-156.87486692327255
4316821.467852992,3.8187815993195597,-2.29669853540977,0.4975315201471393,-2.739800683216876,-156.97901585538645
4316821.568458944,3.796252591766335,-2.294750775261737,0.49276855668604846,-2.742401874139029,-157.12805311693353
4316821.66798112,3.762401041003339,-2.2880809476145982,0.483705854774707,-2.753622468733993,-157.77094583085227
4316821.767870592,3.7259693552343873,-2.2820415808239853,0.4765225752358079,-2.758691470869192,-158.06137825954198
4316821.868352864,3.6919987191609307,-2.2732537366766317,0.47915045888275704,-2.7652962154089615,-158.43980224643286
4316821.967925152,3.6669086577508034,-2.285017436680871,0.4767819160097525,-2.7593366085082716,-158.09834192346628
4316822.06789504,3.6450557483612167,-2.3184253305531537,0.4752650615767441,-2.7538878393518558,-157.7861504472626
4316822.167880576,3.627482981525298,-2.3479216864308623,0.4740772242367495,-2.745289040568067,-157.29347556806928
4316822.267955552,3.604855228970745,-2.377681067657884,0.48002026807369486,-2.725952616115922,-156.18558005608782
4316822.367871872,3.5826486942923887,-2.402476321476083,0.4860200756224291,-2.734445231982327,-156.67217110225866
4316822.468357184,3.563243880501204,-2.4129080759152686,0.4915028572929596,-2.7361710653691893,-156.77105407146863
4316822.568016416,3.533632979689936,-2.4140492911959863,0.4880926228682382,-2.7415083210201256,-157.07685629444964
4316822.668548032,3.5054427790981553,-2.4019147962403435,0.47415680252969655,-2.7514998143885587,-157.64932669549378
4316822.767874336,3.4609219025987144,-2.386780723286261,0.4680661858496484,-2.754272561100164,-157.80819337972756
4316822.86792288,3.4328364502018025,-2.3865695816109236,0.46333672245008095,-2.7738184965817716,-158.9280929894587
4316822.967873408,3.400518993268536,-2.39314877361464,0.4611280120220565,-2.7678767412759977,-158.58765548753837
4316823.067825152,3.3710675292709404,-2.4061879949663085,0.4605024935995645,-2.761179503656847,-158.2039320375648
4316823.16785216,3.3474118058949327,-2.4372778282605023,0.46102496386241143,-2.753650855259843,-157.77257225897853
4316823.267842176,3.3234970300543023,-2.472416706952209,0.46676577215714476,-2.745292664620612,-157.29368321098482
4316823.368350752,3.3023709648891297,-2.493715802231121,0.47298215219712814,-2.736542237456852,-156.79232066556477
4316823.46794272,3.2817890360017894,-2.5086859567414366,0.4731101365772353,-2.743085101751551,-157.16719917557785
4316823.567858464,3.2588843307145043,-2.5119060840829683,0.4707227695471152,-2.7470176359064515,-157.3925167854447
4316823.66781904,3.2248317791359176,-2.5021835463871853,0.45986339831996825,-2.7585249409000867,-158.05183679514982
4316823.767995328,3.1841218169955376,-2.4941492024614385,0.45626572110207897,-2.761970389512376,-158.2492464591632
4316823.8678136,3.150324954598811,-2.4942626951674054,0.4534415349711938,-2.780034391076288,-159.28423750989307
4316823.968355648,3.124893872978326,-2.4990252103619963,0.45350908414292396,-2.770122999897369,-158.71635662623783
4316824.067837952,3.101628471526938,-2.513334808322627,0.4538484732427184,-2.7636030683888952,-158.3427920680879
4316824.167952416,3.0784848724692497,-2.5504013164259054,0.4600676458533084,-2.754749053405677,-157.8354943778039
4316824.268359008,3.060398580678987,-2.5854827245166803,0.46813853835194,-2.7499964017802987,-157.56318749817373
4316824.368007072,3.037714757220468,-2.6109253277626454,0.46614691960327276,-2.7443321703466546,-157.2386509428406
4316824.468514624,3.01386051497536,-2.6271364163173443,0.4659661726983191,-2.7478897421751096,-157.4424847939257
4316824.568406176,2.9875710984868613,-2.627288241203262,0.46258115255371834,-2.749531673443726,-157.53656052586797
4316824.667836352,2.950791720256689,-2.6171538520186384,0.4533163879088914,-2.7599457642173206,-158.1332439746611
4316824.767852768,2.9079275910524975,-2.6011359345709324,0.4474188515442756,-2.763894238298173,-158.35947487501073
4316824.867919712,2.881350666462478,-2.597069533643367,0.44822332780484736,-2.7876217306253275,-159.71896004378573
4316824.96801696,2.848430443124788,-2.600991543543001,0.4449656705420022,-2.7833517102934797,-159.4743059003358
4316825.067917888,2.8228136676255566,-2.609410442224724,0.448146825878741,-2.7780206887908343,-159.16886086774073
4316825.167820256,2.792489573850162,-2.630432435986029,0.44527647980521157,-2.7658653020573905,-158.47240850956507
4316825.267877248,2.764212349386893,-2.6659816561865095,0.4483559001119691,-2.7581728554983833,-158.03166378760403
4316825.367824832,2.7371082417357924,-2.691133439043584,0.4493294672168478,-2.740853630221744,-157.03934527481633
4316825.468346912,2.719292273105868,-2.7055289363401487,0.4528868826039716,-2.7468865964401896,-157.38500877707824
4316825.567973152,2.6923977018174314,-2.7063699140277944,0.45273610681612253,-2.7509333455678435,-157.61687042284106
4316825.668368928,2.6532520737757066,-2.6961216194195563,0.43716889866065156,-2.765277813867821,-158.43874791578895
4316825.768287168,2.611803747446888,-2.6897333349829564,0.43059889505512844,-2.769203754090522,-158.6636877211704
4316825.867893664,2.5806301392400903,-2.6862083244824024,0.4317091802975048,-2.7871754920864618,-159.69339245885263
4316825.968309792,2.5469668698083603,-2.6928029401138485,0.43181617724346455,-2.7817981414282977,-159.38529296117795
4316826.067968032,2.514828343837841,-2.708874476724389,0.43695164118857943,-2.775396984493263,-159.01853368479956
4316826.1678544,2.494514921779644,-2.7366875665642794,0.4330857632933286,-2.7670971774975177,-158.5429897731702
4316826.26829424,2.4720233713964554,-2.781426869280825,0.4304276337731294,-2.7654436189817564,-158.44824784903915
4316826.368031168,2.448856162930761,-2.808531940878821,0.4323700068673697,-2.7563897007019724,-157.92949654355118
4316826.467840704,2.429140435696991,-2.8218446459559936,0.43696356969969935,-2.766685326456029,-158.51939244670484
4316826.568343584,2.402342823342343,-2.8354585349533217,0.4344566457525733,-2.7658715772682525,-158.47276805266304
4316826.668366848,2.3636743876975275,-2.83091818345212,0.43285521113938374,-2.7786992753823876,-159.2077410154709
4316826.767866272,2.3218300610482414,-2.8166381511253538,0.4236590034879065,-2.780986906235453,-159.33881260843546
4316826.868305216,2.288258856150786,-2.811025792472405,0.42137959663326563,-2.796802396264084,-160.24497343800724
4316826.9678488,2.2516572042369702,-2.8135558289725524,0.42299228176498127,-2.786637117471243,-159.66254586560365
4316827.067877088,2.225420923994099,-2.827310191045593,0.4176075458128745,-2.779069614194631,-159.22895986640233
4316827.16828496,2.199093238194701,-2.8474615875516025,0.41830317165700137,-2.7708839039031434,-158.7599532143833
4316827.268216256,2.1774456893131267,-2.8762974446279017,0.42174597925768964,-2.7651395571542765,-158.43082638961351
4316827.368372992,2.15560130110456,-2.9004361875548557,0.4199458414568398,-2.755000246541648,-157.8498866843377
4316827.46786032,2.1338961079612333,-2.9103816461248444,0.4253459274516481,-2.7638580221331814,-158.35739984160656
4316827.568259808,2.109115811628581,-2.9171548560776466,0.41735653599921313,-2.7649110695169496,-158.4177350123238
4316827.668190464,2.0807674845677644,-2.9175658045349064,0.41409411652844896,-2.7766381045580224,-159.08964462637928
4316827.76825776,2.0295735537863493,-2.914146196274686,0.4025391114500943,-2.7764314764633404,-159.07780570862516
4316827.867806144,2.0010676877699245,-2.914315621267426,0.40958196350203435,-2.7880667928424896,-159.74446023044985
4316827.967888704,1.9671094202722395,-2.908037410884266,0.41291864446998794,-2.781360593895937,-159.3602233342373
4316828.068378048,1.9389820482023143,-2.914439446304719,0.40764123970376887,-2.7752889644920105,-159.01234459462478
4316828.168001728,1.9105069570697348,-2.9410775820678188,0.4033241706117562,-2.7674026930326097,-158.56049452390664
4316828.268363008,1.8947220746882405,-2.979106367570725,0.40525311183105894,-2.7583668033203543,-158.04277617924873
4316828.368318304,1.871835734822248,-3.010034984022341,0.40025025080341003,-2.750120236990385,-157.5702827330668
4316828.467801664,1.8528541458907026,-3.0266215912178196,0.4023149623241507,-2.7600437307514945,-158.13885704360277
4316828.568464064,1.8229824884896615,-3.0418484570011404,0.40094107015290587,-2.7587479734790397,-158.06461562061773
4316828.66838432,1.7919426473441555,-3.0377235366792,0.40478375200527555,-2.76807731206232,-158.59914734708826
4316828.768261696,1.7517200448335486,-3.018706089678998,0.3941237906680315,-2.7728687591205983,-158.87367704128798
4316828.867979744,1.7155777259803748,-3.0134731898566436,0.3905346588612907,-2.7814344611668766,-159.3644556171063
4316828.967916512,1.6812674099532547,-3.0077078921954015,0.3880341569154031,-2.7710942380844505,-158.77200447525954
4316829.068430624,1.6556583653963564,-3.022083120051347,0.3872194396463579,-2.76232968870888,-158.2698327867053
4316829.168404192,1.6282683240131042,-3.0390657825316065,0.3866043135700703,-2.7539632749162553,-157.79047258672787
4316829.268382496,1.6054069997424636,-3.0714294767668053,0.390071962879874,-2.7466684947594096,-157.37251247126483
4316829.36821328,1.5805756901306993,-3.103948087516609,0.39147116317418096,-2.7302304317415,-156.43068083696855
4316829.468387168,1.5593996771637013,-3.1242044156267674,0.39552152144252006,-2.7393144605442954,-156.951157348344
4316829.56828448,1.5314096144471794,-3.13491880505559,0.39464661744813023,-2.7388332980019565,-156.9235887654082
4316829.66813712,1.497001550460625,-3.140124390585985,0.3949186414389666,-2.748035297488321,-157.45082449905843
4316829.76781808,1.4520896717963212,-3.123573353956732,0.3876763507794052,-2.7523358406205296,-157.69722747014796
4316829.86823232,1.412020826310871,-3.116785339226008,0.39365625854497943,-2.7650545895581256,-158.4259581049587
4316829.969162304,1.3801968577854027,-3.1156745056451998,0.4003838141220245,-2.7566891056877525,-157.94665118560155
4316830.068331808,1.357791093094105,-3.131658229179354,0.39993330455264475,-2.746606914673566,-157.36898419224394
4316830.168224288,1.3283065986781162,-3.148452895968206,0.39135985518854755,-2.7391015912912255,-156.93896083855498
4316830.26840208,1.3069727071717865,-3.1795729510025725,0.38550778322962376,-2.7316822978132502,-156.51386663529806
4316830.368360288,1.2837819532172665,-3.221186909026402,0.3946447117452453,-2.7203502728578615,-155.86458943201737
4316830.46823488,1.262893655955065,-3.232776521989218,0.39988667238535647,-2.729674672452823,-156.39883817530216
4316830.567920384,1.230470376729658,-3.2325104150468307,0.3955491473167139,-2.7297447403444592,-156.4028527697723
4316830.668252832,1.1975369139825491,-3.2305762560295976,0.4037889372007185,-2.7363286744412596,-156.78008440611123
4316830.76817216,1.1523678192785505,-3.2167732632627533,0.39735231064002996,-2.741458335426436,-157.07399233089475
4316830.868371552,1.1175953934801273,-3.2127604224252257,0.39945309052484074,-2.760469462177943,-158.16324965754438
4316830.967831968,1.088958528563471,-3.2120226744101297,0.3930610298770647,-2.7528273848116878,-157.7253908777455
4316831.06824352,1.0551343525716363,-3.2190340954631047,0.3934018445676307,-2.742975760855847,-157.16093440372583
4316831.168347392,1.0305388411029617,-3.2506868477711093,0.39073539571240395,-2.730821685549612,-156.4645571847944
4316831.268278176,1.0166522377220413,-3.2816566657206105,0.3911020015239971,-2.719525802910586,-155.81735078370312
4316831.368198752,0.9942036262308206,-3.3069194770663444,0.39111102880889925,-2.7104282111305205,-155.29609717097244
4316831.467835104,0.9852479747954982,-3.318062595020761,0.3911186809246635,-2.7316831898874776,-156.5139177473863
4316831.56823792,0.970572948480315,-3.3310130036843404,0.39903041917423654,-2.7435396926657365,-157.19324531636568
4316831.668177952,0.9565968227716187,-3.3197973023843503,0.3952604706719123,-2.739747288506171,-156.97595656381472
4316831.768337056,0.9408160497373883,-3.299389213696917,0.3828489764702383,-2.7372926007426925,-156.83531331494498
4316831.868246496,0.9257206901337334,-3.286333864836165,0.3898122905641668,-2.7399950066045125,-156.9901497653587
4316831.968149248,0.915693265998705,-3.28377871828109,0.3864523450553173,-2.7349535829857348,-156.70129746926514
4316832.068341376,0.8963005276768832,-3.2861937483994503,0.3925546033468088,-2.728086073406767,-156.30781815462464
4316832.168369536,0.8952660289961409,-3.3009525042930683,0.3886669541967065,-2.731622652042055,-156.51044918434278
4316832.268202304,0.8938469696775987,-3.3226853758608925,0.38512880089569024,-2.7334398698153035,-156.6145680932061
4316832.367899136,0.9029051951092264,-3.3545025539447177,0.3855614919168129,-2.7363102047329324,-156.77902616977525
4316832.46817024,0.9068922948002613,-3.3687187953178013,0.38176875127352167,-2.742977900580654,-157.16105700092658
4316832.568147776,0.9027660414432005,-3.370744774273576,0.38522651741579467,-2.7424311913649255,-157.12973287024445
4316832.66837072,0.8896967783611904,-3.354662222104559,0.38275959119889885,-2.739042835278094,-156.93559436698152
4316832.768252352,0.8801252758424792,-3.324426885686691,0.3821039316161813,-2.734376166773164,-156.66821395726242
4316832.868239296,0.8760179291232837,-3.3140619646637526,0.38141557441956886,-2.723426548127615,-156.04084702159471
4316832.96806624,0.8671309439932352,-3.31572196390174,0.38151712398938104,-2.7380794511184288,-156.88039652058296
4316833.068285024,0.852684363131495,-3.3307373413949786,0.3890719420631146,-2.7425236085535407,-157.13502798510657
4316833.168167712,0.8499182621227624,-3.3365834794811504,0.3853581023657392,-2.7417154532961114,-157.08872409966455
4316833.26784272,0.8543500385380517,-3.3377781103785558,0.3900571867651139,-2.749903057379829,-157.55783925798565
4316833.367842432,0.8625574481531849,-3.340405166820157,0.38294884244652216,-2.7500802703934193,-157.56799281573916
4316833.468058592,0.8657811657541004,-3.3372820785227773,0.38243222945470745,-2.752681376962957,-157.71702524423742
4316833.569084704,0.8702752069562383,-3.332744785906709,0.3829835853010071,-2.7532918402374413,-157.7520022134131
4316833.668295744,0.8699836648892089,-3.3280935354298147,0.3844896676622529,-2.7486212406491837,-157.48439656921042
4316833.768080416,0.8672836857384867,-3.328678651829149,0.38752880985302246,-2.7451177326640503,-157.2836603481719
4316833.868063008,0.8629147155954069,-3.330104414089471,0.3821572759842721,-2.745166634693133,-157.28646222804795
4316833.968276256,0.858367631115827,-3.329436126408099,0.38587502162816023,-2.7462376521915632,-157.34782701049267
4316834.06837232,0.8590305818962373,-3.3295399524913933,0.38600721608287425,-2.7474956067586764,-157.41990249800745
4316834.167813792,0.8598331655814045,-3.328797381323364,0.3841212829001872,-2.7493308317257235,-157.5250531430763
4316834.268198208,0.8605116600947531,-3.3285644460903074,0.3837914302899208,-2.7502898832917397,-157.58000275014444
4316834.367953824,0.8607862455615175,-3.328982434231764,0.3827816640636046,-2.750087731118532,-157.56842028380024
4316834.468266848,0.8607104323798911,-3.328227558675992,0.38344566867279783,-2.750369970448867,-157.58459140624103
4316834.568119968,0.8623682414765559,-3.327266767343664,0.3837125706577839,-2.750327541615627,-157.58216041316672
4316834.669097184,0.8608091426501967,-3.3246350126617954,0.38402846499041016,-2.750166244815785,-157.5729187872868
4316834.767817824,0.8595244139257757,-3.3251559410746134,0.38292171858527624,-2.7489895588685282,-157.50549964869663
4316834.868179136,0.8607223533534969,-3.3252867038931386,0.38258216509985365,-2.7492268909601227,-157.519097775888
4316834.969091424,0.8622376929930866,-3.3268526598430888,0.38304352846266554,-2.749573533999479,-157.5389589590407
4316835.068262976,0.8682682111686113,-3.3310893205867638,0.3833237270045693,-2.7537213058865913,-157.77660878255526
4316835.169140416,0.8627640920941508,-3.323724660323282,0.3829771828995226,-2.7548063596914036,-157.83877778611563
4316835.268049664,0.8578172072637333,-3.2991409675708274,0.3710144924184764,-2.753544878580483,-157.7665002425244
4316835.368234688,0.8541272893567742,-3.2594728292928212,0.35632932516917143,-2.7589612062121955,-158.0768329562816
4316835.468161952,0.8416552239622717,-3.228022452464172,0.3544297781063233,-2.776657407550637,-159.09075060638807
4316835.569096576,0.8286426490124468,-3.204524393265206,0.3447335439181088,-2.7921886591659604,-159.98062577450185
4316835.66827664,0.8258466244109056,-3.1971389623446558,0.35254235536837486,-2.7936340682352943,-160.0634416138446
4316835.76815872,0.821350992956749,-3.195361583076351,0.3543510905258006,-2.7989430841807565,-160.36762582088724
4316835.869158176,0.8178471896132588,-3.2136949414195097,0.3592482867641351,-2.820772808161637,-161.61837687292723
4316835.968261504,0.8229671536384685,-3.2368318153536837,0.3595778656613864,-2.8514035843581857,-163.37339107219924
4316836.069123104,0.8332215679158714,-3.2639667737004614,0.37338502034062804,-2.8726603770242094,-164.59131557794703
4316836.169060832,0.8328313990853438,-3.2732888511663325,0.3813630024691781,-2.890301917965533,-165.60210141799212
4316836.269019648,0.8325071948792431,-3.272331875998425,0.3806433149627526,-2.891222874777962,-165.65486835645814
4316836.368178336,0.8308924754049688,-3.261152000522037,0.3738665414790515,-2.892725026545787,-165.7409353129426
4316836.469162304,0.8330091186298039,-3.2374234497805396,0.3633502866779268,-2.8978653932658145,-166.0354566311497
4316836.568250112,0.8313993878441012,-3.21679081899968,0.3605417365313874,-2.9077946528894913,-166.60436130127604
4316836.669084768,0.8300880206544313,-3.2119823492062824,0.3592716904439156,-2.924368856684418,-167.55399322751504
4316836.767872416,0.8264413561668391,-3.214059271938895,0.3620293403273484,-2.9304952682671677,-167.90501075476666
4316836.868248928,0.8252784120196321,-3.2243021997258685,0.360738565452841,-2.93658272508317,-168.25379633829175
4316836.969087456,0.8299036754998883,-3.2533252625013023,0.3679239769806685,-2.949858656098626,-169.0144511545842
4316837.069080032,0.8359330622067183,-3.2781890686485693,0.37532480751749137,-2.9562612780157353,-169.38129436825253
4316837.169056416,0.8391720667196642,-3.288502228235487,0.37786276470541164,-2.9658797344049597,-169.93239132478573
4316837.269088832,0.8384237935091763,-3.287035870828549,0.3775396209782409,-2.962017814713931,-169.7111196256713
4316837.369025728,0.8357625504767434,-3.2696083303515633,0.37411422052702004,-2.9585577045398397,-169.51286991604562
4316837.468221728,0.8305280575335408,-3.241508583752069,0.36858492963115264,-2.954863746523918,-169.30122171203476
4316837.569085728,0.827287043457939,-3.227073142071818,0.36282569103490403,-2.9507276968833835,-169.06424352377556
4316837.669137376,0.8219247219057768,-3.2269198840701647,0.3707901117088168,-2.965829781590628,-169.92952923934973
4316837.7690376,0.8119862406482253,-3.230791254863037,0.37247785958693985,-2.967202626459702,-170.00818745627384
4316837.869041248,0.809753278384516,-3.2339951061617787,0.3720193165223449,-2.971639633119101,-170.26240921152885
4316837.969033408,0.8173891191221694,-3.2385924087862583,0.37655834559066415,-2.9662462793383617,-169.95339280247157
4316838.068165152,0.8234164813358874,-3.2423205111472084,0.3731190665299301,-2.962625404994701,-169.74593198443262
4316838.16909792,0.8250536388145345,-3.2407039324430227,0.372828310927092,-2.9628020993389153,-169.75605582461992
4316838.269079136,0.8275732631701265,-3.2380696169436614,0.371872187288664,-2.9645135380783207,-169.85411404128305
4316838.368248096,0.8252439899608905,-3.2350887940231656,0.36950204110427043,-2.9665544191591726,-169.97104791370396
4316838.469095072,0.8242935424347725,-3.2322498883399935,0.3707559412004888,-2.968653105053784,-170.09129375798884
4316838.568998048,0.8213540325085845,-3.2311745900001507,0.36893601069273957,-2.967386180639436,-170.0187043360846
4316838.668206336,0.817874512358018,-3.2313957676844223,0.36950497236408264,-2.9652824648869913,-169.89817030217432
4316838.769070912,0.8158010479485488,-3.2310447630856105,0.36873018953875847,-2.9643731678217535,-169.84607141801257
4316838.868291616,0.8168797195460578,-3.2305201873466918,0.3682791863495031,-2.964187955509491,-169.83545953420608
4316838.968992,0.8186485718391251,-3.229812765651591,0.37089770513967435,-2.965013688543532,-169.88277055206115
4316839.069064032,0.8202834912231729,-3.2309595210854827,0.36723412695074886,-2.9660095022860595,-169.93982647668912
4316839.167861728,0.8200262797579237,-3.230716310117994,0.367127510200501,-2.9674018587557556,-170.0196026259804
4316839.268210592,0.8195426032806844,-3.2292613620249164,0.3673637723188905,-2.9677841287765783,-170.04150508480794
4316839.36913456,0.8204776674772746,-3.23012284701897,0.3687330002551813,-2.968139045673367,-170.06184032507184
4316839.469025184,0.8216437759168213,-3.234107443232789,0.36771252757501877,-2.9711655516587046,-170.23524634470274
4316839.569016192,0.8242599677956536,-3.2220816527114806,0.3634083137181865,-2.973037580503357,-170.34250569662808
4316839.668148064,0.8217269597225338,-3.1966041220475185,0.35435481222602094,-2.971858177863809,-170.2749309030354
4316839.769069952,0.8184747736671625,-3.1559796531114,0.32686421454265224,-2.9763849131647473,-170.53429373075204
4316839.868961664,0.8222875096823139,-3.1204736159478785,0.3342966948545474,-2.9903464799331707,-171.3342325819728
4316839.969066176,0.8175115546954403,-3.10257685316507,0.33134999502164625,-3.0176399880286877,-172.89803540395206
4316840.068999712,0.8148203428265722,-3.1105136410555834,0.35270319835750596,-3.0368263202094425,-173.99733126224535
4316840.168163296,0.8149357247158432,-3.1323557583573725,0.3516958899613438,-3.050830281294225,-174.79969912886884
4316840.269004672,0.8177925434514756,-3.169752996937518,0.35203905480698044,-3.066482632451193,-175.69651278961982
4316840.368979264,0.8217485762164181,-3.215758912405894,0.36061070600765316,-3.0850960060139343,-176.76298053726526
4316840.468156928,0.8200717462439968,-3.235984237212107,0.3613603578827744,-3.101743566559476,-177.71681549571332
4316840.56896384,0.8194805535933986,-3.242678674256783,0.36335166976374667,-3.119120700271429,-178.71245191744273
4316840.668959488,0.809861529680294,-3.2404627521744573,0.3665233739188378,-3.129553677078018,-179.31021745621817
4316840.769083872,0.8073726767243665,-3.2152817827576654,0.3628103038241177,-3.133691182672235,-179.54727906447854
4316840.869052096,0.8158041210117458,-3.195355364067468,0.36348735865119725,-3.1323862763356667,-179.4725134387333
4316840.968922048,0.8133596837440119,-3.179076047542577,0.36085740086368434,-3.1313244644872693,-179.41167610118316
4316841.068100224,0.8040673672154682,-3.1709513026500837,0.36720566086457707,-3.1368035766262308,-179.72560610222456
4316841.169059712,0.7962734097284212,-3.175501770788209,0.36327297679843173,-3.1380124932742506,-179.79487192393918
4316841.268951872,0.7945271337154324,-3.180164005093115,0.36719067749182976,-3.1381561531353754,-179.80310302766708
4316841.368139552,0.7977782200449994,-3.184955985916919,0.3644125075946154,-3.134657887437694,-179.60266716757454
4316841.469002688,0.8069068312751175,-3.1874213689317203,0.36688047790347444,-3.1336725218122066,-179.54620987595683
4316841.56903328,0.8130901556265165,-3.18986797592917,0.363004803912954,-3.130539263833403,-179.3666874176457
4316841.668914272,0.8135988711221093,-3.1885592645678975,0.3615742566547751,-3.131644590955503,-179.43001799672336
4316841.767876288,0.8223525359140249,-3.175472921819442,0.364708686173568,-3.132138278224342,-179.4583041936272
4316841.868924064,0.8290746195807573,-3.172646639568531,0.36474480590743463,-3.1329221225832757,-179.50321516718924
4316841.969046816,0.8411653296271668,-3.1802069719899166,0.3584038020281968,3.14000691164808,179.90914367934298
4316842.068997888,0.8489390601596574,-3.2080811476073356,0.35681691600007337,3.135562534192627,179.65449960858243
4316842.168966976,0.8625553046998786,-3.233559840676425,0.3567002091498629,3.127836206741236,179.21181365448163
4316842.268158048,0.8666509970205173,-3.2591841365390906,0.3613552680668695,3.116614697476256,178.56886853383133
4316842.368968832,0.8776547499550428,-3.2723215682314604,0.3690322960229576,3.1060513991757364,177.96363612347383
4316842.468932992,0.8914532319382036,-3.2716399139433174,0.3691135674838528,3.1042102345326024,177.85814516003356
4316842.568912192,0.9004364235869858,-3.2548220273521675,0.36807256114090825,3.108142859704993,178.08346798481844
4316842.668941536,0.9216998706791775,-3.2212394566307547,0.363181628714549,3.120573429415219,178.79568716615756
4316842.76899888,0.9319627744791439,-3.208255273944488,0.3605987575828874,3.131273691769586,179.40876703874548
4316842.868087008,0.9276757886385602,-3.2082689933496904,0.36952587248992075,3.124876714851332,179.04224725968695
4316842.968085984,0.9187374992582918,-3.2141986902696553,0.3722446387993976,3.122730580915519,178.91928284289506
4316843.069028672,0.9221672074077055,-3.2143716669524234,0.3650063531373834,3.106236833058096,177.97426070231177
4316843.16890224,0.9262257098341056,-3.2160044093544657,0.36526100572439946,3.105500720549296,177.93208456231073
4316843.268100832,0.9310768205647645,-3.2227713179687285,0.370876438580494,3.107852122530913,178.0668099717961
4316843.368140736,0.9333597174149344,-3.2241487045453834,0.3701011044468691,3.1187095631393404,178.68889549497294
4316843.46912032,0.9368793869636615,-3.223859216940817,0.3713104782100557,3.1183183766791918,178.66648216180377
4316843.568992128,0.9353404592201756,-3.2225893803274337,0.37199524253618244,3.117574991410898,178.62388932337834
4316843.668924416,0.9308511371511833,-3.221543109558158,0.36952412953458813,3.1123928919476263,178.32697689511585
4316843.768102368,0.9233887180899424,-3.214208429287897,0.37033366733249684,3.1112990356889862,178.2643035481018
4316843.868965184,0.9231017891977424,-3.213476502523096,0.3705384612200161,3.1101131782947267,178.19635892430634
4316843.9689408,0.9232239959708262,-3.213285902036649,0.3684787503822703,3.11020786752799,178.20178421773767
4316844.068936768,0.9248788087253453,-3.212198244907807,0.3679010713493138,3.1111302807545873,178.25463460258874
4316844.168052352,0.9284350581056551,-3.2124064107794896,0.37077712474203073,3.1107287881373376,178.23163077011466
4316844.26824048,0.9288102683753382,-3.212475783926035,0.36897428794520937,3.1097825821090166,178.17741715814205
4316844.36891984,0.9285513197710251,-3.211393398547437,0.3683156070640723,3.1094314846317235,178.15730075449545
4316844.468986368,0.9253083710077951,-3.2107270138176633,0.3714689351119538,3.110058540659845,178.19322841842504
4316844.569026336,0.9245926018385704,-3.2114743712612173,0.37122875791283866,3.1098599684229615,178.18185106732315
4316844.668038272,0.9253472058229463,-3.211692105096643,0.3687719487025938,3.10969540376724,178.1724222070933
4316844.768035168,0.9260754651180172,-3.2130036229864634,0.36833139880789173,3.1095991220178614,178.16690566920977
4316844.868861152,0.9263694472564039,-3.21209301304118,0.36974805815893064,3.109252057117057,178.14702031517655
4316844.969128864,0.9284965675167877,-3.2097551610068877,0.3659204549780368,3.11003474842719,178.19186522390874
4316845.068024576,0.9291697957735786,-3.21053689024227,0.36731410713291934,3.1098092106045603,178.17894285855147
4316845.168108704,0.9292720525628974,-3.2086736912080926,0.36924830018784727,3.1098919297459595,178.1836823162386
4316845.2688744,0.9303513000476368,-3.211932247137269,0.3680053720988628,3.110590378816038,178.2237005001589
4316845.368973408,0.9294799443355407,-3.2137227432298348,0.3657230566164358,3.111008211835654,178.24764056872414
4316845.468903296,0.9296456651335671,-3.2127743965719677,0.36661656403247816,3.1102498367237237,178.20418887552276
4316845.568013248,0.9286921831832391,-3.212507772761604,0.36743532365053766,3.10965480587659,178.17009611930192
4316845.668924608,0.9290642434814763,-3.2129190031415833,0.36717367631486064,3.1093435648369097,178.15226332131698
4316845.768847264,0.9281425439237803,-3.213561066440344,0.3692952176611379,3.109331942584456,178.15159741530292
4316845.86799136,0.9270802743762622,-3.213080116798933,0.3682978215390479,3.1095489562887235,178.16403138465395
4316845.968999392,0.9260480289636095,-3.218501386316568,0.36862819808995595,3.109506068194537,178.1615740778657
4316846.068898368,0.9328760425603541,-3.2109432464734717,0.36935748220783604,3.1086579240007506,178.11297899514324
4316846.168004864,0.9387470792383887,-3.2124571100315826,0.36723886006764095,3.10622366511518,177.97350623475782
4316846.26897552,0.9439881766866002,-3.2235542653093767,0.3641807684862449,3.096813869698874,177.43436467132193
4316846.368849216,0.9428886869333571,-3.266959081768793,0.3629856759353348,3.090934716512141,177.09751400661125
4316846.467996064,0.9392878482326164,-3.304622173389601,0.36541273716609446,3.0791359187214646,176.4214926898772
4316846.568937888,0.93623092488554,-3.3405689879788487,0.3695823564710021,3.067179362307049,175.73643246982112
4316846.668781504,0.9395883294910119,-3.3586377640172422,0.3676050007832775,3.0550801821674147,175.04320051225156
4316846.768042048,0.9395323924693034,-3.36428006752799,0.37285788218510457,3.0558348532787387,175.08643998185087
4316846.868947072,0.9443127705201354,-3.3626027340823357,0.3757516078374832,3.0660629297638766,175.67246559698629
4316846.968838592,0.9510242306054165,-3.343967263363563,0.3742384015151064,3.072753144022455,176.05578663804107
4316847.068073376,0.9558894148717583,-3.320892979630934,0.37857908688896325,3.082253018163689,176.60008933223924
4316847.16897152,0.9544499843435136,-3.319790142472728,0.3766150500891908,3.0524282723749883,174.8912572734961
4316847.268901536,0.9376339056781933,-3.3219114396238862,0.37956899471305333,3.048608033107317,174.6723736867284
4316847.369026624,0.9284482253918989,-3.330354629663383,0.38030122174203573,3.0323785726696917,173.74249409987794
4316847.46890864,0.9324466297471818,-3.3347905575559653,0.3821436608545812,3.0372054725686453,174.0190550922201
4316847.568812832,0.9412193535983356,-3.3363036353391076,0.3834967504964157,3.0429558149408904,174.34852544090498
4316847.668038496,0.9463446961964255,-3.3381562315161806,0.3838518257550281,3.0499862766687333,174.75134122593863
4316847.768869984,0.9491502817113425,-3.3390575126267508,0.3808854367930202,3.0529189259319516,174.9193696515132
4316847.8688344,0.9482571186628371,-3.338944128078841,0.3824434383580624,3.049447544001465,174.72047411781836
4316847.968807776,0.9491945015101193,-3.3369647539278042,0.3827054310854645,3.0453710899954913,174.48691050789685
4316848.06885424,0.9534985467799274,-3.3274170296123917,0.37763336677877823,3.0390343827354487,174.1238439258865
4316848.168872768,0.9585645985523343,-3.3305515369898537,0.38063673199218506,3.030722417848749,173.64760341841767
4316848.268987232,0.9562073580377539,-3.3581144282884456,0.37996325615035287,3.0229021276612866,173.1995337961085
4316848.368792352,0.952404598965934,-3.397776198384167,0.37163157517222944,3.016535549444191,172.834755734329
4316848.468827776,0.950073509682053,-3.4463953583599833,0.38313889530393513,3.00879812825753,172.39143415601822
4316848.567974624,0.9457624199184697,-3.4748568338963244,0.3907918871690003,2.9953831162116624,171.62281058367284
4316848.668864224,0.9399715777034647,-3.4899785406016965,0.39260143986486945,2.989615797792107,171.2923675791243
4316848.769054976,0.942437370804522,-3.4898415851892914,0.39183475147884306,2.9905365715248515,171.34512402789704
4316848.867949184,0.94961237875193,-3.482261343344954,0.3905695380115975,2.9974048914428635,171.73864977154477
4316848.968941536,0.9582110326970326,-3.465784666260042,0.38571796655497126,3.0041556735925394,172.12544109713346
4316849.06800016,0.9603172491127829,-3.460507697649748,0.3877316772843724,3.002182056540517,172.01236116967752
4316849.168949216,0.9519320648250736,-3.4651677430737657,0.38808465814097026,2.9935026166038607,171.51506589276983
4316849.268815392,0.9358024260667772,-3.472135924579197,0.39073005628618507,2.9840909195133447,170.9758153714277
4316849.368927584,0.93633332003534,-3.474919872158552,0.3919203256852443,2.977747999353989,170.61239281650813
4316849.467966144,0.9439482652749096,-3.481031336159941,0.3915757312376196,2.9827167034217554,170.89707858924066
4316849.567877472,0.9479000443980382,-3.483165493534129,0.3936544325679659,2.9875075866744027,171.17157597975725
4316849.668806688,0.9485300696765521,-3.4845503979680883,0.39324037297145864,2.996421008779089,171.6822774473744
4316849.768988416,0.9498621894353644,-3.483255941627786,0.3928554304529784,2.9987464149035623,171.81551340396058
4316849.867906272,0.949763038242678,-3.480011714505772,0.3941655886637899,2.9958932617187872,171.65203976816866
4316849.967955168,0.945087821549389,-3.477217873062544,0.3941632037283442,2.991824005652,171.41888856978375
4316850.068936576,0.9390521720252677,-3.4696080493598775,0.3937003618854166,2.989085217620862,171.2619675746186
4316850.168798016,0.938983242466808,-3.468491861992407,0.3935374127527251,2.9889687273991368,171.2552931765592
4316850.268715968,0.9408488855944185,-3.462757004659643,0.390010047698936,2.9894320785379023,171.28184124124306
4316850.368853536,0.9418416753810535,-3.461288736059122,0.39036137523648484,2.988139223835792,171.20776612328848
4316850.46884288,0.9437275512953828,-3.460978771045773,0.39223867912785987,2.988086546791406,171.20474795096794
4316850.568732544,0.9432997439466615,-3.460734951775672,0.3912890329565032,2.988139053021277,171.2077563363377
4316850.667917024,0.9423201908813273,-3.4585216779761394,0.38484894615590115,2.988720757974365,171.24108557507148
4316850.768722816,0.9426703597390357,-3.4606949781247827,0.3856174157959059,2.9880180094112405,171.20082104834557
4316850.868742688,0.9439722631940294,-3.462637183853756,0.3886238466367101,2.9888229967521327,171.24694342554017
4316850.968887552,0.944511132719528,-3.461334369564263,0.3869438281000016,2.9886475517998456,171.23689117023724
4316851.068818496,0.9526213497635222,-3.4529906413491487,0.3832695644592401,2.988143367852317,171.2080035579456
4316851.167949024,0.961443585094741,-3.440799425423891,0.38509775171050076,2.988214309718176,171.21206822745012
4316851.268863968,0.9644644625221532,-3.4456750042488244,0.38197673928959774,2.97751132900821,170.5988326045591
4316851.368805312,0.9632205700060392,-3.4711348609613064,0.38143871477972435,2.960914607509302,169.64791050891765
4316851.46868464,0.9507396391123482,-3.4983167301726596,0.3808860587764471,2.93960973174291,168.42723104445287
4316851.567887328,0.9386688481804946,-3.531681365552874,0.3879820720559217,2.9084625293188586,166.64262780191507
4316851.668696704,0.9364799266720553,-3.558191328414328,0.39445648497863506,2.884296684204554,165.25802686849855
4316851.768925568,0.9371946307806889,-3.5671888469156943,0.3982753569710722,2.872820552570091,164.60049296070724
4316851.868833024,0.9384949243125903,-3.56470065209901,0.4014225632629702,2.863814489568344,164.08448356067825
4316851.968902912,0.9520458439377067,-3.5467532332804326,0.4033946230902426,2.8555389486005325,163.610329990035
4316852.068739968,0.9692825787441961,-3.5177331811861214,0.39364391123628695,2.8454196006941217,163.03053406357313
4316852.16885984,0.9770464089136109,-3.4994658593344123,0.39599303575520717,2.8317712442250085,162.24854084060289
4316852.268849024,0.9743890595268182,-3.4888468195371365,0.38825311571185783,2.817487095829583,161.4301194236064
4316852.368966112,0.9681043395744273,-3.490188359679227,0.3855999895162585,2.8089716511186698,160.94222038099412
4316852.46792128,0.9591683682835195,-3.497531680982186,0.3856558368893509,2.7884466886810992,159.76622665865676
4316852.568870656,0.9481880288372501,-3.518854863722307,0.38677954079290944,2.7644372323719404,158.39058614373823
4316852.668906016,0.9396334934096001,-3.5351682369456654,0.39517366063015735,2.753765040712651,157.77911460350623
4316852.7688976,0.9421464554206812,-3.5403319957293595,0.3962296125361677,2.7487979116982686,157.49451907468514
4316852.868752288,0.9509528402825542,-3.533785010688197,0.3978276092833589,2.7464836467213147,157.36192145883072
4316852.967856448,0.9654670136724417,-3.5071354052314314,0.3907624014447224,2.743663400494135,157.20033325282563
4316853.068763616,0.9822326305216357,-3.4835049421025346,0.38435306927990065,2.738597459083722,156.91007619074844
4316853.168728672,0.9903001275799389,-3.4661945905038887,0.3820097115287912,2.722606024483379,155.9938344797893
4316853.26893968,0.990576444447408,-3.4643389450512827,0.38134157715534156,2.7191975719862307,155.79854453703186
4316853.367832736,0.9853759421651057,-3.4688452835058845,0.3783306909350166,2.7070324612033296,155.10153503186254
4316853.468737056,0.9651873607605272,-3.482079367518812,0.382092098381736,2.679018082735072,153.4964293799492
4316853.568906592,0.9520993760237026,-3.503800878911769,0.38905736820646697,2.640760603070182,151.30443726034346
4316853.668850208,0.9437191546358412,-3.520611084957521,0.39593803586250276,2.609317248507262,149.50286575015474
4316853.768714528,0.9400642742684676,-3.5267218392711057,0.39777077317261655,2.5784897744221555,147.7365815920292
4316853.868647008,0.949089236938079,-3.5234824249002408,0.39332544946759584,2.5589150285822417,146.61503127036087
4316853.968748192,0.9687487741076872,-3.5061041817595173,0.39311644705024945,2.5333164757107083,145.14834222917952
4316854.068659968,0.992196733522889,-3.486161618024927,0.3850305497365303,2.501850078099205,143.34545044955985
4316854.16891424,1.0030758863849634,-3.4763465967725247,0.38523708973642967,2.466531341930938,141.32183592938208
4316854.267867168,1.00481424812614,-3.4701680905694126,0.3854190428714108,2.434585342295536,139.4914649779471
4316854.368723264,0.9960934616255868,-3.467895968288862,0.3841288969106293,2.4014499043135835,137.59294422926374
4316854.467898592,0.9760868937299583,-3.48255250091974,0.38129725485960436,2.3545326801361752,134.90478529742907
4316854.568815712,0.9508886120193325,-3.5018492668442827,0.38393948014979323,2.297959308963791,131.6633698964244
4316854.668707808,0.9333552191988544,-3.5091564476216544,0.3921864159965026,2.253554047506145,129.11913582672634
4316854.76883776,0.9302350184901936,-3.510613413984997,0.38861836528891713,2.2071442482057404,126.46005019876395
4316854.868727264,0.9344865222177806,-3.509720523288769,0.3897803076412626,2.173291392598152,124.52042444798336
4316854.968625472,0.9533373156296585,-3.5008629238905806,0.38712638154320167,2.137161526909853,122.45033562966928
4316855.068875104,0.9846713083013945,-3.4855978758707407,0.38766074150237667,2.0927642584809645,119.90655952678456
4316855.168711776,1.0044139629029396,-3.479958911521669,0.38995683899329947,2.050785032108706,117.50132702842988
4316855.268760544,1.0147839656894273,-3.4779296690394976,0.3828929761378654,2.0175612824361537,115.59774639259348
4316855.368770976,1.0120520343455013,-3.4774612337153883,0.385866340716563,1.9768682136579951,113.2662052961694
4316855.468806144,0.9948844622920809,-3.4807592962736407,0.3852194963521024,1.9212072298614449,110.07706584108101
4316855.568913632,0.9673537678982895,-3.4814012120139894,0.3819537447401875,1.862901775025758,106.73640935640552
4316855.667824416,0.9451142643900525,-3.485410250212692,0.3904477109650328,1.8114880988646138,103.79062270311958
4316855.768700608,0.9422762485741024,-3.483220684250478,0.387915452667844,1.7593199125171448,100.80160580055761
4316855.868667968,0.9410174953269264,-3.4814446973623556,0.3879725339281641,1.718584478259672,98.46763734097179
4316855.968792608,0.9643250605274558,-3.47974569736904,0.386431674703187,1.6835716695911438,96.46155117536605
4316856.068828544,1.0069178057516088,-3.483324143202664,0.38549232972072034,1.6387745173792185,93.8948634194176
4316856.16860256,1.0185038934429436,-3.483853161998161,0.3871514773435185,1.5916492524133194,91.19478462843587
4316856.268696992,1.0431975445019526,-3.4795620199275303,0.3917175739122035,1.5541586710539201,89.04673254505045
4316856.368718976,1.035685986507247,-3.480270161105485,0.38692172331114083,1.5166132916956765,86.89554076760548
4316856.468889088,1.0199291418313927,-3.4727592535036065,0.38451962551547153,1.458712433485221,83.57806596196099
4316856.567828128,0.9927744835074778,-3.4667160853900723,0.38945595575445024,1.3988080987999005,80.14580040995297
4316856.668705408,0.9715686759181446,-3.4571583015461047,0.38933935315240625,1.3429689339829185,76.94645193440451
4316856.768569632,0.9614039323454474,-3.4526940901910543,0.388391875539794,1.2914541744492862,73.99487363049606
4316856.868855296,0.960950688530306,-3.452440422845151,0.38599094653354904,1.2498258181708715,71.60974450767597
4316856.968669536,0.972315920499225,-3.4570320539650874,0.3873242174845556,1.212945268052406,69.49664463976718
4316857.068582944,1.0013313988466943,-3.472972230895103,0.3890460137806002,1.168901221994753,66.97310668798386
4316857.1678616,1.0212109821024575,-3.484766795882131,0.3857373176145319,1.1182708532230883,64.0722002421765
4316857.26889968,1.02845179870375,-3.4865500039810096,0.3844158954923459,1.0727923467142078,61.46647376065941
4316857.372061536,1.032893518768826,-3.4874919385703667,0.3852897781965916,1.0319129925612072,59.124259298471884
4316857.468746656,1.027293387582982,-3.4820521172252943,0.3848490329383767,0.9787194687545913,56.076494886924124
4316857.56866784,1.0002444339767915,-3.458395424276688,0.3860819958713729,0.9159081630928778,52.477672166801774
4316857.668610624,0.9898837046949487,-3.444133483882703,0.3898109716077269,0.863842872815961,49.49455077481091
4316857.768825472,0.9825068860881117,-3.432887536844012,0.384410819740821,0.8175399840020812,46.84159066651209
4316857.8686544,0.9857899579141925,-3.4335578520186156,0.38314810589331505,0.7788204715643959,44.62312601902843
4316857.96887344,0.9939450481356138,-3.4402698341132156,0.3838130474963419,0.7449457808185079,42.682249206978184
4316858.068670464,1.0115430561402794,-3.464363641537236,0.38110398498546805,0.7015574761811325,40.196282471028674
4316858.168649792,1.0221488507685987,-3.4869525650833006,0.3828683242377875,0.6496484471294339,37.22211418774437
4316858.268548576,1.0301498129842375,-3.4969047532589554,0.3847734433730104,0.6032657646408701,34.56458223865431
4316858.36880112,1.0311641377103387,-3.4968731245201163,0.3816794696762099,0.5659169981619687,32.42465554939358
4316858.468611456,1.0235248602836549,-3.481236068356298,0.3860872821336204,0.5128188972235203,29.38235846546084
4316858.568787136,1.0132911342784354,-3.4532131072523713,0.3813272393106536,0.4523017277899652,25.914980068840023
4316858.668756544,1.0029221006979578,-3.423399396782036,0.3829672105592514,0.3931381370613555,22.525156019251362
4316858.768654528,0.9966032806659597,-3.4045934589367275,0.3826161793450398,0.3410045320722951,19.53812048257603
4316858.868801536,0.9975550939242239,-3.397444323514898,0.38345236986842846,0.3020543520399597,17.306439555448478
4316858.968768256,0.9994411792424384,-3.4032847382200875,0.38365644658525677,0.2818200881873099,16.147101635137524
4316859.068633408,1.0033655219041244,-3.4274547860760642,0.3758319061762152,0.2593401719112109,14.859097308709604
4316859.16851664,1.000621068108636,-3.453990769724624,0.38178572557793344,0.23283812792915404,13.340642040067666
4316859.268760064,1.004288899260192,-3.4642036254321624,0.3805665413300697,0.19880081232768188,11.390447510148519
4316859.368714656,1.0063737591449962,-3.4667088470104446,0.3791183192721349,0.18373235661440973,10.527088593998233
4316859.468815008,1.0114755118119731,-3.455069784340312,0.3797583861647493,0.16111888730135865,9.231432242211804
4316859.568707424,1.006885866304455,-3.4259060447158958,0.3727344312826413,0.13272250456002987,7.604439357695535
4316859.668587072,1.0026996580935645,-3.3969578550348705,0.37614783814293307,0.11144031236605097,6.385059566194277
4316859.768790336,0.9984576786974815,-3.374117309533687,0.37778042723512273,0.09160766726307765,5.248732705213106
4316859.868749408,0.9964591942981541,-3.367227028725792,0.38045997334319204,0.0834065777326735,4.778844887712022
4316859.968623808,0.9984667252015382,-3.370712241689766,0.38025404421266484,0.0799971947536945,4.583501632272786
4316860.0687776,0.9968074061720009,-3.389972340968284,0.3751592576766861,0.0741902720621592,4.250789470089065
4316860.16871888,0.9948623259034156,-3.418836150902237,0.37423100769282724,0.06820692897014206,3.907969163537727
4316860.268808832,0.9921130552188816,-3.431478281773364,0.37769828826173,0.055639763404642814,3.187923616192481
4316860.368776704,0.9996299574961887,-3.4331853554482885,0.3732777810451945,0.051983440666440804,2.9784317547557895
4316860.46859056,1.0059653341522525,-3.4183198322076667,0.36961083661419936,0.03457482613342169,1.980991614843686
4316860.568686912,1.0028366406451563,-3.3783922375772764,0.36842720321958267,0.020310308439341906,1.1636949541832289
4316860.668786688,0.9991845808029458,-3.353882149267908,0.3711874501347304,0.009803721529067088,0.5617118671370862
4316860.768704192,0.9981264426395243,-3.3456164207058214,0.37637812085761346,0.0011020514456640998,0.06314289664284388
4316860.868468928,0.999635459540678,-3.337334521588307,0.3774594322826401,0.003918402874203317,0.2245079471237813
4316860.968729408,1.0018290093791538,-3.345763388069891,0.3779946739952099,0.007383293107666772,0.4230315339773358
4316861.068733152,0.9999602300245436,-3.364587142061476,0.37482706792707876,0.01095890256987984,0.6278988653491866
4316861.168676448,1.001390872395556,-3.4006026356307397,0.3714176343283876,0.021105315874756576,1.2092455249140088
4316861.268683264,0.9935719770839211,-3.405872707205697,0.37685155564044664,0.013801003634030954,0.7907392612746854
4316861.3685696,0.9998034339549775,-3.4163690567306,0.37229753751526423,0.010976915239219268,0.6289309152801005
4316861.468655648,1.0107657263362355,-3.401527091299215,0.3716911782929804,0.004960837009424284,0.2842350234923125
4316861.568804032,1.0080754719541194,-3.3663014043577753,0.3706093238233653,-0.0013199014473156243,-0.07562478230439425
4316861.668560608,0.998911666801201,-3.3287439708432447,0.36181210466035274,0.0035044151153855053,0.20078819577344087
4316861.768488928,1.0062970328608845,-3.287301444121867,0.3642518393638696,0.025597408155865524,1.4666234538048462
4316861.868703648,1.0092647832200294,-3.2622508049159404,0.3674467433954491,0.04286364844428007,2.455906150389745
4316861.968706688,1.0091247162183798,-3.2491523752630718,0.3648285028125535,0.06148141184943502,3.522625417478236
4316862.068807488,1.0125379452985077,-3.254067483323105,0.3663616028881533,0.08187053347707714,4.690836034721037
4316862.168680864,1.0149161804671165,-3.276454093711614,0.3726035756517061,0.11643368467571434,6.671158725075481
4316862.268620192,1.020517097338231,-3.321049407114288,0.3738577212406262,0.15754541118381118,9.026687142485539
4316862.368624704,1.025837020926215,-3.3453579338088684,0.3727040002977542,0.20183447572869406,11.56426361948982
4316862.4687088,1.0275770864274998,-3.357609778147647,0.375256941266902,0.23008345695025234,13.182811019029426
4316862.568632224,1.0333626797110538,-3.36899700100377,0.3740489383599994,0.2596867162968541,14.878952839420913
4316862.66846976,1.032334803126588,-3.3627543110552103,0.3741534965298461,0.28254844085130315,16.188833168781446
4316862.768657248,1.0271352228016128,-3.3414101226155113,0.37176427135136136,0.31142352746282936,17.84325376469661
4316862.868684736,1.0182845954095021,-3.3211078014031172,0.37558830600503357,0.35679101736039104,20.442619462929294
4316862.968619744,1.0132970329002164,-3.3145037779473765,0.3768568993234136,0.39068602607251446,22.38466040869312
4316863.0686432,1.0107469182495186,-3.314503894976487,0.3784116778093448,0.423178872835412,24.24636339257247
4316863.168605472,1.0170371243276963,-3.3300587662092322,0.378194615570515,0.45177290264784425,25.88468062009609
4316863.268705312,1.030728631205838,-3.3542391958354694,0.37443889230218874,0.479830957645429,27.492288752803642
4316863.371844192,1.041624594146387,-3.3726142335595064,0.3781419656474373,0.510049380782321,29.22367686208803
4316863.46868096,1.045370899085796,-3.3751016089401054,0.3784111231572185,0.5275830575360714,30.22828253942457
4316863.56853776,1.042530231339556,-3.3701933434770344,0.3793455479148825,0.5395114767369654,30.911730615898612
4316863.668594432,1.0298994719155308,-3.3499599318722764,0.3755867235986586,0.5466014816732034,31.317957975471973
4316863.768634048,1.0096021043098644,-3.3250701854948113,0.3722853761424046,0.5481064428442155,31.40418589890203
4316863.868720352,0.9965153387375738,-3.3102058563409837,0.3768648250269866,0.560774282496273,32.1299996465134
4316863.968628192,0.9901419916214469,-3.3056892040353194,0.3758343854244916,0.5630490014602937,32.260331442730156
4316864.068619584,0.9880986483222739,-3.304400378046596,0.37252871493126777,0.5734784192136368,32.85789306277553
4316864.168758464,0.9945380494514938,-3.3172843986670952,0.3721578863791771,0.5819252801636707,33.34186254534634
4316864.268619008,1.010837826045115,-3.339616608528131,0.37507215003939515,0.5936602577888259,34.014227235948184
4316864.368634272,1.0216476046261203,-3.360270421057951,0.37550610033338927,0.6167383247277435,35.33650307086856
4316864.468723488,1.0274186731008872,-3.355978954278143,0.37842855749074866,0.6084468055020673,34.861434013485734
4316864.568617088,1.0296114424610507,-3.347517595735514,0.3818333877463951,0.6108543774498755,34.99937772496923
4316864.668662656,1.0286507559661653,-3.338267434741054,0.38152232706668554,0.6072019111063157,34.79010681866968
4316864.768570112,1.0205999548831854,-3.3406476720439615,0.38012843671229535,0.6029261260221707,34.545122379243175
4316864.868575456,1.0122061240192042,-3.3423744671174904,0.3798788781591521,0.6060141494069908,34.72205308623108
4316864.9687568,1.0115350034489585,-3.343407334329531,0.37993461765813547,0.6073065179085588,34.79610034694657
4316865.068723008,1.010827708037885,-3.3431074353581582,0.3806884290938536,0.6135531451991445,35.154005726888364
4316865.168642464,1.014464249052,-3.343140292974295,0.3774480072749212,0.6132240844056652,35.135151932218776
4316865.268531296,1.0179583007403255,-3.3429883433350023,0.3783650929020757,0.6107107993829066,34.99115130770127
4316865.368797824,1.0227541088055536,-3.343525187077338,0.37839338825641156,0.6082024568160627,34.847433865048096
4316865.468539008,1.0238007703312002,-3.343516842219979,0.3789385726100506,0.606178122651496,34.731448061094284
4316865.568621856,1.0236780448874776,-3.3428220216077515,0.379827292014833,0.6067188574987946,34.76242988568015
4316865.668715552,1.0240210182820775,-3.343823016019213,0.38009183216603215,0.6070110689115175,34.77917236635472
4316865.768582656,1.0225579533521645,-3.3451353778014816,0.37974758547881454,0.6082359722620002,34.84935415864882
4316865.868713152,1.0232779593744428,-3.3462155696835914,0.37967451666928864,0.6078892931931669,34.82949091115914
4316865.968664416,1.0227920328139979,-3.3452710381567106,0.38037454526591513,0.6067684884739314,34.7652735310886
4316866.068693568,1.0231962665511942,-3.345732081502312,0.38119370937161823,0.6059656873271777,34.71927641359136
4316866.168571584,1.022709995237409,-3.3439217028637143,0.38161072819163167,0.6059356905214679,34.71755772322531
4316866.2685512,1.024855829377338,-3.345962251665447,0.3809154240700543,0.6086611827237901,34.87371692351419
4316866.368640512,1.0252886906225724,-3.3436032898765746,0.3806523387297496,0.6078551948486574,34.82753721993036
4316866.468644544,1.0273327085369055,-3.3441538986357235,0.3820301760593119,0.6071267086528881,34.785798035479246
4316866.568533632,1.0287104948671186,-3.341664877624143,0.38219908857066426,0.606744709245161,34.76391108163999
4316866.668600928,1.0292275253448482,-3.3409886498186445,0.3814585352186305,0.6059110356889422,34.71614510537699
4316866.768684672,1.0290202984951506,-3.341856534260616,0.3806352039316418,0.6056202635601274,34.69948508959587
4316866.868637248,1.029679152547077,-3.3407099263730125,0.3805397428428711,0.6051505484879524,34.67257239838655
4316866.96854304,1.029538395775724,-3.3416798476252225,0.3806001958229321,0.6059694773879871,34.719493568079834
4316867.068484704,1.0292536090921693,-3.341375546049844,0.3811996665528149,0.6059238742133709,34.71688069864193
4316867.16865888,1.0283503823799776,-3.343220891682118,0.3801268222105817,0.607845101495337,34.826958913383976
4316867.268592992,1.0284437344877075,-3.3428892014903444,0.38014672688150125,0.606691230853494,34.76084699550232
4316867.368505312,1.029017634049699,-3.341411181519857,0.3814260953841169,0.6063271544282024,34.7399869529129
4316867.468497056,1.0297103104296903,-3.340625556127714,0.3812173282704709,0.6057451497211918,34.706640539544445
4316867.568628896,1.0299096378617292,-3.3407694659064537,0.38022256579234176,0.6055717772537218,34.69670702887465
4316867.66866816,1.0296565000030289,-3.340280980804112,0.3811036324722087,0.6060319582912891,34.723073460139204
4316867.768623104,1.0285782858690844,-3.3448538294132146,0.3797114153027698,0.6073512727205319,34.79866460878553
4316867.868590656,1.029106305342172,-3.3448571802017235,0.3812280903739834,0.607268338075348,34.79391280364107
4316867.968498464,1.028427179560285,-3.3436843926209314,0.3802763275118114,0.6066848722010494,34.76048267155385
4316868.068601952,1.0282021824749286,-3.343085076348395,0.38236805211924974,0.60694872733533,34.77560045715099
4316868.168578688,1.0275651877302878,-3.3445431777751256,0.3771664336184954,0.6073018115344457,34.79583069157308
4316868.268503968,1.025728610866303,-3.3419851163541576,0.37923741635432207,0.6068690140655589,34.77103322322192
4316868.368518016,1.0193710729747547,-3.3402821322179856,0.3781850526080792,0.6081701516444132,34.84558291505614
4316868.468596416,1.0173966716517613,-3.3413388817170597,0.3775607021320896,0.6005761393832689,34.410478062921975
4316868.56853856,1.023631095865368,-3.3633214235798947,0.373160700529227,0.5978314120485136,34.253216770726304
4316868.66861232,1.0425719702613507,-3.4037097168640145,0.36741404492132107,0.5946020558211444,34.06818828835376
4316868.768520832,1.0585890641604405,-3.4433097798865657,0.37047187147214955,0.5907007158944478,33.84465797610817
4316868.868464128,1.063916989472595,-3.460163912061202,0.3809468732746415,0.5826614200881053,33.384040256147514
4316868.968601472,1.079816618637781,-3.462895334342407,0.384696366361702,0.5781807751034823,33.12731820903216
4316869.06854864,1.0920563127120246,-3.4545034894778857,0.3838134957648297,0.5700815366142801,32.66326602633096
4316869.168509536,1.0918477618112263,-3.437708963993764,0.3791481663432049,0.5524819632917696,31.654884753720072
4316869.268632992,1.079009729773423,-3.4070079459355744,0.3816822310151854,0.5300580756967908,30.370090634252023
4316869.368505856,1.0623485464017532,-3.3837832394423275,0.3839656309211503,0.518385287614864,29.701289142007013
4316869.468522656,1.0518337246117444,-3.373020889312131,0.3820602660776913,0.508272550262756,29.121871972406918
4316869.568444608,1.0466251925284502,-3.3701044089202936,0.3815133940664663,0.5095846050921253,29.19704717661954
4316869.668557344,1.0448718773657084,-3.3815018606084,0.38111319919245673,0.5125578740037651,29.367402936613953
4316869.7684496,1.0531285013201597,-3.4058903536513636,0.38380859543264656,0.5126207825453357,29.371007330541275
4316869.868554304,1.0583859197822816,-3.423401119496796,0.38335515214390525,0.5128696838975938,29.38526832754076
4316869.968593632,1.0665011807855274,-3.418371949131688,0.3884943735358036,0.4815503414662925,27.5908021891022
4316870.068462272,1.0751039965884757,-3.407782246270663,0.3904523328068562,0.4748273869751568,27.2056052709016
4316870.168437952,1.0727667791341597,-3.402425798467769,0.39231457655149427,0.46431111428544747,26.603067229572567
4316870.268430528,1.0634668766091016,-3.3983667049183817,0.3893177170580394,0.4707231435087504,26.97044944218237
4316870.36847936,1.0584672965426973,-3.399342848215116,0.38704534066268126,0.47933257441016275,27.46373349684281
4316870.468547392,1.0550275761722487,-3.4003049953332516,0.3878289389127477,0.47930808591273794,27.462330409293752
4316870.568436384,1.0587765477187665,-3.402872308117635,0.3867251821686529,0.47767355747034596,27.368678828050598
4316870.668564544,1.0608733443530067,-3.4035963282697184,0.3873132916156039,0.4738044637668194,27.146996088297886
4316870.7685576,1.0656642623328436,-3.404411345253724,0.3894105181584554,0.4731567177273463,27.109882974039763
4316870.8684888,1.0676376540691752,-3.406238308097691,0.3890259199633566,0.4730518245210671,27.10387303602037
4316870.968560704,1.0686470474861454,-3.405143662177769,0.39000587694921784,0.47274896364169594,27.086520385852783
4316871.0683992,1.0697483126324696,-3.404249423026845,0.3878073187424622,0.4730257115732626,27.102376874320527
4316871.168495648,1.0687732479962644,-3.405725063762756,0.3883021003819608,0.4730028038885175,27.101064360666218
4316871.268439584,1.0674222758580694,-3.4065785643433317,0.3882886770208049,0.4730483908787002,27.10367630280439
4316871.368396736,1.0669610649043864,-3.406803439221663,0.38913572753626513,0.472837184310193,27.091575057823487
4316871.468429216,1.0653066566778486,-3.4082091271670447,0.38799505724531785,0.4729758481400595,27.099519910045956
4316871.568530048,1.06521808920227,-3.4067038257742523,0.3887963789040675,0.4724146773735161,27.0673671935369
4316871.66838416,1.0687587778892882,-3.406573245389492,0.38672185928448477,0.47323177020592067,27.11418316430407
4316871.768539264,1.0695447957501687,-3.40489278816013,0.38876568356176844,0.4734404578842339,27.126140087507803
4316871.868479584,1.0673609670468667,-3.405615381600685,0.3901567894617296,0.47342999322089874,27.125540506464674
4316871.96858224,1.0686200432509285,-3.4058408025741183,0.3883256776794976,0.4740666739486826,27.16201962506401
4316872.068493792,1.0688336058904002,-3.4042355804653646,0.3886527507024139,0.47317461816859757,27.110908593774884
4316872.168445728,1.0692257894258637,-3.403965097216627,0.3895272405429938,0.4729034455352529,27.095371546364785
4316872.268505312,1.070955016486469,-3.404223643533973,0.3896758840644349,0.47343186214699357,27.125647588042128
4316872.368460544,1.0648227931995122,-3.4012502260482584,0.3891614586253427,0.4746412584252239,27.194940890543556
4316872.468531392,1.0636719060088498,-3.3986737547770884,0.38662670798268833,0.4784285820771653,27.41193855144987
4316872.568502112,1.0735360284572075,-3.4163368864010804,0.3827226502740442,0.4764851768084694,27.30058963167011
4316872.668510368,1.0951676203235314,-3.4467585243973535,0.378260735403523,0.48808075851219246,27.964967524292557
4316872.768535872,1.1257197679813074,-3.485281814965592,0.37524557381951335,0.49775943556133945,28.51951487047881
4316872.86854192,1.1458528431346735,-3.5110298438481076,0.3780071081842574,0.5128583104892904,29.3846166792463
4316872.96843776,1.1761193174680622,-3.5193560305539684,0.3854219241010829,0.5223013420319943,29.925662532452144
4316873.06844448,1.1930271439432003,-3.512577874133427,0.3943447128093174,0.5209702651141611,29.849397442853018
4316873.168344864,1.2015484778830734,-3.4919799726148453,0.38790193225064384,0.5048814803748174,28.927577979794137
4316873.268354752,1.2030855061904548,-3.4571438623376842,0.3855857879882605,0.49345747967582293,28.273030954587252
4316873.368466688,1.2023730754332453,-3.418449245760209,0.3934666606098406,0.49972677444950564,28.632235085642694
4316873.46844448,1.205473500579536,-3.3890687129127555,0.3927711190651848,0.5077766971017917,29.09346167902545
4316873.56850224,1.211206210798366,-3.370079276818722,0.3943815758205761,0.5132455776508242,29.406805453146198
4316873.668373248,1.2216910042563023,-3.362750439035886,0.3958871119537537,0.5111915852378534,29.289120356731075
4316873.768379744,1.237022564516343,-3.3670843835753685,0.3979536098133908,0.49983782173706504,28.638597626546225
4316873.868395392,1.2730249745188082,-3.3864636391532077,0.3927038271760973,0.48873931562117556,28.002700067205627
4316873.968379424,1.2951781359604688,-3.39290079687146,0.3973500826413331,0.47326750716969335,27.116230741500857
4316874.068454112,1.3123205622731333,-3.387460032678472,0.3947513742888356,0.476654756120492,27.31030581054174
4316874.168414048,1.3314734609249548,-3.37548742456778,0.3914021288492524,0.47723924589668815,27.343794607886323
4316874.26832512,1.3387964033431523,-3.350618063110784,0.39042506758547624,0.4830459731640206,27.676495573088005
4316874.368461312,1.3499966756532298,-3.3146838111239263,0.3921798744542438,0.4919419354445501,28.18619666646992
4316874.468470624,1.3628752212588442,-3.291503703630581,0.39290001272295544,0.5037933802655141,28.865234435843337
4316874.568394048,1.3798235524847846,-3.2784617090268777,0.3904119182178297,0.49847804552913916,28.56068818874977
4316874.668462976,1.3955339629083996,-3.2782359847451947,0.3949316396345324,0.499411862178561,28.614191941600687
4316874.768302944,1.42249007072145,-3.286233383565102,0.3957456891796739,0.4887102331359969,28.001033763547134
4316874.868412736,1.4565785879805613,-3.299094327220949,0.39086053573993507,0.48670326782196766,27.886043121424112
4316874.968329056,1.482930846786153,-3.3084526438328092,0.39414508792833175,0.46777165184001185,26.80134142629563
4316875.068417728,1.5042935981106589,-3.2962400867701627,0.39585888260623747,0.47540787694586284,27.23886489627273
4316875.168305312,1.5220106415488746,-3.2764166261326046,0.393911546853036,0.47302487090711237,27.10232870769814
4316875.268442784,1.533719085595157,-3.2432493806832534,0.39267529922068434,0.4844019156358379,27.754185353985672
4316875.36839216,1.5395515519704932,-3.2089644890374163,0.38883644929956457,0.48917685681308526,28.027769330865176
4316875.468393184,1.5457834438490419,-3.1781872268165006,0.3906614524698397,0.49977329944648224,28.634900771611314
4316875.568401536,1.5607202376169014,-3.161169054061796,0.38992959019902934,0.49140672003463964,28.155531082351686
4316875.66845536,1.5758382749570623,-3.155254414932837,0.3970604545882605,0.4916180381327757,28.167638717509615
4316875.768356064,1.5983372020321849,-3.159751794043237,0.39886250710217874,0.4827402223903917,27.65897734417621
4316875.868450912,1.6314922641133065,-3.172607610174159,0.403033339485002,0.4812451102745549,27.573313730039885
4316875.968313888,1.6710474753476856,-3.186183942178406,0.4012810929147698,0.470980269440291,26.985181672863018
4316876.06844544,1.6911205751148766,-3.1846042403573684,0.3989618278867549,0.4743355181506386,27.17742326318265
4316876.168402048,1.7199764790209016,-3.175321397107315,0.3994904929679068,0.47324802377096,27.115114424982863
4316876.268309504,1.732437141583359,-3.1483456577649225,0.3969825747832004,0.47974364754595517,27.487286252594924
4316876.36832992,1.7488021127562214,-3.1187986874328755,0.3984524339168355,0.4930384339440505,28.24902140273372
4316876.468289536,1.7650564278583505,-3.083551685649812,0.40001379745083704,0.5085491383868206,29.137719304579264
4316876.568261888,1.777549178730268,-3.0635471738538653,0.4030807307630887,0.49962066297149105,28.626155345794565
4316876.668410016,1.790339491227697,-3.0549181972619635,0.4022522997423593,0.4972583861574504,28.490806854308424
4316876.768262432,1.8117444038727017,-3.060191011453918,0.3995969910729917,0.4892567493207333,28.032346834368127
4316876.86832128,1.8441007612031353,-3.0663374007582243,0.4047082989598991,0.4853812853002745,27.810299102341034
4316876.968411136,1.877473522811056,-3.0685561098329988,0.4047240282946636,0.46883923425103713,26.862509392729777
4316877.068409312,1.893713228482884,-3.066912860177474,0.4015091595319419,0.4773150625448696,27.348138581843948
4316877.168312384,1.9087449129591763,-3.057576685087289,0.4033379260908968,0.4837931291080751,27.71930445532044
4316877.2684712,1.9196356162540662,-3.0349668420844247,0.40066314717982876,0.4894362270222014,28.042630149178958
4316877.368239584,1.9210462819847636,-2.9932483925594604,0.39843400645842675,0.4974038110846269,28.499139088871637
4316877.468334144,1.922767524296804,-2.9608624013924847,0.40119566088330105,0.5064919824343341,29.019852950701573
4316877.568372128,1.935767722166752,-2.946539785196253,0.40162555560219887,0.4988469113634847,28.58182264426434
4316877.668261536,1.9565811984374735,-2.928819002223713,0.40329133156089597,0.49700852598176803,28.47649092077343
4316877.768312864,1.977307339858416,-2.9402999974219455,0.40806690757436503,0.4924976739429254,28.21803813693976
4316877.868426432,2.011058097747288,-2.9622072574883913,0.41051041061596316,0.4898522065995931,28.066464023327136
4316877.968345952,2.043250642586609,-2.9659863295433735,0.40641977419867703,0.4806927486264021,27.54166573883584
4316878.068304096,2.0687768592445317,-2.969680836939115,0.4014407189358403,0.48273092773650517,27.658444799736476
4316878.168222944,2.094361380089948,-2.9661862861739983,0.3983406568367536,0.48358399961030685,27.707322217726627
4316878.26823808,2.1067243478051045,-2.9556590016451927,0.3996907149536518,0.4849475427739392,27.78544748618668
4316878.368384192,2.1184490052755005,-2.936823703179888,0.4021844277143779,0.49301978546596625,28.24795292364515
4316878.468366976,2.1266872840133044,-2.8918110065457334,0.4084342099250288,0.5127041088976411,29.375781578850592
4316878.568281792,2.1350809879715804,-2.8677753585015187,0.41311498389913737,0.4994338599107904,28.615452318816292
4316878.66830032,2.1459663228788686,-2.8589915531745524,0.41144834428344834,0.5004169058732884,28.6717767035348
4316878.768233664,2.162369912689146,-2.8611997602632435,0.4130671584620872,0.4949178442817476,28.356703683057024
4316878.868381184,2.1913575687478204,-2.876492400307645,0.4057625871963332,0.4907908525984551,28.12024447751877
4316878.968252384,2.224814209107497,-2.87506358566439,0.41183942508528987,0.4759457412721018,27.269682252116873
4316879.06824048,2.2430284277214043,-2.8770956370486926,0.4099725333027927,0.4690601702104068,26.87516809074433
4316879.16834416,2.259456073938679,-2.869420731900821,0.40807358387406123,0.46699325168425193,26.756742382598258
4316879.268307168,2.2706991267543333,-2.850700094560733,0.4057137174049723,0.46862666701927636,26.850330187487106
4316879.368266112,2.2743385483971506,-2.8174750482305653,0.4125245899669038,0.478970452015208,27.442985411944733
4316879.468281728,2.281494488409822,-2.788291322245395,0.41295668520032736,0.49423034242508906,28.31731272826308
4316879.568319872,2.288371394136708,-2.768686344366141,0.41029163927546214,0.48785441273402824,27.951998866493142
4316879.668258432,2.305085495534406,-2.755104011193679,0.41446585791416657,0.4887451763060059,28.00303585971146
4316879.768242784,2.3233914715739785,-2.7563976576940408,0.41749244800792507,0.4830707725768342,27.677916474776627
4316879.86826192,2.3523719547547253,-2.7708951232098062,0.41445708736489967,0.4759177481094721,27.268078362042967
4316879.96826928,2.385453456719253,-2.7873167929640976,0.4139734631790036,0.4644749226723747,26.612452758792344
4316880.068380096,2.411769010304229,-2.795277401471516,0.41347434698009,0.46044681375687346,26.381659118515103
4316880.168255616,2.4336446142540558,-2.78972980549024,0.4095261444038948,0.4592072370959475,26.310636607461127
4316880.268197184,2.4530082949466117,-2.7705071215590236,0.4140341559985311,0.46158123457593914,26.44665664363934
4316880.368195136,2.460017923403851,-2.739411321288999,0.41516979312553054,0.47248812151825287,27.071575233060265
4316880.468270336,2.4699092059582193,-2.70988272266301,0.41509512490791856,0.4916631394967361,28.17022283531483
4316880.568180928,2.4877107864002013,-2.6824010993478287,0.4161697766424317,0.49648653229653905,28.446582885677326
4316880.66828,2.5008636442023504,-2.671901851257199,0.41407812538203537,0.4967936105086741,28.464177171213088
4316880.768224896,2.521307405514429,-2.6709549874540963,0.4171720989602584,0.4935364605127003,28.277556223202737
4316880.868345152,2.5545827417491545,-2.6778415010068466,0.4174604439604211,0.4814349328050138,27.584189759891675
4316880.968308416,2.5895563048042773,-2.6917381949126002,0.41810500900737557,0.4724335144852023,27.068446480534735
4316881.068171232,2.613285636619609,-2.6866127878995516,0.4228545682416781,0.4773938065243381,27.352650279529556
4316881.168311104,2.6404317864445503,-2.68614106114151,0.42397996119653436,0.48522487182053214,27.80133727009284
4316881.268301376,2.65394741508932,-2.668020058490151,0.4214763034193536,0.48821896098617046,27.972885942769764
4316881.36822672,2.6578982715190302,-2.623878869224717,0.4154302537385796,0.49299558101521374,28.2465661107716
4316881.468341216,2.6652429400306272,-2.5982043282966423,0.42023693897012243,0.5112566986713181,29.29285108165821
4316881.568292512,2.6776834516980728,-2.572131272326867,0.42059141487733787,0.49984964839798723,28.639275244302798
4316881.668186016,2.692281748782967,-2.5580341959557913,0.4219676186700041,0.4975103409331023,28.505242799581445
4316881.768149152,2.711162833148167,-2.5501601958726203,0.4240669158249517,0.4940433651285951,28.306599718309208
4316881.86824656,2.7444214448355067,-2.564910871649799,0.4265360634084196,0.48922045100876954,28.03026709428915
4316881.968221984,2.791205688617407,-2.583980709446977,0.429545976383784,0.4901096466684741,28.081214252751575
4316882.068345152,2.8158533574102544,-2.578780061741357,0.4279275048389473,0.4706837122184184,26.968190195665596
4316882.168306272,2.8422104325735265,-2.571851699034383,0.42790228375320105,0.47242014512187147,27.0676804724411
4316882.268272608,2.8650323852340893,-2.559916592465445,0.42300908760704203,0.47838668655660227,27.409538114941107
4316882.368273312,2.8787470154980324,-2.527951290551466,0.4234565420582132,0.4852196509357071,27.801038135427046
4316882.468201664,2.889462624851507,-2.4775868475625615,0.4275282864187673,0.4972998723027631,28.49318383534311
4316882.568255904,2.9065758218498168,-2.461676721370204,0.4269234904167945,0.5021303467707638,28.769949635405254
4316882.668278752,2.921552831713535,-2.447113158738224,0.4292063949822703,0.49930706344769704,28.608187416623856
4316882.768325568,2.9361128410200967,-2.4380647082648768,0.42777109729599866,0.49430039607905246,28.321326506974653
4316882.868232544,2.9732320115077098,-2.449821072709931,0.42847772677902707,0.4878347197704812,27.950870542795794
4316882.968189536,3.0151009148318377,-2.4599680787128055,0.43092827927448796,0.4850281531565538,27.79006612089543
4316883.068133056,3.0349945755133625,-2.453079162420929,0.43315768388487486,0.4620213597276368,26.47187395728917
4316883.168274688,3.055822267701295,-2.4394102586760686,0.4287981203520587,0.46491564665752166,26.63770438307145
4316883.268306656,3.075099975602204,-2.4146020770804513,0.4316879579440987,0.4679165508102692,26.809643525747166
4316883.368234752,3.0958167584771727,-2.3927379543975054,0.43372339809133365,0.4790211600670423,27.44589076930217
4316883.468194784,3.1100902287092254,-2.3496215938626515,0.43096575234551987,0.4893115614603273,28.03548733863294
4316883.568254816,3.1214219487054264,-2.3265406548759575,0.43753501351182295,0.48846664234146636,27.9870770390923
4316883.668221184,3.1377482947032678,-2.3182054726876955,0.43999803134110305,0.4847421614989818,27.773680005940605
4316883.768225024,3.1640575361799326,-2.3146989017474815,0.44069311567547187,0.48427937570382235,27.747164333059363
4316883.86812928,3.2018544492147103,-2.3246164987112072,0.43815305713431074,0.4752873688308506,27.23196028988545
4316883.968178528,3.2387145880120336,-2.3381334618758784,0.4479187661661586,0.473949248299924,27.155291630983555
4316884.068222304,3.2643686985379246,-2.3482496409167237,0.45809614790566155,0.4621729135096828,26.480557349369654
4316884.168171424,3.289901867823787,-2.3415087675201036,0.4603297556899055,0.47325371732375376,27.115440641528384
4316884.268151584,3.31089099322196,-2.323035642486111,0.4617244591632066,0.4834116171655402,27.697445431179354
4316884.368210464,3.326279215872132,-2.28227981931068,0.46537569590330213,0.4865256464079636,27.875866164050535
4316884.468216928,3.3448500796137512,-2.2504957393800917,0.45106536992302904,0.4972971645327912,28.493028691551828
4316884.568202304,3.3612688568476794,-2.232197676166881,0.4538983414714898,0.5048296752844779,28.924609766760387
4316884.668201216,3.3812872318523794,-2.2161496559224036,0.46042187888418107,0.49972829097177646,28.632321975968352
4316884.768114688,3.4055917310655586,-2.202811512834496,0.46855409494702055,0.4934315027629398,28.27154258711427
4316884.868097024,3.430797416818181,-2.204687789750439,0.4706248981666031,0.4870780075345081,27.907514125368625
4316884.968235328,3.474390208192163,-2.222144876074739,0.473836093085525,0.48440652466578143,27.754449431949087
4316885.06813136,3.4903108194601913,-2.2255507594011106,0.4758327373669106,0.4659712565824722,26.698186376583237
4316885.168183872,3.518099340922652,-2.2150144871735904,0.4780299459061592,0.4716163122398517,27.02162424086753
4316885.268117056,3.540231990516061,-2.191110910411343,0.4815878682143129,0.47313166010109486,27.10844727781094
4316885.368092832,3.5627605539941283,-2.1682805292069043,0.48361799075450496,0.4824667750548422,27.643309965930126
4316885.468155008,3.5666484663166282,-2.1111077477186644,0.46921136504470157,0.4948172183621457,28.35093824255421
4316885.568217088,3.579309926436968,-2.1031104021672364,0.4679734029141096,0.5043523970113428,28.89726373605646
4316885.66829632,3.6017690381996754,-2.0819000801468763,0.4783638230261815,0.500958776711769,28.702823615620957
4316885.768190912,3.6242135067412717,-2.0709176539265237,0.4792391925925348,0.49949797444922434,28.619125811273985
4316885.868055488,3.6539794282897287,-2.064942775074054,0.47875924481825927,0.4860449663814303,27.84832522723394
4316885.968079264,3.6925142574997643,-2.0867100654575395,0.47704488008920154,0.4842903797814569,27.747794820265256
4316886.068127392,3.710646190656633,-2.088287495004352,0.47518843447625864,0.4684466002826821,26.84001312344956
4316886.168096256,3.748298581395829,-2.0981029013869663,0.4848091607457007,0.48202005764219424,27.617714943550393
4316886.2716232,3.7623482291336363,-2.0721789871568292,0.486219572126519,0.48588897059183156,27.83938732686812
4316886.368213056,3.782816303935341,-2.03245355283698,0.48299219171088653,0.48811947483276574,27.967185806059682
4316886.4680776,3.8019049421984765,-2.002344702799563,0.4820618940696596,0.49885909080494256,28.582520474856704
4316886.568090848,3.8183933201551548,-1.9772341975649226,0.4815587948347528,0.506050690818969,28.994568803606644
4316886.668129632,3.839571553967068,-1.9576055645301316,0.4815046563750045,0.5004925058641524,28.676108263942538
4316886.768059008,3.8543951278573263,-1.9515894962862836,0.4893045124868322,0.5007365724318286,28.690092248190627
4316886.868089632,3.8761955432478072,-1.9446828631980388,0.4882971299006843,0.4895785204027689,28.05078295933812
4316886.968197152,3.922448562541931,-1.9614387572217333,0.48852631015815107,0.4890683610227476,28.02155297998389
4316887.068038272,3.9570649155910695,-1.9749852078791785,0.4823832029998037,0.48287607571710317,27.666761166429588
4316887.168026304,3.9750963167842173,-1.9691398804842306,0.48170496994881423,0.4923092020817655,28.207239494738324
4316887.26816864,3.995372021630693,-1.9420658893870597,0.48976634017114873,0.49492257749254776,28.356974876059414
4316887.36808576,4.012780848254948,-1.9221656537741283,0.4902479217396525,0.5019869784882857,28.761735237903213
4316887.468044928,4.033444796973734,-1.8790136945329623,0.4862989670241188,0.5121441931560895,29.34370076997675
4316887.568161504,4.051703571842957,-1.8612759228709805,0.4852074203587781,0.5229077423345287,29.960406710482822
4316887.668102016,4.065978267959749,-1.8382777448716179,0.48606466416891086,0.5152982648985985,29.52441576910399
4316887.76800448,4.0832326355893125,-1.8196284308795598,0.4902585627303686,0.506716918612556,29.032740844373485
4316887.867990528,4.105806147924399,-1.8230608745174894,0.49416330832694566,0.49949610815920287,28.61901888073241
4316887.96808608,4.130385826440428,-1.8281994719202204,0.49721861947412505,0.4964069239483434,28.44202166331171
4316888.068140896,4.159953692448341,-1.848370351744224,0.5004819823194666,0.4878387648599751,27.951102309351548
4316888.168165472,4.17990412794998,-1.8490968679465873,0.4966912436605874,0.5029680490196817,28.817946438756866
4316888.268053856,4.19751759521121,-1.84071329510306,0.4985383024713343,0.5131234737985769,29.399809417750138
4316888.36816288,4.201538444803867,-1.820321346518398,0.4997150034314005,0.5111776349674519,29.28832106511401
4316888.468166848,4.2011982164571045,-1.797062616176766,0.49238564880975294,0.5120048459119737,29.335716761002136
4316888.568073984,4.1936216434284,-1.7744047410138282,0.4925297797628919,0.5115413182022988,29.309158579550395
4316888.668063936,4.196385434871027,-1.7698788072022436,0.4892239367983519,0.49879615940923394,28.57891477148373
4316888.76814864,4.198752563530505,-1.7673343568926476,0.48969016260039716,0.5023412919636466,28.78203590466601
4316888.868071168,4.211982692405797,-1.7739896322178623,0.49045757535492496,0.5072267174917272,29.0619501685505
4316888.968117216,4.220991731583318,-1.792073296819391,0.49841302083378847,0.5122909385769464,29.35210866325472
4316889.068120128,4.226989368994888,-1.803273210701669,0.49612817609425414,0.5209101175539412,29.84595124150441
4316889.168007424,4.237575931849712,-1.8048490201256109,0.5019995890613915,0.4981970301472207,28.544587193387585
4316889.268105792,4.257125549226322,-1.7931510322846829,0.5106461596581706,0.49957236534553756,28.62338809566693
4316889.368134528,4.2618251578221145,-1.7822136724686157,0.5101790428073549,0.4904637761888322,28.101504379669084
4316889.46798608,4.254992169665074,-1.780107546726956,0.5083437489754621,0.4859499144130894,27.842879150613594
4316889.568113696,4.244131924242318,-1.7811270922897848,0.5055866706221758,0.4848081396948321,27.777460278102716
4316889.668054656,4.2425021726580034,-1.7861640122209206,0.5088189127081072,0.4844213921450228,27.755301275761614
4316889.768096544,4.241150745595734,-1.7847126836668064,0.5108885098556049,0.485151776552855,27.797149219752562
4316889.86812432,4.239718359838966,-1.7844350544602763,0.5100381546793946,0.4891212349338953,28.024582431939006
4316889.96805216,4.241094154961603,-1.7852306774800237,0.5091590157448771,0.4889228336807445,28.013214877483357
4316890.06798928,4.242006024411033,-1.7822574801687197,0.5091183527504821,0.4889015025931888,28.011992696193992
4316890.167965312,4.247762657033939,-1.78621250272812,0.5086103055700791,0.4892332124443345,28.03099827068755
4316890.2680392,4.244610002675173,-1.78647767455464,0.5072761825517954,0.4893478425732312,28.037566093278375
4316890.368014336,4.244661957671637,-1.78646099023338,0.5079137301661725,0.48834046239780715,27.97984746086143
4316890.468085152,4.246393526714444,-1.787623806003081,0.5067212265243708,0.4875100190262146,27.93226656054456
4316890.568018912,4.237041822076321,-1.7855867938952406,0.5063348207246449,0.48766225570089733,27.940989079490986
4316890.668004064,4.232091231302954,-1.7876438204730862,0.5048621888810517,0.4966426832110355,28.45552967404508
4316890.767954048,4.237800517170449,-1.7949498949756886,0.5043162385288608,0.5112868758674769,29.294580107635646
4316890.867991008,4.253109474054276,-1.8304327218196095,0.4990411614914961,0.5398060264636482,30.928607072094266
4316890.967953984,4.270810227098875,-1.8682172630364808,0.4950799287954552,0.576032108096791,33.004208657969734
4316891.068093792,4.283053835153772,-1.8869521117015187,0.5066637717659433,0.6209194985065252,35.57606668180352
4316891.16803776,4.294776450489486,-1.8976226158087595,0.50887454739409,0.6555428843421539,37.55984056263808
4316891.267928256,4.300511698278561,-1.8964300981097715,0.513918173114451,0.6872083591701951,39.37413862656258
4316891.368116096,4.297242455986013,-1.895046661852689,0.5130721363587855,0.7231374071689485,41.432721438814106
4316891.468014368,4.275643337225138,-1.8769493247172546,0.5044017103296884,0.7640976018477598,43.77956772194421
4316891.567993024,4.253734140615164,-1.860546033068996,0.5017269220674025,0.8144001302155037,46.661690296253035
4316891.668057024,4.239985270111234,-1.8541132599608288,0.49606803182562714,0.8614520671877687,49.357567702679376
4316891.76801984,4.232992292640606,-1.8541952994047914,0.492983169279209,0.9026111367738464,51.715808678646894
4316891.867953248,4.238014207160121,-1.8580183857294648,0.5013347192154843,0.952373072386633,54.56695756966132
4316891.968102656,4.259799309416675,-1.87101923502608,0.5050163759477253,1.0083060406244748,57.77168058532894
4316892.067998496,4.2863373744987765,-1.8862238735821302,0.5096080862501111,1.0754234319638527,61.617223841003195
4316892.168093824,4.291734365190694,-1.8886547369335163,0.5090613804517929,1.1236508694581986,64.3804524661602
4316892.267904032,4.297008780721113,-1.8926406922951016,0.5103082301486619,1.174004431180972,67.2654990363266
4316892.36805424,4.29377374225141,-1.894661126513232,0.5089779045688139,1.2167886331482296,69.71685323888578
4316892.46792528,4.268371807673098,-1.8907582635219802,0.501363585044837,1.2626661593131814,72.34544186263852
4316892.56790624,4.242811405374473,-1.889917675002565,0.5030313518813162,1.325110736872412,75.92325261025977
4316892.667997472,4.232899538407237,-1.8903533606779983,0.49793649807265733,1.3692927678642548,78.45469651640856
4316892.767963008,4.23345080209897,-1.8905333705607414,0.5017226900290297,1.4144838887053215,81.04395701206738
4316892.867900832,4.246436518999761,-1.8879588170401045,0.5017833078410285,1.466662649550727,84.03357978873157
4316892.968066208,4.280834666240889,-1.8920788761226714,0.5032017088428609,1.520986340790224,87.14609802432656
4316893.067907136,4.300894782819365,-1.8872031496924224,0.5131467962143165,1.5903587257968224,91.12084289996127
4316893.167884352,4.307734716334801,-1.8877857125915272,0.5102666404094955,1.6414919221183466,94.05055924219849
4316893.268013664,4.308426202758348,-1.8890702743153278,0.5100350357309668,1.690950439556118,96.88432355235697
4316893.36799808,4.296882399980563,-1.8899391916130555,0.5087372335514999,1.7317440524061338,99.22162539975352
4316893.467998688,4.2662615951965766,-1.902366587698788,0.492780646177132,1.7741813156007076,101.65310147488846
4316893.56790208,4.244666496814575,-1.9136699617100779,0.4933475627205439,1.8292532734782325,104.8084922307929
4316893.667861728,4.231992969508846,-1.9178638565513428,0.4958863027758261,1.8685342629413237,107.05912714212587
4316893.76790624,4.227526329090669,-1.919020076270254,0.49585000950191127,1.9058376324522515,109.19645277671903
4316893.868049248,4.234485165140105,-1.9183198023120647,0.49672791489188595,1.9489484684668228,111.66652173163456
4316893.967873408,4.259262433539012,-1.9126075580878672,0.5002785568343439,1.9960888783708552,114.36746826365233
4316894.067966464,4.290077334455782,-1.892487042256759,0.5018870842671457,2.0438666285303158,117.1049317024199
4316894.167977792,4.301343200613713,-1.8907480406474408,0.5031401999133485,2.0723793707952454,118.73859149654466
4316894.267899552,4.303086302642349,-1.8896887171082013,0.5032434047182404,2.1049122606170716,120.60258877869941
4316894.368033376,4.294242979464687,-1.89523694163071,0.5047992439895034,2.115087994643284,121.18561539184905
4316894.467972224,4.271723515204375,-1.917024173372194,0.49544025415009224,2.127664812635147,121.90621398248699
4316894.56787904,4.254163622703805,-1.9337248467387804,0.49735783239797415,2.13983949387088,122.60377183421161
4316894.668000672,4.244405771006543,-1.9466991746275664,0.4975139751436344,2.1510933759202713,123.24857177877978
4316894.76800928,4.242643313364707,-1.9529724358963036,0.5028520664850538,2.1561118908290102,123.536111502474
4316894.867862016,4.247728631552079,-1.9485574473363743,0.5022752811362045,2.168057557847263,124.22054780608852
4316894.968023936,4.266914201248256,-1.9330491848788565,0.49976626955752934,2.1887021780061735,125.40339741084478
4316895.067946624,4.287358151254848,-1.9188941605004186,0.5026835823132249,2.2075849903290017,126.48530286228045
4316895.167924192,4.298049799629838,-1.9125436438313332,0.5021049589276,2.2206344340996704,127.23298091533306
4316895.267952,4.29571782682326,-1.9117361843658416,0.5043406587864968,2.224546235509,127.45711062638097
4316895.367968768,4.283141707007104,-1.9183788566938387,0.5036789515643162,2.2200776407080416,127.20107900393195
4316895.467873408,4.265349295068301,-1.937634992971666,0.49648447172590965,2.2120733311048393,126.74246584575242
4316895.568001248,4.245006459665456,-1.9643810788210525,0.4971033741997461,2.2105548090981855,126.65546094367342
4316895.667903072,4.231722037472873,-1.9758434792066453,0.4960234576607173,2.21522068188976,126.92279576237557
4316895.767934656,4.223247264913488,-1.9839891725815695,0.4984956151393029,2.2143808479358604,126.87467682132534
4316895.867974528,4.22454591723538,-1.9848251336562122,0.5012298076750192,2.2162466572423365,126.98157981996265
4316895.967839872,4.238172832885249,-1.9763297281816903,0.5025724850584727,2.216824706343165,127.01469959379146
4316896.067938368,4.260036118139396,-1.96527381776499,0.5060485958496437,2.2200710425744776,127.20070095872607
4316896.167814848,4.271512613047623,-1.9567450841259566,0.5075816911518511,2.222229416546449,127.32436667793091
4316896.267859104,4.277833841660841,-1.9470530480190238,0.5104210165434847,2.1980150095262196,125.93698335225982
4316896.367844768,4.2766553635252755,-1.9474616637400761,0.5067782496701908,2.1864327855327557,125.27337080005918
4316896.467995936,4.2648311204448515,-1.9643750048628952,0.5058547384597494,2.165692957280042,124.08506617335249
4316896.567875136,4.234802311215953,-1.9886462541205947,0.49916942834869027,2.148579928314798,123.1045618389589
4316896.667829056,4.1994829857463145,-2.009149822601253,0.4974215587230306,2.1258326878803824,121.80124096649755
4316896.768004032,4.17861559412598,-2.0302385937037704,0.5013721332527412,2.1020138713792047,120.43652330798349
4316896.86801216,4.165998814205592,-2.0348823108087672,0.5018048175031219,2.0753300107922446,118.9076507152352
4316896.968004768,4.169202353443181,-2.030438992173183,0.5033806189797241,2.051650745240008,117.55092873712252
4316897.068005088,4.178839290139803,-2.023786311844172,0.5054842914935861,2.0402734577239547,116.8990581801458
4316897.167859392,4.212735068017913,-2.0124863958017456,0.5022031283213259,2.03312013812211,116.4892031574519
4316897.268006752,4.246674326827588,-2.0042562715883534,0.5068559399285785,2.0290471507458054,116.25583817077958
4316897.368020512,4.259938391454757,-1.9974134869553364,0.5087314781218463,2.0126424549964947,115.31591834014787
4316897.467799616,4.26348709878806,-1.9928997971188953,0.5070821513404183,2.007521837879768,115.02252859085698
4316897.567861184,4.261293430046468,-1.9907407667191377,0.5069975528265599,1.9990985446134213,114.53990943709435
4316897.668011744,4.243470916036021,-1.9904614899193485,0.5041343488225934,1.9832885381649619,113.63406279352301
4316897.767874848,4.217400803184239,-2.000100032891747,0.5059744531150696,1.9649725247454195,112.58463252707826
4316897.867957824,4.203589592552903,-2.0069607957035527,0.5089560694344798,1.9601955100040576,112.31092974372643
4316897.967915104,4.199681180620043,-2.0102336117002553,0.5073462897707802,1.9603836367010292,112.32170860947664
4316898.067838688,4.2038449001288765,-2.0112635856953185,0.5066009099019146,1.9652959968067325,112.60316611098189
4316898.168001792,4.2242421043099165,-2.007601025774711,0.5069434576564087,1.9667638235718177,112.6872663896776
4316898.26789568,4.248281897973204,-2.005099377016119,0.5065547767349291,1.9742353418750023,113.11535285500483
4316898.367852704,4.249282693742599,-1.999714521159086,0.5096230194273742,1.947238198513267,111.56853048146777
4316898.467953984,4.24043476234255,-1.9890563727896182,0.5091957846451557,1.9353247021922244,110.8859374230274
4316898.568012576,4.231651214552938,-1.986703068905106,0.5105636484423675,1.9173765883999643,109.85758625251034
4316898.667998144,4.227558275324139,-1.9901597181876924,0.5092383601115046,1.9184290475307406,109.91788771881384
4316898.767983232,4.227573221049225,-1.9964531726082853,0.5098242436737805,1.926536775328909,110.38242630308979
4316898.867852576,4.229583090912046,-2.000090812556164,0.5090350235547461,1.9290111058659567,110.52419499998295
4316898.967822912,4.233079760029838,-1.9992508172594408,0.511094230778512,1.9312312782976224,110.6514015101087
4316899.067990784,4.238518806084594,-1.9983284805698052,0.5090103854481981,1.9275095979913344,110.43816493586144
4316899.167888288,4.241520742089539,-1.9963989795956716,0.5091355719299421,1.9229655673301358,110.17781115699673
4316899.267995072,4.241704225952168,-1.994456552427774,0.5092372166981375,1.9236827673725803,110.21890369249539
4316899.367970912,4.240895180314139,-1.9928416852815862,0.509587113800937,1.9274053425214126,110.43219153744377
4316899.467934752,4.240802708981095,-1.9926792334109549,0.5112518324960456,1.9296511872966065,110.56086896450388
4316899.568040064,4.238781101860091,-1.9949631677222839,0.5104046822126791,1.929181321386448,110.53394763091472
4316899.667891456,4.239005897388017,-1.9946150588807923,0.5110531291386811,1.927590653820817,110.44280909279573
4316899.76802896,4.238954955247747,-1.995858007531437,0.5108677741797981,1.925764099519861,110.33815524029949
4316899.86804288,4.240273604096345,-1.9934661863884298,0.510608553216706,1.9245790298554846,110.27025575010173
4316899.967971584,4.239085363454964,-1.9921738857755966,0.5113215557231597,1.92512645650884,110.30162098693197
4316900.067897472,4.2389523465213985,-1.993717291711146,0.5101062289554456,1.9267523448535697,110.39477752704448
4316900.1679784,4.239182464528091,-1.993389068256391,0.511345337308051,1.9258336276505716,110.34213890874663
4316900.267905312,4.238383876726957,-1.9919073105699816,0.5118448134265318,1.925788406328291,110.33954791783596
4316900.367905472,4.238363412621686,-1.9905735543307468,0.5123181566375126,1.924879670748319,110.28748120441017
4316900.467980832,4.238124878780335,-1.9896540505497238,0.5107575931911,1.924415552498633,110.26088918750818
4316900.56784032,4.236288534981746,-1.9898335103959517,0.511789480808061,1.9254008530612612,110.31734275129864
4316900.667916864,4.230552005067503,-1.9990996328833612,0.5101099649857729,1.9279960120441604,110.46603440818423
4316900.768012352,4.234793707700046,-1.9952906308996183,0.5095868815939117,1.925738337955204,110.33667921137098
4316900.867930368,4.257069092723809,-1.9810218673214774,0.507883513440069,1.9383622776908844,111.05997767905296
4316900.968453184,4.296327386404857,-1.9592194342918374,0.49950775932745434,1.9487809146183324,111.65692160327488
4316901.067948448,4.323628611350699,-1.9396501955753698,0.49863795964945756,1.9546024064673577,111.99046851669384
4316901.168015072,4.344817858293537,-1.9209661546218015,0.501170005512499,1.9634827242608905,112.4992732469982
4316901.268039104,4.342753483489384,-1.8934714643173276,0.5068995851338634,1.9642562192629363,112.54359124608989
4316901.3679728,4.328540571152029,-1.8830271246508754,0.5029863840253945,1.9475742615002825,111.58778547227432
4316901.467883616,4.301107707272533,-1.8725294908921803,0.496431967502426,1.9365348970408536,110.95527648024232
4316901.567889472,4.259774504142785,-1.8650378120534354,0.49365646015710185,1.941125534238941,111.2183006169685
4316901.667976096,4.228233448144355,-1.8521934986403457,0.4913753926850677,1.950097955424068,111.73238248289005
4316901.76790832,4.215841949618218,-1.8417683160838378,0.48975418607672316,1.9583672780291956,112.20617976759598
4316901.868002816,4.205549030370243,-1.8264423052642729,0.48951241517392236,1.959905259528447,112.29429961647229
4316901.967961408,4.214285539748071,-1.8055003581874531,0.4906301307235678,1.9526070655920738,111.87614390585013
4316902.067935296,4.232568670769344,-1.7747105791130466,0.48422570848656354,1.9364071093957154,110.94795478750198
4316902.1680144,4.243425099215765,-1.7449438994934239,0.48968827401783727,1.9184969935148688,109.92178073693925
4316902.267871584,4.243990947914495,-1.7208525024083403,0.48698024222983916,1.9224692937635022,110.1493767761447
4316902.367902112,4.236049186750561,-1.7014855280655177,0.4810091944410547,1.923925848916851,110.23283123905962
4316902.467852832,4.211400836247993,-1.68351364785256,0.4765048963152324,1.9316265959923948,110.674051545586
4316902.567982016,4.1771275780516905,-1.6658984411667859,0.47192968234673954,1.9429082700173945,111.32044385306085
4316902.66791104,4.147235103410095,-1.6473396834954224,0.46784326686390393,1.9572736050385091,112.14351692106219
4316902.768386112,4.133213677548882,-1.6319086764176656,0.4672477903209094,1.9529055556079489,111.89324612398657
4316902.867908576,4.126834074134393,-1.6065764761079713,0.4657447100188303,1.954294827476243,111.97284553863608
4316902.967888224,4.132744935849747,-1.5758556382625457,0.4641983201428242,1.9437026289184458,111.36595726550973
4316903.067899936,4.1485014430419,-1.5307509395920909,0.4578527120053022,1.9341731481712028,110.81995823774155
4316903.167946784,4.157768185047528,-1.5040475658320998,0.45535620879217326,1.9190752415614636,109.95491190952082
4316903.267883232,4.1536415986088295,-1.4711823551660579,0.4593163343513943,1.9264775318271776,110.379031900477
4316903.367816416,4.144059438628654,-1.4500857342276385,0.4521105752554435,1.9291382342016605,110.5314789170753
4316903.467944416,4.119807127624077,-1.4273369796698294,0.4467562658329683,1.9385412793227546,111.07023371708507
4316903.567910176,4.075574625826141,-1.4000503652624423,0.43808468535607137,1.9519034130975588,111.83582758767056
4316903.668355136,4.047388122447588,-1.3732366904205418,0.4409633606810129,1.9672316759787547,112.71407235803014
4316903.768017056,4.032564843660753,-1.3529872340505622,0.4371673087022828,1.9537036177680973,111.93897171755216
4316903.86848512,4.027176924289895,-1.3269279911657197,0.43308526410436243,1.9531933151197396,111.90973352952692
4316903.968400192,4.0322477388758315,-1.2930665505656436,0.44133667828392226,1.9411680553244695,111.22073689570959
4316904.067837856,4.040286704525025,-1.2474842892748381,0.4381000097139611,1.9337906787583816,110.79804435459404
4316904.167924128,4.051721173764529,-1.208584468737126,0.4380252429522071,1.9226367698756794,110.15897245054173
4316904.26793488,4.054279274612482,-1.184001160852907,0.4312928126976047,1.9368895686185101,110.97559766475528
4316904.368030752,4.042815181839204,-1.1524820923567518,0.4270601554407122,1.9474888092582,111.58288941945305
4316904.467888864,4.0174282824227685,-1.1291759987379573,0.4207810293721584,1.9560208351204458,112.07173849205621
4316904.567849952,3.9782720658336346,-1.098918514295633,0.41200499895426446,1.9697429606174008,112.85795836898059
4316904.668333024,3.9462536371741326,-1.0776167567364892,0.4123058347745144,1.9899415380331422,114.01525160707084
4316904.767870464,3.920657858893904,-1.052341785831525,0.4084564176212358,1.9780243821192365,113.33244886940467
4316904.868378624,3.9166619909862193,-1.0274148283777433,0.4033159875820499,1.972902884077695,113.03900864683983
4316904.967960064,3.913626558607387,-0.9974293348683215,0.40187898836513974,1.9605050158848523,112.32866312443045
4316905.067885408,3.9197536420572683,-0.957213917975051,0.4034724285078024,1.949685356226671,111.70874229024871
4316905.167836352,3.933217025478949,-0.9291862030070709,0.3985724108905848,1.9395514912729188,111.12811459824317
4316905.267831328,3.9351099089571604,-0.8972706012644011,0.3955985177116566,1.935955453819188,110.92207682917343
4316905.367876832,3.9253855671876496,-0.8716316234727843,0.39722167811629183,1.9368728314905506,110.97463869796204
4316905.467975136,3.9053032613040544,-0.8513175577562705,0.3991614268573582,1.9458209858944984,111.48733017973964
4316905.567883648,3.8719521229712472,-0.8333212869598539,0.3898065184685737,1.9554228063217731,112.03747396586499
4316905.66783744,3.8389274051726896,-0.8115307543569058,0.3932134650363954,1.9705268686603044,112.90287299136533
4316905.76836496,3.821850224774469,-0.7914439206121751,0.3896446047642165,1.9593744601517962,112.26388705242202
4316905.868343488,3.808732060491892,-0.7629694635796656,0.3861488960733849,1.9593851501439077,112.26449954385303
4316905.967825248,3.811238885963418,-0.7337281804467605,0.38759823589522774,1.9541597321817559,111.96510514842988
4316906.067983616,3.8287802059639464,-0.703160023437994,0.3820807143974395,1.9476102356789868,111.58984664088553
4316906.167817984,3.8409953462680484,-0.6774365592685043,0.37951341873529415,1.9376467278033307,111.01897969046507
4316906.268302624,3.839722934568309,-0.6449092476142567,0.38016472487689246,1.933515932448943,110.78230255062641
4316906.367941248,3.825666649725029,-0.619377304762307,0.38327711383339186,1.9383467927770182,111.0590904588423
4316906.468384128,3.802367787585139,-0.6011939638011636,0.376169237482441,1.940061912075159,111.15735955598721
4316906.568357312,3.776349152506679,-0.5810583514137746,0.36830516324097673,1.942336056800229,111.28765845073566
4316906.667856736,3.741153621972254,-0.5571185426723688,0.3677940020511542,1.960877866642432,112.35002589922803
4316906.768363232,3.71972005310209,-0.5387384432702582,0.3671946301759593,1.9523671589656322,111.86239826867781
4316906.868351488,3.7014105457127218,-0.5155475429994659,0.3599309725366888,1.9523299039369821,111.86026371277052
4316906.967825408,3.7053631203238147,-0.4919815367053782,0.36295673828155234,1.947389374498889,111.57719222740765
4316907.068433536,3.7217089430779686,-0.46737506097133064,0.3613746456196911,1.9380662964618238,111.04301920381269
4316907.168310624,3.733469644284895,-0.4387034038464595,0.36501489297905154,1.9323050929881302,110.71292655985394
4316907.26800944,3.7408350531959043,-0.41138821968455197,0.36484056720527547,1.9305065758756457,110.60987911992652
4316907.36799024,3.7279848291972812,-0.38884780560282406,0.36282018259547816,1.9423750327025953,111.28989160544397
4316907.468417568,3.711230581050268,-0.36454541597785195,0.3617980405846254,1.9514733434730562,111.8111864132898
4316907.56799568,3.6829757386185564,-0.34663795962061295,0.3500408374385131,1.961230148703952,112.37021017455129
4316907.667840768,3.6602227582960425,-0.3296111274478034,0.35323140397108294,1.9742998797358673,113.1190506020512
4316907.768410464,3.6354418332930556,-0.3115357188381447,0.35016206155817736,1.9718933739899174,112.98116797943429
4316907.868005184,3.622829201446839,-0.29451819198116547,0.34726794513282094,1.9741337109045762,113.1095298293316
4316907.967942912,3.613138580027428,-0.27148369458702426,0.3388126706139816,1.9660646023436543,112.6472039643579
4316908.06846096,3.6258888163651126,-0.2392534130449992,0.33906056181433236,1.958103464320214,112.19106435549364
4316908.16794384,3.6333574895058223,-0.2102048125663427,0.34449010445956707,1.955976907026563,112.06922159767467
4316908.267935552,3.6342248448372643,-0.18030722315055278,0.3418623494790166,1.941512430159611,111.24046812033372
4316908.36828288,3.6271156504972444,-0.16192772723572033,0.34172778394849723,1.9462816571467634,111.51372469823744
4316908.468306752,3.6121383739306343,-0.1296387950007452,0.3327644026381652,1.9518931619914217,111.83524024255358
4316908.567897248,3.5860601928442315,-0.10362539806386184,0.3290893467771747,1.9623386874509474,112.43372476618084
4316908.668479552,3.5543928732050594,-0.07808402842765837,0.332030420583007,1.9772289917731594,113.286876359509
4316908.767980128,3.543633373660314,-0.05223784515265283,0.3279670822928024,1.9769467035467914,113.27070243553189
4316908.86782704,3.519052431131943,-0.02688597172513418,0.3191397984370748,1.9791759630500156,113.39842959650606
4316908.968323616,3.5136362850521468,-0.00047013652492458374,0.31791356127603076,1.9744427881923143,113.12723865346234
4316909.068457344,3.518545642431633,0.0344603377590244,0.3153276705678416,1.9630638147585093,112.47527150051383
4316909.167906848,3.5345208622728985,0.06914216987826172,0.31233285281143114,1.9603173483824847,112.31791056859304
4316909.268215072,3.522849883413047,0.10384779380044577,0.3135140566358731,1.9544542010372568,111.98197697104814
4316909.36787136,3.5155287563098514,0.13300285822586266,0.31667535448409156,1.9624766559462816,112.44162977866927
4316909.46785904,3.5010871757555675,0.16398217136881957,0.3101536542273382,1.9724882574804918,113.01525229274621
4316909.568379712,3.4765363604881965,0.21007274447668714,0.3016557105923934,1.9832995782078178,113.6346953413843
4316909.668243424,3.433528708179323,0.23653714911989285,0.2967418864099675,1.9902760989713075,114.03442053681765
4316909.768287648,3.4055854440223086,0.259463100731984,0.2923947329622634,1.9888165690682822,113.95079563330115
4316909.868243008,3.393609237605258,0.2763322139747356,0.2856332928464627,1.9747957371099627,113.1474611368273
4316909.968372704,3.3921173599081507,0.2936390160136599,0.28741333676227454,1.9664249353530452,112.66784952501524
4316910.06823536,3.4028520855494433,0.3174285017005733,0.2909825135967335,1.9698876209986347,112.86624679828805
4316910.168234784,3.4165029049184374,0.3368361261123317,0.2893944251651823,1.9821925261843485,113.57126593273809
4316910.268429088,3.4366155622910544,0.355028124894822,0.28732133848095026,1.9751395296427647,113.16715899798497
4316910.368283936,3.4305152116075686,0.366252306070852,0.2887648133013481,1.9914597226097126,114.10223717583018
4316910.46826096,3.423619426844194,0.385074987202562,0.2912009736795327,1.9882032412968196,113.91565454053818
4316910.568350848,3.405433192658196,0.38978925130854924,0.2844416758891213,1.9813412684855396,113.52249245931833
4316910.668239296,3.3776354461282017,0.3792336641613438,0.2924671063067475,1.9822092884780629,113.57222634142288
4316910.76820176,3.355417622282843,0.3775473543452704,0.28542492975957495,1.9838935114535505,113.66872520967729
4316910.868304352,3.3497472935969017,0.38077671674058083,0.28021553211581435,1.9767384999908189,113.25877325049504
4316910.968225312,3.3569676215960467,0.38492035759812315,0.27836287951110317,1.9817473366052714,113.54575844877377
4316911.068208512,3.380671049940123,0.3976397669094593,0.281021141327989,1.9846724016680923,113.71335233167457
4316911.168391328,3.4029325139458626,0.412497310830442,0.2752241835049246,1.9951128913655747,114.31154832739013
4316911.268287392,3.413796976099958,0.41982490524530625,0.27948053654979527,1.9874411101356155,113.8719876415658
4316911.367899456,3.4004321732450182,0.4368129316265123,0.28977704273713495,1.97070547540848,112.91310640422836
4316911.468308544,3.397960442908749,0.44450664563585074,0.28709734737638964,1.9606989913453503,112.3397770996461
4316911.568242432,3.40088676380499,0.4480558625000647,0.2872629729993972,1.9551365558969631,112.02107302463955
4316911.66814688,3.3998476435016634,0.45201248095064,0.29513395910477064,1.9785236186687047,113.36105301666788
4316911.768288448,3.401746985844555,0.4425487786717459,0.28752345804387264,1.9941576041572726,114.25681440213158
4316911.868219968,3.377452712937109,0.43790567820330656,0.27734263616195554,2.001372977130287,114.67022482109806
4316911.968140416,3.339900605532371,0.42075226396069254,0.2705167481412416,2.0115614802313604,115.25398304834553
4316912.068354112,3.316552593775773,0.40955711971823905,0.27451264857171653,2.0304673082502234,116.33720720202656
4316912.168273792,3.300949858578022,0.4013475145533615,0.27252009959255863,2.0341781996146127,116.54982561543761
4316912.267894176,3.2997267504062724,0.39922077627674685,0.27062057287718866,2.0489157243162683,117.39422358131227
4316912.368243328,3.3127188751649994,0.405372043647643,0.2701722654488537,2.0715870985602955,118.69319764125663
4316912.468268928,3.3344148148868373,0.4181662778287029,0.2729054878135553,2.094318169904254,119.99559209307623
4316912.567841184,3.3616960629744637,0.43803520368719756,0.27413974381380984,2.1237981532969408,121.68467072159292
4316912.667891072,3.3779805310581543,0.44697917649199087,0.2772808875023236,2.1378076128483037,122.48735362714527
4316912.768147392,3.3909691779013516,0.4521021871551152,0.2830182472190507,2.157543142486805,123.61811618188673
4316912.867913664,3.3877803109569196,0.4528869071188917,0.28285064675073274,2.15870917925681,123.68492516756508
4316912.968290912,3.3712625163071483,0.44737483601735545,0.27480500260262974,2.163047946615351,123.93351822549862
4316913.068269824,3.3453192566695185,0.4325859728971206,0.28301602546060595,2.170820921050898,124.37887685491854
4316913.16822208,3.3354977142522717,0.4225382124380935,0.27822298520248856,2.183006476754035,125.07705776772987
4316913.26788064,3.3382576564677935,0.41826733196456317,0.27728650431004825,2.1873184599481506,125.32411620608403
4316913.368106976,3.3458081689418724,0.4218080547775125,0.2748057760670688,2.1961245712869353,125.82866921971869
4316913.46786016,3.371316076065359,0.43256642676310547,0.2701257803358784,2.207973571952687,126.50756694931395
4316913.56787456,3.3888883392919147,0.4436529130245239,0.26890864589014724,2.2278015122307884,127.64362424368662
4316913.66810576,3.3922568340209733,0.447683334303513,0.2724299033355637,2.237979570707758,128.22678403805435
4316913.767856512,3.385320094333689,0.4527940094438554,0.2749977218987537,2.2481539781489044,128.80973464347852
4316913.868265824,3.369334106242203,0.45185343860291033,0.28316490635933816,2.243365245197407,128.5353604561425
4316913.968220512,3.3650019827000537,0.44456977835398465,0.2832570314733699,2.239019467462826,128.28636573324908
4316914.06848768,3.3664610735479883,0.43475461266590476,0.28165490438672636,2.237773786448433,128.2149934685048
4316914.167821824,3.368577122554203,0.43076411260471376,0.27740728025254674,2.2389527868519274,128.28254521566924
4316914.268214144,3.371656133448895,0.43241999907145545,0.2832743158132855,2.2448348758963315,128.61956409263374
4316914.367854528,3.3712414540485476,0.435590619368534,0.28189728324778895,2.2456692303756673,128.6673690829175
4316914.468227616,3.3706778138038853,0.4378661121993743,0.2797743349613053,2.2445371610049873,128.60250628586152
4316914.568098304,3.3737459520543394,0.4417143367589798,0.2804997927209977,2.2411754936361596,128.40989693350085
4316914.667874848,3.3730277741024177,0.44413204372434856,0.28122814461367296,2.240756346548832,128.38588157440176
4316914.768294464,3.3708793488632707,0.4444144382640627,0.28021570901747767,2.240884855214362,128.39324457856748
4316914.868194112,3.372214542843048,0.4422624649625656,0.2821761124627634,2.241789797749183,128.4450939665146
4316914.968446848,3.3725598734618254,0.4415262384734384,0.28183270575546177,2.241327981596632,128.41863385006246
4316915.06837824,3.373783720446156,0.43955954228360455,0.2817220515213377,2.2404048571363937,128.3657427145255
4316915.168119808,3.3734986995616363,0.43953336472697874,0.2807295292112406,2.2400005533160474,128.34257781197866
4316915.268350848,3.373307296859052,0.44009212416809834,0.28186407118875334,2.2401819297590686,128.35296991666686
4316915.368217472,3.3725987395367505,0.43988509402829984,0.28081554968904976,2.2397592675952525,128.32875315852033
4316915.468137056,3.3720598587031887,0.44045423681649076,0.2802752875345498,2.242314630330447,128.47516465837197
4316915.569103232,3.3715153900463033,0.43943112949588836,0.2845023639703273,2.2410500116500214,128.4027073452902
4316915.668268608,3.371626087549401,0.4387346946708423,0.28387351417406287,2.2401711159469433,128.35235033087164
4316915.768134048,3.370969118892496,0.439184435187713,0.28306934251553406,2.2398815142682755,128.33575737694406
4316915.869175424,3.372143547477422,0.4368931872186651,0.28073480136091783,2.240503474979287,128.371393100708
4316915.96826304,3.371000071966031,0.43683507568864144,0.28117884843911023,2.2399171521967727,128.33779927983755
4316916.068123072,3.3696553338876276,0.4369006468536465,0.2808400830814345,2.2392566999163077,128.2999581515971
4316916.167844576,3.3652518281789474,0.4361886796428033,0.28187789166207866,2.240135365740056,128.35030199490026
4316916.268215648,3.3647689150945306,0.4390568357657298,0.28360717666288565,2.2403428765374427,128.36219148779392
4316916.368123584,3.3723235925843325,0.439889878388271,0.2818049857858079,2.241023972683228,128.40121542239004
4316916.469087232,3.3837081295311306,0.4408308729582781,0.28436811360898223,2.2399490869868153,128.33962900852663
4316916.568175552,3.3834857941510146,0.43205747629386987,0.2841618020780101,2.236867075061281,128.1630427327845
4316916.669093408,3.369083687132389,0.4123812301671464,0.2762992259641656,2.2265543056950303,127.57216457300656
4316916.769101216,3.3398601019921523,0.3896587919034561,0.2705649646002515,2.219246731130726,127.15347139199476
4316916.868192384,3.30533551320963,0.3670218875005986,0.27103304738001954,2.2054196928970593,126.36124045803963
4316916.968076224,3.27569280809367,0.3457771203322184,0.27000540614625473,2.200361237941429,126.07141233822497
4316917.067864224,3.2677396129590606,0.33979338903516854,0.27175447038490064,2.190955354541191,125.53249491679918
4316917.168135392,3.266587181329353,0.3404812325891222,0.2714810809954179,2.1897676421983077,125.46444401227637
4316917.268387392,3.2764375390742346,0.3432711562246388,0.2753439741507909,2.198377504105794,125.95775276176579
4316917.36914624,3.303636134992613,0.35278753783249467,0.27175860102759264,2.2057307658672194,126.37906362635042
4316917.468166016,3.3119123384107123,0.35979406460636404,0.26915596380352014,2.218625556220592,127.11788069130468
4316917.569165696,3.313842357892663,0.36514371438644605,0.2698059164775804,2.1927548421525813,125.63559796221793
4316917.669072,3.294240092870859,0.36690414619665995,0.2788426487016013,2.1954407306001285,125.78948803450533
4316917.768208352,3.283649790540964,0.36485612443341847,0.2827022780495941,2.183760035284284,125.1202334911292
4316917.868169888,3.281594455598441,0.3526058399804193,0.281930288462373,2.190773846402027,125.52209526647783
4316917.96911232,3.279641723832534,0.33968332399504053,0.27913880668427865,2.194700768545009,125.74709133174716
4316918.068128512,3.2802248292259146,0.33777617473847515,0.27982871224091044,2.196908567685105,125.87358890448725
4316918.16905872,3.2815886267304206,0.3377805910963276,0.278137224002377,2.1986846395083095,125.975350324069
4316918.268238944,3.281070771291849,0.3380626034159482,0.27780047735599706,2.1962659921618553,125.83677203898665
4316918.368085504,3.2808620879250703,0.34147419989234173,0.27940802577019164,2.1933379209679296,125.66900591746088
4316918.469120352,3.281112247762172,0.3459153310986584,0.27865256611528777,2.1924507401644955,125.61817420175908
4316918.569062784,3.2833876197484106,0.34880607289162074,0.27963353941956326,2.1929828510149014,125.64866190772045
4316918.66821616,3.281392312471948,0.34893617903788104,0.28018944762710235,2.1932326419026684,125.66297387135033
4316918.76908352,3.281365175992745,0.35021433917672534,0.27808685150195067,2.193396125871697,125.6723408127937
4316918.86824336,3.29062124065954,0.35426906829829524,0.2813652103266261,2.192377284285693,125.61396548992326
4316918.968014304,3.301532218062176,0.3530686291097687,0.2838926913351637,2.203481906641971,126.25021348402461
4316919.069032768,3.2965625902471176,0.345797059586664,0.27584640404223015,2.2118257117921494,126.72827830420935
4316919.168295296,3.274628695597985,0.3353775204941989,0.273264366407741,2.201861581093725,126.15737566867291
4316919.268060128,3.2269961185374427,0.32427668332375015,0.26491983973582445,2.1813759018969496,124.98363271023872
4316919.369157472,3.1968137990462586,0.3183217564352718,0.2614838413751788,2.1647457283645086,124.03079395425968
4316919.46914416,3.1775750786153627,0.3167530707298769,0.2577691688942465,2.1591687085053084,123.71125425406687
4316919.56818832,3.167686139468331,0.3346615985438483,0.2647284581478264,2.1722754502387143,124.462215238559
4316919.669155744,3.164673981856691,0.35888410769869494,0.2634446519173662,2.187896254034266,125.35722136864605
4316919.768228512,3.1809907114025475,0.3915678053304702,0.2619612730510793,2.191291071587564,125.55173008666696
4316919.86804448,3.1892477009537936,0.4375005978215152,0.2557885830089993,2.190198573248116,125.48913454269154
4316919.969025728,3.190303995739506,0.4740657218767591,0.2616901571469367,2.166434887692385,124.12757565467216
4316920.069008256,3.1849261843553585,0.4950254503080518,0.2633584348147691,2.165000505740831,124.04539162263838
4316920.168038176,3.1620902315836306,0.5161929707216959,0.2519226408863787,2.166390016945237,124.12500475023698
4316920.26907056,3.1263591771948422,0.5266650530189778,0.2504118271858505,2.1828263936877077,125.06673976806754
4316920.369089792,3.076607744784987,0.5428485644247878,0.24791755651549366,2.1988846334277947,125.98680913158377
4316920.468189792,3.044770967162926,0.5586749105032754,0.2343876429135694,2.2023030646510295,126.18267081323087
4316920.569047264,3.02468415544541,0.5737883062468524,0.2356432377663042,2.1950272093996346,125.76579501497784
4316920.66900112,3.0099521420635975,0.5997794588913232,0.23439348906673263,2.190711184365575,125.51850499625343
4316920.769086592,3.007911460028107,0.6316917696490357,0.2324857075835383,2.1775810175507724,124.7662018534625
4316920.868275104,3.0081320858157725,0.6830901870235613,0.2307135926324549,2.1715823847410114,124.4225055106145
4316920.968122624,3.0010979304491014,0.7178177691892201,0.23592536797591618,2.1498082377918903,123.1749387879322
4316921.06907776,2.9922209786453537,0.7458921793545229,0.2344550488036173,2.1560283434513536,123.53132459034488
4316921.16913296,2.9695913935054206,0.7743468740898392,0.22655252294135128,2.157792101104671,123.63238045996387
4316921.268178944,2.934291416085099,0.7951087465032826,0.22090394765091162,2.172928703624461,124.49964390051493
4316921.369070432,2.893123891063071,0.8124851663782543,0.212191270490813,2.1860181040106235,125.24961129899894
4316921.469023808,2.862818638325854,0.825936065354161,0.20532737983072621,2.2000322058807926,126.05256018982602
4316921.569021824,2.8414895247204677,0.847457274020021,0.19649502512223302,2.194900573702682,125.75853932400676
4316921.66903472,2.8329958523046734,0.8756695854196065,0.19991102134811467,2.1897580280353117,125.46389316131317
4316921.76895296,2.828400538061329,0.9124343469792905,0.19923714914560056,2.173360426493428,124.524379798826
4316921.868978208,2.824000351741827,0.9673568602523668,0.19514380293253972,2.17311866730082,124.51052801743108
4316921.969095616,2.8119587019275007,1.0036930616127389,0.2039067725539696,2.1561786462635606,123.53993630713329
4316922.069023648,2.796988887494137,1.0293073402342903,0.2047397129035325,2.162768515906021,123.91750802518764
4316922.168145024,2.7707622428457914,1.0556840409030244,0.19260113814064958,2.1691363828277024,124.28235992430096
4316922.269064736,2.728238060968704,1.0690065238653739,0.17956720837152093,2.182408139136958,125.04277554754744
4316922.369051776,2.677322948928851,1.089668487676339,0.17644479640488633,2.1891155243153033,125.42708040983523
4316922.468970656,2.6502876550834213,1.1039325788521703,0.17268955543376668,2.19578730647202,125.80934536924578
4316922.569100064,2.6219346917135797,1.1264333586939619,0.16410380445181544,2.1850378672183663,125.19344786787917
4316922.668986304,2.6099981554634994,1.1532785013911726,0.16579577439217455,2.1763836216228793,124.69759612038808
4316922.768962848,2.6121551148846964,1.1865535036947161,0.17057025181686203,2.1656872182463327,124.08473735094248
4316922.869057024,2.6143219354815086,1.2269664593968996,0.16914550499106015,2.161343436168706,123.8358569707699
4316922.968982848,2.609056581496736,1.2698347625420061,0.16812791679482902,2.1472785731795865,123.02999968206359
4316923.068193472,2.5964727147829674,1.2954354188602273,0.17187150702154785,2.160178475642247,123.76910964930447
4316923.16906,2.5835961362363125,1.3114022653574269,0.1727296963254953,2.171498293427288,124.41768743324444
4316923.268944192,2.5549605580270747,1.324427917250384,0.16400555506007894,2.174338451102815,124.58041648120383
4316923.36805472,2.523400653283409,1.3253758563326956,0.1528431355688319,2.173009349073417,124.50426454437702
4316923.46908368,2.50897990798392,1.3206264603600084,0.1519244881749761,2.1736818091017245,124.5427936658903
4316923.568926432,2.5010784813108535,1.326631759758939,0.1500470987971177,2.156783263395279,123.57457831700205
4316923.668094816,2.4959808327611888,1.331536419013738,0.14811781896266168,2.154664610681373,123.4531884582413
4316923.767900128,2.5091136800291665,1.3492264471355362,0.15669842568416448,2.1578192350616874,123.6339351211824
4316923.868905472,2.527516068562812,1.3661807480628834,0.15964391695462726,2.1610517120629846,123.81914241072984
4316923.968235168,2.5381324556640688,1.378648322653368,0.15875535335639385,2.157230797942418,123.60022015773943
4316924.069073728,2.5319298357062108,1.3911145471237112,0.1578062786955551,2.1564798141327706,123.55719195496397
4316924.169013344,2.5207555458082163,1.3964110506995213,0.16140383683149795,2.159064423226302,123.70527914771445
4316924.268112576,2.4911465071679673,1.3872860068376573,0.15265979273139427,2.156903809351633,123.58148509153851
4316924.368957888,2.4692441668531417,1.3721668105499014,0.1560602246631278,2.1502627543411132,123.20098066792153
4316924.46820784,2.4482295084997543,1.3610653481254542,0.1522508154068525,2.14466139241857,122.8800462702345
4316924.568222912,2.4449578966636873,1.3617745785609487,0.14975651648969562,2.1355828269096095,122.35988278253804
4316924.669071168,2.447502662161924,1.3663496808701874,0.15084349597636965,2.1376068330236055,122.47584979057868
4316924.769016992,2.4669805825613786,1.3756031866170486,0.15190485571068402,2.1402167385334776,122.6253863612223
4316924.868970624,2.4960183281292854,1.3906851618339315,0.15775320786158994,2.1460284972527655,122.95837560738585
4316924.96809632,2.5068407060212072,1.3978832494633098,0.15990325013125095,2.1556522547733006,123.5097762963698
4316925.06900224,2.499421091869006,1.4095120400758157,0.15468996710602312,2.1389793099208614,122.55448692427065
4316925.168139584,2.4853041283937554,1.4169012461308166,0.15775650877700256,2.1395588019589407,122.58768937231403
4316925.269092992,2.4767110966506904,1.4184554819106798,0.16447130261257356,2.1306562500921644,122.07761072345144
4316925.368945248,2.4775123636491454,1.4116748246361133,0.1676948452642312,2.131605449499476,122.1319958434067
4316925.468127872,2.4789095134967822,1.3960057449221694,0.15222383914062937,2.136239626984185,122.39751465479507
4316925.569098464,2.4808607841662993,1.3946839351960485,0.15737636919211068,2.1350711541361034,122.33056609212439
4316925.668972768,2.487717170278032,1.397800864699727,0.16297046109159752,2.1418998747636335,122.72182296355578
4316925.769041856,2.501774441298356,1.3994085780379224,0.15818090375025623,2.1469621687021507,123.01187104088748
4316925.868086816,2.5066275939381524,1.3966172461914796,0.15845656433881103,2.163857317250406,123.9798917469491
4316925.968976192,2.4996435741937906,1.386811880986961,0.16073185908273097,2.1807255009869486,124.9463674831042
4316926.068107488,2.4724001609911612,1.3724416158852815,0.15427762359900368,2.2085357598910886,126.53977794547754
4316926.168970784,2.4446295248352534,1.3503171039197497,0.1454374957330562,2.241832941751476,128.4475659357573
4316926.268989184,2.4323867372452184,1.3332251053851127,0.1349815073965005,2.2905819424616642,131.24067793193134
4316926.3690816,2.4172672824571624,1.3317916614382006,0.1485803462033442,2.3370951679975094,133.90568944667538
4316926.468922176,2.4246087016519033,1.3352165607353805,0.1497692995481595,2.391273677030707,137.009889354589
4316926.568915808,2.4408170566832523,1.3510258372027075,0.14631704544813315,2.463890062271453,141.17050175237983
4316926.669052032,2.458787493196168,1.3764642149902917,0.14605972155335112,2.5460856078388967,145.8799596081696
4316926.769024448,2.4715638843083827,1.4034566635088321,0.14730825318581667,2.641097494820589,151.32373973579456
4316926.86881632,2.4781992656075045,1.417885505125854,0.146743396204487,2.7195248984550893,155.81729896222038
4316926.96906736,2.4780153791787205,1.4219614715475002,0.14739707289890222,2.7974764381133723,160.28359319118667
4316927.068934112,2.4780363063950115,1.4157305850728599,0.14382931253255057,2.8762643111845976,164.7978057949803
4316927.168934752,2.469459195254047,1.3939763670595824,0.14446695432075432,2.964315217033481,169.8427510824251
4316927.269047968,2.4723337499975226,1.3745885489781757,0.14541909623463817,3.066558239215364,175.70084473810945
4316927.368916544,2.4773030832843177,1.358949128350487,0.14580924118856683,-3.127650030892809,-179.20114656411948
4316927.468856224,2.4782252298251204,1.3567691146249323,0.14508289208733688,-3.0398685440881996,-174.17163785083204
4316927.569082656,2.479465947958205,1.3675595982146989,0.14012148433188662,-2.948776739424381,-168.95246189536513
4316927.669013632,2.4667615966785923,1.3936669921844131,0.1408154732033105,-2.853383461096159,-163.48682965324124
4316927.76893856,2.4566424570885848,1.4187189833672182,0.14216227376860255,-2.739202961955712,-156.9447689497965
4316927.86888784,2.4493496160491457,1.4275816348150445,0.14236427777495694,-2.648024889813034,-151.7206502318817
4316927.968803168,2.448597293075926,1.4283658081246762,0.13947864180118638,-2.5806483722980356,-147.86026013998304
4316928.068037408,2.4614915603615497,1.4129775713451438,0.13767158141560226,-2.5324458672409995,-145.09846003825686
4316928.169043104,2.484962864638761,1.38797709098636,0.1371302814608738,-2.4887651723554867,-142.5957405751183
4316928.268975712,2.5080565679148474,1.3657796757916725,0.14301603125551937,-2.435119540832018,-139.52207229950957
4316928.36888432,2.515712828999293,1.352610238070575,0.14591522329783263,-2.391587947630827,-137.02789573360093
4316928.468023616,2.52240764331796,1.3517836272984132,0.1402687665242053,-2.359633905741222,-135.19706399494234
4316928.568993088,2.5187793535519294,1.3551081492632686,0.14220538344975653,-2.3294822709932186,-133.46950257846174
4316928.668834688,2.5030979240244298,1.3732919685238134,0.13833505264201196,-2.298462120325513,-131.69217886534227
4316928.768906432,2.483221983109087,1.3910996540610403,0.14052881400080766,-2.2600394906723893,-129.4907243484241
4316928.867991744,2.473558183312335,1.3988823380223163,0.13859286432553958,-2.24085868187826,-128.39174495687305
4316928.968195808,2.470208491362314,1.397819019316162,0.13912321546065776,-2.2200581849905374,-127.19996427343156
4316929.068100032,2.4733137601507065,1.3956137145500893,0.13866210359768577,-2.211239988319434,-126.694718821261
4316929.168979232,2.499410161203456,1.3769498826606983,0.13184707435836082,-2.210469997137474,-126.65060157627244
4316929.268827968,2.5241939362658226,1.3653346624293063,0.14069337036886148,-2.1990575015495906,-125.99671374537503
4316929.368995776,2.5418101086437153,1.3573302072181623,0.14568875422643424,-2.1960420362057165,-125.82394030790307
4316929.468975296,2.5475813638955085,1.3528941827685403,0.15012973547859085,-2.18990670444565,-125.47241169213869
4316929.568945312,2.5487011568216595,1.3548381163743355,0.15081682824134413,-2.1943612343446413,-125.72763745506573
4316929.66880432,2.5396463257434743,1.36442064168084,0.14343454868387645,-2.2103176891479763,-126.64187497128809
4316929.768952576,2.5183877277756492,1.3819360700945351,0.13637138395379675,-2.240505396149488,-128.37150317565224
4316929.868832576,2.512254850716439,1.386224650967804,0.14222473856086,-2.2873322581277318,-131.05448473484722
4316929.968005184,2.5115343174173326,1.3868949256495016,0.14350296880145533,-2.3284481228096743,-133.41025025215353
4316930.06894528,2.518170429270718,1.379088470165977,0.14312902592482854,-2.389045858294723,-136.88224474349698
4316930.168824576,2.542698185546824,1.3530270960586026,0.14139074110152766,-2.45725242570409,-140.79019319112825
4316930.268010688,2.5630142560668108,1.3304285949258674,0.14676331444123364,-2.5203666445512805,-144.4063715583373
4316930.368948064,2.575720352992751,1.3163984829447568,0.14831939786526738,-2.565547771623262,-146.99505945320612
4316930.468785088,2.580574788724812,1.3121812372485373,0.14803570519050552,-2.6037840623225117,-149.18583753450844
4316930.567943616,2.5819196248340885,1.31610468349899,0.15218695160568613,-2.6237440951044313,-150.3294631718552
4316930.667964448,2.576898323233885,1.337010298323955,0.14691221574591704,-2.6475649139152364,-151.69429555426018
4316930.768813152,2.570140760594585,1.362690075599465,0.145712344728793,-2.6680639718320602,-152.86880505688842
4316930.868897056,2.5658583197263773,1.369341574448433,0.1432731534097647,-2.6929862777410243,-154.296748001206
4316930.968815712,2.5599373810230333,1.371065699462955,0.14331128246221198,-2.711177000033807,-155.338999614877
4316931.068005504,2.5611224041416776,1.3563800626202178,0.14193367868742524,-2.733047662835821,-156.59209628858616
4316931.168933472,2.570768314004144,1.3252719650411837,0.14251421430335912,-2.75485306565244,-157.84145384056112
4316931.268828928,2.579730921176391,1.2956205452998562,0.15268575563385464,-2.7804493852676777,-159.30801492558214
4316931.368785056,2.587962719427399,1.2775107123565639,0.15312933956836983,-2.801467959273683,-160.51229050750962
4316931.467946016,2.5895242290608023,1.2786846809064274,0.15527499288428595,-2.810069019021833,-161.00509493041847
4316931.568801888,2.590958686109859,1.2836943809616197,0.15478315676360446,-2.814119755566338,-161.23718503833803
4316931.6688184,2.5878765358954663,1.31374961715552,0.14644419842918144,-2.815439887254703,-161.31282301248282
4316931.76895552,2.584899689077497,1.3418701088918097,0.1421924767167832,-2.8218287797652954,-161.6788795891025
4316931.86879584,2.5823161888876545,1.3567384358775731,0.14660857273861289,-2.83591607951426,-162.48602240945388
4316931.968768928,2.580457476278838,1.3569871324210534,0.14570902560152033,-2.8380904123329915,-162.610602503224
4316932.06893776,2.57817858986622,1.3446086714877707,0.14513347319718461,-2.8422015614133516,-162.8461539944777
4316932.168872288,2.584476050620299,1.3106301617352936,0.14472613678454194,-2.846609327344151,-163.09870037939405
4316932.268735264,2.5948797412658617,1.2850166397976515,0.15028964952473367,-2.8508837144570083,-163.34360472096589
4316932.367914816,2.6011949749275267,1.2675741595822256,0.15394341369074632,-2.853251747986965,-163.47928304797787
4316932.467887552,2.6025613479482996,1.2619116157013015,0.15843372363500366,-2.851156367078509,-163.35922656545105
4316932.568712864,2.601886293654411,1.2692241345327706,0.15659443543347465,-2.8458021918206398,-163.05245492040177
4316932.668906976,2.5978834718448187,1.2928421401080354,0.15318014886853315,-2.842478384478579,-162.8620147877871
4316932.76870496,2.59267052609552,1.3228371526982525,0.14262249164750188,-2.833774729553575,-162.36333209424612
4316932.8688128,2.5905209828504985,1.3277321019518815,0.14661983836908515,-2.833312612607273,-162.33685474358157
4316932.968940864,2.5806597383161964,1.3232468980823757,0.14997393438492654,-2.8330392210746935,-162.32119056261013
4316933.06887392,2.574832276298665,1.3205467642551767,0.15105985340719272,-2.8359253864963327,-162.48655566024664
4316933.168976032,2.5748376190016566,1.3262028289534913,0.1491244198607442,-2.838117707280137,-162.61216638849746
4316933.268696032,2.5812503742503927,1.327233684252558,0.1544495701448607,-2.8114533650937963,-161.08441211772748
4316933.36897232,2.592966642647602,1.3079709865939635,0.1488785561542277,-2.804711938239744,-160.69815681109412
4316933.46801088,2.607045440227423,1.2713987727047074,0.14544867558496638,-2.797882566325639,-160.30686262369073
4316933.568909856,2.6173557750278706,1.2411887351287376,0.15145697106644262,-2.7930221710830487,-160.02838248952486
4316933.668749056,2.62655381181576,1.2105782803207663,0.16099878095994855,-2.7887070880023628,-159.78114644075325
4316933.768741696,2.6302227320932756,1.1968126390911618,0.16545883716680893,-2.7878193323487372,-159.73028178856163
4316933.867884768,2.632845924061845,1.1967702101419506,0.1667249012770441,-2.782014195512644,-159.39767194835756
4316933.968812288,2.6313692086209093,1.209434967596106,0.16243513949595578,-2.767142313936279,-158.54557590061347
4316934.068709952,2.621248067042732,1.239599794112597,0.15516007766732448,-2.7532138393897165,-157.74753309404005
4316934.168903104,2.6114356205966254,1.2681199381701143,0.1531964900547183,-2.741451172351704,-157.07358191694428
4316934.267848992,2.607733922882792,1.2814509819731623,0.15586491987213108,-2.738605339075433,-156.91052768101605
4316934.368004992,2.604076185810675,1.284378372449248,0.1516041790235149,-2.7318316579299875,-156.5224243396147
4316934.467886048,2.603353470772112,1.2796800273248023,0.15106518168051095,-2.7289200710675807,-156.35560270071304
4316934.568881824,2.611706001079457,1.259903089780673,0.15208259367154697,-2.7306793356741754,-156.45640113771768
4316934.668605984,2.6226544733867208,1.237390290076388,0.15957415713145734,-2.7308137695861308,-156.46410363349614
4316934.767910176,2.6294875798301467,1.2284158588139513,0.15853842655247416,-2.7300754771018862,-156.42180259010271
4316934.868810464,2.6298248871796304,1.228855494529437,0.15947190847045156,-2.7241405796483043,-156.0817580141695
4316934.968755136,2.6241785682007084,1.2417752337454295,0.1571135761931881,-2.714968570462854,-155.556240598188
4316935.0688888,2.6133406236656764,1.2628778939879688,0.14951913155947702,-2.7105618692384756,-155.30375521645598
4316935.16878976,2.6073264924981814,1.2763148998182752,0.14886029076040797,-2.6965253169180423,-154.49952000958058
4316935.268726816,2.601941130186888,1.272070991523889,0.1497959433303536,-2.708051634715036,-155.15992937267484
4316935.367897664,2.594022273157611,1.2634023467786464,0.1574572335546738,-2.70862354166299,-155.19269722706682
4316935.468722624,2.5946857575571753,1.2548445340541656,0.15914766059629534,-2.719694820671677,-155.82703478807636
4316935.568871872,2.603030725244977,1.2532370168056786,0.15984638842394652,-2.72194619545054,-155.95602906100743
4316935.667848192,2.6112490735814444,1.2525016710391395,0.15882451461021752,-2.7171020899148774,-155.678482258298
4316935.768798464,2.612519146485417,1.2553145200303113,0.15523494934754162,-2.7136754997606727,-155.482153104341
4316935.86866848,2.611651713838055,1.2592788992995232,0.15584377416205564,-2.7102634546619626,-155.2866573206766
4316935.967897472,2.608705517856971,1.2623822922898646,0.15560920290977148,-2.710975280983154,-155.32744196462718
4316936.068721248,2.60482919284728,1.265408265007168,0.15447794509806848,-2.7122069941753297,-155.39801393210945
4316936.168695104,2.6029933187074077,1.2662043540441932,0.15373068510118662,-2.7153154738603864,-155.57611669876536
4316936.26785552,2.5991347958345994,1.2664086005837385,0.15563018347678298,-2.716994973603545,-155.67234494574163
4316936.368743936,2.601833391581433,1.2639429944412066,0.15621414683579898,-2.716946572513347,-155.66957176754946
4316936.468621312,2.602392788809061,1.2641399908926216,0.15639731206521987,-2.716017683545778,-155.6163503500715
4316936.568762464,2.6057406256542945,1.2659568981214921,0.15579925542503006,-2.7140177877581984,-155.5017647619772
4316936.668650624,2.609156846918329,1.2623758739677582,0.15542087034597457,-2.715133114221254,-155.56566826108954
4316936.768847392,2.612254831654004,1.2609357894618187,0.1577144176449076,-2.7183384106750057,-155.74931821997777
4316936.868806272,2.6061972774347573,1.2705755753861132,0.15222546891185826,-2.7247286692077943,-156.115453063904
4316936.968694112,2.5801747127321395,1.297112211624333,0.14214330988917015,-2.7107012786601627,-155.31174278794302
4316937.06888624,2.54869150703835,1.3259063925803045,0.13623600893561322,-2.6936100977040374,-154.33249025226266
4316937.16872128,2.524996767042898,1.3477967904583052,0.13347851028642402,-2.6557624640887982,-152.16398058155198
4316937.268036256,2.4979497407264137,1.3557600136366073,0.1432333856365255,-2.6578592888170243,-152.28411978885802
4316937.368884224,2.4694799687881814,1.3448498255820058,0.14172223505119588,-2.6673599325072357,-152.82846657496472
4316937.468778208,2.44186571670651,1.31183578408426,0.13795191703221266,-2.6920351930454043,-154.24225486218748
4316937.56862624,2.4266564436225604,1.262609011571392,0.13617764243038075,-2.7133027248234667,-155.46079467373082
4316937.667891328,2.389182777282753,1.2174173549033547,0.13331692683402602,-2.705744341271458,-155.02773119625962
4316937.76884848,2.365200357979145,1.1755484302964243,0.14314576081244482,-2.6974677136125798,-154.55351536280466
4316937.868735072,2.3501901901771514,1.1512635250806988,0.14483748993835557,-2.6875393317076988,-153.98466098226092
4316937.968870528,2.325878862993057,1.142471644869247,0.14218156461110193,-2.6960719613052153,-154.47354464634702
4316938.068811328,2.286269441248733,1.1435772478532,0.13674392353120635,-2.7187457053548667,-155.7726544861519
4316938.167818592,2.234589534513368,1.1396140932728063,0.13230958696970557,-2.7379972380421314,-156.87568605829034
4316938.267898176,2.186741383283147,1.142834113219664,0.130270789804547,-2.7508779847133464,-157.61369847952815
4316938.36881824,2.150657890795432,1.1298239845517257,0.13456939980201343,-2.740955616123058,-157.04518863653144
4316938.468677632,2.1137727998539235,1.1111124844523876,0.1321438099248021,-2.73018570835872,-156.4281183758897
4316938.568807488,2.0812071082969963,1.090446269978164,0.1265391236432009,-2.7115725443747323,-155.3616626362223
4316938.668793984,2.0386324925470016,1.0415323184267116,0.12480608964196681,-2.69713518584493,-154.5344629251474
4316938.768940704,2.0061882488238707,1.0052017696761566,0.12486822603068128,-2.6783945410438537,-153.46070307269196
4316938.868793984,1.9772255354073272,0.980702827772409,0.124038934162125,-2.6838159281624723,-153.7713256736954
4316938.968747296,1.9413838887641846,0.9671180060840243,0.12480302312570217,-2.687129751603977,-153.96119377094513
4316939.068591872,1.9012615514269873,0.9642636390532208,0.12268066262172306,-2.706205058812143,-155.05412836688853
4316939.168788384,1.840772329866199,0.9636989764104769,0.10763775225457106,-2.7197409137551745,-155.82967572722552
4316939.268740512,1.7972364513897527,0.952660091732001,0.11515237949491884,-2.7434920257486843,-157.1905142031962
4316939.36862016,1.7532445901604385,0.9385787431304207,0.11763439188400628,-2.734931371849951,-156.70002486492655
4316939.468763296,1.7204180619942226,0.9135473155405051,0.112473989850595,-2.728069611981586,-156.306874984437
4316939.568803648,1.6792008276299046,0.876316342154539,0.10931020196797099,-2.7133650728600016,-155.4643669530852
4316939.668866976,1.6355402946084314,0.823478167914893,0.10111235225692745,-2.697475095555148,-154.55393831695844
4316939.768818624,1.597649881916742,0.7890321937320064,0.1095825789261992,-2.6837070803417977,-153.76508915296154
4316939.868724896,1.5639924959700262,0.756412947137895,0.11585544150480485,-2.699406850072545,-154.66461969786062
4316939.968641408,1.5330330882123537,0.7393229543585693,0.11705986272169716,-2.7106134446839447,-155.30671027180787
4316940.068696544,1.4890157112464548,0.7316913790628815,0.11334910487693646,-2.7239084052642353,-156.0684554018513
4316940.168694784,1.4264167299323296,0.7382483153482811,0.10590721095979432,-2.7330559748811525,-156.59257253370276
4316940.268549664,1.3702906204548948,0.7257150564356513,0.09804661242655736,-2.7443443721120073,-157.2393500524979
4316940.368759744,1.317226050738614,0.7320756176781148,0.10090408278032811,-2.735144893917113,-156.71225877820783
4316940.468770112,1.2738188370740156,0.7154210588467743,0.09988480957362048,-2.7186052663470655,-155.7646079237259
4316940.568841312,1.2275310395908539,0.6884322055928208,0.09475990868730014,-2.7011973573615062,-154.7672082087055
4316940.668724512,1.1879453691191368,0.6457572539194802,0.08643647496509307,-2.6907436353918484,-154.16825405964093
4316940.7686744,1.1395912908450465,0.6019438652379123,0.09318835888409202,-2.6903062441716163,-154.14319338872554
4316940.868728864,1.1112353636012677,0.5826092652372525,0.1031128535227549,-2.731541980809581,-156.5058270631939
4316940.968711168,1.076717438955815,0.5674424428613614,0.10395068128918848,-2.746356467732427,-157.35463463952473
4316941.068614368,1.0346722113000903,0.56484889077794,0.09527025504653862,-2.744751141305386,-157.26265621051445
4316941.168736352,0.9800084166199855,0.5622365411001011,0.08920081565649136,-2.7431171408882213,-157.1690348828883
4316941.268682624,0.9390525096414225,0.5554509017129136,0.08843090019497526,-2.75062052565767,-157.59894716224045
4316941.368714944,0.9116614935591114,0.5523420916366557,0.08996214913578883,-2.7385253534664087,-156.90594484319718
4316941.468762048,0.8854587098846656,0.5320241019209947,0.08903595700609983,-2.7285288853928265,-156.33318941254365
4316941.56872592,0.8640541208729704,0.5053968595518146,0.08698704763999213,-2.7267541884236293,-156.231506766294
4316941.668587008,0.8611936110259312,0.4656511331952659,0.0841818678092806,-2.7295129184322233,-156.38957035260253
4316941.768796928,0.8547561726446854,0.439894265846178,0.09178333236836463,-2.7327640504029653,-156.5758464931661
4316941.868686336,0.8454592965947476,0.42217957998518996,0.09769387414498393,-2.7490766609340818,-157.5104902294397
4316941.968811776,0.8344935549314288,0.4212796077682125,0.09387812798482996,-2.7570367038138746,-157.966567091195
4316942.068708128,0.8270503845248363,0.4239479080380184,0.09596143232941008,-2.756331976843275,-157.92618921007062
4316942.16871776,0.8152306468384769,0.45131739578846525,0.09293050482525278,-2.7559250657566055,-157.90287492216737
4316942.268693824,0.7979950971109587,0.47317237853087096,0.08740185676035656,-2.7572964259648387,-157.9814480742913
4316942.36873984,0.7808254125785221,0.4853137853798584,0.08935175081315548,-2.7620391504853616,-158.25318617271049
4316942.468684192,0.7714937473270567,0.4859351627109602,0.0897928003040766,-2.7593547281098068,-158.09938010016072
4316942.568597888,0.7623027723111152,0.48316395167199905,0.09004848290491499,-2.7628575139340774,-158.30007494442967
4316942.66873472,0.7612166757706985,0.4602467137960232,0.09091514488051354,-2.764658695283335,-158.40327503387982
4316942.768729856,0.7650223688816634,0.42936264020247555,0.09396738555807317,-2.7660979941495323,-158.48574078437088
4316942.868667488,0.762330043725757,0.4228780213784967,0.09620670569296189,-2.768738366735838,-158.63702298990825
4316942.968725536,0.7565666238024005,0.42140734750155834,0.09397829873212482,-2.754679660364967,-157.83151844944365
4316943.068603936,0.7460994326717701,0.42818375165750067,0.09395767376068723,-2.7457959338249003,-157.32251841234947
4316943.168654112,0.7223817797779143,0.4533566308592236,0.08607420464057773,-2.748439946795864,-157.47400919656351
4316943.268730304,0.6999054191539276,0.46633205344364526,0.08625487474994108,-2.7535443072138373,-157.76646750562705
4316943.368747008,0.6834225090045614,0.46861615730420664,0.0866963301425423,-2.772199957401487,-158.8353575254518
4316943.468652032,0.6633728452551702,0.4535487217357334,0.08670531960427048,-2.7750174793269315,-158.99678964046535
4316943.568501184,0.6404323691889967,0.425123841183366,0.08678892633049272,-2.773341661380352,-158.90077234489408
4316943.668580256,0.6178183774826995,0.3818864603632604,0.08434834876066567,-2.7543701241099563,-157.81378332842525
4316943.768625024,0.5967752561117574,0.3430823957031623,0.08839026144534078,-2.7309481974683383,-156.4718057837955
4316943.868722752,0.5750740914891568,0.32619509602452096,0.08863371068404013,-2.731350854646491,-156.4948763406943
4316943.9686728,0.547931102306142,0.3175749874358313,0.08607098270099467,-2.7335873953739216,-156.6230206850852
4316944.068653888,0.5108618659345734,0.3137423711942161,0.08777656074368205,-2.7451137073660226,-157.28342971558362
4316944.168737568,0.46393540782484594,0.3323075501514891,0.08219062769500314,-2.761227728076963,-158.2066950933069
4316944.268638752,0.4202991316732969,0.34103201431915214,0.08614554868186865,-2.768590496190055,-158.62855063172057
4316944.368812384,0.3929173787349683,0.3400088409566551,0.08521582523253102,-2.7566336901606094,-157.94347610977678
4316944.468685632,0.3718297600165477,0.335286058131976,0.08306015158725291,-2.7301544404355007,-156.42632685585508
4316944.56864512,0.35051043605988985,0.3192274097272208,0.07859997069140884,-2.719138875356275,-155.79518146786378
4316944.668612992,0.3437162253228923,0.29330224016292133,0.07854664364858656,-2.719449668650378,-155.81298861191684
4316944.768693568,0.32814892757997594,0.26172887015366214,0.082980289355948,-2.7225553879295528,-155.99093321896598
4316944.868559456,0.32707527615247906,0.24564426852886306,0.0828391353508338,-2.7282039681019206,-156.3145730230839
4316944.968609408,0.3168904785248253,0.2460218180228355,0.08524692766056641,-2.7363370290157967,-156.78056308797184
4316945.068688576,0.3116641321981996,0.24702247034937597,0.08392325511267114,-2.7290431172130822,-156.36265272553564
4316945.16862416,0.2912225741706983,0.2728282400686819,0.07382881310122713,-2.7259316791288963,-156.18438045509552
4316945.268741248,0.27867802436873385,0.3023340289407418,0.07961746756018535,-2.716178458692192,-155.62556208741162
4316945.3686976,0.26720427446735473,0.3041194412522208,0.07849469489195057,-2.732581620195961,-156.56539401224904
4316945.468474976,0.2556983855823841,0.2968034540351743,0.07784943831328735,-2.7355364078938087,-156.7346908766929
4316945.56871792,0.24593420164971325,0.2792620050752022,0.07544693266362576,-2.7353145886429093,-156.7219815698016
4316945.668672992,0.23813078338241594,0.2525868285630913,0.07269397563541911,-2.7328565823532593,-156.58114818338805
4316945.768566848,0.23818979159880355,0.2236253096839995,0.06875460642787236,-2.728074247826977,-156.30714059881237
4316945.868694336,0.23661452606062014,0.20593237688194196,0.07280379379272109,-2.732632521601308,-156.56831044794671
4316945.968724512,0.2222465418638724,0.19640500909194622,0.07263303687588835,-2.7256821581130977,-156.17008395399043
4316946.06856512,0.20906306349172327,0.1979960379909972,0.06849125338984052,-2.721572065983073,-155.93459302153008
4316946.168552224,0.18224542327422347,0.2123781118638966,0.06496717741530823,-2.7327542928116735,-156.57528742436685
4316946.268733504,0.15996068340047637,0.23007456964666992,0.05580808420642005,-2.7343599599070343,-156.66728537223406
4316946.368620416,0.13943580509340267,0.23371010949651125,0.0725700079437009,-2.7471231559362503,-157.39856263780626
4316946.468609568,0.12721349643026358,0.23253899192689934,0.0712319804244911,-2.7354348751484907,-156.7288734789038
4316946.568677184,0.1232167425994745,0.22136534343070263,0.06655140445410124,-2.7364163078368904,-156.78510542982528
4316946.668572544,0.12436800580145126,0.19631310599569418,0.06369740386682454,-2.7421649959126624,-157.1144809943042
4316946.768656256,0.13578323960558325,0.16729511798833002,0.0720776958079653,-2.744084301224736,-157.22444908828305
4316946.86871664,0.13656321238241104,0.15421735040529752,0.07410055952244489,-2.7450033838453027,-157.27710864346534
4316946.96856464,0.13143511596772933,0.14455900904400765,0.07537577181591194,-2.7388894279337035,-156.92680477360165
4316947.068552832,0.12532236204289238,0.14745851702551252,0.07408092527006199,-2.7407039247632885,-157.03076778387674
4316947.168665888,0.11088291116766366,0.1699658418379416,0.07313129115956969,-2.7455058252011724,-157.3058964126095
4316947.268561664,0.09626733548747382,0.18333396855478032,0.07027167559732637,-2.7377990222859863,-156.86432913203024
4316947.3686112,0.08734432271972972,0.1911654471496949,0.06883142771311537,-2.7528789131982383,-157.72834323681994
4316947.46867856,0.07402412997671895,0.18541721360468275,0.07850373411739918,-2.755268033510411,-157.86522974745643
4316947.5686088,0.06586387686464355,0.18162462042435717,0.07829284051799264,-2.759885163180057,-158.12977179099178
4316947.668609536,0.06603937099259763,0.17528945302594315,0.07396515828315349,-2.7618549977045572,-158.2426349955848
4316947.768584736,0.06741503023332103,0.1756870265540075,0.07465346181526308,-2.7612019826329566,-158.20521998802366
4316947.86857888,0.07722897786660424,0.17829993477365907,0.07651586012209126,-2.7590633283764467,-158.08268412528795
4316947.968532736,0.08178979208938399,0.17904010595874867,0.07328853178750296,-2.7615431602594187,-158.2247680260842
4316948.06856592,0.0825329029744423,0.18124731962765822,0.0727122938957571,-2.75782808559953,-158.0119099274966
4316948.168555328,0.08181330217035591,0.1805143992159224,0.07334965717945408,-2.754392270120039,-157.81505220133604
4316948.26851184,0.07946371535570372,0.18080815929113017,0.07217431325356924,-2.7548746997313924,-157.84269338197873
4316948.368510336,0.0758665111759657,0.17979564689755895,0.07265597974561791,-2.754395586488997,-157.81524221528065
4316948.468604544,0.0803495305633338,0.17771602189403377,0.0745917147172288,-2.756702334887882,-157.94740916293532
4316948.5685888,0.08184628798473557,0.17544519053066607,0.07425156133697315,-2.7615549419437713,-158.22544306687317
4316948.668458208,0.08092713411003892,0.1905750196579653,0.0675710377186651,-2.768285152679781,-158.61105573728017
4316948.768504512,0.06945862283992287,0.2221499410775081,0.059435260732014744,-2.7767234579160314,-159.09453501356046
4316948.868676512,0.05606682574948291,0.2601444802924713,0.0583843472211783,-2.790094977391199,-159.86066664516454
4316948.968604608,0.052239737970998755,0.28795781067010473,0.05394735633428533,-2.818471946761744,-161.48654722546877
4316949.068565216,0.03859333991567976,0.3098230599943416,0.06642292144466938,-2.842546144092643,-162.8658971276944
4316949.168639552,0.032011347727089697,0.3083838108392348,0.07126920451041578,-2.853418110467534,-163.4888149159838
4316949.268490624,0.031023576635127007,0.29623112242936833,0.07211561506099297,-2.8766422320746328,-164.81945906696916
4316949.36854944,0.029749544135474898,0.2510455060675702,0.06619690712447862,-2.908868384324715,-166.66588158084488
4316949.468688384,0.036265956893888375,0.21865908403149098,0.07188107664452652,-2.942927675413759,-168.61733521345465
4316949.568612736,0.042640108196257076,0.20371451900677234,0.07402149574715591,-2.965792082275884,-169.92736922772434
4316949.66873184,0.04346664153230025,0.20232683303446738,0.07265176219302805,-2.979989520069563,-170.7408224932017
4316949.768494816,0.044962954634464904,0.2049532274384083,0.07379178268842176,-2.9888954364347358,-171.25109391362258
4316949.86854512,0.04722295499221171,0.22612712293986872,0.073005845698953,-3.0079684070284975,-172.34389463142227
4316949.97171664,0.05192035072515043,0.24891031107217373,0.06731152134555492,-3.025500494554264,-173.34840925270262
4316950.068657888,0.048568893467034205,0.2614360204130498,0.06212277142944431,-3.051650185247258,-174.8466761649837
4316950.168580544,0.04763736977469491,0.26933206140479937,0.0644209933676255,-3.065956451080075,-175.66636481779634
4316950.268616064,0.04274614813013802,0.261515748586847,0.0677763089665732,-3.0913742615325295,-177.1226980811855
4316950.368622304,0.035163053233046034,0.24161361188392724,0.06593974929240219,-3.1280008303168993,-179.2212458905755
4316950.468560384,0.040038177237740454,0.20385053809757275,0.07089588310715371,3.1140439305563845,178.42157443921084
4316950.56855904,0.037391703260019435,0.18358755073218808,0.07388416407310436,3.0829601004297125,176.64060216185095
4316950.66864048,0.038552920435000027,0.1835765700704121,0.07102615821826018,3.0619885552502106,175.43902113319757
4316950.768535488,0.0419025543319076,0.18750242722514174,0.07101646708479958,3.0466875953747796,174.56234070983635
4316950.868441024,0.052281362195364535,0.21464389101076042,0.06726888841924783,3.0181497793087972,172.9272442927349
4316950.968606016,0.05943546888588744,0.24414189655572954,0.06629642975399683,2.982262612579487,170.87106110046315
4316951.068531168,0.06202108769596244,0.25668136549143367,0.06912672220150841,2.9404309519254173,168.47428349496147
4316951.168462592,0.06123560318839281,0.25863102655914083,0.06952407378692502,2.913816657197171,166.9493967323157
4316951.2685376,0.0552076750170171,0.2523096062714529,0.07122292361521337,2.875681110766525,164.76439087241448
4316951.368490112,0.045237702133844364,0.2381710071144472,0.06951703599411974,2.8256689094892145,161.8989028150658
4316951.468452512,0.026932254787101515,0.2062906935518114,0.07136929244967875,2.777930343145229,159.16368444355015
4316951.568471232,0.0223169800930509,0.19238978542280444,0.07288816188763468,2.7414387648353227,157.07287101862138
4316951.6685488,0.02330585683237388,0.18968586754380182,0.07731363269153049,2.7026599348819604,154.85100772783824
4316951.768515104,0.025958912929650652,0.19811118395538144,0.07614344317648818,2.673041439263552,153.1539929333767
4316951.868470592,0.03890071617900395,0.2203104520268722,0.06892041060015112,2.633093395152545,150.86513860601357
4316951.968548288,0.06270752865511295,0.2413926542032187,0.06896866587670976,2.597706549845675,148.8376217196476
4316952.068422496,0.07159866624940397,0.25244997963859594,0.06754769633061114,2.5442505435157647,145.77481816731913
4316952.168486496,0.07053390093320562,0.2526784405936868,0.06651272696357834,2.515982587722103,144.15518360487994
4316952.26845904,0.05867154233558146,0.2513528792840829,0.06915132928784921,2.4649904909076423,141.23355166888882
4316952.36850112,0.0341733854240446,0.23216580901486786,0.070487208038688,2.407127569349944,137.91825047333617
4316952.468547264,0.012200636563872599,0.22156093335876156,0.0700934443828202,2.341455684743457,134.1555286527143
4316952.568564224,-0.0029017395071709255,0.21142701378147377,0.07385558485519945,2.291550548054035,131.29617494438696
4316952.668391392,-0.005224636429842474,0.209367485125118,0.07560578434734525,2.2408684641363195,128.39230543897398
4316952.76853744,-0.0007925783085604577,0.21564448558326715,0.07674041901924679,2.20457974173857,126.31311480166107
4316952.868509728,0.019846080585616536,0.2254504521777071,0.0713933411688879,2.162316512958173,123.8916101639485
4316952.968459296,0.04888848327275101,0.23937134206998945,0.06561161133477694,2.111236400111851,120.96493528080227
4316953.068529568,0.061706417859211105,0.2421301640992196,0.06966821206732565,2.048060577118819,117.34522725603598
4316953.168538432,0.06403181830062935,0.24229360124820162,0.07049571635255848,1.9973981612046041,114.44248464421506
4316953.268382528,0.05737421977233875,0.2395650802854547,0.06862771355825605,1.940146956587519,111.16223224761619
4316953.368391584,0.025107124422875684,0.23769751161124433,0.06659550097101789,1.8721210089013482,107.26463254782088
4316953.46843792,0.00043270220992170207,0.2376893592393303,0.07164959669315112,1.797862535091799,103.00993540545095
4316953.568419456,-0.019622217429384785,0.23982434533475697,0.07242409637463129,1.7364356500989637,99.49043414672599
4316953.668592864,-0.02456915031564516,0.24160950340066611,0.07270173789505138,1.665288549480562,95.41400555669897
4316953.76851168,-0.013410389940414474,0.24262278790232156,0.07069537525136288,1.6160722061614599,92.59411680144753
4316953.868449088,0.009386098468917504,0.23866452927064194,0.06929398793640017,1.5651595585126743,89.67703696733545
4316953.968555392,0.04163761242342404,0.23354043776981243,0.06445114707358526,1.5085595420200673,86.43409490193822
4316954.068334272,0.05293994573083768,0.22979272743903723,0.06526787508808445,1.4379529733993253,82.38863651406886
4316954.168533856,0.057386696014475484,0.22891135054042672,0.06452555302426598,1.383991524472801,79.29687323416827
4316954.268538272,0.04701729609409328,0.23343430107201885,0.06702425043795428,1.3214764427611776,75.71502289617679
4316954.368446592,0.018640523145549967,0.24908587721862716,0.06258342235856623,1.2459173585293197,71.38580626581783
4316954.468383776,-0.013169110405733658,0.2623398839885893,0.06693203235668635,1.1638113277067081,66.68147722711115
4316954.56835984,-0.028175187239662943,0.2738931034484013,0.07352966174851523,1.101289647627227,63.09924883048972
4316954.668461536,-0.0349146788627295,0.276938257676451,0.06800499834656015,1.0257078823560537,58.76873267230304
4316954.768513632,-0.035649678557956754,0.27713985735530167,0.06907726667961726,0.9708253121271765,55.62419302935803
4316954.868526528,-0.02051713730171542,0.2655260498716012,0.06757586624740826,0.9115793728483274,52.229650755391624
4316954.968390912,-0.007055329185281683,0.2466023965260019,0.06266228457356564,0.8454587909178454,48.441220471826036
4316955.06833376,-0.0005214939094318929,0.23572543739391366,0.06511687545138516,0.7710708603580692,44.17910600403862
4316955.168351008,0.001828438467026169,0.23241462136993218,0.06355525334174315,0.6984105565018843,40.01597725494109
4316955.26843888,-0.0019150523090636087,0.24086463880216677,0.06125560347409765,0.6293201951610903,36.05739114507976
4316955.368414688,-0.013356813794923943,0.2725415823240567,0.059780613413774435,0.5506797062800818,31.551623033352502
4316955.46848592,-0.02430677428822887,0.29734469156717225,0.05768163743326221,0.46679605823328174,26.745444030110047
4316955.568484224,-0.036518684692308165,0.31968451415009363,0.06418209338992395,0.4028477725431048,23.08147715296607
4316955.66844336,-0.03685711050811424,0.33036758883423745,0.06135719055946091,0.32479233800784213,18.60923018603583
4316955.76834992,-0.03678949132639862,0.3225336142404939,0.06112577683910913,0.27472313851637964,15.740476371576461
4316955.86835376,-0.03725250652943395,0.3093282284464137,0.06266693439332044,0.2223907618373341,12.742052055978299
4316955.968478752,-0.03501158934466129,0.28133355373224583,0.055549877689181903,0.17529993620225265,10.043946493301666
4316956.06851264,-0.040824006959522374,0.2624104538164166,0.05783760540449992,0.14042289370319394,8.045639156207196
4316956.168391552,-0.04059442115971195,0.2607046859916654,0.05830481911030433,0.09940839316650843,5.695681376618066
4316956.268523936,-0.03560201726439074,0.2654353104084871,0.06137335994401879,0.06881918853039135,3.9430490523065465
4316956.368414976,-0.03663133984175004,0.2934712926798899,0.05465857561304275,0.028561994641537778,1.6364817474353872
4316956.468456608,-0.03348069312011037,0.32142945002942075,0.05441410969392554,-0.012590643109206472,-0.7213907115130033
4316956.568501248,-0.037768629818651374,0.3473783893346491,0.05680126392553617,-0.04809018904187444,-2.7553648680856857
4316956.668439776,-0.03614117772603032,0.3611435935408381,0.0594647622454417,-0.07392966626766992,-4.235857857948176
4316956.76838176,-0.03665482936295689,0.3594696147606531,0.05964864305151897,-0.08187628832136437,-4.69116576301045
4316956.868480256,-0.043016810911939464,0.3477664202769662,0.058241759798612666,-0.08849705193359671,-5.070507575145153
4316956.968437888,-0.04898444061746001,0.3283766228716182,0.057145368265001245,-0.10183876067086234,-5.834931177283289
4316957.068401056,-0.05161295922606277,0.30739337318219595,0.05702741251227594,-0.11794049336583894,-6.757492503553256
4316957.168276768,-0.05270784465656359,0.3012354400652909,0.06031660671301137,-0.13028789078850256,-7.464946263842592
4316957.268391904,-0.05050154449715321,0.30393507684647175,0.05838282303893795,-0.1423120375476663,-8.153879125388581
4316957.368379424,-0.044130192625391085,0.3242834889606159,0.051490137847246174,-0.15729047229906606,-9.012080220355871
4316957.468325728,-0.03748920105672472,0.3548167911886912,0.052976593588799865,-0.1785558943939633,-10.230499155957734
4316957.568307552,-0.029886786067408525,0.37808689246948324,0.055415713882800845,-0.19666670172432069,-11.268171979561805
4316957.668386016,-0.025799013814298756,0.38761022724510674,0.05535675564673291,-0.20410077362365933,-11.694112923990714
4316957.768339424,-0.027045636441316693,0.3882569654880169,0.05568433964033854,-0.1997828874654212,-11.44671627070571
4316957.8684136,-0.03042293816259502,0.3769301874651517,0.05668474730909473,-0.1934127083303673,-11.081731891524825
4316957.968314592,-0.03756548703909299,0.34915789722188073,0.0551726885131811,-0.18927310275766177,-10.844549963359963
4316958.068272672,-0.04537366972495354,0.3265848674803102,0.053975654406062175,-0.17686615026397387,-10.133683948852333
4316958.168266816,-0.04619373667727547,0.3117548149236674,0.056811664842809445,-0.16985881228792335,-9.732193057202895
4316958.268353792,-0.041835922084624326,0.31419200041371564,0.056952619616039764,-0.15729427145335448,-9.012297895862318
4316958.368321472,-0.03767563334702331,0.3283965586686609,0.05143632417259187,-0.14744947579063689,-8.4482326542199
4316958.46841792,-0.03391136432669393,0.35624966232473243,0.052670113426038924,-0.13565235701093176,-7.772307537728273
4316958.568285568,-0.03429055231108859,0.381819866006003,0.0523969464152378,-0.10617018596590067,-6.0831035659651915
4316958.66827376,-0.031120531239082774,0.39977981118276484,0.04982577334327483,-0.08350473033165517,-4.784468617381912
4316958.768325184,-0.03634633692380854,0.40290898563605265,0.05435081861341177,-0.05138658363330926,-2.944234365784652
4316958.868319424,-0.03103138963270735,0.39097091210501306,0.0565816684643157,-0.016520509814184715,-0.9465554877572401
4316958.96831872,-0.03125408067564837,0.3767435264618397,0.05573128492536516,0.013302528710204696,0.7621787519463357
4316959.068372768,-0.030627445051131297,0.3516776484883601,0.061515791419536836,0.04900262085834027,2.807643360262633
4316959.168382592,-0.0254785718327797,0.3357557168340617,0.06368314004041445,0.06461895167146905,3.7023932073350134
4316959.268278592,-0.026547091669926106,0.33486562945189974,0.06175985767882626,0.08803594460479945,5.044088071302519
4316959.36826688,-0.026217577227021616,0.34135771151630834,0.05780062737914064,0.08924807469224902,5.113538009534202
4316959.46824592,-0.031753549959997615,0.36526256853152456,0.053768837298391985,0.09326193014956467,5.343514986813942
4316959.568350112,-0.03872735040617927,0.39413441050405185,0.05074774447585348,0.1074757009397277,6.157904064056614
4316959.66828768,-0.040647373441248434,0.4040989689095528,0.055617729445484,0.1138493780048145,6.523088859865416
4316959.76834784,-0.04428176427993625,0.40834381554885485,0.06393153913414255,0.12304792026040923,7.050126508783742
4316959.868396736,-0.04113157144735143,0.4027984213399487,0.06302196293890783,0.13229077351692722,7.579702991040972
4316959.96839776,-0.0408753624518258,0.37473938204913,0.054809084681994504,0.1452612354356674,8.322855717319941
4316960.06830416,-0.032938803576050224,0.3613568627798268,0.05599382160149169,0.1698555873084837,9.732008279491987
4316960.16822496,-0.025868846376824444,0.36267717285583184,0.05985410343977098,0.17470680272846645,10.009962448565783
4316960.268225184,-0.018772770215760844,0.3674524695775009,0.06358123274360974,0.17748881675507636,10.169360110836726
4316960.368294944,-0.01938404847809627,0.37089206051766344,0.06184375844926092,0.17596948771285192,10.082308969025613
4316960.468219584,-0.02673920027792684,0.3745484804101261,0.0625009300314898,0.16811455791355215,9.632254643154193
4316960.568339168,-0.036871930660206574,0.3746464825008579,0.05860579998120022,0.17172866400463557,9.839327668885797
4316960.668301312,-0.038610492612168916,0.3759225056027073,0.057006903235380074,0.17071726435469206,9.781378737543024
4316960.76830448,-0.04310648206500821,0.37282053906183704,0.06093916819733923,0.17607335094990223,10.088259894155161
4316960.868331328,-0.04196809644711529,0.3729674338844698,0.06014517380271568,0.17658615804662298,10.117641576501619
4316960.968330048,-0.03322133151699249,0.3703919081340678,0.06232513573952112,0.1767435772126838,10.126661030331372
4316961.06831872,-0.03341349015477036,0.37015635879002423,0.06180555373941624,0.17626172300110274,10.099052817667173
4316961.168199712,-0.03261433982396277,0.37116806568244376,0.061739579884699074,0.17630186124009883,10.101352569358736
4316961.26825696,-0.031109875071110488,0.371588293962532,0.06065122024400832,0.17512327271899641,10.033824421317004
4316961.368229568,-0.033170424266439506,0.37062553246560725,0.06065324301281247,0.17440326242420368,9.992570870219408
4316961.468300896,-0.03283143824180477,0.36969738875205926,0.06212936368105859,0.1738038098898224,9.958224769980943
4316961.568292448,-0.03437910327266183,0.37025972233453613,0.06334508980712265,0.1737302859805019,9.954012160283574
4316961.66835552,-0.032791413959845576,0.3687679599609592,0.06061137091053031,0.17354933437400571,9.94364439693523
4316961.76832816,-0.031812262162998144,0.36788464687434597,0.0617648143944317,0.17317189515250686,9.922018722520642
4316961.868258752,-0.031568418270775674,0.36775150481024194,0.06201787839692898,0.17361016740017074,9.947129872589496
4316961.968334272,-0.029261490916412208,0.36545090708738265,0.06275423977245995,0.17373690252079327,9.954391260117248
4316962.068283616,-0.02664571714173041,0.3620983270297926,0.06035041623975146,0.17373053314236012,9.954026321614906
4316962.16824944,-0.02715881642465018,0.3600865696677042,0.061632703916350756,0.1734558925576795,9.9382905752297
4316962.268299904,-0.027934682123091623,0.3586823771898629,0.0623675839506504,0.17358750197756354,9.945831239533222
4316962.36816176,-0.027418967513613963,0.3579890423486295,0.060407640744394905,0.17358026967695256,9.945416859232044
4316962.468231328,-0.025878584408859144,0.35707141324865393,0.06298027960499862,0.17383210262796964,9.959845824467646
4316962.568204896,-0.025707232824464077,0.35695783908607154,0.06274655131442977,0.17422396046212327,9.982297624533787
4316962.668215904,-0.02576456176002653,0.3574555294423049,0.06273937116791885,0.17385452307310278,9.96113042134858
4316962.768302592,-0.028226337157227152,0.35743069988850207,0.062280678211346474,0.17403288505710013,9.971349810257209
4316962.868331936,-0.031224252971076356,0.35523654820238115,0.0610553049843689,0.17417778202933126,9.979651795230277
4316962.96821488,-0.03404897605842627,0.32466427689454913,0.06031766705275476,0.1825478704670242,10.459222536861331
4316963.068182432,-0.032367872566957306,0.282431197495684,0.04944358860196234,0.1877564320884947,10.757651135105407
4316963.168203008,-0.033743718632974706,0.2211646673281511,0.04879618384902737,0.2044712560781387,11.71534000501603
4316963.268256064,-0.03622386386104309,0.19272063541038262,0.0575807907549292,0.233578441387124,13.383058876726079
4316963.368198496,-0.023134445043853515,0.17721155234549346,0.06335286668177974,0.24478971449117326,14.025417508556636
4316963.46832064,-0.009243431349108525,0.17238369245136143,0.06432308996244541,0.24852209682919826,14.23926726405464
4316963.568183456,-0.0014141008734460461,0.17917825809346635,0.06354827350258116,0.243205450849993,13.93464588828098
4316963.6682296,-0.0007832142631493832,0.20141145159248616,0.0600854137055957,0.2226121343250424,12.754735765224295
4316963.768244704,-0.009159656405479083,0.22629866000059096,0.0646538188389196,0.21411121545520717,12.267668991999614
4316963.868279008,-0.008603775017554556,0.23616583398020521,0.0624084791009194,0.21989112448673467,12.598833385475688
4316963.968178592,-0.01460564812309639,0.2322536289608029,0.06548626607677882,0.22352042375066586,12.80677691588888
4316964.068179296,-0.014987320223767154,0.21408431392183966,0.06565603994621622,0.22785542452463942,13.055154164423511
4316964.168247424,-0.014430149771380884,0.18033043681323757,0.06455756606443423,0.23095843276685696,13.232943440496884
4316964.26818272,-0.012880342973591814,0.15130841189944605,0.06564475002580257,0.23432189883048432,13.425655850478213
4316964.36816608,-0.0030166011461409195,0.15329177389647594,0.0701370699753154,0.22067750767719765,12.643889823369248
4316964.468269504,0.011177270429410545,0.15950733017229868,0.07720733124887104,0.1967030610390098,11.27025521483948
4316964.568218848,0.011308171911938482,0.1610083548044385,0.07771083272685757,0.1858612698599076,10.649066337914759
4316964.668299872,0.003368629184608469,0.16647819914146314,0.07689942366411684,0.18300230212098584,10.485259552710483
4316964.768187296,-0.0013071160444654939,0.16785144463448637,0.07339974284695776,0.18590182426078564,10.651389933925753
4316964.868106944,-0.0035043202697860585,0.16806014897559096,0.07341573759148047,0.19081868617498116,10.93310537005777
4316964.968177152,-0.003380838298631719,0.16818861667342266,0.07429377712000897,0.19414212582842538,11.123524435666546
4316965.068152096,-0.000285795907043805,0.1670202659897657,0.0760189922162658,0.191622882904175,10.979182448538804
4316965.168128288,0.0004942516551934822,0.1657385098757997,0.07485255078660527,0.18823092166057664,10.784837385008672
4316965.268264096,0.0013322572352998205,0.16567611815873862,0.0743959273555237,0.18591878548520488,10.652361740500348
4316965.368226688,0.0041928145242976,0.16298524349601662,0.07476527302933092,0.18614653117121566,10.665410607111077
4316965.468133312,0.005117911509910199,0.163435368106858,0.07469822181606103,0.18709523153838284,10.719767134172269
4316965.568120992,6.365033310631136e-05,0.16340715438049616,0.0751787709257328,0.1877970095314286,10.759976051328954
4316965.668187488,-0.003206777571101619,0.16252375189042775,0.07644416138479776,0.18866206595485116,10.809540133431748
4316965.76809552,-0.006128801900258876,0.15100563553174118,0.07391262607299282,0.19181321133628845,10.990087464420245
4316965.868116352,-0.003559557843963147,0.11505861503674551,0.06768367263973787,0.20107930818158484,11.520995706215215
4316965.968250624,0.001464945747301579,0.06628707361621226,0.06064968790643401,0.2079229880565518,11.913109679389441
4316966.068082272,-0.007865456965166058,0.026714528597639706,0.06371983040312293,0.21970816647857114,12.588350663779796
4316966.168232576,-0.00018927109177850013,0.004515091807339107,0.07970467599577152,0.23680016114876923,13.567649821842245
4316966.26817728,0.012326641561863418,0.0020584730347945894,0.08676039882607076,0.2401464696727826,13.759379177216863
4316966.368168256,0.018405289223000314,0.004894910193116026,0.08919744776001678,0.23854247206270604,13.667476883810405
4316966.468247616,0.023325163061147514,0.02491701300364803,0.08592351714976677,0.22004215394078255,12.607486735774796
4316966.5682456,0.024916441608101816,0.04989533791737743,0.08129413222866592,0.21510194877537808,12.32443382986839
4316966.668087968,0.016088775969164956,0.06408825823296208,0.08315787937471622,0.219046132145826,12.55041889062074
4316966.768186272,0.014423695827389473,0.07247484226495414,0.08270659222608912,0.2160265148750454,12.3774075652602
4316966.868225248,0.009386578128425235,0.06123520094319834,0.0838901519514112,0.21938605349812595,12.569894949473907
4316966.96808864,0.00827258603328198,0.04536444838706366,0.08729839938513195,0.2235558844059642,12.808808661776244
4316967.068194816,0.00936846122325672,0.01897645986571198,0.08399207320827778,0.22513532825167465,12.899304128113364
4316967.168195232,0.012857584799548846,0.012867793539705762,0.08413630337285014,0.23459850884543668,13.441504436906033
4316967.268094304,0.02841454779084638,0.01362695009551774,0.094141875068763,0.2142220369344108,12.27401859503738
4316967.36821168,0.03537523674446532,0.014790729089580155,0.09149764635745478,0.19946318974491736,11.428398940600887
4316967.468156672,0.03439391906150112,0.014537757605344589,0.09258747579734483,0.19714130627650994,11.295364817339946
4316967.568122432,0.027462431033809524,0.019587274645049675,0.09548776179184233,0.2034458945457833,11.656591116736998
4316967.668030144,0.016175820763213,0.02457247195414837,0.09442428564341916,0.20828489354518048,11.933845336470485
4316967.768163264,0.011287458669573132,0.028001361010020563,0.09428463392379403,0.21550383333918938,12.347460119226234
4316967.86814784,0.005728262013826633,0.029117240683038566,0.092036929882847,0.21391458257809942,12.256402758027825
4316967.968195936,0.0018444666322972982,0.02527174475492697,0.0913446940709718,0.21293397320129784,12.20021797938614
4316968.068187552,0.004015555696488418,0.0021534740996080187,0.089496481824866,0.21924468068333106,12.561794883848275
4316968.168066656,0.011712957051109104,-0.02983158425374115,0.0828491262814617,0.23612643580740408,13.529048203231012
4316968.268067168,0.02360053094023054,-0.06273991306819111,0.09070861929267071,0.2619035086276413,15.005965684031988
4316968.368136384,0.031956871440781194,-0.09418245807896561,0.10084188015120933,0.2805064365809424,16.071834942342083
4316968.468102752,0.047571426499957645,-0.09607790714716151,0.1086449852630909,0.2852679078956629,16.344647152948177
4316968.56806672,0.055538759058800714,-0.09412445288791718,0.10228571135738383,0.2876040122966075,16.47849607562424
4316968.668136288,0.05388858965979635,-0.07998071785643583,0.0973687136631449,0.28296155553379254,16.212502896542976
4316968.768200576,0.04491268206642265,-0.05144665174801775,0.0945618029096086,0.2784140023426776,15.951947291580842
4316968.868041952,0.03119404242156154,-0.03279578845544356,0.08706768269907225,0.28488097875790686,16.32247774638412
4316968.968227968,0.02107665051009556,-0.015908071632001013,0.08297174015429862,0.28210841601941566,16.16362160303334
4316969.068211968,0.016442693965724512,-0.018117234683926432,0.0790318088323902,0.28544506152017735,16.3547973079583
4316969.168056352,0.013650197343336543,-0.02594656067049782,0.08039527127703365,0.2927780908377295,16.774948938899737
4316969.26815248,0.01707347128529951,-0.043989880369907454,0.08569436048566485,0.2947933264625763,16.89041343492787
4316969.368048384,0.02022835962558055,-0.06342681697379061,0.08749071418824655,0.30248215145581236,17.330950656455
4316969.468003264,0.023636218196636426,-0.06186939650013866,0.08482070898482913,0.285275480284315,16.345081018858775
4316969.568129248,0.037269599375071856,-0.05952058698072049,0.09016689946105158,0.28149818302639074,16.128657828013377
4316969.668007808,0.03817013312777049,-0.05260881231001544,0.08979605031461926,0.2704710419759862,15.49684918572974
4316969.768198944,0.029480280180296095,-0.05181433766948321,0.09168064434143416,0.27334387924574016,15.661450636514527
4316969.86807968,0.020772371563606323,-0.051239053513979296,0.09084224920295579,0.2793677777465277,16.006594596824836
4316969.967990752,0.01962165415565833,-0.05079695657509403,0.08950449723263056,0.28643789655777,16.411682565365073
4316970.068011744,0.02051478084250136,-0.05128279172688595,0.09355420787076317,0.28552452909082665,16.359350464364663
4316970.168094528,0.01989522618611761,-0.04675148562923214,0.09741494143307874,0.2821575156105677,16.16643480238217
4316970.268018656,0.024956996982751372,-0.051119811881635176,0.10009094214542337,0.27917249639287994,15.995405799443219
4316970.368176992,0.02856528707752126,-0.04892018768043032,0.08844692341502063,0.27762022721968566,15.906467327150924
4316970.468112928,0.030887771467293983,-0.04535016964706942,0.08983708518930925,0.2765472076664354,15.844987835414674
4316970.56798496,0.030794949489617002,-0.04588321790442487,0.09603896841478972,0.27741841771790876,15.89490449443347
4316970.668116128,0.027831966800387357,-0.04525281751479545,0.09290923674493218,0.2778880490742602,15.921812389079411
4316970.76807824,0.025818518398572094,-0.048402369286182384,0.09385983287424463,0.2777636237267945,15.914683341805178
4316970.867971872,0.02266243104664281,-0.048540441965413385,0.09435370227598736,0.278725357691769,15.9697866390126
4316970.968071264,0.024896176283150048,-0.048869796799387355,0.09487846292956874,0.27925524459528617,16.000146922203392
4316971.068094656,0.023958989067633527,-0.04867018781503478,0.09089709935864772,0.27777111913405805,15.915112797007113
4316971.167984896,0.026398723739297674,-0.04845867893905741,0.08904792336940273,0.2787161516579085,15.969259172126337
4316971.268092,0.026935483589123375,-0.04899233849123205,0.08900691033812232,0.2788716267277018,15.978167237445
4316971.36808896,0.029253900042532418,-0.047142263598746535,0.09087731723476768,0.2782987545885985,15.945344081673746
4316971.467989856,0.028641497804117778,-0.043348255430577146,0.08397643341459635,0.27887970164500153,15.97862989612619
4316971.567964224,0.02639259057800794,-0.04369126470965849,0.08931482273580783,0.2782144390790424,15.940513158828688
4316971.668047392,0.026930683625718724,-0.04397024550229005,0.08935366495835405,0.277285679629245,15.887299162172404
4316971.767978784,0.02962852922066537,-0.0499412284193831,0.08874107063340585,0.2800433911115555,16.045304391223564
4316971.867955936,0.02884465036614092,-0.04762546843832268,0.09059185460589694,0.2791248746603021,15.99267727515341
4316971.968088256,0.02851055725779567,-0.04974967418271791,0.08620875789764017,0.2787811624700641,15.972984017285574
4316972.067976,0.02517054924946042,-0.061465582684882135,0.09111564856092044,0.27958198326046246,16.01886766872173
4316972.168102656,0.01964197450765934,-0.06557549213519762,0.0850586397659276,0.28354967199336056,16.2461994875384
4316972.268075232,0.0041286845834973655,-0.05173261999051687,0.0764407942860089,0.2788218734497056,15.975316584598874
4316972.367963488,-0.006027418264244952,-0.02628459592477426,0.07415575654828319,0.27436044997950104,15.719695849135544
4316972.46807728,-0.011451364339911844,0.015826900776679864,0.06659085770534634,0.26336606640607874,15.089764072030485
4316972.568101536,-0.022595204049174783,0.052999913665176306,0.07352996066444217,0.2576059762364531,14.759735215696141
4316972.667992928,-0.026185531519709756,0.07191268343572205,0.06816371378983488,0.24847289833176794,14.236448397793497
4316972.767930624,-0.026727035595902855,0.07552665051129828,0.06701217177826135,0.24554107758920654,14.068467442955818
4316972.868047552,-0.027180891133951675,0.07128159267263554,0.06878198152753645,0.24810005952261718,14.215086307590475
4316972.967927168,-0.028228766155201188,0.056561586007457774,0.07555571796615884,0.2509945235099827,14.380926878019126
4316973.068099488,-0.03125253597959557,0.04251145325567192,0.06984308182168272,0.25866541657024117,14.820436675468128
4316973.168038176,-0.0232846088174844,0.03922609019297948,0.06901071360051726,0.24351451049061987,13.952353701306729
4316973.267977632,-0.013583315887675567,0.04368295493855139,0.07324650445738493,0.24005824400932066,13.754324219055752
4316973.368056288,-0.012303565090182426,0.04932003752803709,0.07368679425416015,0.22233716879674728,12.7389814009414
4316973.468067808,-0.020122428575784845,0.056040990047485244,0.07464486628017661,0.22566965550374488,12.929918824535811
4316973.567901632,-0.028575828125893415,0.06158992646900525,0.06978530857719532,0.22991812886874036,13.173338417723794
4316973.66788112,-0.03312969528591931,0.06066800762307536,0.07156917529706806,0.2314885270505246,13.263315605695052
4316973.76804288,-0.032925190922612604,0.060148979793622895,0.0715058724966477,0.23743561078208975,13.604058403924645
4316973.867955968,-0.030864241630074847,0.055082157789724105,0.0732546114572501,0.2363492901299182,13.541816815357318
4316973.96799776,-0.023872526587832777,0.051569415058059315,0.07636017015043667,0.23654897823396528,13.553258100938184
4316974.067999936,-0.020005265226941064,0.05088873792506877,0.07600209709050998,0.23477193433210203,13.45144098535196
4316974.16797248,-0.018563797411613497,0.05118665605541956,0.07573792548858418,0.23188993958746076,13.286314849905132
4316974.268055104,-0.01440659749055382,0.05057436700601166,0.07636781333331277,0.23091970297562942,13.230724386918123
4316974.367971968,-0.01484303914955222,0.051270258709445855,0.07399939153598033,0.23103986459934325,13.237609140816366
4316974.46793184,-0.018127512243331687,0.051510836296017534,0.07468438903018426,0.2316029501490881,13.269871566321548
4316974.567902528,-0.01850531569534665,0.051590632407957096,0.07465101613487286,0.23147200221437644,13.262368802326616
4316974.667931744,-0.018776800691093443,0.05313744618105821,0.07545122639779586,0.23202807610387743,13.294229489292446
4316974.76788,-0.018524527061817602,0.05218160360961026,0.07549469745105675,0.2317999665556105,13.281159774910115
4316974.86784384,-0.0192867484913279,0.050390489477061866,0.07524860014923554,0.23121614582242034,13.247709310906085
4316974.967980448,-0.014959272902392547,0.0328594674663895,0.07612964247940508,0.23288064152598917,13.343077889738238
4316975.067860384,-0.02015319995497357,0.030595839978192235,0.07544469258180997,0.2399919815537907,13.750527660013711
4316975.167929312,-0.02032624871363196,0.042466727500969345,0.07026266462765599,0.24174446446116085,13.850937534274838
4316975.267932224,-0.017439162788964815,0.07024726960869505,0.06740643273998805,0.23602395450724556,13.523176457252914
4316975.367914272,-0.013661711511201855,0.10647206143134377,0.06126493523808973,0.22303365683258244,12.77888722587611
4316975.467863936,-0.006555564753086058,0.1382050986828281,0.0635024779510014,0.21609709834001112,12.381451699906146
4316975.567982976,0.001030504003455666,0.1554482481964597,0.07083661169748859,0.2139842900951309,12.260396704554065
4316975.667854944,0.015775369543948575,0.1564739174386533,0.06867868709665186,0.22975448576873012,13.16396235874677
4316975.767848224,0.03156839124833902,0.1538262791901481,0.07317555003514517,0.24057197560827925,13.783758871478586
4316975.867935232,0.06152611253674939,0.12878681063247058,0.07121914487331535,0.24504444602711695,14.040012550475094
4316975.967816384,0.09159020851265026,0.09790094864469759,0.07092621614537443,0.23691192334539854,13.574053324018216
4316976.067847136,0.11711057794272343,0.08242684389839403,0.07391882413544192,0.20878613464182036,11.962564335826459
4316976.167928896,0.14149696519988914,0.07997559650212896,0.0754061021740327,0.20850036772565772,11.94619109760587
4316976.267855936,0.16646513440859573,0.08566070083270604,0.07455166202410868,0.21003256970017087,12.033979804107085
4316976.367840672,0.1859932302981238,0.11108821455776732,0.07589157920133928,0.22756281638745912,13.038388953111895
4316976.4679368,0.20399054244122625,0.1443464222260363,0.07784322354852403,0.2441028021736533,13.986060331867192
4316976.567891392,0.22530988256868034,0.17004072977884302,0.07726110749040901,0.2519286278887759,14.434447116548666
4316976.667819008,0.24455496487818154,0.1835254854571474,0.07936346243619884,0.24705188675580897,14.155030431851813
4316976.767924448,0.2567654646206992,0.18338248505162433,0.0804677017185396,0.2387749898204949,13.68079916999355
4316976.867798176,0.2846397768851487,0.17071908372954234,0.0807568300369103,0.23127318317430562,13.250977310443716
4316976.967860672,0.3229734692125505,0.15947136309630625,0.08381973379558194,0.22412502098229428,12.841417785566483
4316977.067932416,0.34957826725001384,0.1474170030864405,0.08642192167894096,0.21254575192687766,12.177974538844675
4316977.167849856,0.3769595692667016,0.15074047682396144,0.08904433886174072,0.2169930589552428,12.432786461768865
4316977.267942368,0.40430522273173314,0.16934095454471146,0.08166753959784183,0.21388166694759708,12.25451683132003
4316977.368002496,0.42554911539350876,0.19582089124606178,0.07570261659896241,0.22431410991295728,12.852251783246114
4316977.467856832,0.4505834704251336,0.22715872700371093,0.07949906625613638,0.2407377072772971,13.79325459664497
4316977.567967392,0.47404428273106447,0.2567170035981833,0.0838716669272425,0.24902045315080357,14.267820977976287
4316977.667913088,0.497584982287576,0.2705355653030571,0.08524411945598627,0.24910127246424843,14.272451583539823
4316977.7678936,0.5317665568995817,0.2706401460600991,0.08671946564858249,0.24678035543821092,14.139472833347819
4316977.86791024,0.5630336422649033,0.2622274698016375,0.08645789653593797,0.22998581394950726,13.17721648718774
4316977.96795984,0.6120751747624563,0.2435687904836145,0.09065454149523142,0.22157775497110654,12.695470193828301
4316978.06782912,0.6609826738494404,0.23582142758278068,0.0876813738714907,0.1980461517079916,11.34720864167554
4316978.167957184,0.6980249723723906,0.23444711094384282,0.0887000199735649,0.20495044964184866,11.742795773786442
4316978.267856032,0.7409598712861407,0.24889035532994166,0.09547651373454685,0.21367437994392016,12.242640160861429
4316978.367829504,0.7803205195026867,0.27904056299588453,0.09588988045470291,0.22700229783153164,13.006273605518482
4316978.4679976,0.8270449211649009,0.31513857782175414,0.09108303609120424,0.24055423152623812,13.782742210466296
4316978.567951008,0.868570407326161,0.3394863542669697,0.10103449591607624,0.2540343992786561,14.5550989298082
4316978.667842656,0.904582247360172,0.3533444426647871,0.10772401527778053,0.24627990701636088,14.110799250911828
4316978.767984352,0.9434379144958925,0.35500214474184616,0.10199178587470586,0.24070516012165893,13.791389781991747
4316978.868018624,0.9917089515561148,0.3446867881853573,0.10147233252225936,0.22348873829423768,12.8049614729636
4316978.967861152,1.053376639253823,0.33113566418185447,0.09439107440034833,0.21323185012217913,12.21728506976699
4316979.067977504,1.1024647144844146,0.32612864889164445,0.10689257990934799,0.1887023373433091,10.81184751402552
4316979.16786704,1.14475991032986,0.3309312176220955,0.11365065798213361,0.1966785742050694,11.268852222601057
4316979.267949344,1.1867208270408387,0.3498972945272502,0.11226160138863528,0.2070859980934838,11.865153687010833
4316979.368003264,1.2343364051412309,0.3793394294619123,0.1132078896581452,0.22502210314696067,12.892816807478326
4316979.467951232,1.283145879670874,0.4222380486463671,0.11352550922561343,0.2410044600087227,13.808538402329242
4316979.567817056,1.3273303143867767,0.45603432848915926,0.11269905963211087,0.25425283546212907,14.567614401214145
4316979.667951072,1.36185796619857,0.47690665635248924,0.12119033708363516,0.24520995532750955,14.049495534857753
4316979.768006464,1.4096079561447865,0.4889721676379527,0.12241778201401587,0.23294408309512626,13.346712823895482
4316979.867825632,1.4625185673765768,0.4845163752864325,0.12503819611246914,0.21243966187307425,12.171896026513423
4316979.967964896,1.5233702880525108,0.4723720806131416,0.11977704659953799,0.20062898932149562,11.49519433609696
4316980.067913696,1.5814525153681442,0.46298253148959423,0.13048640770823455,0.18155287634960024,10.402213573292594
4316980.167946912,1.6299340803783735,0.469367170788638,0.13636344615269236,0.19301696478738617,11.059057456742453
4316980.267985824,1.6741347559435396,0.48865133563087276,0.13888195489616106,0.20443497283170917,11.713261128128583
4316980.367910048,1.7257954581364374,0.5080237487628729,0.13217642239408073,0.22284512163397613,12.768084954706309
4316980.467998016,1.7888322264249525,0.5395911830027551,0.1285856223763211,0.23992777397018067,13.746848836460124
4316980.567879008,1.8255530281508758,0.569846461558429,0.13416851895552978,0.2533747080759009,14.517301408108416
4316980.667880128,1.8691460751226614,0.5875914199448713,0.13882999910013158,0.2454323499233985,14.062237806588707
4316980.767987392,1.918310131184675,0.5955168372558816,0.14733707317468347,0.23578728663101822,13.509616386798763
4316980.867813856,1.9645979217044567,0.6013064820523666,0.14482022582086657,0.2171492949371587,12.441738124140729
4316980.967835616,2.0369572564596234,0.5913744159952737,0.13576909477779564,0.20535742207471994,11.766113576568138
4316981.067977984,2.089824970188142,0.5889470493969584,0.15746261848923243,0.18753552090135986,10.744993856435356
4316981.16795104,2.133056944034393,0.5914407616935964,0.16169664951115312,0.20054313544758678,11.490275271467135
4316981.268026816,2.17799737663743,0.6132032220827262,0.1660672492122517,0.207702233685845,11.900461385638875
4316981.367976224,2.227554393932203,0.6446954434127801,0.1554273266627906,0.22310659006123013,12.783065992063886
4316981.4679344,2.2744152257341215,0.6779516100151148,0.1653733795414324,0.2379811071526236,13.635313043695941
4316981.567998688,2.3166020015997475,0.7123710626118741,0.16805009915129004,0.25567618440949774,14.64916628867276
4316981.667910336,2.3652133965579174,0.7386663812904534,0.17191505548786581,0.24280999799555997,13.911988108725565
4316981.76791616,2.4105841717375234,0.7444135600990599,0.1756641306135408,0.23064111896689252,13.214762698977664
4316981.868013632,2.4616986306178243,0.7436335994790527,0.17578511519283324,0.20522056004153597,11.758271959691116
4316981.967949376,2.5332432183715725,0.7328507798805872,0.16959082538893722,0.1956081063876733,11.207518934559678
4316982.067811424,2.5819102965805336,0.7196311466486143,0.16512003507733758,0.1806065389819136,10.347992436128628
4316982.168046272,2.6220307772753992,0.7214788808255536,0.1842186671058259,0.2008168775376294,11.505959537901667
4316982.267912032,2.6601142530226314,0.7285730725120838,0.17927651628446833,0.2240425873823939,12.83669468820212
4316982.367955456,2.688217529127014,0.7521377342626102,0.18109367080268512,0.22382330039120027,12.824130469104603
4316982.467987968,2.714470426993015,0.7847093686079724,0.17915368337604615,0.22357417001883562,12.809856350219587
4316982.567922816,2.733884318833513,0.8078366403247638,0.19036944637903178,0.2198521096126203,12.596597997850699
4316982.668436448,2.7447473606205683,0.8227841067767281,0.19020927803923432,0.205257499362252,11.760388426866225
4316982.771174112,2.764412437406898,0.8220552903676616,0.18963194121249177,0.20218837061110292,11.584540302643127
4316982.86794624,2.7805210171329637,0.8106681024396852,0.18756979526659698,0.20463365662903324,11.724644871172885
4316982.968022464,2.7942959290710645,0.78678612309003,0.1922383074721271,0.20721441325840836,11.872511333986488
4316983.068003904,2.8072505696252694,0.7713878925673028,0.18734008434480284,0.20782457567070428,11.907471065028565
4316983.167949504,2.8181215701871474,0.7688927874418129,0.18757327427178858,0.20664876507471672,11.840102080371716
4316983.26781552,2.828510571966537,0.7703176534088525,0.1893590582784476,0.21203543867428104,12.148735743241295
4316983.367944032,2.840127983955001,0.8003036626345462,0.18815301442972382,0.2101104345417833,12.038441130903932
4316983.467941056,2.8402875934927474,0.8268127263392221,0.17871181806912187,0.20531590290957483,11.763734703636416
4316983.567774272,2.837274440573812,0.8454251804446369,0.1894619498432767,0.20764819125047373,11.897364982177493
4316983.667809536,2.8401641684306353,0.8524629509052094,0.18963427638153324,0.19813800280079438,11.352471321636802
4316983.767908096,2.848246745471867,0.850104821923863,0.1939557132977477,0.19954586037410468,11.433135618743012
4316983.86786768,2.8576079161092602,0.8346705556109727,0.19726539094739326,0.2015709561306902,11.549165058705215
4316983.967972448,2.8592999546824354,0.8135642448851907,0.19003925417998058,0.20661997051351425,11.838452273541883
4316984.067982016,2.8645109136254456,0.7998958657535151,0.19299003988490662,0.21691340436560053,12.428222589963516
4316984.16841216,2.873018658709678,0.7999966855167766,0.19823735972727397,0.19833214524807222,11.363594864490164
4316984.267878464,2.886594985045095,0.8090987290313609,0.20049328697699814,0.19660403986695768,11.264581719598453
4316984.367933024,2.8937162905077436,0.8140399776721834,0.20423678724002692,0.18531388654948158,10.617703584451448
4316984.46844688,2.8926323155233096,0.8180382411839022,0.2022004765107569,0.1857263845213633,10.641337977297978
4316984.567908672,2.883658433115155,0.8204258564848139,0.19877183470657422,0.18785993206425455,10.763581246896154
4316984.667930752,2.8788511270384296,0.8212130786737316,0.20130313681944378,0.1908447271034823,10.934597405355488
4316984.767836768,2.8777308593602697,0.8199638965448028,0.19811596847279064,0.19178266026478988,10.988337016963776
4316984.867912,2.8870404507741934,0.7992911508035817,0.1919992169444105,0.1897356878538987,10.871054137039991
4316984.96787664,2.88398341135424,0.7918483274529191,0.19467165470266615,0.1826923331153823,10.467499636909533
4316985.067819712,2.8733195192325383,0.8008154988817175,0.19204789209138318,0.166387740333202,9.533315283811136
4316985.167864864,2.875961647199654,0.8201414909329432,0.18341191410315277,0.12738693775639162,7.298733898536956
4316985.267880384,2.8819544434326714,0.8517889073397739,0.18082666695891778,0.073913278024494,4.234918880780562
4316985.367853152,2.8837840109015556,0.8828351079385245,0.19070758389585207,0.007222790327880308,0.41383540209545366
4316985.468569216,2.8716304136946285,0.9146682389113763,0.18642820482831912,-0.04239262635178374,-2.4289185724322846
4316985.567908192,2.877189612153562,0.9142086403605846,0.18778161553035105,-0.10677040454749824,-6.117493557476061
4316985.667857728,2.8801835422310544,0.8962122890263254,0.18548361287123574,-0.165543873477694,-9.484965274519553
4316985.76787488,2.8717550023863714,0.864017211263496,0.17513128125506874,-0.23448411781912012,-13.434950313883924
4316985.867756288,2.866241951461999,0.8448591735823947,0.17604298897123663,-0.3124029842007452,-17.899372501994836
4316985.968024832,2.858089154251225,0.8311440232137897,0.17985762063580474,-0.39963732750866277,-22.89753220213381
4316986.068558976,2.8606005350097496,0.8291792342333493,0.17900197003634652,-0.47299650921910547,-27.100703702675478
4316986.167835552,2.8722391734225785,0.8414013752830584,0.17586218189237063,-0.5632416993222126,-32.2713722169393
4316986.267813344,2.8891998712443536,0.8608069721304807,0.1851562184912263,-0.6656550866149293,-38.13922707445071
4316986.367920704,2.9181357861098864,0.885170046245551,0.17963928243556468,-0.7633774520987652,-43.738306180709415
4316986.46836688,2.9366864658731284,0.8948764588495753,0.18566969467041333,-0.8411675572972762,-48.19535089646278
4316986.567825376,2.943608788484698,0.9027750927245392,0.19416279891506685,-0.9313355472143193,-53.36159616588751
4316986.667936704,2.9429058948415645,0.9029697155262952,0.19279838451354575,-0.9877977681809343,-56.59664312920962
4316986.767805664,2.9199245256809943,0.8910383910262885,0.1851020573098193,-1.046652246221672,-59.968756326389276
4316986.86796864,2.896736492407814,0.8819031001434529,0.17230210612283609,-1.0947735435405423,-62.72590356745474
4316986.968441408,2.884053509387826,0.8819368265703335,0.17734910254019146,-1.143553539014735,-65.52079143279325
4316987.068335648,2.881640477962931,0.8791947620984848,0.17688795165077262,-1.189297765322693,-68.14174253733054
4316987.168029888,2.8895623034990976,0.8783997562523372,0.1722878214690501,-1.2299751555266263,-70.47238531762272
4316987.267842624,2.9203112681851815,0.8871765080878832,0.17636407487128247,-1.274128918722203,-73.00220959834932
4316987.368378432,2.94782999539741,0.8920077103364785,0.18238087088753221,-1.31994756492701,-75.62742464888788
4316987.467807392,2.9735153480057694,0.8992019183827739,0.17890259634982833,-1.3538583493767973,-77.57036947783855
4316987.567942912,2.9823067709177598,0.8984340025813441,0.18252410604110703,-1.3760737102680018,-78.84321589726456
4316987.668327168,2.9803377722802047,0.8991763412667716,0.19328289843158328,-1.388080793612645,-79.53117109717444
4316987.767811392,2.9627559014567018,0.8982563354264118,0.17289256316684629,-1.4024506387040676,-80.35450257316974
4316987.867844896,2.9332133157514337,0.8956468891821532,0.17462612289646642,-1.417025217501723,-81.18956442645624
4316987.968351584,2.9203692448821608,0.8969041548615412,0.18006757835663506,-1.4292719141678927,-81.8912484584047
4316988.067896768,2.916136251958395,0.894021444109369,0.17837085326962931,-1.4401020170125929,-82.51176764309865
4316988.167921952,2.9211837098385502,0.891366030500142,0.17567608226279294,-1.4554143678634501,-83.38910072127632
4316988.26843504,2.936820584576896,0.8847224147375936,0.16967722718628908,-1.4716613386495276,-84.31998357719091
4316988.36803312,2.9715834102542145,0.8862467935581944,0.17613374353641423,-1.4941093396006075,-85.60615929019345
4316988.467886496,2.9898791627341197,0.8892763938151412,0.18310233262515832,-1.5056737781544987,-86.26875281176979
4316988.568243104,3.0033128017838737,0.8920847256779146,0.1758767211238116,-1.5169571762751817,-86.91524390265076
4316988.667899552,3.0020656340883507,0.8919586562554119,0.1710058391962263,-1.5130865727201648,-86.69347465477996
4316988.767862272,2.981765820744707,0.8929370487334811,0.18607043885748067,-1.5107343390849195,-86.55870159505169
4316988.868344704,2.947191566001271,0.8929113014900247,0.1791202189815796,-1.5090836442811657,-86.46412374953242
4316988.967999392,2.932725904290238,0.8942855277762713,0.18061716745311104,-1.5075112867467675,-86.3740342989258
4316989.067915104,2.9388587231541408,0.8831747783069442,0.18326551603882077,-1.520367162359221,-87.11062171346455
4316989.167877152,2.944956008663818,0.8703957161865553,0.18567688240562133,-1.5234442799279158,-87.28692756321632
4316989.268505632,2.9512866124736616,0.8690045748209441,0.18293756342871642,-1.5215569987241944,-87.17879431548872
4316989.3678696,2.9540269287825724,0.8741724423920827,0.18134748063094247,-1.516244894658471,-86.87443317218849
4316989.468284224,2.9587531045577404,0.8882861001514217,0.17866776845059587,-1.5133552256140952,-86.70886733175615
4316989.567879904,2.95530642577471,0.8879896656465411,0.18136995891599783,-1.511518169860238,-86.60361179032991
4316989.668274656,2.9492591138362405,0.8876254479699797,0.17956355657409553,-1.511422077730633,-86.59810611685913
4316989.76821888,2.948124008121944,0.8848987258695107,0.18091697923274638,-1.513839355199201,-86.73660591372014
4316989.86793392,2.9473208983012977,0.8802444758732865,0.18333144168628118,-1.5153631363053812,-86.82391214000603
4316989.968307808,2.947115433813359,0.8779936558276421,0.18065662457453346,-1.5171638348474459,-86.9270845666417
4316990.06823952,2.9499622189171086,0.8809788192913341,0.181684622201331,-1.5178954239745073,-86.96900153595998
4316990.167887104,2.9563391366160867,0.8832261014037854,0.18249033806243206,-1.5116375986458492,-86.61045455569781
4316990.268334688,2.944711110140086,0.8835712445451349,0.17900015781882628,-1.498957428574198,-85.88393432708409
4316990.368230464,2.9154903117019138,0.8876695186835375,0.17039657142611794,-1.4768026448230036,-84.61455872211565
4316990.468185088,2.87204720004752,0.887726942953474,0.16715609479768967,-1.4479447743066094,-82.96112453579124
4316990.568272672,2.844427463556617,0.8864429428668503,0.16203933063140502,-1.4049008639689198,-80.4948901397021
4316990.668200864,2.8270608996239646,0.8828684931431502,0.161862256313488,-1.3729844000323441,-78.66621145915481
4316990.767926304,2.822588466653816,0.8733446433855419,0.16110363670719624,-1.3510351468818496,-77.40861189016724
4316990.868321152,2.8327944760938366,0.8793464957401138,0.16606150912805273,-1.3441698674354456,-77.01526035271038
4316990.968213472,2.8593583314456836,0.8852968609992831,0.1689682564087898,-1.3462215521804897,-77.13281322949278
4316991.068393024,2.8920285505297687,0.8937822517738864,0.1624664760046009,-1.3468766716991702,-77.17034881298983
4316991.168280768,2.9098399480414994,0.8998177082226997,0.1597194254044284,-1.337466201747184,-76.63116860150633
4316991.268220352,2.918935270853864,0.9050296310978687,0.1758357667764716,-1.3379487782664459,-76.65881819935215
4316991.36782864,2.9124304760737805,0.9064845486371144,0.179291028333064,-1.329978489288869,-76.20215427943737
4316991.468280096,2.8915130822051864,0.9016770124203768,0.16468136860275956,-1.3150151278914024,-75.34481682403354
4316991.567930336,2.8639845026823165,0.8983137987527069,0.169390744229387,-1.2846105455079575,-73.60276257560434
4316991.667850624,2.8455062523092924,0.8949777455884428,0.17118036749927742,-1.2603025256997757,-72.21001563227512
4316991.76824016,2.841224935079609,0.8911067251815761,0.17227523571786993,-1.2433589131217462,-71.23921814184925
4316991.868183072,2.8510219664975707,0.8883308421196017,0.17433022356537262,-1.241053834972131,-71.10714689242847
4316991.967895424,2.8804136397615987,0.8991347084675353,0.16692447782510894,-1.2466067396547376,-71.42530489478027
4316992.068308288,2.8999172402228632,0.9112570768777289,0.18338864180750256,-1.2476632331498478,-71.4858375131331
4316992.168206048,2.9149755239075295,0.9194032981476838,0.18163606996661535,-1.2366984848658105,-70.85760371303445
4316992.267903264,2.9208281748783174,0.926087681799538,0.17318773212240246,-1.2321818487438314,-70.59881952564872
4316992.367830144,2.9193744190246766,0.9243693334657211,0.17283230589184728,-1.221096951118866,-69.96370167540361
4316992.468212288,2.896017846963973,0.9196926445698064,0.1738074553154216,-1.207856432758845,-69.20507585480892
4316992.567825024,2.8683811172253786,0.9097219406690302,0.1688969984117567,-1.186465002619998,-67.97943719010405
4316992.668228512,2.8535199500755812,0.9051996694402481,0.17513017708157902,-1.1670254861815015,-66.865634942403
4316992.76821408,2.8510894426502937,0.9005509837871415,0.17279088557300373,-1.1584137385503765,-66.37221814890776
4316992.867851456,2.85992078038604,0.8992539300002067,0.1735014216173516,-1.1571504180362335,-66.29983521527508
4316992.968187136,2.882710046945101,0.9089518423179657,0.1700008992838938,-1.1571404547973403,-66.29926436373621
4316993.068153312,2.905908551481384,0.9219996584028469,0.17908132746996497,-1.1547836502496986,-66.1642294100191
4316993.167900192,2.92002067269416,0.9320225210147615,0.1732962758467092,-1.149188757218622,-65.84366565251125
4316993.268180256,2.9216728666945064,0.932088221330512,0.17468201301409897,-1.1494484183372844,-65.85854313871425
4316993.367910144,2.9168529369930756,0.9312700673853498,0.17922447549349213,-1.1435443475445717,-65.52026480034536
4316993.468300256,2.8954300098985257,0.9207911017858468,0.16600832600938809,-1.1328492257177452,-64.90747945828996
4316993.568199872,2.8591810221362963,0.9105683418177709,0.17090649964341442,-1.1120799040878402,-63.717484985546626
4316993.668133728,2.8465325548025353,0.9020939067892539,0.17295947337744014,-1.0924137693601887,-62.59069846631654
4316993.7683544,2.842392982407858,0.8975575528085407,0.18003097065953183,-1.078560996841078,-61.79699306641669
4316993.868184224,2.84954514771336,0.8970322118645507,0.17170286198868945,-1.0739208772591515,-61.53113379793629
4316993.968212064,2.8664149891687214,0.9055699877654837,0.17712487315604092,-1.0761681845238251,-61.65989501947118
4316994.068333568,2.888921852092303,0.9200736423458097,0.16869753071111324,-1.0788744528490635,-61.81495277273727
4316994.16814448,2.90463414251268,0.9307745909762639,0.16443766695857004,-1.0722651878466765,-61.43626978241697
4316994.268110208,2.910156858306033,0.93703575124263,0.16518990375775938,-1.0703431599936313,-61.32614569833089
4316994.368333632,2.9090341584986477,0.9390333200069017,0.16813964400521,-1.0652833391396357,-61.036239318304666
4316994.468173216,2.8879205544931676,0.9287263012089088,0.17093579613175264,-1.050212543285059,-60.17274632193417
4316994.567898464,2.8653409068350224,0.9137521337605303,0.18075400016455495,-1.0430917975670164,-59.76475764530447
4316994.668257344,2.8609026765838816,0.9087697127279691,0.17115542682440266,-1.0255511654959444,-58.75975345764023
4316994.768132288,2.8654788091009036,0.9012822552472088,0.16641691720788346,-1.0271851209761418,-58.85337221056781
4316994.868144256,2.872786414901266,0.9005486531154551,0.17108099202385624,-1.0268989937889326,-58.83697833033678
4316994.96834256,2.8756811542209606,0.9047676241655324,0.18048412321947344,-1.0315624527920808,-59.10417484914945
4316995.06817376,2.87244354490376,0.9183692061339621,0.1762617671169809,-1.0363343926860424,-59.377586865163565
4316995.167855552,2.873757563067996,0.9207060645711276,0.17563575743633256,-1.0345595416179205,-59.27589538969589
4316995.26832816,2.866896664119089,0.9202416899900012,0.17627313749024134,-1.0306665771528236,-59.05284495605143
4316995.368143008,2.85288691735058,0.9195741104417747,0.17123490426322496,-1.0300576245136428,-59.017954539903016
4316995.46785472,2.852160272006058,0.9248359401239667,0.17226792387931728,-1.0267357293446586,-58.82762396673533
4316995.568209088,2.8668743258669336,0.9356394770563312,0.1642095619697435,-1.0378330614106108,-59.46345425796958
4316995.668096416,2.8958858557729856,0.9495114271732508,0.16927619604985936,-1.0504127457058794,-60.18421707569548
4316995.768104896,2.926755106388008,0.9657713499609957,0.16337796254040465,-1.0721204479505648,-61.427976797242614
4316995.868260608,2.9452184121666205,0.9750568921455822,0.16679204223925487,-1.0810239249289455,-61.938108451095715
4316995.968172192,2.9517242575892815,0.9760991785094154,0.1665960720491827,-1.092516800804852,-62.59660173325288
4316996.067833248,2.9502982486129974,0.9764243914644453,0.16852479293499817,-1.090776461113799,-62.49688761403644
4316996.1682688,2.9315747412492144,0.9676470821423095,0.17588673039151198,-1.0898963442174554,-62.4464606303978
4316996.26815344,2.905170586233693,0.9578590979490771,0.18225281453224063,-1.0904752326939133,-62.4796284969076
4316996.367880288,2.888657112339342,0.9497062810518047,0.1662075018882471,-1.0785142662537626,-61.79431560098934
4316996.468190336,2.8890598972754424,0.9409031080219816,0.16527818969793562,-1.0948374525252815,-62.72956528255327
4316996.56814736,2.9007886410023995,0.934469053604793,0.17355791926896408,-1.0922642112253633,-62.5821294163992
4316996.669112288,2.9098500359854844,0.9369973341512658,0.1728747889657123,-1.097530131162655,-62.88384440405981
4316996.768165952,2.9163048206768307,0.9513156684379034,0.16146469112794393,-1.095438044828417,-62.76397668673096
4316996.868155008,2.9133699735985017,0.9583714806423503,0.16557743898162872,-1.0935503640411413,-62.655820544552135
4316996.96911792,2.914888205281318,0.9612446846185204,0.17008061034722627,-1.094276214375917,-62.69740870529295
4316997.068193568,2.9142256456979028,0.961684072072564,0.16827664116576482,-1.0923433055935123,-62.58666118987739
4316997.169089024,2.9134951572030685,0.9571601485275657,0.18488688008494011,-1.0921611507167688,-62.57622448422226
4316997.269070816,2.9130034766778987,0.9496976927116153,0.1676462498948995,-1.0939787555405562,-62.68036556944789
4316997.368206016,2.9132768974900163,0.945410499252092,0.170634942897605,-1.0959978025836403,-62.79604844365498
4316997.469173248,2.9143422658369884,0.9449745048877674,0.15905107493062612,-1.0957047582012138,-62.77925823733193
4316997.568338048,2.91317576692671,0.9464667224806136,0.162996689574403,-1.0948221101902391,-62.72868623150746
4316997.668144256,2.912986919954703,0.9475503050689261,0.16455898087590648,-1.0947920375186784,-62.72696319434834
4316997.76811584,2.913247566613862,0.9514304655619487,0.16327329703283053,-1.0958418828354533,-62.78711490014112
4316997.868274912,2.912473008164704,0.9554990740452156,0.17377490473486962,-1.0949091288119785,-62.73367203127218
4316997.9681424,2.9120479975384583,0.9594139509982251,0.1755123195497544,-1.0990342087722766,-62.97002170315125
4316998.068098464,2.890625888237703,0.946876381959906,0.17069208237496164,-1.101300149925901,-63.099850567878924
4316998.168304736,2.866867641142632,0.9196879236915152,0.1613246129761681,-1.088857815139822,-62.3869572973478
4316998.26809744,2.8337340723054205,0.887192024376534,0.15850435501424368,-1.0471675118699695,-59.99827887336479
4316998.3680264,2.817698226571442,0.8585635974444124,0.16221815454908534,-1.011720591516906,-57.96731994039788
4316998.468276928,2.81335293207366,0.8349208211110397,0.17080786152995425,-1.0015100901782112,-57.382301306977986
4316998.56814032,2.8287786668834385,0.8042253895269039,0.1728109351020553,-1.0080997662303601,-57.75986193312455
4316998.668055232,2.862433312779216,0.7866374207697624,0.17350882914683333,-1.0312779230217397,-59.08787249416308
4316998.769103872,2.9105625698931514,0.7664809774643624,0.1765858608269041,-1.0386750699368419,-59.51169779283666
4316998.869260704,2.9553208423553765,0.7455828622598264,0.1804784305362499,-1.0141434714819837,-58.106140736663626
4316998.96808192,2.988041622438056,0.7305456799286636,0.20122417513190957,-1.0073617973666222,-57.7175794318203
4316999.06826224,3.016934653170886,0.70572054556407,0.193943981345646,-1.002502008045953,-57.4391340144232
4316999.168125408,3.0273144465521384,0.6769501469195797,0.19370828622298647,-1.0170798991597285,-58.27438564944381
4316999.268056512,3.030671310236837,0.6301183269230771,0.2016147929260998,-1.0411948050862245,-59.65606798238704
4316999.369015808,3.0365740830406263,0.5707836935107039,0.19327781486438766,-1.0526757825469564,-60.31387953557181
4316999.46821632,3.036962677143199,0.5218528973303999,0.20029247824588242,-1.0724145174477646,-61.4448257383157
4316999.569109376,3.0448493902599476,0.4902482998245809,0.20653744359187629,-1.0608791847356815,-60.783899858634136
4316999.669023584,3.0789403770312886,0.44686972390417906,0.20724270892399063,-1.0455410288827998,-59.905088262750134
4316999.76899344,3.1237277110194563,0.4220305193125734,0.20463406193708675,-1.035217883118654,-59.31361557916623
4316999.869059488,3.168928917462196,0.38429456241609544,0.2266578421468867,-1.0189095857130905,-58.37921896678329
4316999.968266752,3.2023836315354504,0.35283831733608373,0.21987809413496787,-1.0102750126091624,-57.884494370031035
4317000.069007744,3.224351655927368,0.32306601008652297,0.23683603516945406,-1.0153071230554118,-58.17281306064482
4317000.16905904,3.242754771999402,0.2836615144443588,0.2276721057579462,-1.0271486063084945,-58.8512800742213
4317000.268992768,3.239633993990199,0.22448020866117052,0.22117636501371132,-1.0401348450165473,-59.59533674394215
4317000.368983488,3.2519978726676877,0.1606618147891935,0.22926991223240648,-1.0635882538349566,-60.939118084431904
4317000.469067232,3.2582633689270235,0.11909034937974196,0.23390103842244928,-1.0673341616257466,-61.153742791289346
4317000.568188096,3.274399409472113,0.08070031672119342,0.2397849560222824,-1.0591425486073927,-60.68439793793325
4317000.668228992,3.306341401164322,0.049164878113483426,0.23874613714679888,-1.0462915495186569,-59.94808992762222
4317000.769065376,3.358199824880196,0.020933640618177925,0.24973473264623874,-1.027894507737553,-58.89401707803913
4317000.86827408,3.4103573171844435,-0.020171834217400944,0.25453358268597026,-1.0175542102971415,-58.30156167579362
4317000.968010272,3.449216562862066,-0.05304207315242832,0.26594761030061165,-1.0015921120676048,-57.38700081506792
4317001.069029632,3.473262958267782,-0.08563639741582899,0.2717247059036815,-1.0131846523114103,-58.05120444487354
4317001.168215328,3.4941611920804485,-0.12204468798210688,0.27615043845645404,-1.0230616732648743,-58.61711605966931
4317001.268073664,3.5133742028553394,-0.17566931079307868,0.2678837422021064,-1.04244072841952,-59.727454130981755
4317001.369008448,3.521847370726457,-0.23918773166192794,0.2702286860106845,-1.0488949181926688,-60.09725196515967
4317001.469007072,3.532333312350494,-0.2856020110580321,0.2800505403806869,-1.0713592667415257,-61.38436432652001
4317001.569025504,3.5477369455265704,-0.32615217303062827,0.28287826578892594,-1.0579407887459449,-60.615542169884066
4317001.669017888,3.585098622745879,-0.3731281965366989,0.286159435316121,-1.0439937867580624,-59.81643781911783
4317001.769052736,3.625635350166743,-0.4026543137217374,0.2934158159718667,-1.0257917448963758,-58.773537641922736
4317001.869178048,3.6771932925055277,-0.4566523303658459,0.2941437543319426,-1.0142899231199096,-58.11453179741956
4317001.96898768,3.705986025941513,-0.4806323053231145,0.3032327153139483,-1.0069697125413013,-57.69511462611829
4317002.068960928,3.738490759560673,-0.5178776172612335,0.3113925406549264,-1.0143507922419561,-58.11801934121549
4317002.168014496,3.75265618620558,-0.562243080839967,0.3151927966881072,-1.024793745052184,-58.71635646289583
4317002.269014784,3.7662071807260795,-0.6257474938737349,0.2986265628631262,-1.0417975573049412,-59.69060314061166
4317002.369016352,3.777335345939337,-0.6826732142370388,0.31441305252130053,-1.0424627648299003,-59.728716724292156
4317002.469024256,3.79508189945994,-0.7210499202125324,0.32144006658290714,-1.057220706107023,-60.57428447377319
4317002.568286144,3.813574966235063,-0.7660252416070301,0.32477597810609504,-1.0493440907363867,-60.12298765618786
4317002.668178272,3.855478807928562,-0.8019643818801712,0.3318782953488401,-1.0337603373398645,-59.23010435759448
4317002.769026976,3.900847138069704,-0.8265123351332595,0.3285074142785529,-1.0244749147696737,-58.69808883332703
4317002.868998976,3.9575194743553452,-0.8641307181391176,0.3337555403121949,-1.0148250213613812,-58.145190668280755
4317002.968991328,3.9934586937389285,-0.9130547411414962,0.3419363559544686,-1.0032667261828023,-57.48294913618178
4317003.068106656,4.012266384517826,-0.9441925720606141,0.34977746761542516,-1.016907886688825,-58.26453006083742
4317003.16905728,4.031767903662402,-0.9966889203943128,0.3581132652318584,-1.0289512919389092,-58.954566352632945
4317003.268985536,4.043140176052965,-1.0633820874438564,0.3547943109504662,-1.0430775602038689,-59.763941904484724
4317003.368094208,4.054656271302852,-1.1252851084234328,0.3617580424924725,-1.046187435280383,-59.94212462118191
4317003.467912224,4.071297164259229,-1.1576059943895545,0.3665569994471227,-1.0614084642960504,-60.814225343625814
4317003.56822368,4.084586702657733,-1.2010369040976114,0.37096907271090507,-1.052538601023057,-60.3060196132252
4317003.669037472,4.111962809883504,-1.245257516512087,0.36921781287343813,-1.0441059255816225,-59.82286290042738
4317003.76913504,4.155938389907474,-1.2732384603933016,0.37042242323481245,-1.0228393193880294,-58.60437612096772
4317003.86893184,4.214985912759667,-1.3197151012062383,0.37778465634129277,-1.0112487987402061,-57.94028820548821
4317003.96906528,4.245005613626098,-1.370505928578604,0.37876375250189687,-0.9918118741144799,-56.8266344577202
4317004.069013472,4.266050063841947,-1.4010522778909555,0.3971283594920042,-0.9986662183363765,-57.21935945296476
4317004.168989792,4.28651313102962,-1.4474754602149529,0.4044428451037952,-1.0076693366989076,-57.735200137594525
4317004.268113088,4.294393341035619,-1.510186364516002,0.3965230342777968,-1.0280096215243912,-58.90061261218873
4317004.368999712,4.30440182660632,-1.5864536179884055,0.39574198578269404,-1.0345273062928455,-59.27404844161786
4317004.468087296,4.320758489573556,-1.6333560283304502,0.40249951995733074,-1.0638088370488086,-60.95175657161706
4317004.568283648,4.336307658635825,-1.663686516697648,0.41273386220240094,-1.053690784453898,-60.37203486103729
4317004.669027776,4.371922691722206,-1.6963121074468481,0.41750538472725035,-1.0473079237846645,-60.006323883470166
4317004.769011456,4.421821666517761,-1.7343151112393722,0.42245595367206323,-1.0296188457231654,-58.99281436706881
4317004.869094432,4.474509880807517,-1.7691962416519633,0.4289667423611092,-1.0160171979250536,-58.213497353813594
4317004.969029536,4.512453499097109,-1.8141906803353085,0.4424096158285889,-0.9999573983941489,-57.29333862086657
4317005.068970208,4.54058537418422,-1.850725552799038,0.4500659736505681,-1.0139156677828562,-58.093088546146156
4317005.168998496,4.55976055166871,-1.8906412170304931,0.45340089310613974,-1.0223574624021545,-58.5767677493482
4317005.26902992,4.5639751759410405,-1.9482138520503594,0.45499110142785704,-1.0472133749569907,-60.000906634686544
4317005.368915296,4.57628080460357,-2.0103909043504418,0.4512866040531559,-1.0557755708417338,-60.491484322246606
4317005.468097056,4.587171213127162,-2.057042823035547,0.45517609848069596,-1.0725679986921608,-61.45361956585401
4317005.568218496,4.6016843867492,-2.092945753069963,0.46611175249610864,-1.0480823423358283,-60.05069479802849
4317005.6689504,4.6279365289698475,-2.12138463049053,0.466101858271902,-1.0269447849034343,-58.83960196793692
4317005.769015232,4.665270181227839,-2.1453760484115008,0.47320023942357675,-1.025730585254365,-58.770033452558984
4317005.868943136,4.703318197838879,-2.1631682008388493,0.468710044591066,-1.0314682402339093,-59.098776867189095
4317005.968878464,4.72457212095285,-2.1760371119384923,0.47733549594092795,-1.0329732167714878,-59.185005671058555
4317006.068044928,4.741015532908267,-2.1895962556934423,0.4881044128370028,-1.0542341897874674,-60.403169693215716
4317006.168998048,4.745712366755823,-2.2033972717634507,0.4903256391317248,-1.0563195042759896,-60.522649412365524
4317006.269099616,4.7420437280807235,-2.2169107741182437,0.48810260358884444,-1.0541442453150804,-60.39801625455741
4317006.369009504,4.719125568119049,-2.2472883222037066,0.4821633227155064,-1.0555359576758183,-60.47775549912388
4317006.468868064,4.705981647709821,-2.2692400988613066,0.4763800532741857,-1.059591512840362,-60.71012169363471
4317006.568087552,4.706038184844184,-2.275309889299001,0.4758355045635843,-1.0491058474329198,-60.109337320401956
4317006.66904864,4.716334743929624,-2.2838065396113434,0.4843676960635084,-1.045296301861217,-59.89106643728063
4317006.768895744,4.736732978436811,-2.2941960188071198,0.48960377954539325,-1.047740431388127,-60.031104743755876
4317006.868024672,4.761578833410205,-2.287342448378631,0.49296045072865124,-1.0494795320849355,-60.13074787383127
4317006.969005664,4.778438380554033,-2.280805966582484,0.49003532973853864,-1.0451611634104212,-59.883323574400094
4317007.06887552,4.78936371831675,-2.2791607191998207,0.5022700569764637,-1.0508532948488185,-60.209458682253995
4317007.172245184,4.78670146476869,-2.281178094428755,0.4959044362907608,-1.049163750521863,-60.11265492301917
4317007.26902672,4.775790013852446,-2.293143250991817,0.4907368580909292,-1.048308163439194,-60.06363339417633
4317007.368931872,4.7567765201268175,-2.309511457226181,0.48349992921912277,-1.0486226485118912,-60.08165206156174
4317007.4680584,4.745619046199426,-2.3169423541369785,0.4879220368803085,-1.038209330196094,-59.48501287134028
4317007.568964128,4.750016514404846,-2.3252974574510814,0.49591731377970855,-1.060985266083606,-60.789977872155276
4317007.668876256,4.759500555839708,-2.3349105059486863,0.5003212522201737,-1.0697615725481862,-61.29282319228909
4317007.768879392,4.767174069592785,-2.3396910025963367,0.5129117434157131,-1.0769710258527792,-61.70589443923892
4317007.869004928,4.772812083888713,-2.335992892389113,0.5096028815761037,-1.076351032909144,-61.67037146024072
4317007.968918752,4.766376504654163,-2.330036814749384,0.5063618729564221,-1.0715340898133516,-61.39438095069715
4317008.068029344,4.762403048526378,-2.326290970143731,0.5004778715503205,-1.0712887430982783,-61.38032361940604
4317008.169062368,4.737530781132067,-2.3267991483397954,0.49610794487185417,-1.0700454625817535,-61.30908889305833
4317008.26883328,4.731374424944243,-2.3277253942162877,0.4903952765926052,-1.0724991405460176,-61.449674284694915
4317008.368106112,4.733226125416527,-2.321668268764864,0.49132619771659025,-1.0926616404652736,-62.60490043450115
4317008.469002528,4.750565603661262,-2.314019919276716,0.48787516030489586,-1.1325588072808597,-64.89083970756363
4317008.568825248,4.780778057346824,-2.3136515534405864,0.4892066554745955,-1.191638765602968,-68.27587197322924
4317008.668850752,4.809956974735027,-2.3051986040683956,0.5017033357316565,-1.2600108217352681,-72.1933022262416
4317008.768010208,4.834589982221433,-2.301945656837821,0.503078635652739,-1.3145728599604805,-75.31947673817773
4317008.868876864,4.836610033382688,-2.303294909505108,0.5072427182762801,-1.37843614261169,-78.9785732999431
4317008.968014336,4.830270271126206,-2.302756623716637,0.5033862637488661,-1.431227509938393,-82.00329584248801
4317009.068936768,4.803960341760604,-2.310444101940324,0.48350772775635203,-1.5009258398256649,-85.99671598413921
4317009.16892656,4.774020637976209,-2.3057641628422245,0.4852781573053537,-1.5790052425054497,-90.47033622459332
4317009.267958592,4.758784478255926,-2.3052034330532725,0.4790101793027339,-1.658424185387494,-95.02070646512502
4317009.368969504,4.750632065291099,-2.3098337625162477,0.4848731221742614,-1.727760078412064,-98.99336050420344
4317009.46884432,4.758914296503613,-2.311942216934536,0.48225218179686846,-1.819645326599743,-104.25799742486954
4317009.56803328,4.778314353089091,-2.3192184494821073,0.49178385372412964,-1.9233507913377483,-110.19988286680004
4317009.668892992,4.807337740719149,-2.3429730691599078,0.4944995297599847,-2.023083311232539,-115.91413533697606
4317009.768921952,4.828075001353757,-2.3547003821896557,0.498054070434516,-2.1013828690074225,-120.40036953521764
4317009.86878144,4.83570689771958,-2.361883301385554,0.49862212640920184,-2.201386466943703,-126.1301536330897
4317009.967954944,4.833588364175253,-2.3621609303859548,0.49896191856452904,-2.2899519887562536,-131.20458424332267
4317010.068833568,4.822319333070919,-2.3561301820116216,0.489204671087101,-2.393153632479837,-137.11760286749677
4317010.169004128,4.804382223859681,-2.3342013522357017,0.4766209107242051,-2.4976620097846904,-143.1054918108257
4317010.268868128,4.797043725517564,-2.3213468894197704,0.4707183418898735,-2.5966837110922887,-148.77901737595613
4317010.368823616,4.793832537204467,-2.316119562652678,0.4791910152201342,-2.680320323575143,-153.57104228399487
4317010.467986464,4.7961838624575694,-2.3267718606226713,0.4806975957205138,-2.7554518023764962,-157.87575892788902
4317010.567943104,4.8048881338090705,-2.3583147037393064,0.4892161685124574,-2.8292651574468053,-162.1049526451183
4317010.668847744,4.806833381297307,-2.398977183204099,0.49230591814085006,-2.9064827308110615,-166.52919370313197
4317010.767953408,4.808841222752713,-2.4192809369704062,0.4951999542480046,-2.9699930170039015,-170.1680650576497
4317010.868824032,4.809178275011522,-2.4321100906708337,0.4942129640925978,-3.024191491386746,-173.2734088958346
4317010.968796352,4.813900728652115,-2.430609983783056,0.495090837571454,-3.0576569495810575,-175.19083840984015
4317011.068961632,4.8128190921737435,-2.4204950662830242,0.4958807279538354,-3.076943901211581,-176.2958993379421
4317011.16885056,4.817989403348545,-2.4008691061797203,0.4883068220922246,-3.0729553450370375,-176.06737190278992
4317011.268847136,4.822920911838785,-2.3888984906784727,0.4909923937478672,-3.064920963188037,-175.60703573184568
4317011.367892704,4.815605699678106,-2.3919546365289723,0.48801268328864805,-3.065711517653211,-175.65233116617534
4317011.468853408,4.81107074637808,-2.417759057641864,0.4876976805421837,-3.061744762463782,-175.42505283545947
4317011.568121248,4.810342293229299,-2.458618287402889,0.4863972713625491,-3.050034267882764,-174.75409091995633
4317011.668977344,4.822744048588849,-2.516943361952445,0.48449740418027376,-3.023609439232703,-173.24005976395145
4317011.76882368,4.8310995016452125,-2.566389604241698,0.49663773254753363,-2.9818976942739437,-170.85015282168843
4317011.868761952,4.828317989909777,-2.591266532494119,0.5085959633597925,-2.9364441765861033,-168.24585809415194
4317011.968944896,4.829732441339634,-2.608740454821798,0.5093730355165161,-2.9002700190741963,-166.17323154127823
4317012.068918528,4.829696411563895,-2.605638787088372,0.5128666157401511,-2.874110945971046,-164.6744270564935
4317012.168827072,4.825778839188502,-2.5924963348983416,0.5069144073056518,-2.847383715398149,-163.1430695465935
4317012.268935136,4.818677946911117,-2.5662633266887203,0.5106610611953812,-2.820070464598743,-161.5781355510052
4317012.3688632,4.80824463200189,-2.535262962034126,0.5047473704602118,-2.786003057049018,-159.62621687945384
4317012.468738048,4.805918672787075,-2.524403316414956,0.5028911796445336,-2.7659214232557656,-158.4756240173732
4317012.568953664,4.802927292442719,-2.521897957937104,0.5004129241124204,-2.7373436280061205,-156.83823696177953
4317012.668814944,4.804506233435168,-2.522444456750129,0.49630994899801073,-2.724329826357786,-156.09260105190958
4317012.768742496,4.809347740229973,-2.5393378987393342,0.498856087894569,-2.719616794478035,-155.8225642164892
4317012.868861248,4.82117568325737,-2.5583882464259498,0.5077121289981532,-2.7060464585721284,-155.04504124250593
4317012.968856928,4.8262008324469745,-2.5655983116945733,0.5109188082807747,-2.690264327979312,-154.14079176781325
4317013.068750656,4.829852451794659,-2.5627169610382063,0.5101055038016843,-2.6731878447796533,-153.16238135154674
4317013.16875568,4.830756030740684,-2.559075694233454,0.506717887962865,-2.6623041256730744,-152.5387901813339
4317013.267879712,4.822007826124829,-2.5395764614268614,0.503077619031748,-2.654852804359405,-152.11186091826474
4317013.36880592,4.814438808047856,-2.521371554584895,0.5008813396165135,-2.6425617530751726,-151.40763555389938
4317013.467884896,4.81562236542518,-2.520294351871182,0.5008346764558476,-2.641724574194514,-151.35966873734017
4317013.568888448,4.8167964245920585,-2.5321709821953506,0.4986838575549023,-2.6392154080057733,-151.21590410462838
4317013.668703424,4.8321344306940555,-2.5654808324985385,0.4991251522552428,-2.641633393602136,-151.35444447422338
4317013.76789776,4.849865466799906,-2.589765211598562,0.5067616738644743,-2.6439600460849917,-151.48775184188466
4317013.868857984,4.855686983249493,-2.6093648773422515,0.5100305759867538,-2.6450415899458397,-151.54971974046953
4317013.968681952,4.859031382262304,-2.6135849740858585,0.5091636854545655,-2.6432630474356857,-151.44781676095312
4317014.067880416,4.857807017459765,-2.609262747335771,0.5099985073358057,-2.638092853090573,-151.15158644571576
4317014.167840384,4.849890782155838,-2.5890474910514865,0.5049432862499634,-2.6328101489426934,-150.84890979362598
4317014.268759136,4.831646585634382,-2.563123416929706,0.5020754994525842,-2.6288555973109298,-150.62233067525935
4317014.367908608,4.825328462085139,-2.552147818368063,0.5002242892749212,-2.6189240508604574,-150.05329497960918
4317014.468762432,4.808712487861809,-2.55412342396167,0.5022551805364411,-2.6350611897649383,-150.9778849322523
4317014.568993312,4.800051016888096,-2.5638888404324534,0.5102343087022638,-2.628337022452078,-150.59261852448557
4317014.667943008,4.805161365236338,-2.5677751534442073,0.5100685443006672,-2.635247980705285,-150.98858726478542
4317014.768764352,4.816990128242899,-2.5688870227630103,0.510159235837303,-2.6340170923274657,-150.91806255568468
4317014.868742208,4.825336065517361,-2.568929177915467,0.5122575369927075,-2.6325694489436873,-150.83511869955413
4317014.968687488,4.833154803343446,-2.5726525294812053,0.5131127859045155,-2.6337345653968915,-150.901874954964
4317015.067816448,4.82937044034116,-2.5706177173177536,0.5108077563842717,-2.6307657483686064,-150.7317742690967
4317015.168740416,4.827192645256874,-2.5713076570719626,0.5108765131757208,-2.631196448901709,-150.7564515918775
4317015.268649312,4.823355306721878,-2.573824261763606,0.5118617078280165,-2.63099818695669,-150.74509201918985
4317015.368812576,4.821566143587023,-2.5738755415405783,0.5116445965654688,-2.6318956527433586,-150.79651302102334
4317015.468714464,4.823637108629921,-2.571053697176992,0.5058764210684994,-2.6328094948622414,-150.84887231757662
4317015.568883072,4.8235195776183435,-2.5687662612055453,0.5088189297783534,-2.633703184322804,-150.9000769518622
4317015.667808,4.824113529786044,-2.5601693122824276,0.5107788488401676,-2.632534353611917,-150.8331078851631
4317015.768745088,4.814677078604613,-2.531645656014513,0.49626490191552675,-2.625674970442398,-150.44009417948658
4317015.868647232,4.800949632086805,-2.4790061390094764,0.4836204741814373,-2.6163837409038804,-149.90774594044223
4317015.967838912,4.7809997637050685,-2.431754316719446,0.4684243557829819,-2.6013822189763,-149.04822204771892
4317016.068713952,4.77034388928095,-2.4029998784312117,0.47794659057180583,-2.588771993951045,-148.32570937506156
4317016.168630912,4.7539517087873335,-2.3955922168431045,0.4895576472518917,-2.58541217513365,-148.1332059368962
4317016.26877136,4.742091105768256,-2.395358491099957,0.48859151587500593,-2.5870166584595715,-148.22513605977062
4317016.368863776,4.739658879854947,-2.402901166464811,0.4891830472350876,-2.599726154667476,-148.95333655222106
4317016.468804992,4.737762700900689,-2.4216962764190093,0.485017437867857,-2.611476641022143,-149.62658982756955
4317016.568785344,4.7453956107422295,-2.433268041000063,0.4927822924436596,-2.608338607036739,-149.44679372423727
4317016.668617888,4.743046770125997,-2.435729177789287,0.4931539127486349,-2.6100616435893333,-149.5455164466477
4317016.768822368,4.746390006130541,-2.4283253015027246,0.4953860679090404,-2.6074243468105767,-149.3944104719015
4317016.86869888,4.740000058226998,-2.3970271322137418,0.490523970450332,-2.60441426539899,-149.2219455110268
4317016.968602336,4.722273318457865,-2.359435449990043,0.4846862301151963,-2.605478752712023,-149.2829361414088
4317017.068859424,4.698729907339797,-2.3189766399475826,0.4819915098339954,-2.5983398992872444,-148.87390996960647
4317017.168742176,4.683078307567078,-2.2891880047559825,0.47661130404339064,-2.6023976137140465,-149.1063998807316
4317017.267917888,4.670746149960332,-2.2757496613237436,0.47571699772386766,-2.597513800368412,-148.82657798809709
4317017.368810496,4.664425686819136,-2.272740415651297,0.47275434470256583,-2.606955324325879,-149.3675374630316
4317017.46867664,4.664135180793642,-2.277140529235904,0.4711047191354196,-2.623390499858875,-150.3092036566289
4317017.568864256,4.667764852519993,-2.2857129788529194,0.4759724004270353,-2.622069590141762,-150.23352110472052
4317017.668840128,4.662219593364064,-2.2860996076683113,0.47636530908526686,-2.617776108078352,-149.98752270307202
4317017.768727104,4.6509514142037895,-2.2782846181334406,0.47588077071046486,-2.604728741772872,-149.23996368000684
4317017.868643008,4.643530559970452,-2.259516185166839,0.4665085635647284,-2.598396153365006,-148.87713309084265
4317017.968747808,4.620301897872361,-2.2173120925350407,0.46398175336939795,-2.595197274555832,-148.69385083590313
4317018.068738464,4.594823064985547,-2.1659224119306755,0.4617584864540736,-2.595562159776833,-148.71475721907316
4317018.168629088,4.580356351407855,-2.1427699563950573,0.46531957057306467,-2.5973484255121777,-148.81710270679727
4317018.268793984,4.564717072763763,-2.125040952041318,0.46076326678451685,-2.5914488175704675,-148.4790800709554
4317018.36869296,4.558211856267594,-2.115512546001518,0.4587384848422838,-2.600338284457582,-148.98840900570838
4317018.46879376,4.559117027374649,-2.1183785975342695,0.4582745261965998,-2.6160178510405885,-149.88678199550898
4317018.56878736,4.56306465409765,-2.1298593854299632,0.46070386414573733,-2.622585817726784,-150.2630987666105
4317018.66862976,4.566831942433353,-2.13835414085117,0.4653910968434474,-2.6119352756920367,-149.65286765849282
4317018.768572704,4.5676246071879785,-2.134651552542207,0.46167246530288586,-2.605376565838246,-149.27708126481977
4317018.868682272,4.562537596353298,-2.1257013978660004,0.4612479761457737,-2.594594471273014,-148.659312751921
4317018.968891776,4.5495020733857405,-2.0910468962007323,0.4494811587234461,-2.5945949324053337,-148.65933917285673
4317019.068844448,4.535581715852631,-2.0599394885214144,0.45513333403204437,-2.589738392154078,-148.3810799134244
4317019.168765568,4.526174302130531,-2.061653696347471,0.45782548455149996,-2.6043803912492973,-149.22000466521482
4317019.268614784,4.511028614056487,-2.0659285872049327,0.4547993460585607,-2.632709988762043,-150.84317103799947
4317019.368804768,4.505591975440347,-2.059841344342546,0.4555249668383652,-2.643478203584115,-151.4601443001944
4317019.468663488,4.508478331075332,-2.062536212732143,0.4558483884840838,-2.6485252068793383,-151.7493162881993
4317019.568873632,4.511991459479006,-2.063649597793307,0.45577433096688535,-2.6484182391647577,-151.74318748960968
4317019.668767136,4.51656160335753,-2.0648095843303187,0.4558667064441026,-2.6379305909086708,-151.14228950751817
4317019.7687456,4.523131731357841,-2.0665650654612278,0.45637987662607826,-2.6359089801507225,-151.0264597432695
4317019.86865792,4.523135401171693,-2.065330633684954,0.454284587654356,-2.6393713739558624,-151.22484029531626
4317019.9688008,4.523156259078107,-2.0624743426323024,0.4562858660121862,-2.640965271420703,-151.3161638930282
4317020.06873696,4.523389033994597,-2.063386028948754,0.4560891657993128,-2.6429525024620393,-151.43002384461417
4317020.168620512,4.514831403427861,-2.056216357693676,0.45046305916637014,-2.6470706520748415,-151.66597643683116
4317020.268748832,4.484132743421968,-2.0252672508893084,0.4440184843566297,-2.637724402413439,-151.13047577695724
4317020.368756512,4.447801302866436,-1.994727123964851,0.43306581746799927,-2.6099625884952893,-149.53984100781972
4317020.4686496,4.417633448025005,-1.9748230814263863,0.4441543097187597,-2.580927122214752,-147.8762313337505
4317020.568782112,4.388385291039565,-1.9664403314443188,0.4430615653739536,-2.5765377310714523,-147.62473774660734
4317020.668767712,4.36294683507659,-1.9780784402936877,0.43232010599062826,-2.584379017819669,-148.074010383232
4317020.768887648,4.3482528097267705,-2.0074681353307438,0.4321563281598544,-2.604870204113341,-149.24806887507572
4317020.868768416,4.333066468218123,-2.057194966971717,0.42642416869977084,-2.6078350562401016,-149.4179423888195
4317020.968713344,4.308042829456873,-2.104121155261239,0.4396422831563179,-2.5860601684410893,-148.1703332185652
4317021.068789664,4.295177678329992,-2.1400700637777352,0.4429791389875058,-2.5816822875140333,-147.91949911823406
4317021.168728704,4.276909718931995,-2.161842586468684,0.44234424864157573,-2.5789700052659574,-147.76409679257105
4317021.26871536,4.2485342456212205,-2.1773354853615094,0.4444032101835325,-2.5908969447990464,-148.4474600903248
4317021.368812064,4.203912881347666,-2.177190719527743,0.4424747715854844,-2.611243634541951,-149.61323953965532
4317021.46872,4.149112785858175,-2.1855127115547965,0.4368650700051545,-2.6195312844416043,-150.0880869009875
4317021.568728672,4.104325266866301,-2.189790228213772,0.4307103506938975,-2.6319063808154124,-150.79712769427434
4317021.66880544,4.064531076368401,-2.203952179483857,0.4333487393603688,-2.623767739917925,-150.33081791987576
4317021.768718176,4.0313037019263795,-2.2256221339981734,0.42681197880064287,-2.6106257241126434,-149.5778358799389
4317021.868674816,3.9995317680536298,-2.266035283887876,0.4240182606086733,-2.5994653773578835,-148.93839511298864
4317021.968796768,3.9622916473827092,-2.320583023905687,0.43086519717996086,-2.5872315713738874,-148.23744966272375
4317022.068708672,3.9379086658941436,-2.350131536469596,0.4350256525712166,-2.584820802264799,-148.0993227673925
4317022.168684896,3.9081060539209806,-2.3703473015004954,0.4368222970590595,-2.5904287501947985,-148.42063451551059
4317022.268788992,3.8748913381945536,-2.383865068745111,0.4351145404114727,-2.6018514614685833,-149.07510766209495
4317022.36869872,3.8320192257219037,-2.391048275884517,0.42877991492202394,-2.6174940094865407,-149.97135964435464
4317022.468620128,3.767573058482475,-2.4000832456991663,0.42235710573147595,-2.621164285051995,-150.18165094390517
4317022.567911744,3.725068215112664,-2.405597628121266,0.4206212976686643,-2.645116854957801,-151.55403210799992
4317022.668683808,3.6920727503861883,-2.4192226988422947,0.41873970904297153,-2.637670437338176,-151.12738380590355
4317022.768661792,3.6589471234621325,-2.458758686540782,0.4208165962240112,-2.6253254472150487,-150.42006797371766
4317022.868749952,3.624648043078311,-2.5156943527284574,0.4204668835779029,-2.609026644286969,-149.48621535482326
4317022.968683328,3.589129041014611,-2.564780049949509,0.4152612337589682,-2.5978009373616677,-148.8430297259527
4317023.06866352,3.5593074894180137,-2.597259979021083,0.4207261157479558,-2.5845353444470396,-148.08296723920586
4317023.168765312,3.531078117691088,-2.6237561314022066,0.42695986047543216,-2.5918136440113826,-148.49998308627463
4317023.268684192,3.4881284093548492,-2.64404824451954,0.42483292912864046,-2.6023784570318456,-149.105302283692
4317023.368673696,3.436579879610402,-2.6533012327684538,0.4225044850912594,-2.619247713556102,-150.0718394860554
4317023.468809216,3.368402481698785,-2.6576562953169183,0.4117055525933543,-2.6250361965464197,-150.4034951311839
4317023.568537088,3.3205784459526044,-2.6706134755472073,0.41068849435110744,-2.6440031131859953,-151.49021940500805
4317023.668629792,3.2758605621097847,-2.6849725279314365,0.41273766701319986,-2.6371274235730002,-151.09627140894148
4317023.76875104,3.2300864237830926,-2.7177895160683563,0.4189584613759183,-2.626736522732477,-150.50091664544055
4317023.868650752,3.1922202656054837,-2.758761775537772,0.4069303106216292,-2.60924479943802,-149.4987147242575
4317023.968550272,3.1490881349536206,-2.8060224819800506,0.4048171411728575,-2.600519037115605,-148.99876537014885
4317024.068798304,3.1182472231787517,-2.84311229940152,0.4110116558520216,-2.5892952306222172,-148.3556886280062
4317024.168671744,3.0857003364699747,-2.8698738460089404,0.4119337048857206,-2.5976571569029008,-148.8347917124889
4317024.268628512,3.041399097793911,-2.884815959949327,0.4171438506980816,-2.6058369134345547,-149.30345723919723
4317024.368822368,2.986558882401075,-2.8956939746010337,0.4075138253405172,-2.6329082097063967,-150.85452826152203
4317024.46873232,2.9298739140980503,-2.9133804620223565,0.4002975771545443,-2.6412822199300603,-151.33432370493733
4317024.568467584,2.878942234628965,-2.9180435435205214,0.4023478015019482,-2.6597871946142915,-152.39458065434022
4317024.668747648,2.838334932637591,-2.9427510390225073,0.4028940983158571,-2.650506200015487,-151.862818834145
4317024.768663488,2.7987625282726465,-2.9730847851564746,0.40247653410645384,-2.6405128887935687,-151.29024427776838
4317024.868771744,2.7623320558017284,-3.0181437381003633,0.39897128671808324,-2.6231184564520533,-150.29361671757368
4317024.968778496,2.7207253029244494,-3.0576574690814877,0.3989304010696717,-2.61575736318974,-149.87185714104095
4317025.068661696,2.6965563150467116,-3.082884564085357,0.40594087296206083,-2.596093106361619,-148.7451782175283
4317025.168616672,2.657555906846879,-3.1196525901371683,0.40778807829382996,-2.607206762112531,-149.38194378701684
4317025.268753632,2.6052180635343993,-3.139335904434789,0.40754656413934864,-2.614295916672883,-149.78812242364094
4317025.368654976,2.557755086062004,-3.148238615345668,0.4016847719726539,-2.6283494839680843,-150.59333251675906
4317025.46872784,2.495720906261787,-3.15520380761238,0.3916652592435923,-2.644553928732071,-151.52177881108835
4317025.568729984,2.44412433852279,-3.156522500693025,0.3943061819290088,-2.6703030851497447,-152.99709679984326
4317025.668679584,2.397037932732976,-3.1666029533527014,0.39408006634954956,-2.660342635927073,-152.42640509732982
4317025.768462368,2.353800102117236,-3.198558595569732,0.39762212085057286,-2.64365677698063,-151.47037580214803
4317025.868772032,2.3128366926050665,-3.239306213993223,0.392691674124399,-2.6200950152878826,-150.1203862992606
4317025.968630784,2.263155041749322,-3.276000604746299,0.38909101146122377,-2.6087773485230343,-149.4719317596993
4317026.068512768,2.217035905668324,-3.3179094709067622,0.39228399659394286,-2.5859698704531526,-148.1651595249579
4317026.168688416,2.1852343704519708,-3.3417540140362396,0.3971989936058215,-2.603884185447379,-149.191574166995
4317026.268628704,2.1408475442165704,-3.364760479263311,0.3945522098347407,-2.6095831858646914,-149.51810283835027
4317026.368697824,2.0905725415900154,-3.376556349643283,0.38554054930496895,-2.6326038014392608,-150.83708695256624
4317026.468704736,2.02588942347949,-3.3850016286119176,0.38174296003077945,-2.6413432570878284,-151.33782087647094
4317026.5686304,1.9713585520359045,-3.3938719192723097,0.38571633783798526,-2.6691403318246,-152.93047594169767
4317026.668678176,1.9322950588713925,-3.4143110051611303,0.38812931789855115,-2.6556345268846013,-152.1566503197088
4317026.768674688,1.892872485476012,-3.446315575034988,0.3894350155246859,-2.6491582647740493,-151.78558783375368
4317026.868618624,1.853518713031315,-3.4889159116329096,0.3795635637146381,-2.632603169565097,-150.83705074884347
4317026.968743104,1.8107173369330896,-3.5332863911738905,0.38599377405409446,-2.622709416960018,-150.27018048102587
4317027.068684736,1.7731942148195818,-3.575144731237895,0.38595912299089236,-2.595901087762839,-148.7341763622302
4317027.168628384,1.743868294748709,-3.60931072409011,0.390691463702319,-2.6076222396618753,-149.40574889707673
4317027.26864096,1.6981042438340344,-3.6414828687491716,0.39271322394684094,-2.6142488553171694,-149.7854260065804
4317027.368677152,1.6560144379472093,-3.6553976737648544,0.3980562971795969,-2.6296325124977415,-150.6668446365033
4317027.46856512,1.5904314649558513,-3.6646337465149874,0.39964084828617824,-2.646547793442176,-151.63601884389746
4317027.568716224,1.5329374473596804,-3.6720367587564735,0.393434936076557,-2.6700051856263074,-152.98002841443136
4317027.668635936,1.489059441133303,-3.6858107212410793,0.40062913893643054,-2.6539544040450207,-152.0603863719373
4317027.768545056,1.4464805196259047,-3.7067413987121807,0.39070046432310285,-2.6297181340991327,-150.67175039289816
4317027.868564192,1.407845383670252,-3.7499212184476605,0.39200227003056054,-2.612230898172134,-149.66980557893157
4317027.968720352,1.3810313406161168,-3.7900688362496577,0.3879780919629258,-2.6105081116688296,-149.57109718329014
4317028.06854224,1.3561381279452565,-3.8213260160839515,0.39538742499477886,-2.6068269434624534,-149.36018178138704
4317028.168539744,1.343826852693626,-3.843163485860851,0.4034921792582548,-2.6317126480018542,-150.78602762170428
4317028.268668096,1.324944925786208,-3.851455520848245,0.40314664919474946,-2.645657708897486,-151.5850207560769
4317028.368508608,1.3036776618613932,-3.84716673789902,0.4057627428500571,-2.646617986020612,-151.64004058239496
4317028.46868224,1.2739449391320063,-3.833480339478266,0.40657989095170355,-2.644616429299419,-151.5253598298146
4317028.568672992,1.2473198870462194,-3.8240275331035942,0.39674715602182936,-2.64277947303324,-151.4201099886124
4317028.668515968,1.2278880425909189,-3.81882418006289,0.40018791981983654,-2.629214425264929,-150.64289000259484
4317028.768661696,1.2102481722162597,-3.827541094026768,0.3917627845583901,-2.6245493496966303,-150.37560086142173
4317028.868673152,1.2038302856797682,-3.8482459913467686,0.39790564651630206,-2.6298192685130135,-150.67754496797707
4317028.9685656,1.205597794888331,-3.874349218094475,0.39755465287150543,-2.6349393292864782,-150.97090284114708
4317029.068635264,1.2163505967106034,-3.904958330348003,0.4029672677321115,-2.6347217762745814,-150.958437971745
4317029.168616224,1.2160964257437106,-3.928445351349169,0.40114370786536746,-2.647668430937785,-151.70022664275996
4317029.2684856,1.2121658453935433,-3.931238863382266,0.4038978550274237,-2.6464448356983747,-151.63011979970946
4317029.368522944,1.194582052092932,-3.9195504421951677,0.3990435450184751,-2.6441930808944254,-151.50110375294486
4317029.468650944,1.1781258679164457,-3.8981092577940943,0.3997466647022417,-2.6399183142397535,-151.2561776652289
4317029.568538944,1.1692594773605316,-3.87944223317361,0.3981399987707469,-2.6363244244543016,-151.05026294848733
4317029.66862832,1.160697890024847,-3.8809525556282582,0.401440531304435,-2.644398341877902,-151.51286434099674
4317029.768556064,1.1450892860111783,-3.8910270575712174,0.40545623828197946,-2.64569387950144,-151.5870931790259
4317029.868530336,1.1387975078746304,-3.9025383697376737,0.41190656370786094,-2.649466608554667,-151.80325463102218
4317029.968614752,1.1419331291282675,-3.9084397573247958,0.4130591635900947,-2.6528772364050424,-151.99866921233848
4317030.068655808,1.1477304592445303,-3.908634037248781,0.4120372449403205,-2.6532612472181474,-152.02067141121677
4317030.168544384,1.1552961231616559,-3.9053209541820806,0.4116317734640542,-2.6536074223265413,-152.04050578390024
4317030.268544896,1.1593860766598238,-3.904658191865328,0.4062671349604186,-2.653637767922352,-152.042244458467
4317030.368569088,1.1575695609619745,-3.9006820938185554,0.40679290950400115,-2.6509131492632823,-151.8861353085197
4317030.468543552,1.161866783384979,-3.899154693335164,0.41280640694449905,-2.6485185065421453,-151.74893238715683
4317030.568525184,1.1634460962374658,-3.8966787369511486,0.40776495951664316,-2.6420410041567237,-151.37779883868626
4317030.66855392,1.1490448131853497,-3.8763379914507126,0.3991972095549652,-2.609721384170698,-149.52602101802032
4317030.76848704,1.1216423760352128,-3.842504579110041,0.3945179498924745,-2.561718092428465,-146.77563499845516
4317030.868593248,1.1039837091605105,-3.8114018940906735,0.384653939311909,-2.50222051084687,-143.3666746825945
4317030.968573312,1.0893498344238877,-3.7959865173201237,0.3804053600183187,-2.4472198158669713,-140.2153669899599
4317031.068538464,1.0762183773809642,-3.789359721152481,0.386084889879021,-2.3893959518619634,-136.90230362733453
4317031.16855408,1.0745484890661812,-3.79572126723311,0.37911950705143166,-2.338677081020476,-133.99632638644815
4317031.268553952,1.092076809733577,-3.809540382339138,0.3819200627595106,-2.2765403035305303,-130.43615128373077
4317031.36849888,1.1241326781404113,-3.8240550692182964,0.3766154597627176,-2.2000073085183223,-126.05113367603548
4317031.46856208,1.1467955620510986,-3.837018067361912,0.3832569537114494,-2.1161822313316376,-121.24831053588008
4317031.56857824,1.1543089015355374,-3.8346321230850235,0.3793555497447586,-2.0401167486224514,-116.89007941001837
4317031.668489088,1.1546001737202607,-3.8337557414399854,0.37743116872032945,-1.9654164841548332,-112.61006952751278
4317031.76843632,1.1379517974882745,-3.829833183676476,0.3697524346061131,-1.8726225445659068,-107.29336842467538
4317031.868529344,1.1071908682118616,-3.8219041264568006,0.37412503387743695,-1.7716205263762415,-101.50637906010398
4317031.968489856,1.0741447290314587,-3.8136727590037918,0.3843605710348555,-1.6718058566193752,-95.78741974954345
4317032.068582464,1.0683593842662615,-3.8147511578008864,0.3854610713930343,-1.5734414736175442,-90.15155574913015
4317032.168529792,1.0628060441245326,-3.813112924250663,0.3872190168454028,-1.4851408958939485,-85.09230531700122
4317032.268458592,1.0771216686969256,-3.806873208794169,0.39611551901206093,-1.3948534039863294,-79.91921308787308
4317032.368449792,1.1050844345480446,-3.7837435605873666,0.39025703568039105,-1.3052248016833075,-74.78387245225339
4317032.468534464,1.1227662434688124,-3.7842447420564884,0.3967150985247835,-1.2166449125418208,-69.7086186547095
4317032.568419872,1.1274249976784623,-3.7762427988648977,0.3912528372120686,-1.1426043748653887,-65.46640833297057
4317032.668458016,1.1210982662447002,-3.7775523743158637,0.38388183942805837,-1.08394287506606,-62.105351974561515
4317032.768642432,1.1062015890307417,-3.791531044229004,0.3785108644270918,-1.0284468108146159,-58.92566171336692
4317032.868651328,1.0757092874844736,-3.8082656342035675,0.38130729203057295,-0.9737247460003122,-55.79031835326598
4317032.968418304,1.057406538338943,-3.8257362461637254,0.37843078652805795,-0.9070299697282614,-51.9689891573082
4317033.068474688,1.0545199314851161,-3.8249838406540295,0.37748270919350707,-0.845266771800709,-48.43021858682829
4317033.168608928,1.0544716584950635,-3.8207045741128676,0.37768328546386615,-0.7809902843228321,-44.74744713242046
4317033.268442208,1.0717921748808428,-3.797491068136875,0.3712352946548542,-0.7120877623451143,-40.79962342528983
4317033.368479264,1.091257182489956,-3.768125576508757,0.3734815804344074,-0.6334282550184599,-36.29276563689416
4317033.468531456,1.0992321095300048,-3.746094602592332,0.3661884207908612,-0.5404815370601755,-30.96731097829165
4317033.568397728,1.1028994768797804,-3.732001187103602,0.3646827534471241,-0.4613592862350723,-26.43393994043774
4317033.668526112,1.0987543682334364,-3.7318464545845536,0.35688037662349054,-0.38388050830302806,-21.99473296310026
4317033.768415904,1.0925120914889843,-3.7471994403670403,0.36170051704243333,-0.296122142663683,-16.966548994999886
4317033.868420576,1.0846084880453228,-3.779887075022274,0.3575188711257355,-0.19867999769761704,-11.38352534174237
4317033.96844976,1.0820583789695146,-3.8058310034203076,0.3757104235221832,-0.08964891316358732,-5.136504362208362
4317034.068591392,1.082577894147394,-3.8173320448721144,0.376030523625933,0.003194176053314673,0.18301280687668497
4317034.168448448,1.0880498646065617,-3.815520416283916,0.374362679207735,0.10183639485281952,5.834795625894339
4317034.2684256,1.0896902803415482,-3.800693986053678,0.37215637254270895,0.19393586789142583,11.111706726385396
4317034.368469344,1.0792057069932255,-3.769182074989226,0.3501746746211869,0.29478947829822955,16.890192951351928
4317034.468573312,1.0661083655918027,-3.7496797903200925,0.3433875113708998,0.4059104399482484,23.25695506933308
4317034.56842544,1.0591604667816503,-3.7382796640620257,0.34460965657243725,0.5108631672436411,29.270303391746562
4317034.66842144,1.055856497430503,-3.7361946774839274,0.34754360997444766,0.605400510853825,34.686894186988155
4317034.768388032,1.0645868123382956,-3.7428038126645102,0.35557148927652005,0.704636114885543,40.37267547543702
4317034.86854304,1.0881553273332683,-3.7577569116731686,0.3638777795961604,0.8087319698558949,46.33692863004409
4317034.96837968,1.1175904205161715,-3.7700487859157916,0.3720311787629045,0.919611299205819,52.68984623703578
4317035.068460256,1.130722841159306,-3.7721231637374983,0.3676706952396582,0.9970322652109632,57.12574083495637
4317035.168507328,1.1330437703742153,-3.773546488200853,0.3669402599959375,1.0658241959419281,61.06722813039696
4317035.268399104,1.1242716632051393,-3.768287600417323,0.3614625673874573,1.1111724464150843,63.66549149081095
4317035.368469248,1.0947303564227566,-3.757786253832689,0.3641053767040926,1.1445911417497723,65.58024169032211
4317035.468521984,1.073051718443352,-3.7490087764867397,0.3653043698993465,1.1628894169173163,66.62865562979142
4317035.568492832,1.0592427542489382,-3.744922764312244,0.36838574498173937,1.1729404467999875,67.20453722182835
4317035.668434656,1.0541183745696117,-3.746330154749531,0.36849167171275626,1.1722703578450122,67.16614395280993
4317035.768478624,1.057062715664746,-3.7535598700221886,0.36915375268921413,1.1643950462088741,66.71492183370896
4317035.868392896,1.0763581991454156,-3.772960278434197,0.36496676870776307,1.1397686528007078,65.30393342679224
4317035.968395072,1.0990434907502762,-3.7863635056931524,0.36508235254807403,1.1001115553026446,63.031749112414396
4317036.068476416,1.1066638621147218,-3.7890104910399187,0.36649584731050244,1.0505926970103365,60.19452752595874
4317036.168397664,1.1095393285506596,-3.7897168596464743,0.3670034011069321,1.0050990439402125,57.58793321040826
4317036.2683432,1.1017119530289734,-3.7820216397849733,0.36740775367629364,0.9416476096481362,53.95243382142062
4317036.368498272,1.0787716155372673,-3.762321270910515,0.36341080506470336,0.8676020888527858,49.70993798799887
4317036.46841936,1.0590972165253185,-3.7463682751249574,0.365170833416016,0.7981261153062728,45.72925792622112
4317036.5683256,1.044840823319643,-3.7310893316633225,0.3552465449762933,0.7484863623724445,42.88510958704062
4317036.668487936,1.0389956484343703,-3.7307918652679772,0.3516993120640032,0.7070364751029035,40.51020598520287
4317036.768337184,1.0404430420254576,-3.7355585065325916,0.35378518736484116,0.6776717511745872,38.82773123754354
4317036.868508096,1.048198519563749,-3.7537099409757615,0.35969482833181865,0.6452001548469183,36.9672458139156
4317036.968382912,1.057910214060737,-3.7805540671817384,0.35951761514914704,0.6150386295222505,35.23911770913519
4317037.068398944,1.0643760595375518,-3.782257695743624,0.3673130489942209,0.5830980938108676,33.40905981748607
4317037.168314816,1.0672488868516203,-3.7807071708588507,0.37009508226068044,0.5631954535775814,32.26872253095149
4317037.268323552,1.0655720624684826,-3.765587497294728,0.3718452301320477,0.5377487112731254,30.81073159454916
4317037.368302368,1.0541918566395638,-3.7359409486193367,0.3610704692164562,0.49977702252155637,28.635114088099872
4317037.46832608,1.0361326629172818,-3.7068062146153773,0.35800523244928695,0.46507059537039375,26.646582290360005
4317037.568324896,1.0266779306174727,-3.6949209802240692,0.3584005946618233,0.42877220439342273,24.566837684263817
4317037.668385856,1.0259417462661915,-3.6908468470901745,0.3572744172759018,0.41250018216682105,23.634519486536472
4317037.76845168,1.0249280824667206,-3.7010392677514616,0.3611881429734942,0.402065443842428,23.036653020225337
4317037.868278464,1.024567915192022,-3.7254555122439963,0.36031953825759305,0.39192243726790266,22.45550155193159
4317037.968372288,1.0278691775210527,-3.75110065997249,0.3531745665827024,0.3756428205354863,21.522748221073577
4317038.068293472,1.03144085305125,-3.766498821738246,0.3564415084785384,0.35267399549364453,20.206731485801647
4317038.168416896,1.0362449771949904,-3.7644920579512546,0.35815290322066473,0.33659462038488536,19.285451154862034
4317038.268349312,1.0360240138488888,-3.7562421024242556,0.3554729639666606,0.3229137409317386,18.50159450216948
4317038.368442496,1.0302851088873883,-3.7261328594192373,0.3497922079477615,0.30317278604999154,17.370521103887196
4317038.468271712,1.0216965549772747,-3.6976426308660466,0.3531904534198689,0.29718150020942463,17.027245711366223
4317038.568541504,1.018919667478153,-3.6828842967685556,0.35373539110882646,0.2947264990029848,16.886584503537694
4317038.66827328,1.0155044473007104,-3.673792223659843,0.35315165616294897,0.303390949615957,17.383020955460537
4317038.768349408,1.0177262746910074,-3.6760698393374978,0.3550845927154926,0.3117105577268312,17.85969938741644
4317038.868441856,1.0226063857566379,-3.6972395226791743,0.35544309972447946,0.31966543350095733,18.31548019582473
4317038.968280992,1.0273487604211962,-3.7250835144737535,0.34571025954527235,0.33535936271318834,19.21467610366264
4317039.06833792,1.0350851711848597,-3.7372126538592614,0.35251965472285246,0.34101048765806824,19.53846171250536
4317039.168351904,1.0384246240790191,-3.728731267690311,0.36122141674453084,0.347241992945785,19.895500665504986
4317039.268454752,1.0420595319943575,-3.7222509989512362,0.3595737932982737,0.34168449681674135,19.57707959265049
4317039.36836368,1.0361977627751502,-3.7171669832420413,0.3639065620448303,0.3375293766235738,19.339008742212407
4317039.468273376,1.0283679795287766,-3.711293726514953,0.3632223191951496,0.3364963612793746,19.27982132281754
4317039.568475648,1.024663511849261,-3.712566262636812,0.3621338181918517,0.3380459798724983,19.368607928058527
4317039.66827328,1.0217207956652807,-3.7155993597886905,0.3549021071036826,0.34196548610961663,19.59317909322061
4317039.768256928,1.0239054940567611,-3.7177310445336538,0.3538482213934214,0.34453881191091157,19.74061980094693
4317039.86834304,1.0251385827262174,-3.7167965606888984,0.3540288788749155,0.3433231824238065,19.670969361884158
4317039.968331392,1.0283517775323268,-3.712968111889883,0.35430561324458426,0.341421721411593,19.56202367097565
4317040.068355136,1.0330853851921442,-3.714544463481571,0.35461571652861523,0.33964958556557046,19.460487766274714
4317040.168228416,1.034648334247269,-3.713962292165208,0.35567394187429796,0.3383398678748207,19.38544647024113
4317040.268427648,1.0337987908756208,-3.713118122652338,0.35503739393199624,0.338345167806164,19.385750133938814
4317040.36836224,1.0337642844049588,-3.713884631864689,0.35434850419038466,0.3379671208081052,19.36408963649245
4317040.468202528,1.0316213390875375,-3.7139176624022294,0.3564615670816614,0.3373877320988539,19.33089310875482
4317040.568470592,1.0304210055916474,-3.7145976175987014,0.3551607780719663,0.3365429181038823,19.282488832369364
4317040.668272864,1.031250487822379,-3.715402790403835,0.3556658108756876,0.33670404327327896,19.29172062454912
4317040.76822688,1.0312984682196689,-3.7165816993402903,0.3558506817124532,0.33614627372125483,19.259762783277235
4317040.868253152,1.0327518097015131,-3.7143163975589832,0.35801813124286014,0.33637513652966916,19.27287565628689
4317040.968315808,1.0313291442826387,-3.7150504365328416,0.35681885556639886,0.33763713501296505,19.345182843131653
4317041.068232032,1.0320097966173731,-3.7148031078851047,0.35576139717045063,0.33743641761830057,19.333682583542515
4317041.168227808,1.0324085439208772,-3.714983880602541,0.35653071493228705,0.33684237419982443,19.29964640281631
4317041.268265184,1.0319485738982082,-3.7124810288151657,0.3573702649021233,0.3366111396299942,19.286397637887518
4317041.368204608,1.0320309318748846,-3.7137537125234306,0.3565121126120761,0.3362995477857874,19.26854474028377
4317041.468256928,1.0323020721339313,-3.715977375142859,0.3567167087165867,0.3370061029966162,19.309027371857233
4317041.5684,1.031210744331395,-3.7156506349020004,0.3571377909454969,0.33707442343362304,19.312941844552213
4317041.668291776,1.030123577871931,-3.7161471341752086,0.35755844463803976,0.3366497394340891,19.288609243752184
4317041.768214976,1.03092907052464,-3.7169124255696984,0.3562222157058338,0.3368059356672941,19.297558628690673
4317041.868224832,1.035014814287829,-3.7174302431160813,0.3611146925343442,0.3384053465685073,19.389198123037403
4317041.968229216,1.0338223901884223,-3.7170495117770406,0.35953952311097886,0.33770882959148857,19.34929063989502
4317042.068219776,1.033497856217041,-3.7167919305396775,0.3585496131602958,0.3373473477358434,19.328579255195994
4317042.16826336,1.033143032691365,-3.716554853773934,0.35881841821565763,0.33711407784841024,19.315213875158584
4317042.2682408,1.0332674739402932,-3.7180015589849487,0.3580935741779285,0.3376854404201378,19.347950539090313
4317042.368344448,1.032465810901135,-3.717571726690267,0.3588175504097086,0.33690852362455986,19.30343648567087
4317042.46821712,1.0341831768111704,-3.7188163878976703,0.3602721091041876,0.33774738114070374,19.35149948095874
4317042.568530144,1.0303383678772784,-3.7405738150154217,0.35894542486340447,0.3419215163263652,19.5906598102142
4317042.668208,1.0303643491923293,-3.7417454527251692,0.3584453991419576,0.3550258177010321,20.341480972450093
4317042.76818992,1.0301564601024025,-3.723577576666106,0.3579367528913647,0.3562500074455093,20.411621878131836
4317042.86821408,1.0361185213941941,-3.6893828531370896,0.3566813178626963,0.3460961513614512,19.829848778732075
4317042.968202688,1.0443139402023816,-3.645160311733117,0.34782114346064497,0.32059267828133914,18.368607408316144
4317043.06815888,1.0469396788930354,-3.610452670605809,0.3526635232970079,0.30245576848965583,17.329439023843193
4317043.168179232,1.0621677156008864,-3.59500203731485,0.35357912756807186,0.29667928660099585,16.998470991189215
4317043.268201664,1.081583603723167,-3.586505472906384,0.354734944791256,0.31346396297838564,17.960162108106584
4317043.368331488,1.113205241330919,-3.592310452997503,0.3566019887856187,0.32527958392418266,18.637147320627125
4317043.468208672,1.1592908106439856,-3.617502435447865,0.3576433208914462,0.32526897169130253,18.636539284471887
4317043.568425696,1.2092955535113477,-3.636245173021157,0.35056477606751413,0.3115657882900465,17.85140470968619
4317043.66820896,1.2517647550743725,-3.636378776534617,0.3503491939378142,0.287525736713065,16.474011215048332
4317043.76821184,1.2886776732933385,-3.625232363229553,0.35515748323309093,0.28353113267146857,16.245137262638956
4317043.868292448,1.3296377273031927,-3.6098837852275527,0.35914904186551294,0.300069632471839,17.192723500678134
4317043.968330048,1.3627069979621527,-3.569581539135366,0.3592703426432027,0.32441071785211434,18.587364961735503
4317044.068165568,1.3988892450210484,-3.530142227595841,0.3525815147785168,0.3408131522364429,19.52715522569779
4317044.168176192,1.4305194741092573,-3.50044707571761,0.3608090249414021,0.34357241033247277,19.685249069187606
4317044.268187136,1.4604280190647128,-3.48757433735691,0.3610017679506269,0.3345966050384973,19.17097330811163
4317044.36817936,1.498626208505258,-3.4859419134352234,0.36455352791791934,0.3159346805706142,18.101723798510005
4317044.468214496,1.5589804825510813,-3.4983209158595234,0.3658028581818977,0.3018939857994614,17.29725124669155
4317044.56833664,1.6152158403817263,-3.505684369461818,0.36395140462914266,0.29863234138639544,17.110372787550443
4317044.668297216,1.6646757468278774,-3.503536721212315,0.36540803630518887,0.27725208473164425,15.885374316326708
4317044.768221728,1.7047172521259113,-3.484704873209778,0.3689468363063618,0.28010843626428733,16.04903120395288
4317044.868296224,1.7446503968563423,-3.4574038928369952,0.3640041976992596,0.2906247473831728,16.651571447111518
4317044.968283968,1.787518281617545,-3.41538300826235,0.36194923240274174,0.3089904281258714,17.70384744155284
4317045.068181376,1.8306207959482994,-3.3735592881926904,0.36228356604080836,0.3326531898875356,19.059623822119747
4317045.168266304,1.8717596463876025,-3.3499307829585403,0.3681111357991059,0.32592410067901734,18.67407541050462
4317045.268105088,1.911530509519042,-3.336342805717995,0.37165558876580307,0.3168330781815882,18.15319818994345
4317045.368189856,1.9514712587951124,-3.3357349439909822,0.37688533801660296,0.3070955007676405,17.59527610144233
4317045.468114496,2.0152838702904496,-3.3510972341538827,0.3727241025216562,0.2934832262161903,16.8153502200709
4317045.568410016,2.068732938931984,-3.3582980344223974,0.36641728425409226,0.28978254501310513,16.603316805810724
4317045.668188672,2.1136002251194315,-3.355207706189649,0.37864464210325516,0.2652260989295929,15.196336085384916
4317045.768276384,2.1546381302210253,-3.3401360353982206,0.3814299011672997,0.27851962516177503,15.957999033335398
4317045.868089856,2.2031832014688906,-3.319233916892787,0.38395411779087185,0.29211739114868507,16.737093635191886
4317045.96820032,2.2499955035906916,-3.2790066272291924,0.3746710185004488,0.3102740804983028,17.777395304855112
4317046.068252704,2.296357577101903,-3.2385288626043183,0.3716685461289948,0.3258388789072194,18.669192562657972
4317046.168279904,2.3312525287668007,-3.2072662010654267,0.3794063348593936,0.33058463399585314,18.94110429983942
4317046.268183776,2.3711875999331062,-3.1887129921975967,0.3858013160667474,0.3226619007834066,18.48716512455811
4317046.368089248,2.4187068998364105,-3.184140534088964,0.3843407977680185,0.31211394337561016,17.88281168260762
4317046.46817168,2.472888552258339,-3.188331733383047,0.3861839811145494,0.2965313789795525,16.989996508722694
4317046.568161024,2.5391155198949757,-3.197870281371502,0.3845794604255007,0.28810923782818426,16.50744336628584
4317046.668245856,2.578683284733596,-3.1909471900839796,0.38684961593109835,0.2685697008284273,15.387910362560053
4317046.768251616,2.628313122046042,-3.1787197695057787,0.39375983227051825,0.2781231055281717,15.935280131835853
4317046.868153024,2.6783415607295997,-3.149561317533929,0.39451343896114366,0.2938699848607606,16.83750985809498
4317046.968107008,2.720453478894612,-3.1134553994715737,0.3839953205351369,0.311173064190515,17.82890327626996
4317047.06817152,2.7698232461956995,-3.0779309925678797,0.38525632843083124,0.32839184824646833,18.815466931023238
4317047.168196928,2.8069411265355244,-3.045956503030877,0.38945484566303135,0.33099060856568335,18.96436492928033
4317047.26805232,2.8496963215001596,-3.0237548306111215,0.39944256783400567,0.3167094357743148,18.146114001837848
4317047.368222496,2.9007256760144005,-3.018448741699788,0.3993494007566375,0.30481543737948513,17.464638092278733
4317047.468150528,2.956052587505721,-3.027899740334506,0.3993002117193294,0.2902810710474478,16.631880243555955
4317047.568083968,3.0238844589882876,-3.0426096936059355,0.40467056796155576,0.28117857842363136,16.11034583316231
4317047.668180544,3.0676443059148943,-3.0484004998204943,0.4093480259679846,0.26402777500679814,15.127677182119214
4317047.76813104,3.113182125958652,-3.0339401589843926,0.40823259940280804,0.27407691702586195,15.703450607539144
4317047.868075904,3.1653198318554736,-3.0186649841229634,0.41147630436013355,0.28520776609097176,16.341201281367074
4317047.968174624,3.2160082345684877,-2.9812800000456883,0.41113952512521823,0.30340190921972154,17.383648894501384
4317048.068074688,3.2711194028920856,-2.939549716444419,0.4148808536809434,0.317588685577984,18.196491304725797
4317048.16811264,3.304760971246911,-2.922872787942026,0.42038229064423716,0.32001877658393685,18.3357252631996
4317048.26804704,3.35486520520685,-2.8898169988577656,0.4192948119038714,0.3126903008960112,17.915834536017226
4317048.368175616,3.4038658208479813,-2.886985192537371,0.4222317209509766,0.30369751322026467,17.400585756139687
4317048.468071744,3.467232479287046,-2.892593449700887,0.4243721219030347,0.28370797781132706,16.255269742780246
4317048.568043136,3.5248123403281326,-2.896115112062237,0.4228518701661569,0.2789676335364872,15.98366802239292
4317048.668039616,3.576218040324898,-2.9025630812099696,0.4399373716993277,0.2569810840315946,14.723931529707125
4317048.768042144,3.6163313722689505,-2.8923155226839556,0.44161402235482466,0.2634745196777531,15.09597798677181
4317048.868113984,3.6589904327973217,-2.8734056519112374,0.4414390458592655,0.27099317619593133,15.52676527287195
4317048.968060544,3.708243971210144,-2.8343893369744624,0.43467655828718577,0.2886806365905875,16.540182103790546
4317049.06802656,3.7524773664217492,-2.7946758731970367,0.43242073060419883,0.30096737630747283,17.24416043354384
4317049.16800768,3.7962772777202334,-2.762337001198298,0.4393060783207995,0.30931941359570503,17.722696920495434
4317049.268185632,3.8398104884608726,-2.7340707904220594,0.4425955259201002,0.297299056691337,17.033981201634205
4317049.368048832,3.8899838858680735,-2.725481644732678,0.4441648226205297,0.2840445448142173,16.274553611569225
4317049.468180064,3.941814936841538,-2.724559023800662,0.4455559090826615,0.2667701404274724,15.284803146606466
4317049.568039648,4.017976400585603,-2.73276344538862,0.4440771634173745,0.25315666013663174,14.504808181456768
4317049.668029344,4.063489084843553,-2.736679229720133,0.45588438843861473,0.24344585382855477,13.948419964334942
4317049.76814512,4.111166756070332,-2.736689348188608,0.46222088806528894,0.2644699388086271,15.153011301817473
4317049.868021952,4.1527547124711575,-2.7233164206226506,0.4572379756217069,0.28615008670139663,16.39519227529261
4317049.967990816,4.18558286700311,-2.7013963553460187,0.4577900681250776,0.29000761455330826,16.616212340561315
4317050.067984192,4.219383074931626,-2.6647492709036715,0.4550142813820504,0.28904338331044666,16.56096595987069
4317050.168080704,4.24975200806422,-2.6457640179829576,0.4583400097727197,0.2837596692277922,16.258231442780755
4317050.2679832,4.264477115508391,-2.63108756420538,0.45799354536233844,0.2652764185593014,15.199219187793872
4317050.36799248,4.276489356336564,-2.628203022029405,0.4593144317420095,0.26242069933325535,15.035598528667068
4317050.468073184,4.296608272105093,-2.6419389541979488,0.4691979544003621,0.26462203817107366,15.16172595335229
4317050.56813456,4.320301798203737,-2.662358975869927,0.4655406465446498,0.2695330379368092,15.443105513118674
4317050.668122624,4.338498229146412,-2.6759954007366016,0.4686847031006195,0.26733730630536057,15.317299357693292
4317050.768073888,4.362220248873303,-2.6745381115855036,0.47248948077332265,0.28275287029932655,16.200546113361376
4317050.8681432,4.375801899731652,-2.673256451639297,0.4697430401066939,0.27937871666753733,16.007221350831117
4317050.968091872,4.384943934590002,-2.6528259059602317,0.4720621502514404,0.27263743285850517,15.620974240073698
4317051.06804432,4.386668875866906,-2.6265239881376727,0.4668113607070873,0.27004786560755584,15.472602965829006
4317051.167974912,4.384488991617921,-2.5983457342821215,0.46994560109955547,0.27183754824131795,15.575144227411432
4317051.268129088,4.390794553243701,-2.5890850578947746,0.4651248969505509,0.262178596007002,15.021727029866671
4317051.368057376,4.395897168603934,-2.587313420246779,0.4674331260518004,0.2634117447375401,15.09238124763842
4317051.468130624,4.407304348257599,-2.6049986328285244,0.4696059660454206,0.266686685446339,15.280021528408179
4317051.568094688,4.4152856498260515,-2.629177624159235,0.469688901807626,0.2709977381662852,15.52702665451949
4317051.668036608,4.424229017655732,-2.6388128051479645,0.4714823281048409,0.2806485377233817,16.079976738067845
4317051.767965792,4.4278644424849,-2.6386477066525993,0.4726872066918507,0.26799854835007303,15.355185736091917
4317051.868069216,4.435855130912056,-2.6218274551738343,0.47356535067728367,0.28064721676202947,16.079901052557464
4317051.968056928,4.433235322940321,-2.586559463350962,0.46543820719207074,0.29568298419800004,16.941387068378816
4317052.06812832,4.414053921654797,-2.5322365574595644,0.4420120046847098,0.3256844035070367,18.66034177418891
4317052.16813104,4.39766794876281,-2.4982639166055227,0.4428401343165411,0.37755771040727426,21.632463328959375
4317052.268037184,4.396342790337664,-2.4739587450879323,0.43743839964979797,0.4282985496247912,24.539699265074983
4317052.367912096,4.397078263390519,-2.4597251283138726,0.45557689895573894,0.4860969981035069,27.85130642530973
4317052.468052864,4.4057949093566116,-2.461483434160051,0.45470729319823217,0.5408137615892534,30.986346041658535
4317052.568031488,4.426142807351384,-2.475906651439223,0.4523803337312172,0.616267060502263,35.309501619713025
4317052.667949792,4.451767987116094,-2.508703219407685,0.4601676630823148,0.7086245924291918,40.6011984053708
4317052.76804736,4.476146947211603,-2.531520111524308,0.4648068471994401,0.7989160506714742,45.77451788873529
4317052.867988768,4.489516563383981,-2.542782746080758,0.4703048294263983,0.8755966631028734,50.16799335153286
4317052.967925536,4.502904144925799,-2.548862812084572,0.4693772923074761,0.9667584099063267,55.39117669641095
4317053.06805168,4.4993257583998085,-2.548819663845943,0.4681151952759218,1.0574160064609919,60.585474359793025
4317053.167987008,4.4753938447240005,-2.542403979995274,0.4590100464905141,1.1586562127786877,66.3861108988307
4317053.26793216,4.453065322102131,-2.5394422871242117,0.46076799234198157,1.263286215788601,72.38096848173981
4317053.368025824,4.440557802003099,-2.5393502838961632,0.4567252746009005,1.358148435137331,77.81617328566631
4317053.467997344,4.43860115119497,-2.5414919073326114,0.4570898185249918,1.4500675961076088,83.08275326564687
4317053.567951328,4.454390358821531,-2.5415759469795307,0.45957217547711815,1.552106720723363,88.92916445133905
4317053.668042048,4.483839057137362,-2.543761295389752,0.4657992487714093,1.6555864427403513,94.85811578809945
4317053.767990752,4.51720927656118,-2.5410933112361698,0.46723900848376926,1.7649640887667821,101.12499327848981
4317053.867893152,4.518336396306337,-2.5356975770178796,0.466325082082113,1.8520988351888337,106.11744649741601
4317053.967885536,4.516276430545512,-2.5288458387172046,0.46569431100628544,1.9140314886362166,109.6659261539974
4317054.067903776,4.507882138606848,-2.5334920718168683,0.4629786261274378,1.964530765801349,112.55932160402087
4317054.167930624,4.483497315349844,-2.54728564329276,0.45491786762301606,2.0063762076988327,114.95688881660658
4317054.267973408,4.466046981235242,-2.562801454585671,0.45377995832168144,2.0569327956328936,117.85356793181029
4317054.367995104,4.456273280929577,-2.5680056689913306,0.4584095837570706,2.1005561486443125,120.3530019475739
4317054.467873696,4.455044411387214,-2.572626224575103,0.4594152926893989,2.132218243014581,122.1671063255352
4317054.568032288,4.465835254067817,-2.56988746966244,0.45998301384672574,2.1655149624933223,124.07486782329813
4317054.667963744,4.488412128830287,-2.5508029770872382,0.4618062666926499,2.1977905903654715,125.92412508150709
4317054.767852192,4.511064376335807,-2.5384113693348085,0.46313755641023857,2.2352274600925726,128.06909971505107
4317054.867876096,4.518157186098104,-2.5329581155407954,0.4617457140950587,2.2531387052224225,129.09533846681572
4317054.96792784,4.517552492563338,-2.5358989954704296,0.4620769251082972,2.2730515736235457,130.23626178419948
4317055.067872576,4.509981766067622,-2.543383216888025,0.458270962451801,2.283502366660777,130.83504811779756
4317055.16798384,4.490053226316996,-2.5720359877117067,0.45534835992795475,2.2860388917829164,130.98038030192504
4317055.267908032,4.4805218028833105,-2.5874018269300616,0.45514681411109387,2.2959148886444773,131.54623324057692
4317055.367890816,4.468265097482241,-2.5996499112711433,0.4545795459997465,2.300171805510126,131.79013661071664
4317055.46801104,4.464839144378054,-2.6007527157211543,0.45294747682093295,2.3101706924617016,132.36303063287036
4317055.567899616,4.4742199867977,-2.5898648576876306,0.4592368910079202,2.323063166996125,133.1017150111727
4317055.668028032,4.497587574674669,-2.5723645404930466,0.4597932981798498,2.3402805587069184,134.0881988904247
4317055.768027264,4.516285798377695,-2.558815480595591,0.46268078003910246,2.3600197563661878,135.21917160727534
4317055.867930624,4.519839179099238,-2.5558875985280745,0.46347757647283117,2.3594792173057004,135.18820100044746
4317055.96801312,4.52086537887493,-2.5553895369887933,0.463334480922597,2.366300484491876,135.5790308211464
4317056.067990016,4.507558806462439,-2.56607709992022,0.459557391834545,2.3662418512873526,135.57567138598787
4317056.167882816,4.486370887730013,-2.587037518636883,0.4529405496407972,2.360263659943538,135.23314625286565
4317056.267965088,4.473286481422418,-2.6113925605372126,0.4523012977467078,2.363398101906408,135.41273654846682
4317056.367828384,4.467738534549046,-2.6183948180605876,0.45583421609841235,2.360418858116827,135.24203845318328
4317056.46790992,4.4669269889388215,-2.623526703752349,0.4586108164963495,2.3622884312568933,135.34915710360008
4317056.568064736,4.472770335966061,-2.6194015498856804,0.4620736124448612,2.35199855062697,134.75959037181207
4317056.66804048,4.496244060147152,-2.6036043452439612,0.4606968962220617,2.3269103134366342,133.32214026538267
4317056.767923264,4.520268469327085,-2.5868389279731963,0.4599341902823546,2.2889672787771125,131.14816451747348
4317056.867947552,4.527362187101966,-2.578340438090561,0.46382905055617824,2.242000499711308,128.45716629967947
4317056.967959168,4.526951174658201,-2.57608821271031,0.46422729644522115,2.2104111249724854,126.64722844968777
4317057.067902208,4.515095613810031,-2.578543070889935,0.4604481263189272,2.1789648149257843,124.84548760275197
4317057.167990624,4.499294966855469,-2.5919200372646336,0.45924693155480634,2.1479434727747235,123.0680956226649
4317057.267951584,4.476111410815908,-2.6054880338139457,0.4629581451268045,2.117325614717501,121.31382157825543
4317057.367914048,4.462271693135372,-2.615647178049005,0.4650069683159873,2.0903804658337037,119.7699782688622
4317057.467966144,4.461040188220805,-2.6179645232714286,0.4650622534375549,2.0739880971402758,118.8307647265064
4317057.567865088,4.472099727897158,-2.619782859936052,0.4650897653431929,2.0673179547249316,118.44859371735599
4317057.667935328,4.50046694147803,-2.6102685141405604,0.46224883314934145,2.060657602630064,118.06698365224895
4317057.767970976,4.519414811879463,-2.5991664549732523,0.4636718077565213,2.057826102401461,117.90475063945968
4317057.86786976,4.529618652734779,-2.5911345335938165,0.46434894193787424,2.045594098147104,117.20390842069897
4317057.967865824,4.5338921607373175,-2.586597207547224,0.46426739389697286,2.0429618829485596,117.05309359905218
4317058.068036224,4.524185546570612,-2.5888388856750795,0.4643785555700506,2.031122772138342,116.37476251643899
4317058.167974752,4.502745596068285,-2.5964023148793878,0.4601319250045217,2.006599979105811,114.96970997380215
4317058.26790768,4.477550880342031,-2.6110883932587656,0.46233597753158984,1.9868707383138724,113.83930774342672
4317058.367822464,4.458116313394449,-2.6203749280803237,0.46507931055739427,1.974563525423686,113.13415638725003
4317058.467878304,4.453725200108682,-2.626361255132357,0.4634970362927958,1.9735520868258467,113.07620522435721
4317058.567896736,4.455327141733269,-2.6252147340195804,0.4630160896119163,1.9733574644911205,113.06505418597843
4317058.668007968,4.479018081437515,-2.6143199624270137,0.4624945755776916,1.9741741489191005,113.11184675689573
4317058.767934752,4.497341943744434,-2.609004082680191,0.46353746460749057,1.977058096626777,113.27708478888202
4317058.867858144,4.506185746768203,-2.605062440031364,0.4655294647996956,1.9617510607589403,112.40005623679961
4317058.967995072,4.5021563761363375,-2.600316160327288,0.4682162416506267,1.958480909465813,112.21269036933417
4317059.0679144,4.492154878593524,-2.5905213889618435,0.467357614299039,1.945153715594489,111.44909840775468
4317059.167816448,4.487050466154633,-2.595475471978342,0.4675380599110618,1.9471216936246731,111.5618552430587
4317059.267987136,4.48718256362432,-2.599993892694345,0.46749311050953457,1.9530584900705177,111.90200862323387
4317059.367846016,4.4900727462951675,-2.6058774970073193,0.46687178164342047,1.9553577247303047,112.03374506534985
4317059.467789792,4.490567844096376,-2.6079271138435147,0.4684666223689743,1.9587336075171218,112.22716890116534
4317059.567938464,4.493900725592132,-2.607319205465885,0.46583510523696786,1.957860291899046,112.17713160206674
4317059.667953152,4.496106755322671,-2.605257588005756,0.46824321172117583,1.956688368873313,112.10998535877803
4317059.767987104,4.5084812462894845,-2.597866196456704,0.4711312518503547,1.9528758677736415,111.89154513637787
4317059.8679952,4.515579341790928,-2.596186326303595,0.46439671970072005,1.957669584236169,112.1662048578631
4317059.967843616,4.510213878951485,-2.59577271032739,0.4648285053813683,1.955489134178947,112.0412742721452
4317060.067845344,4.486650216715658,-2.5958341662640714,0.46333918124961393,1.948999435004233,111.66944189912455
4317060.167964448,4.440765882158417,-2.595169400813084,0.45623973437058585,1.9277393368348257,110.45132800198371
4317060.267848096,4.409290204991448,-2.5811064479219157,0.456569681800296,1.9105998819263097,109.46930957257096
4317060.36783552,4.3918106226425815,-2.5729104967269483,0.45513840056241384,1.9059313771418118,109.2018239517826
4317060.468031232,4.37982255548275,-2.5554181461365553,0.4567537874572209,1.919379552593333,109.97234764730621
4317060.56794048,4.3814392469956704,-2.5207807936380395,0.4553583074073193,1.9326289378314156,110.73148150259128
4317060.667962432,4.399773940496436,-2.4814966911010696,0.45001063509092115,1.9312779091609513,110.6540732617725
4317060.76797728,4.424815389294341,-2.4347247498127884,0.44471854731492005,1.9222506902509615,110.13685171748939
4317060.86804336,4.437285479402108,-2.3953239808843465,0.44733782116984827,1.8961728106506008,108.64269927773842
4317060.96782784,4.4345535811293395,-2.3474407773411174,0.4441690462114922,1.8942217641323555,108.53091254660927
4317061.067898176,4.421634204482968,-2.3142498705085526,0.4373117520927413,1.9024727576619103,109.00365965264251
4317061.167805568,4.391735468432495,-2.2841596350089506,0.43100484065033984,1.9240599322896814,110.24051365042568
4317061.268039296,4.352873882342525,-2.2424346426842257,0.4253214452399974,1.942807204842219,111.31465324506753
4317061.36795296,4.320580662312793,-2.2059730283012513,0.42446542244844315,1.9425329059283227,111.29893707497627
4317061.471234816,4.3005107109764875,-2.1713001406451746,0.4222031923652295,1.9370385600781224,110.98413424657457
4317061.56796336,4.2996780142914,-2.138331398327222,0.41923847453679053,1.9207638503442859,110.05166206602526
4317061.667896608,4.304090244948032,-2.09452795867196,0.4151123548042024,1.902155244184707,108.98546747046024
4317061.767842688,4.3076457002649455,-2.0319099770988704,0.4049704946044059,1.9002884350039275,108.8785071832453
4317061.867966848,4.303302306583395,-1.9876394703999478,0.4110512919652335,1.8823003705215637,107.84786700679668
4317061.967861664,4.293728215279133,-1.9456956649213264,0.40943746594562797,1.8870105864133007,108.11774249798866
4317062.068034112,4.2658376260431385,-1.9072529596803196,0.40134466970544447,1.894752729350924,108.56133461270149
4317062.168006336,4.2238582498617845,-1.8695653070953382,0.39010788073370484,1.9121869188608769,109.56024009085304
4317062.26791328,4.182214711944301,-1.8262179436746324,0.37704473828708296,1.920048742225041,110.01068938889698
4317062.368037824,4.14865262559664,-1.787261525304928,0.3784640287320738,1.9283918260486677,110.48871288011466
4317062.4679408,4.130432859072148,-1.7445531174629403,0.3796210723620848,1.9136367686528746,109.64331036486243
4317062.56784112,4.122853417835724,-1.7004326872653066,0.3807020000253681,1.8999426646826092,108.85869600315287
4317062.66801392,4.125513612909275,-1.6420261298057417,0.3717038197910003,1.8844535959315314,107.97123773512816
4317062.767948736,4.1374899121549715,-1.5795117372794136,0.36537166654121167,1.8812317528509435,107.78663972435703
4317062.867904896,4.138593188380862,-1.5356189191090368,0.36616916076550377,1.8654560170805947,106.88275664600249
4317062.9678208,4.134063737495023,-1.4929521580163538,0.3688233086456983,1.8728664427276114,107.30734275997204
4317063.06794224,4.113168879819916,-1.4425889084743984,0.36542095608666536,1.885983723362061,108.0589075790147
4317063.167902368,4.0819823097072865,-1.3985543247044099,0.35346659690673154,1.900849136043168,108.91063298636239
4317063.268087488,4.038987905573229,-1.3423737774982685,0.3513476776835903,1.9155993391788682,109.75575737299863
4317063.367886816,4.008203009819651,-1.2977843888807337,0.34995175551574903,1.9279899950256318,110.46568965841729
4317063.467872864,3.9978713034045277,-1.253189164180415,0.35234757998071303,1.9161631306357674,109.78806024400448
4317063.567985024,3.9896815004318973,-1.2054131018696097,0.34567070204320655,1.9070557256642533,109.26624437682027
4317063.667924192,4.002159706717343,-1.1532552611589744,0.3335202093906938,1.8866490992366214,108.09703080841683
4317063.767912,4.005502449016248,-1.0891062141510661,0.330210890715178,1.8795991864195138,107.69310055806139
4317063.867863776,3.9993047824824317,-1.042184707158007,0.33592140634419276,1.8543390326560447,106.2458003575631
4317063.967989664,3.9817103857378164,-0.9949183975237718,0.333961306015912,1.8673745695309432,106.99268160418194
4317064.067921088,3.961110077229187,-0.9525972324309318,0.33389487929932943,1.8749845096117448,107.4286990531593
4317064.167903616,3.922146328294722,-0.9056523969316187,0.31578520681005773,1.8935801469068145,108.49415058752288
4317064.267948256,3.871273236749157,-0.844134504201838,0.3145586274249593,1.9041079742956786,109.09735066434702
4317064.367980384,3.8450545231418753,-0.813052728648352,0.3111680158960935,1.9142235737089857,109.67693181797453
4317064.468411168,3.8188787899586782,-0.769627572731582,0.3106796019748339,1.899352273947543,108.82486910576996
4317064.567859424,3.806805351976499,-0.7231508902978966,0.3127428347246379,1.8835909475965067,107.92181162632724
4317064.667939392,3.805329927119929,-0.6734894280075248,0.3057633044285355,1.8659110884534225,106.90883031504274
4317064.767874304,3.8081515486700233,-0.608349068873464,0.2985384166146606,1.8570535196165985,106.40132900394613
4317064.868418848,3.7970981663467667,-0.5593449221876666,0.3057274511254404,1.8355301302081075,105.16812963002302
4317064.96789216,3.7812830752314213,-0.5195885516887688,0.29856806567657085,1.8411088978365662,105.48776947001791
4317065.067919136,3.7606622612336724,-0.4737889570879181,0.2968061015913095,1.8521227054895628,106.1188141649035
4317065.16787168,3.724421299070608,-0.4324576519573213,0.29011572683095127,1.869308594929118,107.10349309696846
4317065.267866112,3.6700076438012266,-0.38538245744091165,0.2731800038072161,1.8852128706439197,108.01474097163901
4317065.367855808,3.6386663391123077,-0.3470923722943395,0.290736690275399,1.9015156062987013,108.94881891917544
4317065.468522816,3.607687382234469,-0.31419682780736374,0.28565328495620324,1.8844336867734934,107.97009702439891
4317065.56845984,3.589795944792158,-0.26995931460601164,0.2855294670761026,1.865730969594275,106.89851026460288
4317065.667827968,3.5967774984811864,-0.22179871882392516,0.2802618831271908,1.8469448413438057,105.8221444024595
4317065.76791216,3.589014089776226,-0.17227371480186748,0.2731818800432303,1.8349551161157958,105.135183749373
4317065.868050304,3.5928121670194733,-0.12570083807063745,0.2760143817973289,1.808867352481598,103.6404649961986
4317065.967856736,3.5803027521927318,-0.08984606706850574,0.2729162056690091,1.8145476985882552,103.96592485428363
4317066.067888672,3.547850111084119,-0.05345166597661623,0.2673973848305075,1.8284427647826949,104.76205350327993
4317066.168370208,3.5031483372348804,-0.01341739700330258,0.2575141798756487,1.8499705094538044,105.99550241536976
4317066.267943936,3.4464733192187818,0.0279112970336021,0.2454831129575566,1.8577798598692155,106.44294523491155
4317066.367842528,3.4096002953439957,0.06090596887396041,0.23879684967599268,1.8727941506909105,107.30320073137668
4317066.468361824,3.3862557934444637,0.08664839723646937,0.24895130587203154,1.8572374806231253,106.4118691932151
4317066.567957824,3.379670964440585,0.12156062089059719,0.2519068745659021,1.841075096177001,105.48583277758428
4317066.6678824,3.3692852812503307,0.15930549707871677,0.23905872741574757,1.8290161625348107,104.79490677445845
4317066.767986208,3.3730799649539467,0.20866611750867478,0.233962024811816,1.8174723933036054,104.13349751783741
4317066.867965184,3.3695600754296997,0.2492090411517786,0.23216422481828997,1.7969639578052974,102.95845071936809
4317066.967902144,3.3531829243389035,0.2837519186527993,0.23797795146092776,1.7978326427849431,103.0082227024282
4317067.067953024,3.324529092624559,0.3242125308078466,0.23562035956106223,1.8093291886155531,103.66692625750088
4317067.167927008,3.290880332263729,0.35027081955237815,0.22831136783448883,1.8212501033910966,104.34994436207465
4317067.267844224,3.24604992253805,0.38973586894202306,0.21662198586046852,1.829412264306014,104.81760173420606
4317067.368315264,3.202701492410864,0.4325918869384933,0.22033618236623106,1.8446977040253414,105.69339291812516
4317067.467872704,3.1674926338576626,0.4507567762455661,0.2219941590581032,1.8299153466011806,104.84642622646686
4317067.567840832,3.1471931839385507,0.4772362418664341,0.21203676117203973,1.8210835054504462,104.34039900319982
4317067.668327072,3.1474132910344714,0.5149284415892605,0.21678440571042457,1.804973681165379,103.41737406296811
4317067.767868704,3.1372422532574418,0.5491536759883056,0.20438645471594397,1.7969370284192823,102.95690777920454
4317067.867844032,3.145510415981637,0.5856463223286196,0.20501527351272864,1.777438625603475,101.83973159061279
4317067.968006592,3.1403876023065047,0.6084256094809568,0.20660035859922535,1.7807228660921386,102.02790470951919
4317068.068437856,3.111672814822061,0.6401314105016078,0.20198600927738342,1.7867895821972977,102.37550193784885
4317068.167827328,3.075806167026826,0.6652575982025056,0.19466906138760032,1.7923006065881084,102.69126037623596
4317068.267980352,3.02772170322632,0.6956547614682242,0.18594178352084556,1.8013012621233868,103.20695995125848
4317068.367883552,2.9880263408780725,0.7158989744364274,0.18948688624091403,1.8187987586909358,104.20949265662368
4317068.467825088,2.959175765351908,0.7295456256582056,0.18389461419415953,1.8104685958816524,103.7322094849949
4317068.568251936,2.9341580363975255,0.7636424961381553,0.18785892508670218,1.8062480922466544,103.49039243928989
4317068.667923488,2.9298624890087925,0.7832282975084106,0.1881564684953293,1.7875751048165243,102.4205090686426
4317068.7678344,2.9318237485598333,0.809240308619494,0.18125442534215913,1.7806545448760307,102.02399019218501
4317068.867947808,2.9331752907346704,0.8361292468443252,0.18111302803598062,1.7738630305118424,101.63486508261454
4317068.967983712,2.9308800808117654,0.8555552007249101,0.17607511991420818,1.7827568541577423,102.14444364125826
4317069.068261216,2.9202421210929175,0.8713993864183929,0.1797556197865519,1.7946369652379914,102.82512386630314
4317069.168285984,2.8973056973284477,0.8866467354863371,0.16999222647452267,1.800102865180009,103.13829686422156
4317069.267855744,2.8569522070240265,0.8880306301918356,0.16834414005003043,1.8000548196547974,103.13554405840243
4317069.368312416,2.824834010783885,0.8864320410697121,0.16991842802938106,1.7936591949941008,102.76910175799473
4317069.467892704,2.8053151634094093,0.8873315076375112,0.1713802466038163,1.7709304621337294,101.46684129141515
4317069.567893312,2.794195515238695,0.8960468362860974,0.16345600798394394,1.7652667074526096,101.14233205198951
4317069.668253312,2.796393518679157,0.9010686615044179,0.16733493332439878,1.7716783711915198,101.50969332388614
4317069.767910304,2.813579895082332,0.9146908373802991,0.1670933995127529,1.7737517118623094,101.6284869938152
4317069.86791936,2.834104515873004,0.9185617062034696,0.1707789793783369,1.784907635264129,102.26767432131071
4317069.967840288,2.833874256768064,0.9275135985071664,0.16688331081314017,1.7706591018193856,101.4512934906759
4317070.067931936,2.8247790673026962,0.9447267838571901,0.1714107607916433,1.771016824438743,101.47178948700144
4317070.167899136,2.811414987174863,0.9585910417278976,0.16831196243603114,1.7627368011171423,100.99737909640383
4317070.268269536,2.8079634183155777,0.9576169693444174,0.17426713771032887,1.7650459781049428,101.12968519195353
4317070.367932992,2.811458174002925,0.9508517824530088,0.17646091364665556,1.7644925726010225,101.09797739221959
4317070.468356896,2.8098871876174383,0.939087041169251,0.17363616839785898,1.7680282650315633,101.30055764614593
4317070.567817472,2.818708728738821,0.9338913419852424,0.1766564638161226,1.7683035042790354,101.31632769338243
4317070.667930272,2.8160249155835766,0.9361104523199097,0.17209144522376973,1.7726988235677201,101.56816093823652
4317070.767896736,2.8200490514319076,0.9425211361457756,0.17542957829467792,1.7737508044636237,101.62843500370018
4317070.868233632,2.819893562237365,0.94469815394015,0.1720612595221855,1.7705602514797714,101.44562978341257
4317070.967934432,2.821278498644702,0.9476779677073781,0.1726503372266943,1.76653358992633,101.21491907087278
4317071.067904384,2.820288066295056,0.9486816727745357,0.17436647102391795,1.7656693302475615,101.16540063887602
4317071.16825952,2.8196476060932283,0.9477950414921569,0.17501461084348727,1.7659535982475043,101.18168799552336
4317071.268230464,2.8203069648850274,0.9424654510240581,0.1749168360446849,1.7683574948629106,101.31942112597193
4317071.367885152,2.8165626094047096,0.9360549072091816,0.17372982801421694,1.7775498661231346,101.84610520290012
4317071.468177184,2.8246704131750255,0.9289046267324462,0.17073659905583752,1.7948711403706894,102.83854111307365
4317071.567925856,2.8495653775113667,0.9355382344987614,0.16789022603418088,1.836364070573079,105.21591089330148
4317071.668283808,2.892650287015816,0.9474587196813262,0.15728293927366838,1.8905896316466375,108.32280668454527
4317071.768183072,2.918197594481265,0.959164996364143,0.1659469448965201,1.9537222473183977,111.9400391121586
4317071.868392352,2.9352809837024196,0.9611569673161784,0.17042304760057395,2.015484865632234,115.47877647321884
4317071.967848992,2.9419777225573682,0.9680474961372685,0.17094887850929463,2.077961720854289,119.05843659469245
4317072.0682304,2.9326029382889174,0.9633787730343051,0.17297688421928742,2.1448337346177695,122.88992075088065
4317072.167828672,2.911091031168006,0.9463861842408937,0.1603262744122159,2.2209618779415172,127.25174206549842
4317072.268291648,2.8969490549544754,0.92780469903198,0.169530367369617,2.306193391966208,132.1351481006233
4317072.367976128,2.887971184877361,0.911460269509432,0.16628329273081155,2.394494200257226,137.1944117432924
4317072.467805664,2.885511403229723,0.9015604947344221,0.16883322423896327,2.473350097481827,141.71252184397943
4317072.568227904,2.8914911216308847,0.9078295848535247,0.16626500635273622,2.5565247923910004,146.4780808245633
4317072.668158464,2.903139273399509,0.9319804471215599,0.16725685085550154,2.649793743574606,151.82199808699565
4317072.768328448,2.916625242404269,0.9664888736334148,0.16968627109849807,2.746895898878993,157.38554176756085
4317072.868334624,2.919843254555139,0.9869040540764767,0.17120123546869534,2.823240202578639,161.75974815941558
4317072.96821648,2.920881981311255,0.9897359287395471,0.1679105465941077,2.8892532304331016,165.54201604835583
4317073.067872288,2.921540879140404,0.9902291281899811,0.16821108890903066,2.9314143809655446,167.95767203328055
4317073.167818752,2.9222780820048793,0.9688853226050205,0.1617122426191826,2.969315979613833,170.12927367262623
4317073.267965856,2.9240777485972878,0.9468753045018468,0.1650104779213686,3.007041242842962,172.29077203667538
4317073.3678944,2.925953818217594,0.9245285930943377,0.1640621287287433,3.048850142401731,174.68624552747923
4317073.467843808,2.923871449722458,0.9183076863405254,0.16756293494725485,3.0811141510912927,176.5348370555645
4317073.568145504,2.9247518511626276,0.9237369790816954,0.16616602299647537,3.1241771249216916,179.0021637093287
4317073.667861632,2.9223824321482255,0.9559905072827127,0.16694586476636067,-3.098322241507063,-177.52078800986766
4317073.76829088,2.9198365548816465,0.9843505532557205,0.1655013846951343,-3.0266041614603334,-173.4116447084087
4317073.86817856,2.9190561808066215,0.9928939509891476,0.16744738116855695,-2.9697921989446234,-170.15655903040306
4317073.967846784,2.918396373904713,0.9942511423862,0.1634828172178994,-2.916438657040075,-167.09962625719805
4317074.068255648,2.9213852510182714,0.9869136656420743,0.1641236608336539,-2.890674976640412,-165.62347610557342
4317074.16812784,2.932031896824698,0.9632074072989019,0.1562050686520817,-2.870038318282729,-164.44108267842483
4317074.267887808,2.946901494536889,0.9343972562372964,0.16536263770135576,-2.8428429029089237,-162.8829001554006
4317074.368197888,2.9523017988238096,0.9176085857973066,0.16395822685080363,-2.812731896928486,-161.15766659582832
4317074.468116064,2.956596524355128,0.9153071771315145,0.16989544539228527,-2.800235333971628,-160.44166627998084
4317074.568318624,2.9571821422170026,0.9234207627053125,0.16740091532820586,-2.797455595754956,-160.2823990120143
4317074.668241472,2.947794912200623,0.9505133788033369,0.16686781675869075,-2.7992215010468136,-160.38357793225757
4317074.768240768,2.9401525766345373,0.9770334502886101,0.16452637904301914,-2.796957233029683,-160.25384493118952
4317074.867845152,2.937633957833075,0.9796814825659331,0.16697668054336598,-2.7853509039579176,-159.5888512597374
4317074.968292672,2.925304682921583,0.9718274431618502,0.16945147814676384,-2.791963687979088,-159.967735874982
4317075.068291584,2.9230844242664684,0.9645412693032185,0.17282143963754382,-2.7944132717966244,-160.1080866892904
4317075.167865088,2.9287664029567138,0.9608402242048418,0.17206796563618174,-2.796841898184766,-160.24723673134497
4317075.268193984,2.938629995707513,0.960599714429788,0.17182959966700714,-2.798744240598565,-160.3562329228444
4317075.36841488,2.940042371710174,0.9604417240598568,0.1724125160335999,-2.8012472710030525,-160.49964600101447
4317075.46787088,2.940667286114805,0.962193318525242,0.17051734990632433,-2.7996897002722885,-160.41040377184856
4317075.568172288,2.9394946784600875,0.9644806728722475,0.16991183032039073,-2.8008663116591133,-160.47781863844068
4317075.668117696,2.9361108238620317,0.9811089067480507,0.17188532511195853,-2.799751488923781,-160.4139440008009
4317075.767930176,2.933874340805781,0.9905860118283835,0.17228095941610802,-2.7947333469797893,-160.1264256464126
4317075.868211424,2.9341632040245313,0.9864757968861315,0.16985242093943345,-2.7838549757882642,-159.50314088916153
4317075.968172992,2.932283726552461,0.9742383562983491,0.1661999048926654,-2.7981374041613254,-160.3214637561358
4317076.068230048,2.9293636163989105,0.9353471665624999,0.16394466865418167,-2.8121835448491157,-161.12624833599318
4317076.168160384,2.9230211303440257,0.8928889640896631,0.16839112800145628,-2.84222329429907,-162.847399197106
4317076.268357824,2.9099317152869832,0.8689771922915998,0.167860864615748,-2.8612486506841033,-163.93747182170068
4317076.36780768,2.8883950876224858,0.8571125329273096,0.16837724341852434,-2.8585461515296466,-163.78263002601264
4317076.468148576,2.8673490709904685,0.8576803397243842,0.17220079711172234,-2.8461170108229736,-163.07049272054604
4317076.568107264,2.8328773067258877,0.8748879580263449,0.17077735535516483,-2.8339838468336267,-162.37531363181634
4317076.668292032,2.7865026793875876,0.8967933564641247,0.16441917211728171,-2.835748580453229,-162.4764254201844
4317076.768134944,2.7413343873404292,0.9148654672193977,0.1605845132082332,-2.8482372614814357,-163.19197413478574
4317076.86810608,2.708351234559783,0.9212008179438885,0.15741672368162912,-2.8526273082139015,-163.44350528442124
4317076.968199904,2.662038899225969,0.9110255601179074,0.15203216131198105,-2.8477557384054446,-163.1643848947933
4317077.068135872,2.62721731702353,0.8859005792787646,0.1498301064011141,-2.8299345445624398,-162.14330570170458
4317077.169220736,2.586811964662543,0.8485471598685514,0.14911441380762142,-2.809651758228754,-160.9811876480188
4317077.268157344,2.5432035978936582,0.8075656925408261,0.15307604502052718,-2.798307209427242,-160.33119288121193
4317077.368149632,2.499601205578219,0.7741876235163635,0.1559961510713806,-2.8243480072672824,-161.82322069259965
4317077.46788144,2.465525639025149,0.7658035299438017,0.15313045416942675,-2.831060639797896,-162.20782620602603
4317077.568291584,2.4221941583502202,0.7691770381660956,0.14934580177489767,-2.849892377478207,-163.28680529600533
4317077.66817376,2.3687385977346636,0.7740642361208281,0.141811016087226,-2.8571835693459207,-163.70455981764542
4317077.768096448,2.322243933319919,0.7811674774472478,0.1384197204645676,-2.880186395396195,-165.02252466719975
4317077.86830832,2.281802158045001,0.7798162216373241,0.13957494937022277,-2.8745378768433922,-164.69888839362278
4317077.968108416,2.24178756260091,0.7606326459453443,0.1380364481821301,-2.8698597092498312,-164.43084913465688
4317078.067841408,2.2015047574289874,0.7285937305322834,0.13662473336205908,-2.851731898645584,-163.39220209522102
4317078.169189824,2.1582258921844755,0.6771328697878033,0.13131906488370595,-2.8434394327548795,-162.91707879792745
4317078.268088672,2.114673652076223,0.6450388979500088,0.13445040220062146,-2.8186751846456186,-161.49819189845198
4317078.368042848,2.081791308306064,0.6153405397562297,0.1399766351352365,-2.849626593940464,-163.2715770210286
4317078.468167104,2.0387362969128193,0.6101604716471053,0.14401124370130589,-2.8637801333805957,-164.0825150961201
4317078.569230304,1.9922877853018892,0.6099054933291592,0.138557608953358,-2.876711302439298,-164.8234165073539
4317078.667874784,1.9338254554710292,0.6238971833145696,0.13210281242245273,-2.8914910419825888,-165.67023320548708
4317078.768217056,1.8821990320090591,0.6262252064270573,0.12953105514855676,-2.9030905888870717,-166.33483828737798
4317078.868277568,1.8289313328861647,0.6404365429426165,0.1322996800658686,-2.8859681554617778,-165.3537951171149
4317078.967832704,1.7815996765118867,0.6344807082903603,0.11951807596007534,-2.872969992970387,-164.60905526493298
4317079.0681504,1.7407293545786315,0.6126896753699325,0.1166875869028029,-2.853636630733893,-163.50133520498426
4317079.169266752,1.690392641593778,0.5780859993682816,0.11593459227587587,-2.8370689645231404,-162.55207785472663
4317079.269304448,1.63948173976072,0.540657686344265,0.11934047699475155,-2.8212239467220184,-161.64422520841268
4317079.368227488,1.5955701946834666,0.5183941719473572,0.11787018961045267,-2.8419774273055936,-162.83331205605825
4317079.468152992,1.5562771629193652,0.508245535014612,0.12178651804732085,-2.8477340307967993,-163.1631411404346
4317079.569256128,1.5091309842419578,0.5088499647876734,0.11822193855168384,-2.869765680611589,-164.42546169053222
4317079.669209312,1.4496559118371417,0.5176219171241959,0.10625449556633557,-2.880342736482136,-165.03148235158864
4317079.76820384,1.3840176136560027,0.5167573796163065,0.09917423288339808,-2.9064162383295478,-166.5253839645719
4317079.869273024,1.3451696311687744,0.51773942569364,0.10525216266340785,-2.9001303794446978,-166.16523077985516
4317079.969153088,1.2968473407203496,0.5044484482432964,0.1040529007966247,-2.8894412560979164,-165.55278912538984
4317080.06926992,1.251586156430356,0.47117413142095976,0.10124397485066008,-2.8741254711235458,-164.67525928642854
4317080.16922672,1.2006444033835098,0.4260112044159546,0.09267869229042104,-2.8582204058065397,-163.76396617088417
4317080.268231456,1.1496300091124863,0.38850781609026186,0.10036942511316252,-2.834059464377336,-162.37964619792803
4317080.36809136,1.1042950426294735,0.3654540419147394,0.10956126328794624,-2.8511877752071424,-163.36102611866414
4317080.469221344,1.0580171466960113,0.3642454244811858,0.10436857729045884,-2.8625133567554664,-164.00993414191436
4317080.568287808,1.010838065728478,0.364322629694121,0.10425512484592636,-2.8775947129085244,-164.87403219881824
4317080.668165312,0.9501157889079487,0.37225040499550177,0.0961493928846747,-2.8949518876310814,-165.8685250546919
4317080.769177888,0.8889181349558264,0.37955790863652505,0.09651820151665735,-2.9163280292137985,-167.0932877496557
4317080.868147456,0.843905859625026,0.37796145994922353,0.09293598232998672,-2.899623253819538,-166.13617462185059
4317080.969236448,0.8025155775654975,0.362796934400233,0.09473143258831043,-2.8733320142726138,-164.6297975576444
4317081.069170176,0.7716623904512362,0.33843231263318907,0.08886573935155065,-2.864460834940815,-164.12151642262862
4317081.169246656,0.7394258754131519,0.3079360851289459,0.08624676571917154,-2.8639262462859496,-164.09088674892928
4317081.26924128,0.7146097454453195,0.27672449425133894,0.08894354505167311,-2.8627057984269193,-164.02096023749107
4317081.369144384,0.6954550995944151,0.2567483868056348,0.09485752726932109,-2.8902741777228615,-165.6005120191644
4317081.468229504,0.6835791361886272,0.25365205186649536,0.0950114030521229,-2.900980746218183,-166.21395320701404
4317081.567963616,0.6684661014698229,0.25960699326316067,0.09310787267854713,-2.8985671907529267,-166.0756666652341
4317081.66919648,0.6470824601803665,0.27923083610521754,0.09288578608467891,-2.8944397410080875,-165.83918121470248
4317081.769275648,0.6205635331629138,0.29766899334330454,0.09316723225366048,-2.8959944470377192,-165.92825930858393
4317081.869243904,0.6082526724017944,0.3104837539457383,0.09228262410850875,-2.8974944656600115,-166.0142040448323
4317081.969168,0.5857027709011179,0.30670803562789595,0.09164479615554366,-2.8906913324249013,-165.62441322299532
4317082.068173856,0.569098497723319,0.2916564604553388,0.08714651122233037,-2.886777104172956,-165.40014446410797
4317082.169209952,0.5610146459609251,0.26669391269524007,0.08798803430653418,-2.887402453262933,-165.435974327686
4317082.268194688,0.5503761043973742,0.2413383065753746,0.08675941789661956,-2.877650926259581,-164.8772529865861
4317082.36923392,0.5439313807363146,0.2293617666049983,0.09571816926025001,-2.884015217914022,-165.24190003797588
4317082.469257056,0.5327303817972542,0.22195477104642225,0.09340350331538136,-2.8801153939978867,-165.01845658673713
4317082.569146016,0.5188481734885202,0.2357817489916869,0.09013768930344945,-2.882909026701147,-165.17851995014365
4317082.669251456,0.5041993507549726,0.2575531933911301,0.08831777096495848,-2.8884958771006577,-165.49862289880662
4317082.769183168,0.49188860851631344,0.2723772300739285,0.08828934004091304,-2.892291990192953,-165.7161241575495
4317082.869207392,0.4778557276019355,0.28782151742404616,0.0871574627415391,-2.8913172820076984,-165.66027749227754
4317082.968148832,0.46925269048770923,0.2877086004679861,0.08529720715181492,-2.886388042797213,-165.37785288930635
4317083.069144128,0.4600139125684224,0.2728491347863747,0.08802895445358037,-2.887201111735942,-165.4244383079487
4317083.16818752,0.45903276108472285,0.24199632823145434,0.08282456587367742,-2.889382772499421,-165.54943826202535
4317083.26819328,0.4573844484970767,0.22101698607076692,0.08775351706681338,-2.887499819020742,-165.44155297467753
4317083.367859424,0.44886990495308743,0.19950432548575767,0.08972396706326494,-2.8892834592304184,-165.54374803086182
4317083.469170016,0.43772882325173706,0.20179268794270222,0.09331276000910659,-2.883341236496714,-165.20328374729388
4317083.569055872,0.420950762850961,0.20335520143849578,0.09049935719152971,-2.886561459293488,-165.38778892264085
4317083.669133344,0.3928459753005489,0.22565355520313848,0.08821065782237293,-2.890777822466542,-165.62936873735123
4317083.76915536,0.37512240334578445,0.24643870781063132,0.08160331864133165,-2.8916356296279013,-165.67851746733322
4317083.868180128,0.36608380339704216,0.2576211041523381,0.0821080520420127,-2.89689239043375,-165.97970767541813
4317083.969153376,0.35188076546287306,0.2623496880965012,0.08350193812119888,-2.9014791141502303,-166.242507586165
4317084.069122848,0.3444667395315798,0.2558339934985677,0.08746707409489148,-2.912089384226739,-166.8504312810429
4317084.168159904,0.3339432601894805,0.2309617584922394,0.08292640039842479,-2.9087320706323623,-166.65807138158323
4317084.269103712,0.3205974621364141,0.19685807958636647,0.0880320687435615,-2.8928669768079214,-165.7490684638637
4317084.36911328,0.3000628368827127,0.18094426911176734,0.08621813644012669,-2.873965718404696,-164.6661061298727
4317084.469231328,0.2908562464822271,0.17436558917717415,0.08574525233034536,-2.874593279498353,-164.70206273192585
4317084.56915936,0.26582259265923563,0.1896265297230039,0.08767407095556118,-2.8886947032993557,-165.51001480084864
4317084.66910112,0.24069069490616626,0.20286398704266895,0.0820910223344712,-2.896851972223499,-165.97739188255528
4317084.76917888,0.21947607117819537,0.21721189123181195,0.0793138165041105,-2.891937473149352,-165.6958118271857
4317084.868095008,0.20745146272122078,0.22795085916926405,0.08367457966076353,-2.891582559574551,-165.6754767772577
4317084.96908608,0.198644591877443,0.225962296352723,0.08360631209904779,-2.8784050453706786,-164.92046082890212
4317085.069275264,0.1859832157971961,0.2123148117658671,0.08040988509159203,-2.8839216763812305,-165.23654050293774
4317085.168087552,0.18938996659628407,0.18613253471207633,0.08096251214414796,-2.8923675513507323,-165.72045349298537
4317085.269094816,0.18728576502980518,0.1587482924784622,0.08069446984716133,-2.898316185418628,-166.06128511894352
4317085.369006816,0.19041901032732667,0.1429974689397882,0.08137923264816428,-2.9053909609429636,-166.4666398974904
4317085.468079008,0.1896532075387695,0.13642949862866555,0.0860452895906895,-2.908679279235406,-166.65504665734304
4317085.569080992,0.18697123936723503,0.13492940426391895,0.08703384919089512,-2.9058517216434026,-166.49303954099105
4317085.669227584,0.17945225749669894,0.1560850884532931,0.07736170710597667,-2.9047859232361817,-166.43197379044554
4317085.769085056,0.17429313585319092,0.17637719249368738,0.07853038598949055,-2.898513415327633,-166.07258556032326
4317085.869079392,0.16803029453828255,0.17801977810104483,0.08022954758579393,-2.8982754697259856,-166.05895228159517
4317085.969292576,0.15389979899456516,0.16884896983060513,0.08273375198904814,-2.9008348972055074,-166.20559667414156
4317086.06904208,0.1481209978245635,0.16538025833933911,0.0810493324540287,-2.9040445837760123,-166.38949816819132
4317086.169098016,0.15110901989690131,0.15711158759100974,0.08303188385591385,-2.902301844591286,-166.28964656811442
4317086.269189792,0.16250938199589843,0.16365415250940818,0.07921359362427899,-2.8954860297051863,-165.8991291411985
4317086.369118912,0.1688675299823528,0.1797514563670189,0.0824999476473194,-2.9023588298015968,-166.2929115801599
4317086.468077408,0.17521777186763215,0.17135349498529243,0.07872568603962628,-2.89806708244041,-166.0470125696275
4317086.569235136,0.1795777105439182,0.147956370263721,0.08569908708023831,-2.926846910475259,-167.69597525113664
4317086.669088544,0.17840263138612125,0.11226245856024494,0.079151864143584,-2.9596577418572183,-169.5758974116383
4317086.769010496,0.1778292036623474,0.0800562760755734,0.0835992091284668,-3.0053175025806778,-172.19200899466972
4317086.869204608,0.18041940690554553,0.05585568327782512,0.08566548412723164,-3.0424796424219656,-174.32124276525047
4317086.969153216,0.17655008454092191,0.05208547254075698,0.08699916396565285,-3.0765452664578365,-176.2730592489853
4317087.068083232,0.17682807450918722,0.055239148356321655,0.08586942159086752,-3.093504804801218,-177.24476921855134
4317087.169118208,0.1782785030199369,0.0779243826903526,0.08045185758951115,-3.107248645222239,-178.03223326897717
4317087.2690632,0.18547620462199774,0.10178738289983956,0.07701015427721092,-3.1188066506601593,-178.69445820015926
4317087.368970304,0.17844146496944574,0.13266185591455046,0.07819331712814778,-3.133033838431413,-179.50961601379223
4317087.469146688,0.18169184073066377,0.13938970039540702,0.07605976465944604,3.1360290435047675,179.6812286232716
4317087.569146144,0.1782535613171314,0.13405570568759392,0.07630010772488618,3.1266399005619117,179.14327035940093
4317087.6680392,0.17072470397456627,0.1205252432741269,0.07972184533156237,3.1141850094152246,178.4296576624009
4317087.769113536,0.16582147748039497,0.08997096734102754,0.08371965033948885,3.0941276073063646,177.28045317356643
4317087.869062528,0.16276353888548606,0.07661059672604781,0.08772227816026645,3.0839799731469237,176.69903656418768
4317087.968086048,0.16275765903224335,0.06551646838761048,0.08478768064919345,3.0785793873334093,176.38960579017507
4317088.069139968,0.1612659162403885,0.07183243981489208,0.08716802759187157,3.080742708854417,176.51355498305864
4317088.169124736,0.1615859103982443,0.09490662693929866,0.08383050454227906,3.0859066169295613,176.80942512155792
4317088.268024768,0.17005662401067922,0.12537089400947898,0.07585813685797098,3.0868985326500824,176.86625770597647
4317088.3690888,0.16929532020684107,0.13372769072756863,0.07554981320441193,3.08442781021831,176.7246957382876
4317088.469051616,0.15821302189860392,0.13600672450106754,0.08308733500508894,3.078474751410434,176.38361059340312
4317088.568979008,0.14023065513748856,0.13189806490180497,0.09025379939848166,3.074022616040786,176.1285220269014
4317088.66799744,0.14040908856141418,0.12748351411780567,0.08967536660145152,3.0729410693314976,176.06655396511292
4317088.769055872,0.1469652137319929,0.1191992117334354,0.08836936028544873,3.078207611468973,176.36830460221807
4317088.868943712,0.16177337999429622,0.10276771761924931,0.08817394853132894,3.077792223304993,176.3445046135623
4317088.967983936,0.16571867645865018,0.09951727660285752,0.08680967879447973,3.0675311069154527,175.75658595134914
4317089.0690264,0.17488823083892588,0.11157968143963697,0.08435730872404283,3.0485221374187264,174.6674522262938
4317089.168006784,0.18058897714694838,0.1380147672267926,0.0710349435313143,3.0355282603664206,173.9229579116848
4317089.269079712,0.1830951565769916,0.17395030870766767,0.0648886898350181,3.0126866035214652,172.61422737738275
4317089.369093472,0.18705715741652043,0.20344268185836484,0.07144125947467347,2.9755895174144498,170.48872091121734
4317089.469203808,0.18614012112077435,0.2164302460965797,0.07804678397692297,2.95628043399999,169.38239192530276
4317089.569113472,0.17833544523807582,0.21700461480071256,0.07782805816958924,2.9338085566179624,168.09484819357706
4317089.669109056,0.17154015209661658,0.20870566228351675,0.07294347975093622,2.888424953751486,165.49455929023014
4317089.768921568,0.15594086151519362,0.17731091007941394,0.08487762385535222,2.8362994415784617,162.50798743775806
4317089.86796896,0.14549819067907505,0.14961288870091596,0.090911283753303,2.780829957492476,159.32982010786301
4317089.969103744,0.13818463939778527,0.13411111455610542,0.0879817032312949,2.729753106476925,156.40333211385342
4317090.069216064,0.13722109749771552,0.13000466001295857,0.087358246552196,2.688571242255957,154.04378510151116
4317090.169120448,0.143191203724927,0.13365256554617405,0.0863308093835894,2.6492820418441156,151.79267973746897
4317090.269023296,0.16273456542653872,0.1511699776308019,0.08630757734984008,2.607405947351353,149.39335626054265
4317090.3680216,0.1827604294840702,0.1658636053791519,0.07867895343332643,2.5593287709058647,146.63873695931042
4317090.46909984,0.19424577956011022,0.17728932153277818,0.08325569661757506,2.5059313557705205,143.5792904351472
4317090.568993408,0.19020051711823507,0.17645026594898283,0.07451119219707376,2.4593527736256724,140.910534262544
4317090.668003968,0.17707206955780963,0.17608201832964016,0.08108316097323079,2.3987615066362618,137.4389103887004
4317090.767946144,0.1543566810615332,0.16676405198443095,0.08003279401887148,2.332419187395129,133.63777549307395
4317090.869007904,0.13664088827425044,0.1475870650207023,0.09021994734127084,2.272459669817918,130.2023481942593
4317090.96899664,0.12543097556606403,0.14069046492978377,0.08595805331310448,2.220829058992438,127.24413210027683
4317091.06910432,0.12635338951131575,0.14133652801075072,0.08430095119103699,2.1718080107499533,124.43543292867525
4317091.168963776,0.13513804436188648,0.14608635781144683,0.08194889832486867,2.127706755164958,121.90861711242727
4317091.268905312,0.16716447656851904,0.16092220300804252,0.07959549482568967,2.0746581320917197,118.8691549013504
4317091.369066176,0.193932036559655,0.16583408885244166,0.0800032623374693,2.020275921352497,115.7532837454019
4317091.468954496,0.20452576904486974,0.17111427468874682,0.07497133865925079,1.973053792079224,113.04765503842219
4317091.568008448,0.2063415982922533,0.17654502236474762,0.07418563654920791,1.9287878772084164,110.51140494003953
4317091.668982944,0.19385209953160237,0.17731242048274884,0.07410565577696918,1.8664360933379398,106.93891087914933
4317091.768983872,0.15940385029967688,0.17008722831806214,0.07497164840637147,1.797844462428724,103.00889991813219
4317091.867907264,0.1315294687880561,0.172658492813609,0.08084809835558031,1.7294687587313404,99.09126067503504
4317091.969022848,0.11463110446098432,0.17260588214556052,0.08467668516412553,1.6747908441708605,95.95844693814264
4317092.068950432,0.11097470998640263,0.17164414972943534,0.08242310711599281,1.6239770557597737,93.04703132111659
4317092.16910176,0.11433983578241948,0.17469677688299107,0.08308407156648966,1.5790410264802186,90.47238649532179
4317092.26906896,0.1429216839107636,0.16985438589154164,0.07728002008586614,1.5244521591566869,87.34467478928381
4317092.368901376,0.17017672365620792,0.16335878921784774,0.07264468166778755,1.47312825206595,84.40403152486303
4317092.4691072,0.18074555260697747,0.16051850996851932,0.07382824456607986,1.4024821773623695,80.35630960518193
4317092.569072192,0.18068240559175358,0.16040937728940385,0.07395502873402524,1.3542590950543982,77.59333051382319
4317092.66896704,0.16834577261930342,0.16605872154111587,0.0775615970349623,1.2941746802814749,74.1507471328212
4317092.76907632,0.13597183799593576,0.177595536960877,0.07879679695349347,1.229003790440923,70.41673019784555
4317092.868952544,0.11144358685280155,0.18921412523904246,0.07976648445524677,1.1635248518355747,66.66506336876287
4317092.968957728,0.09623264157168779,0.19470322643680776,0.08085485367445021,1.113064567173586,63.77390202460219
4317093.067935904,0.09153940390819594,0.19464498178266537,0.08229852670216312,1.0669131599535056,61.12962117230199
4317093.167899136,0.10014576912139499,0.18846490216297807,0.08200998845666023,1.029164671320719,58.966792090645754
4317093.269000704,0.11751815474444426,0.17462281699675344,0.07637912351314853,0.9866866148793793,56.53297873463848
4317093.36788224,0.13848945733708126,0.1599790828831926,0.0757074381118305,0.9455367650781586,54.1752660134313
4317093.467896896,0.1455785213718036,0.15137151081127834,0.0769269359145853,0.8996860840790177,51.54821550437985
4317093.56900016,0.14516026859159437,0.1548926694833121,0.0731774526112948,0.8705153934840316,49.87685804780518
4317093.667965376,0.13366019710148502,0.16546415889215932,0.07598200465185974,0.8395046722387316,48.10007460079281
4317093.7678808,0.1079318921281603,0.1921594375243328,0.0730768346836779,0.8092537753774746,46.36682588415723
4317093.868901216,0.08852010906760535,0.21093312378181964,0.07576137310721358,0.7771692520105498,44.52851810754357
4317093.96906976,0.07561263044137098,0.2253512537960946,0.07108915780451285,0.7493191211269982,42.93282314902911
4317094.06788112,0.07018858901355889,0.23135364300454334,0.07504947439842359,0.7364095777004896,42.19316079524932
4317094.16899024,0.07261998545937233,0.22774359980402523,0.07650089770086992,0.7275266021991533,41.68420378950464
4317094.267897984,0.08320045516854314,0.2112093719564507,0.07647941070677657,0.7126060424323181,40.82931868689228
4317094.368960704,0.10129547106713771,0.19014932116033997,0.07870939848890203,0.7013493250908224,40.184356292052854
4317094.468900224,0.10745787527614614,0.1781523403213414,0.07615462422346013,0.6825203757680449,39.105536963191994
4317094.567863616,0.11258414621180121,0.1757011358556968,0.07359020799161219,0.6723193784040227,38.52106286740944
4317094.669072768,0.11089855384072127,0.1875132433230579,0.07360531726501428,0.6599675214047143,37.813353592199945
4317094.768884416,0.10180398451127858,0.2097311666340019,0.07022174102170345,0.6406150235064101,36.704537139591324
4317094.869061184,0.08631688678681806,0.22903535770961966,0.07255618948206431,0.6289521146333991,36.03630168432211
4317094.969024608,0.07670493600468366,0.24747934699161228,0.07268527808490104,0.6141024246060373,35.18547711867677
4317095.068843904,0.07644421911243472,0.24796234172531828,0.07704301853558039,0.6084598889306616,34.862183638725746
4317095.16882544,0.07714189335859484,0.24477459403216276,0.07723562460379545,0.6070976977856682,34.78413583522753
4317095.267845984,0.08750190270906731,0.22432702070353824,0.07758018457169105,0.6081724542673658,34.84571484563313
4317095.368870112,0.09821929142273794,0.20851654246014278,0.07432477467108503,0.6082174104051775,34.84829064259295
4317095.469062016,0.103496535532557,0.20298740857686845,0.07834930614613175,0.6056052269936296,34.69862355779718
4317095.568972288,0.11253925542293677,0.2152423342535723,0.077001798464512,0.6019382582367139,34.48852172441957
4317095.668811712,0.11567077946640446,0.22199525407302262,0.07726239110593972,0.5933926649300582,33.99889529451295
4317095.76907648,0.111725657510314,0.22394815652860814,0.07632960581364664,0.5959358743215198,34.14461045906174
4317095.868947392,0.10794845612189136,0.22267646981725842,0.07608600304838509,0.6011236834078693,34.44185002462918
4317095.968808256,0.10441905842662294,0.21975330053921713,0.07703402173085007,0.6055928494866001,34.69791437888349
4317096.068995936,0.10299307975255004,0.19999414965687487,0.0764785536403561,0.6023884183777838,34.51431400060789
4317096.168898816,0.1015858997836254,0.19194032586832824,0.075092153613863,0.6015012113288616,34.46348078115039
4317096.268791168,0.09331252856373072,0.19410333647012334,0.07697334138394546,0.5977016663003341,34.24578288694585
4317096.369037888,0.08816788588816915,0.21697829078872796,0.07352609412897121,0.5888289238480887,33.73741219172563
4317096.468866528,0.07102907853364358,0.2441373839832376,0.06448385082608366,0.567790562568315,32.532002882523145
4317096.568871936,0.057494394575687106,0.27386808750851116,0.06824942867479838,0.5500799026162431,31.51725681487806
4317096.668976736,0.045138852317648276,0.289779937199612,0.07260327394684589,0.5367039152289321,30.75086919076492
4317096.768866464,0.043876289223523324,0.293531920491368,0.07018553698289007,0.5326520160635774,30.518712469577512
4317096.868836512,0.04457061624496182,0.2875231717593286,0.07100844503505911,0.5333604943803548,30.559305287005394
4317096.968956128,0.05264743771633631,0.2675353707096623,0.07053202619758707,0.5326116609777097,30.51640029347541
4317097.068962208,0.06513179744620726,0.23769508052494778,0.07277461542515017,0.5325042191864994,30.51024433229573
4317097.16878256,0.0765216517998019,0.23582140686396721,0.07102744675977428,0.5213326584509075,29.87016105157225
4317097.268963872,0.08835269081653213,0.24502777692618039,0.07364091777760828,0.5163297971816934,29.58351821535682
4317097.36896336,0.08835310184076661,0.25174012564961257,0.07544180692609803,0.5061774695617414,29.001832690499473
4317097.468804768,0.08458397332005665,0.2555262352945093,0.07644023969477472,0.5097079752020425,29.20411576323586
4317097.568977408,0.07242680769196826,0.25549358230729013,0.0734988487070344,0.5148944395362827,29.501278280182948
4317097.668933696,0.06814965014581956,0.2574327608236907,0.07517385738883499,0.5159328412707036,29.560774317004334
4317097.76907584,0.06737328678301144,0.2557647667803159,0.07535613312919891,0.5184269275077429,29.70367493212835
4317097.868879072,0.06649682598905572,0.2438850074386296,0.07497823479819236,0.5160646214001321,29.568324762244274
4317097.9689288,0.06846361808453547,0.22307850286261358,0.07609862682349382,0.5138624412583627,29.442149134393365
4317098.068825952,0.06594289120031675,0.2248639887607647,0.06928033098927142,0.5109588293553416,29.27578442700631
4317098.16891824,0.060313258498334126,0.2390693264526154,0.06848712173733498,0.4965855358670353,28.452255372423487
4317098.268870976,0.053552987898231645,0.2673948769463654,0.0650047774579656,0.48168816125285624,27.598698681205693
4317098.369009024,0.04165178653858352,0.2978581204865186,0.07122832578103466,0.45250098201506034,25.926396494988126
4317098.468958016,0.03135526139527628,0.32275841304050223,0.07036237750327347,0.42790655221444024,24.517239467881815
4317098.568814112,0.028585965660485504,0.3310085216805763,0.07086077041665705,0.41857602290422224,23.982639517783213
4317098.66902496,0.026333340375719234,0.32719000613508525,0.07125690106282388,0.415545561649652,23.809006877918417
4317098.768916672,0.026776193225986816,0.311546171235475,0.07297316487215515,0.4154410563976882,23.803019168043942
4317098.868809184,0.03395331869753253,0.2786478841254659,0.07070165448668495,0.4134300430799833,23.68779659239485
4317098.969046208,0.04125199698581804,0.26439960218588615,0.07101861694064868,0.41094231590765173,23.545260324840235
4317099.06893648,0.046287697476077104,0.2655799942279169,0.0736911861502194,0.38448127131196297,22.029154147999815
4317099.168900832,0.06499325197241006,0.27694393349988294,0.07780881703534817,0.3750579195932702,21.489235865651366
4317099.268979168,0.06044160788596425,0.2846915240186345,0.07590036787009204,0.36789754132072827,21.07897641091754
4317099.36889664,0.05532608216045335,0.2872567675519194,0.07213681636114322,0.37466174244802136,21.466536587289067
4317099.468826368,0.04405114417896174,0.2883134154947326,0.07385209111074764,0.37823642070762403,21.67135056468147
4317099.568946688,0.04401925107725708,0.2855456662944317,0.07195335314036258,0.382168073121228,21.896617654493404
4317099.66895344,0.04288290897914002,0.2825512321455273,0.07462360165543323,0.3834881612642876,21.972253133675977
4317099.769095104,0.0445808618716386,0.28280711002937287,0.07154254826089526,0.3825750664884985,21.91993665672782
4317099.872632256,0.04787225357166795,0.286593315834431,0.07107667562523835,0.3795486494980173,21.746535736126564
4317099.968930432,0.049734513064080214,0.2864033698094255,0.07105494532021968,0.37674915890307953,21.586136740250062
4317100.068867456,0.05278535968907138,0.285632905332693,0.07017294361953448,0.3754753424609452,21.513152434241395
4317100.168950784,0.05569743298527071,0.28545349118348723,0.0708252954772042,0.3756778536180345,21.524755468846923
4317100.268838272,0.055060316670384954,0.2822623037430356,0.0705277846993599,0.37581049353678586,21.532355176386332
4317100.369063808,0.05214259617087675,0.2813410013264733,0.07141281342374711,0.37709998033538605,21.60623732768396
4317100.468957248,0.05262808444863645,0.280217700468298,0.0705516672668454,0.37725946953164374,21.61537538550746
4317100.568802368,0.05068310428840223,0.28324114603281497,0.07135173864171072,0.37743544680234536,21.62545814040889
4317100.66906864,0.049385612013295915,0.281688286737187,0.07208421016960098,0.3775887377968807,21.63424106743313
4317100.768869504,0.04915746939186928,0.2818259425025633,0.07176891971596812,0.37668339501808806,21.582368747195666
4317100.868858688,0.05071686836610599,0.28260560504568544,0.07229631081771387,0.3769150170973911,21.595639714781775
4317100.968790048,0.05175460442561242,0.28206702637542036,0.07152081449379685,0.37682393873408415,21.59042130895933
4317101.068950784,0.0524040965212825,0.2803227176835962,0.0692347027540563,0.3770010402389871,21.60056847773568
4317101.1688488,0.05219444670604423,0.279638122111972,0.07024205605744373,0.37675640693224965,21.586552021731297
4317101.268990496,0.05149296888687025,0.28360379790121387,0.07141750982728841,0.3766218911008733,21.57884483231574
4317101.368908224,0.05165350581857048,0.2819297321069273,0.07079537703013195,0.37657416840137614,21.57611052304758
4317101.468768896,0.050297277195954705,0.2809324362936351,0.07013478616479293,0.3763258553862126,21.56188323528054
4317101.569001856,0.04958127429248282,0.2833692497667985,0.07371740889987506,0.3779445174171797,21.65462573811303
4317101.668914432,0.050386087167362384,0.2818060521743727,0.07305928739522294,0.3772394566772825,21.61422873341655
4317101.768775424,0.050251058123125227,0.2842942363175823,0.07272950436637511,0.3772714811839598,21.616063602490147
4317101.868984544,0.050544715812923094,0.28456399838846935,0.07235773813817797,0.3767194326128068,21.584433549276856
4317101.968879712,0.050662231909960054,0.28345564839853477,0.07321412472913505,0.37803446086616005,21.659779118134455
4317102.068774112,0.05171737016010667,0.2823649767072677,0.073725905097928,0.37732566375055715,21.619168034879362
4317102.168938816,0.05219295853553675,0.2825821731378606,0.07298602623619273,0.37676370059560754,21.586969917858895
4317102.268918144,0.05239154036627378,0.27990647758246756,0.07154644546741092,0.3781247395454809,21.664951705439556
4317102.36885728,0.05303058326286574,0.280409804261476,0.07204833222641303,0.37844073875468476,21.683057126456408
4317102.469013824,0.052588661920150555,0.28147952434286794,0.07237687599165486,0.3785092172638542,21.686980656019166
4317102.56887776,0.053342525519650054,0.28141732230406663,0.07124936852193077,0.378107379517102,21.663957049081215
4317102.668749376,0.05319769017772634,0.2811804136388433,0.07218711426878573,0.37764273329074544,21.637334781344304
4317102.768986912,0.05287211456649438,0.2815697944082261,0.07146645424464078,0.3771722424411015,21.61037764136018
4317102.868898208,0.0519812021302548,0.28149922427167196,0.07052521282574357,0.37781521879640695,21.647217472845888
4317102.968727936,0.05284618577421708,0.2824531261849528,0.07089266205217917,0.3774104695136015,21.624027047180192
4317103.068933664,0.05173990145416012,0.2835029240094651,0.07244368859511888,0.3777809512730426,21.645254088382746
4317103.1688752,0.052713206925072094,0.28258507684345924,0.07206016514315917,0.3775385692244792,21.63136661997033
4317103.26870512,0.05240076819996546,0.2784471698105757,0.06880907310053062,0.37836560422456295,21.678752234984728
4317103.368922016,0.053398823116922775,0.2791282672115055,0.07014441835258181,0.3777795570972241,21.645174207992447
4317103.468881024,0.05149354228410989,0.2825696895253951,0.07314553022962923,0.3781705707026553,21.667577637315848
4317103.568772032,0.05134834054456355,0.2817517507541684,0.07067087712752598,0.37846768279269466,21.684600906117414
4317103.668966272,0.052209062594801986,0.2807100584365203,0.0712213949409758,0.37787792245006635,21.65081012756062
4317103.76889664,0.05081354398925495,0.2813663586292989,0.06995368269855551,0.3773760274283493,21.62205366105761
4317103.868696608,0.05016465570048079,0.28206736143952416,0.06897182787511418,0.37686744230489233,21.592913879960385
4317103.968974176,0.0519318335057796,0.2847629277861017,0.07013285134133145,0.37706376211250225,21.604162176371254
4317104.06889088,0.05325682924609951,0.28116570705561195,0.07043450660964655,0.37839303087674236,21.68032366640078
4317104.168701632,0.052556874439149075,0.2847790976547835,0.06945037429027502,0.3782388983391539,21.671492522511322
4317104.2689544,0.05129469666724674,0.2848412312196515,0.06902030454154097,0.37780540919043964,21.646655423825276
4317104.368955296,0.05266381476269633,0.28370210829939657,0.06989644007914393,0.3776172345367819,21.635873810359353
4317104.468816576,0.05240677051770396,0.2840197289966882,0.06744964164929111,0.37782427631622284,21.647736430504196
4317104.56860784,0.052636378739815345,0.28377500756167007,0.0675548972716216,0.3773244010837976,21.61909568940311
4317104.66887648,0.052441553483534076,0.28370425367217594,0.06874326334015399,0.37687019811420247,21.593071776202997
4317104.768962656,0.05302121161865928,0.28126774786477293,0.07238579200747661,0.3786432200804465,21.694658451852767
4317104.868893216,0.0536012780392286,0.28271535253937236,0.06985519865987841,0.37844845632936863,21.68349931091387
4317104.968789984,0.053496334875075865,0.28252478610273735,0.06932262044029522,0.3779487839605471,21.65487019304109
4317105.06877872,0.05371682354307801,0.2818382979940402,0.07098289661197345,0.3776468552040805,21.63757094958192
4317105.16881104,0.05273442150458392,0.28125485185105326,0.07086322835132054,0.3776095604468901,21.635434117396947
4317105.26887424,0.0529918023764206,0.28307108771246886,0.069081705403143,0.3779765337396019,21.656460138263352
4317105.368766848,0.05218318403819522,0.282847725671191,0.06994011438356015,0.37933096269509275,21.73406320106329
4317105.468823232,0.052583299757465826,0.28220735553736165,0.07024128967261116,0.37940539293987824,21.738327739957626
4317105.568843712,0.051722384241536516,0.28189434384279993,0.06916324710935791,0.3791626419478148,21.724419132639774
4317105.668757632,0.05198018846608334,0.28125305274401036,0.06960862061235161,0.380581130919299,21.805692563991673
4317105.768767584,0.05240522522636185,0.2822410399428571,0.07055019490760023,0.37981805826744636,21.76197172157866
4317105.868788064,0.05227960250564045,0.28195682198947025,0.06947125617561871,0.3793622823980318,21.7358576878573
4317105.968780672,0.05196473040491134,0.28320618926224717,0.06937825981764227,0.3788632374660125,21.707264519465202
4317106.068823616,0.052032854345865666,0.2837434021383339,0.0692923466901953,0.37863592625331405,21.69424054634158
4317106.168787808,0.0520119316930607,0.2819525680326579,0.06837988328460348,0.37999042769903274,21.77184776252563
4317106.268753088,0.05084474464720061,0.2825004259153503,0.06754776845357899,0.3797464468228422,21.75786868803801
4317106.368800128,0.05137525598222058,0.28270228813475196,0.06836148450593653,0.37946666354422337,21.741838286994817
4317106.468772672,0.05138918644710822,0.2821751626855016,0.06966690082976383,0.3799340185227476,21.76861575479868
4317106.568731872,0.05043871610134441,0.2810898983157499,0.0688908884989084,0.3797101745209919,21.75579043822876
4317106.668832544,0.05055546727968858,0.2822534390890052,0.06970869500238286,0.3791962236539785,21.726343222671805
4317106.768759168,0.05030837968554695,0.28156495543413906,0.06955695723094227,0.37903668676827573,21.717202432444374
4317106.868743872,0.05088210638993558,0.2827988470670695,0.06839895484576261,0.3795063692047672,21.74411325376676
4317106.9688528,0.049891332333571826,0.28304477541955686,0.06774847173466543,0.3798224847189079,21.762225338565628
4317107.068739392,0.053716263932118154,0.28375601238176923,0.07113746467214231,0.3795692762672496,21.747717562948566
4317107.168703616,0.05207598095868911,0.2838991212017856,0.07077227824402907,0.37933602581970294,21.734353296734604
4317107.268861504,0.051494926424380805,0.2835326321438477,0.06969661885215682,0.3787928731578353,21.70323294157829
4317107.368688864,0.05103862633160735,0.28308940974800273,0.0697267792047657,0.37869056091981235,21.697370882147037
4317107.468698752,0.050711319388446786,0.2835686476181353,0.06962380425591533,0.37856543229142653,21.69020153984427
4317107.568876352,0.0506344106134462,0.28500207995345883,0.06792053608083568,0.37890729450073773,21.70978880161282
4317107.668721152,0.05053893373948487,0.2846146861176937,0.0684315200274335,0.3792223326340841,21.727839157039245
4317107.768794432,0.05141856444341889,0.2825960161539644,0.06934557984872484,0.3798039706094691,21.76116455823334
4317107.868827552,0.05061203983914321,0.2819178276965143,0.06960074280939224,0.37937099510816646,21.73635688937614
4317107.968719936,0.049996199954062494,0.2805749927420812,0.06729341432744176,0.37963014333612755,21.7512049891066
4317108.0689088,0.04892055314941751,0.2809202666532579,0.06830982663230982,0.37940409227990934,21.738253217630824
4317108.168858656,0.05032211983632298,0.2825969717758818,0.06975270366030963,0.37900086962621005,21.71515026136979
4317108.272236032,0.05031096821655459,0.2830809740179719,0.06957935846342167,0.3788746102958851,21.70791613461802
4317108.368697728,0.049523614519597324,0.2825071670173765,0.07025586038262546,0.37855220292618097,21.68944355305006
4317108.4688168,0.05025290882924025,0.28292726040111493,0.07173908995157992,0.3790940425698426,21.720488677804745
4317108.568686048,0.050298685012433356,0.28306665900570416,0.06883437712528935,0.37895451295418675,21.71249421971058
4317108.668814592,0.0505663306949893,0.2831336164188652,0.06950818142792423,0.3787231815674364,21.69923990758088
4317108.768821248,0.049713250332313844,0.2821116312787485,0.06948007064270453,0.3786342085664139,21.694142130131677
4317108.8687184,0.04975010289505447,0.28283181057664336,0.06959328086104784,0.3784018193258973,21.680827207445823
4317108.968803776,0.05007729512134651,0.28206274128608627,0.0699538584594597,0.3780396138069182,21.660074359891976
4317109.06881984,0.047735670182473926,0.284466644020647,0.06860278042738015,0.3784986303580565,21.686374070998852
4317109.16869152,0.0485582058467187,0.28432150195757816,0.06963482633703263,0.3783151918105106,21.675863816424464
4317109.26885168,0.04975155753291261,0.28329331379271094,0.06953714281483918,0.3787491698752845,21.700728927937263
4317109.368796768,0.04791687036224676,0.2849649491952985,0.06951159141956958,0.37924303631583034,21.729025390623686
4317109.468763712,0.05061370981432847,0.284623105123791,0.06965007336220656,0.379459903879322,21.741450986725045
4317109.568692608,0.049629189410048076,0.2845319978034317,0.07089383611457946,0.37920389870805254,21.72678297087778
4317109.6687304,0.049840677193068526,0.28343730856774685,0.07043747450171557,0.3787455458988538,21.700521289382728
4317109.768729408,0.0490221492136252,0.28178542970987247,0.07088883210802728,0.37894915612190555,21.71218729582931
4317109.868821568,0.04836660794153772,0.282552358464006,0.07044774597173709,0.37864865417733173,21.694969802669757
4317109.968772736,0.050307200371473376,0.28301625549202136,0.07051106406442419,0.3788570385234491,21.706909346218875
4317110.068763936,0.0498838893386536,0.28457125787862936,0.0697484677132864,0.37835519050256455,21.678155572665197
4317110.168615936,0.0510861591619969,0.28308981878317496,0.06885692362758429,0.3789972909183078,21.71494521651088
4317110.268748384,0.05123323158821129,0.28280110916821743,0.06913792257849628,0.3785441833984793,21.688984067959066
4317110.368708896,0.05104547179290452,0.28321817926680426,0.06972467944757657,0.37821543080657744,21.670147931939105
4317110.468647136,0.05005883799026887,0.2849648351048686,0.06933550213594906,0.37829879559307505,21.674924382365425
4317110.568772544,0.049909623288943376,0.2841414208192172,0.06920680836504778,0.37834753320811415,21.6777168420107
4317110.668689632,0.05085193749136076,0.2843325451284319,0.06947184643704268,0.3788552827542345,21.70680874805308
4317110.76882688,0.05013427793206719,0.2855932568476771,0.06911434799417102,0.37926603025036315,21.73034284602682
4317110.868736288,0.04999286233207713,0.28363793537497645,0.06874194348584817,0.3789797231802042,21.713938659261952
4317110.968688096,0.05106113142370264,0.2837585942269755,0.07086549885688531,0.37901342791917814,21.71586979855475
4317111.068617152,0.05069607439799076,0.2837879794138606,0.0699797254013498,0.3787515369652915,21.70086455220439
4317111.168748096,0.04756274102365187,0.28344629481348904,0.06740062152199223,0.3786918762812164,21.697446246804027
4317111.26868448,0.048373694970975205,0.28501305398659743,0.06779414779635008,0.37895491603808634,21.71251731471682
4317111.368610752,0.04845460184018234,0.2850480629421054,0.0686917524265731,0.3786927782473185,21.69749792565494
4317111.46874096,0.047073463878557965,0.28623123013659474,0.06954813828063804,0.37951377940334097,21.74453782687039
4317111.568636512,0.0477499877788082,0.2843197832224981,0.06932057823259788,0.3792016154202604,21.726652148123875
4317111.66875904,0.048328815783907006,0.2838753735993948,0.0703179849795398,0.3790472001149905,21.717804802839687
4317111.76867872,0.04874927553855807,0.28308598715595096,0.06940468869359866,0.3787343414093639,21.69987931942336
4317111.868658624,0.04841997189909052,0.2826221655571319,0.06814505691943105,0.37845844261451894,21.684071482905996
4317111.968601856,0.04985146114978891,0.28414708866287186,0.06932268404752567,0.38059482892612545,21.80647740197057
