status_source,stamp_s,accepted,reason,points,fitness,rmse,processing_ms,preprocess_ms,icp_ms,primary_icp_ms,prediction_icp_ms,recovery_icp_ms,recovery_prepare_ms,mapping_ms,publish_ms,other_ms,icp_calls,scan_dt_sec,dropped_scans_estimated_last,dropped_scans_estimated_total,icp_target,keyframe_added,local_map_frames,local_map_points,consecutive_rejections,recovery_active,recovery_attempted,recovery_success,recovery_provisional,recovery_confirmed,recovery_confirmations,recovery_reason,recovery_seed_yaw_offset_deg,recovery_imu_error_deg,pose_graph_nodes,pose_graph_edges,loop_closures,loop_detection_ms,optimization_ms,map_publish_ms,backend,optimized
front_end,,True,kiss_icp_odometry,,,,,,,,,,,,,,,,,,,,,0,,,,,,,,,,,,,,,,,,
front_end,,True,kiss_icp_odometry,,,,,,,,,,,,,,,,,,,,,3791,,,,,,,,,,,,,,,,,,
optimized_backend,,,,,,,,,,,,,,,,,,,,,,,,,,,,,,,,,,,1,0,0,,,,pose_graph,False
front_end,,True,kiss_icp_odometry,,,,,,,,,,,,,,,,,,,,,5953,,,,,,,,,,,,,,,,,,
front_end,,True,kiss_icp_odometry,,,,,,,,,,,,,,,,,,,,,7499,,,,,,,,,,,,,,,,,,
front_end,,True,kiss_icp_odometry,,,,,,,,,,,,,,,,,,,,,8636,,,,,,,,,,,,,,,,,,
front_end,,True,kiss_icp_odometry,,,,,,,,,,,,,,,,,,,,,9603,,,,,,,,,,,,,,,,,,
front_end,,True,kiss_icp_odometry,,,,,,,,,,,,,,,,,,,,,10326,,,,,,,,,,,,,,,,,,
front_end,,True,kiss_icp_odometry,,,,,,,,,,,,,,,,,,,,,11056,,,,,,,,,,,,,,,,,,
front_end,,True,kiss_icp_odometry,,,,,,,,,,,,,,,,,,,,,11436,,,,,,,,,,,,,,,,,,
front_end,,True,kiss_icp_odometry,,,,,,,,,,,,,,,,,,,,,11988,,,,,,,,,,,,,,,,,,
front_end,,True,kiss_icp_odometry,,,,,,,,,,,,,,,,,,,,,12459,,,,,,,,,,,,,,,,,,
front_end,,True,kiss_icp_odometry,,,,,,,,,,,,,,,,,,,,,12818,,,,,,,,,,,,,,,,,,
front_end,,True,kiss_icp_odometry,,,,,,,,,,,,,,,,,,,,,13165,,,,,,,,,,,,,,,,,,
front_end,,True,kiss_icp_odometry,,,,,,,,,,,,,,,,,,,,,13534,,,,,,,,,,,,,,,,,,
front_end,,True,kiss_icp_odometry,,,,,,,,,,,,,,,,,,,,,13889,,,,,,,,,,,,,,,,,,
front_end,,True,kiss_icp_odometry,,,,,,,,,,,,,,,,,,,,,14288,,,,,,,,,,,,,,,,,,
front_end,,True,kiss_icp_odometry,,,,,,,,,,,,,,,,,,,,,14628,,,,,,,,,,,,,,,,,,
front_end,,True,kiss_icp_odometry,,,,,,,,,,,,,,,,,,,,,14953,,,,,,,,,,,,,,,,,,
front_end,,True,kiss_icp_odometry,,,,,,,,,,,,,,,,,,,,,15210,,,,,,,,,,,,,,,,,,
front_end,,True,kiss_icp_odometry,,,,,,,,,,,,,,,,,,,,,15456,,,,,,,,,,,,,,,,,,
front_end,,True,kiss_icp_odometry,,,,,,,,,,,,,,,,,,,,,15671,,,,,,,,,,,,,,,,,,
front_end,,True,kiss_icp_odometry,,,,,,,,,,,,,,,,,,,,,15926,,,,,,,,,,,,,,,,,,
front_end,,True,kiss_icp_odometry,,,,,,,,,,,,,,,,,,,,,16129,,,,,,,,,,,,,,,,,,
front_end,,True,kiss_icp_odometry,,,,,,,,,,,,,,,,,,,,,16392,,,,,,,,,,,,,,,,,,
front_end,,True,kiss_icp_odometry,,,,,,,,,,,,,,,,,,,,,16590,,,,,,,,,,,,,,,,,,
front_end,,True,kiss_icp_odometry,,,,,,,,,,,,,,,,,,,,,16789,,,,,,,,,,,,,,,,,,
front_end,,True,kiss_icp_odometry,,,,,,,,,,,,,,,,,,,,,16999,,,,,,,,,,,,,,,,,,
front_end,,True,kiss_icp_odometry,,,,,,,,,,,,,,,,,,,,,17275,,,,,,,,,,,,,,,,,,
front_end,,True,kiss_icp_odometry,,,,,,,,,,,,,,,,,,,,,17496,,,,,,,,,,,,,,,,,,
front_end,,True,kiss_icp_odometry,,,,,,,,,,,,,,,,,,,,,17691,,,,,,,,,,,,,,,,,,
front_end,,True,kiss_icp_odometry,,,,,,,,,,,,,,,,,,,,,17899,,,,,,,,,,,,,,,,,,
front_end,,True,kiss_icp_odometry,,,,,,,,,,,,,,,,,,,,,18100,,,,,,,,,,,,,,,,,,
front_end,,True,kiss_icp_odometry,,,,,,,,,,,,,,,,,,,,,18289,,,,,,,,,,,,,,,,,,
front_end,,True,kiss_icp_odometry,,,,,,,,,,,,,,,,,,,,,18477,,,,,,,,,,,,,,,,,,
front_end,,True,kiss_icp_odometry,,,,,,,,,,,,,,,,,,,,,18648,,,,,,,,,,,,,,,,,,
front_end,,True,kiss_icp_odometry,,,,,,,,,,,,,,,,,,,,,18798,,,,,,,,,,,,,,,,,,
front_end,,True,kiss_icp_odometry,,,,,,,,,,,,,,,,,,,,,18946,,,,,,,,,,,,,,,,,,
front_end,,True,kiss_icp_odometry,,,,,,,,,,,,,,,,,,,,,19025,,,,,,,,,,,,,,,,,,
front_end,,True,kiss_icp_odometry,,,,,,,,,,,,,,,,,,,,,19131,,,,,,,,,,,,,,,,,,
front_end,,True,kiss_icp_odometry,,,,,,,,,,,,,,,,,,,,,19233,,,,,,,,,,,,,,,,,,
front_end,,True,kiss_icp_odometry,,,,,,,,,,,,,,,,,,,,,19336,,,,,,,,,,,,,,,,,,
front_end,,True,kiss_icp_odometry,,,,,,,,,,,,,,,,,,,,,19444,,,,,,,,,,,,,,,,,,
front_end,,True,kiss_icp_odometry,,,,,,,,,,,,,,,,,,,,,19598,,,,,,,,,,,,,,,,,,
front_end,,True,kiss_icp_odometry,,,,,,,,,,,,,,,,,,,,,19711,,,,,,,,,,,,,,,,,,
front_end,,True,kiss_icp_odometry,,,,,,,,,,,,,,,,,,,,,19847,,,,,,,,,,,,,,,,,,
front_end,,True,kiss_icp_odometry,,,,,,,,,,,,,,,,,,,,,19959,,,,,,,,,,,,,,,,,,
front_end,,True,kiss_icp_odometry,,,,,,,,,,,,,,,,,,,,,20054,,,,,,,,,,,,,,,,,,
front_end,,True,kiss_icp_odometry,,,,,,,,,,,,,,,,,,,,,20167,,,,,,,,,,,,,,,,,,
front_end,,True,kiss_icp_odometry,,,,,,,,,,,,,,,,,,,,,20269,,,,,,,,,,,,,,,,,,
front_end,,True,kiss_icp_odometry,,,,,,,,,,,,,,,,,,,,,20392,,,,,,,,,,,,,,,,,,
front_end,,True,kiss_icp_odometry,,,,,,,,,,,,,,,,,,,,,20510,,,,,,,,,,,,,,,,,,
front_end,,True,kiss_icp_odometry,,,,,,,,,,,,,,,,,,,,,20632,,,,,,,,,,,,,,,,,,
front_end,,True,kiss_icp_odometry,,,,,,,,,,,,,,,,,,,,,20749,,,,,,,,,,,,,,,,,,
front_end,,True,kiss_icp_odometry,,,,,,,,,,,,,,,,,,,,,20875,,,,,,,,,,,,,,,,,,
front_end,,True,kiss_icp_odometry,,,,,,,,,,,,,,,,,,,,,20999,,,,,,,,,,,,,,,,,,
front_end,,True,kiss_icp_odometry,,,,,,,,,,,,,,,,,,,,,21112,,,,,,,,,,,,,,,,,,
front_end,,True,kiss_icp_odometry,,,,,,,,,,,,,,,,,,,,,21250,,,,,,,,,,,,,,,,,,
front_end,,True,kiss_icp_odometry,,,,,,,,,,,,,,,,,,,,,21373,,,,,,,,,,,,,,,,,,
front_end,,True,kiss_icp_odometry,,,,,,,,,,,,,,,,,,,,,21492,,,,,,,,,,,,,,,,,,
front_end,,True,kiss_icp_odometry,,,,,,,,,,,,,,,,,,,,,21581,,,,,,,,,,,,,,,,,,
front_end,,True,kiss_icp_odometry,,,,,,,,,,,,,,,,,,,,,21668,,,,,,,,,,,,,,,,,,
front_end,,True,kiss_icp_odometry,,,,,,,,,,,,,,,,,,,,,21745,,,,,,,,,,,,,,,,,,
front_end,,True,kiss_icp_odometry,,,,,,,,,,,,,,,,,,,,,21817,,,,,,,,,,,,,,,,,,
front_end,,True,kiss_icp_odometry,,,,,,,,,,,,,,,,,,,,,21901,,,,,,,,,,,,,,,,,,
front_end,,True,kiss_icp_odometry,,,,,,,,,,,,,,,,,,,,,21974,,,,,,,,,,,,,,,,,,
front_end,,True,kiss_icp_odometry,,,,,,,,,,,,,,,,,,,,,22033,,,,,,,,,,,,,,,,,,
front_end,,True,kiss_icp_odometry,,,,,,,,,,,,,,,,,,,,,22103,,,,,,,,,,,,,,,,,,
front_end,,True,kiss_icp_odometry,,,,,,,,,,,,,,,,,,,,,22173,,,,,,,,,,,,,,,,,,
front_end,,True,kiss_icp_odometry,,,,,,,,,,,,,,,,,,,,,22243,,,,,,,,,,,,,,,,,,
front_end,,True,kiss_icp_odometry,,,,,,,,,,,,,,,,,,,,,22315,,,,,,,,,,,,,,,,,,
front_end,,True,kiss_icp_odometry,,,,,,,,,,,,,,,,,,,,,22380,,,,,,,,,,,,,,,,,,
front_end,,True,kiss_icp_odometry,,,,,,,,,,,,,,,,,,,,,22441,,,,,,,,,,,,,,,,,,
front_end,,True,kiss_icp_odometry,,,,,,,,,,,,,,,,,,,,,22501,,,,,,,,,,,,,,,,,,
front_end,,True,kiss_icp_odometry,,,,,,,,,,,,,,,,,,,,,22567,,,,,,,,,,,,,,,,,,
front_end,,True,kiss_icp_odometry,,,,,,,,,,,,,,,,,,,,,22635,,,,,,,,,,,,,,,,,,
front_end,,True,kiss_icp_odometry,,,,,,,,,,,,,,,,,,,,,22689,,,,,,,,,,,,,,,,,,
front_end,,True,kiss_icp_odometry,,,,,,,,,,,,,,,,,,,,,22849,,,,,,,,,,,,,,,,,,
front_end,,True,kiss_icp_odometry,,,,,,,,,,,,,,,,,,,,,23010,,,,,,,,,,,,,,,,,,
front_end,,True,kiss_icp_odometry,,,,,,,,,,,,,,,,,,,,,23159,,,,,,,,,,,,,,,,,,
front_end,,True,kiss_icp_odometry,,,,,,,,,,,,,,,,,,,,,23412,,,,,,,,,,,,,,,,,,
front_end,,True,kiss_icp_odometry,,,,,,,,,,,,,,,,,,,,,23835,,,,,,,,,,,,,,,,,,
front_end,,True,kiss_icp_odometry,,,,,,,,,,,,,,,,,,,,,24196,,,,,,,,,,,,,,,,,,
front_end,,True,kiss_icp_odometry,,,,,,,,,,,,,,,,,,,,,24613,,,,,,,,,,,,,,,,,,
front_end,,True,kiss_icp_odometry,,,,,,,,,,,,,,,,,,,,,24886,,,,,,,,,,,,,,,,,,
front_end,,True,kiss_icp_odometry,,,,,,,,,,,,,,,,,,,,,25125,,,,,,,,,,,,,,,,,,
front_end,,True,kiss_icp_odometry,,,,,,,,,,,,,,,,,,,,,25438,,,,,,,,,,,,,,,,,,
front_end,,True,kiss_icp_odometry,,,,,,,,,,,,,,,,,,,,,25672,,,,,,,,,,,,,,,,,,
front_end,,True,kiss_icp_odometry,,,,,,,,,,,,,,,,,,,,,25987,,,,,,,,,,,,,,,,,,
front_end,,True,kiss_icp_odometry,,,,,,,,,,,,,,,,,,,,,26255,,,,,,,,,,,,,,,,,,
front_end,,True,kiss_icp_odometry,,,,,,,,,,,,,,,,,,,,,26585,,,,,,,,,,,,,,,,,,
front_end,,True,kiss_icp_odometry,,,,,,,,,,,,,,,,,,,,,26814,,,,,,,,,,,,,,,,,,
front_end,,True,kiss_icp_odometry,,,,,,,,,,,,,,,,,,,,,27145,,,,,,,,,,,,,,,,,,
front_end,,True,kiss_icp_odometry,,,,,,,,,,,,,,,,,,,,,27405,,,,,,,,,,,,,,,,,,
front_end,,True,kiss_icp_odometry,,,,,,,,,,,,,,,,,,,,,27632,,,,,,,,,,,,,,,,,,
front_end,,True,kiss_icp_odometry,,,,,,,,,,,,,,,,,,,,,27858,,,,,,,,,,,,,,,,,,
front_end,,True,kiss_icp_odometry,,,,,,,,,,,,,,,,,,,,,28092,,,,,,,,,,,,,,,,,,
front_end,,True,kiss_icp_odometry,,,,,,,,,,,,,,,,,,,,,28352,,,,,,,,,,,,,,,,,,
front_end,,True,kiss_icp_odometry,,,,,,,,,,,,,,,,,,,,,28613,,,,,,,,,,,,,,,,,,
front_end,,True,kiss_icp_odometry,,,,,,,,,,,,,,,,,,,,,28864,,,,,,,,,,,,,,,,,,
front_end,,True,kiss_icp_odometry,,,,,,,,,,,,,,,,,,,,,29399,,,,,,,,,,,,,,,,,,
front_end,,True,kiss_icp_odometry,,,,,,,,,,,,,,,,,,,,,29679,,,,,,,,,,,,,,,,,,
front_end,,True,kiss_icp_odometry,,,,,,,,,,,,,,,,,,,,,29992,,,,,,,,,,,,,,,,,,
optimized_backend,,,,,,,,,,,,,,,,,,,,,,,,,,,,,,,,,,,2,1,0,,,,pose_graph,False
front_end,,True,kiss_icp_odometry,,,,,,,,,,,,,,,,,,,,,30196,,,,,,,,,,,,,,,,,,
front_end,,True,kiss_icp_odometry,,,,,,,,,,,,,,,,,,,,,30447,,,,,,,,,,,,,,,,,,
front_end,,True,kiss_icp_odometry,,,,,,,,,,,,,,,,,,,,,30787,,,,,,,,,,,,,,,,,,
front_end,,True,kiss_icp_odometry,,,,,,,,,,,,,,,,,,,,,31162,,,,,,,,,,,,,,,,,,
front_end,,True,kiss_icp_odometry,,,,,,,,,,,,,,,,,,,,,31504,,,,,,,,,,,,,,,,,,
front_end,,True,kiss_icp_odometry,,,,,,,,,,,,,,,,,,,,,31812,,,,,,,,,,,,,,,,,,
front_end,,True,kiss_icp_odometry,,,,,,,,,,,,,,,,,,,,,32071,,,,,,,,,,,,,,,,,,
front_end,,True,kiss_icp_odometry,,,,,,,,,,,,,,,,,,,,,32697,,,,,,,,,,,,,,,,,,
front_end,,True,kiss_icp_odometry,,,,,,,,,,,,,,,,,,,,,33239,,,,,,,,,,,,,,,,,,
front_end,,True,kiss_icp_odometry,,,,,,,,,,,,,,,,,,,,,33451,,,,,,,,,,,,,,,,,,
front_end,,True,kiss_icp_odometry,,,,,,,,,,,,,,,,,,,,,33763,,,,,,,,,,,,,,,,,,
front_end,,True,kiss_icp_odometry,,,,,,,,,,,,,,,,,,,,,34055,,,,,,,,,,,,,,,,,,
front_end,,True,kiss_icp_odometry,,,,,,,,,,,,,,,,,,,,,34443,,,,,,,,,,,,,,,,,,
front_end,,True,kiss_icp_odometry,,,,,,,,,,,,,,,,,,,,,34681,,,,,,,,,,,,,,,,,,
front_end,,True,kiss_icp_odometry,,,,,,,,,,,,,,,,,,,,,35171,,,,,,,,,,,,,,,,,,
front_end,,True,kiss_icp_odometry,,,,,,,,,,,,,,,,,,,,,35432,,,,,,,,,,,,,,,,,,
front_end,,True,kiss_icp_odometry,,,,,,,,,,,,,,,,,,,,,35739,,,,,,,,,,,,,,,,,,
front_end,,True,kiss_icp_odometry,,,,,,,,,,,,,,,,,,,,,35964,,,,,,,,,,,,,,,,,,
front_end,,True,kiss_icp_odometry,,,,,,,,,,,,,,,,,,,,,36236,,,,,,,,,,,,,,,,,,
front_end,,True,kiss_icp_odometry,,,,,,,,,,,,,,,,,,,,,36521,,,,,,,,,,,,,,,,,,
front_end,,True,kiss_icp_odometry,,,,,,,,,,,,,,,,,,,,,36845,,,,,,,,,,,,,,,,,,
front_end,,True,kiss_icp_odometry,,,,,,,,,,,,,,,,,,,,,37300,,,,,,,,,,,,,,,,,,
front_end,,True,kiss_icp_odometry,,,,,,,,,,,,,,,,,,,,,37597,,,,,,,,,,,,,,,,,,
optimized_backend,,,,,,,,,,,,,,,,,,,,,,,,,,,,,,,,,,,3,2,0,,,,pose_graph,False
front_end,,True,kiss_icp_odometry,,,,,,,,,,,,,,,,,,,,,37836,,,,,,,,,,,,,,,,,,
front_end,,True,kiss_icp_odometry,,,,,,,,,,,,,,,,,,,,,38072,,,,,,,,,,,,,,,,,,
front_end,,True,kiss_icp_odometry,,,,,,,,,,,,,,,,,,,,,38317,,,,,,,,,,,,,,,,,,
front_end,,True,kiss_icp_odometry,,,,,,,,,,,,,,,,,,,,,38506,,,,,,,,,,,,,,,,,,
front_end,,True,kiss_icp_odometry,,,,,,,,,,,,,,,,,,,,,38741,,,,,,,,,,,,,,,,,,
front_end,,True,kiss_icp_odometry,,,,,,,,,,,,,,,,,,,,,39067,,,,,,,,,,,,,,,,,,
front_end,,True,kiss_icp_odometry,,,,,,,,,,,,,,,,,,,,,39555,,,,,,,,,,,,,,,,,,
front_end,,True,kiss_icp_odometry,,,,,,,,,,,,,,,,,,,,,39948,,,,,,,,,,,,,,,,,,
front_end,,True,kiss_icp_odometry,,,,,,,,,,,,,,,,,,,,,40247,,,,,,,,,,,,,,,,,,
front_end,,True,kiss_icp_odometry,,,,,,,,,,,,,,,,,,,,,40483,,,,,,,,,,,,,,,,,,
front_end,,True,kiss_icp_odometry,,,,,,,,,,,,,,,,,,,,,40683,,,,,,,,,,,,,,,,,,
front_end,,True,kiss_icp_odometry,,,,,,,,,,,,,,,,,,,,,40876,,,,,,,,,,,,,,,,,,
front_end,,True,kiss_icp_odometry,,,,,,,,,,,,,,,,,,,,,41159,,,,,,,,,,,,,,,,,,
front_end,,True,kiss_icp_odometry,,,,,,,,,,,,,,,,,,,,,41379,,,,,,,,,,,,,,,,,,
front_end,,True,kiss_icp_odometry,,,,,,,,,,,,,,,,,,,,,41602,,,,,,,,,,,,,,,,,,
front_end,,True,kiss_icp_odometry,,,,,,,,,,,,,,,,,,,,,41797,,,,,,,,,,,,,,,,,,
front_end,,True,kiss_icp_odometry,,,,,,,,,,,,,,,,,,,,,42017,,,,,,,,,,,,,,,,,,
front_end,,True,kiss_icp_odometry,,,,,,,,,,,,,,,,,,,,,42383,,,,,,,,,,,,,,,,,,
front_end,,True,kiss_icp_odometry,,,,,,,,,,,,,,,,,,,,,42636,,,,,,,,,,,,,,,,,,
front_end,,True,kiss_icp_odometry,,,,,,,,,,,,,,,,,,,,,42909,,,,,,,,,,,,,,,,,,
front_end,,True,kiss_icp_odometry,,,,,,,,,,,,,,,,,,,,,43182,,,,,,,,,,,,,,,,,,
front_end,,True,kiss_icp_odometry,,,,,,,,,,,,,,,,,,,,,43389,,,,,,,,,,,,,,,,,,
front_end,,True,kiss_icp_odometry,,,,,,,,,,,,,,,,,,,,,43589,,,,,,,,,,,,,,,,,,
front_end,,True,kiss_icp_odometry,,,,,,,,,,,,,,,,,,,,,43755,,,,,,,,,,,,,,,,,,
front_end,,True,kiss_icp_odometry,,,,,,,,,,,,,,,,,,,,,43885,,,,,,,,,,,,,,,,,,
front_end,,True,kiss_icp_odometry,,,,,,,,,,,,,,,,,,,,,44018,,,,,,,,,,,,,,,,,,
front_end,,True,kiss_icp_odometry,,,,,,,,,,,,,,,,,,,,,44172,,,,,,,,,,,,,,,,,,
front_end,,True,kiss_icp_odometry,,,,,,,,,,,,,,,,,,,,,44313,,,,,,,,,,,,,,,,,,
front_end,,True,kiss_icp_odometry,,,,,,,,,,,,,,,,,,,,,44449,,,,,,,,,,,,,,,,,,
front_end,,True,kiss_icp_odometry,,,,,,,,,,,,,,,,,,,,,44558,,,,,,,,,,,,,,,,,,
front_end,,True,kiss_icp_odometry,,,,,,,,,,,,,,,,,,,,,44660,,,,,,,,,,,,,,,,,,
front_end,,True,kiss_icp_odometry,,,,,,,,,,,,,,,,,,,,,44783,,,,,,,,,,,,,,,,,,
front_end,,True,kiss_icp_odometry,,,,,,,,,,,,,,,,,,,,,44885,,,,,,,,,,,,,,,,,,
front_end,,True,kiss_icp_odometry,,,,,,,,,,,,,,,,,,,,,44985,,,,,,,,,,,,,,,,,,
front_end,,True,kiss_icp_odometry,,,,,,,,,,,,,,,,,,,,,45076,,,,,,,,,,,,,,,,,,
front_end,,True,kiss_icp_odometry,,,,,,,,,,,,,,,,,,,,,45179,,,,,,,,,,,,,,,,,,
front_end,,True,kiss_icp_odometry,,,,,,,,,,,,,,,,,,,,,45311,,,,,,,,,,,,,,,,,,
front_end,,True,kiss_icp_odometry,,,,,,,,,,,,,,,,,,,,,45364,,,,,,,,,,,,,,,,,,
front_end,,True,kiss_icp_odometry,,,,,,,,,,,,,,,,,,,,,45454,,,,,,,,,,,,,,,,,,
front_end,,True,kiss_icp_odometry,,,,,,,,,,,,,,,,,,,,,45518,,,,,,,,,,,,,,,,,,
front_end,,True,kiss_icp_odometry,,,,,,,,,,,,,,,,,,,,,45608,,,,,,,,,,,,,,,,,,
front_end,,True,kiss_icp_odometry,,,,,,,,,,,,,,,,,,,,,45678,,,,,,,,,,,,,,,,,,
front_end,,True,kiss_icp_odometry,,,,,,,,,,,,,,,,,,,,,45743,,,,,,,,,,,,,,,,,,
front_end,,True,kiss_icp_odometry,,,,,,,,,,,,,,,,,,,,,45792,,,,,,,,,,,,,,,,,,
front_end,,True,kiss_icp_odometry,,,,,,,,,,,,,,,,,,,,,45862,,,,,,,,,,,,,,,,,,
front_end,,True,kiss_icp_odometry,,,,,,,,,,,,,,,,,,,,,45942,,,,,,,,,,,,,,,,,,
front_end,,True,kiss_icp_odometry,,,,,,,,,,,,,,,,,,,,,46092,,,,,,,,,,,,,,,,,,
front_end,,True,kiss_icp_odometry,,,,,,,,,,,,,,,,,,,,,46239,,,,,,,,,,,,,,,,,,
front_end,,True,kiss_icp_odometry,,,,,,,,,,,,,,,,,,,,,46345,,,,,,,,,,,,,,,,,,
front_end,,True,kiss_icp_odometry,,,,,,,,,,,,,,,,,,,,,46421,,,,,,,,,,,,,,,,,,
front_end,,True,kiss_icp_odometry,,,,,,,,,,,,,,,,,,,,,46482,,,,,,,,,,,,,,,,,,
front_end,,True,kiss_icp_odometry,,,,,,,,,,,,,,,,,,,,,46549,,,,,,,,,,,,,,,,,,
front_end,,True,kiss_icp_odometry,,,,,,,,,,,,,,,,,,,,,46605,,,,,,,,,,,,,,,,,,
optimized_backend,,,,,,,,,,,,,,,,,,,,,,,,,,,,,,,,,,,4,3,0,,,,pose_graph,False
front_end,,True,kiss_icp_odometry,,,,,,,,,,,,,,,,,,,,,46726,,,,,,,,,,,,,,,,,,
front_end,,True,kiss_icp_odometry,,,,,,,,,,,,,,,,,,,,,46942,,,,,,,,,,,,,,,,,,
front_end,,True,kiss_icp_odometry,,,,,,,,,,,,,,,,,,,,,47061,,,,,,,,,,,,,,,,,,
front_end,,True,kiss_icp_odometry,,,,,,,,,,,,,,,,,,,,,47173,,,,,,,,,,,,,,,,,,
front_end,,True,kiss_icp_odometry,,,,,,,,,,,,,,,,,,,,,47280,,,,,,,,,,,,,,,,,,
front_end,,True,kiss_icp_odometry,,,,,,,,,,,,,,,,,,,,,47348,,,,,,,,,,,,,,,,,,
optimized_backend,,,,,,,,,,,,,,,,,,,,,,,,,,,,,,,,,,,5,4,0,,,,pose_graph,False
front_end,,True,kiss_icp_odometry,,,,,,,,,,,,,,,,,,,,,47420,,,,,,,,,,,,,,,,,,
front_end,,True,kiss_icp_odometry,,,,,,,,,,,,,,,,,,,,,47482,,,,,,,,,,,,,,,,,,
front_end,,True,kiss_icp_odometry,,,,,,,,,,,,,,,,,,,,,47563,,,,,,,,,,,,,,,,,,
front_end,,True,kiss_icp_odometry,,,,,,,,,,,,,,,,,,,,,47701,,,,,,,,,,,,,,,,,,
front_end,,True,kiss_icp_odometry,,,,,,,,,,,,,,,,,,,,,47870,,,,,,,,,,,,,,,,,,
front_end,,True,kiss_icp_odometry,,,,,,,,,,,,,,,,,,,,,48104,,,,,,,,,,,,,,,,,,
front_end,,True,kiss_icp_odometry,,,,,,,,,,,,,,,,,,,,,48328,,,,,,,,,,,,,,,,,,
front_end,,True,kiss_icp_odometry,,,,,,,,,,,,,,,,,,,,,48506,,,,,,,,,,,,,,,,,,
front_end,,True,kiss_icp_odometry,,,,,,,,,,,,,,,,,,,,,48634,,,,,,,,,,,,,,,,,,
front_end,,True,kiss_icp_odometry,,,,,,,,,,,,,,,,,,,,,48723,,,,,,,,,,,,,,,,,,
front_end,,True,kiss_icp_odometry,,,,,,,,,,,,,,,,,,,,,48800,,,,,,,,,,,,,,,,,,
front_end,,True,kiss_icp_odometry,,,,,,,,,,,,,,,,,,,,,48904,,,,,,,,,,,,,,,,,,
front_end,,True,kiss_icp_odometry,,,,,,,,,,,,,,,,,,,,,49004,,,,,,,,,,,,,,,,,,
front_end,,True,kiss_icp_odometry,,,,,,,,,,,,,,,,,,,,,49086,,,,,,,,,,,,,,,,,,
front_end,,True,kiss_icp_odometry,,,,,,,,,,,,,,,,,,,,,49138,,,,,,,,,,,,,,,,,,
front_end,,True,kiss_icp_odometry,,,,,,,,,,,,,,,,,,,,,49383,,,,,,,,,,,,,,,,,,
front_end,,True,kiss_icp_odometry,,,,,,,,,,,,,,,,,,,,,49437,,,,,,,,,,,,,,,,,,
front_end,,True,kiss_icp_odometry,,,,,,,,,,,,,,,,,,,,,49474,,,,,,,,,,,,,,,,,,
front_end,,True,kiss_icp_odometry,,,,,,,,,,,,,,,,,,,,,49512,,,,,,,,,,,,,,,,,,
front_end,,True,kiss_icp_odometry,,,,,,,,,,,,,,,,,,,,,49558,,,,,,,,,,,,,,,,,,
front_end,,True,kiss_icp_odometry,,,,,,,,,,,,,,,,,,,,,49606,,,,,,,,,,,,,,,,,,
front_end,,True,kiss_icp_odometry,,,,,,,,,,,,,,,,,,,,,49641,,,,,,,,,,,,,,,,,,
front_end,,True,kiss_icp_odometry,,,,,,,,,,,,,,,,,,,,,49690,,,,,,,,,,,,,,,,,,
front_end,,True,kiss_icp_odometry,,,,,,,,,,,,,,,,,,,,,49714,,,,,,,,,,,,,,,,,,
front_end,,True,kiss_icp_odometry,,,,,,,,,,,,,,,,,,,,,49743,,,,,,,,,,,,,,,,,,
front_end,,True,kiss_icp_odometry,,,,,,,,,,,,,,,,,,,,,49767,,,,,,,,,,,,,,,,,,
front_end,,True,kiss_icp_odometry,,,,,,,,,,,,,,,,,,,,,49792,,,,,,,,,,,,,,,,,,
front_end,,True,kiss_icp_odometry,,,,,,,,,,,,,,,,,,,,,49817,,,,,,,,,,,,,,,,,,
front_end,,True,kiss_icp_odometry,,,,,,,,,,,,,,,,,,,,,49851,,,,,,,,,,,,,,,,,,
front_end,,True,kiss_icp_odometry,,,,,,,,,,,,,,,,,,,,,49916,,,,,,,,,,,,,,,,,,
front_end,,True,kiss_icp_odometry,,,,,,,,,,,,,,,,,,,,,50123,,,,,,,,,,,,,,,,,,
front_end,,True,kiss_icp_odometry,,,,,,,,,,,,,,,,,,,,,50158,,,,,,,,,,,,,,,,,,
front_end,,True,kiss_icp_odometry,,,,,,,,,,,,,,,,,,,,,50301,,,,,,,,,,,,,,,,,,
front_end,,True,kiss_icp_odometry,,,,,,,,,,,,,,,,,,,,,50413,,,,,,,,,,,,,,,,,,
front_end,,True,kiss_icp_odometry,,,,,,,,,,,,,,,,,,,,,50632,,,,,,,,,,,,,,,,,,
front_end,,True,kiss_icp_odometry,,,,,,,,,,,,,,,,,,,,,50727,,,,,,,,,,,,,,,,,,
front_end,,True,kiss_icp_odometry,,,,,,,,,,,,,,,,,,,,,50844,,,,,,,,,,,,,,,,,,
front_end,,True,kiss_icp_odometry,,,,,,,,,,,,,,,,,,,,,51285,,,,,,,,,,,,,,,,,,
front_end,,True,kiss_icp_odometry,,,,,,,,,,,,,,,,,,,,,51501,,,,,,,,,,,,,,,,,,
front_end,,True,kiss_icp_odometry,,,,,,,,,,,,,,,,,,,,,51723,,,,,,,,,,,,,,,,,,
front_end,,True,kiss_icp_odometry,,,,,,,,,,,,,,,,,,,,,51918,,,,,,,,,,,,,,,,,,
front_end,,True,kiss_icp_odometry,,,,,,,,,,,,,,,,,,,,,52070,,,,,,,,,,,,,,,,,,
front_end,,True,kiss_icp_odometry,,,,,,,,,,,,,,,,,,,,,52157,,,,,,,,,,,,,,,,,,
front_end,,True,kiss_icp_odometry,,,,,,,,,,,,,,,,,,,,,52277,,,,,,,,,,,,,,,,,,
front_end,,True,kiss_icp_odometry,,,,,,,,,,,,,,,,,,,,,52379,,,,,,,,,,,,,,,,,,
front_end,,True,kiss_icp_odometry,,,,,,,,,,,,,,,,,,,,,52477,,,,,,,,,,,,,,,,,,
front_end,,True,kiss_icp_odometry,,,,,,,,,,,,,,,,,,,,,52629,,,,,,,,,,,,,,,,,,
front_end,,True,kiss_icp_odometry,,,,,,,,,,,,,,,,,,,,,52812,,,,,,,,,,,,,,,,,,
front_end,,True,kiss_icp_odometry,,,,,,,,,,,,,,,,,,,,,53100,,,,,,,,,,,,,,,,,,
front_end,,True,kiss_icp_odometry,,,,,,,,,,,,,,,,,,,,,53408,,,,,,,,,,,,,,,,,,
front_end,,True,kiss_icp_odometry,,,,,,,,,,,,,,,,,,,,,53641,,,,,,,,,,,,,,,,,,
front_end,,True,kiss_icp_odometry,,,,,,,,,,,,,,,,,,,,,53853,,,,,,,,,,,,,,,,,,
front_end,,True,kiss_icp_odometry,,,,,,,,,,,,,,,,,,,,,54101,,,,,,,,,,,,,,,,,,
front_end,,True,kiss_icp_odometry,,,,,,,,,,,,,,,,,,,,,54318,,,,,,,,,,,,,,,,,,
front_end,,True,kiss_icp_odometry,,,,,,,,,,,,,,,,,,,,,54518,,,,,,,,,,,,,,,,,,
front_end,,True,kiss_icp_odometry,,,,,,,,,,,,,,,,,,,,,54745,,,,,,,,,,,,,,,,,,
front_end,,True,kiss_icp_odometry,,,,,,,,,,,,,,,,,,,,,55024,,,,,,,,,,,,,,,,,,
front_end,,True,kiss_icp_odometry,,,,,,,,,,,,,,,,,,,,,55363,,,,,,,,,,,,,,,,,,
front_end,,True,kiss_icp_odometry,,,,,,,,,,,,,,,,,,,,,55748,,,,,,,,,,,,,,,,,,
front_end,,True,kiss_icp_odometry,,,,,,,,,,,,,,,,,,,,,56113,,,,,,,,,,,,,,,,,,
front_end,,True,kiss_icp_odometry,,,,,,,,,,,,,,,,,,,,,56434,,,,,,,,,,,,,,,,,,
optimized_backend,,,,,,,,,,,,,,,,,,,,,,,,,,,,,,,,,,,6,5,0,,,,pose_graph,False
front_end,,True,kiss_icp_odometry,,,,,,,,,,,,,,,,,,,,,56688,,,,,,,,,,,,,,,,,,
front_end,,True,kiss_icp_odometry,,,,,,,,,,,,,,,,,,,,,57238,,,,,,,,,,,,,,,,,,
front_end,,True,kiss_icp_odometry,,,,,,,,,,,,,,,,,,,,,57542,,,,,,,,,,,,,,,,,,
front_end,,True,kiss_icp_odometry,,,,,,,,,,,,,,,,,,,,,57849,,,,,,,,,,,,,,,,,,
front_end,,True,kiss_icp_odometry,,,,,,,,,,,,,,,,,,,,,58172,,,,,,,,,,,,,,,,,,
front_end,,True,kiss_icp_odometry,,,,,,,,,,,,,,,,,,,,,58476,,,,,,,,,,,,,,,,,,
front_end,,True,kiss_icp_odometry,,,,,,,,,,,,,,,,,,,,,58864,,,,,,,,,,,,,,,,,,
front_end,,True,kiss_icp_odometry,,,,,,,,,,,,,,,,,,,,,59518,,,,,,,,,,,,,,,,,,
front_end,,True,kiss_icp_odometry,,,,,,,,,,,,,,,,,,,,,59802,,,,,,,,,,,,,,,,,,
front_end,,True,kiss_icp_odometry,,,,,,,,,,,,,,,,,,,,,60196,,,,,,,,,,,,,,,,,,
front_end,,True,kiss_icp_odometry,,,,,,,,,,,,,,,,,,,,,60476,,,,,,,,,,,,,,,,,,
front_end,,True,kiss_icp_odometry,,,,,,,,,,,,,,,,,,,,,60766,,,,,,,,,,,,,,,,,,
front_end,,True,kiss_icp_odometry,,,,,,,,,,,,,,,,,,,,,61077,,,,,,,,,,,,,,,,,,
front_end,,True,kiss_icp_odometry,,,,,,,,,,,,,,,,,,,,,61405,,,,,,,,,,,,,,,,,,
front_end,,True,kiss_icp_odometry,,,,,,,,,,,,,,,,,,,,,61724,,,,,,,,,,,,,,,,,,
front_end,,True,kiss_icp_odometry,,,,,,,,,,,,,,,,,,,,,62096,,,,,,,,,,,,,,,,,,
front_end,,True,kiss_icp_odometry,,,,,,,,,,,,,,,,,,,,,62447,,,,,,,,,,,,,,,,,,
front_end,,True,kiss_icp_odometry,,,,,,,,,,,,,,,,,,,,,62734,,,,,,,,,,,,,,,,,,
front_end,,True,kiss_icp_odometry,,,,,,,,,,,,,,,,,,,,,63018,,,,,,,,,,,,,,,,,,
front_end,,True,kiss_icp_odometry,,,,,,,,,,,,,,,,,,,,,63422,,,,,,,,,,,,,,,,,,
front_end,,True,kiss_icp_odometry,,,,,,,,,,,,,,,,,,,,,63725,,,,,,,,,,,,,,,,,,
front_end,,True,kiss_icp_odometry,,,,,,,,,,,,,,,,,,,,,64026,,,,,,,,,,,,,,,,,,
front_end,,True,kiss_icp_odometry,,,,,,,,,,,,,,,,,,,,,64399,,,,,,,,,,,,,,,,,,
front_end,,True,kiss_icp_odometry,,,,,,,,,,,,,,,,,,,,,65495,,,,,,,,,,,,,,,,,,
optimized_backend,,,,,,,,,,,,,,,,,,,,,,,,,,,,,,,,,,,7,6,0,,,,pose_graph,False
front_end,,True,kiss_icp_odometry,,,,,,,,,,,,,,,,,,,,,65843,,,,,,,,,,,,,,,,,,
front_end,,True,kiss_icp_odometry,,,,,,,,,,,,,,,,,,,,,66147,,,,,,,,,,,,,,,,,,
front_end,,True,kiss_icp_odometry,,,,,,,,,,,,,,,,,,,,,66790,,,,,,,,,,,,,,,,,,
front_end,,True,kiss_icp_odometry,,,,,,,,,,,,,,,,,,,,,67046,,,,,,,,,,,,,,,,,,
front_end,,True,kiss_icp_odometry,,,,,,,,,,,,,,,,,,,,,67297,,,,,,,,,,,,,,,,,,
front_end,,True,kiss_icp_odometry,,,,,,,,,,,,,,,,,,,,,67592,,,,,,,,,,,,,,,,,,
front_end,,True,kiss_icp_odometry,,,,,,,,,,,,,,,,,,,,,67905,,,,,,,,,,,,,,,,,,
front_end,,True,kiss_icp_odometry,,,,,,,,,,,,,,,,,,,,,68171,,,,,,,,,,,,,,,,,,
front_end,,True,kiss_icp_odometry,,,,,,,,,,,,,,,,,,,,,68485,,,,,,,,,,,,,,,,,,
front_end,,True,kiss_icp_odometry,,,,,,,,,,,,,,,,,,,,,68855,,,,,,,,,,,,,,,,,,
front_end,,True,kiss_icp_odometry,,,,,,,,,,,,,,,,,,,,,69150,,,,,,,,,,,,,,,,,,
front_end,,True,kiss_icp_odometry,,,,,,,,,,,,,,,,,,,,,69388,,,,,,,,,,,,,,,,,,
front_end,,True,kiss_icp_odometry,,,,,,,,,,,,,,,,,,,,,69706,,,,,,,,,,,,,,,,,,
front_end,,True,kiss_icp_odometry,,,,,,,,,,,,,,,,,,,,,69949,,,,,,,,,,,,,,,,,,
front_end,,True,kiss_icp_odometry,,,,,,,,,,,,,,,,,,,,,70209,,,,,,,,,,,,,,,,,,
front_end,,True,kiss_icp_odometry,,,,,,,,,,,,,,,,,,,,,70506,,,,,,,,,,,,,,,,,,
front_end,,True,kiss_icp_odometry,,,,,,,,,,,,,,,,,,,,,70773,,,,,,,,,,,,,,,,,,
front_end,,True,kiss_icp_odometry,,,,,,,,,,,,,,,,,,,,,71006,,,,,,,,,,,,,,,,,,
front_end,,True,kiss_icp_odometry,,,,,,,,,,,,,,,,,,,,,71295,,,,,,,,,,,,,,,,,,
front_end,,True,kiss_icp_odometry,,,,,,,,,,,,,,,,,,,,,71555,,,,,,,,,,,,,,,,,,
front_end,,True,kiss_icp_odometry,,,,,,,,,,,,,,,,,,,,,71780,,,,,,,,,,,,,,,,,,
front_end,,True,kiss_icp_odometry,,,,,,,,,,,,,,,,,,,,,71997,,,,,,,,,,,,,,,,,,
front_end,,True,kiss_icp_odometry,,,,,,,,,,,,,,,,,,,,,72286,,,,,,,,,,,,,,,,,,
front_end,,True,kiss_icp_odometry,,,,,,,,,,,,,,,,,,,,,72494,,,,,,,,,,,,,,,,,,
front_end,,True,kiss_icp_odometry,,,,,,,,,,,,,,,,,,,,,72658,,,,,,,,,,,,,,,,,,
front_end,,True,kiss_icp_odometry,,,,,,,,,,,,,,,,,,,,,72815,,,,,,,,,,,,,,,,,,
front_end,,True,kiss_icp_odometry,,,,,,,,,,,,,,,,,,,,,73052,,,,,,,,,,,,,,,,,,
front_end,,True,kiss_icp_odometry,,,,,,,,,,,,,,,,,,,,,73222,,,,,,,,,,,,,,,,,,
front_end,,True,kiss_icp_odometry,,,,,,,,,,,,,,,,,,,,,73387,,,,,,,,,,,,,,,,,,
front_end,,True,kiss_icp_odometry,,,,,,,,,,,,,,,,,,,,,74488,,,,,,,,,,,,,,,,,,
front_end,,True,kiss_icp_odometry,,,,,,,,,,,,,,,,,,,,,74819,,,,,,,,,,,,,,,,,,
front_end,,True,kiss_icp_odometry,,,,,,,,,,,,,,,,,,,,,75053,,,,,,,,,,,,,,,,,,
front_end,,True,kiss_icp_odometry,,,,,,,,,,,,,,,,,,,,,75282,,,,,,,,,,,,,,,,,,
front_end,,True,kiss_icp_odometry,,,,,,,,,,,,,,,,,,,,,75382,,,,,,,,,,,,,,,,,,
front_end,,True,kiss_icp_odometry,,,,,,,,,,,,,,,,,,,,,75448,,,,,,,,,,,,,,,,,,
front_end,,True,kiss_icp_odometry,,,,,,,,,,,,,,,,,,,,,75651,,,,,,,,,,,,,,,,,,
front_end,,True,kiss_icp_odometry,,,,,,,,,,,,,,,,,,,,,75740,,,,,,,,,,,,,,,,,,
front_end,,True,kiss_icp_odometry,,,,,,,,,,,,,,,,,,,,,75819,,,,,,,,,,,,,,,,,,
front_end,,True,kiss_icp_odometry,,,,,,,,,,,,,,,,,,,,,75896,,,,,,,,,,,,,,,,,,
front_end,,True,kiss_icp_odometry,,,,,,,,,,,,,,,,,,,,,76045,,,,,,,,,,,,,,,,,,
front_end,,True,kiss_icp_odometry,,,,,,,,,,,,,,,,,,,,,76295,,,,,,,,,,,,,,,,,,
front_end,,True,kiss_icp_odometry,,,,,,,,,,,,,,,,,,,,,76605,,,,,,,,,,,,,,,,,,
front_end,,True,kiss_icp_odometry,,,,,,,,,,,,,,,,,,,,,76770,,,,,,,,,,,,,,,,,,
front_end,,True,kiss_icp_odometry,,,,,,,,,,,,,,,,,,,,,76987,,,,,,,,,,,,,,,,,,
front_end,,True,kiss_icp_odometry,,,,,,,,,,,,,,,,,,,,,77202,,,,,,,,,,,,,,,,,,
optimized_backend,,,,,,,,,,,,,,,,,,,,,,,,,,,,,,,,,,,8,7,0,,,,pose_graph,False
front_end,,True,kiss_icp_odometry,,,,,,,,,,,,,,,,,,,,,77414,,,,,,,,,,,,,,,,,,
front_end,,True,kiss_icp_odometry,,,,,,,,,,,,,,,,,,,,,77649,,,,,,,,,,,,,,,,,,
front_end,,True,kiss_icp_odometry,,,,,,,,,,,,,,,,,,,,,77821,,,,,,,,,,,,,,,,,,
front_end,,True,kiss_icp_odometry,,,,,,,,,,,,,,,,,,,,,78144,,,,,,,,,,,,,,,,,,
optimized_backend,,,,,,,,,,,,,,,,,,,,,,,,,,,,,,,,,,,9,8,0,,,,pose_graph,False
front_end,,True,kiss_icp_odometry,,,,,,,,,,,,,,,,,,,,,78250,,,,,,,,,,,,,,,,,,
front_end,,True,kiss_icp_odometry,,,,,,,,,,,,,,,,,,,,,78352,,,,,,,,,,,,,,,,,,
front_end,,True,kiss_icp_odometry,,,,,,,,,,,,,,,,,,,,,78661,,,,,,,,,,,,,,,,,,
front_end,,True,kiss_icp_odometry,,,,,,,,,,,,,,,,,,,,,78775,,,,,,,,,,,,,,,,,,
optimized_backend,,,,,,,,,,,,,,,,,,,,,,,,,,,,,,,,,,,10,9,0,,,,pose_graph,False
front_end,,True,kiss_icp_odometry,,,,,,,,,,,,,,,,,,,,,78899,,,,,,,,,,,,,,,,,,
front_end,,True,kiss_icp_odometry,,,,,,,,,,,,,,,,,,,,,78993,,,,,,,,,,,,,,,,,,
front_end,,True,kiss_icp_odometry,,,,,,,,,,,,,,,,,,,,,79132,,,,,,,,,,,,,,,,,,
front_end,,True,kiss_icp_odometry,,,,,,,,,,,,,,,,,,,,,79204,,,,,,,,,,,,,,,,,,
optimized_backend,,,,,,,,,,,,,,,,,,,,,,,,,,,,,,,,,,,11,10,0,,,,pose_graph,False
front_end,,True,kiss_icp_odometry,,,,,,,,,,,,,,,,,,,,,79293,,,,,,,,,,,,,,,,,,
front_end,,True,kiss_icp_odometry,,,,,,,,,,,,,,,,,,,,,79393,,,,,,,,,,,,,,,,,,
front_end,,True,kiss_icp_odometry,,,,,,,,,,,,,,,,,,,,,79458,,,,,,,,,,,,,,,,,,
front_end,,True,kiss_icp_odometry,,,,,,,,,,,,,,,,,,,,,79540,,,,,,,,,,,,,,,,,,
front_end,,True,kiss_icp_odometry,,,,,,,,,,,,,,,,,,,,,79753,,,,,,,,,,,,,,,,,,
optimized_backend,,,,,,,,,,,,,,,,,,,,,,,,,,,,,,,,,,,12,11,0,,,,pose_graph,False
front_end,,True,kiss_icp_odometry,,,,,,,,,,,,,,,,,,,,,79843,,,,,,,,,,,,,,,,,,
front_end,,True,kiss_icp_odometry,,,,,,,,,,,,,,,,,,,,,79934,,,,,,,,,,,,,,,,,,
front_end,,True,kiss_icp_odometry,,,,,,,,,,,,,,,,,,,,,80021,,,,,,,,,,,,,,,,,,
front_end,,True,kiss_icp_odometry,,,,,,,,,,,,,,,,,,,,,80100,,,,,,,,,,,,,,,,,,
front_end,,True,kiss_icp_odometry,,,,,,,,,,,,,,,,,,,,,80223,,,,,,,,,,,,,,,,,,
optimized_backend,,,,,,,,,,,,,,,,,,,,,,,,,,,,,,,,,,,13,12,0,,,,pose_graph,False
front_end,,True,kiss_icp_odometry,,,,,,,,,,,,,,,,,,,,,80357,,,,,,,,,,,,,,,,,,
front_end,,True,kiss_icp_odometry,,,,,,,,,,,,,,,,,,,,,81102,,,,,,,,,,,,,,,,,,
front_end,,True,kiss_icp_odometry,,,,,,,,,,,,,,,,,,,,,81213,,,,,,,,,,,,,,,,,,
front_end,,True,kiss_icp_odometry,,,,,,,,,,,,,,,,,,,,,81318,,,,,,,,,,,,,,,,,,
optimized_backend,,,,,,,,,,,,,,,,,,,,,,,,,,,,,,,,,,,14,13,0,,,,pose_graph,False
front_end,,True,kiss_icp_odometry,,,,,,,,,,,,,,,,,,,,,81439,,,,,,,,,,,,,,,,,,
front_end,,True,kiss_icp_odometry,,,,,,,,,,,,,,,,,,,,,81541,,,,,,,,,,,,,,,,,,
front_end,,True,kiss_icp_odometry,,,,,,,,,,,,,,,,,,,,,81696,,,,,,,,,,,,,,,,,,
front_end,,True,kiss_icp_odometry,,,,,,,,,,,,,,,,,,,,,81788,,,,,,,,,,,,,,,,,,
front_end,,True,kiss_icp_odometry,,,,,,,,,,,,,,,,,,,,,81897,,,,,,,,,,,,,,,,,,
front_end,,True,kiss_icp_odometry,,,,,,,,,,,,,,,,,,,,,82054,,,,,,,,,,,,,,,,,,
front_end,,True,kiss_icp_odometry,,,,,,,,,,,,,,,,,,,,,82149,,,,,,,,,,,,,,,,,,
front_end,,True,kiss_icp_odometry,,,,,,,,,,,,,,,,,,,,,82274,,,,,,,,,,,,,,,,,,
front_end,,True,kiss_icp_odometry,,,,,,,,,,,,,,,,,,,,,82393,,,,,,,,,,,,,,,,,,
front_end,,True,kiss_icp_odometry,,,,,,,,,,,,,,,,,,,,,82503,,,,,,,,,,,,,,,,,,
front_end,,True,kiss_icp_odometry,,,,,,,,,,,,,,,,,,,,,82622,,,,,,,,,,,,,,,,,,
front_end,,True,kiss_icp_odometry,,,,,,,,,,,,,,,,,,,,,82740,,,,,,,,,,,,,,,,,,
front_end,,True,kiss_icp_odometry,,,,,,,,,,,,,,,,,,,,,82849,,,,,,,,,,,,,,,,,,
front_end,,True,kiss_icp_odometry,,,,,,,,,,,,,,,,,,,,,82951,,,,,,,,,,,,,,,,,,
front_end,,True,kiss_icp_odometry,,,,,,,,,,,,,,,,,,,,,83049,,,,,,,,,,,,,,,,,,
front_end,,True,kiss_icp_odometry,,,,,,,,,,,,,,,,,,,,,83154,,,,,,,,,,,,,,,,,,
front_end,,True,kiss_icp_odometry,,,,,,,,,,,,,,,,,,,,,83257,,,,,,,,,,,,,,,,,,
front_end,,True,kiss_icp_odometry,,,,,,,,,,,,,,,,,,,,,83386,,,,,,,,,,,,,,,,,,
front_end,,True,kiss_icp_odometry,,,,,,,,,,,,,,,,,,,,,83518,,,,,,,,,,,,,,,,,,
front_end,,True,kiss_icp_odometry,,,,,,,,,,,,,,,,,,,,,83637,,,,,,,,,,,,,,,,,,
front_end,,True,kiss_icp_odometry,,,,,,,,,,,,,,,,,,,,,83727,,,,,,,,,,,,,,,,,,
front_end,,True,kiss_icp_odometry,,,,,,,,,,,,,,,,,,,,,83819,,,,,,,,,,,,,,,,,,
front_end,,True,kiss_icp_odometry,,,,,,,,,,,,,,,,,,,,,83922,,,,,,,,,,,,,,,,,,
front_end,,True,kiss_icp_odometry,,,,,,,,,,,,,,,,,,,,,83996,,,,,,,,,,,,,,,,,,
front_end,,True,kiss_icp_odometry,,,,,,,,,,,,,,,,,,,,,84071,,,,,,,,,,,,,,,,,,
front_end,,True,kiss_icp_odometry,,,,,,,,,,,,,,,,,,,,,84171,,,,,,,,,,,,,,,,,,
front_end,,True,kiss_icp_odometry,,,,,,,,,,,,,,,,,,,,,84261,,,,,,,,,,,,,,,,,,
front_end,,True,kiss_icp_odometry,,,,,,,,,,,,,,,,,,,,,84329,,,,,,,,,,,,,,,,,,
front_end,,True,kiss_icp_odometry,,,,,,,,,,,,,,,,,,,,,84406,,,,,,,,,,,,,,,,,,
front_end,,True,kiss_icp_odometry,,,,,,,,,,,,,,,,,,,,,84471,,,,,,,,,,,,,,,,,,
front_end,,True,kiss_icp_odometry,,,,,,,,,,,,,,,,,,,,,84537,,,,,,,,,,,,,,,,,,
front_end,,True,kiss_icp_odometry,,,,,,,,,,,,,,,,,,,,,84589,,,,,,,,,,,,,,,,,,
front_end,,True,kiss_icp_odometry,,,,,,,,,,,,,,,,,,,,,84634,,,,,,,,,,,,,,,,,,
front_end,,True,kiss_icp_odometry,,,,,,,,,,,,,,,,,,,,,84679,,,,,,,,,,,,,,,,,,
front_end,,True,kiss_icp_odometry,,,,,,,,,,,,,,,,,,,,,84719,,,,,,,,,,,,,,,,,,
front_end,,True,kiss_icp_odometry,,,,,,,,,,,,,,,,,,,,,84774,,,,,,,,,,,,,,,,,,
front_end,,True,kiss_icp_odometry,,,,,,,,,,,,,,,,,,,,,84848,,,,,,,,,,,,,,,,,,
front_end,,True,kiss_icp_odometry,,,,,,,,,,,,,,,,,,,,,84915,,,,,,,,,,,,,,,,,,
front_end,,True,kiss_icp_odometry,,,,,,,,,,,,,,,,,,,,,84972,,,,,,,,,,,,,,,,,,
front_end,,True,kiss_icp_odometry,,,,,,,,,,,,,,,,,,,,,85043,,,,,,,,,,,,,,,,,,
front_end,,True,kiss_icp_odometry,,,,,,,,,,,,,,,,,,,,,85133,,,,,,,,,,,,,,,,,,
front_end,,True,kiss_icp_odometry,,,,,,,,,,,,,,,,,,,,,85241,,,,,,,,,,,,,,,,,,
front_end,,True,kiss_icp_odometry,,,,,,,,,,,,,,,,,,,,,85343,,,,,,,,,,,,,,,,,,
front_end,,True,kiss_icp_odometry,,,,,,,,,,,,,,,,,,,,,85449,,,,,,,,,,,,,,,,,,
front_end,,True,kiss_icp_odometry,,,,,,,,,,,,,,,,,,,,,85540,,,,,,,,,,,,,,,,,,
front_end,,True,kiss_icp_odometry,,,,,,,,,,,,,,,,,,,,,85721,,,,,,,,,,,,,,,,,,
front_end,,True,kiss_icp_odometry,,,,,,,,,,,,,,,,,,,,,85767,,,,,,,,,,,,,,,,,,
front_end,,True,kiss_icp_odometry,,,,,,,,,,,,,,,,,,,,,85841,,,,,,,,,,,,,,,,,,
front_end,,True,kiss_icp_odometry,,,,,,,,,,,,,,,,,,,,,85904,,,,,,,,,,,,,,,,,,
front_end,,True,kiss_icp_odometry,,,,,,,,,,,,,,,,,,,,,85992,,,,,,,,,,,,,,,,,,
front_end,,True,kiss_icp_odometry,,,,,,,,,,,,,,,,,,,,,86035,,,,,,,,,,,,,,,,,,
front_end,,True,kiss_icp_odometry,,,,,,,,,,,,,,,,,,,,,86104,,,,,,,,,,,,,,,,,,
front_end,,True,kiss_icp_odometry,,,,,,,,,,,,,,,,,,,,,86318,,,,,,,,,,,,,,,,,,
front_end,,True,kiss_icp_odometry,,,,,,,,,,,,,,,,,,,,,86414,,,,,,,,,,,,,,,,,,
front_end,,True,kiss_icp_odometry,,,,,,,,,,,,,,,,,,,,,86520,,,,,,,,,,,,,,,,,,
front_end,,True,kiss_icp_odometry,,,,,,,,,,,,,,,,,,,,,86789,,,,,,,,,,,,,,,,,,
front_end,,True,kiss_icp_odometry,,,,,,,,,,,,,,,,,,,,,86959,,,,,,,,,,,,,,,,,,
front_end,,True,kiss_icp_odometry,,,,,,,,,,,,,,,,,,,,,87078,,,,,,,,,,,,,,,,,,
front_end,,True,kiss_icp_odometry,,,,,,,,,,,,,,,,,,,,,87207,,,,,,,,,,,,,,,,,,
front_end,,True,kiss_icp_odometry,,,,,,,,,,,,,,,,,,,,,87351,,,,,,,,,,,,,,,,,,
optimized_backend,,,,,,,,,,,,,,,,,,,,,,,,,,,,,,,,,,,15,14,0,,,,pose_graph,False
front_end,,True,kiss_icp_odometry,,,,,,,,,,,,,,,,,,,,,87497,,,,,,,,,,,,,,,,,,
front_end,,True,kiss_icp_odometry,,,,,,,,,,,,,,,,,,,,,87663,,,,,,,,,,,,,,,,,,
front_end,,True,kiss_icp_odometry,,,,,,,,,,,,,,,,,,,,,87802,,,,,,,,,,,,,,,,,,
front_end,,True,kiss_icp_odometry,,,,,,,,,,,,,,,,,,,,,87941,,,,,,,,,,,,,,,,,,
front_end,,True,kiss_icp_odometry,,,,,,,,,,,,,,,,,,,,,88154,,,,,,,,,,,,,,,,,,
front_end,,True,kiss_icp_odometry,,,,,,,,,,,,,,,,,,,,,88320,,,,,,,,,,,,,,,,,,
front_end,,True,kiss_icp_odometry,,,,,,,,,,,,,,,,,,,,,88611,,,,,,,,,,,,,,,,,,
front_end,,True,kiss_icp_odometry,,,,,,,,,,,,,,,,,,,,,89157,,,,,,,,,,,,,,,,,,
front_end,,True,kiss_icp_odometry,,,,,,,,,,,,,,,,,,,,,90286,,,,,,,,,,,,,,,,,,
front_end,,True,kiss_icp_odometry,,,,,,,,,,,,,,,,,,,,,90758,,,,,,,,,,,,,,,,,,
front_end,,True,kiss_icp_odometry,,,,,,,,,,,,,,,,,,,,,90970,,,,,,,,,,,,,,,,,,
front_end,,True,kiss_icp_odometry,,,,,,,,,,,,,,,,,,,,,91166,,,,,,,,,,,,,,,,,,
optimized_backend,,,,,,,,,,,,,,,,,,,,,,,,,,,,,,,,,,,16,15,0,,,,pose_graph,False
front_end,,True,kiss_icp_odometry,,,,,,,,,,,,,,,,,,,,,91358,,,,,,,,,,,,,,,,,,
front_end,,True,kiss_icp_odometry,,,,,,,,,,,,,,,,,,,,,91543,,,,,,,,,,,,,,,,,,
front_end,,True,kiss_icp_odometry,,,,,,,,,,,,,,,,,,,,,91744,,,,,,,,,,,,,,,,,,
front_end,,True,kiss_icp_odometry,,,,,,,,,,,,,,,,,,,,,92270,,,,,,,,,,,,,,,,,,
front_end,,True,kiss_icp_odometry,,,,,,,,,,,,,,,,,,,,,92782,,,,,,,,,,,,,,,,,,
front_end,,True,kiss_icp_odometry,,,,,,,,,,,,,,,,,,,,,93017,,,,,,,,,,,,,,,,,,
front_end,,True,kiss_icp_odometry,,,,,,,,,,,,,,,,,,,,,93215,,,,,,,,,,,,,,,,,,
front_end,,True,kiss_icp_odometry,,,,,,,,,,,,,,,,,,,,,93456,,,,,,,,,,,,,,,,,,
front_end,,True,kiss_icp_odometry,,,,,,,,,,,,,,,,,,,,,93648,,,,,,,,,,,,,,,,,,
front_end,,True,kiss_icp_odometry,,,,,,,,,,,,,,,,,,,,,94300,,,,,,,,,,,,,,,,,,
front_end,,True,kiss_icp_odometry,,,,,,,,,,,,,,,,,,,,,94522,,,,,,,,,,,,,,,,,,
front_end,,True,kiss_icp_odometry,,,,,,,,,,,,,,,,,,,,,94756,,,,,,,,,,,,,,,,,,
front_end,,True,kiss_icp_odometry,,,,,,,,,,,,,,,,,,,,,94980,,,,,,,,,,,,,,,,,,
optimized_backend,,,,,,,,,,,,,,,,,,,,,,,,,,,,,,,,,,,17,16,0,,,,pose_graph,False
front_end,,True,kiss_icp_odometry,,,,,,,,,,,,,,,,,,,,,95224,,,,,,,,,,,,,,,,,,
front_end,,True,kiss_icp_odometry,,,,,,,,,,,,,,,,,,,,,96001,,,,,,,,,,,,,,,,,,
front_end,,True,kiss_icp_odometry,,,,,,,,,,,,,,,,,,,,,96213,,,,,,,,,,,,,,,,,,
front_end,,True,kiss_icp_odometry,,,,,,,,,,,,,,,,,,,,,96791,,,,,,,,,,,,,,,,,,
front_end,,True,kiss_icp_odometry,,,,,,,,,,,,,,,,,,,,,96976,,,,,,,,,,,,,,,,,,
front_end,,True,kiss_icp_odometry,,,,,,,,,,,,,,,,,,,,,97188,,,,,,,,,,,,,,,,,,
front_end,,True,kiss_icp_odometry,,,,,,,,,,,,,,,,,,,,,97388,,,,,,,,,,,,,,,,,,
front_end,,True,kiss_icp_odometry,,,,,,,,,,,,,,,,,,,,,97545,,,,,,,,,,,,,,,,,,
front_end,,True,kiss_icp_odometry,,,,,,,,,,,,,,,,,,,,,97684,,,,,,,,,,,,,,,,,,
front_end,,True,kiss_icp_odometry,,,,,,,,,,,,,,,,,,,,,97843,,,,,,,,,,,,,,,,,,
front_end,,True,kiss_icp_odometry,,,,,,,,,,,,,,,,,,,,,98000,,,,,,,,,,,,,,,,,,
front_end,,True,kiss_icp_odometry,,,,,,,,,,,,,,,,,,,,,98185,,,,,,,,,,,,,,,,,,
front_end,,True,kiss_icp_odometry,,,,,,,,,,,,,,,,,,,,,98406,,,,,,,,,,,,,,,,,,
front_end,,True,kiss_icp_odometry,,,,,,,,,,,,,,,,,,,,,98594,,,,,,,,,,,,,,,,,,
front_end,,True,kiss_icp_odometry,,,,,,,,,,,,,,,,,,,,,98781,,,,,,,,,,,,,,,,,,
front_end,,True,kiss_icp_odometry,,,,,,,,,,,,,,,,,,,,,99005,,,,,,,,,,,,,,,,,,
optimized_backend,,,,,,,,,,,,,,,,,,,,,,,,,,,,,,,,,,,18,17,0,,,,pose_graph,False
front_end,,True,kiss_icp_odometry,,,,,,,,,,,,,,,,,,,,,99228,,,,,,,,,,,,,,,,,,
front_end,,True,kiss_icp_odometry,,,,,,,,,,,,,,,,,,,,,99382,,,,,,,,,,,,,,,,,,
front_end,,True,kiss_icp_odometry,,,,,,,,,,,,,,,,,,,,,99559,,,,,,,,,,,,,,,,,,
front_end,,True,kiss_icp_odometry,,,,,,,,,,,,,,,,,,,,,99740,,,,,,,,,,,,,,,,,,
front_end,,True,kiss_icp_odometry,,,,,,,,,,,,,,,,,,,,,99954,,,,,,,,,,,,,,,,,,
front_end,,True,kiss_icp_odometry,,,,,,,,,,,,,,,,,,,,,100142,,,,,,,,,,,,,,,,,,
front_end,,True,kiss_icp_odometry,,,,,,,,,,,,,,,,,,,,,100350,,,,,,,,,,,,,,,,,,
front_end,,True,kiss_icp_odometry,,,,,,,,,,,,,,,,,,,,,100631,,,,,,,,,,,,,,,,,,
front_end,,True,kiss_icp_odometry,,,,,,,,,,,,,,,,,,,,,100894,,,,,,,,,,,,,,,,,,
front_end,,True,kiss_icp_odometry,,,,,,,,,,,,,,,,,,,,,101167,,,,,,,,,,,,,,,,,,
front_end,,True,kiss_icp_odometry,,,,,,,,,,,,,,,,,,,,,101481,,,,,,,,,,,,,,,,,,
front_end,,True,kiss_icp_odometry,,,,,,,,,,,,,,,,,,,,,101791,,,,,,,,,,,,,,,,,,
front_end,,True,kiss_icp_odometry,,,,,,,,,,,,,,,,,,,,,102020,,,,,,,,,,,,,,,,,,
front_end,,True,kiss_icp_odometry,,,,,,,,,,,,,,,,,,,,,102387,,,,,,,,,,,,,,,,,,
front_end,,True,kiss_icp_odometry,,,,,,,,,,,,,,,,,,,,,102736,,,,,,,,,,,,,,,,,,
front_end,,True,kiss_icp_odometry,,,,,,,,,,,,,,,,,,,,,103052,,,,,,,,,,,,,,,,,,
front_end,,True,kiss_icp_odometry,,,,,,,,,,,,,,,,,,,,,103398,,,,,,,,,,,,,,,,,,
front_end,,True,kiss_icp_odometry,,,,,,,,,,,,,,,,,,,,,103735,,,,,,,,,,,,,,,,,,
front_end,,True,kiss_icp_odometry,,,,,,,,,,,,,,,,,,,,,104121,,,,,,,,,,,,,,,,,,
front_end,,True,kiss_icp_odometry,,,,,,,,,,,,,,,,,,,,,104434,,,,,,,,,,,,,,,,,,
optimized_backend,,,,,,,,,,,,,,,,,,,,,,,,,,,,,,,,,,,19,18,0,,,,pose_graph,False
front_end,,True,kiss_icp_odometry,,,,,,,,,,,,,,,,,,,,,104789,,,,,,,,,,,,,,,,,,
front_end,,True,kiss_icp_odometry,,,,,,,,,,,,,,,,,,,,,105357,,,,,,,,,,,,,,,,,,
front_end,,True,kiss_icp_odometry,,,,,,,,,,,,,,,,,,,,,105641,,,,,,,,,,,,,,,,,,
front_end,,True,kiss_icp_odometry,,,,,,,,,,,,,,,,,,,,,105965,,,,,,,,,,,,,,,,,,
front_end,,True,kiss_icp_odometry,,,,,,,,,,,,,,,,,,,,,106331,,,,,,,,,,,,,,,,,,
front_end,,True,kiss_icp_odometry,,,,,,,,,,,,,,,,,,,,,106608,,,,,,,,,,,,,,,,,,
front_end,,True,kiss_icp_odometry,,,,,,,,,,,,,,,,,,,,,106973,,,,,,,,,,,,,,,,,,
front_end,,True,kiss_icp_odometry,,,,,,,,,,,,,,,,,,,,,107289,,,,,,,,,,,,,,,,,,
front_end,,True,kiss_icp_odometry,,,,,,,,,,,,,,,,,,,,,107689,,,,,,,,,,,,,,,,,,
front_end,,True,kiss_icp_odometry,,,,,,,,,,,,,,,,,,,,,107948,,,,,,,,,,,,,,,,,,
front_end,,True,kiss_icp_odometry,,,,,,,,,,,,,,,,,,,,,108211,,,,,,,,,,,,,,,,,,
front_end,,True,kiss_icp_odometry,,,,,,,,,,,,,,,,,,,,,108471,,,,,,,,,,,,,,,,,,
front_end,,True,kiss_icp_odometry,,,,,,,,,,,,,,,,,,,,,109169,,,,,,,,,,,,,,,,,,
front_end,,True,kiss_icp_odometry,,,,,,,,,,,,,,,,,,,,,109445,,,,,,,,,,,,,,,,,,
front_end,,True,kiss_icp_odometry,,,,,,,,,,,,,,,,,,,,,109683,,,,,,,,,,,,,,,,,,
front_end,,True,kiss_icp_odometry,,,,,,,,,,,,,,,,,,,,,110005,,,,,,,,,,,,,,,,,,
front_end,,True,kiss_icp_odometry,,,,,,,,,,,,,,,,,,,,,110252,,,,,,,,,,,,,,,,,,
optimized_backend,,,,,,,,,,,,,,,,,,,,,,,,,,,,,,,,,,,20,19,0,,,,pose_graph,False
front_end,,True,kiss_icp_odometry,,,,,,,,,,,,,,,,,,,,,110634,,,,,,,,,,,,,,,,,,
front_end,,True,kiss_icp_odometry,,,,,,,,,,,,,,,,,,,,,110888,,,,,,,,,,,,,,,,,,
front_end,,True,kiss_icp_odometry,,,,,,,,,,,,,,,,,,,,,111137,,,,,,,,,,,,,,,,,,
front_end,,True,kiss_icp_odometry,,,,,,,,,,,,,,,,,,,,,111388,,,,,,,,,,,,,,,,,,
front_end,,True,kiss_icp_odometry,,,,,,,,,,,,,,,,,,,,,111665,,,,,,,,,,,,,,,,,,
front_end,,True,kiss_icp_odometry,,,,,,,,,,,,,,,,,,,,,111963,,,,,,,,,,,,,,,,,,
front_end,,True,kiss_icp_odometry,,,,,,,,,,,,,,,,,,,,,112210,,,,,,,,,,,,,,,,,,
front_end,,True,kiss_icp_odometry,,,,,,,,,,,,,,,,,,,,,112416,,,,,,,,,,,,,,,,,,
front_end,,True,kiss_icp_odometry,,,,,,,,,,,,,,,,,,,,,112640,,,,,,,,,,,,,,,,,,
front_end,,True,kiss_icp_odometry,,,,,,,,,,,,,,,,,,,,,112870,,,,,,,,,,,,,,,,,,
front_end,,True,kiss_icp_odometry,,,,,,,,,,,,,,,,,,,,,113269,,,,,,,,,,,,,,,,,,
front_end,,True,kiss_icp_odometry,,,,,,,,,,,,,,,,,,,,,113473,,,,,,,,,,,,,,,,,,
front_end,,True,kiss_icp_odometry,,,,,,,,,,,,,,,,,,,,,113772,,,,,,,,,,,,,,,,,,
front_end,,True,kiss_icp_odometry,,,,,,,,,,,,,,,,,,,,,113995,,,,,,,,,,,,,,,,,,
front_end,,True,kiss_icp_odometry,,,,,,,,,,,,,,,,,,,,,114294,,,,,,,,,,,,,,,,,,
front_end,,True,kiss_icp_odometry,,,,,,,,,,,,,,,,,,,,,114482,,,,,,,,,,,,,,,,,,
front_end,,True,kiss_icp_odometry,,,,,,,,,,,,,,,,,,,,,114653,,,,,,,,,,,,,,,,,,
front_end,,True,kiss_icp_odometry,,,,,,,,,,,,,,,,,,,,,114836,,,,,,,,,,,,,,,,,,
front_end,,True,kiss_icp_odometry,,,,,,,,,,,,,,,,,,,,,115040,,,,,,,,,,,,,,,,,,
front_end,,True,kiss_icp_odometry,,,,,,,,,,,,,,,,,,,,,115262,,,,,,,,,,,,,,,,,,
front_end,,True,kiss_icp_odometry,,,,,,,,,,,,,,,,,,,,,115432,,,,,,,,,,,,,,,,,,
front_end,,True,kiss_icp_odometry,,,,,,,,,,,,,,,,,,,,,115646,,,,,,,,,,,,,,,,,,
front_end,,True,kiss_icp_odometry,,,,,,,,,,,,,,,,,,,,,115795,,,,,,,,,,,,,,,,,,
front_end,,True,kiss_icp_odometry,,,,,,,,,,,,,,,,,,,,,115946,,,,,,,,,,,,,,,,,,
front_end,,True,kiss_icp_odometry,,,,,,,,,,,,,,,,,,,,,116258,,,,,,,,,,,,,,,,,,
front_end,,True,kiss_icp_odometry,,,,,,,,,,,,,,,,,,,,,116512,,,,,,,,,,,,,,,,,,
front_end,,True,kiss_icp_odometry,,,,,,,,,,,,,,,,,,,,,116702,,,,,,,,,,,,,,,,,,
front_end,,True,kiss_icp_odometry,,,,,,,,,,,,,,,,,,,,,116888,,,,,,,,,,,,,,,,,,
front_end,,True,kiss_icp_odometry,,,,,,,,,,,,,,,,,,,,,117046,,,,,,,,,,,,,,,,,,
front_end,,True,kiss_icp_odometry,,,,,,,,,,,,,,,,,,,,,117173,,,,,,,,,,,,,,,,,,
front_end,,True,kiss_icp_odometry,,,,,,,,,,,,,,,,,,,,,117251,,,,,,,,,,,,,,,,,,
front_end,,True,kiss_icp_odometry,,,,,,,,,,,,,,,,,,,,,117362,,,,,,,,,,,,,,,,,,
front_end,,True,kiss_icp_odometry,,,,,,,,,,,,,,,,,,,,,117450,,,,,,,,,,,,,,,,,,
front_end,,True,kiss_icp_odometry,,,,,,,,,,,,,,,,,,,,,117520,,,,,,,,,,,,,,,,,,
front_end,,True,kiss_icp_odometry,,,,,,,,,,,,,,,,,,,,,117603,,,,,,,,,,,,,,,,,,
front_end,,True,kiss_icp_odometry,,,,,,,,,,,,,,,,,,,,,117675,,,,,,,,,,,,,,,,,,
front_end,,True,kiss_icp_odometry,,,,,,,,,,,,,,,,,,,,,117750,,,,,,,,,,,,,,,,,,
front_end,,True,kiss_icp_odometry,,,,,,,,,,,,,,,,,,,,,117808,,,,,,,,,,,,,,,,,,
front_end,,True,kiss_icp_odometry,,,,,,,,,,,,,,,,,,,,,117868,,,,,,,,,,,,,,,,,,
front_end,,True,kiss_icp_odometry,,,,,,,,,,,,,,,,,,,,,117912,,,,,,,,,,,,,,,,,,
front_end,,True,kiss_icp_odometry,,,,,,,,,,,,,,,,,,,,,117960,,,,,,,,,,,,,,,,,,
front_end,,True,kiss_icp_odometry,,,,,,,,,,,,,,,,,,,,,118013,,,,,,,,,,,,,,,,,,
front_end,,True,kiss_icp_odometry,,,,,,,,,,,,,,,,,,,,,118069,,,,,,,,,,,,,,,,,,
front_end,,True,kiss_icp_odometry,,,,,,,,,,,,,,,,,,,,,118128,,,,,,,,,,,,,,,,,,
front_end,,True,kiss_icp_odometry,,,,,,,,,,,,,,,,,,,,,118189,,,,,,,,,,,,,,,,,,
front_end,,True,kiss_icp_odometry,,,,,,,,,,,,,,,,,,,,,118239,,,,,,,,,,,,,,,,,,
front_end,,True,kiss_icp_odometry,,,,,,,,,,,,,,,,,,,,,118302,,,,,,,,,,,,,,,,,,
front_end,,True,kiss_icp_odometry,,,,,,,,,,,,,,,,,,,,,118446,,,,,,,,,,,,,,,,,,
front_end,,True,kiss_icp_odometry,,,,,,,,,,,,,,,,,,,,,118545,,,,,,,,,,,,,,,,,,
front_end,,True,kiss_icp_odometry,,,,,,,,,,,,,,,,,,,,,118674,,,,,,,,,,,,,,,,,,
front_end,,True,kiss_icp_odometry,,,,,,,,,,,,,,,,,,,,,118788,,,,,,,,,,,,,,,,,,
front_end,,True,kiss_icp_odometry,,,,,,,,,,,,,,,,,,,,,118895,,,,,,,,,,,,,,,,,,
optimized_backend,,,,,,,,,,,,,,,,,,,,,,,,,,,,,,,,,,,21,20,0,,,,pose_graph,False
front_end,,True,kiss_icp_odometry,,,,,,,,,,,,,,,,,,,,,118981,,,,,,,,,,,,,,,,,,
front_end,,True,kiss_icp_odometry,,,,,,,,,,,,,,,,,,,,,119052,,,,,,,,,,,,,,,,,,
front_end,,True,kiss_icp_odometry,,,,,,,,,,,,,,,,,,,,,119132,,,,,,,,,,,,,,,,,,
front_end,,True,kiss_icp_odometry,,,,,,,,,,,,,,,,,,,,,119200,,,,,,,,,,,,,,,,,,
front_end,,True,kiss_icp_odometry,,,,,,,,,,,,,,,,,,,,,119253,,,,,,,,,,,,,,,,,,
front_end,,True,kiss_icp_odometry,,,,,,,,,,,,,,,,,,,,,119324,,,,,,,,,,,,,,,,,,
front_end,,True,kiss_icp_odometry,,,,,,,,,,,,,,,,,,,,,119417,,,,,,,,,,,,,,,,,,
front_end,,True,kiss_icp_odometry,,,,,,,,,,,,,,,,,,,,,119490,,,,,,,,,,,,,,,,,,
optimized_backend,,,,,,,,,,,,,,,,,,,,,,,,,,,,,,,,,,,22,21,0,,,,pose_graph,False
front_end,,True,kiss_icp_odometry,,,,,,,,,,,,,,,,,,,,,119557,,,,,,,,,,,,,,,,,,
front_end,,True,kiss_icp_odometry,,,,,,,,,,,,,,,,,,,,,119626,,,,,,,,,,,,,,,,,,
front_end,,True,kiss_icp_odometry,,,,,,,,,,,,,,,,,,,,,119706,,,,,,,,,,,,,,,,,,
front_end,,True,kiss_icp_odometry,,,,,,,,,,,,,,,,,,,,,119881,,,,,,,,,,,,,,,,,,
front_end,,True,kiss_icp_odometry,,,,,,,,,,,,,,,,,,,,,119944,,,,,,,,,,,,,,,,,,
optimized_backend,,,,,,,,,,,,,,,,,,,,,,,,,,,,,,,,,,,23,22,0,,,,pose_graph,False
front_end,,True,kiss_icp_odometry,,,,,,,,,,,,,,,,,,,,,120020,,,,,,,,,,,,,,,,,,
front_end,,True,kiss_icp_odometry,,,,,,,,,,,,,,,,,,,,,120123,,,,,,,,,,,,,,,,,,
front_end,,True,kiss_icp_odometry,,,,,,,,,,,,,,,,,,,,,120206,,,,,,,,,,,,,,,,,,
front_end,,True,kiss_icp_odometry,,,,,,,,,,,,,,,,,,,,,120264,,,,,,,,,,,,,,,,,,
front_end,,True,kiss_icp_odometry,,,,,,,,,,,,,,,,,,,,,120342,,,,,,,,,,,,,,,,,,
front_end,,True,kiss_icp_odometry,,,,,,,,,,,,,,,,,,,,,120385,,,,,,,,,,,,,,,,,,
optimized_backend,,,,,,,,,,,,,,,,,,,,,,,,,,,,,,,,,,,24,23,0,,,,pose_graph,False
front_end,,True,kiss_icp_odometry,,,,,,,,,,,,,,,,,,,,,120448,,,,,,,,,,,,,,,,,,
front_end,,True,kiss_icp_odometry,,,,,,,,,,,,,,,,,,,,,120516,,,,,,,,,,,,,,,,,,
front_end,,True,kiss_icp_odometry,,,,,,,,,,,,,,,,,,,,,120573,,,,,,,,,,,,,,,,,,
front_end,,True,kiss_icp_odometry,,,,,,,,,,,,,,,,,,,,,120644,,,,,,,,,,,,,,,,,,
front_end,,True,kiss_icp_odometry,,,,,,,,,,,,,,,,,,,,,120692,,,,,,,,,,,,,,,,,,
front_end,,True,kiss_icp_odometry,,,,,,,,,,,,,,,,,,,,,120767,,,,,,,,,,,,,,,,,,
front_end,,True,kiss_icp_odometry,,,,,,,,,,,,,,,,,,,,,120821,,,,,,,,,,,,,,,,,,
optimized_backend,,,,,,,,,,,,,,,,,,,,,,,,,,,,,,,,,,,25,24,0,,,,pose_graph,False
front_end,,True,kiss_icp_odometry,,,,,,,,,,,,,,,,,,,,,120889,,,,,,,,,,,,,,,,,,
front_end,,True,kiss_icp_odometry,,,,,,,,,,,,,,,,,,,,,120964,,,,,,,,,,,,,,,,,,
front_end,,True,kiss_icp_odometry,,,,,,,,,,,,,,,,,,,,,121054,,,,,,,,,,,,,,,,,,
front_end,,True,kiss_icp_odometry,,,,,,,,,,,,,,,,,,,,,121113,,,,,,,,,,,,,,,,,,
front_end,,True,kiss_icp_odometry,,,,,,,,,,,,,,,,,,,,,121175,,,,,,,,,,,,,,,,,,
optimized_backend,,,,,,,,,,,,,,,,,,,,,,,,,,,,,,,,,,,26,25,0,,,,pose_graph,False
front_end,,True,kiss_icp_odometry,,,,,,,,,,,,,,,,,,,,,121240,,,,,,,,,,,,,,,,,,
front_end,,True,kiss_icp_odometry,,,,,,,,,,,,,,,,,,,,,121274,,,,,,,,,,,,,,,,,,
front_end,,True,kiss_icp_odometry,,,,,,,,,,,,,,,,,,,,,121325,,,,,,,,,,,,,,,,,,
front_end,,True,kiss_icp_odometry,,,,,,,,,,,,,,,,,,,,,121420,,,,,,,,,,,,,,,,,,
front_end,,True,kiss_icp_odometry,,,,,,,,,,,,,,,,,,,,,121547,,,,,,,,,,,,,,,,,,
front_end,,True,kiss_icp_odometry,,,,,,,,,,,,,,,,,,,,,121635,,,,,,,,,,,,,,,,,,
optimized_backend,,,,,,,,,,,,,,,,,,,,,,,,,,,,,,,,,,,27,26,0,,,,pose_graph,False
front_end,,True,kiss_icp_odometry,,,,,,,,,,,,,,,,,,,,,121708,,,,,,,,,,,,,,,,,,
front_end,,True,kiss_icp_odometry,,,,,,,,,,,,,,,,,,,,,121766,,,,,,,,,,,,,,,,,,
front_end,,True,kiss_icp_odometry,,,,,,,,,,,,,,,,,,,,,121821,,,,,,,,,,,,,,,,,,
front_end,,True,kiss_icp_odometry,,,,,,,,,,,,,,,,,,,,,121914,,,,,,,,,,,,,,,,,,
front_end,,True,kiss_icp_odometry,,,,,,,,,,,,,,,,,,,,,121950,,,,,,,,,,,,,,,,,,
front_end,,True,kiss_icp_odometry,,,,,,,,,,,,,,,,,,,,,122006,,,,,,,,,,,,,,,,,,
optimized_backend,,,,,,,,,,,,,,,,,,,,,,,,,,,,,,,,,,,28,27,0,,,,pose_graph,False
front_end,,True,kiss_icp_odometry,,,,,,,,,,,,,,,,,,,,,122134,,,,,,,,,,,,,,,,,,
front_end,,True,kiss_icp_odometry,,,,,,,,,,,,,,,,,,,,,122268,,,,,,,,,,,,,,,,,,
front_end,,True,kiss_icp_odometry,,,,,,,,,,,,,,,,,,,,,122302,,,,,,,,,,,,,,,,,,
front_end,,True,kiss_icp_odometry,,,,,,,,,,,,,,,,,,,,,122431,,,,,,,,,,,,,,,,,,
front_end,,True,kiss_icp_odometry,,,,,,,,,,,,,,,,,,,,,122470,,,,,,,,,,,,,,,,,,
front_end,,True,kiss_icp_odometry,,,,,,,,,,,,,,,,,,,,,122703,,,,,,,,,,,,,,,,,,
front_end,,True,kiss_icp_odometry,,,,,,,,,,,,,,,,,,,,,122752,,,,,,,,,,,,,,,,,,
front_end,,True,kiss_icp_odometry,,,,,,,,,,,,,,,,,,,,,122787,,,,,,,,,,,,,,,,,,
front_end,,True,kiss_icp_odometry,,,,,,,,,,,,,,,,,,,,,122894,,,,,,,,,,,,,,,,,,
optimized_backend,,,,,,,,,,,,,,,,,,,,,,,,,,,,,,,,,,,29,28,0,,,,pose_graph,False
front_end,,True,kiss_icp_odometry,,,,,,,,,,,,,,,,,,,,,122932,,,,,,,,,,,,,,,,,,
front_end,,True,kiss_icp_odometry,,,,,,,,,,,,,,,,,,,,,122986,,,,,,,,,,,,,,,,,,
front_end,,True,kiss_icp_odometry,,,,,,,,,,,,,,,,,,,,,123011,,,,,,,,,,,,,,,,,,
front_end,,True,kiss_icp_odometry,,,,,,,,,,,,,,,,,,,,,123061,,,,,,,,,,,,,,,,,,
front_end,,True,kiss_icp_odometry,,,,,,,,,,,,,,,,,,,,,123098,,,,,,,,,,,,,,,,,,
front_end,,True,kiss_icp_odometry,,,,,,,,,,,,,,,,,,,,,123173,,,,,,,,,,,,,,,,,,
front_end,,True,kiss_icp_odometry,,,,,,,,,,,,,,,,,,,,,123236,,,,,,,,,,,,,,,,,,
front_end,,True,kiss_icp_odometry,,,,,,,,,,,,,,,,,,,,,123272,,,,,,,,,,,,,,,,,,
front_end,,True,kiss_icp_odometry,,,,,,,,,,,,,,,,,,,,,123317,,,,,,,,,,,,,,,,,,
front_end,,True,kiss_icp_odometry,,,,,,,,,,,,,,,,,,,,,123389,,,,,,,,,,,,,,,,,,
front_end,,True,kiss_icp_odometry,,,,,,,,,,,,,,,,,,,,,123425,,,,,,,,,,,,,,,,,,
front_end,,True,kiss_icp_odometry,,,,,,,,,,,,,,,,,,,,,123462,,,,,,,,,,,,,,,,,,
front_end,,True,kiss_icp_odometry,,,,,,,,,,,,,,,,,,,,,123539,,,,,,,,,,,,,,,,,,
front_end,,True,kiss_icp_odometry,,,,,,,,,,,,,,,,,,,,,123566,,,,,,,,,,,,,,,,,,
front_end,,True,kiss_icp_odometry,,,,,,,,,,,,,,,,,,,,,123602,,,,,,,,,,,,,,,,,,
front_end,,True,kiss_icp_odometry,,,,,,,,,,,,,,,,,,,,,123638,,,,,,,,,,,,,,,,,,
front_end,,True,kiss_icp_odometry,,,,,,,,,,,,,,,,,,,,,123652,,,,,,,,,,,,,,,,,,
front_end,,True,kiss_icp_odometry,,,,,,,,,,,,,,,,,,,,,123667,,,,,,,,,,,,,,,,,,
front_end,,True,kiss_icp_odometry,,,,,,,,,,,,,,,,,,,,,123687,,,,,,,,,,,,,,,,,,
front_end,,True,kiss_icp_odometry,,,,,,,,,,,,,,,,,,,,,123706,,,,,,,,,,,,,,,,,,
front_end,,True,kiss_icp_odometry,,,,,,,,,,,,,,,,,,,,,123726,,,,,,,,,,,,,,,,,,
front_end,,True,kiss_icp_odometry,,,,,,,,,,,,,,,,,,,,,123742,,,,,,,,,,,,,,,,,,
front_end,,True,kiss_icp_odometry,,,,,,,,,,,,,,,,,,,,,123757,,,,,,,,,,,,,,,,,,
front_end,,True,kiss_icp_odometry,,,,,,,,,,,,,,,,,,,,,123789,,,,,,,,,,,,,,,,,,
front_end,,True,kiss_icp_odometry,,,,,,,,,,,,,,,,,,,,,123819,,,,,,,,,,,,,,,,,,
front_end,,True,kiss_icp_odometry,,,,,,,,,,,,,,,,,,,,,123849,,,,,,,,,,,,,,,,,,
front_end,,True,kiss_icp_odometry,,,,,,,,,,,,,,,,,,,,,124042,,,,,,,,,,,,,,,,,,
front_end,,True,kiss_icp_odometry,,,,,,,,,,,,,,,,,,,,,124098,,,,,,,,,,,,,,,,,,
front_end,,True,kiss_icp_odometry,,,,,,,,,,,,,,,,,,,,,124166,,,,,,,,,,,,,,,,,,
front_end,,True,kiss_icp_odometry,,,,,,,,,,,,,,,,,,,,,124203,,,,,,,,,,,,,,,,,,
front_end,,True,kiss_icp_odometry,,,,,,,,,,,,,,,,,,,,,124258,,,,,,,,,,,,,,,,,,
front_end,,True,kiss_icp_odometry,,,,,,,,,,,,,,,,,,,,,124304,,,,,,,,,,,,,,,,,,
front_end,,True,kiss_icp_odometry,,,,,,,,,,,,,,,,,,,,,124340,,,,,,,,,,,,,,,,,,
front_end,,True,kiss_icp_odometry,,,,,,,,,,,,,,,,,,,,,124385,,,,,,,,,,,,,,,,,,
front_end,,True,kiss_icp_odometry,,,,,,,,,,,,,,,,,,,,,124432,,,,,,,,,,,,,,,,,,
front_end,,True,kiss_icp_odometry,,,,,,,,,,,,,,,,,,,,,124489,,,,,,,,,,,,,,,,,,
front_end,,True,kiss_icp_odometry,,,,,,,,,,,,,,,,,,,,,124531,,,,,,,,,,,,,,,,,,
front_end,,True,kiss_icp_odometry,,,,,,,,,,,,,,,,,,,,,124663,,,,,,,,,,,,,,,,,,
front_end,,True,kiss_icp_odometry,,,,,,,,,,,,,,,,,,,,,124745,,,,,,,,,,,,,,,,,,
front_end,,True,kiss_icp_odometry,,,,,,,,,,,,,,,,,,,,,124811,,,,,,,,,,,,,,,,,,
front_end,,True,kiss_icp_odometry,,,,,,,,,,,,,,,,,,,,,124882,,,,,,,,,,,,,,,,,,
front_end,,True,kiss_icp_odometry,,,,,,,,,,,,,,,,,,,,,124975,,,,,,,,,,,,,,,,,,
front_end,,True,kiss_icp_odometry,,,,,,,,,,,,,,,,,,,,,125053,,,,,,,,,,,,,,,,,,
optimized_backend,,,,,,,,,,,,,,,,,,,,,,,,,,,,,,,,,,,30,29,0,,,,pose_graph,False
front_end,,True,kiss_icp_odometry,,,,,,,,,,,,,,,,,,,,,125117,,,,,,,,,,,,,,,,,,
front_end,,True,kiss_icp_odometry,,,,,,,,,,,,,,,,,,,,,125202,,,,,,,,,,,,,,,,,,
front_end,,True,kiss_icp_odometry,,,,,,,,,,,,,,,,,,,,,125253,,,,,,,,,,,,,,,,,,
front_end,,True,kiss_icp_odometry,,,,,,,,,,,,,,,,,,,,,125316,,,,,,,,,,,,,,,,,,
front_end,,True,kiss_icp_odometry,,,,,,,,,,,,,,,,,,,,,125372,,,,,,,,,,,,,,,,,,
front_end,,True,kiss_icp_odometry,,,,,,,,,,,,,,,,,,,,,125460,,,,,,,,,,,,,,,,,,
front_end,,True,kiss_icp_odometry,,,,,,,,,,,,,,,,,,,,,125536,,,,,,,,,,,,,,,,,,
front_end,,True,kiss_icp_odometry,,,,,,,,,,,,,,,,,,,,,125614,,,,,,,,,,,,,,,,,,
front_end,,True,kiss_icp_odometry,,,,,,,,,,,,,,,,,,,,,125701,,,,,,,,,,,,,,,,,,
front_end,,True,kiss_icp_odometry,,,,,,,,,,,,,,,,,,,,,125793,,,,,,,,,,,,,,,,,,
front_end,,True,kiss_icp_odometry,,,,,,,,,,,,,,,,,,,,,125871,,,,,,,,,,,,,,,,,,
front_end,,True,kiss_icp_odometry,,,,,,,,,,,,,,,,,,,,,125933,,,,,,,,,,,,,,,,,,
front_end,,True,kiss_icp_odometry,,,,,,,,,,,,,,,,,,,,,126009,,,,,,,,,,,,,,,,,,
front_end,,True,kiss_icp_odometry,,,,,,,,,,,,,,,,,,,,,126073,,,,,,,,,,,,,,,,,,
front_end,,True,kiss_icp_odometry,,,,,,,,,,,,,,,,,,,,,126167,,,,,,,,,,,,,,,,,,
front_end,,True,kiss_icp_odometry,,,,,,,,,,,,,,,,,,,,,126291,,,,,,,,,,,,,,,,,,
front_end,,True,kiss_icp_odometry,,,,,,,,,,,,,,,,,,,,,126419,,,,,,,,,,,,,,,,,,
front_end,,True,kiss_icp_odometry,,,,,,,,,,,,,,,,,,,,,126504,,,,,,,,,,,,,,,,,,
optimized_backend,,,,,,,,,,,,,,,,,,,,,,,,,,,,,,,,,,,31,30,0,,,,pose_graph,False
front_end,,True,kiss_icp_odometry,,,,,,,,,,,,,,,,,,,,,126623,,,,,,,,,,,,,,,,,,
front_end,,True,kiss_icp_odometry,,,,,,,,,,,,,,,,,,,,,126711,,,,,,,,,,,,,,,,,,
front_end,,True,kiss_icp_odometry,,,,,,,,,,,,,,,,,,,,,126804,,,,,,,,,,,,,,,,,,
front_end,,True,kiss_icp_odometry,,,,,,,,,,,,,,,,,,,,,126901,,,,,,,,,,,,,,,,,,
front_end,,True,kiss_icp_odometry,,,,,,,,,,,,,,,,,,,,,127011,,,,,,,,,,,,,,,,,,
front_end,,True,kiss_icp_odometry,,,,,,,,,,,,,,,,,,,,,127219,,,,,,,,,,,,,,,,,,
front_end,,True,kiss_icp_odometry,,,,,,,,,,,,,,,,,,,,,127343,,,,,,,,,,,,,,,,,,
front_end,,True,kiss_icp_odometry,,,,,,,,,,,,,,,,,,,,,127481,,,,,,,,,,,,,,,,,,
front_end,,True,kiss_icp_odometry,,,,,,,,,,,,,,,,,,,,,127641,,,,,,,,,,,,,,,,,,
front_end,,True,kiss_icp_odometry,,,,,,,,,,,,,,,,,,,,,128070,,,,,,,,,,,,,,,,,,
front_end,,True,kiss_icp_odometry,,,,,,,,,,,,,,,,,,,,,128364,,,,,,,,,,,,,,,,,,
front_end,,True,kiss_icp_odometry,,,,,,,,,,,,,,,,,,,,,128547,,,,,,,,,,,,,,,,,,
front_end,,True,kiss_icp_odometry,,,,,,,,,,,,,,,,,,,,,129091,,,,,,,,,,,,,,,,,,
optimized_backend,,,,,,,,,,,,,,,,,,,,,,,,,,,,,,,,,,,32,31,0,,,,pose_graph,False
front_end,,True,kiss_icp_odometry,,,,,,,,,,,,,,,,,,,,,129266,,,,,,,,,,,,,,,,,,
front_end,,True,kiss_icp_odometry,,,,,,,,,,,,,,,,,,,,,129419,,,,,,,,,,,,,,,,,,
front_end,,True,kiss_icp_odometry,,,,,,,,,,,,,,,,,,,,,129871,,,,,,,,,,,,,,,,,,
front_end,,True,kiss_icp_odometry,,,,,,,,,,,,,,,,,,,,,130042,,,,,,,,,,,,,,,,,,
front_end,,True,kiss_icp_odometry,,,,,,,,,,,,,,,,,,,,,130260,,,,,,,,,,,,,,,,,,
front_end,,True,kiss_icp_odometry,,,,,,,,,,,,,,,,,,,,,130422,,,,,,,,,,,,,,,,,,
front_end,,True,kiss_icp_odometry,,,,,,,,,,,,,,,,,,,,,130548,,,,,,,,,,,,,,,,,,
front_end,,True,kiss_icp_odometry,,,,,,,,,,,,,,,,,,,,,130680,,,,,,,,,,,,,,,,,,
front_end,,True,kiss_icp_odometry,,,,,,,,,,,,,,,,,,,,,130833,,,,,,,,,,,,,,,,,,
front_end,,True,kiss_icp_odometry,,,,,,,,,,,,,,,,,,,,,130962,,,,,,,,,,,,,,,,,,
front_end,,True,kiss_icp_odometry,,,,,,,,,,,,,,,,,,,,,131133,,,,,,,,,,,,,,,,,,
front_end,,True,kiss_icp_odometry,,,,,,,,,,,,,,,,,,,,,131291,,,,,,,,,,,,,,,,,,
front_end,,True,kiss_icp_odometry,,,,,,,,,,,,,,,,,,,,,131409,,,,,,,,,,,,,,,,,,
front_end,,True,kiss_icp_odometry,,,,,,,,,,,,,,,,,,,,,131548,,,,,,,,,,,,,,,,,,
front_end,,True,kiss_icp_odometry,,,,,,,,,,,,,,,,,,,,,131744,,,,,,,,,,,,,,,,,,
optimized_backend,,,,,,,,,,,,,,,,,,,,,,,,,,,,,,,,,,,33,32,0,,,,pose_graph,False
front_end,,True,kiss_icp_odometry,,,,,,,,,,,,,,,,,,,,,131913,,,,,,,,,,,,,,,,,,
front_end,,True,kiss_icp_odometry,,,,,,,,,,,,,,,,,,,,,132076,,,,,,,,,,,,,,,,,,
front_end,,True,kiss_icp_odometry,,,,,,,,,,,,,,,,,,,,,132198,,,,,,,,,,,,,,,,,,
front_end,,True,kiss_icp_odometry,,,,,,,,,,,,,,,,,,,,,132379,,,,,,,,,,,,,,,,,,
front_end,,True,kiss_icp_odometry,,,,,,,,,,,,,,,,,,,,,132554,,,,,,,,,,,,,,,,,,
front_end,,True,kiss_icp_odometry,,,,,,,,,,,,,,,,,,,,,132749,,,,,,,,,,,,,,,,,,
front_end,,True,kiss_icp_odometry,,,,,,,,,,,,,,,,,,,,,132863,,,,,,,,,,,,,,,,,,
front_end,,True,kiss_icp_odometry,,,,,,,,,,,,,,,,,,,,,132977,,,,,,,,,,,,,,,,,,
front_end,,True,kiss_icp_odometry,,,,,,,,,,,,,,,,,,,,,133108,,,,,,,,,,,,,,,,,,
front_end,,True,kiss_icp_odometry,,,,,,,,,,,,,,,,,,,,,133237,,,,,,,,,,,,,,,,,,
front_end,,True,kiss_icp_odometry,,,,,,,,,,,,,,,,,,,,,133357,,,,,,,,,,,,,,,,,,
front_end,,True,kiss_icp_odometry,,,,,,,,,,,,,,,,,,,,,133469,,,,,,,,,,,,,,,,,,
front_end,,True,kiss_icp_odometry,,,,,,,,,,,,,,,,,,,,,133590,,,,,,,,,,,,,,,,,,
front_end,,True,kiss_icp_odometry,,,,,,,,,,,,,,,,,,,,,133730,,,,,,,,,,,,,,,,,,
front_end,,True,kiss_icp_odometry,,,,,,,,,,,,,,,,,,,,,133838,,,,,,,,,,,,,,,,,,
front_end,,True,kiss_icp_odometry,,,,,,,,,,,,,,,,,,,,,133989,,,,,,,,,,,,,,,,,,
optimized_backend,,,,,,,,,,,,,,,,,,,,,,,,,,,,,,,,,,,34,33,0,,,,pose_graph,False
front_end,,True,kiss_icp_odometry,,,,,,,,,,,,,,,,,,,,,134147,,,,,,,,,,,,,,,,,,
front_end,,True,kiss_icp_odometry,,,,,,,,,,,,,,,,,,,,,134282,,,,,,,,,,,,,,,,,,
front_end,,True,kiss_icp_odometry,,,,,,,,,,,,,,,,,,,,,134440,,,,,,,,,,,,,,,,,,
front_end,,True,kiss_icp_odometry,,,,,,,,,,,,,,,,,,,,,134824,,,,,,,,,,,,,,,,,,
front_end,,True,kiss_icp_odometry,,,,,,,,,,,,,,,,,,,,,134988,,,,,,,,,,,,,,,,,,
front_end,,True,kiss_icp_odometry,,,,,,,,,,,,,,,,,,,,,135100,,,,,,,,,,,,,,,,,,
front_end,,True,kiss_icp_odometry,,,,,,,,,,,,,,,,,,,,,135265,,,,,,,,,,,,,,,,,,
front_end,,True,kiss_icp_odometry,,,,,,,,,,,,,,,,,,,,,135393,,,,,,,,,,,,,,,,,,
front_end,,True,kiss_icp_odometry,,,,,,,,,,,,,,,,,,,,,135682,,,,,,,,,,,,,,,,,,
front_end,,True,kiss_icp_odometry,,,,,,,,,,,,,,,,,,,,,135980,,,,,,,,,,,,,,,,,,
front_end,,True,kiss_icp_odometry,,,,,,,,,,,,,,,,,,,,,136129,,,,,,,,,,,,,,,,,,
front_end,,True,kiss_icp_odometry,,,,,,,,,,,,,,,,,,,,,136302,,,,,,,,,,,,,,,,,,
front_end,,True,kiss_icp_odometry,,,,,,,,,,,,,,,,,,,,,136485,,,,,,,,,,,,,,,,,,
optimized_backend,,,,,,,,,,,,,,,,,,,,,,,,,,,,,,,,,,,35,34,0,,,,pose_graph,False
front_end,,True,kiss_icp_odometry,,,,,,,,,,,,,,,,,,,,,136640,,,,,,,,,,,,,,,,,,
front_end,,True,kiss_icp_odometry,,,,,,,,,,,,,,,,,,,,,136827,,,,,,,,,,,,,,,,,,
front_end,,True,kiss_icp_odometry,,,,,,,,,,,,,,,,,,,,,137141,,,,,,,,,,,,,,,,,,
front_end,,True,kiss_icp_odometry,,,,,,,,,,,,,,,,,,,,,137309,,,,,,,,,,,,,,,,,,
front_end,,True,kiss_icp_odometry,,,,,,,,,,,,,,,,,,,,,137510,,,,,,,,,,,,,,,,,,
front_end,,True,kiss_icp_odometry,,,,,,,,,,,,,,,,,,,,,137663,,,,,,,,,,,,,,,,,,
front_end,,True,kiss_icp_odometry,,,,,,,,,,,,,,,,,,,,,137872,,,,,,,,,,,,,,,,,,
front_end,,True,kiss_icp_odometry,,,,,,,,,,,,,,,,,,,,,138085,,,,,,,,,,,,,,,,,,
front_end,,True,kiss_icp_odometry,,,,,,,,,,,,,,,,,,,,,138282,,,,,,,,,,,,,,,,,,
front_end,,True,kiss_icp_odometry,,,,,,,,,,,,,,,,,,,,,138499,,,,,,,,,,,,,,,,,,
front_end,,True,kiss_icp_odometry,,,,,,,,,,,,,,,,,,,,,138731,,,,,,,,,,,,,,,,,,
front_end,,True,kiss_icp_odometry,,,,,,,,,,,,,,,,,,,,,138956,,,,,,,,,,,,,,,,,,
front_end,,True,kiss_icp_odometry,,,,,,,,,,,,,,,,,,,,,139161,,,,,,,,,,,,,,,,,,
front_end,,True,kiss_icp_odometry,,,,,,,,,,,,,,,,,,,,,139306,,,,,,,,,,,,,,,,,,
front_end,,True,kiss_icp_odometry,,,,,,,,,,,,,,,,,,,,,139438,,,,,,,,,,,,,,,,,,
front_end,,True,kiss_icp_odometry,,,,,,,,,,,,,,,,,,,,,139564,,,,,,,,,,,,,,,,,,
front_end,,True,kiss_icp_odometry,,,,,,,,,,,,,,,,,,,,,139713,,,,,,,,,,,,,,,,,,
front_end,,True,kiss_icp_odometry,,,,,,,,,,,,,,,,,,,,,139840,,,,,,,,,,,,,,,,,,
front_end,,True,kiss_icp_odometry,,,,,,,,,,,,,,,,,,,,,139986,,,,,,,,,,,,,,,,,,
front_end,,True,kiss_icp_odometry,,,,,,,,,,,,,,,,,,,,,140124,,,,,,,,,,,,,,,,,,
front_end,,True,kiss_icp_odometry,,,,,,,,,,,,,,,,,,,,,140239,,,,,,,,,,,,,,,,,,
front_end,,True,kiss_icp_odometry,,,,,,,,,,,,,,,,,,,,,140346,,,,,,,,,,,,,,,,,,
front_end,,True,kiss_icp_odometry,,,,,,,,,,,,,,,,,,,,,140428,,,,,,,,,,,,,,,,,,
front_end,,True,kiss_icp_odometry,,,,,,,,,,,,,,,,,,,,,140517,,,,,,,,,,,,,,,,,,
front_end,,True,kiss_icp_odometry,,,,,,,,,,,,,,,,,,,,,140622,,,,,,,,,,,,,,,,,,
front_end,,True,kiss_icp_odometry,,,,,,,,,,,,,,,,,,,,,140735,,,,,,,,,,,,,,,,,,
front_end,,True,kiss_icp_odometry,,,,,,,,,,,,,,,,,,,,,140822,,,,,,,,,,,,,,,,,,
front_end,,True,kiss_icp_odometry,,,,,,,,,,,,,,,,,,,,,140908,,,,,,,,,,,,,,,,,,
front_end,,True,kiss_icp_odometry,,,,,,,,,,,,,,,,,,,,,141014,,,,,,,,,,,,,,,,,,
front_end,,True,kiss_icp_odometry,,,,,,,,,,,,,,,,,,,,,141079,,,,,,,,,,,,,,,,,,
front_end,,True,kiss_icp_odometry,,,,,,,,,,,,,,,,,,,,,141139,,,,,,,,,,,,,,,,,,
front_end,,True,kiss_icp_odometry,,,,,,,,,,,,,,,,,,,,,141188,,,,,,,,,,,,,,,,,,
front_end,,True,kiss_icp_odometry,,,,,,,,,,,,,,,,,,,,,141244,,,,,,,,,,,,,,,,,,
front_end,,True,kiss_icp_odometry,,,,,,,,,,,,,,,,,,,,,141294,,,,,,,,,,,,,,,,,,
front_end,,True,kiss_icp_odometry,,,,,,,,,,,,,,,,,,,,,141342,,,,,,,,,,,,,,,,,,
front_end,,True,kiss_icp_odometry,,,,,,,,,,,,,,,,,,,,,141396,,,,,,,,,,,,,,,,,,
front_end,,True,kiss_icp_odometry,,,,,,,,,,,,,,,,,,,,,141441,,,,,,,,,,,,,,,,,,
front_end,,True,kiss_icp_odometry,,,,,,,,,,,,,,,,,,,,,141494,,,,,,,,,,,,,,,,,,
front_end,,True,kiss_icp_odometry,,,,,,,,,,,,,,,,,,,,,141543,,,,,,,,,,,,,,,,,,
front_end,,True,kiss_icp_odometry,,,,,,,,,,,,,,,,,,,,,141599,,,,,,,,,,,,,,,,,,
front_end,,True,kiss_icp_odometry,,,,,,,,,,,,,,,,,,,,,141653,,,,,,,,,,,,,,,,,,
front_end,,True,kiss_icp_odometry,,,,,,,,,,,,,,,,,,,,,141709,,,,,,,,,,,,,,,,,,
front_end,,True,kiss_icp_odometry,,,,,,,,,,,,,,,,,,,,,141757,,,,,,,,,,,,,,,,,,
front_end,,True,kiss_icp_odometry,,,,,,,,,,,,,,,,,,,,,141818,,,,,,,,,,,,,,,,,,
front_end,,True,kiss_icp_odometry,,,,,,,,,,,,,,,,,,,,,141867,,,,,,,,,,,,,,,,,,
front_end,,True,kiss_icp_odometry,,,,,,,,,,,,,,,,,,,,,141982,,,,,,,,,,,,,,,,,,
front_end,,True,kiss_icp_odometry,,,,,,,,,,,,,,,,,,,,,141982,,,,,,,,,,,,,,,,,,
front_end,,True,kiss_icp_odometry,,,,,,,,,,,,,,,,,,,,,142019,,,,,,,,,,,,,,,,,,
front_end,,True,kiss_icp_odometry,,,,,,,,,,,,,,,,,,,,,142713,,,,,,,,,,,,,,,,,,
front_end,,True,kiss_icp_odometry,,,,,,,,,,,,,,,,,,,,,142861,,,,,,,,,,,,,,,,,,
front_end,,True,kiss_icp_odometry,,,,,,,,,,,,,,,,,,,,,142963,,,,,,,,,,,,,,,,,,
optimized_backend,,,,,,,,,,,,,,,,,,,,,,,,,,,,,,,,,,,36,35,0,,,,pose_graph,False
front_end,,True,kiss_icp_odometry,,,,,,,,,,,,,,,,,,,,,143151,,,,,,,,,,,,,,,,,,
front_end,,True,kiss_icp_odometry,,,,,,,,,,,,,,,,,,,,,143178,,,,,,,,,,,,,,,,,,
front_end,,True,kiss_icp_odometry,,,,,,,,,,,,,,,,,,,,,143232,,,,,,,,,,,,,,,,,,
front_end,,True,kiss_icp_odometry,,,,,,,,,,,,,,,,,,,,,143303,,,,,,,,,,,,,,,,,,
front_end,,True,kiss_icp_odometry,,,,,,,,,,,,,,,,,,,,,143363,,,,,,,,,,,,,,,,,,
front_end,,True,kiss_icp_odometry,,,,,,,,,,,,,,,,,,,,,143442,,,,,,,,,,,,,,,,,,
front_end,,True,kiss_icp_odometry,,,,,,,,,,,,,,,,,,,,,143479,,,,,,,,,,,,,,,,,,
front_end,,True,kiss_icp_odometry,,,,,,,,,,,,,,,,,,,,,143527,,,,,,,,,,,,,,,,,,
front_end,,True,kiss_icp_odometry,,,,,,,,,,,,,,,,,,,,,143560,,,,,,,,,,,,,,,,,,
front_end,,True,kiss_icp_odometry,,,,,,,,,,,,,,,,,,,,,143586,,,,,,,,,,,,,,,,,,
front_end,,True,kiss_icp_odometry,,,,,,,,,,,,,,,,,,,,,143716,,,,,,,,,,,,,,,,,,
front_end,,True,kiss_icp_odometry,,,,,,,,,,,,,,,,,,,,,143763,,,,,,,,,,,,,,,,,,
front_end,,True,kiss_icp_odometry,,,,,,,,,,,,,,,,,,,,,143782,,,,,,,,,,,,,,,,,,
front_end,,True,kiss_icp_odometry,,,,,,,,,,,,,,,,,,,,,143880,,,,,,,,,,,,,,,,,,
front_end,,True,kiss_icp_odometry,,,,,,,,,,,,,,,,,,,,,144098,,,,,,,,,,,,,,,,,,
front_end,,True,kiss_icp_odometry,,,,,,,,,,,,,,,,,,,,,144186,,,,,,,,,,,,,,,,,,
front_end,,True,kiss_icp_odometry,,,,,,,,,,,,,,,,,,,,,144219,,,,,,,,,,,,,,,,,,
front_end,,True,kiss_icp_odometry,,,,,,,,,,,,,,,,,,,,,144281,,,,,,,,,,,,,,,,,,
front_end,,True,kiss_icp_odometry,,,,,,,,,,,,,,,,,,,,,144314,,,,,,,,,,,,,,,,,,
front_end,,True,kiss_icp_odometry,,,,,,,,,,,,,,,,,,,,,144360,,,,,,,,,,,,,,,,,,
front_end,,True,kiss_icp_odometry,,,,,,,,,,,,,,,,,,,,,144386,,,,,,,,,,,,,,,,,,
front_end,,True,kiss_icp_odometry,,,,,,,,,,,,,,,,,,,,,144413,,,,,,,,,,,,,,,,,,
front_end,,True,kiss_icp_odometry,,,,,,,,,,,,,,,,,,,,,144439,,,,,,,,,,,,,,,,,,
front_end,,True,kiss_icp_odometry,,,,,,,,,,,,,,,,,,,,,144459,,,,,,,,,,,,,,,,,,
front_end,,True,kiss_icp_odometry,,,,,,,,,,,,,,,,,,,,,144484,,,,,,,,,,,,,,,,,,
front_end,,True,kiss_icp_odometry,,,,,,,,,,,,,,,,,,,,,144511,,,,,,,,,,,,,,,,,,
front_end,,True,kiss_icp_odometry,,,,,,,,,,,,,,,,,,,,,144534,,,,,,,,,,,,,,,,,,
front_end,,True,kiss_icp_odometry,,,,,,,,,,,,,,,,,,,,,144561,,,,,,,,,,,,,,,,,,
front_end,,True,kiss_icp_odometry,,,,,,,,,,,,,,,,,,,,,144601,,,,,,,,,,,,,,,,,,
front_end,,True,kiss_icp_odometry,,,,,,,,,,,,,,,,,,,,,144643,,,,,,,,,,,,,,,,,,
front_end,,True,kiss_icp_odometry,,,,,,,,,,,,,,,,,,,,,144693,,,,,,,,,,,,,,,,,,
front_end,,True,kiss_icp_odometry,,,,,,,,,,,,,,,,,,,,,144747,,,,,,,,,,,,,,,,,,
front_end,,True,kiss_icp_odometry,,,,,,,,,,,,,,,,,,,,,144808,,,,,,,,,,,,,,,,,,
front_end,,True,kiss_icp_odometry,,,,,,,,,,,,,,,,,,,,,144865,,,,,,,,,,,,,,,,,,
front_end,,True,kiss_icp_odometry,,,,,,,,,,,,,,,,,,,,,144941,,,,,,,,,,,,,,,,,,
front_end,,True,kiss_icp_odometry,,,,,,,,,,,,,,,,,,,,,144991,,,,,,,,,,,,,,,,,,
front_end,,True,kiss_icp_odometry,,,,,,,,,,,,,,,,,,,,,145058,,,,,,,,,,,,,,,,,,
optimized_backend,,,,,,,,,,,,,,,,,,,,,,,,,,,,,,,,,,,37,36,0,,,,pose_graph,False
front_end,,True,kiss_icp_odometry,,,,,,,,,,,,,,,,,,,,,145110,,,,,,,,,,,,,,,,,,
front_end,,True,kiss_icp_odometry,,,,,,,,,,,,,,,,,,,,,145144,,,,,,,,,,,,,,,,,,
front_end,,True,kiss_icp_odometry,,,,,,,,,,,,,,,,,,,,,145184,,,,,,,,,,,,,,,,,,
front_end,,True,kiss_icp_odometry,,,,,,,,,,,,,,,,,,,,,145211,,,,,,,,,,,,,,,,,,
front_end,,True,kiss_icp_odometry,,,,,,,,,,,,,,,,,,,,,145237,,,,,,,,,,,,,,,,,,
front_end,,True,kiss_icp_odometry,,,,,,,,,,,,,,,,,,,,,145260,,,,,,,,,,,,,,,,,,
front_end,,True,kiss_icp_odometry,,,,,,,,,,,,,,,,,,,,,145304,,,,,,,,,,,,,,,,,,
front_end,,True,kiss_icp_odometry,,,,,,,,,,,,,,,,,,,,,145337,,,,,,,,,,,,,,,,,,
front_end,,True,kiss_icp_odometry,,,,,,,,,,,,,,,,,,,,,145367,,,,,,,,,,,,,,,,,,
front_end,,True,kiss_icp_odometry,,,,,,,,,,,,,,,,,,,,,145386,,,,,,,,,,,,,,,,,,
front_end,,True,kiss_icp_odometry,,,,,,,,,,,,,,,,,,,,,145409,,,,,,,,,,,,,,,,,,
front_end,,True,kiss_icp_odometry,,,,,,,,,,,,,,,,,,,,,145429,,,,,,,,,,,,,,,,,,
front_end,,True,kiss_icp_odometry,,,,,,,,,,,,,,,,,,,,,145447,,,,,,,,,,,,,,,,,,
front_end,,True,kiss_icp_odometry,,,,,,,,,,,,,,,,,,,,,145458,,,,,,,,,,,,,,,,,,
front_end,,True,kiss_icp_odometry,,,,,,,,,,,,,,,,,,,,,145475,,,,,,,,,,,,,,,,,,
front_end,,True,kiss_icp_odometry,,,,,,,,,,,,,,,,,,,,,145499,,,,,,,,,,,,,,,,,,
front_end,,True,kiss_icp_odometry,,,,,,,,,,,,,,,,,,,,,145538,,,,,,,,,,,,,,,,,,
front_end,,True,kiss_icp_odometry,,,,,,,,,,,,,,,,,,,,,145560,,,,,,,,,,,,,,,,,,
front_end,,True,kiss_icp_odometry,,,,,,,,,,,,,,,,,,,,,145584,,,,,,,,,,,,,,,,,,
front_end,,True,kiss_icp_odometry,,,,,,,,,,,,,,,,,,,,,145626,,,,,,,,,,,,,,,,,,
front_end,,True,kiss_icp_odometry,,,,,,,,,,,,,,,,,,,,,145637,,,,,,,,,,,,,,,,,,
front_end,,True,kiss_icp_odometry,,,,,,,,,,,,,,,,,,,,,145655,,,,,,,,,,,,,,,,,,
front_end,,True,kiss_icp_odometry,,,,,,,,,,,,,,,,,,,,,145679,,,,,,,,,,,,,,,,,,
front_end,,True,kiss_icp_odometry,,,,,,,,,,,,,,,,,,,,,145705,,,,,,,,,,,,,,,,,,
front_end,,True,kiss_icp_odometry,,,,,,,,,,,,,,,,,,,,,145739,,,,,,,,,,,,,,,,,,
front_end,,True,kiss_icp_odometry,,,,,,,,,,,,,,,,,,,,,145797,,,,,,,,,,,,,,,,,,
front_end,,True,kiss_icp_odometry,,,,,,,,,,,,,,,,,,,,,145853,,,,,,,,,,,,,,,,,,
front_end,,True,kiss_icp_odometry,,,,,,,,,,,,,,,,,,,,,145884,,,,,,,,,,,,,,,,,,
front_end,,True,kiss_icp_odometry,,,,,,,,,,,,,,,,,,,,,145932,,,,,,,,,,,,,,,,,,
front_end,,True,kiss_icp_odometry,,,,,,,,,,,,,,,,,,,,,145950,,,,,,,,,,,,,,,,,,
front_end,,True,kiss_icp_odometry,,,,,,,,,,,,,,,,,,,,,145968,,,,,,,,,,,,,,,,,,
front_end,,True,kiss_icp_odometry,,,,,,,,,,,,,,,,,,,,,145991,,,,,,,,,,,,,,,,,,
front_end,,True,kiss_icp_odometry,,,,,,,,,,,,,,,,,,,,,146003,,,,,,,,,,,,,,,,,,
front_end,,True,kiss_icp_odometry,,,,,,,,,,,,,,,,,,,,,146023,,,,,,,,,,,,,,,,,,
front_end,,True,kiss_icp_odometry,,,,,,,,,,,,,,,,,,,,,146043,,,,,,,,,,,,,,,,,,
front_end,,True,kiss_icp_odometry,,,,,,,,,,,,,,,,,,,,,146067,,,,,,,,,,,,,,,,,,
front_end,,True,kiss_icp_odometry,,,,,,,,,,,,,,,,,,,,,146087,,,,,,,,,,,,,,,,,,
front_end,,True,kiss_icp_odometry,,,,,,,,,,,,,,,,,,,,,146125,,,,,,,,,,,,,,,,,,
front_end,,True,kiss_icp_odometry,,,,,,,,,,,,,,,,,,,,,146153,,,,,,,,,,,,,,,,,,
front_end,,True,kiss_icp_odometry,,,,,,,,,,,,,,,,,,,,,146186,,,,,,,,,,,,,,,,,,
front_end,,True,kiss_icp_odometry,,,,,,,,,,,,,,,,,,,,,146205,,,,,,,,,,,,,,,,,,
front_end,,True,kiss_icp_odometry,,,,,,,,,,,,,,,,,,,,,146218,,,,,,,,,,,,,,,,,,
front_end,,True,kiss_icp_odometry,,,,,,,,,,,,,,,,,,,,,146249,,,,,,,,,,,,,,,,,,
front_end,,True,kiss_icp_odometry,,,,,,,,,,,,,,,,,,,,,146265,,,,,,,,,,,,,,,,,,
front_end,,True,kiss_icp_odometry,,,,,,,,,,,,,,,,,,,,,146275,,,,,,,,,,,,,,,,,,
front_end,,True,kiss_icp_odometry,,,,,,,,,,,,,,,,,,,,,146302,,,,,,,,,,,,,,,,,,
front_end,,True,kiss_icp_odometry,,,,,,,,,,,,,,,,,,,,,146318,,,,,,,,,,,,,,,,,,
front_end,,True,kiss_icp_odometry,,,,,,,,,,,,,,,,,,,,,146324,,,,,,,,,,,,,,,,,,
front_end,,True,kiss_icp_odometry,,,,,,,,,,,,,,,,,,,,,146330,,,,,,,,,,,,,,,,,,
front_end,,True,kiss_icp_odometry,,,,,,,,,,,,,,,,,,,,,146341,,,,,,,,,,,,,,,,,,
front_end,,True,kiss_icp_odometry,,,,,,,,,,,,,,,,,,,,,146356,,,,,,,,,,,,,,,,,,
front_end,,True,kiss_icp_odometry,,,,,,,,,,,,,,,,,,,,,146363,,,,,,,,,,,,,,,,,,
front_end,,True,kiss_icp_odometry,,,,,,,,,,,,,,,,,,,,,146367,,,,,,,,,,,,,,,,,,
front_end,,True,kiss_icp_odometry,,,,,,,,,,,,,,,,,,,,,146384,,,,,,,,,,,,,,,,,,
front_end,,True,kiss_icp_odometry,,,,,,,,,,,,,,,,,,,,,146391,,,,,,,,,,,,,,,,,,
front_end,,True,kiss_icp_odometry,,,,,,,,,,,,,,,,,,,,,146423,,,,,,,,,,,,,,,,,,
front_end,,True,kiss_icp_odometry,,,,,,,,,,,,,,,,,,,,,146430,,,,,,,,,,,,,,,,,,
front_end,,True,kiss_icp_odometry,,,,,,,,,,,,,,,,,,,,,146515,,,,,,,,,,,,,,,,,,
front_end,,True,kiss_icp_odometry,,,,,,,,,,,,,,,,,,,,,146540,,,,,,,,,,,,,,,,,,
front_end,,True,kiss_icp_odometry,,,,,,,,,,,,,,,,,,,,,146562,,,,,,,,,,,,,,,,,,
front_end,,True,kiss_icp_odometry,,,,,,,,,,,,,,,,,,,,,146686,,,,,,,,,,,,,,,,,,
front_end,,True,kiss_icp_odometry,,,,,,,,,,,,,,,,,,,,,146706,,,,,,,,,,,,,,,,,,
front_end,,True,kiss_icp_odometry,,,,,,,,,,,,,,,,,,,,,146770,,,,,,,,,,,,,,,,,,
front_end,,True,kiss_icp_odometry,,,,,,,,,,,,,,,,,,,,,146820,,,,,,,,,,,,,,,,,,
front_end,,True,kiss_icp_odometry,,,,,,,,,,,,,,,,,,,,,146846,,,,,,,,,,,,,,,,,,
front_end,,True,kiss_icp_odometry,,,,,,,,,,,,,,,,,,,,,146868,,,,,,,,,,,,,,,,,,
front_end,,True,kiss_icp_odometry,,,,,,,,,,,,,,,,,,,,,147170,,,,,,,,,,,,,,,,,,
front_end,,True,kiss_icp_odometry,,,,,,,,,,,,,,,,,,,,,147211,,,,,,,,,,,,,,,,,,
optimized_backend,,,,,,,,,,,,,,,,,,,,,,,,,,,,,,,,,,,38,37,0,,,,pose_graph,False
front_end,,True,kiss_icp_odometry,,,,,,,,,,,,,,,,,,,,,147240,,,,,,,,,,,,,,,,,,
front_end,,True,kiss_icp_odometry,,,,,,,,,,,,,,,,,,,,,147440,,,,,,,,,,,,,,,,,,
front_end,,True,kiss_icp_odometry,,,,,,,,,,,,,,,,,,,,,147489,,,,,,,,,,,,,,,,,,
front_end,,True,kiss_icp_odometry,,,,,,,,,,,,,,,,,,,,,147506,,,,,,,,,,,,,,,,,,
front_end,,True,kiss_icp_odometry,,,,,,,,,,,,,,,,,,,,,147590,,,,,,,,,,,,,,,,,,
front_end,,True,kiss_icp_odometry,,,,,,,,,,,,,,,,,,,,,147607,,,,,,,,,,,,,,,,,,
front_end,,True,kiss_icp_odometry,,,,,,,,,,,,,,,,,,,,,147613,,,,,,,,,,,,,,,,,,
front_end,,True,kiss_icp_odometry,,,,,,,,,,,,,,,,,,,,,147644,,,,,,,,,,,,,,,,,,
front_end,,True,kiss_icp_odometry,,,,,,,,,,,,,,,,,,,,,147663,,,,,,,,,,,,,,,,,,
front_end,,True,kiss_icp_odometry,,,,,,,,,,,,,,,,,,,,,147686,,,,,,,,,,,,,,,,,,
front_end,,True,kiss_icp_odometry,,,,,,,,,,,,,,,,,,,,,147705,,,,,,,,,,,,,,,,,,
front_end,,True,kiss_icp_odometry,,,,,,,,,,,,,,,,,,,,,147727,,,,,,,,,,,,,,,,,,
front_end,,True,kiss_icp_odometry,,,,,,,,,,,,,,,,,,,,,147762,,,,,,,,,,,,,,,,,,
front_end,,True,kiss_icp_odometry,,,,,,,,,,,,,,,,,,,,,147792,,,,,,,,,,,,,,,,,,
front_end,,True,kiss_icp_odometry,,,,,,,,,,,,,,,,,,,,,147824,,,,,,,,,,,,,,,,,,
front_end,,True,kiss_icp_odometry,,,,,,,,,,,,,,,,,,,,,147844,,,,,,,,,,,,,,,,,,
front_end,,True,kiss_icp_odometry,,,,,,,,,,,,,,,,,,,,,147862,,,,,,,,,,,,,,,,,,
front_end,,True,kiss_icp_odometry,,,,,,,,,,,,,,,,,,,,,147916,,,,,,,,,,,,,,,,,,
front_end,,True,kiss_icp_odometry,,,,,,,,,,,,,,,,,,,,,147952,,,,,,,,,,,,,,,,,,
front_end,,True,kiss_icp_odometry,,,,,,,,,,,,,,,,,,,,,147989,,,,,,,,,,,,,,,,,,
front_end,,True,kiss_icp_odometry,,,,,,,,,,,,,,,,,,,,,148028,,,,,,,,,,,,,,,,,,
front_end,,True,kiss_icp_odometry,,,,,,,,,,,,,,,,,,,,,148083,,,,,,,,,,,,,,,,,,
front_end,,True,kiss_icp_odometry,,,,,,,,,,,,,,,,,,,,,148107,,,,,,,,,,,,,,,,,,
front_end,,True,kiss_icp_odometry,,,,,,,,,,,,,,,,,,,,,148160,,,,,,,,,,,,,,,,,,
front_end,,True,kiss_icp_odometry,,,,,,,,,,,,,,,,,,,,,148200,,,,,,,,,,,,,,,,,,
front_end,,True,kiss_icp_odometry,,,,,,,,,,,,,,,,,,,,,148234,,,,,,,,,,,,,,,,,,
front_end,,True,kiss_icp_odometry,,,,,,,,,,,,,,,,,,,,,148269,,,,,,,,,,,,,,,,,,
front_end,,True,kiss_icp_odometry,,,,,,,,,,,,,,,,,,,,,148319,,,,,,,,,,,,,,,,,,
front_end,,True,kiss_icp_odometry,,,,,,,,,,,,,,,,,,,,,148356,,,,,,,,,,,,,,,,,,
front_end,,True,kiss_icp_odometry,,,,,,,,,,,,,,,,,,,,,148399,,,,,,,,,,,,,,,,,,
front_end,,True,kiss_icp_odometry,,,,,,,,,,,,,,,,,,,,,148432,,,,,,,,,,,,,,,,,,
front_end,,True,kiss_icp_odometry,,,,,,,,,,,,,,,,,,,,,148468,,,,,,,,,,,,,,,,,,
front_end,,True,kiss_icp_odometry,,,,,,,,,,,,,,,,,,,,,148504,,,,,,,,,,,,,,,,,,
front_end,,True,kiss_icp_odometry,,,,,,,,,,,,,,,,,,,,,148623,,,,,,,,,,,,,,,,,,
front_end,,True,kiss_icp_odometry,,,,,,,,,,,,,,,,,,,,,148674,,,,,,,,,,,,,,,,,,
front_end,,True,kiss_icp_odometry,,,,,,,,,,,,,,,,,,,,,148711,,,,,,,,,,,,,,,,,,
front_end,,True,kiss_icp_odometry,,,,,,,,,,,,,,,,,,,,,148756,,,,,,,,,,,,,,,,,,
front_end,,True,kiss_icp_odometry,,,,,,,,,,,,,,,,,,,,,148804,,,,,,,,,,,,,,,,,,
front_end,,True,kiss_icp_odometry,,,,,,,,,,,,,,,,,,,,,148847,,,,,,,,,,,,,,,,,,
front_end,,True,kiss_icp_odometry,,,,,,,,,,,,,,,,,,,,,148878,,,,,,,,,,,,,,,,,,
front_end,,True,kiss_icp_odometry,,,,,,,,,,,,,,,,,,,,,148918,,,,,,,,,,,,,,,,,,
front_end,,True,kiss_icp_odometry,,,,,,,,,,,,,,,,,,,,,148972,,,,,,,,,,,,,,,,,,
front_end,,True,kiss_icp_odometry,,,,,,,,,,,,,,,,,,,,,149013,,,,,,,,,,,,,,,,,,
front_end,,True,kiss_icp_odometry,,,,,,,,,,,,,,,,,,,,,149038,,,,,,,,,,,,,,,,,,
front_end,,True,kiss_icp_odometry,,,,,,,,,,,,,,,,,,,,,149064,,,,,,,,,,,,,,,,,,
front_end,,True,kiss_icp_odometry,,,,,,,,,,,,,,,,,,,,,149089,,,,,,,,,,,,,,,,,,
optimized_backend,,,,,,,,,,,,,,,,,,,,,,,,,,,,,,,,,,,39,38,0,,,,pose_graph,False
front_end,,True,kiss_icp_odometry,,,,,,,,,,,,,,,,,,,,,149121,,,,,,,,,,,,,,,,,,
front_end,,True,kiss_icp_odometry,,,,,,,,,,,,,,,,,,,,,149170,,,,,,,,,,,,,,,,,,
front_end,,True,kiss_icp_odometry,,,,,,,,,,,,,,,,,,,,,149189,,,,,,,,,,,,,,,,,,
front_end,,True,kiss_icp_odometry,,,,,,,,,,,,,,,,,,,,,149234,,,,,,,,,,,,,,,,,,
front_end,,True,kiss_icp_odometry,,,,,,,,,,,,,,,,,,,,,149262,,,,,,,,,,,,,,,,,,
front_end,,True,kiss_icp_odometry,,,,,,,,,,,,,,,,,,,,,149342,,,,,,,,,,,,,,,,,,
front_end,,True,kiss_icp_odometry,,,,,,,,,,,,,,,,,,,,,149381,,,,,,,,,,,,,,,,,,
front_end,,True,kiss_icp_odometry,,,,,,,,,,,,,,,,,,,,,149417,,,,,,,,,,,,,,,,,,
front_end,,True,kiss_icp_odometry,,,,,,,,,,,,,,,,,,,,,149459,,,,,,,,,,,,,,,,,,
front_end,,True,kiss_icp_odometry,,,,,,,,,,,,,,,,,,,,,149500,,,,,,,,,,,,,,,,,,
front_end,,True,kiss_icp_odometry,,,,,,,,,,,,,,,,,,,,,149540,,,,,,,,,,,,,,,,,,
optimized_backend,,,,,,,,,,,,,,,,,,,,,,,,,,,,,,,,,,,40,39,0,,,,pose_graph,False
front_end,,True,kiss_icp_odometry,,,,,,,,,,,,,,,,,,,,,149592,,,,,,,,,,,,,,,,,,
front_end,,True,kiss_icp_odometry,,,,,,,,,,,,,,,,,,,,,149631,,,,,,,,,,,,,,,,,,
front_end,,True,kiss_icp_odometry,,,,,,,,,,,,,,,,,,,,,149656,,,,,,,,,,,,,,,,,,
front_end,,True,kiss_icp_odometry,,,,,,,,,,,,,,,,,,,,,149692,,,,,,,,,,,,,,,,,,
front_end,,True,kiss_icp_odometry,,,,,,,,,,,,,,,,,,,,,149730,,,,,,,,,,,,,,,,,,
front_end,,True,kiss_icp_odometry,,,,,,,,,,,,,,,,,,,,,149755,,,,,,,,,,,,,,,,,,
optimized_backend,,,,,,,,,,,,,,,,,,,,,,,,,,,,,,,,,,,41,40,0,,,,pose_graph,False
front_end,,True,kiss_icp_odometry,,,,,,,,,,,,,,,,,,,,,149794,,,,,,,,,,,,,,,,,,
front_end,,True,kiss_icp_odometry,,,,,,,,,,,,,,,,,,,,,149840,,,,,,,,,,,,,,,,,,
front_end,,True,kiss_icp_odometry,,,,,,,,,,,,,,,,,,,,,149864,,,,,,,,,,,,,,,,,,
front_end,,True,kiss_icp_odometry,,,,,,,,,,,,,,,,,,,,,149898,,,,,,,,,,,,,,,,,,
front_end,,True,kiss_icp_odometry,,,,,,,,,,,,,,,,,,,,,149930,,,,,,,,,,,,,,,,,,
optimized_backend,,,,,,,,,,,,,,,,,,,,,,,,,,,,,,,,,,,42,41,0,,,,pose_graph,False
front_end,,True,kiss_icp_odometry,,,,,,,,,,,,,,,,,,,,,149964,,,,,,,,,,,,,,,,,,
front_end,,True,kiss_icp_odometry,,,,,,,,,,,,,,,,,,,,,149999,,,,,,,,,,,,,,,,,,
front_end,,True,kiss_icp_odometry,,,,,,,,,,,,,,,,,,,,,150107,,,,,,,,,,,,,,,,,,
front_end,,True,kiss_icp_odometry,,,,,,,,,,,,,,,,,,,,,150134,,,,,,,,,,,,,,,,,,
optimized_backend,,,,,,,,,,,,,,,,,,,,,,,,,,,,,,,,,,,43,42,0,,,,pose_graph,False
front_end,,True,kiss_icp_odometry,,,,,,,,,,,,,,,,,,,,,150175,,,,,,,,,,,,,,,,,,
front_end,,True,kiss_icp_odometry,,,,,,,,,,,,,,,,,,,,,150210,,,,,,,,,,,,,,,,,,
front_end,,True,kiss_icp_odometry,,,,,,,,,,,,,,,,,,,,,150295,,,,,,,,,,,,,,,,,,
front_end,,True,kiss_icp_odometry,,,,,,,,,,,,,,,,,,,,,150338,,,,,,,,,,,,,,,,,,
optimized_backend,,,,,,,,,,,,,,,,,,,,,,,,,,,,,,,,,,,44,43,0,,,,pose_graph,False
front_end,,True,kiss_icp_odometry,,,,,,,,,,,,,,,,,,,,,150377,,,,,,,,,,,,,,,,,,
front_end,,True,kiss_icp_odometry,,,,,,,,,,,,,,,,,,,,,150415,,,,,,,,,,,,,,,,,,
front_end,,True,kiss_icp_odometry,,,,,,,,,,,,,,,,,,,,,150467,,,,,,,,,,,,,,,,,,
front_end,,True,kiss_icp_odometry,,,,,,,,,,,,,,,,,,,,,150511,,,,,,,,,,,,,,,,,,
front_end,,True,kiss_icp_odometry,,,,,,,,,,,,,,,,,,,,,150555,,,,,,,,,,,,,,,,,,
optimized_backend,,,,,,,,,,,,,,,,,,,,,,,,,,,,,,,,,,,45,44,0,,,,pose_graph,False
front_end,,True,kiss_icp_odometry,,,,,,,,,,,,,,,,,,,,,150652,,,,,,,,,,,,,,,,,,
front_end,,True,kiss_icp_odometry,,,,,,,,,,,,,,,,,,,,,150695,,,,,,,,,,,,,,,,,,
front_end,,True,kiss_icp_odometry,,,,,,,,,,,,,,,,,,,,,150735,,,,,,,,,,,,,,,,,,
front_end,,True,kiss_icp_odometry,,,,,,,,,,,,,,,,,,,,,150767,,,,,,,,,,,,,,,,,,
front_end,,True,kiss_icp_odometry,,,,,,,,,,,,,,,,,,,,,150866,,,,,,,,,,,,,,,,,,
optimized_backend,,,,,,,,,,,,,,,,,,,,,,,,,,,,,,,,,,,46,45,0,,,,pose_graph,False
front_end,,True,kiss_icp_odometry,,,,,,,,,,,,,,,,,,,,,150898,,,,,,,,,,,,,,,,,,
front_end,,True,kiss_icp_odometry,,,,,,,,,,,,,,,,,,,,,150928,,,,,,,,,,,,,,,,,,
front_end,,True,kiss_icp_odometry,,,,,,,,,,,,,,,,,,,,,150963,,,,,,,,,,,,,,,,,,
front_end,,True,kiss_icp_odometry,,,,,,,,,,,,,,,,,,,,,151002,,,,,,,,,,,,,,,,,,
optimized_backend,,,,,,,,,,,,,,,,,,,,,,,,,,,,,,,,,,,47,46,0,,,,pose_graph,False
front_end,,True,kiss_icp_odometry,,,,,,,,,,,,,,,,,,,,,151070,,,,,,,,,,,,,,,,,,
front_end,,True,kiss_icp_odometry,,,,,,,,,,,,,,,,,,,,,151102,,,,,,,,,,,,,,,,,,
front_end,,True,kiss_icp_odometry,,,,,,,,,,,,,,,,,,,,,151139,,,,,,,,,,,,,,,,,,
front_end,,True,kiss_icp_odometry,,,,,,,,,,,,,,,,,,,,,151159,,,,,,,,,,,,,,,,,,
optimized_backend,,,,,,,,,,,,,,,,,,,,,,,,,,,,,,,,,,,48,47,0,,,,pose_graph,False
front_end,,True,kiss_icp_odometry,,,,,,,,,,,,,,,,,,,,,151198,,,,,,,,,,,,,,,,,,
front_end,,True,kiss_icp_odometry,,,,,,,,,,,,,,,,,,,,,151236,,,,,,,,,,,,,,,,,,
front_end,,True,kiss_icp_odometry,,,,,,,,,,,,,,,,,,,,,151277,,,,,,,,,,,,,,,,,,
front_end,,True,kiss_icp_odometry,,,,,,,,,,,,,,,,,,,,,151325,,,,,,,,,,,,,,,,,,
front_end,,True,kiss_icp_odometry,,,,,,,,,,,,,,,,,,,,,151353,,,,,,,,,,,,,,,,,,
optimized_backend,,,,,,,,,,,,,,,,,,,,,,,,,,,,,,,,,,,49,48,0,,,,pose_graph,False
front_end,,True,kiss_icp_odometry,,,,,,,,,,,,,,,,,,,,,151388,,,,,,,,,,,,,,,,,,
front_end,,True,kiss_icp_odometry,,,,,,,,,,,,,,,,,,,,,151401,,,,,,,,,,,,,,,,,,
front_end,,True,kiss_icp_odometry,,,,,,,,,,,,,,,,,,,,,151421,,,,,,,,,,,,,,,,,,
front_end,,True,kiss_icp_odometry,,,,,,,,,,,,,,,,,,,,,151445,,,,,,,,,,,,,,,,,,
optimized_backend,,,,,,,,,,,,,,,,,,,,,,,,,,,,,,,,,,,50,49,0,,,,pose_graph,False
front_end,,True,kiss_icp_odometry,,,,,,,,,,,,,,,,,,,,,151464,,,,,,,,,,,,,,,,,,
front_end,,True,kiss_icp_odometry,,,,,,,,,,,,,,,,,,,,,151492,,,,,,,,,,,,,,,,,,
front_end,,True,kiss_icp_odometry,,,,,,,,,,,,,,,,,,,,,151526,,,,,,,,,,,,,,,,,,
front_end,,True,kiss_icp_odometry,,,,,,,,,,,,,,,,,,,,,151534,,,,,,,,,,,,,,,,,,
front_end,,True,kiss_icp_odometry,,,,,,,,,,,,,,,,,,,,,151553,,,,,,,,,,,,,,,,,,
front_end,,True,kiss_icp_odometry,,,,,,,,,,,,,,,,,,,,,151583,,,,,,,,,,,,,,,,,,
front_end,,True,kiss_icp_odometry,,,,,,,,,,,,,,,,,,,,,151599,,,,,,,,,,,,,,,,,,
front_end,,True,kiss_icp_odometry,,,,,,,,,,,,,,,,,,,,,151618,,,,,,,,,,,,,,,,,,
optimized_backend,,,,,,,,,,,,,,,,,,,,,,,,,,,,,,,,,,,51,50,0,,,,pose_graph,False
front_end,,True,kiss_icp_odometry,,,,,,,,,,,,,,,,,,,,,151627,,,,,,,,,,,,,,,,,,
front_end,,True,kiss_icp_odometry,,,,,,,,,,,,,,,,,,,,,151641,,,,,,,,,,,,,,,,,,
front_end,,True,kiss_icp_odometry,,,,,,,,,,,,,,,,,,,,,151660,,,,,,,,,,,,,,,,,,
front_end,,True,kiss_icp_odometry,,,,,,,,,,,,,,,,,,,,,151665,,,,,,,,,,,,,,,,,,
front_end,,True,kiss_icp_odometry,,,,,,,,,,,,,,,,,,,,,151672,,,,,,,,,,,,,,,,,,
front_end,,True,kiss_icp_odometry,,,,,,,,,,,,,,,,,,,,,151687,,,,,,,,,,,,,,,,,,
front_end,,True,kiss_icp_odometry,,,,,,,,,,,,,,,,,,,,,151696,,,,,,,,,,,,,,,,,,
front_end,,True,kiss_icp_odometry,,,,,,,,,,,,,,,,,,,,,151702,,,,,,,,,,,,,,,,,,
front_end,,True,kiss_icp_odometry,,,,,,,,,,,,,,,,,,,,,151710,,,,,,,,,,,,,,,,,,
front_end,,True,kiss_icp_odometry,,,,,,,,,,,,,,,,,,,,,151718,,,,,,,,,,,,,,,,,,
front_end,,True,kiss_icp_odometry,,,,,,,,,,,,,,,,,,,,,151726,,,,,,,,,,,,,,,,,,
front_end,,True,kiss_icp_odometry,,,,,,,,,,,,,,,,,,,,,151735,,,,,,,,,,,,,,,,,,
front_end,,True,kiss_icp_odometry,,,,,,,,,,,,,,,,,,,,,151750,,,,,,,,,,,,,,,,,,
front_end,,True,kiss_icp_odometry,,,,,,,,,,,,,,,,,,,,,151755,,,,,,,,,,,,,,,,,,
front_end,,True,kiss_icp_odometry,,,,,,,,,,,,,,,,,,,,,151763,,,,,,,,,,,,,,,,,,
front_end,,True,kiss_icp_odometry,,,,,,,,,,,,,,,,,,,,,151767,,,,,,,,,,,,,,,,,,
front_end,,True,kiss_icp_odometry,,,,,,,,,,,,,,,,,,,,,151770,,,,,,,,,,,,,,,,,,
front_end,,True,kiss_icp_odometry,,,,,,,,,,,,,,,,,,,,,151789,,,,,,,,,,,,,,,,,,
front_end,,True,kiss_icp_odometry,,,,,,,,,,,,,,,,,,,,,151797,,,,,,,,,,,,,,,,,,
front_end,,True,kiss_icp_odometry,,,,,,,,,,,,,,,,,,,,,151802,,,,,,,,,,,,,,,,,,
front_end,,True,kiss_icp_odometry,,,,,,,,,,,,,,,,,,,,,151816,,,,,,,,,,,,,,,,,,
front_end,,True,kiss_icp_odometry,,,,,,,,,,,,,,,,,,,,,151823,,,,,,,,,,,,,,,,,,
front_end,,True,kiss_icp_odometry,,,,,,,,,,,,,,,,,,,,,151835,,,,,,,,,,,,,,,,,,
front_end,,True,kiss_icp_odometry,,,,,,,,,,,,,,,,,,,,,151845,,,,,,,,,,,,,,,,,,
front_end,,True,kiss_icp_odometry,,,,,,,,,,,,,,,,,,,,,151856,,,,,,,,,,,,,,,,,,
front_end,,True,kiss_icp_odometry,,,,,,,,,,,,,,,,,,,,,151860,,,,,,,,,,,,,,,,,,
front_end,,True,kiss_icp_odometry,,,,,,,,,,,,,,,,,,,,,151869,,,,,,,,,,,,,,,,,,
front_end,,True,kiss_icp_odometry,,,,,,,,,,,,,,,,,,,,,151877,,,,,,,,,,,,,,,,,,
front_end,,True,kiss_icp_odometry,,,,,,,,,,,,,,,,,,,,,151899,,,,,,,,,,,,,,,,,,
front_end,,True,kiss_icp_odometry,,,,,,,,,,,,,,,,,,,,,151905,,,,,,,,,,,,,,,,,,
optimized_backend,,,,,,,,,,,,,,,,,,,,,,,,,,,,,,,,,,,52,51,0,,,,pose_graph,False
front_end,,True,kiss_icp_odometry,,,,,,,,,,,,,,,,,,,,,151914,,,,,,,,,,,,,,,,,,
front_end,,True,kiss_icp_odometry,,,,,,,,,,,,,,,,,,,,,151926,,,,,,,,,,,,,,,,,,
front_end,,True,kiss_icp_odometry,,,,,,,,,,,,,,,,,,,,,151935,,,,,,,,,,,,,,,,,,
front_end,,True,kiss_icp_odometry,,,,,,,,,,,,,,,,,,,,,151939,,,,,,,,,,,,,,,,,,
front_end,,True,kiss_icp_odometry,,,,,,,,,,,,,,,,,,,,,151944,,,,,,,,,,,,,,,,,,
front_end,,True,kiss_icp_odometry,,,,,,,,,,,,,,,,,,,,,151954,,,,,,,,,,,,,,,,,,
front_end,,True,kiss_icp_odometry,,,,,,,,,,,,,,,,,,,,,151964,,,,,,,,,,,,,,,,,,
optimized_backend,,,,,,,,,,,,,,,,,,,,,,,,,,,,,,,,,,,53,52,0,,,,pose_graph,False
front_end,,True,kiss_icp_odometry,,,,,,,,,,,,,,,,,,,,,151969,,,,,,,,,,,,,,,,,,
front_end,,True,kiss_icp_odometry,,,,,,,,,,,,,,,,,,,,,151976,,,,,,,,,,,,,,,,,,
front_end,,True,kiss_icp_odometry,,,,,,,,,,,,,,,,,,,,,151985,,,,,,,,,,,,,,,,,,
front_end,,True,kiss_icp_odometry,,,,,,,,,,,,,,,,,,,,,151995,,,,,,,,,,,,,,,,,,
front_end,,True,kiss_icp_odometry,,,,,,,,,,,,,,,,,,,,,152008,,,,,,,,,,,,,,,,,,
front_end,,True,kiss_icp_odometry,,,,,,,,,,,,,,,,,,,,,152017,,,,,,,,,,,,,,,,,,
front_end,,True,kiss_icp_odometry,,,,,,,,,,,,,,,,,,,,,152024,,,,,,,,,,,,,,,,,,
front_end,,True,kiss_icp_odometry,,,,,,,,,,,,,,,,,,,,,152029,,,,,,,,,,,,,,,,,,
front_end,,True,kiss_icp_odometry,,,,,,,,,,,,,,,,,,,,,152058,,,,,,,,,,,,,,,,,,
front_end,,True,kiss_icp_odometry,,,,,,,,,,,,,,,,,,,,,152087,,,,,,,,,,,,,,,,,,
front_end,,True,kiss_icp_odometry,,,,,,,,,,,,,,,,,,,,,152094,,,,,,,,,,,,,,,,,,
front_end,,True,kiss_icp_odometry,,,,,,,,,,,,,,,,,,,,,152098,,,,,,,,,,,,,,,,,,
front_end,,True,kiss_icp_odometry,,,,,,,,,,,,,,,,,,,,,152108,,,,,,,,,,,,,,,,,,
front_end,,True,kiss_icp_odometry,,,,,,,,,,,,,,,,,,,,,152113,,,,,,,,,,,,,,,,,,
front_end,,True,kiss_icp_odometry,,,,,,,,,,,,,,,,,,,,,152116,,,,,,,,,,,,,,,,,,
front_end,,True,kiss_icp_odometry,,,,,,,,,,,,,,,,,,,,,152127,,,,,,,,,,,,,,,,,,
front_end,,True,kiss_icp_odometry,,,,,,,,,,,,,,,,,,,,,152131,,,,,,,,,,,,,,,,,,
front_end,,True,kiss_icp_odometry,,,,,,,,,,,,,,,,,,,,,152134,,,,,,,,,,,,,,,,,,
front_end,,True,kiss_icp_odometry,,,,,,,,,,,,,,,,,,,,,152139,,,,,,,,,,,,,,,,,,
front_end,,True,kiss_icp_odometry,,,,,,,,,,,,,,,,,,,,,152150,,,,,,,,,,,,,,,,,,
front_end,,True,kiss_icp_odometry,,,,,,,,,,,,,,,,,,,,,152156,,,,,,,,,,,,,,,,,,
front_end,,True,kiss_icp_odometry,,,,,,,,,,,,,,,,,,,,,152163,,,,,,,,,,,,,,,,,,
front_end,,True,kiss_icp_odometry,,,,,,,,,,,,,,,,,,,,,152166,,,,,,,,,,,,,,,,,,
front_end,,True,kiss_icp_odometry,,,,,,,,,,,,,,,,,,,,,152170,,,,,,,,,,,,,,,,,,
front_end,,True,kiss_icp_odometry,,,,,,,,,,,,,,,,,,,,,152173,,,,,,,,,,,,,,,,,,
front_end,,True,kiss_icp_odometry,,,,,,,,,,,,,,,,,,,,,152178,,,,,,,,,,,,,,,,,,
front_end,,True,kiss_icp_odometry,,,,,,,,,,,,,,,,,,,,,152179,,,,,,,,,,,,,,,,,,
front_end,,True,kiss_icp_odometry,,,,,,,,,,,,,,,,,,,,,152179,,,,,,,,,,,,,,,,,,
front_end,,True,kiss_icp_odometry,,,,,,,,,,,,,,,,,,,,,152182,,,,,,,,,,,,,,,,,,
front_end,,True,kiss_icp_odometry,,,,,,,,,,,,,,,,,,,,,152183,,,,,,,,,,,,,,,,,,
front_end,,True,kiss_icp_odometry,,,,,,,,,,,,,,,,,,,,,152186,,,,,,,,,,,,,,,,,,
front_end,,True,kiss_icp_odometry,,,,,,,,,,,,,,,,,,,,,152190,,,,,,,,,,,,,,,,,,
front_end,,True,kiss_icp_odometry,,,,,,,,,,,,,,,,,,,,,152191,,,,,,,,,,,,,,,,,,
front_end,,True,kiss_icp_odometry,,,,,,,,,,,,,,,,,,,,,152193,,,,,,,,,,,,,,,,,,
front_end,,True,kiss_icp_odometry,,,,,,,,,,,,,,,,,,,,,152195,,,,,,,,,,,,,,,,,,
front_end,,True,kiss_icp_odometry,,,,,,,,,,,,,,,,,,,,,152198,,,,,,,,,,,,,,,,,,
front_end,,True,kiss_icp_odometry,,,,,,,,,,,,,,,,,,,,,152199,,,,,,,,,,,,,,,,,,
front_end,,True,kiss_icp_odometry,,,,,,,,,,,,,,,,,,,,,152203,,,,,,,,,,,,,,,,,,
front_end,,True,kiss_icp_odometry,,,,,,,,,,,,,,,,,,,,,152203,,,,,,,,,,,,,,,,,,
front_end,,True,kiss_icp_odometry,,,,,,,,,,,,,,,,,,,,,152207,,,,,,,,,,,,,,,,,,
front_end,,True,kiss_icp_odometry,,,,,,,,,,,,,,,,,,,,,152211,,,,,,,,,,,,,,,,,,
front_end,,True,kiss_icp_odometry,,,,,,,,,,,,,,,,,,,,,152211,,,,,,,,,,,,,,,,,,
front_end,,True,kiss_icp_odometry,,,,,,,,,,,,,,,,,,,,,152218,,,,,,,,,,,,,,,,,,
front_end,,True,kiss_icp_odometry,,,,,,,,,,,,,,,,,,,,,152219,,,,,,,,,,,,,,,,,,
front_end,,True,kiss_icp_odometry,,,,,,,,,,,,,,,,,,,,,152222,,,,,,,,,,,,,,,,,,
front_end,,True,kiss_icp_odometry,,,,,,,,,,,,,,,,,,,,,152224,,,,,,,,,,,,,,,,,,
front_end,,True,kiss_icp_odometry,,,,,,,,,,,,,,,,,,,,,152226,,,,,,,,,,,,,,,,,,
front_end,,True,kiss_icp_odometry,,,,,,,,,,,,,,,,,,,,,152259,,,,,,,,,,,,,,,,,,
front_end,,True,kiss_icp_odometry,,,,,,,,,,,,,,,,,,,,,152273,,,,,,,,,,,,,,,,,,
front_end,,True,kiss_icp_odometry,,,,,,,,,,,,,,,,,,,,,152278,,,,,,,,,,,,,,,,,,
front_end,,True,kiss_icp_odometry,,,,,,,,,,,,,,,,,,,,,152316,,,,,,,,,,,,,,,,,,
front_end,,True,kiss_icp_odometry,,,,,,,,,,,,,,,,,,,,,152328,,,,,,,,,,,,,,,,,,
front_end,,True,kiss_icp_odometry,,,,,,,,,,,,,,,,,,,,,152362,,,,,,,,,,,,,,,,,,
front_end,,True,kiss_icp_odometry,,,,,,,,,,,,,,,,,,,,,152368,,,,,,,,,,,,,,,,,,
front_end,,True,kiss_icp_odometry,,,,,,,,,,,,,,,,,,,,,152378,,,,,,,,,,,,,,,,,,
front_end,,True,kiss_icp_odometry,,,,,,,,,,,,,,,,,,,,,152390,,,,,,,,,,,,,,,,,,
front_end,,True,kiss_icp_odometry,,,,,,,,,,,,,,,,,,,,,152395,,,,,,,,,,,,,,,,,,
front_end,,True,kiss_icp_odometry,,,,,,,,,,,,,,,,,,,,,152420,,,,,,,,,,,,,,,,,,
front_end,,True,kiss_icp_odometry,,,,,,,,,,,,,,,,,,,,,152423,,,,,,,,,,,,,,,,,,
front_end,,True,kiss_icp_odometry,,,,,,,,,,,,,,,,,,,,,152429,,,,,,,,,,,,,,,,,,
front_end,,True,kiss_icp_odometry,,,,,,,,,,,,,,,,,,,,,152439,,,,,,,,,,,,,,,,,,
front_end,,True,kiss_icp_odometry,,,,,,,,,,,,,,,,,,,,,152445,,,,,,,,,,,,,,,,,,
front_end,,True,kiss_icp_odometry,,,,,,,,,,,,,,,,,,,,,152458,,,,,,,,,,,,,,,,,,
front_end,,True,kiss_icp_odometry,,,,,,,,,,,,,,,,,,,,,152468,,,,,,,,,,,,,,,,,,
front_end,,True,kiss_icp_odometry,,,,,,,,,,,,,,,,,,,,,152477,,,,,,,,,,,,,,,,,,
front_end,,True,kiss_icp_odometry,,,,,,,,,,,,,,,,,,,,,152479,,,,,,,,,,,,,,,,,,
front_end,,True,kiss_icp_odometry,,,,,,,,,,,,,,,,,,,,,152483,,,,,,,,,,,,,,,,,,
front_end,,True,kiss_icp_odometry,,,,,,,,,,,,,,,,,,,,,152484,,,,,,,,,,,,,,,,,,
front_end,,True,kiss_icp_odometry,,,,,,,,,,,,,,,,,,,,,152485,,,,,,,,,,,,,,,,,,
front_end,,True,kiss_icp_odometry,,,,,,,,,,,,,,,,,,,,,152489,,,,,,,,,,,,,,,,,,
front_end,,True,kiss_icp_odometry,,,,,,,,,,,,,,,,,,,,,152494,,,,,,,,,,,,,,,,,,
front_end,,True,kiss_icp_odometry,,,,,,,,,,,,,,,,,,,,,152501,,,,,,,,,,,,,,,,,,
front_end,,True,kiss_icp_odometry,,,,,,,,,,,,,,,,,,,,,152504,,,,,,,,,,,,,,,,,,
front_end,,True,kiss_icp_odometry,,,,,,,,,,,,,,,,,,,,,152506,,,,,,,,,,,,,,,,,,
front_end,,True,kiss_icp_odometry,,,,,,,,,,,,,,,,,,,,,152510,,,,,,,,,,,,,,,,,,
front_end,,True,kiss_icp_odometry,,,,,,,,,,,,,,,,,,,,,152514,,,,,,,,,,,,,,,,,,
front_end,,True,kiss_icp_odometry,,,,,,,,,,,,,,,,,,,,,152517,,,,,,,,,,,,,,,,,,
front_end,,True,kiss_icp_odometry,,,,,,,,,,,,,,,,,,,,,152521,,,,,,,,,,,,,,,,,,
front_end,,True,kiss_icp_odometry,,,,,,,,,,,,,,,,,,,,,152522,,,,,,,,,,,,,,,,,,
front_end,,True,kiss_icp_odometry,,,,,,,,,,,,,,,,,,,,,152525,,,,,,,,,,,,,,,,,,
front_end,,True,kiss_icp_odometry,,,,,,,,,,,,,,,,,,,,,152526,,,,,,,,,,,,,,,,,,
front_end,,True,kiss_icp_odometry,,,,,,,,,,,,,,,,,,,,,152529,,,,,,,,,,,,,,,,,,
front_end,,True,kiss_icp_odometry,,,,,,,,,,,,,,,,,,,,,152536,,,,,,,,,,,,,,,,,,
front_end,,True,kiss_icp_odometry,,,,,,,,,,,,,,,,,,,,,152542,,,,,,,,,,,,,,,,,,
front_end,,True,kiss_icp_odometry,,,,,,,,,,,,,,,,,,,,,152551,,,,,,,,,,,,,,,,,,
front_end,,True,kiss_icp_odometry,,,,,,,,,,,,,,,,,,,,,152558,,,,,,,,,,,,,,,,,,
front_end,,True,kiss_icp_odometry,,,,,,,,,,,,,,,,,,,,,152562,,,,,,,,,,,,,,,,,,
front_end,,True,kiss_icp_odometry,,,,,,,,,,,,,,,,,,,,,152594,,,,,,,,,,,,,,,,,,
front_end,,True,kiss_icp_odometry,,,,,,,,,,,,,,,,,,,,,152608,,,,,,,,,,,,,,,,,,
front_end,,True,kiss_icp_odometry,,,,,,,,,,,,,,,,,,,,,152617,,,,,,,,,,,,,,,,,,
front_end,,True,kiss_icp_odometry,,,,,,,,,,,,,,,,,,,,,152629,,,,,,,,,,,,,,,,,,
front_end,,True,kiss_icp_odometry,,,,,,,,,,,,,,,,,,,,,152641,,,,,,,,,,,,,,,,,,
front_end,,True,kiss_icp_odometry,,,,,,,,,,,,,,,,,,,,,152657,,,,,,,,,,,,,,,,,,
front_end,,True,kiss_icp_odometry,,,,,,,,,,,,,,,,,,,,,152670,,,,,,,,,,,,,,,,,,
front_end,,True,kiss_icp_odometry,,,,,,,,,,,,,,,,,,,,,152676,,,,,,,,,,,,,,,,,,
front_end,,True,kiss_icp_odometry,,,,,,,,,,,,,,,,,,,,,152690,,,,,,,,,,,,,,,,,,
front_end,,True,kiss_icp_odometry,,,,,,,,,,,,,,,,,,,,,152703,,,,,,,,,,,,,,,,,,
front_end,,True,kiss_icp_odometry,,,,,,,,,,,,,,,,,,,,,152715,,,,,,,,,,,,,,,,,,
front_end,,True,kiss_icp_odometry,,,,,,,,,,,,,,,,,,,,,152727,,,,,,,,,,,,,,,,,,
front_end,,True,kiss_icp_odometry,,,,,,,,,,,,,,,,,,,,,152746,,,,,,,,,,,,,,,,,,
front_end,,True,kiss_icp_odometry,,,,,,,,,,,,,,,,,,,,,152762,,,,,,,,,,,,,,,,,,
front_end,,True,kiss_icp_odometry,,,,,,,,,,,,,,,,,,,,,152786,,,,,,,,,,,,,,,,,,
front_end,,True,kiss_icp_odometry,,,,,,,,,,,,,,,,,,,,,152809,,,,,,,,,,,,,,,,,,
front_end,,True,kiss_icp_odometry,,,,,,,,,,,,,,,,,,,,,152828,,,,,,,,,,,,,,,,,,
front_end,,True,kiss_icp_odometry,,,,,,,,,,,,,,,,,,,,,152848,,,,,,,,,,,,,,,,,,
front_end,,True,kiss_icp_odometry,,,,,,,,,,,,,,,,,,,,,152863,,,,,,,,,,,,,,,,,,
front_end,,True,kiss_icp_odometry,,,,,,,,,,,,,,,,,,,,,152875,,,,,,,,,,,,,,,,,,
front_end,,True,kiss_icp_odometry,,,,,,,,,,,,,,,,,,,,,152896,,,,,,,,,,,,,,,,,,
front_end,,True,kiss_icp_odometry,,,,,,,,,,,,,,,,,,,,,152927,,,,,,,,,,,,,,,,,,
front_end,,True,kiss_icp_odometry,,,,,,,,,,,,,,,,,,,,,152962,,,,,,,,,,,,,,,,,,
front_end,,True,kiss_icp_odometry,,,,,,,,,,,,,,,,,,,,,152987,,,,,,,,,,,,,,,,,,
front_end,,True,kiss_icp_odometry,,,,,,,,,,,,,,,,,,,,,153006,,,,,,,,,,,,,,,,,,
optimized_backend,,,,,,,,,,,,,,,,,,,,,,,,,,,,,,,,,,,54,53,0,,,,pose_graph,False
front_end,,True,kiss_icp_odometry,,,,,,,,,,,,,,,,,,,,,153059,,,,,,,,,,,,,,,,,,
front_end,,True,kiss_icp_odometry,,,,,,,,,,,,,,,,,,,,,153090,,,,,,,,,,,,,,,,,,
front_end,,True,kiss_icp_odometry,,,,,,,,,,,,,,,,,,,,,153133,,,,,,,,,,,,,,,,,,
front_end,,True,kiss_icp_odometry,,,,,,,,,,,,,,,,,,,,,153153,,,,,,,,,,,,,,,,,,
front_end,,True,kiss_icp_odometry,,,,,,,,,,,,,,,,,,,,,153170,,,,,,,,,,,,,,,,,,
front_end,,True,kiss_icp_odometry,,,,,,,,,,,,,,,,,,,,,153182,,,,,,,,,,,,,,,,,,
front_end,,True,kiss_icp_odometry,,,,,,,,,,,,,,,,,,,,,153203,,,,,,,,,,,,,,,,,,
front_end,,True,kiss_icp_odometry,,,,,,,,,,,,,,,,,,,,,153231,,,,,,,,,,,,,,,,,,
front_end,,True,kiss_icp_odometry,,,,,,,,,,,,,,,,,,,,,153262,,,,,,,,,,,,,,,,,,
front_end,,True,kiss_icp_odometry,,,,,,,,,,,,,,,,,,,,,153289,,,,,,,,,,,,,,,,,,
front_end,,True,kiss_icp_odometry,,,,,,,,,,,,,,,,,,,,,153324,,,,,,,,,,,,,,,,,,
front_end,,True,kiss_icp_odometry,,,,,,,,,,,,,,,,,,,,,153356,,,,,,,,,,,,,,,,,,
front_end,,True,kiss_icp_odometry,,,,,,,,,,,,,,,,,,,,,153410,,,,,,,,,,,,,,,,,,
front_end,,True,kiss_icp_odometry,,,,,,,,,,,,,,,,,,,,,153436,,,,,,,,,,,,,,,,,,
front_end,,True,kiss_icp_odometry,,,,,,,,,,,,,,,,,,,,,153459,,,,,,,,,,,,,,,,,,
front_end,,True,kiss_icp_odometry,,,,,,,,,,,,,,,,,,,,,153472,,,,,,,,,,,,,,,,,,
front_end,,True,kiss_icp_odometry,,,,,,,,,,,,,,,,,,,,,153481,,,,,,,,,,,,,,,,,,
front_end,,True,kiss_icp_odometry,,,,,,,,,,,,,,,,,,,,,153518,,,,,,,,,,,,,,,,,,
front_end,,True,kiss_icp_odometry,,,,,,,,,,,,,,,,,,,,,153539,,,,,,,,,,,,,,,,,,
front_end,,True,kiss_icp_odometry,,,,,,,,,,,,,,,,,,,,,153553,,,,,,,,,,,,,,,,,,
front_end,,True,kiss_icp_odometry,,,,,,,,,,,,,,,,,,,,,153566,,,,,,,,,,,,,,,,,,
front_end,,True,kiss_icp_odometry,,,,,,,,,,,,,,,,,,,,,153578,,,,,,,,,,,,,,,,,,
front_end,,True,kiss_icp_odometry,,,,,,,,,,,,,,,,,,,,,153612,,,,,,,,,,,,,,,,,,
front_end,,True,kiss_icp_odometry,,,,,,,,,,,,,,,,,,,,,153663,,,,,,,,,,,,,,,,,,
front_end,,True,kiss_icp_odometry,,,,,,,,,,,,,,,,,,,,,153682,,,,,,,,,,,,,,,,,,
optimized_backend,,,,,,,,,,,,,,,,,,,,,,,,,,,,,,,,,,,55,55,1,,,,pose_graph,True
front_end,,True,kiss_icp_odometry,,,,,,,,,,,,,,,,,,,,,153706,,,,,,,,,,,,,,,,,,
front_end,,True,kiss_icp_odometry,,,,,,,,,,,,,,,,,,,,,153739,,,,,,,,,,,,,,,,,,
front_end,,True,kiss_icp_odometry,,,,,,,,,,,,,,,,,,,,,153760,,,,,,,,,,,,,,,,,,
front_end,,True,kiss_icp_odometry,,,,,,,,,,,,,,,,,,,,,153789,,,,,,,,,,,,,,,,,,
front_end,,True,kiss_icp_odometry,,,,,,,,,,,,,,,,,,,,,153825,,,,,,,,,,,,,,,,,,
front_end,,True,kiss_icp_odometry,,,,,,,,,,,,,,,,,,,,,153847,,,,,,,,,,,,,,,,,,
front_end,,True,kiss_icp_odometry,,,,,,,,,,,,,,,,,,,,,153892,,,,,,,,,,,,,,,,,,
front_end,,True,kiss_icp_odometry,,,,,,,,,,,,,,,,,,,,,153930,,,,,,,,,,,,,,,,,,
front_end,,True,kiss_icp_odometry,,,,,,,,,,,,,,,,,,,,,153961,,,,,,,,,,,,,,,,,,
front_end,,True,kiss_icp_odometry,,,,,,,,,,,,,,,,,,,,,153991,,,,,,,,,,,,,,,,,,
front_end,,True,kiss_icp_odometry,,,,,,,,,,,,,,,,,,,,,154030,,,,,,,,,,,,,,,,,,
front_end,,True,kiss_icp_odometry,,,,,,,,,,,,,,,,,,,,,154068,,,,,,,,,,,,,,,,,,
front_end,,True,kiss_icp_odometry,,,,,,,,,,,,,,,,,,,,,154099,,,,,,,,,,,,,,,,,,
front_end,,True,kiss_icp_odometry,,,,,,,,,,,,,,,,,,,,,154125,,,,,,,,,,,,,,,,,,
front_end,,True,kiss_icp_odometry,,,,,,,,,,,,,,,,,,,,,154151,,,,,,,,,,,,,,,,,,
front_end,,True,kiss_icp_odometry,,,,,,,,,,,,,,,,,,,,,154173,,,,,,,,,,,,,,,,,,
front_end,,True,kiss_icp_odometry,,,,,,,,,,,,,,,,,,,,,154207,,,,,,,,,,,,,,,,,,
front_end,,True,kiss_icp_odometry,,,,,,,,,,,,,,,,,,,,,154243,,,,,,,,,,,,,,,,,,
front_end,,True,kiss_icp_odometry,,,,,,,,,,,,,,,,,,,,,154270,,,,,,,,,,,,,,,,,,
front_end,,True,kiss_icp_odometry,,,,,,,,,,,,,,,,,,,,,154298,,,,,,,,,,,,,,,,,,
front_end,,True,kiss_icp_odometry,,,,,,,,,,,,,,,,,,,,,154337,,,,,,,,,,,,,,,,,,
front_end,,True,kiss_icp_odometry,,,,,,,,,,,,,,,,,,,,,154369,,,,,,,,,,,,,,,,,,
front_end,,True,kiss_icp_odometry,,,,,,,,,,,,,,,,,,,,,154390,,,,,,,,,,,,,,,,,,
front_end,,True,kiss_icp_odometry,,,,,,,,,,,,,,,,,,,,,154414,,,,,,,,,,,,,,,,,,
front_end,,True,kiss_icp_odometry,,,,,,,,,,,,,,,,,,,,,154450,,,,,,,,,,,,,,,,,,
front_end,,True,kiss_icp_odometry,,,,,,,,,,,,,,,,,,,,,154479,,,,,,,,,,,,,,,,,,
front_end,,True,kiss_icp_odometry,,,,,,,,,,,,,,,,,,,,,154512,,,,,,,,,,,,,,,,,,
front_end,,True,kiss_icp_odometry,,,,,,,,,,,,,,,,,,,,,154539,,,,,,,,,,,,,,,,,,
front_end,,True,kiss_icp_odometry,,,,,,,,,,,,,,,,,,,,,154574,,,,,,,,,,,,,,,,,,
front_end,,True,kiss_icp_odometry,,,,,,,,,,,,,,,,,,,,,154590,,,,,,,,,,,,,,,,,,
optimized_backend,,,,,,,,,,,,,,,,,,,,,,,,,,,,,,,,,,,56,57,2,,,,pose_graph,True
front_end,,True,kiss_icp_odometry,,,,,,,,,,,,,,,,,,,,,154625,,,,,,,,,,,,,,,,,,
front_end,,True,kiss_icp_odometry,,,,,,,,,,,,,,,,,,,,,154656,,,,,,,,,,,,,,,,,,
front_end,,True,kiss_icp_odometry,,,,,,,,,,,,,,,,,,,,,154678,,,,,,,,,,,,,,,,,,
front_end,,True,kiss_icp_odometry,,,,,,,,,,,,,,,,,,,,,154712,,,,,,,,,,,,,,,,,,
front_end,,True,kiss_icp_odometry,,,,,,,,,,,,,,,,,,,,,154745,,,,,,,,,,,,,,,,,,
front_end,,True,kiss_icp_odometry,,,,,,,,,,,,,,,,,,,,,154776,,,,,,,,,,,,,,,,,,
front_end,,True,kiss_icp_odometry,,,,,,,,,,,,,,,,,,,,,154816,,,,,,,,,,,,,,,,,,
front_end,,True,kiss_icp_odometry,,,,,,,,,,,,,,,,,,,,,154864,,,,,,,,,,,,,,,,,,
front_end,,True,kiss_icp_odometry,,,,,,,,,,,,,,,,,,,,,154909,,,,,,,,,,,,,,,,,,
front_end,,True,kiss_icp_odometry,,,,,,,,,,,,,,,,,,,,,154952,,,,,,,,,,,,,,,,,,
front_end,,True,kiss_icp_odometry,,,,,,,,,,,,,,,,,,,,,154991,,,,,,,,,,,,,,,,,,
front_end,,True,kiss_icp_odometry,,,,,,,,,,,,,,,,,,,,,155034,,,,,,,,,,,,,,,,,,
front_end,,True,kiss_icp_odometry,,,,,,,,,,,,,,,,,,,,,155084,,,,,,,,,,,,,,,,,,
front_end,,True,kiss_icp_odometry,,,,,,,,,,,,,,,,,,,,,155129,,,,,,,,,,,,,,,,,,
front_end,,True,kiss_icp_odometry,,,,,,,,,,,,,,,,,,,,,155211,,,,,,,,,,,,,,,,,,
front_end,,True,kiss_icp_odometry,,,,,,,,,,,,,,,,,,,,,155272,,,,,,,,,,,,,,,,,,
front_end,,True,kiss_icp_odometry,,,,,,,,,,,,,,,,,,,,,155322,,,,,,,,,,,,,,,,,,
front_end,,True,kiss_icp_odometry,,,,,,,,,,,,,,,,,,,,,155422,,,,,,,,,,,,,,,,,,
front_end,,True,kiss_icp_odometry,,,,,,,,,,,,,,,,,,,,,155475,,,,,,,,,,,,,,,,,,
front_end,,True,kiss_icp_odometry,,,,,,,,,,,,,,,,,,,,,155515,,,,,,,,,,,,,,,,,,
front_end,,True,kiss_icp_odometry,,,,,,,,,,,,,,,,,,,,,155558,,,,,,,,,,,,,,,,,,
optimized_backend,,,,,,,,,,,,,,,,,,,,,,,,,,,,,,,,,,,57,59,3,,,,pose_graph,True
front_end,,True,kiss_icp_odometry,,,,,,,,,,,,,,,,,,,,,155679,,,,,,,,,,,,,,,,,,
front_end,,True,kiss_icp_odometry,,,,,,,,,,,,,,,,,,,,,155735,,,,,,,,,,,,,,,,,,
front_end,,True,kiss_icp_odometry,,,,,,,,,,,,,,,,,,,,,155777,,,,,,,,,,,,,,,,,,
front_end,,True,kiss_icp_odometry,,,,,,,,,,,,,,,,,,,,,155838,,,,,,,,,,,,,,,,,,
front_end,,True,kiss_icp_odometry,,,,,,,,,,,,,,,,,,,,,155884,,,,,,,,,,,,,,,,,,
front_end,,True,kiss_icp_odometry,,,,,,,,,,,,,,,,,,,,,155969,,,,,,,,,,,,,,,,,,
front_end,,True,kiss_icp_odometry,,,,,,,,,,,,,,,,,,,,,156019,,,,,,,,,,,,,,,,,,
front_end,,True,kiss_icp_odometry,,,,,,,,,,,,,,,,,,,,,156068,,,,,,,,,,,,,,,,,,
front_end,,True,kiss_icp_odometry,,,,,,,,,,,,,,,,,,,,,156110,,,,,,,,,,,,,,,,,,
front_end,,True,kiss_icp_odometry,,,,,,,,,,,,,,,,,,,,,156303,,,,,,,,,,,,,,,,,,
front_end,,True,kiss_icp_odometry,,,,,,,,,,,,,,,,,,,,,156359,,,,,,,,,,,,,,,,,,
front_end,,True,kiss_icp_odometry,,,,,,,,,,,,,,,,,,,,,156412,,,,,,,,,,,,,,,,,,
front_end,,True,kiss_icp_odometry,,,,,,,,,,,,,,,,,,,,,156466,,,,,,,,,,,,,,,,,,
front_end,,True,kiss_icp_odometry,,,,,,,,,,,,,,,,,,,,,156511,,,,,,,,,,,,,,,,,,
front_end,,True,kiss_icp_odometry,,,,,,,,,,,,,,,,,,,,,156626,,,,,,,,,,,,,,,,,,
front_end,,True,kiss_icp_odometry,,,,,,,,,,,,,,,,,,,,,156675,,,,,,,,,,,,,,,,,,
front_end,,True,kiss_icp_odometry,,,,,,,,,,,,,,,,,,,,,156733,,,,,,,,,,,,,,,,,,
optimized_backend,,,,,,,,,,,,,,,,,,,,,,,,,,,,,,,,,,,58,61,4,,,,pose_graph,True
front_end,,True,kiss_icp_odometry,,,,,,,,,,,,,,,,,,,,,156799,,,,,,,,,,,,,,,,,,
front_end,,True,kiss_icp_odometry,,,,,,,,,,,,,,,,,,,,,156849,,,,,,,,,,,,,,,,,,
front_end,,True,kiss_icp_odometry,,,,,,,,,,,,,,,,,,,,,156901,,,,,,,,,,,,,,,,,,
front_end,,True,kiss_icp_odometry,,,,,,,,,,,,,,,,,,,,,156953,,,,,,,,,,,,,,,,,,
front_end,,True,kiss_icp_odometry,,,,,,,,,,,,,,,,,,,,,156997,,,,,,,,,,,,,,,,,,
front_end,,True,kiss_icp_odometry,,,,,,,,,,,,,,,,,,,,,157048,,,,,,,,,,,,,,,,,,
front_end,,True,kiss_icp_odometry,,,,,,,,,,,,,,,,,,,,,157114,,,,,,,,,,,,,,,,,,
front_end,,True,kiss_icp_odometry,,,,,,,,,,,,,,,,,,,,,157240,,,,,,,,,,,,,,,,,,
front_end,,True,kiss_icp_odometry,,,,,,,,,,,,,,,,,,,,,157313,,,,,,,,,,,,,,,,,,
front_end,,True,kiss_icp_odometry,,,,,,,,,,,,,,,,,,,,,157402,,,,,,,,,,,,,,,,,,
front_end,,True,kiss_icp_odometry,,,,,,,,,,,,,,,,,,,,,157470,,,,,,,,,,,,,,,,,,
front_end,,True,kiss_icp_odometry,,,,,,,,,,,,,,,,,,,,,157531,,,,,,,,,,,,,,,,,,
front_end,,True,kiss_icp_odometry,,,,,,,,,,,,,,,,,,,,,157577,,,,,,,,,,,,,,,,,,
front_end,,True,kiss_icp_odometry,,,,,,,,,,,,,,,,,,,,,157632,,,,,,,,,,,,,,,,,,
front_end,,True,kiss_icp_odometry,,,,,,,,,,,,,,,,,,,,,157669,,,,,,,,,,,,,,,,,,
front_end,,True,kiss_icp_odometry,,,,,,,,,,,,,,,,,,,,,157776,,,,,,,,,,,,,,,,,,
front_end,,True,kiss_icp_odometry,,,,,,,,,,,,,,,,,,,,,157860,,,,,,,,,,,,,,,,,,
front_end,,True,kiss_icp_odometry,,,,,,,,,,,,,,,,,,,,,157907,,,,,,,,,,,,,,,,,,
front_end,,True,kiss_icp_odometry,,,,,,,,,,,,,,,,,,,,,157962,,,,,,,,,,,,,,,,,,
front_end,,True,kiss_icp_odometry,,,,,,,,,,,,,,,,,,,,,158040,,,,,,,,,,,,,,,,,,
optimized_backend,,,,,,,,,,,,,,,,,,,,,,,,,,,,,,,,,,,59,63,5,,,,pose_graph,True
front_end,,True,kiss_icp_odometry,,,,,,,,,,,,,,,,,,,,,158091,,,,,,,,,,,,,,,,,,
front_end,,True,kiss_icp_odometry,,,,,,,,,,,,,,,,,,,,,158160,,,,,,,,,,,,,,,,,,
front_end,,True,kiss_icp_odometry,,,,,,,,,,,,,,,,,,,,,158203,,,,,,,,,,,,,,,,,,
front_end,,True,kiss_icp_odometry,,,,,,,,,,,,,,,,,,,,,158240,,,,,,,,,,,,,,,,,,
front_end,,True,kiss_icp_odometry,,,,,,,,,,,,,,,,,,,,,158289,,,,,,,,,,,,,,,,,,
front_end,,True,kiss_icp_odometry,,,,,,,,,,,,,,,,,,,,,158336,,,,,,,,,,,,,,,,,,
front_end,,True,kiss_icp_odometry,,,,,,,,,,,,,,,,,,,,,158407,,,,,,,,,,,,,,,,,,
front_end,,True,kiss_icp_odometry,,,,,,,,,,,,,,,,,,,,,158462,,,,,,,,,,,,,,,,,,
front_end,,True,kiss_icp_odometry,,,,,,,,,,,,,,,,,,,,,158547,,,,,,,,,,,,,,,,,,
front_end,,True,kiss_icp_odometry,,,,,,,,,,,,,,,,,,,,,158633,,,,,,,,,,,,,,,,,,
front_end,,True,kiss_icp_odometry,,,,,,,,,,,,,,,,,,,,,158680,,,,,,,,,,,,,,,,,,
front_end,,True,kiss_icp_odometry,,,,,,,,,,,,,,,,,,,,,158747,,,,,,,,,,,,,,,,,,
front_end,,True,kiss_icp_odometry,,,,,,,,,,,,,,,,,,,,,158800,,,,,,,,,,,,,,,,,,
front_end,,True,kiss_icp_odometry,,,,,,,,,,,,,,,,,,,,,158838,,,,,,,,,,,,,,,,,,
front_end,,True,kiss_icp_odometry,,,,,,,,,,,,,,,,,,,,,158896,,,,,,,,,,,,,,,,,,
front_end,,True,kiss_icp_odometry,,,,,,,,,,,,,,,,,,,,,158969,,,,,,,,,,,,,,,,,,
front_end,,True,kiss_icp_odometry,,,,,,,,,,,,,,,,,,,,,159047,,,,,,,,,,,,,,,,,,
front_end,,True,kiss_icp_odometry,,,,,,,,,,,,,,,,,,,,,159151,,,,,,,,,,,,,,,,,,
front_end,,True,kiss_icp_odometry,,,,,,,,,,,,,,,,,,,,,159180,,,,,,,,,,,,,,,,,,
front_end,,True,kiss_icp_odometry,,,,,,,,,,,,,,,,,,,,,159224,,,,,,,,,,,,,,,,,,
front_end,,True,kiss_icp_odometry,,,,,,,,,,,,,,,,,,,,,159243,,,,,,,,,,,,,,,,,,
front_end,,True,kiss_icp_odometry,,,,,,,,,,,,,,,,,,,,,159259,,,,,,,,,,,,,,,,,,
front_end,,True,kiss_icp_odometry,,,,,,,,,,,,,,,,,,,,,159282,,,,,,,,,,,,,,,,,,
front_end,,True,kiss_icp_odometry,,,,,,,,,,,,,,,,,,,,,159301,,,,,,,,,,,,,,,,,,
front_end,,True,kiss_icp_odometry,,,,,,,,,,,,,,,,,,,,,159307,,,,,,,,,,,,,,,,,,
front_end,,True,kiss_icp_odometry,,,,,,,,,,,,,,,,,,,,,159314,,,,,,,,,,,,,,,,,,
front_end,,True,kiss_icp_odometry,,,,,,,,,,,,,,,,,,,,,159344,,,,,,,,,,,,,,,,,,
front_end,,True,kiss_icp_odometry,,,,,,,,,,,,,,,,,,,,,159350,,,,,,,,,,,,,,,,,,
front_end,,True,kiss_icp_odometry,,,,,,,,,,,,,,,,,,,,,159361,,,,,,,,,,,,,,,,,,
front_end,,True,kiss_icp_odometry,,,,,,,,,,,,,,,,,,,,,159379,,,,,,,,,,,,,,,,,,
front_end,,True,kiss_icp_odometry,,,,,,,,,,,,,,,,,,,,,159385,,,,,,,,,,,,,,,,,,
front_end,,True,kiss_icp_odometry,,,,,,,,,,,,,,,,,,,,,159390,,,,,,,,,,,,,,,,,,
front_end,,True,kiss_icp_odometry,,,,,,,,,,,,,,,,,,,,,159400,,,,,,,,,,,,,,,,,,
front_end,,True,kiss_icp_odometry,,,,,,,,,,,,,,,,,,,,,159427,,,,,,,,,,,,,,,,,,
front_end,,True,kiss_icp_odometry,,,,,,,,,,,,,,,,,,,,,159434,,,,,,,,,,,,,,,,,,
front_end,,True,kiss_icp_odometry,,,,,,,,,,,,,,,,,,,,,159446,,,,,,,,,,,,,,,,,,
front_end,,True,kiss_icp_odometry,,,,,,,,,,,,,,,,,,,,,159457,,,,,,,,,,,,,,,,,,
front_end,,True,kiss_icp_odometry,,,,,,,,,,,,,,,,,,,,,159469,,,,,,,,,,,,,,,,,,
front_end,,True,kiss_icp_odometry,,,,,,,,,,,,,,,,,,,,,159475,,,,,,,,,,,,,,,,,,
front_end,,True,kiss_icp_odometry,,,,,,,,,,,,,,,,,,,,,159492,,,,,,,,,,,,,,,,,,
front_end,,True,kiss_icp_odometry,,,,,,,,,,,,,,,,,,,,,159510,,,,,,,,,,,,,,,,,,
optimized_backend,,,,,,,,,,,,,,,,,,,,,,,,,,,,,,,,,,,60,65,6,,,,pose_graph,True
front_end,,True,kiss_icp_odometry,,,,,,,,,,,,,,,,,,,,,159519,,,,,,,,,,,,,,,,,,
front_end,,True,kiss_icp_odometry,,,,,,,,,,,,,,,,,,,,,159539,,,,,,,,,,,,,,,,,,
front_end,,True,kiss_icp_odometry,,,,,,,,,,,,,,,,,,,,,159561,,,,,,,,,,,,,,,,,,
front_end,,True,kiss_icp_odometry,,,,,,,,,,,,,,,,,,,,,159592,,,,,,,,,,,,,,,,,,
front_end,,True,kiss_icp_odometry,,,,,,,,,,,,,,,,,,,,,159620,,,,,,,,,,,,,,,,,,
front_end,,True,kiss_icp_odometry,,,,,,,,,,,,,,,,,,,,,159645,,,,,,,,,,,,,,,,,,
front_end,,True,kiss_icp_odometry,,,,,,,,,,,,,,,,,,,,,159676,,,,,,,,,,,,,,,,,,
front_end,,True,kiss_icp_odometry,,,,,,,,,,,,,,,,,,,,,159718,,,,,,,,,,,,,,,,,,
optimized_backend,,,,,,,,,,,,,,,,,,,,,,,,,,,,,,,,,,,61,67,7,,,,pose_graph,True
front_end,,True,kiss_icp_odometry,,,,,,,,,,,,,,,,,,,,,159772,,,,,,,,,,,,,,,,,,
front_end,,True,kiss_icp_odometry,,,,,,,,,,,,,,,,,,,,,159822,,,,,,,,,,,,,,,,,,
front_end,,True,kiss_icp_odometry,,,,,,,,,,,,,,,,,,,,,159875,,,,,,,,,,,,,,,,,,
front_end,,True,kiss_icp_odometry,,,,,,,,,,,,,,,,,,,,,159924,,,,,,,,,,,,,,,,,,
front_end,,True,kiss_icp_odometry,,,,,,,,,,,,,,,,,,,,,159985,,,,,,,,,,,,,,,,,,
front_end,,True,kiss_icp_odometry,,,,,,,,,,,,,,,,,,,,,160032,,,,,,,,,,,,,,,,,,
front_end,,True,kiss_icp_odometry,,,,,,,,,,,,,,,,,,,,,160076,,,,,,,,,,,,,,,,,,
front_end,,True,kiss_icp_odometry,,,,,,,,,,,,,,,,,,,,,160114,,,,,,,,,,,,,,,,,,
optimized_backend,,,,,,,,,,,,,,,,,,,,,,,,,,,,,,,,,,,62,69,8,,,,pose_graph,True
front_end,,True,kiss_icp_odometry,,,,,,,,,,,,,,,,,,,,,160153,,,,,,,,,,,,,,,,,,
front_end,,True,kiss_icp_odometry,,,,,,,,,,,,,,,,,,,,,160204,,,,,,,,,,,,,,,,,,
front_end,,True,kiss_icp_odometry,,,,,,,,,,,,,,,,,,,,,160238,,,,,,,,,,,,,,,,,,
front_end,,True,kiss_icp_odometry,,,,,,,,,,,,,,,,,,,,,160275,,,,,,,,,,,,,,,,,,
front_end,,True,kiss_icp_odometry,,,,,,,,,,,,,,,,,,,,,160314,,,,,,,,,,,,,,,,,,
front_end,,True,kiss_icp_odometry,,,,,,,,,,,,,,,,,,,,,160350,,,,,,,,,,,,,,,,,,
front_end,,True,kiss_icp_odometry,,,,,,,,,,,,,,,,,,,,,160378,,,,,,,,,,,,,,,,,,
front_end,,True,kiss_icp_odometry,,,,,,,,,,,,,,,,,,,,,160408,,,,,,,,,,,,,,,,,,
front_end,,True,kiss_icp_odometry,,,,,,,,,,,,,,,,,,,,,160423,,,,,,,,,,,,,,,,,,
optimized_backend,,,,,,,,,,,,,,,,,,,,,,,,,,,,,,,,,,,63,71,9,,,,pose_graph,True
front_end,,True,kiss_icp_odometry,,,,,,,,,,,,,,,,,,,,,160448,,,,,,,,,,,,,,,,,,
front_end,,True,kiss_icp_odometry,,,,,,,,,,,,,,,,,,,,,160472,,,,,,,,,,,,,,,,,,
front_end,,True,kiss_icp_odometry,,,,,,,,,,,,,,,,,,,,,160508,,,,,,,,,,,,,,,,,,
front_end,,True,kiss_icp_odometry,,,,,,,,,,,,,,,,,,,,,160527,,,,,,,,,,,,,,,,,,
front_end,,True,kiss_icp_odometry,,,,,,,,,,,,,,,,,,,,,160542,,,,,,,,,,,,,,,,,,
front_end,,True,kiss_icp_odometry,,,,,,,,,,,,,,,,,,,,,160563,,,,,,,,,,,,,,,,,,
optimized_backend,,,,,,,,,,,,,,,,,,,,,,,,,,,,,,,,,,,64,73,10,,,,pose_graph,True
front_end,,True,kiss_icp_odometry,,,,,,,,,,,,,,,,,,,,,160572,,,,,,,,,,,,,,,,,,
front_end,,True,kiss_icp_odometry,,,,,,,,,,,,,,,,,,,,,160584,,,,,,,,,,,,,,,,,,
front_end,,True,kiss_icp_odometry,,,,,,,,,,,,,,,,,,,,,160596,,,,,,,,,,,,,,,,,,
front_end,,True,kiss_icp_odometry,,,,,,,,,,,,,,,,,,,,,160603,,,,,,,,,,,,,,,,,,
front_end,,True,kiss_icp_odometry,,,,,,,,,,,,,,,,,,,,,160610,,,,,,,,,,,,,,,,,,
front_end,,True,kiss_icp_odometry,,,,,,,,,,,,,,,,,,,,,160626,,,,,,,,,,,,,,,,,,
front_end,,True,kiss_icp_odometry,,,,,,,,,,,,,,,,,,,,,160633,,,,,,,,,,,,,,,,,,
front_end,,True,kiss_icp_odometry,,,,,,,,,,,,,,,,,,,,,160643,,,,,,,,,,,,,,,,,,
optimized_backend,,,,,,,,,,,,,,,,,,,,,,,,,,,,,,,,,,,65,75,11,,,,pose_graph,True
front_end,,True,kiss_icp_odometry,,,,,,,,,,,,,,,,,,,,,160653,,,,,,,,,,,,,,,,,,
front_end,,True,kiss_icp_odometry,,,,,,,,,,,,,,,,,,,,,160660,,,,,,,,,,,,,,,,,,
front_end,,True,kiss_icp_odometry,,,,,,,,,,,,,,,,,,,,,160675,,,,,,,,,,,,,,,,,,
front_end,,True,kiss_icp_odometry,,,,,,,,,,,,,,,,,,,,,160678,,,,,,,,,,,,,,,,,,
front_end,,True,kiss_icp_odometry,,,,,,,,,,,,,,,,,,,,,160768,,,,,,,,,,,,,,,,,,
front_end,,True,kiss_icp_odometry,,,,,,,,,,,,,,,,,,,,,160775,,,,,,,,,,,,,,,,,,
front_end,,True,kiss_icp_odometry,,,,,,,,,,,,,,,,,,,,,160793,,,,,,,,,,,,,,,,,,
optimized_backend,,,,,,,,,,,,,,,,,,,,,,,,,,,,,,,,,,,66,77,12,,,,pose_graph,True
front_end,,True,kiss_icp_odometry,,,,,,,,,,,,,,,,,,,,,160805,,,,,,,,,,,,,,,,,,
front_end,,True,kiss_icp_odometry,,,,,,,,,,,,,,,,,,,,,160813,,,,,,,,,,,,,,,,,,
front_end,,True,kiss_icp_odometry,,,,,,,,,,,,,,,,,,,,,160874,,,,,,,,,,,,,,,,,,
front_end,,True,kiss_icp_odometry,,,,,,,,,,,,,,,,,,,,,160897,,,,,,,,,,,,,,,,,,
front_end,,True,kiss_icp_odometry,,,,,,,,,,,,,,,,,,,,,160920,,,,,,,,,,,,,,,,,,
front_end,,True,kiss_icp_odometry,,,,,,,,,,,,,,,,,,,,,160945,,,,,,,,,,,,,,,,,,
front_end,,True,kiss_icp_odometry,,,,,,,,,,,,,,,,,,,,,160959,,,,,,,,,,,,,,,,,,
front_end,,True,kiss_icp_odometry,,,,,,,,,,,,,,,,,,,,,160969,,,,,,,,,,,,,,,,,,
front_end,,True,kiss_icp_odometry,,,,,,,,,,,,,,,,,,,,,160989,,,,,,,,,,,,,,,,,,
front_end,,True,kiss_icp_odometry,,,,,,,,,,,,,,,,,,,,,161002,,,,,,,,,,,,,,,,,,
front_end,,True,kiss_icp_odometry,,,,,,,,,,,,,,,,,,,,,161003,,,,,,,,,,,,,,,,,,
front_end,,True,kiss_icp_odometry,,,,,,,,,,,,,,,,,,,,,161014,,,,,,,,,,,,,,,,,,
front_end,,True,kiss_icp_odometry,,,,,,,,,,,,,,,,,,,,,161021,,,,,,,,,,,,,,,,,,
front_end,,True,kiss_icp_odometry,,,,,,,,,,,,,,,,,,,,,161031,,,,,,,,,,,,,,,,,,
front_end,,True,kiss_icp_odometry,,,,,,,,,,,,,,,,,,,,,161047,,,,,,,,,,,,,,,,,,
front_end,,True,kiss_icp_odometry,,,,,,,,,,,,,,,,,,,,,161059,,,,,,,,,,,,,,,,,,
front_end,,True,kiss_icp_odometry,,,,,,,,,,,,,,,,,,,,,161066,,,,,,,,,,,,,,,,,,
front_end,,True,kiss_icp_odometry,,,,,,,,,,,,,,,,,,,,,161073,,,,,,,,,,,,,,,,,,
front_end,,True,kiss_icp_odometry,,,,,,,,,,,,,,,,,,,,,161116,,,,,,,,,,,,,,,,,,
front_end,,True,kiss_icp_odometry,,,,,,,,,,,,,,,,,,,,,161123,,,,,,,,,,,,,,,,,,
optimized_backend,,,,,,,,,,,,,,,,,,,,,,,,,,,,,,,,,,,67,79,13,,,,pose_graph,True
front_end,,True,kiss_icp_odometry,,,,,,,,,,,,,,,,,,,,,161138,,,,,,,,,,,,,,,,,,
front_end,,True,kiss_icp_odometry,,,,,,,,,,,,,,,,,,,,,161186,,,,,,,,,,,,,,,,,,
front_end,,True,kiss_icp_odometry,,,,,,,,,,,,,,,,,,,,,161208,,,,,,,,,,,,,,,,,,
front_end,,True,kiss_icp_odometry,,,,,,,,,,,,,,,,,,,,,161215,,,,,,,,,,,,,,,,,,
front_end,,True,kiss_icp_odometry,,,,,,,,,,,,,,,,,,,,,161247,,,,,,,,,,,,,,,,,,
front_end,,True,kiss_icp_odometry,,,,,,,,,,,,,,,,,,,,,161253,,,,,,,,,,,,,,,,,,
front_end,,True,kiss_icp_odometry,,,,,,,,,,,,,,,,,,,,,161258,,,,,,,,,,,,,,,,,,
front_end,,True,kiss_icp_odometry,,,,,,,,,,,,,,,,,,,,,161264,,,,,,,,,,,,,,,,,,
front_end,,True,kiss_icp_odometry,,,,,,,,,,,,,,,,,,,,,161272,,,,,,,,,,,,,,,,,,
front_end,,True,kiss_icp_odometry,,,,,,,,,,,,,,,,,,,,,161281,,,,,,,,,,,,,,,,,,
front_end,,True,kiss_icp_odometry,,,,,,,,,,,,,,,,,,,,,161289,,,,,,,,,,,,,,,,,,
front_end,,True,kiss_icp_odometry,,,,,,,,,,,,,,,,,,,,,161295,,,,,,,,,,,,,,,,,,
front_end,,True,kiss_icp_odometry,,,,,,,,,,,,,,,,,,,,,161303,,,,,,,,,,,,,,,,,,
front_end,,True,kiss_icp_odometry,,,,,,,,,,,,,,,,,,,,,161306,,,,,,,,,,,,,,,,,,
front_end,,True,kiss_icp_odometry,,,,,,,,,,,,,,,,,,,,,161312,,,,,,,,,,,,,,,,,,
front_end,,True,kiss_icp_odometry,,,,,,,,,,,,,,,,,,,,,161317,,,,,,,,,,,,,,,,,,
front_end,,True,kiss_icp_odometry,,,,,,,,,,,,,,,,,,,,,161322,,,,,,,,,,,,,,,,,,
front_end,,True,kiss_icp_odometry,,,,,,,,,,,,,,,,,,,,,161332,,,,,,,,,,,,,,,,,,
front_end,,True,kiss_icp_odometry,,,,,,,,,,,,,,,,,,,,,161336,,,,,,,,,,,,,,,,,,
front_end,,True,kiss_icp_odometry,,,,,,,,,,,,,,,,,,,,,161346,,,,,,,,,,,,,,,,,,
front_end,,True,kiss_icp_odometry,,,,,,,,,,,,,,,,,,,,,161359,,,,,,,,,,,,,,,,,,
front_end,,True,kiss_icp_odometry,,,,,,,,,,,,,,,,,,,,,161373,,,,,,,,,,,,,,,,,,
front_end,,True,kiss_icp_odometry,,,,,,,,,,,,,,,,,,,,,161387,,,,,,,,,,,,,,,,,,
front_end,,True,kiss_icp_odometry,,,,,,,,,,,,,,,,,,,,,161398,,,,,,,,,,,,,,,,,,
front_end,,True,kiss_icp_odometry,,,,,,,,,,,,,,,,,,,,,161410,,,,,,,,,,,,,,,,,,
front_end,,True,kiss_icp_odometry,,,,,,,,,,,,,,,,,,,,,161424,,,,,,,,,,,,,,,,,,
front_end,,True,kiss_icp_odometry,,,,,,,,,,,,,,,,,,,,,161435,,,,,,,,,,,,,,,,,,
front_end,,True,kiss_icp_odometry,,,,,,,,,,,,,,,,,,,,,161452,,,,,,,,,,,,,,,,,,
front_end,,True,kiss_icp_odometry,,,,,,,,,,,,,,,,,,,,,161466,,,,,,,,,,,,,,,,,,
front_end,,True,kiss_icp_odometry,,,,,,,,,,,,,,,,,,,,,161491,,,,,,,,,,,,,,,,,,
front_end,,True,kiss_icp_odometry,,,,,,,,,,,,,,,,,,,,,161518,,,,,,,,,,,,,,,,,,
front_end,,True,kiss_icp_odometry,,,,,,,,,,,,,,,,,,,,,161543,,,,,,,,,,,,,,,,,,
front_end,,True,kiss_icp_odometry,,,,,,,,,,,,,,,,,,,,,161565,,,,,,,,,,,,,,,,,,
front_end,,True,kiss_icp_odometry,,,,,,,,,,,,,,,,,,,,,161583,,,,,,,,,,,,,,,,,,
front_end,,True,kiss_icp_odometry,,,,,,,,,,,,,,,,,,,,,161624,,,,,,,,,,,,,,,,,,
front_end,,True,kiss_icp_odometry,,,,,,,,,,,,,,,,,,,,,161664,,,,,,,,,,,,,,,,,,
front_end,,True,kiss_icp_odometry,,,,,,,,,,,,,,,,,,,,,161690,,,,,,,,,,,,,,,,,,
front_end,,True,kiss_icp_odometry,,,,,,,,,,,,,,,,,,,,,161721,,,,,,,,,,,,,,,,,,
front_end,,True,kiss_icp_odometry,,,,,,,,,,,,,,,,,,,,,161753,,,,,,,,,,,,,,,,,,
front_end,,True,kiss_icp_odometry,,,,,,,,,,,,,,,,,,,,,161782,,,,,,,,,,,,,,,,,,
front_end,,True,kiss_icp_odometry,,,,,,,,,,,,,,,,,,,,,161821,,,,,,,,,,,,,,,,,,
front_end,,True,kiss_icp_odometry,,,,,,,,,,,,,,,,,,,,,161863,,,,,,,,,,,,,,,,,,
front_end,,True,kiss_icp_odometry,,,,,,,,,,,,,,,,,,,,,161892,,,,,,,,,,,,,,,,,,
front_end,,True,kiss_icp_odometry,,,,,,,,,,,,,,,,,,,,,161927,,,,,,,,,,,,,,,,,,
front_end,,True,kiss_icp_odometry,,,,,,,,,,,,,,,,,,,,,162004,,,,,,,,,,,,,,,,,,
front_end,,True,kiss_icp_odometry,,,,,,,,,,,,,,,,,,,,,162045,,,,,,,,,,,,,,,,,,
front_end,,True,kiss_icp_odometry,,,,,,,,,,,,,,,,,,,,,162091,,,,,,,,,,,,,,,,,,
front_end,,True,kiss_icp_odometry,,,,,,,,,,,,,,,,,,,,,162133,,,,,,,,,,,,,,,,,,
front_end,,True,kiss_icp_odometry,,,,,,,,,,,,,,,,,,,,,162184,,,,,,,,,,,,,,,,,,
front_end,,True,kiss_icp_odometry,,,,,,,,,,,,,,,,,,,,,162253,,,,,,,,,,,,,,,,,,
front_end,,True,kiss_icp_odometry,,,,,,,,,,,,,,,,,,,,,162304,,,,,,,,,,,,,,,,,,
front_end,,True,kiss_icp_odometry,,,,,,,,,,,,,,,,,,,,,162364,,,,,,,,,,,,,,,,,,
optimized_backend,,,,,,,,,,,,,,,,,,,,,,,,,,,,,,,,,,,68,81,14,,,,pose_graph,True
front_end,,True,kiss_icp_odometry,,,,,,,,,,,,,,,,,,,,,162477,,,,,,,,,,,,,,,,,,
front_end,,True,kiss_icp_odometry,,,,,,,,,,,,,,,,,,,,,162561,,,,,,,,,,,,,,,,,,
front_end,,True,kiss_icp_odometry,,,,,,,,,,,,,,,,,,,,,162625,,,,,,,,,,,,,,,,,,
front_end,,True,kiss_icp_odometry,,,,,,,,,,,,,,,,,,,,,162677,,,,,,,,,,,,,,,,,,
front_end,,True,kiss_icp_odometry,,,,,,,,,,,,,,,,,,,,,162742,,,,,,,,,,,,,,,,,,
front_end,,True,kiss_icp_odometry,,,,,,,,,,,,,,,,,,,,,162839,,,,,,,,,,,,,,,,,,
front_end,,True,kiss_icp_odometry,,,,,,,,,,,,,,,,,,,,,162938,,,,,,,,,,,,,,,,,,
front_end,,True,kiss_icp_odometry,,,,,,,,,,,,,,,,,,,,,163035,,,,,,,,,,,,,,,,,,
front_end,,True,kiss_icp_odometry,,,,,,,,,,,,,,,,,,,,,163097,,,,,,,,,,,,,,,,,,
front_end,,True,kiss_icp_odometry,,,,,,,,,,,,,,,,,,,,,163163,,,,,,,,,,,,,,,,,,
front_end,,True,kiss_icp_odometry,,,,,,,,,,,,,,,,,,,,,163223,,,,,,,,,,,,,,,,,,
front_end,,True,kiss_icp_odometry,,,,,,,,,,,,,,,,,,,,,163323,,,,,,,,,,,,,,,,,,
front_end,,True,kiss_icp_odometry,,,,,,,,,,,,,,,,,,,,,163380,,,,,,,,,,,,,,,,,,
front_end,,True,kiss_icp_odometry,,,,,,,,,,,,,,,,,,,,,163441,,,,,,,,,,,,,,,,,,
front_end,,True,kiss_icp_odometry,,,,,,,,,,,,,,,,,,,,,163501,,,,,,,,,,,,,,,,,,
front_end,,True,kiss_icp_odometry,,,,,,,,,,,,,,,,,,,,,163576,,,,,,,,,,,,,,,,,,
front_end,,True,kiss_icp_odometry,,,,,,,,,,,,,,,,,,,,,163637,,,,,,,,,,,,,,,,,,
front_end,,True,kiss_icp_odometry,,,,,,,,,,,,,,,,,,,,,163753,,,,,,,,,,,,,,,,,,
optimized_backend,,,,,,,,,,,,,,,,,,,,,,,,,,,,,,,,,,,69,83,15,,,,pose_graph,True
front_end,,True,kiss_icp_odometry,,,,,,,,,,,,,,,,,,,,,163804,,,,,,,,,,,,,,,,,,
front_end,,True,kiss_icp_odometry,,,,,,,,,,,,,,,,,,,,,163861,,,,,,,,,,,,,,,,,,
front_end,,True,kiss_icp_odometry,,,,,,,,,,,,,,,,,,,,,163947,,,,,,,,,,,,,,,,,,
front_end,,True,kiss_icp_odometry,,,,,,,,,,,,,,,,,,,,,164037,,,,,,,,,,,,,,,,,,
front_end,,True,kiss_icp_odometry,,,,,,,,,,,,,,,,,,,,,164133,,,,,,,,,,,,,,,,,,
front_end,,True,kiss_icp_odometry,,,,,,,,,,,,,,,,,,,,,164209,,,,,,,,,,,,,,,,,,
front_end,,True,kiss_icp_odometry,,,,,,,,,,,,,,,,,,,,,164292,,,,,,,,,,,,,,,,,,
front_end,,True,kiss_icp_odometry,,,,,,,,,,,,,,,,,,,,,164397,,,,,,,,,,,,,,,,,,
front_end,,True,kiss_icp_odometry,,,,,,,,,,,,,,,,,,,,,164504,,,,,,,,,,,,,,,,,,
front_end,,True,kiss_icp_odometry,,,,,,,,,,,,,,,,,,,,,164569,,,,,,,,,,,,,,,,,,
front_end,,True,kiss_icp_odometry,,,,,,,,,,,,,,,,,,,,,164617,,,,,,,,,,,,,,,,,,
front_end,,True,kiss_icp_odometry,,,,,,,,,,,,,,,,,,,,,164666,,,,,,,,,,,,,,,,,,
front_end,,True,kiss_icp_odometry,,,,,,,,,,,,,,,,,,,,,164715,,,,,,,,,,,,,,,,,,
front_end,,True,kiss_icp_odometry,,,,,,,,,,,,,,,,,,,,,164769,,,,,,,,,,,,,,,,,,
front_end,,True,kiss_icp_odometry,,,,,,,,,,,,,,,,,,,,,164831,,,,,,,,,,,,,,,,,,
front_end,,True,kiss_icp_odometry,,,,,,,,,,,,,,,,,,,,,164887,,,,,,,,,,,,,,,,,,
optimized_backend,,,,,,,,,,,,,,,,,,,,,,,,,,,,,,,,,,,70,85,16,,,,pose_graph,True
front_end,,True,kiss_icp_odometry,,,,,,,,,,,,,,,,,,,,,165003,,,,,,,,,,,,,,,,,,
front_end,,True,kiss_icp_odometry,,,,,,,,,,,,,,,,,,,,,165078,,,,,,,,,,,,,,,,,,
front_end,,True,kiss_icp_odometry,,,,,,,,,,,,,,,,,,,,,165128,,,,,,,,,,,,,,,,,,
front_end,,True,kiss_icp_odometry,,,,,,,,,,,,,,,,,,,,,165164,,,,,,,,,,,,,,,,,,
front_end,,True,kiss_icp_odometry,,,,,,,,,,,,,,,,,,,,,165217,,,,,,,,,,,,,,,,,,
front_end,,True,kiss_icp_odometry,,,,,,,,,,,,,,,,,,,,,165260,,,,,,,,,,,,,,,,,,
front_end,,True,kiss_icp_odometry,,,,,,,,,,,,,,,,,,,,,165336,,,,,,,,,,,,,,,,,,
front_end,,True,kiss_icp_odometry,,,,,,,,,,,,,,,,,,,,,165405,,,,,,,,,,,,,,,,,,
front_end,,True,kiss_icp_odometry,,,,,,,,,,,,,,,,,,,,,165489,,,,,,,,,,,,,,,,,,
front_end,,True,kiss_icp_odometry,,,,,,,,,,,,,,,,,,,,,165583,,,,,,,,,,,,,,,,,,
front_end,,True,kiss_icp_odometry,,,,,,,,,,,,,,,,,,,,,165635,,,,,,,,,,,,,,,,,,
front_end,,True,kiss_icp_odometry,,,,,,,,,,,,,,,,,,,,,165714,,,,,,,,,,,,,,,,,,
front_end,,True,kiss_icp_odometry,,,,,,,,,,,,,,,,,,,,,165766,,,,,,,,,,,,,,,,,,
front_end,,True,kiss_icp_odometry,,,,,,,,,,,,,,,,,,,,,165805,,,,,,,,,,,,,,,,,,
front_end,,True,kiss_icp_odometry,,,,,,,,,,,,,,,,,,,,,165869,,,,,,,,,,,,,,,,,,
front_end,,True,kiss_icp_odometry,,,,,,,,,,,,,,,,,,,,,165926,,,,,,,,,,,,,,,,,,
front_end,,True,kiss_icp_odometry,,,,,,,,,,,,,,,,,,,,,166026,,,,,,,,,,,,,,,,,,
optimized_backend,,,,,,,,,,,,,,,,,,,,,,,,,,,,,,,,,,,71,87,17,,,,pose_graph,True
front_end,,True,kiss_icp_odometry,,,,,,,,,,,,,,,,,,,,,166087,,,,,,,,,,,,,,,,,,
front_end,,True,kiss_icp_odometry,,,,,,,,,,,,,,,,,,,,,166168,,,,,,,,,,,,,,,,,,
front_end,,True,kiss_icp_odometry,,,,,,,,,,,,,,,,,,,,,166265,,,,,,,,,,,,,,,,,,
front_end,,True,kiss_icp_odometry,,,,,,,,,,,,,,,,,,,,,166338,,,,,,,,,,,,,,,,,,
front_end,,True,kiss_icp_odometry,,,,,,,,,,,,,,,,,,,,,166425,,,,,,,,,,,,,,,,,,
front_end,,True,kiss_icp_odometry,,,,,,,,,,,,,,,,,,,,,166499,,,,,,,,,,,,,,,,,,
front_end,,True,kiss_icp_odometry,,,,,,,,,,,,,,,,,,,,,166560,,,,,,,,,,,,,,,,,,
front_end,,True,kiss_icp_odometry,,,,,,,,,,,,,,,,,,,,,166676,,,,,,,,,,,,,,,,,,
front_end,,True,kiss_icp_odometry,,,,,,,,,,,,,,,,,,,,,166758,,,,,,,,,,,,,,,,,,
front_end,,True,kiss_icp_odometry,,,,,,,,,,,,,,,,,,,,,166809,,,,,,,,,,,,,,,,,,
front_end,,True,kiss_icp_odometry,,,,,,,,,,,,,,,,,,,,,166871,,,,,,,,,,,,,,,,,,
front_end,,True,kiss_icp_odometry,,,,,,,,,,,,,,,,,,,,,166947,,,,,,,,,,,,,,,,,,
front_end,,True,kiss_icp_odometry,,,,,,,,,,,,,,,,,,,,,167005,,,,,,,,,,,,,,,,,,
front_end,,True,kiss_icp_odometry,,,,,,,,,,,,,,,,,,,,,167041,,,,,,,,,,,,,,,,,,
front_end,,True,kiss_icp_odometry,,,,,,,,,,,,,,,,,,,,,167074,,,,,,,,,,,,,,,,,,
front_end,,True,kiss_icp_odometry,,,,,,,,,,,,,,,,,,,,,167104,,,,,,,,,,,,,,,,,,
front_end,,True,kiss_icp_odometry,,,,,,,,,,,,,,,,,,,,,167134,,,,,,,,,,,,,,,,,,
front_end,,True,kiss_icp_odometry,,,,,,,,,,,,,,,,,,,,,167163,,,,,,,,,,,,,,,,,,
front_end,,True,kiss_icp_odometry,,,,,,,,,,,,,,,,,,,,,167190,,,,,,,,,,,,,,,,,,
front_end,,True,kiss_icp_odometry,,,,,,,,,,,,,,,,,,,,,167212,,,,,,,,,,,,,,,,,,
front_end,,True,kiss_icp_odometry,,,,,,,,,,,,,,,,,,,,,167245,,,,,,,,,,,,,,,,,,
front_end,,True,kiss_icp_odometry,,,,,,,,,,,,,,,,,,,,,167283,,,,,,,,,,,,,,,,,,
front_end,,True,kiss_icp_odometry,,,,,,,,,,,,,,,,,,,,,167377,,,,,,,,,,,,,,,,,,
front_end,,True,kiss_icp_odometry,,,,,,,,,,,,,,,,,,,,,167436,,,,,,,,,,,,,,,,,,
front_end,,True,kiss_icp_odometry,,,,,,,,,,,,,,,,,,,,,167497,,,,,,,,,,,,,,,,,,
front_end,,True,kiss_icp_odometry,,,,,,,,,,,,,,,,,,,,,167515,,,,,,,,,,,,,,,,,,
optimized_backend,,,,,,,,,,,,,,,,,,,,,,,,,,,,,,,,,,,72,89,18,,,,pose_graph,True
front_end,,True,kiss_icp_odometry,,,,,,,,,,,,,,,,,,,,,167577,,,,,,,,,,,,,,,,,,
front_end,,True,kiss_icp_odometry,,,,,,,,,,,,,,,,,,,,,167589,,,,,,,,,,,,,,,,,,
front_end,,True,kiss_icp_odometry,,,,,,,,,,,,,,,,,,,,,167601,,,,,,,,,,,,,,,,,,
front_end,,True,kiss_icp_odometry,,,,,,,,,,,,,,,,,,,,,167609,,,,,,,,,,,,,,,,,,
front_end,,True,kiss_icp_odometry,,,,,,,,,,,,,,,,,,,,,167632,,,,,,,,,,,,,,,,,,
front_end,,True,kiss_icp_odometry,,,,,,,,,,,,,,,,,,,,,167649,,,,,,,,,,,,,,,,,,
front_end,,True,kiss_icp_odometry,,,,,,,,,,,,,,,,,,,,,167664,,,,,,,,,,,,,,,,,,
front_end,,True,kiss_icp_odometry,,,,,,,,,,,,,,,,,,,,,167685,,,,,,,,,,,,,,,,,,
front_end,,True,kiss_icp_odometry,,,,,,,,,,,,,,,,,,,,,167691,,,,,,,,,,,,,,,,,,
front_end,,True,kiss_icp_odometry,,,,,,,,,,,,,,,,,,,,,167700,,,,,,,,,,,,,,,,,,
front_end,,True,kiss_icp_odometry,,,,,,,,,,,,,,,,,,,,,167712,,,,,,,,,,,,,,,,,,
optimized_backend,,,,,,,,,,,,,,,,,,,,,,,,,,,,,,,,,,,73,91,19,,,,pose_graph,True
front_end,,True,kiss_icp_odometry,,,,,,,,,,,,,,,,,,,,,167722,,,,,,,,,,,,,,,,,,
front_end,,True,kiss_icp_odometry,,,,,,,,,,,,,,,,,,,,,167731,,,,,,,,,,,,,,,,,,
front_end,,True,kiss_icp_odometry,,,,,,,,,,,,,,,,,,,,,167746,,,,,,,,,,,,,,,,,,
front_end,,True,kiss_icp_odometry,,,,,,,,,,,,,,,,,,,,,167754,,,,,,,,,,,,,,,,,,
front_end,,True,kiss_icp_odometry,,,,,,,,,,,,,,,,,,,,,167764,,,,,,,,,,,,,,,,,,
front_end,,True,kiss_icp_odometry,,,,,,,,,,,,,,,,,,,,,167773,,,,,,,,,,,,,,,,,,
front_end,,True,kiss_icp_odometry,,,,,,,,,,,,,,,,,,,,,167780,,,,,,,,,,,,,,,,,,
front_end,,True,kiss_icp_odometry,,,,,,,,,,,,,,,,,,,,,167802,,,,,,,,,,,,,,,,,,
front_end,,True,kiss_icp_odometry,,,,,,,,,,,,,,,,,,,,,167815,,,,,,,,,,,,,,,,,,
front_end,,True,kiss_icp_odometry,,,,,,,,,,,,,,,,,,,,,167827,,,,,,,,,,,,,,,,,,
front_end,,True,kiss_icp_odometry,,,,,,,,,,,,,,,,,,,,,167838,,,,,,,,,,,,,,,,,,
front_end,,True,kiss_icp_odometry,,,,,,,,,,,,,,,,,,,,,167848,,,,,,,,,,,,,,,,,,
front_end,,True,kiss_icp_odometry,,,,,,,,,,,,,,,,,,,,,167860,,,,,,,,,,,,,,,,,,
front_end,,True,kiss_icp_odometry,,,,,,,,,,,,,,,,,,,,,167868,,,,,,,,,,,,,,,,,,
front_end,,True,kiss_icp_odometry,,,,,,,,,,,,,,,,,,,,,167880,,,,,,,,,,,,,,,,,,
front_end,,True,kiss_icp_odometry,,,,,,,,,,,,,,,,,,,,,167886,,,,,,,,,,,,,,,,,,
front_end,,True,kiss_icp_odometry,,,,,,,,,,,,,,,,,,,,,167888,,,,,,,,,,,,,,,,,,
front_end,,True,kiss_icp_odometry,,,,,,,,,,,,,,,,,,,,,167902,,,,,,,,,,,,,,,,,,
front_end,,True,kiss_icp_odometry,,,,,,,,,,,,,,,,,,,,,167908,,,,,,,,,,,,,,,,,,
front_end,,True,kiss_icp_odometry,,,,,,,,,,,,,,,,,,,,,167911,,,,,,,,,,,,,,,,,,
front_end,,True,kiss_icp_odometry,,,,,,,,,,,,,,,,,,,,,167918,,,,,,,,,,,,,,,,,,
front_end,,True,kiss_icp_odometry,,,,,,,,,,,,,,,,,,,,,167921,,,,,,,,,,,,,,,,,,
front_end,,True,kiss_icp_odometry,,,,,,,,,,,,,,,,,,,,,167926,,,,,,,,,,,,,,,,,,
front_end,,True,kiss_icp_odometry,,,,,,,,,,,,,,,,,,,,,167928,,,,,,,,,,,,,,,,,,
front_end,,True,kiss_icp_odometry,,,,,,,,,,,,,,,,,,,,,167931,,,,,,,,,,,,,,,,,,
front_end,,True,kiss_icp_odometry,,,,,,,,,,,,,,,,,,,,,167934,,,,,,,,,,,,,,,,,,
front_end,,True,kiss_icp_odometry,,,,,,,,,,,,,,,,,,,,,167940,,,,,,,,,,,,,,,,,,
front_end,,True,kiss_icp_odometry,,,,,,,,,,,,,,,,,,,,,167944,,,,,,,,,,,,,,,,,,
front_end,,True,kiss_icp_odometry,,,,,,,,,,,,,,,,,,,,,167960,,,,,,,,,,,,,,,,,,
front_end,,True,kiss_icp_odometry,,,,,,,,,,,,,,,,,,,,,167964,,,,,,,,,,,,,,,,,,
front_end,,True,kiss_icp_odometry,,,,,,,,,,,,,,,,,,,,,168016,,,,,,,,,,,,,,,,,,
front_end,,True,kiss_icp_odometry,,,,,,,,,,,,,,,,,,,,,168025,,,,,,,,,,,,,,,,,,
front_end,,True,kiss_icp_odometry,,,,,,,,,,,,,,,,,,,,,168031,,,,,,,,,,,,,,,,,,
front_end,,True,kiss_icp_odometry,,,,,,,,,,,,,,,,,,,,,168060,,,,,,,,,,,,,,,,,,
front_end,,True,kiss_icp_odometry,,,,,,,,,,,,,,,,,,,,,168063,,,,,,,,,,,,,,,,,,
front_end,,True,kiss_icp_odometry,,,,,,,,,,,,,,,,,,,,,168075,,,,,,,,,,,,,,,,,,
front_end,,True,kiss_icp_odometry,,,,,,,,,,,,,,,,,,,,,168091,,,,,,,,,,,,,,,,,,
front_end,,True,kiss_icp_odometry,,,,,,,,,,,,,,,,,,,,,168096,,,,,,,,,,,,,,,,,,
front_end,,True,kiss_icp_odometry,,,,,,,,,,,,,,,,,,,,,168101,,,,,,,,,,,,,,,,,,
front_end,,True,kiss_icp_odometry,,,,,,,,,,,,,,,,,,,,,168254,,,,,,,,,,,,,,,,,,
front_end,,True,kiss_icp_odometry,,,,,,,,,,,,,,,,,,,,,168268,,,,,,,,,,,,,,,,,,
front_end,,True,kiss_icp_odometry,,,,,,,,,,,,,,,,,,,,,168280,,,,,,,,,,,,,,,,,,
front_end,,True,kiss_icp_odometry,,,,,,,,,,,,,,,,,,,,,168375,,,,,,,,,,,,,,,,,,
front_end,,True,kiss_icp_odometry,,,,,,,,,,,,,,,,,,,,,168405,,,,,,,,,,,,,,,,,,
front_end,,True,kiss_icp_odometry,,,,,,,,,,,,,,,,,,,,,168431,,,,,,,,,,,,,,,,,,
front_end,,True,kiss_icp_odometry,,,,,,,,,,,,,,,,,,,,,168436,,,,,,,,,,,,,,,,,,
front_end,,True,kiss_icp_odometry,,,,,,,,,,,,,,,,,,,,,168441,,,,,,,,,,,,,,,,,,
front_end,,True,kiss_icp_odometry,,,,,,,,,,,,,,,,,,,,,168451,,,,,,,,,,,,,,,,,,
front_end,,True,kiss_icp_odometry,,,,,,,,,,,,,,,,,,,,,168460,,,,,,,,,,,,,,,,,,
front_end,,True,kiss_icp_odometry,,,,,,,,,,,,,,,,,,,,,168463,,,,,,,,,,,,,,,,,,
front_end,,True,kiss_icp_odometry,,,,,,,,,,,,,,,,,,,,,168472,,,,,,,,,,,,,,,,,,
front_end,,True,kiss_icp_odometry,,,,,,,,,,,,,,,,,,,,,168487,,,,,,,,,,,,,,,,,,
front_end,,True,kiss_icp_odometry,,,,,,,,,,,,,,,,,,,,,168490,,,,,,,,,,,,,,,,,,
front_end,,True,kiss_icp_odometry,,,,,,,,,,,,,,,,,,,,,168538,,,,,,,,,,,,,,,,,,
front_end,,True,kiss_icp_odometry,,,,,,,,,,,,,,,,,,,,,168565,,,,,,,,,,,,,,,,,,
front_end,,True,kiss_icp_odometry,,,,,,,,,,,,,,,,,,,,,168578,,,,,,,,,,,,,,,,,,
front_end,,True,kiss_icp_odometry,,,,,,,,,,,,,,,,,,,,,168644,,,,,,,,,,,,,,,,,,
front_end,,True,kiss_icp_odometry,,,,,,,,,,,,,,,,,,,,,168665,,,,,,,,,,,,,,,,,,
front_end,,True,kiss_icp_odometry,,,,,,,,,,,,,,,,,,,,,168697,,,,,,,,,,,,,,,,,,
front_end,,True,kiss_icp_odometry,,,,,,,,,,,,,,,,,,,,,168719,,,,,,,,,,,,,,,,,,
front_end,,True,kiss_icp_odometry,,,,,,,,,,,,,,,,,,,,,168745,,,,,,,,,,,,,,,,,,
front_end,,True,kiss_icp_odometry,,,,,,,,,,,,,,,,,,,,,168785,,,,,,,,,,,,,,,,,,
front_end,,True,kiss_icp_odometry,,,,,,,,,,,,,,,,,,,,,168842,,,,,,,,,,,,,,,,,,
front_end,,True,kiss_icp_odometry,,,,,,,,,,,,,,,,,,,,,168881,,,,,,,,,,,,,,,,,,
front_end,,True,kiss_icp_odometry,,,,,,,,,,,,,,,,,,,,,168930,,,,,,,,,,,,,,,,,,
front_end,,True,kiss_icp_odometry,,,,,,,,,,,,,,,,,,,,,168979,,,,,,,,,,,,,,,,,,
front_end,,True,kiss_icp_odometry,,,,,,,,,,,,,,,,,,,,,169031,,,,,,,,,,,,,,,,,,
front_end,,True,kiss_icp_odometry,,,,,,,,,,,,,,,,,,,,,169087,,,,,,,,,,,,,,,,,,
front_end,,True,kiss_icp_odometry,,,,,,,,,,,,,,,,,,,,,169126,,,,,,,,,,,,,,,,,,
front_end,,True,kiss_icp_odometry,,,,,,,,,,,,,,,,,,,,,169160,,,,,,,,,,,,,,,,,,
front_end,,True,kiss_icp_odometry,,,,,,,,,,,,,,,,,,,,,169205,,,,,,,,,,,,,,,,,,
front_end,,True,kiss_icp_odometry,,,,,,,,,,,,,,,,,,,,,169255,,,,,,,,,,,,,,,,,,
front_end,,True,kiss_icp_odometry,,,,,,,,,,,,,,,,,,,,,169304,,,,,,,,,,,,,,,,,,
front_end,,True,kiss_icp_odometry,,,,,,,,,,,,,,,,,,,,,169363,,,,,,,,,,,,,,,,,,
front_end,,True,kiss_icp_odometry,,,,,,,,,,,,,,,,,,,,,169529,,,,,,,,,,,,,,,,,,
front_end,,True,kiss_icp_odometry,,,,,,,,,,,,,,,,,,,,,169572,,,,,,,,,,,,,,,,,,
front_end,,True,kiss_icp_odometry,,,,,,,,,,,,,,,,,,,,,169642,,,,,,,,,,,,,,,,,,
front_end,,True,kiss_icp_odometry,,,,,,,,,,,,,,,,,,,,,169712,,,,,,,,,,,,,,,,,,
front_end,,True,kiss_icp_odometry,,,,,,,,,,,,,,,,,,,,,169770,,,,,,,,,,,,,,,,,,
optimized_backend,,,,,,,,,,,,,,,,,,,,,,,,,,,,,,,,,,,74,93,20,,,,pose_graph,True
front_end,,True,kiss_icp_odometry,,,,,,,,,,,,,,,,,,,,,169832,,,,,,,,,,,,,,,,,,
front_end,,True,kiss_icp_odometry,,,,,,,,,,,,,,,,,,,,,169920,,,,,,,,,,,,,,,,,,
front_end,,True,kiss_icp_odometry,,,,,,,,,,,,,,,,,,,,,169974,,,,,,,,,,,,,,,,,,
front_end,,True,kiss_icp_odometry,,,,,,,,,,,,,,,,,,,,,170022,,,,,,,,,,,,,,,,,,
front_end,,True,kiss_icp_odometry,,,,,,,,,,,,,,,,,,,,,170242,,,,,,,,,,,,,,,,,,
front_end,,True,kiss_icp_odometry,,,,,,,,,,,,,,,,,,,,,170370,,,,,,,,,,,,,,,,,,
front_end,,True,kiss_icp_odometry,,,,,,,,,,,,,,,,,,,,,170625,,,,,,,,,,,,,,,,,,
front_end,,True,kiss_icp_odometry,,,,,,,,,,,,,,,,,,,,,170625,,,,,,,,,,,,,,,,,,
front_end,,True,kiss_icp_odometry,,,,,,,,,,,,,,,,,,,,,170721,,,,,,,,,,,,,,,,,,
front_end,,True,kiss_icp_odometry,,,,,,,,,,,,,,,,,,,,,170811,,,,,,,,,,,,,,,,,,
front_end,,True,kiss_icp_odometry,,,,,,,,,,,,,,,,,,,,,170940,,,,,,,,,,,,,,,,,,
front_end,,True,kiss_icp_odometry,,,,,,,,,,,,,,,,,,,,,171033,,,,,,,,,,,,,,,,,,
front_end,,True,kiss_icp_odometry,,,,,,,,,,,,,,,,,,,,,171106,,,,,,,,,,,,,,,,,,
front_end,,True,kiss_icp_odometry,,,,,,,,,,,,,,,,,,,,,171163,,,,,,,,,,,,,,,,,,
front_end,,True,kiss_icp_odometry,,,,,,,,,,,,,,,,,,,,,171216,,,,,,,,,,,,,,,,,,
front_end,,True,kiss_icp_odometry,,,,,,,,,,,,,,,,,,,,,171257,,,,,,,,,,,,,,,,,,
front_end,,True,kiss_icp_odometry,,,,,,,,,,,,,,,,,,,,,171295,,,,,,,,,,,,,,,,,,
optimized_backend,,,,,,,,,,,,,,,,,,,,,,,,,,,,,,,,,,,75,95,21,,,,pose_graph,True
front_end,,True,kiss_icp_odometry,,,,,,,,,,,,,,,,,,,,,171341,,,,,,,,,,,,,,,,,,
front_end,,True,kiss_icp_odometry,,,,,,,,,,,,,,,,,,,,,171371,,,,,,,,,,,,,,,,,,
front_end,,True,kiss_icp_odometry,,,,,,,,,,,,,,,,,,,,,171403,,,,,,,,,,,,,,,,,,
front_end,,True,kiss_icp_odometry,,,,,,,,,,,,,,,,,,,,,171436,,,,,,,,,,,,,,,,,,
front_end,,True,kiss_icp_odometry,,,,,,,,,,,,,,,,,,,,,171496,,,,,,,,,,,,,,,,,,
front_end,,True,kiss_icp_odometry,,,,,,,,,,,,,,,,,,,,,171540,,,,,,,,,,,,,,,,,,
front_end,,True,kiss_icp_odometry,,,,,,,,,,,,,,,,,,,,,171602,,,,,,,,,,,,,,,,,,
front_end,,True,kiss_icp_odometry,,,,,,,,,,,,,,,,,,,,,171621,,,,,,,,,,,,,,,,,,
front_end,,True,kiss_icp_odometry,,,,,,,,,,,,,,,,,,,,,171656,,,,,,,,,,,,,,,,,,
front_end,,True,kiss_icp_odometry,,,,,,,,,,,,,,,,,,,,,171685,,,,,,,,,,,,,,,,,,
front_end,,True,kiss_icp_odometry,,,,,,,,,,,,,,,,,,,,,171750,,,,,,,,,,,,,,,,,,
front_end,,True,kiss_icp_odometry,,,,,,,,,,,,,,,,,,,,,171773,,,,,,,,,,,,,,,,,,
front_end,,True,kiss_icp_odometry,,,,,,,,,,,,,,,,,,,,,171797,,,,,,,,,,,,,,,,,,
front_end,,True,kiss_icp_odometry,,,,,,,,,,,,,,,,,,,,,171860,,,,,,,,,,,,,,,,,,
front_end,,True,kiss_icp_odometry,,,,,,,,,,,,,,,,,,,,,171935,,,,,,,,,,,,,,,,,,
front_end,,True,kiss_icp_odometry,,,,,,,,,,,,,,,,,,,,,171953,,,,,,,,,,,,,,,,,,
front_end,,True,kiss_icp_odometry,,,,,,,,,,,,,,,,,,,,,171985,,,,,,,,,,,,,,,,,,
front_end,,True,kiss_icp_odometry,,,,,,,,,,,,,,,,,,,,,172030,,,,,,,,,,,,,,,,,,
front_end,,True,kiss_icp_odometry,,,,,,,,,,,,,,,,,,,,,172049,,,,,,,,,,,,,,,,,,
front_end,,True,kiss_icp_odometry,,,,,,,,,,,,,,,,,,,,,172069,,,,,,,,,,,,,,,,,,
front_end,,True,kiss_icp_odometry,,,,,,,,,,,,,,,,,,,,,172133,,,,,,,,,,,,,,,,,,
front_end,,True,kiss_icp_odometry,,,,,,,,,,,,,,,,,,,,,172145,,,,,,,,,,,,,,,,,,
front_end,,True,kiss_icp_odometry,,,,,,,,,,,,,,,,,,,,,172163,,,,,,,,,,,,,,,,,,
front_end,,True,kiss_icp_odometry,,,,,,,,,,,,,,,,,,,,,172203,,,,,,,,,,,,,,,,,,
front_end,,True,kiss_icp_odometry,,,,,,,,,,,,,,,,,,,,,172253,,,,,,,,,,,,,,,,,,
front_end,,True,kiss_icp_odometry,,,,,,,,,,,,,,,,,,,,,172271,,,,,,,,,,,,,,,,,,
front_end,,True,kiss_icp_odometry,,,,,,,,,,,,,,,,,,,,,172317,,,,,,,,,,,,,,,,,,
front_end,,True,kiss_icp_odometry,,,,,,,,,,,,,,,,,,,,,172355,,,,,,,,,,,,,,,,,,
optimized_backend,,,,,,,,,,,,,,,,,,,,,,,,,,,,,,,,,,,76,97,22,,,,pose_graph,True
front_end,,True,kiss_icp_odometry,,,,,,,,,,,,,,,,,,,,,172780,,,,,,,,,,,,,,,,,,
front_end,,True,kiss_icp_odometry,,,,,,,,,,,,,,,,,,,,,172816,,,,,,,,,,,,,,,,,,
front_end,,True,kiss_icp_odometry,,,,,,,,,,,,,,,,,,,,,172837,,,,,,,,,,,,,,,,,,
front_end,,True,kiss_icp_odometry,,,,,,,,,,,,,,,,,,,,,172865,,,,,,,,,,,,,,,,,,
front_end,,True,kiss_icp_odometry,,,,,,,,,,,,,,,,,,,,,172885,,,,,,,,,,,,,,,,,,
front_end,,True,kiss_icp_odometry,,,,,,,,,,,,,,,,,,,,,172897,,,,,,,,,,,,,,,,,,
front_end,,True,kiss_icp_odometry,,,,,,,,,,,,,,,,,,,,,172912,,,,,,,,,,,,,,,,,,
front_end,,True,kiss_icp_odometry,,,,,,,,,,,,,,,,,,,,,172926,,,,,,,,,,,,,,,,,,
front_end,,True,kiss_icp_odometry,,,,,,,,,,,,,,,,,,,,,172979,,,,,,,,,,,,,,,,,,
optimized_backend,,,,,,,,,,,,,,,,,,,,,,,,,,,,,,,,,,,77,99,23,,,,pose_graph,True
front_end,,True,kiss_icp_odometry,,,,,,,,,,,,,,,,,,,,,173026,,,,,,,,,,,,,,,,,,
front_end,,True,kiss_icp_odometry,,,,,,,,,,,,,,,,,,,,,173046,,,,,,,,,,,,,,,,,,
front_end,,True,kiss_icp_odometry,,,,,,,,,,,,,,,,,,,,,173061,,,,,,,,,,,,,,,,,,
front_end,,True,kiss_icp_odometry,,,,,,,,,,,,,,,,,,,,,173086,,,,,,,,,,,,,,,,,,
front_end,,True,kiss_icp_odometry,,,,,,,,,,,,,,,,,,,,,173089,,,,,,,,,,,,,,,,,,
front_end,,True,kiss_icp_odometry,,,,,,,,,,,,,,,,,,,,,173095,,,,,,,,,,,,,,,,,,
front_end,,True,kiss_icp_odometry,,,,,,,,,,,,,,,,,,,,,173108,,,,,,,,,,,,,,,,,,
optimized_backend,,,,,,,,,,,,,,,,,,,,,,,,,,,,,,,,,,,78,101,24,,,,pose_graph,True
front_end,,True,kiss_icp_odometry,,,,,,,,,,,,,,,,,,,,,173128,,,,,,,,,,,,,,,,,,
front_end,,True,kiss_icp_odometry,,,,,,,,,,,,,,,,,,,,,173138,,,,,,,,,,,,,,,,,,
front_end,,True,kiss_icp_odometry,,,,,,,,,,,,,,,,,,,,,173147,,,,,,,,,,,,,,,,,,
front_end,,True,kiss_icp_odometry,,,,,,,,,,,,,,,,,,,,,173158,,,,,,,,,,,,,,,,,,
front_end,,True,kiss_icp_odometry,,,,,,,,,,,,,,,,,,,,,173172,,,,,,,,,,,,,,,,,,
front_end,,True,kiss_icp_odometry,,,,,,,,,,,,,,,,,,,,,173183,,,,,,,,,,,,,,,,,,
front_end,,True,kiss_icp_odometry,,,,,,,,,,,,,,,,,,,,,173203,,,,,,,,,,,,,,,,,,
front_end,,True,kiss_icp_odometry,,,,,,,,,,,,,,,,,,,,,173214,,,,,,,,,,,,,,,,,,
optimized_backend,,,,,,,,,,,,,,,,,,,,,,,,,,,,,,,,,,,79,103,25,,,,pose_graph,True
front_end,,True,kiss_icp_odometry,,,,,,,,,,,,,,,,,,,,,173231,,,,,,,,,,,,,,,,,,
front_end,,True,kiss_icp_odometry,,,,,,,,,,,,,,,,,,,,,173239,,,,,,,,,,,,,,,,,,
front_end,,True,kiss_icp_odometry,,,,,,,,,,,,,,,,,,,,,173245,,,,,,,,,,,,,,,,,,
front_end,,True,kiss_icp_odometry,,,,,,,,,,,,,,,,,,,,,173260,,,,,,,,,,,,,,,,,,
front_end,,True,kiss_icp_odometry,,,,,,,,,,,,,,,,,,,,,173267,,,,,,,,,,,,,,,,,,
front_end,,True,kiss_icp_odometry,,,,,,,,,,,,,,,,,,,,,173275,,,,,,,,,,,,,,,,,,
front_end,,True,kiss_icp_odometry,,,,,,,,,,,,,,,,,,,,,173276,,,,,,,,,,,,,,,,,,
front_end,,True,kiss_icp_odometry,,,,,,,,,,,,,,,,,,,,,173283,,,,,,,,,,,,,,,,,,
front_end,,True,kiss_icp_odometry,,,,,,,,,,,,,,,,,,,,,173292,,,,,,,,,,,,,,,,,,
front_end,,True,kiss_icp_odometry,,,,,,,,,,,,,,,,,,,,,173301,,,,,,,,,,,,,,,,,,
optimized_backend,,,,,,,,,,,,,,,,,,,,,,,,,,,,,,,,,,,80,105,26,,,,pose_graph,True
front_end,,True,kiss_icp_odometry,,,,,,,,,,,,,,,,,,,,,173311,,,,,,,,,,,,,,,,,,
front_end,,True,kiss_icp_odometry,,,,,,,,,,,,,,,,,,,,,173323,,,,,,,,,,,,,,,,,,
front_end,,True,kiss_icp_odometry,,,,,,,,,,,,,,,,,,,,,173330,,,,,,,,,,,,,,,,,,
front_end,,True,kiss_icp_odometry,,,,,,,,,,,,,,,,,,,,,173335,,,,,,,,,,,,,,,,,,
front_end,,True,kiss_icp_odometry,,,,,,,,,,,,,,,,,,,,,173341,,,,,,,,,,,,,,,,,,
front_end,,True,kiss_icp_odometry,,,,,,,,,,,,,,,,,,,,,173346,,,,,,,,,,,,,,,,,,
front_end,,True,kiss_icp_odometry,,,,,,,,,,,,,,,,,,,,,173349,,,,,,,,,,,,,,,,,,
front_end,,True,kiss_icp_odometry,,,,,,,,,,,,,,,,,,,,,173357,,,,,,,,,,,,,,,,,,
optimized_backend,,,,,,,,,,,,,,,,,,,,,,,,,,,,,,,,,,,81,107,27,,,,pose_graph,True
front_end,,True,kiss_icp_odometry,,,,,,,,,,,,,,,,,,,,,173358,,,,,,,,,,,,,,,,,,
front_end,,True,kiss_icp_odometry,,,,,,,,,,,,,,,,,,,,,173362,,,,,,,,,,,,,,,,,,
front_end,,True,kiss_icp_odometry,,,,,,,,,,,,,,,,,,,,,173365,,,,,,,,,,,,,,,,,,
front_end,,True,kiss_icp_odometry,,,,,,,,,,,,,,,,,,,,,173373,,,,,,,,,,,,,,,,,,
front_end,,True,kiss_icp_odometry,,,,,,,,,,,,,,,,,,,,,173374,,,,,,,,,,,,,,,,,,
front_end,,True,kiss_icp_odometry,,,,,,,,,,,,,,,,,,,,,173381,,,,,,,,,,,,,,,,,,
front_end,,True,kiss_icp_odometry,,,,,,,,,,,,,,,,,,,,,173384,,,,,,,,,,,,,,,,,,
front_end,,True,kiss_icp_odometry,,,,,,,,,,,,,,,,,,,,,173388,,,,,,,,,,,,,,,,,,
front_end,,True,kiss_icp_odometry,,,,,,,,,,,,,,,,,,,,,173395,,,,,,,,,,,,,,,,,,
optimized_backend,,,,,,,,,,,,,,,,,,,,,,,,,,,,,,,,,,,82,109,28,,,,pose_graph,True
front_end,,True,kiss_icp_odometry,,,,,,,,,,,,,,,,,,,,,173407,,,,,,,,,,,,,,,,,,
front_end,,True,kiss_icp_odometry,,,,,,,,,,,,,,,,,,,,,173408,,,,,,,,,,,,,,,,,,
front_end,,True,kiss_icp_odometry,,,,,,,,,,,,,,,,,,,,,173411,,,,,,,,,,,,,,,,,,
front_end,,True,kiss_icp_odometry,,,,,,,,,,,,,,,,,,,,,173415,,,,,,,,,,,,,,,,,,
front_end,,True,kiss_icp_odometry,,,,,,,,,,,,,,,,,,,,,173421,,,,,,,,,,,,,,,,,,
front_end,,True,kiss_icp_odometry,,,,,,,,,,,,,,,,,,,,,173423,,,,,,,,,,,,,,,,,,
front_end,,True,kiss_icp_odometry,,,,,,,,,,,,,,,,,,,,,173428,,,,,,,,,,,,,,,,,,
front_end,,True,kiss_icp_odometry,,,,,,,,,,,,,,,,,,,,,173452,,,,,,,,,,,,,,,,,,
optimized_backend,,,,,,,,,,,,,,,,,,,,,,,,,,,,,,,,,,,83,111,29,,,,pose_graph,True
front_end,,True,kiss_icp_odometry,,,,,,,,,,,,,,,,,,,,,173454,,,,,,,,,,,,,,,,,,
front_end,,True,kiss_icp_odometry,,,,,,,,,,,,,,,,,,,,,173481,,,,,,,,,,,,,,,,,,
front_end,,True,kiss_icp_odometry,,,,,,,,,,,,,,,,,,,,,173486,,,,,,,,,,,,,,,,,,
front_end,,True,kiss_icp_odometry,,,,,,,,,,,,,,,,,,,,,173494,,,,,,,,,,,,,,,,,,
front_end,,True,kiss_icp_odometry,,,,,,,,,,,,,,,,,,,,,173499,,,,,,,,,,,,,,,,,,
optimized_backend,,,,,,,,,,,,,,,,,,,,,,,,,,,,,,,,,,,84,113,30,,,,pose_graph,True
front_end,,True,kiss_icp_odometry,,,,,,,,,,,,,,,,,,,,,173506,,,,,,,,,,,,,,,,,,
front_end,,True,kiss_icp_odometry,,,,,,,,,,,,,,,,,,,,,173509,,,,,,,,,,,,,,,,,,
front_end,,True,kiss_icp_odometry,,,,,,,,,,,,,,,,,,,,,173513,,,,,,,,,,,,,,,,,,
front_end,,True,kiss_icp_odometry,,,,,,,,,,,,,,,,,,,,,173520,,,,,,,,,,,,,,,,,,
front_end,,True,kiss_icp_odometry,,,,,,,,,,,,,,,,,,,,,173532,,,,,,,,,,,,,,,,,,
front_end,,True,kiss_icp_odometry,,,,,,,,,,,,,,,,,,,,,173536,,,,,,,,,,,,,,,,,,
front_end,,True,kiss_icp_odometry,,,,,,,,,,,,,,,,,,,,,173538,,,,,,,,,,,,,,,,,,
front_end,,True,kiss_icp_odometry,,,,,,,,,,,,,,,,,,,,,173542,,,,,,,,,,,,,,,,,,
front_end,,True,kiss_icp_odometry,,,,,,,,,,,,,,,,,,,,,173544,,,,,,,,,,,,,,,,,,
front_end,,True,kiss_icp_odometry,,,,,,,,,,,,,,,,,,,,,173545,,,,,,,,,,,,,,,,,,
front_end,,True,kiss_icp_odometry,,,,,,,,,,,,,,,,,,,,,173547,,,,,,,,,,,,,,,,,,
front_end,,True,kiss_icp_odometry,,,,,,,,,,,,,,,,,,,,,173550,,,,,,,,,,,,,,,,,,
front_end,,True,kiss_icp_odometry,,,,,,,,,,,,,,,,,,,,,173551,,,,,,,,,,,,,,,,,,
front_end,,True,kiss_icp_odometry,,,,,,,,,,,,,,,,,,,,,173554,,,,,,,,,,,,,,,,,,
front_end,,True,kiss_icp_odometry,,,,,,,,,,,,,,,,,,,,,173580,,,,,,,,,,,,,,,,,,
front_end,,True,kiss_icp_odometry,,,,,,,,,,,,,,,,,,,,,173587,,,,,,,,,,,,,,,,,,
front_end,,True,kiss_icp_odometry,,,,,,,,,,,,,,,,,,,,,173591,,,,,,,,,,,,,,,,,,
front_end,,True,kiss_icp_odometry,,,,,,,,,,,,,,,,,,,,,173600,,,,,,,,,,,,,,,,,,
front_end,,True,kiss_icp_odometry,,,,,,,,,,,,,,,,,,,,,173602,,,,,,,,,,,,,,,,,,
front_end,,True,kiss_icp_odometry,,,,,,,,,,,,,,,,,,,,,173605,,,,,,,,,,,,,,,,,,
front_end,,True,kiss_icp_odometry,,,,,,,,,,,,,,,,,,,,,173607,,,,,,,,,,,,,,,,,,
front_end,,True,kiss_icp_odometry,,,,,,,,,,,,,,,,,,,,,173608,,,,,,,,,,,,,,,,,,
front_end,,True,kiss_icp_odometry,,,,,,,,,,,,,,,,,,,,,173610,,,,,,,,,,,,,,,,,,
front_end,,True,kiss_icp_odometry,,,,,,,,,,,,,,,,,,,,,173613,,,,,,,,,,,,,,,,,,
front_end,,True,kiss_icp_odometry,,,,,,,,,,,,,,,,,,,,,173615,,,,,,,,,,,,,,,,,,
front_end,,True,kiss_icp_odometry,,,,,,,,,,,,,,,,,,,,,173618,,,,,,,,,,,,,,,,,,
front_end,,True,kiss_icp_odometry,,,,,,,,,,,,,,,,,,,,,173621,,,,,,,,,,,,,,,,,,
front_end,,True,kiss_icp_odometry,,,,,,,,,,,,,,,,,,,,,173623,,,,,,,,,,,,,,,,,,
front_end,,True,kiss_icp_odometry,,,,,,,,,,,,,,,,,,,,,173627,,,,,,,,,,,,,,,,,,
front_end,,True,kiss_icp_odometry,,,,,,,,,,,,,,,,,,,,,173634,,,,,,,,,,,,,,,,,,
front_end,,True,kiss_icp_odometry,,,,,,,,,,,,,,,,,,,,,173637,,,,,,,,,,,,,,,,,,
front_end,,True,kiss_icp_odometry,,,,,,,,,,,,,,,,,,,,,173644,,,,,,,,,,,,,,,,,,
front_end,,True,kiss_icp_odometry,,,,,,,,,,,,,,,,,,,,,173654,,,,,,,,,,,,,,,,,,
front_end,,True,kiss_icp_odometry,,,,,,,,,,,,,,,,,,,,,173689,,,,,,,,,,,,,,,,,,
front_end,,True,kiss_icp_odometry,,,,,,,,,,,,,,,,,,,,,173758,,,,,,,,,,,,,,,,,,
front_end,,True,kiss_icp_odometry,,,,,,,,,,,,,,,,,,,,,173839,,,,,,,,,,,,,,,,,,
front_end,,True,kiss_icp_odometry,,,,,,,,,,,,,,,,,,,,,173848,,,,,,,,,,,,,,,,,,
front_end,,True,kiss_icp_odometry,,,,,,,,,,,,,,,,,,,,,173888,,,,,,,,,,,,,,,,,,
front_end,,True,kiss_icp_odometry,,,,,,,,,,,,,,,,,,,,,174000,,,,,,,,,,,,,,,,,,
front_end,,True,kiss_icp_odometry,,,,,,,,,,,,,,,,,,,,,174021,,,,,,,,,,,,,,,,,,
front_end,,True,kiss_icp_odometry,,,,,,,,,,,,,,,,,,,,,174065,,,,,,,,,,,,,,,,,,
front_end,,True,kiss_icp_odometry,,,,,,,,,,,,,,,,,,,,,174129,,,,,,,,,,,,,,,,,,
front_end,,True,kiss_icp_odometry,,,,,,,,,,,,,,,,,,,,,174147,,,,,,,,,,,,,,,,,,
front_end,,True,kiss_icp_odometry,,,,,,,,,,,,,,,,,,,,,174168,,,,,,,,,,,,,,,,,,
front_end,,True,kiss_icp_odometry,,,,,,,,,,,,,,,,,,,,,174219,,,,,,,,,,,,,,,,,,
front_end,,True,kiss_icp_odometry,,,,,,,,,,,,,,,,,,,,,174267,,,,,,,,,,,,,,,,,,
front_end,,True,kiss_icp_odometry,,,,,,,,,,,,,,,,,,,,,174289,,,,,,,,,,,,,,,,,,
front_end,,True,kiss_icp_odometry,,,,,,,,,,,,,,,,,,,,,174313,,,,,,,,,,,,,,,,,,
front_end,,True,kiss_icp_odometry,,,,,,,,,,,,,,,,,,,,,174333,,,,,,,,,,,,,,,,,,
front_end,,True,kiss_icp_odometry,,,,,,,,,,,,,,,,,,,,,174371,,,,,,,,,,,,,,,,,,
front_end,,True,kiss_icp_odometry,,,,,,,,,,,,,,,,,,,,,174395,,,,,,,,,,,,,,,,,,
front_end,,True,kiss_icp_odometry,,,,,,,,,,,,,,,,,,,,,174414,,,,,,,,,,,,,,,,,,
front_end,,True,kiss_icp_odometry,,,,,,,,,,,,,,,,,,,,,174440,,,,,,,,,,,,,,,,,,
front_end,,True,kiss_icp_odometry,,,,,,,,,,,,,,,,,,,,,174452,,,,,,,,,,,,,,,,,,
front_end,,True,kiss_icp_odometry,,,,,,,,,,,,,,,,,,,,,174508,,,,,,,,,,,,,,,,,,
optimized_backend,,,,,,,,,,,,,,,,,,,,,,,,,,,,,,,,,,,85,115,31,,,,pose_graph,True
front_end,,True,kiss_icp_odometry,,,,,,,,,,,,,,,,,,,,,174540,,,,,,,,,,,,,,,,,,
front_end,,True,kiss_icp_odometry,,,,,,,,,,,,,,,,,,,,,174570,,,,,,,,,,,,,,,,,,
front_end,,True,kiss_icp_odometry,,,,,,,,,,,,,,,,,,,,,174590,,,,,,,,,,,,,,,,,,
front_end,,True,kiss_icp_odometry,,,,,,,,,,,,,,,,,,,,,174643,,,,,,,,,,,,,,,,,,
front_end,,True,kiss_icp_odometry,,,,,,,,,,,,,,,,,,,,,174695,,,,,,,,,,,,,,,,,,
front_end,,True,kiss_icp_odometry,,,,,,,,,,,,,,,,,,,,,174723,,,,,,,,,,,,,,,,,,
front_end,,True,kiss_icp_odometry,,,,,,,,,,,,,,,,,,,,,174741,,,,,,,,,,,,,,,,,,
front_end,,True,kiss_icp_odometry,,,,,,,,,,,,,,,,,,,,,174761,,,,,,,,,,,,,,,,,,
optimized_backend,,,,,,,,,,,,,,,,,,,,,,,,,,,,,,,,,,,86,117,32,,,,pose_graph,True
front_end,,True,kiss_icp_odometry,,,,,,,,,,,,,,,,,,,,,174819,,,,,,,,,,,,,,,,,,
front_end,,True,kiss_icp_odometry,,,,,,,,,,,,,,,,,,,,,174854,,,,,,,,,,,,,,,,,,
front_end,,True,kiss_icp_odometry,,,,,,,,,,,,,,,,,,,,,174884,,,,,,,,,,,,,,,,,,
front_end,,True,kiss_icp_odometry,,,,,,,,,,,,,,,,,,,,,174925,,,,,,,,,,,,,,,,,,
front_end,,True,kiss_icp_odometry,,,,,,,,,,,,,,,,,,,,,174947,,,,,,,,,,,,,,,,,,
front_end,,True,kiss_icp_odometry,,,,,,,,,,,,,,,,,,,,,174986,,,,,,,,,,,,,,,,,,
front_end,,True,kiss_icp_odometry,,,,,,,,,,,,,,,,,,,,,175005,,,,,,,,,,,,,,,,,,
front_end,,True,kiss_icp_odometry,,,,,,,,,,,,,,,,,,,,,175045,,,,,,,,,,,,,,,,,,
front_end,,True,kiss_icp_odometry,,,,,,,,,,,,,,,,,,,,,175071,,,,,,,,,,,,,,,,,,
front_end,,True,kiss_icp_odometry,,,,,,,,,,,,,,,,,,,,,175156,,,,,,,,,,,,,,,,,,
optimized_backend,,,,,,,,,,,,,,,,,,,,,,,,,,,,,,,,,,,87,119,33,,,,pose_graph,True
front_end,,True,kiss_icp_odometry,,,,,,,,,,,,,,,,,,,,,175219,,,,,,,,,,,,,,,,,,
front_end,,True,kiss_icp_odometry,,,,,,,,,,,,,,,,,,,,,175244,,,,,,,,,,,,,,,,,,
front_end,,True,kiss_icp_odometry,,,,,,,,,,,,,,,,,,,,,175273,,,,,,,,,,,,,,,,,,
front_end,,True,kiss_icp_odometry,,,,,,,,,,,,,,,,,,,,,175287,,,,,,,,,,,,,,,,,,
front_end,,True,kiss_icp_odometry,,,,,,,,,,,,,,,,,,,,,175309,,,,,,,,,,,,,,,,,,
front_end,,True,kiss_icp_odometry,,,,,,,,,,,,,,,,,,,,,175327,,,,,,,,,,,,,,,,,,
front_end,,True,kiss_icp_odometry,,,,,,,,,,,,,,,,,,,,,175351,,,,,,,,,,,,,,,,,,
front_end,,True,kiss_icp_odometry,,,,,,,,,,,,,,,,,,,,,175370,,,,,,,,,,,,,,,,,,
front_end,,True,kiss_icp_odometry,,,,,,,,,,,,,,,,,,,,,175388,,,,,,,,,,,,,,,,,,
front_end,,True,kiss_icp_odometry,,,,,,,,,,,,,,,,,,,,,175410,,,,,,,,,,,,,,,,,,
front_end,,True,kiss_icp_odometry,,,,,,,,,,,,,,,,,,,,,175436,,,,,,,,,,,,,,,,,,
front_end,,True,kiss_icp_odometry,,,,,,,,,,,,,,,,,,,,,175463,,,,,,,,,,,,,,,,,,
front_end,,True,kiss_icp_odometry,,,,,,,,,,,,,,,,,,,,,175554,,,,,,,,,,,,,,,,,,
front_end,,True,kiss_icp_odometry,,,,,,,,,,,,,,,,,,,,,175578,,,,,,,,,,,,,,,,,,
front_end,,True,kiss_icp_odometry,,,,,,,,,,,,,,,,,,,,,175597,,,,,,,,,,,,,,,,,,
front_end,,True,kiss_icp_odometry,,,,,,,,,,,,,,,,,,,,,175615,,,,,,,,,,,,,,,,,,
front_end,,True,kiss_icp_odometry,,,,,,,,,,,,,,,,,,,,,175627,,,,,,,,,,,,,,,,,,
front_end,,True,kiss_icp_odometry,,,,,,,,,,,,,,,,,,,,,175644,,,,,,,,,,,,,,,,,,
front_end,,True,kiss_icp_odometry,,,,,,,,,,,,,,,,,,,,,175655,,,,,,,,,,,,,,,,,,
front_end,,True,kiss_icp_odometry,,,,,,,,,,,,,,,,,,,,,175667,,,,,,,,,,,,,,,,,,
front_end,,True,kiss_icp_odometry,,,,,,,,,,,,,,,,,,,,,175676,,,,,,,,,,,,,,,,,,
front_end,,True,kiss_icp_odometry,,,,,,,,,,,,,,,,,,,,,175691,,,,,,,,,,,,,,,,,,
front_end,,True,kiss_icp_odometry,,,,,,,,,,,,,,,,,,,,,175707,,,,,,,,,,,,,,,,,,
front_end,,True,kiss_icp_odometry,,,,,,,,,,,,,,,,,,,,,175719,,,,,,,,,,,,,,,,,,
optimized_backend,,,,,,,,,,,,,,,,,,,,,,,,,,,,,,,,,,,88,121,34,,,,pose_graph,True
front_end,,True,kiss_icp_odometry,,,,,,,,,,,,,,,,,,,,,175743,,,,,,,,,,,,,,,,,,
front_end,,True,kiss_icp_odometry,,,,,,,,,,,,,,,,,,,,,175759,,,,,,,,,,,,,,,,,,
front_end,,True,kiss_icp_odometry,,,,,,,,,,,,,,,,,,,,,175775,,,,,,,,,,,,,,,,,,
front_end,,True,kiss_icp_odometry,,,,,,,,,,,,,,,,,,,,,175805,,,,,,,,,,,,,,,,,,
front_end,,True,kiss_icp_odometry,,,,,,,,,,,,,,,,,,,,,175844,,,,,,,,,,,,,,,,,,
front_end,,True,kiss_icp_odometry,,,,,,,,,,,,,,,,,,,,,175889,,,,,,,,,,,,,,,,,,
front_end,,True,kiss_icp_odometry,,,,,,,,,,,,,,,,,,,,,175923,,,,,,,,,,,,,,,,,,
front_end,,True,kiss_icp_odometry,,,,,,,,,,,,,,,,,,,,,175947,,,,,,,,,,,,,,,,,,
front_end,,True,kiss_icp_odometry,,,,,,,,,,,,,,,,,,,,,175979,,,,,,,,,,,,,,,,,,
front_end,,True,kiss_icp_odometry,,,,,,,,,,,,,,,,,,,,,176020,,,,,,,,,,,,,,,,,,
front_end,,True,kiss_icp_odometry,,,,,,,,,,,,,,,,,,,,,176060,,,,,,,,,,,,,,,,,,
front_end,,True,kiss_icp_odometry,,,,,,,,,,,,,,,,,,,,,176098,,,,,,,,,,,,,,,,,,
front_end,,True,kiss_icp_odometry,,,,,,,,,,,,,,,,,,,,,176176,,,,,,,,,,,,,,,,,,
front_end,,True,kiss_icp_odometry,,,,,,,,,,,,,,,,,,,,,176219,,,,,,,,,,,,,,,,,,
front_end,,True,kiss_icp_odometry,,,,,,,,,,,,,,,,,,,,,176272,,,,,,,,,,,,,,,,,,
front_end,,True,kiss_icp_odometry,,,,,,,,,,,,,,,,,,,,,176320,,,,,,,,,,,,,,,,,,
front_end,,True,kiss_icp_odometry,,,,,,,,,,,,,,,,,,,,,176386,,,,,,,,,,,,,,,,,,
front_end,,True,kiss_icp_odometry,,,,,,,,,,,,,,,,,,,,,176454,,,,,,,,,,,,,,,,,,
front_end,,True,kiss_icp_odometry,,,,,,,,,,,,,,,,,,,,,176508,,,,,,,,,,,,,,,,,,
front_end,,True,kiss_icp_odometry,,,,,,,,,,,,,,,,,,,,,176576,,,,,,,,,,,,,,,,,,
front_end,,True,kiss_icp_odometry,,,,,,,,,,,,,,,,,,,,,176663,,,,,,,,,,,,,,,,,,
front_end,,True,kiss_icp_odometry,,,,,,,,,,,,,,,,,,,,,176727,,,,,,,,,,,,,,,,,,
front_end,,True,kiss_icp_odometry,,,,,,,,,,,,,,,,,,,,,176775,,,,,,,,,,,,,,,,,,
front_end,,True,kiss_icp_odometry,,,,,,,,,,,,,,,,,,,,,176867,,,,,,,,,,,,,,,,,,
front_end,,True,kiss_icp_odometry,,,,,,,,,,,,,,,,,,,,,176926,,,,,,,,,,,,,,,,,,
optimized_backend,,,,,,,,,,,,,,,,,,,,,,,,,,,,,,,,,,,89,123,35,,,,pose_graph,True
front_end,,True,kiss_icp_odometry,,,,,,,,,,,,,,,,,,,,,176992,,,,,,,,,,,,,,,,,,
front_end,,True,kiss_icp_odometry,,,,,,,,,,,,,,,,,,,,,177024,,,,,,,,,,,,,,,,,,
front_end,,True,kiss_icp_odometry,,,,,,,,,,,,,,,,,,,,,177059,,,,,,,,,,,,,,,,,,
front_end,,True,kiss_icp_odometry,,,,,,,,,,,,,,,,,,,,,177114,,,,,,,,,,,,,,,,,,
front_end,,True,kiss_icp_odometry,,,,,,,,,,,,,,,,,,,,,177143,,,,,,,,,,,,,,,,,,
front_end,,True,kiss_icp_odometry,,,,,,,,,,,,,,,,,,,,,177188,,,,,,,,,,,,,,,,,,
front_end,,True,kiss_icp_odometry,,,,,,,,,,,,,,,,,,,,,177237,,,,,,,,,,,,,,,,,,
front_end,,True,kiss_icp_odometry,,,,,,,,,,,,,,,,,,,,,177286,,,,,,,,,,,,,,,,,,
front_end,,True,kiss_icp_odometry,,,,,,,,,,,,,,,,,,,,,177321,,,,,,,,,,,,,,,,,,
front_end,,True,kiss_icp_odometry,,,,,,,,,,,,,,,,,,,,,177369,,,,,,,,,,,,,,,,,,
front_end,,True,kiss_icp_odometry,,,,,,,,,,,,,,,,,,,,,177420,,,,,,,,,,,,,,,,,,
front_end,,True,kiss_icp_odometry,,,,,,,,,,,,,,,,,,,,,177475,,,,,,,,,,,,,,,,,,
front_end,,True,kiss_icp_odometry,,,,,,,,,,,,,,,,,,,,,177515,,,,,,,,,,,,,,,,,,
front_end,,True,kiss_icp_odometry,,,,,,,,,,,,,,,,,,,,,177544,,,,,,,,,,,,,,,,,,
front_end,,True,kiss_icp_odometry,,,,,,,,,,,,,,,,,,,,,177576,,,,,,,,,,,,,,,,,,
front_end,,True,kiss_icp_odometry,,,,,,,,,,,,,,,,,,,,,177590,,,,,,,,,,,,,,,,,,
front_end,,True,kiss_icp_odometry,,,,,,,,,,,,,,,,,,,,,177611,,,,,,,,,,,,,,,,,,
front_end,,True,kiss_icp_odometry,,,,,,,,,,,,,,,,,,,,,177632,,,,,,,,,,,,,,,,,,
front_end,,True,kiss_icp_odometry,,,,,,,,,,,,,,,,,,,,,177657,,,,,,,,,,,,,,,,,,
front_end,,True,kiss_icp_odometry,,,,,,,,,,,,,,,,,,,,,177673,,,,,,,,,,,,,,,,,,
front_end,,True,kiss_icp_odometry,,,,,,,,,,,,,,,,,,,,,177694,,,,,,,,,,,,,,,,,,
front_end,,True,kiss_icp_odometry,,,,,,,,,,,,,,,,,,,,,177716,,,,,,,,,,,,,,,,,,
front_end,,True,kiss_icp_odometry,,,,,,,,,,,,,,,,,,,,,177786,,,,,,,,,,,,,,,,,,
front_end,,True,kiss_icp_odometry,,,,,,,,,,,,,,,,,,,,,177808,,,,,,,,,,,,,,,,,,
front_end,,True,kiss_icp_odometry,,,,,,,,,,,,,,,,,,,,,177843,,,,,,,,,,,,,,,,,,
front_end,,True,kiss_icp_odometry,,,,,,,,,,,,,,,,,,,,,177862,,,,,,,,,,,,,,,,,,
front_end,,True,kiss_icp_odometry,,,,,,,,,,,,,,,,,,,,,177883,,,,,,,,,,,,,,,,,,
front_end,,True,kiss_icp_odometry,,,,,,,,,,,,,,,,,,,,,177905,,,,,,,,,,,,,,,,,,
front_end,,True,kiss_icp_odometry,,,,,,,,,,,,,,,,,,,,,177919,,,,,,,,,,,,,,,,,,
front_end,,True,kiss_icp_odometry,,,,,,,,,,,,,,,,,,,,,177939,,,,,,,,,,,,,,,,,,
front_end,,True,kiss_icp_odometry,,,,,,,,,,,,,,,,,,,,,177951,,,,,,,,,,,,,,,,,,
front_end,,True,kiss_icp_odometry,,,,,,,,,,,,,,,,,,,,,177959,,,,,,,,,,,,,,,,,,
front_end,,True,kiss_icp_odometry,,,,,,,,,,,,,,,,,,,,,177974,,,,,,,,,,,,,,,,,,
front_end,,True,kiss_icp_odometry,,,,,,,,,,,,,,,,,,,,,177993,,,,,,,,,,,,,,,,,,
front_end,,True,kiss_icp_odometry,,,,,,,,,,,,,,,,,,,,,178013,,,,,,,,,,,,,,,,,,
front_end,,True,kiss_icp_odometry,,,,,,,,,,,,,,,,,,,,,178019,,,,,,,,,,,,,,,,,,
front_end,,True,kiss_icp_odometry,,,,,,,,,,,,,,,,,,,,,178029,,,,,,,,,,,,,,,,,,
optimized_backend,,,,,,,,,,,,,,,,,,,,,,,,,,,,,,,,,,,90,125,36,,,,pose_graph,True
front_end,,True,kiss_icp_odometry,,,,,,,,,,,,,,,,,,,,,178043,,,,,,,,,,,,,,,,,,
front_end,,True,kiss_icp_odometry,,,,,,,,,,,,,,,,,,,,,178052,,,,,,,,,,,,,,,,,,
front_end,,True,kiss_icp_odometry,,,,,,,,,,,,,,,,,,,,,178064,,,,,,,,,,,,,,,,,,
front_end,,True,kiss_icp_odometry,,,,,,,,,,,,,,,,,,,,,178091,,,,,,,,,,,,,,,,,,
front_end,,True,kiss_icp_odometry,,,,,,,,,,,,,,,,,,,,,178106,,,,,,,,,,,,,,,,,,
front_end,,True,kiss_icp_odometry,,,,,,,,,,,,,,,,,,,,,178126,,,,,,,,,,,,,,,,,,
front_end,,True,kiss_icp_odometry,,,,,,,,,,,,,,,,,,,,,178143,,,,,,,,,,,,,,,,,,
optimized_backend,,,,,,,,,,,,,,,,,,,,,,,,,,,,,,,,,,,91,127,37,,,,pose_graph,True
front_end,,True,kiss_icp_odometry,,,,,,,,,,,,,,,,,,,,,178185,,,,,,,,,,,,,,,,,,
front_end,,True,kiss_icp_odometry,,,,,,,,,,,,,,,,,,,,,178203,,,,,,,,,,,,,,,,,,
front_end,,True,kiss_icp_odometry,,,,,,,,,,,,,,,,,,,,,178221,,,,,,,,,,,,,,,,,,
front_end,,True,kiss_icp_odometry,,,,,,,,,,,,,,,,,,,,,178240,,,,,,,,,,,,,,,,,,
front_end,,True,kiss_icp_odometry,,,,,,,,,,,,,,,,,,,,,178266,,,,,,,,,,,,,,,,,,
front_end,,True,kiss_icp_odometry,,,,,,,,,,,,,,,,,,,,,178288,,,,,,,,,,,,,,,,,,
front_end,,True,kiss_icp_odometry,,,,,,,,,,,,,,,,,,,,,178304,,,,,,,,,,,,,,,,,,
front_end,,True,kiss_icp_odometry,,,,,,,,,,,,,,,,,,,,,178324,,,,,,,,,,,,,,,,,,
optimized_backend,,,,,,,,,,,,,,,,,,,,,,,,,,,,,,,,,,,92,129,38,,,,pose_graph,True
front_end,,True,kiss_icp_odometry,,,,,,,,,,,,,,,,,,,,,178336,,,,,,,,,,,,,,,,,,
front_end,,True,kiss_icp_odometry,,,,,,,,,,,,,,,,,,,,,178352,,,,,,,,,,,,,,,,,,
front_end,,True,kiss_icp_odometry,,,,,,,,,,,,,,,,,,,,,178370,,,,,,,,,,,,,,,,,,
front_end,,True,kiss_icp_odometry,,,,,,,,,,,,,,,,,,,,,178390,,,,,,,,,,,,,,,,,,
front_end,,True,kiss_icp_odometry,,,,,,,,,,,,,,,,,,,,,178415,,,,,,,,,,,,,,,,,,
front_end,,True,kiss_icp_odometry,,,,,,,,,,,,,,,,,,,,,178437,,,,,,,,,,,,,,,,,,
front_end,,True,kiss_icp_odometry,,,,,,,,,,,,,,,,,,,,,178467,,,,,,,,,,,,,,,,,,
optimized_backend,,,,,,,,,,,,,,,,,,,,,,,,,,,,,,,,,,,93,131,39,,,,pose_graph,True
front_end,,True,kiss_icp_odometry,,,,,,,,,,,,,,,,,,,,,178507,,,,,,,,,,,,,,,,,,
front_end,,True,kiss_icp_odometry,,,,,,,,,,,,,,,,,,,,,178528,,,,,,,,,,,,,,,,,,
front_end,,True,kiss_icp_odometry,,,,,,,,,,,,,,,,,,,,,178539,,,,,,,,,,,,,,,,,,
front_end,,True,kiss_icp_odometry,,,,,,,,,,,,,,,,,,,,,178549,,,,,,,,,,,,,,,,,,
front_end,,True,kiss_icp_odometry,,,,,,,,,,,,,,,,,,,,,178558,,,,,,,,,,,,,,,,,,
front_end,,True,kiss_icp_odometry,,,,,,,,,,,,,,,,,,,,,178574,,,,,,,,,,,,,,,,,,
front_end,,True,kiss_icp_odometry,,,,,,,,,,,,,,,,,,,,,178586,,,,,,,,,,,,,,,,,,
optimized_backend,,,,,,,,,,,,,,,,,,,,,,,,,,,,,,,,,,,94,133,40,,,,pose_graph,True
front_end,,True,kiss_icp_odometry,,,,,,,,,,,,,,,,,,,,,178631,,,,,,,,,,,,,,,,,,
front_end,,True,kiss_icp_odometry,,,,,,,,,,,,,,,,,,,,,178664,,,,,,,,,,,,,,,,,,
front_end,,True,kiss_icp_odometry,,,,,,,,,,,,,,,,,,,,,178687,,,,,,,,,,,,,,,,,,
front_end,,True,kiss_icp_odometry,,,,,,,,,,,,,,,,,,,,,178698,,,,,,,,,,,,,,,,,,
front_end,,True,kiss_icp_odometry,,,,,,,,,,,,,,,,,,,,,178710,,,,,,,,,,,,,,,,,,
front_end,,True,kiss_icp_odometry,,,,,,,,,,,,,,,,,,,,,178721,,,,,,,,,,,,,,,,,,
front_end,,True,kiss_icp_odometry,,,,,,,,,,,,,,,,,,,,,178737,,,,,,,,,,,,,,,,,,
optimized_backend,,,,,,,,,,,,,,,,,,,,,,,,,,,,,,,,,,,95,135,41,,,,pose_graph,True
front_end,,True,kiss_icp_odometry,,,,,,,,,,,,,,,,,,,,,178761,,,,,,,,,,,,,,,,,,
front_end,,True,kiss_icp_odometry,,,,,,,,,,,,,,,,,,,,,178774,,,,,,,,,,,,,,,,,,
front_end,,True,kiss_icp_odometry,,,,,,,,,,,,,,,,,,,,,178782,,,,,,,,,,,,,,,,,,
front_end,,True,kiss_icp_odometry,,,,,,,,,,,,,,,,,,,,,178794,,,,,,,,,,,,,,,,,,
front_end,,True,kiss_icp_odometry,,,,,,,,,,,,,,,,,,,,,178808,,,,,,,,,,,,,,,,,,
front_end,,True,kiss_icp_odometry,,,,,,,,,,,,,,,,,,,,,178818,,,,,,,,,,,,,,,,,,
front_end,,True,kiss_icp_odometry,,,,,,,,,,,,,,,,,,,,,178827,,,,,,,,,,,,,,,,,,
front_end,,True,kiss_icp_odometry,,,,,,,,,,,,,,,,,,,,,178838,,,,,,,,,,,,,,,,,,
front_end,,True,kiss_icp_odometry,,,,,,,,,,,,,,,,,,,,,178851,,,,,,,,,,,,,,,,,,
front_end,,True,kiss_icp_odometry,,,,,,,,,,,,,,,,,,,,,178861,,,,,,,,,,,,,,,,,,
front_end,,True,kiss_icp_odometry,,,,,,,,,,,,,,,,,,,,,178867,,,,,,,,,,,,,,,,,,
optimized_backend,,,,,,,,,,,,,,,,,,,,,,,,,,,,,,,,,,,96,137,42,,,,pose_graph,True
front_end,,True,kiss_icp_odometry,,,,,,,,,,,,,,,,,,,,,178875,,,,,,,,,,,,,,,,,,
front_end,,True,kiss_icp_odometry,,,,,,,,,,,,,,,,,,,,,178907,,,,,,,,,,,,,,,,,,
front_end,,True,kiss_icp_odometry,,,,,,,,,,,,,,,,,,,,,178913,,,,,,,,,,,,,,,,,,
front_end,,True,kiss_icp_odometry,,,,,,,,,,,,,,,,,,,,,178934,,,,,,,,,,,,,,,,,,
front_end,,True,kiss_icp_odometry,,,,,,,,,,,,,,,,,,,,,178939,,,,,,,,,,,,,,,,,,
front_end,,True,kiss_icp_odometry,,,,,,,,,,,,,,,,,,,,,178944,,,,,,,,,,,,,,,,,,
front_end,,True,kiss_icp_odometry,,,,,,,,,,,,,,,,,,,,,178954,,,,,,,,,,,,,,,,,,
front_end,,True,kiss_icp_odometry,,,,,,,,,,,,,,,,,,,,,178959,,,,,,,,,,,,,,,,,,
optimized_backend,,,,,,,,,,,,,,,,,,,,,,,,,,,,,,,,,,,97,139,43,,,,pose_graph,True
front_end,,True,kiss_icp_odometry,,,,,,,,,,,,,,,,,,,,,178966,,,,,,,,,,,,,,,,,,
front_end,,True,kiss_icp_odometry,,,,,,,,,,,,,,,,,,,,,178969,,,,,,,,,,,,,,,,,,
front_end,,True,kiss_icp_odometry,,,,,,,,,,,,,,,,,,,,,178976,,,,,,,,,,,,,,,,,,
front_end,,True,kiss_icp_odometry,,,,,,,,,,,,,,,,,,,,,178983,,,,,,,,,,,,,,,,,,
front_end,,True,kiss_icp_odometry,,,,,,,,,,,,,,,,,,,,,179008,,,,,,,,,,,,,,,,,,
front_end,,True,kiss_icp_odometry,,,,,,,,,,,,,,,,,,,,,179057,,,,,,,,,,,,,,,,,,
front_end,,True,kiss_icp_odometry,,,,,,,,,,,,,,,,,,,,,179068,,,,,,,,,,,,,,,,,,
front_end,,True,kiss_icp_odometry,,,,,,,,,,,,,,,,,,,,,179093,,,,,,,,,,,,,,,,,,
front_end,,True,kiss_icp_odometry,,,,,,,,,,,,,,,,,,,,,179102,,,,,,,,,,,,,,,,,,
front_end,,True,kiss_icp_odometry,,,,,,,,,,,,,,,,,,,,,179115,,,,,,,,,,,,,,,,,,
front_end,,True,kiss_icp_odometry,,,,,,,,,,,,,,,,,,,,,179140,,,,,,,,,,,,,,,,,,
optimized_backend,,,,,,,,,,,,,,,,,,,,,,,,,,,,,,,,,,,98,141,44,,,,pose_graph,True
front_end,,True,kiss_icp_odometry,,,,,,,,,,,,,,,,,,,,,179146,,,,,,,,,,,,,,,,,,
front_end,,True,kiss_icp_odometry,,,,,,,,,,,,,,,,,,,,,179160,,,,,,,,,,,,,,,,,,
front_end,,True,kiss_icp_odometry,,,,,,,,,,,,,,,,,,,,,179169,,,,,,,,,,,,,,,,,,
front_end,,True,kiss_icp_odometry,,,,,,,,,,,,,,,,,,,,,179182,,,,,,,,,,,,,,,,,,
front_end,,True,kiss_icp_odometry,,,,,,,,,,,,,,,,,,,,,179222,,,,,,,,,,,,,,,,,,
front_end,,True,kiss_icp_odometry,,,,,,,,,,,,,,,,,,,,,179234,,,,,,,,,,,,,,,,,,
front_end,,True,kiss_icp_odometry,,,,,,,,,,,,,,,,,,,,,179244,,,,,,,,,,,,,,,,,,
front_end,,True,kiss_icp_odometry,,,,,,,,,,,,,,,,,,,,,179247,,,,,,,,,,,,,,,,,,
front_end,,True,kiss_icp_odometry,,,,,,,,,,,,,,,,,,,,,179254,,,,,,,,,,,,,,,,,,
front_end,,True,kiss_icp_odometry,,,,,,,,,,,,,,,,,,,,,179258,,,,,,,,,,,,,,,,,,
optimized_backend,,,,,,,,,,,,,,,,,,,,,,,,,,,,,,,,,,,99,143,45,,,,pose_graph,True
front_end,,True,kiss_icp_odometry,,,,,,,,,,,,,,,,,,,,,179259,,,,,,,,,,,,,,,,,,
front_end,,True,kiss_icp_odometry,,,,,,,,,,,,,,,,,,,,,179261,,,,,,,,,,,,,,,,,,
front_end,,True,kiss_icp_odometry,,,,,,,,,,,,,,,,,,,,,179281,,,,,,,,,,,,,,,,,,
front_end,,True,kiss_icp_odometry,,,,,,,,,,,,,,,,,,,,,179284,,,,,,,,,,,,,,,,,,
front_end,,True,kiss_icp_odometry,,,,,,,,,,,,,,,,,,,,,179289,,,,,,,,,,,,,,,,,,
front_end,,True,kiss_icp_odometry,,,,,,,,,,,,,,,,,,,,,179295,,,,,,,,,,,,,,,,,,
front_end,,True,kiss_icp_odometry,,,,,,,,,,,,,,,,,,,,,179299,,,,,,,,,,,,,,,,,,
front_end,,True,kiss_icp_odometry,,,,,,,,,,,,,,,,,,,,,179307,,,,,,,,,,,,,,,,,,
front_end,,True,kiss_icp_odometry,,,,,,,,,,,,,,,,,,,,,179315,,,,,,,,,,,,,,,,,,
optimized_backend,,,,,,,,,,,,,,,,,,,,,,,,,,,,,,,,,,,100,145,46,,,,pose_graph,True
front_end,,True,kiss_icp_odometry,,,,,,,,,,,,,,,,,,,,,179319,,,,,,,,,,,,,,,,,,
front_end,,True,kiss_icp_odometry,,,,,,,,,,,,,,,,,,,,,179321,,,,,,,,,,,,,,,,,,
front_end,,True,kiss_icp_odometry,,,,,,,,,,,,,,,,,,,,,179331,,,,,,,,,,,,,,,,,,
front_end,,True,kiss_icp_odometry,,,,,,,,,,,,,,,,,,,,,179336,,,,,,,,,,,,,,,,,,
front_end,,True,kiss_icp_odometry,,,,,,,,,,,,,,,,,,,,,179349,,,,,,,,,,,,,,,,,,
optimized_backend,,,,,,,,,,,,,,,,,,,,,,,,,,,,,,,,,,,101,147,47,,,,pose_graph,True
front_end,,True,kiss_icp_odometry,,,,,,,,,,,,,,,,,,,,,179355,,,,,,,,,,,,,,,,,,
front_end,,True,kiss_icp_odometry,,,,,,,,,,,,,,,,,,,,,179360,,,,,,,,,,,,,,,,,,
front_end,,True,kiss_icp_odometry,,,,,,,,,,,,,,,,,,,,,179367,,,,,,,,,,,,,,,,,,
front_end,,True,kiss_icp_odometry,,,,,,,,,,,,,,,,,,,,,179371,,,,,,,,,,,,,,,,,,
front_end,,True,kiss_icp_odometry,,,,,,,,,,,,,,,,,,,,,179376,,,,,,,,,,,,,,,,,,
front_end,,True,kiss_icp_odometry,,,,,,,,,,,,,,,,,,,,,179376,,,,,,,,,,,,,,,,,,
front_end,,True,kiss_icp_odometry,,,,,,,,,,,,,,,,,,,,,179385,,,,,,,,,,,,,,,,,,
front_end,,True,kiss_icp_odometry,,,,,,,,,,,,,,,,,,,,,179401,,,,,,,,,,,,,,,,,,
optimized_backend,,,,,,,,,,,,,,,,,,,,,,,,,,,,,,,,,,,102,149,48,,,,pose_graph,True
front_end,,True,kiss_icp_odometry,,,,,,,,,,,,,,,,,,,,,179402,,,,,,,,,,,,,,,,,,
front_end,,True,kiss_icp_odometry,,,,,,,,,,,,,,,,,,,,,179409,,,,,,,,,,,,,,,,,,
front_end,,True,kiss_icp_odometry,,,,,,,,,,,,,,,,,,,,,179412,,,,,,,,,,,,,,,,,,
front_end,,True,kiss_icp_odometry,,,,,,,,,,,,,,,,,,,,,179414,,,,,,,,,,,,,,,,,,
front_end,,True,kiss_icp_odometry,,,,,,,,,,,,,,,,,,,,,179415,,,,,,,,,,,,,,,,,,
front_end,,True,kiss_icp_odometry,,,,,,,,,,,,,,,,,,,,,179416,,,,,,,,,,,,,,,,,,
optimized_backend,,,,,,,,,,,,,,,,,,,,,,,,,,,,,,,,,,,103,151,49,,,,pose_graph,True
front_end,,True,kiss_icp_odometry,,,,,,,,,,,,,,,,,,,,,179424,,,,,,,,,,,,,,,,,,
front_end,,True,kiss_icp_odometry,,,,,,,,,,,,,,,,,,,,,179425,,,,,,,,,,,,,,,,,,
front_end,,True,kiss_icp_odometry,,,,,,,,,,,,,,,,,,,,,179426,,,,,,,,,,,,,,,,,,
front_end,,True,kiss_icp_odometry,,,,,,,,,,,,,,,,,,,,,179429,,,,,,,,,,,,,,,,,,
front_end,,True,kiss_icp_odometry,,,,,,,,,,,,,,,,,,,,,179431,,,,,,,,,,,,,,,,,,
front_end,,True,kiss_icp_odometry,,,,,,,,,,,,,,,,,,,,,179434,,,,,,,,,,,,,,,,,,
front_end,,True,kiss_icp_odometry,,,,,,,,,,,,,,,,,,,,,179435,,,,,,,,,,,,,,,,,,
optimized_backend,,,,,,,,,,,,,,,,,,,,,,,,,,,,,,,,,,,104,153,50,,,,pose_graph,True
front_end,,True,kiss_icp_odometry,,,,,,,,,,,,,,,,,,,,,179438,,,,,,,,,,,,,,,,,,
front_end,,True,kiss_icp_odometry,,,,,,,,,,,,,,,,,,,,,179440,,,,,,,,,,,,,,,,,,
front_end,,True,kiss_icp_odometry,,,,,,,,,,,,,,,,,,,,,179441,,,,,,,,,,,,,,,,,,
front_end,,True,kiss_icp_odometry,,,,,,,,,,,,,,,,,,,,,179442,,,,,,,,,,,,,,,,,,
front_end,,True,kiss_icp_odometry,,,,,,,,,,,,,,,,,,,,,179442,,,,,,,,,,,,,,,,,,
front_end,,True,kiss_icp_odometry,,,,,,,,,,,,,,,,,,,,,179444,,,,,,,,,,,,,,,,,,
front_end,,True,kiss_icp_odometry,,,,,,,,,,,,,,,,,,,,,179446,,,,,,,,,,,,,,,,,,
front_end,,True,kiss_icp_odometry,,,,,,,,,,,,,,,,,,,,,179447,,,,,,,,,,,,,,,,,,
optimized_backend,,,,,,,,,,,,,,,,,,,,,,,,,,,,,,,,,,,105,155,51,,,,pose_graph,True
front_end,,True,kiss_icp_odometry,,,,,,,,,,,,,,,,,,,,,179451,,,,,,,,,,,,,,,,,,
front_end,,True,kiss_icp_odometry,,,,,,,,,,,,,,,,,,,,,179452,,,,,,,,,,,,,,,,,,
front_end,,True,kiss_icp_odometry,,,,,,,,,,,,,,,,,,,,,179455,,,,,,,,,,,,,,,,,,
front_end,,True,kiss_icp_odometry,,,,,,,,,,,,,,,,,,,,,179457,,,,,,,,,,,,,,,,,,
front_end,,True,kiss_icp_odometry,,,,,,,,,,,,,,,,,,,,,179459,,,,,,,,,,,,,,,,,,
front_end,,True,kiss_icp_odometry,,,,,,,,,,,,,,,,,,,,,179478,,,,,,,,,,,,,,,,,,
front_end,,True,kiss_icp_odometry,,,,,,,,,,,,,,,,,,,,,179488,,,,,,,,,,,,,,,,,,
front_end,,True,kiss_icp_odometry,,,,,,,,,,,,,,,,,,,,,179515,,,,,,,,,,,,,,,,,,
front_end,,True,kiss_icp_odometry,,,,,,,,,,,,,,,,,,,,,179525,,,,,,,,,,,,,,,,,,
front_end,,True,kiss_icp_odometry,,,,,,,,,,,,,,,,,,,,,179528,,,,,,,,,,,,,,,,,,
front_end,,True,kiss_icp_odometry,,,,,,,,,,,,,,,,,,,,,179537,,,,,,,,,,,,,,,,,,
front_end,,True,kiss_icp_odometry,,,,,,,,,,,,,,,,,,,,,179538,,,,,,,,,,,,,,,,,,
front_end,,True,kiss_icp_odometry,,,,,,,,,,,,,,,,,,,,,179551,,,,,,,,,,,,,,,,,,
front_end,,True,kiss_icp_odometry,,,,,,,,,,,,,,,,,,,,,179561,,,,,,,,,,,,,,,,,,
front_end,,True,kiss_icp_odometry,,,,,,,,,,,,,,,,,,,,,179567,,,,,,,,,,,,,,,,,,
front_end,,True,kiss_icp_odometry,,,,,,,,,,,,,,,,,,,,,179580,,,,,,,,,,,,,,,,,,
front_end,,True,kiss_icp_odometry,,,,,,,,,,,,,,,,,,,,,179610,,,,,,,,,,,,,,,,,,
front_end,,True,kiss_icp_odometry,,,,,,,,,,,,,,,,,,,,,179626,,,,,,,,,,,,,,,,,,
front_end,,True,kiss_icp_odometry,,,,,,,,,,,,,,,,,,,,,179635,,,,,,,,,,,,,,,,,,
front_end,,True,kiss_icp_odometry,,,,,,,,,,,,,,,,,,,,,179649,,,,,,,,,,,,,,,,,,
front_end,,True,kiss_icp_odometry,,,,,,,,,,,,,,,,,,,,,179659,,,,,,,,,,,,,,,,,,
front_end,,True,kiss_icp_odometry,,,,,,,,,,,,,,,,,,,,,179669,,,,,,,,,,,,,,,,,,
front_end,,True,kiss_icp_odometry,,,,,,,,,,,,,,,,,,,,,179680,,,,,,,,,,,,,,,,,,
front_end,,True,kiss_icp_odometry,,,,,,,,,,,,,,,,,,,,,179687,,,,,,,,,,,,,,,,,,
front_end,,True,kiss_icp_odometry,,,,,,,,,,,,,,,,,,,,,179703,,,,,,,,,,,,,,,,,,
front_end,,True,kiss_icp_odometry,,,,,,,,,,,,,,,,,,,,,179709,,,,,,,,,,,,,,,,,,
front_end,,True,kiss_icp_odometry,,,,,,,,,,,,,,,,,,,,,179718,,,,,,,,,,,,,,,,,,
front_end,,True,kiss_icp_odometry,,,,,,,,,,,,,,,,,,,,,179723,,,,,,,,,,,,,,,,,,
front_end,,True,kiss_icp_odometry,,,,,,,,,,,,,,,,,,,,,179728,,,,,,,,,,,,,,,,,,
front_end,,True,kiss_icp_odometry,,,,,,,,,,,,,,,,,,,,,179736,,,,,,,,,,,,,,,,,,
front_end,,True,kiss_icp_odometry,,,,,,,,,,,,,,,,,,,,,179749,,,,,,,,,,,,,,,,,,
front_end,,True,kiss_icp_odometry,,,,,,,,,,,,,,,,,,,,,179768,,,,,,,,,,,,,,,,,,
front_end,,True,kiss_icp_odometry,,,,,,,,,,,,,,,,,,,,,179794,,,,,,,,,,,,,,,,,,
front_end,,True,kiss_icp_odometry,,,,,,,,,,,,,,,,,,,,,179856,,,,,,,,,,,,,,,,,,
front_end,,True,kiss_icp_odometry,,,,,,,,,,,,,,,,,,,,,180014,,,,,,,,,,,,,,,,,,
front_end,,True,kiss_icp_odometry,,,,,,,,,,,,,,,,,,,,,180128,,,,,,,,,,,,,,,,,,
front_end,,True,kiss_icp_odometry,,,,,,,,,,,,,,,,,,,,,180177,,,,,,,,,,,,,,,,,,
front_end,,True,kiss_icp_odometry,,,,,,,,,,,,,,,,,,,,,180202,,,,,,,,,,,,,,,,,,
front_end,,True,kiss_icp_odometry,,,,,,,,,,,,,,,,,,,,,180237,,,,,,,,,,,,,,,,,,
front_end,,True,kiss_icp_odometry,,,,,,,,,,,,,,,,,,,,,180282,,,,,,,,,,,,,,,,,,
front_end,,True,kiss_icp_odometry,,,,,,,,,,,,,,,,,,,,,180306,,,,,,,,,,,,,,,,,,
front_end,,True,kiss_icp_odometry,,,,,,,,,,,,,,,,,,,,,180338,,,,,,,,,,,,,,,,,,
front_end,,True,kiss_icp_odometry,,,,,,,,,,,,,,,,,,,,,180389,,,,,,,,,,,,,,,,,,
front_end,,True,kiss_icp_odometry,,,,,,,,,,,,,,,,,,,,,180415,,,,,,,,,,,,,,,,,,
front_end,,True,kiss_icp_odometry,,,,,,,,,,,,,,,,,,,,,180470,,,,,,,,,,,,,,,,,,
front_end,,True,kiss_icp_odometry,,,,,,,,,,,,,,,,,,,,,180522,,,,,,,,,,,,,,,,,,
front_end,,True,kiss_icp_odometry,,,,,,,,,,,,,,,,,,,,,180549,,,,,,,,,,,,,,,,,,
front_end,,True,kiss_icp_odometry,,,,,,,,,,,,,,,,,,,,,180573,,,,,,,,,,,,,,,,,,
front_end,,True,kiss_icp_odometry,,,,,,,,,,,,,,,,,,,,,180593,,,,,,,,,,,,,,,,,,
front_end,,True,kiss_icp_odometry,,,,,,,,,,,,,,,,,,,,,180627,,,,,,,,,,,,,,,,,,
front_end,,True,kiss_icp_odometry,,,,,,,,,,,,,,,,,,,,,180659,,,,,,,,,,,,,,,,,,
front_end,,True,kiss_icp_odometry,,,,,,,,,,,,,,,,,,,,,180710,,,,,,,,,,,,,,,,,,
front_end,,True,kiss_icp_odometry,,,,,,,,,,,,,,,,,,,,,180748,,,,,,,,,,,,,,,,,,
front_end,,True,kiss_icp_odometry,,,,,,,,,,,,,,,,,,,,,180814,,,,,,,,,,,,,,,,,,
front_end,,True,kiss_icp_odometry,,,,,,,,,,,,,,,,,,,,,180865,,,,,,,,,,,,,,,,,,
front_end,,True,kiss_icp_odometry,,,,,,,,,,,,,,,,,,,,,180936,,,,,,,,,,,,,,,,,,
front_end,,True,kiss_icp_odometry,,,,,,,,,,,,,,,,,,,,,180988,,,,,,,,,,,,,,,,,,
front_end,,True,kiss_icp_odometry,,,,,,,,,,,,,,,,,,,,,181034,,,,,,,,,,,,,,,,,,
front_end,,True,kiss_icp_odometry,,,,,,,,,,,,,,,,,,,,,181087,,,,,,,,,,,,,,,,,,
front_end,,True,kiss_icp_odometry,,,,,,,,,,,,,,,,,,,,,181145,,,,,,,,,,,,,,,,,,
front_end,,True,kiss_icp_odometry,,,,,,,,,,,,,,,,,,,,,181185,,,,,,,,,,,,,,,,,,
front_end,,True,kiss_icp_odometry,,,,,,,,,,,,,,,,,,,,,181278,,,,,,,,,,,,,,,,,,
front_end,,True,kiss_icp_odometry,,,,,,,,,,,,,,,,,,,,,181359,,,,,,,,,,,,,,,,,,
front_end,,True,kiss_icp_odometry,,,,,,,,,,,,,,,,,,,,,181404,,,,,,,,,,,,,,,,,,
front_end,,True,kiss_icp_odometry,,,,,,,,,,,,,,,,,,,,,181449,,,,,,,,,,,,,,,,,,
front_end,,True,kiss_icp_odometry,,,,,,,,,,,,,,,,,,,,,181482,,,,,,,,,,,,,,,,,,
front_end,,True,kiss_icp_odometry,,,,,,,,,,,,,,,,,,,,,181517,,,,,,,,,,,,,,,,,,
front_end,,True,kiss_icp_odometry,,,,,,,,,,,,,,,,,,,,,181548,,,,,,,,,,,,,,,,,,
front_end,,True,kiss_icp_odometry,,,,,,,,,,,,,,,,,,,,,181568,,,,,,,,,,,,,,,,,,
front_end,,True,kiss_icp_odometry,,,,,,,,,,,,,,,,,,,,,181595,,,,,,,,,,,,,,,,,,
front_end,,True,kiss_icp_odometry,,,,,,,,,,,,,,,,,,,,,181620,,,,,,,,,,,,,,,,,,
front_end,,True,kiss_icp_odometry,,,,,,,,,,,,,,,,,,,,,181649,,,,,,,,,,,,,,,,,,
front_end,,True,kiss_icp_odometry,,,,,,,,,,,,,,,,,,,,,181691,,,,,,,,,,,,,,,,,,
front_end,,True,kiss_icp_odometry,,,,,,,,,,,,,,,,,,,,,181752,,,,,,,,,,,,,,,,,,
front_end,,True,kiss_icp_odometry,,,,,,,,,,,,,,,,,,,,,181777,,,,,,,,,,,,,,,,,,
front_end,,True,kiss_icp_odometry,,,,,,,,,,,,,,,,,,,,,181804,,,,,,,,,,,,,,,,,,
front_end,,True,kiss_icp_odometry,,,,,,,,,,,,,,,,,,,,,181832,,,,,,,,,,,,,,,,,,
front_end,,True,kiss_icp_odometry,,,,,,,,,,,,,,,,,,,,,181857,,,,,,,,,,,,,,,,,,
front_end,,True,kiss_icp_odometry,,,,,,,,,,,,,,,,,,,,,181890,,,,,,,,,,,,,,,,,,
front_end,,True,kiss_icp_odometry,,,,,,,,,,,,,,,,,,,,,181914,,,,,,,,,,,,,,,,,,
front_end,,True,kiss_icp_odometry,,,,,,,,,,,,,,,,,,,,,181937,,,,,,,,,,,,,,,,,,
front_end,,True,kiss_icp_odometry,,,,,,,,,,,,,,,,,,,,,181972,,,,,,,,,,,,,,,,,,
front_end,,True,kiss_icp_odometry,,,,,,,,,,,,,,,,,,,,,182006,,,,,,,,,,,,,,,,,,
front_end,,True,kiss_icp_odometry,,,,,,,,,,,,,,,,,,,,,182030,,,,,,,,,,,,,,,,,,
front_end,,True,kiss_icp_odometry,,,,,,,,,,,,,,,,,,,,,182064,,,,,,,,,,,,,,,,,,
front_end,,True,kiss_icp_odometry,,,,,,,,,,,,,,,,,,,,,182086,,,,,,,,,,,,,,,,,,
front_end,,True,kiss_icp_odometry,,,,,,,,,,,,,,,,,,,,,182117,,,,,,,,,,,,,,,,,,
front_end,,True,kiss_icp_odometry,,,,,,,,,,,,,,,,,,,,,182150,,,,,,,,,,,,,,,,,,
front_end,,True,kiss_icp_odometry,,,,,,,,,,,,,,,,,,,,,182169,,,,,,,,,,,,,,,,,,
front_end,,True,kiss_icp_odometry,,,,,,,,,,,,,,,,,,,,,182184,,,,,,,,,,,,,,,,,,
front_end,,True,kiss_icp_odometry,,,,,,,,,,,,,,,,,,,,,182203,,,,,,,,,,,,,,,,,,
front_end,,True,kiss_icp_odometry,,,,,,,,,,,,,,,,,,,,,182207,,,,,,,,,,,,,,,,,,
front_end,,True,kiss_icp_odometry,,,,,,,,,,,,,,,,,,,,,182217,,,,,,,,,,,,,,,,,,
front_end,,True,kiss_icp_odometry,,,,,,,,,,,,,,,,,,,,,182220,,,,,,,,,,,,,,,,,,
front_end,,True,kiss_icp_odometry,,,,,,,,,,,,,,,,,,,,,182228,,,,,,,,,,,,,,,,,,
front_end,,True,kiss_icp_odometry,,,,,,,,,,,,,,,,,,,,,182234,,,,,,,,,,,,,,,,,,
front_end,,True,kiss_icp_odometry,,,,,,,,,,,,,,,,,,,,,182245,,,,,,,,,,,,,,,,,,
front_end,,True,kiss_icp_odometry,,,,,,,,,,,,,,,,,,,,,182259,,,,,,,,,,,,,,,,,,
front_end,,True,kiss_icp_odometry,,,,,,,,,,,,,,,,,,,,,182268,,,,,,,,,,,,,,,,,,
front_end,,True,kiss_icp_odometry,,,,,,,,,,,,,,,,,,,,,182277,,,,,,,,,,,,,,,,,,
front_end,,True,kiss_icp_odometry,,,,,,,,,,,,,,,,,,,,,182294,,,,,,,,,,,,,,,,,,
front_end,,True,kiss_icp_odometry,,,,,,,,,,,,,,,,,,,,,182314,,,,,,,,,,,,,,,,,,
front_end,,True,kiss_icp_odometry,,,,,,,,,,,,,,,,,,,,,182334,,,,,,,,,,,,,,,,,,
front_end,,True,kiss_icp_odometry,,,,,,,,,,,,,,,,,,,,,182352,,,,,,,,,,,,,,,,,,
front_end,,True,kiss_icp_odometry,,,,,,,,,,,,,,,,,,,,,182370,,,,,,,,,,,,,,,,,,
front_end,,True,kiss_icp_odometry,,,,,,,,,,,,,,,,,,,,,182386,,,,,,,,,,,,,,,,,,
front_end,,True,kiss_icp_odometry,,,,,,,,,,,,,,,,,,,,,182392,,,,,,,,,,,,,,,,,,
front_end,,True,kiss_icp_odometry,,,,,,,,,,,,,,,,,,,,,182397,,,,,,,,,,,,,,,,,,
front_end,,True,kiss_icp_odometry,,,,,,,,,,,,,,,,,,,,,182399,,,,,,,,,,,,,,,,,,
front_end,,True,kiss_icp_odometry,,,,,,,,,,,,,,,,,,,,,182401,,,,,,,,,,,,,,,,,,
front_end,,True,kiss_icp_odometry,,,,,,,,,,,,,,,,,,,,,182401,,,,,,,,,,,,,,,,,,
front_end,,True,kiss_icp_odometry,,,,,,,,,,,,,,,,,,,,,182406,,,,,,,,,,,,,,,,,,
front_end,,True,kiss_icp_odometry,,,,,,,,,,,,,,,,,,,,,182410,,,,,,,,,,,,,,,,,,
front_end,,True,kiss_icp_odometry,,,,,,,,,,,,,,,,,,,,,182413,,,,,,,,,,,,,,,,,,
front_end,,True,kiss_icp_odometry,,,,,,,,,,,,,,,,,,,,,182415,,,,,,,,,,,,,,,,,,
front_end,,True,kiss_icp_odometry,,,,,,,,,,,,,,,,,,,,,182421,,,,,,,,,,,,,,,,,,
front_end,,True,kiss_icp_odometry,,,,,,,,,,,,,,,,,,,,,182436,,,,,,,,,,,,,,,,,,
front_end,,True,kiss_icp_odometry,,,,,,,,,,,,,,,,,,,,,182448,,,,,,,,,,,,,,,,,,
front_end,,True,kiss_icp_odometry,,,,,,,,,,,,,,,,,,,,,182451,,,,,,,,,,,,,,,,,,
front_end,,True,kiss_icp_odometry,,,,,,,,,,,,,,,,,,,,,182477,,,,,,,,,,,,,,,,,,
front_end,,True,kiss_icp_odometry,,,,,,,,,,,,,,,,,,,,,182487,,,,,,,,,,,,,,,,,,
front_end,,True,kiss_icp_odometry,,,,,,,,,,,,,,,,,,,,,182490,,,,,,,,,,,,,,,,,,
front_end,,True,kiss_icp_odometry,,,,,,,,,,,,,,,,,,,,,182495,,,,,,,,,,,,,,,,,,
front_end,,True,kiss_icp_odometry,,,,,,,,,,,,,,,,,,,,,182501,,,,,,,,,,,,,,,,,,
front_end,,True,kiss_icp_odometry,,,,,,,,,,,,,,,,,,,,,182519,,,,,,,,,,,,,,,,,,
front_end,,True,kiss_icp_odometry,,,,,,,,,,,,,,,,,,,,,182541,,,,,,,,,,,,,,,,,,
front_end,,True,kiss_icp_odometry,,,,,,,,,,,,,,,,,,,,,182581,,,,,,,,,,,,,,,,,,
front_end,,True,kiss_icp_odometry,,,,,,,,,,,,,,,,,,,,,182610,,,,,,,,,,,,,,,,,,
front_end,,True,kiss_icp_odometry,,,,,,,,,,,,,,,,,,,,,182621,,,,,,,,,,,,,,,,,,
front_end,,True,kiss_icp_odometry,,,,,,,,,,,,,,,,,,,,,182630,,,,,,,,,,,,,,,,,,
front_end,,True,kiss_icp_odometry,,,,,,,,,,,,,,,,,,,,,182641,,,,,,,,,,,,,,,,,,
front_end,,True,kiss_icp_odometry,,,,,,,,,,,,,,,,,,,,,182663,,,,,,,,,,,,,,,,,,
front_end,,True,kiss_icp_odometry,,,,,,,,,,,,,,,,,,,,,182692,,,,,,,,,,,,,,,,,,
front_end,,True,kiss_icp_odometry,,,,,,,,,,,,,,,,,,,,,182700,,,,,,,,,,,,,,,,,,
front_end,,True,kiss_icp_odometry,,,,,,,,,,,,,,,,,,,,,182705,,,,,,,,,,,,,,,,,,
front_end,,True,kiss_icp_odometry,,,,,,,,,,,,,,,,,,,,,182712,,,,,,,,,,,,,,,,,,
front_end,,True,kiss_icp_odometry,,,,,,,,,,,,,,,,,,,,,182714,,,,,,,,,,,,,,,,,,
front_end,,True,kiss_icp_odometry,,,,,,,,,,,,,,,,,,,,,182729,,,,,,,,,,,,,,,,,,
front_end,,True,kiss_icp_odometry,,,,,,,,,,,,,,,,,,,,,182732,,,,,,,,,,,,,,,,,,
front_end,,True,kiss_icp_odometry,,,,,,,,,,,,,,,,,,,,,182765,,,,,,,,,,,,,,,,,,
front_end,,True,kiss_icp_odometry,,,,,,,,,,,,,,,,,,,,,182772,,,,,,,,,,,,,,,,,,
front_end,,True,kiss_icp_odometry,,,,,,,,,,,,,,,,,,,,,182774,,,,,,,,,,,,,,,,,,
front_end,,True,kiss_icp_odometry,,,,,,,,,,,,,,,,,,,,,182777,,,,,,,,,,,,,,,,,,
front_end,,True,kiss_icp_odometry,,,,,,,,,,,,,,,,,,,,,182783,,,,,,,,,,,,,,,,,,
optimized_backend,,,,,,,,,,,,,,,,,,,,,,,,,,,,,,,,,,,106,157,52,,,,pose_graph,True
front_end,,True,kiss_icp_odometry,,,,,,,,,,,,,,,,,,,,,182818,,,,,,,,,,,,,,,,,,
front_end,,True,kiss_icp_odometry,,,,,,,,,,,,,,,,,,,,,182842,,,,,,,,,,,,,,,,,,
front_end,,True,kiss_icp_odometry,,,,,,,,,,,,,,,,,,,,,182863,,,,,,,,,,,,,,,,,,
front_end,,True,kiss_icp_odometry,,,,,,,,,,,,,,,,,,,,,182879,,,,,,,,,,,,,,,,,,
front_end,,True,kiss_icp_odometry,,,,,,,,,,,,,,,,,,,,,182900,,,,,,,,,,,,,,,,,,
front_end,,True,kiss_icp_odometry,,,,,,,,,,,,,,,,,,,,,182905,,,,,,,,,,,,,,,,,,
front_end,,True,kiss_icp_odometry,,,,,,,,,,,,,,,,,,,,,182907,,,,,,,,,,,,,,,,,,
front_end,,True,kiss_icp_odometry,,,,,,,,,,,,,,,,,,,,,182919,,,,,,,,,,,,,,,,,,
front_end,,True,kiss_icp_odometry,,,,,,,,,,,,,,,,,,,,,182940,,,,,,,,,,,,,,,,,,
front_end,,True,kiss_icp_odometry,,,,,,,,,,,,,,,,,,,,,182953,,,,,,,,,,,,,,,,,,
front_end,,True,kiss_icp_odometry,,,,,,,,,,,,,,,,,,,,,182955,,,,,,,,,,,,,,,,,,
front_end,,True,kiss_icp_odometry,,,,,,,,,,,,,,,,,,,,,182958,,,,,,,,,,,,,,,,,,
front_end,,True,kiss_icp_odometry,,,,,,,,,,,,,,,,,,,,,182961,,,,,,,,,,,,,,,,,,
optimized_backend,,,,,,,,,,,,,,,,,,,,,,,,,,,,,,,,,,,107,159,53,,,,pose_graph,True
front_end,,True,kiss_icp_odometry,,,,,,,,,,,,,,,,,,,,,182970,,,,,,,,,,,,,,,,,,
front_end,,True,kiss_icp_odometry,,,,,,,,,,,,,,,,,,,,,182971,,,,,,,,,,,,,,,,,,
front_end,,True,kiss_icp_odometry,,,,,,,,,,,,,,,,,,,,,182973,,,,,,,,,,,,,,,,,,
front_end,,True,kiss_icp_odometry,,,,,,,,,,,,,,,,,,,,,182976,,,,,,,,,,,,,,,,,,
front_end,,True,kiss_icp_odometry,,,,,,,,,,,,,,,,,,,,,182982,,,,,,,,,,,,,,,,,,
front_end,,True,kiss_icp_odometry,,,,,,,,,,,,,,,,,,,,,182992,,,,,,,,,,,,,,,,,,
front_end,,True,kiss_icp_odometry,,,,,,,,,,,,,,,,,,,,,182996,,,,,,,,,,,,,,,,,,
front_end,,True,kiss_icp_odometry,,,,,,,,,,,,,,,,,,,,,183002,,,,,,,,,,,,,,,,,,
front_end,,True,kiss_icp_odometry,,,,,,,,,,,,,,,,,,,,,183004,,,,,,,,,,,,,,,,,,
front_end,,True,kiss_icp_odometry,,,,,,,,,,,,,,,,,,,,,183010,,,,,,,,,,,,,,,,,,
front_end,,True,kiss_icp_odometry,,,,,,,,,,,,,,,,,,,,,183018,,,,,,,,,,,,,,,,,,
front_end,,True,kiss_icp_odometry,,,,,,,,,,,,,,,,,,,,,183020,,,,,,,,,,,,,,,,,,
optimized_backend,,,,,,,,,,,,,,,,,,,,,,,,,,,,,,,,,,,108,161,54,,,,pose_graph,True
front_end,,True,kiss_icp_odometry,,,,,,,,,,,,,,,,,,,,,183023,,,,,,,,,,,,,,,,,,
front_end,,True,kiss_icp_odometry,,,,,,,,,,,,,,,,,,,,,183035,,,,,,,,,,,,,,,,,,
front_end,,True,kiss_icp_odometry,,,,,,,,,,,,,,,,,,,,,183049,,,,,,,,,,,,,,,,,,
front_end,,True,kiss_icp_odometry,,,,,,,,,,,,,,,,,,,,,183067,,,,,,,,,,,,,,,,,,
front_end,,True,kiss_icp_odometry,,,,,,,,,,,,,,,,,,,,,183089,,,,,,,,,,,,,,,,,,
front_end,,True,kiss_icp_odometry,,,,,,,,,,,,,,,,,,,,,183119,,,,,,,,,,,,,,,,,,
front_end,,True,kiss_icp_odometry,,,,,,,,,,,,,,,,,,,,,183144,,,,,,,,,,,,,,,,,,
front_end,,True,kiss_icp_odometry,,,,,,,,,,,,,,,,,,,,,183218,,,,,,,,,,,,,,,,,,
front_end,,True,kiss_icp_odometry,,,,,,,,,,,,,,,,,,,,,183244,,,,,,,,,,,,,,,,,,
front_end,,True,kiss_icp_odometry,,,,,,,,,,,,,,,,,,,,,183273,,,,,,,,,,,,,,,,,,
front_end,,True,kiss_icp_odometry,,,,,,,,,,,,,,,,,,,,,183310,,,,,,,,,,,,,,,,,,
optimized_backend,,,,,,,,,,,,,,,,,,,,,,,,,,,,,,,,,,,109,163,55,,,,pose_graph,True
front_end,,True,kiss_icp_odometry,,,,,,,,,,,,,,,,,,,,,183343,,,,,,,,,,,,,,,,,,
front_end,,True,kiss_icp_odometry,,,,,,,,,,,,,,,,,,,,,183409,,,,,,,,,,,,,,,,,,
front_end,,True,kiss_icp_odometry,,,,,,,,,,,,,,,,,,,,,183441,,,,,,,,,,,,,,,,,,
front_end,,True,kiss_icp_odometry,,,,,,,,,,,,,,,,,,,,,183472,,,,,,,,,,,,,,,,,,
front_end,,True,kiss_icp_odometry,,,,,,,,,,,,,,,,,,,,,183513,,,,,,,,,,,,,,,,,,
front_end,,True,kiss_icp_odometry,,,,,,,,,,,,,,,,,,,,,183547,,,,,,,,,,,,,,,,,,
front_end,,True,kiss_icp_odometry,,,,,,,,,,,,,,,,,,,,,183590,,,,,,,,,,,,,,,,,,
front_end,,True,kiss_icp_odometry,,,,,,,,,,,,,,,,,,,,,183628,,,,,,,,,,,,,,,,,,
optimized_backend,,,,,,,,,,,,,,,,,,,,,,,,,,,,,,,,,,,110,165,56,,,,pose_graph,True
front_end,,True,kiss_icp_odometry,,,,,,,,,,,,,,,,,,,,,183656,,,,,,,,,,,,,,,,,,
front_end,,True,kiss_icp_odometry,,,,,,,,,,,,,,,,,,,,,183681,,,,,,,,,,,,,,,,,,
front_end,,True,kiss_icp_odometry,,,,,,,,,,,,,,,,,,,,,183711,,,,,,,,,,,,,,,,,,
front_end,,True,kiss_icp_odometry,,,,,,,,,,,,,,,,,,,,,183740,,,,,,,,,,,,,,,,,,
front_end,,True,kiss_icp_odometry,,,,,,,,,,,,,,,,,,,,,183778,,,,,,,,,,,,,,,,,,
front_end,,True,kiss_icp_odometry,,,,,,,,,,,,,,,,,,,,,183801,,,,,,,,,,,,,,,,,,
front_end,,True,kiss_icp_odometry,,,,,,,,,,,,,,,,,,,,,183819,,,,,,,,,,,,,,,,,,
front_end,,True,kiss_icp_odometry,,,,,,,,,,,,,,,,,,,,,183856,,,,,,,,,,,,,,,,,,
front_end,,True,kiss_icp_odometry,,,,,,,,,,,,,,,,,,,,,183876,,,,,,,,,,,,,,,,,,
front_end,,True,kiss_icp_odometry,,,,,,,,,,,,,,,,,,,,,183892,,,,,,,,,,,,,,,,,,
front_end,,True,kiss_icp_odometry,,,,,,,,,,,,,,,,,,,,,183903,,,,,,,,,,,,,,,,,,
front_end,,True,kiss_icp_odometry,,,,,,,,,,,,,,,,,,,,,183921,,,,,,,,,,,,,,,,,,
front_end,,True,kiss_icp_odometry,,,,,,,,,,,,,,,,,,,,,183949,,,,,,,,,,,,,,,,,,
front_end,,True,kiss_icp_odometry,,,,,,,,,,,,,,,,,,,,,183967,,,,,,,,,,,,,,,,,,
front_end,,True,kiss_icp_odometry,,,,,,,,,,,,,,,,,,,,,183987,,,,,,,,,,,,,,,,,,
front_end,,True,kiss_icp_odometry,,,,,,,,,,,,,,,,,,,,,183995,,,,,,,,,,,,,,,,,,
front_end,,True,kiss_icp_odometry,,,,,,,,,,,,,,,,,,,,,184062,,,,,,,,,,,,,,,,,,
front_end,,True,kiss_icp_odometry,,,,,,,,,,,,,,,,,,,,,184081,,,,,,,,,,,,,,,,,,
front_end,,True,kiss_icp_odometry,,,,,,,,,,,,,,,,,,,,,184091,,,,,,,,,,,,,,,,,,
front_end,,True,kiss_icp_odometry,,,,,,,,,,,,,,,,,,,,,184114,,,,,,,,,,,,,,,,,,
front_end,,True,kiss_icp_odometry,,,,,,,,,,,,,,,,,,,,,184140,,,,,,,,,,,,,,,,,,
front_end,,True,kiss_icp_odometry,,,,,,,,,,,,,,,,,,,,,184149,,,,,,,,,,,,,,,,,,
front_end,,True,kiss_icp_odometry,,,,,,,,,,,,,,,,,,,,,184161,,,,,,,,,,,,,,,,,,
front_end,,True,kiss_icp_odometry,,,,,,,,,,,,,,,,,,,,,184174,,,,,,,,,,,,,,,,,,
front_end,,True,kiss_icp_odometry,,,,,,,,,,,,,,,,,,,,,184181,,,,,,,,,,,,,,,,,,
front_end,,True,kiss_icp_odometry,,,,,,,,,,,,,,,,,,,,,184461,,,,,,,,,,,,,,,,,,
front_end,,True,kiss_icp_odometry,,,,,,,,,,,,,,,,,,,,,184478,,,,,,,,,,,,,,,,,,
front_end,,True,kiss_icp_odometry,,,,,,,,,,,,,,,,,,,,,184502,,,,,,,,,,,,,,,,,,
front_end,,True,kiss_icp_odometry,,,,,,,,,,,,,,,,,,,,,184535,,,,,,,,,,,,,,,,,,
front_end,,True,kiss_icp_odometry,,,,,,,,,,,,,,,,,,,,,184553,,,,,,,,,,,,,,,,,,
front_end,,True,kiss_icp_odometry,,,,,,,,,,,,,,,,,,,,,184559,,,,,,,,,,,,,,,,,,
front_end,,True,kiss_icp_odometry,,,,,,,,,,,,,,,,,,,,,184589,,,,,,,,,,,,,,,,,,
front_end,,True,kiss_icp_odometry,,,,,,,,,,,,,,,,,,,,,184598,,,,,,,,,,,,,,,,,,
optimized_backend,,,,,,,,,,,,,,,,,,,,,,,,,,,,,,,,,,,111,167,57,,,,pose_graph,True
front_end,,True,kiss_icp_odometry,,,,,,,,,,,,,,,,,,,,,184655,,,,,,,,,,,,,,,,,,
front_end,,True,kiss_icp_odometry,,,,,,,,,,,,,,,,,,,,,184673,,,,,,,,,,,,,,,,,,
front_end,,True,kiss_icp_odometry,,,,,,,,,,,,,,,,,,,,,184703,,,,,,,,,,,,,,,,,,
front_end,,True,kiss_icp_odometry,,,,,,,,,,,,,,,,,,,,,184710,,,,,,,,,,,,,,,,,,
front_end,,True,kiss_icp_odometry,,,,,,,,,,,,,,,,,,,,,184714,,,,,,,,,,,,,,,,,,
front_end,,True,kiss_icp_odometry,,,,,,,,,,,,,,,,,,,,,184720,,,,,,,,,,,,,,,,,,
front_end,,True,kiss_icp_odometry,,,,,,,,,,,,,,,,,,,,,184727,,,,,,,,,,,,,,,,,,
front_end,,True,kiss_icp_odometry,,,,,,,,,,,,,,,,,,,,,184735,,,,,,,,,,,,,,,,,,
front_end,,True,kiss_icp_odometry,,,,,,,,,,,,,,,,,,,,,184744,,,,,,,,,,,,,,,,,,
optimized_backend,,,,,,,,,,,,,,,,,,,,,,,,,,,,,,,,,,,112,169,58,,,,pose_graph,True
front_end,,True,kiss_icp_odometry,,,,,,,,,,,,,,,,,,,,,184753,,,,,,,,,,,,,,,,,,
front_end,,True,kiss_icp_odometry,,,,,,,,,,,,,,,,,,,,,184766,,,,,,,,,,,,,,,,,,
front_end,,True,kiss_icp_odometry,,,,,,,,,,,,,,,,,,,,,184799,,,,,,,,,,,,,,,,,,
front_end,,True,kiss_icp_odometry,,,,,,,,,,,,,,,,,,,,,184826,,,,,,,,,,,,,,,,,,
front_end,,True,kiss_icp_odometry,,,,,,,,,,,,,,,,,,,,,184862,,,,,,,,,,,,,,,,,,
front_end,,True,kiss_icp_odometry,,,,,,,,,,,,,,,,,,,,,184870,,,,,,,,,,,,,,,,,,
optimized_backend,,,,,,,,,,,,,,,,,,,,,,,,,,,,,,,,,,,113,171,59,,,,pose_graph,True
front_end,,True,kiss_icp_odometry,,,,,,,,,,,,,,,,,,,,,184881,,,,,,,,,,,,,,,,,,
front_end,,True,kiss_icp_odometry,,,,,,,,,,,,,,,,,,,,,184888,,,,,,,,,,,,,,,,,,
front_end,,True,kiss_icp_odometry,,,,,,,,,,,,,,,,,,,,,184889,,,,,,,,,,,,,,,,,,
front_end,,True,kiss_icp_odometry,,,,,,,,,,,,,,,,,,,,,184897,,,,,,,,,,,,,,,,,,
front_end,,True,kiss_icp_odometry,,,,,,,,,,,,,,,,,,,,,184910,,,,,,,,,,,,,,,,,,
optimized_backend,,,,,,,,,,,,,,,,,,,,,,,,,,,,,,,,,,,114,173,60,,,,pose_graph,True
front_end,,True,kiss_icp_odometry,,,,,,,,,,,,,,,,,,,,,184921,,,,,,,,,,,,,,,,,,
front_end,,True,kiss_icp_odometry,,,,,,,,,,,,,,,,,,,,,184925,,,,,,,,,,,,,,,,,,
front_end,,True,kiss_icp_odometry,,,,,,,,,,,,,,,,,,,,,184929,,,,,,,,,,,,,,,,,,
front_end,,True,kiss_icp_odometry,,,,,,,,,,,,,,,,,,,,,184933,,,,,,,,,,,,,,,,,,
front_end,,True,kiss_icp_odometry,,,,,,,,,,,,,,,,,,,,,184952,,,,,,,,,,,,,,,,,,
front_end,,True,kiss_icp_odometry,,,,,,,,,,,,,,,,,,,,,184955,,,,,,,,,,,,,,,,,,
front_end,,True,kiss_icp_odometry,,,,,,,,,,,,,,,,,,,,,184962,,,,,,,,,,,,,,,,,,
optimized_backend,,,,,,,,,,,,,,,,,,,,,,,,,,,,,,,,,,,115,175,61,,,,pose_graph,True
front_end,,True,kiss_icp_odometry,,,,,,,,,,,,,,,,,,,,,185002,,,,,,,,,,,,,,,,,,
front_end,,True,kiss_icp_odometry,,,,,,,,,,,,,,,,,,,,,185012,,,,,,,,,,,,,,,,,,
front_end,,True,kiss_icp_odometry,,,,,,,,,,,,,,,,,,,,,185016,,,,,,,,,,,,,,,,,,
front_end,,True,kiss_icp_odometry,,,,,,,,,,,,,,,,,,,,,185022,,,,,,,,,,,,,,,,,,
front_end,,True,kiss_icp_odometry,,,,,,,,,,,,,,,,,,,,,185026,,,,,,,,,,,,,,,,,,
front_end,,True,kiss_icp_odometry,,,,,,,,,,,,,,,,,,,,,185029,,,,,,,,,,,,,,,,,,
front_end,,True,kiss_icp_odometry,,,,,,,,,,,,,,,,,,,,,185032,,,,,,,,,,,,,,,,,,
front_end,,True,kiss_icp_odometry,,,,,,,,,,,,,,,,,,,,,185034,,,,,,,,,,,,,,,,,,
front_end,,True,kiss_icp_odometry,,,,,,,,,,,,,,,,,,,,,185035,,,,,,,,,,,,,,,,,,
front_end,,True,kiss_icp_odometry,,,,,,,,,,,,,,,,,,,,,185039,,,,,,,,,,,,,,,,,,
front_end,,True,kiss_icp_odometry,,,,,,,,,,,,,,,,,,,,,185041,,,,,,,,,,,,,,,,,,
front_end,,True,kiss_icp_odometry,,,,,,,,,,,,,,,,,,,,,185050,,,,,,,,,,,,,,,,,,
front_end,,True,kiss_icp_odometry,,,,,,,,,,,,,,,,,,,,,185056,,,,,,,,,,,,,,,,,,
front_end,,True,kiss_icp_odometry,,,,,,,,,,,,,,,,,,,,,185067,,,,,,,,,,,,,,,,,,
front_end,,True,kiss_icp_odometry,,,,,,,,,,,,,,,,,,,,,185072,,,,,,,,,,,,,,,,,,
front_end,,True,kiss_icp_odometry,,,,,,,,,,,,,,,,,,,,,185073,,,,,,,,,,,,,,,,,,
front_end,,True,kiss_icp_odometry,,,,,,,,,,,,,,,,,,,,,185076,,,,,,,,,,,,,,,,,,
front_end,,True,kiss_icp_odometry,,,,,,,,,,,,,,,,,,,,,185081,,,,,,,,,,,,,,,,,,
front_end,,True,kiss_icp_odometry,,,,,,,,,,,,,,,,,,,,,185085,,,,,,,,,,,,,,,,,,
front_end,,True,kiss_icp_odometry,,,,,,,,,,,,,,,,,,,,,185088,,,,,,,,,,,,,,,,,,
front_end,,True,kiss_icp_odometry,,,,,,,,,,,,,,,,,,,,,185090,,,,,,,,,,,,,,,,,,
front_end,,True,kiss_icp_odometry,,,,,,,,,,,,,,,,,,,,,185092,,,,,,,,,,,,,,,,,,
front_end,,True,kiss_icp_odometry,,,,,,,,,,,,,,,,,,,,,185097,,,,,,,,,,,,,,,,,,
front_end,,True,kiss_icp_odometry,,,,,,,,,,,,,,,,,,,,,185099,,,,,,,,,,,,,,,,,,
front_end,,True,kiss_icp_odometry,,,,,,,,,,,,,,,,,,,,,185102,,,,,,,,,,,,,,,,,,
front_end,,True,kiss_icp_odometry,,,,,,,,,,,,,,,,,,,,,185105,,,,,,,,,,,,,,,,,,
front_end,,True,kiss_icp_odometry,,,,,,,,,,,,,,,,,,,,,185108,,,,,,,,,,,,,,,,,,
front_end,,True,kiss_icp_odometry,,,,,,,,,,,,,,,,,,,,,185112,,,,,,,,,,,,,,,,,,
front_end,,True,kiss_icp_odometry,,,,,,,,,,,,,,,,,,,,,185116,,,,,,,,,,,,,,,,,,
front_end,,True,kiss_icp_odometry,,,,,,,,,,,,,,,,,,,,,185118,,,,,,,,,,,,,,,,,,
front_end,,True,kiss_icp_odometry,,,,,,,,,,,,,,,,,,,,,185121,,,,,,,,,,,,,,,,,,
front_end,,True,kiss_icp_odometry,,,,,,,,,,,,,,,,,,,,,185126,,,,,,,,,,,,,,,,,,
front_end,,True,kiss_icp_odometry,,,,,,,,,,,,,,,,,,,,,185135,,,,,,,,,,,,,,,,,,
front_end,,True,kiss_icp_odometry,,,,,,,,,,,,,,,,,,,,,185139,,,,,,,,,,,,,,,,,,
front_end,,True,kiss_icp_odometry,,,,,,,,,,,,,,,,,,,,,185140,,,,,,,,,,,,,,,,,,
optimized_backend,,,,,,,,,,,,,,,,,,,,,,,,,,,,,,,,,,,116,177,62,,,,pose_graph,True
front_end,,True,kiss_icp_odometry,,,,,,,,,,,,,,,,,,,,,185144,,,,,,,,,,,,,,,,,,
front_end,,True,kiss_icp_odometry,,,,,,,,,,,,,,,,,,,,,185149,,,,,,,,,,,,,,,,,,
front_end,,True,kiss_icp_odometry,,,,,,,,,,,,,,,,,,,,,185153,,,,,,,,,,,,,,,,,,
front_end,,True,kiss_icp_odometry,,,,,,,,,,,,,,,,,,,,,185160,,,,,,,,,,,,,,,,,,
front_end,,True,kiss_icp_odometry,,,,,,,,,,,,,,,,,,,,,185161,,,,,,,,,,,,,,,,,,
front_end,,True,kiss_icp_odometry,,,,,,,,,,,,,,,,,,,,,185165,,,,,,,,,,,,,,,,,,
front_end,,True,kiss_icp_odometry,,,,,,,,,,,,,,,,,,,,,185170,,,,,,,,,,,,,,,,,,
front_end,,True,kiss_icp_odometry,,,,,,,,,,,,,,,,,,,,,185172,,,,,,,,,,,,,,,,,,
front_end,,True,kiss_icp_odometry,,,,,,,,,,,,,,,,,,,,,185175,,,,,,,,,,,,,,,,,,
front_end,,True,kiss_icp_odometry,,,,,,,,,,,,,,,,,,,,,185177,,,,,,,,,,,,,,,,,,
front_end,,True,kiss_icp_odometry,,,,,,,,,,,,,,,,,,,,,185178,,,,,,,,,,,,,,,,,,
front_end,,True,kiss_icp_odometry,,,,,,,,,,,,,,,,,,,,,185183,,,,,,,,,,,,,,,,,,
front_end,,True,kiss_icp_odometry,,,,,,,,,,,,,,,,,,,,,185186,,,,,,,,,,,,,,,,,,
front_end,,True,kiss_icp_odometry,,,,,,,,,,,,,,,,,,,,,185188,,,,,,,,,,,,,,,,,,
front_end,,True,kiss_icp_odometry,,,,,,,,,,,,,,,,,,,,,185190,,,,,,,,,,,,,,,,,,
front_end,,True,kiss_icp_odometry,,,,,,,,,,,,,,,,,,,,,185190,,,,,,,,,,,,,,,,,,
front_end,,True,kiss_icp_odometry,,,,,,,,,,,,,,,,,,,,,185194,,,,,,,,,,,,,,,,,,
front_end,,True,kiss_icp_odometry,,,,,,,,,,,,,,,,,,,,,185204,,,,,,,,,,,,,,,,,,
front_end,,True,kiss_icp_odometry,,,,,,,,,,,,,,,,,,,,,185205,,,,,,,,,,,,,,,,,,
front_end,,True,kiss_icp_odometry,,,,,,,,,,,,,,,,,,,,,185208,,,,,,,,,,,,,,,,,,
front_end,,True,kiss_icp_odometry,,,,,,,,,,,,,,,,,,,,,185208,,,,,,,,,,,,,,,,,,
front_end,,True,kiss_icp_odometry,,,,,,,,,,,,,,,,,,,,,185210,,,,,,,,,,,,,,,,,,
optimized_backend,,,,,,,,,,,,,,,,,,,,,,,,,,,,,,,,,,,117,179,63,,,,pose_graph,True
front_end,,True,kiss_icp_odometry,,,,,,,,,,,,,,,,,,,,,185214,,,,,,,,,,,,,,,,,,
front_end,,True,kiss_icp_odometry,,,,,,,,,,,,,,,,,,,,,185217,,,,,,,,,,,,,,,,,,
front_end,,True,kiss_icp_odometry,,,,,,,,,,,,,,,,,,,,,185223,,,,,,,,,,,,,,,,,,
front_end,,True,kiss_icp_odometry,,,,,,,,,,,,,,,,,,,,,185225,,,,,,,,,,,,,,,,,,
front_end,,True,kiss_icp_odometry,,,,,,,,,,,,,,,,,,,,,185229,,,,,,,,,,,,,,,,,,
front_end,,True,kiss_icp_odometry,,,,,,,,,,,,,,,,,,,,,185239,,,,,,,,,,,,,,,,,,
front_end,,True,kiss_icp_odometry,,,,,,,,,,,,,,,,,,,,,185243,,,,,,,,,,,,,,,,,,
front_end,,True,kiss_icp_odometry,,,,,,,,,,,,,,,,,,,,,185248,,,,,,,,,,,,,,,,,,
front_end,,True,kiss_icp_odometry,,,,,,,,,,,,,,,,,,,,,185253,,,,,,,,,,,,,,,,,,
front_end,,True,kiss_icp_odometry,,,,,,,,,,,,,,,,,,,,,185262,,,,,,,,,,,,,,,,,,
front_end,,True,kiss_icp_odometry,,,,,,,,,,,,,,,,,,,,,185264,,,,,,,,,,,,,,,,,,
front_end,,True,kiss_icp_odometry,,,,,,,,,,,,,,,,,,,,,185279,,,,,,,,,,,,,,,,,,
front_end,,True,kiss_icp_odometry,,,,,,,,,,,,,,,,,,,,,185289,,,,,,,,,,,,,,,,,,
front_end,,True,kiss_icp_odometry,,,,,,,,,,,,,,,,,,,,,185290,,,,,,,,,,,,,,,,,,
front_end,,True,kiss_icp_odometry,,,,,,,,,,,,,,,,,,,,,185308,,,,,,,,,,,,,,,,,,
front_end,,True,kiss_icp_odometry,,,,,,,,,,,,,,,,,,,,,185312,,,,,,,,,,,,,,,,,,
front_end,,True,kiss_icp_odometry,,,,,,,,,,,,,,,,,,,,,185315,,,,,,,,,,,,,,,,,,
front_end,,True,kiss_icp_odometry,,,,,,,,,,,,,,,,,,,,,185317,,,,,,,,,,,,,,,,,,
front_end,,True,kiss_icp_odometry,,,,,,,,,,,,,,,,,,,,,185320,,,,,,,,,,,,,,,,,,
front_end,,True,kiss_icp_odometry,,,,,,,,,,,,,,,,,,,,,185322,,,,,,,,,,,,,,,,,,
front_end,,True,kiss_icp_odometry,,,,,,,,,,,,,,,,,,,,,185324,,,,,,,,,,,,,,,,,,
front_end,,True,kiss_icp_odometry,,,,,,,,,,,,,,,,,,,,,185327,,,,,,,,,,,,,,,,,,
front_end,,True,kiss_icp_odometry,,,,,,,,,,,,,,,,,,,,,185327,,,,,,,,,,,,,,,,,,
front_end,,True,kiss_icp_odometry,,,,,,,,,,,,,,,,,,,,,185327,,,,,,,,,,,,,,,,,,
front_end,,True,kiss_icp_odometry,,,,,,,,,,,,,,,,,,,,,185329,,,,,,,,,,,,,,,,,,
front_end,,True,kiss_icp_odometry,,,,,,,,,,,,,,,,,,,,,185336,,,,,,,,,,,,,,,,,,
front_end,,True,kiss_icp_odometry,,,,,,,,,,,,,,,,,,,,,185342,,,,,,,,,,,,,,,,,,
front_end,,True,kiss_icp_odometry,,,,,,,,,,,,,,,,,,,,,185350,,,,,,,,,,,,,,,,,,
front_end,,True,kiss_icp_odometry,,,,,,,,,,,,,,,,,,,,,185360,,,,,,,,,,,,,,,,,,
front_end,,True,kiss_icp_odometry,,,,,,,,,,,,,,,,,,,,,185407,,,,,,,,,,,,,,,,,,
front_end,,True,kiss_icp_odometry,,,,,,,,,,,,,,,,,,,,,185476,,,,,,,,,,,,,,,,,,
front_end,,True,kiss_icp_odometry,,,,,,,,,,,,,,,,,,,,,185558,,,,,,,,,,,,,,,,,,
front_end,,True,kiss_icp_odometry,,,,,,,,,,,,,,,,,,,,,185649,,,,,,,,,,,,,,,,,,
front_end,,True,kiss_icp_odometry,,,,,,,,,,,,,,,,,,,,,185660,,,,,,,,,,,,,,,,,,
front_end,,True,kiss_icp_odometry,,,,,,,,,,,,,,,,,,,,,185700,,,,,,,,,,,,,,,,,,
front_end,,True,kiss_icp_odometry,,,,,,,,,,,,,,,,,,,,,185820,,,,,,,,,,,,,,,,,,
front_end,,True,kiss_icp_odometry,,,,,,,,,,,,,,,,,,,,,185826,,,,,,,,,,,,,,,,,,
front_end,,True,kiss_icp_odometry,,,,,,,,,,,,,,,,,,,,,185861,,,,,,,,,,,,,,,,,,
front_end,,True,kiss_icp_odometry,,,,,,,,,,,,,,,,,,,,,185930,,,,,,,,,,,,,,,,,,
front_end,,True,kiss_icp_odometry,,,,,,,,,,,,,,,,,,,,,185935,,,,,,,,,,,,,,,,,,
front_end,,True,kiss_icp_odometry,,,,,,,,,,,,,,,,,,,,,185960,,,,,,,,,,,,,,,,,,
front_end,,True,kiss_icp_odometry,,,,,,,,,,,,,,,,,,,,,185994,,,,,,,,,,,,,,,,,,
front_end,,True,kiss_icp_odometry,,,,,,,,,,,,,,,,,,,,,186003,,,,,,,,,,,,,,,,,,
front_end,,True,kiss_icp_odometry,,,,,,,,,,,,,,,,,,,,,186008,,,,,,,,,,,,,,,,,,
front_end,,True,kiss_icp_odometry,,,,,,,,,,,,,,,,,,,,,186017,,,,,,,,,,,,,,,,,,
front_end,,True,kiss_icp_odometry,,,,,,,,,,,,,,,,,,,,,186025,,,,,,,,,,,,,,,,,,
front_end,,True,kiss_icp_odometry,,,,,,,,,,,,,,,,,,,,,186037,,,,,,,,,,,,,,,,,,
front_end,,True,kiss_icp_odometry,,,,,,,,,,,,,,,,,,,,,186040,,,,,,,,,,,,,,,,,,
front_end,,True,kiss_icp_odometry,,,,,,,,,,,,,,,,,,,,,186044,,,,,,,,,,,,,,,,,,
front_end,,True,kiss_icp_odometry,,,,,,,,,,,,,,,,,,,,,186047,,,,,,,,,,,,,,,,,,
front_end,,True,kiss_icp_odometry,,,,,,,,,,,,,,,,,,,,,186049,,,,,,,,,,,,,,,,,,
front_end,,True,kiss_icp_odometry,,,,,,,,,,,,,,,,,,,,,186052,,,,,,,,,,,,,,,,,,
front_end,,True,kiss_icp_odometry,,,,,,,,,,,,,,,,,,,,,186054,,,,,,,,,,,,,,,,,,
optimized_backend,,,,,,,,,,,,,,,,,,,,,,,,,,,,,,,,,,,118,181,64,,,,pose_graph,True
front_end,,True,kiss_icp_odometry,,,,,,,,,,,,,,,,,,,,,186055,,,,,,,,,,,,,,,,,,
front_end,,True,kiss_icp_odometry,,,,,,,,,,,,,,,,,,,,,186061,,,,,,,,,,,,,,,,,,
front_end,,True,kiss_icp_odometry,,,,,,,,,,,,,,,,,,,,,186066,,,,,,,,,,,,,,,,,,
front_end,,True,kiss_icp_odometry,,,,,,,,,,,,,,,,,,,,,186078,,,,,,,,,,,,,,,,,,
front_end,,True,kiss_icp_odometry,,,,,,,,,,,,,,,,,,,,,186087,,,,,,,,,,,,,,,,,,
front_end,,True,kiss_icp_odometry,,,,,,,,,,,,,,,,,,,,,186095,,,,,,,,,,,,,,,,,,
front_end,,True,kiss_icp_odometry,,,,,,,,,,,,,,,,,,,,,186104,,,,,,,,,,,,,,,,,,
front_end,,True,kiss_icp_odometry,,,,,,,,,,,,,,,,,,,,,186123,,,,,,,,,,,,,,,,,,
front_end,,True,kiss_icp_odometry,,,,,,,,,,,,,,,,,,,,,186145,,,,,,,,,,,,,,,,,,
optimized_backend,,,,,,,,,,,,,,,,,,,,,,,,,,,,,,,,,,,119,183,65,,,,pose_graph,True
front_end,,True,kiss_icp_odometry,,,,,,,,,,,,,,,,,,,,,186155,,,,,,,,,,,,,,,,,,
front_end,,True,kiss_icp_odometry,,,,,,,,,,,,,,,,,,,,,186164,,,,,,,,,,,,,,,,,,
front_end,,True,kiss_icp_odometry,,,,,,,,,,,,,,,,,,,,,186176,,,,,,,,,,,,,,,,,,
front_end,,True,kiss_icp_odometry,,,,,,,,,,,,,,,,,,,,,186186,,,,,,,,,,,,,,,,,,
front_end,,True,kiss_icp_odometry,,,,,,,,,,,,,,,,,,,,,186203,,,,,,,,,,,,,,,,,,
front_end,,True,kiss_icp_odometry,,,,,,,,,,,,,,,,,,,,,186216,,,,,,,,,,,,,,,,,,
front_end,,True,kiss_icp_odometry,,,,,,,,,,,,,,,,,,,,,186221,,,,,,,,,,,,,,,,,,
front_end,,True,kiss_icp_odometry,,,,,,,,,,,,,,,,,,,,,186231,,,,,,,,,,,,,,,,,,
front_end,,True,kiss_icp_odometry,,,,,,,,,,,,,,,,,,,,,186248,,,,,,,,,,,,,,,,,,
front_end,,True,kiss_icp_odometry,,,,,,,,,,,,,,,,,,,,,186263,,,,,,,,,,,,,,,,,,
front_end,,True,kiss_icp_odometry,,,,,,,,,,,,,,,,,,,,,186270,,,,,,,,,,,,,,,,,,
front_end,,True,kiss_icp_odometry,,,,,,,,,,,,,,,,,,,,,186280,,,,,,,,,,,,,,,,,,
front_end,,True,kiss_icp_odometry,,,,,,,,,,,,,,,,,,,,,186294,,,,,,,,,,,,,,,,,,
front_end,,True,kiss_icp_odometry,,,,,,,,,,,,,,,,,,,,,186302,,,,,,,,,,,,,,,,,,
optimized_backend,,,,,,,,,,,,,,,,,,,,,,,,,,,,,,,,,,,120,185,66,,,,pose_graph,True
front_end,,True,kiss_icp_odometry,,,,,,,,,,,,,,,,,,,,,186320,,,,,,,,,,,,,,,,,,
front_end,,True,kiss_icp_odometry,,,,,,,,,,,,,,,,,,,,,186336,,,,,,,,,,,,,,,,,,
front_end,,True,kiss_icp_odometry,,,,,,,,,,,,,,,,,,,,,186350,,,,,,,,,,,,,,,,,,
front_end,,True,kiss_icp_odometry,,,,,,,,,,,,,,,,,,,,,186359,,,,,,,,,,,,,,,,,,
front_end,,True,kiss_icp_odometry,,,,,,,,,,,,,,,,,,,,,186373,,,,,,,,,,,,,,,,,,
front_end,,True,kiss_icp_odometry,,,,,,,,,,,,,,,,,,,,,186386,,,,,,,,,,,,,,,,,,
front_end,,True,kiss_icp_odometry,,,,,,,,,,,,,,,,,,,,,186399,,,,,,,,,,,,,,,,,,
front_end,,True,kiss_icp_odometry,,,,,,,,,,,,,,,,,,,,,186405,,,,,,,,,,,,,,,,,,
front_end,,True,kiss_icp_odometry,,,,,,,,,,,,,,,,,,,,,186420,,,,,,,,,,,,,,,,,,
front_end,,True,kiss_icp_odometry,,,,,,,,,,,,,,,,,,,,,186432,,,,,,,,,,,,,,,,,,
optimized_backend,,,,,,,,,,,,,,,,,,,,,,,,,,,,,,,,,,,121,187,67,,,,pose_graph,True
front_end,,True,kiss_icp_odometry,,,,,,,,,,,,,,,,,,,,,186466,,,,,,,,,,,,,,,,,,
front_end,,True,kiss_icp_odometry,,,,,,,,,,,,,,,,,,,,,186508,,,,,,,,,,,,,,,,,,
front_end,,True,kiss_icp_odometry,,,,,,,,,,,,,,,,,,,,,186536,,,,,,,,,,,,,,,,,,
front_end,,True,kiss_icp_odometry,,,,,,,,,,,,,,,,,,,,,186552,,,,,,,,,,,,,,,,,,
front_end,,True,kiss_icp_odometry,,,,,,,,,,,,,,,,,,,,,186567,,,,,,,,,,,,,,,,,,
front_end,,True,kiss_icp_odometry,,,,,,,,,,,,,,,,,,,,,186579,,,,,,,,,,,,,,,,,,
front_end,,True,kiss_icp_odometry,,,,,,,,,,,,,,,,,,,,,186605,,,,,,,,,,,,,,,,,,
front_end,,True,kiss_icp_odometry,,,,,,,,,,,,,,,,,,,,,186629,,,,,,,,,,,,,,,,,,
optimized_backend,,,,,,,,,,,,,,,,,,,,,,,,,,,,,,,,,,,122,189,68,,,,pose_graph,True
front_end,,True,kiss_icp_odometry,,,,,,,,,,,,,,,,,,,,,186655,,,,,,,,,,,,,,,,,,
front_end,,True,kiss_icp_odometry,,,,,,,,,,,,,,,,,,,,,186678,,,,,,,,,,,,,,,,,,
front_end,,True,kiss_icp_odometry,,,,,,,,,,,,,,,,,,,,,186777,,,,,,,,,,,,,,,,,,
front_end,,True,kiss_icp_odometry,,,,,,,,,,,,,,,,,,,,,186852,,,,,,,,,,,,,,,,,,
front_end,,True,kiss_icp_odometry,,,,,,,,,,,,,,,,,,,,,186908,,,,,,,,,,,,,,,,,,
front_end,,True,kiss_icp_odometry,,,,,,,,,,,,,,,,,,,,,186947,,,,,,,,,,,,,,,,,,
front_end,,True,kiss_icp_odometry,,,,,,,,,,,,,,,,,,,,,186983,,,,,,,,,,,,,,,,,,
front_end,,True,kiss_icp_odometry,,,,,,,,,,,,,,,,,,,,,187027,,,,,,,,,,,,,,,,,,
front_end,,True,kiss_icp_odometry,,,,,,,,,,,,,,,,,,,,,187130,,,,,,,,,,,,,,,,,,
front_end,,True,kiss_icp_odometry,,,,,,,,,,,,,,,,,,,,,187183,,,,,,,,,,,,,,,,,,
front_end,,True,kiss_icp_odometry,,,,,,,,,,,,,,,,,,,,,187316,,,,,,,,,,,,,,,,,,
front_end,,True,kiss_icp_odometry,,,,,,,,,,,,,,,,,,,,,187448,,,,,,,,,,,,,,,,,,
front_end,,True,kiss_icp_odometry,,,,,,,,,,,,,,,,,,,,,187545,,,,,,,,,,,,,,,,,,
front_end,,True,kiss_icp_odometry,,,,,,,,,,,,,,,,,,,,,187609,,,,,,,,,,,,,,,,,,
optimized_backend,,,,,,,,,,,,,,,,,,,,,,,,,,,,,,,,,,,123,191,69,,,,pose_graph,True
front_end,,True,kiss_icp_odometry,,,,,,,,,,,,,,,,,,,,,187685,,,,,,,,,,,,,,,,,,
front_end,,True,kiss_icp_odometry,,,,,,,,,,,,,,,,,,,,,187762,,,,,,,,,,,,,,,,,,
front_end,,True,kiss_icp_odometry,,,,,,,,,,,,,,,,,,,,,187797,,,,,,,,,,,,,,,,,,
front_end,,True,kiss_icp_odometry,,,,,,,,,,,,,,,,,,,,,187853,,,,,,,,,,,,,,,,,,
front_end,,True,kiss_icp_odometry,,,,,,,,,,,,,,,,,,,,,187904,,,,,,,,,,,,,,,,,,
front_end,,True,kiss_icp_odometry,,,,,,,,,,,,,,,,,,,,,187949,,,,,,,,,,,,,,,,,,
front_end,,True,kiss_icp_odometry,,,,,,,,,,,,,,,,,,,,,187986,,,,,,,,,,,,,,,,,,
front_end,,True,kiss_icp_odometry,,,,,,,,,,,,,,,,,,,,,188052,,,,,,,,,,,,,,,,,,
front_end,,True,kiss_icp_odometry,,,,,,,,,,,,,,,,,,,,,188101,,,,,,,,,,,,,,,,,,
front_end,,True,kiss_icp_odometry,,,,,,,,,,,,,,,,,,,,,188136,,,,,,,,,,,,,,,,,,
front_end,,True,kiss_icp_odometry,,,,,,,,,,,,,,,,,,,,,188194,,,,,,,,,,,,,,,,,,
optimized_backend,,,,,,,,,,,,,,,,,,,,,,,,,,,,,,,,,,,124,193,70,,,,pose_graph,True
front_end,,True,kiss_icp_odometry,,,,,,,,,,,,,,,,,,,,,188218,,,,,,,,,,,,,,,,,,
front_end,,True,kiss_icp_odometry,,,,,,,,,,,,,,,,,,,,,188253,,,,,,,,,,,,,,,,,,
front_end,,True,kiss_icp_odometry,,,,,,,,,,,,,,,,,,,,,188463,,,,,,,,,,,,,,,,,,
front_end,,True,kiss_icp_odometry,,,,,,,,,,,,,,,,,,,,,188503,,,,,,,,,,,,,,,,,,
front_end,,True,kiss_icp_odometry,,,,,,,,,,,,,,,,,,,,,188615,,,,,,,,,,,,,,,,,,
front_end,,True,kiss_icp_odometry,,,,,,,,,,,,,,,,,,,,,188639,,,,,,,,,,,,,,,,,,
front_end,,True,kiss_icp_odometry,,,,,,,,,,,,,,,,,,,,,188667,,,,,,,,,,,,,,,,,,
front_end,,True,kiss_icp_odometry,,,,,,,,,,,,,,,,,,,,,188685,,,,,,,,,,,,,,,,,,
front_end,,True,kiss_icp_odometry,,,,,,,,,,,,,,,,,,,,,188702,,,,,,,,,,,,,,,,,,
front_end,,True,kiss_icp_odometry,,,,,,,,,,,,,,,,,,,,,188743,,,,,,,,,,,,,,,,,,
front_end,,True,kiss_icp_odometry,,,,,,,,,,,,,,,,,,,,,188784,,,,,,,,,,,,,,,,,,
front_end,,True,kiss_icp_odometry,,,,,,,,,,,,,,,,,,,,,188814,,,,,,,,,,,,,,,,,,
front_end,,True,kiss_icp_odometry,,,,,,,,,,,,,,,,,,,,,188834,,,,,,,,,,,,,,,,,,
front_end,,True,kiss_icp_odometry,,,,,,,,,,,,,,,,,,,,,188864,,,,,,,,,,,,,,,,,,
front_end,,True,kiss_icp_odometry,,,,,,,,,,,,,,,,,,,,,188882,,,,,,,,,,,,,,,,,,
front_end,,True,kiss_icp_odometry,,,,,,,,,,,,,,,,,,,,,188894,,,,,,,,,,,,,,,,,,
front_end,,True,kiss_icp_odometry,,,,,,,,,,,,,,,,,,,,,188927,,,,,,,,,,,,,,,,,,
front_end,,True,kiss_icp_odometry,,,,,,,,,,,,,,,,,,,,,188965,,,,,,,,,,,,,,,,,,
front_end,,True,kiss_icp_odometry,,,,,,,,,,,,,,,,,,,,,189024,,,,,,,,,,,,,,,,,,
front_end,,True,kiss_icp_odometry,,,,,,,,,,,,,,,,,,,,,189050,,,,,,,,,,,,,,,,,,
optimized_backend,,,,,,,,,,,,,,,,,,,,,,,,,,,,,,,,,,,125,195,71,,,,pose_graph,True
front_end,,True,kiss_icp_odometry,,,,,,,,,,,,,,,,,,,,,189071,,,,,,,,,,,,,,,,,,
front_end,,True,kiss_icp_odometry,,,,,,,,,,,,,,,,,,,,,189093,,,,,,,,,,,,,,,,,,
front_end,,True,kiss_icp_odometry,,,,,,,,,,,,,,,,,,,,,189103,,,,,,,,,,,,,,,,,,
front_end,,True,kiss_icp_odometry,,,,,,,,,,,,,,,,,,,,,189129,,,,,,,,,,,,,,,,,,
front_end,,True,kiss_icp_odometry,,,,,,,,,,,,,,,,,,,,,189151,,,,,,,,,,,,,,,,,,
front_end,,True,kiss_icp_odometry,,,,,,,,,,,,,,,,,,,,,189172,,,,,,,,,,,,,,,,,,
front_end,,True,kiss_icp_odometry,,,,,,,,,,,,,,,,,,,,,189194,,,,,,,,,,,,,,,,,,
front_end,,True,kiss_icp_odometry,,,,,,,,,,,,,,,,,,,,,189218,,,,,,,,,,,,,,,,,,
front_end,,True,kiss_icp_odometry,,,,,,,,,,,,,,,,,,,,,189232,,,,,,,,,,,,,,,,,,
optimized_backend,,,,,,,,,,,,,,,,,,,,,,,,,,,,,,,,,,,126,197,72,,,,pose_graph,True
front_end,,True,kiss_icp_odometry,,,,,,,,,,,,,,,,,,,,,189255,,,,,,,,,,,,,,,,,,
front_end,,True,kiss_icp_odometry,,,,,,,,,,,,,,,,,,,,,189269,,,,,,,,,,,,,,,,,,
front_end,,True,kiss_icp_odometry,,,,,,,,,,,,,,,,,,,,,189290,,,,,,,,,,,,,,,,,,
front_end,,True,kiss_icp_odometry,,,,,,,,,,,,,,,,,,,,,189298,,,,,,,,,,,,,,,,,,
front_end,,True,kiss_icp_odometry,,,,,,,,,,,,,,,,,,,,,189312,,,,,,,,,,,,,,,,,,
front_end,,True,kiss_icp_odometry,,,,,,,,,,,,,,,,,,,,,189335,,,,,,,,,,,,,,,,,,
front_end,,True,kiss_icp_odometry,,,,,,,,,,,,,,,,,,,,,189354,,,,,,,,,,,,,,,,,,
front_end,,True,kiss_icp_odometry,,,,,,,,,,,,,,,,,,,,,189362,,,,,,,,,,,,,,,,,,
optimized_backend,,,,,,,,,,,,,,,,,,,,,,,,,,,,,,,,,,,127,199,73,,,,pose_graph,True
front_end,,True,kiss_icp_odometry,,,,,,,,,,,,,,,,,,,,,189374,,,,,,,,,,,,,,,,,,
front_end,,True,kiss_icp_odometry,,,,,,,,,,,,,,,,,,,,,189381,,,,,,,,,,,,,,,,,,
front_end,,True,kiss_icp_odometry,,,,,,,,,,,,,,,,,,,,,189389,,,,,,,,,,,,,,,,,,
front_end,,True,kiss_icp_odometry,,,,,,,,,,,,,,,,,,,,,189397,,,,,,,,,,,,,,,,,,
front_end,,True,kiss_icp_odometry,,,,,,,,,,,,,,,,,,,,,189419,,,,,,,,,,,,,,,,,,
front_end,,True,kiss_icp_odometry,,,,,,,,,,,,,,,,,,,,,189499,,,,,,,,,,,,,,,,,,
front_end,,True,kiss_icp_odometry,,,,,,,,,,,,,,,,,,,,,189525,,,,,,,,,,,,,,,,,,
front_end,,True,kiss_icp_odometry,,,,,,,,,,,,,,,,,,,,,189563,,,,,,,,,,,,,,,,,,
front_end,,True,kiss_icp_odometry,,,,,,,,,,,,,,,,,,,,,189591,,,,,,,,,,,,,,,,,,
optimized_backend,,,,,,,,,,,,,,,,,,,,,,,,,,,,,,,,,,,128,201,74,,,,pose_graph,True
front_end,,True,kiss_icp_odometry,,,,,,,,,,,,,,,,,,,,,189614,,,,,,,,,,,,,,,,,,
front_end,,True,kiss_icp_odometry,,,,,,,,,,,,,,,,,,,,,189639,,,,,,,,,,,,,,,,,,
front_end,,True,kiss_icp_odometry,,,,,,,,,,,,,,,,,,,,,189649,,,,,,,,,,,,,,,,,,
front_end,,True,kiss_icp_odometry,,,,,,,,,,,,,,,,,,,,,189661,,,,,,,,,,,,,,,,,,
front_end,,True,kiss_icp_odometry,,,,,,,,,,,,,,,,,,,,,189668,,,,,,,,,,,,,,,,,,
front_end,,True,kiss_icp_odometry,,,,,,,,,,,,,,,,,,,,,189678,,,,,,,,,,,,,,,,,,
front_end,,True,kiss_icp_odometry,,,,,,,,,,,,,,,,,,,,,189687,,,,,,,,,,,,,,,,,,
front_end,,True,kiss_icp_odometry,,,,,,,,,,,,,,,,,,,,,189695,,,,,,,,,,,,,,,,,,
optimized_backend,,,,,,,,,,,,,,,,,,,,,,,,,,,,,,,,,,,129,203,75,,,,pose_graph,True
front_end,,True,kiss_icp_odometry,,,,,,,,,,,,,,,,,,,,,189705,,,,,,,,,,,,,,,,,,
front_end,,True,kiss_icp_odometry,,,,,,,,,,,,,,,,,,,,,189711,,,,,,,,,,,,,,,,,,
front_end,,True,kiss_icp_odometry,,,,,,,,,,,,,,,,,,,,,189725,,,,,,,,,,,,,,,,,,
front_end,,True,kiss_icp_odometry,,,,,,,,,,,,,,,,,,,,,189738,,,,,,,,,,,,,,,,,,
front_end,,True,kiss_icp_odometry,,,,,,,,,,,,,,,,,,,,,189742,,,,,,,,,,,,,,,,,,
front_end,,True,kiss_icp_odometry,,,,,,,,,,,,,,,,,,,,,189745,,,,,,,,,,,,,,,,,,
front_end,,True,kiss_icp_odometry,,,,,,,,,,,,,,,,,,,,,189750,,,,,,,,,,,,,,,,,,
front_end,,True,kiss_icp_odometry,,,,,,,,,,,,,,,,,,,,,189754,,,,,,,,,,,,,,,,,,
front_end,,True,kiss_icp_odometry,,,,,,,,,,,,,,,,,,,,,189761,,,,,,,,,,,,,,,,,,
optimized_backend,,,,,,,,,,,,,,,,,,,,,,,,,,,,,,,,,,,130,205,76,,,,pose_graph,True
front_end,,True,kiss_icp_odometry,,,,,,,,,,,,,,,,,,,,,189769,,,,,,,,,,,,,,,,,,
front_end,,True,kiss_icp_odometry,,,,,,,,,,,,,,,,,,,,,189779,,,,,,,,,,,,,,,,,,
front_end,,True,kiss_icp_odometry,,,,,,,,,,,,,,,,,,,,,189799,,,,,,,,,,,,,,,,,,
front_end,,True,kiss_icp_odometry,,,,,,,,,,,,,,,,,,,,,189806,,,,,,,,,,,,,,,,,,
front_end,,True,kiss_icp_odometry,,,,,,,,,,,,,,,,,,,,,189810,,,,,,,,,,,,,,,,,,
front_end,,True,kiss_icp_odometry,,,,,,,,,,,,,,,,,,,,,189830,,,,,,,,,,,,,,,,,,
front_end,,True,kiss_icp_odometry,,,,,,,,,,,,,,,,,,,,,189840,,,,,,,,,,,,,,,,,,
front_end,,True,kiss_icp_odometry,,,,,,,,,,,,,,,,,,,,,189854,,,,,,,,,,,,,,,,,,
optimized_backend,,,,,,,,,,,,,,,,,,,,,,,,,,,,,,,,,,,131,207,77,,,,pose_graph,True
front_end,,True,kiss_icp_odometry,,,,,,,,,,,,,,,,,,,,,189862,,,,,,,,,,,,,,,,,,
front_end,,True,kiss_icp_odometry,,,,,,,,,,,,,,,,,,,,,189871,,,,,,,,,,,,,,,,,,
front_end,,True,kiss_icp_odometry,,,,,,,,,,,,,,,,,,,,,189879,,,,,,,,,,,,,,,,,,
front_end,,True,kiss_icp_odometry,,,,,,,,,,,,,,,,,,,,,189880,,,,,,,,,,,,,,,,,,
front_end,,True,kiss_icp_odometry,,,,,,,,,,,,,,,,,,,,,189886,,,,,,,,,,,,,,,,,,
front_end,,True,kiss_icp_odometry,,,,,,,,,,,,,,,,,,,,,189890,,,,,,,,,,,,,,,,,,
front_end,,True,kiss_icp_odometry,,,,,,,,,,,,,,,,,,,,,189898,,,,,,,,,,,,,,,,,,
front_end,,True,kiss_icp_odometry,,,,,,,,,,,,,,,,,,,,,189902,,,,,,,,,,,,,,,,,,
front_end,,True,kiss_icp_odometry,,,,,,,,,,,,,,,,,,,,,189909,,,,,,,,,,,,,,,,,,
front_end,,True,kiss_icp_odometry,,,,,,,,,,,,,,,,,,,,,189913,,,,,,,,,,,,,,,,,,
front_end,,True,kiss_icp_odometry,,,,,,,,,,,,,,,,,,,,,189917,,,,,,,,,,,,,,,,,,
front_end,,True,kiss_icp_odometry,,,,,,,,,,,,,,,,,,,,,189926,,,,,,,,,,,,,,,,,,
front_end,,True,kiss_icp_odometry,,,,,,,,,,,,,,,,,,,,,189928,,,,,,,,,,,,,,,,,,
front_end,,True,kiss_icp_odometry,,,,,,,,,,,,,,,,,,,,,189933,,,,,,,,,,,,,,,,,,
front_end,,True,kiss_icp_odometry,,,,,,,,,,,,,,,,,,,,,190005,,,,,,,,,,,,,,,,,,
front_end,,True,kiss_icp_odometry,,,,,,,,,,,,,,,,,,,,,190014,,,,,,,,,,,,,,,,,,
front_end,,True,kiss_icp_odometry,,,,,,,,,,,,,,,,,,,,,190047,,,,,,,,,,,,,,,,,,
front_end,,True,kiss_icp_odometry,,,,,,,,,,,,,,,,,,,,,190053,,,,,,,,,,,,,,,,,,
front_end,,True,kiss_icp_odometry,,,,,,,,,,,,,,,,,,,,,190074,,,,,,,,,,,,,,,,,,
front_end,,True,kiss_icp_odometry,,,,,,,,,,,,,,,,,,,,,190119,,,,,,,,,,,,,,,,,,
front_end,,True,kiss_icp_odometry,,,,,,,,,,,,,,,,,,,,,190128,,,,,,,,,,,,,,,,,,
front_end,,True,kiss_icp_odometry,,,,,,,,,,,,,,,,,,,,,190140,,,,,,,,,,,,,,,,,,
front_end,,True,kiss_icp_odometry,,,,,,,,,,,,,,,,,,,,,190143,,,,,,,,,,,,,,,,,,
front_end,,True,kiss_icp_odometry,,,,,,,,,,,,,,,,,,,,,190146,,,,,,,,,,,,,,,,,,
front_end,,True,kiss_icp_odometry,,,,,,,,,,,,,,,,,,,,,190155,,,,,,,,,,,,,,,,,,
front_end,,True,kiss_icp_odometry,,,,,,,,,,,,,,,,,,,,,190162,,,,,,,,,,,,,,,,,,
front_end,,True,kiss_icp_odometry,,,,,,,,,,,,,,,,,,,,,190167,,,,,,,,,,,,,,,,,,
front_end,,True,kiss_icp_odometry,,,,,,,,,,,,,,,,,,,,,190176,,,,,,,,,,,,,,,,,,
front_end,,True,kiss_icp_odometry,,,,,,,,,,,,,,,,,,,,,190185,,,,,,,,,,,,,,,,,,
front_end,,True,kiss_icp_odometry,,,,,,,,,,,,,,,,,,,,,190198,,,,,,,,,,,,,,,,,,
front_end,,True,kiss_icp_odometry,,,,,,,,,,,,,,,,,,,,,190221,,,,,,,,,,,,,,,,,,
front_end,,True,kiss_icp_odometry,,,,,,,,,,,,,,,,,,,,,190227,,,,,,,,,,,,,,,,,,
front_end,,True,kiss_icp_odometry,,,,,,,,,,,,,,,,,,,,,190232,,,,,,,,,,,,,,,,,,
front_end,,True,kiss_icp_odometry,,,,,,,,,,,,,,,,,,,,,190240,,,,,,,,,,,,,,,,,,
front_end,,True,kiss_icp_odometry,,,,,,,,,,,,,,,,,,,,,190242,,,,,,,,,,,,,,,,,,
front_end,,True,kiss_icp_odometry,,,,,,,,,,,,,,,,,,,,,190244,,,,,,,,,,,,,,,,,,
front_end,,True,kiss_icp_odometry,,,,,,,,,,,,,,,,,,,,,190266,,,,,,,,,,,,,,,,,,
front_end,,True,kiss_icp_odometry,,,,,,,,,,,,,,,,,,,,,190269,,,,,,,,,,,,,,,,,,
front_end,,True,kiss_icp_odometry,,,,,,,,,,,,,,,,,,,,,190273,,,,,,,,,,,,,,,,,,
front_end,,True,kiss_icp_odometry,,,,,,,,,,,,,,,,,,,,,190281,,,,,,,,,,,,,,,,,,
front_end,,True,kiss_icp_odometry,,,,,,,,,,,,,,,,,,,,,190294,,,,,,,,,,,,,,,,,,
front_end,,True,kiss_icp_odometry,,,,,,,,,,,,,,,,,,,,,190305,,,,,,,,,,,,,,,,,,
front_end,,True,kiss_icp_odometry,,,,,,,,,,,,,,,,,,,,,190312,,,,,,,,,,,,,,,,,,
front_end,,True,kiss_icp_odometry,,,,,,,,,,,,,,,,,,,,,190314,,,,,,,,,,,,,,,,,,
front_end,,True,kiss_icp_odometry,,,,,,,,,,,,,,,,,,,,,190323,,,,,,,,,,,,,,,,,,
front_end,,True,kiss_icp_odometry,,,,,,,,,,,,,,,,,,,,,190338,,,,,,,,,,,,,,,,,,
front_end,,True,kiss_icp_odometry,,,,,,,,,,,,,,,,,,,,,190355,,,,,,,,,,,,,,,,,,
front_end,,True,kiss_icp_odometry,,,,,,,,,,,,,,,,,,,,,190383,,,,,,,,,,,,,,,,,,
front_end,,True,kiss_icp_odometry,,,,,,,,,,,,,,,,,,,,,190411,,,,,,,,,,,,,,,,,,
front_end,,True,kiss_icp_odometry,,,,,,,,,,,,,,,,,,,,,190440,,,,,,,,,,,,,,,,,,
optimized_backend,,,,,,,,,,,,,,,,,,,,,,,,,,,,,,,,,,,132,209,78,,,,pose_graph,True
front_end,,True,kiss_icp_odometry,,,,,,,,,,,,,,,,,,,,,190454,,,,,,,,,,,,,,,,,,
front_end,,True,kiss_icp_odometry,,,,,,,,,,,,,,,,,,,,,190456,,,,,,,,,,,,,,,,,,
front_end,,True,kiss_icp_odometry,,,,,,,,,,,,,,,,,,,,,190458,,,,,,,,,,,,,,,,,,
front_end,,True,kiss_icp_odometry,,,,,,,,,,,,,,,,,,,,,190462,,,,,,,,,,,,,,,,,,
front_end,,True,kiss_icp_odometry,,,,,,,,,,,,,,,,,,,,,190469,,,,,,,,,,,,,,,,,,
front_end,,True,kiss_icp_odometry,,,,,,,,,,,,,,,,,,,,,190476,,,,,,,,,,,,,,,,,,
front_end,,True,kiss_icp_odometry,,,,,,,,,,,,,,,,,,,,,190503,,,,,,,,,,,,,,,,,,
front_end,,True,kiss_icp_odometry,,,,,,,,,,,,,,,,,,,,,190532,,,,,,,,,,,,,,,,,,
front_end,,True,kiss_icp_odometry,,,,,,,,,,,,,,,,,,,,,190559,,,,,,,,,,,,,,,,,,
front_end,,True,kiss_icp_odometry,,,,,,,,,,,,,,,,,,,,,190576,,,,,,,,,,,,,,,,,,
front_end,,True,kiss_icp_odometry,,,,,,,,,,,,,,,,,,,,,190589,,,,,,,,,,,,,,,,,,
front_end,,True,kiss_icp_odometry,,,,,,,,,,,,,,,,,,,,,190611,,,,,,,,,,,,,,,,,,
front_end,,True,kiss_icp_odometry,,,,,,,,,,,,,,,,,,,,,190616,,,,,,,,,,,,,,,,,,
front_end,,True,kiss_icp_odometry,,,,,,,,,,,,,,,,,,,,,190617,,,,,,,,,,,,,,,,,,
front_end,,True,kiss_icp_odometry,,,,,,,,,,,,,,,,,,,,,190621,,,,,,,,,,,,,,,,,,
front_end,,True,kiss_icp_odometry,,,,,,,,,,,,,,,,,,,,,190624,,,,,,,,,,,,,,,,,,
front_end,,True,kiss_icp_odometry,,,,,,,,,,,,,,,,,,,,,190628,,,,,,,,,,,,,,,,,,
front_end,,True,kiss_icp_odometry,,,,,,,,,,,,,,,,,,,,,190634,,,,,,,,,,,,,,,,,,
front_end,,True,kiss_icp_odometry,,,,,,,,,,,,,,,,,,,,,190643,,,,,,,,,,,,,,,,,,
front_end,,True,kiss_icp_odometry,,,,,,,,,,,,,,,,,,,,,190645,,,,,,,,,,,,,,,,,,
front_end,,True,kiss_icp_odometry,,,,,,,,,,,,,,,,,,,,,190645,,,,,,,,,,,,,,,,,,
front_end,,True,kiss_icp_odometry,,,,,,,,,,,,,,,,,,,,,190649,,,,,,,,,,,,,,,,,,
front_end,,True,kiss_icp_odometry,,,,,,,,,,,,,,,,,,,,,190656,,,,,,,,,,,,,,,,,,
front_end,,True,kiss_icp_odometry,,,,,,,,,,,,,,,,,,,,,190671,,,,,,,,,,,,,,,,,,
front_end,,True,kiss_icp_odometry,,,,,,,,,,,,,,,,,,,,,190678,,,,,,,,,,,,,,,,,,
front_end,,True,kiss_icp_odometry,,,,,,,,,,,,,,,,,,,,,190685,,,,,,,,,,,,,,,,,,
front_end,,True,kiss_icp_odometry,,,,,,,,,,,,,,,,,,,,,190687,,,,,,,,,,,,,,,,,,
front_end,,True,kiss_icp_odometry,,,,,,,,,,,,,,,,,,,,,190696,,,,,,,,,,,,,,,,,,
front_end,,True,kiss_icp_odometry,,,,,,,,,,,,,,,,,,,,,190701,,,,,,,,,,,,,,,,,,
optimized_backend,,,,,,,,,,,,,,,,,,,,,,,,,,,,,,,,,,,133,211,79,,,,pose_graph,True
front_end,,True,kiss_icp_odometry,,,,,,,,,,,,,,,,,,,,,190703,,,,,,,,,,,,,,,,,,
front_end,,True,kiss_icp_odometry,,,,,,,,,,,,,,,,,,,,,190706,,,,,,,,,,,,,,,,,,
front_end,,True,kiss_icp_odometry,,,,,,,,,,,,,,,,,,,,,190713,,,,,,,,,,,,,,,,,,
front_end,,True,kiss_icp_odometry,,,,,,,,,,,,,,,,,,,,,190720,,,,,,,,,,,,,,,,,,
front_end,,True,kiss_icp_odometry,,,,,,,,,,,,,,,,,,,,,190733,,,,,,,,,,,,,,,,,,
front_end,,True,kiss_icp_odometry,,,,,,,,,,,,,,,,,,,,,190749,,,,,,,,,,,,,,,,,,
front_end,,True,kiss_icp_odometry,,,,,,,,,,,,,,,,,,,,,190768,,,,,,,,,,,,,,,,,,
front_end,,True,kiss_icp_odometry,,,,,,,,,,,,,,,,,,,,,190796,,,,,,,,,,,,,,,,,,
front_end,,True,kiss_icp_odometry,,,,,,,,,,,,,,,,,,,,,190813,,,,,,,,,,,,,,,,,,
optimized_backend,,,,,,,,,,,,,,,,,,,,,,,,,,,,,,,,,,,134,213,80,,,,pose_graph,True
front_end,,True,kiss_icp_odometry,,,,,,,,,,,,,,,,,,,,,190833,,,,,,,,,,,,,,,,,,
front_end,,True,kiss_icp_odometry,,,,,,,,,,,,,,,,,,,,,190853,,,,,,,,,,,,,,,,,,
front_end,,True,kiss_icp_odometry,,,,,,,,,,,,,,,,,,,,,190885,,,,,,,,,,,,,,,,,,
front_end,,True,kiss_icp_odometry,,,,,,,,,,,,,,,,,,,,,190904,,,,,,,,,,,,,,,,,,
front_end,,True,kiss_icp_odometry,,,,,,,,,,,,,,,,,,,,,190931,,,,,,,,,,,,,,,,,,
front_end,,True,kiss_icp_odometry,,,,,,,,,,,,,,,,,,,,,190958,,,,,,,,,,,,,,,,,,
front_end,,True,kiss_icp_odometry,,,,,,,,,,,,,,,,,,,,,190978,,,,,,,,,,,,,,,,,,
front_end,,True,kiss_icp_odometry,,,,,,,,,,,,,,,,,,,,,190998,,,,,,,,,,,,,,,,,,
front_end,,True,kiss_icp_odometry,,,,,,,,,,,,,,,,,,,,,191008,,,,,,,,,,,,,,,,,,
front_end,,True,kiss_icp_odometry,,,,,,,,,,,,,,,,,,,,,191025,,,,,,,,,,,,,,,,,,
front_end,,True,kiss_icp_odometry,,,,,,,,,,,,,,,,,,,,,191041,,,,,,,,,,,,,,,,,,
optimized_backend,,,,,,,,,,,,,,,,,,,,,,,,,,,,,,,,,,,135,215,81,,,,pose_graph,True
front_end,,True,kiss_icp_odometry,,,,,,,,,,,,,,,,,,,,,191057,,,,,,,,,,,,,,,,,,
front_end,,True,kiss_icp_odometry,,,,,,,,,,,,,,,,,,,,,191078,,,,,,,,,,,,,,,,,,
front_end,,True,kiss_icp_odometry,,,,,,,,,,,,,,,,,,,,,191095,,,,,,,,,,,,,,,,,,
front_end,,True,kiss_icp_odometry,,,,,,,,,,,,,,,,,,,,,191133,,,,,,,,,,,,,,,,,,
front_end,,True,kiss_icp_odometry,,,,,,,,,,,,,,,,,,,,,191169,,,,,,,,,,,,,,,,,,
front_end,,True,kiss_icp_odometry,,,,,,,,,,,,,,,,,,,,,191186,,,,,,,,,,,,,,,,,,
front_end,,True,kiss_icp_odometry,,,,,,,,,,,,,,,,,,,,,191200,,,,,,,,,,,,,,,,,,
front_end,,True,kiss_icp_odometry,,,,,,,,,,,,,,,,,,,,,191221,,,,,,,,,,,,,,,,,,
front_end,,True,kiss_icp_odometry,,,,,,,,,,,,,,,,,,,,,191251,,,,,,,,,,,,,,,,,,
front_end,,True,kiss_icp_odometry,,,,,,,,,,,,,,,,,,,,,191288,,,,,,,,,,,,,,,,,,
front_end,,True,kiss_icp_odometry,,,,,,,,,,,,,,,,,,,,,191316,,,,,,,,,,,,,,,,,,
optimized_backend,,,,,,,,,,,,,,,,,,,,,,,,,,,,,,,,,,,136,217,82,,,,pose_graph,True
front_end,,True,kiss_icp_odometry,,,,,,,,,,,,,,,,,,,,,191328,,,,,,,,,,,,,,,,,,
front_end,,True,kiss_icp_odometry,,,,,,,,,,,,,,,,,,,,,191363,,,,,,,,,,,,,,,,,,
front_end,,True,kiss_icp_odometry,,,,,,,,,,,,,,,,,,,,,191406,,,,,,,,,,,,,,,,,,
front_end,,True,kiss_icp_odometry,,,,,,,,,,,,,,,,,,,,,191472,,,,,,,,,,,,,,,,,,
front_end,,True,kiss_icp_odometry,,,,,,,,,,,,,,,,,,,,,191500,,,,,,,,,,,,,,,,,,
front_end,,True,kiss_icp_odometry,,,,,,,,,,,,,,,,,,,,,191530,,,,,,,,,,,,,,,,,,
front_end,,True,kiss_icp_odometry,,,,,,,,,,,,,,,,,,,,,191554,,,,,,,,,,,,,,,,,,
front_end,,True,kiss_icp_odometry,,,,,,,,,,,,,,,,,,,,,191608,,,,,,,,,,,,,,,,,,
front_end,,True,kiss_icp_odometry,,,,,,,,,,,,,,,,,,,,,191699,,,,,,,,,,,,,,,,,,
front_end,,True,kiss_icp_odometry,,,,,,,,,,,,,,,,,,,,,191734,,,,,,,,,,,,,,,,,,
front_end,,True,kiss_icp_odometry,,,,,,,,,,,,,,,,,,,,,191769,,,,,,,,,,,,,,,,,,
optimized_backend,,,,,,,,,,,,,,,,,,,,,,,,,,,,,,,,,,,137,219,83,,,,pose_graph,True
front_end,,True,kiss_icp_odometry,,,,,,,,,,,,,,,,,,,,,191845,,,,,,,,,,,,,,,,,,
front_end,,True,kiss_icp_odometry,,,,,,,,,,,,,,,,,,,,,191932,,,,,,,,,,,,,,,,,,
front_end,,True,kiss_icp_odometry,,,,,,,,,,,,,,,,,,,,,192115,,,,,,,,,,,,,,,,,,
front_end,,True,kiss_icp_odometry,,,,,,,,,,,,,,,,,,,,,192211,,,,,,,,,,,,,,,,,,
front_end,,True,kiss_icp_odometry,,,,,,,,,,,,,,,,,,,,,192270,,,,,,,,,,,,,,,,,,
front_end,,True,kiss_icp_odometry,,,,,,,,,,,,,,,,,,,,,192315,,,,,,,,,,,,,,,,,,
front_end,,True,kiss_icp_odometry,,,,,,,,,,,,,,,,,,,,,192349,,,,,,,,,,,,,,,,,,
front_end,,True,kiss_icp_odometry,,,,,,,,,,,,,,,,,,,,,192451,,,,,,,,,,,,,,,,,,
front_end,,True,kiss_icp_odometry,,,,,,,,,,,,,,,,,,,,,192549,,,,,,,,,,,,,,,,,,
front_end,,True,kiss_icp_odometry,,,,,,,,,,,,,,,,,,,,,192589,,,,,,,,,,,,,,,,,,
front_end,,True,kiss_icp_odometry,,,,,,,,,,,,,,,,,,,,,192774,,,,,,,,,,,,,,,,,,
front_end,,True,kiss_icp_odometry,,,,,,,,,,,,,,,,,,,,,192833,,,,,,,,,,,,,,,,,,
front_end,,True,kiss_icp_odometry,,,,,,,,,,,,,,,,,,,,,192912,,,,,,,,,,,,,,,,,,
front_end,,True,kiss_icp_odometry,,,,,,,,,,,,,,,,,,,,,192972,,,,,,,,,,,,,,,,,,
front_end,,True,kiss_icp_odometry,,,,,,,,,,,,,,,,,,,,,193065,,,,,,,,,,,,,,,,,,
optimized_backend,,,,,,,,,,,,,,,,,,,,,,,,,,,,,,,,,,,138,221,84,,,,pose_graph,True
front_end,,True,kiss_icp_odometry,,,,,,,,,,,,,,,,,,,,,193097,,,,,,,,,,,,,,,,,,
front_end,,True,kiss_icp_odometry,,,,,,,,,,,,,,,,,,,,,193122,,,,,,,,,,,,,,,,,,
front_end,,True,kiss_icp_odometry,,,,,,,,,,,,,,,,,,,,,193138,,,,,,,,,,,,,,,,,,
front_end,,True,kiss_icp_odometry,,,,,,,,,,,,,,,,,,,,,193151,,,,,,,,,,,,,,,,,,
front_end,,True,kiss_icp_odometry,,,,,,,,,,,,,,,,,,,,,193168,,,,,,,,,,,,,,,,,,
front_end,,True,kiss_icp_odometry,,,,,,,,,,,,,,,,,,,,,193203,,,,,,,,,,,,,,,,,,
front_end,,True,kiss_icp_odometry,,,,,,,,,,,,,,,,,,,,,193264,,,,,,,,,,,,,,,,,,
front_end,,True,kiss_icp_odometry,,,,,,,,,,,,,,,,,,,,,193290,,,,,,,,,,,,,,,,,,
front_end,,True,kiss_icp_odometry,,,,,,,,,,,,,,,,,,,,,193341,,,,,,,,,,,,,,,,,,
front_end,,True,kiss_icp_odometry,,,,,,,,,,,,,,,,,,,,,193365,,,,,,,,,,,,,,,,,,
front_end,,True,kiss_icp_odometry,,,,,,,,,,,,,,,,,,,,,193386,,,,,,,,,,,,,,,,,,
front_end,,True,kiss_icp_odometry,,,,,,,,,,,,,,,,,,,,,193405,,,,,,,,,,,,,,,,,,
front_end,,True,kiss_icp_odometry,,,,,,,,,,,,,,,,,,,,,193427,,,,,,,,,,,,,,,,,,
front_end,,True,kiss_icp_odometry,,,,,,,,,,,,,,,,,,,,,193449,,,,,,,,,,,,,,,,,,
front_end,,True,kiss_icp_odometry,,,,,,,,,,,,,,,,,,,,,193470,,,,,,,,,,,,,,,,,,
optimized_backend,,,,,,,,,,,,,,,,,,,,,,,,,,,,,,,,,,,139,223,85,,,,pose_graph,True
front_end,,True,kiss_icp_odometry,,,,,,,,,,,,,,,,,,,,,193487,,,,,,,,,,,,,,,,,,
front_end,,True,kiss_icp_odometry,,,,,,,,,,,,,,,,,,,,,193509,,,,,,,,,,,,,,,,,,
front_end,,True,kiss_icp_odometry,,,,,,,,,,,,,,,,,,,,,193526,,,,,,,,,,,,,,,,,,
front_end,,True,kiss_icp_odometry,,,,,,,,,,,,,,,,,,,,,193536,,,,,,,,,,,,,,,,,,
front_end,,True,kiss_icp_odometry,,,,,,,,,,,,,,,,,,,,,193569,,,,,,,,,,,,,,,,,,
front_end,,True,kiss_icp_odometry,,,,,,,,,,,,,,,,,,,,,193583,,,,,,,,,,,,,,,,,,
front_end,,True,kiss_icp_odometry,,,,,,,,,,,,,,,,,,,,,193594,,,,,,,,,,,,,,,,,,
front_end,,True,kiss_icp_odometry,,,,,,,,,,,,,,,,,,,,,193611,,,,,,,,,,,,,,,,,,
front_end,,True,kiss_icp_odometry,,,,,,,,,,,,,,,,,,,,,193624,,,,,,,,,,,,,,,,,,
front_end,,True,kiss_icp_odometry,,,,,,,,,,,,,,,,,,,,,193656,,,,,,,,,,,,,,,,,,
front_end,,True,kiss_icp_odometry,,,,,,,,,,,,,,,,,,,,,193677,,,,,,,,,,,,,,,,,,
front_end,,True,kiss_icp_odometry,,,,,,,,,,,,,,,,,,,,,193694,,,,,,,,,,,,,,,,,,
front_end,,True,kiss_icp_odometry,,,,,,,,,,,,,,,,,,,,,193732,,,,,,,,,,,,,,,,,,
front_end,,True,kiss_icp_odometry,,,,,,,,,,,,,,,,,,,,,193768,,,,,,,,,,,,,,,,,,
front_end,,True,kiss_icp_odometry,,,,,,,,,,,,,,,,,,,,,193816,,,,,,,,,,,,,,,,,,
front_end,,True,kiss_icp_odometry,,,,,,,,,,,,,,,,,,,,,193851,,,,,,,,,,,,,,,,,,
front_end,,True,kiss_icp_odometry,,,,,,,,,,,,,,,,,,,,,193880,,,,,,,,,,,,,,,,,,
front_end,,True,kiss_icp_odometry,,,,,,,,,,,,,,,,,,,,,193902,,,,,,,,,,,,,,,,,,
front_end,,True,kiss_icp_odometry,,,,,,,,,,,,,,,,,,,,,193941,,,,,,,,,,,,,,,,,,
front_end,,True,kiss_icp_odometry,,,,,,,,,,,,,,,,,,,,,193973,,,,,,,,,,,,,,,,,,
front_end,,True,kiss_icp_odometry,,,,,,,,,,,,,,,,,,,,,194018,,,,,,,,,,,,,,,,,,
optimized_backend,,,,,,,,,,,,,,,,,,,,,,,,,,,,,,,,,,,140,225,86,,,,pose_graph,True
front_end,,True,kiss_icp_odometry,,,,,,,,,,,,,,,,,,,,,194066,,,,,,,,,,,,,,,,,,
front_end,,True,kiss_icp_odometry,,,,,,,,,,,,,,,,,,,,,194133,,,,,,,,,,,,,,,,,,
front_end,,True,kiss_icp_odometry,,,,,,,,,,,,,,,,,,,,,194217,,,,,,,,,,,,,,,,,,
front_end,,True,kiss_icp_odometry,,,,,,,,,,,,,,,,,,,,,194341,,,,,,,,,,,,,,,,,,
front_end,,True,kiss_icp_odometry,,,,,,,,,,,,,,,,,,,,,194446,,,,,,,,,,,,,,,,,,
front_end,,True,kiss_icp_odometry,,,,,,,,,,,,,,,,,,,,,194476,,,,,,,,,,,,,,,,,,
front_end,,True,kiss_icp_odometry,,,,,,,,,,,,,,,,,,,,,194506,,,,,,,,,,,,,,,,,,
front_end,,True,kiss_icp_odometry,,,,,,,,,,,,,,,,,,,,,194533,,,,,,,,,,,,,,,,,,
front_end,,True,kiss_icp_odometry,,,,,,,,,,,,,,,,,,,,,194573,,,,,,,,,,,,,,,,,,
front_end,,True,kiss_icp_odometry,,,,,,,,,,,,,,,,,,,,,194609,,,,,,,,,,,,,,,,,,
front_end,,True,kiss_icp_odometry,,,,,,,,,,,,,,,,,,,,,194641,,,,,,,,,,,,,,,,,,
front_end,,True,kiss_icp_odometry,,,,,,,,,,,,,,,,,,,,,194674,,,,,,,,,,,,,,,,,,
front_end,,True,kiss_icp_odometry,,,,,,,,,,,,,,,,,,,,,194717,,,,,,,,,,,,,,,,,,
front_end,,True,kiss_icp_odometry,,,,,,,,,,,,,,,,,,,,,194745,,,,,,,,,,,,,,,,,,
optimized_backend,,,,,,,,,,,,,,,,,,,,,,,,,,,,,,,,,,,141,227,87,,,,pose_graph,True
front_end,,True,kiss_icp_odometry,,,,,,,,,,,,,,,,,,,,,194767,,,,,,,,,,,,,,,,,,
front_end,,True,kiss_icp_odometry,,,,,,,,,,,,,,,,,,,,,194781,,,,,,,,,,,,,,,,,,
front_end,,True,kiss_icp_odometry,,,,,,,,,,,,,,,,,,,,,194794,,,,,,,,,,,,,,,,,,
front_end,,True,kiss_icp_odometry,,,,,,,,,,,,,,,,,,,,,194813,,,,,,,,,,,,,,,,,,
front_end,,True,kiss_icp_odometry,,,,,,,,,,,,,,,,,,,,,194832,,,,,,,,,,,,,,,,,,
front_end,,True,kiss_icp_odometry,,,,,,,,,,,,,,,,,,,,,194863,,,,,,,,,,,,,,,,,,
front_end,,True,kiss_icp_odometry,,,,,,,,,,,,,,,,,,,,,194948,,,,,,,,,,,,,,,,,,
front_end,,True,kiss_icp_odometry,,,,,,,,,,,,,,,,,,,,,195009,,,,,,,,,,,,,,,,,,
front_end,,True,kiss_icp_odometry,,,,,,,,,,,,,,,,,,,,,195056,,,,,,,,,,,,,,,,,,
optimized_backend,,,,,,,,,,,,,,,,,,,,,,,,,,,,,,,,,,,142,229,88,,,,pose_graph,True
front_end,,True,kiss_icp_odometry,,,,,,,,,,,,,,,,,,,,,195075,,,,,,,,,,,,,,,,,,
front_end,,True,kiss_icp_odometry,,,,,,,,,,,,,,,,,,,,,195096,,,,,,,,,,,,,,,,,,
front_end,,True,kiss_icp_odometry,,,,,,,,,,,,,,,,,,,,,195122,,,,,,,,,,,,,,,,,,
front_end,,True,kiss_icp_odometry,,,,,,,,,,,,,,,,,,,,,195158,,,,,,,,,,,,,,,,,,
front_end,,True,kiss_icp_odometry,,,,,,,,,,,,,,,,,,,,,195200,,,,,,,,,,,,,,,,,,
front_end,,True,kiss_icp_odometry,,,,,,,,,,,,,,,,,,,,,195229,,,,,,,,,,,,,,,,,,
front_end,,True,kiss_icp_odometry,,,,,,,,,,,,,,,,,,,,,195265,,,,,,,,,,,,,,,,,,
front_end,,True,kiss_icp_odometry,,,,,,,,,,,,,,,,,,,,,195298,,,,,,,,,,,,,,,,,,
front_end,,True,kiss_icp_odometry,,,,,,,,,,,,,,,,,,,,,195327,,,,,,,,,,,,,,,,,,
optimized_backend,,,,,,,,,,,,,,,,,,,,,,,,,,,,,,,,,,,143,231,89,,,,pose_graph,True
front_end,,True,kiss_icp_odometry,,,,,,,,,,,,,,,,,,,,,195362,,,,,,,,,,,,,,,,,,
front_end,,True,kiss_icp_odometry,,,,,,,,,,,,,,,,,,,,,195396,,,,,,,,,,,,,,,,,,
front_end,,True,kiss_icp_odometry,,,,,,,,,,,,,,,,,,,,,195426,,,,,,,,,,,,,,,,,,
front_end,,True,kiss_icp_odometry,,,,,,,,,,,,,,,,,,,,,195437,,,,,,,,,,,,,,,,,,
front_end,,True,kiss_icp_odometry,,,,,,,,,,,,,,,,,,,,,195464,,,,,,,,,,,,,,,,,,
front_end,,True,kiss_icp_odometry,,,,,,,,,,,,,,,,,,,,,195481,,,,,,,,,,,,,,,,,,
front_end,,True,kiss_icp_odometry,,,,,,,,,,,,,,,,,,,,,195499,,,,,,,,,,,,,,,,,,
front_end,,True,kiss_icp_odometry,,,,,,,,,,,,,,,,,,,,,195511,,,,,,,,,,,,,,,,,,
front_end,,True,kiss_icp_odometry,,,,,,,,,,,,,,,,,,,,,195534,,,,,,,,,,,,,,,,,,
front_end,,True,kiss_icp_odometry,,,,,,,,,,,,,,,,,,,,,195554,,,,,,,,,,,,,,,,,,
optimized_backend,,,,,,,,,,,,,,,,,,,,,,,,,,,,,,,,,,,144,233,90,,,,pose_graph,True
front_end,,True,kiss_icp_odometry,,,,,,,,,,,,,,,,,,,,,195584,,,,,,,,,,,,,,,,,,
front_end,,True,kiss_icp_odometry,,,,,,,,,,,,,,,,,,,,,195591,,,,,,,,,,,,,,,,,,
front_end,,True,kiss_icp_odometry,,,,,,,,,,,,,,,,,,,,,195598,,,,,,,,,,,,,,,,,,
front_end,,True,kiss_icp_odometry,,,,,,,,,,,,,,,,,,,,,195612,,,,,,,,,,,,,,,,,,
front_end,,True,kiss_icp_odometry,,,,,,,,,,,,,,,,,,,,,195620,,,,,,,,,,,,,,,,,,
front_end,,True,kiss_icp_odometry,,,,,,,,,,,,,,,,,,,,,195634,,,,,,,,,,,,,,,,,,
front_end,,True,kiss_icp_odometry,,,,,,,,,,,,,,,,,,,,,195643,,,,,,,,,,,,,,,,,,
front_end,,True,kiss_icp_odometry,,,,,,,,,,,,,,,,,,,,,195646,,,,,,,,,,,,,,,,,,
front_end,,True,kiss_icp_odometry,,,,,,,,,,,,,,,,,,,,,195669,,,,,,,,,,,,,,,,,,
front_end,,True,kiss_icp_odometry,,,,,,,,,,,,,,,,,,,,,195708,,,,,,,,,,,,,,,,,,
optimized_backend,,,,,,,,,,,,,,,,,,,,,,,,,,,,,,,,,,,145,235,91,,,,pose_graph,True
front_end,,True,kiss_icp_odometry,,,,,,,,,,,,,,,,,,,,,195711,,,,,,,,,,,,,,,,,,
front_end,,True,kiss_icp_odometry,,,,,,,,,,,,,,,,,,,,,195735,,,,,,,,,,,,,,,,,,
front_end,,True,kiss_icp_odometry,,,,,,,,,,,,,,,,,,,,,195763,,,,,,,,,,,,,,,,,,
front_end,,True,kiss_icp_odometry,,,,,,,,,,,,,,,,,,,,,195767,,,,,,,,,,,,,,,,,,
front_end,,True,kiss_icp_odometry,,,,,,,,,,,,,,,,,,,,,195788,,,,,,,,,,,,,,,,,,
front_end,,True,kiss_icp_odometry,,,,,,,,,,,,,,,,,,,,,195805,,,,,,,,,,,,,,,,,,
front_end,,True,kiss_icp_odometry,,,,,,,,,,,,,,,,,,,,,195816,,,,,,,,,,,,,,,,,,
front_end,,True,kiss_icp_odometry,,,,,,,,,,,,,,,,,,,,,195822,,,,,,,,,,,,,,,,,,
optimized_backend,,,,,,,,,,,,,,,,,,,,,,,,,,,,,,,,,,,146,237,92,,,,pose_graph,True
front_end,,True,kiss_icp_odometry,,,,,,,,,,,,,,,,,,,,,195829,,,,,,,,,,,,,,,,,,
front_end,,True,kiss_icp_odometry,,,,,,,,,,,,,,,,,,,,,195836,,,,,,,,,,,,,,,,,,
front_end,,True,kiss_icp_odometry,,,,,,,,,,,,,,,,,,,,,195845,,,,,,,,,,,,,,,,,,
front_end,,True,kiss_icp_odometry,,,,,,,,,,,,,,,,,,,,,195866,,,,,,,,,,,,,,,,,,
front_end,,True,kiss_icp_odometry,,,,,,,,,,,,,,,,,,,,,195871,,,,,,,,,,,,,,,,,,
front_end,,True,kiss_icp_odometry,,,,,,,,,,,,,,,,,,,,,195881,,,,,,,,,,,,,,,,,,
front_end,,True,kiss_icp_odometry,,,,,,,,,,,,,,,,,,,,,195901,,,,,,,,,,,,,,,,,,
front_end,,True,kiss_icp_odometry,,,,,,,,,,,,,,,,,,,,,195904,,,,,,,,,,,,,,,,,,
optimized_backend,,,,,,,,,,,,,,,,,,,,,,,,,,,,,,,,,,,147,239,93,,,,pose_graph,True
front_end,,True,kiss_icp_odometry,,,,,,,,,,,,,,,,,,,,,195918,,,,,,,,,,,,,,,,,,
front_end,,True,kiss_icp_odometry,,,,,,,,,,,,,,,,,,,,,195920,,,,,,,,,,,,,,,,,,
front_end,,True,kiss_icp_odometry,,,,,,,,,,,,,,,,,,,,,195934,,,,,,,,,,,,,,,,,,
front_end,,True,kiss_icp_odometry,,,,,,,,,,,,,,,,,,,,,195951,,,,,,,,,,,,,,,,,,
front_end,,True,kiss_icp_odometry,,,,,,,,,,,,,,,,,,,,,195966,,,,,,,,,,,,,,,,,,
front_end,,True,kiss_icp_odometry,,,,,,,,,,,,,,,,,,,,,195983,,,,,,,,,,,,,,,,,,
front_end,,True,kiss_icp_odometry,,,,,,,,,,,,,,,,,,,,,196005,,,,,,,,,,,,,,,,,,
front_end,,True,kiss_icp_odometry,,,,,,,,,,,,,,,,,,,,,196032,,,,,,,,,,,,,,,,,,
front_end,,True,kiss_icp_odometry,,,,,,,,,,,,,,,,,,,,,196048,,,,,,,,,,,,,,,,,,
optimized_backend,,,,,,,,,,,,,,,,,,,,,,,,,,,,,,,,,,,148,241,94,,,,pose_graph,True
front_end,,True,kiss_icp_odometry,,,,,,,,,,,,,,,,,,,,,196087,,,,,,,,,,,,,,,,,,
front_end,,True,kiss_icp_odometry,,,,,,,,,,,,,,,,,,,,,196105,,,,,,,,,,,,,,,,,,
front_end,,True,kiss_icp_odometry,,,,,,,,,,,,,,,,,,,,,196116,,,,,,,,,,,,,,,,,,
front_end,,True,kiss_icp_odometry,,,,,,,,,,,,,,,,,,,,,196129,,,,,,,,,,,,,,,,,,
front_end,,True,kiss_icp_odometry,,,,,,,,,,,,,,,,,,,,,196135,,,,,,,,,,,,,,,,,,
front_end,,True,kiss_icp_odometry,,,,,,,,,,,,,,,,,,,,,196143,,,,,,,,,,,,,,,,,,
front_end,,True,kiss_icp_odometry,,,,,,,,,,,,,,,,,,,,,196150,,,,,,,,,,,,,,,,,,
optimized_backend,,,,,,,,,,,,,,,,,,,,,,,,,,,,,,,,,,,149,243,95,,,,pose_graph,True
front_end,,True,kiss_icp_odometry,,,,,,,,,,,,,,,,,,,,,196154,,,,,,,,,,,,,,,,,,
front_end,,True,kiss_icp_odometry,,,,,,,,,,,,,,,,,,,,,196156,,,,,,,,,,,,,,,,,,
front_end,,True,kiss_icp_odometry,,,,,,,,,,,,,,,,,,,,,196163,,,,,,,,,,,,,,,,,,
front_end,,True,kiss_icp_odometry,,,,,,,,,,,,,,,,,,,,,196167,,,,,,,,,,,,,,,,,,
front_end,,True,kiss_icp_odometry,,,,,,,,,,,,,,,,,,,,,196168,,,,,,,,,,,,,,,,,,
front_end,,True,kiss_icp_odometry,,,,,,,,,,,,,,,,,,,,,196169,,,,,,,,,,,,,,,,,,
front_end,,True,kiss_icp_odometry,,,,,,,,,,,,,,,,,,,,,196176,,,,,,,,,,,,,,,,,,
front_end,,True,kiss_icp_odometry,,,,,,,,,,,,,,,,,,,,,196177,,,,,,,,,,,,,,,,,,
front_end,,True,kiss_icp_odometry,,,,,,,,,,,,,,,,,,,,,196177,,,,,,,,,,,,,,,,,,
front_end,,True,kiss_icp_odometry,,,,,,,,,,,,,,,,,,,,,196178,,,,,,,,,,,,,,,,,,
front_end,,True,kiss_icp_odometry,,,,,,,,,,,,,,,,,,,,,196180,,,,,,,,,,,,,,,,,,
front_end,,True,kiss_icp_odometry,,,,,,,,,,,,,,,,,,,,,196182,,,,,,,,,,,,,,,,,,
front_end,,True,kiss_icp_odometry,,,,,,,,,,,,,,,,,,,,,196185,,,,,,,,,,,,,,,,,,
front_end,,True,kiss_icp_odometry,,,,,,,,,,,,,,,,,,,,,196191,,,,,,,,,,,,,,,,,,
front_end,,True,kiss_icp_odometry,,,,,,,,,,,,,,,,,,,,,196194,,,,,,,,,,,,,,,,,,
front_end,,True,kiss_icp_odometry,,,,,,,,,,,,,,,,,,,,,196199,,,,,,,,,,,,,,,,,,
front_end,,True,kiss_icp_odometry,,,,,,,,,,,,,,,,,,,,,196208,,,,,,,,,,,,,,,,,,
front_end,,True,kiss_icp_odometry,,,,,,,,,,,,,,,,,,,,,196218,,,,,,,,,,,,,,,,,,
front_end,,True,kiss_icp_odometry,,,,,,,,,,,,,,,,,,,,,196222,,,,,,,,,,,,,,,,,,
front_end,,True,kiss_icp_odometry,,,,,,,,,,,,,,,,,,,,,196229,,,,,,,,,,,,,,,,,,
front_end,,True,kiss_icp_odometry,,,,,,,,,,,,,,,,,,,,,196238,,,,,,,,,,,,,,,,,,
front_end,,True,kiss_icp_odometry,,,,,,,,,,,,,,,,,,,,,196246,,,,,,,,,,,,,,,,,,
front_end,,True,kiss_icp_odometry,,,,,,,,,,,,,,,,,,,,,196262,,,,,,,,,,,,,,,,,,
front_end,,True,kiss_icp_odometry,,,,,,,,,,,,,,,,,,,,,196274,,,,,,,,,,,,,,,,,,
front_end,,True,kiss_icp_odometry,,,,,,,,,,,,,,,,,,,,,196291,,,,,,,,,,,,,,,,,,
front_end,,True,kiss_icp_odometry,,,,,,,,,,,,,,,,,,,,,196308,,,,,,,,,,,,,,,,,,
front_end,,True,kiss_icp_odometry,,,,,,,,,,,,,,,,,,,,,196318,,,,,,,,,,,,,,,,,,
front_end,,True,kiss_icp_odometry,,,,,,,,,,,,,,,,,,,,,196332,,,,,,,,,,,,,,,,,,
front_end,,True,kiss_icp_odometry,,,,,,,,,,,,,,,,,,,,,196341,,,,,,,,,,,,,,,,,,
front_end,,True,kiss_icp_odometry,,,,,,,,,,,,,,,,,,,,,196348,,,,,,,,,,,,,,,,,,
front_end,,True,kiss_icp_odometry,,,,,,,,,,,,,,,,,,,,,196357,,,,,,,,,,,,,,,,,,
front_end,,True,kiss_icp_odometry,,,,,,,,,,,,,,,,,,,,,196365,,,,,,,,,,,,,,,,,,
front_end,,True,kiss_icp_odometry,,,,,,,,,,,,,,,,,,,,,196375,,,,,,,,,,,,,,,,,,
front_end,,True,kiss_icp_odometry,,,,,,,,,,,,,,,,,,,,,196388,,,,,,,,,,,,,,,,,,
front_end,,True,kiss_icp_odometry,,,,,,,,,,,,,,,,,,,,,196395,,,,,,,,,,,,,,,,,,
front_end,,True,kiss_icp_odometry,,,,,,,,,,,,,,,,,,,,,196404,,,,,,,,,,,,,,,,,,
front_end,,True,kiss_icp_odometry,,,,,,,,,,,,,,,,,,,,,196420,,,,,,,,,,,,,,,,,,
optimized_backend,,,,,,,,,,,,,,,,,,,,,,,,,,,,,,,,,,,150,245,96,,,,pose_graph,True
front_end,,True,kiss_icp_odometry,,,,,,,,,,,,,,,,,,,,,196434,,,,,,,,,,,,,,,,,,
front_end,,True,kiss_icp_odometry,,,,,,,,,,,,,,,,,,,,,196469,,,,,,,,,,,,,,,,,,
front_end,,True,kiss_icp_odometry,,,,,,,,,,,,,,,,,,,,,196490,,,,,,,,,,,,,,,,,,
front_end,,True,kiss_icp_odometry,,,,,,,,,,,,,,,,,,,,,196510,,,,,,,,,,,,,,,,,,
front_end,,True,kiss_icp_odometry,,,,,,,,,,,,,,,,,,,,,196532,,,,,,,,,,,,,,,,,,
front_end,,True,kiss_icp_odometry,,,,,,,,,,,,,,,,,,,,,196559,,,,,,,,,,,,,,,,,,
front_end,,True,kiss_icp_odometry,,,,,,,,,,,,,,,,,,,,,196599,,,,,,,,,,,,,,,,,,
front_end,,True,kiss_icp_odometry,,,,,,,,,,,,,,,,,,,,,196628,,,,,,,,,,,,,,,,,,
front_end,,True,kiss_icp_odometry,,,,,,,,,,,,,,,,,,,,,196656,,,,,,,,,,,,,,,,,,
front_end,,True,kiss_icp_odometry,,,,,,,,,,,,,,,,,,,,,196691,,,,,,,,,,,,,,,,,,
optimized_backend,,,,,,,,,,,,,,,,,,,,,,,,,,,,,,,,,,,151,247,97,,,,pose_graph,True
front_end,,True,kiss_icp_odometry,,,,,,,,,,,,,,,,,,,,,196727,,,,,,,,,,,,,,,,,,
front_end,,True,kiss_icp_odometry,,,,,,,,,,,,,,,,,,,,,196799,,,,,,,,,,,,,,,,,,
front_end,,True,kiss_icp_odometry,,,,,,,,,,,,,,,,,,,,,196827,,,,,,,,,,,,,,,,,,
front_end,,True,kiss_icp_odometry,,,,,,,,,,,,,,,,,,,,,196864,,,,,,,,,,,,,,,,,,
front_end,,True,kiss_icp_odometry,,,,,,,,,,,,,,,,,,,,,196897,,,,,,,,,,,,,,,,,,
front_end,,True,kiss_icp_odometry,,,,,,,,,,,,,,,,,,,,,196985,,,,,,,,,,,,,,,,,,
front_end,,True,kiss_icp_odometry,,,,,,,,,,,,,,,,,,,,,197047,,,,,,,,,,,,,,,,,,
front_end,,True,kiss_icp_odometry,,,,,,,,,,,,,,,,,,,,,197070,,,,,,,,,,,,,,,,,,
front_end,,True,kiss_icp_odometry,,,,,,,,,,,,,,,,,,,,,197093,,,,,,,,,,,,,,,,,,
optimized_backend,,,,,,,,,,,,,,,,,,,,,,,,,,,,,,,,,,,152,249,98,,,,pose_graph,True
front_end,,True,kiss_icp_odometry,,,,,,,,,,,,,,,,,,,,,197132,,,,,,,,,,,,,,,,,,
front_end,,True,kiss_icp_odometry,,,,,,,,,,,,,,,,,,,,,197170,,,,,,,,,,,,,,,,,,
front_end,,True,kiss_icp_odometry,,,,,,,,,,,,,,,,,,,,,197219,,,,,,,,,,,,,,,,,,
front_end,,True,kiss_icp_odometry,,,,,,,,,,,,,,,,,,,,,197263,,,,,,,,,,,,,,,,,,
front_end,,True,kiss_icp_odometry,,,,,,,,,,,,,,,,,,,,,197298,,,,,,,,,,,,,,,,,,
front_end,,True,kiss_icp_odometry,,,,,,,,,,,,,,,,,,,,,197332,,,,,,,,,,,,,,,,,,
front_end,,True,kiss_icp_odometry,,,,,,,,,,,,,,,,,,,,,197409,,,,,,,,,,,,,,,,,,
front_end,,True,kiss_icp_odometry,,,,,,,,,,,,,,,,,,,,,197464,,,,,,,,,,,,,,,,,,
front_end,,True,kiss_icp_odometry,,,,,,,,,,,,,,,,,,,,,197492,,,,,,,,,,,,,,,,,,
front_end,,True,kiss_icp_odometry,,,,,,,,,,,,,,,,,,,,,197519,,,,,,,,,,,,,,,,,,
front_end,,True,kiss_icp_odometry,,,,,,,,,,,,,,,,,,,,,197561,,,,,,,,,,,,,,,,,,
optimized_backend,,,,,,,,,,,,,,,,,,,,,,,,,,,,,,,,,,,153,251,99,,,,pose_graph,True
front_end,,True,kiss_icp_odometry,,,,,,,,,,,,,,,,,,,,,197626,,,,,,,,,,,,,,,,,,
front_end,,True,kiss_icp_odometry,,,,,,,,,,,,,,,,,,,,,197676,,,,,,,,,,,,,,,,,,
front_end,,True,kiss_icp_odometry,,,,,,,,,,,,,,,,,,,,,197753,,,,,,,,,,,,,,,,,,
front_end,,True,kiss_icp_odometry,,,,,,,,,,,,,,,,,,,,,197778,,,,,,,,,,,,,,,,,,
front_end,,True,kiss_icp_odometry,,,,,,,,,,,,,,,,,,,,,197835,,,,,,,,,,,,,,,,,,
front_end,,True,kiss_icp_odometry,,,,,,,,,,,,,,,,,,,,,197865,,,,,,,,,,,,,,,,,,
front_end,,True,kiss_icp_odometry,,,,,,,,,,,,,,,,,,,,,197893,,,,,,,,,,,,,,,,,,
front_end,,True,kiss_icp_odometry,,,,,,,,,,,,,,,,,,,,,197920,,,,,,,,,,,,,,,,,,
front_end,,True,kiss_icp_odometry,,,,,,,,,,,,,,,,,,,,,197948,,,,,,,,,,,,,,,,,,
front_end,,True,kiss_icp_odometry,,,,,,,,,,,,,,,,,,,,,198019,,,,,,,,,,,,,,,,,,
optimized_backend,,,,,,,,,,,,,,,,,,,,,,,,,,,,,,,,,,,154,253,100,,,,pose_graph,True
front_end,,True,kiss_icp_odometry,,,,,,,,,,,,,,,,,,,,,198072,,,,,,,,,,,,,,,,,,
front_end,,True,kiss_icp_odometry,,,,,,,,,,,,,,,,,,,,,198124,,,,,,,,,,,,,,,,,,
front_end,,True,kiss_icp_odometry,,,,,,,,,,,,,,,,,,,,,198185,,,,,,,,,,,,,,,,,,
front_end,,True,kiss_icp_odometry,,,,,,,,,,,,,,,,,,,,,198231,,,,,,,,,,,,,,,,,,
front_end,,True,kiss_icp_odometry,,,,,,,,,,,,,,,,,,,,,198277,,,,,,,,,,,,,,,,,,
front_end,,True,kiss_icp_odometry,,,,,,,,,,,,,,,,,,,,,198326,,,,,,,,,,,,,,,,,,
front_end,,True,kiss_icp_odometry,,,,,,,,,,,,,,,,,,,,,198359,,,,,,,,,,,,,,,,,,
front_end,,True,kiss_icp_odometry,,,,,,,,,,,,,,,,,,,,,198422,,,,,,,,,,,,,,,,,,
optimized_backend,,,,,,,,,,,,,,,,,,,,,,,,,,,,,,,,,,,155,255,101,,,,pose_graph,True
front_end,,True,kiss_icp_odometry,,,,,,,,,,,,,,,,,,,,,198478,,,,,,,,,,,,,,,,,,
front_end,,True,kiss_icp_odometry,,,,,,,,,,,,,,,,,,,,,198500,,,,,,,,,,,,,,,,,,
front_end,,True,kiss_icp_odometry,,,,,,,,,,,,,,,,,,,,,198536,,,,,,,,,,,,,,,,,,
front_end,,True,kiss_icp_odometry,,,,,,,,,,,,,,,,,,,,,198557,,,,,,,,,,,,,,,,,,
front_end,,True,kiss_icp_odometry,,,,,,,,,,,,,,,,,,,,,198578,,,,,,,,,,,,,,,,,,
front_end,,True,kiss_icp_odometry,,,,,,,,,,,,,,,,,,,,,198590,,,,,,,,,,,,,,,,,,
front_end,,True,kiss_icp_odometry,,,,,,,,,,,,,,,,,,,,,198612,,,,,,,,,,,,,,,,,,
front_end,,True,kiss_icp_odometry,,,,,,,,,,,,,,,,,,,,,198625,,,,,,,,,,,,,,,,,,
front_end,,True,kiss_icp_odometry,,,,,,,,,,,,,,,,,,,,,198632,,,,,,,,,,,,,,,,,,
front_end,,True,kiss_icp_odometry,,,,,,,,,,,,,,,,,,,,,198666,,,,,,,,,,,,,,,,,,
front_end,,True,kiss_icp_odometry,,,,,,,,,,,,,,,,,,,,,198680,,,,,,,,,,,,,,,,,,
front_end,,True,kiss_icp_odometry,,,,,,,,,,,,,,,,,,,,,198712,,,,,,,,,,,,,,,,,,
front_end,,True,kiss_icp_odometry,,,,,,,,,,,,,,,,,,,,,198721,,,,,,,,,,,,,,,,,,
front_end,,True,kiss_icp_odometry,,,,,,,,,,,,,,,,,,,,,198736,,,,,,,,,,,,,,,,,,
front_end,,True,kiss_icp_odometry,,,,,,,,,,,,,,,,,,,,,198753,,,,,,,,,,,,,,,,,,
front_end,,True,kiss_icp_odometry,,,,,,,,,,,,,,,,,,,,,198765,,,,,,,,,,,,,,,,,,
front_end,,True,kiss_icp_odometry,,,,,,,,,,,,,,,,,,,,,198788,,,,,,,,,,,,,,,,,,
front_end,,True,kiss_icp_odometry,,,,,,,,,,,,,,,,,,,,,198803,,,,,,,,,,,,,,,,,,
front_end,,True,kiss_icp_odometry,,,,,,,,,,,,,,,,,,,,,198811,,,,,,,,,,,,,,,,,,
front_end,,True,kiss_icp_odometry,,,,,,,,,,,,,,,,,,,,,198822,,,,,,,,,,,,,,,,,,
front_end,,True,kiss_icp_odometry,,,,,,,,,,,,,,,,,,,,,198844,,,,,,,,,,,,,,,,,,
front_end,,True,kiss_icp_odometry,,,,,,,,,,,,,,,,,,,,,198862,,,,,,,,,,,,,,,,,,
front_end,,True,kiss_icp_odometry,,,,,,,,,,,,,,,,,,,,,198871,,,,,,,,,,,,,,,,,,
optimized_backend,,,,,,,,,,,,,,,,,,,,,,,,,,,,,,,,,,,156,257,102,,,,pose_graph,True
front_end,,True,kiss_icp_odometry,,,,,,,,,,,,,,,,,,,,,198899,,,,,,,,,,,,,,,,,,
front_end,,True,kiss_icp_odometry,,,,,,,,,,,,,,,,,,,,,198959,,,,,,,,,,,,,,,,,,
front_end,,True,kiss_icp_odometry,,,,,,,,,,,,,,,,,,,,,198986,,,,,,,,,,,,,,,,,,
front_end,,True,kiss_icp_odometry,,,,,,,,,,,,,,,,,,,,,199007,,,,,,,,,,,,,,,,,,
front_end,,True,kiss_icp_odometry,,,,,,,,,,,,,,,,,,,,,199035,,,,,,,,,,,,,,,,,,
front_end,,True,kiss_icp_odometry,,,,,,,,,,,,,,,,,,,,,199090,,,,,,,,,,,,,,,,,,
front_end,,True,kiss_icp_odometry,,,,,,,,,,,,,,,,,,,,,199090,,,,,,,,,,,,,,,,,,
front_end,,True,kiss_icp_odometry,,,,,,,,,,,,,,,,,,,,,199128,,,,,,,,,,,,,,,,,,
front_end,,True,kiss_icp_odometry,,,,,,,,,,,,,,,,,,,,,199166,,,,,,,,,,,,,,,,,,
optimized_backend,,,,,,,,,,,,,,,,,,,,,,,,,,,,,,,,,,,157,259,103,,,,pose_graph,True
front_end,,True,kiss_icp_odometry,,,,,,,,,,,,,,,,,,,,,199201,,,,,,,,,,,,,,,,,,
front_end,,True,kiss_icp_odometry,,,,,,,,,,,,,,,,,,,,,199233,,,,,,,,,,,,,,,,,,
front_end,,True,kiss_icp_odometry,,,,,,,,,,,,,,,,,,,,,199279,,,,,,,,,,,,,,,,,,
front_end,,True,kiss_icp_odometry,,,,,,,,,,,,,,,,,,,,,199362,,,,,,,,,,,,,,,,,,
front_end,,True,kiss_icp_odometry,,,,,,,,,,,,,,,,,,,,,199399,,,,,,,,,,,,,,,,,,
front_end,,True,kiss_icp_odometry,,,,,,,,,,,,,,,,,,,,,199448,,,,,,,,,,,,,,,,,,
front_end,,True,kiss_icp_odometry,,,,,,,,,,,,,,,,,,,,,199499,,,,,,,,,,,,,,,,,,
front_end,,True,kiss_icp_odometry,,,,,,,,,,,,,,,,,,,,,199541,,,,,,,,,,,,,,,,,,
front_end,,True,kiss_icp_odometry,,,,,,,,,,,,,,,,,,,,,199589,,,,,,,,,,,,,,,,,,
optimized_backend,,,,,,,,,,,,,,,,,,,,,,,,,,,,,,,,,,,158,261,104,,,,pose_graph,True
front_end,,True,kiss_icp_odometry,,,,,,,,,,,,,,,,,,,,,199637,,,,,,,,,,,,,,,,,,
front_end,,True,kiss_icp_odometry,,,,,,,,,,,,,,,,,,,,,199676,,,,,,,,,,,,,,,,,,
front_end,,True,kiss_icp_odometry,,,,,,,,,,,,,,,,,,,,,199735,,,,,,,,,,,,,,,,,,
front_end,,True,kiss_icp_odometry,,,,,,,,,,,,,,,,,,,,,199772,,,,,,,,,,,,,,,,,,
front_end,,True,kiss_icp_odometry,,,,,,,,,,,,,,,,,,,,,199817,,,,,,,,,,,,,,,,,,
front_end,,True,kiss_icp_odometry,,,,,,,,,,,,,,,,,,,,,199852,,,,,,,,,,,,,,,,,,
front_end,,True,kiss_icp_odometry,,,,,,,,,,,,,,,,,,,,,199887,,,,,,,,,,,,,,,,,,
front_end,,True,kiss_icp_odometry,,,,,,,,,,,,,,,,,,,,,199918,,,,,,,,,,,,,,,,,,
optimized_backend,,,,,,,,,,,,,,,,,,,,,,,,,,,,,,,,,,,159,263,105,,,,pose_graph,True
front_end,,True,kiss_icp_odometry,,,,,,,,,,,,,,,,,,,,,199949,,,,,,,,,,,,,,,,,,
front_end,,True,kiss_icp_odometry,,,,,,,,,,,,,,,,,,,,,199969,,,,,,,,,,,,,,,,,,
front_end,,True,kiss_icp_odometry,,,,,,,,,,,,,,,,,,,,,199989,,,,,,,,,,,,,,,,,,
front_end,,True,kiss_icp_odometry,,,,,,,,,,,,,,,,,,,,,200009,,,,,,,,,,,,,,,,,,
front_end,,True,kiss_icp_odometry,,,,,,,,,,,,,,,,,,,,,200037,,,,,,,,,,,,,,,,,,
front_end,,True,kiss_icp_odometry,,,,,,,,,,,,,,,,,,,,,200067,,,,,,,,,,,,,,,,,,
front_end,,True,kiss_icp_odometry,,,,,,,,,,,,,,,,,,,,,200080,,,,,,,,,,,,,,,,,,
front_end,,True,kiss_icp_odometry,,,,,,,,,,,,,,,,,,,,,200108,,,,,,,,,,,,,,,,,,
front_end,,True,kiss_icp_odometry,,,,,,,,,,,,,,,,,,,,,200149,,,,,,,,,,,,,,,,,,
front_end,,True,kiss_icp_odometry,,,,,,,,,,,,,,,,,,,,,200198,,,,,,,,,,,,,,,,,,
front_end,,True,kiss_icp_odometry,,,,,,,,,,,,,,,,,,,,,200232,,,,,,,,,,,,,,,,,,
optimized_backend,,,,,,,,,,,,,,,,,,,,,,,,,,,,,,,,,,,160,265,106,,,,pose_graph,True
front_end,,True,kiss_icp_odometry,,,,,,,,,,,,,,,,,,,,,200277,,,,,,,,,,,,,,,,,,
front_end,,True,kiss_icp_odometry,,,,,,,,,,,,,,,,,,,,,200277,,,,,,,,,,,,,,,,,,
front_end,,True,kiss_icp_odometry,,,,,,,,,,,,,,,,,,,,,200315,,,,,,,,,,,,,,,,,,
front_end,,True,kiss_icp_odometry,,,,,,,,,,,,,,,,,,,,,200335,,,,,,,,,,,,,,,,,,
front_end,,True,kiss_icp_odometry,,,,,,,,,,,,,,,,,,,,,200349,,,,,,,,,,,,,,,,,,
front_end,,True,kiss_icp_odometry,,,,,,,,,,,,,,,,,,,,,200362,,,,,,,,,,,,,,,,,,
front_end,,True,kiss_icp_odometry,,,,,,,,,,,,,,,,,,,,,200379,,,,,,,,,,,,,,,,,,
optimized_backend,,,,,,,,,,,,,,,,,,,,,,,,,,,,,,,,,,,161,267,107,,,,pose_graph,True
front_end,,True,kiss_icp_odometry,,,,,,,,,,,,,,,,,,,,,200386,,,,,,,,,,,,,,,,,,
front_end,,True,kiss_icp_odometry,,,,,,,,,,,,,,,,,,,,,200391,,,,,,,,,,,,,,,,,,
front_end,,True,kiss_icp_odometry,,,,,,,,,,,,,,,,,,,,,200405,,,,,,,,,,,,,,,,,,
front_end,,True,kiss_icp_odometry,,,,,,,,,,,,,,,,,,,,,200417,,,,,,,,,,,,,,,,,,
front_end,,True,kiss_icp_odometry,,,,,,,,,,,,,,,,,,,,,200426,,,,,,,,,,,,,,,,,,
front_end,,True,kiss_icp_odometry,,,,,,,,,,,,,,,,,,,,,200430,,,,,,,,,,,,,,,,,,
front_end,,True,kiss_icp_odometry,,,,,,,,,,,,,,,,,,,,,200437,,,,,,,,,,,,,,,,,,
front_end,,True,kiss_icp_odometry,,,,,,,,,,,,,,,,,,,,,200440,,,,,,,,,,,,,,,,,,
front_end,,True,kiss_icp_odometry,,,,,,,,,,,,,,,,,,,,,200454,,,,,,,,,,,,,,,,,,
front_end,,True,kiss_icp_odometry,,,,,,,,,,,,,,,,,,,,,200469,,,,,,,,,,,,,,,,,,
optimized_backend,,,,,,,,,,,,,,,,,,,,,,,,,,,,,,,,,,,162,269,108,,,,pose_graph,True
front_end,,True,kiss_icp_odometry,,,,,,,,,,,,,,,,,,,,,200481,,,,,,,,,,,,,,,,,,
front_end,,True,kiss_icp_odometry,,,,,,,,,,,,,,,,,,,,,200489,,,,,,,,,,,,,,,,,,
front_end,,True,kiss_icp_odometry,,,,,,,,,,,,,,,,,,,,,200491,,,,,,,,,,,,,,,,,,
front_end,,True,kiss_icp_odometry,,,,,,,,,,,,,,,,,,,,,200499,,,,,,,,,,,,,,,,,,
front_end,,True,kiss_icp_odometry,,,,,,,,,,,,,,,,,,,,,200512,,,,,,,,,,,,,,,,,,
front_end,,True,kiss_icp_odometry,,,,,,,,,,,,,,,,,,,,,200523,,,,,,,,,,,,,,,,,,
front_end,,True,kiss_icp_odometry,,,,,,,,,,,,,,,,,,,,,200532,,,,,,,,,,,,,,,,,,
front_end,,True,kiss_icp_odometry,,,,,,,,,,,,,,,,,,,,,200536,,,,,,,,,,,,,,,,,,
front_end,,True,kiss_icp_odometry,,,,,,,,,,,,,,,,,,,,,200538,,,,,,,,,,,,,,,,,,
front_end,,True,kiss_icp_odometry,,,,,,,,,,,,,,,,,,,,,200541,,,,,,,,,,,,,,,,,,
front_end,,True,kiss_icp_odometry,,,,,,,,,,,,,,,,,,,,,200548,,,,,,,,,,,,,,,,,,
front_end,,True,kiss_icp_odometry,,,,,,,,,,,,,,,,,,,,,200552,,,,,,,,,,,,,,,,,,
front_end,,True,kiss_icp_odometry,,,,,,,,,,,,,,,,,,,,,200561,,,,,,,,,,,,,,,,,,
front_end,,True,kiss_icp_odometry,,,,,,,,,,,,,,,,,,,,,200563,,,,,,,,,,,,,,,,,,
front_end,,True,kiss_icp_odometry,,,,,,,,,,,,,,,,,,,,,200566,,,,,,,,,,,,,,,,,,
front_end,,True,kiss_icp_odometry,,,,,,,,,,,,,,,,,,,,,200577,,,,,,,,,,,,,,,,,,
front_end,,True,kiss_icp_odometry,,,,,,,,,,,,,,,,,,,,,200587,,,,,,,,,,,,,,,,,,
front_end,,True,kiss_icp_odometry,,,,,,,,,,,,,,,,,,,,,200603,,,,,,,,,,,,,,,,,,
front_end,,True,kiss_icp_odometry,,,,,,,,,,,,,,,,,,,,,200608,,,,,,,,,,,,,,,,,,
front_end,,True,kiss_icp_odometry,,,,,,,,,,,,,,,,,,,,,200628,,,,,,,,,,,,,,,,,,
front_end,,True,kiss_icp_odometry,,,,,,,,,,,,,,,,,,,,,200647,,,,,,,,,,,,,,,,,,
front_end,,True,kiss_icp_odometry,,,,,,,,,,,,,,,,,,,,,200674,,,,,,,,,,,,,,,,,,
front_end,,True,kiss_icp_odometry,,,,,,,,,,,,,,,,,,,,,200700,,,,,,,,,,,,,,,,,,
front_end,,True,kiss_icp_odometry,,,,,,,,,,,,,,,,,,,,,200728,,,,,,,,,,,,,,,,,,
front_end,,True,kiss_icp_odometry,,,,,,,,,,,,,,,,,,,,,200751,,,,,,,,,,,,,,,,,,
optimized_backend,,,,,,,,,,,,,,,,,,,,,,,,,,,,,,,,,,,163,271,109,,,,pose_graph,True
front_end,,True,kiss_icp_odometry,,,,,,,,,,,,,,,,,,,,,200789,,,,,,,,,,,,,,,,,,
front_end,,True,kiss_icp_odometry,,,,,,,,,,,,,,,,,,,,,200847,,,,,,,,,,,,,,,,,,
front_end,,True,kiss_icp_odometry,,,,,,,,,,,,,,,,,,,,,200877,,,,,,,,,,,,,,,,,,
front_end,,True,kiss_icp_odometry,,,,,,,,,,,,,,,,,,,,,200894,,,,,,,,,,,,,,,,,,
front_end,,True,kiss_icp_odometry,,,,,,,,,,,,,,,,,,,,,200909,,,,,,,,,,,,,,,,,,
front_end,,True,kiss_icp_odometry,,,,,,,,,,,,,,,,,,,,,200920,,,,,,,,,,,,,,,,,,
front_end,,True,kiss_icp_odometry,,,,,,,,,,,,,,,,,,,,,200942,,,,,,,,,,,,,,,,,,
front_end,,True,kiss_icp_odometry,,,,,,,,,,,,,,,,,,,,,200954,,,,,,,,,,,,,,,,,,
front_end,,True,kiss_icp_odometry,,,,,,,,,,,,,,,,,,,,,200963,,,,,,,,,,,,,,,,,,
front_end,,True,kiss_icp_odometry,,,,,,,,,,,,,,,,,,,,,200971,,,,,,,,,,,,,,,,,,
front_end,,True,kiss_icp_odometry,,,,,,,,,,,,,,,,,,,,,200976,,,,,,,,,,,,,,,,,,
front_end,,True,kiss_icp_odometry,,,,,,,,,,,,,,,,,,,,,200998,,,,,,,,,,,,,,,,,,
front_end,,True,kiss_icp_odometry,,,,,,,,,,,,,,,,,,,,,201015,,,,,,,,,,,,,,,,,,
front_end,,True,kiss_icp_odometry,,,,,,,,,,,,,,,,,,,,,201033,,,,,,,,,,,,,,,,,,
front_end,,True,kiss_icp_odometry,,,,,,,,,,,,,,,,,,,,,201053,,,,,,,,,,,,,,,,,,
optimized_backend,,,,,,,,,,,,,,,,,,,,,,,,,,,,,,,,,,,164,273,110,,,,pose_graph,True
front_end,,True,kiss_icp_odometry,,,,,,,,,,,,,,,,,,,,,201078,,,,,,,,,,,,,,,,,,
front_end,,True,kiss_icp_odometry,,,,,,,,,,,,,,,,,,,,,201128,,,,,,,,,,,,,,,,,,
front_end,,True,kiss_icp_odometry,,,,,,,,,,,,,,,,,,,,,201157,,,,,,,,,,,,,,,,,,
front_end,,True,kiss_icp_odometry,,,,,,,,,,,,,,,,,,,,,201230,,,,,,,,,,,,,,,,,,
front_end,,True,kiss_icp_odometry,,,,,,,,,,,,,,,,,,,,,201259,,,,,,,,,,,,,,,,,,
front_end,,True,kiss_icp_odometry,,,,,,,,,,,,,,,,,,,,,201283,,,,,,,,,,,,,,,,,,
front_end,,True,kiss_icp_odometry,,,,,,,,,,,,,,,,,,,,,201329,,,,,,,,,,,,,,,,,,
front_end,,True,kiss_icp_odometry,,,,,,,,,,,,,,,,,,,,,201356,,,,,,,,,,,,,,,,,,
front_end,,True,kiss_icp_odometry,,,,,,,,,,,,,,,,,,,,,201379,,,,,,,,,,,,,,,,,,
front_end,,True,kiss_icp_odometry,,,,,,,,,,,,,,,,,,,,,201396,,,,,,,,,,,,,,,,,,
optimized_backend,,,,,,,,,,,,,,,,,,,,,,,,,,,,,,,,,,,165,275,111,,,,pose_graph,True
front_end,,True,kiss_icp_odometry,,,,,,,,,,,,,,,,,,,,,201412,,,,,,,,,,,,,,,,,,
front_end,,True,kiss_icp_odometry,,,,,,,,,,,,,,,,,,,,,201428,,,,,,,,,,,,,,,,,,
front_end,,True,kiss_icp_odometry,,,,,,,,,,,,,,,,,,,,,201465,,,,,,,,,,,,,,,,,,
front_end,,True,kiss_icp_odometry,,,,,,,,,,,,,,,,,,,,,201482,,,,,,,,,,,,,,,,,,
front_end,,True,kiss_icp_odometry,,,,,,,,,,,,,,,,,,,,,201499,,,,,,,,,,,,,,,,,,
front_end,,True,kiss_icp_odometry,,,,,,,,,,,,,,,,,,,,,201509,,,,,,,,,,,,,,,,,,
front_end,,True,kiss_icp_odometry,,,,,,,,,,,,,,,,,,,,,201527,,,,,,,,,,,,,,,,,,
front_end,,True,kiss_icp_odometry,,,,,,,,,,,,,,,,,,,,,201556,,,,,,,,,,,,,,,,,,
front_end,,True,kiss_icp_odometry,,,,,,,,,,,,,,,,,,,,,201575,,,,,,,,,,,,,,,,,,
front_end,,True,kiss_icp_odometry,,,,,,,,,,,,,,,,,,,,,201590,,,,,,,,,,,,,,,,,,
front_end,,True,kiss_icp_odometry,,,,,,,,,,,,,,,,,,,,,201604,,,,,,,,,,,,,,,,,,
front_end,,True,kiss_icp_odometry,,,,,,,,,,,,,,,,,,,,,201621,,,,,,,,,,,,,,,,,,
front_end,,True,kiss_icp_odometry,,,,,,,,,,,,,,,,,,,,,201664,,,,,,,,,,,,,,,,,,
optimized_backend,,,,,,,,,,,,,,,,,,,,,,,,,,,,,,,,,,,166,277,112,,,,pose_graph,True
front_end,,True,kiss_icp_odometry,,,,,,,,,,,,,,,,,,,,,201677,,,,,,,,,,,,,,,,,,
front_end,,True,kiss_icp_odometry,,,,,,,,,,,,,,,,,,,,,201684,,,,,,,,,,,,,,,,,,
front_end,,True,kiss_icp_odometry,,,,,,,,,,,,,,,,,,,,,201690,,,,,,,,,,,,,,,,,,
front_end,,True,kiss_icp_odometry,,,,,,,,,,,,,,,,,,,,,201697,,,,,,,,,,,,,,,,,,
front_end,,True,kiss_icp_odometry,,,,,,,,,,,,,,,,,,,,,201715,,,,,,,,,,,,,,,,,,
front_end,,True,kiss_icp_odometry,,,,,,,,,,,,,,,,,,,,,201743,,,,,,,,,,,,,,,,,,
front_end,,True,kiss_icp_odometry,,,,,,,,,,,,,,,,,,,,,201754,,,,,,,,,,,,,,,,,,
front_end,,True,kiss_icp_odometry,,,,,,,,,,,,,,,,,,,,,201766,,,,,,,,,,,,,,,,,,
front_end,,True,kiss_icp_odometry,,,,,,,,,,,,,,,,,,,,,201795,,,,,,,,,,,,,,,,,,
front_end,,True,kiss_icp_odometry,,,,,,,,,,,,,,,,,,,,,201813,,,,,,,,,,,,,,,,,,
optimized_backend,,,,,,,,,,,,,,,,,,,,,,,,,,,,,,,,,,,167,279,113,,,,pose_graph,True
front_end,,True,kiss_icp_odometry,,,,,,,,,,,,,,,,,,,,,201863,,,,,,,,,,,,,,,,,,
front_end,,True,kiss_icp_odometry,,,,,,,,,,,,,,,,,,,,,201875,,,,,,,,,,,,,,,,,,
front_end,,True,kiss_icp_odometry,,,,,,,,,,,,,,,,,,,,,201890,,,,,,,,,,,,,,,,,,
front_end,,True,kiss_icp_odometry,,,,,,,,,,,,,,,,,,,,,201892,,,,,,,,,,,,,,,,,,
front_end,,True,kiss_icp_odometry,,,,,,,,,,,,,,,,,,,,,201920,,,,,,,,,,,,,,,,,,
front_end,,True,kiss_icp_odometry,,,,,,,,,,,,,,,,,,,,,202002,,,,,,,,,,,,,,,,,,
front_end,,True,kiss_icp_odometry,,,,,,,,,,,,,,,,,,,,,202029,,,,,,,,,,,,,,,,,,
optimized_backend,,,,,,,,,,,,,,,,,,,,,,,,,,,,,,,,,,,168,281,114,,,,pose_graph,True
front_end,,True,kiss_icp_odometry,,,,,,,,,,,,,,,,,,,,,202126,,,,,,,,,,,,,,,,,,
front_end,,True,kiss_icp_odometry,,,,,,,,,,,,,,,,,,,,,202146,,,,,,,,,,,,,,,,,,
front_end,,True,kiss_icp_odometry,,,,,,,,,,,,,,,,,,,,,202169,,,,,,,,,,,,,,,,,,
front_end,,True,kiss_icp_odometry,,,,,,,,,,,,,,,,,,,,,202246,,,,,,,,,,,,,,,,,,
front_end,,True,kiss_icp_odometry,,,,,,,,,,,,,,,,,,,,,202268,,,,,,,,,,,,,,,,,,
front_end,,True,kiss_icp_odometry,,,,,,,,,,,,,,,,,,,,,202285,,,,,,,,,,,,,,,,,,
front_end,,True,kiss_icp_odometry,,,,,,,,,,,,,,,,,,,,,202299,,,,,,,,,,,,,,,,,,
front_end,,True,kiss_icp_odometry,,,,,,,,,,,,,,,,,,,,,202324,,,,,,,,,,,,,,,,,,
optimized_backend,,,,,,,,,,,,,,,,,,,,,,,,,,,,,,,,,,,169,283,115,,,,pose_graph,True
front_end,,True,kiss_icp_odometry,,,,,,,,,,,,,,,,,,,,,202338,,,,,,,,,,,,,,,,,,
front_end,,True,kiss_icp_odometry,,,,,,,,,,,,,,,,,,,,,202349,,,,,,,,,,,,,,,,,,
front_end,,True,kiss_icp_odometry,,,,,,,,,,,,,,,,,,,,,202364,,,,,,,,,,,,,,,,,,
front_end,,True,kiss_icp_odometry,,,,,,,,,,,,,,,,,,,,,202376,,,,,,,,,,,,,,,,,,
front_end,,True,kiss_icp_odometry,,,,,,,,,,,,,,,,,,,,,202397,,,,,,,,,,,,,,,,,,
front_end,,True,kiss_icp_odometry,,,,,,,,,,,,,,,,,,,,,202415,,,,,,,,,,,,,,,,,,
front_end,,True,kiss_icp_odometry,,,,,,,,,,,,,,,,,,,,,202435,,,,,,,,,,,,,,,,,,
front_end,,True,kiss_icp_odometry,,,,,,,,,,,,,,,,,,,,,202457,,,,,,,,,,,,,,,,,,
front_end,,True,kiss_icp_odometry,,,,,,,,,,,,,,,,,,,,,202463,,,,,,,,,,,,,,,,,,
front_end,,True,kiss_icp_odometry,,,,,,,,,,,,,,,,,,,,,202471,,,,,,,,,,,,,,,,,,
front_end,,True,kiss_icp_odometry,,,,,,,,,,,,,,,,,,,,,202489,,,,,,,,,,,,,,,,,,
front_end,,True,kiss_icp_odometry,,,,,,,,,,,,,,,,,,,,,202503,,,,,,,,,,,,,,,,,,
front_end,,True,kiss_icp_odometry,,,,,,,,,,,,,,,,,,,,,202511,,,,,,,,,,,,,,,,,,
front_end,,True,kiss_icp_odometry,,,,,,,,,,,,,,,,,,,,,202519,,,,,,,,,,,,,,,,,,
optimized_backend,,,,,,,,,,,,,,,,,,,,,,,,,,,,,,,,,,,170,285,116,,,,pose_graph,True
front_end,,True,kiss_icp_odometry,,,,,,,,,,,,,,,,,,,,,202523,,,,,,,,,,,,,,,,,,
front_end,,True,kiss_icp_odometry,,,,,,,,,,,,,,,,,,,,,202542,,,,,,,,,,,,,,,,,,
front_end,,True,kiss_icp_odometry,,,,,,,,,,,,,,,,,,,,,202554,,,,,,,,,,,,,,,,,,
front_end,,True,kiss_icp_odometry,,,,,,,,,,,,,,,,,,,,,202559,,,,,,,,,,,,,,,,,,
front_end,,True,kiss_icp_odometry,,,,,,,,,,,,,,,,,,,,,202567,,,,,,,,,,,,,,,,,,
front_end,,True,kiss_icp_odometry,,,,,,,,,,,,,,,,,,,,,202575,,,,,,,,,,,,,,,,,,
front_end,,True,kiss_icp_odometry,,,,,,,,,,,,,,,,,,,,,202586,,,,,,,,,,,,,,,,,,
front_end,,True,kiss_icp_odometry,,,,,,,,,,,,,,,,,,,,,202593,,,,,,,,,,,,,,,,,,
front_end,,True,kiss_icp_odometry,,,,,,,,,,,,,,,,,,,,,202597,,,,,,,,,,,,,,,,,,
front_end,,True,kiss_icp_odometry,,,,,,,,,,,,,,,,,,,,,202599,,,,,,,,,,,,,,,,,,
front_end,,True,kiss_icp_odometry,,,,,,,,,,,,,,,,,,,,,202601,,,,,,,,,,,,,,,,,,
front_end,,True,kiss_icp_odometry,,,,,,,,,,,,,,,,,,,,,202604,,,,,,,,,,,,,,,,,,
front_end,,True,kiss_icp_odometry,,,,,,,,,,,,,,,,,,,,,202610,,,,,,,,,,,,,,,,,,
front_end,,True,kiss_icp_odometry,,,,,,,,,,,,,,,,,,,,,202611,,,,,,,,,,,,,,,,,,
front_end,,True,kiss_icp_odometry,,,,,,,,,,,,,,,,,,,,,202615,,,,,,,,,,,,,,,,,,
front_end,,True,kiss_icp_odometry,,,,,,,,,,,,,,,,,,,,,202624,,,,,,,,,,,,,,,,,,
front_end,,True,kiss_icp_odometry,,,,,,,,,,,,,,,,,,,,,202627,,,,,,,,,,,,,,,,,,
front_end,,True,kiss_icp_odometry,,,,,,,,,,,,,,,,,,,,,202629,,,,,,,,,,,,,,,,,,
front_end,,True,kiss_icp_odometry,,,,,,,,,,,,,,,,,,,,,202633,,,,,,,,,,,,,,,,,,
front_end,,True,kiss_icp_odometry,,,,,,,,,,,,,,,,,,,,,202637,,,,,,,,,,,,,,,,,,
front_end,,True,kiss_icp_odometry,,,,,,,,,,,,,,,,,,,,,202638,,,,,,,,,,,,,,,,,,
front_end,,True,kiss_icp_odometry,,,,,,,,,,,,,,,,,,,,,202639,,,,,,,,,,,,,,,,,,
front_end,,True,kiss_icp_odometry,,,,,,,,,,,,,,,,,,,,,202641,,,,,,,,,,,,,,,,,,
front_end,,True,kiss_icp_odometry,,,,,,,,,,,,,,,,,,,,,202644,,,,,,,,,,,,,,,,,,
front_end,,True,kiss_icp_odometry,,,,,,,,,,,,,,,,,,,,,202645,,,,,,,,,,,,,,,,,,
optimized_backend,,,,,,,,,,,,,,,,,,,,,,,,,,,,,,,,,,,171,287,117,,,,pose_graph,True
front_end,,True,kiss_icp_odometry,,,,,,,,,,,,,,,,,,,,,202649,,,,,,,,,,,,,,,,,,
front_end,,True,kiss_icp_odometry,,,,,,,,,,,,,,,,,,,,,202657,,,,,,,,,,,,,,,,,,
front_end,,True,kiss_icp_odometry,,,,,,,,,,,,,,,,,,,,,202662,,,,,,,,,,,,,,,,,,
front_end,,True,kiss_icp_odometry,,,,,,,,,,,,,,,,,,,,,202664,,,,,,,,,,,,,,,,,,
front_end,,True,kiss_icp_odometry,,,,,,,,,,,,,,,,,,,,,202667,,,,,,,,,,,,,,,,,,
front_end,,True,kiss_icp_odometry,,,,,,,,,,,,,,,,,,,,,202670,,,,,,,,,,,,,,,,,,
front_end,,True,kiss_icp_odometry,,,,,,,,,,,,,,,,,,,,,202676,,,,,,,,,,,,,,,,,,
front_end,,True,kiss_icp_odometry,,,,,,,,,,,,,,,,,,,,,202677,,,,,,,,,,,,,,,,,,
front_end,,True,kiss_icp_odometry,,,,,,,,,,,,,,,,,,,,,202678,,,,,,,,,,,,,,,,,,
front_end,,True,kiss_icp_odometry,,,,,,,,,,,,,,,,,,,,,202679,,,,,,,,,,,,,,,,,,
front_end,,True,kiss_icp_odometry,,,,,,,,,,,,,,,,,,,,,202680,,,,,,,,,,,,,,,,,,
front_end,,True,kiss_icp_odometry,,,,,,,,,,,,,,,,,,,,,202684,,,,,,,,,,,,,,,,,,
front_end,,True,kiss_icp_odometry,,,,,,,,,,,,,,,,,,,,,202687,,,,,,,,,,,,,,,,,,
front_end,,True,kiss_icp_odometry,,,,,,,,,,,,,,,,,,,,,202687,,,,,,,,,,,,,,,,,,
front_end,,True,kiss_icp_odometry,,,,,,,,,,,,,,,,,,,,,202687,,,,,,,,,,,,,,,,,,
front_end,,True,kiss_icp_odometry,,,,,,,,,,,,,,,,,,,,,202688,,,,,,,,,,,,,,,,,,
optimized_backend,,,,,,,,,,,,,,,,,,,,,,,,,,,,,,,,,,,172,289,118,,,,pose_graph,True
front_end,,True,kiss_icp_odometry,,,,,,,,,,,,,,,,,,,,,202691,,,,,,,,,,,,,,,,,,
front_end,,True,kiss_icp_odometry,,,,,,,,,,,,,,,,,,,,,202692,,,,,,,,,,,,,,,,,,
front_end,,True,kiss_icp_odometry,,,,,,,,,,,,,,,,,,,,,202695,,,,,,,,,,,,,,,,,,
front_end,,True,kiss_icp_odometry,,,,,,,,,,,,,,,,,,,,,202697,,,,,,,,,,,,,,,,,,
front_end,,True,kiss_icp_odometry,,,,,,,,,,,,,,,,,,,,,202717,,,,,,,,,,,,,,,,,,
front_end,,True,kiss_icp_odometry,,,,,,,,,,,,,,,,,,,,,202724,,,,,,,,,,,,,,,,,,
front_end,,True,kiss_icp_odometry,,,,,,,,,,,,,,,,,,,,,202728,,,,,,,,,,,,,,,,,,
front_end,,True,kiss_icp_odometry,,,,,,,,,,,,,,,,,,,,,202729,,,,,,,,,,,,,,,,,,
front_end,,True,kiss_icp_odometry,,,,,,,,,,,,,,,,,,,,,202732,,,,,,,,,,,,,,,,,,
front_end,,True,kiss_icp_odometry,,,,,,,,,,,,,,,,,,,,,202734,,,,,,,,,,,,,,,,,,
optimized_backend,,,,,,,,,,,,,,,,,,,,,,,,,,,,,,,,,,,173,291,119,,,,pose_graph,True
front_end,,True,kiss_icp_odometry,,,,,,,,,,,,,,,,,,,,,202734,,,,,,,,,,,,,,,,,,
front_end,,True,kiss_icp_odometry,,,,,,,,,,,,,,,,,,,,,202736,,,,,,,,,,,,,,,,,,
front_end,,True,kiss_icp_odometry,,,,,,,,,,,,,,,,,,,,,202737,,,,,,,,,,,,,,,,,,
front_end,,True,kiss_icp_odometry,,,,,,,,,,,,,,,,,,,,,202749,,,,,,,,,,,,,,,,,,
front_end,,True,kiss_icp_odometry,,,,,,,,,,,,,,,,,,,,,202752,,,,,,,,,,,,,,,,,,
front_end,,True,kiss_icp_odometry,,,,,,,,,,,,,,,,,,,,,202773,,,,,,,,,,,,,,,,,,
front_end,,True,kiss_icp_odometry,,,,,,,,,,,,,,,,,,,,,202781,,,,,,,,,,,,,,,,,,
front_end,,True,kiss_icp_odometry,,,,,,,,,,,,,,,,,,,,,202788,,,,,,,,,,,,,,,,,,
optimized_backend,,,,,,,,,,,,,,,,,,,,,,,,,,,,,,,,,,,174,293,120,,,,pose_graph,True
front_end,,True,kiss_icp_odometry,,,,,,,,,,,,,,,,,,,,,202801,,,,,,,,,,,,,,,,,,
front_end,,True,kiss_icp_odometry,,,,,,,,,,,,,,,,,,,,,202805,,,,,,,,,,,,,,,,,,
front_end,,True,kiss_icp_odometry,,,,,,,,,,,,,,,,,,,,,202807,,,,,,,,,,,,,,,,,,
front_end,,True,kiss_icp_odometry,,,,,,,,,,,,,,,,,,,,,202823,,,,,,,,,,,,,,,,,,
front_end,,True,kiss_icp_odometry,,,,,,,,,,,,,,,,,,,,,202826,,,,,,,,,,,,,,,,,,
front_end,,True,kiss_icp_odometry,,,,,,,,,,,,,,,,,,,,,202826,,,,,,,,,,,,,,,,,,
front_end,,True,kiss_icp_odometry,,,,,,,,,,,,,,,,,,,,,202856,,,,,,,,,,,,,,,,,,
front_end,,True,kiss_icp_odometry,,,,,,,,,,,,,,,,,,,,,202876,,,,,,,,,,,,,,,,,,
front_end,,True,kiss_icp_odometry,,,,,,,,,,,,,,,,,,,,,202881,,,,,,,,,,,,,,,,,,
front_end,,True,kiss_icp_odometry,,,,,,,,,,,,,,,,,,,,,202887,,,,,,,,,,,,,,,,,,
front_end,,True,kiss_icp_odometry,,,,,,,,,,,,,,,,,,,,,202948,,,,,,,,,,,,,,,,,,
front_end,,True,kiss_icp_odometry,,,,,,,,,,,,,,,,,,,,,202955,,,,,,,,,,,,,,,,,,
front_end,,True,kiss_icp_odometry,,,,,,,,,,,,,,,,,,,,,202962,,,,,,,,,,,,,,,,,,
front_end,,True,kiss_icp_odometry,,,,,,,,,,,,,,,,,,,,,202973,,,,,,,,,,,,,,,,,,
front_end,,True,kiss_icp_odometry,,,,,,,,,,,,,,,,,,,,,202983,,,,,,,,,,,,,,,,,,
front_end,,True,kiss_icp_odometry,,,,,,,,,,,,,,,,,,,,,202990,,,,,,,,,,,,,,,,,,
front_end,,True,kiss_icp_odometry,,,,,,,,,,,,,,,,,,,,,202997,,,,,,,,,,,,,,,,,,
front_end,,True,kiss_icp_odometry,,,,,,,,,,,,,,,,,,,,,202999,,,,,,,,,,,,,,,,,,
front_end,,True,kiss_icp_odometry,,,,,,,,,,,,,,,,,,,,,203034,,,,,,,,,,,,,,,,,,
front_end,,True,kiss_icp_odometry,,,,,,,,,,,,,,,,,,,,,203108,,,,,,,,,,,,,,,,,,
front_end,,True,kiss_icp_odometry,,,,,,,,,,,,,,,,,,,,,203115,,,,,,,,,,,,,,,,,,
front_end,,True,kiss_icp_odometry,,,,,,,,,,,,,,,,,,,,,203122,,,,,,,,,,,,,,,,,,
optimized_backend,,,,,,,,,,,,,,,,,,,,,,,,,,,,,,,,,,,175,295,121,,,,pose_graph,True
front_end,,True,kiss_icp_odometry,,,,,,,,,,,,,,,,,,,,,203143,,,,,,,,,,,,,,,,,,
front_end,,True,kiss_icp_odometry,,,,,,,,,,,,,,,,,,,,,203150,,,,,,,,,,,,,,,,,,
front_end,,True,kiss_icp_odometry,,,,,,,,,,,,,,,,,,,,,203155,,,,,,,,,,,,,,,,,,
front_end,,True,kiss_icp_odometry,,,,,,,,,,,,,,,,,,,,,203163,,,,,,,,,,,,,,,,,,
front_end,,True,kiss_icp_odometry,,,,,,,,,,,,,,,,,,,,,203174,,,,,,,,,,,,,,,,,,
front_end,,True,kiss_icp_odometry,,,,,,,,,,,,,,,,,,,,,203183,,,,,,,,,,,,,,,,,,
front_end,,True,kiss_icp_odometry,,,,,,,,,,,,,,,,,,,,,203206,,,,,,,,,,,,,,,,,,
front_end,,True,kiss_icp_odometry,,,,,,,,,,,,,,,,,,,,,203233,,,,,,,,,,,,,,,,,,
front_end,,True,kiss_icp_odometry,,,,,,,,,,,,,,,,,,,,,203233,,,,,,,,,,,,,,,,,,
front_end,,True,kiss_icp_odometry,,,,,,,,,,,,,,,,,,,,,203288,,,,,,,,,,,,,,,,,,
front_end,,True,kiss_icp_odometry,,,,,,,,,,,,,,,,,,,,,203312,,,,,,,,,,,,,,,,,,
front_end,,True,kiss_icp_odometry,,,,,,,,,,,,,,,,,,,,,203341,,,,,,,,,,,,,,,,,,
optimized_backend,,,,,,,,,,,,,,,,,,,,,,,,,,,,,,,,,,,176,297,122,,,,pose_graph,True
front_end,,True,kiss_icp_odometry,,,,,,,,,,,,,,,,,,,,,203379,,,,,,,,,,,,,,,,,,
front_end,,True,kiss_icp_odometry,,,,,,,,,,,,,,,,,,,,,203411,,,,,,,,,,,,,,,,,,
front_end,,True,kiss_icp_odometry,,,,,,,,,,,,,,,,,,,,,203432,,,,,,,,,,,,,,,,,,
front_end,,True,kiss_icp_odometry,,,,,,,,,,,,,,,,,,,,,203452,,,,,,,,,,,,,,,,,,
front_end,,True,kiss_icp_odometry,,,,,,,,,,,,,,,,,,,,,203467,,,,,,,,,,,,,,,,,,
front_end,,True,kiss_icp_odometry,,,,,,,,,,,,,,,,,,,,,203487,,,,,,,,,,,,,,,,,,
front_end,,True,kiss_icp_odometry,,,,,,,,,,,,,,,,,,,,,203500,,,,,,,,,,,,,,,,,,
front_end,,True,kiss_icp_odometry,,,,,,,,,,,,,,,,,,,,,203512,,,,,,,,,,,,,,,,,,
front_end,,True,kiss_icp_odometry,,,,,,,,,,,,,,,,,,,,,203525,,,,,,,,,,,,,,,,,,
optimized_backend,,,,,,,,,,,,,,,,,,,,,,,,,,,,,,,,,,,177,299,123,,,,pose_graph,True
front_end,,True,kiss_icp_odometry,,,,,,,,,,,,,,,,,,,,,203531,,,,,,,,,,,,,,,,,,
front_end,,True,kiss_icp_odometry,,,,,,,,,,,,,,,,,,,,,203540,,,,,,,,,,,,,,,,,,
front_end,,True,kiss_icp_odometry,,,,,,,,,,,,,,,,,,,,,203549,,,,,,,,,,,,,,,,,,
front_end,,True,kiss_icp_odometry,,,,,,,,,,,,,,,,,,,,,203560,,,,,,,,,,,,,,,,,,
front_end,,True,kiss_icp_odometry,,,,,,,,,,,,,,,,,,,,,203565,,,,,,,,,,,,,,,,,,
front_end,,True,kiss_icp_odometry,,,,,,,,,,,,,,,,,,,,,203576,,,,,,,,,,,,,,,,,,
front_end,,True,kiss_icp_odometry,,,,,,,,,,,,,,,,,,,,,203586,,,,,,,,,,,,,,,,,,
front_end,,True,kiss_icp_odometry,,,,,,,,,,,,,,,,,,,,,203592,,,,,,,,,,,,,,,,,,
front_end,,True,kiss_icp_odometry,,,,,,,,,,,,,,,,,,,,,203593,,,,,,,,,,,,,,,,,,
front_end,,True,kiss_icp_odometry,,,,,,,,,,,,,,,,,,,,,203593,,,,,,,,,,,,,,,,,,
front_end,,True,kiss_icp_odometry,,,,,,,,,,,,,,,,,,,,,203594,,,,,,,,,,,,,,,,,,
front_end,,True,kiss_icp_odometry,,,,,,,,,,,,,,,,,,,,,203596,,,,,,,,,,,,,,,,,,
optimized_backend,,,,,,,,,,,,,,,,,,,,,,,,,,,,,,,,,,,178,301,124,,,,pose_graph,True
front_end,,True,kiss_icp_odometry,,,,,,,,,,,,,,,,,,,,,203597,,,,,,,,,,,,,,,,,,
front_end,,True,kiss_icp_odometry,,,,,,,,,,,,,,,,,,,,,203601,,,,,,,,,,,,,,,,,,
front_end,,True,kiss_icp_odometry,,,,,,,,,,,,,,,,,,,,,203604,,,,,,,,,,,,,,,,,,
front_end,,True,kiss_icp_odometry,,,,,,,,,,,,,,,,,,,,,203606,,,,,,,,,,,,,,,,,,
front_end,,True,kiss_icp_odometry,,,,,,,,,,,,,,,,,,,,,203610,,,,,,,,,,,,,,,,,,
front_end,,True,kiss_icp_odometry,,,,,,,,,,,,,,,,,,,,,203615,,,,,,,,,,,,,,,,,,
front_end,,True,kiss_icp_odometry,,,,,,,,,,,,,,,,,,,,,203620,,,,,,,,,,,,,,,,,,
front_end,,True,kiss_icp_odometry,,,,,,,,,,,,,,,,,,,,,203622,,,,,,,,,,,,,,,,,,
front_end,,True,kiss_icp_odometry,,,,,,,,,,,,,,,,,,,,,203629,,,,,,,,,,,,,,,,,,
front_end,,True,kiss_icp_odometry,,,,,,,,,,,,,,,,,,,,,203634,,,,,,,,,,,,,,,,,,
front_end,,True,kiss_icp_odometry,,,,,,,,,,,,,,,,,,,,,203636,,,,,,,,,,,,,,,,,,
front_end,,True,kiss_icp_odometry,,,,,,,,,,,,,,,,,,,,,203640,,,,,,,,,,,,,,,,,,
front_end,,True,kiss_icp_odometry,,,,,,,,,,,,,,,,,,,,,203642,,,,,,,,,,,,,,,,,,
front_end,,True,kiss_icp_odometry,,,,,,,,,,,,,,,,,,,,,203652,,,,,,,,,,,,,,,,,,
front_end,,True,kiss_icp_odometry,,,,,,,,,,,,,,,,,,,,,203658,,,,,,,,,,,,,,,,,,
front_end,,True,kiss_icp_odometry,,,,,,,,,,,,,,,,,,,,,203661,,,,,,,,,,,,,,,,,,
front_end,,True,kiss_icp_odometry,,,,,,,,,,,,,,,,,,,,,203667,,,,,,,,,,,,,,,,,,
front_end,,True,kiss_icp_odometry,,,,,,,,,,,,,,,,,,,,,203670,,,,,,,,,,,,,,,,,,
front_end,,True,kiss_icp_odometry,,,,,,,,,,,,,,,,,,,,,203674,,,,,,,,,,,,,,,,,,
optimized_backend,,,,,,,,,,,,,,,,,,,,,,,,,,,,,,,,,,,179,303,125,,,,pose_graph,True
front_end,,True,kiss_icp_odometry,,,,,,,,,,,,,,,,,,,,,203674,,,,,,,,,,,,,,,,,,
front_end,,True,kiss_icp_odometry,,,,,,,,,,,,,,,,,,,,,203676,,,,,,,,,,,,,,,,,,
front_end,,True,kiss_icp_odometry,,,,,,,,,,,,,,,,,,,,,203677,,,,,,,,,,,,,,,,,,
front_end,,True,kiss_icp_odometry,,,,,,,,,,,,,,,,,,,,,203683,,,,,,,,,,,,,,,,,,
front_end,,True,kiss_icp_odometry,,,,,,,,,,,,,,,,,,,,,203689,,,,,,,,,,,,,,,,,,
front_end,,True,kiss_icp_odometry,,,,,,,,,,,,,,,,,,,,,203694,,,,,,,,,,,,,,,,,,
front_end,,True,kiss_icp_odometry,,,,,,,,,,,,,,,,,,,,,203700,,,,,,,,,,,,,,,,,,
front_end,,True,kiss_icp_odometry,,,,,,,,,,,,,,,,,,,,,203705,,,,,,,,,,,,,,,,,,
front_end,,True,kiss_icp_odometry,,,,,,,,,,,,,,,,,,,,,203709,,,,,,,,,,,,,,,,,,
front_end,,True,kiss_icp_odometry,,,,,,,,,,,,,,,,,,,,,203715,,,,,,,,,,,,,,,,,,
front_end,,True,kiss_icp_odometry,,,,,,,,,,,,,,,,,,,,,203718,,,,,,,,,,,,,,,,,,
front_end,,True,kiss_icp_odometry,,,,,,,,,,,,,,,,,,,,,203720,,,,,,,,,,,,,,,,,,
front_end,,True,kiss_icp_odometry,,,,,,,,,,,,,,,,,,,,,203729,,,,,,,,,,,,,,,,,,
front_end,,True,kiss_icp_odometry,,,,,,,,,,,,,,,,,,,,,203732,,,,,,,,,,,,,,,,,,
front_end,,True,kiss_icp_odometry,,,,,,,,,,,,,,,,,,,,,203735,,,,,,,,,,,,,,,,,,
front_end,,True,kiss_icp_odometry,,,,,,,,,,,,,,,,,,,,,203740,,,,,,,,,,,,,,,,,,
front_end,,True,kiss_icp_odometry,,,,,,,,,,,,,,,,,,,,,203745,,,,,,,,,,,,,,,,,,
front_end,,True,kiss_icp_odometry,,,,,,,,,,,,,,,,,,,,,203749,,,,,,,,,,,,,,,,,,
front_end,,True,kiss_icp_odometry,,,,,,,,,,,,,,,,,,,,,203753,,,,,,,,,,,,,,,,,,
front_end,,True,kiss_icp_odometry,,,,,,,,,,,,,,,,,,,,,203776,,,,,,,,,,,,,,,,,,
front_end,,True,kiss_icp_odometry,,,,,,,,,,,,,,,,,,,,,203783,,,,,,,,,,,,,,,,,,
front_end,,True,kiss_icp_odometry,,,,,,,,,,,,,,,,,,,,,203800,,,,,,,,,,,,,,,,,,
front_end,,True,kiss_icp_odometry,,,,,,,,,,,,,,,,,,,,,203812,,,,,,,,,,,,,,,,,,
front_end,,True,kiss_icp_odometry,,,,,,,,,,,,,,,,,,,,,203821,,,,,,,,,,,,,,,,,,
front_end,,True,kiss_icp_odometry,,,,,,,,,,,,,,,,,,,,,203842,,,,,,,,,,,,,,,,,,
front_end,,True,kiss_icp_odometry,,,,,,,,,,,,,,,,,,,,,203941,,,,,,,,,,,,,,,,,,
front_end,,True,kiss_icp_odometry,,,,,,,,,,,,,,,,,,,,,203947,,,,,,,,,,,,,,,,,,
front_end,,True,kiss_icp_odometry,,,,,,,,,,,,,,,,,,,,,203954,,,,,,,,,,,,,,,,,,
front_end,,True,kiss_icp_odometry,,,,,,,,,,,,,,,,,,,,,203975,,,,,,,,,,,,,,,,,,
front_end,,True,kiss_icp_odometry,,,,,,,,,,,,,,,,,,,,,203988,,,,,,,,,,,,,,,,,,
front_end,,True,kiss_icp_odometry,,,,,,,,,,,,,,,,,,,,,203992,,,,,,,,,,,,,,,,,,
front_end,,True,kiss_icp_odometry,,,,,,,,,,,,,,,,,,,,,203995,,,,,,,,,,,,,,,,,,
front_end,,True,kiss_icp_odometry,,,,,,,,,,,,,,,,,,,,,204000,,,,,,,,,,,,,,,,,,
front_end,,True,kiss_icp_odometry,,,,,,,,,,,,,,,,,,,,,204004,,,,,,,,,,,,,,,,,,
front_end,,True,kiss_icp_odometry,,,,,,,,,,,,,,,,,,,,,204008,,,,,,,,,,,,,,,,,,
front_end,,True,kiss_icp_odometry,,,,,,,,,,,,,,,,,,,,,204011,,,,,,,,,,,,,,,,,,
front_end,,True,kiss_icp_odometry,,,,,,,,,,,,,,,,,,,,,204019,,,,,,,,,,,,,,,,,,
front_end,,True,kiss_icp_odometry,,,,,,,,,,,,,,,,,,,,,204023,,,,,,,,,,,,,,,,,,
front_end,,True,kiss_icp_odometry,,,,,,,,,,,,,,,,,,,,,204043,,,,,,,,,,,,,,,,,,
front_end,,True,kiss_icp_odometry,,,,,,,,,,,,,,,,,,,,,204069,,,,,,,,,,,,,,,,,,
optimized_backend,,,,,,,,,,,,,,,,,,,,,,,,,,,,,,,,,,,180,305,126,,,,pose_graph,True
front_end,,True,kiss_icp_odometry,,,,,,,,,,,,,,,,,,,,,204071,,,,,,,,,,,,,,,,,,
front_end,,True,kiss_icp_odometry,,,,,,,,,,,,,,,,,,,,,204085,,,,,,,,,,,,,,,,,,
front_end,,True,kiss_icp_odometry,,,,,,,,,,,,,,,,,,,,,204101,,,,,,,,,,,,,,,,,,
front_end,,True,kiss_icp_odometry,,,,,,,,,,,,,,,,,,,,,204110,,,,,,,,,,,,,,,,,,
front_end,,True,kiss_icp_odometry,,,,,,,,,,,,,,,,,,,,,204122,,,,,,,,,,,,,,,,,,
front_end,,True,kiss_icp_odometry,,,,,,,,,,,,,,,,,,,,,204137,,,,,,,,,,,,,,,,,,
front_end,,True,kiss_icp_odometry,,,,,,,,,,,,,,,,,,,,,204142,,,,,,,,,,,,,,,,,,
front_end,,True,kiss_icp_odometry,,,,,,,,,,,,,,,,,,,,,204162,,,,,,,,,,,,,,,,,,
front_end,,True,kiss_icp_odometry,,,,,,,,,,,,,,,,,,,,,204176,,,,,,,,,,,,,,,,,,
front_end,,True,kiss_icp_odometry,,,,,,,,,,,,,,,,,,,,,204200,,,,,,,,,,,,,,,,,,
front_end,,True,kiss_icp_odometry,,,,,,,,,,,,,,,,,,,,,204206,,,,,,,,,,,,,,,,,,
front_end,,True,kiss_icp_odometry,,,,,,,,,,,,,,,,,,,,,204226,,,,,,,,,,,,,,,,,,
front_end,,True,kiss_icp_odometry,,,,,,,,,,,,,,,,,,,,,204230,,,,,,,,,,,,,,,,,,
front_end,,True,kiss_icp_odometry,,,,,,,,,,,,,,,,,,,,,204240,,,,,,,,,,,,,,,,,,
front_end,,True,kiss_icp_odometry,,,,,,,,,,,,,,,,,,,,,204246,,,,,,,,,,,,,,,,,,
front_end,,True,kiss_icp_odometry,,,,,,,,,,,,,,,,,,,,,204249,,,,,,,,,,,,,,,,,,
front_end,,True,kiss_icp_odometry,,,,,,,,,,,,,,,,,,,,,204253,,,,,,,,,,,,,,,,,,
front_end,,True,kiss_icp_odometry,,,,,,,,,,,,,,,,,,,,,204257,,,,,,,,,,,,,,,,,,
front_end,,True,kiss_icp_odometry,,,,,,,,,,,,,,,,,,,,,204259,,,,,,,,,,,,,,,,,,
front_end,,True,kiss_icp_odometry,,,,,,,,,,,,,,,,,,,,,204264,,,,,,,,,,,,,,,,,,
front_end,,True,kiss_icp_odometry,,,,,,,,,,,,,,,,,,,,,204268,,,,,,,,,,,,,,,,,,
optimized_backend,,,,,,,,,,,,,,,,,,,,,,,,,,,,,,,,,,,181,307,127,,,,pose_graph,True
front_end,,True,kiss_icp_odometry,,,,,,,,,,,,,,,,,,,,,204270,,,,,,,,,,,,,,,,,,
front_end,,True,kiss_icp_odometry,,,,,,,,,,,,,,,,,,,,,204274,,,,,,,,,,,,,,,,,,
front_end,,True,kiss_icp_odometry,,,,,,,,,,,,,,,,,,,,,204276,,,,,,,,,,,,,,,,,,
front_end,,True,kiss_icp_odometry,,,,,,,,,,,,,,,,,,,,,204279,,,,,,,,,,,,,,,,,,
front_end,,True,kiss_icp_odometry,,,,,,,,,,,,,,,,,,,,,204281,,,,,,,,,,,,,,,,,,
front_end,,True,kiss_icp_odometry,,,,,,,,,,,,,,,,,,,,,204285,,,,,,,,,,,,,,,,,,
front_end,,True,kiss_icp_odometry,,,,,,,,,,,,,,,,,,,,,204291,,,,,,,,,,,,,,,,,,
front_end,,True,kiss_icp_odometry,,,,,,,,,,,,,,,,,,,,,204292,,,,,,,,,,,,,,,,,,
front_end,,True,kiss_icp_odometry,,,,,,,,,,,,,,,,,,,,,204297,,,,,,,,,,,,,,,,,,
front_end,,True,kiss_icp_odometry,,,,,,,,,,,,,,,,,,,,,204302,,,,,,,,,,,,,,,,,,
optimized_backend,,,,,,,,,,,,,,,,,,,,,,,,,,,,,,,,,,,182,309,128,,,,pose_graph,True
front_end,,True,kiss_icp_odometry,,,,,,,,,,,,,,,,,,,,,204310,,,,,,,,,,,,,,,,,,
front_end,,True,kiss_icp_odometry,,,,,,,,,,,,,,,,,,,,,204310,,,,,,,,,,,,,,,,,,
front_end,,True,kiss_icp_odometry,,,,,,,,,,,,,,,,,,,,,204316,,,,,,,,,,,,,,,,,,
front_end,,True,kiss_icp_odometry,,,,,,,,,,,,,,,,,,,,,204317,,,,,,,,,,,,,,,,,,
front_end,,True,kiss_icp_odometry,,,,,,,,,,,,,,,,,,,,,204321,,,,,,,,,,,,,,,,,,
front_end,,True,kiss_icp_odometry,,,,,,,,,,,,,,,,,,,,,204328,,,,,,,,,,,,,,,,,,
front_end,,True,kiss_icp_odometry,,,,,,,,,,,,,,,,,,,,,204333,,,,,,,,,,,,,,,,,,
front_end,,True,kiss_icp_odometry,,,,,,,,,,,,,,,,,,,,,204334,,,,,,,,,,,,,,,,,,
optimized_backend,,,,,,,,,,,,,,,,,,,,,,,,,,,,,,,,,,,183,311,129,,,,pose_graph,True
front_end,,True,kiss_icp_odometry,,,,,,,,,,,,,,,,,,,,,204335,,,,,,,,,,,,,,,,,,
front_end,,True,kiss_icp_odometry,,,,,,,,,,,,,,,,,,,,,204337,,,,,,,,,,,,,,,,,,
front_end,,True,kiss_icp_odometry,,,,,,,,,,,,,,,,,,,,,204340,,,,,,,,,,,,,,,,,,
front_end,,True,kiss_icp_odometry,,,,,,,,,,,,,,,,,,,,,204341,,,,,,,,,,,,,,,,,,
front_end,,True,kiss_icp_odometry,,,,,,,,,,,,,,,,,,,,,204343,,,,,,,,,,,,,,,,,,
front_end,,True,kiss_icp_odometry,,,,,,,,,,,,,,,,,,,,,204343,,,,,,,,,,,,,,,,,,
front_end,,True,kiss_icp_odometry,,,,,,,,,,,,,,,,,,,,,204347,,,,,,,,,,,,,,,,,,
front_end,,True,kiss_icp_odometry,,,,,,,,,,,,,,,,,,,,,204351,,,,,,,,,,,,,,,,,,
front_end,,True,kiss_icp_odometry,,,,,,,,,,,,,,,,,,,,,204351,,,,,,,,,,,,,,,,,,
front_end,,True,kiss_icp_odometry,,,,,,,,,,,,,,,,,,,,,204354,,,,,,,,,,,,,,,,,,
optimized_backend,,,,,,,,,,,,,,,,,,,,,,,,,,,,,,,,,,,184,313,130,,,,pose_graph,True
front_end,,True,kiss_icp_odometry,,,,,,,,,,,,,,,,,,,,,204355,,,,,,,,,,,,,,,,,,
front_end,,True,kiss_icp_odometry,,,,,,,,,,,,,,,,,,,,,204356,,,,,,,,,,,,,,,,,,
front_end,,True,kiss_icp_odometry,,,,,,,,,,,,,,,,,,,,,204357,,,,,,,,,,,,,,,,,,
front_end,,True,kiss_icp_odometry,,,,,,,,,,,,,,,,,,,,,204357,,,,,,,,,,,,,,,,,,
front_end,,True,kiss_icp_odometry,,,,,,,,,,,,,,,,,,,,,204361,,,,,,,,,,,,,,,,,,
front_end,,True,kiss_icp_odometry,,,,,,,,,,,,,,,,,,,,,204362,,,,,,,,,,,,,,,,,,
front_end,,True,kiss_icp_odometry,,,,,,,,,,,,,,,,,,,,,204365,,,,,,,,,,,,,,,,,,
front_end,,True,kiss_icp_odometry,,,,,,,,,,,,,,,,,,,,,204371,,,,,,,,,,,,,,,,,,
front_end,,True,kiss_icp_odometry,,,,,,,,,,,,,,,,,,,,,204374,,,,,,,,,,,,,,,,,,
optimized_backend,,,,,,,,,,,,,,,,,,,,,,,,,,,,,,,,,,,185,315,131,,,,pose_graph,True
front_end,,True,kiss_icp_odometry,,,,,,,,,,,,,,,,,,,,,204378,,,,,,,,,,,,,,,,,,
front_end,,True,kiss_icp_odometry,,,,,,,,,,,,,,,,,,,,,204379,,,,,,,,,,,,,,,,,,
front_end,,True,kiss_icp_odometry,,,,,,,,,,,,,,,,,,,,,204379,,,,,,,,,,,,,,,,,,
front_end,,True,kiss_icp_odometry,,,,,,,,,,,,,,,,,,,,,204388,,,,,,,,,,,,,,,,,,
front_end,,True,kiss_icp_odometry,,,,,,,,,,,,,,,,,,,,,204390,,,,,,,,,,,,,,,,,,
front_end,,True,kiss_icp_odometry,,,,,,,,,,,,,,,,,,,,,204391,,,,,,,,,,,,,,,,,,
front_end,,True,kiss_icp_odometry,,,,,,,,,,,,,,,,,,,,,204394,,,,,,,,,,,,,,,,,,
optimized_backend,,,,,,,,,,,,,,,,,,,,,,,,,,,,,,,,,,,186,317,132,,,,pose_graph,True
front_end,,True,kiss_icp_odometry,,,,,,,,,,,,,,,,,,,,,204397,,,,,,,,,,,,,,,,,,
front_end,,True,kiss_icp_odometry,,,,,,,,,,,,,,,,,,,,,204397,,,,,,,,,,,,,,,,,,
front_end,,True,kiss_icp_odometry,,,,,,,,,,,,,,,,,,,,,204400,,,,,,,,,,,,,,,,,,
front_end,,True,kiss_icp_odometry,,,,,,,,,,,,,,,,,,,,,204401,,,,,,,,,,,,,,,,,,
front_end,,True,kiss_icp_odometry,,,,,,,,,,,,,,,,,,,,,204405,,,,,,,,,,,,,,,,,,
front_end,,True,kiss_icp_odometry,,,,,,,,,,,,,,,,,,,,,204411,,,,,,,,,,,,,,,,,,
front_end,,True,kiss_icp_odometry,,,,,,,,,,,,,,,,,,,,,204413,,,,,,,,,,,,,,,,,,
optimized_backend,,,,,,,,,,,,,,,,,,,,,,,,,,,,,,,,,,,187,319,133,,,,pose_graph,True
front_end,,True,kiss_icp_odometry,,,,,,,,,,,,,,,,,,,,,204414,,,,,,,,,,,,,,,,,,
front_end,,True,kiss_icp_odometry,,,,,,,,,,,,,,,,,,,,,204415,,,,,,,,,,,,,,,,,,
front_end,,True,kiss_icp_odometry,,,,,,,,,,,,,,,,,,,,,204417,,,,,,,,,,,,,,,,,,
front_end,,True,kiss_icp_odometry,,,,,,,,,,,,,,,,,,,,,204420,,,,,,,,,,,,,,,,,,
front_end,,True,kiss_icp_odometry,,,,,,,,,,,,,,,,,,,,,204424,,,,,,,,,,,,,,,,,,
front_end,,True,kiss_icp_odometry,,,,,,,,,,,,,,,,,,,,,204425,,,,,,,,,,,,,,,,,,
front_end,,True,kiss_icp_odometry,,,,,,,,,,,,,,,,,,,,,204425,,,,,,,,,,,,,,,,,,
front_end,,True,kiss_icp_odometry,,,,,,,,,,,,,,,,,,,,,204427,,,,,,,,,,,,,,,,,,
front_end,,True,kiss_icp_odometry,,,,,,,,,,,,,,,,,,,,,204430,,,,,,,,,,,,,,,,,,
optimized_backend,,,,,,,,,,,,,,,,,,,,,,,,,,,,,,,,,,,188,321,134,,,,pose_graph,True
front_end,,True,kiss_icp_odometry,,,,,,,,,,,,,,,,,,,,,204438,,,,,,,,,,,,,,,,,,
front_end,,True,kiss_icp_odometry,,,,,,,,,,,,,,,,,,,,,204439,,,,,,,,,,,,,,,,,,
front_end,,True,kiss_icp_odometry,,,,,,,,,,,,,,,,,,,,,204452,,,,,,,,,,,,,,,,,,
front_end,,True,kiss_icp_odometry,,,,,,,,,,,,,,,,,,,,,204457,,,,,,,,,,,,,,,,,,
front_end,,True,kiss_icp_odometry,,,,,,,,,,,,,,,,,,,,,204469,,,,,,,,,,,,,,,,,,
front_end,,True,kiss_icp_odometry,,,,,,,,,,,,,,,,,,,,,204478,,,,,,,,,,,,,,,,,,
front_end,,True,kiss_icp_odometry,,,,,,,,,,,,,,,,,,,,,204481,,,,,,,,,,,,,,,,,,
front_end,,True,kiss_icp_odometry,,,,,,,,,,,,,,,,,,,,,204490,,,,,,,,,,,,,,,,,,
front_end,,True,kiss_icp_odometry,,,,,,,,,,,,,,,,,,,,,204493,,,,,,,,,,,,,,,,,,
front_end,,True,kiss_icp_odometry,,,,,,,,,,,,,,,,,,,,,204496,,,,,,,,,,,,,,,,,,
front_end,,True,kiss_icp_odometry,,,,,,,,,,,,,,,,,,,,,204498,,,,,,,,,,,,,,,,,,
optimized_backend,,,,,,,,,,,,,,,,,,,,,,,,,,,,,,,,,,,189,323,135,,,,pose_graph,True
front_end,,True,kiss_icp_odometry,,,,,,,,,,,,,,,,,,,,,204507,,,,,,,,,,,,,,,,,,
front_end,,True,kiss_icp_odometry,,,,,,,,,,,,,,,,,,,,,204512,,,,,,,,,,,,,,,,,,
front_end,,True,kiss_icp_odometry,,,,,,,,,,,,,,,,,,,,,204517,,,,,,,,,,,,,,,,,,
front_end,,True,kiss_icp_odometry,,,,,,,,,,,,,,,,,,,,,204518,,,,,,,,,,,,,,,,,,
front_end,,True,kiss_icp_odometry,,,,,,,,,,,,,,,,,,,,,204521,,,,,,,,,,,,,,,,,,
front_end,,True,kiss_icp_odometry,,,,,,,,,,,,,,,,,,,,,204523,,,,,,,,,,,,,,,,,,
front_end,,True,kiss_icp_odometry,,,,,,,,,,,,,,,,,,,,,204540,,,,,,,,,,,,,,,,,,
front_end,,True,kiss_icp_odometry,,,,,,,,,,,,,,,,,,,,,204547,,,,,,,,,,,,,,,,,,
front_end,,True,kiss_icp_odometry,,,,,,,,,,,,,,,,,,,,,204548,,,,,,,,,,,,,,,,,,
front_end,,True,kiss_icp_odometry,,,,,,,,,,,,,,,,,,,,,204554,,,,,,,,,,,,,,,,,,
optimized_backend,,,,,,,,,,,,,,,,,,,,,,,,,,,,,,,,,,,190,325,136,,,,pose_graph,True
front_end,,True,kiss_icp_odometry,,,,,,,,,,,,,,,,,,,,,204560,,,,,,,,,,,,,,,,,,
front_end,,True,kiss_icp_odometry,,,,,,,,,,,,,,,,,,,,,204565,,,,,,,,,,,,,,,,,,
front_end,,True,kiss_icp_odometry,,,,,,,,,,,,,,,,,,,,,204573,,,,,,,,,,,,,,,,,,
front_end,,True,kiss_icp_odometry,,,,,,,,,,,,,,,,,,,,,204590,,,,,,,,,,,,,,,,,,
front_end,,True,kiss_icp_odometry,,,,,,,,,,,,,,,,,,,,,204592,,,,,,,,,,,,,,,,,,
front_end,,True,kiss_icp_odometry,,,,,,,,,,,,,,,,,,,,,204594,,,,,,,,,,,,,,,,,,
front_end,,True,kiss_icp_odometry,,,,,,,,,,,,,,,,,,,,,204595,,,,,,,,,,,,,,,,,,
front_end,,True,kiss_icp_odometry,,,,,,,,,,,,,,,,,,,,,204595,,,,,,,,,,,,,,,,,,
front_end,,True,kiss_icp_odometry,,,,,,,,,,,,,,,,,,,,,204595,,,,,,,,,,,,,,,,,,
front_end,,True,kiss_icp_odometry,,,,,,,,,,,,,,,,,,,,,204595,,,,,,,,,,,,,,,,,,
front_end,,True,kiss_icp_odometry,,,,,,,,,,,,,,,,,,,,,204596,,,,,,,,,,,,,,,,,,
front_end,,True,kiss_icp_odometry,,,,,,,,,,,,,,,,,,,,,204597,,,,,,,,,,,,,,,,,,
front_end,,True,kiss_icp_odometry,,,,,,,,,,,,,,,,,,,,,204597,,,,,,,,,,,,,,,,,,
front_end,,True,kiss_icp_odometry,,,,,,,,,,,,,,,,,,,,,204599,,,,,,,,,,,,,,,,,,
front_end,,True,kiss_icp_odometry,,,,,,,,,,,,,,,,,,,,,204600,,,,,,,,,,,,,,,,,,
front_end,,True,kiss_icp_odometry,,,,,,,,,,,,,,,,,,,,,204604,,,,,,,,,,,,,,,,,,
front_end,,True,kiss_icp_odometry,,,,,,,,,,,,,,,,,,,,,204607,,,,,,,,,,,,,,,,,,
front_end,,True,kiss_icp_odometry,,,,,,,,,,,,,,,,,,,,,204609,,,,,,,,,,,,,,,,,,
front_end,,True,kiss_icp_odometry,,,,,,,,,,,,,,,,,,,,,204614,,,,,,,,,,,,,,,,,,
front_end,,True,kiss_icp_odometry,,,,,,,,,,,,,,,,,,,,,204614,,,,,,,,,,,,,,,,,,
front_end,,True,kiss_icp_odometry,,,,,,,,,,,,,,,,,,,,,204617,,,,,,,,,,,,,,,,,,
front_end,,True,kiss_icp_odometry,,,,,,,,,,,,,,,,,,,,,204621,,,,,,,,,,,,,,,,,,
front_end,,True,kiss_icp_odometry,,,,,,,,,,,,,,,,,,,,,204625,,,,,,,,,,,,,,,,,,
front_end,,True,kiss_icp_odometry,,,,,,,,,,,,,,,,,,,,,204631,,,,,,,,,,,,,,,,,,
front_end,,True,kiss_icp_odometry,,,,,,,,,,,,,,,,,,,,,204633,,,,,,,,,,,,,,,,,,
front_end,,True,kiss_icp_odometry,,,,,,,,,,,,,,,,,,,,,204638,,,,,,,,,,,,,,,,,,
front_end,,True,kiss_icp_odometry,,,,,,,,,,,,,,,,,,,,,204652,,,,,,,,,,,,,,,,,,
front_end,,True,kiss_icp_odometry,,,,,,,,,,,,,,,,,,,,,204671,,,,,,,,,,,,,,,,,,
front_end,,True,kiss_icp_odometry,,,,,,,,,,,,,,,,,,,,,204680,,,,,,,,,,,,,,,,,,
front_end,,True,kiss_icp_odometry,,,,,,,,,,,,,,,,,,,,,204684,,,,,,,,,,,,,,,,,,
front_end,,True,kiss_icp_odometry,,,,,,,,,,,,,,,,,,,,,204693,,,,,,,,,,,,,,,,,,
front_end,,True,kiss_icp_odometry,,,,,,,,,,,,,,,,,,,,,204693,,,,,,,,,,,,,,,,,,
front_end,,True,kiss_icp_odometry,,,,,,,,,,,,,,,,,,,,,204699,,,,,,,,,,,,,,,,,,
front_end,,True,kiss_icp_odometry,,,,,,,,,,,,,,,,,,,,,204702,,,,,,,,,,,,,,,,,,
front_end,,True,kiss_icp_odometry,,,,,,,,,,,,,,,,,,,,,204704,,,,,,,,,,,,,,,,,,
front_end,,True,kiss_icp_odometry,,,,,,,,,,,,,,,,,,,,,204708,,,,,,,,,,,,,,,,,,
front_end,,True,kiss_icp_odometry,,,,,,,,,,,,,,,,,,,,,204710,,,,,,,,,,,,,,,,,,
front_end,,True,kiss_icp_odometry,,,,,,,,,,,,,,,,,,,,,204712,,,,,,,,,,,,,,,,,,
front_end,,True,kiss_icp_odometry,,,,,,,,,,,,,,,,,,,,,204715,,,,,,,,,,,,,,,,,,
front_end,,True,kiss_icp_odometry,,,,,,,,,,,,,,,,,,,,,204716,,,,,,,,,,,,,,,,,,
front_end,,True,kiss_icp_odometry,,,,,,,,,,,,,,,,,,,,,204723,,,,,,,,,,,,,,,,,,
front_end,,True,kiss_icp_odometry,,,,,,,,,,,,,,,,,,,,,204724,,,,,,,,,,,,,,,,,,
front_end,,True,kiss_icp_odometry,,,,,,,,,,,,,,,,,,,,,204736,,,,,,,,,,,,,,,,,,
front_end,,True,kiss_icp_odometry,,,,,,,,,,,,,,,,,,,,,204745,,,,,,,,,,,,,,,,,,
front_end,,True,kiss_icp_odometry,,,,,,,,,,,,,,,,,,,,,204752,,,,,,,,,,,,,,,,,,
front_end,,True,kiss_icp_odometry,,,,,,,,,,,,,,,,,,,,,204763,,,,,,,,,,,,,,,,,,
front_end,,True,kiss_icp_odometry,,,,,,,,,,,,,,,,,,,,,204768,,,,,,,,,,,,,,,,,,
front_end,,True,kiss_icp_odometry,,,,,,,,,,,,,,,,,,,,,204804,,,,,,,,,,,,,,,,,,
front_end,,True,kiss_icp_odometry,,,,,,,,,,,,,,,,,,,,,204812,,,,,,,,,,,,,,,,,,
front_end,,True,kiss_icp_odometry,,,,,,,,,,,,,,,,,,,,,204824,,,,,,,,,,,,,,,,,,
front_end,,True,kiss_icp_odometry,,,,,,,,,,,,,,,,,,,,,204833,,,,,,,,,,,,,,,,,,
front_end,,True,kiss_icp_odometry,,,,,,,,,,,,,,,,,,,,,204845,,,,,,,,,,,,,,,,,,
front_end,,True,kiss_icp_odometry,,,,,,,,,,,,,,,,,,,,,204856,,,,,,,,,,,,,,,,,,
front_end,,True,kiss_icp_odometry,,,,,,,,,,,,,,,,,,,,,204868,,,,,,,,,,,,,,,,,,
front_end,,True,kiss_icp_odometry,,,,,,,,,,,,,,,,,,,,,204876,,,,,,,,,,,,,,,,,,
front_end,,True,kiss_icp_odometry,,,,,,,,,,,,,,,,,,,,,204882,,,,,,,,,,,,,,,,,,
front_end,,True,kiss_icp_odometry,,,,,,,,,,,,,,,,,,,,,204886,,,,,,,,,,,,,,,,,,
front_end,,True,kiss_icp_odometry,,,,,,,,,,,,,,,,,,,,,204891,,,,,,,,,,,,,,,,,,
front_end,,True,kiss_icp_odometry,,,,,,,,,,,,,,,,,,,,,204894,,,,,,,,,,,,,,,,,,
front_end,,True,kiss_icp_odometry,,,,,,,,,,,,,,,,,,,,,204899,,,,,,,,,,,,,,,,,,
front_end,,True,kiss_icp_odometry,,,,,,,,,,,,,,,,,,,,,204904,,,,,,,,,,,,,,,,,,
front_end,,True,kiss_icp_odometry,,,,,,,,,,,,,,,,,,,,,204908,,,,,,,,,,,,,,,,,,
front_end,,True,kiss_icp_odometry,,,,,,,,,,,,,,,,,,,,,204910,,,,,,,,,,,,,,,,,,
front_end,,True,kiss_icp_odometry,,,,,,,,,,,,,,,,,,,,,204919,,,,,,,,,,,,,,,,,,
front_end,,True,kiss_icp_odometry,,,,,,,,,,,,,,,,,,,,,204921,,,,,,,,,,,,,,,,,,
front_end,,True,kiss_icp_odometry,,,,,,,,,,,,,,,,,,,,,204924,,,,,,,,,,,,,,,,,,
front_end,,True,kiss_icp_odometry,,,,,,,,,,,,,,,,,,,,,204926,,,,,,,,,,,,,,,,,,
front_end,,True,kiss_icp_odometry,,,,,,,,,,,,,,,,,,,,,204930,,,,,,,,,,,,,,,,,,
front_end,,True,kiss_icp_odometry,,,,,,,,,,,,,,,,,,,,,204930,,,,,,,,,,,,,,,,,,
front_end,,True,kiss_icp_odometry,,,,,,,,,,,,,,,,,,,,,204931,,,,,,,,,,,,,,,,,,
front_end,,True,kiss_icp_odometry,,,,,,,,,,,,,,,,,,,,,204931,,,,,,,,,,,,,,,,,,
front_end,,True,kiss_icp_odometry,,,,,,,,,,,,,,,,,,,,,204931,,,,,,,,,,,,,,,,,,
front_end,,True,kiss_icp_odometry,,,,,,,,,,,,,,,,,,,,,204931,,,,,,,,,,,,,,,,,,
front_end,,True,kiss_icp_odometry,,,,,,,,,,,,,,,,,,,,,204932,,,,,,,,,,,,,,,,,,
front_end,,True,kiss_icp_odometry,,,,,,,,,,,,,,,,,,,,,204934,,,,,,,,,,,,,,,,,,
front_end,,True,kiss_icp_odometry,,,,,,,,,,,,,,,,,,,,,204940,,,,,,,,,,,,,,,,,,
front_end,,True,kiss_icp_odometry,,,,,,,,,,,,,,,,,,,,,204942,,,,,,,,,,,,,,,,,,
front_end,,True,kiss_icp_odometry,,,,,,,,,,,,,,,,,,,,,204942,,,,,,,,,,,,,,,,,,
front_end,,True,kiss_icp_odometry,,,,,,,,,,,,,,,,,,,,,204944,,,,,,,,,,,,,,,,,,
front_end,,True,kiss_icp_odometry,,,,,,,,,,,,,,,,,,,,,204946,,,,,,,,,,,,,,,,,,
front_end,,True,kiss_icp_odometry,,,,,,,,,,,,,,,,,,,,,204950,,,,,,,,,,,,,,,,,,
front_end,,True,kiss_icp_odometry,,,,,,,,,,,,,,,,,,,,,204951,,,,,,,,,,,,,,,,,,
front_end,,True,kiss_icp_odometry,,,,,,,,,,,,,,,,,,,,,204952,,,,,,,,,,,,,,,,,,
front_end,,True,kiss_icp_odometry,,,,,,,,,,,,,,,,,,,,,204953,,,,,,,,,,,,,,,,,,
front_end,,True,kiss_icp_odometry,,,,,,,,,,,,,,,,,,,,,204954,,,,,,,,,,,,,,,,,,
front_end,,True,kiss_icp_odometry,,,,,,,,,,,,,,,,,,,,,204955,,,,,,,,,,,,,,,,,,
front_end,,True,kiss_icp_odometry,,,,,,,,,,,,,,,,,,,,,204956,,,,,,,,,,,,,,,,,,
front_end,,True,kiss_icp_odometry,,,,,,,,,,,,,,,,,,,,,204956,,,,,,,,,,,,,,,,,,
front_end,,True,kiss_icp_odometry,,,,,,,,,,,,,,,,,,,,,204962,,,,,,,,,,,,,,,,,,
front_end,,True,kiss_icp_odometry,,,,,,,,,,,,,,,,,,,,,204963,,,,,,,,,,,,,,,,,,
front_end,,True,kiss_icp_odometry,,,,,,,,,,,,,,,,,,,,,204964,,,,,,,,,,,,,,,,,,
front_end,,True,kiss_icp_odometry,,,,,,,,,,,,,,,,,,,,,204966,,,,,,,,,,,,,,,,,,
front_end,,True,kiss_icp_odometry,,,,,,,,,,,,,,,,,,,,,204967,,,,,,,,,,,,,,,,,,
front_end,,True,kiss_icp_odometry,,,,,,,,,,,,,,,,,,,,,204971,,,,,,,,,,,,,,,,,,
front_end,,True,kiss_icp_odometry,,,,,,,,,,,,,,,,,,,,,204971,,,,,,,,,,,,,,,,,,
front_end,,True,kiss_icp_odometry,,,,,,,,,,,,,,,,,,,,,204974,,,,,,,,,,,,,,,,,,
front_end,,True,kiss_icp_odometry,,,,,,,,,,,,,,,,,,,,,204975,,,,,,,,,,,,,,,,,,
front_end,,True,kiss_icp_odometry,,,,,,,,,,,,,,,,,,,,,204975,,,,,,,,,,,,,,,,,,
front_end,,True,kiss_icp_odometry,,,,,,,,,,,,,,,,,,,,,204976,,,,,,,,,,,,,,,,,,
front_end,,True,kiss_icp_odometry,,,,,,,,,,,,,,,,,,,,,204976,,,,,,,,,,,,,,,,,,
front_end,,True,kiss_icp_odometry,,,,,,,,,,,,,,,,,,,,,204978,,,,,,,,,,,,,,,,,,
front_end,,True,kiss_icp_odometry,,,,,,,,,,,,,,,,,,,,,204981,,,,,,,,,,,,,,,,,,
front_end,,True,kiss_icp_odometry,,,,,,,,,,,,,,,,,,,,,204982,,,,,,,,,,,,,,,,,,
front_end,,True,kiss_icp_odometry,,,,,,,,,,,,,,,,,,,,,204982,,,,,,,,,,,,,,,,,,
front_end,,True,kiss_icp_odometry,,,,,,,,,,,,,,,,,,,,,204983,,,,,,,,,,,,,,,,,,
front_end,,True,kiss_icp_odometry,,,,,,,,,,,,,,,,,,,,,204984,,,,,,,,,,,,,,,,,,
front_end,,True,kiss_icp_odometry,,,,,,,,,,,,,,,,,,,,,204984,,,,,,,,,,,,,,,,,,
front_end,,True,kiss_icp_odometry,,,,,,,,,,,,,,,,,,,,,204984,,,,,,,,,,,,,,,,,,
front_end,,True,kiss_icp_odometry,,,,,,,,,,,,,,,,,,,,,204987,,,,,,,,,,,,,,,,,,
front_end,,True,kiss_icp_odometry,,,,,,,,,,,,,,,,,,,,,204988,,,,,,,,,,,,,,,,,,
front_end,,True,kiss_icp_odometry,,,,,,,,,,,,,,,,,,,,,204989,,,,,,,,,,,,,,,,,,
front_end,,True,kiss_icp_odometry,,,,,,,,,,,,,,,,,,,,,204989,,,,,,,,,,,,,,,,,,
front_end,,True,kiss_icp_odometry,,,,,,,,,,,,,,,,,,,,,204989,,,,,,,,,,,,,,,,,,
front_end,,True,kiss_icp_odometry,,,,,,,,,,,,,,,,,,,,,204990,,,,,,,,,,,,,,,,,,
front_end,,True,kiss_icp_odometry,,,,,,,,,,,,,,,,,,,,,204990,,,,,,,,,,,,,,,,,,
front_end,,True,kiss_icp_odometry,,,,,,,,,,,,,,,,,,,,,204990,,,,,,,,,,,,,,,,,,
front_end,,True,kiss_icp_odometry,,,,,,,,,,,,,,,,,,,,,204991,,,,,,,,,,,,,,,,,,
front_end,,True,kiss_icp_odometry,,,,,,,,,,,,,,,,,,,,,204991,,,,,,,,,,,,,,,,,,
front_end,,True,kiss_icp_odometry,,,,,,,,,,,,,,,,,,,,,204991,,,,,,,,,,,,,,,,,,
