status_source,stamp_s,accepted,reason,points,fitness,rmse,processing_ms,preprocess_ms,icp_ms,primary_icp_ms,prediction_icp_ms,recovery_icp_ms,recovery_prepare_ms,mapping_ms,publish_ms,other_ms,icp_calls,scan_dt_sec,dropped_scans_estimated_last,dropped_scans_estimated_total,icp_target,keyframe_added,local_map_frames,local_map_points,consecutive_rejections,recovery_active,recovery_attempted,recovery_success,recovery_provisional,recovery_confirmed,recovery_confirmations,recovery_reason,recovery_seed_yaw_offset_deg,recovery_imu_error_deg,pose_graph_nodes,pose_graph_edges,loop_closures,loop_detection_ms,optimization_ms,map_publish_ms,backend,optimized
front_end,,True,fast_lio2_odometry,,,,,,,,,,,,,,,,,,,,,,,,,,,,,,,,,,,,,,,
optimized_backend,,,,,,,,,,,,,,,,,,,,,,,,,,,,,,,,,,,1,0,0,,,,pose_graph,False
front_end,,True,fast_lio2_odometry,,,,,,,,,,,,,,,,,,,,,,,,,,,,,,,,,,,,,,,
front_end,,True,fast_lio2_odometry,,,,,,,,,,,,,,,,,,,,,,,,,,,,,,,,,,,,,,,
front_end,,True,fast_lio2_odometry,,,,,,,,,,,,,,,,,,,,,,,,,,,,,,,,,,,,,,,
front_end,,True,fast_lio2_odometry,,,,,,,,,,,,,,,,,,,,,,,,,,,,,,,,,,,,,,,
front_end,,True,fast_lio2_odometry,,,,,,,,,,,,,,,,,,,,,,,,,,,,,,,,,,,,,,,
front_end,,True,fast_lio2_odometry,,,,,,,,,,,,,,,,,,,,,,,,,,,,,,,,,,,,,,,
front_end,,True,fast_lio2_odometry,,,,,,,,,,,,,,,,,,,,,,,,,,,,,,,,,,,,,,,
front_end,,True,fast_lio2_odometry,,,,,,,,,,,,,,,,,,,,,,,,,,,,,,,,,,,,,,,
front_end,,True,fast_lio2_odometry,,,,,,,,,,,,,,,,,,,,,,,,,,,,,,,,,,,,,,,
front_end,,True,fast_lio2_odometry,,,,,,,,,,,,,,,,,,,,,,,,,,,,,,,,,,,,,,,
front_end,,True,fast_lio2_odometry,,,,,,,,,,,,,,,,,,,,,,,,,,,,,,,,,,,,,,,
front_end,,True,fast_lio2_odometry,,,,,,,,,,,,,,,,,,,,,,,,,,,,,,,,,,,,,,,
front_end,,True,fast_lio2_odometry,,,,,,,,,,,,,,,,,,,,,,,,,,,,,,,,,,,,,,,
front_end,,True,fast_lio2_odometry,,,,,,,,,,,,,,,,,,,,,,,,,,,,,,,,,,,,,,,
front_end,,True,fast_lio2_odometry,,,,,,,,,,,,,,,,,,,,,,,,,,,,,,,,,,,,,,,
front_end,,True,fast_lio2_odometry,,,,,,,,,,,,,,,,,,,,,,,,,,,,,,,,,,,,,,,
front_end,,True,fast_lio2_odometry,,,,,,,,,,,,,,,,,,,,,,,,,,,,,,,,,,,,,,,
front_end,,True,fast_lio2_odometry,,,,,,,,,,,,,,,,,,,,,,,,,,,,,,,,,,,,,,,
front_end,,True,fast_lio2_odometry,,,,,,,,,,,,,,,,,,,,,,,,,,,,,,,,,,,,,,,
front_end,,True,fast_lio2_odometry,,,,,,,,,,,,,,,,,,,,,,,,,,,,,,,,,,,,,,,
front_end,,True,fast_lio2_odometry,,,,,,,,,,,,,,,,,,,,,,,,,,,,,,,,,,,,,,,
front_end,,True,fast_lio2_odometry,,,,,,,,,,,,,,,,,,,,,,,,,,,,,,,,,,,,,,,
front_end,,True,fast_lio2_odometry,,,,,,,,,,,,,,,,,,,,,,,,,,,,,,,,,,,,,,,
front_end,,True,fast_lio2_odometry,,,,,,,,,,,,,,,,,,,,,,,,,,,,,,,,,,,,,,,
front_end,,True,fast_lio2_odometry,,,,,,,,,,,,,,,,,,,,,,,,,,,,,,,,,,,,,,,
front_end,,True,fast_lio2_odometry,,,,,,,,,,,,,,,,,,,,,,,,,,,,,,,,,,,,,,,
front_end,,True,fast_lio2_odometry,,,,,,,,,,,,,,,,,,,,,,,,,,,,,,,,,,,,,,,
front_end,,True,fast_lio2_odometry,,,,,,,,,,,,,,,,,,,,,,,,,,,,,,,,,,,,,,,
front_end,,True,fast_lio2_odometry,,,,,,,,,,,,,,,,,,,,,,,,,,,,,,,,,,,,,,,
front_end,,True,fast_lio2_odometry,,,,,,,,,,,,,,,,,,,,,,,,,,,,,,,,,,,,,,,
front_end,,True,fast_lio2_odometry,,,,,,,,,,,,,,,,,,,,,,,,,,,,,,,,,,,,,,,
front_end,,True,fast_lio2_odometry,,,,,,,,,,,,,,,,,,,,,,,,,,,,,,,,,,,,,,,
front_end,,True,fast_lio2_odometry,,,,,,,,,,,,,,,,,,,,,,,,,,,,,,,,,,,,,,,
front_end,,True,fast_lio2_odometry,,,,,,,,,,,,,,,,,,,,,,,,,,,,,,,,,,,,,,,
front_end,,True,fast_lio2_odometry,,,,,,,,,,,,,,,,,,,,,,,,,,,,,,,,,,,,,,,
front_end,,True,fast_lio2_odometry,,,,,,,,,,,,,,,,,,,,,,,,,,,,,,,,,,,,,,,
front_end,,True,fast_lio2_odometry,,,,,,,,,,,,,,,,,,,,,,,,,,,,,,,,,,,,,,,
front_end,,True,fast_lio2_odometry,,,,,,,,,,,,,,,,,,,,,,,,,,,,,,,,,,,,,,,
front_end,,True,fast_lio2_odometry,,,,,,,,,,,,,,,,,,,,,,,,,,,,,,,,,,,,,,,
front_end,,True,fast_lio2_odometry,,,,,,,,,,,,,,,,,,,,,,,,,,,,,,,,,,,,,,,
front_end,,True,fast_lio2_odometry,,,,,,,,,,,,,,,,,,,,,,,,,,,,,,,,,,,,,,,
front_end,,True,fast_lio2_odometry,,,,,,,,,,,,,,,,,,,,,,,,,,,,,,,,,,,,,,,
front_end,,True,fast_lio2_odometry,,,,,,,,,,,,,,,,,,,,,,,,,,,,,,,,,,,,,,,
front_end,,True,fast_lio2_odometry,,,,,,,,,,,,,,,,,,,,,,,,,,,,,,,,,,,,,,,
front_end,,True,fast_lio2_odometry,,,,,,,,,,,,,,,,,,,,,,,,,,,,,,,,,,,,,,,
front_end,,True,fast_lio2_odometry,,,,,,,,,,,,,,,,,,,,,,,,,,,,,,,,,,,,,,,
front_end,,True,fast_lio2_odometry,,,,,,,,,,,,,,,,,,,,,,,,,,,,,,,,,,,,,,,
front_end,,True,fast_lio2_odometry,,,,,,,,,,,,,,,,,,,,,,,,,,,,,,,,,,,,,,,
front_end,,True,fast_lio2_odometry,,,,,,,,,,,,,,,,,,,,,,,,,,,,,,,,,,,,,,,
front_end,,True,fast_lio2_odometry,,,,,,,,,,,,,,,,,,,,,,,,,,,,,,,,,,,,,,,
front_end,,True,fast_lio2_odometry,,,,,,,,,,,,,,,,,,,,,,,,,,,,,,,,,,,,,,,
front_end,,True,fast_lio2_odometry,,,,,,,,,,,,,,,,,,,,,,,,,,,,,,,,,,,,,,,
front_end,,True,fast_lio2_odometry,,,,,,,,,,,,,,,,,,,,,,,,,,,,,,,,,,,,,,,
front_end,,True,fast_lio2_odometry,,,,,,,,,,,,,,,,,,,,,,,,,,,,,,,,,,,,,,,
front_end,,True,fast_lio2_odometry,,,,,,,,,,,,,,,,,,,,,,,,,,,,,,,,,,,,,,,
front_end,,True,fast_lio2_odometry,,,,,,,,,,,,,,,,,,,,,,,,,,,,,,,,,,,,,,,
front_end,,True,fast_lio2_odometry,,,,,,,,,,,,,,,,,,,,,,,,,,,,,,,,,,,,,,,
front_end,,True,fast_lio2_odometry,,,,,,,,,,,,,,,,,,,,,,,,,,,,,,,,,,,,,,,
front_end,,True,fast_lio2_odometry,,,,,,,,,,,,,,,,,,,,,,,,,,,,,,,,,,,,,,,
front_end,,True,fast_lio2_odometry,,,,,,,,,,,,,,,,,,,,,,,,,,,,,,,,,,,,,,,
front_end,,True,fast_lio2_odometry,,,,,,,,,,,,,,,,,,,,,,,,,,,,,,,,,,,,,,,
front_end,,True,fast_lio2_odometry,,,,,,,,,,,,,,,,,,,,,,,,,,,,,,,,,,,,,,,
front_end,,True,fast_lio2_odometry,,,,,,,,,,,,,,,,,,,,,,,,,,,,,,,,,,,,,,,
front_end,,True,fast_lio2_odometry,,,,,,,,,,,,,,,,,,,,,,,,,,,,,,,,,,,,,,,
front_end,,True,fast_lio2_odometry,,,,,,,,,,,,,,,,,,,,,,,,,,,,,,,,,,,,,,,
front_end,,True,fast_lio2_odometry,,,,,,,,,,,,,,,,,,,,,,,,,,,,,,,,,,,,,,,
front_end,,True,fast_lio2_odometry,,,,,,,,,,,,,,,,,,,,,,,,,,,,,,,,,,,,,,,
front_end,,True,fast_lio2_odometry,,,,,,,,,,,,,,,,,,,,,,,,,,,,,,,,,,,,,,,
front_end,,True,fast_lio2_odometry,,,,,,,,,,,,,,,,,,,,,,,,,,,,,,,,,,,,,,,
front_end,,True,fast_lio2_odometry,,,,,,,,,,,,,,,,,,,,,,,,,,,,,,,,,,,,,,,
front_end,,True,fast_lio2_odometry,,,,,,,,,,,,,,,,,,,,,,,,,,,,,,,,,,,,,,,
front_end,,True,fast_lio2_odometry,,,,,,,,,,,,,,,,,,,,,,,,,,,,,,,,,,,,,,,
front_end,,True,fast_lio2_odometry,,,,,,,,,,,,,,,,,,,,,,,,,,,,,,,,,,,,,,,
front_end,,True,fast_lio2_odometry,,,,,,,,,,,,,,,,,,,,,,,,,,,,,,,,,,,,,,,
front_end,,True,fast_lio2_odometry,,,,,,,,,,,,,,,,,,,,,,,,,,,,,,,,,,,,,,,
front_end,,True,fast_lio2_odometry,,,,,,,,,,,,,,,,,,,,,,,,,,,,,,,,,,,,,,,
front_end,,True,fast_lio2_odometry,,,,,,,,,,,,,,,,,,,,,,,,,,,,,,,,,,,,,,,
front_end,,True,fast_lio2_odometry,,,,,,,,,,,,,,,,,,,,,,,,,,,,,,,,,,,,,,,
front_end,,True,fast_lio2_odometry,,,,,,,,,,,,,,,,,,,,,,,,,,,,,,,,,,,,,,,
front_end,,True,fast_lio2_odometry,,,,,,,,,,,,,,,,,,,,,,,,,,,,,,,,,,,,,,,
front_end,,True,fast_lio2_odometry,,,,,,,,,,,,,,,,,,,,,,,,,,,,,,,,,,,,,,,
front_end,,True,fast_lio2_odometry,,,,,,,,,,,,,,,,,,,,,,,,,,,,,,,,,,,,,,,
front_end,,True,fast_lio2_odometry,,,,,,,,,,,,,,,,,,,,,,,,,,,,,,,,,,,,,,,
front_end,,True,fast_lio2_odometry,,,,,,,,,,,,,,,,,,,,,,,,,,,,,,,,,,,,,,,
front_end,,True,fast_lio2_odometry,,,,,,,,,,,,,,,,,,,,,,,,,,,,,,,,,,,,,,,
front_end,,True,fast_lio2_odometry,,,,,,,,,,,,,,,,,,,,,,,,,,,,,,,,,,,,,,,
front_end,,True,fast_lio2_odometry,,,,,,,,,,,,,,,,,,,,,,,,,,,,,,,,,,,,,,,
front_end,,True,fast_lio2_odometry,,,,,,,,,,,,,,,,,,,,,,,,,,,,,,,,,,,,,,,
front_end,,True,fast_lio2_odometry,,,,,,,,,,,,,,,,,,,,,,,,,,,,,,,,,,,,,,,
front_end,,True,fast_lio2_odometry,,,,,,,,,,,,,,,,,,,,,,,,,,,,,,,,,,,,,,,
front_end,,True,fast_lio2_odometry,,,,,,,,,,,,,,,,,,,,,,,,,,,,,,,,,,,,,,,
front_end,,True,fast_lio2_odometry,,,,,,,,,,,,,,,,,,,,,,,,,,,,,,,,,,,,,,,
front_end,,True,fast_lio2_odometry,,,,,,,,,,,,,,,,,,,,,,,,,,,,,,,,,,,,,,,
front_end,,True,fast_lio2_odometry,,,,,,,,,,,,,,,,,,,,,,,,,,,,,,,,,,,,,,,
front_end,,True,fast_lio2_odometry,,,,,,,,,,,,,,,,,,,,,,,,,,,,,,,,,,,,,,,
front_end,,True,fast_lio2_odometry,,,,,,,,,,,,,,,,,,,,,,,,,,,,,,,,,,,,,,,
front_end,,True,fast_lio2_odometry,,,,,,,,,,,,,,,,,,,,,,,,,,,,,,,,,,,,,,,
front_end,,True,fast_lio2_odometry,,,,,,,,,,,,,,,,,,,,,,,,,,,,,,,,,,,,,,,
front_end,,True,fast_lio2_odometry,,,,,,,,,,,,,,,,,,,,,,,,,,,,,,,,,,,,,,,
optimized_backend,,,,,,,,,,,,,,,,,,,,,,,,,,,,,,,,,,,2,1,0,,,,pose_graph,False
front_end,,True,fast_lio2_odometry,,,,,,,,,,,,,,,,,,,,,,,,,,,,,,,,,,,,,,,
front_end,,True,fast_lio2_odometry,,,,,,,,,,,,,,,,,,,,,,,,,,,,,,,,,,,,,,,
front_end,,True,fast_lio2_odometry,,,,,,,,,,,,,,,,,,,,,,,,,,,,,,,,,,,,,,,
front_end,,True,fast_lio2_odometry,,,,,,,,,,,,,,,,,,,,,,,,,,,,,,,,,,,,,,,
front_end,,True,fast_lio2_odometry,,,,,,,,,,,,,,,,,,,,,,,,,,,,,,,,,,,,,,,
front_end,,True,fast_lio2_odometry,,,,,,,,,,,,,,,,,,,,,,,,,,,,,,,,,,,,,,,
front_end,,True,fast_lio2_odometry,,,,,,,,,,,,,,,,,,,,,,,,,,,,,,,,,,,,,,,
front_end,,True,fast_lio2_odometry,,,,,,,,,,,,,,,,,,,,,,,,,,,,,,,,,,,,,,,
front_end,,True,fast_lio2_odometry,,,,,,,,,,,,,,,,,,,,,,,,,,,,,,,,,,,,,,,
front_end,,True,fast_lio2_odometry,,,,,,,,,,,,,,,,,,,,,,,,,,,,,,,,,,,,,,,
front_end,,True,fast_lio2_odometry,,,,,,,,,,,,,,,,,,,,,,,,,,,,,,,,,,,,,,,
front_end,,True,fast_lio2_odometry,,,,,,,,,,,,,,,,,,,,,,,,,,,,,,,,,,,,,,,
front_end,,True,fast_lio2_odometry,,,,,,,,,,,,,,,,,,,,,,,,,,,,,,,,,,,,,,,
front_end,,True,fast_lio2_odometry,,,,,,,,,,,,,,,,,,,,,,,,,,,,,,,,,,,,,,,
front_end,,True,fast_lio2_odometry,,,,,,,,,,,,,,,,,,,,,,,,,,,,,,,,,,,,,,,
front_end,,True,fast_lio2_odometry,,,,,,,,,,,,,,,,,,,,,,,,,,,,,,,,,,,,,,,
front_end,,True,fast_lio2_odometry,,,,,,,,,,,,,,,,,,,,,,,,,,,,,,,,,,,,,,,
front_end,,True,fast_lio2_odometry,,,,,,,,,,,,,,,,,,,,,,,,,,,,,,,,,,,,,,,
front_end,,True,fast_lio2_odometry,,,,,,,,,,,,,,,,,,,,,,,,,,,,,,,,,,,,,,,
front_end,,True,fast_lio2_odometry,,,,,,,,,,,,,,,,,,,,,,,,,,,,,,,,,,,,,,,
front_end,,True,fast_lio2_odometry,,,,,,,,,,,,,,,,,,,,,,,,,,,,,,,,,,,,,,,
front_end,,True,fast_lio2_odometry,,,,,,,,,,,,,,,,,,,,,,,,,,,,,,,,,,,,,,,
front_end,,True,fast_lio2_odometry,,,,,,,,,,,,,,,,,,,,,,,,,,,,,,,,,,,,,,,
front_end,,True,fast_lio2_odometry,,,,,,,,,,,,,,,,,,,,,,,,,,,,,,,,,,,,,,,
front_end,,True,fast_lio2_odometry,,,,,,,,,,,,,,,,,,,,,,,,,,,,,,,,,,,,,,,
optimized_backend,,,,,,,,,,,,,,,,,,,,,,,,,,,,,,,,,,,3,2,0,,,,pose_graph,False
front_end,,True,fast_lio2_odometry,,,,,,,,,,,,,,,,,,,,,,,,,,,,,,,,,,,,,,,
front_end,,True,fast_lio2_odometry,,,,,,,,,,,,,,,,,,,,,,,,,,,,,,,,,,,,,,,
front_end,,True,fast_lio2_odometry,,,,,,,,,,,,,,,,,,,,,,,,,,,,,,,,,,,,,,,
front_end,,True,fast_lio2_odometry,,,,,,,,,,,,,,,,,,,,,,,,,,,,,,,,,,,,,,,
front_end,,True,fast_lio2_odometry,,,,,,,,,,,,,,,,,,,,,,,,,,,,,,,,,,,,,,,
front_end,,True,fast_lio2_odometry,,,,,,,,,,,,,,,,,,,,,,,,,,,,,,,,,,,,,,,
front_end,,True,fast_lio2_odometry,,,,,,,,,,,,,,,,,,,,,,,,,,,,,,,,,,,,,,,
front_end,,True,fast_lio2_odometry,,,,,,,,,,,,,,,,,,,,,,,,,,,,,,,,,,,,,,,
front_end,,True,fast_lio2_odometry,,,,,,,,,,,,,,,,,,,,,,,,,,,,,,,,,,,,,,,
front_end,,True,fast_lio2_odometry,,,,,,,,,,,,,,,,,,,,,,,,,,,,,,,,,,,,,,,
front_end,,True,fast_lio2_odometry,,,,,,,,,,,,,,,,,,,,,,,,,,,,,,,,,,,,,,,
front_end,,True,fast_lio2_odometry,,,,,,,,,,,,,,,,,,,,,,,,,,,,,,,,,,,,,,,
front_end,,True,fast_lio2_odometry,,,,,,,,,,,,,,,,,,,,,,,,,,,,,,,,,,,,,,,
front_end,,True,fast_lio2_odometry,,,,,,,,,,,,,,,,,,,,,,,,,,,,,,,,,,,,,,,
front_end,,True,fast_lio2_odometry,,,,,,,,,,,,,,,,,,,,,,,,,,,,,,,,,,,,,,,
front_end,,True,fast_lio2_odometry,,,,,,,,,,,,,,,,,,,,,,,,,,,,,,,,,,,,,,,
front_end,,True,fast_lio2_odometry,,,,,,,,,,,,,,,,,,,,,,,,,,,,,,,,,,,,,,,
front_end,,True,fast_lio2_odometry,,,,,,,,,,,,,,,,,,,,,,,,,,,,,,,,,,,,,,,
front_end,,True,fast_lio2_odometry,,,,,,,,,,,,,,,,,,,,,,,,,,,,,,,,,,,,,,,
front_end,,True,fast_lio2_odometry,,,,,,,,,,,,,,,,,,,,,,,,,,,,,,,,,,,,,,,
front_end,,True,fast_lio2_odometry,,,,,,,,,,,,,,,,,,,,,,,,,,,,,,,,,,,,,,,
front_end,,True,fast_lio2_odometry,,,,,,,,,,,,,,,,,,,,,,,,,,,,,,,,,,,,,,,
front_end,,True,fast_lio2_odometry,,,,,,,,,,,,,,,,,,,,,,,,,,,,,,,,,,,,,,,
front_end,,True,fast_lio2_odometry,,,,,,,,,,,,,,,,,,,,,,,,,,,,,,,,,,,,,,,
front_end,,True,fast_lio2_odometry,,,,,,,,,,,,,,,,,,,,,,,,,,,,,,,,,,,,,,,
front_end,,True,fast_lio2_odometry,,,,,,,,,,,,,,,,,,,,,,,,,,,,,,,,,,,,,,,
front_end,,True,fast_lio2_odometry,,,,,,,,,,,,,,,,,,,,,,,,,,,,,,,,,,,,,,,
front_end,,True,fast_lio2_odometry,,,,,,,,,,,,,,,,,,,,,,,,,,,,,,,,,,,,,,,
front_end,,True,fast_lio2_odometry,,,,,,,,,,,,,,,,,,,,,,,,,,,,,,,,,,,,,,,
front_end,,True,fast_lio2_odometry,,,,,,,,,,,,,,,,,,,,,,,,,,,,,,,,,,,,,,,
front_end,,True,fast_lio2_odometry,,,,,,,,,,,,,,,,,,,,,,,,,,,,,,,,,,,,,,,
front_end,,True,fast_lio2_odometry,,,,,,,,,,,,,,,,,,,,,,,,,,,,,,,,,,,,,,,
front_end,,True,fast_lio2_odometry,,,,,,,,,,,,,,,,,,,,,,,,,,,,,,,,,,,,,,,
front_end,,True,fast_lio2_odometry,,,,,,,,,,,,,,,,,,,,,,,,,,,,,,,,,,,,,,,
front_end,,True,fast_lio2_odometry,,,,,,,,,,,,,,,,,,,,,,,,,,,,,,,,,,,,,,,
front_end,,True,fast_lio2_odometry,,,,,,,,,,,,,,,,,,,,,,,,,,,,,,,,,,,,,,,
optimized_backend,,,,,,,,,,,,,,,,,,,,,,,,,,,,,,,,,,,4,3,0,,,,pose_graph,False
front_end,,True,fast_lio2_odometry,,,,,,,,,,,,,,,,,,,,,,,,,,,,,,,,,,,,,,,
front_end,,True,fast_lio2_odometry,,,,,,,,,,,,,,,,,,,,,,,,,,,,,,,,,,,,,,,
front_end,,True,fast_lio2_odometry,,,,,,,,,,,,,,,,,,,,,,,,,,,,,,,,,,,,,,,
front_end,,True,fast_lio2_odometry,,,,,,,,,,,,,,,,,,,,,,,,,,,,,,,,,,,,,,,
front_end,,True,fast_lio2_odometry,,,,,,,,,,,,,,,,,,,,,,,,,,,,,,,,,,,,,,,
front_end,,True,fast_lio2_odometry,,,,,,,,,,,,,,,,,,,,,,,,,,,,,,,,,,,,,,,
front_end,,True,fast_lio2_odometry,,,,,,,,,,,,,,,,,,,,,,,,,,,,,,,,,,,,,,,
front_end,,True,fast_lio2_odometry,,,,,,,,,,,,,,,,,,,,,,,,,,,,,,,,,,,,,,,
front_end,,True,fast_lio2_odometry,,,,,,,,,,,,,,,,,,,,,,,,,,,,,,,,,,,,,,,
front_end,,True,fast_lio2_odometry,,,,,,,,,,,,,,,,,,,,,,,,,,,,,,,,,,,,,,,
front_end,,True,fast_lio2_odometry,,,,,,,,,,,,,,,,,,,,,,,,,,,,,,,,,,,,,,,
front_end,,True,fast_lio2_odometry,,,,,,,,,,,,,,,,,,,,,,,,,,,,,,,,,,,,,,,
front_end,,True,fast_lio2_odometry,,,,,,,,,,,,,,,,,,,,,,,,,,,,,,,,,,,,,,,
front_end,,True,fast_lio2_odometry,,,,,,,,,,,,,,,,,,,,,,,,,,,,,,,,,,,,,,,
front_end,,True,fast_lio2_odometry,,,,,,,,,,,,,,,,,,,,,,,,,,,,,,,,,,,,,,,
optimized_backend,,,,,,,,,,,,,,,,,,,,,,,,,,,,,,,,,,,5,4,0,,,,pose_graph,False
front_end,,True,fast_lio2_odometry,,,,,,,,,,,,,,,,,,,,,,,,,,,,,,,,,,,,,,,
front_end,,True,fast_lio2_odometry,,,,,,,,,,,,,,,,,,,,,,,,,,,,,,,,,,,,,,,
front_end,,True,fast_lio2_odometry,,,,,,,,,,,,,,,,,,,,,,,,,,,,,,,,,,,,,,,
front_end,,True,fast_lio2_odometry,,,,,,,,,,,,,,,,,,,,,,,,,,,,,,,,,,,,,,,
front_end,,True,fast_lio2_odometry,,,,,,,,,,,,,,,,,,,,,,,,,,,,,,,,,,,,,,,
front_end,,True,fast_lio2_odometry,,,,,,,,,,,,,,,,,,,,,,,,,,,,,,,,,,,,,,,
optimized_backend,,,,,,,,,,,,,,,,,,,,,,,,,,,,,,,,,,,6,5,0,,,,pose_graph,False
front_end,,True,fast_lio2_odometry,,,,,,,,,,,,,,,,,,,,,,,,,,,,,,,,,,,,,,,
front_end,,True,fast_lio2_odometry,,,,,,,,,,,,,,,,,,,,,,,,,,,,,,,,,,,,,,,
front_end,,True,fast_lio2_odometry,,,,,,,,,,,,,,,,,,,,,,,,,,,,,,,,,,,,,,,
front_end,,True,fast_lio2_odometry,,,,,,,,,,,,,,,,,,,,,,,,,,,,,,,,,,,,,,,
front_end,,True,fast_lio2_odometry,,,,,,,,,,,,,,,,,,,,,,,,,,,,,,,,,,,,,,,
front_end,,True,fast_lio2_odometry,,,,,,,,,,,,,,,,,,,,,,,,,,,,,,,,,,,,,,,
front_end,,True,fast_lio2_odometry,,,,,,,,,,,,,,,,,,,,,,,,,,,,,,,,,,,,,,,
front_end,,True,fast_lio2_odometry,,,,,,,,,,,,,,,,,,,,,,,,,,,,,,,,,,,,,,,
front_end,,True,fast_lio2_odometry,,,,,,,,,,,,,,,,,,,,,,,,,,,,,,,,,,,,,,,
front_end,,True,fast_lio2_odometry,,,,,,,,,,,,,,,,,,,,,,,,,,,,,,,,,,,,,,,
front_end,,True,fast_lio2_odometry,,,,,,,,,,,,,,,,,,,,,,,,,,,,,,,,,,,,,,,
front_end,,True,fast_lio2_odometry,,,,,,,,,,,,,,,,,,,,,,,,,,,,,,,,,,,,,,,
front_end,,True,fast_lio2_odometry,,,,,,,,,,,,,,,,,,,,,,,,,,,,,,,,,,,,,,,
front_end,,True,fast_lio2_odometry,,,,,,,,,,,,,,,,,,,,,,,,,,,,,,,,,,,,,,,
front_end,,True,fast_lio2_odometry,,,,,,,,,,,,,,,,,,,,,,,,,,,,,,,,,,,,,,,
optimized_backend,,,,,,,,,,,,,,,,,,,,,,,,,,,,,,,,,,,7,6,0,,,,pose_graph,False
front_end,,True,fast_lio2_odometry,,,,,,,,,,,,,,,,,,,,,,,,,,,,,,,,,,,,,,,
front_end,,True,fast_lio2_odometry,,,,,,,,,,,,,,,,,,,,,,,,,,,,,,,,,,,,,,,
front_end,,True,fast_lio2_odometry,,,,,,,,,,,,,,,,,,,,,,,,,,,,,,,,,,,,,,,
front_end,,True,fast_lio2_odometry,,,,,,,,,,,,,,,,,,,,,,,,,,,,,,,,,,,,,,,
front_end,,True,fast_lio2_odometry,,,,,,,,,,,,,,,,,,,,,,,,,,,,,,,,,,,,,,,
front_end,,True,fast_lio2_odometry,,,,,,,,,,,,,,,,,,,,,,,,,,,,,,,,,,,,,,,
front_end,,True,fast_lio2_odometry,,,,,,,,,,,,,,,,,,,,,,,,,,,,,,,,,,,,,,,
front_end,,True,fast_lio2_odometry,,,,,,,,,,,,,,,,,,,,,,,,,,,,,,,,,,,,,,,
front_end,,True,fast_lio2_odometry,,,,,,,,,,,,,,,,,,,,,,,,,,,,,,,,,,,,,,,
front_end,,True,fast_lio2_odometry,,,,,,,,,,,,,,,,,,,,,,,,,,,,,,,,,,,,,,,
front_end,,True,fast_lio2_odometry,,,,,,,,,,,,,,,,,,,,,,,,,,,,,,,,,,,,,,,
front_end,,True,fast_lio2_odometry,,,,,,,,,,,,,,,,,,,,,,,,,,,,,,,,,,,,,,,
front_end,,True,fast_lio2_odometry,,,,,,,,,,,,,,,,,,,,,,,,,,,,,,,,,,,,,,,
front_end,,True,fast_lio2_odometry,,,,,,,,,,,,,,,,,,,,,,,,,,,,,,,,,,,,,,,
front_end,,True,fast_lio2_odometry,,,,,,,,,,,,,,,,,,,,,,,,,,,,,,,,,,,,,,,
front_end,,True,fast_lio2_odometry,,,,,,,,,,,,,,,,,,,,,,,,,,,,,,,,,,,,,,,
front_end,,True,fast_lio2_odometry,,,,,,,,,,,,,,,,,,,,,,,,,,,,,,,,,,,,,,,
front_end,,True,fast_lio2_odometry,,,,,,,,,,,,,,,,,,,,,,,,,,,,,,,,,,,,,,,
front_end,,True,fast_lio2_odometry,,,,,,,,,,,,,,,,,,,,,,,,,,,,,,,,,,,,,,,
front_end,,True,fast_lio2_odometry,,,,,,,,,,,,,,,,,,,,,,,,,,,,,,,,,,,,,,,
front_end,,True,fast_lio2_odometry,,,,,,,,,,,,,,,,,,,,,,,,,,,,,,,,,,,,,,,
front_end,,True,fast_lio2_odometry,,,,,,,,,,,,,,,,,,,,,,,,,,,,,,,,,,,,,,,
front_end,,True,fast_lio2_odometry,,,,,,,,,,,,,,,,,,,,,,,,,,,,,,,,,,,,,,,
front_end,,True,fast_lio2_odometry,,,,,,,,,,,,,,,,,,,,,,,,,,,,,,,,,,,,,,,
front_end,,True,fast_lio2_odometry,,,,,,,,,,,,,,,,,,,,,,,,,,,,,,,,,,,,,,,
front_end,,True,fast_lio2_odometry,,,,,,,,,,,,,,,,,,,,,,,,,,,,,,,,,,,,,,,
front_end,,True,fast_lio2_odometry,,,,,,,,,,,,,,,,,,,,,,,,,,,,,,,,,,,,,,,
front_end,,True,fast_lio2_odometry,,,,,,,,,,,,,,,,,,,,,,,,,,,,,,,,,,,,,,,
front_end,,True,fast_lio2_odometry,,,,,,,,,,,,,,,,,,,,,,,,,,,,,,,,,,,,,,,
front_end,,True,fast_lio2_odometry,,,,,,,,,,,,,,,,,,,,,,,,,,,,,,,,,,,,,,,
front_end,,True,fast_lio2_odometry,,,,,,,,,,,,,,,,,,,,,,,,,,,,,,,,,,,,,,,
front_end,,True,fast_lio2_odometry,,,,,,,,,,,,,,,,,,,,,,,,,,,,,,,,,,,,,,,
front_end,,True,fast_lio2_odometry,,,,,,,,,,,,,,,,,,,,,,,,,,,,,,,,,,,,,,,
front_end,,True,fast_lio2_odometry,,,,,,,,,,,,,,,,,,,,,,,,,,,,,,,,,,,,,,,
front_end,,True,fast_lio2_odometry,,,,,,,,,,,,,,,,,,,,,,,,,,,,,,,,,,,,,,,
front_end,,True,fast_lio2_odometry,,,,,,,,,,,,,,,,,,,,,,,,,,,,,,,,,,,,,,,
front_end,,True,fast_lio2_odometry,,,,,,,,,,,,,,,,,,,,,,,,,,,,,,,,,,,,,,,
front_end,,True,fast_lio2_odometry,,,,,,,,,,,,,,,,,,,,,,,,,,,,,,,,,,,,,,,
front_end,,True,fast_lio2_odometry,,,,,,,,,,,,,,,,,,,,,,,,,,,,,,,,,,,,,,,
front_end,,True,fast_lio2_odometry,,,,,,,,,,,,,,,,,,,,,,,,,,,,,,,,,,,,,,,
front_end,,True,fast_lio2_odometry,,,,,,,,,,,,,,,,,,,,,,,,,,,,,,,,,,,,,,,
front_end,,True,fast_lio2_odometry,,,,,,,,,,,,,,,,,,,,,,,,,,,,,,,,,,,,,,,
front_end,,True,fast_lio2_odometry,,,,,,,,,,,,,,,,,,,,,,,,,,,,,,,,,,,,,,,
front_end,,True,fast_lio2_odometry,,,,,,,,,,,,,,,,,,,,,,,,,,,,,,,,,,,,,,,
front_end,,True,fast_lio2_odometry,,,,,,,,,,,,,,,,,,,,,,,,,,,,,,,,,,,,,,,
front_end,,True,fast_lio2_odometry,,,,,,,,,,,,,,,,,,,,,,,,,,,,,,,,,,,,,,,
front_end,,True,fast_lio2_odometry,,,,,,,,,,,,,,,,,,,,,,,,,,,,,,,,,,,,,,,
front_end,,True,fast_lio2_odometry,,,,,,,,,,,,,,,,,,,,,,,,,,,,,,,,,,,,,,,
front_end,,True,fast_lio2_odometry,,,,,,,,,,,,,,,,,,,,,,,,,,,,,,,,,,,,,,,
front_end,,True,fast_lio2_odometry,,,,,,,,,,,,,,,,,,,,,,,,,,,,,,,,,,,,,,,
front_end,,True,fast_lio2_odometry,,,,,,,,,,,,,,,,,,,,,,,,,,,,,,,,,,,,,,,
front_end,,True,fast_lio2_odometry,,,,,,,,,,,,,,,,,,,,,,,,,,,,,,,,,,,,,,,
front_end,,True,fast_lio2_odometry,,,,,,,,,,,,,,,,,,,,,,,,,,,,,,,,,,,,,,,
front_end,,True,fast_lio2_odometry,,,,,,,,,,,,,,,,,,,,,,,,,,,,,,,,,,,,,,,
front_end,,True,fast_lio2_odometry,,,,,,,,,,,,,,,,,,,,,,,,,,,,,,,,,,,,,,,
front_end,,True,fast_lio2_odometry,,,,,,,,,,,,,,,,,,,,,,,,,,,,,,,,,,,,,,,
optimized_backend,,,,,,,,,,,,,,,,,,,,,,,,,,,,,,,,,,,8,7,0,,,,pose_graph,False
front_end,,True,fast_lio2_odometry,,,,,,,,,,,,,,,,,,,,,,,,,,,,,,,,,,,,,,,
front_end,,True,fast_lio2_odometry,,,,,,,,,,,,,,,,,,,,,,,,,,,,,,,,,,,,,,,
front_end,,True,fast_lio2_odometry,,,,,,,,,,,,,,,,,,,,,,,,,,,,,,,,,,,,,,,
front_end,,True,fast_lio2_odometry,,,,,,,,,,,,,,,,,,,,,,,,,,,,,,,,,,,,,,,
front_end,,True,fast_lio2_odometry,,,,,,,,,,,,,,,,,,,,,,,,,,,,,,,,,,,,,,,
front_end,,True,fast_lio2_odometry,,,,,,,,,,,,,,,,,,,,,,,,,,,,,,,,,,,,,,,
front_end,,True,fast_lio2_odometry,,,,,,,,,,,,,,,,,,,,,,,,,,,,,,,,,,,,,,,
front_end,,True,fast_lio2_odometry,,,,,,,,,,,,,,,,,,,,,,,,,,,,,,,,,,,,,,,
front_end,,True,fast_lio2_odometry,,,,,,,,,,,,,,,,,,,,,,,,,,,,,,,,,,,,,,,
front_end,,True,fast_lio2_odometry,,,,,,,,,,,,,,,,,,,,,,,,,,,,,,,,,,,,,,,
front_end,,True,fast_lio2_odometry,,,,,,,,,,,,,,,,,,,,,,,,,,,,,,,,,,,,,,,
front_end,,True,fast_lio2_odometry,,,,,,,,,,,,,,,,,,,,,,,,,,,,,,,,,,,,,,,
front_end,,True,fast_lio2_odometry,,,,,,,,,,,,,,,,,,,,,,,,,,,,,,,,,,,,,,,
front_end,,True,fast_lio2_odometry,,,,,,,,,,,,,,,,,,,,,,,,,,,,,,,,,,,,,,,
front_end,,True,fast_lio2_odometry,,,,,,,,,,,,,,,,,,,,,,,,,,,,,,,,,,,,,,,
front_end,,True,fast_lio2_odometry,,,,,,,,,,,,,,,,,,,,,,,,,,,,,,,,,,,,,,,
front_end,,True,fast_lio2_odometry,,,,,,,,,,,,,,,,,,,,,,,,,,,,,,,,,,,,,,,
front_end,,True,fast_lio2_odometry,,,,,,,,,,,,,,,,,,,,,,,,,,,,,,,,,,,,,,,
front_end,,True,fast_lio2_odometry,,,,,,,,,,,,,,,,,,,,,,,,,,,,,,,,,,,,,,,
front_end,,True,fast_lio2_odometry,,,,,,,,,,,,,,,,,,,,,,,,,,,,,,,,,,,,,,,
front_end,,True,fast_lio2_odometry,,,,,,,,,,,,,,,,,,,,,,,,,,,,,,,,,,,,,,,
front_end,,True,fast_lio2_odometry,,,,,,,,,,,,,,,,,,,,,,,,,,,,,,,,,,,,,,,
front_end,,True,fast_lio2_odometry,,,,,,,,,,,,,,,,,,,,,,,,,,,,,,,,,,,,,,,
front_end,,True,fast_lio2_odometry,,,,,,,,,,,,,,,,,,,,,,,,,,,,,,,,,,,,,,,
front_end,,True,fast_lio2_odometry,,,,,,,,,,,,,,,,,,,,,,,,,,,,,,,,,,,,,,,
front_end,,True,fast_lio2_odometry,,,,,,,,,,,,,,,,,,,,,,,,,,,,,,,,,,,,,,,
front_end,,True,fast_lio2_odometry,,,,,,,,,,,,,,,,,,,,,,,,,,,,,,,,,,,,,,,
optimized_backend,,,,,,,,,,,,,,,,,,,,,,,,,,,,,,,,,,,9,8,0,,,,pose_graph,False
front_end,,True,fast_lio2_odometry,,,,,,,,,,,,,,,,,,,,,,,,,,,,,,,,,,,,,,,
front_end,,True,fast_lio2_odometry,,,,,,,,,,,,,,,,,,,,,,,,,,,,,,,,,,,,,,,
front_end,,True,fast_lio2_odometry,,,,,,,,,,,,,,,,,,,,,,,,,,,,,,,,,,,,,,,
front_end,,True,fast_lio2_odometry,,,,,,,,,,,,,,,,,,,,,,,,,,,,,,,,,,,,,,,
front_end,,True,fast_lio2_odometry,,,,,,,,,,,,,,,,,,,,,,,,,,,,,,,,,,,,,,,
front_end,,True,fast_lio2_odometry,,,,,,,,,,,,,,,,,,,,,,,,,,,,,,,,,,,,,,,
front_end,,True,fast_lio2_odometry,,,,,,,,,,,,,,,,,,,,,,,,,,,,,,,,,,,,,,,
front_end,,True,fast_lio2_odometry,,,,,,,,,,,,,,,,,,,,,,,,,,,,,,,,,,,,,,,
front_end,,True,fast_lio2_odometry,,,,,,,,,,,,,,,,,,,,,,,,,,,,,,,,,,,,,,,
front_end,,True,fast_lio2_odometry,,,,,,,,,,,,,,,,,,,,,,,,,,,,,,,,,,,,,,,
front_end,,True,fast_lio2_odometry,,,,,,,,,,,,,,,,,,,,,,,,,,,,,,,,,,,,,,,
front_end,,True,fast_lio2_odometry,,,,,,,,,,,,,,,,,,,,,,,,,,,,,,,,,,,,,,,
front_end,,True,fast_lio2_odometry,,,,,,,,,,,,,,,,,,,,,,,,,,,,,,,,,,,,,,,
front_end,,True,fast_lio2_odometry,,,,,,,,,,,,,,,,,,,,,,,,,,,,,,,,,,,,,,,
front_end,,True,fast_lio2_odometry,,,,,,,,,,,,,,,,,,,,,,,,,,,,,,,,,,,,,,,
front_end,,True,fast_lio2_odometry,,,,,,,,,,,,,,,,,,,,,,,,,,,,,,,,,,,,,,,
front_end,,True,fast_lio2_odometry,,,,,,,,,,,,,,,,,,,,,,,,,,,,,,,,,,,,,,,
front_end,,True,fast_lio2_odometry,,,,,,,,,,,,,,,,,,,,,,,,,,,,,,,,,,,,,,,
front_end,,True,fast_lio2_odometry,,,,,,,,,,,,,,,,,,,,,,,,,,,,,,,,,,,,,,,
front_end,,True,fast_lio2_odometry,,,,,,,,,,,,,,,,,,,,,,,,,,,,,,,,,,,,,,,
front_end,,True,fast_lio2_odometry,,,,,,,,,,,,,,,,,,,,,,,,,,,,,,,,,,,,,,,
front_end,,True,fast_lio2_odometry,,,,,,,,,,,,,,,,,,,,,,,,,,,,,,,,,,,,,,,
front_end,,True,fast_lio2_odometry,,,,,,,,,,,,,,,,,,,,,,,,,,,,,,,,,,,,,,,
front_end,,True,fast_lio2_odometry,,,,,,,,,,,,,,,,,,,,,,,,,,,,,,,,,,,,,,,
front_end,,True,fast_lio2_odometry,,,,,,,,,,,,,,,,,,,,,,,,,,,,,,,,,,,,,,,
front_end,,True,fast_lio2_odometry,,,,,,,,,,,,,,,,,,,,,,,,,,,,,,,,,,,,,,,
front_end,,True,fast_lio2_odometry,,,,,,,,,,,,,,,,,,,,,,,,,,,,,,,,,,,,,,,
front_end,,True,fast_lio2_odometry,,,,,,,,,,,,,,,,,,,,,,,,,,,,,,,,,,,,,,,
front_end,,True,fast_lio2_odometry,,,,,,,,,,,,,,,,,,,,,,,,,,,,,,,,,,,,,,,
front_end,,True,fast_lio2_odometry,,,,,,,,,,,,,,,,,,,,,,,,,,,,,,,,,,,,,,,
front_end,,True,fast_lio2_odometry,,,,,,,,,,,,,,,,,,,,,,,,,,,,,,,,,,,,,,,
front_end,,True,fast_lio2_odometry,,,,,,,,,,,,,,,,,,,,,,,,,,,,,,,,,,,,,,,
front_end,,True,fast_lio2_odometry,,,,,,,,,,,,,,,,,,,,,,,,,,,,,,,,,,,,,,,
front_end,,True,fast_lio2_odometry,,,,,,,,,,,,,,,,,,,,,,,,,,,,,,,,,,,,,,,
front_end,,True,fast_lio2_odometry,,,,,,,,,,,,,,,,,,,,,,,,,,,,,,,,,,,,,,,
front_end,,True,fast_lio2_odometry,,,,,,,,,,,,,,,,,,,,,,,,,,,,,,,,,,,,,,,
front_end,,True,fast_lio2_odometry,,,,,,,,,,,,,,,,,,,,,,,,,,,,,,,,,,,,,,,
optimized_backend,,,,,,,,,,,,,,,,,,,,,,,,,,,,,,,,,,,10,9,0,,,,pose_graph,False
front_end,,True,fast_lio2_odometry,,,,,,,,,,,,,,,,,,,,,,,,,,,,,,,,,,,,,,,
front_end,,True,fast_lio2_odometry,,,,,,,,,,,,,,,,,,,,,,,,,,,,,,,,,,,,,,,
front_end,,True,fast_lio2_odometry,,,,,,,,,,,,,,,,,,,,,,,,,,,,,,,,,,,,,,,
front_end,,True,fast_lio2_odometry,,,,,,,,,,,,,,,,,,,,,,,,,,,,,,,,,,,,,,,
front_end,,True,fast_lio2_odometry,,,,,,,,,,,,,,,,,,,,,,,,,,,,,,,,,,,,,,,
front_end,,True,fast_lio2_odometry,,,,,,,,,,,,,,,,,,,,,,,,,,,,,,,,,,,,,,,
front_end,,True,fast_lio2_odometry,,,,,,,,,,,,,,,,,,,,,,,,,,,,,,,,,,,,,,,
front_end,,True,fast_lio2_odometry,,,,,,,,,,,,,,,,,,,,,,,,,,,,,,,,,,,,,,,
front_end,,True,fast_lio2_odometry,,,,,,,,,,,,,,,,,,,,,,,,,,,,,,,,,,,,,,,
front_end,,True,fast_lio2_odometry,,,,,,,,,,,,,,,,,,,,,,,,,,,,,,,,,,,,,,,
front_end,,True,fast_lio2_odometry,,,,,,,,,,,,,,,,,,,,,,,,,,,,,,,,,,,,,,,
front_end,,True,fast_lio2_odometry,,,,,,,,,,,,,,,,,,,,,,,,,,,,,,,,,,,,,,,
front_end,,True,fast_lio2_odometry,,,,,,,,,,,,,,,,,,,,,,,,,,,,,,,,,,,,,,,
front_end,,True,fast_lio2_odometry,,,,,,,,,,,,,,,,,,,,,,,,,,,,,,,,,,,,,,,
front_end,,True,fast_lio2_odometry,,,,,,,,,,,,,,,,,,,,,,,,,,,,,,,,,,,,,,,
front_end,,True,fast_lio2_odometry,,,,,,,,,,,,,,,,,,,,,,,,,,,,,,,,,,,,,,,
front_end,,True,fast_lio2_odometry,,,,,,,,,,,,,,,,,,,,,,,,,,,,,,,,,,,,,,,
front_end,,True,fast_lio2_odometry,,,,,,,,,,,,,,,,,,,,,,,,,,,,,,,,,,,,,,,
front_end,,True,fast_lio2_odometry,,,,,,,,,,,,,,,,,,,,,,,,,,,,,,,,,,,,,,,
optimized_backend,,,,,,,,,,,,,,,,,,,,,,,,,,,,,,,,,,,11,10,0,,,,pose_graph,False
front_end,,True,fast_lio2_odometry,,,,,,,,,,,,,,,,,,,,,,,,,,,,,,,,,,,,,,,
front_end,,True,fast_lio2_odometry,,,,,,,,,,,,,,,,,,,,,,,,,,,,,,,,,,,,,,,
front_end,,True,fast_lio2_odometry,,,,,,,,,,,,,,,,,,,,,,,,,,,,,,,,,,,,,,,
front_end,,True,fast_lio2_odometry,,,,,,,,,,,,,,,,,,,,,,,,,,,,,,,,,,,,,,,
optimized_backend,,,,,,,,,,,,,,,,,,,,,,,,,,,,,,,,,,,12,11,0,,,,pose_graph,False
front_end,,True,fast_lio2_odometry,,,,,,,,,,,,,,,,,,,,,,,,,,,,,,,,,,,,,,,
front_end,,True,fast_lio2_odometry,,,,,,,,,,,,,,,,,,,,,,,,,,,,,,,,,,,,,,,
front_end,,True,fast_lio2_odometry,,,,,,,,,,,,,,,,,,,,,,,,,,,,,,,,,,,,,,,
front_end,,True,fast_lio2_odometry,,,,,,,,,,,,,,,,,,,,,,,,,,,,,,,,,,,,,,,
front_end,,True,fast_lio2_odometry,,,,,,,,,,,,,,,,,,,,,,,,,,,,,,,,,,,,,,,
front_end,,True,fast_lio2_odometry,,,,,,,,,,,,,,,,,,,,,,,,,,,,,,,,,,,,,,,
optimized_backend,,,,,,,,,,,,,,,,,,,,,,,,,,,,,,,,,,,13,12,0,,,,pose_graph,False
front_end,,True,fast_lio2_odometry,,,,,,,,,,,,,,,,,,,,,,,,,,,,,,,,,,,,,,,
front_end,,True,fast_lio2_odometry,,,,,,,,,,,,,,,,,,,,,,,,,,,,,,,,,,,,,,,
front_end,,True,fast_lio2_odometry,,,,,,,,,,,,,,,,,,,,,,,,,,,,,,,,,,,,,,,
optimized_backend,,,,,,,,,,,,,,,,,,,,,,,,,,,,,,,,,,,14,13,0,,,,pose_graph,False
front_end,,True,fast_lio2_odometry,,,,,,,,,,,,,,,,,,,,,,,,,,,,,,,,,,,,,,,
front_end,,True,fast_lio2_odometry,,,,,,,,,,,,,,,,,,,,,,,,,,,,,,,,,,,,,,,
front_end,,True,fast_lio2_odometry,,,,,,,,,,,,,,,,,,,,,,,,,,,,,,,,,,,,,,,
front_end,,True,fast_lio2_odometry,,,,,,,,,,,,,,,,,,,,,,,,,,,,,,,,,,,,,,,
optimized_backend,,,,,,,,,,,,,,,,,,,,,,,,,,,,,,,,,,,15,14,0,,,,pose_graph,False
front_end,,True,fast_lio2_odometry,,,,,,,,,,,,,,,,,,,,,,,,,,,,,,,,,,,,,,,
front_end,,True,fast_lio2_odometry,,,,,,,,,,,,,,,,,,,,,,,,,,,,,,,,,,,,,,,
front_end,,True,fast_lio2_odometry,,,,,,,,,,,,,,,,,,,,,,,,,,,,,,,,,,,,,,,
front_end,,True,fast_lio2_odometry,,,,,,,,,,,,,,,,,,,,,,,,,,,,,,,,,,,,,,,
optimized_backend,,,,,,,,,,,,,,,,,,,,,,,,,,,,,,,,,,,16,15,0,,,,pose_graph,False
front_end,,True,fast_lio2_odometry,,,,,,,,,,,,,,,,,,,,,,,,,,,,,,,,,,,,,,,
front_end,,True,fast_lio2_odometry,,,,,,,,,,,,,,,,,,,,,,,,,,,,,,,,,,,,,,,
front_end,,True,fast_lio2_odometry,,,,,,,,,,,,,,,,,,,,,,,,,,,,,,,,,,,,,,,
front_end,,True,fast_lio2_odometry,,,,,,,,,,,,,,,,,,,,,,,,,,,,,,,,,,,,,,,
front_end,,True,fast_lio2_odometry,,,,,,,,,,,,,,,,,,,,,,,,,,,,,,,,,,,,,,,
optimized_backend,,,,,,,,,,,,,,,,,,,,,,,,,,,,,,,,,,,17,16,0,,,,pose_graph,False
front_end,,True,fast_lio2_odometry,,,,,,,,,,,,,,,,,,,,,,,,,,,,,,,,,,,,,,,
front_end,,True,fast_lio2_odometry,,,,,,,,,,,,,,,,,,,,,,,,,,,,,,,,,,,,,,,
front_end,,True,fast_lio2_odometry,,,,,,,,,,,,,,,,,,,,,,,,,,,,,,,,,,,,,,,
front_end,,True,fast_lio2_odometry,,,,,,,,,,,,,,,,,,,,,,,,,,,,,,,,,,,,,,,
front_end,,True,fast_lio2_odometry,,,,,,,,,,,,,,,,,,,,,,,,,,,,,,,,,,,,,,,
front_end,,True,fast_lio2_odometry,,,,,,,,,,,,,,,,,,,,,,,,,,,,,,,,,,,,,,,
front_end,,True,fast_lio2_odometry,,,,,,,,,,,,,,,,,,,,,,,,,,,,,,,,,,,,,,,
optimized_backend,,,,,,,,,,,,,,,,,,,,,,,,,,,,,,,,,,,18,17,0,,,,pose_graph,False
front_end,,True,fast_lio2_odometry,,,,,,,,,,,,,,,,,,,,,,,,,,,,,,,,,,,,,,,
front_end,,True,fast_lio2_odometry,,,,,,,,,,,,,,,,,,,,,,,,,,,,,,,,,,,,,,,
front_end,,True,fast_lio2_odometry,,,,,,,,,,,,,,,,,,,,,,,,,,,,,,,,,,,,,,,
front_end,,True,fast_lio2_odometry,,,,,,,,,,,,,,,,,,,,,,,,,,,,,,,,,,,,,,,
front_end,,True,fast_lio2_odometry,,,,,,,,,,,,,,,,,,,,,,,,,,,,,,,,,,,,,,,
front_end,,True,fast_lio2_odometry,,,,,,,,,,,,,,,,,,,,,,,,,,,,,,,,,,,,,,,
front_end,,True,fast_lio2_odometry,,,,,,,,,,,,,,,,,,,,,,,,,,,,,,,,,,,,,,,
front_end,,True,fast_lio2_odometry,,,,,,,,,,,,,,,,,,,,,,,,,,,,,,,,,,,,,,,
front_end,,True,fast_lio2_odometry,,,,,,,,,,,,,,,,,,,,,,,,,,,,,,,,,,,,,,,
front_end,,True,fast_lio2_odometry,,,,,,,,,,,,,,,,,,,,,,,,,,,,,,,,,,,,,,,
front_end,,True,fast_lio2_odometry,,,,,,,,,,,,,,,,,,,,,,,,,,,,,,,,,,,,,,,
front_end,,True,fast_lio2_odometry,,,,,,,,,,,,,,,,,,,,,,,,,,,,,,,,,,,,,,,
front_end,,True,fast_lio2_odometry,,,,,,,,,,,,,,,,,,,,,,,,,,,,,,,,,,,,,,,
front_end,,True,fast_lio2_odometry,,,,,,,,,,,,,,,,,,,,,,,,,,,,,,,,,,,,,,,
front_end,,True,fast_lio2_odometry,,,,,,,,,,,,,,,,,,,,,,,,,,,,,,,,,,,,,,,
front_end,,True,fast_lio2_odometry,,,,,,,,,,,,,,,,,,,,,,,,,,,,,,,,,,,,,,,
front_end,,True,fast_lio2_odometry,,,,,,,,,,,,,,,,,,,,,,,,,,,,,,,,,,,,,,,
front_end,,True,fast_lio2_odometry,,,,,,,,,,,,,,,,,,,,,,,,,,,,,,,,,,,,,,,
front_end,,True,fast_lio2_odometry,,,,,,,,,,,,,,,,,,,,,,,,,,,,,,,,,,,,,,,
front_end,,True,fast_lio2_odometry,,,,,,,,,,,,,,,,,,,,,,,,,,,,,,,,,,,,,,,
front_end,,True,fast_lio2_odometry,,,,,,,,,,,,,,,,,,,,,,,,,,,,,,,,,,,,,,,
front_end,,True,fast_lio2_odometry,,,,,,,,,,,,,,,,,,,,,,,,,,,,,,,,,,,,,,,
front_end,,True,fast_lio2_odometry,,,,,,,,,,,,,,,,,,,,,,,,,,,,,,,,,,,,,,,
front_end,,True,fast_lio2_odometry,,,,,,,,,,,,,,,,,,,,,,,,,,,,,,,,,,,,,,,
front_end,,True,fast_lio2_odometry,,,,,,,,,,,,,,,,,,,,,,,,,,,,,,,,,,,,,,,
front_end,,True,fast_lio2_odometry,,,,,,,,,,,,,,,,,,,,,,,,,,,,,,,,,,,,,,,
front_end,,True,fast_lio2_odometry,,,,,,,,,,,,,,,,,,,,,,,,,,,,,,,,,,,,,,,
front_end,,True,fast_lio2_odometry,,,,,,,,,,,,,,,,,,,,,,,,,,,,,,,,,,,,,,,
front_end,,True,fast_lio2_odometry,,,,,,,,,,,,,,,,,,,,,,,,,,,,,,,,,,,,,,,
front_end,,True,fast_lio2_odometry,,,,,,,,,,,,,,,,,,,,,,,,,,,,,,,,,,,,,,,
front_end,,True,fast_lio2_odometry,,,,,,,,,,,,,,,,,,,,,,,,,,,,,,,,,,,,,,,
front_end,,True,fast_lio2_odometry,,,,,,,,,,,,,,,,,,,,,,,,,,,,,,,,,,,,,,,
front_end,,True,fast_lio2_odometry,,,,,,,,,,,,,,,,,,,,,,,,,,,,,,,,,,,,,,,
front_end,,True,fast_lio2_odometry,,,,,,,,,,,,,,,,,,,,,,,,,,,,,,,,,,,,,,,
front_end,,True,fast_lio2_odometry,,,,,,,,,,,,,,,,,,,,,,,,,,,,,,,,,,,,,,,
front_end,,True,fast_lio2_odometry,,,,,,,,,,,,,,,,,,,,,,,,,,,,,,,,,,,,,,,
front_end,,True,fast_lio2_odometry,,,,,,,,,,,,,,,,,,,,,,,,,,,,,,,,,,,,,,,
front_end,,True,fast_lio2_odometry,,,,,,,,,,,,,,,,,,,,,,,,,,,,,,,,,,,,,,,
front_end,,True,fast_lio2_odometry,,,,,,,,,,,,,,,,,,,,,,,,,,,,,,,,,,,,,,,
front_end,,True,fast_lio2_odometry,,,,,,,,,,,,,,,,,,,,,,,,,,,,,,,,,,,,,,,
front_end,,True,fast_lio2_odometry,,,,,,,,,,,,,,,,,,,,,,,,,,,,,,,,,,,,,,,
front_end,,True,fast_lio2_odometry,,,,,,,,,,,,,,,,,,,,,,,,,,,,,,,,,,,,,,,
front_end,,True,fast_lio2_odometry,,,,,,,,,,,,,,,,,,,,,,,,,,,,,,,,,,,,,,,
front_end,,True,fast_lio2_odometry,,,,,,,,,,,,,,,,,,,,,,,,,,,,,,,,,,,,,,,
front_end,,True,fast_lio2_odometry,,,,,,,,,,,,,,,,,,,,,,,,,,,,,,,,,,,,,,,
front_end,,True,fast_lio2_odometry,,,,,,,,,,,,,,,,,,,,,,,,,,,,,,,,,,,,,,,
front_end,,True,fast_lio2_odometry,,,,,,,,,,,,,,,,,,,,,,,,,,,,,,,,,,,,,,,
front_end,,True,fast_lio2_odometry,,,,,,,,,,,,,,,,,,,,,,,,,,,,,,,,,,,,,,,
front_end,,True,fast_lio2_odometry,,,,,,,,,,,,,,,,,,,,,,,,,,,,,,,,,,,,,,,
front_end,,True,fast_lio2_odometry,,,,,,,,,,,,,,,,,,,,,,,,,,,,,,,,,,,,,,,
front_end,,True,fast_lio2_odometry,,,,,,,,,,,,,,,,,,,,,,,,,,,,,,,,,,,,,,,
front_end,,True,fast_lio2_odometry,,,,,,,,,,,,,,,,,,,,,,,,,,,,,,,,,,,,,,,
front_end,,True,fast_lio2_odometry,,,,,,,,,,,,,,,,,,,,,,,,,,,,,,,,,,,,,,,
front_end,,True,fast_lio2_odometry,,,,,,,,,,,,,,,,,,,,,,,,,,,,,,,,,,,,,,,
front_end,,True,fast_lio2_odometry,,,,,,,,,,,,,,,,,,,,,,,,,,,,,,,,,,,,,,,
front_end,,True,fast_lio2_odometry,,,,,,,,,,,,,,,,,,,,,,,,,,,,,,,,,,,,,,,
front_end,,True,fast_lio2_odometry,,,,,,,,,,,,,,,,,,,,,,,,,,,,,,,,,,,,,,,
front_end,,True,fast_lio2_odometry,,,,,,,,,,,,,,,,,,,,,,,,,,,,,,,,,,,,,,,
front_end,,True,fast_lio2_odometry,,,,,,,,,,,,,,,,,,,,,,,,,,,,,,,,,,,,,,,
optimized_backend,,,,,,,,,,,,,,,,,,,,,,,,,,,,,,,,,,,19,18,0,,,,pose_graph,False
front_end,,True,fast_lio2_odometry,,,,,,,,,,,,,,,,,,,,,,,,,,,,,,,,,,,,,,,
front_end,,True,fast_lio2_odometry,,,,,,,,,,,,,,,,,,,,,,,,,,,,,,,,,,,,,,,
front_end,,True,fast_lio2_odometry,,,,,,,,,,,,,,,,,,,,,,,,,,,,,,,,,,,,,,,
front_end,,True,fast_lio2_odometry,,,,,,,,,,,,,,,,,,,,,,,,,,,,,,,,,,,,,,,
front_end,,True,fast_lio2_odometry,,,,,,,,,,,,,,,,,,,,,,,,,,,,,,,,,,,,,,,
front_end,,True,fast_lio2_odometry,,,,,,,,,,,,,,,,,,,,,,,,,,,,,,,,,,,,,,,
front_end,,True,fast_lio2_odometry,,,,,,,,,,,,,,,,,,,,,,,,,,,,,,,,,,,,,,,
front_end,,True,fast_lio2_odometry,,,,,,,,,,,,,,,,,,,,,,,,,,,,,,,,,,,,,,,
front_end,,True,fast_lio2_odometry,,,,,,,,,,,,,,,,,,,,,,,,,,,,,,,,,,,,,,,
front_end,,True,fast_lio2_odometry,,,,,,,,,,,,,,,,,,,,,,,,,,,,,,,,,,,,,,,
front_end,,True,fast_lio2_odometry,,,,,,,,,,,,,,,,,,,,,,,,,,,,,,,,,,,,,,,
front_end,,True,fast_lio2_odometry,,,,,,,,,,,,,,,,,,,,,,,,,,,,,,,,,,,,,,,
front_end,,True,fast_lio2_odometry,,,,,,,,,,,,,,,,,,,,,,,,,,,,,,,,,,,,,,,
front_end,,True,fast_lio2_odometry,,,,,,,,,,,,,,,,,,,,,,,,,,,,,,,,,,,,,,,
front_end,,True,fast_lio2_odometry,,,,,,,,,,,,,,,,,,,,,,,,,,,,,,,,,,,,,,,
front_end,,True,fast_lio2_odometry,,,,,,,,,,,,,,,,,,,,,,,,,,,,,,,,,,,,,,,
front_end,,True,fast_lio2_odometry,,,,,,,,,,,,,,,,,,,,,,,,,,,,,,,,,,,,,,,
front_end,,True,fast_lio2_odometry,,,,,,,,,,,,,,,,,,,,,,,,,,,,,,,,,,,,,,,
front_end,,True,fast_lio2_odometry,,,,,,,,,,,,,,,,,,,,,,,,,,,,,,,,,,,,,,,
optimized_backend,,,,,,,,,,,,,,,,,,,,,,,,,,,,,,,,,,,20,19,0,,,,pose_graph,False
front_end,,True,fast_lio2_odometry,,,,,,,,,,,,,,,,,,,,,,,,,,,,,,,,,,,,,,,
front_end,,True,fast_lio2_odometry,,,,,,,,,,,,,,,,,,,,,,,,,,,,,,,,,,,,,,,
front_end,,True,fast_lio2_odometry,,,,,,,,,,,,,,,,,,,,,,,,,,,,,,,,,,,,,,,
front_end,,True,fast_lio2_odometry,,,,,,,,,,,,,,,,,,,,,,,,,,,,,,,,,,,,,,,
front_end,,True,fast_lio2_odometry,,,,,,,,,,,,,,,,,,,,,,,,,,,,,,,,,,,,,,,
front_end,,True,fast_lio2_odometry,,,,,,,,,,,,,,,,,,,,,,,,,,,,,,,,,,,,,,,
front_end,,True,fast_lio2_odometry,,,,,,,,,,,,,,,,,,,,,,,,,,,,,,,,,,,,,,,
front_end,,True,fast_lio2_odometry,,,,,,,,,,,,,,,,,,,,,,,,,,,,,,,,,,,,,,,
front_end,,True,fast_lio2_odometry,,,,,,,,,,,,,,,,,,,,,,,,,,,,,,,,,,,,,,,
front_end,,True,fast_lio2_odometry,,,,,,,,,,,,,,,,,,,,,,,,,,,,,,,,,,,,,,,
front_end,,True,fast_lio2_odometry,,,,,,,,,,,,,,,,,,,,,,,,,,,,,,,,,,,,,,,
front_end,,True,fast_lio2_odometry,,,,,,,,,,,,,,,,,,,,,,,,,,,,,,,,,,,,,,,
front_end,,True,fast_lio2_odometry,,,,,,,,,,,,,,,,,,,,,,,,,,,,,,,,,,,,,,,
front_end,,True,fast_lio2_odometry,,,,,,,,,,,,,,,,,,,,,,,,,,,,,,,,,,,,,,,
front_end,,True,fast_lio2_odometry,,,,,,,,,,,,,,,,,,,,,,,,,,,,,,,,,,,,,,,
front_end,,True,fast_lio2_odometry,,,,,,,,,,,,,,,,,,,,,,,,,,,,,,,,,,,,,,,
front_end,,True,fast_lio2_odometry,,,,,,,,,,,,,,,,,,,,,,,,,,,,,,,,,,,,,,,
front_end,,True,fast_lio2_odometry,,,,,,,,,,,,,,,,,,,,,,,,,,,,,,,,,,,,,,,
front_end,,True,fast_lio2_odometry,,,,,,,,,,,,,,,,,,,,,,,,,,,,,,,,,,,,,,,
front_end,,True,fast_lio2_odometry,,,,,,,,,,,,,,,,,,,,,,,,,,,,,,,,,,,,,,,
optimized_backend,,,,,,,,,,,,,,,,,,,,,,,,,,,,,,,,,,,21,20,0,,,,pose_graph,False
front_end,,True,fast_lio2_odometry,,,,,,,,,,,,,,,,,,,,,,,,,,,,,,,,,,,,,,,
front_end,,True,fast_lio2_odometry,,,,,,,,,,,,,,,,,,,,,,,,,,,,,,,,,,,,,,,
front_end,,True,fast_lio2_odometry,,,,,,,,,,,,,,,,,,,,,,,,,,,,,,,,,,,,,,,
front_end,,True,fast_lio2_odometry,,,,,,,,,,,,,,,,,,,,,,,,,,,,,,,,,,,,,,,
front_end,,True,fast_lio2_odometry,,,,,,,,,,,,,,,,,,,,,,,,,,,,,,,,,,,,,,,
front_end,,True,fast_lio2_odometry,,,,,,,,,,,,,,,,,,,,,,,,,,,,,,,,,,,,,,,
front_end,,True,fast_lio2_odometry,,,,,,,,,,,,,,,,,,,,,,,,,,,,,,,,,,,,,,,
front_end,,True,fast_lio2_odometry,,,,,,,,,,,,,,,,,,,,,,,,,,,,,,,,,,,,,,,
front_end,,True,fast_lio2_odometry,,,,,,,,,,,,,,,,,,,,,,,,,,,,,,,,,,,,,,,
front_end,,True,fast_lio2_odometry,,,,,,,,,,,,,,,,,,,,,,,,,,,,,,,,,,,,,,,
front_end,,True,fast_lio2_odometry,,,,,,,,,,,,,,,,,,,,,,,,,,,,,,,,,,,,,,,
front_end,,True,fast_lio2_odometry,,,,,,,,,,,,,,,,,,,,,,,,,,,,,,,,,,,,,,,
front_end,,True,fast_lio2_odometry,,,,,,,,,,,,,,,,,,,,,,,,,,,,,,,,,,,,,,,
front_end,,True,fast_lio2_odometry,,,,,,,,,,,,,,,,,,,,,,,,,,,,,,,,,,,,,,,
front_end,,True,fast_lio2_odometry,,,,,,,,,,,,,,,,,,,,,,,,,,,,,,,,,,,,,,,
front_end,,True,fast_lio2_odometry,,,,,,,,,,,,,,,,,,,,,,,,,,,,,,,,,,,,,,,
front_end,,True,fast_lio2_odometry,,,,,,,,,,,,,,,,,,,,,,,,,,,,,,,,,,,,,,,
front_end,,True,fast_lio2_odometry,,,,,,,,,,,,,,,,,,,,,,,,,,,,,,,,,,,,,,,
front_end,,True,fast_lio2_odometry,,,,,,,,,,,,,,,,,,,,,,,,,,,,,,,,,,,,,,,
front_end,,True,fast_lio2_odometry,,,,,,,,,,,,,,,,,,,,,,,,,,,,,,,,,,,,,,,
optimized_backend,,,,,,,,,,,,,,,,,,,,,,,,,,,,,,,,,,,22,21,0,,,,pose_graph,False
front_end,,True,fast_lio2_odometry,,,,,,,,,,,,,,,,,,,,,,,,,,,,,,,,,,,,,,,
front_end,,True,fast_lio2_odometry,,,,,,,,,,,,,,,,,,,,,,,,,,,,,,,,,,,,,,,
front_end,,True,fast_lio2_odometry,,,,,,,,,,,,,,,,,,,,,,,,,,,,,,,,,,,,,,,
front_end,,True,fast_lio2_odometry,,,,,,,,,,,,,,,,,,,,,,,,,,,,,,,,,,,,,,,
front_end,,True,fast_lio2_odometry,,,,,,,,,,,,,,,,,,,,,,,,,,,,,,,,,,,,,,,
front_end,,True,fast_lio2_odometry,,,,,,,,,,,,,,,,,,,,,,,,,,,,,,,,,,,,,,,
front_end,,True,fast_lio2_odometry,,,,,,,,,,,,,,,,,,,,,,,,,,,,,,,,,,,,,,,
front_end,,True,fast_lio2_odometry,,,,,,,,,,,,,,,,,,,,,,,,,,,,,,,,,,,,,,,
front_end,,True,fast_lio2_odometry,,,,,,,,,,,,,,,,,,,,,,,,,,,,,,,,,,,,,,,
front_end,,True,fast_lio2_odometry,,,,,,,,,,,,,,,,,,,,,,,,,,,,,,,,,,,,,,,
front_end,,True,fast_lio2_odometry,,,,,,,,,,,,,,,,,,,,,,,,,,,,,,,,,,,,,,,
front_end,,True,fast_lio2_odometry,,,,,,,,,,,,,,,,,,,,,,,,,,,,,,,,,,,,,,,
front_end,,True,fast_lio2_odometry,,,,,,,,,,,,,,,,,,,,,,,,,,,,,,,,,,,,,,,
front_end,,True,fast_lio2_odometry,,,,,,,,,,,,,,,,,,,,,,,,,,,,,,,,,,,,,,,
front_end,,True,fast_lio2_odometry,,,,,,,,,,,,,,,,,,,,,,,,,,,,,,,,,,,,,,,
front_end,,True,fast_lio2_odometry,,,,,,,,,,,,,,,,,,,,,,,,,,,,,,,,,,,,,,,
front_end,,True,fast_lio2_odometry,,,,,,,,,,,,,,,,,,,,,,,,,,,,,,,,,,,,,,,
front_end,,True,fast_lio2_odometry,,,,,,,,,,,,,,,,,,,,,,,,,,,,,,,,,,,,,,,
front_end,,True,fast_lio2_odometry,,,,,,,,,,,,,,,,,,,,,,,,,,,,,,,,,,,,,,,
optimized_backend,,,,,,,,,,,,,,,,,,,,,,,,,,,,,,,,,,,23,22,0,,,,pose_graph,False
front_end,,True,fast_lio2_odometry,,,,,,,,,,,,,,,,,,,,,,,,,,,,,,,,,,,,,,,
front_end,,True,fast_lio2_odometry,,,,,,,,,,,,,,,,,,,,,,,,,,,,,,,,,,,,,,,
front_end,,True,fast_lio2_odometry,,,,,,,,,,,,,,,,,,,,,,,,,,,,,,,,,,,,,,,
front_end,,True,fast_lio2_odometry,,,,,,,,,,,,,,,,,,,,,,,,,,,,,,,,,,,,,,,
front_end,,True,fast_lio2_odometry,,,,,,,,,,,,,,,,,,,,,,,,,,,,,,,,,,,,,,,
front_end,,True,fast_lio2_odometry,,,,,,,,,,,,,,,,,,,,,,,,,,,,,,,,,,,,,,,
front_end,,True,fast_lio2_odometry,,,,,,,,,,,,,,,,,,,,,,,,,,,,,,,,,,,,,,,
front_end,,True,fast_lio2_odometry,,,,,,,,,,,,,,,,,,,,,,,,,,,,,,,,,,,,,,,
front_end,,True,fast_lio2_odometry,,,,,,,,,,,,,,,,,,,,,,,,,,,,,,,,,,,,,,,
front_end,,True,fast_lio2_odometry,,,,,,,,,,,,,,,,,,,,,,,,,,,,,,,,,,,,,,,
front_end,,True,fast_lio2_odometry,,,,,,,,,,,,,,,,,,,,,,,,,,,,,,,,,,,,,,,
front_end,,True,fast_lio2_odometry,,,,,,,,,,,,,,,,,,,,,,,,,,,,,,,,,,,,,,,
front_end,,True,fast_lio2_odometry,,,,,,,,,,,,,,,,,,,,,,,,,,,,,,,,,,,,,,,
front_end,,True,fast_lio2_odometry,,,,,,,,,,,,,,,,,,,,,,,,,,,,,,,,,,,,,,,
front_end,,True,fast_lio2_odometry,,,,,,,,,,,,,,,,,,,,,,,,,,,,,,,,,,,,,,,
front_end,,True,fast_lio2_odometry,,,,,,,,,,,,,,,,,,,,,,,,,,,,,,,,,,,,,,,
front_end,,True,fast_lio2_odometry,,,,,,,,,,,,,,,,,,,,,,,,,,,,,,,,,,,,,,,
front_end,,True,fast_lio2_odometry,,,,,,,,,,,,,,,,,,,,,,,,,,,,,,,,,,,,,,,
front_end,,True,fast_lio2_odometry,,,,,,,,,,,,,,,,,,,,,,,,,,,,,,,,,,,,,,,
front_end,,True,fast_lio2_odometry,,,,,,,,,,,,,,,,,,,,,,,,,,,,,,,,,,,,,,,
front_end,,True,fast_lio2_odometry,,,,,,,,,,,,,,,,,,,,,,,,,,,,,,,,,,,,,,,
optimized_backend,,,,,,,,,,,,,,,,,,,,,,,,,,,,,,,,,,,24,23,0,,,,pose_graph,False
front_end,,True,fast_lio2_odometry,,,,,,,,,,,,,,,,,,,,,,,,,,,,,,,,,,,,,,,
front_end,,True,fast_lio2_odometry,,,,,,,,,,,,,,,,,,,,,,,,,,,,,,,,,,,,,,,
front_end,,True,fast_lio2_odometry,,,,,,,,,,,,,,,,,,,,,,,,,,,,,,,,,,,,,,,
front_end,,True,fast_lio2_odometry,,,,,,,,,,,,,,,,,,,,,,,,,,,,,,,,,,,,,,,
front_end,,True,fast_lio2_odometry,,,,,,,,,,,,,,,,,,,,,,,,,,,,,,,,,,,,,,,
front_end,,True,fast_lio2_odometry,,,,,,,,,,,,,,,,,,,,,,,,,,,,,,,,,,,,,,,
front_end,,True,fast_lio2_odometry,,,,,,,,,,,,,,,,,,,,,,,,,,,,,,,,,,,,,,,
front_end,,True,fast_lio2_odometry,,,,,,,,,,,,,,,,,,,,,,,,,,,,,,,,,,,,,,,
front_end,,True,fast_lio2_odometry,,,,,,,,,,,,,,,,,,,,,,,,,,,,,,,,,,,,,,,
front_end,,True,fast_lio2_odometry,,,,,,,,,,,,,,,,,,,,,,,,,,,,,,,,,,,,,,,
front_end,,True,fast_lio2_odometry,,,,,,,,,,,,,,,,,,,,,,,,,,,,,,,,,,,,,,,
front_end,,True,fast_lio2_odometry,,,,,,,,,,,,,,,,,,,,,,,,,,,,,,,,,,,,,,,
front_end,,True,fast_lio2_odometry,,,,,,,,,,,,,,,,,,,,,,,,,,,,,,,,,,,,,,,
front_end,,True,fast_lio2_odometry,,,,,,,,,,,,,,,,,,,,,,,,,,,,,,,,,,,,,,,
front_end,,True,fast_lio2_odometry,,,,,,,,,,,,,,,,,,,,,,,,,,,,,,,,,,,,,,,
front_end,,True,fast_lio2_odometry,,,,,,,,,,,,,,,,,,,,,,,,,,,,,,,,,,,,,,,
front_end,,True,fast_lio2_odometry,,,,,,,,,,,,,,,,,,,,,,,,,,,,,,,,,,,,,,,
front_end,,True,fast_lio2_odometry,,,,,,,,,,,,,,,,,,,,,,,,,,,,,,,,,,,,,,,
front_end,,True,fast_lio2_odometry,,,,,,,,,,,,,,,,,,,,,,,,,,,,,,,,,,,,,,,
front_end,,True,fast_lio2_odometry,,,,,,,,,,,,,,,,,,,,,,,,,,,,,,,,,,,,,,,
front_end,,True,fast_lio2_odometry,,,,,,,,,,,,,,,,,,,,,,,,,,,,,,,,,,,,,,,
front_end,,True,fast_lio2_odometry,,,,,,,,,,,,,,,,,,,,,,,,,,,,,,,,,,,,,,,
front_end,,True,fast_lio2_odometry,,,,,,,,,,,,,,,,,,,,,,,,,,,,,,,,,,,,,,,
front_end,,True,fast_lio2_odometry,,,,,,,,,,,,,,,,,,,,,,,,,,,,,,,,,,,,,,,
front_end,,True,fast_lio2_odometry,,,,,,,,,,,,,,,,,,,,,,,,,,,,,,,,,,,,,,,
front_end,,True,fast_lio2_odometry,,,,,,,,,,,,,,,,,,,,,,,,,,,,,,,,,,,,,,,
front_end,,True,fast_lio2_odometry,,,,,,,,,,,,,,,,,,,,,,,,,,,,,,,,,,,,,,,
front_end,,True,fast_lio2_odometry,,,,,,,,,,,,,,,,,,,,,,,,,,,,,,,,,,,,,,,
front_end,,True,fast_lio2_odometry,,,,,,,,,,,,,,,,,,,,,,,,,,,,,,,,,,,,,,,
front_end,,True,fast_lio2_odometry,,,,,,,,,,,,,,,,,,,,,,,,,,,,,,,,,,,,,,,
front_end,,True,fast_lio2_odometry,,,,,,,,,,,,,,,,,,,,,,,,,,,,,,,,,,,,,,,
front_end,,True,fast_lio2_odometry,,,,,,,,,,,,,,,,,,,,,,,,,,,,,,,,,,,,,,,
front_end,,True,fast_lio2_odometry,,,,,,,,,,,,,,,,,,,,,,,,,,,,,,,,,,,,,,,
front_end,,True,fast_lio2_odometry,,,,,,,,,,,,,,,,,,,,,,,,,,,,,,,,,,,,,,,
front_end,,True,fast_lio2_odometry,,,,,,,,,,,,,,,,,,,,,,,,,,,,,,,,,,,,,,,
front_end,,True,fast_lio2_odometry,,,,,,,,,,,,,,,,,,,,,,,,,,,,,,,,,,,,,,,
front_end,,True,fast_lio2_odometry,,,,,,,,,,,,,,,,,,,,,,,,,,,,,,,,,,,,,,,
front_end,,True,fast_lio2_odometry,,,,,,,,,,,,,,,,,,,,,,,,,,,,,,,,,,,,,,,
front_end,,True,fast_lio2_odometry,,,,,,,,,,,,,,,,,,,,,,,,,,,,,,,,,,,,,,,
front_end,,True,fast_lio2_odometry,,,,,,,,,,,,,,,,,,,,,,,,,,,,,,,,,,,,,,,
front_end,,True,fast_lio2_odometry,,,,,,,,,,,,,,,,,,,,,,,,,,,,,,,,,,,,,,,
front_end,,True,fast_lio2_odometry,,,,,,,,,,,,,,,,,,,,,,,,,,,,,,,,,,,,,,,
front_end,,True,fast_lio2_odometry,,,,,,,,,,,,,,,,,,,,,,,,,,,,,,,,,,,,,,,
front_end,,True,fast_lio2_odometry,,,,,,,,,,,,,,,,,,,,,,,,,,,,,,,,,,,,,,,
front_end,,True,fast_lio2_odometry,,,,,,,,,,,,,,,,,,,,,,,,,,,,,,,,,,,,,,,
front_end,,True,fast_lio2_odometry,,,,,,,,,,,,,,,,,,,,,,,,,,,,,,,,,,,,,,,
front_end,,True,fast_lio2_odometry,,,,,,,,,,,,,,,,,,,,,,,,,,,,,,,,,,,,,,,
front_end,,True,fast_lio2_odometry,,,,,,,,,,,,,,,,,,,,,,,,,,,,,,,,,,,,,,,
front_end,,True,fast_lio2_odometry,,,,,,,,,,,,,,,,,,,,,,,,,,,,,,,,,,,,,,,
front_end,,True,fast_lio2_odometry,,,,,,,,,,,,,,,,,,,,,,,,,,,,,,,,,,,,,,,
optimized_backend,,,,,,,,,,,,,,,,,,,,,,,,,,,,,,,,,,,25,24,0,,,,pose_graph,False
front_end,,True,fast_lio2_odometry,,,,,,,,,,,,,,,,,,,,,,,,,,,,,,,,,,,,,,,
front_end,,True,fast_lio2_odometry,,,,,,,,,,,,,,,,,,,,,,,,,,,,,,,,,,,,,,,
front_end,,True,fast_lio2_odometry,,,,,,,,,,,,,,,,,,,,,,,,,,,,,,,,,,,,,,,
front_end,,True,fast_lio2_odometry,,,,,,,,,,,,,,,,,,,,,,,,,,,,,,,,,,,,,,,
front_end,,True,fast_lio2_odometry,,,,,,,,,,,,,,,,,,,,,,,,,,,,,,,,,,,,,,,
front_end,,True,fast_lio2_odometry,,,,,,,,,,,,,,,,,,,,,,,,,,,,,,,,,,,,,,,
optimized_backend,,,,,,,,,,,,,,,,,,,,,,,,,,,,,,,,,,,26,25,0,,,,pose_graph,False
front_end,,True,fast_lio2_odometry,,,,,,,,,,,,,,,,,,,,,,,,,,,,,,,,,,,,,,,
front_end,,True,fast_lio2_odometry,,,,,,,,,,,,,,,,,,,,,,,,,,,,,,,,,,,,,,,
front_end,,True,fast_lio2_odometry,,,,,,,,,,,,,,,,,,,,,,,,,,,,,,,,,,,,,,,
front_end,,True,fast_lio2_odometry,,,,,,,,,,,,,,,,,,,,,,,,,,,,,,,,,,,,,,,
front_end,,True,fast_lio2_odometry,,,,,,,,,,,,,,,,,,,,,,,,,,,,,,,,,,,,,,,
optimized_backend,,,,,,,,,,,,,,,,,,,,,,,,,,,,,,,,,,,27,26,0,,,,pose_graph,False
front_end,,True,fast_lio2_odometry,,,,,,,,,,,,,,,,,,,,,,,,,,,,,,,,,,,,,,,
front_end,,True,fast_lio2_odometry,,,,,,,,,,,,,,,,,,,,,,,,,,,,,,,,,,,,,,,
front_end,,True,fast_lio2_odometry,,,,,,,,,,,,,,,,,,,,,,,,,,,,,,,,,,,,,,,
front_end,,True,fast_lio2_odometry,,,,,,,,,,,,,,,,,,,,,,,,,,,,,,,,,,,,,,,
front_end,,True,fast_lio2_odometry,,,,,,,,,,,,,,,,,,,,,,,,,,,,,,,,,,,,,,,
front_end,,True,fast_lio2_odometry,,,,,,,,,,,,,,,,,,,,,,,,,,,,,,,,,,,,,,,
front_end,,True,fast_lio2_odometry,,,,,,,,,,,,,,,,,,,,,,,,,,,,,,,,,,,,,,,
front_end,,True,fast_lio2_odometry,,,,,,,,,,,,,,,,,,,,,,,,,,,,,,,,,,,,,,,
optimized_backend,,,,,,,,,,,,,,,,,,,,,,,,,,,,,,,,,,,28,27,0,,,,pose_graph,False
front_end,,True,fast_lio2_odometry,,,,,,,,,,,,,,,,,,,,,,,,,,,,,,,,,,,,,,,
front_end,,True,fast_lio2_odometry,,,,,,,,,,,,,,,,,,,,,,,,,,,,,,,,,,,,,,,
front_end,,True,fast_lio2_odometry,,,,,,,,,,,,,,,,,,,,,,,,,,,,,,,,,,,,,,,
front_end,,True,fast_lio2_odometry,,,,,,,,,,,,,,,,,,,,,,,,,,,,,,,,,,,,,,,
optimized_backend,,,,,,,,,,,,,,,,,,,,,,,,,,,,,,,,,,,29,28,0,,,,pose_graph,False
front_end,,True,fast_lio2_odometry,,,,,,,,,,,,,,,,,,,,,,,,,,,,,,,,,,,,,,,
front_end,,True,fast_lio2_odometry,,,,,,,,,,,,,,,,,,,,,,,,,,,,,,,,,,,,,,,
front_end,,True,fast_lio2_odometry,,,,,,,,,,,,,,,,,,,,,,,,,,,,,,,,,,,,,,,
front_end,,True,fast_lio2_odometry,,,,,,,,,,,,,,,,,,,,,,,,,,,,,,,,,,,,,,,
front_end,,True,fast_lio2_odometry,,,,,,,,,,,,,,,,,,,,,,,,,,,,,,,,,,,,,,,
front_end,,True,fast_lio2_odometry,,,,,,,,,,,,,,,,,,,,,,,,,,,,,,,,,,,,,,,
front_end,,True,fast_lio2_odometry,,,,,,,,,,,,,,,,,,,,,,,,,,,,,,,,,,,,,,,
optimized_backend,,,,,,,,,,,,,,,,,,,,,,,,,,,,,,,,,,,30,29,0,,,,pose_graph,False
front_end,,True,fast_lio2_odometry,,,,,,,,,,,,,,,,,,,,,,,,,,,,,,,,,,,,,,,
front_end,,True,fast_lio2_odometry,,,,,,,,,,,,,,,,,,,,,,,,,,,,,,,,,,,,,,,
front_end,,True,fast_lio2_odometry,,,,,,,,,,,,,,,,,,,,,,,,,,,,,,,,,,,,,,,
front_end,,True,fast_lio2_odometry,,,,,,,,,,,,,,,,,,,,,,,,,,,,,,,,,,,,,,,
front_end,,True,fast_lio2_odometry,,,,,,,,,,,,,,,,,,,,,,,,,,,,,,,,,,,,,,,
front_end,,True,fast_lio2_odometry,,,,,,,,,,,,,,,,,,,,,,,,,,,,,,,,,,,,,,,
optimized_backend,,,,,,,,,,,,,,,,,,,,,,,,,,,,,,,,,,,31,30,0,,,,pose_graph,False
front_end,,True,fast_lio2_odometry,,,,,,,,,,,,,,,,,,,,,,,,,,,,,,,,,,,,,,,
front_end,,True,fast_lio2_odometry,,,,,,,,,,,,,,,,,,,,,,,,,,,,,,,,,,,,,,,
front_end,,True,fast_lio2_odometry,,,,,,,,,,,,,,,,,,,,,,,,,,,,,,,,,,,,,,,
front_end,,True,fast_lio2_odometry,,,,,,,,,,,,,,,,,,,,,,,,,,,,,,,,,,,,,,,
front_end,,True,fast_lio2_odometry,,,,,,,,,,,,,,,,,,,,,,,,,,,,,,,,,,,,,,,
front_end,,True,fast_lio2_odometry,,,,,,,,,,,,,,,,,,,,,,,,,,,,,,,,,,,,,,,
optimized_backend,,,,,,,,,,,,,,,,,,,,,,,,,,,,,,,,,,,32,31,0,,,,pose_graph,False
front_end,,True,fast_lio2_odometry,,,,,,,,,,,,,,,,,,,,,,,,,,,,,,,,,,,,,,,
front_end,,True,fast_lio2_odometry,,,,,,,,,,,,,,,,,,,,,,,,,,,,,,,,,,,,,,,
front_end,,True,fast_lio2_odometry,,,,,,,,,,,,,,,,,,,,,,,,,,,,,,,,,,,,,,,
front_end,,True,fast_lio2_odometry,,,,,,,,,,,,,,,,,,,,,,,,,,,,,,,,,,,,,,,
front_end,,True,fast_lio2_odometry,,,,,,,,,,,,,,,,,,,,,,,,,,,,,,,,,,,,,,,
front_end,,True,fast_lio2_odometry,,,,,,,,,,,,,,,,,,,,,,,,,,,,,,,,,,,,,,,
front_end,,True,fast_lio2_odometry,,,,,,,,,,,,,,,,,,,,,,,,,,,,,,,,,,,,,,,
front_end,,True,fast_lio2_odometry,,,,,,,,,,,,,,,,,,,,,,,,,,,,,,,,,,,,,,,
optimized_backend,,,,,,,,,,,,,,,,,,,,,,,,,,,,,,,,,,,33,32,0,,,,pose_graph,False
front_end,,True,fast_lio2_odometry,,,,,,,,,,,,,,,,,,,,,,,,,,,,,,,,,,,,,,,
front_end,,True,fast_lio2_odometry,,,,,,,,,,,,,,,,,,,,,,,,,,,,,,,,,,,,,,,
front_end,,True,fast_lio2_odometry,,,,,,,,,,,,,,,,,,,,,,,,,,,,,,,,,,,,,,,
front_end,,True,fast_lio2_odometry,,,,,,,,,,,,,,,,,,,,,,,,,,,,,,,,,,,,,,,
front_end,,True,fast_lio2_odometry,,,,,,,,,,,,,,,,,,,,,,,,,,,,,,,,,,,,,,,
front_end,,True,fast_lio2_odometry,,,,,,,,,,,,,,,,,,,,,,,,,,,,,,,,,,,,,,,
front_end,,True,fast_lio2_odometry,,,,,,,,,,,,,,,,,,,,,,,,,,,,,,,,,,,,,,,
front_end,,True,fast_lio2_odometry,,,,,,,,,,,,,,,,,,,,,,,,,,,,,,,,,,,,,,,
front_end,,True,fast_lio2_odometry,,,,,,,,,,,,,,,,,,,,,,,,,,,,,,,,,,,,,,,
front_end,,True,fast_lio2_odometry,,,,,,,,,,,,,,,,,,,,,,,,,,,,,,,,,,,,,,,
front_end,,True,fast_lio2_odometry,,,,,,,,,,,,,,,,,,,,,,,,,,,,,,,,,,,,,,,
front_end,,True,fast_lio2_odometry,,,,,,,,,,,,,,,,,,,,,,,,,,,,,,,,,,,,,,,
front_end,,True,fast_lio2_odometry,,,,,,,,,,,,,,,,,,,,,,,,,,,,,,,,,,,,,,,
front_end,,True,fast_lio2_odometry,,,,,,,,,,,,,,,,,,,,,,,,,,,,,,,,,,,,,,,
front_end,,True,fast_lio2_odometry,,,,,,,,,,,,,,,,,,,,,,,,,,,,,,,,,,,,,,,
front_end,,True,fast_lio2_odometry,,,,,,,,,,,,,,,,,,,,,,,,,,,,,,,,,,,,,,,
front_end,,True,fast_lio2_odometry,,,,,,,,,,,,,,,,,,,,,,,,,,,,,,,,,,,,,,,
front_end,,True,fast_lio2_odometry,,,,,,,,,,,,,,,,,,,,,,,,,,,,,,,,,,,,,,,
front_end,,True,fast_lio2_odometry,,,,,,,,,,,,,,,,,,,,,,,,,,,,,,,,,,,,,,,
front_end,,True,fast_lio2_odometry,,,,,,,,,,,,,,,,,,,,,,,,,,,,,,,,,,,,,,,
front_end,,True,fast_lio2_odometry,,,,,,,,,,,,,,,,,,,,,,,,,,,,,,,,,,,,,,,
front_end,,True,fast_lio2_odometry,,,,,,,,,,,,,,,,,,,,,,,,,,,,,,,,,,,,,,,
front_end,,True,fast_lio2_odometry,,,,,,,,,,,,,,,,,,,,,,,,,,,,,,,,,,,,,,,
front_end,,True,fast_lio2_odometry,,,,,,,,,,,,,,,,,,,,,,,,,,,,,,,,,,,,,,,
front_end,,True,fast_lio2_odometry,,,,,,,,,,,,,,,,,,,,,,,,,,,,,,,,,,,,,,,
front_end,,True,fast_lio2_odometry,,,,,,,,,,,,,,,,,,,,,,,,,,,,,,,,,,,,,,,
front_end,,True,fast_lio2_odometry,,,,,,,,,,,,,,,,,,,,,,,,,,,,,,,,,,,,,,,
front_end,,True,fast_lio2_odometry,,,,,,,,,,,,,,,,,,,,,,,,,,,,,,,,,,,,,,,
front_end,,True,fast_lio2_odometry,,,,,,,,,,,,,,,,,,,,,,,,,,,,,,,,,,,,,,,
front_end,,True,fast_lio2_odometry,,,,,,,,,,,,,,,,,,,,,,,,,,,,,,,,,,,,,,,
front_end,,True,fast_lio2_odometry,,,,,,,,,,,,,,,,,,,,,,,,,,,,,,,,,,,,,,,
front_end,,True,fast_lio2_odometry,,,,,,,,,,,,,,,,,,,,,,,,,,,,,,,,,,,,,,,
front_end,,True,fast_lio2_odometry,,,,,,,,,,,,,,,,,,,,,,,,,,,,,,,,,,,,,,,
front_end,,True,fast_lio2_odometry,,,,,,,,,,,,,,,,,,,,,,,,,,,,,,,,,,,,,,,
front_end,,True,fast_lio2_odometry,,,,,,,,,,,,,,,,,,,,,,,,,,,,,,,,,,,,,,,
front_end,,True,fast_lio2_odometry,,,,,,,,,,,,,,,,,,,,,,,,,,,,,,,,,,,,,,,
front_end,,True,fast_lio2_odometry,,,,,,,,,,,,,,,,,,,,,,,,,,,,,,,,,,,,,,,
front_end,,True,fast_lio2_odometry,,,,,,,,,,,,,,,,,,,,,,,,,,,,,,,,,,,,,,,
front_end,,True,fast_lio2_odometry,,,,,,,,,,,,,,,,,,,,,,,,,,,,,,,,,,,,,,,
front_end,,True,fast_lio2_odometry,,,,,,,,,,,,,,,,,,,,,,,,,,,,,,,,,,,,,,,
front_end,,True,fast_lio2_odometry,,,,,,,,,,,,,,,,,,,,,,,,,,,,,,,,,,,,,,,
front_end,,True,fast_lio2_odometry,,,,,,,,,,,,,,,,,,,,,,,,,,,,,,,,,,,,,,,
front_end,,True,fast_lio2_odometry,,,,,,,,,,,,,,,,,,,,,,,,,,,,,,,,,,,,,,,
front_end,,True,fast_lio2_odometry,,,,,,,,,,,,,,,,,,,,,,,,,,,,,,,,,,,,,,,
front_end,,True,fast_lio2_odometry,,,,,,,,,,,,,,,,,,,,,,,,,,,,,,,,,,,,,,,
front_end,,True,fast_lio2_odometry,,,,,,,,,,,,,,,,,,,,,,,,,,,,,,,,,,,,,,,
front_end,,True,fast_lio2_odometry,,,,,,,,,,,,,,,,,,,,,,,,,,,,,,,,,,,,,,,
front_end,,True,fast_lio2_odometry,,,,,,,,,,,,,,,,,,,,,,,,,,,,,,,,,,,,,,,
front_end,,True,fast_lio2_odometry,,,,,,,,,,,,,,,,,,,,,,,,,,,,,,,,,,,,,,,
front_end,,True,fast_lio2_odometry,,,,,,,,,,,,,,,,,,,,,,,,,,,,,,,,,,,,,,,
front_end,,True,fast_lio2_odometry,,,,,,,,,,,,,,,,,,,,,,,,,,,,,,,,,,,,,,,
front_end,,True,fast_lio2_odometry,,,,,,,,,,,,,,,,,,,,,,,,,,,,,,,,,,,,,,,
front_end,,True,fast_lio2_odometry,,,,,,,,,,,,,,,,,,,,,,,,,,,,,,,,,,,,,,,
front_end,,True,fast_lio2_odometry,,,,,,,,,,,,,,,,,,,,,,,,,,,,,,,,,,,,,,,
optimized_backend,,,,,,,,,,,,,,,,,,,,,,,,,,,,,,,,,,,34,33,0,,,,pose_graph,False
front_end,,True,fast_lio2_odometry,,,,,,,,,,,,,,,,,,,,,,,,,,,,,,,,,,,,,,,
front_end,,True,fast_lio2_odometry,,,,,,,,,,,,,,,,,,,,,,,,,,,,,,,,,,,,,,,
front_end,,True,fast_lio2_odometry,,,,,,,,,,,,,,,,,,,,,,,,,,,,,,,,,,,,,,,
front_end,,True,fast_lio2_odometry,,,,,,,,,,,,,,,,,,,,,,,,,,,,,,,,,,,,,,,
front_end,,True,fast_lio2_odometry,,,,,,,,,,,,,,,,,,,,,,,,,,,,,,,,,,,,,,,
front_end,,True,fast_lio2_odometry,,,,,,,,,,,,,,,,,,,,,,,,,,,,,,,,,,,,,,,
front_end,,True,fast_lio2_odometry,,,,,,,,,,,,,,,,,,,,,,,,,,,,,,,,,,,,,,,
front_end,,True,fast_lio2_odometry,,,,,,,,,,,,,,,,,,,,,,,,,,,,,,,,,,,,,,,
front_end,,True,fast_lio2_odometry,,,,,,,,,,,,,,,,,,,,,,,,,,,,,,,,,,,,,,,
front_end,,True,fast_lio2_odometry,,,,,,,,,,,,,,,,,,,,,,,,,,,,,,,,,,,,,,,
front_end,,True,fast_lio2_odometry,,,,,,,,,,,,,,,,,,,,,,,,,,,,,,,,,,,,,,,
front_end,,True,fast_lio2_odometry,,,,,,,,,,,,,,,,,,,,,,,,,,,,,,,,,,,,,,,
front_end,,True,fast_lio2_odometry,,,,,,,,,,,,,,,,,,,,,,,,,,,,,,,,,,,,,,,
front_end,,True,fast_lio2_odometry,,,,,,,,,,,,,,,,,,,,,,,,,,,,,,,,,,,,,,,
front_end,,True,fast_lio2_odometry,,,,,,,,,,,,,,,,,,,,,,,,,,,,,,,,,,,,,,,
front_end,,True,fast_lio2_odometry,,,,,,,,,,,,,,,,,,,,,,,,,,,,,,,,,,,,,,,
front_end,,True,fast_lio2_odometry,,,,,,,,,,,,,,,,,,,,,,,,,,,,,,,,,,,,,,,
optimized_backend,,,,,,,,,,,,,,,,,,,,,,,,,,,,,,,,,,,35,34,0,,,,pose_graph,False
front_end,,True,fast_lio2_odometry,,,,,,,,,,,,,,,,,,,,,,,,,,,,,,,,,,,,,,,
front_end,,True,fast_lio2_odometry,,,,,,,,,,,,,,,,,,,,,,,,,,,,,,,,,,,,,,,
front_end,,True,fast_lio2_odometry,,,,,,,,,,,,,,,,,,,,,,,,,,,,,,,,,,,,,,,
front_end,,True,fast_lio2_odometry,,,,,,,,,,,,,,,,,,,,,,,,,,,,,,,,,,,,,,,
front_end,,True,fast_lio2_odometry,,,,,,,,,,,,,,,,,,,,,,,,,,,,,,,,,,,,,,,
front_end,,True,fast_lio2_odometry,,,,,,,,,,,,,,,,,,,,,,,,,,,,,,,,,,,,,,,
front_end,,True,fast_lio2_odometry,,,,,,,,,,,,,,,,,,,,,,,,,,,,,,,,,,,,,,,
front_end,,True,fast_lio2_odometry,,,,,,,,,,,,,,,,,,,,,,,,,,,,,,,,,,,,,,,
front_end,,True,fast_lio2_odometry,,,,,,,,,,,,,,,,,,,,,,,,,,,,,,,,,,,,,,,
front_end,,True,fast_lio2_odometry,,,,,,,,,,,,,,,,,,,,,,,,,,,,,,,,,,,,,,,
front_end,,True,fast_lio2_odometry,,,,,,,,,,,,,,,,,,,,,,,,,,,,,,,,,,,,,,,
front_end,,True,fast_lio2_odometry,,,,,,,,,,,,,,,,,,,,,,,,,,,,,,,,,,,,,,,
front_end,,True,fast_lio2_odometry,,,,,,,,,,,,,,,,,,,,,,,,,,,,,,,,,,,,,,,
front_end,,True,fast_lio2_odometry,,,,,,,,,,,,,,,,,,,,,,,,,,,,,,,,,,,,,,,
front_end,,True,fast_lio2_odometry,,,,,,,,,,,,,,,,,,,,,,,,,,,,,,,,,,,,,,,
front_end,,True,fast_lio2_odometry,,,,,,,,,,,,,,,,,,,,,,,,,,,,,,,,,,,,,,,
front_end,,True,fast_lio2_odometry,,,,,,,,,,,,,,,,,,,,,,,,,,,,,,,,,,,,,,,
front_end,,True,fast_lio2_odometry,,,,,,,,,,,,,,,,,,,,,,,,,,,,,,,,,,,,,,,
front_end,,True,fast_lio2_odometry,,,,,,,,,,,,,,,,,,,,,,,,,,,,,,,,,,,,,,,
optimized_backend,,,,,,,,,,,,,,,,,,,,,,,,,,,,,,,,,,,36,35,0,,,,pose_graph,False
front_end,,True,fast_lio2_odometry,,,,,,,,,,,,,,,,,,,,,,,,,,,,,,,,,,,,,,,
front_end,,True,fast_lio2_odometry,,,,,,,,,,,,,,,,,,,,,,,,,,,,,,,,,,,,,,,
front_end,,True,fast_lio2_odometry,,,,,,,,,,,,,,,,,,,,,,,,,,,,,,,,,,,,,,,
front_end,,True,fast_lio2_odometry,,,,,,,,,,,,,,,,,,,,,,,,,,,,,,,,,,,,,,,
front_end,,True,fast_lio2_odometry,,,,,,,,,,,,,,,,,,,,,,,,,,,,,,,,,,,,,,,
front_end,,True,fast_lio2_odometry,,,,,,,,,,,,,,,,,,,,,,,,,,,,,,,,,,,,,,,
front_end,,True,fast_lio2_odometry,,,,,,,,,,,,,,,,,,,,,,,,,,,,,,,,,,,,,,,
front_end,,True,fast_lio2_odometry,,,,,,,,,,,,,,,,,,,,,,,,,,,,,,,,,,,,,,,
front_end,,True,fast_lio2_odometry,,,,,,,,,,,,,,,,,,,,,,,,,,,,,,,,,,,,,,,
front_end,,True,fast_lio2_odometry,,,,,,,,,,,,,,,,,,,,,,,,,,,,,,,,,,,,,,,
front_end,,True,fast_lio2_odometry,,,,,,,,,,,,,,,,,,,,,,,,,,,,,,,,,,,,,,,
front_end,,True,fast_lio2_odometry,,,,,,,,,,,,,,,,,,,,,,,,,,,,,,,,,,,,,,,
front_end,,True,fast_lio2_odometry,,,,,,,,,,,,,,,,,,,,,,,,,,,,,,,,,,,,,,,
front_end,,True,fast_lio2_odometry,,,,,,,,,,,,,,,,,,,,,,,,,,,,,,,,,,,,,,,
optimized_backend,,,,,,,,,,,,,,,,,,,,,,,,,,,,,,,,,,,37,36,0,,,,pose_graph,False
front_end,,True,fast_lio2_odometry,,,,,,,,,,,,,,,,,,,,,,,,,,,,,,,,,,,,,,,
front_end,,True,fast_lio2_odometry,,,,,,,,,,,,,,,,,,,,,,,,,,,,,,,,,,,,,,,
front_end,,True,fast_lio2_odometry,,,,,,,,,,,,,,,,,,,,,,,,,,,,,,,,,,,,,,,
front_end,,True,fast_lio2_odometry,,,,,,,,,,,,,,,,,,,,,,,,,,,,,,,,,,,,,,,
front_end,,True,fast_lio2_odometry,,,,,,,,,,,,,,,,,,,,,,,,,,,,,,,,,,,,,,,
front_end,,True,fast_lio2_odometry,,,,,,,,,,,,,,,,,,,,,,,,,,,,,,,,,,,,,,,
front_end,,True,fast_lio2_odometry,,,,,,,,,,,,,,,,,,,,,,,,,,,,,,,,,,,,,,,
front_end,,True,fast_lio2_odometry,,,,,,,,,,,,,,,,,,,,,,,,,,,,,,,,,,,,,,,
front_end,,True,fast_lio2_odometry,,,,,,,,,,,,,,,,,,,,,,,,,,,,,,,,,,,,,,,
front_end,,True,fast_lio2_odometry,,,,,,,,,,,,,,,,,,,,,,,,,,,,,,,,,,,,,,,
front_end,,True,fast_lio2_odometry,,,,,,,,,,,,,,,,,,,,,,,,,,,,,,,,,,,,,,,
front_end,,True,fast_lio2_odometry,,,,,,,,,,,,,,,,,,,,,,,,,,,,,,,,,,,,,,,
front_end,,True,fast_lio2_odometry,,,,,,,,,,,,,,,,,,,,,,,,,,,,,,,,,,,,,,,
front_end,,True,fast_lio2_odometry,,,,,,,,,,,,,,,,,,,,,,,,,,,,,,,,,,,,,,,
front_end,,True,fast_lio2_odometry,,,,,,,,,,,,,,,,,,,,,,,,,,,,,,,,,,,,,,,
front_end,,True,fast_lio2_odometry,,,,,,,,,,,,,,,,,,,,,,,,,,,,,,,,,,,,,,,
front_end,,True,fast_lio2_odometry,,,,,,,,,,,,,,,,,,,,,,,,,,,,,,,,,,,,,,,
optimized_backend,,,,,,,,,,,,,,,,,,,,,,,,,,,,,,,,,,,38,37,0,,,,pose_graph,False
front_end,,True,fast_lio2_odometry,,,,,,,,,,,,,,,,,,,,,,,,,,,,,,,,,,,,,,,
front_end,,True,fast_lio2_odometry,,,,,,,,,,,,,,,,,,,,,,,,,,,,,,,,,,,,,,,
front_end,,True,fast_lio2_odometry,,,,,,,,,,,,,,,,,,,,,,,,,,,,,,,,,,,,,,,
front_end,,True,fast_lio2_odometry,,,,,,,,,,,,,,,,,,,,,,,,,,,,,,,,,,,,,,,
front_end,,True,fast_lio2_odometry,,,,,,,,,,,,,,,,,,,,,,,,,,,,,,,,,,,,,,,
front_end,,True,fast_lio2_odometry,,,,,,,,,,,,,,,,,,,,,,,,,,,,,,,,,,,,,,,
front_end,,True,fast_lio2_odometry,,,,,,,,,,,,,,,,,,,,,,,,,,,,,,,,,,,,,,,
front_end,,True,fast_lio2_odometry,,,,,,,,,,,,,,,,,,,,,,,,,,,,,,,,,,,,,,,
front_end,,True,fast_lio2_odometry,,,,,,,,,,,,,,,,,,,,,,,,,,,,,,,,,,,,,,,
front_end,,True,fast_lio2_odometry,,,,,,,,,,,,,,,,,,,,,,,,,,,,,,,,,,,,,,,
front_end,,True,fast_lio2_odometry,,,,,,,,,,,,,,,,,,,,,,,,,,,,,,,,,,,,,,,
front_end,,True,fast_lio2_odometry,,,,,,,,,,,,,,,,,,,,,,,,,,,,,,,,,,,,,,,
front_end,,True,fast_lio2_odometry,,,,,,,,,,,,,,,,,,,,,,,,,,,,,,,,,,,,,,,
front_end,,True,fast_lio2_odometry,,,,,,,,,,,,,,,,,,,,,,,,,,,,,,,,,,,,,,,
front_end,,True,fast_lio2_odometry,,,,,,,,,,,,,,,,,,,,,,,,,,,,,,,,,,,,,,,
front_end,,True,fast_lio2_odometry,,,,,,,,,,,,,,,,,,,,,,,,,,,,,,,,,,,,,,,
optimized_backend,,,,,,,,,,,,,,,,,,,,,,,,,,,,,,,,,,,39,38,0,,,,pose_graph,False
front_end,,True,fast_lio2_odometry,,,,,,,,,,,,,,,,,,,,,,,,,,,,,,,,,,,,,,,
front_end,,True,fast_lio2_odometry,,,,,,,,,,,,,,,,,,,,,,,,,,,,,,,,,,,,,,,
front_end,,True,fast_lio2_odometry,,,,,,,,,,,,,,,,,,,,,,,,,,,,,,,,,,,,,,,
front_end,,True,fast_lio2_odometry,,,,,,,,,,,,,,,,,,,,,,,,,,,,,,,,,,,,,,,
front_end,,True,fast_lio2_odometry,,,,,,,,,,,,,,,,,,,,,,,,,,,,,,,,,,,,,,,
front_end,,True,fast_lio2_odometry,,,,,,,,,,,,,,,,,,,,,,,,,,,,,,,,,,,,,,,
front_end,,True,fast_lio2_odometry,,,,,,,,,,,,,,,,,,,,,,,,,,,,,,,,,,,,,,,
front_end,,True,fast_lio2_odometry,,,,,,,,,,,,,,,,,,,,,,,,,,,,,,,,,,,,,,,
front_end,,True,fast_lio2_odometry,,,,,,,,,,,,,,,,,,,,,,,,,,,,,,,,,,,,,,,
front_end,,True,fast_lio2_odometry,,,,,,,,,,,,,,,,,,,,,,,,,,,,,,,,,,,,,,,
front_end,,True,fast_lio2_odometry,,,,,,,,,,,,,,,,,,,,,,,,,,,,,,,,,,,,,,,
front_end,,True,fast_lio2_odometry,,,,,,,,,,,,,,,,,,,,,,,,,,,,,,,,,,,,,,,
front_end,,True,fast_lio2_odometry,,,,,,,,,,,,,,,,,,,,,,,,,,,,,,,,,,,,,,,
front_end,,True,fast_lio2_odometry,,,,,,,,,,,,,,,,,,,,,,,,,,,,,,,,,,,,,,,
front_end,,True,fast_lio2_odometry,,,,,,,,,,,,,,,,,,,,,,,,,,,,,,,,,,,,,,,
front_end,,True,fast_lio2_odometry,,,,,,,,,,,,,,,,,,,,,,,,,,,,,,,,,,,,,,,
front_end,,True,fast_lio2_odometry,,,,,,,,,,,,,,,,,,,,,,,,,,,,,,,,,,,,,,,
front_end,,True,fast_lio2_odometry,,,,,,,,,,,,,,,,,,,,,,,,,,,,,,,,,,,,,,,
front_end,,True,fast_lio2_odometry,,,,,,,,,,,,,,,,,,,,,,,,,,,,,,,,,,,,,,,
front_end,,True,fast_lio2_odometry,,,,,,,,,,,,,,,,,,,,,,,,,,,,,,,,,,,,,,,
front_end,,True,fast_lio2_odometry,,,,,,,,,,,,,,,,,,,,,,,,,,,,,,,,,,,,,,,
front_end,,True,fast_lio2_odometry,,,,,,,,,,,,,,,,,,,,,,,,,,,,,,,,,,,,,,,
front_end,,True,fast_lio2_odometry,,,,,,,,,,,,,,,,,,,,,,,,,,,,,,,,,,,,,,,
front_end,,True,fast_lio2_odometry,,,,,,,,,,,,,,,,,,,,,,,,,,,,,,,,,,,,,,,
optimized_backend,,,,,,,,,,,,,,,,,,,,,,,,,,,,,,,,,,,40,39,0,,,,pose_graph,False
front_end,,True,fast_lio2_odometry,,,,,,,,,,,,,,,,,,,,,,,,,,,,,,,,,,,,,,,
front_end,,True,fast_lio2_odometry,,,,,,,,,,,,,,,,,,,,,,,,,,,,,,,,,,,,,,,
front_end,,True,fast_lio2_odometry,,,,,,,,,,,,,,,,,,,,,,,,,,,,,,,,,,,,,,,
front_end,,True,fast_lio2_odometry,,,,,,,,,,,,,,,,,,,,,,,,,,,,,,,,,,,,,,,
front_end,,True,fast_lio2_odometry,,,,,,,,,,,,,,,,,,,,,,,,,,,,,,,,,,,,,,,
front_end,,True,fast_lio2_odometry,,,,,,,,,,,,,,,,,,,,,,,,,,,,,,,,,,,,,,,
front_end,,True,fast_lio2_odometry,,,,,,,,,,,,,,,,,,,,,,,,,,,,,,,,,,,,,,,
front_end,,True,fast_lio2_odometry,,,,,,,,,,,,,,,,,,,,,,,,,,,,,,,,,,,,,,,
front_end,,True,fast_lio2_odometry,,,,,,,,,,,,,,,,,,,,,,,,,,,,,,,,,,,,,,,
front_end,,True,fast_lio2_odometry,,,,,,,,,,,,,,,,,,,,,,,,,,,,,,,,,,,,,,,
front_end,,True,fast_lio2_odometry,,,,,,,,,,,,,,,,,,,,,,,,,,,,,,,,,,,,,,,
front_end,,True,fast_lio2_odometry,,,,,,,,,,,,,,,,,,,,,,,,,,,,,,,,,,,,,,,
front_end,,True,fast_lio2_odometry,,,,,,,,,,,,,,,,,,,,,,,,,,,,,,,,,,,,,,,
front_end,,True,fast_lio2_odometry,,,,,,,,,,,,,,,,,,,,,,,,,,,,,,,,,,,,,,,
front_end,,True,fast_lio2_odometry,,,,,,,,,,,,,,,,,,,,,,,,,,,,,,,,,,,,,,,
front_end,,True,fast_lio2_odometry,,,,,,,,,,,,,,,,,,,,,,,,,,,,,,,,,,,,,,,
front_end,,True,fast_lio2_odometry,,,,,,,,,,,,,,,,,,,,,,,,,,,,,,,,,,,,,,,
front_end,,True,fast_lio2_odometry,,,,,,,,,,,,,,,,,,,,,,,,,,,,,,,,,,,,,,,
front_end,,True,fast_lio2_odometry,,,,,,,,,,,,,,,,,,,,,,,,,,,,,,,,,,,,,,,
front_end,,True,fast_lio2_odometry,,,,,,,,,,,,,,,,,,,,,,,,,,,,,,,,,,,,,,,
front_end,,True,fast_lio2_odometry,,,,,,,,,,,,,,,,,,,,,,,,,,,,,,,,,,,,,,,
front_end,,True,fast_lio2_odometry,,,,,,,,,,,,,,,,,,,,,,,,,,,,,,,,,,,,,,,
front_end,,True,fast_lio2_odometry,,,,,,,,,,,,,,,,,,,,,,,,,,,,,,,,,,,,,,,
front_end,,True,fast_lio2_odometry,,,,,,,,,,,,,,,,,,,,,,,,,,,,,,,,,,,,,,,
front_end,,True,fast_lio2_odometry,,,,,,,,,,,,,,,,,,,,,,,,,,,,,,,,,,,,,,,
front_end,,True,fast_lio2_odometry,,,,,,,,,,,,,,,,,,,,,,,,,,,,,,,,,,,,,,,
front_end,,True,fast_lio2_odometry,,,,,,,,,,,,,,,,,,,,,,,,,,,,,,,,,,,,,,,
front_end,,True,fast_lio2_odometry,,,,,,,,,,,,,,,,,,,,,,,,,,,,,,,,,,,,,,,
front_end,,True,fast_lio2_odometry,,,,,,,,,,,,,,,,,,,,,,,,,,,,,,,,,,,,,,,
front_end,,True,fast_lio2_odometry,,,,,,,,,,,,,,,,,,,,,,,,,,,,,,,,,,,,,,,
front_end,,True,fast_lio2_odometry,,,,,,,,,,,,,,,,,,,,,,,,,,,,,,,,,,,,,,,
front_end,,True,fast_lio2_odometry,,,,,,,,,,,,,,,,,,,,,,,,,,,,,,,,,,,,,,,
front_end,,True,fast_lio2_odometry,,,,,,,,,,,,,,,,,,,,,,,,,,,,,,,,,,,,,,,
front_end,,True,fast_lio2_odometry,,,,,,,,,,,,,,,,,,,,,,,,,,,,,,,,,,,,,,,
front_end,,True,fast_lio2_odometry,,,,,,,,,,,,,,,,,,,,,,,,,,,,,,,,,,,,,,,
front_end,,True,fast_lio2_odometry,,,,,,,,,,,,,,,,,,,,,,,,,,,,,,,,,,,,,,,
front_end,,True,fast_lio2_odometry,,,,,,,,,,,,,,,,,,,,,,,,,,,,,,,,,,,,,,,
front_end,,True,fast_lio2_odometry,,,,,,,,,,,,,,,,,,,,,,,,,,,,,,,,,,,,,,,
front_end,,True,fast_lio2_odometry,,,,,,,,,,,,,,,,,,,,,,,,,,,,,,,,,,,,,,,
front_end,,True,fast_lio2_odometry,,,,,,,,,,,,,,,,,,,,,,,,,,,,,,,,,,,,,,,
front_end,,True,fast_lio2_odometry,,,,,,,,,,,,,,,,,,,,,,,,,,,,,,,,,,,,,,,
front_end,,True,fast_lio2_odometry,,,,,,,,,,,,,,,,,,,,,,,,,,,,,,,,,,,,,,,
optimized_backend,,,,,,,,,,,,,,,,,,,,,,,,,,,,,,,,,,,41,40,0,,,,pose_graph,False
front_end,,True,fast_lio2_odometry,,,,,,,,,,,,,,,,,,,,,,,,,,,,,,,,,,,,,,,
front_end,,True,fast_lio2_odometry,,,,,,,,,,,,,,,,,,,,,,,,,,,,,,,,,,,,,,,
front_end,,True,fast_lio2_odometry,,,,,,,,,,,,,,,,,,,,,,,,,,,,,,,,,,,,,,,
front_end,,True,fast_lio2_odometry,,,,,,,,,,,,,,,,,,,,,,,,,,,,,,,,,,,,,,,
front_end,,True,fast_lio2_odometry,,,,,,,,,,,,,,,,,,,,,,,,,,,,,,,,,,,,,,,
front_end,,True,fast_lio2_odometry,,,,,,,,,,,,,,,,,,,,,,,,,,,,,,,,,,,,,,,
front_end,,True,fast_lio2_odometry,,,,,,,,,,,,,,,,,,,,,,,,,,,,,,,,,,,,,,,
front_end,,True,fast_lio2_odometry,,,,,,,,,,,,,,,,,,,,,,,,,,,,,,,,,,,,,,,
front_end,,True,fast_lio2_odometry,,,,,,,,,,,,,,,,,,,,,,,,,,,,,,,,,,,,,,,
front_end,,True,fast_lio2_odometry,,,,,,,,,,,,,,,,,,,,,,,,,,,,,,,,,,,,,,,
front_end,,True,fast_lio2_odometry,,,,,,,,,,,,,,,,,,,,,,,,,,,,,,,,,,,,,,,
front_end,,True,fast_lio2_odometry,,,,,,,,,,,,,,,,,,,,,,,,,,,,,,,,,,,,,,,
front_end,,True,fast_lio2_odometry,,,,,,,,,,,,,,,,,,,,,,,,,,,,,,,,,,,,,,,
front_end,,True,fast_lio2_odometry,,,,,,,,,,,,,,,,,,,,,,,,,,,,,,,,,,,,,,,
front_end,,True,fast_lio2_odometry,,,,,,,,,,,,,,,,,,,,,,,,,,,,,,,,,,,,,,,
front_end,,True,fast_lio2_odometry,,,,,,,,,,,,,,,,,,,,,,,,,,,,,,,,,,,,,,,
front_end,,True,fast_lio2_odometry,,,,,,,,,,,,,,,,,,,,,,,,,,,,,,,,,,,,,,,
front_end,,True,fast_lio2_odometry,,,,,,,,,,,,,,,,,,,,,,,,,,,,,,,,,,,,,,,
front_end,,True,fast_lio2_odometry,,,,,,,,,,,,,,,,,,,,,,,,,,,,,,,,,,,,,,,
front_end,,True,fast_lio2_odometry,,,,,,,,,,,,,,,,,,,,,,,,,,,,,,,,,,,,,,,
front_end,,True,fast_lio2_odometry,,,,,,,,,,,,,,,,,,,,,,,,,,,,,,,,,,,,,,,
front_end,,True,fast_lio2_odometry,,,,,,,,,,,,,,,,,,,,,,,,,,,,,,,,,,,,,,,
front_end,,True,fast_lio2_odometry,,,,,,,,,,,,,,,,,,,,,,,,,,,,,,,,,,,,,,,
front_end,,True,fast_lio2_odometry,,,,,,,,,,,,,,,,,,,,,,,,,,,,,,,,,,,,,,,
front_end,,True,fast_lio2_odometry,,,,,,,,,,,,,,,,,,,,,,,,,,,,,,,,,,,,,,,
front_end,,True,fast_lio2_odometry,,,,,,,,,,,,,,,,,,,,,,,,,,,,,,,,,,,,,,,
front_end,,True,fast_lio2_odometry,,,,,,,,,,,,,,,,,,,,,,,,,,,,,,,,,,,,,,,
front_end,,True,fast_lio2_odometry,,,,,,,,,,,,,,,,,,,,,,,,,,,,,,,,,,,,,,,
front_end,,True,fast_lio2_odometry,,,,,,,,,,,,,,,,,,,,,,,,,,,,,,,,,,,,,,,
front_end,,True,fast_lio2_odometry,,,,,,,,,,,,,,,,,,,,,,,,,,,,,,,,,,,,,,,
front_end,,True,fast_lio2_odometry,,,,,,,,,,,,,,,,,,,,,,,,,,,,,,,,,,,,,,,
front_end,,True,fast_lio2_odometry,,,,,,,,,,,,,,,,,,,,,,,,,,,,,,,,,,,,,,,
front_end,,True,fast_lio2_odometry,,,,,,,,,,,,,,,,,,,,,,,,,,,,,,,,,,,,,,,
front_end,,True,fast_lio2_odometry,,,,,,,,,,,,,,,,,,,,,,,,,,,,,,,,,,,,,,,
front_end,,True,fast_lio2_odometry,,,,,,,,,,,,,,,,,,,,,,,,,,,,,,,,,,,,,,,
front_end,,True,fast_lio2_odometry,,,,,,,,,,,,,,,,,,,,,,,,,,,,,,,,,,,,,,,
front_end,,True,fast_lio2_odometry,,,,,,,,,,,,,,,,,,,,,,,,,,,,,,,,,,,,,,,
front_end,,True,fast_lio2_odometry,,,,,,,,,,,,,,,,,,,,,,,,,,,,,,,,,,,,,,,
optimized_backend,,,,,,,,,,,,,,,,,,,,,,,,,,,,,,,,,,,42,41,0,,,,pose_graph,False
front_end,,True,fast_lio2_odometry,,,,,,,,,,,,,,,,,,,,,,,,,,,,,,,,,,,,,,,
front_end,,True,fast_lio2_odometry,,,,,,,,,,,,,,,,,,,,,,,,,,,,,,,,,,,,,,,
front_end,,True,fast_lio2_odometry,,,,,,,,,,,,,,,,,,,,,,,,,,,,,,,,,,,,,,,
front_end,,True,fast_lio2_odometry,,,,,,,,,,,,,,,,,,,,,,,,,,,,,,,,,,,,,,,
front_end,,True,fast_lio2_odometry,,,,,,,,,,,,,,,,,,,,,,,,,,,,,,,,,,,,,,,
front_end,,True,fast_lio2_odometry,,,,,,,,,,,,,,,,,,,,,,,,,,,,,,,,,,,,,,,
front_end,,True,fast_lio2_odometry,,,,,,,,,,,,,,,,,,,,,,,,,,,,,,,,,,,,,,,
front_end,,True,fast_lio2_odometry,,,,,,,,,,,,,,,,,,,,,,,,,,,,,,,,,,,,,,,
front_end,,True,fast_lio2_odometry,,,,,,,,,,,,,,,,,,,,,,,,,,,,,,,,,,,,,,,
front_end,,True,fast_lio2_odometry,,,,,,,,,,,,,,,,,,,,,,,,,,,,,,,,,,,,,,,
front_end,,True,fast_lio2_odometry,,,,,,,,,,,,,,,,,,,,,,,,,,,,,,,,,,,,,,,
front_end,,True,fast_lio2_odometry,,,,,,,,,,,,,,,,,,,,,,,,,,,,,,,,,,,,,,,
front_end,,True,fast_lio2_odometry,,,,,,,,,,,,,,,,,,,,,,,,,,,,,,,,,,,,,,,
front_end,,True,fast_lio2_odometry,,,,,,,,,,,,,,,,,,,,,,,,,,,,,,,,,,,,,,,
front_end,,True,fast_lio2_odometry,,,,,,,,,,,,,,,,,,,,,,,,,,,,,,,,,,,,,,,
front_end,,True,fast_lio2_odometry,,,,,,,,,,,,,,,,,,,,,,,,,,,,,,,,,,,,,,,
front_end,,True,fast_lio2_odometry,,,,,,,,,,,,,,,,,,,,,,,,,,,,,,,,,,,,,,,
front_end,,True,fast_lio2_odometry,,,,,,,,,,,,,,,,,,,,,,,,,,,,,,,,,,,,,,,
front_end,,True,fast_lio2_odometry,,,,,,,,,,,,,,,,,,,,,,,,,,,,,,,,,,,,,,,
front_end,,True,fast_lio2_odometry,,,,,,,,,,,,,,,,,,,,,,,,,,,,,,,,,,,,,,,
front_end,,True,fast_lio2_odometry,,,,,,,,,,,,,,,,,,,,,,,,,,,,,,,,,,,,,,,
front_end,,True,fast_lio2_odometry,,,,,,,,,,,,,,,,,,,,,,,,,,,,,,,,,,,,,,,
front_end,,True,fast_lio2_odometry,,,,,,,,,,,,,,,,,,,,,,,,,,,,,,,,,,,,,,,
front_end,,True,fast_lio2_odometry,,,,,,,,,,,,,,,,,,,,,,,,,,,,,,,,,,,,,,,
front_end,,True,fast_lio2_odometry,,,,,,,,,,,,,,,,,,,,,,,,,,,,,,,,,,,,,,,
front_end,,True,fast_lio2_odometry,,,,,,,,,,,,,,,,,,,,,,,,,,,,,,,,,,,,,,,
front_end,,True,fast_lio2_odometry,,,,,,,,,,,,,,,,,,,,,,,,,,,,,,,,,,,,,,,
front_end,,True,fast_lio2_odometry,,,,,,,,,,,,,,,,,,,,,,,,,,,,,,,,,,,,,,,
front_end,,True,fast_lio2_odometry,,,,,,,,,,,,,,,,,,,,,,,,,,,,,,,,,,,,,,,
front_end,,True,fast_lio2_odometry,,,,,,,,,,,,,,,,,,,,,,,,,,,,,,,,,,,,,,,
front_end,,True,fast_lio2_odometry,,,,,,,,,,,,,,,,,,,,,,,,,,,,,,,,,,,,,,,
front_end,,True,fast_lio2_odometry,,,,,,,,,,,,,,,,,,,,,,,,,,,,,,,,,,,,,,,
front_end,,True,fast_lio2_odometry,,,,,,,,,,,,,,,,,,,,,,,,,,,,,,,,,,,,,,,
front_end,,True,fast_lio2_odometry,,,,,,,,,,,,,,,,,,,,,,,,,,,,,,,,,,,,,,,
front_end,,True,fast_lio2_odometry,,,,,,,,,,,,,,,,,,,,,,,,,,,,,,,,,,,,,,,
front_end,,True,fast_lio2_odometry,,,,,,,,,,,,,,,,,,,,,,,,,,,,,,,,,,,,,,,
front_end,,True,fast_lio2_odometry,,,,,,,,,,,,,,,,,,,,,,,,,,,,,,,,,,,,,,,
front_end,,True,fast_lio2_odometry,,,,,,,,,,,,,,,,,,,,,,,,,,,,,,,,,,,,,,,
front_end,,True,fast_lio2_odometry,,,,,,,,,,,,,,,,,,,,,,,,,,,,,,,,,,,,,,,
front_end,,True,fast_lio2_odometry,,,,,,,,,,,,,,,,,,,,,,,,,,,,,,,,,,,,,,,
front_end,,True,fast_lio2_odometry,,,,,,,,,,,,,,,,,,,,,,,,,,,,,,,,,,,,,,,
front_end,,True,fast_lio2_odometry,,,,,,,,,,,,,,,,,,,,,,,,,,,,,,,,,,,,,,,
front_end,,True,fast_lio2_odometry,,,,,,,,,,,,,,,,,,,,,,,,,,,,,,,,,,,,,,,
front_end,,True,fast_lio2_odometry,,,,,,,,,,,,,,,,,,,,,,,,,,,,,,,,,,,,,,,
front_end,,True,fast_lio2_odometry,,,,,,,,,,,,,,,,,,,,,,,,,,,,,,,,,,,,,,,
front_end,,True,fast_lio2_odometry,,,,,,,,,,,,,,,,,,,,,,,,,,,,,,,,,,,,,,,
front_end,,True,fast_lio2_odometry,,,,,,,,,,,,,,,,,,,,,,,,,,,,,,,,,,,,,,,
front_end,,True,fast_lio2_odometry,,,,,,,,,,,,,,,,,,,,,,,,,,,,,,,,,,,,,,,
front_end,,True,fast_lio2_odometry,,,,,,,,,,,,,,,,,,,,,,,,,,,,,,,,,,,,,,,
front_end,,True,fast_lio2_odometry,,,,,,,,,,,,,,,,,,,,,,,,,,,,,,,,,,,,,,,
front_end,,True,fast_lio2_odometry,,,,,,,,,,,,,,,,,,,,,,,,,,,,,,,,,,,,,,,
front_end,,True,fast_lio2_odometry,,,,,,,,,,,,,,,,,,,,,,,,,,,,,,,,,,,,,,,
front_end,,True,fast_lio2_odometry,,,,,,,,,,,,,,,,,,,,,,,,,,,,,,,,,,,,,,,
front_end,,True,fast_lio2_odometry,,,,,,,,,,,,,,,,,,,,,,,,,,,,,,,,,,,,,,,
front_end,,True,fast_lio2_odometry,,,,,,,,,,,,,,,,,,,,,,,,,,,,,,,,,,,,,,,
front_end,,True,fast_lio2_odometry,,,,,,,,,,,,,,,,,,,,,,,,,,,,,,,,,,,,,,,
front_end,,True,fast_lio2_odometry,,,,,,,,,,,,,,,,,,,,,,,,,,,,,,,,,,,,,,,
front_end,,True,fast_lio2_odometry,,,,,,,,,,,,,,,,,,,,,,,,,,,,,,,,,,,,,,,
front_end,,True,fast_lio2_odometry,,,,,,,,,,,,,,,,,,,,,,,,,,,,,,,,,,,,,,,
front_end,,True,fast_lio2_odometry,,,,,,,,,,,,,,,,,,,,,,,,,,,,,,,,,,,,,,,
front_end,,True,fast_lio2_odometry,,,,,,,,,,,,,,,,,,,,,,,,,,,,,,,,,,,,,,,
front_end,,True,fast_lio2_odometry,,,,,,,,,,,,,,,,,,,,,,,,,,,,,,,,,,,,,,,
front_end,,True,fast_lio2_odometry,,,,,,,,,,,,,,,,,,,,,,,,,,,,,,,,,,,,,,,
front_end,,True,fast_lio2_odometry,,,,,,,,,,,,,,,,,,,,,,,,,,,,,,,,,,,,,,,
front_end,,True,fast_lio2_odometry,,,,,,,,,,,,,,,,,,,,,,,,,,,,,,,,,,,,,,,
front_end,,True,fast_lio2_odometry,,,,,,,,,,,,,,,,,,,,,,,,,,,,,,,,,,,,,,,
front_end,,True,fast_lio2_odometry,,,,,,,,,,,,,,,,,,,,,,,,,,,,,,,,,,,,,,,
front_end,,True,fast_lio2_odometry,,,,,,,,,,,,,,,,,,,,,,,,,,,,,,,,,,,,,,,
front_end,,True,fast_lio2_odometry,,,,,,,,,,,,,,,,,,,,,,,,,,,,,,,,,,,,,,,
front_end,,True,fast_lio2_odometry,,,,,,,,,,,,,,,,,,,,,,,,,,,,,,,,,,,,,,,
front_end,,True,fast_lio2_odometry,,,,,,,,,,,,,,,,,,,,,,,,,,,,,,,,,,,,,,,
front_end,,True,fast_lio2_odometry,,,,,,,,,,,,,,,,,,,,,,,,,,,,,,,,,,,,,,,
front_end,,True,fast_lio2_odometry,,,,,,,,,,,,,,,,,,,,,,,,,,,,,,,,,,,,,,,
front_end,,True,fast_lio2_odometry,,,,,,,,,,,,,,,,,,,,,,,,,,,,,,,,,,,,,,,
front_end,,True,fast_lio2_odometry,,,,,,,,,,,,,,,,,,,,,,,,,,,,,,,,,,,,,,,
front_end,,True,fast_lio2_odometry,,,,,,,,,,,,,,,,,,,,,,,,,,,,,,,,,,,,,,,
front_end,,True,fast_lio2_odometry,,,,,,,,,,,,,,,,,,,,,,,,,,,,,,,,,,,,,,,
front_end,,True,fast_lio2_odometry,,,,,,,,,,,,,,,,,,,,,,,,,,,,,,,,,,,,,,,
front_end,,True,fast_lio2_odometry,,,,,,,,,,,,,,,,,,,,,,,,,,,,,,,,,,,,,,,
front_end,,True,fast_lio2_odometry,,,,,,,,,,,,,,,,,,,,,,,,,,,,,,,,,,,,,,,
optimized_backend,,,,,,,,,,,,,,,,,,,,,,,,,,,,,,,,,,,43,42,0,,,,pose_graph,False
front_end,,True,fast_lio2_odometry,,,,,,,,,,,,,,,,,,,,,,,,,,,,,,,,,,,,,,,
front_end,,True,fast_lio2_odometry,,,,,,,,,,,,,,,,,,,,,,,,,,,,,,,,,,,,,,,
front_end,,True,fast_lio2_odometry,,,,,,,,,,,,,,,,,,,,,,,,,,,,,,,,,,,,,,,
front_end,,True,fast_lio2_odometry,,,,,,,,,,,,,,,,,,,,,,,,,,,,,,,,,,,,,,,
front_end,,True,fast_lio2_odometry,,,,,,,,,,,,,,,,,,,,,,,,,,,,,,,,,,,,,,,
front_end,,True,fast_lio2_odometry,,,,,,,,,,,,,,,,,,,,,,,,,,,,,,,,,,,,,,,
front_end,,True,fast_lio2_odometry,,,,,,,,,,,,,,,,,,,,,,,,,,,,,,,,,,,,,,,
front_end,,True,fast_lio2_odometry,,,,,,,,,,,,,,,,,,,,,,,,,,,,,,,,,,,,,,,
front_end,,True,fast_lio2_odometry,,,,,,,,,,,,,,,,,,,,,,,,,,,,,,,,,,,,,,,
front_end,,True,fast_lio2_odometry,,,,,,,,,,,,,,,,,,,,,,,,,,,,,,,,,,,,,,,
front_end,,True,fast_lio2_odometry,,,,,,,,,,,,,,,,,,,,,,,,,,,,,,,,,,,,,,,
front_end,,True,fast_lio2_odometry,,,,,,,,,,,,,,,,,,,,,,,,,,,,,,,,,,,,,,,
front_end,,True,fast_lio2_odometry,,,,,,,,,,,,,,,,,,,,,,,,,,,,,,,,,,,,,,,
front_end,,True,fast_lio2_odometry,,,,,,,,,,,,,,,,,,,,,,,,,,,,,,,,,,,,,,,
front_end,,True,fast_lio2_odometry,,,,,,,,,,,,,,,,,,,,,,,,,,,,,,,,,,,,,,,
front_end,,True,fast_lio2_odometry,,,,,,,,,,,,,,,,,,,,,,,,,,,,,,,,,,,,,,,
front_end,,True,fast_lio2_odometry,,,,,,,,,,,,,,,,,,,,,,,,,,,,,,,,,,,,,,,
front_end,,True,fast_lio2_odometry,,,,,,,,,,,,,,,,,,,,,,,,,,,,,,,,,,,,,,,
front_end,,True,fast_lio2_odometry,,,,,,,,,,,,,,,,,,,,,,,,,,,,,,,,,,,,,,,
front_end,,True,fast_lio2_odometry,,,,,,,,,,,,,,,,,,,,,,,,,,,,,,,,,,,,,,,
front_end,,True,fast_lio2_odometry,,,,,,,,,,,,,,,,,,,,,,,,,,,,,,,,,,,,,,,
front_end,,True,fast_lio2_odometry,,,,,,,,,,,,,,,,,,,,,,,,,,,,,,,,,,,,,,,
front_end,,True,fast_lio2_odometry,,,,,,,,,,,,,,,,,,,,,,,,,,,,,,,,,,,,,,,
front_end,,True,fast_lio2_odometry,,,,,,,,,,,,,,,,,,,,,,,,,,,,,,,,,,,,,,,
front_end,,True,fast_lio2_odometry,,,,,,,,,,,,,,,,,,,,,,,,,,,,,,,,,,,,,,,
front_end,,True,fast_lio2_odometry,,,,,,,,,,,,,,,,,,,,,,,,,,,,,,,,,,,,,,,
front_end,,True,fast_lio2_odometry,,,,,,,,,,,,,,,,,,,,,,,,,,,,,,,,,,,,,,,
front_end,,True,fast_lio2_odometry,,,,,,,,,,,,,,,,,,,,,,,,,,,,,,,,,,,,,,,
front_end,,True,fast_lio2_odometry,,,,,,,,,,,,,,,,,,,,,,,,,,,,,,,,,,,,,,,
front_end,,True,fast_lio2_odometry,,,,,,,,,,,,,,,,,,,,,,,,,,,,,,,,,,,,,,,
front_end,,True,fast_lio2_odometry,,,,,,,,,,,,,,,,,,,,,,,,,,,,,,,,,,,,,,,
front_end,,True,fast_lio2_odometry,,,,,,,,,,,,,,,,,,,,,,,,,,,,,,,,,,,,,,,
front_end,,True,fast_lio2_odometry,,,,,,,,,,,,,,,,,,,,,,,,,,,,,,,,,,,,,,,
front_end,,True,fast_lio2_odometry,,,,,,,,,,,,,,,,,,,,,,,,,,,,,,,,,,,,,,,
front_end,,True,fast_lio2_odometry,,,,,,,,,,,,,,,,,,,,,,,,,,,,,,,,,,,,,,,
front_end,,True,fast_lio2_odometry,,,,,,,,,,,,,,,,,,,,,,,,,,,,,,,,,,,,,,,
front_end,,True,fast_lio2_odometry,,,,,,,,,,,,,,,,,,,,,,,,,,,,,,,,,,,,,,,
front_end,,True,fast_lio2_odometry,,,,,,,,,,,,,,,,,,,,,,,,,,,,,,,,,,,,,,,
front_end,,True,fast_lio2_odometry,,,,,,,,,,,,,,,,,,,,,,,,,,,,,,,,,,,,,,,
front_end,,True,fast_lio2_odometry,,,,,,,,,,,,,,,,,,,,,,,,,,,,,,,,,,,,,,,
optimized_backend,,,,,,,,,,,,,,,,,,,,,,,,,,,,,,,,,,,44,43,0,,,,pose_graph,False
front_end,,True,fast_lio2_odometry,,,,,,,,,,,,,,,,,,,,,,,,,,,,,,,,,,,,,,,
front_end,,True,fast_lio2_odometry,,,,,,,,,,,,,,,,,,,,,,,,,,,,,,,,,,,,,,,
front_end,,True,fast_lio2_odometry,,,,,,,,,,,,,,,,,,,,,,,,,,,,,,,,,,,,,,,
front_end,,True,fast_lio2_odometry,,,,,,,,,,,,,,,,,,,,,,,,,,,,,,,,,,,,,,,
front_end,,True,fast_lio2_odometry,,,,,,,,,,,,,,,,,,,,,,,,,,,,,,,,,,,,,,,
front_end,,True,fast_lio2_odometry,,,,,,,,,,,,,,,,,,,,,,,,,,,,,,,,,,,,,,,
front_end,,True,fast_lio2_odometry,,,,,,,,,,,,,,,,,,,,,,,,,,,,,,,,,,,,,,,
front_end,,True,fast_lio2_odometry,,,,,,,,,,,,,,,,,,,,,,,,,,,,,,,,,,,,,,,
front_end,,True,fast_lio2_odometry,,,,,,,,,,,,,,,,,,,,,,,,,,,,,,,,,,,,,,,
front_end,,True,fast_lio2_odometry,,,,,,,,,,,,,,,,,,,,,,,,,,,,,,,,,,,,,,,
front_end,,True,fast_lio2_odometry,,,,,,,,,,,,,,,,,,,,,,,,,,,,,,,,,,,,,,,
front_end,,True,fast_lio2_odometry,,,,,,,,,,,,,,,,,,,,,,,,,,,,,,,,,,,,,,,
optimized_backend,,,,,,,,,,,,,,,,,,,,,,,,,,,,,,,,,,,45,44,0,,,,pose_graph,False
front_end,,True,fast_lio2_odometry,,,,,,,,,,,,,,,,,,,,,,,,,,,,,,,,,,,,,,,
front_end,,True,fast_lio2_odometry,,,,,,,,,,,,,,,,,,,,,,,,,,,,,,,,,,,,,,,
front_end,,True,fast_lio2_odometry,,,,,,,,,,,,,,,,,,,,,,,,,,,,,,,,,,,,,,,
front_end,,True,fast_lio2_odometry,,,,,,,,,,,,,,,,,,,,,,,,,,,,,,,,,,,,,,,
front_end,,True,fast_lio2_odometry,,,,,,,,,,,,,,,,,,,,,,,,,,,,,,,,,,,,,,,
front_end,,True,fast_lio2_odometry,,,,,,,,,,,,,,,,,,,,,,,,,,,,,,,,,,,,,,,
front_end,,True,fast_lio2_odometry,,,,,,,,,,,,,,,,,,,,,,,,,,,,,,,,,,,,,,,
front_end,,True,fast_lio2_odometry,,,,,,,,,,,,,,,,,,,,,,,,,,,,,,,,,,,,,,,
optimized_backend,,,,,,,,,,,,,,,,,,,,,,,,,,,,,,,,,,,46,45,0,,,,pose_graph,False
front_end,,True,fast_lio2_odometry,,,,,,,,,,,,,,,,,,,,,,,,,,,,,,,,,,,,,,,
front_end,,True,fast_lio2_odometry,,,,,,,,,,,,,,,,,,,,,,,,,,,,,,,,,,,,,,,
front_end,,True,fast_lio2_odometry,,,,,,,,,,,,,,,,,,,,,,,,,,,,,,,,,,,,,,,
optimized_backend,,,,,,,,,,,,,,,,,,,,,,,,,,,,,,,,,,,47,46,0,,,,pose_graph,False
front_end,,True,fast_lio2_odometry,,,,,,,,,,,,,,,,,,,,,,,,,,,,,,,,,,,,,,,
front_end,,True,fast_lio2_odometry,,,,,,,,,,,,,,,,,,,,,,,,,,,,,,,,,,,,,,,
front_end,,True,fast_lio2_odometry,,,,,,,,,,,,,,,,,,,,,,,,,,,,,,,,,,,,,,,
front_end,,True,fast_lio2_odometry,,,,,,,,,,,,,,,,,,,,,,,,,,,,,,,,,,,,,,,
front_end,,True,fast_lio2_odometry,,,,,,,,,,,,,,,,,,,,,,,,,,,,,,,,,,,,,,,
front_end,,True,fast_lio2_odometry,,,,,,,,,,,,,,,,,,,,,,,,,,,,,,,,,,,,,,,
front_end,,True,fast_lio2_odometry,,,,,,,,,,,,,,,,,,,,,,,,,,,,,,,,,,,,,,,
optimized_backend,,,,,,,,,,,,,,,,,,,,,,,,,,,,,,,,,,,48,47,0,,,,pose_graph,False
front_end,,True,fast_lio2_odometry,,,,,,,,,,,,,,,,,,,,,,,,,,,,,,,,,,,,,,,
front_end,,True,fast_lio2_odometry,,,,,,,,,,,,,,,,,,,,,,,,,,,,,,,,,,,,,,,
optimized_backend,,,,,,,,,,,,,,,,,,,,,,,,,,,,,,,,,,,49,48,0,,,,pose_graph,False
front_end,,True,fast_lio2_odometry,,,,,,,,,,,,,,,,,,,,,,,,,,,,,,,,,,,,,,,
front_end,,True,fast_lio2_odometry,,,,,,,,,,,,,,,,,,,,,,,,,,,,,,,,,,,,,,,
front_end,,True,fast_lio2_odometry,,,,,,,,,,,,,,,,,,,,,,,,,,,,,,,,,,,,,,,
front_end,,True,fast_lio2_odometry,,,,,,,,,,,,,,,,,,,,,,,,,,,,,,,,,,,,,,,
optimized_backend,,,,,,,,,,,,,,,,,,,,,,,,,,,,,,,,,,,50,49,0,,,,pose_graph,False
front_end,,True,fast_lio2_odometry,,,,,,,,,,,,,,,,,,,,,,,,,,,,,,,,,,,,,,,
front_end,,True,fast_lio2_odometry,,,,,,,,,,,,,,,,,,,,,,,,,,,,,,,,,,,,,,,
front_end,,True,fast_lio2_odometry,,,,,,,,,,,,,,,,,,,,,,,,,,,,,,,,,,,,,,,
front_end,,True,fast_lio2_odometry,,,,,,,,,,,,,,,,,,,,,,,,,,,,,,,,,,,,,,,
front_end,,True,fast_lio2_odometry,,,,,,,,,,,,,,,,,,,,,,,,,,,,,,,,,,,,,,,
optimized_backend,,,,,,,,,,,,,,,,,,,,,,,,,,,,,,,,,,,51,50,0,,,,pose_graph,False
front_end,,True,fast_lio2_odometry,,,,,,,,,,,,,,,,,,,,,,,,,,,,,,,,,,,,,,,
front_end,,True,fast_lio2_odometry,,,,,,,,,,,,,,,,,,,,,,,,,,,,,,,,,,,,,,,
front_end,,True,fast_lio2_odometry,,,,,,,,,,,,,,,,,,,,,,,,,,,,,,,,,,,,,,,
front_end,,True,fast_lio2_odometry,,,,,,,,,,,,,,,,,,,,,,,,,,,,,,,,,,,,,,,
optimized_backend,,,,,,,,,,,,,,,,,,,,,,,,,,,,,,,,,,,52,51,0,,,,pose_graph,False
front_end,,True,fast_lio2_odometry,,,,,,,,,,,,,,,,,,,,,,,,,,,,,,,,,,,,,,,
front_end,,True,fast_lio2_odometry,,,,,,,,,,,,,,,,,,,,,,,,,,,,,,,,,,,,,,,
front_end,,True,fast_lio2_odometry,,,,,,,,,,,,,,,,,,,,,,,,,,,,,,,,,,,,,,,
front_end,,True,fast_lio2_odometry,,,,,,,,,,,,,,,,,,,,,,,,,,,,,,,,,,,,,,,
front_end,,True,fast_lio2_odometry,,,,,,,,,,,,,,,,,,,,,,,,,,,,,,,,,,,,,,,
optimized_backend,,,,,,,,,,,,,,,,,,,,,,,,,,,,,,,,,,,53,52,0,,,,pose_graph,False
front_end,,True,fast_lio2_odometry,,,,,,,,,,,,,,,,,,,,,,,,,,,,,,,,,,,,,,,
front_end,,True,fast_lio2_odometry,,,,,,,,,,,,,,,,,,,,,,,,,,,,,,,,,,,,,,,
front_end,,True,fast_lio2_odometry,,,,,,,,,,,,,,,,,,,,,,,,,,,,,,,,,,,,,,,
optimized_backend,,,,,,,,,,,,,,,,,,,,,,,,,,,,,,,,,,,54,53,0,,,,pose_graph,False
front_end,,True,fast_lio2_odometry,,,,,,,,,,,,,,,,,,,,,,,,,,,,,,,,,,,,,,,
front_end,,True,fast_lio2_odometry,,,,,,,,,,,,,,,,,,,,,,,,,,,,,,,,,,,,,,,
front_end,,True,fast_lio2_odometry,,,,,,,,,,,,,,,,,,,,,,,,,,,,,,,,,,,,,,,
front_end,,True,fast_lio2_odometry,,,,,,,,,,,,,,,,,,,,,,,,,,,,,,,,,,,,,,,
front_end,,True,fast_lio2_odometry,,,,,,,,,,,,,,,,,,,,,,,,,,,,,,,,,,,,,,,
front_end,,True,fast_lio2_odometry,,,,,,,,,,,,,,,,,,,,,,,,,,,,,,,,,,,,,,,
front_end,,True,fast_lio2_odometry,,,,,,,,,,,,,,,,,,,,,,,,,,,,,,,,,,,,,,,
optimized_backend,,,,,,,,,,,,,,,,,,,,,,,,,,,,,,,,,,,55,54,0,,,,pose_graph,False
front_end,,True,fast_lio2_odometry,,,,,,,,,,,,,,,,,,,,,,,,,,,,,,,,,,,,,,,
front_end,,True,fast_lio2_odometry,,,,,,,,,,,,,,,,,,,,,,,,,,,,,,,,,,,,,,,
optimized_backend,,,,,,,,,,,,,,,,,,,,,,,,,,,,,,,,,,,56,55,0,,,,pose_graph,False
front_end,,True,fast_lio2_odometry,,,,,,,,,,,,,,,,,,,,,,,,,,,,,,,,,,,,,,,
front_end,,True,fast_lio2_odometry,,,,,,,,,,,,,,,,,,,,,,,,,,,,,,,,,,,,,,,
front_end,,True,fast_lio2_odometry,,,,,,,,,,,,,,,,,,,,,,,,,,,,,,,,,,,,,,,
front_end,,True,fast_lio2_odometry,,,,,,,,,,,,,,,,,,,,,,,,,,,,,,,,,,,,,,,
front_end,,True,fast_lio2_odometry,,,,,,,,,,,,,,,,,,,,,,,,,,,,,,,,,,,,,,,
front_end,,True,fast_lio2_odometry,,,,,,,,,,,,,,,,,,,,,,,,,,,,,,,,,,,,,,,
front_end,,True,fast_lio2_odometry,,,,,,,,,,,,,,,,,,,,,,,,,,,,,,,,,,,,,,,
front_end,,True,fast_lio2_odometry,,,,,,,,,,,,,,,,,,,,,,,,,,,,,,,,,,,,,,,
optimized_backend,,,,,,,,,,,,,,,,,,,,,,,,,,,,,,,,,,,57,56,0,,,,pose_graph,False
front_end,,True,fast_lio2_odometry,,,,,,,,,,,,,,,,,,,,,,,,,,,,,,,,,,,,,,,
front_end,,True,fast_lio2_odometry,,,,,,,,,,,,,,,,,,,,,,,,,,,,,,,,,,,,,,,
front_end,,True,fast_lio2_odometry,,,,,,,,,,,,,,,,,,,,,,,,,,,,,,,,,,,,,,,
front_end,,True,fast_lio2_odometry,,,,,,,,,,,,,,,,,,,,,,,,,,,,,,,,,,,,,,,
front_end,,True,fast_lio2_odometry,,,,,,,,,,,,,,,,,,,,,,,,,,,,,,,,,,,,,,,
optimized_backend,,,,,,,,,,,,,,,,,,,,,,,,,,,,,,,,,,,58,57,0,,,,pose_graph,False
front_end,,True,fast_lio2_odometry,,,,,,,,,,,,,,,,,,,,,,,,,,,,,,,,,,,,,,,
front_end,,True,fast_lio2_odometry,,,,,,,,,,,,,,,,,,,,,,,,,,,,,,,,,,,,,,,
front_end,,True,fast_lio2_odometry,,,,,,,,,,,,,,,,,,,,,,,,,,,,,,,,,,,,,,,
front_end,,True,fast_lio2_odometry,,,,,,,,,,,,,,,,,,,,,,,,,,,,,,,,,,,,,,,
front_end,,True,fast_lio2_odometry,,,,,,,,,,,,,,,,,,,,,,,,,,,,,,,,,,,,,,,
front_end,,True,fast_lio2_odometry,,,,,,,,,,,,,,,,,,,,,,,,,,,,,,,,,,,,,,,
front_end,,True,fast_lio2_odometry,,,,,,,,,,,,,,,,,,,,,,,,,,,,,,,,,,,,,,,
front_end,,True,fast_lio2_odometry,,,,,,,,,,,,,,,,,,,,,,,,,,,,,,,,,,,,,,,
front_end,,True,fast_lio2_odometry,,,,,,,,,,,,,,,,,,,,,,,,,,,,,,,,,,,,,,,
front_end,,True,fast_lio2_odometry,,,,,,,,,,,,,,,,,,,,,,,,,,,,,,,,,,,,,,,
front_end,,True,fast_lio2_odometry,,,,,,,,,,,,,,,,,,,,,,,,,,,,,,,,,,,,,,,
front_end,,True,fast_lio2_odometry,,,,,,,,,,,,,,,,,,,,,,,,,,,,,,,,,,,,,,,
front_end,,True,fast_lio2_odometry,,,,,,,,,,,,,,,,,,,,,,,,,,,,,,,,,,,,,,,
front_end,,True,fast_lio2_odometry,,,,,,,,,,,,,,,,,,,,,,,,,,,,,,,,,,,,,,,
front_end,,True,fast_lio2_odometry,,,,,,,,,,,,,,,,,,,,,,,,,,,,,,,,,,,,,,,
front_end,,True,fast_lio2_odometry,,,,,,,,,,,,,,,,,,,,,,,,,,,,,,,,,,,,,,,
front_end,,True,fast_lio2_odometry,,,,,,,,,,,,,,,,,,,,,,,,,,,,,,,,,,,,,,,
front_end,,True,fast_lio2_odometry,,,,,,,,,,,,,,,,,,,,,,,,,,,,,,,,,,,,,,,
front_end,,True,fast_lio2_odometry,,,,,,,,,,,,,,,,,,,,,,,,,,,,,,,,,,,,,,,
front_end,,True,fast_lio2_odometry,,,,,,,,,,,,,,,,,,,,,,,,,,,,,,,,,,,,,,,
front_end,,True,fast_lio2_odometry,,,,,,,,,,,,,,,,,,,,,,,,,,,,,,,,,,,,,,,
front_end,,True,fast_lio2_odometry,,,,,,,,,,,,,,,,,,,,,,,,,,,,,,,,,,,,,,,
front_end,,True,fast_lio2_odometry,,,,,,,,,,,,,,,,,,,,,,,,,,,,,,,,,,,,,,,
front_end,,True,fast_lio2_odometry,,,,,,,,,,,,,,,,,,,,,,,,,,,,,,,,,,,,,,,
front_end,,True,fast_lio2_odometry,,,,,,,,,,,,,,,,,,,,,,,,,,,,,,,,,,,,,,,
front_end,,True,fast_lio2_odometry,,,,,,,,,,,,,,,,,,,,,,,,,,,,,,,,,,,,,,,
front_end,,True,fast_lio2_odometry,,,,,,,,,,,,,,,,,,,,,,,,,,,,,,,,,,,,,,,
optimized_backend,,,,,,,,,,,,,,,,,,,,,,,,,,,,,,,,,,,59,58,0,,,,pose_graph,False
front_end,,True,fast_lio2_odometry,,,,,,,,,,,,,,,,,,,,,,,,,,,,,,,,,,,,,,,
front_end,,True,fast_lio2_odometry,,,,,,,,,,,,,,,,,,,,,,,,,,,,,,,,,,,,,,,
front_end,,True,fast_lio2_odometry,,,,,,,,,,,,,,,,,,,,,,,,,,,,,,,,,,,,,,,
front_end,,True,fast_lio2_odometry,,,,,,,,,,,,,,,,,,,,,,,,,,,,,,,,,,,,,,,
front_end,,True,fast_lio2_odometry,,,,,,,,,,,,,,,,,,,,,,,,,,,,,,,,,,,,,,,
front_end,,True,fast_lio2_odometry,,,,,,,,,,,,,,,,,,,,,,,,,,,,,,,,,,,,,,,
front_end,,True,fast_lio2_odometry,,,,,,,,,,,,,,,,,,,,,,,,,,,,,,,,,,,,,,,
front_end,,True,fast_lio2_odometry,,,,,,,,,,,,,,,,,,,,,,,,,,,,,,,,,,,,,,,
optimized_backend,,,,,,,,,,,,,,,,,,,,,,,,,,,,,,,,,,,60,59,0,,,,pose_graph,False
front_end,,True,fast_lio2_odometry,,,,,,,,,,,,,,,,,,,,,,,,,,,,,,,,,,,,,,,
front_end,,True,fast_lio2_odometry,,,,,,,,,,,,,,,,,,,,,,,,,,,,,,,,,,,,,,,
front_end,,True,fast_lio2_odometry,,,,,,,,,,,,,,,,,,,,,,,,,,,,,,,,,,,,,,,
front_end,,True,fast_lio2_odometry,,,,,,,,,,,,,,,,,,,,,,,,,,,,,,,,,,,,,,,
front_end,,True,fast_lio2_odometry,,,,,,,,,,,,,,,,,,,,,,,,,,,,,,,,,,,,,,,
front_end,,True,fast_lio2_odometry,,,,,,,,,,,,,,,,,,,,,,,,,,,,,,,,,,,,,,,
front_end,,True,fast_lio2_odometry,,,,,,,,,,,,,,,,,,,,,,,,,,,,,,,,,,,,,,,
front_end,,True,fast_lio2_odometry,,,,,,,,,,,,,,,,,,,,,,,,,,,,,,,,,,,,,,,
front_end,,True,fast_lio2_odometry,,,,,,,,,,,,,,,,,,,,,,,,,,,,,,,,,,,,,,,
front_end,,True,fast_lio2_odometry,,,,,,,,,,,,,,,,,,,,,,,,,,,,,,,,,,,,,,,
front_end,,True,fast_lio2_odometry,,,,,,,,,,,,,,,,,,,,,,,,,,,,,,,,,,,,,,,
front_end,,True,fast_lio2_odometry,,,,,,,,,,,,,,,,,,,,,,,,,,,,,,,,,,,,,,,
front_end,,True,fast_lio2_odometry,,,,,,,,,,,,,,,,,,,,,,,,,,,,,,,,,,,,,,,
front_end,,True,fast_lio2_odometry,,,,,,,,,,,,,,,,,,,,,,,,,,,,,,,,,,,,,,,
front_end,,True,fast_lio2_odometry,,,,,,,,,,,,,,,,,,,,,,,,,,,,,,,,,,,,,,,
front_end,,True,fast_lio2_odometry,,,,,,,,,,,,,,,,,,,,,,,,,,,,,,,,,,,,,,,
front_end,,True,fast_lio2_odometry,,,,,,,,,,,,,,,,,,,,,,,,,,,,,,,,,,,,,,,
front_end,,True,fast_lio2_odometry,,,,,,,,,,,,,,,,,,,,,,,,,,,,,,,,,,,,,,,
front_end,,True,fast_lio2_odometry,,,,,,,,,,,,,,,,,,,,,,,,,,,,,,,,,,,,,,,
front_end,,True,fast_lio2_odometry,,,,,,,,,,,,,,,,,,,,,,,,,,,,,,,,,,,,,,,
front_end,,True,fast_lio2_odometry,,,,,,,,,,,,,,,,,,,,,,,,,,,,,,,,,,,,,,,
front_end,,True,fast_lio2_odometry,,,,,,,,,,,,,,,,,,,,,,,,,,,,,,,,,,,,,,,
front_end,,True,fast_lio2_odometry,,,,,,,,,,,,,,,,,,,,,,,,,,,,,,,,,,,,,,,
front_end,,True,fast_lio2_odometry,,,,,,,,,,,,,,,,,,,,,,,,,,,,,,,,,,,,,,,
front_end,,True,fast_lio2_odometry,,,,,,,,,,,,,,,,,,,,,,,,,,,,,,,,,,,,,,,
front_end,,True,fast_lio2_odometry,,,,,,,,,,,,,,,,,,,,,,,,,,,,,,,,,,,,,,,
front_end,,True,fast_lio2_odometry,,,,,,,,,,,,,,,,,,,,,,,,,,,,,,,,,,,,,,,
front_end,,True,fast_lio2_odometry,,,,,,,,,,,,,,,,,,,,,,,,,,,,,,,,,,,,,,,
front_end,,True,fast_lio2_odometry,,,,,,,,,,,,,,,,,,,,,,,,,,,,,,,,,,,,,,,
front_end,,True,fast_lio2_odometry,,,,,,,,,,,,,,,,,,,,,,,,,,,,,,,,,,,,,,,
front_end,,True,fast_lio2_odometry,,,,,,,,,,,,,,,,,,,,,,,,,,,,,,,,,,,,,,,
front_end,,True,fast_lio2_odometry,,,,,,,,,,,,,,,,,,,,,,,,,,,,,,,,,,,,,,,
front_end,,True,fast_lio2_odometry,,,,,,,,,,,,,,,,,,,,,,,,,,,,,,,,,,,,,,,
front_end,,True,fast_lio2_odometry,,,,,,,,,,,,,,,,,,,,,,,,,,,,,,,,,,,,,,,
front_end,,True,fast_lio2_odometry,,,,,,,,,,,,,,,,,,,,,,,,,,,,,,,,,,,,,,,
front_end,,True,fast_lio2_odometry,,,,,,,,,,,,,,,,,,,,,,,,,,,,,,,,,,,,,,,
front_end,,True,fast_lio2_odometry,,,,,,,,,,,,,,,,,,,,,,,,,,,,,,,,,,,,,,,
front_end,,True,fast_lio2_odometry,,,,,,,,,,,,,,,,,,,,,,,,,,,,,,,,,,,,,,,
front_end,,True,fast_lio2_odometry,,,,,,,,,,,,,,,,,,,,,,,,,,,,,,,,,,,,,,,
front_end,,True,fast_lio2_odometry,,,,,,,,,,,,,,,,,,,,,,,,,,,,,,,,,,,,,,,
front_end,,True,fast_lio2_odometry,,,,,,,,,,,,,,,,,,,,,,,,,,,,,,,,,,,,,,,
front_end,,True,fast_lio2_odometry,,,,,,,,,,,,,,,,,,,,,,,,,,,,,,,,,,,,,,,
front_end,,True,fast_lio2_odometry,,,,,,,,,,,,,,,,,,,,,,,,,,,,,,,,,,,,,,,
front_end,,True,fast_lio2_odometry,,,,,,,,,,,,,,,,,,,,,,,,,,,,,,,,,,,,,,,
front_end,,True,fast_lio2_odometry,,,,,,,,,,,,,,,,,,,,,,,,,,,,,,,,,,,,,,,
front_end,,True,fast_lio2_odometry,,,,,,,,,,,,,,,,,,,,,,,,,,,,,,,,,,,,,,,
front_end,,True,fast_lio2_odometry,,,,,,,,,,,,,,,,,,,,,,,,,,,,,,,,,,,,,,,
front_end,,True,fast_lio2_odometry,,,,,,,,,,,,,,,,,,,,,,,,,,,,,,,,,,,,,,,
front_end,,True,fast_lio2_odometry,,,,,,,,,,,,,,,,,,,,,,,,,,,,,,,,,,,,,,,
front_end,,True,fast_lio2_odometry,,,,,,,,,,,,,,,,,,,,,,,,,,,,,,,,,,,,,,,
front_end,,True,fast_lio2_odometry,,,,,,,,,,,,,,,,,,,,,,,,,,,,,,,,,,,,,,,
front_end,,True,fast_lio2_odometry,,,,,,,,,,,,,,,,,,,,,,,,,,,,,,,,,,,,,,,
front_end,,True,fast_lio2_odometry,,,,,,,,,,,,,,,,,,,,,,,,,,,,,,,,,,,,,,,
front_end,,True,fast_lio2_odometry,,,,,,,,,,,,,,,,,,,,,,,,,,,,,,,,,,,,,,,
front_end,,True,fast_lio2_odometry,,,,,,,,,,,,,,,,,,,,,,,,,,,,,,,,,,,,,,,
front_end,,True,fast_lio2_odometry,,,,,,,,,,,,,,,,,,,,,,,,,,,,,,,,,,,,,,,
front_end,,True,fast_lio2_odometry,,,,,,,,,,,,,,,,,,,,,,,,,,,,,,,,,,,,,,,
front_end,,True,fast_lio2_odometry,,,,,,,,,,,,,,,,,,,,,,,,,,,,,,,,,,,,,,,
front_end,,True,fast_lio2_odometry,,,,,,,,,,,,,,,,,,,,,,,,,,,,,,,,,,,,,,,
front_end,,True,fast_lio2_odometry,,,,,,,,,,,,,,,,,,,,,,,,,,,,,,,,,,,,,,,
front_end,,True,fast_lio2_odometry,,,,,,,,,,,,,,,,,,,,,,,,,,,,,,,,,,,,,,,
front_end,,True,fast_lio2_odometry,,,,,,,,,,,,,,,,,,,,,,,,,,,,,,,,,,,,,,,
front_end,,True,fast_lio2_odometry,,,,,,,,,,,,,,,,,,,,,,,,,,,,,,,,,,,,,,,
front_end,,True,fast_lio2_odometry,,,,,,,,,,,,,,,,,,,,,,,,,,,,,,,,,,,,,,,
front_end,,True,fast_lio2_odometry,,,,,,,,,,,,,,,,,,,,,,,,,,,,,,,,,,,,,,,
front_end,,True,fast_lio2_odometry,,,,,,,,,,,,,,,,,,,,,,,,,,,,,,,,,,,,,,,
front_end,,True,fast_lio2_odometry,,,,,,,,,,,,,,,,,,,,,,,,,,,,,,,,,,,,,,,
front_end,,True,fast_lio2_odometry,,,,,,,,,,,,,,,,,,,,,,,,,,,,,,,,,,,,,,,
front_end,,True,fast_lio2_odometry,,,,,,,,,,,,,,,,,,,,,,,,,,,,,,,,,,,,,,,
front_end,,True,fast_lio2_odometry,,,,,,,,,,,,,,,,,,,,,,,,,,,,,,,,,,,,,,,
front_end,,True,fast_lio2_odometry,,,,,,,,,,,,,,,,,,,,,,,,,,,,,,,,,,,,,,,
front_end,,True,fast_lio2_odometry,,,,,,,,,,,,,,,,,,,,,,,,,,,,,,,,,,,,,,,
front_end,,True,fast_lio2_odometry,,,,,,,,,,,,,,,,,,,,,,,,,,,,,,,,,,,,,,,
front_end,,True,fast_lio2_odometry,,,,,,,,,,,,,,,,,,,,,,,,,,,,,,,,,,,,,,,
front_end,,True,fast_lio2_odometry,,,,,,,,,,,,,,,,,,,,,,,,,,,,,,,,,,,,,,,
front_end,,True,fast_lio2_odometry,,,,,,,,,,,,,,,,,,,,,,,,,,,,,,,,,,,,,,,
front_end,,True,fast_lio2_odometry,,,,,,,,,,,,,,,,,,,,,,,,,,,,,,,,,,,,,,,
front_end,,True,fast_lio2_odometry,,,,,,,,,,,,,,,,,,,,,,,,,,,,,,,,,,,,,,,
front_end,,True,fast_lio2_odometry,,,,,,,,,,,,,,,,,,,,,,,,,,,,,,,,,,,,,,,
front_end,,True,fast_lio2_odometry,,,,,,,,,,,,,,,,,,,,,,,,,,,,,,,,,,,,,,,
front_end,,True,fast_lio2_odometry,,,,,,,,,,,,,,,,,,,,,,,,,,,,,,,,,,,,,,,
front_end,,True,fast_lio2_odometry,,,,,,,,,,,,,,,,,,,,,,,,,,,,,,,,,,,,,,,
front_end,,True,fast_lio2_odometry,,,,,,,,,,,,,,,,,,,,,,,,,,,,,,,,,,,,,,,
front_end,,True,fast_lio2_odometry,,,,,,,,,,,,,,,,,,,,,,,,,,,,,,,,,,,,,,,
front_end,,True,fast_lio2_odometry,,,,,,,,,,,,,,,,,,,,,,,,,,,,,,,,,,,,,,,
front_end,,True,fast_lio2_odometry,,,,,,,,,,,,,,,,,,,,,,,,,,,,,,,,,,,,,,,
front_end,,True,fast_lio2_odometry,,,,,,,,,,,,,,,,,,,,,,,,,,,,,,,,,,,,,,,
front_end,,True,fast_lio2_odometry,,,,,,,,,,,,,,,,,,,,,,,,,,,,,,,,,,,,,,,
front_end,,True,fast_lio2_odometry,,,,,,,,,,,,,,,,,,,,,,,,,,,,,,,,,,,,,,,
front_end,,True,fast_lio2_odometry,,,,,,,,,,,,,,,,,,,,,,,,,,,,,,,,,,,,,,,
front_end,,True,fast_lio2_odometry,,,,,,,,,,,,,,,,,,,,,,,,,,,,,,,,,,,,,,,
front_end,,True,fast_lio2_odometry,,,,,,,,,,,,,,,,,,,,,,,,,,,,,,,,,,,,,,,
front_end,,True,fast_lio2_odometry,,,,,,,,,,,,,,,,,,,,,,,,,,,,,,,,,,,,,,,
front_end,,True,fast_lio2_odometry,,,,,,,,,,,,,,,,,,,,,,,,,,,,,,,,,,,,,,,
front_end,,True,fast_lio2_odometry,,,,,,,,,,,,,,,,,,,,,,,,,,,,,,,,,,,,,,,
front_end,,True,fast_lio2_odometry,,,,,,,,,,,,,,,,,,,,,,,,,,,,,,,,,,,,,,,
front_end,,True,fast_lio2_odometry,,,,,,,,,,,,,,,,,,,,,,,,,,,,,,,,,,,,,,,
front_end,,True,fast_lio2_odometry,,,,,,,,,,,,,,,,,,,,,,,,,,,,,,,,,,,,,,,
front_end,,True,fast_lio2_odometry,,,,,,,,,,,,,,,,,,,,,,,,,,,,,,,,,,,,,,,
front_end,,True,fast_lio2_odometry,,,,,,,,,,,,,,,,,,,,,,,,,,,,,,,,,,,,,,,
front_end,,True,fast_lio2_odometry,,,,,,,,,,,,,,,,,,,,,,,,,,,,,,,,,,,,,,,
front_end,,True,fast_lio2_odometry,,,,,,,,,,,,,,,,,,,,,,,,,,,,,,,,,,,,,,,
front_end,,True,fast_lio2_odometry,,,,,,,,,,,,,,,,,,,,,,,,,,,,,,,,,,,,,,,
front_end,,True,fast_lio2_odometry,,,,,,,,,,,,,,,,,,,,,,,,,,,,,,,,,,,,,,,
front_end,,True,fast_lio2_odometry,,,,,,,,,,,,,,,,,,,,,,,,,,,,,,,,,,,,,,,
front_end,,True,fast_lio2_odometry,,,,,,,,,,,,,,,,,,,,,,,,,,,,,,,,,,,,,,,
front_end,,True,fast_lio2_odometry,,,,,,,,,,,,,,,,,,,,,,,,,,,,,,,,,,,,,,,
front_end,,True,fast_lio2_odometry,,,,,,,,,,,,,,,,,,,,,,,,,,,,,,,,,,,,,,,
front_end,,True,fast_lio2_odometry,,,,,,,,,,,,,,,,,,,,,,,,,,,,,,,,,,,,,,,
front_end,,True,fast_lio2_odometry,,,,,,,,,,,,,,,,,,,,,,,,,,,,,,,,,,,,,,,
front_end,,True,fast_lio2_odometry,,,,,,,,,,,,,,,,,,,,,,,,,,,,,,,,,,,,,,,
front_end,,True,fast_lio2_odometry,,,,,,,,,,,,,,,,,,,,,,,,,,,,,,,,,,,,,,,
front_end,,True,fast_lio2_odometry,,,,,,,,,,,,,,,,,,,,,,,,,,,,,,,,,,,,,,,
front_end,,True,fast_lio2_odometry,,,,,,,,,,,,,,,,,,,,,,,,,,,,,,,,,,,,,,,
front_end,,True,fast_lio2_odometry,,,,,,,,,,,,,,,,,,,,,,,,,,,,,,,,,,,,,,,
front_end,,True,fast_lio2_odometry,,,,,,,,,,,,,,,,,,,,,,,,,,,,,,,,,,,,,,,
front_end,,True,fast_lio2_odometry,,,,,,,,,,,,,,,,,,,,,,,,,,,,,,,,,,,,,,,
front_end,,True,fast_lio2_odometry,,,,,,,,,,,,,,,,,,,,,,,,,,,,,,,,,,,,,,,
front_end,,True,fast_lio2_odometry,,,,,,,,,,,,,,,,,,,,,,,,,,,,,,,,,,,,,,,
front_end,,True,fast_lio2_odometry,,,,,,,,,,,,,,,,,,,,,,,,,,,,,,,,,,,,,,,
front_end,,True,fast_lio2_odometry,,,,,,,,,,,,,,,,,,,,,,,,,,,,,,,,,,,,,,,
front_end,,True,fast_lio2_odometry,,,,,,,,,,,,,,,,,,,,,,,,,,,,,,,,,,,,,,,
front_end,,True,fast_lio2_odometry,,,,,,,,,,,,,,,,,,,,,,,,,,,,,,,,,,,,,,,
optimized_backend,,,,,,,,,,,,,,,,,,,,,,,,,,,,,,,,,,,61,61,1,,,,pose_graph,True
front_end,,True,fast_lio2_odometry,,,,,,,,,,,,,,,,,,,,,,,,,,,,,,,,,,,,,,,
front_end,,True,fast_lio2_odometry,,,,,,,,,,,,,,,,,,,,,,,,,,,,,,,,,,,,,,,
front_end,,True,fast_lio2_odometry,,,,,,,,,,,,,,,,,,,,,,,,,,,,,,,,,,,,,,,
front_end,,True,fast_lio2_odometry,,,,,,,,,,,,,,,,,,,,,,,,,,,,,,,,,,,,,,,
front_end,,True,fast_lio2_odometry,,,,,,,,,,,,,,,,,,,,,,,,,,,,,,,,,,,,,,,
front_end,,True,fast_lio2_odometry,,,,,,,,,,,,,,,,,,,,,,,,,,,,,,,,,,,,,,,
front_end,,True,fast_lio2_odometry,,,,,,,,,,,,,,,,,,,,,,,,,,,,,,,,,,,,,,,
front_end,,True,fast_lio2_odometry,,,,,,,,,,,,,,,,,,,,,,,,,,,,,,,,,,,,,,,
front_end,,True,fast_lio2_odometry,,,,,,,,,,,,,,,,,,,,,,,,,,,,,,,,,,,,,,,
front_end,,True,fast_lio2_odometry,,,,,,,,,,,,,,,,,,,,,,,,,,,,,,,,,,,,,,,
front_end,,True,fast_lio2_odometry,,,,,,,,,,,,,,,,,,,,,,,,,,,,,,,,,,,,,,,
front_end,,True,fast_lio2_odometry,,,,,,,,,,,,,,,,,,,,,,,,,,,,,,,,,,,,,,,
front_end,,True,fast_lio2_odometry,,,,,,,,,,,,,,,,,,,,,,,,,,,,,,,,,,,,,,,
front_end,,True,fast_lio2_odometry,,,,,,,,,,,,,,,,,,,,,,,,,,,,,,,,,,,,,,,
front_end,,True,fast_lio2_odometry,,,,,,,,,,,,,,,,,,,,,,,,,,,,,,,,,,,,,,,
front_end,,True,fast_lio2_odometry,,,,,,,,,,,,,,,,,,,,,,,,,,,,,,,,,,,,,,,
front_end,,True,fast_lio2_odometry,,,,,,,,,,,,,,,,,,,,,,,,,,,,,,,,,,,,,,,
front_end,,True,fast_lio2_odometry,,,,,,,,,,,,,,,,,,,,,,,,,,,,,,,,,,,,,,,
front_end,,True,fast_lio2_odometry,,,,,,,,,,,,,,,,,,,,,,,,,,,,,,,,,,,,,,,
front_end,,True,fast_lio2_odometry,,,,,,,,,,,,,,,,,,,,,,,,,,,,,,,,,,,,,,,
front_end,,True,fast_lio2_odometry,,,,,,,,,,,,,,,,,,,,,,,,,,,,,,,,,,,,,,,
front_end,,True,fast_lio2_odometry,,,,,,,,,,,,,,,,,,,,,,,,,,,,,,,,,,,,,,,
optimized_backend,,,,,,,,,,,,,,,,,,,,,,,,,,,,,,,,,,,62,63,2,,,,pose_graph,True
front_end,,True,fast_lio2_odometry,,,,,,,,,,,,,,,,,,,,,,,,,,,,,,,,,,,,,,,
front_end,,True,fast_lio2_odometry,,,,,,,,,,,,,,,,,,,,,,,,,,,,,,,,,,,,,,,
front_end,,True,fast_lio2_odometry,,,,,,,,,,,,,,,,,,,,,,,,,,,,,,,,,,,,,,,
front_end,,True,fast_lio2_odometry,,,,,,,,,,,,,,,,,,,,,,,,,,,,,,,,,,,,,,,
front_end,,True,fast_lio2_odometry,,,,,,,,,,,,,,,,,,,,,,,,,,,,,,,,,,,,,,,
front_end,,True,fast_lio2_odometry,,,,,,,,,,,,,,,,,,,,,,,,,,,,,,,,,,,,,,,
front_end,,True,fast_lio2_odometry,,,,,,,,,,,,,,,,,,,,,,,,,,,,,,,,,,,,,,,
front_end,,True,fast_lio2_odometry,,,,,,,,,,,,,,,,,,,,,,,,,,,,,,,,,,,,,,,
front_end,,True,fast_lio2_odometry,,,,,,,,,,,,,,,,,,,,,,,,,,,,,,,,,,,,,,,
front_end,,True,fast_lio2_odometry,,,,,,,,,,,,,,,,,,,,,,,,,,,,,,,,,,,,,,,
front_end,,True,fast_lio2_odometry,,,,,,,,,,,,,,,,,,,,,,,,,,,,,,,,,,,,,,,
front_end,,True,fast_lio2_odometry,,,,,,,,,,,,,,,,,,,,,,,,,,,,,,,,,,,,,,,
front_end,,True,fast_lio2_odometry,,,,,,,,,,,,,,,,,,,,,,,,,,,,,,,,,,,,,,,
front_end,,True,fast_lio2_odometry,,,,,,,,,,,,,,,,,,,,,,,,,,,,,,,,,,,,,,,
front_end,,True,fast_lio2_odometry,,,,,,,,,,,,,,,,,,,,,,,,,,,,,,,,,,,,,,,
front_end,,True,fast_lio2_odometry,,,,,,,,,,,,,,,,,,,,,,,,,,,,,,,,,,,,,,,
front_end,,True,fast_lio2_odometry,,,,,,,,,,,,,,,,,,,,,,,,,,,,,,,,,,,,,,,
front_end,,True,fast_lio2_odometry,,,,,,,,,,,,,,,,,,,,,,,,,,,,,,,,,,,,,,,
front_end,,True,fast_lio2_odometry,,,,,,,,,,,,,,,,,,,,,,,,,,,,,,,,,,,,,,,
front_end,,True,fast_lio2_odometry,,,,,,,,,,,,,,,,,,,,,,,,,,,,,,,,,,,,,,,
front_end,,True,fast_lio2_odometry,,,,,,,,,,,,,,,,,,,,,,,,,,,,,,,,,,,,,,,
optimized_backend,,,,,,,,,,,,,,,,,,,,,,,,,,,,,,,,,,,63,65,3,,,,pose_graph,True
front_end,,True,fast_lio2_odometry,,,,,,,,,,,,,,,,,,,,,,,,,,,,,,,,,,,,,,,
front_end,,True,fast_lio2_odometry,,,,,,,,,,,,,,,,,,,,,,,,,,,,,,,,,,,,,,,
front_end,,True,fast_lio2_odometry,,,,,,,,,,,,,,,,,,,,,,,,,,,,,,,,,,,,,,,
front_end,,True,fast_lio2_odometry,,,,,,,,,,,,,,,,,,,,,,,,,,,,,,,,,,,,,,,
front_end,,True,fast_lio2_odometry,,,,,,,,,,,,,,,,,,,,,,,,,,,,,,,,,,,,,,,
front_end,,True,fast_lio2_odometry,,,,,,,,,,,,,,,,,,,,,,,,,,,,,,,,,,,,,,,
front_end,,True,fast_lio2_odometry,,,,,,,,,,,,,,,,,,,,,,,,,,,,,,,,,,,,,,,
front_end,,True,fast_lio2_odometry,,,,,,,,,,,,,,,,,,,,,,,,,,,,,,,,,,,,,,,
front_end,,True,fast_lio2_odometry,,,,,,,,,,,,,,,,,,,,,,,,,,,,,,,,,,,,,,,
front_end,,True,fast_lio2_odometry,,,,,,,,,,,,,,,,,,,,,,,,,,,,,,,,,,,,,,,
front_end,,True,fast_lio2_odometry,,,,,,,,,,,,,,,,,,,,,,,,,,,,,,,,,,,,,,,
front_end,,True,fast_lio2_odometry,,,,,,,,,,,,,,,,,,,,,,,,,,,,,,,,,,,,,,,
front_end,,True,fast_lio2_odometry,,,,,,,,,,,,,,,,,,,,,,,,,,,,,,,,,,,,,,,
front_end,,True,fast_lio2_odometry,,,,,,,,,,,,,,,,,,,,,,,,,,,,,,,,,,,,,,,
front_end,,True,fast_lio2_odometry,,,,,,,,,,,,,,,,,,,,,,,,,,,,,,,,,,,,,,,
front_end,,True,fast_lio2_odometry,,,,,,,,,,,,,,,,,,,,,,,,,,,,,,,,,,,,,,,
front_end,,True,fast_lio2_odometry,,,,,,,,,,,,,,,,,,,,,,,,,,,,,,,,,,,,,,,
front_end,,True,fast_lio2_odometry,,,,,,,,,,,,,,,,,,,,,,,,,,,,,,,,,,,,,,,
front_end,,True,fast_lio2_odometry,,,,,,,,,,,,,,,,,,,,,,,,,,,,,,,,,,,,,,,
front_end,,True,fast_lio2_odometry,,,,,,,,,,,,,,,,,,,,,,,,,,,,,,,,,,,,,,,
front_end,,True,fast_lio2_odometry,,,,,,,,,,,,,,,,,,,,,,,,,,,,,,,,,,,,,,,
front_end,,True,fast_lio2_odometry,,,,,,,,,,,,,,,,,,,,,,,,,,,,,,,,,,,,,,,
front_end,,True,fast_lio2_odometry,,,,,,,,,,,,,,,,,,,,,,,,,,,,,,,,,,,,,,,
front_end,,True,fast_lio2_odometry,,,,,,,,,,,,,,,,,,,,,,,,,,,,,,,,,,,,,,,
front_end,,True,fast_lio2_odometry,,,,,,,,,,,,,,,,,,,,,,,,,,,,,,,,,,,,,,,
front_end,,True,fast_lio2_odometry,,,,,,,,,,,,,,,,,,,,,,,,,,,,,,,,,,,,,,,
front_end,,True,fast_lio2_odometry,,,,,,,,,,,,,,,,,,,,,,,,,,,,,,,,,,,,,,,
front_end,,True,fast_lio2_odometry,,,,,,,,,,,,,,,,,,,,,,,,,,,,,,,,,,,,,,,
optimized_backend,,,,,,,,,,,,,,,,,,,,,,,,,,,,,,,,,,,64,67,4,,,,pose_graph,True
front_end,,True,fast_lio2_odometry,,,,,,,,,,,,,,,,,,,,,,,,,,,,,,,,,,,,,,,
front_end,,True,fast_lio2_odometry,,,,,,,,,,,,,,,,,,,,,,,,,,,,,,,,,,,,,,,
front_end,,True,fast_lio2_odometry,,,,,,,,,,,,,,,,,,,,,,,,,,,,,,,,,,,,,,,
front_end,,True,fast_lio2_odometry,,,,,,,,,,,,,,,,,,,,,,,,,,,,,,,,,,,,,,,
front_end,,True,fast_lio2_odometry,,,,,,,,,,,,,,,,,,,,,,,,,,,,,,,,,,,,,,,
front_end,,True,fast_lio2_odometry,,,,,,,,,,,,,,,,,,,,,,,,,,,,,,,,,,,,,,,
front_end,,True,fast_lio2_odometry,,,,,,,,,,,,,,,,,,,,,,,,,,,,,,,,,,,,,,,
front_end,,True,fast_lio2_odometry,,,,,,,,,,,,,,,,,,,,,,,,,,,,,,,,,,,,,,,
front_end,,True,fast_lio2_odometry,,,,,,,,,,,,,,,,,,,,,,,,,,,,,,,,,,,,,,,
front_end,,True,fast_lio2_odometry,,,,,,,,,,,,,,,,,,,,,,,,,,,,,,,,,,,,,,,
front_end,,True,fast_lio2_odometry,,,,,,,,,,,,,,,,,,,,,,,,,,,,,,,,,,,,,,,
front_end,,True,fast_lio2_odometry,,,,,,,,,,,,,,,,,,,,,,,,,,,,,,,,,,,,,,,
front_end,,True,fast_lio2_odometry,,,,,,,,,,,,,,,,,,,,,,,,,,,,,,,,,,,,,,,
front_end,,True,fast_lio2_odometry,,,,,,,,,,,,,,,,,,,,,,,,,,,,,,,,,,,,,,,
front_end,,True,fast_lio2_odometry,,,,,,,,,,,,,,,,,,,,,,,,,,,,,,,,,,,,,,,
front_end,,True,fast_lio2_odometry,,,,,,,,,,,,,,,,,,,,,,,,,,,,,,,,,,,,,,,
front_end,,True,fast_lio2_odometry,,,,,,,,,,,,,,,,,,,,,,,,,,,,,,,,,,,,,,,
front_end,,True,fast_lio2_odometry,,,,,,,,,,,,,,,,,,,,,,,,,,,,,,,,,,,,,,,
front_end,,True,fast_lio2_odometry,,,,,,,,,,,,,,,,,,,,,,,,,,,,,,,,,,,,,,,
front_end,,True,fast_lio2_odometry,,,,,,,,,,,,,,,,,,,,,,,,,,,,,,,,,,,,,,,
front_end,,True,fast_lio2_odometry,,,,,,,,,,,,,,,,,,,,,,,,,,,,,,,,,,,,,,,
optimized_backend,,,,,,,,,,,,,,,,,,,,,,,,,,,,,,,,,,,65,69,5,,,,pose_graph,True
front_end,,True,fast_lio2_odometry,,,,,,,,,,,,,,,,,,,,,,,,,,,,,,,,,,,,,,,
front_end,,True,fast_lio2_odometry,,,,,,,,,,,,,,,,,,,,,,,,,,,,,,,,,,,,,,,
front_end,,True,fast_lio2_odometry,,,,,,,,,,,,,,,,,,,,,,,,,,,,,,,,,,,,,,,
front_end,,True,fast_lio2_odometry,,,,,,,,,,,,,,,,,,,,,,,,,,,,,,,,,,,,,,,
front_end,,True,fast_lio2_odometry,,,,,,,,,,,,,,,,,,,,,,,,,,,,,,,,,,,,,,,
front_end,,True,fast_lio2_odometry,,,,,,,,,,,,,,,,,,,,,,,,,,,,,,,,,,,,,,,
front_end,,True,fast_lio2_odometry,,,,,,,,,,,,,,,,,,,,,,,,,,,,,,,,,,,,,,,
front_end,,True,fast_lio2_odometry,,,,,,,,,,,,,,,,,,,,,,,,,,,,,,,,,,,,,,,
front_end,,True,fast_lio2_odometry,,,,,,,,,,,,,,,,,,,,,,,,,,,,,,,,,,,,,,,
front_end,,True,fast_lio2_odometry,,,,,,,,,,,,,,,,,,,,,,,,,,,,,,,,,,,,,,,
front_end,,True,fast_lio2_odometry,,,,,,,,,,,,,,,,,,,,,,,,,,,,,,,,,,,,,,,
front_end,,True,fast_lio2_odometry,,,,,,,,,,,,,,,,,,,,,,,,,,,,,,,,,,,,,,,
front_end,,True,fast_lio2_odometry,,,,,,,,,,,,,,,,,,,,,,,,,,,,,,,,,,,,,,,
front_end,,True,fast_lio2_odometry,,,,,,,,,,,,,,,,,,,,,,,,,,,,,,,,,,,,,,,
front_end,,True,fast_lio2_odometry,,,,,,,,,,,,,,,,,,,,,,,,,,,,,,,,,,,,,,,
front_end,,True,fast_lio2_odometry,,,,,,,,,,,,,,,,,,,,,,,,,,,,,,,,,,,,,,,
front_end,,True,fast_lio2_odometry,,,,,,,,,,,,,,,,,,,,,,,,,,,,,,,,,,,,,,,
front_end,,True,fast_lio2_odometry,,,,,,,,,,,,,,,,,,,,,,,,,,,,,,,,,,,,,,,
front_end,,True,fast_lio2_odometry,,,,,,,,,,,,,,,,,,,,,,,,,,,,,,,,,,,,,,,
optimized_backend,,,,,,,,,,,,,,,,,,,,,,,,,,,,,,,,,,,66,71,6,,,,pose_graph,True
front_end,,True,fast_lio2_odometry,,,,,,,,,,,,,,,,,,,,,,,,,,,,,,,,,,,,,,,
front_end,,True,fast_lio2_odometry,,,,,,,,,,,,,,,,,,,,,,,,,,,,,,,,,,,,,,,
front_end,,True,fast_lio2_odometry,,,,,,,,,,,,,,,,,,,,,,,,,,,,,,,,,,,,,,,
front_end,,True,fast_lio2_odometry,,,,,,,,,,,,,,,,,,,,,,,,,,,,,,,,,,,,,,,
front_end,,True,fast_lio2_odometry,,,,,,,,,,,,,,,,,,,,,,,,,,,,,,,,,,,,,,,
front_end,,True,fast_lio2_odometry,,,,,,,,,,,,,,,,,,,,,,,,,,,,,,,,,,,,,,,
front_end,,True,fast_lio2_odometry,,,,,,,,,,,,,,,,,,,,,,,,,,,,,,,,,,,,,,,
front_end,,True,fast_lio2_odometry,,,,,,,,,,,,,,,,,,,,,,,,,,,,,,,,,,,,,,,
front_end,,True,fast_lio2_odometry,,,,,,,,,,,,,,,,,,,,,,,,,,,,,,,,,,,,,,,
front_end,,True,fast_lio2_odometry,,,,,,,,,,,,,,,,,,,,,,,,,,,,,,,,,,,,,,,
front_end,,True,fast_lio2_odometry,,,,,,,,,,,,,,,,,,,,,,,,,,,,,,,,,,,,,,,
front_end,,True,fast_lio2_odometry,,,,,,,,,,,,,,,,,,,,,,,,,,,,,,,,,,,,,,,
front_end,,True,fast_lio2_odometry,,,,,,,,,,,,,,,,,,,,,,,,,,,,,,,,,,,,,,,
front_end,,True,fast_lio2_odometry,,,,,,,,,,,,,,,,,,,,,,,,,,,,,,,,,,,,,,,
front_end,,True,fast_lio2_odometry,,,,,,,,,,,,,,,,,,,,,,,,,,,,,,,,,,,,,,,
front_end,,True,fast_lio2_odometry,,,,,,,,,,,,,,,,,,,,,,,,,,,,,,,,,,,,,,,
front_end,,True,fast_lio2_odometry,,,,,,,,,,,,,,,,,,,,,,,,,,,,,,,,,,,,,,,
front_end,,True,fast_lio2_odometry,,,,,,,,,,,,,,,,,,,,,,,,,,,,,,,,,,,,,,,
front_end,,True,fast_lio2_odometry,,,,,,,,,,,,,,,,,,,,,,,,,,,,,,,,,,,,,,,
optimized_backend,,,,,,,,,,,,,,,,,,,,,,,,,,,,,,,,,,,67,73,7,,,,pose_graph,True
front_end,,True,fast_lio2_odometry,,,,,,,,,,,,,,,,,,,,,,,,,,,,,,,,,,,,,,,
front_end,,True,fast_lio2_odometry,,,,,,,,,,,,,,,,,,,,,,,,,,,,,,,,,,,,,,,
front_end,,True,fast_lio2_odometry,,,,,,,,,,,,,,,,,,,,,,,,,,,,,,,,,,,,,,,
front_end,,True,fast_lio2_odometry,,,,,,,,,,,,,,,,,,,,,,,,,,,,,,,,,,,,,,,
front_end,,True,fast_lio2_odometry,,,,,,,,,,,,,,,,,,,,,,,,,,,,,,,,,,,,,,,
front_end,,True,fast_lio2_odometry,,,,,,,,,,,,,,,,,,,,,,,,,,,,,,,,,,,,,,,
front_end,,True,fast_lio2_odometry,,,,,,,,,,,,,,,,,,,,,,,,,,,,,,,,,,,,,,,
front_end,,True,fast_lio2_odometry,,,,,,,,,,,,,,,,,,,,,,,,,,,,,,,,,,,,,,,
front_end,,True,fast_lio2_odometry,,,,,,,,,,,,,,,,,,,,,,,,,,,,,,,,,,,,,,,
front_end,,True,fast_lio2_odometry,,,,,,,,,,,,,,,,,,,,,,,,,,,,,,,,,,,,,,,
front_end,,True,fast_lio2_odometry,,,,,,,,,,,,,,,,,,,,,,,,,,,,,,,,,,,,,,,
front_end,,True,fast_lio2_odometry,,,,,,,,,,,,,,,,,,,,,,,,,,,,,,,,,,,,,,,
front_end,,True,fast_lio2_odometry,,,,,,,,,,,,,,,,,,,,,,,,,,,,,,,,,,,,,,,
front_end,,True,fast_lio2_odometry,,,,,,,,,,,,,,,,,,,,,,,,,,,,,,,,,,,,,,,
front_end,,True,fast_lio2_odometry,,,,,,,,,,,,,,,,,,,,,,,,,,,,,,,,,,,,,,,
front_end,,True,fast_lio2_odometry,,,,,,,,,,,,,,,,,,,,,,,,,,,,,,,,,,,,,,,
front_end,,True,fast_lio2_odometry,,,,,,,,,,,,,,,,,,,,,,,,,,,,,,,,,,,,,,,
front_end,,True,fast_lio2_odometry,,,,,,,,,,,,,,,,,,,,,,,,,,,,,,,,,,,,,,,
front_end,,True,fast_lio2_odometry,,,,,,,,,,,,,,,,,,,,,,,,,,,,,,,,,,,,,,,
front_end,,True,fast_lio2_odometry,,,,,,,,,,,,,,,,,,,,,,,,,,,,,,,,,,,,,,,
front_end,,True,fast_lio2_odometry,,,,,,,,,,,,,,,,,,,,,,,,,,,,,,,,,,,,,,,
front_end,,True,fast_lio2_odometry,,,,,,,,,,,,,,,,,,,,,,,,,,,,,,,,,,,,,,,
front_end,,True,fast_lio2_odometry,,,,,,,,,,,,,,,,,,,,,,,,,,,,,,,,,,,,,,,
front_end,,True,fast_lio2_odometry,,,,,,,,,,,,,,,,,,,,,,,,,,,,,,,,,,,,,,,
front_end,,True,fast_lio2_odometry,,,,,,,,,,,,,,,,,,,,,,,,,,,,,,,,,,,,,,,
front_end,,True,fast_lio2_odometry,,,,,,,,,,,,,,,,,,,,,,,,,,,,,,,,,,,,,,,
front_end,,True,fast_lio2_odometry,,,,,,,,,,,,,,,,,,,,,,,,,,,,,,,,,,,,,,,
front_end,,True,fast_lio2_odometry,,,,,,,,,,,,,,,,,,,,,,,,,,,,,,,,,,,,,,,
front_end,,True,fast_lio2_odometry,,,,,,,,,,,,,,,,,,,,,,,,,,,,,,,,,,,,,,,
front_end,,True,fast_lio2_odometry,,,,,,,,,,,,,,,,,,,,,,,,,,,,,,,,,,,,,,,
front_end,,True,fast_lio2_odometry,,,,,,,,,,,,,,,,,,,,,,,,,,,,,,,,,,,,,,,
optimized_backend,,,,,,,,,,,,,,,,,,,,,,,,,,,,,,,,,,,68,75,8,,,,pose_graph,True
front_end,,True,fast_lio2_odometry,,,,,,,,,,,,,,,,,,,,,,,,,,,,,,,,,,,,,,,
front_end,,True,fast_lio2_odometry,,,,,,,,,,,,,,,,,,,,,,,,,,,,,,,,,,,,,,,
front_end,,True,fast_lio2_odometry,,,,,,,,,,,,,,,,,,,,,,,,,,,,,,,,,,,,,,,
front_end,,True,fast_lio2_odometry,,,,,,,,,,,,,,,,,,,,,,,,,,,,,,,,,,,,,,,
optimized_backend,,,,,,,,,,,,,,,,,,,,,,,,,,,,,,,,,,,69,77,9,,,,pose_graph,True
front_end,,True,fast_lio2_odometry,,,,,,,,,,,,,,,,,,,,,,,,,,,,,,,,,,,,,,,
front_end,,True,fast_lio2_odometry,,,,,,,,,,,,,,,,,,,,,,,,,,,,,,,,,,,,,,,
front_end,,True,fast_lio2_odometry,,,,,,,,,,,,,,,,,,,,,,,,,,,,,,,,,,,,,,,
optimized_backend,,,,,,,,,,,,,,,,,,,,,,,,,,,,,,,,,,,70,79,10,,,,pose_graph,True
front_end,,True,fast_lio2_odometry,,,,,,,,,,,,,,,,,,,,,,,,,,,,,,,,,,,,,,,
front_end,,True,fast_lio2_odometry,,,,,,,,,,,,,,,,,,,,,,,,,,,,,,,,,,,,,,,
front_end,,True,fast_lio2_odometry,,,,,,,,,,,,,,,,,,,,,,,,,,,,,,,,,,,,,,,
optimized_backend,,,,,,,,,,,,,,,,,,,,,,,,,,,,,,,,,,,71,81,11,,,,pose_graph,True
front_end,,True,fast_lio2_odometry,,,,,,,,,,,,,,,,,,,,,,,,,,,,,,,,,,,,,,,
optimized_backend,,,,,,,,,,,,,,,,,,,,,,,,,,,,,,,,,,,72,83,12,,,,pose_graph,True
front_end,,True,fast_lio2_odometry,,,,,,,,,,,,,,,,,,,,,,,,,,,,,,,,,,,,,,,
front_end,,True,fast_lio2_odometry,,,,,,,,,,,,,,,,,,,,,,,,,,,,,,,,,,,,,,,
front_end,,True,fast_lio2_odometry,,,,,,,,,,,,,,,,,,,,,,,,,,,,,,,,,,,,,,,
front_end,,True,fast_lio2_odometry,,,,,,,,,,,,,,,,,,,,,,,,,,,,,,,,,,,,,,,
front_end,,True,fast_lio2_odometry,,,,,,,,,,,,,,,,,,,,,,,,,,,,,,,,,,,,,,,
front_end,,True,fast_lio2_odometry,,,,,,,,,,,,,,,,,,,,,,,,,,,,,,,,,,,,,,,
front_end,,True,fast_lio2_odometry,,,,,,,,,,,,,,,,,,,,,,,,,,,,,,,,,,,,,,,
front_end,,True,fast_lio2_odometry,,,,,,,,,,,,,,,,,,,,,,,,,,,,,,,,,,,,,,,
front_end,,True,fast_lio2_odometry,,,,,,,,,,,,,,,,,,,,,,,,,,,,,,,,,,,,,,,
optimized_backend,,,,,,,,,,,,,,,,,,,,,,,,,,,,,,,,,,,73,85,13,,,,pose_graph,True
front_end,,True,fast_lio2_odometry,,,,,,,,,,,,,,,,,,,,,,,,,,,,,,,,,,,,,,,
optimized_backend,,,,,,,,,,,,,,,,,,,,,,,,,,,,,,,,,,,74,87,14,,,,pose_graph,True
front_end,,True,fast_lio2_odometry,,,,,,,,,,,,,,,,,,,,,,,,,,,,,,,,,,,,,,,
front_end,,True,fast_lio2_odometry,,,,,,,,,,,,,,,,,,,,,,,,,,,,,,,,,,,,,,,
front_end,,True,fast_lio2_odometry,,,,,,,,,,,,,,,,,,,,,,,,,,,,,,,,,,,,,,,
front_end,,True,fast_lio2_odometry,,,,,,,,,,,,,,,,,,,,,,,,,,,,,,,,,,,,,,,
front_end,,True,fast_lio2_odometry,,,,,,,,,,,,,,,,,,,,,,,,,,,,,,,,,,,,,,,
front_end,,True,fast_lio2_odometry,,,,,,,,,,,,,,,,,,,,,,,,,,,,,,,,,,,,,,,
front_end,,True,fast_lio2_odometry,,,,,,,,,,,,,,,,,,,,,,,,,,,,,,,,,,,,,,,
front_end,,True,fast_lio2_odometry,,,,,,,,,,,,,,,,,,,,,,,,,,,,,,,,,,,,,,,
front_end,,True,fast_lio2_odometry,,,,,,,,,,,,,,,,,,,,,,,,,,,,,,,,,,,,,,,
optimized_backend,,,,,,,,,,,,,,,,,,,,,,,,,,,,,,,,,,,75,89,15,,,,pose_graph,True
front_end,,True,fast_lio2_odometry,,,,,,,,,,,,,,,,,,,,,,,,,,,,,,,,,,,,,,,
front_end,,True,fast_lio2_odometry,,,,,,,,,,,,,,,,,,,,,,,,,,,,,,,,,,,,,,,
front_end,,True,fast_lio2_odometry,,,,,,,,,,,,,,,,,,,,,,,,,,,,,,,,,,,,,,,
front_end,,True,fast_lio2_odometry,,,,,,,,,,,,,,,,,,,,,,,,,,,,,,,,,,,,,,,
front_end,,True,fast_lio2_odometry,,,,,,,,,,,,,,,,,,,,,,,,,,,,,,,,,,,,,,,
front_end,,True,fast_lio2_odometry,,,,,,,,,,,,,,,,,,,,,,,,,,,,,,,,,,,,,,,
front_end,,True,fast_lio2_odometry,,,,,,,,,,,,,,,,,,,,,,,,,,,,,,,,,,,,,,,
front_end,,True,fast_lio2_odometry,,,,,,,,,,,,,,,,,,,,,,,,,,,,,,,,,,,,,,,
front_end,,True,fast_lio2_odometry,,,,,,,,,,,,,,,,,,,,,,,,,,,,,,,,,,,,,,,
front_end,,True,fast_lio2_odometry,,,,,,,,,,,,,,,,,,,,,,,,,,,,,,,,,,,,,,,
front_end,,True,fast_lio2_odometry,,,,,,,,,,,,,,,,,,,,,,,,,,,,,,,,,,,,,,,
front_end,,True,fast_lio2_odometry,,,,,,,,,,,,,,,,,,,,,,,,,,,,,,,,,,,,,,,
front_end,,True,fast_lio2_odometry,,,,,,,,,,,,,,,,,,,,,,,,,,,,,,,,,,,,,,,
front_end,,True,fast_lio2_odometry,,,,,,,,,,,,,,,,,,,,,,,,,,,,,,,,,,,,,,,
front_end,,True,fast_lio2_odometry,,,,,,,,,,,,,,,,,,,,,,,,,,,,,,,,,,,,,,,
front_end,,True,fast_lio2_odometry,,,,,,,,,,,,,,,,,,,,,,,,,,,,,,,,,,,,,,,
front_end,,True,fast_lio2_odometry,,,,,,,,,,,,,,,,,,,,,,,,,,,,,,,,,,,,,,,
front_end,,True,fast_lio2_odometry,,,,,,,,,,,,,,,,,,,,,,,,,,,,,,,,,,,,,,,
front_end,,True,fast_lio2_odometry,,,,,,,,,,,,,,,,,,,,,,,,,,,,,,,,,,,,,,,
front_end,,True,fast_lio2_odometry,,,,,,,,,,,,,,,,,,,,,,,,,,,,,,,,,,,,,,,
front_end,,True,fast_lio2_odometry,,,,,,,,,,,,,,,,,,,,,,,,,,,,,,,,,,,,,,,
front_end,,True,fast_lio2_odometry,,,,,,,,,,,,,,,,,,,,,,,,,,,,,,,,,,,,,,,
front_end,,True,fast_lio2_odometry,,,,,,,,,,,,,,,,,,,,,,,,,,,,,,,,,,,,,,,
front_end,,True,fast_lio2_odometry,,,,,,,,,,,,,,,,,,,,,,,,,,,,,,,,,,,,,,,
front_end,,True,fast_lio2_odometry,,,,,,,,,,,,,,,,,,,,,,,,,,,,,,,,,,,,,,,
front_end,,True,fast_lio2_odometry,,,,,,,,,,,,,,,,,,,,,,,,,,,,,,,,,,,,,,,
front_end,,True,fast_lio2_odometry,,,,,,,,,,,,,,,,,,,,,,,,,,,,,,,,,,,,,,,
front_end,,True,fast_lio2_odometry,,,,,,,,,,,,,,,,,,,,,,,,,,,,,,,,,,,,,,,
front_end,,True,fast_lio2_odometry,,,,,,,,,,,,,,,,,,,,,,,,,,,,,,,,,,,,,,,
front_end,,True,fast_lio2_odometry,,,,,,,,,,,,,,,,,,,,,,,,,,,,,,,,,,,,,,,
front_end,,True,fast_lio2_odometry,,,,,,,,,,,,,,,,,,,,,,,,,,,,,,,,,,,,,,,
front_end,,True,fast_lio2_odometry,,,,,,,,,,,,,,,,,,,,,,,,,,,,,,,,,,,,,,,
front_end,,True,fast_lio2_odometry,,,,,,,,,,,,,,,,,,,,,,,,,,,,,,,,,,,,,,,
front_end,,True,fast_lio2_odometry,,,,,,,,,,,,,,,,,,,,,,,,,,,,,,,,,,,,,,,
front_end,,True,fast_lio2_odometry,,,,,,,,,,,,,,,,,,,,,,,,,,,,,,,,,,,,,,,
front_end,,True,fast_lio2_odometry,,,,,,,,,,,,,,,,,,,,,,,,,,,,,,,,,,,,,,,
front_end,,True,fast_lio2_odometry,,,,,,,,,,,,,,,,,,,,,,,,,,,,,,,,,,,,,,,
front_end,,True,fast_lio2_odometry,,,,,,,,,,,,,,,,,,,,,,,,,,,,,,,,,,,,,,,
front_end,,True,fast_lio2_odometry,,,,,,,,,,,,,,,,,,,,,,,,,,,,,,,,,,,,,,,
front_end,,True,fast_lio2_odometry,,,,,,,,,,,,,,,,,,,,,,,,,,,,,,,,,,,,,,,
front_end,,True,fast_lio2_odometry,,,,,,,,,,,,,,,,,,,,,,,,,,,,,,,,,,,,,,,
front_end,,True,fast_lio2_odometry,,,,,,,,,,,,,,,,,,,,,,,,,,,,,,,,,,,,,,,
front_end,,True,fast_lio2_odometry,,,,,,,,,,,,,,,,,,,,,,,,,,,,,,,,,,,,,,,
front_end,,True,fast_lio2_odometry,,,,,,,,,,,,,,,,,,,,,,,,,,,,,,,,,,,,,,,
front_end,,True,fast_lio2_odometry,,,,,,,,,,,,,,,,,,,,,,,,,,,,,,,,,,,,,,,
front_end,,True,fast_lio2_odometry,,,,,,,,,,,,,,,,,,,,,,,,,,,,,,,,,,,,,,,
front_end,,True,fast_lio2_odometry,,,,,,,,,,,,,,,,,,,,,,,,,,,,,,,,,,,,,,,
front_end,,True,fast_lio2_odometry,,,,,,,,,,,,,,,,,,,,,,,,,,,,,,,,,,,,,,,
front_end,,True,fast_lio2_odometry,,,,,,,,,,,,,,,,,,,,,,,,,,,,,,,,,,,,,,,
front_end,,True,fast_lio2_odometry,,,,,,,,,,,,,,,,,,,,,,,,,,,,,,,,,,,,,,,
front_end,,True,fast_lio2_odometry,,,,,,,,,,,,,,,,,,,,,,,,,,,,,,,,,,,,,,,
front_end,,True,fast_lio2_odometry,,,,,,,,,,,,,,,,,,,,,,,,,,,,,,,,,,,,,,,
front_end,,True,fast_lio2_odometry,,,,,,,,,,,,,,,,,,,,,,,,,,,,,,,,,,,,,,,
front_end,,True,fast_lio2_odometry,,,,,,,,,,,,,,,,,,,,,,,,,,,,,,,,,,,,,,,
front_end,,True,fast_lio2_odometry,,,,,,,,,,,,,,,,,,,,,,,,,,,,,,,,,,,,,,,
front_end,,True,fast_lio2_odometry,,,,,,,,,,,,,,,,,,,,,,,,,,,,,,,,,,,,,,,
front_end,,True,fast_lio2_odometry,,,,,,,,,,,,,,,,,,,,,,,,,,,,,,,,,,,,,,,
front_end,,True,fast_lio2_odometry,,,,,,,,,,,,,,,,,,,,,,,,,,,,,,,,,,,,,,,
front_end,,True,fast_lio2_odometry,,,,,,,,,,,,,,,,,,,,,,,,,,,,,,,,,,,,,,,
front_end,,True,fast_lio2_odometry,,,,,,,,,,,,,,,,,,,,,,,,,,,,,,,,,,,,,,,
front_end,,True,fast_lio2_odometry,,,,,,,,,,,,,,,,,,,,,,,,,,,,,,,,,,,,,,,
front_end,,True,fast_lio2_odometry,,,,,,,,,,,,,,,,,,,,,,,,,,,,,,,,,,,,,,,
front_end,,True,fast_lio2_odometry,,,,,,,,,,,,,,,,,,,,,,,,,,,,,,,,,,,,,,,
front_end,,True,fast_lio2_odometry,,,,,,,,,,,,,,,,,,,,,,,,,,,,,,,,,,,,,,,
front_end,,True,fast_lio2_odometry,,,,,,,,,,,,,,,,,,,,,,,,,,,,,,,,,,,,,,,
front_end,,True,fast_lio2_odometry,,,,,,,,,,,,,,,,,,,,,,,,,,,,,,,,,,,,,,,
front_end,,True,fast_lio2_odometry,,,,,,,,,,,,,,,,,,,,,,,,,,,,,,,,,,,,,,,
front_end,,True,fast_lio2_odometry,,,,,,,,,,,,,,,,,,,,,,,,,,,,,,,,,,,,,,,
front_end,,True,fast_lio2_odometry,,,,,,,,,,,,,,,,,,,,,,,,,,,,,,,,,,,,,,,
front_end,,True,fast_lio2_odometry,,,,,,,,,,,,,,,,,,,,,,,,,,,,,,,,,,,,,,,
front_end,,True,fast_lio2_odometry,,,,,,,,,,,,,,,,,,,,,,,,,,,,,,,,,,,,,,,
front_end,,True,fast_lio2_odometry,,,,,,,,,,,,,,,,,,,,,,,,,,,,,,,,,,,,,,,
front_end,,True,fast_lio2_odometry,,,,,,,,,,,,,,,,,,,,,,,,,,,,,,,,,,,,,,,
front_end,,True,fast_lio2_odometry,,,,,,,,,,,,,,,,,,,,,,,,,,,,,,,,,,,,,,,
front_end,,True,fast_lio2_odometry,,,,,,,,,,,,,,,,,,,,,,,,,,,,,,,,,,,,,,,
front_end,,True,fast_lio2_odometry,,,,,,,,,,,,,,,,,,,,,,,,,,,,,,,,,,,,,,,
front_end,,True,fast_lio2_odometry,,,,,,,,,,,,,,,,,,,,,,,,,,,,,,,,,,,,,,,
front_end,,True,fast_lio2_odometry,,,,,,,,,,,,,,,,,,,,,,,,,,,,,,,,,,,,,,,
front_end,,True,fast_lio2_odometry,,,,,,,,,,,,,,,,,,,,,,,,,,,,,,,,,,,,,,,
front_end,,True,fast_lio2_odometry,,,,,,,,,,,,,,,,,,,,,,,,,,,,,,,,,,,,,,,
front_end,,True,fast_lio2_odometry,,,,,,,,,,,,,,,,,,,,,,,,,,,,,,,,,,,,,,,
front_end,,True,fast_lio2_odometry,,,,,,,,,,,,,,,,,,,,,,,,,,,,,,,,,,,,,,,
front_end,,True,fast_lio2_odometry,,,,,,,,,,,,,,,,,,,,,,,,,,,,,,,,,,,,,,,
front_end,,True,fast_lio2_odometry,,,,,,,,,,,,,,,,,,,,,,,,,,,,,,,,,,,,,,,
front_end,,True,fast_lio2_odometry,,,,,,,,,,,,,,,,,,,,,,,,,,,,,,,,,,,,,,,
front_end,,True,fast_lio2_odometry,,,,,,,,,,,,,,,,,,,,,,,,,,,,,,,,,,,,,,,
front_end,,True,fast_lio2_odometry,,,,,,,,,,,,,,,,,,,,,,,,,,,,,,,,,,,,,,,
front_end,,True,fast_lio2_odometry,,,,,,,,,,,,,,,,,,,,,,,,,,,,,,,,,,,,,,,
front_end,,True,fast_lio2_odometry,,,,,,,,,,,,,,,,,,,,,,,,,,,,,,,,,,,,,,,
front_end,,True,fast_lio2_odometry,,,,,,,,,,,,,,,,,,,,,,,,,,,,,,,,,,,,,,,
front_end,,True,fast_lio2_odometry,,,,,,,,,,,,,,,,,,,,,,,,,,,,,,,,,,,,,,,
optimized_backend,,,,,,,,,,,,,,,,,,,,,,,,,,,,,,,,,,,76,91,16,,,,pose_graph,True
front_end,,True,fast_lio2_odometry,,,,,,,,,,,,,,,,,,,,,,,,,,,,,,,,,,,,,,,
front_end,,True,fast_lio2_odometry,,,,,,,,,,,,,,,,,,,,,,,,,,,,,,,,,,,,,,,
front_end,,True,fast_lio2_odometry,,,,,,,,,,,,,,,,,,,,,,,,,,,,,,,,,,,,,,,
front_end,,True,fast_lio2_odometry,,,,,,,,,,,,,,,,,,,,,,,,,,,,,,,,,,,,,,,
front_end,,True,fast_lio2_odometry,,,,,,,,,,,,,,,,,,,,,,,,,,,,,,,,,,,,,,,
front_end,,True,fast_lio2_odometry,,,,,,,,,,,,,,,,,,,,,,,,,,,,,,,,,,,,,,,
front_end,,True,fast_lio2_odometry,,,,,,,,,,,,,,,,,,,,,,,,,,,,,,,,,,,,,,,
front_end,,True,fast_lio2_odometry,,,,,,,,,,,,,,,,,,,,,,,,,,,,,,,,,,,,,,,
front_end,,True,fast_lio2_odometry,,,,,,,,,,,,,,,,,,,,,,,,,,,,,,,,,,,,,,,
front_end,,True,fast_lio2_odometry,,,,,,,,,,,,,,,,,,,,,,,,,,,,,,,,,,,,,,,
front_end,,True,fast_lio2_odometry,,,,,,,,,,,,,,,,,,,,,,,,,,,,,,,,,,,,,,,
front_end,,True,fast_lio2_odometry,,,,,,,,,,,,,,,,,,,,,,,,,,,,,,,,,,,,,,,
front_end,,True,fast_lio2_odometry,,,,,,,,,,,,,,,,,,,,,,,,,,,,,,,,,,,,,,,
front_end,,True,fast_lio2_odometry,,,,,,,,,,,,,,,,,,,,,,,,,,,,,,,,,,,,,,,
front_end,,True,fast_lio2_odometry,,,,,,,,,,,,,,,,,,,,,,,,,,,,,,,,,,,,,,,
front_end,,True,fast_lio2_odometry,,,,,,,,,,,,,,,,,,,,,,,,,,,,,,,,,,,,,,,
front_end,,True,fast_lio2_odometry,,,,,,,,,,,,,,,,,,,,,,,,,,,,,,,,,,,,,,,
front_end,,True,fast_lio2_odometry,,,,,,,,,,,,,,,,,,,,,,,,,,,,,,,,,,,,,,,
front_end,,True,fast_lio2_odometry,,,,,,,,,,,,,,,,,,,,,,,,,,,,,,,,,,,,,,,
front_end,,True,fast_lio2_odometry,,,,,,,,,,,,,,,,,,,,,,,,,,,,,,,,,,,,,,,
optimized_backend,,,,,,,,,,,,,,,,,,,,,,,,,,,,,,,,,,,77,93,17,,,,pose_graph,True
front_end,,True,fast_lio2_odometry,,,,,,,,,,,,,,,,,,,,,,,,,,,,,,,,,,,,,,,
front_end,,True,fast_lio2_odometry,,,,,,,,,,,,,,,,,,,,,,,,,,,,,,,,,,,,,,,
front_end,,True,fast_lio2_odometry,,,,,,,,,,,,,,,,,,,,,,,,,,,,,,,,,,,,,,,
front_end,,True,fast_lio2_odometry,,,,,,,,,,,,,,,,,,,,,,,,,,,,,,,,,,,,,,,
front_end,,True,fast_lio2_odometry,,,,,,,,,,,,,,,,,,,,,,,,,,,,,,,,,,,,,,,
front_end,,True,fast_lio2_odometry,,,,,,,,,,,,,,,,,,,,,,,,,,,,,,,,,,,,,,,
front_end,,True,fast_lio2_odometry,,,,,,,,,,,,,,,,,,,,,,,,,,,,,,,,,,,,,,,
front_end,,True,fast_lio2_odometry,,,,,,,,,,,,,,,,,,,,,,,,,,,,,,,,,,,,,,,
front_end,,True,fast_lio2_odometry,,,,,,,,,,,,,,,,,,,,,,,,,,,,,,,,,,,,,,,
front_end,,True,fast_lio2_odometry,,,,,,,,,,,,,,,,,,,,,,,,,,,,,,,,,,,,,,,
optimized_backend,,,,,,,,,,,,,,,,,,,,,,,,,,,,,,,,,,,78,95,18,,,,pose_graph,True
front_end,,True,fast_lio2_odometry,,,,,,,,,,,,,,,,,,,,,,,,,,,,,,,,,,,,,,,
front_end,,True,fast_lio2_odometry,,,,,,,,,,,,,,,,,,,,,,,,,,,,,,,,,,,,,,,
front_end,,True,fast_lio2_odometry,,,,,,,,,,,,,,,,,,,,,,,,,,,,,,,,,,,,,,,
front_end,,True,fast_lio2_odometry,,,,,,,,,,,,,,,,,,,,,,,,,,,,,,,,,,,,,,,
front_end,,True,fast_lio2_odometry,,,,,,,,,,,,,,,,,,,,,,,,,,,,,,,,,,,,,,,
front_end,,True,fast_lio2_odometry,,,,,,,,,,,,,,,,,,,,,,,,,,,,,,,,,,,,,,,
front_end,,True,fast_lio2_odometry,,,,,,,,,,,,,,,,,,,,,,,,,,,,,,,,,,,,,,,
front_end,,True,fast_lio2_odometry,,,,,,,,,,,,,,,,,,,,,,,,,,,,,,,,,,,,,,,
front_end,,True,fast_lio2_odometry,,,,,,,,,,,,,,,,,,,,,,,,,,,,,,,,,,,,,,,
front_end,,True,fast_lio2_odometry,,,,,,,,,,,,,,,,,,,,,,,,,,,,,,,,,,,,,,,
front_end,,True,fast_lio2_odometry,,,,,,,,,,,,,,,,,,,,,,,,,,,,,,,,,,,,,,,
front_end,,True,fast_lio2_odometry,,,,,,,,,,,,,,,,,,,,,,,,,,,,,,,,,,,,,,,
front_end,,True,fast_lio2_odometry,,,,,,,,,,,,,,,,,,,,,,,,,,,,,,,,,,,,,,,
front_end,,True,fast_lio2_odometry,,,,,,,,,,,,,,,,,,,,,,,,,,,,,,,,,,,,,,,
front_end,,True,fast_lio2_odometry,,,,,,,,,,,,,,,,,,,,,,,,,,,,,,,,,,,,,,,
front_end,,True,fast_lio2_odometry,,,,,,,,,,,,,,,,,,,,,,,,,,,,,,,,,,,,,,,
front_end,,True,fast_lio2_odometry,,,,,,,,,,,,,,,,,,,,,,,,,,,,,,,,,,,,,,,
front_end,,True,fast_lio2_odometry,,,,,,,,,,,,,,,,,,,,,,,,,,,,,,,,,,,,,,,
front_end,,True,fast_lio2_odometry,,,,,,,,,,,,,,,,,,,,,,,,,,,,,,,,,,,,,,,
front_end,,True,fast_lio2_odometry,,,,,,,,,,,,,,,,,,,,,,,,,,,,,,,,,,,,,,,
optimized_backend,,,,,,,,,,,,,,,,,,,,,,,,,,,,,,,,,,,79,97,19,,,,pose_graph,True
front_end,,True,fast_lio2_odometry,,,,,,,,,,,,,,,,,,,,,,,,,,,,,,,,,,,,,,,
front_end,,True,fast_lio2_odometry,,,,,,,,,,,,,,,,,,,,,,,,,,,,,,,,,,,,,,,
front_end,,True,fast_lio2_odometry,,,,,,,,,,,,,,,,,,,,,,,,,,,,,,,,,,,,,,,
front_end,,True,fast_lio2_odometry,,,,,,,,,,,,,,,,,,,,,,,,,,,,,,,,,,,,,,,
front_end,,True,fast_lio2_odometry,,,,,,,,,,,,,,,,,,,,,,,,,,,,,,,,,,,,,,,
front_end,,True,fast_lio2_odometry,,,,,,,,,,,,,,,,,,,,,,,,,,,,,,,,,,,,,,,
front_end,,True,fast_lio2_odometry,,,,,,,,,,,,,,,,,,,,,,,,,,,,,,,,,,,,,,,
front_end,,True,fast_lio2_odometry,,,,,,,,,,,,,,,,,,,,,,,,,,,,,,,,,,,,,,,
front_end,,True,fast_lio2_odometry,,,,,,,,,,,,,,,,,,,,,,,,,,,,,,,,,,,,,,,
front_end,,True,fast_lio2_odometry,,,,,,,,,,,,,,,,,,,,,,,,,,,,,,,,,,,,,,,
front_end,,True,fast_lio2_odometry,,,,,,,,,,,,,,,,,,,,,,,,,,,,,,,,,,,,,,,
front_end,,True,fast_lio2_odometry,,,,,,,,,,,,,,,,,,,,,,,,,,,,,,,,,,,,,,,
front_end,,True,fast_lio2_odometry,,,,,,,,,,,,,,,,,,,,,,,,,,,,,,,,,,,,,,,
front_end,,True,fast_lio2_odometry,,,,,,,,,,,,,,,,,,,,,,,,,,,,,,,,,,,,,,,
front_end,,True,fast_lio2_odometry,,,,,,,,,,,,,,,,,,,,,,,,,,,,,,,,,,,,,,,
front_end,,True,fast_lio2_odometry,,,,,,,,,,,,,,,,,,,,,,,,,,,,,,,,,,,,,,,
front_end,,True,fast_lio2_odometry,,,,,,,,,,,,,,,,,,,,,,,,,,,,,,,,,,,,,,,
front_end,,True,fast_lio2_odometry,,,,,,,,,,,,,,,,,,,,,,,,,,,,,,,,,,,,,,,
front_end,,True,fast_lio2_odometry,,,,,,,,,,,,,,,,,,,,,,,,,,,,,,,,,,,,,,,
front_end,,True,fast_lio2_odometry,,,,,,,,,,,,,,,,,,,,,,,,,,,,,,,,,,,,,,,
front_end,,True,fast_lio2_odometry,,,,,,,,,,,,,,,,,,,,,,,,,,,,,,,,,,,,,,,
front_end,,True,fast_lio2_odometry,,,,,,,,,,,,,,,,,,,,,,,,,,,,,,,,,,,,,,,
front_end,,True,fast_lio2_odometry,,,,,,,,,,,,,,,,,,,,,,,,,,,,,,,,,,,,,,,
front_end,,True,fast_lio2_odometry,,,,,,,,,,,,,,,,,,,,,,,,,,,,,,,,,,,,,,,
front_end,,True,fast_lio2_odometry,,,,,,,,,,,,,,,,,,,,,,,,,,,,,,,,,,,,,,,
front_end,,True,fast_lio2_odometry,,,,,,,,,,,,,,,,,,,,,,,,,,,,,,,,,,,,,,,
front_end,,True,fast_lio2_odometry,,,,,,,,,,,,,,,,,,,,,,,,,,,,,,,,,,,,,,,
front_end,,True,fast_lio2_odometry,,,,,,,,,,,,,,,,,,,,,,,,,,,,,,,,,,,,,,,
front_end,,True,fast_lio2_odometry,,,,,,,,,,,,,,,,,,,,,,,,,,,,,,,,,,,,,,,
front_end,,True,fast_lio2_odometry,,,,,,,,,,,,,,,,,,,,,,,,,,,,,,,,,,,,,,,
optimized_backend,,,,,,,,,,,,,,,,,,,,,,,,,,,,,,,,,,,80,99,20,,,,pose_graph,True
front_end,,True,fast_lio2_odometry,,,,,,,,,,,,,,,,,,,,,,,,,,,,,,,,,,,,,,,
front_end,,True,fast_lio2_odometry,,,,,,,,,,,,,,,,,,,,,,,,,,,,,,,,,,,,,,,
front_end,,True,fast_lio2_odometry,,,,,,,,,,,,,,,,,,,,,,,,,,,,,,,,,,,,,,,
front_end,,True,fast_lio2_odometry,,,,,,,,,,,,,,,,,,,,,,,,,,,,,,,,,,,,,,,
front_end,,True,fast_lio2_odometry,,,,,,,,,,,,,,,,,,,,,,,,,,,,,,,,,,,,,,,
front_end,,True,fast_lio2_odometry,,,,,,,,,,,,,,,,,,,,,,,,,,,,,,,,,,,,,,,
front_end,,True,fast_lio2_odometry,,,,,,,,,,,,,,,,,,,,,,,,,,,,,,,,,,,,,,,
front_end,,True,fast_lio2_odometry,,,,,,,,,,,,,,,,,,,,,,,,,,,,,,,,,,,,,,,
front_end,,True,fast_lio2_odometry,,,,,,,,,,,,,,,,,,,,,,,,,,,,,,,,,,,,,,,
front_end,,True,fast_lio2_odometry,,,,,,,,,,,,,,,,,,,,,,,,,,,,,,,,,,,,,,,
optimized_backend,,,,,,,,,,,,,,,,,,,,,,,,,,,,,,,,,,,81,101,21,,,,pose_graph,True
front_end,,True,fast_lio2_odometry,,,,,,,,,,,,,,,,,,,,,,,,,,,,,,,,,,,,,,,
front_end,,True,fast_lio2_odometry,,,,,,,,,,,,,,,,,,,,,,,,,,,,,,,,,,,,,,,
front_end,,True,fast_lio2_odometry,,,,,,,,,,,,,,,,,,,,,,,,,,,,,,,,,,,,,,,
front_end,,True,fast_lio2_odometry,,,,,,,,,,,,,,,,,,,,,,,,,,,,,,,,,,,,,,,
front_end,,True,fast_lio2_odometry,,,,,,,,,,,,,,,,,,,,,,,,,,,,,,,,,,,,,,,
front_end,,True,fast_lio2_odometry,,,,,,,,,,,,,,,,,,,,,,,,,,,,,,,,,,,,,,,
front_end,,True,fast_lio2_odometry,,,,,,,,,,,,,,,,,,,,,,,,,,,,,,,,,,,,,,,
front_end,,True,fast_lio2_odometry,,,,,,,,,,,,,,,,,,,,,,,,,,,,,,,,,,,,,,,
front_end,,True,fast_lio2_odometry,,,,,,,,,,,,,,,,,,,,,,,,,,,,,,,,,,,,,,,
front_end,,True,fast_lio2_odometry,,,,,,,,,,,,,,,,,,,,,,,,,,,,,,,,,,,,,,,
front_end,,True,fast_lio2_odometry,,,,,,,,,,,,,,,,,,,,,,,,,,,,,,,,,,,,,,,
front_end,,True,fast_lio2_odometry,,,,,,,,,,,,,,,,,,,,,,,,,,,,,,,,,,,,,,,
front_end,,True,fast_lio2_odometry,,,,,,,,,,,,,,,,,,,,,,,,,,,,,,,,,,,,,,,
front_end,,True,fast_lio2_odometry,,,,,,,,,,,,,,,,,,,,,,,,,,,,,,,,,,,,,,,
front_end,,True,fast_lio2_odometry,,,,,,,,,,,,,,,,,,,,,,,,,,,,,,,,,,,,,,,
front_end,,True,fast_lio2_odometry,,,,,,,,,,,,,,,,,,,,,,,,,,,,,,,,,,,,,,,
front_end,,True,fast_lio2_odometry,,,,,,,,,,,,,,,,,,,,,,,,,,,,,,,,,,,,,,,
front_end,,True,fast_lio2_odometry,,,,,,,,,,,,,,,,,,,,,,,,,,,,,,,,,,,,,,,
front_end,,True,fast_lio2_odometry,,,,,,,,,,,,,,,,,,,,,,,,,,,,,,,,,,,,,,,
front_end,,True,fast_lio2_odometry,,,,,,,,,,,,,,,,,,,,,,,,,,,,,,,,,,,,,,,
front_end,,True,fast_lio2_odometry,,,,,,,,,,,,,,,,,,,,,,,,,,,,,,,,,,,,,,,
front_end,,True,fast_lio2_odometry,,,,,,,,,,,,,,,,,,,,,,,,,,,,,,,,,,,,,,,
front_end,,True,fast_lio2_odometry,,,,,,,,,,,,,,,,,,,,,,,,,,,,,,,,,,,,,,,
front_end,,True,fast_lio2_odometry,,,,,,,,,,,,,,,,,,,,,,,,,,,,,,,,,,,,,,,
front_end,,True,fast_lio2_odometry,,,,,,,,,,,,,,,,,,,,,,,,,,,,,,,,,,,,,,,
front_end,,True,fast_lio2_odometry,,,,,,,,,,,,,,,,,,,,,,,,,,,,,,,,,,,,,,,
front_end,,True,fast_lio2_odometry,,,,,,,,,,,,,,,,,,,,,,,,,,,,,,,,,,,,,,,
front_end,,True,fast_lio2_odometry,,,,,,,,,,,,,,,,,,,,,,,,,,,,,,,,,,,,,,,
front_end,,True,fast_lio2_odometry,,,,,,,,,,,,,,,,,,,,,,,,,,,,,,,,,,,,,,,
front_end,,True,fast_lio2_odometry,,,,,,,,,,,,,,,,,,,,,,,,,,,,,,,,,,,,,,,
front_end,,True,fast_lio2_odometry,,,,,,,,,,,,,,,,,,,,,,,,,,,,,,,,,,,,,,,
front_end,,True,fast_lio2_odometry,,,,,,,,,,,,,,,,,,,,,,,,,,,,,,,,,,,,,,,
front_end,,True,fast_lio2_odometry,,,,,,,,,,,,,,,,,,,,,,,,,,,,,,,,,,,,,,,
front_end,,True,fast_lio2_odometry,,,,,,,,,,,,,,,,,,,,,,,,,,,,,,,,,,,,,,,
front_end,,True,fast_lio2_odometry,,,,,,,,,,,,,,,,,,,,,,,,,,,,,,,,,,,,,,,
front_end,,True,fast_lio2_odometry,,,,,,,,,,,,,,,,,,,,,,,,,,,,,,,,,,,,,,,
front_end,,True,fast_lio2_odometry,,,,,,,,,,,,,,,,,,,,,,,,,,,,,,,,,,,,,,,
front_end,,True,fast_lio2_odometry,,,,,,,,,,,,,,,,,,,,,,,,,,,,,,,,,,,,,,,
front_end,,True,fast_lio2_odometry,,,,,,,,,,,,,,,,,,,,,,,,,,,,,,,,,,,,,,,
front_end,,True,fast_lio2_odometry,,,,,,,,,,,,,,,,,,,,,,,,,,,,,,,,,,,,,,,
front_end,,True,fast_lio2_odometry,,,,,,,,,,,,,,,,,,,,,,,,,,,,,,,,,,,,,,,
front_end,,True,fast_lio2_odometry,,,,,,,,,,,,,,,,,,,,,,,,,,,,,,,,,,,,,,,
front_end,,True,fast_lio2_odometry,,,,,,,,,,,,,,,,,,,,,,,,,,,,,,,,,,,,,,,
front_end,,True,fast_lio2_odometry,,,,,,,,,,,,,,,,,,,,,,,,,,,,,,,,,,,,,,,
front_end,,True,fast_lio2_odometry,,,,,,,,,,,,,,,,,,,,,,,,,,,,,,,,,,,,,,,
front_end,,True,fast_lio2_odometry,,,,,,,,,,,,,,,,,,,,,,,,,,,,,,,,,,,,,,,
front_end,,True,fast_lio2_odometry,,,,,,,,,,,,,,,,,,,,,,,,,,,,,,,,,,,,,,,
front_end,,True,fast_lio2_odometry,,,,,,,,,,,,,,,,,,,,,,,,,,,,,,,,,,,,,,,
front_end,,True,fast_lio2_odometry,,,,,,,,,,,,,,,,,,,,,,,,,,,,,,,,,,,,,,,
front_end,,True,fast_lio2_odometry,,,,,,,,,,,,,,,,,,,,,,,,,,,,,,,,,,,,,,,
front_end,,True,fast_lio2_odometry,,,,,,,,,,,,,,,,,,,,,,,,,,,,,,,,,,,,,,,
front_end,,True,fast_lio2_odometry,,,,,,,,,,,,,,,,,,,,,,,,,,,,,,,,,,,,,,,
front_end,,True,fast_lio2_odometry,,,,,,,,,,,,,,,,,,,,,,,,,,,,,,,,,,,,,,,
front_end,,True,fast_lio2_odometry,,,,,,,,,,,,,,,,,,,,,,,,,,,,,,,,,,,,,,,
front_end,,True,fast_lio2_odometry,,,,,,,,,,,,,,,,,,,,,,,,,,,,,,,,,,,,,,,
front_end,,True,fast_lio2_odometry,,,,,,,,,,,,,,,,,,,,,,,,,,,,,,,,,,,,,,,
front_end,,True,fast_lio2_odometry,,,,,,,,,,,,,,,,,,,,,,,,,,,,,,,,,,,,,,,
front_end,,True,fast_lio2_odometry,,,,,,,,,,,,,,,,,,,,,,,,,,,,,,,,,,,,,,,
front_end,,True,fast_lio2_odometry,,,,,,,,,,,,,,,,,,,,,,,,,,,,,,,,,,,,,,,
front_end,,True,fast_lio2_odometry,,,,,,,,,,,,,,,,,,,,,,,,,,,,,,,,,,,,,,,
front_end,,True,fast_lio2_odometry,,,,,,,,,,,,,,,,,,,,,,,,,,,,,,,,,,,,,,,
front_end,,True,fast_lio2_odometry,,,,,,,,,,,,,,,,,,,,,,,,,,,,,,,,,,,,,,,
front_end,,True,fast_lio2_odometry,,,,,,,,,,,,,,,,,,,,,,,,,,,,,,,,,,,,,,,
front_end,,True,fast_lio2_odometry,,,,,,,,,,,,,,,,,,,,,,,,,,,,,,,,,,,,,,,
front_end,,True,fast_lio2_odometry,,,,,,,,,,,,,,,,,,,,,,,,,,,,,,,,,,,,,,,
front_end,,True,fast_lio2_odometry,,,,,,,,,,,,,,,,,,,,,,,,,,,,,,,,,,,,,,,
front_end,,True,fast_lio2_odometry,,,,,,,,,,,,,,,,,,,,,,,,,,,,,,,,,,,,,,,
front_end,,True,fast_lio2_odometry,,,,,,,,,,,,,,,,,,,,,,,,,,,,,,,,,,,,,,,
front_end,,True,fast_lio2_odometry,,,,,,,,,,,,,,,,,,,,,,,,,,,,,,,,,,,,,,,
front_end,,True,fast_lio2_odometry,,,,,,,,,,,,,,,,,,,,,,,,,,,,,,,,,,,,,,,
front_end,,True,fast_lio2_odometry,,,,,,,,,,,,,,,,,,,,,,,,,,,,,,,,,,,,,,,
front_end,,True,fast_lio2_odometry,,,,,,,,,,,,,,,,,,,,,,,,,,,,,,,,,,,,,,,
front_end,,True,fast_lio2_odometry,,,,,,,,,,,,,,,,,,,,,,,,,,,,,,,,,,,,,,,
front_end,,True,fast_lio2_odometry,,,,,,,,,,,,,,,,,,,,,,,,,,,,,,,,,,,,,,,
front_end,,True,fast_lio2_odometry,,,,,,,,,,,,,,,,,,,,,,,,,,,,,,,,,,,,,,,
front_end,,True,fast_lio2_odometry,,,,,,,,,,,,,,,,,,,,,,,,,,,,,,,,,,,,,,,
front_end,,True,fast_lio2_odometry,,,,,,,,,,,,,,,,,,,,,,,,,,,,,,,,,,,,,,,
front_end,,True,fast_lio2_odometry,,,,,,,,,,,,,,,,,,,,,,,,,,,,,,,,,,,,,,,
front_end,,True,fast_lio2_odometry,,,,,,,,,,,,,,,,,,,,,,,,,,,,,,,,,,,,,,,
front_end,,True,fast_lio2_odometry,,,,,,,,,,,,,,,,,,,,,,,,,,,,,,,,,,,,,,,
front_end,,True,fast_lio2_odometry,,,,,,,,,,,,,,,,,,,,,,,,,,,,,,,,,,,,,,,
front_end,,True,fast_lio2_odometry,,,,,,,,,,,,,,,,,,,,,,,,,,,,,,,,,,,,,,,
front_end,,True,fast_lio2_odometry,,,,,,,,,,,,,,,,,,,,,,,,,,,,,,,,,,,,,,,
front_end,,True,fast_lio2_odometry,,,,,,,,,,,,,,,,,,,,,,,,,,,,,,,,,,,,,,,
front_end,,True,fast_lio2_odometry,,,,,,,,,,,,,,,,,,,,,,,,,,,,,,,,,,,,,,,
front_end,,True,fast_lio2_odometry,,,,,,,,,,,,,,,,,,,,,,,,,,,,,,,,,,,,,,,
front_end,,True,fast_lio2_odometry,,,,,,,,,,,,,,,,,,,,,,,,,,,,,,,,,,,,,,,
front_end,,True,fast_lio2_odometry,,,,,,,,,,,,,,,,,,,,,,,,,,,,,,,,,,,,,,,
front_end,,True,fast_lio2_odometry,,,,,,,,,,,,,,,,,,,,,,,,,,,,,,,,,,,,,,,
front_end,,True,fast_lio2_odometry,,,,,,,,,,,,,,,,,,,,,,,,,,,,,,,,,,,,,,,
optimized_backend,,,,,,,,,,,,,,,,,,,,,,,,,,,,,,,,,,,82,103,22,,,,pose_graph,True
front_end,,True,fast_lio2_odometry,,,,,,,,,,,,,,,,,,,,,,,,,,,,,,,,,,,,,,,
front_end,,True,fast_lio2_odometry,,,,,,,,,,,,,,,,,,,,,,,,,,,,,,,,,,,,,,,
front_end,,True,fast_lio2_odometry,,,,,,,,,,,,,,,,,,,,,,,,,,,,,,,,,,,,,,,
front_end,,True,fast_lio2_odometry,,,,,,,,,,,,,,,,,,,,,,,,,,,,,,,,,,,,,,,
front_end,,True,fast_lio2_odometry,,,,,,,,,,,,,,,,,,,,,,,,,,,,,,,,,,,,,,,
front_end,,True,fast_lio2_odometry,,,,,,,,,,,,,,,,,,,,,,,,,,,,,,,,,,,,,,,
front_end,,True,fast_lio2_odometry,,,,,,,,,,,,,,,,,,,,,,,,,,,,,,,,,,,,,,,
front_end,,True,fast_lio2_odometry,,,,,,,,,,,,,,,,,,,,,,,,,,,,,,,,,,,,,,,
front_end,,True,fast_lio2_odometry,,,,,,,,,,,,,,,,,,,,,,,,,,,,,,,,,,,,,,,
optimized_backend,,,,,,,,,,,,,,,,,,,,,,,,,,,,,,,,,,,83,105,23,,,,pose_graph,True
front_end,,True,fast_lio2_odometry,,,,,,,,,,,,,,,,,,,,,,,,,,,,,,,,,,,,,,,
front_end,,True,fast_lio2_odometry,,,,,,,,,,,,,,,,,,,,,,,,,,,,,,,,,,,,,,,
front_end,,True,fast_lio2_odometry,,,,,,,,,,,,,,,,,,,,,,,,,,,,,,,,,,,,,,,
front_end,,True,fast_lio2_odometry,,,,,,,,,,,,,,,,,,,,,,,,,,,,,,,,,,,,,,,
front_end,,True,fast_lio2_odometry,,,,,,,,,,,,,,,,,,,,,,,,,,,,,,,,,,,,,,,
front_end,,True,fast_lio2_odometry,,,,,,,,,,,,,,,,,,,,,,,,,,,,,,,,,,,,,,,
front_end,,True,fast_lio2_odometry,,,,,,,,,,,,,,,,,,,,,,,,,,,,,,,,,,,,,,,
front_end,,True,fast_lio2_odometry,,,,,,,,,,,,,,,,,,,,,,,,,,,,,,,,,,,,,,,
front_end,,True,fast_lio2_odometry,,,,,,,,,,,,,,,,,,,,,,,,,,,,,,,,,,,,,,,
front_end,,True,fast_lio2_odometry,,,,,,,,,,,,,,,,,,,,,,,,,,,,,,,,,,,,,,,
front_end,,True,fast_lio2_odometry,,,,,,,,,,,,,,,,,,,,,,,,,,,,,,,,,,,,,,,
front_end,,True,fast_lio2_odometry,,,,,,,,,,,,,,,,,,,,,,,,,,,,,,,,,,,,,,,
front_end,,True,fast_lio2_odometry,,,,,,,,,,,,,,,,,,,,,,,,,,,,,,,,,,,,,,,
front_end,,True,fast_lio2_odometry,,,,,,,,,,,,,,,,,,,,,,,,,,,,,,,,,,,,,,,
front_end,,True,fast_lio2_odometry,,,,,,,,,,,,,,,,,,,,,,,,,,,,,,,,,,,,,,,
front_end,,True,fast_lio2_odometry,,,,,,,,,,,,,,,,,,,,,,,,,,,,,,,,,,,,,,,
front_end,,True,fast_lio2_odometry,,,,,,,,,,,,,,,,,,,,,,,,,,,,,,,,,,,,,,,
front_end,,True,fast_lio2_odometry,,,,,,,,,,,,,,,,,,,,,,,,,,,,,,,,,,,,,,,
front_end,,True,fast_lio2_odometry,,,,,,,,,,,,,,,,,,,,,,,,,,,,,,,,,,,,,,,
front_end,,True,fast_lio2_odometry,,,,,,,,,,,,,,,,,,,,,,,,,,,,,,,,,,,,,,,
front_end,,True,fast_lio2_odometry,,,,,,,,,,,,,,,,,,,,,,,,,,,,,,,,,,,,,,,
front_end,,True,fast_lio2_odometry,,,,,,,,,,,,,,,,,,,,,,,,,,,,,,,,,,,,,,,
front_end,,True,fast_lio2_odometry,,,,,,,,,,,,,,,,,,,,,,,,,,,,,,,,,,,,,,,
front_end,,True,fast_lio2_odometry,,,,,,,,,,,,,,,,,,,,,,,,,,,,,,,,,,,,,,,
front_end,,True,fast_lio2_odometry,,,,,,,,,,,,,,,,,,,,,,,,,,,,,,,,,,,,,,,
front_end,,True,fast_lio2_odometry,,,,,,,,,,,,,,,,,,,,,,,,,,,,,,,,,,,,,,,
front_end,,True,fast_lio2_odometry,,,,,,,,,,,,,,,,,,,,,,,,,,,,,,,,,,,,,,,
front_end,,True,fast_lio2_odometry,,,,,,,,,,,,,,,,,,,,,,,,,,,,,,,,,,,,,,,
front_end,,True,fast_lio2_odometry,,,,,,,,,,,,,,,,,,,,,,,,,,,,,,,,,,,,,,,
front_end,,True,fast_lio2_odometry,,,,,,,,,,,,,,,,,,,,,,,,,,,,,,,,,,,,,,,
front_end,,True,fast_lio2_odometry,,,,,,,,,,,,,,,,,,,,,,,,,,,,,,,,,,,,,,,
front_end,,True,fast_lio2_odometry,,,,,,,,,,,,,,,,,,,,,,,,,,,,,,,,,,,,,,,
front_end,,True,fast_lio2_odometry,,,,,,,,,,,,,,,,,,,,,,,,,,,,,,,,,,,,,,,
front_end,,True,fast_lio2_odometry,,,,,,,,,,,,,,,,,,,,,,,,,,,,,,,,,,,,,,,
front_end,,True,fast_lio2_odometry,,,,,,,,,,,,,,,,,,,,,,,,,,,,,,,,,,,,,,,
front_end,,True,fast_lio2_odometry,,,,,,,,,,,,,,,,,,,,,,,,,,,,,,,,,,,,,,,
front_end,,True,fast_lio2_odometry,,,,,,,,,,,,,,,,,,,,,,,,,,,,,,,,,,,,,,,
front_end,,True,fast_lio2_odometry,,,,,,,,,,,,,,,,,,,,,,,,,,,,,,,,,,,,,,,
front_end,,True,fast_lio2_odometry,,,,,,,,,,,,,,,,,,,,,,,,,,,,,,,,,,,,,,,
front_end,,True,fast_lio2_odometry,,,,,,,,,,,,,,,,,,,,,,,,,,,,,,,,,,,,,,,
front_end,,True,fast_lio2_odometry,,,,,,,,,,,,,,,,,,,,,,,,,,,,,,,,,,,,,,,
optimized_backend,,,,,,,,,,,,,,,,,,,,,,,,,,,,,,,,,,,84,107,24,,,,pose_graph,True
optimized_backend,,,,,,,,,,,,,,,,,,,,,,,,,,,,,,,,,,,85,109,25,,,,pose_graph,True
front_end,,True,fast_lio2_odometry,,,,,,,,,,,,,,,,,,,,,,,,,,,,,,,,,,,,,,,
front_end,,True,fast_lio2_odometry,,,,,,,,,,,,,,,,,,,,,,,,,,,,,,,,,,,,,,,
front_end,,True,fast_lio2_odometry,,,,,,,,,,,,,,,,,,,,,,,,,,,,,,,,,,,,,,,
front_end,,True,fast_lio2_odometry,,,,,,,,,,,,,,,,,,,,,,,,,,,,,,,,,,,,,,,
front_end,,True,fast_lio2_odometry,,,,,,,,,,,,,,,,,,,,,,,,,,,,,,,,,,,,,,,
front_end,,True,fast_lio2_odometry,,,,,,,,,,,,,,,,,,,,,,,,,,,,,,,,,,,,,,,
front_end,,True,fast_lio2_odometry,,,,,,,,,,,,,,,,,,,,,,,,,,,,,,,,,,,,,,,
front_end,,True,fast_lio2_odometry,,,,,,,,,,,,,,,,,,,,,,,,,,,,,,,,,,,,,,,
front_end,,True,fast_lio2_odometry,,,,,,,,,,,,,,,,,,,,,,,,,,,,,,,,,,,,,,,
front_end,,True,fast_lio2_odometry,,,,,,,,,,,,,,,,,,,,,,,,,,,,,,,,,,,,,,,
optimized_backend,,,,,,,,,,,,,,,,,,,,,,,,,,,,,,,,,,,86,111,26,,,,pose_graph,True
optimized_backend,,,,,,,,,,,,,,,,,,,,,,,,,,,,,,,,,,,87,113,27,,,,pose_graph,True
optimized_backend,,,,,,,,,,,,,,,,,,,,,,,,,,,,,,,,,,,88,115,28,,,,pose_graph,True
front_end,,True,fast_lio2_odometry,,,,,,,,,,,,,,,,,,,,,,,,,,,,,,,,,,,,,,,
front_end,,True,fast_lio2_odometry,,,,,,,,,,,,,,,,,,,,,,,,,,,,,,,,,,,,,,,
front_end,,True,fast_lio2_odometry,,,,,,,,,,,,,,,,,,,,,,,,,,,,,,,,,,,,,,,
front_end,,True,fast_lio2_odometry,,,,,,,,,,,,,,,,,,,,,,,,,,,,,,,,,,,,,,,
front_end,,True,fast_lio2_odometry,,,,,,,,,,,,,,,,,,,,,,,,,,,,,,,,,,,,,,,
front_end,,True,fast_lio2_odometry,,,,,,,,,,,,,,,,,,,,,,,,,,,,,,,,,,,,,,,
front_end,,True,fast_lio2_odometry,,,,,,,,,,,,,,,,,,,,,,,,,,,,,,,,,,,,,,,
front_end,,True,fast_lio2_odometry,,,,,,,,,,,,,,,,,,,,,,,,,,,,,,,,,,,,,,,
front_end,,True,fast_lio2_odometry,,,,,,,,,,,,,,,,,,,,,,,,,,,,,,,,,,,,,,,
front_end,,True,fast_lio2_odometry,,,,,,,,,,,,,,,,,,,,,,,,,,,,,,,,,,,,,,,
optimized_backend,,,,,,,,,,,,,,,,,,,,,,,,,,,,,,,,,,,89,117,29,,,,pose_graph,True
front_end,,True,fast_lio2_odometry,,,,,,,,,,,,,,,,,,,,,,,,,,,,,,,,,,,,,,,
front_end,,True,fast_lio2_odometry,,,,,,,,,,,,,,,,,,,,,,,,,,,,,,,,,,,,,,,
front_end,,True,fast_lio2_odometry,,,,,,,,,,,,,,,,,,,,,,,,,,,,,,,,,,,,,,,
front_end,,True,fast_lio2_odometry,,,,,,,,,,,,,,,,,,,,,,,,,,,,,,,,,,,,,,,
front_end,,True,fast_lio2_odometry,,,,,,,,,,,,,,,,,,,,,,,,,,,,,,,,,,,,,,,
front_end,,True,fast_lio2_odometry,,,,,,,,,,,,,,,,,,,,,,,,,,,,,,,,,,,,,,,
front_end,,True,fast_lio2_odometry,,,,,,,,,,,,,,,,,,,,,,,,,,,,,,,,,,,,,,,
front_end,,True,fast_lio2_odometry,,,,,,,,,,,,,,,,,,,,,,,,,,,,,,,,,,,,,,,
front_end,,True,fast_lio2_odometry,,,,,,,,,,,,,,,,,,,,,,,,,,,,,,,,,,,,,,,
front_end,,True,fast_lio2_odometry,,,,,,,,,,,,,,,,,,,,,,,,,,,,,,,,,,,,,,,
optimized_backend,,,,,,,,,,,,,,,,,,,,,,,,,,,,,,,,,,,90,119,30,,,,pose_graph,True
front_end,,True,fast_lio2_odometry,,,,,,,,,,,,,,,,,,,,,,,,,,,,,,,,,,,,,,,
front_end,,True,fast_lio2_odometry,,,,,,,,,,,,,,,,,,,,,,,,,,,,,,,,,,,,,,,
front_end,,True,fast_lio2_odometry,,,,,,,,,,,,,,,,,,,,,,,,,,,,,,,,,,,,,,,
front_end,,True,fast_lio2_odometry,,,,,,,,,,,,,,,,,,,,,,,,,,,,,,,,,,,,,,,
front_end,,True,fast_lio2_odometry,,,,,,,,,,,,,,,,,,,,,,,,,,,,,,,,,,,,,,,
front_end,,True,fast_lio2_odometry,,,,,,,,,,,,,,,,,,,,,,,,,,,,,,,,,,,,,,,
front_end,,True,fast_lio2_odometry,,,,,,,,,,,,,,,,,,,,,,,,,,,,,,,,,,,,,,,
front_end,,True,fast_lio2_odometry,,,,,,,,,,,,,,,,,,,,,,,,,,,,,,,,,,,,,,,
front_end,,True,fast_lio2_odometry,,,,,,,,,,,,,,,,,,,,,,,,,,,,,,,,,,,,,,,
front_end,,True,fast_lio2_odometry,,,,,,,,,,,,,,,,,,,,,,,,,,,,,,,,,,,,,,,
optimized_backend,,,,,,,,,,,,,,,,,,,,,,,,,,,,,,,,,,,91,121,31,,,,pose_graph,True
front_end,,True,fast_lio2_odometry,,,,,,,,,,,,,,,,,,,,,,,,,,,,,,,,,,,,,,,
front_end,,True,fast_lio2_odometry,,,,,,,,,,,,,,,,,,,,,,,,,,,,,,,,,,,,,,,
front_end,,True,fast_lio2_odometry,,,,,,,,,,,,,,,,,,,,,,,,,,,,,,,,,,,,,,,
optimized_backend,,,,,,,,,,,,,,,,,,,,,,,,,,,,,,,,,,,92,123,32,,,,pose_graph,True
front_end,,True,fast_lio2_odometry,,,,,,,,,,,,,,,,,,,,,,,,,,,,,,,,,,,,,,,
front_end,,True,fast_lio2_odometry,,,,,,,,,,,,,,,,,,,,,,,,,,,,,,,,,,,,,,,
front_end,,True,fast_lio2_odometry,,,,,,,,,,,,,,,,,,,,,,,,,,,,,,,,,,,,,,,
front_end,,True,fast_lio2_odometry,,,,,,,,,,,,,,,,,,,,,,,,,,,,,,,,,,,,,,,
front_end,,True,fast_lio2_odometry,,,,,,,,,,,,,,,,,,,,,,,,,,,,,,,,,,,,,,,
front_end,,True,fast_lio2_odometry,,,,,,,,,,,,,,,,,,,,,,,,,,,,,,,,,,,,,,,
front_end,,True,fast_lio2_odometry,,,,,,,,,,,,,,,,,,,,,,,,,,,,,,,,,,,,,,,
front_end,,True,fast_lio2_odometry,,,,,,,,,,,,,,,,,,,,,,,,,,,,,,,,,,,,,,,
front_end,,True,fast_lio2_odometry,,,,,,,,,,,,,,,,,,,,,,,,,,,,,,,,,,,,,,,
front_end,,True,fast_lio2_odometry,,,,,,,,,,,,,,,,,,,,,,,,,,,,,,,,,,,,,,,
front_end,,True,fast_lio2_odometry,,,,,,,,,,,,,,,,,,,,,,,,,,,,,,,,,,,,,,,
front_end,,True,fast_lio2_odometry,,,,,,,,,,,,,,,,,,,,,,,,,,,,,,,,,,,,,,,
front_end,,True,fast_lio2_odometry,,,,,,,,,,,,,,,,,,,,,,,,,,,,,,,,,,,,,,,
front_end,,True,fast_lio2_odometry,,,,,,,,,,,,,,,,,,,,,,,,,,,,,,,,,,,,,,,
front_end,,True,fast_lio2_odometry,,,,,,,,,,,,,,,,,,,,,,,,,,,,,,,,,,,,,,,
front_end,,True,fast_lio2_odometry,,,,,,,,,,,,,,,,,,,,,,,,,,,,,,,,,,,,,,,
front_end,,True,fast_lio2_odometry,,,,,,,,,,,,,,,,,,,,,,,,,,,,,,,,,,,,,,,
front_end,,True,fast_lio2_odometry,,,,,,,,,,,,,,,,,,,,,,,,,,,,,,,,,,,,,,,
front_end,,True,fast_lio2_odometry,,,,,,,,,,,,,,,,,,,,,,,,,,,,,,,,,,,,,,,
front_end,,True,fast_lio2_odometry,,,,,,,,,,,,,,,,,,,,,,,,,,,,,,,,,,,,,,,
front_end,,True,fast_lio2_odometry,,,,,,,,,,,,,,,,,,,,,,,,,,,,,,,,,,,,,,,
front_end,,True,fast_lio2_odometry,,,,,,,,,,,,,,,,,,,,,,,,,,,,,,,,,,,,,,,
front_end,,True,fast_lio2_odometry,,,,,,,,,,,,,,,,,,,,,,,,,,,,,,,,,,,,,,,
front_end,,True,fast_lio2_odometry,,,,,,,,,,,,,,,,,,,,,,,,,,,,,,,,,,,,,,,
front_end,,True,fast_lio2_odometry,,,,,,,,,,,,,,,,,,,,,,,,,,,,,,,,,,,,,,,
front_end,,True,fast_lio2_odometry,,,,,,,,,,,,,,,,,,,,,,,,,,,,,,,,,,,,,,,
front_end,,True,fast_lio2_odometry,,,,,,,,,,,,,,,,,,,,,,,,,,,,,,,,,,,,,,,
front_end,,True,fast_lio2_odometry,,,,,,,,,,,,,,,,,,,,,,,,,,,,,,,,,,,,,,,
front_end,,True,fast_lio2_odometry,,,,,,,,,,,,,,,,,,,,,,,,,,,,,,,,,,,,,,,
front_end,,True,fast_lio2_odometry,,,,,,,,,,,,,,,,,,,,,,,,,,,,,,,,,,,,,,,
front_end,,True,fast_lio2_odometry,,,,,,,,,,,,,,,,,,,,,,,,,,,,,,,,,,,,,,,
front_end,,True,fast_lio2_odometry,,,,,,,,,,,,,,,,,,,,,,,,,,,,,,,,,,,,,,,
front_end,,True,fast_lio2_odometry,,,,,,,,,,,,,,,,,,,,,,,,,,,,,,,,,,,,,,,
front_end,,True,fast_lio2_odometry,,,,,,,,,,,,,,,,,,,,,,,,,,,,,,,,,,,,,,,
front_end,,True,fast_lio2_odometry,,,,,,,,,,,,,,,,,,,,,,,,,,,,,,,,,,,,,,,
front_end,,True,fast_lio2_odometry,,,,,,,,,,,,,,,,,,,,,,,,,,,,,,,,,,,,,,,
front_end,,True,fast_lio2_odometry,,,,,,,,,,,,,,,,,,,,,,,,,,,,,,,,,,,,,,,
front_end,,True,fast_lio2_odometry,,,,,,,,,,,,,,,,,,,,,,,,,,,,,,,,,,,,,,,
front_end,,True,fast_lio2_odometry,,,,,,,,,,,,,,,,,,,,,,,,,,,,,,,,,,,,,,,
front_end,,True,fast_lio2_odometry,,,,,,,,,,,,,,,,,,,,,,,,,,,,,,,,,,,,,,,
front_end,,True,fast_lio2_odometry,,,,,,,,,,,,,,,,,,,,,,,,,,,,,,,,,,,,,,,
front_end,,True,fast_lio2_odometry,,,,,,,,,,,,,,,,,,,,,,,,,,,,,,,,,,,,,,,
front_end,,True,fast_lio2_odometry,,,,,,,,,,,,,,,,,,,,,,,,,,,,,,,,,,,,,,,
front_end,,True,fast_lio2_odometry,,,,,,,,,,,,,,,,,,,,,,,,,,,,,,,,,,,,,,,
front_end,,True,fast_lio2_odometry,,,,,,,,,,,,,,,,,,,,,,,,,,,,,,,,,,,,,,,
front_end,,True,fast_lio2_odometry,,,,,,,,,,,,,,,,,,,,,,,,,,,,,,,,,,,,,,,
front_end,,True,fast_lio2_odometry,,,,,,,,,,,,,,,,,,,,,,,,,,,,,,,,,,,,,,,
front_end,,True,fast_lio2_odometry,,,,,,,,,,,,,,,,,,,,,,,,,,,,,,,,,,,,,,,
front_end,,True,fast_lio2_odometry,,,,,,,,,,,,,,,,,,,,,,,,,,,,,,,,,,,,,,,
front_end,,True,fast_lio2_odometry,,,,,,,,,,,,,,,,,,,,,,,,,,,,,,,,,,,,,,,
front_end,,True,fast_lio2_odometry,,,,,,,,,,,,,,,,,,,,,,,,,,,,,,,,,,,,,,,
front_end,,True,fast_lio2_odometry,,,,,,,,,,,,,,,,,,,,,,,,,,,,,,,,,,,,,,,
front_end,,True,fast_lio2_odometry,,,,,,,,,,,,,,,,,,,,,,,,,,,,,,,,,,,,,,,
front_end,,True,fast_lio2_odometry,,,,,,,,,,,,,,,,,,,,,,,,,,,,,,,,,,,,,,,
front_end,,True,fast_lio2_odometry,,,,,,,,,,,,,,,,,,,,,,,,,,,,,,,,,,,,,,,
front_end,,True,fast_lio2_odometry,,,,,,,,,,,,,,,,,,,,,,,,,,,,,,,,,,,,,,,
front_end,,True,fast_lio2_odometry,,,,,,,,,,,,,,,,,,,,,,,,,,,,,,,,,,,,,,,
front_end,,True,fast_lio2_odometry,,,,,,,,,,,,,,,,,,,,,,,,,,,,,,,,,,,,,,,
front_end,,True,fast_lio2_odometry,,,,,,,,,,,,,,,,,,,,,,,,,,,,,,,,,,,,,,,
front_end,,True,fast_lio2_odometry,,,,,,,,,,,,,,,,,,,,,,,,,,,,,,,,,,,,,,,
front_end,,True,fast_lio2_odometry,,,,,,,,,,,,,,,,,,,,,,,,,,,,,,,,,,,,,,,
front_end,,True,fast_lio2_odometry,,,,,,,,,,,,,,,,,,,,,,,,,,,,,,,,,,,,,,,
front_end,,True,fast_lio2_odometry,,,,,,,,,,,,,,,,,,,,,,,,,,,,,,,,,,,,,,,
front_end,,True,fast_lio2_odometry,,,,,,,,,,,,,,,,,,,,,,,,,,,,,,,,,,,,,,,
front_end,,True,fast_lio2_odometry,,,,,,,,,,,,,,,,,,,,,,,,,,,,,,,,,,,,,,,
front_end,,True,fast_lio2_odometry,,,,,,,,,,,,,,,,,,,,,,,,,,,,,,,,,,,,,,,
front_end,,True,fast_lio2_odometry,,,,,,,,,,,,,,,,,,,,,,,,,,,,,,,,,,,,,,,
front_end,,True,fast_lio2_odometry,,,,,,,,,,,,,,,,,,,,,,,,,,,,,,,,,,,,,,,
front_end,,True,fast_lio2_odometry,,,,,,,,,,,,,,,,,,,,,,,,,,,,,,,,,,,,,,,
front_end,,True,fast_lio2_odometry,,,,,,,,,,,,,,,,,,,,,,,,,,,,,,,,,,,,,,,
front_end,,True,fast_lio2_odometry,,,,,,,,,,,,,,,,,,,,,,,,,,,,,,,,,,,,,,,
front_end,,True,fast_lio2_odometry,,,,,,,,,,,,,,,,,,,,,,,,,,,,,,,,,,,,,,,
front_end,,True,fast_lio2_odometry,,,,,,,,,,,,,,,,,,,,,,,,,,,,,,,,,,,,,,,
front_end,,True,fast_lio2_odometry,,,,,,,,,,,,,,,,,,,,,,,,,,,,,,,,,,,,,,,
front_end,,True,fast_lio2_odometry,,,,,,,,,,,,,,,,,,,,,,,,,,,,,,,,,,,,,,,
front_end,,True,fast_lio2_odometry,,,,,,,,,,,,,,,,,,,,,,,,,,,,,,,,,,,,,,,
front_end,,True,fast_lio2_odometry,,,,,,,,,,,,,,,,,,,,,,,,,,,,,,,,,,,,,,,
optimized_backend,,,,,,,,,,,,,,,,,,,,,,,,,,,,,,,,,,,93,125,33,,,,pose_graph,True
front_end,,True,fast_lio2_odometry,,,,,,,,,,,,,,,,,,,,,,,,,,,,,,,,,,,,,,,
front_end,,True,fast_lio2_odometry,,,,,,,,,,,,,,,,,,,,,,,,,,,,,,,,,,,,,,,
front_end,,True,fast_lio2_odometry,,,,,,,,,,,,,,,,,,,,,,,,,,,,,,,,,,,,,,,
front_end,,True,fast_lio2_odometry,,,,,,,,,,,,,,,,,,,,,,,,,,,,,,,,,,,,,,,
front_end,,True,fast_lio2_odometry,,,,,,,,,,,,,,,,,,,,,,,,,,,,,,,,,,,,,,,
front_end,,True,fast_lio2_odometry,,,,,,,,,,,,,,,,,,,,,,,,,,,,,,,,,,,,,,,
front_end,,True,fast_lio2_odometry,,,,,,,,,,,,,,,,,,,,,,,,,,,,,,,,,,,,,,,
front_end,,True,fast_lio2_odometry,,,,,,,,,,,,,,,,,,,,,,,,,,,,,,,,,,,,,,,
front_end,,True,fast_lio2_odometry,,,,,,,,,,,,,,,,,,,,,,,,,,,,,,,,,,,,,,,
front_end,,True,fast_lio2_odometry,,,,,,,,,,,,,,,,,,,,,,,,,,,,,,,,,,,,,,,
optimized_backend,,,,,,,,,,,,,,,,,,,,,,,,,,,,,,,,,,,94,127,34,,,,pose_graph,True
front_end,,True,fast_lio2_odometry,,,,,,,,,,,,,,,,,,,,,,,,,,,,,,,,,,,,,,,
front_end,,True,fast_lio2_odometry,,,,,,,,,,,,,,,,,,,,,,,,,,,,,,,,,,,,,,,
front_end,,True,fast_lio2_odometry,,,,,,,,,,,,,,,,,,,,,,,,,,,,,,,,,,,,,,,
front_end,,True,fast_lio2_odometry,,,,,,,,,,,,,,,,,,,,,,,,,,,,,,,,,,,,,,,
front_end,,True,fast_lio2_odometry,,,,,,,,,,,,,,,,,,,,,,,,,,,,,,,,,,,,,,,
front_end,,True,fast_lio2_odometry,,,,,,,,,,,,,,,,,,,,,,,,,,,,,,,,,,,,,,,
front_end,,True,fast_lio2_odometry,,,,,,,,,,,,,,,,,,,,,,,,,,,,,,,,,,,,,,,
front_end,,True,fast_lio2_odometry,,,,,,,,,,,,,,,,,,,,,,,,,,,,,,,,,,,,,,,
front_end,,True,fast_lio2_odometry,,,,,,,,,,,,,,,,,,,,,,,,,,,,,,,,,,,,,,,
front_end,,True,fast_lio2_odometry,,,,,,,,,,,,,,,,,,,,,,,,,,,,,,,,,,,,,,,
optimized_backend,,,,,,,,,,,,,,,,,,,,,,,,,,,,,,,,,,,95,129,35,,,,pose_graph,True
front_end,,True,fast_lio2_odometry,,,,,,,,,,,,,,,,,,,,,,,,,,,,,,,,,,,,,,,
front_end,,True,fast_lio2_odometry,,,,,,,,,,,,,,,,,,,,,,,,,,,,,,,,,,,,,,,
front_end,,True,fast_lio2_odometry,,,,,,,,,,,,,,,,,,,,,,,,,,,,,,,,,,,,,,,
front_end,,True,fast_lio2_odometry,,,,,,,,,,,,,,,,,,,,,,,,,,,,,,,,,,,,,,,
front_end,,True,fast_lio2_odometry,,,,,,,,,,,,,,,,,,,,,,,,,,,,,,,,,,,,,,,
front_end,,True,fast_lio2_odometry,,,,,,,,,,,,,,,,,,,,,,,,,,,,,,,,,,,,,,,
front_end,,True,fast_lio2_odometry,,,,,,,,,,,,,,,,,,,,,,,,,,,,,,,,,,,,,,,
front_end,,True,fast_lio2_odometry,,,,,,,,,,,,,,,,,,,,,,,,,,,,,,,,,,,,,,,
front_end,,True,fast_lio2_odometry,,,,,,,,,,,,,,,,,,,,,,,,,,,,,,,,,,,,,,,
front_end,,True,fast_lio2_odometry,,,,,,,,,,,,,,,,,,,,,,,,,,,,,,,,,,,,,,,
front_end,,True,fast_lio2_odometry,,,,,,,,,,,,,,,,,,,,,,,,,,,,,,,,,,,,,,,
front_end,,True,fast_lio2_odometry,,,,,,,,,,,,,,,,,,,,,,,,,,,,,,,,,,,,,,,
front_end,,True,fast_lio2_odometry,,,,,,,,,,,,,,,,,,,,,,,,,,,,,,,,,,,,,,,
front_end,,True,fast_lio2_odometry,,,,,,,,,,,,,,,,,,,,,,,,,,,,,,,,,,,,,,,
front_end,,True,fast_lio2_odometry,,,,,,,,,,,,,,,,,,,,,,,,,,,,,,,,,,,,,,,
front_end,,True,fast_lio2_odometry,,,,,,,,,,,,,,,,,,,,,,,,,,,,,,,,,,,,,,,
front_end,,True,fast_lio2_odometry,,,,,,,,,,,,,,,,,,,,,,,,,,,,,,,,,,,,,,,
front_end,,True,fast_lio2_odometry,,,,,,,,,,,,,,,,,,,,,,,,,,,,,,,,,,,,,,,
front_end,,True,fast_lio2_odometry,,,,,,,,,,,,,,,,,,,,,,,,,,,,,,,,,,,,,,,
front_end,,True,fast_lio2_odometry,,,,,,,,,,,,,,,,,,,,,,,,,,,,,,,,,,,,,,,
front_end,,True,fast_lio2_odometry,,,,,,,,,,,,,,,,,,,,,,,,,,,,,,,,,,,,,,,
front_end,,True,fast_lio2_odometry,,,,,,,,,,,,,,,,,,,,,,,,,,,,,,,,,,,,,,,
front_end,,True,fast_lio2_odometry,,,,,,,,,,,,,,,,,,,,,,,,,,,,,,,,,,,,,,,
front_end,,True,fast_lio2_odometry,,,,,,,,,,,,,,,,,,,,,,,,,,,,,,,,,,,,,,,
front_end,,True,fast_lio2_odometry,,,,,,,,,,,,,,,,,,,,,,,,,,,,,,,,,,,,,,,
front_end,,True,fast_lio2_odometry,,,,,,,,,,,,,,,,,,,,,,,,,,,,,,,,,,,,,,,
front_end,,True,fast_lio2_odometry,,,,,,,,,,,,,,,,,,,,,,,,,,,,,,,,,,,,,,,
front_end,,True,fast_lio2_odometry,,,,,,,,,,,,,,,,,,,,,,,,,,,,,,,,,,,,,,,
front_end,,True,fast_lio2_odometry,,,,,,,,,,,,,,,,,,,,,,,,,,,,,,,,,,,,,,,
front_end,,True,fast_lio2_odometry,,,,,,,,,,,,,,,,,,,,,,,,,,,,,,,,,,,,,,,
optimized_backend,,,,,,,,,,,,,,,,,,,,,,,,,,,,,,,,,,,96,131,36,,,,pose_graph,True
front_end,,True,fast_lio2_odometry,,,,,,,,,,,,,,,,,,,,,,,,,,,,,,,,,,,,,,,
front_end,,True,fast_lio2_odometry,,,,,,,,,,,,,,,,,,,,,,,,,,,,,,,,,,,,,,,
front_end,,True,fast_lio2_odometry,,,,,,,,,,,,,,,,,,,,,,,,,,,,,,,,,,,,,,,
front_end,,True,fast_lio2_odometry,,,,,,,,,,,,,,,,,,,,,,,,,,,,,,,,,,,,,,,
front_end,,True,fast_lio2_odometry,,,,,,,,,,,,,,,,,,,,,,,,,,,,,,,,,,,,,,,
front_end,,True,fast_lio2_odometry,,,,,,,,,,,,,,,,,,,,,,,,,,,,,,,,,,,,,,,
front_end,,True,fast_lio2_odometry,,,,,,,,,,,,,,,,,,,,,,,,,,,,,,,,,,,,,,,
front_end,,True,fast_lio2_odometry,,,,,,,,,,,,,,,,,,,,,,,,,,,,,,,,,,,,,,,
front_end,,True,fast_lio2_odometry,,,,,,,,,,,,,,,,,,,,,,,,,,,,,,,,,,,,,,,
front_end,,True,fast_lio2_odometry,,,,,,,,,,,,,,,,,,,,,,,,,,,,,,,,,,,,,,,
front_end,,True,fast_lio2_odometry,,,,,,,,,,,,,,,,,,,,,,,,,,,,,,,,,,,,,,,
front_end,,True,fast_lio2_odometry,,,,,,,,,,,,,,,,,,,,,,,,,,,,,,,,,,,,,,,
front_end,,True,fast_lio2_odometry,,,,,,,,,,,,,,,,,,,,,,,,,,,,,,,,,,,,,,,
front_end,,True,fast_lio2_odometry,,,,,,,,,,,,,,,,,,,,,,,,,,,,,,,,,,,,,,,
front_end,,True,fast_lio2_odometry,,,,,,,,,,,,,,,,,,,,,,,,,,,,,,,,,,,,,,,
front_end,,True,fast_lio2_odometry,,,,,,,,,,,,,,,,,,,,,,,,,,,,,,,,,,,,,,,
front_end,,True,fast_lio2_odometry,,,,,,,,,,,,,,,,,,,,,,,,,,,,,,,,,,,,,,,
front_end,,True,fast_lio2_odometry,,,,,,,,,,,,,,,,,,,,,,,,,,,,,,,,,,,,,,,
front_end,,True,fast_lio2_odometry,,,,,,,,,,,,,,,,,,,,,,,,,,,,,,,,,,,,,,,
front_end,,True,fast_lio2_odometry,,,,,,,,,,,,,,,,,,,,,,,,,,,,,,,,,,,,,,,
front_end,,True,fast_lio2_odometry,,,,,,,,,,,,,,,,,,,,,,,,,,,,,,,,,,,,,,,
optimized_backend,,,,,,,,,,,,,,,,,,,,,,,,,,,,,,,,,,,97,133,37,,,,pose_graph,True
front_end,,True,fast_lio2_odometry,,,,,,,,,,,,,,,,,,,,,,,,,,,,,,,,,,,,,,,
front_end,,True,fast_lio2_odometry,,,,,,,,,,,,,,,,,,,,,,,,,,,,,,,,,,,,,,,
front_end,,True,fast_lio2_odometry,,,,,,,,,,,,,,,,,,,,,,,,,,,,,,,,,,,,,,,
front_end,,True,fast_lio2_odometry,,,,,,,,,,,,,,,,,,,,,,,,,,,,,,,,,,,,,,,
front_end,,True,fast_lio2_odometry,,,,,,,,,,,,,,,,,,,,,,,,,,,,,,,,,,,,,,,
front_end,,True,fast_lio2_odometry,,,,,,,,,,,,,,,,,,,,,,,,,,,,,,,,,,,,,,,
front_end,,True,fast_lio2_odometry,,,,,,,,,,,,,,,,,,,,,,,,,,,,,,,,,,,,,,,
front_end,,True,fast_lio2_odometry,,,,,,,,,,,,,,,,,,,,,,,,,,,,,,,,,,,,,,,
front_end,,True,fast_lio2_odometry,,,,,,,,,,,,,,,,,,,,,,,,,,,,,,,,,,,,,,,
front_end,,True,fast_lio2_odometry,,,,,,,,,,,,,,,,,,,,,,,,,,,,,,,,,,,,,,,
front_end,,True,fast_lio2_odometry,,,,,,,,,,,,,,,,,,,,,,,,,,,,,,,,,,,,,,,
front_end,,True,fast_lio2_odometry,,,,,,,,,,,,,,,,,,,,,,,,,,,,,,,,,,,,,,,
front_end,,True,fast_lio2_odometry,,,,,,,,,,,,,,,,,,,,,,,,,,,,,,,,,,,,,,,
front_end,,True,fast_lio2_odometry,,,,,,,,,,,,,,,,,,,,,,,,,,,,,,,,,,,,,,,
front_end,,True,fast_lio2_odometry,,,,,,,,,,,,,,,,,,,,,,,,,,,,,,,,,,,,,,,
front_end,,True,fast_lio2_odometry,,,,,,,,,,,,,,,,,,,,,,,,,,,,,,,,,,,,,,,
front_end,,True,fast_lio2_odometry,,,,,,,,,,,,,,,,,,,,,,,,,,,,,,,,,,,,,,,
front_end,,True,fast_lio2_odometry,,,,,,,,,,,,,,,,,,,,,,,,,,,,,,,,,,,,,,,
front_end,,True,fast_lio2_odometry,,,,,,,,,,,,,,,,,,,,,,,,,,,,,,,,,,,,,,,
front_end,,True,fast_lio2_odometry,,,,,,,,,,,,,,,,,,,,,,,,,,,,,,,,,,,,,,,
front_end,,True,fast_lio2_odometry,,,,,,,,,,,,,,,,,,,,,,,,,,,,,,,,,,,,,,,
front_end,,True,fast_lio2_odometry,,,,,,,,,,,,,,,,,,,,,,,,,,,,,,,,,,,,,,,
front_end,,True,fast_lio2_odometry,,,,,,,,,,,,,,,,,,,,,,,,,,,,,,,,,,,,,,,
front_end,,True,fast_lio2_odometry,,,,,,,,,,,,,,,,,,,,,,,,,,,,,,,,,,,,,,,
front_end,,True,fast_lio2_odometry,,,,,,,,,,,,,,,,,,,,,,,,,,,,,,,,,,,,,,,
front_end,,True,fast_lio2_odometry,,,,,,,,,,,,,,,,,,,,,,,,,,,,,,,,,,,,,,,
front_end,,True,fast_lio2_odometry,,,,,,,,,,,,,,,,,,,,,,,,,,,,,,,,,,,,,,,
front_end,,True,fast_lio2_odometry,,,,,,,,,,,,,,,,,,,,,,,,,,,,,,,,,,,,,,,
front_end,,True,fast_lio2_odometry,,,,,,,,,,,,,,,,,,,,,,,,,,,,,,,,,,,,,,,
front_end,,True,fast_lio2_odometry,,,,,,,,,,,,,,,,,,,,,,,,,,,,,,,,,,,,,,,
front_end,,True,fast_lio2_odometry,,,,,,,,,,,,,,,,,,,,,,,,,,,,,,,,,,,,,,,
front_end,,True,fast_lio2_odometry,,,,,,,,,,,,,,,,,,,,,,,,,,,,,,,,,,,,,,,
front_end,,True,fast_lio2_odometry,,,,,,,,,,,,,,,,,,,,,,,,,,,,,,,,,,,,,,,
front_end,,True,fast_lio2_odometry,,,,,,,,,,,,,,,,,,,,,,,,,,,,,,,,,,,,,,,
front_end,,True,fast_lio2_odometry,,,,,,,,,,,,,,,,,,,,,,,,,,,,,,,,,,,,,,,
front_end,,True,fast_lio2_odometry,,,,,,,,,,,,,,,,,,,,,,,,,,,,,,,,,,,,,,,
front_end,,True,fast_lio2_odometry,,,,,,,,,,,,,,,,,,,,,,,,,,,,,,,,,,,,,,,
front_end,,True,fast_lio2_odometry,,,,,,,,,,,,,,,,,,,,,,,,,,,,,,,,,,,,,,,
front_end,,True,fast_lio2_odometry,,,,,,,,,,,,,,,,,,,,,,,,,,,,,,,,,,,,,,,
optimized_backend,,,,,,,,,,,,,,,,,,,,,,,,,,,,,,,,,,,98,135,38,,,,pose_graph,True
front_end,,True,fast_lio2_odometry,,,,,,,,,,,,,,,,,,,,,,,,,,,,,,,,,,,,,,,
front_end,,True,fast_lio2_odometry,,,,,,,,,,,,,,,,,,,,,,,,,,,,,,,,,,,,,,,
front_end,,True,fast_lio2_odometry,,,,,,,,,,,,,,,,,,,,,,,,,,,,,,,,,,,,,,,
front_end,,True,fast_lio2_odometry,,,,,,,,,,,,,,,,,,,,,,,,,,,,,,,,,,,,,,,
front_end,,True,fast_lio2_odometry,,,,,,,,,,,,,,,,,,,,,,,,,,,,,,,,,,,,,,,
front_end,,True,fast_lio2_odometry,,,,,,,,,,,,,,,,,,,,,,,,,,,,,,,,,,,,,,,
front_end,,True,fast_lio2_odometry,,,,,,,,,,,,,,,,,,,,,,,,,,,,,,,,,,,,,,,
front_end,,True,fast_lio2_odometry,,,,,,,,,,,,,,,,,,,,,,,,,,,,,,,,,,,,,,,
front_end,,True,fast_lio2_odometry,,,,,,,,,,,,,,,,,,,,,,,,,,,,,,,,,,,,,,,
front_end,,True,fast_lio2_odometry,,,,,,,,,,,,,,,,,,,,,,,,,,,,,,,,,,,,,,,
optimized_backend,,,,,,,,,,,,,,,,,,,,,,,,,,,,,,,,,,,99,137,39,,,,pose_graph,True
optimized_backend,,,,,,,,,,,,,,,,,,,,,,,,,,,,,,,,,,,100,139,40,,,,pose_graph,True
front_end,,True,fast_lio2_odometry,,,,,,,,,,,,,,,,,,,,,,,,,,,,,,,,,,,,,,,
front_end,,True,fast_lio2_odometry,,,,,,,,,,,,,,,,,,,,,,,,,,,,,,,,,,,,,,,
front_end,,True,fast_lio2_odometry,,,,,,,,,,,,,,,,,,,,,,,,,,,,,,,,,,,,,,,
front_end,,True,fast_lio2_odometry,,,,,,,,,,,,,,,,,,,,,,,,,,,,,,,,,,,,,,,
front_end,,True,fast_lio2_odometry,,,,,,,,,,,,,,,,,,,,,,,,,,,,,,,,,,,,,,,
front_end,,True,fast_lio2_odometry,,,,,,,,,,,,,,,,,,,,,,,,,,,,,,,,,,,,,,,
front_end,,True,fast_lio2_odometry,,,,,,,,,,,,,,,,,,,,,,,,,,,,,,,,,,,,,,,
front_end,,True,fast_lio2_odometry,,,,,,,,,,,,,,,,,,,,,,,,,,,,,,,,,,,,,,,
front_end,,True,fast_lio2_odometry,,,,,,,,,,,,,,,,,,,,,,,,,,,,,,,,,,,,,,,
front_end,,True,fast_lio2_odometry,,,,,,,,,,,,,,,,,,,,,,,,,,,,,,,,,,,,,,,
optimized_backend,,,,,,,,,,,,,,,,,,,,,,,,,,,,,,,,,,,101,141,41,,,,pose_graph,True
optimized_backend,,,,,,,,,,,,,,,,,,,,,,,,,,,,,,,,,,,102,143,42,,,,pose_graph,True
front_end,,True,fast_lio2_odometry,,,,,,,,,,,,,,,,,,,,,,,,,,,,,,,,,,,,,,,
front_end,,True,fast_lio2_odometry,,,,,,,,,,,,,,,,,,,,,,,,,,,,,,,,,,,,,,,
front_end,,True,fast_lio2_odometry,,,,,,,,,,,,,,,,,,,,,,,,,,,,,,,,,,,,,,,
front_end,,True,fast_lio2_odometry,,,,,,,,,,,,,,,,,,,,,,,,,,,,,,,,,,,,,,,
front_end,,True,fast_lio2_odometry,,,,,,,,,,,,,,,,,,,,,,,,,,,,,,,,,,,,,,,
front_end,,True,fast_lio2_odometry,,,,,,,,,,,,,,,,,,,,,,,,,,,,,,,,,,,,,,,
front_end,,True,fast_lio2_odometry,,,,,,,,,,,,,,,,,,,,,,,,,,,,,,,,,,,,,,,
front_end,,True,fast_lio2_odometry,,,,,,,,,,,,,,,,,,,,,,,,,,,,,,,,,,,,,,,
front_end,,True,fast_lio2_odometry,,,,,,,,,,,,,,,,,,,,,,,,,,,,,,,,,,,,,,,
front_end,,True,fast_lio2_odometry,,,,,,,,,,,,,,,,,,,,,,,,,,,,,,,,,,,,,,,
optimized_backend,,,,,,,,,,,,,,,,,,,,,,,,,,,,,,,,,,,103,145,43,,,,pose_graph,True
optimized_backend,,,,,,,,,,,,,,,,,,,,,,,,,,,,,,,,,,,104,147,44,,,,pose_graph,True
front_end,,True,fast_lio2_odometry,,,,,,,,,,,,,,,,,,,,,,,,,,,,,,,,,,,,,,,
front_end,,True,fast_lio2_odometry,,,,,,,,,,,,,,,,,,,,,,,,,,,,,,,,,,,,,,,
front_end,,True,fast_lio2_odometry,,,,,,,,,,,,,,,,,,,,,,,,,,,,,,,,,,,,,,,
front_end,,True,fast_lio2_odometry,,,,,,,,,,,,,,,,,,,,,,,,,,,,,,,,,,,,,,,
front_end,,True,fast_lio2_odometry,,,,,,,,,,,,,,,,,,,,,,,,,,,,,,,,,,,,,,,
front_end,,True,fast_lio2_odometry,,,,,,,,,,,,,,,,,,,,,,,,,,,,,,,,,,,,,,,
front_end,,True,fast_lio2_odometry,,,,,,,,,,,,,,,,,,,,,,,,,,,,,,,,,,,,,,,
front_end,,True,fast_lio2_odometry,,,,,,,,,,,,,,,,,,,,,,,,,,,,,,,,,,,,,,,
front_end,,True,fast_lio2_odometry,,,,,,,,,,,,,,,,,,,,,,,,,,,,,,,,,,,,,,,
front_end,,True,fast_lio2_odometry,,,,,,,,,,,,,,,,,,,,,,,,,,,,,,,,,,,,,,,
optimized_backend,,,,,,,,,,,,,,,,,,,,,,,,,,,,,,,,,,,105,149,45,,,,pose_graph,True
optimized_backend,,,,,,,,,,,,,,,,,,,,,,,,,,,,,,,,,,,106,151,46,,,,pose_graph,True
front_end,,True,fast_lio2_odometry,,,,,,,,,,,,,,,,,,,,,,,,,,,,,,,,,,,,,,,
front_end,,True,fast_lio2_odometry,,,,,,,,,,,,,,,,,,,,,,,,,,,,,,,,,,,,,,,
front_end,,True,fast_lio2_odometry,,,,,,,,,,,,,,,,,,,,,,,,,,,,,,,,,,,,,,,
front_end,,True,fast_lio2_odometry,,,,,,,,,,,,,,,,,,,,,,,,,,,,,,,,,,,,,,,
front_end,,True,fast_lio2_odometry,,,,,,,,,,,,,,,,,,,,,,,,,,,,,,,,,,,,,,,
front_end,,True,fast_lio2_odometry,,,,,,,,,,,,,,,,,,,,,,,,,,,,,,,,,,,,,,,
front_end,,True,fast_lio2_odometry,,,,,,,,,,,,,,,,,,,,,,,,,,,,,,,,,,,,,,,
front_end,,True,fast_lio2_odometry,,,,,,,,,,,,,,,,,,,,,,,,,,,,,,,,,,,,,,,
front_end,,True,fast_lio2_odometry,,,,,,,,,,,,,,,,,,,,,,,,,,,,,,,,,,,,,,,
front_end,,True,fast_lio2_odometry,,,,,,,,,,,,,,,,,,,,,,,,,,,,,,,,,,,,,,,
optimized_backend,,,,,,,,,,,,,,,,,,,,,,,,,,,,,,,,,,,107,153,47,,,,pose_graph,True
optimized_backend,,,,,,,,,,,,,,,,,,,,,,,,,,,,,,,,,,,108,155,48,,,,pose_graph,True
optimized_backend,,,,,,,,,,,,,,,,,,,,,,,,,,,,,,,,,,,109,157,49,,,,pose_graph,True
front_end,,True,fast_lio2_odometry,,,,,,,,,,,,,,,,,,,,,,,,,,,,,,,,,,,,,,,
front_end,,True,fast_lio2_odometry,,,,,,,,,,,,,,,,,,,,,,,,,,,,,,,,,,,,,,,
front_end,,True,fast_lio2_odometry,,,,,,,,,,,,,,,,,,,,,,,,,,,,,,,,,,,,,,,
front_end,,True,fast_lio2_odometry,,,,,,,,,,,,,,,,,,,,,,,,,,,,,,,,,,,,,,,
front_end,,True,fast_lio2_odometry,,,,,,,,,,,,,,,,,,,,,,,,,,,,,,,,,,,,,,,
front_end,,True,fast_lio2_odometry,,,,,,,,,,,,,,,,,,,,,,,,,,,,,,,,,,,,,,,
front_end,,True,fast_lio2_odometry,,,,,,,,,,,,,,,,,,,,,,,,,,,,,,,,,,,,,,,
front_end,,True,fast_lio2_odometry,,,,,,,,,,,,,,,,,,,,,,,,,,,,,,,,,,,,,,,
front_end,,True,fast_lio2_odometry,,,,,,,,,,,,,,,,,,,,,,,,,,,,,,,,,,,,,,,
front_end,,True,fast_lio2_odometry,,,,,,,,,,,,,,,,,,,,,,,,,,,,,,,,,,,,,,,
optimized_backend,,,,,,,,,,,,,,,,,,,,,,,,,,,,,,,,,,,110,159,50,,,,pose_graph,True
optimized_backend,,,,,,,,,,,,,,,,,,,,,,,,,,,,,,,,,,,111,161,51,,,,pose_graph,True
front_end,,True,fast_lio2_odometry,,,,,,,,,,,,,,,,,,,,,,,,,,,,,,,,,,,,,,,
front_end,,True,fast_lio2_odometry,,,,,,,,,,,,,,,,,,,,,,,,,,,,,,,,,,,,,,,
front_end,,True,fast_lio2_odometry,,,,,,,,,,,,,,,,,,,,,,,,,,,,,,,,,,,,,,,
front_end,,True,fast_lio2_odometry,,,,,,,,,,,,,,,,,,,,,,,,,,,,,,,,,,,,,,,
front_end,,True,fast_lio2_odometry,,,,,,,,,,,,,,,,,,,,,,,,,,,,,,,,,,,,,,,
front_end,,True,fast_lio2_odometry,,,,,,,,,,,,,,,,,,,,,,,,,,,,,,,,,,,,,,,
front_end,,True,fast_lio2_odometry,,,,,,,,,,,,,,,,,,,,,,,,,,,,,,,,,,,,,,,
front_end,,True,fast_lio2_odometry,,,,,,,,,,,,,,,,,,,,,,,,,,,,,,,,,,,,,,,
front_end,,True,fast_lio2_odometry,,,,,,,,,,,,,,,,,,,,,,,,,,,,,,,,,,,,,,,
front_end,,True,fast_lio2_odometry,,,,,,,,,,,,,,,,,,,,,,,,,,,,,,,,,,,,,,,
optimized_backend,,,,,,,,,,,,,,,,,,,,,,,,,,,,,,,,,,,112,163,52,,,,pose_graph,True
front_end,,True,fast_lio2_odometry,,,,,,,,,,,,,,,,,,,,,,,,,,,,,,,,,,,,,,,
front_end,,True,fast_lio2_odometry,,,,,,,,,,,,,,,,,,,,,,,,,,,,,,,,,,,,,,,
front_end,,True,fast_lio2_odometry,,,,,,,,,,,,,,,,,,,,,,,,,,,,,,,,,,,,,,,
front_end,,True,fast_lio2_odometry,,,,,,,,,,,,,,,,,,,,,,,,,,,,,,,,,,,,,,,
front_end,,True,fast_lio2_odometry,,,,,,,,,,,,,,,,,,,,,,,,,,,,,,,,,,,,,,,
front_end,,True,fast_lio2_odometry,,,,,,,,,,,,,,,,,,,,,,,,,,,,,,,,,,,,,,,
front_end,,True,fast_lio2_odometry,,,,,,,,,,,,,,,,,,,,,,,,,,,,,,,,,,,,,,,
front_end,,True,fast_lio2_odometry,,,,,,,,,,,,,,,,,,,,,,,,,,,,,,,,,,,,,,,
front_end,,True,fast_lio2_odometry,,,,,,,,,,,,,,,,,,,,,,,,,,,,,,,,,,,,,,,
front_end,,True,fast_lio2_odometry,,,,,,,,,,,,,,,,,,,,,,,,,,,,,,,,,,,,,,,
optimized_backend,,,,,,,,,,,,,,,,,,,,,,,,,,,,,,,,,,,113,165,53,,,,pose_graph,True
front_end,,True,fast_lio2_odometry,,,,,,,,,,,,,,,,,,,,,,,,,,,,,,,,,,,,,,,
front_end,,True,fast_lio2_odometry,,,,,,,,,,,,,,,,,,,,,,,,,,,,,,,,,,,,,,,
front_end,,True,fast_lio2_odometry,,,,,,,,,,,,,,,,,,,,,,,,,,,,,,,,,,,,,,,
front_end,,True,fast_lio2_odometry,,,,,,,,,,,,,,,,,,,,,,,,,,,,,,,,,,,,,,,
front_end,,True,fast_lio2_odometry,,,,,,,,,,,,,,,,,,,,,,,,,,,,,,,,,,,,,,,
front_end,,True,fast_lio2_odometry,,,,,,,,,,,,,,,,,,,,,,,,,,,,,,,,,,,,,,,
front_end,,True,fast_lio2_odometry,,,,,,,,,,,,,,,,,,,,,,,,,,,,,,,,,,,,,,,
front_end,,True,fast_lio2_odometry,,,,,,,,,,,,,,,,,,,,,,,,,,,,,,,,,,,,,,,
front_end,,True,fast_lio2_odometry,,,,,,,,,,,,,,,,,,,,,,,,,,,,,,,,,,,,,,,
front_end,,True,fast_lio2_odometry,,,,,,,,,,,,,,,,,,,,,,,,,,,,,,,,,,,,,,,
front_end,,True,fast_lio2_odometry,,,,,,,,,,,,,,,,,,,,,,,,,,,,,,,,,,,,,,,
front_end,,True,fast_lio2_odometry,,,,,,,,,,,,,,,,,,,,,,,,,,,,,,,,,,,,,,,
optimized_backend,,,,,,,,,,,,,,,,,,,,,,,,,,,,,,,,,,,114,167,54,,,,pose_graph,True
front_end,,True,fast_lio2_odometry,,,,,,,,,,,,,,,,,,,,,,,,,,,,,,,,,,,,,,,
front_end,,True,fast_lio2_odometry,,,,,,,,,,,,,,,,,,,,,,,,,,,,,,,,,,,,,,,
front_end,,True,fast_lio2_odometry,,,,,,,,,,,,,,,,,,,,,,,,,,,,,,,,,,,,,,,
front_end,,True,fast_lio2_odometry,,,,,,,,,,,,,,,,,,,,,,,,,,,,,,,,,,,,,,,
front_end,,True,fast_lio2_odometry,,,,,,,,,,,,,,,,,,,,,,,,,,,,,,,,,,,,,,,
front_end,,True,fast_lio2_odometry,,,,,,,,,,,,,,,,,,,,,,,,,,,,,,,,,,,,,,,
front_end,,True,fast_lio2_odometry,,,,,,,,,,,,,,,,,,,,,,,,,,,,,,,,,,,,,,,
front_end,,True,fast_lio2_odometry,,,,,,,,,,,,,,,,,,,,,,,,,,,,,,,,,,,,,,,
front_end,,True,fast_lio2_odometry,,,,,,,,,,,,,,,,,,,,,,,,,,,,,,,,,,,,,,,
front_end,,True,fast_lio2_odometry,,,,,,,,,,,,,,,,,,,,,,,,,,,,,,,,,,,,,,,
front_end,,True,fast_lio2_odometry,,,,,,,,,,,,,,,,,,,,,,,,,,,,,,,,,,,,,,,
front_end,,True,fast_lio2_odometry,,,,,,,,,,,,,,,,,,,,,,,,,,,,,,,,,,,,,,,
front_end,,True,fast_lio2_odometry,,,,,,,,,,,,,,,,,,,,,,,,,,,,,,,,,,,,,,,
front_end,,True,fast_lio2_odometry,,,,,,,,,,,,,,,,,,,,,,,,,,,,,,,,,,,,,,,
front_end,,True,fast_lio2_odometry,,,,,,,,,,,,,,,,,,,,,,,,,,,,,,,,,,,,,,,
front_end,,True,fast_lio2_odometry,,,,,,,,,,,,,,,,,,,,,,,,,,,,,,,,,,,,,,,
front_end,,True,fast_lio2_odometry,,,,,,,,,,,,,,,,,,,,,,,,,,,,,,,,,,,,,,,
front_end,,True,fast_lio2_odometry,,,,,,,,,,,,,,,,,,,,,,,,,,,,,,,,,,,,,,,
optimized_backend,,,,,,,,,,,,,,,,,,,,,,,,,,,,,,,,,,,115,169,55,,,,pose_graph,True
front_end,,True,fast_lio2_odometry,,,,,,,,,,,,,,,,,,,,,,,,,,,,,,,,,,,,,,,
front_end,,True,fast_lio2_odometry,,,,,,,,,,,,,,,,,,,,,,,,,,,,,,,,,,,,,,,
front_end,,True,fast_lio2_odometry,,,,,,,,,,,,,,,,,,,,,,,,,,,,,,,,,,,,,,,
front_end,,True,fast_lio2_odometry,,,,,,,,,,,,,,,,,,,,,,,,,,,,,,,,,,,,,,,
front_end,,True,fast_lio2_odometry,,,,,,,,,,,,,,,,,,,,,,,,,,,,,,,,,,,,,,,
front_end,,True,fast_lio2_odometry,,,,,,,,,,,,,,,,,,,,,,,,,,,,,,,,,,,,,,,
front_end,,True,fast_lio2_odometry,,,,,,,,,,,,,,,,,,,,,,,,,,,,,,,,,,,,,,,
front_end,,True,fast_lio2_odometry,,,,,,,,,,,,,,,,,,,,,,,,,,,,,,,,,,,,,,,
front_end,,True,fast_lio2_odometry,,,,,,,,,,,,,,,,,,,,,,,,,,,,,,,,,,,,,,,
front_end,,True,fast_lio2_odometry,,,,,,,,,,,,,,,,,,,,,,,,,,,,,,,,,,,,,,,
front_end,,True,fast_lio2_odometry,,,,,,,,,,,,,,,,,,,,,,,,,,,,,,,,,,,,,,,
front_end,,True,fast_lio2_odometry,,,,,,,,,,,,,,,,,,,,,,,,,,,,,,,,,,,,,,,
front_end,,True,fast_lio2_odometry,,,,,,,,,,,,,,,,,,,,,,,,,,,,,,,,,,,,,,,
front_end,,True,fast_lio2_odometry,,,,,,,,,,,,,,,,,,,,,,,,,,,,,,,,,,,,,,,
front_end,,True,fast_lio2_odometry,,,,,,,,,,,,,,,,,,,,,,,,,,,,,,,,,,,,,,,
front_end,,True,fast_lio2_odometry,,,,,,,,,,,,,,,,,,,,,,,,,,,,,,,,,,,,,,,
front_end,,True,fast_lio2_odometry,,,,,,,,,,,,,,,,,,,,,,,,,,,,,,,,,,,,,,,
front_end,,True,fast_lio2_odometry,,,,,,,,,,,,,,,,,,,,,,,,,,,,,,,,,,,,,,,
front_end,,True,fast_lio2_odometry,,,,,,,,,,,,,,,,,,,,,,,,,,,,,,,,,,,,,,,
front_end,,True,fast_lio2_odometry,,,,,,,,,,,,,,,,,,,,,,,,,,,,,,,,,,,,,,,
front_end,,True,fast_lio2_odometry,,,,,,,,,,,,,,,,,,,,,,,,,,,,,,,,,,,,,,,
front_end,,True,fast_lio2_odometry,,,,,,,,,,,,,,,,,,,,,,,,,,,,,,,,,,,,,,,
front_end,,True,fast_lio2_odometry,,,,,,,,,,,,,,,,,,,,,,,,,,,,,,,,,,,,,,,
front_end,,True,fast_lio2_odometry,,,,,,,,,,,,,,,,,,,,,,,,,,,,,,,,,,,,,,,
front_end,,True,fast_lio2_odometry,,,,,,,,,,,,,,,,,,,,,,,,,,,,,,,,,,,,,,,
front_end,,True,fast_lio2_odometry,,,,,,,,,,,,,,,,,,,,,,,,,,,,,,,,,,,,,,,
front_end,,True,fast_lio2_odometry,,,,,,,,,,,,,,,,,,,,,,,,,,,,,,,,,,,,,,,
front_end,,True,fast_lio2_odometry,,,,,,,,,,,,,,,,,,,,,,,,,,,,,,,,,,,,,,,
front_end,,True,fast_lio2_odometry,,,,,,,,,,,,,,,,,,,,,,,,,,,,,,,,,,,,,,,
front_end,,True,fast_lio2_odometry,,,,,,,,,,,,,,,,,,,,,,,,,,,,,,,,,,,,,,,
front_end,,True,fast_lio2_odometry,,,,,,,,,,,,,,,,,,,,,,,,,,,,,,,,,,,,,,,
front_end,,True,fast_lio2_odometry,,,,,,,,,,,,,,,,,,,,,,,,,,,,,,,,,,,,,,,
front_end,,True,fast_lio2_odometry,,,,,,,,,,,,,,,,,,,,,,,,,,,,,,,,,,,,,,,
front_end,,True,fast_lio2_odometry,,,,,,,,,,,,,,,,,,,,,,,,,,,,,,,,,,,,,,,
front_end,,True,fast_lio2_odometry,,,,,,,,,,,,,,,,,,,,,,,,,,,,,,,,,,,,,,,
front_end,,True,fast_lio2_odometry,,,,,,,,,,,,,,,,,,,,,,,,,,,,,,,,,,,,,,,
front_end,,True,fast_lio2_odometry,,,,,,,,,,,,,,,,,,,,,,,,,,,,,,,,,,,,,,,
front_end,,True,fast_lio2_odometry,,,,,,,,,,,,,,,,,,,,,,,,,,,,,,,,,,,,,,,
front_end,,True,fast_lio2_odometry,,,,,,,,,,,,,,,,,,,,,,,,,,,,,,,,,,,,,,,
front_end,,True,fast_lio2_odometry,,,,,,,,,,,,,,,,,,,,,,,,,,,,,,,,,,,,,,,
front_end,,True,fast_lio2_odometry,,,,,,,,,,,,,,,,,,,,,,,,,,,,,,,,,,,,,,,
front_end,,True,fast_lio2_odometry,,,,,,,,,,,,,,,,,,,,,,,,,,,,,,,,,,,,,,,
front_end,,True,fast_lio2_odometry,,,,,,,,,,,,,,,,,,,,,,,,,,,,,,,,,,,,,,,
front_end,,True,fast_lio2_odometry,,,,,,,,,,,,,,,,,,,,,,,,,,,,,,,,,,,,,,,
front_end,,True,fast_lio2_odometry,,,,,,,,,,,,,,,,,,,,,,,,,,,,,,,,,,,,,,,
front_end,,True,fast_lio2_odometry,,,,,,,,,,,,,,,,,,,,,,,,,,,,,,,,,,,,,,,
front_end,,True,fast_lio2_odometry,,,,,,,,,,,,,,,,,,,,,,,,,,,,,,,,,,,,,,,
front_end,,True,fast_lio2_odometry,,,,,,,,,,,,,,,,,,,,,,,,,,,,,,,,,,,,,,,
front_end,,True,fast_lio2_odometry,,,,,,,,,,,,,,,,,,,,,,,,,,,,,,,,,,,,,,,
front_end,,True,fast_lio2_odometry,,,,,,,,,,,,,,,,,,,,,,,,,,,,,,,,,,,,,,,
front_end,,True,fast_lio2_odometry,,,,,,,,,,,,,,,,,,,,,,,,,,,,,,,,,,,,,,,
front_end,,True,fast_lio2_odometry,,,,,,,,,,,,,,,,,,,,,,,,,,,,,,,,,,,,,,,
front_end,,True,fast_lio2_odometry,,,,,,,,,,,,,,,,,,,,,,,,,,,,,,,,,,,,,,,
front_end,,True,fast_lio2_odometry,,,,,,,,,,,,,,,,,,,,,,,,,,,,,,,,,,,,,,,
front_end,,True,fast_lio2_odometry,,,,,,,,,,,,,,,,,,,,,,,,,,,,,,,,,,,,,,,
front_end,,True,fast_lio2_odometry,,,,,,,,,,,,,,,,,,,,,,,,,,,,,,,,,,,,,,,
front_end,,True,fast_lio2_odometry,,,,,,,,,,,,,,,,,,,,,,,,,,,,,,,,,,,,,,,
front_end,,True,fast_lio2_odometry,,,,,,,,,,,,,,,,,,,,,,,,,,,,,,,,,,,,,,,
front_end,,True,fast_lio2_odometry,,,,,,,,,,,,,,,,,,,,,,,,,,,,,,,,,,,,,,,
front_end,,True,fast_lio2_odometry,,,,,,,,,,,,,,,,,,,,,,,,,,,,,,,,,,,,,,,
front_end,,True,fast_lio2_odometry,,,,,,,,,,,,,,,,,,,,,,,,,,,,,,,,,,,,,,,
front_end,,True,fast_lio2_odometry,,,,,,,,,,,,,,,,,,,,,,,,,,,,,,,,,,,,,,,
front_end,,True,fast_lio2_odometry,,,,,,,,,,,,,,,,,,,,,,,,,,,,,,,,,,,,,,,
front_end,,True,fast_lio2_odometry,,,,,,,,,,,,,,,,,,,,,,,,,,,,,,,,,,,,,,,
front_end,,True,fast_lio2_odometry,,,,,,,,,,,,,,,,,,,,,,,,,,,,,,,,,,,,,,,
front_end,,True,fast_lio2_odometry,,,,,,,,,,,,,,,,,,,,,,,,,,,,,,,,,,,,,,,
front_end,,True,fast_lio2_odometry,,,,,,,,,,,,,,,,,,,,,,,,,,,,,,,,,,,,,,,
front_end,,True,fast_lio2_odometry,,,,,,,,,,,,,,,,,,,,,,,,,,,,,,,,,,,,,,,
front_end,,True,fast_lio2_odometry,,,,,,,,,,,,,,,,,,,,,,,,,,,,,,,,,,,,,,,
front_end,,True,fast_lio2_odometry,,,,,,,,,,,,,,,,,,,,,,,,,,,,,,,,,,,,,,,
front_end,,True,fast_lio2_odometry,,,,,,,,,,,,,,,,,,,,,,,,,,,,,,,,,,,,,,,
front_end,,True,fast_lio2_odometry,,,,,,,,,,,,,,,,,,,,,,,,,,,,,,,,,,,,,,,
front_end,,True,fast_lio2_odometry,,,,,,,,,,,,,,,,,,,,,,,,,,,,,,,,,,,,,,,
front_end,,True,fast_lio2_odometry,,,,,,,,,,,,,,,,,,,,,,,,,,,,,,,,,,,,,,,
front_end,,True,fast_lio2_odometry,,,,,,,,,,,,,,,,,,,,,,,,,,,,,,,,,,,,,,,
front_end,,True,fast_lio2_odometry,,,,,,,,,,,,,,,,,,,,,,,,,,,,,,,,,,,,,,,
front_end,,True,fast_lio2_odometry,,,,,,,,,,,,,,,,,,,,,,,,,,,,,,,,,,,,,,,
front_end,,True,fast_lio2_odometry,,,,,,,,,,,,,,,,,,,,,,,,,,,,,,,,,,,,,,,
front_end,,True,fast_lio2_odometry,,,,,,,,,,,,,,,,,,,,,,,,,,,,,,,,,,,,,,,
front_end,,True,fast_lio2_odometry,,,,,,,,,,,,,,,,,,,,,,,,,,,,,,,,,,,,,,,
front_end,,True,fast_lio2_odometry,,,,,,,,,,,,,,,,,,,,,,,,,,,,,,,,,,,,,,,
front_end,,True,fast_lio2_odometry,,,,,,,,,,,,,,,,,,,,,,,,,,,,,,,,,,,,,,,
front_end,,True,fast_lio2_odometry,,,,,,,,,,,,,,,,,,,,,,,,,,,,,,,,,,,,,,,
front_end,,True,fast_lio2_odometry,,,,,,,,,,,,,,,,,,,,,,,,,,,,,,,,,,,,,,,
front_end,,True,fast_lio2_odometry,,,,,,,,,,,,,,,,,,,,,,,,,,,,,,,,,,,,,,,
front_end,,True,fast_lio2_odometry,,,,,,,,,,,,,,,,,,,,,,,,,,,,,,,,,,,,,,,
front_end,,True,fast_lio2_odometry,,,,,,,,,,,,,,,,,,,,,,,,,,,,,,,,,,,,,,,
front_end,,True,fast_lio2_odometry,,,,,,,,,,,,,,,,,,,,,,,,,,,,,,,,,,,,,,,
front_end,,True,fast_lio2_odometry,,,,,,,,,,,,,,,,,,,,,,,,,,,,,,,,,,,,,,,
front_end,,True,fast_lio2_odometry,,,,,,,,,,,,,,,,,,,,,,,,,,,,,,,,,,,,,,,
front_end,,True,fast_lio2_odometry,,,,,,,,,,,,,,,,,,,,,,,,,,,,,,,,,,,,,,,
front_end,,True,fast_lio2_odometry,,,,,,,,,,,,,,,,,,,,,,,,,,,,,,,,,,,,,,,
front_end,,True,fast_lio2_odometry,,,,,,,,,,,,,,,,,,,,,,,,,,,,,,,,,,,,,,,
front_end,,True,fast_lio2_odometry,,,,,,,,,,,,,,,,,,,,,,,,,,,,,,,,,,,,,,,
front_end,,True,fast_lio2_odometry,,,,,,,,,,,,,,,,,,,,,,,,,,,,,,,,,,,,,,,
front_end,,True,fast_lio2_odometry,,,,,,,,,,,,,,,,,,,,,,,,,,,,,,,,,,,,,,,
front_end,,True,fast_lio2_odometry,,,,,,,,,,,,,,,,,,,,,,,,,,,,,,,,,,,,,,,
front_end,,True,fast_lio2_odometry,,,,,,,,,,,,,,,,,,,,,,,,,,,,,,,,,,,,,,,
front_end,,True,fast_lio2_odometry,,,,,,,,,,,,,,,,,,,,,,,,,,,,,,,,,,,,,,,
front_end,,True,fast_lio2_odometry,,,,,,,,,,,,,,,,,,,,,,,,,,,,,,,,,,,,,,,
front_end,,True,fast_lio2_odometry,,,,,,,,,,,,,,,,,,,,,,,,,,,,,,,,,,,,,,,
front_end,,True,fast_lio2_odometry,,,,,,,,,,,,,,,,,,,,,,,,,,,,,,,,,,,,,,,
front_end,,True,fast_lio2_odometry,,,,,,,,,,,,,,,,,,,,,,,,,,,,,,,,,,,,,,,
front_end,,True,fast_lio2_odometry,,,,,,,,,,,,,,,,,,,,,,,,,,,,,,,,,,,,,,,
front_end,,True,fast_lio2_odometry,,,,,,,,,,,,,,,,,,,,,,,,,,,,,,,,,,,,,,,
front_end,,True,fast_lio2_odometry,,,,,,,,,,,,,,,,,,,,,,,,,,,,,,,,,,,,,,,
front_end,,True,fast_lio2_odometry,,,,,,,,,,,,,,,,,,,,,,,,,,,,,,,,,,,,,,,
front_end,,True,fast_lio2_odometry,,,,,,,,,,,,,,,,,,,,,,,,,,,,,,,,,,,,,,,
front_end,,True,fast_lio2_odometry,,,,,,,,,,,,,,,,,,,,,,,,,,,,,,,,,,,,,,,
front_end,,True,fast_lio2_odometry,,,,,,,,,,,,,,,,,,,,,,,,,,,,,,,,,,,,,,,
front_end,,True,fast_lio2_odometry,,,,,,,,,,,,,,,,,,,,,,,,,,,,,,,,,,,,,,,
front_end,,True,fast_lio2_odometry,,,,,,,,,,,,,,,,,,,,,,,,,,,,,,,,,,,,,,,
front_end,,True,fast_lio2_odometry,,,,,,,,,,,,,,,,,,,,,,,,,,,,,,,,,,,,,,,
front_end,,True,fast_lio2_odometry,,,,,,,,,,,,,,,,,,,,,,,,,,,,,,,,,,,,,,,
front_end,,True,fast_lio2_odometry,,,,,,,,,,,,,,,,,,,,,,,,,,,,,,,,,,,,,,,
front_end,,True,fast_lio2_odometry,,,,,,,,,,,,,,,,,,,,,,,,,,,,,,,,,,,,,,,
front_end,,True,fast_lio2_odometry,,,,,,,,,,,,,,,,,,,,,,,,,,,,,,,,,,,,,,,
front_end,,True,fast_lio2_odometry,,,,,,,,,,,,,,,,,,,,,,,,,,,,,,,,,,,,,,,
front_end,,True,fast_lio2_odometry,,,,,,,,,,,,,,,,,,,,,,,,,,,,,,,,,,,,,,,
front_end,,True,fast_lio2_odometry,,,,,,,,,,,,,,,,,,,,,,,,,,,,,,,,,,,,,,,
front_end,,True,fast_lio2_odometry,,,,,,,,,,,,,,,,,,,,,,,,,,,,,,,,,,,,,,,
front_end,,True,fast_lio2_odometry,,,,,,,,,,,,,,,,,,,,,,,,,,,,,,,,,,,,,,,
front_end,,True,fast_lio2_odometry,,,,,,,,,,,,,,,,,,,,,,,,,,,,,,,,,,,,,,,
front_end,,True,fast_lio2_odometry,,,,,,,,,,,,,,,,,,,,,,,,,,,,,,,,,,,,,,,
front_end,,True,fast_lio2_odometry,,,,,,,,,,,,,,,,,,,,,,,,,,,,,,,,,,,,,,,
front_end,,True,fast_lio2_odometry,,,,,,,,,,,,,,,,,,,,,,,,,,,,,,,,,,,,,,,
front_end,,True,fast_lio2_odometry,,,,,,,,,,,,,,,,,,,,,,,,,,,,,,,,,,,,,,,
front_end,,True,fast_lio2_odometry,,,,,,,,,,,,,,,,,,,,,,,,,,,,,,,,,,,,,,,
front_end,,True,fast_lio2_odometry,,,,,,,,,,,,,,,,,,,,,,,,,,,,,,,,,,,,,,,
front_end,,True,fast_lio2_odometry,,,,,,,,,,,,,,,,,,,,,,,,,,,,,,,,,,,,,,,
front_end,,True,fast_lio2_odometry,,,,,,,,,,,,,,,,,,,,,,,,,,,,,,,,,,,,,,,
front_end,,True,fast_lio2_odometry,,,,,,,,,,,,,,,,,,,,,,,,,,,,,,,,,,,,,,,
front_end,,True,fast_lio2_odometry,,,,,,,,,,,,,,,,,,,,,,,,,,,,,,,,,,,,,,,
front_end,,True,fast_lio2_odometry,,,,,,,,,,,,,,,,,,,,,,,,,,,,,,,,,,,,,,,
front_end,,True,fast_lio2_odometry,,,,,,,,,,,,,,,,,,,,,,,,,,,,,,,,,,,,,,,
front_end,,True,fast_lio2_odometry,,,,,,,,,,,,,,,,,,,,,,,,,,,,,,,,,,,,,,,
front_end,,True,fast_lio2_odometry,,,,,,,,,,,,,,,,,,,,,,,,,,,,,,,,,,,,,,,
front_end,,True,fast_lio2_odometry,,,,,,,,,,,,,,,,,,,,,,,,,,,,,,,,,,,,,,,
front_end,,True,fast_lio2_odometry,,,,,,,,,,,,,,,,,,,,,,,,,,,,,,,,,,,,,,,
front_end,,True,fast_lio2_odometry,,,,,,,,,,,,,,,,,,,,,,,,,,,,,,,,,,,,,,,
front_end,,True,fast_lio2_odometry,,,,,,,,,,,,,,,,,,,,,,,,,,,,,,,,,,,,,,,
front_end,,True,fast_lio2_odometry,,,,,,,,,,,,,,,,,,,,,,,,,,,,,,,,,,,,,,,
front_end,,True,fast_lio2_odometry,,,,,,,,,,,,,,,,,,,,,,,,,,,,,,,,,,,,,,,
front_end,,True,fast_lio2_odometry,,,,,,,,,,,,,,,,,,,,,,,,,,,,,,,,,,,,,,,
front_end,,True,fast_lio2_odometry,,,,,,,,,,,,,,,,,,,,,,,,,,,,,,,,,,,,,,,
front_end,,True,fast_lio2_odometry,,,,,,,,,,,,,,,,,,,,,,,,,,,,,,,,,,,,,,,
front_end,,True,fast_lio2_odometry,,,,,,,,,,,,,,,,,,,,,,,,,,,,,,,,,,,,,,,
front_end,,True,fast_lio2_odometry,,,,,,,,,,,,,,,,,,,,,,,,,,,,,,,,,,,,,,,
front_end,,True,fast_lio2_odometry,,,,,,,,,,,,,,,,,,,,,,,,,,,,,,,,,,,,,,,
front_end,,True,fast_lio2_odometry,,,,,,,,,,,,,,,,,,,,,,,,,,,,,,,,,,,,,,,
front_end,,True,fast_lio2_odometry,,,,,,,,,,,,,,,,,,,,,,,,,,,,,,,,,,,,,,,
front_end,,True,fast_lio2_odometry,,,,,,,,,,,,,,,,,,,,,,,,,,,,,,,,,,,,,,,
front_end,,True,fast_lio2_odometry,,,,,,,,,,,,,,,,,,,,,,,,,,,,,,,,,,,,,,,
front_end,,True,fast_lio2_odometry,,,,,,,,,,,,,,,,,,,,,,,,,,,,,,,,,,,,,,,
front_end,,True,fast_lio2_odometry,,,,,,,,,,,,,,,,,,,,,,,,,,,,,,,,,,,,,,,
front_end,,True,fast_lio2_odometry,,,,,,,,,,,,,,,,,,,,,,,,,,,,,,,,,,,,,,,
front_end,,True,fast_lio2_odometry,,,,,,,,,,,,,,,,,,,,,,,,,,,,,,,,,,,,,,,
front_end,,True,fast_lio2_odometry,,,,,,,,,,,,,,,,,,,,,,,,,,,,,,,,,,,,,,,
front_end,,True,fast_lio2_odometry,,,,,,,,,,,,,,,,,,,,,,,,,,,,,,,,,,,,,,,
front_end,,True,fast_lio2_odometry,,,,,,,,,,,,,,,,,,,,,,,,,,,,,,,,,,,,,,,
front_end,,True,fast_lio2_odometry,,,,,,,,,,,,,,,,,,,,,,,,,,,,,,,,,,,,,,,
front_end,,True,fast_lio2_odometry,,,,,,,,,,,,,,,,,,,,,,,,,,,,,,,,,,,,,,,
front_end,,True,fast_lio2_odometry,,,,,,,,,,,,,,,,,,,,,,,,,,,,,,,,,,,,,,,
front_end,,True,fast_lio2_odometry,,,,,,,,,,,,,,,,,,,,,,,,,,,,,,,,,,,,,,,
front_end,,True,fast_lio2_odometry,,,,,,,,,,,,,,,,,,,,,,,,,,,,,,,,,,,,,,,
front_end,,True,fast_lio2_odometry,,,,,,,,,,,,,,,,,,,,,,,,,,,,,,,,,,,,,,,
front_end,,True,fast_lio2_odometry,,,,,,,,,,,,,,,,,,,,,,,,,,,,,,,,,,,,,,,
front_end,,True,fast_lio2_odometry,,,,,,,,,,,,,,,,,,,,,,,,,,,,,,,,,,,,,,,
front_end,,True,fast_lio2_odometry,,,,,,,,,,,,,,,,,,,,,,,,,,,,,,,,,,,,,,,
front_end,,True,fast_lio2_odometry,,,,,,,,,,,,,,,,,,,,,,,,,,,,,,,,,,,,,,,
optimized_backend,,,,,,,,,,,,,,,,,,,,,,,,,,,,,,,,,,,116,171,56,,,,pose_graph,True
front_end,,True,fast_lio2_odometry,,,,,,,,,,,,,,,,,,,,,,,,,,,,,,,,,,,,,,,
front_end,,True,fast_lio2_odometry,,,,,,,,,,,,,,,,,,,,,,,,,,,,,,,,,,,,,,,
front_end,,True,fast_lio2_odometry,,,,,,,,,,,,,,,,,,,,,,,,,,,,,,,,,,,,,,,
front_end,,True,fast_lio2_odometry,,,,,,,,,,,,,,,,,,,,,,,,,,,,,,,,,,,,,,,
front_end,,True,fast_lio2_odometry,,,,,,,,,,,,,,,,,,,,,,,,,,,,,,,,,,,,,,,
front_end,,True,fast_lio2_odometry,,,,,,,,,,,,,,,,,,,,,,,,,,,,,,,,,,,,,,,
front_end,,True,fast_lio2_odometry,,,,,,,,,,,,,,,,,,,,,,,,,,,,,,,,,,,,,,,
front_end,,True,fast_lio2_odometry,,,,,,,,,,,,,,,,,,,,,,,,,,,,,,,,,,,,,,,
front_end,,True,fast_lio2_odometry,,,,,,,,,,,,,,,,,,,,,,,,,,,,,,,,,,,,,,,
front_end,,True,fast_lio2_odometry,,,,,,,,,,,,,,,,,,,,,,,,,,,,,,,,,,,,,,,
optimized_backend,,,,,,,,,,,,,,,,,,,,,,,,,,,,,,,,,,,117,173,57,,,,pose_graph,True
front_end,,True,fast_lio2_odometry,,,,,,,,,,,,,,,,,,,,,,,,,,,,,,,,,,,,,,,
front_end,,True,fast_lio2_odometry,,,,,,,,,,,,,,,,,,,,,,,,,,,,,,,,,,,,,,,
front_end,,True,fast_lio2_odometry,,,,,,,,,,,,,,,,,,,,,,,,,,,,,,,,,,,,,,,
front_end,,True,fast_lio2_odometry,,,,,,,,,,,,,,,,,,,,,,,,,,,,,,,,,,,,,,,
front_end,,True,fast_lio2_odometry,,,,,,,,,,,,,,,,,,,,,,,,,,,,,,,,,,,,,,,
front_end,,True,fast_lio2_odometry,,,,,,,,,,,,,,,,,,,,,,,,,,,,,,,,,,,,,,,
front_end,,True,fast_lio2_odometry,,,,,,,,,,,,,,,,,,,,,,,,,,,,,,,,,,,,,,,
front_end,,True,fast_lio2_odometry,,,,,,,,,,,,,,,,,,,,,,,,,,,,,,,,,,,,,,,
front_end,,True,fast_lio2_odometry,,,,,,,,,,,,,,,,,,,,,,,,,,,,,,,,,,,,,,,
front_end,,True,fast_lio2_odometry,,,,,,,,,,,,,,,,,,,,,,,,,,,,,,,,,,,,,,,
optimized_backend,,,,,,,,,,,,,,,,,,,,,,,,,,,,,,,,,,,118,175,58,,,,pose_graph,True
front_end,,True,fast_lio2_odometry,,,,,,,,,,,,,,,,,,,,,,,,,,,,,,,,,,,,,,,
front_end,,True,fast_lio2_odometry,,,,,,,,,,,,,,,,,,,,,,,,,,,,,,,,,,,,,,,
front_end,,True,fast_lio2_odometry,,,,,,,,,,,,,,,,,,,,,,,,,,,,,,,,,,,,,,,
front_end,,True,fast_lio2_odometry,,,,,,,,,,,,,,,,,,,,,,,,,,,,,,,,,,,,,,,
front_end,,True,fast_lio2_odometry,,,,,,,,,,,,,,,,,,,,,,,,,,,,,,,,,,,,,,,
front_end,,True,fast_lio2_odometry,,,,,,,,,,,,,,,,,,,,,,,,,,,,,,,,,,,,,,,
front_end,,True,fast_lio2_odometry,,,,,,,,,,,,,,,,,,,,,,,,,,,,,,,,,,,,,,,
front_end,,True,fast_lio2_odometry,,,,,,,,,,,,,,,,,,,,,,,,,,,,,,,,,,,,,,,
front_end,,True,fast_lio2_odometry,,,,,,,,,,,,,,,,,,,,,,,,,,,,,,,,,,,,,,,
front_end,,True,fast_lio2_odometry,,,,,,,,,,,,,,,,,,,,,,,,,,,,,,,,,,,,,,,
front_end,,True,fast_lio2_odometry,,,,,,,,,,,,,,,,,,,,,,,,,,,,,,,,,,,,,,,
front_end,,True,fast_lio2_odometry,,,,,,,,,,,,,,,,,,,,,,,,,,,,,,,,,,,,,,,
front_end,,True,fast_lio2_odometry,,,,,,,,,,,,,,,,,,,,,,,,,,,,,,,,,,,,,,,
optimized_backend,,,,,,,,,,,,,,,,,,,,,,,,,,,,,,,,,,,119,177,59,,,,pose_graph,True
front_end,,True,fast_lio2_odometry,,,,,,,,,,,,,,,,,,,,,,,,,,,,,,,,,,,,,,,
front_end,,True,fast_lio2_odometry,,,,,,,,,,,,,,,,,,,,,,,,,,,,,,,,,,,,,,,
front_end,,True,fast_lio2_odometry,,,,,,,,,,,,,,,,,,,,,,,,,,,,,,,,,,,,,,,
front_end,,True,fast_lio2_odometry,,,,,,,,,,,,,,,,,,,,,,,,,,,,,,,,,,,,,,,
front_end,,True,fast_lio2_odometry,,,,,,,,,,,,,,,,,,,,,,,,,,,,,,,,,,,,,,,
front_end,,True,fast_lio2_odometry,,,,,,,,,,,,,,,,,,,,,,,,,,,,,,,,,,,,,,,
front_end,,True,fast_lio2_odometry,,,,,,,,,,,,,,,,,,,,,,,,,,,,,,,,,,,,,,,
front_end,,True,fast_lio2_odometry,,,,,,,,,,,,,,,,,,,,,,,,,,,,,,,,,,,,,,,
front_end,,True,fast_lio2_odometry,,,,,,,,,,,,,,,,,,,,,,,,,,,,,,,,,,,,,,,
front_end,,True,fast_lio2_odometry,,,,,,,,,,,,,,,,,,,,,,,,,,,,,,,,,,,,,,,
optimized_backend,,,,,,,,,,,,,,,,,,,,,,,,,,,,,,,,,,,120,179,60,,,,pose_graph,True
front_end,,True,fast_lio2_odometry,,,,,,,,,,,,,,,,,,,,,,,,,,,,,,,,,,,,,,,
front_end,,True,fast_lio2_odometry,,,,,,,,,,,,,,,,,,,,,,,,,,,,,,,,,,,,,,,
front_end,,True,fast_lio2_odometry,,,,,,,,,,,,,,,,,,,,,,,,,,,,,,,,,,,,,,,
front_end,,True,fast_lio2_odometry,,,,,,,,,,,,,,,,,,,,,,,,,,,,,,,,,,,,,,,
front_end,,True,fast_lio2_odometry,,,,,,,,,,,,,,,,,,,,,,,,,,,,,,,,,,,,,,,
front_end,,True,fast_lio2_odometry,,,,,,,,,,,,,,,,,,,,,,,,,,,,,,,,,,,,,,,
front_end,,True,fast_lio2_odometry,,,,,,,,,,,,,,,,,,,,,,,,,,,,,,,,,,,,,,,
front_end,,True,fast_lio2_odometry,,,,,,,,,,,,,,,,,,,,,,,,,,,,,,,,,,,,,,,
front_end,,True,fast_lio2_odometry,,,,,,,,,,,,,,,,,,,,,,,,,,,,,,,,,,,,,,,
front_end,,True,fast_lio2_odometry,,,,,,,,,,,,,,,,,,,,,,,,,,,,,,,,,,,,,,,
front_end,,True,fast_lio2_odometry,,,,,,,,,,,,,,,,,,,,,,,,,,,,,,,,,,,,,,,
front_end,,True,fast_lio2_odometry,,,,,,,,,,,,,,,,,,,,,,,,,,,,,,,,,,,,,,,
front_end,,True,fast_lio2_odometry,,,,,,,,,,,,,,,,,,,,,,,,,,,,,,,,,,,,,,,
front_end,,True,fast_lio2_odometry,,,,,,,,,,,,,,,,,,,,,,,,,,,,,,,,,,,,,,,
front_end,,True,fast_lio2_odometry,,,,,,,,,,,,,,,,,,,,,,,,,,,,,,,,,,,,,,,
front_end,,True,fast_lio2_odometry,,,,,,,,,,,,,,,,,,,,,,,,,,,,,,,,,,,,,,,
front_end,,True,fast_lio2_odometry,,,,,,,,,,,,,,,,,,,,,,,,,,,,,,,,,,,,,,,
front_end,,True,fast_lio2_odometry,,,,,,,,,,,,,,,,,,,,,,,,,,,,,,,,,,,,,,,
front_end,,True,fast_lio2_odometry,,,,,,,,,,,,,,,,,,,,,,,,,,,,,,,,,,,,,,,
front_end,,True,fast_lio2_odometry,,,,,,,,,,,,,,,,,,,,,,,,,,,,,,,,,,,,,,,
front_end,,True,fast_lio2_odometry,,,,,,,,,,,,,,,,,,,,,,,,,,,,,,,,,,,,,,,
front_end,,True,fast_lio2_odometry,,,,,,,,,,,,,,,,,,,,,,,,,,,,,,,,,,,,,,,
front_end,,True,fast_lio2_odometry,,,,,,,,,,,,,,,,,,,,,,,,,,,,,,,,,,,,,,,
front_end,,True,fast_lio2_odometry,,,,,,,,,,,,,,,,,,,,,,,,,,,,,,,,,,,,,,,
front_end,,True,fast_lio2_odometry,,,,,,,,,,,,,,,,,,,,,,,,,,,,,,,,,,,,,,,
front_end,,True,fast_lio2_odometry,,,,,,,,,,,,,,,,,,,,,,,,,,,,,,,,,,,,,,,
front_end,,True,fast_lio2_odometry,,,,,,,,,,,,,,,,,,,,,,,,,,,,,,,,,,,,,,,
front_end,,True,fast_lio2_odometry,,,,,,,,,,,,,,,,,,,,,,,,,,,,,,,,,,,,,,,
front_end,,True,fast_lio2_odometry,,,,,,,,,,,,,,,,,,,,,,,,,,,,,,,,,,,,,,,
front_end,,True,fast_lio2_odometry,,,,,,,,,,,,,,,,,,,,,,,,,,,,,,,,,,,,,,,
front_end,,True,fast_lio2_odometry,,,,,,,,,,,,,,,,,,,,,,,,,,,,,,,,,,,,,,,
front_end,,True,fast_lio2_odometry,,,,,,,,,,,,,,,,,,,,,,,,,,,,,,,,,,,,,,,
front_end,,True,fast_lio2_odometry,,,,,,,,,,,,,,,,,,,,,,,,,,,,,,,,,,,,,,,
front_end,,True,fast_lio2_odometry,,,,,,,,,,,,,,,,,,,,,,,,,,,,,,,,,,,,,,,
front_end,,True,fast_lio2_odometry,,,,,,,,,,,,,,,,,,,,,,,,,,,,,,,,,,,,,,,
front_end,,True,fast_lio2_odometry,,,,,,,,,,,,,,,,,,,,,,,,,,,,,,,,,,,,,,,
front_end,,True,fast_lio2_odometry,,,,,,,,,,,,,,,,,,,,,,,,,,,,,,,,,,,,,,,
optimized_backend,,,,,,,,,,,,,,,,,,,,,,,,,,,,,,,,,,,121,181,61,,,,pose_graph,True
optimized_backend,,,,,,,,,,,,,,,,,,,,,,,,,,,,,,,,,,,122,183,62,,,,pose_graph,True
front_end,,True,fast_lio2_odometry,,,,,,,,,,,,,,,,,,,,,,,,,,,,,,,,,,,,,,,
front_end,,True,fast_lio2_odometry,,,,,,,,,,,,,,,,,,,,,,,,,,,,,,,,,,,,,,,
front_end,,True,fast_lio2_odometry,,,,,,,,,,,,,,,,,,,,,,,,,,,,,,,,,,,,,,,
front_end,,True,fast_lio2_odometry,,,,,,,,,,,,,,,,,,,,,,,,,,,,,,,,,,,,,,,
front_end,,True,fast_lio2_odometry,,,,,,,,,,,,,,,,,,,,,,,,,,,,,,,,,,,,,,,
front_end,,True,fast_lio2_odometry,,,,,,,,,,,,,,,,,,,,,,,,,,,,,,,,,,,,,,,
front_end,,True,fast_lio2_odometry,,,,,,,,,,,,,,,,,,,,,,,,,,,,,,,,,,,,,,,
front_end,,True,fast_lio2_odometry,,,,,,,,,,,,,,,,,,,,,,,,,,,,,,,,,,,,,,,
front_end,,True,fast_lio2_odometry,,,,,,,,,,,,,,,,,,,,,,,,,,,,,,,,,,,,,,,
front_end,,True,fast_lio2_odometry,,,,,,,,,,,,,,,,,,,,,,,,,,,,,,,,,,,,,,,
front_end,,True,fast_lio2_odometry,,,,,,,,,,,,,,,,,,,,,,,,,,,,,,,,,,,,,,,
front_end,,True,fast_lio2_odometry,,,,,,,,,,,,,,,,,,,,,,,,,,,,,,,,,,,,,,,
front_end,,True,fast_lio2_odometry,,,,,,,,,,,,,,,,,,,,,,,,,,,,,,,,,,,,,,,
front_end,,True,fast_lio2_odometry,,,,,,,,,,,,,,,,,,,,,,,,,,,,,,,,,,,,,,,
front_end,,True,fast_lio2_odometry,,,,,,,,,,,,,,,,,,,,,,,,,,,,,,,,,,,,,,,
front_end,,True,fast_lio2_odometry,,,,,,,,,,,,,,,,,,,,,,,,,,,,,,,,,,,,,,,
front_end,,True,fast_lio2_odometry,,,,,,,,,,,,,,,,,,,,,,,,,,,,,,,,,,,,,,,
front_end,,True,fast_lio2_odometry,,,,,,,,,,,,,,,,,,,,,,,,,,,,,,,,,,,,,,,
front_end,,True,fast_lio2_odometry,,,,,,,,,,,,,,,,,,,,,,,,,,,,,,,,,,,,,,,
front_end,,True,fast_lio2_odometry,,,,,,,,,,,,,,,,,,,,,,,,,,,,,,,,,,,,,,,
optimized_backend,,,,,,,,,,,,,,,,,,,,,,,,,,,,,,,,,,,123,185,63,,,,pose_graph,True
optimized_backend,,,,,,,,,,,,,,,,,,,,,,,,,,,,,,,,,,,124,187,64,,,,pose_graph,True
front_end,,True,fast_lio2_odometry,,,,,,,,,,,,,,,,,,,,,,,,,,,,,,,,,,,,,,,
front_end,,True,fast_lio2_odometry,,,,,,,,,,,,,,,,,,,,,,,,,,,,,,,,,,,,,,,
front_end,,True,fast_lio2_odometry,,,,,,,,,,,,,,,,,,,,,,,,,,,,,,,,,,,,,,,
front_end,,True,fast_lio2_odometry,,,,,,,,,,,,,,,,,,,,,,,,,,,,,,,,,,,,,,,
front_end,,True,fast_lio2_odometry,,,,,,,,,,,,,,,,,,,,,,,,,,,,,,,,,,,,,,,
front_end,,True,fast_lio2_odometry,,,,,,,,,,,,,,,,,,,,,,,,,,,,,,,,,,,,,,,
front_end,,True,fast_lio2_odometry,,,,,,,,,,,,,,,,,,,,,,,,,,,,,,,,,,,,,,,
front_end,,True,fast_lio2_odometry,,,,,,,,,,,,,,,,,,,,,,,,,,,,,,,,,,,,,,,
front_end,,True,fast_lio2_odometry,,,,,,,,,,,,,,,,,,,,,,,,,,,,,,,,,,,,,,,
front_end,,True,fast_lio2_odometry,,,,,,,,,,,,,,,,,,,,,,,,,,,,,,,,,,,,,,,
front_end,,True,fast_lio2_odometry,,,,,,,,,,,,,,,,,,,,,,,,,,,,,,,,,,,,,,,
front_end,,True,fast_lio2_odometry,,,,,,,,,,,,,,,,,,,,,,,,,,,,,,,,,,,,,,,
front_end,,True,fast_lio2_odometry,,,,,,,,,,,,,,,,,,,,,,,,,,,,,,,,,,,,,,,
front_end,,True,fast_lio2_odometry,,,,,,,,,,,,,,,,,,,,,,,,,,,,,,,,,,,,,,,
front_end,,True,fast_lio2_odometry,,,,,,,,,,,,,,,,,,,,,,,,,,,,,,,,,,,,,,,
front_end,,True,fast_lio2_odometry,,,,,,,,,,,,,,,,,,,,,,,,,,,,,,,,,,,,,,,
front_end,,True,fast_lio2_odometry,,,,,,,,,,,,,,,,,,,,,,,,,,,,,,,,,,,,,,,
front_end,,True,fast_lio2_odometry,,,,,,,,,,,,,,,,,,,,,,,,,,,,,,,,,,,,,,,
front_end,,True,fast_lio2_odometry,,,,,,,,,,,,,,,,,,,,,,,,,,,,,,,,,,,,,,,
front_end,,True,fast_lio2_odometry,,,,,,,,,,,,,,,,,,,,,,,,,,,,,,,,,,,,,,,
front_end,,True,fast_lio2_odometry,,,,,,,,,,,,,,,,,,,,,,,,,,,,,,,,,,,,,,,
front_end,,True,fast_lio2_odometry,,,,,,,,,,,,,,,,,,,,,,,,,,,,,,,,,,,,,,,
front_end,,True,fast_lio2_odometry,,,,,,,,,,,,,,,,,,,,,,,,,,,,,,,,,,,,,,,
front_end,,True,fast_lio2_odometry,,,,,,,,,,,,,,,,,,,,,,,,,,,,,,,,,,,,,,,
front_end,,True,fast_lio2_odometry,,,,,,,,,,,,,,,,,,,,,,,,,,,,,,,,,,,,,,,
front_end,,True,fast_lio2_odometry,,,,,,,,,,,,,,,,,,,,,,,,,,,,,,,,,,,,,,,
front_end,,True,fast_lio2_odometry,,,,,,,,,,,,,,,,,,,,,,,,,,,,,,,,,,,,,,,
front_end,,True,fast_lio2_odometry,,,,,,,,,,,,,,,,,,,,,,,,,,,,,,,,,,,,,,,
front_end,,True,fast_lio2_odometry,,,,,,,,,,,,,,,,,,,,,,,,,,,,,,,,,,,,,,,
front_end,,True,fast_lio2_odometry,,,,,,,,,,,,,,,,,,,,,,,,,,,,,,,,,,,,,,,
front_end,,True,fast_lio2_odometry,,,,,,,,,,,,,,,,,,,,,,,,,,,,,,,,,,,,,,,
front_end,,True,fast_lio2_odometry,,,,,,,,,,,,,,,,,,,,,,,,,,,,,,,,,,,,,,,
front_end,,True,fast_lio2_odometry,,,,,,,,,,,,,,,,,,,,,,,,,,,,,,,,,,,,,,,
front_end,,True,fast_lio2_odometry,,,,,,,,,,,,,,,,,,,,,,,,,,,,,,,,,,,,,,,
front_end,,True,fast_lio2_odometry,,,,,,,,,,,,,,,,,,,,,,,,,,,,,,,,,,,,,,,
front_end,,True,fast_lio2_odometry,,,,,,,,,,,,,,,,,,,,,,,,,,,,,,,,,,,,,,,
front_end,,True,fast_lio2_odometry,,,,,,,,,,,,,,,,,,,,,,,,,,,,,,,,,,,,,,,
front_end,,True,fast_lio2_odometry,,,,,,,,,,,,,,,,,,,,,,,,,,,,,,,,,,,,,,,
front_end,,True,fast_lio2_odometry,,,,,,,,,,,,,,,,,,,,,,,,,,,,,,,,,,,,,,,
front_end,,True,fast_lio2_odometry,,,,,,,,,,,,,,,,,,,,,,,,,,,,,,,,,,,,,,,
front_end,,True,fast_lio2_odometry,,,,,,,,,,,,,,,,,,,,,,,,,,,,,,,,,,,,,,,
front_end,,True,fast_lio2_odometry,,,,,,,,,,,,,,,,,,,,,,,,,,,,,,,,,,,,,,,
front_end,,True,fast_lio2_odometry,,,,,,,,,,,,,,,,,,,,,,,,,,,,,,,,,,,,,,,
front_end,,True,fast_lio2_odometry,,,,,,,,,,,,,,,,,,,,,,,,,,,,,,,,,,,,,,,
front_end,,True,fast_lio2_odometry,,,,,,,,,,,,,,,,,,,,,,,,,,,,,,,,,,,,,,,
front_end,,True,fast_lio2_odometry,,,,,,,,,,,,,,,,,,,,,,,,,,,,,,,,,,,,,,,
front_end,,True,fast_lio2_odometry,,,,,,,,,,,,,,,,,,,,,,,,,,,,,,,,,,,,,,,
front_end,,True,fast_lio2_odometry,,,,,,,,,,,,,,,,,,,,,,,,,,,,,,,,,,,,,,,
front_end,,True,fast_lio2_odometry,,,,,,,,,,,,,,,,,,,,,,,,,,,,,,,,,,,,,,,
front_end,,True,fast_lio2_odometry,,,,,,,,,,,,,,,,,,,,,,,,,,,,,,,,,,,,,,,
front_end,,True,fast_lio2_odometry,,,,,,,,,,,,,,,,,,,,,,,,,,,,,,,,,,,,,,,
front_end,,True,fast_lio2_odometry,,,,,,,,,,,,,,,,,,,,,,,,,,,,,,,,,,,,,,,
front_end,,True,fast_lio2_odometry,,,,,,,,,,,,,,,,,,,,,,,,,,,,,,,,,,,,,,,
optimized_backend,,,,,,,,,,,,,,,,,,,,,,,,,,,,,,,,,,,125,189,65,,,,pose_graph,True
front_end,,True,fast_lio2_odometry,,,,,,,,,,,,,,,,,,,,,,,,,,,,,,,,,,,,,,,
front_end,,True,fast_lio2_odometry,,,,,,,,,,,,,,,,,,,,,,,,,,,,,,,,,,,,,,,
front_end,,True,fast_lio2_odometry,,,,,,,,,,,,,,,,,,,,,,,,,,,,,,,,,,,,,,,
front_end,,True,fast_lio2_odometry,,,,,,,,,,,,,,,,,,,,,,,,,,,,,,,,,,,,,,,
front_end,,True,fast_lio2_odometry,,,,,,,,,,,,,,,,,,,,,,,,,,,,,,,,,,,,,,,
front_end,,True,fast_lio2_odometry,,,,,,,,,,,,,,,,,,,,,,,,,,,,,,,,,,,,,,,
front_end,,True,fast_lio2_odometry,,,,,,,,,,,,,,,,,,,,,,,,,,,,,,,,,,,,,,,
front_end,,True,fast_lio2_odometry,,,,,,,,,,,,,,,,,,,,,,,,,,,,,,,,,,,,,,,
front_end,,True,fast_lio2_odometry,,,,,,,,,,,,,,,,,,,,,,,,,,,,,,,,,,,,,,,
front_end,,True,fast_lio2_odometry,,,,,,,,,,,,,,,,,,,,,,,,,,,,,,,,,,,,,,,
front_end,,True,fast_lio2_odometry,,,,,,,,,,,,,,,,,,,,,,,,,,,,,,,,,,,,,,,
front_end,,True,fast_lio2_odometry,,,,,,,,,,,,,,,,,,,,,,,,,,,,,,,,,,,,,,,
front_end,,True,fast_lio2_odometry,,,,,,,,,,,,,,,,,,,,,,,,,,,,,,,,,,,,,,,
front_end,,True,fast_lio2_odometry,,,,,,,,,,,,,,,,,,,,,,,,,,,,,,,,,,,,,,,
front_end,,True,fast_lio2_odometry,,,,,,,,,,,,,,,,,,,,,,,,,,,,,,,,,,,,,,,
front_end,,True,fast_lio2_odometry,,,,,,,,,,,,,,,,,,,,,,,,,,,,,,,,,,,,,,,
front_end,,True,fast_lio2_odometry,,,,,,,,,,,,,,,,,,,,,,,,,,,,,,,,,,,,,,,
front_end,,True,fast_lio2_odometry,,,,,,,,,,,,,,,,,,,,,,,,,,,,,,,,,,,,,,,
front_end,,True,fast_lio2_odometry,,,,,,,,,,,,,,,,,,,,,,,,,,,,,,,,,,,,,,,
front_end,,True,fast_lio2_odometry,,,,,,,,,,,,,,,,,,,,,,,,,,,,,,,,,,,,,,,
front_end,,True,fast_lio2_odometry,,,,,,,,,,,,,,,,,,,,,,,,,,,,,,,,,,,,,,,
front_end,,True,fast_lio2_odometry,,,,,,,,,,,,,,,,,,,,,,,,,,,,,,,,,,,,,,,
front_end,,True,fast_lio2_odometry,,,,,,,,,,,,,,,,,,,,,,,,,,,,,,,,,,,,,,,
front_end,,True,fast_lio2_odometry,,,,,,,,,,,,,,,,,,,,,,,,,,,,,,,,,,,,,,,
front_end,,True,fast_lio2_odometry,,,,,,,,,,,,,,,,,,,,,,,,,,,,,,,,,,,,,,,
front_end,,True,fast_lio2_odometry,,,,,,,,,,,,,,,,,,,,,,,,,,,,,,,,,,,,,,,
front_end,,True,fast_lio2_odometry,,,,,,,,,,,,,,,,,,,,,,,,,,,,,,,,,,,,,,,
front_end,,True,fast_lio2_odometry,,,,,,,,,,,,,,,,,,,,,,,,,,,,,,,,,,,,,,,
front_end,,True,fast_lio2_odometry,,,,,,,,,,,,,,,,,,,,,,,,,,,,,,,,,,,,,,,
front_end,,True,fast_lio2_odometry,,,,,,,,,,,,,,,,,,,,,,,,,,,,,,,,,,,,,,,
front_end,,True,fast_lio2_odometry,,,,,,,,,,,,,,,,,,,,,,,,,,,,,,,,,,,,,,,
front_end,,True,fast_lio2_odometry,,,,,,,,,,,,,,,,,,,,,,,,,,,,,,,,,,,,,,,
front_end,,True,fast_lio2_odometry,,,,,,,,,,,,,,,,,,,,,,,,,,,,,,,,,,,,,,,
front_end,,True,fast_lio2_odometry,,,,,,,,,,,,,,,,,,,,,,,,,,,,,,,,,,,,,,,
front_end,,True,fast_lio2_odometry,,,,,,,,,,,,,,,,,,,,,,,,,,,,,,,,,,,,,,,
front_end,,True,fast_lio2_odometry,,,,,,,,,,,,,,,,,,,,,,,,,,,,,,,,,,,,,,,
front_end,,True,fast_lio2_odometry,,,,,,,,,,,,,,,,,,,,,,,,,,,,,,,,,,,,,,,
front_end,,True,fast_lio2_odometry,,,,,,,,,,,,,,,,,,,,,,,,,,,,,,,,,,,,,,,
front_end,,True,fast_lio2_odometry,,,,,,,,,,,,,,,,,,,,,,,,,,,,,,,,,,,,,,,
front_end,,True,fast_lio2_odometry,,,,,,,,,,,,,,,,,,,,,,,,,,,,,,,,,,,,,,,
front_end,,True,fast_lio2_odometry,,,,,,,,,,,,,,,,,,,,,,,,,,,,,,,,,,,,,,,
front_end,,True,fast_lio2_odometry,,,,,,,,,,,,,,,,,,,,,,,,,,,,,,,,,,,,,,,
front_end,,True,fast_lio2_odometry,,,,,,,,,,,,,,,,,,,,,,,,,,,,,,,,,,,,,,,
front_end,,True,fast_lio2_odometry,,,,,,,,,,,,,,,,,,,,,,,,,,,,,,,,,,,,,,,
front_end,,True,fast_lio2_odometry,,,,,,,,,,,,,,,,,,,,,,,,,,,,,,,,,,,,,,,
front_end,,True,fast_lio2_odometry,,,,,,,,,,,,,,,,,,,,,,,,,,,,,,,,,,,,,,,
front_end,,True,fast_lio2_odometry,,,,,,,,,,,,,,,,,,,,,,,,,,,,,,,,,,,,,,,
front_end,,True,fast_lio2_odometry,,,,,,,,,,,,,,,,,,,,,,,,,,,,,,,,,,,,,,,
front_end,,True,fast_lio2_odometry,,,,,,,,,,,,,,,,,,,,,,,,,,,,,,,,,,,,,,,
front_end,,True,fast_lio2_odometry,,,,,,,,,,,,,,,,,,,,,,,,,,,,,,,,,,,,,,,
front_end,,True,fast_lio2_odometry,,,,,,,,,,,,,,,,,,,,,,,,,,,,,,,,,,,,,,,
front_end,,True,fast_lio2_odometry,,,,,,,,,,,,,,,,,,,,,,,,,,,,,,,,,,,,,,,
front_end,,True,fast_lio2_odometry,,,,,,,,,,,,,,,,,,,,,,,,,,,,,,,,,,,,,,,
front_end,,True,fast_lio2_odometry,,,,,,,,,,,,,,,,,,,,,,,,,,,,,,,,,,,,,,,
front_end,,True,fast_lio2_odometry,,,,,,,,,,,,,,,,,,,,,,,,,,,,,,,,,,,,,,,
front_end,,True,fast_lio2_odometry,,,,,,,,,,,,,,,,,,,,,,,,,,,,,,,,,,,,,,,
front_end,,True,fast_lio2_odometry,,,,,,,,,,,,,,,,,,,,,,,,,,,,,,,,,,,,,,,
front_end,,True,fast_lio2_odometry,,,,,,,,,,,,,,,,,,,,,,,,,,,,,,,,,,,,,,,
front_end,,True,fast_lio2_odometry,,,,,,,,,,,,,,,,,,,,,,,,,,,,,,,,,,,,,,,
front_end,,True,fast_lio2_odometry,,,,,,,,,,,,,,,,,,,,,,,,,,,,,,,,,,,,,,,
front_end,,True,fast_lio2_odometry,,,,,,,,,,,,,,,,,,,,,,,,,,,,,,,,,,,,,,,
front_end,,True,fast_lio2_odometry,,,,,,,,,,,,,,,,,,,,,,,,,,,,,,,,,,,,,,,
front_end,,True,fast_lio2_odometry,,,,,,,,,,,,,,,,,,,,,,,,,,,,,,,,,,,,,,,
front_end,,True,fast_lio2_odometry,,,,,,,,,,,,,,,,,,,,,,,,,,,,,,,,,,,,,,,
front_end,,True,fast_lio2_odometry,,,,,,,,,,,,,,,,,,,,,,,,,,,,,,,,,,,,,,,
front_end,,True,fast_lio2_odometry,,,,,,,,,,,,,,,,,,,,,,,,,,,,,,,,,,,,,,,
front_end,,True,fast_lio2_odometry,,,,,,,,,,,,,,,,,,,,,,,,,,,,,,,,,,,,,,,
front_end,,True,fast_lio2_odometry,,,,,,,,,,,,,,,,,,,,,,,,,,,,,,,,,,,,,,,
front_end,,True,fast_lio2_odometry,,,,,,,,,,,,,,,,,,,,,,,,,,,,,,,,,,,,,,,
front_end,,True,fast_lio2_odometry,,,,,,,,,,,,,,,,,,,,,,,,,,,,,,,,,,,,,,,
front_end,,True,fast_lio2_odometry,,,,,,,,,,,,,,,,,,,,,,,,,,,,,,,,,,,,,,,
front_end,,True,fast_lio2_odometry,,,,,,,,,,,,,,,,,,,,,,,,,,,,,,,,,,,,,,,
optimized_backend,,,,,,,,,,,,,,,,,,,,,,,,,,,,,,,,,,,126,191,66,,,,pose_graph,True
front_end,,True,fast_lio2_odometry,,,,,,,,,,,,,,,,,,,,,,,,,,,,,,,,,,,,,,,
front_end,,True,fast_lio2_odometry,,,,,,,,,,,,,,,,,,,,,,,,,,,,,,,,,,,,,,,
front_end,,True,fast_lio2_odometry,,,,,,,,,,,,,,,,,,,,,,,,,,,,,,,,,,,,,,,
front_end,,True,fast_lio2_odometry,,,,,,,,,,,,,,,,,,,,,,,,,,,,,,,,,,,,,,,
front_end,,True,fast_lio2_odometry,,,,,,,,,,,,,,,,,,,,,,,,,,,,,,,,,,,,,,,
front_end,,True,fast_lio2_odometry,,,,,,,,,,,,,,,,,,,,,,,,,,,,,,,,,,,,,,,
front_end,,True,fast_lio2_odometry,,,,,,,,,,,,,,,,,,,,,,,,,,,,,,,,,,,,,,,
front_end,,True,fast_lio2_odometry,,,,,,,,,,,,,,,,,,,,,,,,,,,,,,,,,,,,,,,
front_end,,True,fast_lio2_odometry,,,,,,,,,,,,,,,,,,,,,,,,,,,,,,,,,,,,,,,
front_end,,True,fast_lio2_odometry,,,,,,,,,,,,,,,,,,,,,,,,,,,,,,,,,,,,,,,
front_end,,True,fast_lio2_odometry,,,,,,,,,,,,,,,,,,,,,,,,,,,,,,,,,,,,,,,
front_end,,True,fast_lio2_odometry,,,,,,,,,,,,,,,,,,,,,,,,,,,,,,,,,,,,,,,
front_end,,True,fast_lio2_odometry,,,,,,,,,,,,,,,,,,,,,,,,,,,,,,,,,,,,,,,
front_end,,True,fast_lio2_odometry,,,,,,,,,,,,,,,,,,,,,,,,,,,,,,,,,,,,,,,
front_end,,True,fast_lio2_odometry,,,,,,,,,,,,,,,,,,,,,,,,,,,,,,,,,,,,,,,
front_end,,True,fast_lio2_odometry,,,,,,,,,,,,,,,,,,,,,,,,,,,,,,,,,,,,,,,
front_end,,True,fast_lio2_odometry,,,,,,,,,,,,,,,,,,,,,,,,,,,,,,,,,,,,,,,
front_end,,True,fast_lio2_odometry,,,,,,,,,,,,,,,,,,,,,,,,,,,,,,,,,,,,,,,
front_end,,True,fast_lio2_odometry,,,,,,,,,,,,,,,,,,,,,,,,,,,,,,,,,,,,,,,
front_end,,True,fast_lio2_odometry,,,,,,,,,,,,,,,,,,,,,,,,,,,,,,,,,,,,,,,
front_end,,True,fast_lio2_odometry,,,,,,,,,,,,,,,,,,,,,,,,,,,,,,,,,,,,,,,
optimized_backend,,,,,,,,,,,,,,,,,,,,,,,,,,,,,,,,,,,127,193,67,,,,pose_graph,True
front_end,,True,fast_lio2_odometry,,,,,,,,,,,,,,,,,,,,,,,,,,,,,,,,,,,,,,,
front_end,,True,fast_lio2_odometry,,,,,,,,,,,,,,,,,,,,,,,,,,,,,,,,,,,,,,,
front_end,,True,fast_lio2_odometry,,,,,,,,,,,,,,,,,,,,,,,,,,,,,,,,,,,,,,,
front_end,,True,fast_lio2_odometry,,,,,,,,,,,,,,,,,,,,,,,,,,,,,,,,,,,,,,,
front_end,,True,fast_lio2_odometry,,,,,,,,,,,,,,,,,,,,,,,,,,,,,,,,,,,,,,,
front_end,,True,fast_lio2_odometry,,,,,,,,,,,,,,,,,,,,,,,,,,,,,,,,,,,,,,,
front_end,,True,fast_lio2_odometry,,,,,,,,,,,,,,,,,,,,,,,,,,,,,,,,,,,,,,,
front_end,,True,fast_lio2_odometry,,,,,,,,,,,,,,,,,,,,,,,,,,,,,,,,,,,,,,,
front_end,,True,fast_lio2_odometry,,,,,,,,,,,,,,,,,,,,,,,,,,,,,,,,,,,,,,,
front_end,,True,fast_lio2_odometry,,,,,,,,,,,,,,,,,,,,,,,,,,,,,,,,,,,,,,,
front_end,,True,fast_lio2_odometry,,,,,,,,,,,,,,,,,,,,,,,,,,,,,,,,,,,,,,,
front_end,,True,fast_lio2_odometry,,,,,,,,,,,,,,,,,,,,,,,,,,,,,,,,,,,,,,,
front_end,,True,fast_lio2_odometry,,,,,,,,,,,,,,,,,,,,,,,,,,,,,,,,,,,,,,,
front_end,,True,fast_lio2_odometry,,,,,,,,,,,,,,,,,,,,,,,,,,,,,,,,,,,,,,,
front_end,,True,fast_lio2_odometry,,,,,,,,,,,,,,,,,,,,,,,,,,,,,,,,,,,,,,,
front_end,,True,fast_lio2_odometry,,,,,,,,,,,,,,,,,,,,,,,,,,,,,,,,,,,,,,,
optimized_backend,,,,,,,,,,,,,,,,,,,,,,,,,,,,,,,,,,,128,195,68,,,,pose_graph,True
front_end,,True,fast_lio2_odometry,,,,,,,,,,,,,,,,,,,,,,,,,,,,,,,,,,,,,,,
front_end,,True,fast_lio2_odometry,,,,,,,,,,,,,,,,,,,,,,,,,,,,,,,,,,,,,,,
front_end,,True,fast_lio2_odometry,,,,,,,,,,,,,,,,,,,,,,,,,,,,,,,,,,,,,,,
front_end,,True,fast_lio2_odometry,,,,,,,,,,,,,,,,,,,,,,,,,,,,,,,,,,,,,,,
front_end,,True,fast_lio2_odometry,,,,,,,,,,,,,,,,,,,,,,,,,,,,,,,,,,,,,,,
front_end,,True,fast_lio2_odometry,,,,,,,,,,,,,,,,,,,,,,,,,,,,,,,,,,,,,,,
front_end,,True,fast_lio2_odometry,,,,,,,,,,,,,,,,,,,,,,,,,,,,,,,,,,,,,,,
front_end,,True,fast_lio2_odometry,,,,,,,,,,,,,,,,,,,,,,,,,,,,,,,,,,,,,,,
front_end,,True,fast_lio2_odometry,,,,,,,,,,,,,,,,,,,,,,,,,,,,,,,,,,,,,,,
front_end,,True,fast_lio2_odometry,,,,,,,,,,,,,,,,,,,,,,,,,,,,,,,,,,,,,,,
front_end,,True,fast_lio2_odometry,,,,,,,,,,,,,,,,,,,,,,,,,,,,,,,,,,,,,,,
front_end,,True,fast_lio2_odometry,,,,,,,,,,,,,,,,,,,,,,,,,,,,,,,,,,,,,,,
front_end,,True,fast_lio2_odometry,,,,,,,,,,,,,,,,,,,,,,,,,,,,,,,,,,,,,,,
front_end,,True,fast_lio2_odometry,,,,,,,,,,,,,,,,,,,,,,,,,,,,,,,,,,,,,,,
front_end,,True,fast_lio2_odometry,,,,,,,,,,,,,,,,,,,,,,,,,,,,,,,,,,,,,,,
front_end,,True,fast_lio2_odometry,,,,,,,,,,,,,,,,,,,,,,,,,,,,,,,,,,,,,,,
front_end,,True,fast_lio2_odometry,,,,,,,,,,,,,,,,,,,,,,,,,,,,,,,,,,,,,,,
front_end,,True,fast_lio2_odometry,,,,,,,,,,,,,,,,,,,,,,,,,,,,,,,,,,,,,,,
front_end,,True,fast_lio2_odometry,,,,,,,,,,,,,,,,,,,,,,,,,,,,,,,,,,,,,,,
front_end,,True,fast_lio2_odometry,,,,,,,,,,,,,,,,,,,,,,,,,,,,,,,,,,,,,,,
front_end,,True,fast_lio2_odometry,,,,,,,,,,,,,,,,,,,,,,,,,,,,,,,,,,,,,,,
optimized_backend,,,,,,,,,,,,,,,,,,,,,,,,,,,,,,,,,,,129,197,69,,,,pose_graph,True
front_end,,True,fast_lio2_odometry,,,,,,,,,,,,,,,,,,,,,,,,,,,,,,,,,,,,,,,
front_end,,True,fast_lio2_odometry,,,,,,,,,,,,,,,,,,,,,,,,,,,,,,,,,,,,,,,
front_end,,True,fast_lio2_odometry,,,,,,,,,,,,,,,,,,,,,,,,,,,,,,,,,,,,,,,
front_end,,True,fast_lio2_odometry,,,,,,,,,,,,,,,,,,,,,,,,,,,,,,,,,,,,,,,
front_end,,True,fast_lio2_odometry,,,,,,,,,,,,,,,,,,,,,,,,,,,,,,,,,,,,,,,
front_end,,True,fast_lio2_odometry,,,,,,,,,,,,,,,,,,,,,,,,,,,,,,,,,,,,,,,
optimized_backend,,,,,,,,,,,,,,,,,,,,,,,,,,,,,,,,,,,130,199,70,,,,pose_graph,True
front_end,,True,fast_lio2_odometry,,,,,,,,,,,,,,,,,,,,,,,,,,,,,,,,,,,,,,,
front_end,,True,fast_lio2_odometry,,,,,,,,,,,,,,,,,,,,,,,,,,,,,,,,,,,,,,,
front_end,,True,fast_lio2_odometry,,,,,,,,,,,,,,,,,,,,,,,,,,,,,,,,,,,,,,,
front_end,,True,fast_lio2_odometry,,,,,,,,,,,,,,,,,,,,,,,,,,,,,,,,,,,,,,,
front_end,,True,fast_lio2_odometry,,,,,,,,,,,,,,,,,,,,,,,,,,,,,,,,,,,,,,,
front_end,,True,fast_lio2_odometry,,,,,,,,,,,,,,,,,,,,,,,,,,,,,,,,,,,,,,,
front_end,,True,fast_lio2_odometry,,,,,,,,,,,,,,,,,,,,,,,,,,,,,,,,,,,,,,,
front_end,,True,fast_lio2_odometry,,,,,,,,,,,,,,,,,,,,,,,,,,,,,,,,,,,,,,,
front_end,,True,fast_lio2_odometry,,,,,,,,,,,,,,,,,,,,,,,,,,,,,,,,,,,,,,,
front_end,,True,fast_lio2_odometry,,,,,,,,,,,,,,,,,,,,,,,,,,,,,,,,,,,,,,,
front_end,,True,fast_lio2_odometry,,,,,,,,,,,,,,,,,,,,,,,,,,,,,,,,,,,,,,,
front_end,,True,fast_lio2_odometry,,,,,,,,,,,,,,,,,,,,,,,,,,,,,,,,,,,,,,,
front_end,,True,fast_lio2_odometry,,,,,,,,,,,,,,,,,,,,,,,,,,,,,,,,,,,,,,,
front_end,,True,fast_lio2_odometry,,,,,,,,,,,,,,,,,,,,,,,,,,,,,,,,,,,,,,,
front_end,,True,fast_lio2_odometry,,,,,,,,,,,,,,,,,,,,,,,,,,,,,,,,,,,,,,,
front_end,,True,fast_lio2_odometry,,,,,,,,,,,,,,,,,,,,,,,,,,,,,,,,,,,,,,,
front_end,,True,fast_lio2_odometry,,,,,,,,,,,,,,,,,,,,,,,,,,,,,,,,,,,,,,,
front_end,,True,fast_lio2_odometry,,,,,,,,,,,,,,,,,,,,,,,,,,,,,,,,,,,,,,,
optimized_backend,,,,,,,,,,,,,,,,,,,,,,,,,,,,,,,,,,,131,201,71,,,,pose_graph,True
front_end,,True,fast_lio2_odometry,,,,,,,,,,,,,,,,,,,,,,,,,,,,,,,,,,,,,,,
front_end,,True,fast_lio2_odometry,,,,,,,,,,,,,,,,,,,,,,,,,,,,,,,,,,,,,,,
front_end,,True,fast_lio2_odometry,,,,,,,,,,,,,,,,,,,,,,,,,,,,,,,,,,,,,,,
front_end,,True,fast_lio2_odometry,,,,,,,,,,,,,,,,,,,,,,,,,,,,,,,,,,,,,,,
front_end,,True,fast_lio2_odometry,,,,,,,,,,,,,,,,,,,,,,,,,,,,,,,,,,,,,,,
front_end,,True,fast_lio2_odometry,,,,,,,,,,,,,,,,,,,,,,,,,,,,,,,,,,,,,,,
front_end,,True,fast_lio2_odometry,,,,,,,,,,,,,,,,,,,,,,,,,,,,,,,,,,,,,,,
front_end,,True,fast_lio2_odometry,,,,,,,,,,,,,,,,,,,,,,,,,,,,,,,,,,,,,,,
front_end,,True,fast_lio2_odometry,,,,,,,,,,,,,,,,,,,,,,,,,,,,,,,,,,,,,,,
front_end,,True,fast_lio2_odometry,,,,,,,,,,,,,,,,,,,,,,,,,,,,,,,,,,,,,,,
front_end,,True,fast_lio2_odometry,,,,,,,,,,,,,,,,,,,,,,,,,,,,,,,,,,,,,,,
front_end,,True,fast_lio2_odometry,,,,,,,,,,,,,,,,,,,,,,,,,,,,,,,,,,,,,,,
front_end,,True,fast_lio2_odometry,,,,,,,,,,,,,,,,,,,,,,,,,,,,,,,,,,,,,,,
front_end,,True,fast_lio2_odometry,,,,,,,,,,,,,,,,,,,,,,,,,,,,,,,,,,,,,,,
front_end,,True,fast_lio2_odometry,,,,,,,,,,,,,,,,,,,,,,,,,,,,,,,,,,,,,,,
front_end,,True,fast_lio2_odometry,,,,,,,,,,,,,,,,,,,,,,,,,,,,,,,,,,,,,,,
front_end,,True,fast_lio2_odometry,,,,,,,,,,,,,,,,,,,,,,,,,,,,,,,,,,,,,,,
front_end,,True,fast_lio2_odometry,,,,,,,,,,,,,,,,,,,,,,,,,,,,,,,,,,,,,,,
front_end,,True,fast_lio2_odometry,,,,,,,,,,,,,,,,,,,,,,,,,,,,,,,,,,,,,,,
front_end,,True,fast_lio2_odometry,,,,,,,,,,,,,,,,,,,,,,,,,,,,,,,,,,,,,,,
front_end,,True,fast_lio2_odometry,,,,,,,,,,,,,,,,,,,,,,,,,,,,,,,,,,,,,,,
front_end,,True,fast_lio2_odometry,,,,,,,,,,,,,,,,,,,,,,,,,,,,,,,,,,,,,,,
front_end,,True,fast_lio2_odometry,,,,,,,,,,,,,,,,,,,,,,,,,,,,,,,,,,,,,,,
front_end,,True,fast_lio2_odometry,,,,,,,,,,,,,,,,,,,,,,,,,,,,,,,,,,,,,,,
front_end,,True,fast_lio2_odometry,,,,,,,,,,,,,,,,,,,,,,,,,,,,,,,,,,,,,,,
front_end,,True,fast_lio2_odometry,,,,,,,,,,,,,,,,,,,,,,,,,,,,,,,,,,,,,,,
optimized_backend,,,,,,,,,,,,,,,,,,,,,,,,,,,,,,,,,,,132,203,72,,,,pose_graph,True
optimized_backend,,,,,,,,,,,,,,,,,,,,,,,,,,,,,,,,,,,133,205,73,,,,pose_graph,True
front_end,,True,fast_lio2_odometry,,,,,,,,,,,,,,,,,,,,,,,,,,,,,,,,,,,,,,,
front_end,,True,fast_lio2_odometry,,,,,,,,,,,,,,,,,,,,,,,,,,,,,,,,,,,,,,,
front_end,,True,fast_lio2_odometry,,,,,,,,,,,,,,,,,,,,,,,,,,,,,,,,,,,,,,,
front_end,,True,fast_lio2_odometry,,,,,,,,,,,,,,,,,,,,,,,,,,,,,,,,,,,,,,,
front_end,,True,fast_lio2_odometry,,,,,,,,,,,,,,,,,,,,,,,,,,,,,,,,,,,,,,,
front_end,,True,fast_lio2_odometry,,,,,,,,,,,,,,,,,,,,,,,,,,,,,,,,,,,,,,,
front_end,,True,fast_lio2_odometry,,,,,,,,,,,,,,,,,,,,,,,,,,,,,,,,,,,,,,,
front_end,,True,fast_lio2_odometry,,,,,,,,,,,,,,,,,,,,,,,,,,,,,,,,,,,,,,,
front_end,,True,fast_lio2_odometry,,,,,,,,,,,,,,,,,,,,,,,,,,,,,,,,,,,,,,,
front_end,,True,fast_lio2_odometry,,,,,,,,,,,,,,,,,,,,,,,,,,,,,,,,,,,,,,,
front_end,,True,fast_lio2_odometry,,,,,,,,,,,,,,,,,,,,,,,,,,,,,,,,,,,,,,,
front_end,,True,fast_lio2_odometry,,,,,,,,,,,,,,,,,,,,,,,,,,,,,,,,,,,,,,,
front_end,,True,fast_lio2_odometry,,,,,,,,,,,,,,,,,,,,,,,,,,,,,,,,,,,,,,,
front_end,,True,fast_lio2_odometry,,,,,,,,,,,,,,,,,,,,,,,,,,,,,,,,,,,,,,,
front_end,,True,fast_lio2_odometry,,,,,,,,,,,,,,,,,,,,,,,,,,,,,,,,,,,,,,,
front_end,,True,fast_lio2_odometry,,,,,,,,,,,,,,,,,,,,,,,,,,,,,,,,,,,,,,,
front_end,,True,fast_lio2_odometry,,,,,,,,,,,,,,,,,,,,,,,,,,,,,,,,,,,,,,,
front_end,,True,fast_lio2_odometry,,,,,,,,,,,,,,,,,,,,,,,,,,,,,,,,,,,,,,,
front_end,,True,fast_lio2_odometry,,,,,,,,,,,,,,,,,,,,,,,,,,,,,,,,,,,,,,,
front_end,,True,fast_lio2_odometry,,,,,,,,,,,,,,,,,,,,,,,,,,,,,,,,,,,,,,,
front_end,,True,fast_lio2_odometry,,,,,,,,,,,,,,,,,,,,,,,,,,,,,,,,,,,,,,,
front_end,,True,fast_lio2_odometry,,,,,,,,,,,,,,,,,,,,,,,,,,,,,,,,,,,,,,,
front_end,,True,fast_lio2_odometry,,,,,,,,,,,,,,,,,,,,,,,,,,,,,,,,,,,,,,,
front_end,,True,fast_lio2_odometry,,,,,,,,,,,,,,,,,,,,,,,,,,,,,,,,,,,,,,,
front_end,,True,fast_lio2_odometry,,,,,,,,,,,,,,,,,,,,,,,,,,,,,,,,,,,,,,,
front_end,,True,fast_lio2_odometry,,,,,,,,,,,,,,,,,,,,,,,,,,,,,,,,,,,,,,,
front_end,,True,fast_lio2_odometry,,,,,,,,,,,,,,,,,,,,,,,,,,,,,,,,,,,,,,,
front_end,,True,fast_lio2_odometry,,,,,,,,,,,,,,,,,,,,,,,,,,,,,,,,,,,,,,,
front_end,,True,fast_lio2_odometry,,,,,,,,,,,,,,,,,,,,,,,,,,,,,,,,,,,,,,,
front_end,,True,fast_lio2_odometry,,,,,,,,,,,,,,,,,,,,,,,,,,,,,,,,,,,,,,,
front_end,,True,fast_lio2_odometry,,,,,,,,,,,,,,,,,,,,,,,,,,,,,,,,,,,,,,,
optimized_backend,,,,,,,,,,,,,,,,,,,,,,,,,,,,,,,,,,,134,207,74,,,,pose_graph,True
front_end,,True,fast_lio2_odometry,,,,,,,,,,,,,,,,,,,,,,,,,,,,,,,,,,,,,,,
front_end,,True,fast_lio2_odometry,,,,,,,,,,,,,,,,,,,,,,,,,,,,,,,,,,,,,,,
front_end,,True,fast_lio2_odometry,,,,,,,,,,,,,,,,,,,,,,,,,,,,,,,,,,,,,,,
front_end,,True,fast_lio2_odometry,,,,,,,,,,,,,,,,,,,,,,,,,,,,,,,,,,,,,,,
front_end,,True,fast_lio2_odometry,,,,,,,,,,,,,,,,,,,,,,,,,,,,,,,,,,,,,,,
front_end,,True,fast_lio2_odometry,,,,,,,,,,,,,,,,,,,,,,,,,,,,,,,,,,,,,,,
front_end,,True,fast_lio2_odometry,,,,,,,,,,,,,,,,,,,,,,,,,,,,,,,,,,,,,,,
front_end,,True,fast_lio2_odometry,,,,,,,,,,,,,,,,,,,,,,,,,,,,,,,,,,,,,,,
front_end,,True,fast_lio2_odometry,,,,,,,,,,,,,,,,,,,,,,,,,,,,,,,,,,,,,,,
front_end,,True,fast_lio2_odometry,,,,,,,,,,,,,,,,,,,,,,,,,,,,,,,,,,,,,,,
front_end,,True,fast_lio2_odometry,,,,,,,,,,,,,,,,,,,,,,,,,,,,,,,,,,,,,,,
front_end,,True,fast_lio2_odometry,,,,,,,,,,,,,,,,,,,,,,,,,,,,,,,,,,,,,,,
front_end,,True,fast_lio2_odometry,,,,,,,,,,,,,,,,,,,,,,,,,,,,,,,,,,,,,,,
front_end,,True,fast_lio2_odometry,,,,,,,,,,,,,,,,,,,,,,,,,,,,,,,,,,,,,,,
optimized_backend,,,,,,,,,,,,,,,,,,,,,,,,,,,,,,,,,,,135,209,75,,,,pose_graph,True
front_end,,True,fast_lio2_odometry,,,,,,,,,,,,,,,,,,,,,,,,,,,,,,,,,,,,,,,
front_end,,True,fast_lio2_odometry,,,,,,,,,,,,,,,,,,,,,,,,,,,,,,,,,,,,,,,
front_end,,True,fast_lio2_odometry,,,,,,,,,,,,,,,,,,,,,,,,,,,,,,,,,,,,,,,
front_end,,True,fast_lio2_odometry,,,,,,,,,,,,,,,,,,,,,,,,,,,,,,,,,,,,,,,
front_end,,True,fast_lio2_odometry,,,,,,,,,,,,,,,,,,,,,,,,,,,,,,,,,,,,,,,
optimized_backend,,,,,,,,,,,,,,,,,,,,,,,,,,,,,,,,,,,136,211,76,,,,pose_graph,True
front_end,,True,fast_lio2_odometry,,,,,,,,,,,,,,,,,,,,,,,,,,,,,,,,,,,,,,,
front_end,,True,fast_lio2_odometry,,,,,,,,,,,,,,,,,,,,,,,,,,,,,,,,,,,,,,,
front_end,,True,fast_lio2_odometry,,,,,,,,,,,,,,,,,,,,,,,,,,,,,,,,,,,,,,,
front_end,,True,fast_lio2_odometry,,,,,,,,,,,,,,,,,,,,,,,,,,,,,,,,,,,,,,,
front_end,,True,fast_lio2_odometry,,,,,,,,,,,,,,,,,,,,,,,,,,,,,,,,,,,,,,,
front_end,,True,fast_lio2_odometry,,,,,,,,,,,,,,,,,,,,,,,,,,,,,,,,,,,,,,,
front_end,,True,fast_lio2_odometry,,,,,,,,,,,,,,,,,,,,,,,,,,,,,,,,,,,,,,,
front_end,,True,fast_lio2_odometry,,,,,,,,,,,,,,,,,,,,,,,,,,,,,,,,,,,,,,,
front_end,,True,fast_lio2_odometry,,,,,,,,,,,,,,,,,,,,,,,,,,,,,,,,,,,,,,,
front_end,,True,fast_lio2_odometry,,,,,,,,,,,,,,,,,,,,,,,,,,,,,,,,,,,,,,,
front_end,,True,fast_lio2_odometry,,,,,,,,,,,,,,,,,,,,,,,,,,,,,,,,,,,,,,,
front_end,,True,fast_lio2_odometry,,,,,,,,,,,,,,,,,,,,,,,,,,,,,,,,,,,,,,,
front_end,,True,fast_lio2_odometry,,,,,,,,,,,,,,,,,,,,,,,,,,,,,,,,,,,,,,,
front_end,,True,fast_lio2_odometry,,,,,,,,,,,,,,,,,,,,,,,,,,,,,,,,,,,,,,,
front_end,,True,fast_lio2_odometry,,,,,,,,,,,,,,,,,,,,,,,,,,,,,,,,,,,,,,,
front_end,,True,fast_lio2_odometry,,,,,,,,,,,,,,,,,,,,,,,,,,,,,,,,,,,,,,,
front_end,,True,fast_lio2_odometry,,,,,,,,,,,,,,,,,,,,,,,,,,,,,,,,,,,,,,,
front_end,,True,fast_lio2_odometry,,,,,,,,,,,,,,,,,,,,,,,,,,,,,,,,,,,,,,,
front_end,,True,fast_lio2_odometry,,,,,,,,,,,,,,,,,,,,,,,,,,,,,,,,,,,,,,,
front_end,,True,fast_lio2_odometry,,,,,,,,,,,,,,,,,,,,,,,,,,,,,,,,,,,,,,,
front_end,,True,fast_lio2_odometry,,,,,,,,,,,,,,,,,,,,,,,,,,,,,,,,,,,,,,,
front_end,,True,fast_lio2_odometry,,,,,,,,,,,,,,,,,,,,,,,,,,,,,,,,,,,,,,,
front_end,,True,fast_lio2_odometry,,,,,,,,,,,,,,,,,,,,,,,,,,,,,,,,,,,,,,,
optimized_backend,,,,,,,,,,,,,,,,,,,,,,,,,,,,,,,,,,,137,213,77,,,,pose_graph,True
front_end,,True,fast_lio2_odometry,,,,,,,,,,,,,,,,,,,,,,,,,,,,,,,,,,,,,,,
front_end,,True,fast_lio2_odometry,,,,,,,,,,,,,,,,,,,,,,,,,,,,,,,,,,,,,,,
front_end,,True,fast_lio2_odometry,,,,,,,,,,,,,,,,,,,,,,,,,,,,,,,,,,,,,,,
front_end,,True,fast_lio2_odometry,,,,,,,,,,,,,,,,,,,,,,,,,,,,,,,,,,,,,,,
front_end,,True,fast_lio2_odometry,,,,,,,,,,,,,,,,,,,,,,,,,,,,,,,,,,,,,,,
front_end,,True,fast_lio2_odometry,,,,,,,,,,,,,,,,,,,,,,,,,,,,,,,,,,,,,,,
front_end,,True,fast_lio2_odometry,,,,,,,,,,,,,,,,,,,,,,,,,,,,,,,,,,,,,,,
front_end,,True,fast_lio2_odometry,,,,,,,,,,,,,,,,,,,,,,,,,,,,,,,,,,,,,,,
front_end,,True,fast_lio2_odometry,,,,,,,,,,,,,,,,,,,,,,,,,,,,,,,,,,,,,,,
front_end,,True,fast_lio2_odometry,,,,,,,,,,,,,,,,,,,,,,,,,,,,,,,,,,,,,,,
front_end,,True,fast_lio2_odometry,,,,,,,,,,,,,,,,,,,,,,,,,,,,,,,,,,,,,,,
front_end,,True,fast_lio2_odometry,,,,,,,,,,,,,,,,,,,,,,,,,,,,,,,,,,,,,,,
front_end,,True,fast_lio2_odometry,,,,,,,,,,,,,,,,,,,,,,,,,,,,,,,,,,,,,,,
front_end,,True,fast_lio2_odometry,,,,,,,,,,,,,,,,,,,,,,,,,,,,,,,,,,,,,,,
front_end,,True,fast_lio2_odometry,,,,,,,,,,,,,,,,,,,,,,,,,,,,,,,,,,,,,,,
front_end,,True,fast_lio2_odometry,,,,,,,,,,,,,,,,,,,,,,,,,,,,,,,,,,,,,,,
front_end,,True,fast_lio2_odometry,,,,,,,,,,,,,,,,,,,,,,,,,,,,,,,,,,,,,,,
front_end,,True,fast_lio2_odometry,,,,,,,,,,,,,,,,,,,,,,,,,,,,,,,,,,,,,,,
front_end,,True,fast_lio2_odometry,,,,,,,,,,,,,,,,,,,,,,,,,,,,,,,,,,,,,,,
front_end,,True,fast_lio2_odometry,,,,,,,,,,,,,,,,,,,,,,,,,,,,,,,,,,,,,,,
front_end,,True,fast_lio2_odometry,,,,,,,,,,,,,,,,,,,,,,,,,,,,,,,,,,,,,,,
front_end,,True,fast_lio2_odometry,,,,,,,,,,,,,,,,,,,,,,,,,,,,,,,,,,,,,,,
front_end,,True,fast_lio2_odometry,,,,,,,,,,,,,,,,,,,,,,,,,,,,,,,,,,,,,,,
optimized_backend,,,,,,,,,,,,,,,,,,,,,,,,,,,,,,,,,,,138,215,78,,,,pose_graph,True
front_end,,True,fast_lio2_odometry,,,,,,,,,,,,,,,,,,,,,,,,,,,,,,,,,,,,,,,
front_end,,True,fast_lio2_odometry,,,,,,,,,,,,,,,,,,,,,,,,,,,,,,,,,,,,,,,
front_end,,True,fast_lio2_odometry,,,,,,,,,,,,,,,,,,,,,,,,,,,,,,,,,,,,,,,
front_end,,True,fast_lio2_odometry,,,,,,,,,,,,,,,,,,,,,,,,,,,,,,,,,,,,,,,
optimized_backend,,,,,,,,,,,,,,,,,,,,,,,,,,,,,,,,,,,139,217,79,,,,pose_graph,True
optimized_backend,,,,,,,,,,,,,,,,,,,,,,,,,,,,,,,,,,,140,219,80,,,,pose_graph,True
optimized_backend,,,,,,,,,,,,,,,,,,,,,,,,,,,,,,,,,,,141,221,81,,,,pose_graph,True
optimized_backend,,,,,,,,,,,,,,,,,,,,,,,,,,,,,,,,,,,142,223,82,,,,pose_graph,True
front_end,,True,fast_lio2_odometry,,,,,,,,,,,,,,,,,,,,,,,,,,,,,,,,,,,,,,,
front_end,,True,fast_lio2_odometry,,,,,,,,,,,,,,,,,,,,,,,,,,,,,,,,,,,,,,,
front_end,,True,fast_lio2_odometry,,,,,,,,,,,,,,,,,,,,,,,,,,,,,,,,,,,,,,,
front_end,,True,fast_lio2_odometry,,,,,,,,,,,,,,,,,,,,,,,,,,,,,,,,,,,,,,,
front_end,,True,fast_lio2_odometry,,,,,,,,,,,,,,,,,,,,,,,,,,,,,,,,,,,,,,,
front_end,,True,fast_lio2_odometry,,,,,,,,,,,,,,,,,,,,,,,,,,,,,,,,,,,,,,,
front_end,,True,fast_lio2_odometry,,,,,,,,,,,,,,,,,,,,,,,,,,,,,,,,,,,,,,,
front_end,,True,fast_lio2_odometry,,,,,,,,,,,,,,,,,,,,,,,,,,,,,,,,,,,,,,,
front_end,,True,fast_lio2_odometry,,,,,,,,,,,,,,,,,,,,,,,,,,,,,,,,,,,,,,,
front_end,,True,fast_lio2_odometry,,,,,,,,,,,,,,,,,,,,,,,,,,,,,,,,,,,,,,,
front_end,,True,fast_lio2_odometry,,,,,,,,,,,,,,,,,,,,,,,,,,,,,,,,,,,,,,,
front_end,,True,fast_lio2_odometry,,,,,,,,,,,,,,,,,,,,,,,,,,,,,,,,,,,,,,,
front_end,,True,fast_lio2_odometry,,,,,,,,,,,,,,,,,,,,,,,,,,,,,,,,,,,,,,,
front_end,,True,fast_lio2_odometry,,,,,,,,,,,,,,,,,,,,,,,,,,,,,,,,,,,,,,,
front_end,,True,fast_lio2_odometry,,,,,,,,,,,,,,,,,,,,,,,,,,,,,,,,,,,,,,,
front_end,,True,fast_lio2_odometry,,,,,,,,,,,,,,,,,,,,,,,,,,,,,,,,,,,,,,,
front_end,,True,fast_lio2_odometry,,,,,,,,,,,,,,,,,,,,,,,,,,,,,,,,,,,,,,,
front_end,,True,fast_lio2_odometry,,,,,,,,,,,,,,,,,,,,,,,,,,,,,,,,,,,,,,,
front_end,,True,fast_lio2_odometry,,,,,,,,,,,,,,,,,,,,,,,,,,,,,,,,,,,,,,,
front_end,,True,fast_lio2_odometry,,,,,,,,,,,,,,,,,,,,,,,,,,,,,,,,,,,,,,,
front_end,,True,fast_lio2_odometry,,,,,,,,,,,,,,,,,,,,,,,,,,,,,,,,,,,,,,,
front_end,,True,fast_lio2_odometry,,,,,,,,,,,,,,,,,,,,,,,,,,,,,,,,,,,,,,,
front_end,,True,fast_lio2_odometry,,,,,,,,,,,,,,,,,,,,,,,,,,,,,,,,,,,,,,,
front_end,,True,fast_lio2_odometry,,,,,,,,,,,,,,,,,,,,,,,,,,,,,,,,,,,,,,,
front_end,,True,fast_lio2_odometry,,,,,,,,,,,,,,,,,,,,,,,,,,,,,,,,,,,,,,,
optimized_backend,,,,,,,,,,,,,,,,,,,,,,,,,,,,,,,,,,,143,225,83,,,,pose_graph,True
front_end,,True,fast_lio2_odometry,,,,,,,,,,,,,,,,,,,,,,,,,,,,,,,,,,,,,,,
front_end,,True,fast_lio2_odometry,,,,,,,,,,,,,,,,,,,,,,,,,,,,,,,,,,,,,,,
front_end,,True,fast_lio2_odometry,,,,,,,,,,,,,,,,,,,,,,,,,,,,,,,,,,,,,,,
front_end,,True,fast_lio2_odometry,,,,,,,,,,,,,,,,,,,,,,,,,,,,,,,,,,,,,,,
front_end,,True,fast_lio2_odometry,,,,,,,,,,,,,,,,,,,,,,,,,,,,,,,,,,,,,,,
front_end,,True,fast_lio2_odometry,,,,,,,,,,,,,,,,,,,,,,,,,,,,,,,,,,,,,,,
front_end,,True,fast_lio2_odometry,,,,,,,,,,,,,,,,,,,,,,,,,,,,,,,,,,,,,,,
front_end,,True,fast_lio2_odometry,,,,,,,,,,,,,,,,,,,,,,,,,,,,,,,,,,,,,,,
front_end,,True,fast_lio2_odometry,,,,,,,,,,,,,,,,,,,,,,,,,,,,,,,,,,,,,,,
front_end,,True,fast_lio2_odometry,,,,,,,,,,,,,,,,,,,,,,,,,,,,,,,,,,,,,,,
front_end,,True,fast_lio2_odometry,,,,,,,,,,,,,,,,,,,,,,,,,,,,,,,,,,,,,,,
front_end,,True,fast_lio2_odometry,,,,,,,,,,,,,,,,,,,,,,,,,,,,,,,,,,,,,,,
front_end,,True,fast_lio2_odometry,,,,,,,,,,,,,,,,,,,,,,,,,,,,,,,,,,,,,,,
front_end,,True,fast_lio2_odometry,,,,,,,,,,,,,,,,,,,,,,,,,,,,,,,,,,,,,,,
front_end,,True,fast_lio2_odometry,,,,,,,,,,,,,,,,,,,,,,,,,,,,,,,,,,,,,,,
front_end,,True,fast_lio2_odometry,,,,,,,,,,,,,,,,,,,,,,,,,,,,,,,,,,,,,,,
front_end,,True,fast_lio2_odometry,,,,,,,,,,,,,,,,,,,,,,,,,,,,,,,,,,,,,,,
front_end,,True,fast_lio2_odometry,,,,,,,,,,,,,,,,,,,,,,,,,,,,,,,,,,,,,,,
front_end,,True,fast_lio2_odometry,,,,,,,,,,,,,,,,,,,,,,,,,,,,,,,,,,,,,,,
front_end,,True,fast_lio2_odometry,,,,,,,,,,,,,,,,,,,,,,,,,,,,,,,,,,,,,,,
front_end,,True,fast_lio2_odometry,,,,,,,,,,,,,,,,,,,,,,,,,,,,,,,,,,,,,,,
front_end,,True,fast_lio2_odometry,,,,,,,,,,,,,,,,,,,,,,,,,,,,,,,,,,,,,,,
front_end,,True,fast_lio2_odometry,,,,,,,,,,,,,,,,,,,,,,,,,,,,,,,,,,,,,,,
front_end,,True,fast_lio2_odometry,,,,,,,,,,,,,,,,,,,,,,,,,,,,,,,,,,,,,,,
front_end,,True,fast_lio2_odometry,,,,,,,,,,,,,,,,,,,,,,,,,,,,,,,,,,,,,,,
front_end,,True,fast_lio2_odometry,,,,,,,,,,,,,,,,,,,,,,,,,,,,,,,,,,,,,,,
front_end,,True,fast_lio2_odometry,,,,,,,,,,,,,,,,,,,,,,,,,,,,,,,,,,,,,,,
front_end,,True,fast_lio2_odometry,,,,,,,,,,,,,,,,,,,,,,,,,,,,,,,,,,,,,,,
front_end,,True,fast_lio2_odometry,,,,,,,,,,,,,,,,,,,,,,,,,,,,,,,,,,,,,,,
front_end,,True,fast_lio2_odometry,,,,,,,,,,,,,,,,,,,,,,,,,,,,,,,,,,,,,,,
front_end,,True,fast_lio2_odometry,,,,,,,,,,,,,,,,,,,,,,,,,,,,,,,,,,,,,,,
front_end,,True,fast_lio2_odometry,,,,,,,,,,,,,,,,,,,,,,,,,,,,,,,,,,,,,,,
front_end,,True,fast_lio2_odometry,,,,,,,,,,,,,,,,,,,,,,,,,,,,,,,,,,,,,,,
front_end,,True,fast_lio2_odometry,,,,,,,,,,,,,,,,,,,,,,,,,,,,,,,,,,,,,,,
front_end,,True,fast_lio2_odometry,,,,,,,,,,,,,,,,,,,,,,,,,,,,,,,,,,,,,,,
optimized_backend,,,,,,,,,,,,,,,,,,,,,,,,,,,,,,,,,,,144,227,84,,,,pose_graph,True
front_end,,True,fast_lio2_odometry,,,,,,,,,,,,,,,,,,,,,,,,,,,,,,,,,,,,,,,
front_end,,True,fast_lio2_odometry,,,,,,,,,,,,,,,,,,,,,,,,,,,,,,,,,,,,,,,
front_end,,True,fast_lio2_odometry,,,,,,,,,,,,,,,,,,,,,,,,,,,,,,,,,,,,,,,
optimized_backend,,,,,,,,,,,,,,,,,,,,,,,,,,,,,,,,,,,145,229,85,,,,pose_graph,True
front_end,,True,fast_lio2_odometry,,,,,,,,,,,,,,,,,,,,,,,,,,,,,,,,,,,,,,,
front_end,,True,fast_lio2_odometry,,,,,,,,,,,,,,,,,,,,,,,,,,,,,,,,,,,,,,,
front_end,,True,fast_lio2_odometry,,,,,,,,,,,,,,,,,,,,,,,,,,,,,,,,,,,,,,,
front_end,,True,fast_lio2_odometry,,,,,,,,,,,,,,,,,,,,,,,,,,,,,,,,,,,,,,,
optimized_backend,,,,,,,,,,,,,,,,,,,,,,,,,,,,,,,,,,,146,231,86,,,,pose_graph,True
front_end,,True,fast_lio2_odometry,,,,,,,,,,,,,,,,,,,,,,,,,,,,,,,,,,,,,,,
front_end,,True,fast_lio2_odometry,,,,,,,,,,,,,,,,,,,,,,,,,,,,,,,,,,,,,,,
front_end,,True,fast_lio2_odometry,,,,,,,,,,,,,,,,,,,,,,,,,,,,,,,,,,,,,,,
front_end,,True,fast_lio2_odometry,,,,,,,,,,,,,,,,,,,,,,,,,,,,,,,,,,,,,,,
front_end,,True,fast_lio2_odometry,,,,,,,,,,,,,,,,,,,,,,,,,,,,,,,,,,,,,,,
front_end,,True,fast_lio2_odometry,,,,,,,,,,,,,,,,,,,,,,,,,,,,,,,,,,,,,,,
front_end,,True,fast_lio2_odometry,,,,,,,,,,,,,,,,,,,,,,,,,,,,,,,,,,,,,,,
front_end,,True,fast_lio2_odometry,,,,,,,,,,,,,,,,,,,,,,,,,,,,,,,,,,,,,,,
front_end,,True,fast_lio2_odometry,,,,,,,,,,,,,,,,,,,,,,,,,,,,,,,,,,,,,,,
front_end,,True,fast_lio2_odometry,,,,,,,,,,,,,,,,,,,,,,,,,,,,,,,,,,,,,,,
front_end,,True,fast_lio2_odometry,,,,,,,,,,,,,,,,,,,,,,,,,,,,,,,,,,,,,,,
front_end,,True,fast_lio2_odometry,,,,,,,,,,,,,,,,,,,,,,,,,,,,,,,,,,,,,,,
front_end,,True,fast_lio2_odometry,,,,,,,,,,,,,,,,,,,,,,,,,,,,,,,,,,,,,,,
front_end,,True,fast_lio2_odometry,,,,,,,,,,,,,,,,,,,,,,,,,,,,,,,,,,,,,,,
front_end,,True,fast_lio2_odometry,,,,,,,,,,,,,,,,,,,,,,,,,,,,,,,,,,,,,,,
front_end,,True,fast_lio2_odometry,,,,,,,,,,,,,,,,,,,,,,,,,,,,,,,,,,,,,,,
front_end,,True,fast_lio2_odometry,,,,,,,,,,,,,,,,,,,,,,,,,,,,,,,,,,,,,,,
front_end,,True,fast_lio2_odometry,,,,,,,,,,,,,,,,,,,,,,,,,,,,,,,,,,,,,,,
front_end,,True,fast_lio2_odometry,,,,,,,,,,,,,,,,,,,,,,,,,,,,,,,,,,,,,,,
front_end,,True,fast_lio2_odometry,,,,,,,,,,,,,,,,,,,,,,,,,,,,,,,,,,,,,,,
front_end,,True,fast_lio2_odometry,,,,,,,,,,,,,,,,,,,,,,,,,,,,,,,,,,,,,,,
front_end,,True,fast_lio2_odometry,,,,,,,,,,,,,,,,,,,,,,,,,,,,,,,,,,,,,,,
optimized_backend,,,,,,,,,,,,,,,,,,,,,,,,,,,,,,,,,,,147,233,87,,,,pose_graph,True
front_end,,True,fast_lio2_odometry,,,,,,,,,,,,,,,,,,,,,,,,,,,,,,,,,,,,,,,
front_end,,True,fast_lio2_odometry,,,,,,,,,,,,,,,,,,,,,,,,,,,,,,,,,,,,,,,
front_end,,True,fast_lio2_odometry,,,,,,,,,,,,,,,,,,,,,,,,,,,,,,,,,,,,,,,
front_end,,True,fast_lio2_odometry,,,,,,,,,,,,,,,,,,,,,,,,,,,,,,,,,,,,,,,
front_end,,True,fast_lio2_odometry,,,,,,,,,,,,,,,,,,,,,,,,,,,,,,,,,,,,,,,
front_end,,True,fast_lio2_odometry,,,,,,,,,,,,,,,,,,,,,,,,,,,,,,,,,,,,,,,
front_end,,True,fast_lio2_odometry,,,,,,,,,,,,,,,,,,,,,,,,,,,,,,,,,,,,,,,
front_end,,True,fast_lio2_odometry,,,,,,,,,,,,,,,,,,,,,,,,,,,,,,,,,,,,,,,
front_end,,True,fast_lio2_odometry,,,,,,,,,,,,,,,,,,,,,,,,,,,,,,,,,,,,,,,
front_end,,True,fast_lio2_odometry,,,,,,,,,,,,,,,,,,,,,,,,,,,,,,,,,,,,,,,
front_end,,True,fast_lio2_odometry,,,,,,,,,,,,,,,,,,,,,,,,,,,,,,,,,,,,,,,
front_end,,True,fast_lio2_odometry,,,,,,,,,,,,,,,,,,,,,,,,,,,,,,,,,,,,,,,
front_end,,True,fast_lio2_odometry,,,,,,,,,,,,,,,,,,,,,,,,,,,,,,,,,,,,,,,
front_end,,True,fast_lio2_odometry,,,,,,,,,,,,,,,,,,,,,,,,,,,,,,,,,,,,,,,
front_end,,True,fast_lio2_odometry,,,,,,,,,,,,,,,,,,,,,,,,,,,,,,,,,,,,,,,
front_end,,True,fast_lio2_odometry,,,,,,,,,,,,,,,,,,,,,,,,,,,,,,,,,,,,,,,
front_end,,True,fast_lio2_odometry,,,,,,,,,,,,,,,,,,,,,,,,,,,,,,,,,,,,,,,
front_end,,True,fast_lio2_odometry,,,,,,,,,,,,,,,,,,,,,,,,,,,,,,,,,,,,,,,
front_end,,True,fast_lio2_odometry,,,,,,,,,,,,,,,,,,,,,,,,,,,,,,,,,,,,,,,
front_end,,True,fast_lio2_odometry,,,,,,,,,,,,,,,,,,,,,,,,,,,,,,,,,,,,,,,
front_end,,True,fast_lio2_odometry,,,,,,,,,,,,,,,,,,,,,,,,,,,,,,,,,,,,,,,
front_end,,True,fast_lio2_odometry,,,,,,,,,,,,,,,,,,,,,,,,,,,,,,,,,,,,,,,
front_end,,True,fast_lio2_odometry,,,,,,,,,,,,,,,,,,,,,,,,,,,,,,,,,,,,,,,
front_end,,True,fast_lio2_odometry,,,,,,,,,,,,,,,,,,,,,,,,,,,,,,,,,,,,,,,
front_end,,True,fast_lio2_odometry,,,,,,,,,,,,,,,,,,,,,,,,,,,,,,,,,,,,,,,
front_end,,True,fast_lio2_odometry,,,,,,,,,,,,,,,,,,,,,,,,,,,,,,,,,,,,,,,
front_end,,True,fast_lio2_odometry,,,,,,,,,,,,,,,,,,,,,,,,,,,,,,,,,,,,,,,
front_end,,True,fast_lio2_odometry,,,,,,,,,,,,,,,,,,,,,,,,,,,,,,,,,,,,,,,
front_end,,True,fast_lio2_odometry,,,,,,,,,,,,,,,,,,,,,,,,,,,,,,,,,,,,,,,
front_end,,True,fast_lio2_odometry,,,,,,,,,,,,,,,,,,,,,,,,,,,,,,,,,,,,,,,
front_end,,True,fast_lio2_odometry,,,,,,,,,,,,,,,,,,,,,,,,,,,,,,,,,,,,,,,
front_end,,True,fast_lio2_odometry,,,,,,,,,,,,,,,,,,,,,,,,,,,,,,,,,,,,,,,
front_end,,True,fast_lio2_odometry,,,,,,,,,,,,,,,,,,,,,,,,,,,,,,,,,,,,,,,
front_end,,True,fast_lio2_odometry,,,,,,,,,,,,,,,,,,,,,,,,,,,,,,,,,,,,,,,
front_end,,True,fast_lio2_odometry,,,,,,,,,,,,,,,,,,,,,,,,,,,,,,,,,,,,,,,
front_end,,True,fast_lio2_odometry,,,,,,,,,,,,,,,,,,,,,,,,,,,,,,,,,,,,,,,
front_end,,True,fast_lio2_odometry,,,,,,,,,,,,,,,,,,,,,,,,,,,,,,,,,,,,,,,
front_end,,True,fast_lio2_odometry,,,,,,,,,,,,,,,,,,,,,,,,,,,,,,,,,,,,,,,
front_end,,True,fast_lio2_odometry,,,,,,,,,,,,,,,,,,,,,,,,,,,,,,,,,,,,,,,
front_end,,True,fast_lio2_odometry,,,,,,,,,,,,,,,,,,,,,,,,,,,,,,,,,,,,,,,
front_end,,True,fast_lio2_odometry,,,,,,,,,,,,,,,,,,,,,,,,,,,,,,,,,,,,,,,
front_end,,True,fast_lio2_odometry,,,,,,,,,,,,,,,,,,,,,,,,,,,,,,,,,,,,,,,
front_end,,True,fast_lio2_odometry,,,,,,,,,,,,,,,,,,,,,,,,,,,,,,,,,,,,,,,
front_end,,True,fast_lio2_odometry,,,,,,,,,,,,,,,,,,,,,,,,,,,,,,,,,,,,,,,
front_end,,True,fast_lio2_odometry,,,,,,,,,,,,,,,,,,,,,,,,,,,,,,,,,,,,,,,
front_end,,True,fast_lio2_odometry,,,,,,,,,,,,,,,,,,,,,,,,,,,,,,,,,,,,,,,
front_end,,True,fast_lio2_odometry,,,,,,,,,,,,,,,,,,,,,,,,,,,,,,,,,,,,,,,
front_end,,True,fast_lio2_odometry,,,,,,,,,,,,,,,,,,,,,,,,,,,,,,,,,,,,,,,
front_end,,True,fast_lio2_odometry,,,,,,,,,,,,,,,,,,,,,,,,,,,,,,,,,,,,,,,
optimized_backend,,,,,,,,,,,,,,,,,,,,,,,,,,,,,,,,,,,148,235,88,,,,pose_graph,True
front_end,,True,fast_lio2_odometry,,,,,,,,,,,,,,,,,,,,,,,,,,,,,,,,,,,,,,,
front_end,,True,fast_lio2_odometry,,,,,,,,,,,,,,,,,,,,,,,,,,,,,,,,,,,,,,,
front_end,,True,fast_lio2_odometry,,,,,,,,,,,,,,,,,,,,,,,,,,,,,,,,,,,,,,,
front_end,,True,fast_lio2_odometry,,,,,,,,,,,,,,,,,,,,,,,,,,,,,,,,,,,,,,,
front_end,,True,fast_lio2_odometry,,,,,,,,,,,,,,,,,,,,,,,,,,,,,,,,,,,,,,,
front_end,,True,fast_lio2_odometry,,,,,,,,,,,,,,,,,,,,,,,,,,,,,,,,,,,,,,,
front_end,,True,fast_lio2_odometry,,,,,,,,,,,,,,,,,,,,,,,,,,,,,,,,,,,,,,,
front_end,,True,fast_lio2_odometry,,,,,,,,,,,,,,,,,,,,,,,,,,,,,,,,,,,,,,,
front_end,,True,fast_lio2_odometry,,,,,,,,,,,,,,,,,,,,,,,,,,,,,,,,,,,,,,,
front_end,,True,fast_lio2_odometry,,,,,,,,,,,,,,,,,,,,,,,,,,,,,,,,,,,,,,,
front_end,,True,fast_lio2_odometry,,,,,,,,,,,,,,,,,,,,,,,,,,,,,,,,,,,,,,,
front_end,,True,fast_lio2_odometry,,,,,,,,,,,,,,,,,,,,,,,,,,,,,,,,,,,,,,,
front_end,,True,fast_lio2_odometry,,,,,,,,,,,,,,,,,,,,,,,,,,,,,,,,,,,,,,,
front_end,,True,fast_lio2_odometry,,,,,,,,,,,,,,,,,,,,,,,,,,,,,,,,,,,,,,,
front_end,,True,fast_lio2_odometry,,,,,,,,,,,,,,,,,,,,,,,,,,,,,,,,,,,,,,,
front_end,,True,fast_lio2_odometry,,,,,,,,,,,,,,,,,,,,,,,,,,,,,,,,,,,,,,,
front_end,,True,fast_lio2_odometry,,,,,,,,,,,,,,,,,,,,,,,,,,,,,,,,,,,,,,,
front_end,,True,fast_lio2_odometry,,,,,,,,,,,,,,,,,,,,,,,,,,,,,,,,,,,,,,,
front_end,,True,fast_lio2_odometry,,,,,,,,,,,,,,,,,,,,,,,,,,,,,,,,,,,,,,,
front_end,,True,fast_lio2_odometry,,,,,,,,,,,,,,,,,,,,,,,,,,,,,,,,,,,,,,,
optimized_backend,,,,,,,,,,,,,,,,,,,,,,,,,,,,,,,,,,,149,237,89,,,,pose_graph,True
front_end,,True,fast_lio2_odometry,,,,,,,,,,,,,,,,,,,,,,,,,,,,,,,,,,,,,,,
front_end,,True,fast_lio2_odometry,,,,,,,,,,,,,,,,,,,,,,,,,,,,,,,,,,,,,,,
front_end,,True,fast_lio2_odometry,,,,,,,,,,,,,,,,,,,,,,,,,,,,,,,,,,,,,,,
front_end,,True,fast_lio2_odometry,,,,,,,,,,,,,,,,,,,,,,,,,,,,,,,,,,,,,,,
front_end,,True,fast_lio2_odometry,,,,,,,,,,,,,,,,,,,,,,,,,,,,,,,,,,,,,,,
optimized_backend,,,,,,,,,,,,,,,,,,,,,,,,,,,,,,,,,,,150,239,90,,,,pose_graph,True
front_end,,True,fast_lio2_odometry,,,,,,,,,,,,,,,,,,,,,,,,,,,,,,,,,,,,,,,
front_end,,True,fast_lio2_odometry,,,,,,,,,,,,,,,,,,,,,,,,,,,,,,,,,,,,,,,
front_end,,True,fast_lio2_odometry,,,,,,,,,,,,,,,,,,,,,,,,,,,,,,,,,,,,,,,
front_end,,True,fast_lio2_odometry,,,,,,,,,,,,,,,,,,,,,,,,,,,,,,,,,,,,,,,
optimized_backend,,,,,,,,,,,,,,,,,,,,,,,,,,,,,,,,,,,151,241,91,,,,pose_graph,True
front_end,,True,fast_lio2_odometry,,,,,,,,,,,,,,,,,,,,,,,,,,,,,,,,,,,,,,,
front_end,,True,fast_lio2_odometry,,,,,,,,,,,,,,,,,,,,,,,,,,,,,,,,,,,,,,,
front_end,,True,fast_lio2_odometry,,,,,,,,,,,,,,,,,,,,,,,,,,,,,,,,,,,,,,,
front_end,,True,fast_lio2_odometry,,,,,,,,,,,,,,,,,,,,,,,,,,,,,,,,,,,,,,,
optimized_backend,,,,,,,,,,,,,,,,,,,,,,,,,,,,,,,,,,,152,243,92,,,,pose_graph,True
front_end,,True,fast_lio2_odometry,,,,,,,,,,,,,,,,,,,,,,,,,,,,,,,,,,,,,,,
front_end,,True,fast_lio2_odometry,,,,,,,,,,,,,,,,,,,,,,,,,,,,,,,,,,,,,,,
front_end,,True,fast_lio2_odometry,,,,,,,,,,,,,,,,,,,,,,,,,,,,,,,,,,,,,,,
optimized_backend,,,,,,,,,,,,,,,,,,,,,,,,,,,,,,,,,,,153,245,93,,,,pose_graph,True
front_end,,True,fast_lio2_odometry,,,,,,,,,,,,,,,,,,,,,,,,,,,,,,,,,,,,,,,
front_end,,True,fast_lio2_odometry,,,,,,,,,,,,,,,,,,,,,,,,,,,,,,,,,,,,,,,
front_end,,True,fast_lio2_odometry,,,,,,,,,,,,,,,,,,,,,,,,,,,,,,,,,,,,,,,
optimized_backend,,,,,,,,,,,,,,,,,,,,,,,,,,,,,,,,,,,154,247,94,,,,pose_graph,True
front_end,,True,fast_lio2_odometry,,,,,,,,,,,,,,,,,,,,,,,,,,,,,,,,,,,,,,,
front_end,,True,fast_lio2_odometry,,,,,,,,,,,,,,,,,,,,,,,,,,,,,,,,,,,,,,,
front_end,,True,fast_lio2_odometry,,,,,,,,,,,,,,,,,,,,,,,,,,,,,,,,,,,,,,,
front_end,,True,fast_lio2_odometry,,,,,,,,,,,,,,,,,,,,,,,,,,,,,,,,,,,,,,,
front_end,,True,fast_lio2_odometry,,,,,,,,,,,,,,,,,,,,,,,,,,,,,,,,,,,,,,,
optimized_backend,,,,,,,,,,,,,,,,,,,,,,,,,,,,,,,,,,,155,249,95,,,,pose_graph,True
front_end,,True,fast_lio2_odometry,,,,,,,,,,,,,,,,,,,,,,,,,,,,,,,,,,,,,,,
front_end,,True,fast_lio2_odometry,,,,,,,,,,,,,,,,,,,,,,,,,,,,,,,,,,,,,,,
front_end,,True,fast_lio2_odometry,,,,,,,,,,,,,,,,,,,,,,,,,,,,,,,,,,,,,,,
front_end,,True,fast_lio2_odometry,,,,,,,,,,,,,,,,,,,,,,,,,,,,,,,,,,,,,,,
optimized_backend,,,,,,,,,,,,,,,,,,,,,,,,,,,,,,,,,,,156,251,96,,,,pose_graph,True
front_end,,True,fast_lio2_odometry,,,,,,,,,,,,,,,,,,,,,,,,,,,,,,,,,,,,,,,
front_end,,True,fast_lio2_odometry,,,,,,,,,,,,,,,,,,,,,,,,,,,,,,,,,,,,,,,
front_end,,True,fast_lio2_odometry,,,,,,,,,,,,,,,,,,,,,,,,,,,,,,,,,,,,,,,
optimized_backend,,,,,,,,,,,,,,,,,,,,,,,,,,,,,,,,,,,157,253,97,,,,pose_graph,True
front_end,,True,fast_lio2_odometry,,,,,,,,,,,,,,,,,,,,,,,,,,,,,,,,,,,,,,,
front_end,,True,fast_lio2_odometry,,,,,,,,,,,,,,,,,,,,,,,,,,,,,,,,,,,,,,,
front_end,,True,fast_lio2_odometry,,,,,,,,,,,,,,,,,,,,,,,,,,,,,,,,,,,,,,,
optimized_backend,,,,,,,,,,,,,,,,,,,,,,,,,,,,,,,,,,,158,255,98,,,,pose_graph,True
front_end,,True,fast_lio2_odometry,,,,,,,,,,,,,,,,,,,,,,,,,,,,,,,,,,,,,,,
front_end,,True,fast_lio2_odometry,,,,,,,,,,,,,,,,,,,,,,,,,,,,,,,,,,,,,,,
front_end,,True,fast_lio2_odometry,,,,,,,,,,,,,,,,,,,,,,,,,,,,,,,,,,,,,,,
front_end,,True,fast_lio2_odometry,,,,,,,,,,,,,,,,,,,,,,,,,,,,,,,,,,,,,,,
front_end,,True,fast_lio2_odometry,,,,,,,,,,,,,,,,,,,,,,,,,,,,,,,,,,,,,,,
front_end,,True,fast_lio2_odometry,,,,,,,,,,,,,,,,,,,,,,,,,,,,,,,,,,,,,,,
front_end,,True,fast_lio2_odometry,,,,,,,,,,,,,,,,,,,,,,,,,,,,,,,,,,,,,,,
front_end,,True,fast_lio2_odometry,,,,,,,,,,,,,,,,,,,,,,,,,,,,,,,,,,,,,,,
front_end,,True,fast_lio2_odometry,,,,,,,,,,,,,,,,,,,,,,,,,,,,,,,,,,,,,,,
front_end,,True,fast_lio2_odometry,,,,,,,,,,,,,,,,,,,,,,,,,,,,,,,,,,,,,,,
front_end,,True,fast_lio2_odometry,,,,,,,,,,,,,,,,,,,,,,,,,,,,,,,,,,,,,,,
front_end,,True,fast_lio2_odometry,,,,,,,,,,,,,,,,,,,,,,,,,,,,,,,,,,,,,,,
front_end,,True,fast_lio2_odometry,,,,,,,,,,,,,,,,,,,,,,,,,,,,,,,,,,,,,,,
front_end,,True,fast_lio2_odometry,,,,,,,,,,,,,,,,,,,,,,,,,,,,,,,,,,,,,,,
front_end,,True,fast_lio2_odometry,,,,,,,,,,,,,,,,,,,,,,,,,,,,,,,,,,,,,,,
front_end,,True,fast_lio2_odometry,,,,,,,,,,,,,,,,,,,,,,,,,,,,,,,,,,,,,,,
optimized_backend,,,,,,,,,,,,,,,,,,,,,,,,,,,,,,,,,,,159,257,99,,,,pose_graph,True
front_end,,True,fast_lio2_odometry,,,,,,,,,,,,,,,,,,,,,,,,,,,,,,,,,,,,,,,
front_end,,True,fast_lio2_odometry,,,,,,,,,,,,,,,,,,,,,,,,,,,,,,,,,,,,,,,
front_end,,True,fast_lio2_odometry,,,,,,,,,,,,,,,,,,,,,,,,,,,,,,,,,,,,,,,
front_end,,True,fast_lio2_odometry,,,,,,,,,,,,,,,,,,,,,,,,,,,,,,,,,,,,,,,
front_end,,True,fast_lio2_odometry,,,,,,,,,,,,,,,,,,,,,,,,,,,,,,,,,,,,,,,
front_end,,True,fast_lio2_odometry,,,,,,,,,,,,,,,,,,,,,,,,,,,,,,,,,,,,,,,
front_end,,True,fast_lio2_odometry,,,,,,,,,,,,,,,,,,,,,,,,,,,,,,,,,,,,,,,
front_end,,True,fast_lio2_odometry,,,,,,,,,,,,,,,,,,,,,,,,,,,,,,,,,,,,,,,
front_end,,True,fast_lio2_odometry,,,,,,,,,,,,,,,,,,,,,,,,,,,,,,,,,,,,,,,
front_end,,True,fast_lio2_odometry,,,,,,,,,,,,,,,,,,,,,,,,,,,,,,,,,,,,,,,
front_end,,True,fast_lio2_odometry,,,,,,,,,,,,,,,,,,,,,,,,,,,,,,,,,,,,,,,
front_end,,True,fast_lio2_odometry,,,,,,,,,,,,,,,,,,,,,,,,,,,,,,,,,,,,,,,
front_end,,True,fast_lio2_odometry,,,,,,,,,,,,,,,,,,,,,,,,,,,,,,,,,,,,,,,
front_end,,True,fast_lio2_odometry,,,,,,,,,,,,,,,,,,,,,,,,,,,,,,,,,,,,,,,
front_end,,True,fast_lio2_odometry,,,,,,,,,,,,,,,,,,,,,,,,,,,,,,,,,,,,,,,
front_end,,True,fast_lio2_odometry,,,,,,,,,,,,,,,,,,,,,,,,,,,,,,,,,,,,,,,
front_end,,True,fast_lio2_odometry,,,,,,,,,,,,,,,,,,,,,,,,,,,,,,,,,,,,,,,
front_end,,True,fast_lio2_odometry,,,,,,,,,,,,,,,,,,,,,,,,,,,,,,,,,,,,,,,
front_end,,True,fast_lio2_odometry,,,,,,,,,,,,,,,,,,,,,,,,,,,,,,,,,,,,,,,
optimized_backend,,,,,,,,,,,,,,,,,,,,,,,,,,,,,,,,,,,160,259,100,,,,pose_graph,True
front_end,,True,fast_lio2_odometry,,,,,,,,,,,,,,,,,,,,,,,,,,,,,,,,,,,,,,,
front_end,,True,fast_lio2_odometry,,,,,,,,,,,,,,,,,,,,,,,,,,,,,,,,,,,,,,,
front_end,,True,fast_lio2_odometry,,,,,,,,,,,,,,,,,,,,,,,,,,,,,,,,,,,,,,,
front_end,,True,fast_lio2_odometry,,,,,,,,,,,,,,,,,,,,,,,,,,,,,,,,,,,,,,,
front_end,,True,fast_lio2_odometry,,,,,,,,,,,,,,,,,,,,,,,,,,,,,,,,,,,,,,,
front_end,,True,fast_lio2_odometry,,,,,,,,,,,,,,,,,,,,,,,,,,,,,,,,,,,,,,,
front_end,,True,fast_lio2_odometry,,,,,,,,,,,,,,,,,,,,,,,,,,,,,,,,,,,,,,,
front_end,,True,fast_lio2_odometry,,,,,,,,,,,,,,,,,,,,,,,,,,,,,,,,,,,,,,,
front_end,,True,fast_lio2_odometry,,,,,,,,,,,,,,,,,,,,,,,,,,,,,,,,,,,,,,,
front_end,,True,fast_lio2_odometry,,,,,,,,,,,,,,,,,,,,,,,,,,,,,,,,,,,,,,,
front_end,,True,fast_lio2_odometry,,,,,,,,,,,,,,,,,,,,,,,,,,,,,,,,,,,,,,,
front_end,,True,fast_lio2_odometry,,,,,,,,,,,,,,,,,,,,,,,,,,,,,,,,,,,,,,,
front_end,,True,fast_lio2_odometry,,,,,,,,,,,,,,,,,,,,,,,,,,,,,,,,,,,,,,,
front_end,,True,fast_lio2_odometry,,,,,,,,,,,,,,,,,,,,,,,,,,,,,,,,,,,,,,,
front_end,,True,fast_lio2_odometry,,,,,,,,,,,,,,,,,,,,,,,,,,,,,,,,,,,,,,,
front_end,,True,fast_lio2_odometry,,,,,,,,,,,,,,,,,,,,,,,,,,,,,,,,,,,,,,,
front_end,,True,fast_lio2_odometry,,,,,,,,,,,,,,,,,,,,,,,,,,,,,,,,,,,,,,,
front_end,,True,fast_lio2_odometry,,,,,,,,,,,,,,,,,,,,,,,,,,,,,,,,,,,,,,,
front_end,,True,fast_lio2_odometry,,,,,,,,,,,,,,,,,,,,,,,,,,,,,,,,,,,,,,,
front_end,,True,fast_lio2_odometry,,,,,,,,,,,,,,,,,,,,,,,,,,,,,,,,,,,,,,,
front_end,,True,fast_lio2_odometry,,,,,,,,,,,,,,,,,,,,,,,,,,,,,,,,,,,,,,,
front_end,,True,fast_lio2_odometry,,,,,,,,,,,,,,,,,,,,,,,,,,,,,,,,,,,,,,,
front_end,,True,fast_lio2_odometry,,,,,,,,,,,,,,,,,,,,,,,,,,,,,,,,,,,,,,,
front_end,,True,fast_lio2_odometry,,,,,,,,,,,,,,,,,,,,,,,,,,,,,,,,,,,,,,,
front_end,,True,fast_lio2_odometry,,,,,,,,,,,,,,,,,,,,,,,,,,,,,,,,,,,,,,,
front_end,,True,fast_lio2_odometry,,,,,,,,,,,,,,,,,,,,,,,,,,,,,,,,,,,,,,,
front_end,,True,fast_lio2_odometry,,,,,,,,,,,,,,,,,,,,,,,,,,,,,,,,,,,,,,,
front_end,,True,fast_lio2_odometry,,,,,,,,,,,,,,,,,,,,,,,,,,,,,,,,,,,,,,,
front_end,,True,fast_lio2_odometry,,,,,,,,,,,,,,,,,,,,,,,,,,,,,,,,,,,,,,,
front_end,,True,fast_lio2_odometry,,,,,,,,,,,,,,,,,,,,,,,,,,,,,,,,,,,,,,,
front_end,,True,fast_lio2_odometry,,,,,,,,,,,,,,,,,,,,,,,,,,,,,,,,,,,,,,,
front_end,,True,fast_lio2_odometry,,,,,,,,,,,,,,,,,,,,,,,,,,,,,,,,,,,,,,,
front_end,,True,fast_lio2_odometry,,,,,,,,,,,,,,,,,,,,,,,,,,,,,,,,,,,,,,,
front_end,,True,fast_lio2_odometry,,,,,,,,,,,,,,,,,,,,,,,,,,,,,,,,,,,,,,,
front_end,,True,fast_lio2_odometry,,,,,,,,,,,,,,,,,,,,,,,,,,,,,,,,,,,,,,,
front_end,,True,fast_lio2_odometry,,,,,,,,,,,,,,,,,,,,,,,,,,,,,,,,,,,,,,,
optimized_backend,,,,,,,,,,,,,,,,,,,,,,,,,,,,,,,,,,,161,261,101,,,,pose_graph,True
front_end,,True,fast_lio2_odometry,,,,,,,,,,,,,,,,,,,,,,,,,,,,,,,,,,,,,,,
front_end,,True,fast_lio2_odometry,,,,,,,,,,,,,,,,,,,,,,,,,,,,,,,,,,,,,,,
front_end,,True,fast_lio2_odometry,,,,,,,,,,,,,,,,,,,,,,,,,,,,,,,,,,,,,,,
front_end,,True,fast_lio2_odometry,,,,,,,,,,,,,,,,,,,,,,,,,,,,,,,,,,,,,,,
front_end,,True,fast_lio2_odometry,,,,,,,,,,,,,,,,,,,,,,,,,,,,,,,,,,,,,,,
front_end,,True,fast_lio2_odometry,,,,,,,,,,,,,,,,,,,,,,,,,,,,,,,,,,,,,,,
front_end,,True,fast_lio2_odometry,,,,,,,,,,,,,,,,,,,,,,,,,,,,,,,,,,,,,,,
front_end,,True,fast_lio2_odometry,,,,,,,,,,,,,,,,,,,,,,,,,,,,,,,,,,,,,,,
front_end,,True,fast_lio2_odometry,,,,,,,,,,,,,,,,,,,,,,,,,,,,,,,,,,,,,,,
front_end,,True,fast_lio2_odometry,,,,,,,,,,,,,,,,,,,,,,,,,,,,,,,,,,,,,,,
front_end,,True,fast_lio2_odometry,,,,,,,,,,,,,,,,,,,,,,,,,,,,,,,,,,,,,,,
front_end,,True,fast_lio2_odometry,,,,,,,,,,,,,,,,,,,,,,,,,,,,,,,,,,,,,,,
front_end,,True,fast_lio2_odometry,,,,,,,,,,,,,,,,,,,,,,,,,,,,,,,,,,,,,,,
front_end,,True,fast_lio2_odometry,,,,,,,,,,,,,,,,,,,,,,,,,,,,,,,,,,,,,,,
front_end,,True,fast_lio2_odometry,,,,,,,,,,,,,,,,,,,,,,,,,,,,,,,,,,,,,,,
front_end,,True,fast_lio2_odometry,,,,,,,,,,,,,,,,,,,,,,,,,,,,,,,,,,,,,,,
front_end,,True,fast_lio2_odometry,,,,,,,,,,,,,,,,,,,,,,,,,,,,,,,,,,,,,,,
front_end,,True,fast_lio2_odometry,,,,,,,,,,,,,,,,,,,,,,,,,,,,,,,,,,,,,,,
front_end,,True,fast_lio2_odometry,,,,,,,,,,,,,,,,,,,,,,,,,,,,,,,,,,,,,,,
front_end,,True,fast_lio2_odometry,,,,,,,,,,,,,,,,,,,,,,,,,,,,,,,,,,,,,,,
front_end,,True,fast_lio2_odometry,,,,,,,,,,,,,,,,,,,,,,,,,,,,,,,,,,,,,,,
front_end,,True,fast_lio2_odometry,,,,,,,,,,,,,,,,,,,,,,,,,,,,,,,,,,,,,,,
front_end,,True,fast_lio2_odometry,,,,,,,,,,,,,,,,,,,,,,,,,,,,,,,,,,,,,,,
front_end,,True,fast_lio2_odometry,,,,,,,,,,,,,,,,,,,,,,,,,,,,,,,,,,,,,,,
front_end,,True,fast_lio2_odometry,,,,,,,,,,,,,,,,,,,,,,,,,,,,,,,,,,,,,,,
front_end,,True,fast_lio2_odometry,,,,,,,,,,,,,,,,,,,,,,,,,,,,,,,,,,,,,,,
front_end,,True,fast_lio2_odometry,,,,,,,,,,,,,,,,,,,,,,,,,,,,,,,,,,,,,,,
front_end,,True,fast_lio2_odometry,,,,,,,,,,,,,,,,,,,,,,,,,,,,,,,,,,,,,,,
front_end,,True,fast_lio2_odometry,,,,,,,,,,,,,,,,,,,,,,,,,,,,,,,,,,,,,,,
front_end,,True,fast_lio2_odometry,,,,,,,,,,,,,,,,,,,,,,,,,,,,,,,,,,,,,,,
front_end,,True,fast_lio2_odometry,,,,,,,,,,,,,,,,,,,,,,,,,,,,,,,,,,,,,,,
front_end,,True,fast_lio2_odometry,,,,,,,,,,,,,,,,,,,,,,,,,,,,,,,,,,,,,,,
front_end,,True,fast_lio2_odometry,,,,,,,,,,,,,,,,,,,,,,,,,,,,,,,,,,,,,,,
front_end,,True,fast_lio2_odometry,,,,,,,,,,,,,,,,,,,,,,,,,,,,,,,,,,,,,,,
front_end,,True,fast_lio2_odometry,,,,,,,,,,,,,,,,,,,,,,,,,,,,,,,,,,,,,,,
front_end,,True,fast_lio2_odometry,,,,,,,,,,,,,,,,,,,,,,,,,,,,,,,,,,,,,,,
front_end,,True,fast_lio2_odometry,,,,,,,,,,,,,,,,,,,,,,,,,,,,,,,,,,,,,,,
front_end,,True,fast_lio2_odometry,,,,,,,,,,,,,,,,,,,,,,,,,,,,,,,,,,,,,,,
