[0.091s] DEBUG:colcon:Command line arguments: ['/usr/bin/colcon', 'build', '--symlink-install', '--packages-up-to', 'fast_lio', '--cmake-args', '-DCMAKE_BUILD_TYPE=Release']
[0.092s] DEBUG:colcon:Parsed command line arguments: Namespace(log_base=None, log_level=None, verb_name='build', build_base='build', install_base='install', merge_install=False, symlink_install=True, test_result_base=None, continue_on_error=False, executor='parallel', parallel_workers=32, event_handlers=None, ignore_user_meta=False, metas=['./colcon.meta'], base_paths=['.'], packages_ignore=None, packages_ignore_regex=None, paths=None, packages_up_to=['fast_lio'], packages_up_to_regex=None, packages_above=None, packages_above_and_dependencies=None, packages_above_depth=None, packages_select_by_dep=None, packages_skip_by_dep=None, packages_skip_up_to=None, packages_select_build_failed=False, packages_skip_build_finished=False, packages_select_test_failures=False, packages_skip_test_passed=False, packages_select=None, packages_skip=None, packages_select_regex=None, packages_skip_regex=None, packages_start=None, packages_end=None, allow_overriding=[], cmake_args=['-DCMAKE_BUILD_TYPE=Release'], cmake_target=None, cmake_target_skip_unavailable=False, cmake_clean_cache=False, cmake_clean_first=False, cmake_force_configure=False, ament_cmake_args=None, catkin_cmake_args=None, catkin_skip_building_tests=False, verb_parser=<colcon_defaults.argument_parser.defaults.DefaultArgumentsDecorator object at 0x7f08bd264f40>, verb_extension=<colcon_core.verb.build.BuildVerb object at 0x7f08bd3d2590>, main=<bound method BuildVerb.main of <colcon_core.verb.build.BuildVerb object at 0x7f08bd3d2590>>)
[0.213s] Level 1:colcon.colcon_core.package_discovery:discover_packages(colcon_meta) check parameters
[0.213s] Level 1:colcon.colcon_core.package_discovery:discover_packages(recursive) check parameters
[0.213s] Level 1:colcon.colcon_core.package_discovery:discover_packages(ignore) check parameters
[0.213s] Level 1:colcon.colcon_core.package_discovery:discover_packages(path) check parameters
[0.213s] Level 1:colcon.colcon_core.package_discovery:discover_packages(colcon_meta) discover
[0.213s] Level 1:colcon.colcon_core.package_discovery:discover_packages(recursive) discover
[0.213s] INFO:colcon.colcon_core.package_discovery:Crawling recursively for packages in '/home/ugiviag1/Documents/TFM-Miquel_Reynes/Follower_Project/robot-internal-files/robot-slam'
[0.213s] Level 1:colcon.colcon_core.package_identification:_identify(.) by extensions ['ignore', 'ignore_ament_install']
[0.213s] Level 1:colcon.colcon_core.package_identification:_identify(.) by extension 'ignore'
[0.213s] Level 1:colcon.colcon_core.package_identification:_identify(.) by extension 'ignore_ament_install'
[0.213s] Level 1:colcon.colcon_core.package_identification:_identify(.) by extensions ['colcon_pkg']
[0.213s] Level 1:colcon.colcon_core.package_identification:_identify(.) by extension 'colcon_pkg'
[0.213s] Level 1:colcon.colcon_core.package_identification:_identify(.) by extensions ['colcon_meta']
[0.213s] Level 1:colcon.colcon_core.package_identification:_identify(.) by extension 'colcon_meta'
[0.213s] Level 1:colcon.colcon_core.package_identification:_identify(.) by extensions ['ros']
[0.213s] Level 1:colcon.colcon_core.package_identification:_identify(.) by extension 'ros'
[0.221s] Level 1:colcon.colcon_core.package_identification:_identify(.) by extensions ['cmake', 'python']
[0.221s] Level 1:colcon.colcon_core.package_identification:_identify(.) by extension 'cmake'
[0.221s] Level 1:colcon.colcon_core.package_identification:_identify(.) by extension 'python'
[0.221s] Level 1:colcon.colcon_core.package_identification:_identify(.) by extensions ['python_setup_py']
[0.221s] Level 1:colcon.colcon_core.package_identification:_identify(.) by extension 'python_setup_py'
[0.221s] Level 1:colcon.colcon_core.package_identification:_identify(build) by extensions ['ignore', 'ignore_ament_install']
[0.222s] Level 1:colcon.colcon_core.package_identification:_identify(build) by extension 'ignore'
[0.222s] Level 1:colcon.colcon_core.package_identification:_identify(build) ignored
[0.222s] Level 1:colcon.colcon_core.package_identification:_identify(config) by extensions ['ignore', 'ignore_ament_install']
[0.222s] Level 1:colcon.colcon_core.package_identification:_identify(config) by extension 'ignore'
[0.222s] Level 1:colcon.colcon_core.package_identification:_identify(config) by extension 'ignore_ament_install'
[0.222s] Level 1:colcon.colcon_core.package_identification:_identify(config) by extensions ['colcon_pkg']
[0.222s] Level 1:colcon.colcon_core.package_identification:_identify(config) by extension 'colcon_pkg'
[0.222s] Level 1:colcon.colcon_core.package_identification:_identify(config) by extensions ['colcon_meta']
[0.222s] Level 1:colcon.colcon_core.package_identification:_identify(config) by extension 'colcon_meta'
[0.222s] Level 1:colcon.colcon_core.package_identification:_identify(config) by extensions ['ros']
[0.222s] Level 1:colcon.colcon_core.package_identification:_identify(config) by extension 'ros'
[0.222s] Level 1:colcon.colcon_core.package_identification:_identify(config) by extensions ['cmake', 'python']
[0.222s] Level 1:colcon.colcon_core.package_identification:_identify(config) by extension 'cmake'
[0.222s] Level 1:colcon.colcon_core.package_identification:_identify(config) by extension 'python'
[0.222s] Level 1:colcon.colcon_core.package_identification:_identify(config) by extensions ['python_setup_py']
[0.222s] Level 1:colcon.colcon_core.package_identification:_identify(config) by extension 'python_setup_py'
[0.222s] Level 1:colcon.colcon_core.package_identification:_identify(install) by extensions ['ignore', 'ignore_ament_install']
[0.222s] Level 1:colcon.colcon_core.package_identification:_identify(install) by extension 'ignore'
[0.222s] Level 1:colcon.colcon_core.package_identification:_identify(install) ignored
[0.222s] Level 1:colcon.colcon_core.package_identification:_identify(log) by extensions ['ignore', 'ignore_ament_install']
[0.222s] Level 1:colcon.colcon_core.package_identification:_identify(log) by extension 'ignore'
[0.222s] Level 1:colcon.colcon_core.package_identification:_identify(log) ignored
[0.222s] Level 1:colcon.colcon_core.package_identification:_identify(results) by extensions ['ignore', 'ignore_ament_install']
[0.222s] Level 1:colcon.colcon_core.package_identification:_identify(results) by extension 'ignore'
[0.222s] Level 1:colcon.colcon_core.package_identification:_identify(results) by extension 'ignore_ament_install'
[0.222s] Level 1:colcon.colcon_core.package_identification:_identify(results) by extensions ['colcon_pkg']
[0.222s] Level 1:colcon.colcon_core.package_identification:_identify(results) by extension 'colcon_pkg'
[0.223s] Level 1:colcon.colcon_core.package_identification:_identify(results) by extensions ['colcon_meta']
[0.223s] Level 1:colcon.colcon_core.package_identification:_identify(results) by extension 'colcon_meta'
[0.223s] Level 1:colcon.colcon_core.package_identification:_identify(results) by extensions ['ros']
[0.223s] Level 1:colcon.colcon_core.package_identification:_identify(results) by extension 'ros'
[0.223s] Level 1:colcon.colcon_core.package_identification:_identify(results) by extensions ['cmake', 'python']
[0.223s] Level 1:colcon.colcon_core.package_identification:_identify(results) by extension 'cmake'
[0.223s] Level 1:colcon.colcon_core.package_identification:_identify(results) by extension 'python'
[0.223s] Level 1:colcon.colcon_core.package_identification:_identify(results) by extensions ['python_setup_py']
[0.223s] Level 1:colcon.colcon_core.package_identification:_identify(results) by extension 'python_setup_py'
[0.223s] Level 1:colcon.colcon_core.package_identification:_identify(results/runs) by extensions ['ignore', 'ignore_ament_install']
[0.223s] Level 1:colcon.colcon_core.package_identification:_identify(results/runs) by extension 'ignore'
[0.223s] Level 1:colcon.colcon_core.package_identification:_identify(results/runs) by extension 'ignore_ament_install'
[0.223s] Level 1:colcon.colcon_core.package_identification:_identify(results/runs) by extensions ['colcon_pkg']
[0.223s] Level 1:colcon.colcon_core.package_identification:_identify(results/runs) by extension 'colcon_pkg'
[0.223s] Level 1:colcon.colcon_core.package_identification:_identify(results/runs) by extensions ['colcon_meta']
[0.223s] Level 1:colcon.colcon_core.package_identification:_identify(results/runs) by extension 'colcon_meta'
[0.223s] Level 1:colcon.colcon_core.package_identification:_identify(results/runs) by extensions ['ros']
[0.223s] Level 1:colcon.colcon_core.package_identification:_identify(results/runs) by extension 'ros'
[0.223s] Level 1:colcon.colcon_core.package_identification:_identify(results/runs) by extensions ['cmake', 'python']
[0.223s] Level 1:colcon.colcon_core.package_identification:_identify(results/runs) by extension 'cmake'
[0.223s] Level 1:colcon.colcon_core.package_identification:_identify(results/runs) by extension 'python'
[0.223s] Level 1:colcon.colcon_core.package_identification:_identify(results/runs) by extensions ['python_setup_py']
[0.223s] Level 1:colcon.colcon_core.package_identification:_identify(results/runs) by extension 'python_setup_py'
[0.223s] Level 1:colcon.colcon_core.package_identification:_identify(results/runs/20260910_123844_icp_pose_graph_tfm-bag-00) by extensions ['ignore', 'ignore_ament_install']
[0.223s] Level 1:colcon.colcon_core.package_identification:_identify(results/runs/20260910_123844_icp_pose_graph_tfm-bag-00) by extension 'ignore'
[0.223s] Level 1:colcon.colcon_core.package_identification:_identify(results/runs/20260910_123844_icp_pose_graph_tfm-bag-00) by extension 'ignore_ament_install'
[0.223s] Level 1:colcon.colcon_core.package_identification:_identify(results/runs/20260910_123844_icp_pose_graph_tfm-bag-00) by extensions ['colcon_pkg']
[0.223s] Level 1:colcon.colcon_core.package_identification:_identify(results/runs/20260910_123844_icp_pose_graph_tfm-bag-00) by extension 'colcon_pkg'
[0.223s] Level 1:colcon.colcon_core.package_identification:_identify(results/runs/20260910_123844_icp_pose_graph_tfm-bag-00) by extensions ['colcon_meta']
[0.223s] Level 1:colcon.colcon_core.package_identification:_identify(results/runs/20260910_123844_icp_pose_graph_tfm-bag-00) by extension 'colcon_meta'
[0.223s] Level 1:colcon.colcon_core.package_identification:_identify(results/runs/20260910_123844_icp_pose_graph_tfm-bag-00) by extensions ['ros']
[0.224s] Level 1:colcon.colcon_core.package_identification:_identify(results/runs/20260910_123844_icp_pose_graph_tfm-bag-00) by extension 'ros'
[0.224s] Level 1:colcon.colcon_core.package_identification:_identify(results/runs/20260910_123844_icp_pose_graph_tfm-bag-00) by extensions ['cmake', 'python']
[0.224s] Level 1:colcon.colcon_core.package_identification:_identify(results/runs/20260910_123844_icp_pose_graph_tfm-bag-00) by extension 'cmake'
[0.224s] Level 1:colcon.colcon_core.package_identification:_identify(results/runs/20260910_123844_icp_pose_graph_tfm-bag-00) by extension 'python'
[0.224s] Level 1:colcon.colcon_core.package_identification:_identify(results/runs/20260910_123844_icp_pose_graph_tfm-bag-00) by extensions ['python_setup_py']
[0.224s] Level 1:colcon.colcon_core.package_identification:_identify(results/runs/20260910_123844_icp_pose_graph_tfm-bag-00) by extension 'python_setup_py'
[0.224s] Level 1:colcon.colcon_core.package_identification:_identify(results/runs/20260910_125706_icp_pose_graph_tfm-bag-00) by extensions ['ignore', 'ignore_ament_install']
[0.224s] Level 1:colcon.colcon_core.package_identification:_identify(results/runs/20260910_125706_icp_pose_graph_tfm-bag-00) by extension 'ignore'
[0.224s] Level 1:colcon.colcon_core.package_identification:_identify(results/runs/20260910_125706_icp_pose_graph_tfm-bag-00) by extension 'ignore_ament_install'
[0.224s] Level 1:colcon.colcon_core.package_identification:_identify(results/runs/20260910_125706_icp_pose_graph_tfm-bag-00) by extensions ['colcon_pkg']
[0.224s] Level 1:colcon.colcon_core.package_identification:_identify(results/runs/20260910_125706_icp_pose_graph_tfm-bag-00) by extension 'colcon_pkg'
[0.224s] Level 1:colcon.colcon_core.package_identification:_identify(results/runs/20260910_125706_icp_pose_graph_tfm-bag-00) by extensions ['colcon_meta']
[0.224s] Level 1:colcon.colcon_core.package_identification:_identify(results/runs/20260910_125706_icp_pose_graph_tfm-bag-00) by extension 'colcon_meta'
[0.224s] Level 1:colcon.colcon_core.package_identification:_identify(results/runs/20260910_125706_icp_pose_graph_tfm-bag-00) by extensions ['ros']
[0.224s] Level 1:colcon.colcon_core.package_identification:_identify(results/runs/20260910_125706_icp_pose_graph_tfm-bag-00) by extension 'ros'
[0.224s] Level 1:colcon.colcon_core.package_identification:_identify(results/runs/20260910_125706_icp_pose_graph_tfm-bag-00) by extensions ['cmake', 'python']
[0.224s] Level 1:colcon.colcon_core.package_identification:_identify(results/runs/20260910_125706_icp_pose_graph_tfm-bag-00) by extension 'cmake'
[0.224s] Level 1:colcon.colcon_core.package_identification:_identify(results/runs/20260910_125706_icp_pose_graph_tfm-bag-00) by extension 'python'
[0.224s] Level 1:colcon.colcon_core.package_identification:_identify(results/runs/20260910_125706_icp_pose_graph_tfm-bag-00) by extensions ['python_setup_py']
[0.224s] Level 1:colcon.colcon_core.package_identification:_identify(results/runs/20260910_125706_icp_pose_graph_tfm-bag-00) by extension 'python_setup_py'
[0.224s] Level 1:colcon.colcon_core.package_identification:_identify(results/runs/20260910_130413_icp_pose_graph_tfm-bag-00) by extensions ['ignore', 'ignore_ament_install']
[0.224s] Level 1:colcon.colcon_core.package_identification:_identify(results/runs/20260910_130413_icp_pose_graph_tfm-bag-00) by extension 'ignore'
[0.224s] Level 1:colcon.colcon_core.package_identification:_identify(results/runs/20260910_130413_icp_pose_graph_tfm-bag-00) by extension 'ignore_ament_install'
[0.224s] Level 1:colcon.colcon_core.package_identification:_identify(results/runs/20260910_130413_icp_pose_graph_tfm-bag-00) by extensions ['colcon_pkg']
[0.224s] Level 1:colcon.colcon_core.package_identification:_identify(results/runs/20260910_130413_icp_pose_graph_tfm-bag-00) by extension 'colcon_pkg'
[0.224s] Level 1:colcon.colcon_core.package_identification:_identify(results/runs/20260910_130413_icp_pose_graph_tfm-bag-00) by extensions ['colcon_meta']
[0.224s] Level 1:colcon.colcon_core.package_identification:_identify(results/runs/20260910_130413_icp_pose_graph_tfm-bag-00) by extension 'colcon_meta'
[0.224s] Level 1:colcon.colcon_core.package_identification:_identify(results/runs/20260910_130413_icp_pose_graph_tfm-bag-00) by extensions ['ros']
[0.224s] Level 1:colcon.colcon_core.package_identification:_identify(results/runs/20260910_130413_icp_pose_graph_tfm-bag-00) by extension 'ros'
[0.224s] Level 1:colcon.colcon_core.package_identification:_identify(results/runs/20260910_130413_icp_pose_graph_tfm-bag-00) by extensions ['cmake', 'python']
[0.224s] Level 1:colcon.colcon_core.package_identification:_identify(results/runs/20260910_130413_icp_pose_graph_tfm-bag-00) by extension 'cmake'
[0.224s] Level 1:colcon.colcon_core.package_identification:_identify(results/runs/20260910_130413_icp_pose_graph_tfm-bag-00) by extension 'python'
[0.225s] Level 1:colcon.colcon_core.package_identification:_identify(results/runs/20260910_130413_icp_pose_graph_tfm-bag-00) by extensions ['python_setup_py']
[0.225s] Level 1:colcon.colcon_core.package_identification:_identify(results/runs/20260910_130413_icp_pose_graph_tfm-bag-00) by extension 'python_setup_py'
[0.225s] Level 1:colcon.colcon_core.package_identification:_identify(results/runs/20260910_130839_icp_pose_graph_tfm-bag-00) by extensions ['ignore', 'ignore_ament_install']
[0.225s] Level 1:colcon.colcon_core.package_identification:_identify(results/runs/20260910_130839_icp_pose_graph_tfm-bag-00) by extension 'ignore'
[0.225s] Level 1:colcon.colcon_core.package_identification:_identify(results/runs/20260910_130839_icp_pose_graph_tfm-bag-00) by extension 'ignore_ament_install'
[0.225s] Level 1:colcon.colcon_core.package_identification:_identify(results/runs/20260910_130839_icp_pose_graph_tfm-bag-00) by extensions ['colcon_pkg']
[0.225s] Level 1:colcon.colcon_core.package_identification:_identify(results/runs/20260910_130839_icp_pose_graph_tfm-bag-00) by extension 'colcon_pkg'
[0.225s] Level 1:colcon.colcon_core.package_identification:_identify(results/runs/20260910_130839_icp_pose_graph_tfm-bag-00) by extensions ['colcon_meta']
[0.225s] Level 1:colcon.colcon_core.package_identification:_identify(results/runs/20260910_130839_icp_pose_graph_tfm-bag-00) by extension 'colcon_meta'
[0.225s] Level 1:colcon.colcon_core.package_identification:_identify(results/runs/20260910_130839_icp_pose_graph_tfm-bag-00) by extensions ['ros']
[0.225s] Level 1:colcon.colcon_core.package_identification:_identify(results/runs/20260910_130839_icp_pose_graph_tfm-bag-00) by extension 'ros'
[0.225s] Level 1:colcon.colcon_core.package_identification:_identify(results/runs/20260910_130839_icp_pose_graph_tfm-bag-00) by extensions ['cmake', 'python']
[0.225s] Level 1:colcon.colcon_core.package_identification:_identify(results/runs/20260910_130839_icp_pose_graph_tfm-bag-00) by extension 'cmake'
[0.225s] Level 1:colcon.colcon_core.package_identification:_identify(results/runs/20260910_130839_icp_pose_graph_tfm-bag-00) by extension 'python'
[0.225s] Level 1:colcon.colcon_core.package_identification:_identify(results/runs/20260910_130839_icp_pose_graph_tfm-bag-00) by extensions ['python_setup_py']
[0.225s] Level 1:colcon.colcon_core.package_identification:_identify(results/runs/20260910_130839_icp_pose_graph_tfm-bag-00) by extension 'python_setup_py'
[0.225s] Level 1:colcon.colcon_core.package_identification:_identify(results/runs/20260910_130903_icp_pose_graph_tfm-bag-00) by extensions ['ignore', 'ignore_ament_install']
[0.225s] Level 1:colcon.colcon_core.package_identification:_identify(results/runs/20260910_130903_icp_pose_graph_tfm-bag-00) by extension 'ignore'
[0.225s] Level 1:colcon.colcon_core.package_identification:_identify(results/runs/20260910_130903_icp_pose_graph_tfm-bag-00) by extension 'ignore_ament_install'
[0.225s] Level 1:colcon.colcon_core.package_identification:_identify(results/runs/20260910_130903_icp_pose_graph_tfm-bag-00) by extensions ['colcon_pkg']
[0.225s] Level 1:colcon.colcon_core.package_identification:_identify(results/runs/20260910_130903_icp_pose_graph_tfm-bag-00) by extension 'colcon_pkg'
[0.225s] Level 1:colcon.colcon_core.package_identification:_identify(results/runs/20260910_130903_icp_pose_graph_tfm-bag-00) by extensions ['colcon_meta']
[0.225s] Level 1:colcon.colcon_core.package_identification:_identify(results/runs/20260910_130903_icp_pose_graph_tfm-bag-00) by extension 'colcon_meta'
[0.225s] Level 1:colcon.colcon_core.package_identification:_identify(results/runs/20260910_130903_icp_pose_graph_tfm-bag-00) by extensions ['ros']
[0.225s] Level 1:colcon.colcon_core.package_identification:_identify(results/runs/20260910_130903_icp_pose_graph_tfm-bag-00) by extension 'ros'
[0.225s] Level 1:colcon.colcon_core.package_identification:_identify(results/runs/20260910_130903_icp_pose_graph_tfm-bag-00) by extensions ['cmake', 'python']
[0.225s] Level 1:colcon.colcon_core.package_identification:_identify(results/runs/20260910_130903_icp_pose_graph_tfm-bag-00) by extension 'cmake'
[0.225s] Level 1:colcon.colcon_core.package_identification:_identify(results/runs/20260910_130903_icp_pose_graph_tfm-bag-00) by extension 'python'
[0.225s] Level 1:colcon.colcon_core.package_identification:_identify(results/runs/20260910_130903_icp_pose_graph_tfm-bag-00) by extensions ['python_setup_py']
[0.225s] Level 1:colcon.colcon_core.package_identification:_identify(results/runs/20260910_130903_icp_pose_graph_tfm-bag-00) by extension 'python_setup_py'
[0.225s] Level 1:colcon.colcon_core.package_identification:_identify(results/runs/20260910_130946_icp_pose_graph_tfm-bag-00) by extensions ['ignore', 'ignore_ament_install']
[0.225s] Level 1:colcon.colcon_core.package_identification:_identify(results/runs/20260910_130946_icp_pose_graph_tfm-bag-00) by extension 'ignore'
[0.225s] Level 1:colcon.colcon_core.package_identification:_identify(results/runs/20260910_130946_icp_pose_graph_tfm-bag-00) by extension 'ignore_ament_install'
[0.226s] Level 1:colcon.colcon_core.package_identification:_identify(results/runs/20260910_130946_icp_pose_graph_tfm-bag-00) by extensions ['colcon_pkg']
[0.226s] Level 1:colcon.colcon_core.package_identification:_identify(results/runs/20260910_130946_icp_pose_graph_tfm-bag-00) by extension 'colcon_pkg'
[0.226s] Level 1:colcon.colcon_core.package_identification:_identify(results/runs/20260910_130946_icp_pose_graph_tfm-bag-00) by extensions ['colcon_meta']
[0.226s] Level 1:colcon.colcon_core.package_identification:_identify(results/runs/20260910_130946_icp_pose_graph_tfm-bag-00) by extension 'colcon_meta'
[0.226s] Level 1:colcon.colcon_core.package_identification:_identify(results/runs/20260910_130946_icp_pose_graph_tfm-bag-00) by extensions ['ros']
[0.226s] Level 1:colcon.colcon_core.package_identification:_identify(results/runs/20260910_130946_icp_pose_graph_tfm-bag-00) by extension 'ros'
[0.226s] Level 1:colcon.colcon_core.package_identification:_identify(results/runs/20260910_130946_icp_pose_graph_tfm-bag-00) by extensions ['cmake', 'python']
[0.226s] Level 1:colcon.colcon_core.package_identification:_identify(results/runs/20260910_130946_icp_pose_graph_tfm-bag-00) by extension 'cmake'
[0.226s] Level 1:colcon.colcon_core.package_identification:_identify(results/runs/20260910_130946_icp_pose_graph_tfm-bag-00) by extension 'python'
[0.226s] Level 1:colcon.colcon_core.package_identification:_identify(results/runs/20260910_130946_icp_pose_graph_tfm-bag-00) by extensions ['python_setup_py']
[0.226s] Level 1:colcon.colcon_core.package_identification:_identify(results/runs/20260910_130946_icp_pose_graph_tfm-bag-00) by extension 'python_setup_py'
[0.226s] Level 1:colcon.colcon_core.package_identification:_identify(results/runs/20260910_134021_icp_pose_graph_tfm-bag-00) by extensions ['ignore', 'ignore_ament_install']
[0.226s] Level 1:colcon.colcon_core.package_identification:_identify(results/runs/20260910_134021_icp_pose_graph_tfm-bag-00) by extension 'ignore'
[0.226s] Level 1:colcon.colcon_core.package_identification:_identify(results/runs/20260910_134021_icp_pose_graph_tfm-bag-00) by extension 'ignore_ament_install'
[0.226s] Level 1:colcon.colcon_core.package_identification:_identify(results/runs/20260910_134021_icp_pose_graph_tfm-bag-00) by extensions ['colcon_pkg']
[0.226s] Level 1:colcon.colcon_core.package_identification:_identify(results/runs/20260910_134021_icp_pose_graph_tfm-bag-00) by extension 'colcon_pkg'
[0.226s] Level 1:colcon.colcon_core.package_identification:_identify(results/runs/20260910_134021_icp_pose_graph_tfm-bag-00) by extensions ['colcon_meta']
[0.226s] Level 1:colcon.colcon_core.package_identification:_identify(results/runs/20260910_134021_icp_pose_graph_tfm-bag-00) by extension 'colcon_meta'
[0.226s] Level 1:colcon.colcon_core.package_identification:_identify(results/runs/20260910_134021_icp_pose_graph_tfm-bag-00) by extensions ['ros']
[0.226s] Level 1:colcon.colcon_core.package_identification:_identify(results/runs/20260910_134021_icp_pose_graph_tfm-bag-00) by extension 'ros'
[0.226s] Level 1:colcon.colcon_core.package_identification:_identify(results/runs/20260910_134021_icp_pose_graph_tfm-bag-00) by extensions ['cmake', 'python']
[0.226s] Level 1:colcon.colcon_core.package_identification:_identify(results/runs/20260910_134021_icp_pose_graph_tfm-bag-00) by extension 'cmake'
[0.226s] Level 1:colcon.colcon_core.package_identification:_identify(results/runs/20260910_134021_icp_pose_graph_tfm-bag-00) by extension 'python'
[0.226s] Level 1:colcon.colcon_core.package_identification:_identify(results/runs/20260910_134021_icp_pose_graph_tfm-bag-00) by extensions ['python_setup_py']
[0.226s] Level 1:colcon.colcon_core.package_identification:_identify(results/runs/20260910_134021_icp_pose_graph_tfm-bag-00) by extension 'python_setup_py'
[0.226s] Level 1:colcon.colcon_core.package_identification:_identify(results/runs/20260910_142306_icp_pose_graph_tfm-bag-00) by extensions ['ignore', 'ignore_ament_install']
[0.226s] Level 1:colcon.colcon_core.package_identification:_identify(results/runs/20260910_142306_icp_pose_graph_tfm-bag-00) by extension 'ignore'
[0.226s] Level 1:colcon.colcon_core.package_identification:_identify(results/runs/20260910_142306_icp_pose_graph_tfm-bag-00) by extension 'ignore_ament_install'
[0.226s] Level 1:colcon.colcon_core.package_identification:_identify(results/runs/20260910_142306_icp_pose_graph_tfm-bag-00) by extensions ['colcon_pkg']
[0.226s] Level 1:colcon.colcon_core.package_identification:_identify(results/runs/20260910_142306_icp_pose_graph_tfm-bag-00) by extension 'colcon_pkg'
[0.226s] Level 1:colcon.colcon_core.package_identification:_identify(results/runs/20260910_142306_icp_pose_graph_tfm-bag-00) by extensions ['colcon_meta']
[0.226s] Level 1:colcon.colcon_core.package_identification:_identify(results/runs/20260910_142306_icp_pose_graph_tfm-bag-00) by extension 'colcon_meta'
[0.226s] Level 1:colcon.colcon_core.package_identification:_identify(results/runs/20260910_142306_icp_pose_graph_tfm-bag-00) by extensions ['ros']
[0.226s] Level 1:colcon.colcon_core.package_identification:_identify(results/runs/20260910_142306_icp_pose_graph_tfm-bag-00) by extension 'ros'
[0.227s] Level 1:colcon.colcon_core.package_identification:_identify(results/runs/20260910_142306_icp_pose_graph_tfm-bag-00) by extensions ['cmake', 'python']
[0.227s] Level 1:colcon.colcon_core.package_identification:_identify(results/runs/20260910_142306_icp_pose_graph_tfm-bag-00) by extension 'cmake'
[0.227s] Level 1:colcon.colcon_core.package_identification:_identify(results/runs/20260910_142306_icp_pose_graph_tfm-bag-00) by extension 'python'
[0.227s] Level 1:colcon.colcon_core.package_identification:_identify(results/runs/20260910_142306_icp_pose_graph_tfm-bag-00) by extensions ['python_setup_py']
[0.227s] Level 1:colcon.colcon_core.package_identification:_identify(results/runs/20260910_142306_icp_pose_graph_tfm-bag-00) by extension 'python_setup_py'
[0.227s] Level 1:colcon.colcon_core.package_identification:_identify(results/runs/20260910_143717_icp_pose_graph_tfm-bag-00) by extensions ['ignore', 'ignore_ament_install']
[0.227s] Level 1:colcon.colcon_core.package_identification:_identify(results/runs/20260910_143717_icp_pose_graph_tfm-bag-00) by extension 'ignore'
[0.227s] Level 1:colcon.colcon_core.package_identification:_identify(results/runs/20260910_143717_icp_pose_graph_tfm-bag-00) by extension 'ignore_ament_install'
[0.227s] Level 1:colcon.colcon_core.package_identification:_identify(results/runs/20260910_143717_icp_pose_graph_tfm-bag-00) by extensions ['colcon_pkg']
[0.227s] Level 1:colcon.colcon_core.package_identification:_identify(results/runs/20260910_143717_icp_pose_graph_tfm-bag-00) by extension 'colcon_pkg'
[0.227s] Level 1:colcon.colcon_core.package_identification:_identify(results/runs/20260910_143717_icp_pose_graph_tfm-bag-00) by extensions ['colcon_meta']
[0.227s] Level 1:colcon.colcon_core.package_identification:_identify(results/runs/20260910_143717_icp_pose_graph_tfm-bag-00) by extension 'colcon_meta'
[0.227s] Level 1:colcon.colcon_core.package_identification:_identify(results/runs/20260910_143717_icp_pose_graph_tfm-bag-00) by extensions ['ros']
[0.227s] Level 1:colcon.colcon_core.package_identification:_identify(results/runs/20260910_143717_icp_pose_graph_tfm-bag-00) by extension 'ros'
[0.227s] Level 1:colcon.colcon_core.package_identification:_identify(results/runs/20260910_143717_icp_pose_graph_tfm-bag-00) by extensions ['cmake', 'python']
[0.227s] Level 1:colcon.colcon_core.package_identification:_identify(results/runs/20260910_143717_icp_pose_graph_tfm-bag-00) by extension 'cmake'
[0.227s] Level 1:colcon.colcon_core.package_identification:_identify(results/runs/20260910_143717_icp_pose_graph_tfm-bag-00) by extension 'python'
[0.227s] Level 1:colcon.colcon_core.package_identification:_identify(results/runs/20260910_143717_icp_pose_graph_tfm-bag-00) by extensions ['python_setup_py']
[0.227s] Level 1:colcon.colcon_core.package_identification:_identify(results/runs/20260910_143717_icp_pose_graph_tfm-bag-00) by extension 'python_setup_py'
[0.227s] Level 1:colcon.colcon_core.package_identification:_identify(results/runs/20260910_144847_icp_pose_graph_tfm-bag-00) by extensions ['ignore', 'ignore_ament_install']
[0.227s] Level 1:colcon.colcon_core.package_identification:_identify(results/runs/20260910_144847_icp_pose_graph_tfm-bag-00) by extension 'ignore'
[0.227s] Level 1:colcon.colcon_core.package_identification:_identify(results/runs/20260910_144847_icp_pose_graph_tfm-bag-00) by extension 'ignore_ament_install'
[0.227s] Level 1:colcon.colcon_core.package_identification:_identify(results/runs/20260910_144847_icp_pose_graph_tfm-bag-00) by extensions ['colcon_pkg']
[0.227s] Level 1:colcon.colcon_core.package_identification:_identify(results/runs/20260910_144847_icp_pose_graph_tfm-bag-00) by extension 'colcon_pkg'
[0.227s] Level 1:colcon.colcon_core.package_identification:_identify(results/runs/20260910_144847_icp_pose_graph_tfm-bag-00) by extensions ['colcon_meta']
[0.227s] Level 1:colcon.colcon_core.package_identification:_identify(results/runs/20260910_144847_icp_pose_graph_tfm-bag-00) by extension 'colcon_meta'
[0.227s] Level 1:colcon.colcon_core.package_identification:_identify(results/runs/20260910_144847_icp_pose_graph_tfm-bag-00) by extensions ['ros']
[0.227s] Level 1:colcon.colcon_core.package_identification:_identify(results/runs/20260910_144847_icp_pose_graph_tfm-bag-00) by extension 'ros'
[0.227s] Level 1:colcon.colcon_core.package_identification:_identify(results/runs/20260910_144847_icp_pose_graph_tfm-bag-00) by extensions ['cmake', 'python']
[0.227s] Level 1:colcon.colcon_core.package_identification:_identify(results/runs/20260910_144847_icp_pose_graph_tfm-bag-00) by extension 'cmake'
[0.228s] Level 1:colcon.colcon_core.package_identification:_identify(results/runs/20260910_144847_icp_pose_graph_tfm-bag-00) by extension 'python'
[0.228s] Level 1:colcon.colcon_core.package_identification:_identify(results/runs/20260910_144847_icp_pose_graph_tfm-bag-00) by extensions ['python_setup_py']
[0.228s] Level 1:colcon.colcon_core.package_identification:_identify(results/runs/20260910_144847_icp_pose_graph_tfm-bag-00) by extension 'python_setup_py'
[0.228s] Level 1:colcon.colcon_core.package_identification:_identify(results/runs/20260910_145520_icp_pose_graph_tfm-bag-00) by extensions ['ignore', 'ignore_ament_install']
[0.228s] Level 1:colcon.colcon_core.package_identification:_identify(results/runs/20260910_145520_icp_pose_graph_tfm-bag-00) by extension 'ignore'
[0.228s] Level 1:colcon.colcon_core.package_identification:_identify(results/runs/20260910_145520_icp_pose_graph_tfm-bag-00) by extension 'ignore_ament_install'
[0.228s] Level 1:colcon.colcon_core.package_identification:_identify(results/runs/20260910_145520_icp_pose_graph_tfm-bag-00) by extensions ['colcon_pkg']
[0.228s] Level 1:colcon.colcon_core.package_identification:_identify(results/runs/20260910_145520_icp_pose_graph_tfm-bag-00) by extension 'colcon_pkg'
[0.228s] Level 1:colcon.colcon_core.package_identification:_identify(results/runs/20260910_145520_icp_pose_graph_tfm-bag-00) by extensions ['colcon_meta']
[0.228s] Level 1:colcon.colcon_core.package_identification:_identify(results/runs/20260910_145520_icp_pose_graph_tfm-bag-00) by extension 'colcon_meta'
[0.228s] Level 1:colcon.colcon_core.package_identification:_identify(results/runs/20260910_145520_icp_pose_graph_tfm-bag-00) by extensions ['ros']
[0.228s] Level 1:colcon.colcon_core.package_identification:_identify(results/runs/20260910_145520_icp_pose_graph_tfm-bag-00) by extension 'ros'
[0.228s] Level 1:colcon.colcon_core.package_identification:_identify(results/runs/20260910_145520_icp_pose_graph_tfm-bag-00) by extensions ['cmake', 'python']
[0.228s] Level 1:colcon.colcon_core.package_identification:_identify(results/runs/20260910_145520_icp_pose_graph_tfm-bag-00) by extension 'cmake'
[0.228s] Level 1:colcon.colcon_core.package_identification:_identify(results/runs/20260910_145520_icp_pose_graph_tfm-bag-00) by extension 'python'
[0.228s] Level 1:colcon.colcon_core.package_identification:_identify(results/runs/20260910_145520_icp_pose_graph_tfm-bag-00) by extensions ['python_setup_py']
[0.228s] Level 1:colcon.colcon_core.package_identification:_identify(results/runs/20260910_145520_icp_pose_graph_tfm-bag-00) by extension 'python_setup_py'
[0.228s] Level 1:colcon.colcon_core.package_identification:_identify(results/runs/20260910_150207_icp_pose_graph_tfm-bag-00) by extensions ['ignore', 'ignore_ament_install']
[0.228s] Level 1:colcon.colcon_core.package_identification:_identify(results/runs/20260910_150207_icp_pose_graph_tfm-bag-00) by extension 'ignore'
[0.228s] Level 1:colcon.colcon_core.package_identification:_identify(results/runs/20260910_150207_icp_pose_graph_tfm-bag-00) by extension 'ignore_ament_install'
[0.228s] Level 1:colcon.colcon_core.package_identification:_identify(results/runs/20260910_150207_icp_pose_graph_tfm-bag-00) by extensions ['colcon_pkg']
[0.228s] Level 1:colcon.colcon_core.package_identification:_identify(results/runs/20260910_150207_icp_pose_graph_tfm-bag-00) by extension 'colcon_pkg'
[0.228s] Level 1:colcon.colcon_core.package_identification:_identify(results/runs/20260910_150207_icp_pose_graph_tfm-bag-00) by extensions ['colcon_meta']
[0.228s] Level 1:colcon.colcon_core.package_identification:_identify(results/runs/20260910_150207_icp_pose_graph_tfm-bag-00) by extension 'colcon_meta'
[0.228s] Level 1:colcon.colcon_core.package_identification:_identify(results/runs/20260910_150207_icp_pose_graph_tfm-bag-00) by extensions ['ros']
[0.228s] Level 1:colcon.colcon_core.package_identification:_identify(results/runs/20260910_150207_icp_pose_graph_tfm-bag-00) by extension 'ros'
[0.228s] Level 1:colcon.colcon_core.package_identification:_identify(results/runs/20260910_150207_icp_pose_graph_tfm-bag-00) by extensions ['cmake', 'python']
[0.228s] Level 1:colcon.colcon_core.package_identification:_identify(results/runs/20260910_150207_icp_pose_graph_tfm-bag-00) by extension 'cmake'
[0.228s] Level 1:colcon.colcon_core.package_identification:_identify(results/runs/20260910_150207_icp_pose_graph_tfm-bag-00) by extension 'python'
[0.228s] Level 1:colcon.colcon_core.package_identification:_identify(results/runs/20260910_150207_icp_pose_graph_tfm-bag-00) by extensions ['python_setup_py']
[0.228s] Level 1:colcon.colcon_core.package_identification:_identify(results/runs/20260910_150207_icp_pose_graph_tfm-bag-00) by extension 'python_setup_py'
[0.229s] Level 1:colcon.colcon_core.package_identification:_identify(results/runs/20260910_151240_icp_pose_graph_tfm-bag-00) by extensions ['ignore', 'ignore_ament_install']
[0.229s] Level 1:colcon.colcon_core.package_identification:_identify(results/runs/20260910_151240_icp_pose_graph_tfm-bag-00) by extension 'ignore'
[0.229s] Level 1:colcon.colcon_core.package_identification:_identify(results/runs/20260910_151240_icp_pose_graph_tfm-bag-00) by extension 'ignore_ament_install'
[0.229s] Level 1:colcon.colcon_core.package_identification:_identify(results/runs/20260910_151240_icp_pose_graph_tfm-bag-00) by extensions ['colcon_pkg']
[0.229s] Level 1:colcon.colcon_core.package_identification:_identify(results/runs/20260910_151240_icp_pose_graph_tfm-bag-00) by extension 'colcon_pkg'
[0.229s] Level 1:colcon.colcon_core.package_identification:_identify(results/runs/20260910_151240_icp_pose_graph_tfm-bag-00) by extensions ['colcon_meta']
[0.229s] Level 1:colcon.colcon_core.package_identification:_identify(results/runs/20260910_151240_icp_pose_graph_tfm-bag-00) by extension 'colcon_meta'
[0.229s] Level 1:colcon.colcon_core.package_identification:_identify(results/runs/20260910_151240_icp_pose_graph_tfm-bag-00) by extensions ['ros']
[0.229s] Level 1:colcon.colcon_core.package_identification:_identify(results/runs/20260910_151240_icp_pose_graph_tfm-bag-00) by extension 'ros'
[0.229s] Level 1:colcon.colcon_core.package_identification:_identify(results/runs/20260910_151240_icp_pose_graph_tfm-bag-00) by extensions ['cmake', 'python']
[0.229s] Level 1:colcon.colcon_core.package_identification:_identify(results/runs/20260910_151240_icp_pose_graph_tfm-bag-00) by extension 'cmake'
[0.229s] Level 1:colcon.colcon_core.package_identification:_identify(results/runs/20260910_151240_icp_pose_graph_tfm-bag-00) by extension 'python'
[0.229s] Level 1:colcon.colcon_core.package_identification:_identify(results/runs/20260910_151240_icp_pose_graph_tfm-bag-00) by extensions ['python_setup_py']
[0.229s] Level 1:colcon.colcon_core.package_identification:_identify(results/runs/20260910_151240_icp_pose_graph_tfm-bag-00) by extension 'python_setup_py'
[0.229s] Level 1:colcon.colcon_core.package_identification:_identify(results/runs/20260910_152226_icp_pose_graph_tfm-bag-00) by extensions ['ignore', 'ignore_ament_install']
[0.229s] Level 1:colcon.colcon_core.package_identification:_identify(results/runs/20260910_152226_icp_pose_graph_tfm-bag-00) by extension 'ignore'
[0.229s] Level 1:colcon.colcon_core.package_identification:_identify(results/runs/20260910_152226_icp_pose_graph_tfm-bag-00) by extension 'ignore_ament_install'
[0.229s] Level 1:colcon.colcon_core.package_identification:_identify(results/runs/20260910_152226_icp_pose_graph_tfm-bag-00) by extensions ['colcon_pkg']
[0.229s] Level 1:colcon.colcon_core.package_identification:_identify(results/runs/20260910_152226_icp_pose_graph_tfm-bag-00) by extension 'colcon_pkg'
[0.229s] Level 1:colcon.colcon_core.package_identification:_identify(results/runs/20260910_152226_icp_pose_graph_tfm-bag-00) by extensions ['colcon_meta']
[0.229s] Level 1:colcon.colcon_core.package_identification:_identify(results/runs/20260910_152226_icp_pose_graph_tfm-bag-00) by extension 'colcon_meta'
[0.229s] Level 1:colcon.colcon_core.package_identification:_identify(results/runs/20260910_152226_icp_pose_graph_tfm-bag-00) by extensions ['ros']
[0.229s] Level 1:colcon.colcon_core.package_identification:_identify(results/runs/20260910_152226_icp_pose_graph_tfm-bag-00) by extension 'ros'
[0.229s] Level 1:colcon.colcon_core.package_identification:_identify(results/runs/20260910_152226_icp_pose_graph_tfm-bag-00) by extensions ['cmake', 'python']
[0.229s] Level 1:colcon.colcon_core.package_identification:_identify(results/runs/20260910_152226_icp_pose_graph_tfm-bag-00) by extension 'cmake'
[0.229s] Level 1:colcon.colcon_core.package_identification:_identify(results/runs/20260910_152226_icp_pose_graph_tfm-bag-00) by extension 'python'
[0.229s] Level 1:colcon.colcon_core.package_identification:_identify(results/runs/20260910_152226_icp_pose_graph_tfm-bag-00) by extensions ['python_setup_py']
[0.229s] Level 1:colcon.colcon_core.package_identification:_identify(results/runs/20260910_152226_icp_pose_graph_tfm-bag-00) by extension 'python_setup_py'
[0.229s] Level 1:colcon.colcon_core.package_identification:_identify(results/runs/20260910_153844_icp_pose_graph_tfm-bag-00) by extensions ['ignore', 'ignore_ament_install']
[0.229s] Level 1:colcon.colcon_core.package_identification:_identify(results/runs/20260910_153844_icp_pose_graph_tfm-bag-00) by extension 'ignore'
[0.229s] Level 1:colcon.colcon_core.package_identification:_identify(results/runs/20260910_153844_icp_pose_graph_tfm-bag-00) by extension 'ignore_ament_install'
[0.229s] Level 1:colcon.colcon_core.package_identification:_identify(results/runs/20260910_153844_icp_pose_graph_tfm-bag-00) by extensions ['colcon_pkg']
[0.229s] Level 1:colcon.colcon_core.package_identification:_identify(results/runs/20260910_153844_icp_pose_graph_tfm-bag-00) by extension 'colcon_pkg'
[0.229s] Level 1:colcon.colcon_core.package_identification:_identify(results/runs/20260910_153844_icp_pose_graph_tfm-bag-00) by extensions ['colcon_meta']
[0.230s] Level 1:colcon.colcon_core.package_identification:_identify(results/runs/20260910_153844_icp_pose_graph_tfm-bag-00) by extension 'colcon_meta'
[0.230s] Level 1:colcon.colcon_core.package_identification:_identify(results/runs/20260910_153844_icp_pose_graph_tfm-bag-00) by extensions ['ros']
[0.230s] Level 1:colcon.colcon_core.package_identification:_identify(results/runs/20260910_153844_icp_pose_graph_tfm-bag-00) by extension 'ros'
[0.230s] Level 1:colcon.colcon_core.package_identification:_identify(results/runs/20260910_153844_icp_pose_graph_tfm-bag-00) by extensions ['cmake', 'python']
[0.230s] Level 1:colcon.colcon_core.package_identification:_identify(results/runs/20260910_153844_icp_pose_graph_tfm-bag-00) by extension 'cmake'
[0.230s] Level 1:colcon.colcon_core.package_identification:_identify(results/runs/20260910_153844_icp_pose_graph_tfm-bag-00) by extension 'python'
[0.230s] Level 1:colcon.colcon_core.package_identification:_identify(results/runs/20260910_153844_icp_pose_graph_tfm-bag-00) by extensions ['python_setup_py']
[0.230s] Level 1:colcon.colcon_core.package_identification:_identify(results/runs/20260910_153844_icp_pose_graph_tfm-bag-00) by extension 'python_setup_py'
[0.230s] Level 1:colcon.colcon_core.package_identification:_identify(results/runs/20260910_155629_kiss_icp_pose_graph_tfm-bag-00) by extensions ['ignore', 'ignore_ament_install']
[0.230s] Level 1:colcon.colcon_core.package_identification:_identify(results/runs/20260910_155629_kiss_icp_pose_graph_tfm-bag-00) by extension 'ignore'
[0.230s] Level 1:colcon.colcon_core.package_identification:_identify(results/runs/20260910_155629_kiss_icp_pose_graph_tfm-bag-00) by extension 'ignore_ament_install'
[0.230s] Level 1:colcon.colcon_core.package_identification:_identify(results/runs/20260910_155629_kiss_icp_pose_graph_tfm-bag-00) by extensions ['colcon_pkg']
[0.230s] Level 1:colcon.colcon_core.package_identification:_identify(results/runs/20260910_155629_kiss_icp_pose_graph_tfm-bag-00) by extension 'colcon_pkg'
[0.230s] Level 1:colcon.colcon_core.package_identification:_identify(results/runs/20260910_155629_kiss_icp_pose_graph_tfm-bag-00) by extensions ['colcon_meta']
[0.230s] Level 1:colcon.colcon_core.package_identification:_identify(results/runs/20260910_155629_kiss_icp_pose_graph_tfm-bag-00) by extension 'colcon_meta'
[0.230s] Level 1:colcon.colcon_core.package_identification:_identify(results/runs/20260910_155629_kiss_icp_pose_graph_tfm-bag-00) by extensions ['ros']
[0.230s] Level 1:colcon.colcon_core.package_identification:_identify(results/runs/20260910_155629_kiss_icp_pose_graph_tfm-bag-00) by extension 'ros'
[0.230s] Level 1:colcon.colcon_core.package_identification:_identify(results/runs/20260910_155629_kiss_icp_pose_graph_tfm-bag-00) by extensions ['cmake', 'python']
[0.230s] Level 1:colcon.colcon_core.package_identification:_identify(results/runs/20260910_155629_kiss_icp_pose_graph_tfm-bag-00) by extension 'cmake'
[0.230s] Level 1:colcon.colcon_core.package_identification:_identify(results/runs/20260910_155629_kiss_icp_pose_graph_tfm-bag-00) by extension 'python'
[0.230s] Level 1:colcon.colcon_core.package_identification:_identify(results/runs/20260910_155629_kiss_icp_pose_graph_tfm-bag-00) by extensions ['python_setup_py']
[0.230s] Level 1:colcon.colcon_core.package_identification:_identify(results/runs/20260910_155629_kiss_icp_pose_graph_tfm-bag-00) by extension 'python_setup_py'
[0.230s] Level 1:colcon.colcon_core.package_identification:_identify(results/runs/20260910_155900_kiss_icp_pose_graph_tfm-bag-00) by extensions ['ignore', 'ignore_ament_install']
[0.230s] Level 1:colcon.colcon_core.package_identification:_identify(results/runs/20260910_155900_kiss_icp_pose_graph_tfm-bag-00) by extension 'ignore'
[0.230s] Level 1:colcon.colcon_core.package_identification:_identify(results/runs/20260910_155900_kiss_icp_pose_graph_tfm-bag-00) by extension 'ignore_ament_install'
[0.230s] Level 1:colcon.colcon_core.package_identification:_identify(results/runs/20260910_155900_kiss_icp_pose_graph_tfm-bag-00) by extensions ['colcon_pkg']
[0.230s] Level 1:colcon.colcon_core.package_identification:_identify(results/runs/20260910_155900_kiss_icp_pose_graph_tfm-bag-00) by extension 'colcon_pkg'
[0.230s] Level 1:colcon.colcon_core.package_identification:_identify(results/runs/20260910_155900_kiss_icp_pose_graph_tfm-bag-00) by extensions ['colcon_meta']
[0.230s] Level 1:colcon.colcon_core.package_identification:_identify(results/runs/20260910_155900_kiss_icp_pose_graph_tfm-bag-00) by extension 'colcon_meta'
[0.230s] Level 1:colcon.colcon_core.package_identification:_identify(results/runs/20260910_155900_kiss_icp_pose_graph_tfm-bag-00) by extensions ['ros']
[0.230s] Level 1:colcon.colcon_core.package_identification:_identify(results/runs/20260910_155900_kiss_icp_pose_graph_tfm-bag-00) by extension 'ros'
[0.230s] Level 1:colcon.colcon_core.package_identification:_identify(results/runs/20260910_155900_kiss_icp_pose_graph_tfm-bag-00) by extensions ['cmake', 'python']
[0.230s] Level 1:colcon.colcon_core.package_identification:_identify(results/runs/20260910_155900_kiss_icp_pose_graph_tfm-bag-00) by extension 'cmake'
[0.230s] Level 1:colcon.colcon_core.package_identification:_identify(results/runs/20260910_155900_kiss_icp_pose_graph_tfm-bag-00) by extension 'python'
[0.230s] Level 1:colcon.colcon_core.package_identification:_identify(results/runs/20260910_155900_kiss_icp_pose_graph_tfm-bag-00) by extensions ['python_setup_py']
[0.231s] Level 1:colcon.colcon_core.package_identification:_identify(results/runs/20260910_155900_kiss_icp_pose_graph_tfm-bag-00) by extension 'python_setup_py'
[0.231s] Level 1:colcon.colcon_core.package_identification:_identify(results/runs/20260910_160315_kiss_icp_pose_graph_tfm-bag-00) by extensions ['ignore', 'ignore_ament_install']
[0.231s] Level 1:colcon.colcon_core.package_identification:_identify(results/runs/20260910_160315_kiss_icp_pose_graph_tfm-bag-00) by extension 'ignore'
[0.231s] Level 1:colcon.colcon_core.package_identification:_identify(results/runs/20260910_160315_kiss_icp_pose_graph_tfm-bag-00) by extension 'ignore_ament_install'
[0.231s] Level 1:colcon.colcon_core.package_identification:_identify(results/runs/20260910_160315_kiss_icp_pose_graph_tfm-bag-00) by extensions ['colcon_pkg']
[0.231s] Level 1:colcon.colcon_core.package_identification:_identify(results/runs/20260910_160315_kiss_icp_pose_graph_tfm-bag-00) by extension 'colcon_pkg'
[0.231s] Level 1:colcon.colcon_core.package_identification:_identify(results/runs/20260910_160315_kiss_icp_pose_graph_tfm-bag-00) by extensions ['colcon_meta']
[0.231s] Level 1:colcon.colcon_core.package_identification:_identify(results/runs/20260910_160315_kiss_icp_pose_graph_tfm-bag-00) by extension 'colcon_meta'
[0.231s] Level 1:colcon.colcon_core.package_identification:_identify(results/runs/20260910_160315_kiss_icp_pose_graph_tfm-bag-00) by extensions ['ros']
[0.231s] Level 1:colcon.colcon_core.package_identification:_identify(results/runs/20260910_160315_kiss_icp_pose_graph_tfm-bag-00) by extension 'ros'
[0.231s] Level 1:colcon.colcon_core.package_identification:_identify(results/runs/20260910_160315_kiss_icp_pose_graph_tfm-bag-00) by extensions ['cmake', 'python']
[0.231s] Level 1:colcon.colcon_core.package_identification:_identify(results/runs/20260910_160315_kiss_icp_pose_graph_tfm-bag-00) by extension 'cmake'
[0.231s] Level 1:colcon.colcon_core.package_identification:_identify(results/runs/20260910_160315_kiss_icp_pose_graph_tfm-bag-00) by extension 'python'
[0.231s] Level 1:colcon.colcon_core.package_identification:_identify(results/runs/20260910_160315_kiss_icp_pose_graph_tfm-bag-00) by extensions ['python_setup_py']
[0.231s] Level 1:colcon.colcon_core.package_identification:_identify(results/runs/20260910_160315_kiss_icp_pose_graph_tfm-bag-00) by extension 'python_setup_py'
[0.231s] Level 1:colcon.colcon_core.package_identification:_identify(results/runs/20260910_160521_kiss_icp_pose_graph_tfm-bag-00) by extensions ['ignore', 'ignore_ament_install']
[0.231s] Level 1:colcon.colcon_core.package_identification:_identify(results/runs/20260910_160521_kiss_icp_pose_graph_tfm-bag-00) by extension 'ignore'
[0.231s] Level 1:colcon.colcon_core.package_identification:_identify(results/runs/20260910_160521_kiss_icp_pose_graph_tfm-bag-00) by extension 'ignore_ament_install'
[0.231s] Level 1:colcon.colcon_core.package_identification:_identify(results/runs/20260910_160521_kiss_icp_pose_graph_tfm-bag-00) by extensions ['colcon_pkg']
[0.231s] Level 1:colcon.colcon_core.package_identification:_identify(results/runs/20260910_160521_kiss_icp_pose_graph_tfm-bag-00) by extension 'colcon_pkg'
[0.231s] Level 1:colcon.colcon_core.package_identification:_identify(results/runs/20260910_160521_kiss_icp_pose_graph_tfm-bag-00) by extensions ['colcon_meta']
[0.231s] Level 1:colcon.colcon_core.package_identification:_identify(results/runs/20260910_160521_kiss_icp_pose_graph_tfm-bag-00) by extension 'colcon_meta'
[0.231s] Level 1:colcon.colcon_core.package_identification:_identify(results/runs/20260910_160521_kiss_icp_pose_graph_tfm-bag-00) by extensions ['ros']
[0.231s] Level 1:colcon.colcon_core.package_identification:_identify(results/runs/20260910_160521_kiss_icp_pose_graph_tfm-bag-00) by extension 'ros'
[0.231s] Level 1:colcon.colcon_core.package_identification:_identify(results/runs/20260910_160521_kiss_icp_pose_graph_tfm-bag-00) by extensions ['cmake', 'python']
[0.231s] Level 1:colcon.colcon_core.package_identification:_identify(results/runs/20260910_160521_kiss_icp_pose_graph_tfm-bag-00) by extension 'cmake'
[0.231s] Level 1:colcon.colcon_core.package_identification:_identify(results/runs/20260910_160521_kiss_icp_pose_graph_tfm-bag-00) by extension 'python'
[0.231s] Level 1:colcon.colcon_core.package_identification:_identify(results/runs/20260910_160521_kiss_icp_pose_graph_tfm-bag-00) by extensions ['python_setup_py']
[0.231s] Level 1:colcon.colcon_core.package_identification:_identify(results/runs/20260910_160521_kiss_icp_pose_graph_tfm-bag-00) by extension 'python_setup_py'
[0.231s] Level 1:colcon.colcon_core.package_identification:_identify(results/runs/20260910_163600_kiss_icp_pose_graph_tfm-bag-00) by extensions ['ignore', 'ignore_ament_install']
[0.232s] Level 1:colcon.colcon_core.package_identification:_identify(results/runs/20260910_163600_kiss_icp_pose_graph_tfm-bag-00) by extension 'ignore'
[0.232s] Level 1:colcon.colcon_core.package_identification:_identify(results/runs/20260910_163600_kiss_icp_pose_graph_tfm-bag-00) by extension 'ignore_ament_install'
[0.232s] Level 1:colcon.colcon_core.package_identification:_identify(results/runs/20260910_163600_kiss_icp_pose_graph_tfm-bag-00) by extensions ['colcon_pkg']
[0.232s] Level 1:colcon.colcon_core.package_identification:_identify(results/runs/20260910_163600_kiss_icp_pose_graph_tfm-bag-00) by extension 'colcon_pkg'
[0.232s] Level 1:colcon.colcon_core.package_identification:_identify(results/runs/20260910_163600_kiss_icp_pose_graph_tfm-bag-00) by extensions ['colcon_meta']
[0.232s] Level 1:colcon.colcon_core.package_identification:_identify(results/runs/20260910_163600_kiss_icp_pose_graph_tfm-bag-00) by extension 'colcon_meta'
[0.232s] Level 1:colcon.colcon_core.package_identification:_identify(results/runs/20260910_163600_kiss_icp_pose_graph_tfm-bag-00) by extensions ['ros']
[0.232s] Level 1:colcon.colcon_core.package_identification:_identify(results/runs/20260910_163600_kiss_icp_pose_graph_tfm-bag-00) by extension 'ros'
[0.232s] Level 1:colcon.colcon_core.package_identification:_identify(results/runs/20260910_163600_kiss_icp_pose_graph_tfm-bag-00) by extensions ['cmake', 'python']
[0.232s] Level 1:colcon.colcon_core.package_identification:_identify(results/runs/20260910_163600_kiss_icp_pose_graph_tfm-bag-00) by extension 'cmake'
[0.232s] Level 1:colcon.colcon_core.package_identification:_identify(results/runs/20260910_163600_kiss_icp_pose_graph_tfm-bag-00) by extension 'python'
[0.232s] Level 1:colcon.colcon_core.package_identification:_identify(results/runs/20260910_163600_kiss_icp_pose_graph_tfm-bag-00) by extensions ['python_setup_py']
[0.232s] Level 1:colcon.colcon_core.package_identification:_identify(results/runs/20260910_163600_kiss_icp_pose_graph_tfm-bag-00) by extension 'python_setup_py'
[0.232s] Level 1:colcon.colcon_core.package_identification:_identify(results/runs/20260910_164703_kiss_icp_pose_graph_tfm-bag-00) by extensions ['ignore', 'ignore_ament_install']
[0.232s] Level 1:colcon.colcon_core.package_identification:_identify(results/runs/20260910_164703_kiss_icp_pose_graph_tfm-bag-00) by extension 'ignore'
[0.232s] Level 1:colcon.colcon_core.package_identification:_identify(results/runs/20260910_164703_kiss_icp_pose_graph_tfm-bag-00) by extension 'ignore_ament_install'
[0.232s] Level 1:colcon.colcon_core.package_identification:_identify(results/runs/20260910_164703_kiss_icp_pose_graph_tfm-bag-00) by extensions ['colcon_pkg']
[0.232s] Level 1:colcon.colcon_core.package_identification:_identify(results/runs/20260910_164703_kiss_icp_pose_graph_tfm-bag-00) by extension 'colcon_pkg'
[0.232s] Level 1:colcon.colcon_core.package_identification:_identify(results/runs/20260910_164703_kiss_icp_pose_graph_tfm-bag-00) by extensions ['colcon_meta']
[0.232s] Level 1:colcon.colcon_core.package_identification:_identify(results/runs/20260910_164703_kiss_icp_pose_graph_tfm-bag-00) by extension 'colcon_meta'
[0.232s] Level 1:colcon.colcon_core.package_identification:_identify(results/runs/20260910_164703_kiss_icp_pose_graph_tfm-bag-00) by extensions ['ros']
[0.232s] Level 1:colcon.colcon_core.package_identification:_identify(results/runs/20260910_164703_kiss_icp_pose_graph_tfm-bag-00) by extension 'ros'
[0.232s] Level 1:colcon.colcon_core.package_identification:_identify(results/runs/20260910_164703_kiss_icp_pose_graph_tfm-bag-00) by extensions ['cmake', 'python']
[0.232s] Level 1:colcon.colcon_core.package_identification:_identify(results/runs/20260910_164703_kiss_icp_pose_graph_tfm-bag-00) by extension 'cmake'
[0.232s] Level 1:colcon.colcon_core.package_identification:_identify(results/runs/20260910_164703_kiss_icp_pose_graph_tfm-bag-00) by extension 'python'
[0.232s] Level 1:colcon.colcon_core.package_identification:_identify(results/runs/20260910_164703_kiss_icp_pose_graph_tfm-bag-00) by extensions ['python_setup_py']
[0.232s] Level 1:colcon.colcon_core.package_identification:_identify(results/runs/20260910_164703_kiss_icp_pose_graph_tfm-bag-00) by extension 'python_setup_py'
[0.232s] Level 1:colcon.colcon_core.package_identification:_identify(results/runs/20260910_165145_kiss_icp_pose_graph_tfm-bag-00) by extensions ['ignore', 'ignore_ament_install']
[0.232s] Level 1:colcon.colcon_core.package_identification:_identify(results/runs/20260910_165145_kiss_icp_pose_graph_tfm-bag-00) by extension 'ignore'
[0.232s] Level 1:colcon.colcon_core.package_identification:_identify(results/runs/20260910_165145_kiss_icp_pose_graph_tfm-bag-00) by extension 'ignore_ament_install'
[0.232s] Level 1:colcon.colcon_core.package_identification:_identify(results/runs/20260910_165145_kiss_icp_pose_graph_tfm-bag-00) by extensions ['colcon_pkg']
[0.232s] Level 1:colcon.colcon_core.package_identification:_identify(results/runs/20260910_165145_kiss_icp_pose_graph_tfm-bag-00) by extension 'colcon_pkg'
[0.232s] Level 1:colcon.colcon_core.package_identification:_identify(results/runs/20260910_165145_kiss_icp_pose_graph_tfm-bag-00) by extensions ['colcon_meta']
[0.233s] Level 1:colcon.colcon_core.package_identification:_identify(results/runs/20260910_165145_kiss_icp_pose_graph_tfm-bag-00) by extension 'colcon_meta'
[0.233s] Level 1:colcon.colcon_core.package_identification:_identify(results/runs/20260910_165145_kiss_icp_pose_graph_tfm-bag-00) by extensions ['ros']
[0.233s] Level 1:colcon.colcon_core.package_identification:_identify(results/runs/20260910_165145_kiss_icp_pose_graph_tfm-bag-00) by extension 'ros'
[0.233s] Level 1:colcon.colcon_core.package_identification:_identify(results/runs/20260910_165145_kiss_icp_pose_graph_tfm-bag-00) by extensions ['cmake', 'python']
[0.233s] Level 1:colcon.colcon_core.package_identification:_identify(results/runs/20260910_165145_kiss_icp_pose_graph_tfm-bag-00) by extension 'cmake'
[0.233s] Level 1:colcon.colcon_core.package_identification:_identify(results/runs/20260910_165145_kiss_icp_pose_graph_tfm-bag-00) by extension 'python'
[0.233s] Level 1:colcon.colcon_core.package_identification:_identify(results/runs/20260910_165145_kiss_icp_pose_graph_tfm-bag-00) by extensions ['python_setup_py']
[0.233s] Level 1:colcon.colcon_core.package_identification:_identify(results/runs/20260910_165145_kiss_icp_pose_graph_tfm-bag-00) by extension 'python_setup_py'
[0.233s] Level 1:colcon.colcon_core.package_identification:_identify(results/runs/20260910_165443_kiss_icp_pose_graph_tfm-bag-01) by extensions ['ignore', 'ignore_ament_install']
[0.233s] Level 1:colcon.colcon_core.package_identification:_identify(results/runs/20260910_165443_kiss_icp_pose_graph_tfm-bag-01) by extension 'ignore'
[0.233s] Level 1:colcon.colcon_core.package_identification:_identify(results/runs/20260910_165443_kiss_icp_pose_graph_tfm-bag-01) by extension 'ignore_ament_install'
[0.233s] Level 1:colcon.colcon_core.package_identification:_identify(results/runs/20260910_165443_kiss_icp_pose_graph_tfm-bag-01) by extensions ['colcon_pkg']
[0.233s] Level 1:colcon.colcon_core.package_identification:_identify(results/runs/20260910_165443_kiss_icp_pose_graph_tfm-bag-01) by extension 'colcon_pkg'
[0.233s] Level 1:colcon.colcon_core.package_identification:_identify(results/runs/20260910_165443_kiss_icp_pose_graph_tfm-bag-01) by extensions ['colcon_meta']
[0.233s] Level 1:colcon.colcon_core.package_identification:_identify(results/runs/20260910_165443_kiss_icp_pose_graph_tfm-bag-01) by extension 'colcon_meta'
[0.233s] Level 1:colcon.colcon_core.package_identification:_identify(results/runs/20260910_165443_kiss_icp_pose_graph_tfm-bag-01) by extensions ['ros']
[0.233s] Level 1:colcon.colcon_core.package_identification:_identify(results/runs/20260910_165443_kiss_icp_pose_graph_tfm-bag-01) by extension 'ros'
[0.233s] Level 1:colcon.colcon_core.package_identification:_identify(results/runs/20260910_165443_kiss_icp_pose_graph_tfm-bag-01) by extensions ['cmake', 'python']
[0.233s] Level 1:colcon.colcon_core.package_identification:_identify(results/runs/20260910_165443_kiss_icp_pose_graph_tfm-bag-01) by extension 'cmake'
[0.233s] Level 1:colcon.colcon_core.package_identification:_identify(results/runs/20260910_165443_kiss_icp_pose_graph_tfm-bag-01) by extension 'python'
[0.233s] Level 1:colcon.colcon_core.package_identification:_identify(results/runs/20260910_165443_kiss_icp_pose_graph_tfm-bag-01) by extensions ['python_setup_py']
[0.233s] Level 1:colcon.colcon_core.package_identification:_identify(results/runs/20260910_165443_kiss_icp_pose_graph_tfm-bag-01) by extension 'python_setup_py'
[0.233s] Level 1:colcon.colcon_core.package_identification:_identify(results/runs/20260910_165617_kiss_icp_pose_graph_tfm-bag-02) by extensions ['ignore', 'ignore_ament_install']
[0.233s] Level 1:colcon.colcon_core.package_identification:_identify(results/runs/20260910_165617_kiss_icp_pose_graph_tfm-bag-02) by extension 'ignore'
[0.233s] Level 1:colcon.colcon_core.package_identification:_identify(results/runs/20260910_165617_kiss_icp_pose_graph_tfm-bag-02) by extension 'ignore_ament_install'
[0.233s] Level 1:colcon.colcon_core.package_identification:_identify(results/runs/20260910_165617_kiss_icp_pose_graph_tfm-bag-02) by extensions ['colcon_pkg']
[0.233s] Level 1:colcon.colcon_core.package_identification:_identify(results/runs/20260910_165617_kiss_icp_pose_graph_tfm-bag-02) by extension 'colcon_pkg'
[0.233s] Level 1:colcon.colcon_core.package_identification:_identify(results/runs/20260910_165617_kiss_icp_pose_graph_tfm-bag-02) by extensions ['colcon_meta']
[0.233s] Level 1:colcon.colcon_core.package_identification:_identify(results/runs/20260910_165617_kiss_icp_pose_graph_tfm-bag-02) by extension 'colcon_meta'
[0.233s] Level 1:colcon.colcon_core.package_identification:_identify(results/runs/20260910_165617_kiss_icp_pose_graph_tfm-bag-02) by extensions ['ros']
[0.233s] Level 1:colcon.colcon_core.package_identification:_identify(results/runs/20260910_165617_kiss_icp_pose_graph_tfm-bag-02) by extension 'ros'
[0.233s] Level 1:colcon.colcon_core.package_identification:_identify(results/runs/20260910_165617_kiss_icp_pose_graph_tfm-bag-02) by extensions ['cmake', 'python']
[0.233s] Level 1:colcon.colcon_core.package_identification:_identify(results/runs/20260910_165617_kiss_icp_pose_graph_tfm-bag-02) by extension 'cmake'
[0.233s] Level 1:colcon.colcon_core.package_identification:_identify(results/runs/20260910_165617_kiss_icp_pose_graph_tfm-bag-02) by extension 'python'
[0.233s] Level 1:colcon.colcon_core.package_identification:_identify(results/runs/20260910_165617_kiss_icp_pose_graph_tfm-bag-02) by extensions ['python_setup_py']
[0.234s] Level 1:colcon.colcon_core.package_identification:_identify(results/runs/20260910_165617_kiss_icp_pose_graph_tfm-bag-02) by extension 'python_setup_py'
[0.234s] Level 1:colcon.colcon_core.package_identification:_identify(results/runs/20260910_170029_kiss_icp_pose_graph_tfm-bag-02) by extensions ['ignore', 'ignore_ament_install']
[0.234s] Level 1:colcon.colcon_core.package_identification:_identify(results/runs/20260910_170029_kiss_icp_pose_graph_tfm-bag-02) by extension 'ignore'
[0.234s] Level 1:colcon.colcon_core.package_identification:_identify(results/runs/20260910_170029_kiss_icp_pose_graph_tfm-bag-02) by extension 'ignore_ament_install'
[0.234s] Level 1:colcon.colcon_core.package_identification:_identify(results/runs/20260910_170029_kiss_icp_pose_graph_tfm-bag-02) by extensions ['colcon_pkg']
[0.234s] Level 1:colcon.colcon_core.package_identification:_identify(results/runs/20260910_170029_kiss_icp_pose_graph_tfm-bag-02) by extension 'colcon_pkg'
[0.234s] Level 1:colcon.colcon_core.package_identification:_identify(results/runs/20260910_170029_kiss_icp_pose_graph_tfm-bag-02) by extensions ['colcon_meta']
[0.234s] Level 1:colcon.colcon_core.package_identification:_identify(results/runs/20260910_170029_kiss_icp_pose_graph_tfm-bag-02) by extension 'colcon_meta'
[0.234s] Level 1:colcon.colcon_core.package_identification:_identify(results/runs/20260910_170029_kiss_icp_pose_graph_tfm-bag-02) by extensions ['ros']
[0.234s] Level 1:colcon.colcon_core.package_identification:_identify(results/runs/20260910_170029_kiss_icp_pose_graph_tfm-bag-02) by extension 'ros'
[0.234s] Level 1:colcon.colcon_core.package_identification:_identify(results/runs/20260910_170029_kiss_icp_pose_graph_tfm-bag-02) by extensions ['cmake', 'python']
[0.234s] Level 1:colcon.colcon_core.package_identification:_identify(results/runs/20260910_170029_kiss_icp_pose_graph_tfm-bag-02) by extension 'cmake'
[0.234s] Level 1:colcon.colcon_core.package_identification:_identify(results/runs/20260910_170029_kiss_icp_pose_graph_tfm-bag-02) by extension 'python'
[0.234s] Level 1:colcon.colcon_core.package_identification:_identify(results/runs/20260910_170029_kiss_icp_pose_graph_tfm-bag-02) by extensions ['python_setup_py']
[0.234s] Level 1:colcon.colcon_core.package_identification:_identify(results/runs/20260910_170029_kiss_icp_pose_graph_tfm-bag-02) by extension 'python_setup_py'
[0.234s] Level 1:colcon.colcon_core.package_identification:_identify(results/runs/20260910_170349_kiss_icp_pose_graph_tfm-bag-00) by extensions ['ignore', 'ignore_ament_install']
[0.234s] Level 1:colcon.colcon_core.package_identification:_identify(results/runs/20260910_170349_kiss_icp_pose_graph_tfm-bag-00) by extension 'ignore'
[0.234s] Level 1:colcon.colcon_core.package_identification:_identify(results/runs/20260910_170349_kiss_icp_pose_graph_tfm-bag-00) by extension 'ignore_ament_install'
[0.234s] Level 1:colcon.colcon_core.package_identification:_identify(results/runs/20260910_170349_kiss_icp_pose_graph_tfm-bag-00) by extensions ['colcon_pkg']
[0.234s] Level 1:colcon.colcon_core.package_identification:_identify(results/runs/20260910_170349_kiss_icp_pose_graph_tfm-bag-00) by extension 'colcon_pkg'
[0.234s] Level 1:colcon.colcon_core.package_identification:_identify(results/runs/20260910_170349_kiss_icp_pose_graph_tfm-bag-00) by extensions ['colcon_meta']
[0.234s] Level 1:colcon.colcon_core.package_identification:_identify(results/runs/20260910_170349_kiss_icp_pose_graph_tfm-bag-00) by extension 'colcon_meta'
[0.234s] Level 1:colcon.colcon_core.package_identification:_identify(results/runs/20260910_170349_kiss_icp_pose_graph_tfm-bag-00) by extensions ['ros']
[0.234s] Level 1:colcon.colcon_core.package_identification:_identify(results/runs/20260910_170349_kiss_icp_pose_graph_tfm-bag-00) by extension 'ros'
[0.234s] Level 1:colcon.colcon_core.package_identification:_identify(results/runs/20260910_170349_kiss_icp_pose_graph_tfm-bag-00) by extensions ['cmake', 'python']
[0.234s] Level 1:colcon.colcon_core.package_identification:_identify(results/runs/20260910_170349_kiss_icp_pose_graph_tfm-bag-00) by extension 'cmake'
[0.234s] Level 1:colcon.colcon_core.package_identification:_identify(results/runs/20260910_170349_kiss_icp_pose_graph_tfm-bag-00) by extension 'python'
[0.234s] Level 1:colcon.colcon_core.package_identification:_identify(results/runs/20260910_170349_kiss_icp_pose_graph_tfm-bag-00) by extensions ['python_setup_py']
[0.234s] Level 1:colcon.colcon_core.package_identification:_identify(results/runs/20260910_170349_kiss_icp_pose_graph_tfm-bag-00) by extension 'python_setup_py'
[0.234s] Level 1:colcon.colcon_core.package_identification:_identify(results/runs/20260910_170429_kiss_icp_pose_graph_tfm-bag-01) by extensions ['ignore', 'ignore_ament_install']
[0.234s] Level 1:colcon.colcon_core.package_identification:_identify(results/runs/20260910_170429_kiss_icp_pose_graph_tfm-bag-01) by extension 'ignore'
[0.234s] Level 1:colcon.colcon_core.package_identification:_identify(results/runs/20260910_170429_kiss_icp_pose_graph_tfm-bag-01) by extension 'ignore_ament_install'
[0.234s] Level 1:colcon.colcon_core.package_identification:_identify(results/runs/20260910_170429_kiss_icp_pose_graph_tfm-bag-01) by extensions ['colcon_pkg']
[0.234s] Level 1:colcon.colcon_core.package_identification:_identify(results/runs/20260910_170429_kiss_icp_pose_graph_tfm-bag-01) by extension 'colcon_pkg'
[0.235s] Level 1:colcon.colcon_core.package_identification:_identify(results/runs/20260910_170429_kiss_icp_pose_graph_tfm-bag-01) by extensions ['colcon_meta']
[0.235s] Level 1:colcon.colcon_core.package_identification:_identify(results/runs/20260910_170429_kiss_icp_pose_graph_tfm-bag-01) by extension 'colcon_meta'
[0.235s] Level 1:colcon.colcon_core.package_identification:_identify(results/runs/20260910_170429_kiss_icp_pose_graph_tfm-bag-01) by extensions ['ros']
[0.235s] Level 1:colcon.colcon_core.package_identification:_identify(results/runs/20260910_170429_kiss_icp_pose_graph_tfm-bag-01) by extension 'ros'
[0.235s] Level 1:colcon.colcon_core.package_identification:_identify(results/runs/20260910_170429_kiss_icp_pose_graph_tfm-bag-01) by extensions ['cmake', 'python']
[0.235s] Level 1:colcon.colcon_core.package_identification:_identify(results/runs/20260910_170429_kiss_icp_pose_graph_tfm-bag-01) by extension 'cmake'
[0.235s] Level 1:colcon.colcon_core.package_identification:_identify(results/runs/20260910_170429_kiss_icp_pose_graph_tfm-bag-01) by extension 'python'
[0.235s] Level 1:colcon.colcon_core.package_identification:_identify(results/runs/20260910_170429_kiss_icp_pose_graph_tfm-bag-01) by extensions ['python_setup_py']
[0.235s] Level 1:colcon.colcon_core.package_identification:_identify(results/runs/20260910_170429_kiss_icp_pose_graph_tfm-bag-01) by extension 'python_setup_py'
[0.235s] Level 1:colcon.colcon_core.package_identification:_identify(results/runs/20260910_170901_kiss_icp_pose_graph_tfm-bag-01) by extensions ['ignore', 'ignore_ament_install']
[0.235s] Level 1:colcon.colcon_core.package_identification:_identify(results/runs/20260910_170901_kiss_icp_pose_graph_tfm-bag-01) by extension 'ignore'
[0.235s] Level 1:colcon.colcon_core.package_identification:_identify(results/runs/20260910_170901_kiss_icp_pose_graph_tfm-bag-01) by extension 'ignore_ament_install'
[0.235s] Level 1:colcon.colcon_core.package_identification:_identify(results/runs/20260910_170901_kiss_icp_pose_graph_tfm-bag-01) by extensions ['colcon_pkg']
[0.235s] Level 1:colcon.colcon_core.package_identification:_identify(results/runs/20260910_170901_kiss_icp_pose_graph_tfm-bag-01) by extension 'colcon_pkg'
[0.235s] Level 1:colcon.colcon_core.package_identification:_identify(results/runs/20260910_170901_kiss_icp_pose_graph_tfm-bag-01) by extensions ['colcon_meta']
[0.235s] Level 1:colcon.colcon_core.package_identification:_identify(results/runs/20260910_170901_kiss_icp_pose_graph_tfm-bag-01) by extension 'colcon_meta'
[0.235s] Level 1:colcon.colcon_core.package_identification:_identify(results/runs/20260910_170901_kiss_icp_pose_graph_tfm-bag-01) by extensions ['ros']
[0.235s] Level 1:colcon.colcon_core.package_identification:_identify(results/runs/20260910_170901_kiss_icp_pose_graph_tfm-bag-01) by extension 'ros'
[0.235s] Level 1:colcon.colcon_core.package_identification:_identify(results/runs/20260910_170901_kiss_icp_pose_graph_tfm-bag-01) by extensions ['cmake', 'python']
[0.235s] Level 1:colcon.colcon_core.package_identification:_identify(results/runs/20260910_170901_kiss_icp_pose_graph_tfm-bag-01) by extension 'cmake'
[0.235s] Level 1:colcon.colcon_core.package_identification:_identify(results/runs/20260910_170901_kiss_icp_pose_graph_tfm-bag-01) by extension 'python'
[0.235s] Level 1:colcon.colcon_core.package_identification:_identify(results/runs/20260910_170901_kiss_icp_pose_graph_tfm-bag-01) by extensions ['python_setup_py']
[0.235s] Level 1:colcon.colcon_core.package_identification:_identify(results/runs/20260910_170901_kiss_icp_pose_graph_tfm-bag-01) by extension 'python_setup_py'
[0.235s] Level 1:colcon.colcon_core.package_identification:_identify(results/runs/20260910_171004_kiss_icp_pose_graph_tfm-bag-00) by extensions ['ignore', 'ignore_ament_install']
[0.235s] Level 1:colcon.colcon_core.package_identification:_identify(results/runs/20260910_171004_kiss_icp_pose_graph_tfm-bag-00) by extension 'ignore'
[0.235s] Level 1:colcon.colcon_core.package_identification:_identify(results/runs/20260910_171004_kiss_icp_pose_graph_tfm-bag-00) by extension 'ignore_ament_install'
[0.235s] Level 1:colcon.colcon_core.package_identification:_identify(results/runs/20260910_171004_kiss_icp_pose_graph_tfm-bag-00) by extensions ['colcon_pkg']
[0.235s] Level 1:colcon.colcon_core.package_identification:_identify(results/runs/20260910_171004_kiss_icp_pose_graph_tfm-bag-00) by extension 'colcon_pkg'
[0.235s] Level 1:colcon.colcon_core.package_identification:_identify(results/runs/20260910_171004_kiss_icp_pose_graph_tfm-bag-00) by extensions ['colcon_meta']
[0.235s] Level 1:colcon.colcon_core.package_identification:_identify(results/runs/20260910_171004_kiss_icp_pose_graph_tfm-bag-00) by extension 'colcon_meta'
[0.235s] Level 1:colcon.colcon_core.package_identification:_identify(results/runs/20260910_171004_kiss_icp_pose_graph_tfm-bag-00) by extensions ['ros']
[0.235s] Level 1:colcon.colcon_core.package_identification:_identify(results/runs/20260910_171004_kiss_icp_pose_graph_tfm-bag-00) by extension 'ros'
[0.235s] Level 1:colcon.colcon_core.package_identification:_identify(results/runs/20260910_171004_kiss_icp_pose_graph_tfm-bag-00) by extensions ['cmake', 'python']
[0.235s] Level 1:colcon.colcon_core.package_identification:_identify(results/runs/20260910_171004_kiss_icp_pose_graph_tfm-bag-00) by extension 'cmake'
[0.236s] Level 1:colcon.colcon_core.package_identification:_identify(results/runs/20260910_171004_kiss_icp_pose_graph_tfm-bag-00) by extension 'python'
[0.236s] Level 1:colcon.colcon_core.package_identification:_identify(results/runs/20260910_171004_kiss_icp_pose_graph_tfm-bag-00) by extensions ['python_setup_py']
[0.236s] Level 1:colcon.colcon_core.package_identification:_identify(results/runs/20260910_171004_kiss_icp_pose_graph_tfm-bag-00) by extension 'python_setup_py'
[0.236s] Level 1:colcon.colcon_core.package_identification:_identify(results/runs/20260910_171111_kiss_icp_pose_graph_tfm-bag-01) by extensions ['ignore', 'ignore_ament_install']
[0.236s] Level 1:colcon.colcon_core.package_identification:_identify(results/runs/20260910_171111_kiss_icp_pose_graph_tfm-bag-01) by extension 'ignore'
[0.236s] Level 1:colcon.colcon_core.package_identification:_identify(results/runs/20260910_171111_kiss_icp_pose_graph_tfm-bag-01) by extension 'ignore_ament_install'
[0.236s] Level 1:colcon.colcon_core.package_identification:_identify(results/runs/20260910_171111_kiss_icp_pose_graph_tfm-bag-01) by extensions ['colcon_pkg']
[0.236s] Level 1:colcon.colcon_core.package_identification:_identify(results/runs/20260910_171111_kiss_icp_pose_graph_tfm-bag-01) by extension 'colcon_pkg'
[0.236s] Level 1:colcon.colcon_core.package_identification:_identify(results/runs/20260910_171111_kiss_icp_pose_graph_tfm-bag-01) by extensions ['colcon_meta']
[0.236s] Level 1:colcon.colcon_core.package_identification:_identify(results/runs/20260910_171111_kiss_icp_pose_graph_tfm-bag-01) by extension 'colcon_meta'
[0.236s] Level 1:colcon.colcon_core.package_identification:_identify(results/runs/20260910_171111_kiss_icp_pose_graph_tfm-bag-01) by extensions ['ros']
[0.236s] Level 1:colcon.colcon_core.package_identification:_identify(results/runs/20260910_171111_kiss_icp_pose_graph_tfm-bag-01) by extension 'ros'
[0.236s] Level 1:colcon.colcon_core.package_identification:_identify(results/runs/20260910_171111_kiss_icp_pose_graph_tfm-bag-01) by extensions ['cmake', 'python']
[0.236s] Level 1:colcon.colcon_core.package_identification:_identify(results/runs/20260910_171111_kiss_icp_pose_graph_tfm-bag-01) by extension 'cmake'
[0.236s] Level 1:colcon.colcon_core.package_identification:_identify(results/runs/20260910_171111_kiss_icp_pose_graph_tfm-bag-01) by extension 'python'
[0.236s] Level 1:colcon.colcon_core.package_identification:_identify(results/runs/20260910_171111_kiss_icp_pose_graph_tfm-bag-01) by extensions ['python_setup_py']
[0.236s] Level 1:colcon.colcon_core.package_identification:_identify(results/runs/20260910_171111_kiss_icp_pose_graph_tfm-bag-01) by extension 'python_setup_py'
[0.236s] Level 1:colcon.colcon_core.package_identification:_identify(results/runs/20260910_171257_kiss_icp_pose_graph_tfm-bag-01) by extensions ['ignore', 'ignore_ament_install']
[0.236s] Level 1:colcon.colcon_core.package_identification:_identify(results/runs/20260910_171257_kiss_icp_pose_graph_tfm-bag-01) by extension 'ignore'
[0.236s] Level 1:colcon.colcon_core.package_identification:_identify(results/runs/20260910_171257_kiss_icp_pose_graph_tfm-bag-01) by extension 'ignore_ament_install'
[0.236s] Level 1:colcon.colcon_core.package_identification:_identify(results/runs/20260910_171257_kiss_icp_pose_graph_tfm-bag-01) by extensions ['colcon_pkg']
[0.236s] Level 1:colcon.colcon_core.package_identification:_identify(results/runs/20260910_171257_kiss_icp_pose_graph_tfm-bag-01) by extension 'colcon_pkg'
[0.236s] Level 1:colcon.colcon_core.package_identification:_identify(results/runs/20260910_171257_kiss_icp_pose_graph_tfm-bag-01) by extensions ['colcon_meta']
[0.236s] Level 1:colcon.colcon_core.package_identification:_identify(results/runs/20260910_171257_kiss_icp_pose_graph_tfm-bag-01) by extension 'colcon_meta'
[0.236s] Level 1:colcon.colcon_core.package_identification:_identify(results/runs/20260910_171257_kiss_icp_pose_graph_tfm-bag-01) by extensions ['ros']
[0.236s] Level 1:colcon.colcon_core.package_identification:_identify(results/runs/20260910_171257_kiss_icp_pose_graph_tfm-bag-01) by extension 'ros'
[0.236s] Level 1:colcon.colcon_core.package_identification:_identify(results/runs/20260910_171257_kiss_icp_pose_graph_tfm-bag-01) by extensions ['cmake', 'python']
[0.236s] Level 1:colcon.colcon_core.package_identification:_identify(results/runs/20260910_171257_kiss_icp_pose_graph_tfm-bag-01) by extension 'cmake'
[0.236s] Level 1:colcon.colcon_core.package_identification:_identify(results/runs/20260910_171257_kiss_icp_pose_graph_tfm-bag-01) by extension 'python'
[0.236s] Level 1:colcon.colcon_core.package_identification:_identify(results/runs/20260910_171257_kiss_icp_pose_graph_tfm-bag-01) by extensions ['python_setup_py']
[0.236s] Level 1:colcon.colcon_core.package_identification:_identify(results/runs/20260910_171257_kiss_icp_pose_graph_tfm-bag-01) by extension 'python_setup_py'
[0.236s] Level 1:colcon.colcon_core.package_identification:_identify(results/runs/20260910_171728_kiss_icp_pose_graph_tfm-bag-01) by extensions ['ignore', 'ignore_ament_install']
[0.237s] Level 1:colcon.colcon_core.package_identification:_identify(results/runs/20260910_171728_kiss_icp_pose_graph_tfm-bag-01) by extension 'ignore'
[0.237s] Level 1:colcon.colcon_core.package_identification:_identify(results/runs/20260910_171728_kiss_icp_pose_graph_tfm-bag-01) by extension 'ignore_ament_install'
[0.237s] Level 1:colcon.colcon_core.package_identification:_identify(results/runs/20260910_171728_kiss_icp_pose_graph_tfm-bag-01) by extensions ['colcon_pkg']
[0.237s] Level 1:colcon.colcon_core.package_identification:_identify(results/runs/20260910_171728_kiss_icp_pose_graph_tfm-bag-01) by extension 'colcon_pkg'
[0.237s] Level 1:colcon.colcon_core.package_identification:_identify(results/runs/20260910_171728_kiss_icp_pose_graph_tfm-bag-01) by extensions ['colcon_meta']
[0.237s] Level 1:colcon.colcon_core.package_identification:_identify(results/runs/20260910_171728_kiss_icp_pose_graph_tfm-bag-01) by extension 'colcon_meta'
[0.237s] Level 1:colcon.colcon_core.package_identification:_identify(results/runs/20260910_171728_kiss_icp_pose_graph_tfm-bag-01) by extensions ['ros']
[0.237s] Level 1:colcon.colcon_core.package_identification:_identify(results/runs/20260910_171728_kiss_icp_pose_graph_tfm-bag-01) by extension 'ros'
[0.237s] Level 1:colcon.colcon_core.package_identification:_identify(results/runs/20260910_171728_kiss_icp_pose_graph_tfm-bag-01) by extensions ['cmake', 'python']
[0.237s] Level 1:colcon.colcon_core.package_identification:_identify(results/runs/20260910_171728_kiss_icp_pose_graph_tfm-bag-01) by extension 'cmake'
[0.237s] Level 1:colcon.colcon_core.package_identification:_identify(results/runs/20260910_171728_kiss_icp_pose_graph_tfm-bag-01) by extension 'python'
[0.237s] Level 1:colcon.colcon_core.package_identification:_identify(results/runs/20260910_171728_kiss_icp_pose_graph_tfm-bag-01) by extensions ['python_setup_py']
[0.237s] Level 1:colcon.colcon_core.package_identification:_identify(results/runs/20260910_171728_kiss_icp_pose_graph_tfm-bag-01) by extension 'python_setup_py'
[0.237s] Level 1:colcon.colcon_core.package_identification:_identify(results/runs/20260910_172435_kiss_icp_pose_graph_tfm-bag-01) by extensions ['ignore', 'ignore_ament_install']
[0.237s] Level 1:colcon.colcon_core.package_identification:_identify(results/runs/20260910_172435_kiss_icp_pose_graph_tfm-bag-01) by extension 'ignore'
[0.237s] Level 1:colcon.colcon_core.package_identification:_identify(results/runs/20260910_172435_kiss_icp_pose_graph_tfm-bag-01) by extension 'ignore_ament_install'
[0.237s] Level 1:colcon.colcon_core.package_identification:_identify(results/runs/20260910_172435_kiss_icp_pose_graph_tfm-bag-01) by extensions ['colcon_pkg']
[0.237s] Level 1:colcon.colcon_core.package_identification:_identify(results/runs/20260910_172435_kiss_icp_pose_graph_tfm-bag-01) by extension 'colcon_pkg'
[0.237s] Level 1:colcon.colcon_core.package_identification:_identify(results/runs/20260910_172435_kiss_icp_pose_graph_tfm-bag-01) by extensions ['colcon_meta']
[0.237s] Level 1:colcon.colcon_core.package_identification:_identify(results/runs/20260910_172435_kiss_icp_pose_graph_tfm-bag-01) by extension 'colcon_meta'
[0.237s] Level 1:colcon.colcon_core.package_identification:_identify(results/runs/20260910_172435_kiss_icp_pose_graph_tfm-bag-01) by extensions ['ros']
[0.237s] Level 1:colcon.colcon_core.package_identification:_identify(results/runs/20260910_172435_kiss_icp_pose_graph_tfm-bag-01) by extension 'ros'
[0.237s] Level 1:colcon.colcon_core.package_identification:_identify(results/runs/20260910_172435_kiss_icp_pose_graph_tfm-bag-01) by extensions ['cmake', 'python']
[0.237s] Level 1:colcon.colcon_core.package_identification:_identify(results/runs/20260910_172435_kiss_icp_pose_graph_tfm-bag-01) by extension 'cmake'
[0.237s] Level 1:colcon.colcon_core.package_identification:_identify(results/runs/20260910_172435_kiss_icp_pose_graph_tfm-bag-01) by extension 'python'
[0.237s] Level 1:colcon.colcon_core.package_identification:_identify(results/runs/20260910_172435_kiss_icp_pose_graph_tfm-bag-01) by extensions ['python_setup_py']
[0.237s] Level 1:colcon.colcon_core.package_identification:_identify(results/runs/20260910_172435_kiss_icp_pose_graph_tfm-bag-01) by extension 'python_setup_py'
[0.237s] Level 1:colcon.colcon_core.package_identification:_identify(results/runs/20260910_172618_kiss_icp_pose_graph_tfm-bag-01) by extensions ['ignore', 'ignore_ament_install']
[0.237s] Level 1:colcon.colcon_core.package_identification:_identify(results/runs/20260910_172618_kiss_icp_pose_graph_tfm-bag-01) by extension 'ignore'
[0.237s] Level 1:colcon.colcon_core.package_identification:_identify(results/runs/20260910_172618_kiss_icp_pose_graph_tfm-bag-01) by extension 'ignore_ament_install'
[0.237s] Level 1:colcon.colcon_core.package_identification:_identify(results/runs/20260910_172618_kiss_icp_pose_graph_tfm-bag-01) by extensions ['colcon_pkg']
[0.237s] Level 1:colcon.colcon_core.package_identification:_identify(results/runs/20260910_172618_kiss_icp_pose_graph_tfm-bag-01) by extension 'colcon_pkg'
[0.237s] Level 1:colcon.colcon_core.package_identification:_identify(results/runs/20260910_172618_kiss_icp_pose_graph_tfm-bag-01) by extensions ['colcon_meta']
[0.237s] Level 1:colcon.colcon_core.package_identification:_identify(results/runs/20260910_172618_kiss_icp_pose_graph_tfm-bag-01) by extension 'colcon_meta'
[0.237s] Level 1:colcon.colcon_core.package_identification:_identify(results/runs/20260910_172618_kiss_icp_pose_graph_tfm-bag-01) by extensions ['ros']
[0.238s] Level 1:colcon.colcon_core.package_identification:_identify(results/runs/20260910_172618_kiss_icp_pose_graph_tfm-bag-01) by extension 'ros'
[0.238s] Level 1:colcon.colcon_core.package_identification:_identify(results/runs/20260910_172618_kiss_icp_pose_graph_tfm-bag-01) by extensions ['cmake', 'python']
[0.238s] Level 1:colcon.colcon_core.package_identification:_identify(results/runs/20260910_172618_kiss_icp_pose_graph_tfm-bag-01) by extension 'cmake'
[0.238s] Level 1:colcon.colcon_core.package_identification:_identify(results/runs/20260910_172618_kiss_icp_pose_graph_tfm-bag-01) by extension 'python'
[0.238s] Level 1:colcon.colcon_core.package_identification:_identify(results/runs/20260910_172618_kiss_icp_pose_graph_tfm-bag-01) by extensions ['python_setup_py']
[0.238s] Level 1:colcon.colcon_core.package_identification:_identify(results/runs/20260910_172618_kiss_icp_pose_graph_tfm-bag-01) by extension 'python_setup_py'
[0.238s] Level 1:colcon.colcon_core.package_identification:_identify(results/runs/20260910_172700_kiss_icp_pose_graph_tfm-bag-00) by extensions ['ignore', 'ignore_ament_install']
[0.238s] Level 1:colcon.colcon_core.package_identification:_identify(results/runs/20260910_172700_kiss_icp_pose_graph_tfm-bag-00) by extension 'ignore'
[0.238s] Level 1:colcon.colcon_core.package_identification:_identify(results/runs/20260910_172700_kiss_icp_pose_graph_tfm-bag-00) by extension 'ignore_ament_install'
[0.238s] Level 1:colcon.colcon_core.package_identification:_identify(results/runs/20260910_172700_kiss_icp_pose_graph_tfm-bag-00) by extensions ['colcon_pkg']
[0.238s] Level 1:colcon.colcon_core.package_identification:_identify(results/runs/20260910_172700_kiss_icp_pose_graph_tfm-bag-00) by extension 'colcon_pkg'
[0.238s] Level 1:colcon.colcon_core.package_identification:_identify(results/runs/20260910_172700_kiss_icp_pose_graph_tfm-bag-00) by extensions ['colcon_meta']
[0.238s] Level 1:colcon.colcon_core.package_identification:_identify(results/runs/20260910_172700_kiss_icp_pose_graph_tfm-bag-00) by extension 'colcon_meta'
[0.238s] Level 1:colcon.colcon_core.package_identification:_identify(results/runs/20260910_172700_kiss_icp_pose_graph_tfm-bag-00) by extensions ['ros']
[0.238s] Level 1:colcon.colcon_core.package_identification:_identify(results/runs/20260910_172700_kiss_icp_pose_graph_tfm-bag-00) by extension 'ros'
[0.238s] Level 1:colcon.colcon_core.package_identification:_identify(results/runs/20260910_172700_kiss_icp_pose_graph_tfm-bag-00) by extensions ['cmake', 'python']
[0.238s] Level 1:colcon.colcon_core.package_identification:_identify(results/runs/20260910_172700_kiss_icp_pose_graph_tfm-bag-00) by extension 'cmake'
[0.238s] Level 1:colcon.colcon_core.package_identification:_identify(results/runs/20260910_172700_kiss_icp_pose_graph_tfm-bag-00) by extension 'python'
[0.238s] Level 1:colcon.colcon_core.package_identification:_identify(results/runs/20260910_172700_kiss_icp_pose_graph_tfm-bag-00) by extensions ['python_setup_py']
[0.238s] Level 1:colcon.colcon_core.package_identification:_identify(results/runs/20260910_172700_kiss_icp_pose_graph_tfm-bag-00) by extension 'python_setup_py'
[0.238s] Level 1:colcon.colcon_core.package_identification:_identify(results/runs/20260910_173444_kiss_icp_pose_graph_tfm-bag-00) by extensions ['ignore', 'ignore_ament_install']
[0.238s] Level 1:colcon.colcon_core.package_identification:_identify(results/runs/20260910_173444_kiss_icp_pose_graph_tfm-bag-00) by extension 'ignore'
[0.238s] Level 1:colcon.colcon_core.package_identification:_identify(results/runs/20260910_173444_kiss_icp_pose_graph_tfm-bag-00) by extension 'ignore_ament_install'
[0.238s] Level 1:colcon.colcon_core.package_identification:_identify(results/runs/20260910_173444_kiss_icp_pose_graph_tfm-bag-00) by extensions ['colcon_pkg']
[0.238s] Level 1:colcon.colcon_core.package_identification:_identify(results/runs/20260910_173444_kiss_icp_pose_graph_tfm-bag-00) by extension 'colcon_pkg'
[0.238s] Level 1:colcon.colcon_core.package_identification:_identify(results/runs/20260910_173444_kiss_icp_pose_graph_tfm-bag-00) by extensions ['colcon_meta']
[0.238s] Level 1:colcon.colcon_core.package_identification:_identify(results/runs/20260910_173444_kiss_icp_pose_graph_tfm-bag-00) by extension 'colcon_meta'
[0.238s] Level 1:colcon.colcon_core.package_identification:_identify(results/runs/20260910_173444_kiss_icp_pose_graph_tfm-bag-00) by extensions ['ros']
[0.238s] Level 1:colcon.colcon_core.package_identification:_identify(results/runs/20260910_173444_kiss_icp_pose_graph_tfm-bag-00) by extension 'ros'
[0.238s] Level 1:colcon.colcon_core.package_identification:_identify(results/runs/20260910_173444_kiss_icp_pose_graph_tfm-bag-00) by extensions ['cmake', 'python']
[0.238s] Level 1:colcon.colcon_core.package_identification:_identify(results/runs/20260910_173444_kiss_icp_pose_graph_tfm-bag-00) by extension 'cmake'
[0.238s] Level 1:colcon.colcon_core.package_identification:_identify(results/runs/20260910_173444_kiss_icp_pose_graph_tfm-bag-00) by extension 'python'
[0.238s] Level 1:colcon.colcon_core.package_identification:_identify(results/runs/20260910_173444_kiss_icp_pose_graph_tfm-bag-00) by extensions ['python_setup_py']
[0.238s] Level 1:colcon.colcon_core.package_identification:_identify(results/runs/20260910_173444_kiss_icp_pose_graph_tfm-bag-00) by extension 'python_setup_py'
[0.238s] Level 1:colcon.colcon_core.package_identification:_identify(results/runs/20260910_174413_icp_pose_graph_tfm-bag-00) by extensions ['ignore', 'ignore_ament_install']
[0.239s] Level 1:colcon.colcon_core.package_identification:_identify(results/runs/20260910_174413_icp_pose_graph_tfm-bag-00) by extension 'ignore'
[0.239s] Level 1:colcon.colcon_core.package_identification:_identify(results/runs/20260910_174413_icp_pose_graph_tfm-bag-00) by extension 'ignore_ament_install'
[0.239s] Level 1:colcon.colcon_core.package_identification:_identify(results/runs/20260910_174413_icp_pose_graph_tfm-bag-00) by extensions ['colcon_pkg']
[0.239s] Level 1:colcon.colcon_core.package_identification:_identify(results/runs/20260910_174413_icp_pose_graph_tfm-bag-00) by extension 'colcon_pkg'
[0.239s] Level 1:colcon.colcon_core.package_identification:_identify(results/runs/20260910_174413_icp_pose_graph_tfm-bag-00) by extensions ['colcon_meta']
[0.239s] Level 1:colcon.colcon_core.package_identification:_identify(results/runs/20260910_174413_icp_pose_graph_tfm-bag-00) by extension 'colcon_meta'
[0.239s] Level 1:colcon.colcon_core.package_identification:_identify(results/runs/20260910_174413_icp_pose_graph_tfm-bag-00) by extensions ['ros']
[0.239s] Level 1:colcon.colcon_core.package_identification:_identify(results/runs/20260910_174413_icp_pose_graph_tfm-bag-00) by extension 'ros'
[0.239s] Level 1:colcon.colcon_core.package_identification:_identify(results/runs/20260910_174413_icp_pose_graph_tfm-bag-00) by extensions ['cmake', 'python']
[0.239s] Level 1:colcon.colcon_core.package_identification:_identify(results/runs/20260910_174413_icp_pose_graph_tfm-bag-00) by extension 'cmake'
[0.239s] Level 1:colcon.colcon_core.package_identification:_identify(results/runs/20260910_174413_icp_pose_graph_tfm-bag-00) by extension 'python'
[0.239s] Level 1:colcon.colcon_core.package_identification:_identify(results/runs/20260910_174413_icp_pose_graph_tfm-bag-00) by extensions ['python_setup_py']
[0.239s] Level 1:colcon.colcon_core.package_identification:_identify(results/runs/20260910_174413_icp_pose_graph_tfm-bag-00) by extension 'python_setup_py'
[0.239s] Level 1:colcon.colcon_core.package_identification:_identify(results/runs/20260910_175039_fast_lio2_pose_graph_tfm-bag-00) by extensions ['ignore', 'ignore_ament_install']
[0.239s] Level 1:colcon.colcon_core.package_identification:_identify(results/runs/20260910_175039_fast_lio2_pose_graph_tfm-bag-00) by extension 'ignore'
[0.239s] Level 1:colcon.colcon_core.package_identification:_identify(results/runs/20260910_175039_fast_lio2_pose_graph_tfm-bag-00) by extension 'ignore_ament_install'
[0.239s] Level 1:colcon.colcon_core.package_identification:_identify(results/runs/20260910_175039_fast_lio2_pose_graph_tfm-bag-00) by extensions ['colcon_pkg']
[0.239s] Level 1:colcon.colcon_core.package_identification:_identify(results/runs/20260910_175039_fast_lio2_pose_graph_tfm-bag-00) by extension 'colcon_pkg'
[0.239s] Level 1:colcon.colcon_core.package_identification:_identify(results/runs/20260910_175039_fast_lio2_pose_graph_tfm-bag-00) by extensions ['colcon_meta']
[0.239s] Level 1:colcon.colcon_core.package_identification:_identify(results/runs/20260910_175039_fast_lio2_pose_graph_tfm-bag-00) by extension 'colcon_meta'
[0.239s] Level 1:colcon.colcon_core.package_identification:_identify(results/runs/20260910_175039_fast_lio2_pose_graph_tfm-bag-00) by extensions ['ros']
[0.239s] Level 1:colcon.colcon_core.package_identification:_identify(results/runs/20260910_175039_fast_lio2_pose_graph_tfm-bag-00) by extension 'ros'
[0.239s] Level 1:colcon.colcon_core.package_identification:_identify(results/runs/20260910_175039_fast_lio2_pose_graph_tfm-bag-00) by extensions ['cmake', 'python']
[0.239s] Level 1:colcon.colcon_core.package_identification:_identify(results/runs/20260910_175039_fast_lio2_pose_graph_tfm-bag-00) by extension 'cmake'
[0.239s] Level 1:colcon.colcon_core.package_identification:_identify(results/runs/20260910_175039_fast_lio2_pose_graph_tfm-bag-00) by extension 'python'
[0.239s] Level 1:colcon.colcon_core.package_identification:_identify(results/runs/20260910_175039_fast_lio2_pose_graph_tfm-bag-00) by extensions ['python_setup_py']
[0.239s] Level 1:colcon.colcon_core.package_identification:_identify(results/runs/20260910_175039_fast_lio2_pose_graph_tfm-bag-00) by extension 'python_setup_py'
[0.239s] Level 1:colcon.colcon_core.package_identification:_identify(scripts) by extensions ['ignore', 'ignore_ament_install']
[0.239s] Level 1:colcon.colcon_core.package_identification:_identify(scripts) by extension 'ignore'
[0.239s] Level 1:colcon.colcon_core.package_identification:_identify(scripts) by extension 'ignore_ament_install'
[0.239s] Level 1:colcon.colcon_core.package_identification:_identify(scripts) by extensions ['colcon_pkg']
[0.239s] Level 1:colcon.colcon_core.package_identification:_identify(scripts) by extension 'colcon_pkg'
[0.239s] Level 1:colcon.colcon_core.package_identification:_identify(scripts) by extensions ['colcon_meta']
[0.239s] Level 1:colcon.colcon_core.package_identification:_identify(scripts) by extension 'colcon_meta'
[0.239s] Level 1:colcon.colcon_core.package_identification:_identify(scripts) by extensions ['ros']
[0.239s] Level 1:colcon.colcon_core.package_identification:_identify(scripts) by extension 'ros'
[0.240s] Level 1:colcon.colcon_core.package_identification:_identify(scripts) by extensions ['cmake', 'python']
[0.240s] Level 1:colcon.colcon_core.package_identification:_identify(scripts) by extension 'cmake'
[0.240s] Level 1:colcon.colcon_core.package_identification:_identify(scripts) by extension 'python'
[0.240s] Level 1:colcon.colcon_core.package_identification:_identify(scripts) by extensions ['python_setup_py']
[0.240s] Level 1:colcon.colcon_core.package_identification:_identify(scripts) by extension 'python_setup_py'
[0.240s] Level 1:colcon.colcon_core.package_identification:_identify(src) by extensions ['ignore', 'ignore_ament_install']
[0.240s] Level 1:colcon.colcon_core.package_identification:_identify(src) by extension 'ignore'
[0.240s] Level 1:colcon.colcon_core.package_identification:_identify(src) by extension 'ignore_ament_install'
[0.240s] Level 1:colcon.colcon_core.package_identification:_identify(src) by extensions ['colcon_pkg']
[0.240s] Level 1:colcon.colcon_core.package_identification:_identify(src) by extension 'colcon_pkg'
[0.240s] Level 1:colcon.colcon_core.package_identification:_identify(src) by extensions ['colcon_meta']
[0.240s] Level 1:colcon.colcon_core.package_identification:_identify(src) by extension 'colcon_meta'
[0.240s] Level 1:colcon.colcon_core.package_identification:_identify(src) by extensions ['ros']
[0.240s] Level 1:colcon.colcon_core.package_identification:_identify(src) by extension 'ros'
[0.240s] Level 1:colcon.colcon_core.package_identification:_identify(src) by extensions ['cmake', 'python']
[0.240s] Level 1:colcon.colcon_core.package_identification:_identify(src) by extension 'cmake'
[0.240s] Level 1:colcon.colcon_core.package_identification:_identify(src) by extension 'python'
[0.240s] Level 1:colcon.colcon_core.package_identification:_identify(src) by extensions ['python_setup_py']
[0.240s] Level 1:colcon.colcon_core.package_identification:_identify(src) by extension 'python_setup_py'
[0.240s] Level 1:colcon.colcon_core.package_identification:_identify(src/FAST_LIO) by extensions ['ignore', 'ignore_ament_install']
[0.240s] Level 1:colcon.colcon_core.package_identification:_identify(src/FAST_LIO) by extension 'ignore'
[0.240s] Level 1:colcon.colcon_core.package_identification:_identify(src/FAST_LIO) by extension 'ignore_ament_install'
[0.240s] Level 1:colcon.colcon_core.package_identification:_identify(src/FAST_LIO) by extensions ['colcon_pkg']
[0.240s] Level 1:colcon.colcon_core.package_identification:_identify(src/FAST_LIO) by extension 'colcon_pkg'
[0.240s] Level 1:colcon.colcon_core.package_identification:_identify(src/FAST_LIO) by extensions ['colcon_meta']
[0.240s] Level 1:colcon.colcon_core.package_identification:_identify(src/FAST_LIO) by extension 'colcon_meta'
[0.240s] Level 1:colcon.colcon_core.package_identification:_identify(src/FAST_LIO) by extensions ['ros']
[0.240s] Level 1:colcon.colcon_core.package_identification:_identify(src/FAST_LIO) by extension 'ros'
[0.242s] DEBUG:colcon.colcon_core.package_identification:Package 'src/FAST_LIO' with type 'ros.ament_cmake' and name 'fast_lio'
[0.242s] Level 1:colcon.colcon_core.package_identification:_identify(src/g1_lidar_odometry) by extensions ['ignore', 'ignore_ament_install']
[0.243s] Level 1:colcon.colcon_core.package_identification:_identify(src/g1_lidar_odometry) by extension 'ignore'
[0.243s] Level 1:colcon.colcon_core.package_identification:_identify(src/g1_lidar_odometry) by extension 'ignore_ament_install'
[0.243s] Level 1:colcon.colcon_core.package_identification:_identify(src/g1_lidar_odometry) by extensions ['colcon_pkg']
[0.243s] Level 1:colcon.colcon_core.package_identification:_identify(src/g1_lidar_odometry) by extension 'colcon_pkg'
[0.243s] Level 1:colcon.colcon_core.package_identification:_identify(src/g1_lidar_odometry) by extensions ['colcon_meta']
[0.243s] Level 1:colcon.colcon_core.package_identification:_identify(src/g1_lidar_odometry) by extension 'colcon_meta'
[0.243s] Level 1:colcon.colcon_core.package_identification:_identify(src/g1_lidar_odometry) by extensions ['ros']
[0.243s] Level 1:colcon.colcon_core.package_identification:_identify(src/g1_lidar_odometry) by extension 'ros'
[0.243s] DEBUG:colcon.colcon_core.package_identification:Package 'src/g1_lidar_odometry' with type 'ros.ament_python' and name 'g1_lidar_odometry'
[0.243s] Level 1:colcon.colcon_core.package_identification:_identify(src/kiss-icp) by extensions ['ignore', 'ignore_ament_install']
[0.243s] Level 1:colcon.colcon_core.package_identification:_identify(src/kiss-icp) by extension 'ignore'
[0.243s] Level 1:colcon.colcon_core.package_identification:_identify(src/kiss-icp) by extension 'ignore_ament_install'
[0.243s] Level 1:colcon.colcon_core.package_identification:_identify(src/kiss-icp) by extensions ['colcon_pkg']
[0.243s] Level 1:colcon.colcon_core.package_identification:_identify(src/kiss-icp) by extension 'colcon_pkg'
[0.243s] Level 1:colcon.colcon_core.package_identification:_identify(src/kiss-icp) by extensions ['colcon_meta']
[0.243s] Level 1:colcon.colcon_core.package_identification:_identify(src/kiss-icp) by extension 'colcon_meta'
[0.243s] Level 1:colcon.colcon_core.package_identification:_identify(src/kiss-icp) by extensions ['ros']
[0.243s] Level 1:colcon.colcon_core.package_identification:_identify(src/kiss-icp) by extension 'ros'
[0.243s] Level 1:colcon.colcon_core.package_identification:_identify(src/kiss-icp) by extensions ['cmake', 'python']
[0.244s] Level 1:colcon.colcon_core.package_identification:_identify(src/kiss-icp) by extension 'cmake'
[0.244s] Level 1:colcon.colcon_core.package_identification:_identify(src/kiss-icp) by extension 'python'
[0.244s] Level 1:colcon.colcon_core.package_identification:_identify(src/kiss-icp) by extensions ['python_setup_py']
[0.244s] Level 1:colcon.colcon_core.package_identification:_identify(src/kiss-icp) by extension 'python_setup_py'
[0.244s] Level 1:colcon.colcon_core.package_identification:_identify(src/kiss-icp/cpp) by extensions ['ignore', 'ignore_ament_install']
[0.244s] Level 1:colcon.colcon_core.package_identification:_identify(src/kiss-icp/cpp) by extension 'ignore'
[0.244s] Level 1:colcon.colcon_core.package_identification:_identify(src/kiss-icp/cpp) ignored
[0.244s] Level 1:colcon.colcon_core.package_identification:_identify(src/kiss-icp/ros) by extensions ['ignore', 'ignore_ament_install']
[0.244s] Level 1:colcon.colcon_core.package_identification:_identify(src/kiss-icp/ros) by extension 'ignore'
[0.244s] Level 1:colcon.colcon_core.package_identification:_identify(src/kiss-icp/ros) by extension 'ignore_ament_install'
[0.244s] Level 1:colcon.colcon_core.package_identification:_identify(src/kiss-icp/ros) by extensions ['colcon_pkg']
[0.244s] Level 1:colcon.colcon_core.package_identification:_identify(src/kiss-icp/ros) by extension 'colcon_pkg'
[0.244s] Level 1:colcon.colcon_core.package_identification:_identify(src/kiss-icp/ros) by extensions ['colcon_meta']
[0.244s] Level 1:colcon.colcon_core.package_identification:_identify(src/kiss-icp/ros) by extension 'colcon_meta'
[0.244s] Level 1:colcon.colcon_core.package_identification:_identify(src/kiss-icp/ros) by extensions ['ros']
[0.244s] Level 1:colcon.colcon_core.package_identification:_identify(src/kiss-icp/ros) by extension 'ros'
[0.245s] DEBUG:colcon.colcon_core.package_identification:Package 'src/kiss-icp/ros' with type 'ros.ament_cmake' and name 'kiss_icp'
[0.245s] Level 1:colcon.colcon_core.package_identification:_identify(src/livox_ros_driver2_interfaces_shim) by extensions ['ignore', 'ignore_ament_install']
[0.245s] Level 1:colcon.colcon_core.package_identification:_identify(src/livox_ros_driver2_interfaces_shim) by extension 'ignore'
[0.245s] Level 1:colcon.colcon_core.package_identification:_identify(src/livox_ros_driver2_interfaces_shim) by extension 'ignore_ament_install'
[0.245s] Level 1:colcon.colcon_core.package_identification:_identify(src/livox_ros_driver2_interfaces_shim) by extensions ['colcon_pkg']
[0.245s] Level 1:colcon.colcon_core.package_identification:_identify(src/livox_ros_driver2_interfaces_shim) by extension 'colcon_pkg'
[0.245s] Level 1:colcon.colcon_core.package_identification:_identify(src/livox_ros_driver2_interfaces_shim) by extensions ['colcon_meta']
[0.245s] Level 1:colcon.colcon_core.package_identification:_identify(src/livox_ros_driver2_interfaces_shim) by extension 'colcon_meta'
[0.245s] Level 1:colcon.colcon_core.package_identification:_identify(src/livox_ros_driver2_interfaces_shim) by extensions ['ros']
[0.245s] Level 1:colcon.colcon_core.package_identification:_identify(src/livox_ros_driver2_interfaces_shim) by extension 'ros'
[0.246s] DEBUG:colcon.colcon_core.package_identification:Package 'src/livox_ros_driver2_interfaces_shim' with type 'ros.ament_cmake' and name 'livox_ros_driver2'
[0.246s] Level 1:colcon.colcon_core.package_discovery:discover_packages(recursive) using defaults
[0.246s] Level 1:colcon.colcon_core.package_discovery:discover_packages(ignore) discover
[0.246s] Level 1:colcon.colcon_core.package_discovery:discover_packages(ignore) using defaults
[0.246s] Level 1:colcon.colcon_core.package_discovery:discover_packages(path) discover
[0.246s] Level 1:colcon.colcon_core.package_discovery:discover_packages(path) using defaults
[0.267s] INFO:colcon.colcon_core.package_selection:Skipping package 'kiss_icp' in 'src/kiss-icp/ros'
[0.267s] INFO:colcon.colcon_core.package_selection:Skipping package 'g1_lidar_odometry' in 'src/g1_lidar_odometry'
[0.267s] Level 1:colcon.colcon_core.package_discovery:discover_packages(prefix_path) check parameters
[0.267s] Level 1:colcon.colcon_core.package_discovery:discover_packages(prefix_path) discover
[0.269s] DEBUG:colcon.colcon_installed_package_information.package_discovery:Found 281 installed packages in /opt/ros/humble
[0.270s] Level 1:colcon.colcon_core.package_discovery:discover_packages(prefix_path) using defaults
[0.297s] Level 5:colcon.colcon_core.verb:set package 'livox_ros_driver2' build argument 'cmake_args' from command line to '['-DCMAKE_BUILD_TYPE=Release']'
[0.297s] Level 5:colcon.colcon_core.verb:set package 'livox_ros_driver2' build argument 'cmake_target' from command line to 'None'
[0.297s] Level 5:colcon.colcon_core.verb:set package 'livox_ros_driver2' build argument 'cmake_target_skip_unavailable' from command line to 'False'
[0.297s] Level 5:colcon.colcon_core.verb:set package 'livox_ros_driver2' build argument 'cmake_clean_cache' from command line to 'False'
[0.297s] Level 5:colcon.colcon_core.verb:set package 'livox_ros_driver2' build argument 'cmake_clean_first' from command line to 'False'
[0.297s] Level 5:colcon.colcon_core.verb:set package 'livox_ros_driver2' build argument 'cmake_force_configure' from command line to 'False'
[0.297s] Level 5:colcon.colcon_core.verb:set package 'livox_ros_driver2' build argument 'ament_cmake_args' from command line to 'None'
[0.297s] Level 5:colcon.colcon_core.verb:set package 'livox_ros_driver2' build argument 'catkin_cmake_args' from command line to 'None'
[0.297s] Level 5:colcon.colcon_core.verb:set package 'livox_ros_driver2' build argument 'catkin_skip_building_tests' from command line to 'False'
[0.297s] DEBUG:colcon.colcon_core.verb:Building package 'livox_ros_driver2' with the following arguments: {'ament_cmake_args': None, 'build_base': '/home/ugiviag1/Documents/TFM-Miquel_Reynes/Follower_Project/robot-internal-files/robot-slam/build/livox_ros_driver2', 'catkin_cmake_args': None, 'catkin_skip_building_tests': False, 'cmake_args': ['-DCMAKE_BUILD_TYPE=Release'], 'cmake_clean_cache': False, 'cmake_clean_first': False, 'cmake_force_configure': False, 'cmake_target': None, 'cmake_target_skip_unavailable': False, 'install_base': '/home/ugiviag1/Documents/TFM-Miquel_Reynes/Follower_Project/robot-internal-files/robot-slam/install/livox_ros_driver2', 'merge_install': False, 'path': '/home/ugiviag1/Documents/TFM-Miquel_Reynes/Follower_Project/robot-internal-files/robot-slam/src/livox_ros_driver2_interfaces_shim', 'symlink_install': True, 'test_result_base': None}
[0.297s] Level 5:colcon.colcon_core.verb:set package 'fast_lio' build argument 'cmake_args' from command line to '['-DCMAKE_BUILD_TYPE=Release']'
[0.297s] Level 5:colcon.colcon_core.verb:set package 'fast_lio' build argument 'cmake_target' from command line to 'None'
[0.297s] Level 5:colcon.colcon_core.verb:set package 'fast_lio' build argument 'cmake_target_skip_unavailable' from command line to 'False'
[0.297s] Level 5:colcon.colcon_core.verb:set package 'fast_lio' build argument 'cmake_clean_cache' from command line to 'False'
[0.297s] Level 5:colcon.colcon_core.verb:set package 'fast_lio' build argument 'cmake_clean_first' from command line to 'False'
[0.297s] Level 5:colcon.colcon_core.verb:set package 'fast_lio' build argument 'cmake_force_configure' from command line to 'False'
[0.297s] Level 5:colcon.colcon_core.verb:set package 'fast_lio' build argument 'ament_cmake_args' from command line to 'None'
[0.297s] Level 5:colcon.colcon_core.verb:set package 'fast_lio' build argument 'catkin_cmake_args' from command line to 'None'
[0.297s] Level 5:colcon.colcon_core.verb:set package 'fast_lio' build argument 'catkin_skip_building_tests' from command line to 'False'
[0.297s] DEBUG:colcon.colcon_core.verb:Building package 'fast_lio' with the following arguments: {'ament_cmake_args': None, 'build_base': '/home/ugiviag1/Documents/TFM-Miquel_Reynes/Follower_Project/robot-internal-files/robot-slam/build/fast_lio', 'catkin_cmake_args': None, 'catkin_skip_building_tests': False, 'cmake_args': ['-DCMAKE_BUILD_TYPE=Release'], 'cmake_clean_cache': False, 'cmake_clean_first': False, 'cmake_force_configure': False, 'cmake_target': None, 'cmake_target_skip_unavailable': False, 'install_base': '/home/ugiviag1/Documents/TFM-Miquel_Reynes/Follower_Project/robot-internal-files/robot-slam/install/fast_lio', 'merge_install': False, 'path': '/home/ugiviag1/Documents/TFM-Miquel_Reynes/Follower_Project/robot-internal-files/robot-slam/src/FAST_LIO', 'symlink_install': True, 'test_result_base': None}
[0.297s] INFO:colcon.colcon_core.executor:Executing jobs using 'parallel' executor
[0.298s] DEBUG:colcon.colcon_parallel_executor.executor.parallel:run_until_complete
[0.298s] INFO:colcon.colcon_ros.task.ament_cmake.build:Building ROS package in '/home/ugiviag1/Documents/TFM-Miquel_Reynes/Follower_Project/robot-internal-files/robot-slam/src/livox_ros_driver2_interfaces_shim' with build type 'ament_cmake'
[0.298s] INFO:colcon.colcon_cmake.task.cmake.build:Building CMake package in '/home/ugiviag1/Documents/TFM-Miquel_Reynes/Follower_Project/robot-internal-files/robot-slam/src/livox_ros_driver2_interfaces_shim'
[0.300s] INFO:colcon.colcon_core.plugin_system:Skipping extension 'colcon_core.shell.bat': Not used on non-Windows systems
[0.300s] INFO:colcon.colcon_core.shell:Skip shell extension 'powershell' for command environment: Not usable outside of PowerShell
[0.300s] DEBUG:colcon.colcon_core.shell:Skip shell extension 'dsv' for command environment
[0.308s] DEBUG:colcon.colcon_core.event_handler.log_command:Invoking command in '/home/ugiviag1/Documents/TFM-Miquel_Reynes/Follower_Project/robot-internal-files/robot-slam/build/livox_ros_driver2': CMAKE_PREFIX_PATH=/opt/ros/humble /usr/bin/cmake --build /home/ugiviag1/Documents/TFM-Miquel_Reynes/Follower_Project/robot-internal-files/robot-slam/build/livox_ros_driver2 -- -j32 -l32
[0.530s] DEBUG:colcon.colcon_core.event_handler.log_command:Invoked command in '/home/ugiviag1/Documents/TFM-Miquel_Reynes/Follower_Project/robot-internal-files/robot-slam/build/livox_ros_driver2' returned '2': CMAKE_PREFIX_PATH=/opt/ros/humble /usr/bin/cmake --build /home/ugiviag1/Documents/TFM-Miquel_Reynes/Follower_Project/robot-internal-files/robot-slam/build/livox_ros_driver2 -- -j32 -l32
[0.530s] Level 1:colcon.colcon_core.environment:create_environment_scripts_only(livox_ros_driver2)
[0.532s] Level 1:colcon.colcon_core.environment:checking '/home/ugiviag1/Documents/TFM-Miquel_Reynes/Follower_Project/robot-internal-files/robot-slam/install/livox_ros_driver2' for CMake module files
[0.532s] Level 1:colcon.colcon_core.environment:checking '/home/ugiviag1/Documents/TFM-Miquel_Reynes/Follower_Project/robot-internal-files/robot-slam/install/livox_ros_driver2' for CMake config files
[0.533s] Level 1:colcon.colcon_core.environment:checking '/home/ugiviag1/Documents/TFM-Miquel_Reynes/Follower_Project/robot-internal-files/robot-slam/install/livox_ros_driver2/bin'
[0.533s] Level 1:colcon.colcon_core.environment:checking '/home/ugiviag1/Documents/TFM-Miquel_Reynes/Follower_Project/robot-internal-files/robot-slam/install/livox_ros_driver2/lib/pkgconfig/livox_ros_driver2.pc'
[0.533s] Level 1:colcon.colcon_core.environment:checking '/home/ugiviag1/Documents/TFM-Miquel_Reynes/Follower_Project/robot-internal-files/robot-slam/install/livox_ros_driver2/lib/python3.10/site-packages'
[0.533s] Level 1:colcon.colcon_core.environment:checking '/home/ugiviag1/Documents/TFM-Miquel_Reynes/Follower_Project/robot-internal-files/robot-slam/install/livox_ros_driver2/bin'
[0.533s] INFO:colcon.colcon_core.shell:Creating package script '/home/ugiviag1/Documents/TFM-Miquel_Reynes/Follower_Project/robot-internal-files/robot-slam/install/livox_ros_driver2/share/livox_ros_driver2/package.ps1'
[0.534s] INFO:colcon.colcon_core.shell:Creating package descriptor '/home/ugiviag1/Documents/TFM-Miquel_Reynes/Follower_Project/robot-internal-files/robot-slam/install/livox_ros_driver2/share/livox_ros_driver2/package.dsv'
[0.534s] INFO:colcon.colcon_core.shell:Creating package script '/home/ugiviag1/Documents/TFM-Miquel_Reynes/Follower_Project/robot-internal-files/robot-slam/install/livox_ros_driver2/share/livox_ros_driver2/package.sh'
[0.535s] INFO:colcon.colcon_core.shell:Creating package script '/home/ugiviag1/Documents/TFM-Miquel_Reynes/Follower_Project/robot-internal-files/robot-slam/install/livox_ros_driver2/share/livox_ros_driver2/package.bash'
[0.535s] INFO:colcon.colcon_core.shell:Creating package script '/home/ugiviag1/Documents/TFM-Miquel_Reynes/Follower_Project/robot-internal-files/robot-slam/install/livox_ros_driver2/share/livox_ros_driver2/package.zsh'
[0.536s] Level 1:colcon.colcon_core.environment:create_file_with_runtime_dependencies(/home/ugiviag1/Documents/TFM-Miquel_Reynes/Follower_Project/robot-internal-files/robot-slam/install/livox_ros_driver2/share/colcon-core/packages/livox_ros_driver2)
[0.546s] DEBUG:colcon.colcon_parallel_executor.executor.parallel:closing loop
[0.546s] DEBUG:colcon.colcon_parallel_executor.executor.parallel:loop closed
[0.546s] DEBUG:colcon.colcon_parallel_executor.executor.parallel:run_until_complete finished with '2'
[0.546s] DEBUG:colcon.colcon_core.event_reactor:joining thread
[0.550s] INFO:colcon.colcon_core.plugin_system:Skipping extension 'colcon_notification.desktop_notification.terminal_notifier': Not used on non-Darwin systems
[0.551s] INFO:colcon.colcon_core.plugin_system:Skipping extension 'colcon_notification.desktop_notification.win32': Not used on non-Windows systems
[0.551s] INFO:colcon.colcon_notification.desktop_notification:Sending desktop notification using 'notify2'
[0.558s] DEBUG:colcon.colcon_core.event_reactor:joined thread
[0.558s] INFO:colcon.colcon_core.shell:Creating prefix script '/home/ugiviag1/Documents/TFM-Miquel_Reynes/Follower_Project/robot-internal-files/robot-slam/install/local_setup.ps1'
[0.559s] INFO:colcon.colcon_core.shell:Creating prefix util module '/home/ugiviag1/Documents/TFM-Miquel_Reynes/Follower_Project/robot-internal-files/robot-slam/install/_local_setup_util_ps1.py'
[0.560s] INFO:colcon.colcon_core.shell:Creating prefix chain script '/home/ugiviag1/Documents/TFM-Miquel_Reynes/Follower_Project/robot-internal-files/robot-slam/install/setup.ps1'
[0.560s] INFO:colcon.colcon_core.shell:Creating prefix script '/home/ugiviag1/Documents/TFM-Miquel_Reynes/Follower_Project/robot-internal-files/robot-slam/install/local_setup.sh'
[0.561s] INFO:colcon.colcon_core.shell:Creating prefix util module '/home/ugiviag1/Documents/TFM-Miquel_Reynes/Follower_Project/robot-internal-files/robot-slam/install/_local_setup_util_sh.py'
[0.561s] INFO:colcon.colcon_core.shell:Creating prefix chain script '/home/ugiviag1/Documents/TFM-Miquel_Reynes/Follower_Project/robot-internal-files/robot-slam/install/setup.sh'
[0.562s] INFO:colcon.colcon_core.shell:Creating prefix script '/home/ugiviag1/Documents/TFM-Miquel_Reynes/Follower_Project/robot-internal-files/robot-slam/install/local_setup.bash'
[0.562s] INFO:colcon.colcon_core.shell:Creating prefix chain script '/home/ugiviag1/Documents/TFM-Miquel_Reynes/Follower_Project/robot-internal-files/robot-slam/install/setup.bash'
[0.562s] INFO:colcon.colcon_core.shell:Creating prefix script '/home/ugiviag1/Documents/TFM-Miquel_Reynes/Follower_Project/robot-internal-files/robot-slam/install/local_setup.zsh'
[0.563s] INFO:colcon.colcon_core.shell:Creating prefix chain script '/home/ugiviag1/Documents/TFM-Miquel_Reynes/Follower_Project/robot-internal-files/robot-slam/install/setup.zsh'
